# Blender 5.2.0 LTS
# www.blender.org
v -0.000661 0.014632 -0.086000
v 0.000000 0.013854 -0.090500
v 0.000000 0.014713 -0.086000
v -0.001314 0.014391 -0.086000
v -0.000623 0.013779 -0.090500
v -0.001953 0.013993 -0.086000
v -0.001239 0.013552 -0.090500
v -0.002571 0.013441 -0.086000
v -0.001842 0.013176 -0.090500
v -0.003161 0.012742 -0.086000
v -0.002424 0.012657 -0.090500
v -0.003715 0.011903 -0.086000
v -0.002980 0.011998 -0.090500
v -0.004230 0.010934 -0.086000
v -0.003503 0.011208 -0.090500
v -0.004697 0.009845 -0.086000
v -0.003988 0.010296 -0.090500
v -0.005114 0.008648 -0.086000
v -0.004429 0.009270 -0.090500
v -0.005474 0.007356 -0.086000
v -0.004821 0.008143 -0.090500
v -0.005775 0.005984 -0.086000
v -0.005161 0.006927 -0.090500
v -0.006012 0.004547 -0.086000
v -0.005444 0.005635 -0.090500
v -0.006183 0.003059 -0.086000
v -0.005668 0.004281 -0.090500
v -0.006286 0.001538 -0.086000
v -0.005829 0.002880 -0.090500
v -0.006321 -0.000000 -0.086000
v -0.005927 0.001448 -0.090500
v -0.005927 -0.001860 -0.090500
v -0.005959 -0.000000 -0.090500
v -0.006286 -0.002087 -0.086000
v -0.005829 -0.003699 -0.090500
v -0.006183 -0.004151 -0.086000
v -0.005668 -0.005498 -0.090500
v -0.006012 -0.006170 -0.086000
v -0.005444 -0.007236 -0.090500
v -0.005775 -0.008122 -0.086000
v -0.005161 -0.008896 -0.090500
v -0.005474 -0.009984 -0.086000
v -0.004821 -0.010457 -0.090500
v -0.005114 -0.011737 -0.086000
v -0.004429 -0.011905 -0.090500
v -0.004697 -0.013361 -0.086000
v -0.003988 -0.013221 -0.090500
v -0.004230 -0.014839 -0.086000
v -0.003503 -0.014393 -0.090500
v -0.003715 -0.016154 -0.086000
v -0.002980 -0.015408 -0.090500
v -0.003161 -0.017292 -0.086000
v -0.002424 -0.016253 -0.090500
v -0.002571 -0.018241 -0.086000
v -0.001842 -0.016920 -0.090500
v -0.001953 -0.018990 -0.086000
v -0.001239 -0.017402 -0.090500
v -0.001314 -0.019531 -0.086000
v -0.000623 -0.017694 -0.090500
v -0.000661 -0.019858 -0.086000
v 0.000000 -0.017791 -0.090500
v 0.000661 -0.019858 -0.086000
v 0.000000 -0.019968 -0.086000
v 0.001314 -0.019531 -0.086000
v 0.000623 -0.017694 -0.090500
v 0.001953 -0.018990 -0.086000
v 0.001239 -0.017402 -0.090500
v 0.002571 -0.018241 -0.086000
v 0.001842 -0.016920 -0.090500
v 0.003161 -0.017292 -0.086000
v 0.002424 -0.016253 -0.090500
v 0.003715 -0.016154 -0.086000
v 0.002980 -0.015408 -0.090500
v 0.004230 -0.014839 -0.086000
v 0.003503 -0.014393 -0.090500
v 0.004697 -0.013361 -0.086000
v 0.003988 -0.013221 -0.090500
v 0.005114 -0.011737 -0.086000
v 0.004429 -0.011905 -0.090500
v 0.005474 -0.009984 -0.086000
v 0.004821 -0.010457 -0.090500
v 0.005775 -0.008122 -0.086000
v 0.005161 -0.008896 -0.090500
v 0.006012 -0.006170 -0.086000
v 0.005444 -0.007236 -0.090500
v 0.006183 -0.004151 -0.086000
v 0.005668 -0.005498 -0.090500
v 0.006286 -0.002087 -0.086000
v 0.005829 -0.003699 -0.090500
v 0.006321 -0.000000 -0.086000
v 0.005927 -0.001860 -0.090500
v 0.005927 0.001448 -0.090500
v 0.005959 -0.000000 -0.090500
v 0.006286 0.001538 -0.086000
v 0.005829 0.002880 -0.090500
v 0.006183 0.003059 -0.086000
v 0.005668 0.004281 -0.090500
v 0.006012 0.004547 -0.086000
v 0.005444 0.005635 -0.090500
v 0.005775 0.005984 -0.086000
v 0.005161 0.006927 -0.090500
v 0.005474 0.007356 -0.086000
v 0.004821 0.008143 -0.090500
v 0.005114 0.008648 -0.086000
v 0.004429 0.009270 -0.090500
v 0.004697 0.009845 -0.086000
v 0.003988 0.010296 -0.090500
v 0.004230 0.010934 -0.086000
v 0.003503 0.011208 -0.090500
v 0.003715 0.011903 -0.086000
v 0.002980 0.011998 -0.090500
v 0.003161 0.012742 -0.086000
v 0.002424 0.012657 -0.090500
v 0.002571 0.013441 -0.086000
v 0.001842 0.013176 -0.090500
v 0.001953 0.013993 -0.086000
v 0.001239 0.013552 -0.090500
v 0.001314 0.014391 -0.086000
v 0.000623 0.013779 -0.090500
v 0.000661 0.014632 -0.086000
v 0.000000 0.013077 -0.095000
v -0.000592 0.013005 -0.095000
v -0.001178 0.012791 -0.095000
v -0.001752 0.012437 -0.095000
v -0.002305 0.011946 -0.095000
v -0.002834 0.011325 -0.095000
v -0.003332 0.010579 -0.095000
v -0.003793 0.009718 -0.095000
v -0.004212 0.008750 -0.095000
v -0.004586 0.007686 -0.095000
v -0.004909 0.006538 -0.095000
v -0.005178 0.005319 -0.095000
v -0.005391 0.004041 -0.095000
v -0.005544 0.002719 -0.095000
v -0.005637 0.001367 -0.095000
v -0.005637 -0.001648 -0.095000
v -0.005668 -0.000000 -0.095000
v -0.005544 -0.003278 -0.095000
v -0.005391 -0.004872 -0.095000
v -0.005178 -0.006412 -0.095000
v -0.004909 -0.007882 -0.095000
v -0.004586 -0.009266 -0.095000
v -0.004212 -0.010549 -0.095000
v -0.003793 -0.011716 -0.095000
v -0.003332 -0.012754 -0.095000
v -0.002834 -0.013653 -0.095000
v -0.002305 -0.014402 -0.095000
v -0.001752 -0.014993 -0.095000
v -0.001178 -0.015420 -0.095000
v -0.000592 -0.015678 -0.095000
v 0.000000 -0.015765 -0.095000
v 0.000592 -0.015678 -0.095000
v 0.001178 -0.015420 -0.095000
v 0.001752 -0.014993 -0.095000
v 0.002305 -0.014402 -0.095000
v 0.002834 -0.013653 -0.095000
v 0.003332 -0.012754 -0.095000
v 0.003793 -0.011716 -0.095000
v 0.004212 -0.010549 -0.095000
v 0.004586 -0.009266 -0.095000
v 0.004909 -0.007882 -0.095000
v 0.005178 -0.006412 -0.095000
v 0.005391 -0.004872 -0.095000
v 0.005544 -0.003278 -0.095000
v 0.005637 -0.001648 -0.095000
v 0.005637 0.001367 -0.095000
v 0.005668 -0.000000 -0.095000
v 0.005544 0.002719 -0.095000
v 0.005391 0.004041 -0.095000
v 0.005178 0.005319 -0.095000
v 0.004909 0.006538 -0.095000
v 0.004586 0.007686 -0.095000
v 0.004212 0.008750 -0.095000
v 0.003793 0.009718 -0.095000
v 0.003332 0.010579 -0.095000
v 0.002834 0.011325 -0.095000
v 0.002305 0.011946 -0.095000
v 0.001752 0.012437 -0.095000
v 0.001178 0.012791 -0.095000
v 0.000592 0.013005 -0.095000
v 0.000000 0.012458 -0.098500
v -0.000569 0.012390 -0.098500
v -0.001131 0.012186 -0.098500
v -0.001681 0.011848 -0.098500
v -0.002212 0.011381 -0.098500
v -0.002719 0.010789 -0.098500
v -0.003197 0.010079 -0.098500
v -0.003639 0.009258 -0.098500
v -0.004042 0.008336 -0.098500
v -0.004400 0.007323 -0.098500
v -0.004710 0.006229 -0.098500
v -0.004969 0.005067 -0.098500
v -0.005173 0.003850 -0.098500
v -0.005320 0.002590 -0.098500
v -0.005409 0.001302 -0.098500
v -0.005409 -0.001473 -0.098500
v -0.005439 -0.000000 -0.098500
v -0.005320 -0.002931 -0.098500
v -0.005173 -0.004356 -0.098500
v -0.004969 -0.005733 -0.098500
v -0.004710 -0.007048 -0.098500
v -0.004400 -0.008285 -0.098500
v -0.004042 -0.009432 -0.098500
v -0.003639 -0.010475 -0.098500
v -0.003197 -0.011403 -0.098500
v -0.002719 -0.012207 -0.098500
v -0.002212 -0.012877 -0.098500
v -0.001681 -0.013405 -0.098500
v -0.001131 -0.013787 -0.098500
v -0.000569 -0.014018 -0.098500
v 0.000000 -0.014095 -0.098500
v 0.000569 -0.014018 -0.098500
v 0.001131 -0.013787 -0.098500
v 0.001681 -0.013405 -0.098500
v 0.002212 -0.012877 -0.098500
v 0.002719 -0.012207 -0.098500
v 0.003197 -0.011403 -0.098500
v 0.003639 -0.010475 -0.098500
v 0.004042 -0.009432 -0.098500
v 0.004400 -0.008285 -0.098500
v 0.004710 -0.007048 -0.098500
v 0.004969 -0.005733 -0.098500
v 0.005173 -0.004356 -0.098500
v 0.005320 -0.002931 -0.098500
v 0.005409 -0.001473 -0.098500
v 0.005409 0.001302 -0.098500
v 0.005439 -0.000000 -0.098500
v 0.005320 0.002590 -0.098500
v 0.005173 0.003850 -0.098500
v 0.004969 0.005067 -0.098500
v 0.004710 0.006229 -0.098500
v 0.004400 0.007323 -0.098500
v 0.004042 0.008336 -0.098500
v 0.003639 0.009258 -0.098500
v 0.003197 0.010079 -0.098500
v 0.002719 0.010789 -0.098500
v 0.002212 0.011381 -0.098500
v 0.001681 0.011848 -0.098500
v 0.001131 0.012186 -0.098500
v 0.000569 0.012390 -0.098500
v 0.000000 0.012180 -0.100000
v -0.000558 0.012113 -0.100000
v -0.001109 0.011914 -0.100000
v -0.001649 0.011584 -0.100000
v -0.002170 0.011127 -0.100000
v -0.002668 0.010548 -0.100000
v -0.003136 0.009854 -0.100000
v -0.003570 0.009052 -0.100000
v -0.003965 0.008150 -0.100000
v -0.004317 0.007159 -0.100000
v -0.004621 0.006090 -0.100000
v -0.004875 0.004954 -0.100000
v -0.005075 0.003764 -0.100000
v -0.005219 0.002532 -0.100000
v -0.005307 0.001273 -0.100000
v -0.005307 -0.001394 -0.100000
v -0.005336 -0.000000 -0.100000
v -0.005219 -0.002774 -0.100000
v -0.005075 -0.004122 -0.100000
v -0.004875 -0.005426 -0.100000
v -0.004621 -0.006670 -0.100000
v -0.004317 -0.007841 -0.100000
v -0.003965 -0.008926 -0.100000
v -0.003570 -0.009914 -0.100000
v -0.003136 -0.010792 -0.100000
v -0.002668 -0.011553 -0.100000
v -0.002170 -0.012187 -0.100000
v -0.001649 -0.012687 -0.100000
v -0.001109 -0.013048 -0.100000
v -0.000558 -0.013267 -0.100000
v 0.000000 -0.013340 -0.100000
v 0.000558 -0.013267 -0.100000
v 0.001109 -0.013048 -0.100000
v 0.001649 -0.012687 -0.100000
v 0.002170 -0.012187 -0.100000
v 0.002668 -0.011553 -0.100000
v 0.003136 -0.010792 -0.100000
v 0.003570 -0.009914 -0.100000
v 0.003965 -0.008926 -0.100000
v 0.004317 -0.007841 -0.100000
v 0.004621 -0.006670 -0.100000
v 0.004875 -0.005426 -0.100000
v 0.005075 -0.004122 -0.100000
v 0.005219 -0.002774 -0.100000
v 0.005307 -0.001394 -0.100000
v 0.005307 0.001273 -0.100000
v 0.005336 -0.000000 -0.100000
v 0.005219 0.002532 -0.100000
v 0.005075 0.003764 -0.100000
v 0.004875 0.004954 -0.100000
v 0.004621 0.006090 -0.100000
v 0.004317 0.007159 -0.100000
v 0.003965 0.008150 -0.100000
v 0.003570 0.009052 -0.100000
v 0.003136 0.009854 -0.100000
v 0.002668 0.010548 -0.100000
v 0.002170 0.011127 -0.100000
v 0.001649 0.011584 -0.100000
v 0.001109 0.011914 -0.100000
v 0.000558 0.012113 -0.100000
v 0.000000 0.010500 -0.105000
v -0.000484 0.010442 -0.105000
v -0.000816 0.010271 -0.105000
v -0.001165 0.009986 -0.105000
v -0.001635 0.009592 -0.105000
v -0.002178 0.009093 -0.105000
v -0.002635 0.008495 -0.105000
v -0.002897 0.007803 -0.105000
v -0.003031 0.007026 -0.105000
v -0.003212 0.006172 -0.105000
v -0.003542 0.005250 -0.105000
v -0.003934 0.004271 -0.105000
v -0.004191 0.003245 -0.105000
v -0.004207 0.002183 -0.105000
v -0.004077 0.001098 -0.105000
v -0.004077 -0.001244 -0.105000
v -0.004000 -0.000000 -0.105000
v -0.004207 -0.002474 -0.105000
v -0.004191 -0.003677 -0.105000
v -0.003934 -0.004840 -0.105000
v -0.003542 -0.005950 -0.105000
v -0.003212 -0.006995 -0.105000
v -0.003031 -0.007963 -0.105000
v -0.002897 -0.008843 -0.105000
v -0.002635 -0.009627 -0.105000
v -0.002178 -0.010306 -0.105000
v -0.001635 -0.010871 -0.105000
v -0.001165 -0.011318 -0.105000
v -0.000816 -0.011640 -0.105000
v -0.000484 -0.011835 -0.105000
v 0.000000 -0.011900 -0.105000
v 0.000394 -0.011835 -0.105000
v 0.000931 -0.011640 -0.105000
v 0.001430 -0.011318 -0.105000
v 0.001781 -0.010871 -0.105000
v 0.002022 -0.010306 -0.105000
v 0.002303 -0.009627 -0.105000
v 0.002723 -0.008843 -0.105000
v 0.003211 -0.007963 -0.105000
v 0.003584 -0.006995 -0.105000
v 0.003732 -0.005950 -0.105000
v 0.003740 -0.004840 -0.105000
v 0.003798 -0.003677 -0.105000
v 0.004009 -0.002474 -0.105000
v 0.004277 -0.001244 -0.105000
v 0.004277 0.001098 -0.105000
v 0.004400 -0.000000 -0.105000
v 0.004009 0.002183 -0.105000
v 0.003798 0.003245 -0.105000
v 0.003740 0.004271 -0.105000
v 0.003732 0.005250 -0.105000
v 0.003584 0.006172 -0.105000
v 0.003211 0.007026 -0.105000
v 0.002723 0.007803 -0.105000
v 0.002303 0.008495 -0.105000
v 0.002022 0.009093 -0.105000
v 0.001781 0.009592 -0.105000
v 0.001430 0.009986 -0.105000
v 0.000931 0.010271 -0.105000
v 0.000394 0.010442 -0.105000
v -0.000800 0.012300 -0.111000
v -0.001312 0.012031 -0.111000
v -0.001326 0.012233 -0.111000
v -0.001372 0.011698 -0.111000
v -0.001876 0.011237 -0.111000
v -0.002675 0.010652 -0.111000
v -0.003221 0.009951 -0.111000
v -0.003155 0.009141 -0.111000
v -0.002718 0.008230 -0.111000
v -0.002539 0.007230 -0.111000
v -0.002985 0.006150 -0.111000
v -0.003760 0.005003 -0.111000
v -0.004188 0.003801 -0.111000
v -0.003903 0.002557 -0.111000
v -0.003240 0.001286 -0.111000
v -0.002900 -0.000000 -0.111000
v -0.003240 -0.001589 -0.111000
v -0.003903 -0.003160 -0.111000
v -0.004188 -0.004697 -0.111000
v -0.003760 -0.006182 -0.111000
v -0.002985 -0.007600 -0.111000
v -0.002539 -0.008934 -0.111000
v -0.002718 -0.010171 -0.111000
v -0.003155 -0.011296 -0.111000
v -0.003221 -0.012297 -0.111000
v -0.002675 -0.013164 -0.111000
v -0.001876 -0.013886 -0.111000
v -0.001372 -0.014456 -0.111000
v -0.001312 -0.014868 -0.111000
v -0.000800 -0.015200 -0.111000
v -0.001326 -0.015117 -0.111000
v -0.000574 -0.015117 -0.111000
v 0.000185 -0.014868 -0.111000
v 0.000853 -0.014456 -0.111000
v 0.001052 -0.013886 -0.111000
v 0.000925 -0.013164 -0.111000
v 0.001011 -0.012297 -0.111000
v 0.001663 -0.011296 -0.111000
v 0.002633 -0.010171 -0.111000
v 0.003286 -0.008934 -0.111000
v 0.003251 -0.007600 -0.111000
v 0.002817 -0.006182 -0.111000
v 0.002660 -0.004697 -0.111000
v 0.003139 -0.003160 -0.111000
v 0.003921 -0.001589 -0.111000
v 0.004300 -0.000000 -0.111000
v 0.003921 0.001286 -0.111000
v 0.003139 0.002557 -0.111000
v 0.002660 0.003801 -0.111000
v 0.002817 0.005003 -0.111000
v 0.003251 0.006150 -0.111000
v 0.003286 0.007230 -0.111000
v 0.002633 0.008230 -0.111000
v 0.001663 0.009141 -0.111000
v 0.001011 0.009951 -0.111000
v 0.000925 0.010652 -0.111000
v 0.001052 0.011237 -0.111000
v 0.000853 0.011698 -0.111000
v 0.000185 0.012031 -0.111000
v -0.000574 0.012233 -0.111000
v -0.002000 0.014700 -0.119000
v -0.002183 0.014379 -0.119000
v -0.002597 0.014619 -0.119000
v -0.001905 0.013981 -0.119000
v -0.002456 0.013429 -0.119000
v -0.003560 0.012731 -0.119000
v -0.004211 0.011893 -0.119000
v -0.003744 0.010924 -0.119000
v -0.002613 0.009836 -0.119000
v -0.001992 0.008640 -0.119000
v -0.002567 0.007350 -0.119000
v -0.003793 0.005979 -0.119000
v -0.004417 0.004543 -0.119000
v -0.003764 0.003056 -0.119000
v -0.002456 0.001537 -0.119000
v -0.002456 -0.002049 -0.119000
v -0.001800 -0.000000 -0.119000
v -0.003764 -0.004075 -0.119000
v -0.004417 -0.006057 -0.119000
v -0.003793 -0.007972 -0.119000
v -0.002567 -0.009800 -0.119000
v -0.001992 -0.011521 -0.119000
v -0.002613 -0.013115 -0.119000
v -0.003744 -0.014566 -0.119000
v -0.004211 -0.015857 -0.119000
v -0.003560 -0.016974 -0.119000
v -0.002456 -0.017905 -0.119000
v -0.001905 -0.018641 -0.119000
v -0.002183 -0.019172 -0.119000
v -0.002000 -0.019600 -0.119000
v -0.002597 -0.019493 -0.119000
v -0.001949 -0.019493 -0.119000
v -0.000894 -0.019172 -0.119000
v 0.000011 -0.018641 -0.119000
v 0.000066 -0.017905 -0.119000
v -0.000460 -0.016974 -0.119000
v -0.000566 -0.015857 -0.119000
v 0.000405 -0.014566 -0.119000
v 0.001994 -0.013115 -0.119000
v 0.003024 -0.011521 -0.119000
v 0.002803 -0.009800 -0.119000
v 0.001871 -0.007972 -0.119000
v 0.001480 -0.006057 -0.119000
v 0.002301 -0.004075 -0.119000
v 0.003710 -0.002049 -0.119000
v 0.004400 -0.000000 -0.119000
v 0.003710 0.001537 -0.119000
v 0.002301 0.003056 -0.119000
v 0.001480 0.004543 -0.119000
v 0.001871 0.005979 -0.119000
v 0.002803 0.007350 -0.119000
v 0.003024 0.008640 -0.119000
v 0.001994 0.009836 -0.119000
v 0.000405 0.010924 -0.119000
v -0.000566 0.011893 -0.119000
v -0.000460 0.012731 -0.119000
v 0.000066 0.013429 -0.119000
v 0.000011 0.013981 -0.119000
v -0.000894 0.014379 -0.119000
v -0.001949 0.014619 -0.119000
v -0.003600 0.016200 -0.128000
v -0.003486 0.015846 -0.128000
v -0.004251 0.016111 -0.128000
v -0.002897 0.015407 -0.128000
v -0.003446 0.014799 -0.128000
v -0.005438 0.013106 -0.128000
v -0.004756 0.014030 -0.128000
v -0.004577 0.012039 -0.128000
v -0.002807 0.010840 -0.128000
v -0.001757 0.009522 -0.128000
v -0.002382 0.008100 -0.128000
v -0.003934 0.006589 -0.128000
v -0.004680 0.005006 -0.128000
v -0.003690 0.003368 -0.128000
v -0.001826 0.001693 -0.128000
v -0.001826 -0.002341 -0.128000
v -0.000900 -0.000000 -0.128000
v -0.003690 -0.004657 -0.128000
v -0.004680 -0.006922 -0.128000
v -0.003934 -0.009111 -0.128000
v -0.002382 -0.011200 -0.128000
v -0.001757 -0.013166 -0.128000
v -0.002807 -0.014989 -0.128000
v -0.004577 -0.016646 -0.128000
v -0.005438 -0.018122 -0.128000
v -0.004756 -0.019399 -0.128000
v -0.003446 -0.020463 -0.128000
v -0.002897 -0.021304 -0.128000
v -0.003486 -0.021911 -0.128000
v -0.003600 -0.022400 -0.128000
v -0.004251 -0.022277 -0.128000
v -0.003687 -0.022277 -0.128000
v -0.002364 -0.021911 -0.128000
v -0.001229 -0.021304 -0.128000
v -0.001249 -0.020463 -0.128000
v -0.002056 -0.019399 -0.128000
v -0.002264 -0.018122 -0.128000
v -0.000963 -0.016646 -0.128000
v 0.001206 -0.014989 -0.128000
v 0.002612 -0.013166 -0.128000
v 0.002294 -0.011200 -0.128000
v 0.000999 -0.009111 -0.128000
v 0.000455 -0.006922 -0.128000
v 0.001592 -0.004657 -0.128000
v 0.003544 -0.002341 -0.128000
v 0.004500 -0.000000 -0.128000
v 0.003544 0.001693 -0.128000
v 0.001592 0.003368 -0.128000
v 0.000455 0.005006 -0.128000
v 0.000999 0.006589 -0.128000
v 0.002294 0.008100 -0.128000
v 0.002612 0.009522 -0.128000
v 0.001206 0.010840 -0.128000
v -0.000963 0.012039 -0.128000
v -0.002264 0.013106 -0.128000
v -0.002056 0.014030 -0.128000
v -0.001249 0.014799 -0.128000
v -0.001229 0.015407 -0.128000
v -0.002364 0.015846 -0.128000
v -0.003687 0.016111 -0.128000
v -0.005000 0.016900 -0.136100
v -0.004677 0.016531 -0.136096
v -0.005673 0.016807 -0.136256
v -0.003872 0.016073 -0.135868
v -0.004383 0.015439 -0.136195
v -0.005774 0.014636 -0.136579
v -0.005279 0.012559 -0.136784
v -0.006427 0.013672 -0.136809
v -0.003076 0.011308 -0.136531
v -0.001719 0.009934 -0.136243
v -0.002330 0.008450 -0.136705
v -0.004037 0.006874 -0.137164
v -0.003606 0.003514 -0.137282
v -0.004823 0.005222 -0.137386
v -0.001394 0.001767 -0.136917
v -0.000300 -0.000000 -0.136520
v -0.001394 -0.002488 -0.136917
v -0.003606 -0.004948 -0.137282
v -0.004823 -0.007355 -0.137386
v -0.002330 -0.011900 -0.136705
v -0.004037 -0.009680 -0.137164
v -0.001719 -0.013989 -0.136243
v -0.003076 -0.015925 -0.136531
v -0.005279 -0.017687 -0.136784
v -0.005774 -0.020611 -0.136579
v -0.006427 -0.019255 -0.136809
v -0.004383 -0.021742 -0.136195
v -0.003872 -0.022635 -0.135868
v -0.004677 -0.023280 -0.136096
v -0.005000 -0.023800 -0.136100
v -0.005673 -0.023670 -0.136256
v -0.003679 -0.023280 -0.136096
v -0.005171 -0.023670 -0.136256
v -0.002389 -0.022635 -0.135868
v -0.002430 -0.021742 -0.136195
v -0.003605 -0.019255 -0.136809
v -0.003374 -0.020611 -0.136579
v -0.002068 -0.017687 -0.136784
v 0.000491 -0.015925 -0.136531
v 0.002164 -0.013989 -0.136243
v 0.001827 -0.011900 -0.136705
v 0.000348 -0.009680 -0.137164
v 0.001090 -0.004948 -0.137282
v -0.000258 -0.007355 -0.137386
v 0.003380 -0.002488 -0.136917
v 0.004500 -0.000000 -0.136520
v 0.003380 0.001767 -0.136917
v 0.001090 0.003514 -0.137282
v 0.000348 0.006874 -0.137164
v -0.000258 0.005222 -0.137386
v 0.001827 0.008450 -0.136705
v 0.002164 0.009934 -0.136243
v 0.000491 0.011308 -0.136531
v -0.002068 0.012559 -0.136784
v -0.003374 0.014636 -0.136579
v -0.003605 0.013672 -0.136809
v -0.002430 0.015439 -0.136195
v -0.002389 0.016073 -0.135868
v -0.003679 0.016531 -0.136096
v -0.005171 0.016807 -0.136256
v -0.006000 0.017200 -0.144000
v -0.005534 0.016824 -0.143988
v -0.006686 0.017106 -0.144521
v -0.004582 0.016358 -0.143226
v -0.005063 0.015713 -0.144317
v -0.006502 0.014896 -0.145595
v -0.005785 0.012782 -0.146279
v -0.007130 0.013915 -0.146365
v -0.003285 0.011509 -0.145436
v -0.001717 0.010110 -0.144478
v -0.002312 0.008600 -0.146017
v -0.004117 0.006996 -0.147547
v -0.003552 0.003576 -0.147939
v -0.004925 0.005315 -0.148286
v -0.001106 0.001798 -0.146722
v 0.000100 -0.000000 -0.145400
v -0.001106 -0.002550 -0.146722
v -0.003552 -0.005073 -0.147939
v -0.004117 -0.009924 -0.147547
v -0.004925 -0.007540 -0.148286
v -0.002312 -0.012200 -0.146017
v -0.001717 -0.014342 -0.144478
v -0.003285 -0.016327 -0.145436
v -0.005785 -0.018133 -0.146279
v -0.006502 -0.021131 -0.145595
v -0.007130 -0.019740 -0.146365
v -0.005063 -0.022291 -0.144317
v -0.004582 -0.023206 -0.143226
v -0.005534 -0.023867 -0.143988
v -0.006000 -0.024400 -0.144000
v -0.006686 -0.024266 -0.144521
v -0.004620 -0.023867 -0.143988
v -0.006226 -0.024266 -0.144521
v -0.003222 -0.023206 -0.143226
v -0.003273 -0.022291 -0.144317
v -0.004302 -0.021131 -0.145595
v -0.002841 -0.018133 -0.146279
v -0.004544 -0.019740 -0.146365
v -0.000015 -0.016327 -0.145436
v 0.001842 -0.014342 -0.144478
v 0.001499 -0.012200 -0.146017
v -0.000097 -0.009924 -0.147547
v 0.000751 -0.005073 -0.147939
v -0.000741 -0.007540 -0.148286
v 0.003270 -0.002550 -0.146722
v 0.004500 -0.000000 -0.145400
v 0.003270 0.001798 -0.146722
v 0.000751 0.003576 -0.147939
v -0.000097 0.006996 -0.147547
v -0.000741 0.005315 -0.148286
v 0.001499 0.008600 -0.146017
v 0.001842 0.010110 -0.144478
v -0.000015 0.011509 -0.145436
v -0.002841 0.012782 -0.146279
v -0.004302 0.014896 -0.145595
v -0.004544 0.013915 -0.146365
v -0.003273 0.015713 -0.144317
v -0.003222 0.016358 -0.143226
v -0.004620 0.016824 -0.143988
v -0.006226 0.017106 -0.144521
v -0.006800 0.017300 -0.151000
v -0.006250 0.016922 -0.150976
v -0.007490 0.017205 -0.152043
v -0.005208 0.016453 -0.149451
v -0.005653 0.015804 -0.151635
v -0.007092 0.014982 -0.154190
v -0.006203 0.012856 -0.155558
v -0.007678 0.013996 -0.155730
v -0.003524 0.011576 -0.153872
v -0.001820 0.010169 -0.151956
v -0.002378 0.008650 -0.155034
v -0.004206 0.007037 -0.158095
v -0.003539 0.003597 -0.158879
v -0.005005 0.005346 -0.159571
v -0.000965 0.001808 -0.156445
v 0.000300 -0.000000 -0.153800
v -0.000965 -0.002571 -0.156445
v -0.003539 -0.005115 -0.158879
v -0.004206 -0.010006 -0.158095
v -0.005005 -0.007602 -0.159571
v -0.002378 -0.012300 -0.155034
v -0.001820 -0.014460 -0.151956
v -0.003524 -0.016461 -0.153872
v -0.006203 -0.018281 -0.155558
v -0.007092 -0.021304 -0.154190
v -0.007678 -0.019902 -0.155730
v -0.005653 -0.022473 -0.151635
v -0.005208 -0.023396 -0.149451
v -0.006250 -0.024062 -0.150976
v -0.006800 -0.024600 -0.151000
v -0.007490 -0.024465 -0.152043
v -0.005377 -0.024062 -0.150976
v -0.007051 -0.024465 -0.152043
v -0.003911 -0.023396 -0.149451
v -0.003945 -0.022473 -0.151635
v -0.004992 -0.021304 -0.154190
v -0.003393 -0.018281 -0.155558
v -0.005209 -0.019902 -0.155730
v -0.000402 -0.016461 -0.153872
v 0.001578 -0.014460 -0.151956
v 0.001260 -0.012300 -0.155034
v -0.000369 -0.010006 -0.158095
v 0.000569 -0.005115 -0.158879
v -0.001010 -0.007602 -0.159571
v 0.003212 -0.002571 -0.156445
v 0.004500 -0.000000 -0.153800
v 0.003212 0.001808 -0.156445
v 0.000569 0.003597 -0.158879
v -0.000369 0.007037 -0.158095
v -0.001010 0.005346 -0.159571
v 0.001260 0.008650 -0.155034
v 0.001578 0.010169 -0.151956
v -0.000402 0.011576 -0.153872
v -0.003393 0.012856 -0.155558
v -0.004992 0.014982 -0.154190
v -0.005209 0.013996 -0.155730
v -0.003945 0.015804 -0.151635
v -0.003911 0.016453 -0.149451
v -0.005377 0.016922 -0.150976
v -0.007051 0.017205 -0.152043
v 0.000000 -0.001671 -0.086000
v -0.001825 -0.009369 -0.044399
v -0.005280 -0.009012 -0.050114
v -0.004914 -0.009164 -0.050338
v -0.002157 -0.009184 -0.044207
v -0.005574 -0.009279 -0.049851
v -0.002559 -0.009165 -0.043929
v -0.005983 -0.009757 -0.049462
v -0.003003 -0.009315 -0.043586
v -0.006603 -0.010301 -0.048911
v -0.003459 -0.009623 -0.043201
v -0.007341 -0.010920 -0.048261
v -0.003895 -0.010068 -0.042800
v -0.007988 -0.011716 -0.047636
v -0.004594 -0.011239 -0.042058
v -0.004282 -0.010619 -0.042410
v -0.004809 -0.011886 -0.041768
v -0.008436 -0.012755 -0.047098
v -0.004913 -0.012516 -0.041560
v -0.008719 -0.013847 -0.046666
v -0.004899 -0.013085 -0.041447
v -0.008976 -0.014771 -0.046287
v -0.004767 -0.013556 -0.041438
v -0.009239 -0.015420 -0.045963
v -0.004526 -0.013895 -0.041534
v -0.009368 -0.015861 -0.045777
v -0.008867 -0.016320 -0.046029
v -0.009147 -0.016255 -0.045848
v -0.004194 -0.014080 -0.041726
v -0.008271 -0.016307 -0.046450
v -0.003792 -0.014098 -0.042004
v -0.007607 -0.016025 -0.046976
v -0.003348 -0.013948 -0.042347
v -0.007042 -0.015382 -0.047510
v -0.002893 -0.013641 -0.042732
v -0.006566 -0.014467 -0.048040
v -0.002457 -0.013196 -0.043133
v -0.006052 -0.013488 -0.048610
v -0.001757 -0.012024 -0.043875
v -0.002069 -0.012645 -0.043523
v -0.001542 -0.011377 -0.044165
v -0.005471 -0.012632 -0.049202
v -0.001438 -0.010748 -0.044373
v -0.004926 -0.011836 -0.049754
v -0.001453 -0.010178 -0.044486
v -0.004614 -0.011010 -0.050150
v -0.001585 -0.009708 -0.044495
v -0.004605 -0.010165 -0.050338
v -0.004779 -0.009470 -0.050366
v -0.008408 -0.008159 -0.056165
v -0.008010 -0.008253 -0.056423
v -0.008494 -0.008872 -0.055951
v -0.008789 -0.009864 -0.055532
v -0.009581 -0.010781 -0.054779
v -0.010710 -0.011661 -0.053799
v -0.011708 -0.012800 -0.052855
v -0.012388 -0.014473 -0.052019
v -0.012823 -0.016213 -0.051340
v -0.013373 -0.017545 -0.050668
v -0.014109 -0.018281 -0.049994
v -0.014671 -0.018652 -0.049521
v -0.014277 -0.019013 -0.049719
v -0.014494 -0.019116 -0.049545
v -0.013349 -0.018977 -0.050377
v -0.012297 -0.018530 -0.051209
v -0.011506 -0.017419 -0.052003
v -0.010919 -0.015818 -0.052759
v -0.010187 -0.014193 -0.053621
v -0.009241 -0.013006 -0.054539
v -0.008264 -0.011987 -0.055442
v -0.007713 -0.010849 -0.056073
v -0.007734 -0.009569 -0.056334
v -0.008014 -0.008519 -0.056363
v -0.010408 -0.007205 -0.060796
v -0.010833 -0.008318 -0.060543
v -0.011070 -0.007232 -0.060851
v -0.010814 -0.009731 -0.059896
v -0.012226 -0.011150 -0.059738
v -0.014157 -0.012414 -0.059213
v -0.016301 -0.016007 -0.056938
v -0.015639 -0.013899 -0.058296
v -0.016368 -0.018090 -0.055344
v -0.016672 -0.019546 -0.053681
v -0.018008 -0.020339 -0.052931
v -0.018693 -0.021086 -0.052007
v -0.019073 -0.020640 -0.052361
v -0.017385 -0.020909 -0.053245
v -0.018750 -0.020935 -0.052523
v -0.015792 -0.020352 -0.054124
v -0.015290 -0.019077 -0.055886
v -0.015099 -0.017107 -0.057543
v -0.012955 -0.013515 -0.059818
v -0.014395 -0.015038 -0.058922
v -0.011148 -0.012137 -0.060281
v -0.009934 -0.010537 -0.060338
v -0.010211 -0.008888 -0.060856
v -0.010748 -0.007527 -0.061013
v -0.012315 -0.006852 -0.063503
v -0.012746 -0.008228 -0.063473
v -0.013203 -0.006993 -0.063899
v -0.012463 -0.009814 -0.062617
v -0.014372 -0.011580 -0.063174
v -0.016864 -0.013140 -0.063291
v -0.019206 -0.017065 -0.060806
v -0.018633 -0.014819 -0.062571
v -0.018897 -0.019162 -0.058374
v -0.018862 -0.020536 -0.055828
v -0.020584 -0.021360 -0.055158
v -0.021365 -0.022016 -0.053902
v -0.021945 -0.021640 -0.054626
v -0.020031 -0.021866 -0.055437
v -0.021658 -0.021902 -0.054770
v -0.018080 -0.021252 -0.056222
v -0.017938 -0.020039 -0.058856
v -0.018137 -0.018043 -0.061344
v -0.015795 -0.014119 -0.063829
v -0.017527 -0.015832 -0.063128
v -0.013413 -0.012458 -0.063656
v -0.011681 -0.010530 -0.063011
v -0.012193 -0.008734 -0.063751
v -0.012917 -0.007256 -0.064043
v -0.003176 -0.011632 -0.042966
v 0.005280 -0.009012 -0.050114
v 0.001825 -0.009369 -0.044399
v 0.004914 -0.009164 -0.050338
v 0.005574 -0.009279 -0.049851
v 0.002157 -0.009184 -0.044207
v 0.005983 -0.009757 -0.049462
v 0.002559 -0.009165 -0.043929
v 0.006603 -0.010301 -0.048911
v 0.003003 -0.009315 -0.043586
v 0.007341 -0.010920 -0.048261
v 0.003459 -0.009623 -0.043201
v 0.007988 -0.011716 -0.047636
v 0.003895 -0.010068 -0.042800
v 0.004594 -0.011239 -0.042058
v 0.004282 -0.010619 -0.042410
v 0.008436 -0.012755 -0.047098
v 0.004809 -0.011886 -0.041768
v 0.008719 -0.013847 -0.046666
v 0.004913 -0.012516 -0.041560
v 0.008976 -0.014771 -0.046287
v 0.004899 -0.013085 -0.041447
v 0.009239 -0.015420 -0.045963
v 0.004767 -0.013556 -0.041438
v 0.009368 -0.015861 -0.045777
v 0.004526 -0.013895 -0.041534
v 0.008867 -0.016320 -0.046029
v 0.009147 -0.016255 -0.045848
v 0.008271 -0.016307 -0.046450
v 0.004194 -0.014080 -0.041726
v 0.007607 -0.016025 -0.046976
v 0.003792 -0.014098 -0.042004
v 0.007042 -0.015382 -0.047510
v 0.003348 -0.013948 -0.042347
v 0.006566 -0.014467 -0.048040
v 0.002893 -0.013641 -0.042732
v 0.006052 -0.013488 -0.048610
v 0.002457 -0.013196 -0.043133
v 0.001757 -0.012024 -0.043875
v 0.002069 -0.012645 -0.043523
v 0.005471 -0.012632 -0.049202
v 0.001542 -0.011377 -0.044165
v 0.004926 -0.011836 -0.049754
v 0.001438 -0.010748 -0.044373
v 0.004614 -0.011010 -0.050150
v 0.001453 -0.010178 -0.044486
v 0.004605 -0.010165 -0.050338
v 0.001585 -0.009708 -0.044495
v 0.004779 -0.009470 -0.050366
v 0.008408 -0.008159 -0.056165
v 0.008010 -0.008253 -0.056423
v 0.008494 -0.008872 -0.055951
v 0.008789 -0.009864 -0.055532
v 0.009581 -0.010781 -0.054779
v 0.010710 -0.011661 -0.053799
v 0.011708 -0.012800 -0.052855
v 0.012388 -0.014473 -0.052019
v 0.012823 -0.016213 -0.051340
v 0.013373 -0.017545 -0.050668
v 0.014109 -0.018281 -0.049994
v 0.014671 -0.018652 -0.049521
v 0.014277 -0.019013 -0.049719
v 0.014494 -0.019116 -0.049545
v 0.013349 -0.018977 -0.050377
v 0.012297 -0.018530 -0.051209
v 0.011506 -0.017419 -0.052003
v 0.010919 -0.015818 -0.052759
v 0.010187 -0.014193 -0.053621
v 0.009241 -0.013006 -0.054539
v 0.008264 -0.011987 -0.055442
v 0.007713 -0.010849 -0.056073
v 0.007734 -0.009569 -0.056334
v 0.008014 -0.008519 -0.056363
v 0.010408 -0.007205 -0.060796
v 0.010833 -0.008318 -0.060543
v 0.011070 -0.007232 -0.060851
v 0.010814 -0.009731 -0.059896
v 0.012226 -0.011150 -0.059738
v 0.014157 -0.012414 -0.059213
v 0.016301 -0.016007 -0.056938
v 0.015639 -0.013899 -0.058296
v 0.016368 -0.018090 -0.055344
v 0.016672 -0.019546 -0.053681
v 0.018008 -0.020339 -0.052931
v 0.018693 -0.021086 -0.052007
v 0.019073 -0.020640 -0.052361
v 0.017385 -0.020909 -0.053245
v 0.018750 -0.020935 -0.052523
v 0.015792 -0.020352 -0.054124
v 0.015290 -0.019077 -0.055886
v 0.015099 -0.017107 -0.057543
v 0.012955 -0.013515 -0.059818
v 0.014395 -0.015038 -0.058922
v 0.011148 -0.012137 -0.060281
v 0.009934 -0.010537 -0.060338
v 0.010211 -0.008888 -0.060856
v 0.010748 -0.007527 -0.061013
v 0.012315 -0.006852 -0.063503
v 0.012746 -0.008228 -0.063473
v 0.013203 -0.006993 -0.063899
v 0.012463 -0.009814 -0.062617
v 0.014372 -0.011580 -0.063174
v 0.016864 -0.013140 -0.063291
v 0.019206 -0.017065 -0.060806
v 0.018633 -0.014819 -0.062571
v 0.018897 -0.019162 -0.058374
v 0.018862 -0.020536 -0.055828
v 0.020584 -0.021360 -0.055158
v 0.021365 -0.022016 -0.053902
v 0.021945 -0.021640 -0.054626
v 0.020031 -0.021866 -0.055437
v 0.021658 -0.021902 -0.054770
v 0.018080 -0.021252 -0.056222
v 0.017938 -0.020039 -0.058856
v 0.018137 -0.018043 -0.061344
v 0.015795 -0.014119 -0.063829
v 0.017527 -0.015832 -0.063128
v 0.013413 -0.012458 -0.063656
v 0.011681 -0.010530 -0.063011
v 0.012193 -0.008734 -0.063751
v 0.012917 -0.007256 -0.064043
v 0.003176 -0.011632 -0.042966
v 0.000000 -0.025591 -0.056525
v 0.001141 -0.026900 -0.056556
v 0.000000 -0.026900 -0.057352
v 0.000705 -0.025918 -0.054647
v 0.000705 -0.026900 -0.055268
v -0.000705 -0.026900 -0.055268
v -0.000705 -0.025918 -0.054647
v -0.001141 -0.026900 -0.056556
v 0.000000 -0.024542 -0.054207
v 0.001141 -0.025716 -0.055808
v 0.001141 -0.024767 -0.053711
v 0.000705 -0.025130 -0.052908
v -0.000705 -0.025130 -0.052908
v -0.001141 -0.025716 -0.055808
v 0.000000 -0.023960 -0.050858
v 0.001141 -0.024240 -0.050681
v 0.000705 -0.024693 -0.050395
v -0.000705 -0.024693 -0.050395
v -0.001141 -0.024767 -0.053711
v -0.001141 -0.024240 -0.050681
v 0.000000 -0.023960 -0.047142
v 0.001141 -0.024240 -0.047319
v 0.000705 -0.024693 -0.047605
v -0.001141 -0.024240 -0.047319
v 0.000000 -0.024542 -0.043793
v 0.000705 -0.025130 -0.045092
v -0.000705 -0.024693 -0.047605
v -0.000705 -0.025130 -0.045092
v -0.001141 -0.024767 -0.044289
v 0.001141 -0.025716 -0.042192
v 0.001141 -0.024767 -0.044289
v 0.000705 -0.025918 -0.043353
v -0.001141 -0.025716 -0.042192
v 0.000000 -0.026900 -0.040648
v 0.000000 -0.025591 -0.041475
v 0.001141 -0.026900 -0.041444
v 0.000705 -0.026900 -0.042732
v -0.000705 -0.025918 -0.043353
v -0.000705 -0.026900 -0.042732
v -0.001141 -0.026900 -0.041444
v 0.000000 -0.028209 -0.041475
v 0.001141 -0.028084 -0.042192
v 0.000705 -0.027882 -0.043353
v -0.000705 -0.027882 -0.043353
v -0.001141 -0.028084 -0.042192
v 0.000000 -0.029258 -0.043793
v 0.001141 -0.029033 -0.044289
v 0.000705 -0.028670 -0.045092
v -0.000705 -0.028670 -0.045092
v 0.000000 -0.029840 -0.047142
v 0.001141 -0.029560 -0.047319
v 0.000705 -0.029107 -0.047605
v -0.001141 -0.029560 -0.047319
v -0.001141 -0.029033 -0.044289
v 0.000000 -0.029840 -0.050858
v 0.001141 -0.029560 -0.050681
v 0.000705 -0.029107 -0.050395
v -0.000705 -0.029107 -0.047605
v -0.000705 -0.029107 -0.050395
v -0.001141 -0.029560 -0.050681
v 0.000000 -0.029258 -0.054207
v 0.000705 -0.028670 -0.052908
v -0.000705 -0.028670 -0.052908
v -0.001141 -0.029033 -0.053711
v 0.000000 -0.028209 -0.056525
v 0.001141 -0.029033 -0.053711
v 0.001141 -0.028084 -0.055808
v 0.000705 -0.027882 -0.054647
v -0.000705 -0.027882 -0.054647
v -0.001141 -0.028084 -0.055808
v -0.000900 -0.027826 -0.049000
v -0.001261 -0.027350 -0.051851
v -0.000728 -0.027826 -0.050646
v -0.001559 -0.026050 -0.049000
v -0.001456 -0.026700 -0.052292
v -0.001800 -0.026700 -0.049000
v -0.000900 -0.025574 -0.049000
v 0.000000 -0.025400 -0.049000
v -0.000728 -0.025574 -0.050646
v 0.000000 -0.028000 -0.049000
v -0.001559 -0.027350 -0.049000
v -0.001261 -0.026050 -0.051851
v -0.000482 -0.027350 -0.053612
v -0.000278 -0.027826 -0.051663
v -0.000556 -0.026700 -0.054326
v -0.000278 -0.025574 -0.051663
v -0.000482 -0.026050 -0.053612
v 0.000556 -0.026700 -0.054326
v 0.000278 -0.025574 -0.051663
v 0.000278 -0.027826 -0.051663
v 0.000482 -0.027350 -0.053612
v 0.000482 -0.026050 -0.053612
v 0.000728 -0.025574 -0.050646
v 0.000728 -0.027826 -0.050646
v 0.001456 -0.026700 -0.052292
v 0.001261 -0.027350 -0.051851
v 0.001261 -0.026050 -0.051851
v 0.000900 -0.027826 -0.049000
v 0.001559 -0.027350 -0.049000
v 0.000900 -0.025574 -0.049000
v 0.001559 -0.026050 -0.049000
v 0.001800 -0.026700 -0.049000
v 0.000728 -0.027826 -0.047354
v 0.001456 -0.026700 -0.045708
v 0.001261 -0.027350 -0.046149
v 0.001261 -0.026050 -0.046149
v 0.000728 -0.025574 -0.047354
v 0.000278 -0.027826 -0.046337
v 0.000556 -0.026700 -0.043674
v 0.000482 -0.027350 -0.044388
v 0.000482 -0.026050 -0.044388
v 0.000278 -0.025574 -0.046337
v -0.000556 -0.026700 -0.043674
v -0.000482 -0.027350 -0.044388
v -0.000482 -0.026050 -0.044388
v -0.000278 -0.027826 -0.046337
v -0.000278 -0.025574 -0.046337
v -0.001261 -0.026050 -0.046149
v -0.000728 -0.027826 -0.047354
v -0.001456 -0.026700 -0.045708
v -0.000728 -0.025574 -0.047354
v -0.001261 -0.027350 -0.046149
vn -0.1841 0.7687 0.6125
vn -0.0000 0.7928 0.6095
vn -0.0000 0.9839 -0.1788
vn -0.3421 0.7062 0.6198
vn -0.2313 0.9570 -0.1748
vn -0.4633 0.6244 0.6288
vn -0.4339 0.8859 -0.1642
vn -0.5497 0.5393 0.6380
vn -0.5928 0.7912 -0.1502
vn -0.6096 0.4598 0.6457
vn -0.7102 0.6908 -0.1359
vn -0.6501 0.3891 0.6527
vn -0.7944 0.5948 -0.1227
vn -0.6785 0.3274 0.6576
vn -0.8540 0.5082 -0.1113
vn -0.6980 0.2726 0.6621
vn -0.8969 0.4303 -0.1018
vn -0.7122 0.2244 0.6652
vn -0.9279 0.3607 -0.0940
vn -0.7219 0.1807 0.6679
vn -0.9506 0.2979 -0.0877
vn -0.7291 0.1408 0.6697
vn -0.9670 0.2409 -0.0827
vn -0.7341 0.1032 0.6712
vn -0.9790 0.1881 -0.0789
vn -0.7373 0.0676 0.6722
vn -0.9875 0.1384 -0.0760
vn -0.7390 0.0336 0.6729
vn -0.9931 0.0910 -0.0740
vn -0.7391 0.0021 0.6736
vn -0.9963 0.0451 -0.0728
vn -0.9974 0.0024 -0.0725
vn -0.9966 -0.0353 -0.0738
vn -0.7385 -0.0253 0.6738
vn -0.9944 -0.0711 -0.0777
vn -0.7387 -0.0509 0.6721
vn -0.9906 -0.1082 -0.0842
vn -0.7388 -0.0780 0.6694
vn -0.9846 -0.1474 -0.0935
vn -0.7387 -0.1070 0.6655
vn -0.9762 -0.1895 -0.1058
vn -0.7379 -0.1386 0.6606
vn -0.9643 -0.2354 -0.1215
vn -0.7363 -0.1741 0.6539
vn -0.9476 -0.2867 -0.1409
vn -0.7327 -0.2148 0.6458
vn -0.9239 -0.3453 -0.1648
vn -0.7262 -0.2633 0.6350
vn -0.8901 -0.4124 -0.1939
vn -0.7140 -0.3214 0.6221
vn -0.8407 -0.4908 -0.2290
vn -0.6922 -0.3935 0.6050
vn -0.7670 -0.5818 -0.2708
vn -0.6522 -0.4833 0.5840
vn -0.6566 -0.6838 -0.3183
vn -0.5803 -0.5929 0.5583
vn -0.4942 -0.7880 -0.3672
vn -0.4549 -0.7158 0.5298
vn -0.2701 -0.8725 -0.4072
vn -0.2563 -0.8241 0.5051
vn -0.0000 -0.9061 -0.4230
vn 0.2573 -0.8231 0.5062
vn -0.0000 -0.8690 0.4949
vn 0.4549 -0.7158 0.5298
vn 0.2701 -0.8725 -0.4072
vn 0.5803 -0.5929 0.5583
vn 0.4942 -0.7880 -0.3672
vn 0.6522 -0.4833 0.5840
vn 0.6566 -0.6838 -0.3183
vn 0.6922 -0.3935 0.6050
vn 0.7670 -0.5818 -0.2708
vn 0.7140 -0.3214 0.6221
vn 0.8407 -0.4908 -0.2290
vn 0.7262 -0.2633 0.6350
vn 0.8901 -0.4124 -0.1939
vn 0.7327 -0.2148 0.6458
vn 0.9239 -0.3453 -0.1648
vn 0.7363 -0.1741 0.6539
vn 0.9476 -0.2867 -0.1409
vn 0.7379 -0.1386 0.6606
vn 0.9643 -0.2354 -0.1215
vn 0.7387 -0.1070 0.6655
vn 0.9762 -0.1895 -0.1058
vn 0.7388 -0.0780 0.6694
vn 0.9846 -0.1474 -0.0935
vn 0.7387 -0.0509 0.6721
vn 0.9906 -0.1082 -0.0842
vn 0.7385 -0.0253 0.6738
vn 0.9944 -0.0711 -0.0777
vn 0.7391 0.0021 0.6736
vn 0.9966 -0.0353 -0.0738
vn 0.9974 0.0024 -0.0725
vn 0.9963 0.0451 -0.0728
vn 0.7387 0.0332 0.6733
vn 0.9931 0.0910 -0.0740
vn 0.7373 0.0676 0.6722
vn 0.9875 0.1384 -0.0760
vn 0.7341 0.1032 0.6712
vn 0.9790 0.1881 -0.0789
vn 0.7291 0.1408 0.6697
vn 0.9670 0.2409 -0.0827
vn 0.7219 0.1807 0.6679
vn 0.9506 0.2979 -0.0877
vn 0.7122 0.2244 0.6652
vn 0.9281 0.3604 -0.0940
vn 0.6980 0.2726 0.6621
vn 0.8969 0.4303 -0.1018
vn 0.6785 0.3274 0.6576
vn 0.8540 0.5082 -0.1113
vn 0.6496 0.3891 0.6531
vn 0.7944 0.5948 -0.1227
vn 0.6096 0.4598 0.6457
vn 0.7102 0.6908 -0.1359
vn 0.5497 0.5393 0.6380
vn 0.5928 0.7912 -0.1502
vn 0.4633 0.6244 0.6288
vn 0.4340 0.8859 -0.1639
vn 0.3421 0.7062 0.6198
vn 0.2308 0.9570 -0.1755
vn 0.1841 0.7687 0.6125
vn -0.0000 0.9851 -0.1722
vn -0.2301 0.9585 -0.1682
vn -0.4313 0.8883 -0.1576
vn -0.5905 0.7941 -0.1439
vn -0.7083 0.6939 -0.1296
vn -0.7924 0.5987 -0.1164
vn -0.8529 0.5114 -0.1050
vn -0.8963 0.4330 -0.0954
vn -0.9276 0.3633 -0.0874
vn -0.9504 0.3004 -0.0809
vn -0.9671 0.2429 -0.0757
vn -0.9792 0.1896 -0.0717
vn -0.9878 0.1394 -0.0687
vn -0.9936 0.0917 -0.0666
vn -0.9968 0.0456 -0.0654
vn -0.9979 0.0019 -0.0651
vn -0.9971 -0.0380 -0.0666
vn -0.9946 -0.0763 -0.0710
vn -0.9901 -0.1162 -0.0782
vn -0.9834 -0.1582 -0.0886
vn -0.9738 -0.2029 -0.1023
vn -0.9603 -0.2521 -0.1196
vn -0.9415 -0.3062 -0.1409
vn -0.9151 -0.3672 -0.1668
vn -0.8774 -0.4370 -0.1978
vn -0.8234 -0.5167 -0.2345
vn -0.7451 -0.6068 -0.2768
vn -0.6308 -0.7053 -0.3234
vn -0.4683 -0.8026 -0.3696
vn -0.2538 -0.8781 -0.4056
vn -0.0000 -0.9076 -0.4198
vn 0.2538 -0.8781 -0.4056
vn 0.4683 -0.8026 -0.3696
vn 0.6308 -0.7053 -0.3234
vn 0.7451 -0.6068 -0.2768
vn 0.8234 -0.5167 -0.2345
vn 0.8774 -0.4370 -0.1978
vn 0.9151 -0.3672 -0.1668
vn 0.9415 -0.3062 -0.1409
vn 0.9603 -0.2521 -0.1196
vn 0.9738 -0.2029 -0.1023
vn 0.9834 -0.1582 -0.0886
vn 0.9901 -0.1162 -0.0782
vn 0.9946 -0.0763 -0.0710
vn 0.9971 -0.0380 -0.0666
vn 0.9979 0.0019 -0.0651
vn 0.9968 0.0456 -0.0654
vn 0.9936 0.0917 -0.0666
vn 0.9878 0.1394 -0.0687
vn 0.9792 0.1896 -0.0717
vn 0.9672 0.2425 -0.0755
vn 0.9504 0.3004 -0.0809
vn 0.9276 0.3633 -0.0874
vn 0.8963 0.4330 -0.0954
vn 0.8529 0.5114 -0.1050
vn 0.7924 0.5987 -0.1164
vn 0.7083 0.6939 -0.1296
vn 0.5905 0.7941 -0.1439
vn 0.4308 0.8885 -0.1581
vn 0.2301 0.9585 -0.1682
vn -0.0000 0.9840 -0.1780
vn -0.2280 0.9580 -0.1740
vn -0.4285 0.8886 -0.1635
vn -0.5875 0.7954 -0.1491
vn -0.7053 0.6961 -0.1343
vn -0.7903 0.6007 -0.1209
vn -0.8510 0.5138 -0.1089
vn -0.8947 0.4356 -0.0988
vn -0.9264 0.3656 -0.0905
vn -0.9496 0.3021 -0.0837
vn -0.9666 0.2441 -0.0783
vn -0.9788 0.1910 -0.0740
vn -0.9876 0.1403 -0.0708
vn -0.9933 0.0926 -0.0688
vn -0.9967 0.0460 -0.0673
vn -0.9978 0.0013 -0.0669
vn -0.9968 -0.0408 -0.0687
vn -0.9939 -0.0818 -0.0737
vn -0.9888 -0.1244 -0.0820
vn -0.9811 -0.1694 -0.0938
vn -0.9700 -0.2171 -0.1095
vn -0.9545 -0.2687 -0.1292
vn -0.9330 -0.3256 -0.1534
vn -0.9030 -0.3890 -0.1822
vn -0.8612 -0.4599 -0.2163
vn -0.8022 -0.5395 -0.2557
vn -0.7186 -0.6273 -0.3002
vn -0.6008 -0.7199 -0.3475
vn -0.4407 -0.8075 -0.3921
vn -0.2355 -0.8734 -0.4262
vn -0.0000 -0.8984 -0.4391
vn 0.2355 -0.8734 -0.4262
vn 0.4404 -0.8075 -0.3925
vn 0.6008 -0.7199 -0.3475
vn 0.7186 -0.6273 -0.3002
vn 0.8022 -0.5395 -0.2557
vn 0.8612 -0.4599 -0.2163
vn 0.9030 -0.3890 -0.1822
vn 0.9330 -0.3256 -0.1534
vn 0.9545 -0.2687 -0.1292
vn 0.9700 -0.2171 -0.1095
vn 0.9811 -0.1694 -0.0938
vn 0.9888 -0.1244 -0.0820
vn 0.9939 -0.0818 -0.0737
vn 0.9968 -0.0408 -0.0687
vn 0.9978 0.0013 -0.0669
vn 0.9967 0.0460 -0.0673
vn 0.9934 0.0923 -0.0684
vn 0.9876 0.1403 -0.0708
vn 0.9788 0.1910 -0.0740
vn 0.9664 0.2446 -0.0785
vn 0.9496 0.3021 -0.0837
vn 0.9264 0.3656 -0.0905
vn 0.8947 0.4356 -0.0988
vn 0.8510 0.5138 -0.1089
vn 0.7899 0.6012 -0.1210
vn 0.7053 0.6961 -0.1343
vn 0.5875 0.7955 -0.1486
vn 0.4287 0.8886 -0.1631
vn 0.2280 0.9580 -0.1740
vn -0.0000 0.9683 -0.2498
vn -0.2234 0.9435 -0.2447
vn -0.4217 0.8760 -0.2340
vn -0.5789 0.7843 -0.2232
vn -0.6942 0.6886 -0.2095
vn -0.7785 0.5983 -0.1896
vn -0.8420 0.5125 -0.1687
vn -0.8883 0.4313 -0.1579
vn -0.9195 0.3583 -0.1614
vn -0.9400 0.2968 -0.1682
vn -0.9555 0.2446 -0.1648
vn -0.9694 0.1951 -0.1491
vn -0.9808 0.1424 -0.1334
vn -0.9872 0.0889 -0.1324
vn -0.9885 0.0397 -0.1462
vn -0.9878 0.0010 -0.1558
vn -0.9885 -0.0353 -0.1467
vn -0.9877 -0.0801 -0.1340
vn -0.9821 -0.1290 -0.1370
vn -0.9718 -0.1770 -0.1558
vn -0.9590 -0.2218 -0.1761
vn -0.9451 -0.2691 -0.1853
vn -0.9272 -0.3255 -0.1852
vn -0.8994 -0.3938 -0.1897
vn -0.8571 -0.4706 -0.2096
vn -0.7972 -0.5527 -0.2429
vn -0.7158 -0.6409 -0.2772
vn -0.6026 -0.7368 -0.3067
vn -0.4446 -0.8315 -0.3329
vn -0.2377 -0.9036 -0.3565
vn -0.0000 -0.9303 -0.3669
vn 0.2381 -0.9029 -0.3578
vn 0.4424 -0.8332 -0.3319
vn 0.6020 -0.7416 -0.2962
vn 0.7200 -0.6420 -0.2634
vn 0.8012 -0.5471 -0.2427
vn 0.8555 -0.4642 -0.2292
vn 0.8937 -0.3957 -0.2114
vn 0.9238 -0.3349 -0.1854
vn 0.9477 -0.2757 -0.1606
vn 0.9643 -0.2177 -0.1506
vn 0.9736 -0.1658 -0.1567
vn 0.9787 -0.1225 -0.1649
vn 0.9833 -0.0855 -0.1608
vn 0.9884 -0.0471 -0.1443
vn 0.9909 0.0010 -0.1343
vn 0.9882 0.0516 -0.1441
vn 0.9827 0.0943 -0.1593
vn 0.9776 0.1359 -0.1610
vn 0.9715 0.1840 -0.1494
vn 0.9606 0.2406 -0.1392
vn 0.9419 0.3034 -0.1441
vn 0.9158 0.3674 -0.1621
vn 0.8833 0.4332 -0.1794
vn 0.8416 0.5066 -0.1872
vn 0.7828 0.5928 -0.1891
vn 0.6974 0.6893 -0.1964
vn 0.5776 0.7880 -0.2134
vn 0.4196 0.8773 -0.2330
vn 0.2241 0.9430 -0.2459
vn 0.0198 0.9996 -0.0205
vn -0.2985 0.9544 -0.0090
vn -0.5570 0.8303 -0.0213
vn -0.6380 0.7694 -0.0314
vn -0.6609 0.7501 -0.0232
vn -0.7447 0.6673 -0.0123
vn -0.8840 0.4665 -0.0309
vn -0.9660 0.2430 -0.0889
vn -0.9727 0.1832 -0.1427
vn -0.9492 0.2755 -0.1521
vn -0.9267 0.3552 -0.1225
vn -0.9484 0.3027 -0.0948
vn -0.9872 0.1189 -0.1065
vn -0.9861 -0.0601 -0.1550
vn -0.9772 -0.0887 -0.1927
vn -0.9776 -0.0105 -0.2104
vn -0.9757 0.0839 -0.2025
vn -0.9862 0.0544 -0.1562
vn -0.9894 -0.1029 -0.1026
vn -0.9598 -0.2687 -0.0811
vn -0.9424 -0.3186 -0.1021
vn -0.9597 -0.2476 -0.1331
vn -0.9780 -0.1629 -0.1301
vn -0.9745 -0.2126 -0.0715
vn -0.9086 -0.4175 0.0123
vn -0.7854 -0.6162 0.0593
vn -0.7064 -0.7050 0.0625
vn -0.6843 -0.7267 0.0599
vn -0.6056 -0.7917 0.0805
vn -0.3340 -0.9355 0.1155
vn 0.0216 -0.9936 0.1110
vn 0.2606 -0.9612 0.0900
vn 0.4566 -0.8869 0.0703
vn 0.6957 -0.7181 0.0188
vn 0.8733 -0.4823 -0.0691
vn 0.9162 -0.3818 -0.1215
vn 0.8931 -0.4354 -0.1131
vn 0.8732 -0.4810 -0.0786
vn 0.9078 -0.4145 -0.0643
vn 0.9675 -0.2337 -0.0967
vn 0.9856 -0.0610 -0.1575
vn 0.9791 -0.0282 -0.2014
vn 0.9733 -0.1168 -0.1977
vn 0.9682 -0.1966 -0.1549
vn 0.9810 -0.1562 -0.1149
vn 0.9948 0.0065 -0.1013
vn 0.9774 0.1766 -0.1161
vn 0.9623 0.2208 -0.1588
vn 0.9707 0.1304 -0.2018
vn 0.9788 0.0316 -0.2022
vn 0.9845 0.0715 -0.1599
vn 0.9573 0.2660 -0.1133
vn 0.8820 0.4603 -0.1010
vn 0.8412 0.5257 -0.1263
vn 0.8652 0.4753 -0.1597
vn 0.8916 0.4220 -0.1642
vn 0.8386 0.5302 -0.1247
vn 0.6456 0.7604 -0.0705
vn 0.4110 0.9106 -0.0443
vn 0.2314 0.9722 -0.0350
vn 0.0822 0.9584 0.2734
vn -0.7596 0.5916 0.2700
vn -0.9916 0.0561 0.1167
vn -0.8586 0.4755 0.1916
vn -0.6133 0.7513 0.2440
vn -0.6768 0.6949 0.2430
vn -0.9495 0.2716 0.1574
vn -0.9645 -0.2640 -0.0063
vn -0.9496 -0.3018 -0.0845
vn -0.9918 0.1163 -0.0532
vn -0.8794 0.4758 0.0128
vn -0.8932 0.4480 0.0377
vn -0.9987 0.0498 0.0053
vn -0.9360 -0.3476 -0.0565
vn -0.9318 -0.3444 -0.1149
vn -0.9899 -0.0286 -0.1388
vn -0.9502 0.2893 -0.1163
vn -0.9551 0.2886 -0.0678
vn -0.9991 -0.0411 0.0094
vn -0.9239 -0.3767 0.0670
vn -0.9143 -0.4020 0.0493
vn -0.9943 -0.0975 -0.0433
vn -0.9617 0.2486 -0.1152
vn -0.9753 0.2182 -0.0356
vn -0.9542 -0.2277 0.1941
vn -0.7183 -0.6001 0.3520
vn -0.6596 -0.6544 0.3697
vn -0.8759 -0.4019 0.2670
vn -0.9914 -0.0445 0.1234
vn -0.7546 -0.5307 0.3860
vn 0.0936 -0.8794 0.4668
vn 0.2956 -0.8564 0.4232
vn 0.3883 -0.8316 0.3970
vn 0.7691 -0.5978 0.2261
vn 0.9930 -0.0819 -0.0846
vn 0.9828 0.0324 -0.1817
vn 0.9406 -0.3382 -0.0282
vn 0.7926 -0.5984 0.1170
vn 0.8203 -0.5572 0.1291
vn 0.9750 -0.2213 0.0197
vn 0.9802 0.1615 -0.1146
vn 0.9672 0.1921 -0.1664
vn 0.9852 -0.1065 -0.1343
vn 0.9247 -0.3745 -0.0688
vn 0.9410 -0.3372 -0.0275
vn 0.9995 0.0256 -0.0158
vn 0.9146 0.4030 -0.0334
vn 0.8921 0.4447 -0.0795
vn 0.9821 0.1274 -0.1386
vn 0.9601 -0.2353 -0.1513
vn 0.9752 -0.1972 -0.1002
vn 0.9648 0.2629 -0.0061
vn 0.7661 0.6401 0.0575
vn 0.7314 0.6811 0.0341
vn 0.9148 0.3965 -0.0774
vn 0.9834 -0.0400 -0.1771
vn 0.9903 0.0969 -0.0991
vn 0.7275 0.6770 0.1117
vn 0.3450 0.9117 0.2231
vn 0.2613 0.9351 0.2394
vn 0.4255 0.8953 0.1318
vn -0.9601 0.1921 0.2030
vn -0.6714 -0.7362 -0.0846
vn -0.9929 0.0567 0.1042
vn -0.6122 0.7599 0.2188
vn -0.6527 0.7247 0.2210
vn -0.9839 0.1090 0.1419
vn -0.8113 -0.5837 -0.0324
vn -0.7972 -0.5974 -0.0870
vn -0.9985 -0.0335 -0.0424
vn -0.8399 0.5416 0.0348
vn -0.8408 0.5385 0.0552
vn -0.9998 -0.0030 0.0195
vn -0.8487 -0.5281 -0.0294
vn -0.8488 -0.5236 -0.0728
vn -0.9930 -0.0468 -0.1082
vn -0.9038 0.4181 -0.0908
vn -0.9014 0.4301 -0.0507
vn -0.9998 -0.0001 0.0223
vn -0.8955 -0.4374 0.0820
vn -0.8970 -0.4373 0.0636
vn -0.9983 0.0326 -0.0492
vn -0.8596 0.4929 -0.1351
vn -0.8755 0.4770 -0.0771
vn -0.9821 -0.0972 0.1612
vn -0.7242 -0.6143 0.3133
vn -0.6922 -0.6471 0.3196
vn -0.9944 -0.0381 0.0982
vn -0.7514 0.6366 -0.1735
vn -0.9430 -0.2109 0.2576
vn 0.4623 -0.8442 0.2713
vn 0.6555 -0.7287 0.1981
vn 0.3818 -0.8721 0.3059
vn 0.8383 -0.5323 0.1183
vn 0.9617 0.1913 -0.1966
vn 0.9178 0.2943 -0.2665
vn 0.9609 -0.2616 -0.0912
vn 0.7368 -0.6684 0.1019
vn 0.7552 -0.6441 0.1217
vn 0.9729 -0.2306 0.0173
vn 0.9508 0.2877 -0.1148
vn 0.9330 0.3263 -0.1519
vn 0.9896 -0.0954 -0.1080
vn 0.8768 -0.4795 -0.0357
vn 0.8938 -0.4485 -0.0034
vn 0.9989 0.0479 0.0021
vn 0.8347 0.5506 -0.0093
vn 0.8094 0.5856 -0.0445
vn 0.9866 0.1212 -0.1095
vn 0.9013 -0.4132 -0.1302
vn 0.9246 -0.3688 -0.0955
vn 0.9621 0.2725 -0.0067
vn 0.6645 0.7449 0.0597
vn 0.6379 0.7692 0.0365
vn 0.9407 0.3196 -0.1134
vn 0.9008 -0.3702 -0.2271
vn 0.9523 -0.2480 -0.1777
vn 0.8040 0.5937 0.0324
vn 0.3089 0.9363 0.1670
vn 0.5800 0.8098 0.0885
vn 0.8728 0.4802 -0.0872
vn -0.9781 0.1017 0.1817
vn -0.4657 -0.8839 -0.0424
vn -0.9873 -0.1183 0.1056
vn -0.6263 0.7623 0.1633
vn -0.6588 0.7347 0.1620
vn -0.9927 -0.0175 0.1194
vn -0.6792 -0.7339 -0.0063
vn -0.6781 -0.7338 -0.0416
vn -0.9912 -0.1314 -0.0173
vn -0.8233 0.5670 0.0253
vn -0.8135 0.5805 0.0352
vn -0.9986 -0.0509 0.0148
vn -0.7738 -0.6328 -0.0276
vn -0.7830 -0.6190 -0.0616
vn -0.9945 -0.0615 -0.0844
vn -0.8646 0.4983 -0.0638
vn -0.8555 0.5168 -0.0314
vn -0.9991 0.0392 0.0154
vn -0.8836 -0.4653 0.0523
vn -0.8913 -0.4514 0.0433
vn -0.9934 0.1122 -0.0246
vn -0.7798 0.6214 -0.0761
vn -0.7841 0.6195 -0.0381
vn -0.9924 0.0112 0.1226
vn -0.7505 -0.6224 0.2222
vn -0.7271 -0.6471 0.2293
vn -0.9884 0.1240 0.0876
vn -0.5772 0.8094 -0.1083
vn -0.9713 -0.1260 0.2018
vn 0.8237 -0.5670 0.0019
vn 0.9415 -0.3216 -0.1005
vn 0.3652 -0.9174 0.1578
vn 0.8560 -0.5170 0.0011
vn 0.9299 0.3085 -0.2002
vn 0.8947 0.3871 -0.2228
vn 0.9574 -0.2669 -0.1104
vn 0.6831 -0.7296 0.0322
vn 0.7030 -0.7094 0.0514
vn 0.9674 -0.2528 -0.0160
vn 0.9350 0.3429 -0.0909
vn 0.9159 0.3866 -0.1082
vn 0.9908 -0.1085 -0.0811
vn 0.8354 -0.5489 -0.0297
vn 0.8565 -0.5162 -0.0064
vn 0.9980 0.0627 -0.0022
vn 0.7738 0.6334 -0.0093
vn 0.7429 0.6685 -0.0335
vn 0.9872 0.1367 -0.0818
vn 0.8648 -0.4939 -0.0906
vn 0.8936 -0.4424 -0.0754
vn 0.9539 0.2985 -0.0302
vn 0.5877 0.8090 0.0159
vn 0.5624 0.8269 -0.0030
vn 0.9395 0.3192 -0.1245
vn 0.8535 -0.4859 -0.1883
vn 0.9029 -0.3926 -0.1750
vn 0.8266 0.5606 -0.0491
vn 0.2780 0.9577 0.0737
vn 0.9476 0.2893 -0.1357
vn 0.9023 0.4089 -0.1368
vn -0.9882 0.0622 0.1402
vn -0.3809 -0.9246 -0.0080
vn -0.9704 -0.2216 0.0956
vn -0.6739 0.7307 0.1097
vn -0.6928 0.7138 0.1029
vn -0.9905 -0.1089 0.0842
vn -0.6015 -0.7988 0.0090
vn -0.6066 -0.7949 -0.0131
vn -0.9806 -0.1959 -0.0050
vn -0.8243 0.5660 0.0150
vn -0.8058 0.5919 0.0194
vn -0.9961 -0.0878 0.0080
vn -0.7238 -0.6899 -0.0117
vn -0.7434 -0.6681 -0.0311
vn -0.9962 -0.0702 -0.0514
vn -0.8376 0.5451 -0.0371
vn -0.8246 0.5655 -0.0175
vn -0.9975 0.0701 0.0079
vn -0.8824 -0.4697 0.0275
vn -0.8949 -0.4457 0.0235
vn -0.9856 0.1688 -0.0105
vn -0.7254 0.6876 -0.0320
vn -0.7235 0.6903 -0.0068
vn -0.9922 0.0936 0.0817
vn -0.7907 -0.5970 0.1358
vn -0.7809 -0.6070 0.1475
vn -0.9699 0.2307 0.0781
vn -0.4908 0.8702 -0.0440
vn -0.9859 -0.0815 0.1459
vn 0.8427 -0.5319 -0.0836
vn 0.9646 -0.2433 -0.1014
vn 0.3415 -0.9375 0.0663
vn 0.8384 -0.5435 -0.0406
vn 0.9392 0.3067 -0.1546
vn 0.9091 0.3872 -0.1537
vn 0.9494 -0.3005 -0.0911
vn 0.6451 -0.7641 -0.0049
vn 0.6653 -0.7465 0.0101
vn 0.9585 -0.2837 -0.0276
vn 0.9349 0.3492 -0.0639
vn 0.9135 0.4011 -0.0681
vn 0.9904 -0.1274 -0.0529
vn 0.8092 -0.5871 -0.0224
vn 0.8339 -0.5519 -0.0078
vn 0.9975 0.0705 -0.0057
vn 0.7385 0.6742 -0.0087
vn 0.7031 0.7107 -0.0232
vn 0.9858 0.1590 -0.0532
vn 0.8545 -0.5161 -0.0589
vn 0.8894 -0.4538 -0.0554
vn 0.9420 0.3336 -0.0362
vn 0.5405 0.8413 -0.0063
vn 0.5165 0.8561 -0.0191
vn 0.9298 0.3549 -0.0972
vn 0.8613 -0.4903 -0.1333
vn 0.9092 -0.3924 -0.1390
vn 0.8059 0.5878 -0.0704
vn 0.2551 0.9666 0.0230
vn 0.9734 0.1961 -0.1187
vn 0.9122 0.3943 -0.1113
vn -0.9931 0.0428 0.1090
vn -0.3499 -0.9367 0.0139
vn -0.9537 -0.2900 0.0802
vn -0.7251 0.6839 0.0810
vn -0.7189 0.6919 0.0666
vn -0.9834 -0.1711 0.0609
vn -0.5547 -0.8319 0.0156
vn -0.5655 -0.8247 0.0030
vn -0.9724 -0.2335 0.0040
vn -0.8268 0.5624 0.0124
vn -0.8015 0.5979 0.0110
vn -0.9937 -0.1122 0.0061
vn -0.6920 -0.7219 -0.0042
vn -0.7153 -0.6986 -0.0155
vn -0.9967 -0.0753 -0.0302
vn -0.8181 0.5747 -0.0186
vn -0.8018 0.5976 -0.0065
vn -0.9957 0.0921 0.0059
vn -0.8806 -0.4736 0.0142
vn -0.8967 -0.4423 0.0156
vn -0.9794 0.2020 0.0018
vn -0.6911 0.7228 -0.0029
vn -0.6829 0.7304 0.0123
vn -0.9865 0.1526 0.0590
vn -0.8160 -0.5721 0.0822
vn -0.8224 -0.5602 0.0990
vn -0.9535 0.2927 0.0718
vn -0.4564 0.8898 0.0038
vn -0.9926 -0.0528 0.1094
vn 0.8453 -0.5277 -0.0838
vn 0.9662 -0.2401 -0.0941
vn 0.3336 -0.9427 0.0090
vn 0.8217 -0.5673 -0.0551
vn 0.9559 0.2709 -0.1137
vn 0.9225 0.3731 -0.0987
vn 0.9397 -0.3352 -0.0671
vn 0.6173 -0.7865 -0.0198
vn 0.6415 -0.7670 -0.0104
vn 0.9522 -0.3043 -0.0278
vn 0.9361 0.3496 -0.0401
vn 0.9115 0.4096 -0.0374
vn 0.9893 -0.1431 -0.0300
vn 0.7894 -0.6137 -0.0146
vn 0.8173 -0.5762 -0.0060
vn 0.9972 0.0747 -0.0049
vn 0.7145 0.6996 -0.0058
vn 0.6757 0.7371 -0.0139
vn 0.9840 0.1756 -0.0300
vn 0.8485 -0.5282 -0.0333
vn 0.8905 -0.4536 -0.0364
vn 0.9332 0.3580 -0.0310
vn 0.5134 0.8580 -0.0139
vn 0.4867 0.8733 -0.0213
vn 0.9179 0.3906 -0.0695
vn 0.8750 -0.4757 -0.0895
vn 0.9332 -0.3430 -0.1073
vn 0.7808 0.6214 -0.0654
vn 0.2480 0.9688 -0.0043
vn 0.9772 0.1856 -0.1026
vn 0.7628 0.1832 -0.6201
vn -0.6577 -0.6880 -0.3067
vn -0.0307 -0.6148 -0.7881
vn -0.3214 0.8690 0.3762
vn -0.2720 0.3489 0.8968
vn -0.3471 0.4258 0.8356
vn -0.1179 -0.6095 -0.7840
vn -0.6092 -0.6663 0.4300
vn -0.4689 -0.4693 0.7483
vn 0.4968 -0.1304 -0.8580
vn -0.4616 0.4245 0.7789
vn -0.5206 0.4691 0.7134
vn -0.1042 -0.8700 -0.4820
vn -0.6335 -0.5277 0.5659
vn -0.5347 -0.4470 0.7172
vn 0.5281 -0.2097 -0.8229
vn -0.6756 0.4624 0.5742
vn -0.7447 0.4699 0.4740
vn -0.4317 -0.8892 -0.1515
vn -0.7299 -0.3778 0.5697
vn -0.6426 -0.4272 0.6361
vn 0.2358 -0.7195 -0.6532
vn -0.5873 0.5229 0.6178
vn -0.6743 0.6197 0.4015
vn -0.6388 -0.7691 0.0209
vn -0.5487 -0.4081 0.7297
vn -0.4044 -0.4147 0.8151
vn -0.3055 -0.9519 0.0253
vn -0.1320 0.3878 0.9123
vn -0.8502 -0.5038 0.1529
vn 0.8974 -0.2935 -0.3293
vn 0.8187 -0.0015 -0.5743
vn 0.7918 -0.2323 -0.5648
vn 0.4616 -0.2634 -0.8471
vn 0.9217 -0.2491 0.2973
vn 0.7747 -0.5327 0.3406
vn 0.8623 -0.4864 -0.1411
vn 0.8513 -0.4549 -0.2615
vn 0.7798 -0.5799 -0.2360
vn 0.6318 -0.0522 -0.7734
vn 0.9701 -0.0740 0.2313
vn 0.9355 -0.3186 0.1525
vn 0.9620 -0.1923 -0.1939
vn 0.9731 -0.2061 -0.1031
vn 0.9420 -0.3346 -0.0247
vn 0.5533 0.2557 -0.7928
vn 0.9799 0.1682 -0.1072
vn 0.9847 -0.0525 -0.1664
vn 0.9463 0.1302 -0.2958
vn 0.9144 0.3702 0.1635
vn 0.9877 0.0535 0.1468
vn 0.4443 0.3966 -0.8033
vn 0.8150 0.4481 -0.3674
vn 0.8990 0.2164 -0.3808
vn 0.8801 0.4192 -0.2228
vn 0.7604 0.5181 0.3916
vn 0.9720 0.1413 0.1878
vn 0.2422 0.4601 -0.8542
vn 0.7557 0.1220 -0.6435
vn 0.7240 0.2538 -0.6414
vn -0.0000 -0.0000 1.0000
vn 0.7239 0.6326 0.2753
vn 0.6372 0.7222 -0.2690
vn -0.0998 0.9882 0.1165
vn 0.4714 0.7795 0.4124
vn -0.5533 0.7829 0.2846
vn 0.2517 0.8061 0.5356
vn -0.5688 0.7858 0.2429
vn 0.1026 0.7740 0.6248
vn -0.5262 0.8263 0.2009
vn 0.0091 0.7193 0.6946
vn -0.5745 0.7818 0.2423
vn -0.0556 0.6509 0.7572
vn -0.6870 0.6361 0.3513
vn -0.1481 0.4940 0.8568
vn -0.1052 0.5763 0.8104
vn -0.1810 0.3957 0.9004
vn -0.7645 0.4649 0.4465
vn -0.1919 0.2750 0.9421
vn -0.7816 0.3999 0.4787
vn -0.1622 0.1073 0.9809
vn -0.7612 0.4611 0.4560
vn -0.0597 -0.1247 0.9904
vn -0.7316 0.4819 0.4823
vn 0.1282 -0.3721 0.9193
vn -0.6606 0.0413 0.7496
vn -0.1882 -0.7054 0.6833
vn 0.1574 -0.9151 0.3713
vn 0.3600 -0.5199 0.7746
vn 0.3297 -0.9296 0.1649
vn 0.5525 -0.5475 0.6284
vn 0.5318 -0.8394 -0.1121
vn 0.6886 -0.5179 0.5075
vn 0.6556 -0.6743 -0.3398
vn 0.7803 -0.4742 0.4078
vn 0.6755 -0.6025 -0.4251
vn 0.8430 -0.4219 0.3338
vn 0.6442 -0.6456 -0.4101
vn 0.9316 -0.2736 0.2395
vn 0.8921 -0.3557 0.2785
vn 0.9617 -0.1703 0.2148
vn 0.6273 -0.6835 -0.3733
vn 0.9803 -0.0290 0.1951
vn 0.7024 -0.5947 -0.3911
vn 0.9719 0.1546 0.1777
vn 0.8355 -0.3139 -0.4510
vn 0.9016 0.3892 0.1889
vn 0.8844 0.0409 -0.4650
vn 0.8525 0.3015 -0.4269
vn 0.7722 0.5582 -0.3034
vn -0.4192 0.8318 0.3637
vn -0.8364 0.3274 0.4395
vn -0.7174 0.6023 0.3500
vn -0.5520 0.7996 0.2363
vn -0.5504 0.8018 0.2325
vn -0.6811 0.6414 0.3532
vn -0.7630 0.4531 0.4611
vn -0.7639 0.4525 0.4600
vn -0.6907 0.6555 0.3054
vn -0.5590 0.8200 0.1229
vn -0.6406 0.4416 0.6282
vn 0.0044 -0.7933 0.6089
vn 0.3454 -0.9242 0.1630
vn 0.3384 -0.9238 0.1792
vn 0.5542 -0.8206 -0.1396
vn 0.6883 -0.6003 -0.4074
vn 0.7031 -0.5283 -0.4761
vn 0.6394 -0.6500 -0.4106
vn 0.5643 -0.7584 -0.3262
vn 0.6388 -0.6825 -0.3551
vn 0.8254 -0.3407 -0.4502
vn 0.8857 0.0723 -0.4585
vn 0.8828 0.0555 -0.4665
vn 0.7229 0.5979 -0.3463
vn -0.5966 0.6484 0.4730
vn -0.8589 0.0816 0.5056
vn -0.7798 0.4661 0.4179
vn -0.5850 0.7635 0.2737
vn -0.5498 0.8014 0.2355
vn -0.6803 0.6431 0.3515
vn -0.7603 0.4595 0.4591
vn -0.7387 0.5073 0.4438
vn -0.6102 0.7569 0.2338
vn -0.4022 0.9153 -0.0225
vn -0.5837 0.6717 0.4563
vn -0.0829 -0.7955 0.6003
vn 0.3584 -0.9334 -0.0195
vn 0.2641 -0.9479 0.1781
vn 0.5089 -0.8503 -0.1344
vn 0.6764 -0.6094 -0.4137
vn 0.7157 -0.5163 -0.4703
vn 0.6535 -0.6488 -0.3899
vn 0.5621 -0.7682 -0.3065
vn 0.6358 -0.6766 -0.3714
vn 0.8217 -0.2930 -0.4889
vn 0.8514 0.1328 -0.5074
vn 0.8234 -0.0802 -0.5617
vn 0.2975 0.6421 -0.7065
vn -0.8802 -0.4596 -0.1185
vn -0.5434 -0.0155 0.8393
vn -0.4742 0.7462 0.4673
vn -0.1604 0.9026 0.3994
vn -0.5218 0.6806 0.5143
vn -0.8506 -0.4491 0.2733
vn -0.5445 0.7306 0.4119
vn -0.6382 0.7666 0.0703
vn -0.1178 0.9839 -0.1346
vn 0.0141 0.9824 0.1863
vn -0.6722 -0.1942 0.7144
vn -0.4571 -0.8022 0.3842
vn 0.4205 -0.8244 -0.3788
vn 0.1941 -0.9733 0.1223
vn 0.2986 -0.6896 0.6597
vn 0.8552 -0.3231 -0.4052
vn 0.8010 -0.3796 -0.4630
vn 0.7434 -0.4836 -0.4621
vn 0.6194 -0.7573 -0.2069
vn 0.6771 -0.7320 -0.0754
vn 0.6638 -0.7330 0.1486
vn 0.7992 0.1186 -0.5892
vn 0.7617 -0.0377 -0.6468
vn 0.5653 0.1735 0.8064
vn 0.0998 0.9882 0.1163
vn -0.6373 0.7222 -0.2689
vn -0.7239 0.6325 0.2755
vn 0.5533 0.7829 0.2846
vn -0.4716 0.7795 0.4124
vn 0.5685 0.7859 0.2431
vn -0.2513 0.8061 0.5358
vn 0.5262 0.8263 0.2009
vn -0.1026 0.7740 0.6248
vn 0.5745 0.7818 0.2423
vn -0.0091 0.7193 0.6947
vn 0.6870 0.6361 0.3513
vn 0.0553 0.6502 0.7577
vn 0.1052 0.5763 0.8104
vn 0.1481 0.4940 0.8568
vn 0.7645 0.4652 0.4464
vn 0.1810 0.3957 0.9004
vn 0.7816 0.3999 0.4787
vn 0.1924 0.2751 0.9419
vn 0.7612 0.4614 0.4558
vn 0.1620 0.1073 0.9809
vn 0.7316 0.4819 0.4823
vn 0.0596 -0.1246 0.9904
vn 0.6606 0.0413 0.7496
vn -0.1282 -0.3721 0.9193
vn -0.1574 -0.9151 0.3712
vn 0.1882 -0.7054 0.6833
vn -0.3297 -0.9296 0.1649
vn -0.3600 -0.5199 0.7746
vn -0.5318 -0.8394 -0.1121
vn -0.5525 -0.5475 0.6284
vn -0.6556 -0.6743 -0.3398
vn -0.6886 -0.5179 0.5075
vn -0.6755 -0.6025 -0.4251
vn -0.7803 -0.4742 0.4078
vn -0.6442 -0.6456 -0.4101
vn -0.8430 -0.4219 0.3338
vn -0.8920 -0.3561 0.2784
vn -0.9316 -0.2736 0.2395
vn -0.6272 -0.6837 -0.3731
vn -0.9617 -0.1703 0.2148
vn -0.7024 -0.5947 -0.3911
vn -0.9803 -0.0288 0.1952
vn -0.8356 -0.3136 -0.4511
vn -0.9720 0.1545 0.1771
vn -0.8844 0.0409 -0.4650
vn -0.9018 0.3887 0.1887
vn -0.8525 0.3015 -0.4269
vn 0.4192 0.8318 0.3637
vn -0.7723 0.5582 -0.3032
vn 0.8364 0.3274 0.4395
vn 0.7174 0.6023 0.3500
vn 0.5520 0.7996 0.2363
vn 0.5504 0.8018 0.2325
vn 0.6811 0.6414 0.3532
vn 0.7630 0.4531 0.4611
vn 0.7639 0.4525 0.4600
vn 0.6907 0.6555 0.3054
vn 0.5590 0.8200 0.1230
vn 0.6406 0.4417 0.6281
vn -0.3454 -0.9242 0.1630
vn -0.0044 -0.7932 0.6090
vn -0.3384 -0.9238 0.1792
vn -0.5542 -0.8206 -0.1396
vn -0.6883 -0.6003 -0.4074
vn -0.7031 -0.5283 -0.4761
vn -0.6394 -0.6500 -0.4106
vn -0.5643 -0.7584 -0.3262
vn -0.6388 -0.6825 -0.3551
vn -0.8254 -0.3407 -0.4502
vn -0.8857 0.0723 -0.4585
vn -0.8828 0.0555 -0.4665
vn -0.7229 0.5979 -0.3463
vn 0.8589 0.0816 0.5056
vn 0.5965 0.6484 0.4731
vn 0.7798 0.4661 0.4179
vn 0.5850 0.7635 0.2737
vn 0.5498 0.8014 0.2355
vn 0.7603 0.4595 0.4591
vn 0.6803 0.6431 0.3515
vn 0.7387 0.5073 0.4438
vn 0.6102 0.7569 0.2338
vn 0.4022 0.9153 -0.0225
vn 0.0829 -0.7958 0.5998
vn 0.5837 0.6717 0.4563
vn -0.2641 -0.9480 0.1777
vn -0.3584 -0.9334 -0.0195
vn -0.5089 -0.8503 -0.1344
vn -0.6764 -0.6094 -0.4137
vn -0.7157 -0.5163 -0.4703
vn -0.5621 -0.7682 -0.3065
vn -0.6535 -0.6488 -0.3899
vn -0.6358 -0.6766 -0.3714
vn -0.8217 -0.2930 -0.4889
vn -0.8514 0.1328 -0.5074
vn -0.8234 -0.0802 -0.5617
vn -0.2754 0.6695 -0.6899
vn 0.7109 0.6511 -0.2657
vn 0.4733 0.6785 0.5618
vn 0.2947 0.8410 -0.4537
vn 0.2718 0.8584 0.4351
vn 0.1189 0.9297 0.3487
vn 0.4354 0.6734 -0.5975
vn 0.5344 0.6739 0.5101
vn 0.6407 0.7122 -0.2870
vn 0.1314 0.5044 -0.8534
vn -0.2862 0.9578 -0.0249
vn 0.1647 -0.7634 0.6246
vn 0.4608 0.6757 0.5754
vn 0.8082 -0.5714 -0.1426
vn -0.4446 -0.6675 -0.5973
vn 0.8063 -0.5577 0.1971
vn -0.7039 -0.6942 0.1504
vn -0.6484 -0.7586 -0.0635
vn 0.4287 -0.8133 -0.3933
vn -0.6298 0.0456 -0.7755
vn 0.4922 -0.6520 -0.5768
vn 0.4447 -0.7386 -0.5068
vn -0.8139 -0.2972 -0.4992
vn -0.6756 0.3518 -0.6479
vn -0.5655 0.1734 0.8063
vn -0.0000 0.8001 -0.5999
vn 0.9190 -0.0000 -0.3942
vn -0.0000 -0.0000 -1.0000
vn 0.4612 -0.7099 0.5323
vn 0.6154 -0.0000 0.7882
vn -0.6154 -0.0001 0.7882
vn -0.4612 -0.7099 0.5323
vn -0.9190 -0.0000 -0.3942
vn -0.0000 0.9610 -0.2767
vn 0.8406 0.4333 -0.3249
vn 0.7191 0.6678 -0.1923
vn 0.3274 -0.9080 0.2615
vn -0.3274 -0.9080 0.2615
vn -0.8407 0.4333 -0.3249
vn -0.0000 0.9966 -0.0821
vn 0.6523 0.7554 -0.0623
vn 0.2769 -0.9576 0.0789
vn -0.2770 -0.9576 0.0789
vn -0.7191 0.6678 -0.1923
vn -0.6523 0.7554 -0.0623
vn -0.0000 0.9966 0.0821
vn 0.6523 0.7554 0.0623
vn 0.2769 -0.9576 -0.0789
vn -0.6523 0.7554 0.0623
vn -0.0000 0.9610 0.2767
vn 0.3274 -0.9080 -0.2615
vn -0.2769 -0.9576 -0.0789
vn -0.3274 -0.9080 -0.2615
vn -0.7191 0.6678 0.1923
vn 0.8407 0.4333 0.3249
vn 0.7191 0.6678 0.1923
vn 0.4612 -0.7099 -0.5323
vn -0.8407 0.4333 0.3249
vn -0.0000 0.8001 0.5999
vn 0.9190 -0.0000 0.3942
vn 0.6154 -0.0000 -0.7882
vn -0.4612 -0.7099 -0.5323
vn -0.6154 -0.0000 -0.7882
vn -0.9190 -0.0000 0.3942
vn -0.0000 -0.8001 0.5999
vn 0.8407 -0.4333 0.3249
vn 0.4612 0.7099 -0.5323
vn -0.4612 0.7099 -0.5323
vn -0.8407 -0.4333 0.3249
vn -0.0000 -0.9610 0.2767
vn 0.7191 -0.6678 0.1923
vn 0.3274 0.9080 -0.2615
vn -0.3274 0.9080 -0.2615
vn -0.0000 -0.9966 0.0821
vn 0.6523 -0.7554 0.0623
vn 0.2769 0.9576 -0.0789
vn -0.6523 -0.7554 0.0623
vn -0.7191 -0.6678 0.1923
vn -0.0000 -0.9966 -0.0821
vn 0.6523 -0.7554 -0.0623
vn 0.2769 0.9576 0.0789
vn -0.2769 0.9576 -0.0789
vn -0.2769 0.9576 0.0789
vn -0.6523 -0.7554 -0.0623
vn -0.0000 -0.9609 -0.2768
vn 0.3274 0.9080 0.2615
vn -0.3274 0.9080 0.2615
vn -0.7191 -0.6678 -0.1923
vn -0.0000 -0.8001 -0.5999
vn 0.7191 -0.6678 -0.1923
vn 0.8407 -0.4333 -0.3249
vn 0.4612 0.7099 0.5323
vn -0.4612 0.7099 0.5323
vn -0.8407 -0.4333 -0.3249
vn -0.4175 -0.9087 -0.0000
vn -0.7204 -0.6729 -0.1682
vn -0.3472 -0.9343 -0.0811
vn -0.7978 0.6029 -0.0000
vn -0.9738 -0.0000 -0.2274
vn -1.0000 -0.0000 -0.0000
vn -0.4175 0.9087 -0.0000
vn -0.0000 1.0000 -0.0000
vn -0.3472 0.9343 -0.0811
vn -0.0000 -1.0000 -0.0000
vn -0.7978 -0.6029 -0.0000
vn -0.7204 0.6729 -0.1682
vn -0.3545 -0.8668 -0.3506
vn -0.1392 -0.9806 -0.1377
vn -0.7109 -0.0000 -0.7033
vn -0.1392 0.9806 -0.1377
vn -0.3544 0.8668 -0.3507
vn 0.7109 -0.0000 -0.7033
vn 0.1392 0.9806 -0.1377
vn 0.1392 -0.9806 -0.1377
vn 0.3545 -0.8668 -0.3506
vn 0.3545 0.8668 -0.3507
vn 0.3472 0.9343 -0.0811
vn 0.3472 -0.9343 -0.0811
vn 0.9738 -0.0000 -0.2274
vn 0.7203 -0.6729 -0.1682
vn 0.7204 0.6729 -0.1682
vn 0.4175 -0.9087 -0.0000
vn 0.7978 -0.6029 -0.0000
vn 0.4175 0.9087 -0.0000
vn 0.7978 0.6029 -0.0000
vn 1.0000 -0.0000 -0.0000
vn 0.3472 -0.9343 0.0811
vn 0.9738 -0.0000 0.2274
vn 0.7204 -0.6729 0.1682
vn 0.7204 0.6729 0.1682
vn 0.3472 0.9343 0.0811
vn 0.1392 -0.9806 0.1377
vn 0.7108 -0.0000 0.7033
vn 0.3544 -0.8668 0.3507
vn 0.3544 0.8668 0.3507
vn 0.1392 0.9806 0.1377
vn -0.7109 -0.0000 0.7033
vn -0.3545 -0.8668 0.3506
vn -0.3545 0.8668 0.3507
vn -0.1392 -0.9806 0.1377
vn -0.1392 0.9806 0.1377
vn -0.7204 0.6729 0.1682
vn -0.3472 -0.9343 0.0811
vn -0.9738 -0.0000 0.2274
vn -0.3472 0.9343 0.0811
vn -0.7204 -0.6729 0.1682
s 1
f 1//1 3//2 2//3
f 4//4 1//1 5//5
f 6//6 4//4 7//7
f 8//8 6//6 9//9
f 10//10 8//8 11//11
f 12//12 10//10 13//13
f 14//14 12//12 15//15
f 16//16 14//14 17//17
f 18//18 16//16 19//19
f 20//20 18//18 21//21
f 22//22 20//20 23//23
f 24//24 22//22 25//25
f 26//26 24//24 27//27
f 28//28 26//26 29//29
f 30//30 28//28 31//31
f 30//30 33//32 32//33
f 34//34 32//33 35//35
f 36//36 35//35 37//37
f 38//38 37//37 39//39
f 40//40 39//39 41//41
f 42//42 41//41 43//43
f 44//44 43//43 45//45
f 46//46 45//45 47//47
f 48//48 47//47 49//49
f 50//50 49//49 51//51
f 52//52 51//51 53//53
f 54//54 53//53 55//55
f 56//56 55//55 57//57
f 58//58 57//57 59//59
f 60//60 59//59 61//61
f 62//62 63//63 61//61
f 64//64 62//62 65//65
f 66//66 64//64 67//67
f 68//68 66//66 69//69
f 70//70 68//68 71//71
f 72//72 70//70 73//73
f 74//74 72//72 75//75
f 76//76 74//74 77//77
f 78//78 76//76 79//79
f 80//80 78//78 81//81
f 82//82 80//80 83//83
f 84//84 82//82 85//85
f 86//86 84//84 87//87
f 88//88 86//86 89//89
f 90//90 88//88 91//91
f 90//90 93//92 92//93
f 94//94 92//93 95//95
f 96//96 95//95 97//97
f 98//98 97//97 99//99
f 100//100 99//99 101//101
f 102//102 101//101 103//103
f 104//104 103//103 105//105
f 106//106 105//105 107//107
f 108//108 107//107 109//109
f 110//110 109//109 111//111
f 112//112 111//111 113//113
f 114//114 113//113 115//115
f 116//116 115//115 117//117
f 118//118 117//117 119//119
f 120//120 119//119 2//3
f 5//5 2//3 121//121
f 7//7 5//5 122//122
f 9//9 7//7 123//123
f 11//11 9//9 124//124
f 13//13 11//11 125//125
f 15//15 13//13 126//126
f 17//17 15//15 127//127
f 19//19 17//17 128//128
f 21//21 19//19 129//129
f 23//23 21//21 130//130
f 25//25 23//23 131//131
f 27//27 25//25 132//132
f 29//29 27//27 133//133
f 31//31 29//29 134//134
f 33//32 31//31 135//135
f 33//32 137//136 136//137
f 32//33 136//137 138//138
f 35//35 138//138 139//139
f 37//37 139//139 140//140
f 39//39 140//140 141//141
f 41//41 141//141 142//142
f 43//43 142//142 143//143
f 45//45 143//143 144//144
f 47//47 144//144 145//145
f 49//49 145//145 146//146
f 51//51 146//146 147//147
f 53//53 147//147 148//148
f 55//55 148//148 149//149
f 57//57 149//149 150//150
f 59//59 150//150 151//151
f 65//65 61//61 151//151
f 67//67 65//65 152//152
f 69//69 67//67 153//153
f 71//71 69//69 154//154
f 73//73 71//71 155//155
f 75//75 73//73 156//156
f 77//77 75//75 157//157
f 79//79 77//77 158//158
f 81//81 79//79 159//159
f 83//83 81//81 160//160
f 85//85 83//83 161//161
f 87//87 85//85 162//162
f 89//89 87//87 163//163
f 91//91 89//89 164//164
f 93//92 91//91 165//165
f 93//92 167//166 166//167
f 92//93 166//167 168//168
f 95//95 168//168 169//169
f 97//97 169//169 170//170
f 99//99 170//170 171//171
f 101//101 171//171 172//172
f 103//103 172//172 173//173
f 105//105 173//173 174//174
f 107//107 174//174 175//175
f 109//109 175//175 176//176
f 111//111 176//176 177//177
f 113//113 177//177 178//178
f 115//115 178//178 179//179
f 117//117 179//179 180//180
f 119//119 180//180 121//121
f 122//122 121//121 181//181
f 123//123 122//122 182//182
f 124//124 123//123 183//183
f 125//125 124//124 184//184
f 126//126 125//125 185//185
f 127//127 126//126 186//186
f 128//128 127//127 187//187
f 129//129 128//128 188//188
f 130//130 129//129 189//189
f 131//131 130//130 190//190
f 132//132 131//131 191//191
f 133//133 132//132 192//192
f 134//134 133//133 193//193
f 135//135 134//134 194//194
f 137//136 135//135 195//195
f 137//136 197//196 196//197
f 136//137 196//197 198//198
f 138//138 198//198 199//199
f 139//139 199//199 200//200
f 140//140 200//200 201//201
f 141//141 201//201 202//202
f 142//142 202//202 203//203
f 143//143 203//203 204//204
f 144//144 204//204 205//205
f 145//145 205//205 206//206
f 146//146 206//206 207//207
f 147//147 207//207 208//208
f 148//148 208//208 209//209
f 149//149 209//209 210//210
f 150//150 210//210 211//211
f 152//152 151//151 211//211
f 153//153 152//152 212//212
f 154//154 153//153 213//213
f 155//155 154//154 214//214
f 156//156 155//155 215//215
f 157//157 156//156 216//216
f 158//158 157//157 217//217
f 159//159 158//158 218//218
f 160//160 159//159 219//219
f 161//161 160//160 220//220
f 162//162 161//161 221//221
f 163//163 162//162 222//222
f 164//164 163//163 223//223
f 165//165 164//164 224//224
f 167//166 165//165 225//225
f 167//166 227//226 226//227
f 166//167 226//227 228//228
f 168//168 228//228 229//229
f 169//169 229//229 230//230
f 170//170 230//230 231//231
f 171//171 231//231 232//232
f 172//172 232//232 233//233
f 173//173 233//233 234//234
f 174//174 234//234 235//235
f 175//175 235//235 236//236
f 176//176 236//236 237//237
f 177//177 237//237 238//238
f 178//178 238//238 239//239
f 179//179 239//239 240//240
f 180//180 240//240 181//181
f 182//182 181//181 241//241
f 183//183 182//182 242//242
f 184//184 183//183 243//243
f 185//185 184//184 244//244
f 186//186 185//185 245//245
f 187//187 186//186 246//246
f 188//188 187//187 247//247
f 189//189 188//188 248//248
f 190//190 189//189 249//249
f 191//191 190//190 250//250
f 192//192 191//191 251//251
f 193//193 192//192 252//252
f 194//194 193//193 253//253
f 195//195 194//194 254//254
f 197//196 195//195 255//255
f 197//196 257//256 256//257
f 196//197 256//257 258//258
f 198//198 258//258 259//259
f 199//199 259//259 260//260
f 200//200 260//260 261//261
f 201//201 261//261 262//262
f 202//202 262//262 263//263
f 203//203 263//263 264//264
f 204//204 264//264 265//265
f 205//205 265//265 266//266
f 206//206 266//266 267//267
f 207//207 267//267 268//268
f 208//208 268//268 269//269
f 209//209 269//269 270//270
f 210//210 270//270 271//271
f 212//212 211//211 271//271
f 213//213 212//212 272//272
f 214//214 213//213 273//273
f 215//215 214//214 274//274
f 216//216 215//215 275//275
f 217//217 216//216 276//276
f 218//218 217//217 277//277
f 219//219 218//218 278//278
f 220//220 219//219 279//279
f 221//221 220//220 280//280
f 222//222 221//221 281//281
f 223//223 222//222 282//282
f 224//224 223//223 283//283
f 225//225 224//224 284//284
f 227//226 225//225 285//285
f 227//226 287//286 286//287
f 226//227 286//287 288//288
f 228//228 288//288 289//289
f 229//229 289//289 290//290
f 230//230 290//290 291//291
f 231//231 291//291 292//292
f 232//232 292//292 293//293
f 233//233 293//293 294//294
f 234//234 294//294 295//295
f 235//235 295//295 296//296
f 236//236 296//296 297//297
f 237//237 297//297 298//298
f 238//238 298//298 299//299
f 239//239 299//299 300//300
f 240//240 300//300 241//241
f 242//242 241//241 301//301
f 243//243 242//242 302//302
f 244//244 243//243 303//303
f 245//245 244//244 304//304
f 246//246 245//245 305//305
f 247//247 246//246 306//306
f 248//248 247//247 307//307
f 249//249 248//248 308//308
f 250//250 249//249 309//309
f 251//251 250//250 310//310
f 252//252 251//251 311//311
f 253//253 252//252 312//312
f 254//254 253//253 313//313
f 255//255 254//254 314//314
f 257//256 255//255 315//315
f 257//256 317//316 316//317
f 256//257 316//317 318//318
f 258//258 318//318 319//319
f 259//259 319//319 320//320
f 260//260 320//320 321//321
f 261//261 321//321 322//322
f 262//262 322//322 323//323
f 263//263 323//323 324//324
f 264//264 324//324 325//325
f 265//265 325//325 326//326
f 266//266 326//326 327//327
f 267//267 327//327 328//328
f 268//268 328//328 329//329
f 269//269 329//329 330//330
f 270//270 330//330 331//331
f 272//272 271//271 331//331
f 273//273 272//272 332//332
f 274//274 273//273 333//333
f 275//275 274//274 334//334
f 276//276 275//275 335//335
f 277//277 276//276 336//336
f 278//278 277//277 337//337
f 279//279 278//278 338//338
f 280//280 279//279 339//339
f 281//281 280//280 340//340
f 282//282 281//281 341//341
f 283//283 282//282 342//342
f 284//284 283//283 343//343
f 285//285 284//284 344//344
f 287//286 285//285 345//345
f 287//286 347//346 346//347
f 286//287 346//347 348//348
f 288//288 348//348 349//349
f 289//289 349//349 350//350
f 290//290 350//350 351//351
f 291//291 351//351 352//352
f 292//292 352//352 353//353
f 293//293 353//353 354//354
f 294//294 354//354 355//355
f 295//295 355//355 356//356
f 296//296 356//356 357//357
f 297//297 357//357 358//358
f 298//298 358//358 359//359
f 299//299 359//359 360//360
f 300//300 360//360 301//301
f 302//302 301//301 361//361
f 302//302 363//362 362//363
f 303//303 362//363 364//364
f 304//304 364//364 365//365
f 305//305 365//365 366//366
f 306//306 366//366 367//367
f 307//307 367//367 368//368
f 308//308 368//368 369//369
f 309//309 369//369 370//370
f 310//310 370//370 371//371
f 311//311 371//371 372//372
f 312//312 372//372 373//373
f 313//313 373//373 374//374
f 314//314 374//374 375//375
f 317//316 315//315 375//375
f 316//317 317//316 376//376
f 318//318 316//317 377//377
f 319//319 318//318 378//378
f 320//320 319//319 379//379
f 321//321 320//320 380//380
f 322//322 321//321 381//381
f 323//323 322//322 382//382
f 324//324 323//323 383//383
f 325//325 324//324 384//384
f 326//326 325//325 385//385
f 327//327 326//326 386//386
f 328//328 327//327 387//387
f 329//329 328//328 388//388
f 330//330 329//329 389//389
f 330//330 391//390 390//391
f 331//331 390//391 392//392
f 332//332 392//392 393//393
f 333//333 393//393 394//394
f 334//334 394//394 395//395
f 335//335 395//395 396//396
f 336//336 396//396 397//397
f 337//337 397//397 398//398
f 338//338 398//398 399//399
f 339//339 399//399 400//400
f 340//340 400//400 401//401
f 341//341 401//401 402//402
f 342//342 402//402 403//403
f 343//343 403//403 404//404
f 344//344 404//404 405//405
f 345//345 405//405 406//406
f 346//347 347//346 406//406
f 348//348 346//347 407//407
f 349//349 348//348 408//408
f 350//350 349//349 409//409
f 351//351 350//350 410//410
f 352//352 351//351 411//411
f 353//353 352//352 412//412
f 354//354 353//353 413//413
f 355//355 354//354 414//414
f 356//356 355//355 415//415
f 357//357 356//356 416//416
f 358//358 357//357 417//417
f 359//359 358//358 418//418
f 360//360 359//359 419//419
f 301//301 360//360 420//420
f 363//362 361//361 421//421
f 363//362 423//422 422//423
f 362//363 422//423 424//424
f 364//364 424//424 425//425
f 365//365 425//425 426//426
f 366//366 426//426 427//427
f 367//367 427//427 428//428
f 368//368 428//428 429//429
f 369//369 429//429 430//430
f 370//370 430//430 431//431
f 371//371 431//431 432//432
f 372//372 432//432 433//433
f 373//373 433//433 434//434
f 374//374 434//434 435//435
f 376//376 375//375 435//435
f 376//376 437//436 436//437
f 378//378 377//377 436//437
f 379//379 378//378 438//438
f 380//380 379//379 439//439
f 381//381 380//380 440//440
f 382//382 381//381 441//441
f 383//383 382//382 442//442
f 384//384 383//383 443//443
f 385//385 384//384 444//444
f 386//386 385//385 445//445
f 387//387 386//386 446//446
f 388//388 387//387 447//447
f 389//389 388//388 448//448
f 391//390 389//389 449//449
f 391//390 451//450 450//451
f 390//391 450//451 452//452
f 392//392 452//452 453//453
f 393//393 453//453 454//454
f 394//394 454//454 455//455
f 395//395 455//455 456//456
f 396//396 456//456 457//457
f 397//397 457//457 458//458
f 398//398 458//458 459//459
f 399//399 459//459 460//460
f 400//400 460//460 461//461
f 401//401 461//461 462//462
f 402//402 462//462 463//463
f 403//403 463//463 464//464
f 404//404 464//464 465//465
f 405//405 465//465 466//466
f 407//407 406//406 466//466
f 408//408 407//407 467//467
f 409//409 408//408 468//468
f 410//410 409//409 469//469
f 411//411 410//410 470//470
f 412//412 411//411 471//471
f 413//413 412//412 472//472
f 414//414 413//413 473//473
f 415//415 414//414 474//474
f 416//416 415//415 475//475
f 417//417 416//416 476//476
f 418//418 417//417 477//477
f 419//419 418//418 478//478
f 420//420 419//419 479//479
f 361//361 420//420 480//480
f 423//422 421//421 481//481
f 423//422 483//482 482//483
f 422//423 482//483 484//484
f 424//424 484//484 485//485
f 426//426 425//425 485//485
f 426//426 487//486 486//487
f 427//427 486//487 488//488
f 428//428 488//488 489//489
f 429//429 489//489 490//490
f 430//430 490//490 491//491
f 431//431 491//491 492//492
f 432//432 492//492 493//493
f 433//433 493//493 494//494
f 435//435 434//434 494//494
f 437//436 435//435 495//495
f 437//436 497//496 496//497
f 438//438 436//437 496//497
f 439//439 438//438 498//498
f 440//440 439//439 499//499
f 441//441 440//440 500//500
f 442//442 441//441 501//501
f 443//443 442//442 502//502
f 444//444 443//443 503//503
f 445//445 444//444 504//504
f 446//446 445//445 505//505
f 447//447 446//446 506//506
f 448//448 447//447 507//507
f 449//449 448//448 508//508
f 451//450 449//449 509//509
f 451//450 511//510 510//511
f 450//451 510//511 512//512
f 452//452 512//512 513//513
f 453//453 513//513 514//514
f 454//454 514//514 515//515
f 455//455 515//515 516//516
f 456//456 516//516 517//517
f 457//457 517//517 518//518
f 458//458 518//518 519//519
f 459//459 519//519 520//520
f 460//460 520//520 521//521
f 461//461 521//521 522//522
f 462//462 522//522 523//523
f 463//463 523//523 524//524
f 464//464 524//524 525//525
f 465//465 525//525 526//526
f 467//467 466//466 526//526
f 468//468 467//467 527//527
f 469//469 468//468 528//528
f 470//470 469//469 529//529
f 471//471 470//470 530//530
f 472//472 471//471 531//531
f 473//473 472//472 532//532
f 474//474 473//473 533//533
f 475//475 474//474 534//534
f 476//476 475//475 535//535
f 477//477 476//476 536//536
f 478//478 477//477 537//537
f 479//479 478//478 538//538
f 480//480 479//479 539//539
f 421//421 480//480 540//540
f 483//482 481//481 541//541
f 483//482 543//542 542//543
f 482//483 542//543 544//544
f 485//485 484//484 544//544
f 487//486 485//485 545//545
f 486//487 487//486 546//546
f 486//487 548//547 547//548
f 488//488 547//548 549//549
f 489//489 549//549 550//550
f 491//491 490//490 550//550
f 492//492 491//491 551//551
f 493//493 492//492 552//552
f 493//493 554//553 553//554
f 494//494 553//554 555//555
f 495//495 555//555 556//556
f 496//497 497//496 556//556
f 498//498 496//497 557//557
f 499//499 498//498 558//558
f 500//500 499//499 559//559
f 500//500 561//560 560//561
f 501//501 560//561 562//562
f 503//503 502//502 562//562
f 504//504 503//503 563//563
f 505//505 504//504 564//564
f 505//505 566//565 565//566
f 506//506 565//566 567//567
f 507//507 567//567 568//568
f 509//509 508//508 568//568
f 511//510 509//509 569//569
f 511//510 571//570 570//571
f 512//512 510//511 570//571
f 512//512 573//572 572//573
f 513//513 572//573 574//574
f 515//515 514//514 574//574
f 516//516 515//515 575//575
f 516//516 577//576 576//577
f 517//517 576//577 578//578
f 518//518 578//578 579//579
f 519//519 579//579 580//580
f 521//521 520//520 580//580
f 522//522 521//521 581//581
f 523//523 522//522 582//582
f 523//523 584//583 583//584
f 524//524 583//584 585//585
f 525//525 585//585 586//586
f 527//527 526//526 586//586
f 528//528 527//527 587//587
f 529//529 528//528 588//588
f 529//529 590//589 589//590
f 530//530 589//590 591//591
f 531//531 591//591 592//592
f 533//533 532//532 592//592
f 534//534 533//533 593//593
f 535//535 534//534 594//594
f 535//535 596//595 595//596
f 536//536 595//596 597//597
f 537//537 597//597 598//598
f 539//539 538//538 598//598
f 540//540 539//539 599//599
f 540//540 600//600 541//541
f 543//542 541//541 601//601
f 543//542 603//602 602//603
f 542//543 602//603 604//604
f 545//545 544//544 604//604
f 546//546 545//545 605//605
f 548//547 546//546 606//606
f 548//547 608//607 607//608
f 547//548 607//608 609//609
f 549//549 609//609 610//610
f 551//551 550//550 610//610
f 552//552 551//551 611//611
f 554//553 552//552 612//612
f 554//553 614//613 613//614
f 553//554 613//614 615//615
f 555//555 615//615 616//616
f 557//557 556//556 616//616
f 558//558 557//557 617//617
f 559//559 558//558 618//618
f 559//559 620//619 619//620
f 561//560 619//620 621//621
f 560//561 621//621 622//622
f 563//563 562//562 622//622
f 564//564 563//563 623//623
f 566//565 564//564 624//624
f 566//565 626//625 625//626
f 565//566 625//626 627//627
f 567//567 627//627 628//628
f 569//569 568//568 628//628
f 571//570 569//569 629//629
f 571//570 631//630 630//631
f 573//572 570//571 630//631
f 573//572 633//632 632//633
f 572//573 632//633 634//634
f 575//575 574//574 634//634
f 577//576 575//575 635//635
f 576//577 577//576 636//636
f 576//577 638//637 637//638
f 578//578 637//638 639//639
f 579//579 639//639 640//640
f 581//581 580//580 640//640
f 582//582 581//581 641//641
f 584//583 582//582 642//642
f 584//583 644//643 643//644
f 583//584 643//644 645//645
f 585//585 645//645 646//646
f 587//587 586//586 646//646
f 588//588 587//587 647//647
f 590//589 588//588 648//648
f 590//589 650//649 649//650
f 589//590 649//650 651//651
f 591//591 651//651 652//652
f 593//593 592//592 652//652
f 594//594 593//593 653//653
f 596//595 594//594 654//654
f 596//595 656//655 655//656
f 595//596 655//656 657//657
f 597//597 657//657 658//658
f 599//599 598//598 658//658
f 600//600 599//599 659//659
f 600//600 660//660 601//601
f 603//602 601//601 661//661
f 603//602 663//662 662//663
f 602//603 662//663 664//664
f 605//605 604//604 664//664
f 606//606 605//605 665//665
f 608//607 606//606 666//666
f 608//607 668//667 667//668
f 607//608 667//668 669//669
f 609//609 669//669 670//670
f 611//611 610//610 670//670
f 612//612 611//611 671//671
f 614//613 612//612 672//672
f 614//613 674//673 673//674
f 613//614 673//674 675//675
f 615//615 675//675 676//676
f 617//617 616//616 676//676
f 618//618 617//617 677//677
f 620//619 618//618 678//678
f 620//619 680//679 679//680
f 619//620 679//680 681//681
f 621//621 681//681 682//682
f 623//623 622//622 682//682
f 624//624 623//623 683//683
f 626//625 624//624 684//684
f 626//625 686//685 685//686
f 625//626 685//686 687//687
f 627//627 687//687 688//688
f 629//629 628//628 688//688
f 631//630 629//629 689//689
f 631//630 691//690 690//691
f 633//632 630//631 690//691
f 633//632 693//692 692//693
f 632//633 692//693 694//694
f 635//635 634//634 694//694
f 636//636 635//635 695//695
f 638//637 636//636 696//696
f 638//637 698//697 697//698
f 637//638 697//698 699//699
f 639//639 699//699 700//700
f 641//641 640//640 700//700
f 642//642 641//641 701//701
f 644//643 642//642 702//702
f 644//643 704//703 703//704
f 643//644 703//704 705//705
f 645//645 705//705 706//706
f 647//647 646//646 706//706
f 648//648 647//647 707//707
f 650//649 648//648 708//708
f 650//649 710//709 709//710
f 649//650 709//710 711//711
f 651//651 711//711 712//712
f 653//653 652//652 712//712
f 654//654 653//653 713//713
f 656//655 654//654 714//714
f 656//655 716//715 715//716
f 655//656 715//716 717//717
f 657//657 717//717 718//718
f 659//659 658//658 718//718
f 660//660 659//659 719//719
f 660//660 720//720 661//661
f 721//721 3//2 1//1
f 721//721 1//1 4//4
f 721//721 4//4 6//6
f 721//721 6//6 8//8
f 721//721 8//8 10//10
f 721//721 10//10 12//12
f 721//721 12//12 14//14
f 721//721 14//14 16//16
f 721//721 16//16 18//18
f 721//721 18//18 20//20
f 721//721 20//20 22//22
f 721//721 22//22 24//24
f 721//721 24//24 26//26
f 721//721 26//26 28//28
f 721//721 28//28 30//30
f 721//721 30//30 34//34
f 721//721 34//34 36//36
f 721//721 36//36 38//38
f 721//721 38//38 40//40
f 721//721 40//40 42//42
f 721//721 42//42 44//44
f 721//721 44//44 46//46
f 721//721 46//46 48//48
f 721//721 48//48 50//50
f 721//721 50//50 52//52
f 721//721 52//52 54//54
f 721//721 54//54 56//56
f 721//721 56//56 58//58
f 721//721 58//58 60//60
f 721//721 60//60 63//63
f 721//721 63//63 62//62
f 721//721 62//62 64//64
f 721//721 64//64 66//66
f 721//721 66//66 68//68
f 721//721 68//68 70//70
f 721//721 70//70 72//72
f 721//721 72//72 74//74
f 721//721 74//74 76//76
f 721//721 76//76 78//78
f 721//721 78//78 80//80
f 721//721 80//80 82//82
f 721//721 82//82 84//84
f 721//721 84//84 86//86
f 721//721 86//86 88//88
f 721//721 88//88 90//90
f 721//721 90//90 94//94
f 721//721 94//94 96//96
f 721//721 96//96 98//98
f 721//721 98//98 100//100
f 721//721 100//100 102//102
f 721//721 102//102 104//104
f 721//721 104//104 106//106
f 721//721 106//106 108//108
f 721//721 108//108 110//110
f 721//721 110//110 112//112
f 721//721 112//112 114//114
f 721//721 114//114 116//116
f 721//721 116//116 118//118
f 721//721 118//118 120//120
f 721//721 120//120 3//2
f 720//720 663//662 661//661
f 720//720 662//663 663//662
f 719//719 664//664 662//663
f 717//717 664//664 718//718
f 715//716 665//665 717//717
f 716//715 666//666 715//716
f 716//715 667//668 668//667
f 714//714 669//669 667//668
f 713//713 670//670 669//669
f 711//711 670//670 712//712
f 709//710 671//671 711//711
f 710//709 672//672 709//710
f 710//709 673//674 674//673
f 708//708 675//675 673//674
f 707//707 676//676 675//675
f 705//705 676//676 706//706
f 703//704 677//677 705//705
f 704//703 678//678 703//704
f 704//703 679//680 680//679
f 702//702 681//681 679//680
f 701//701 682//682 681//681
f 699//699 682//682 700//700
f 697//698 683//683 699//699
f 698//697 684//684 697//698
f 698//697 685//686 686//685
f 696//696 687//687 685//686
f 695//695 688//688 687//687
f 692//693 688//688 694//694
f 693//692 689//689 692//693
f 693//692 690//691 691//690
f 1//1 2//3 5//5
f 4//4 5//5 7//7
f 6//6 7//7 9//9
f 8//8 9//9 11//11
f 10//10 11//11 13//13
f 12//12 13//13 15//15
f 14//14 15//15 17//17
f 16//16 17//17 19//19
f 18//18 19//19 21//21
f 20//20 21//21 23//23
f 22//22 23//23 25//25
f 24//24 25//25 27//27
f 26//26 27//27 29//29
f 28//28 29//29 31//31
f 30//30 31//31 33//32
f 30//30 32//33 34//34
f 34//34 35//35 36//36
f 36//36 37//37 38//38
f 38//38 39//39 40//40
f 40//40 41//41 42//42
f 42//42 43//43 44//44
f 44//44 45//45 46//46
f 46//46 47//47 48//48
f 48//48 49//49 50//50
f 50//50 51//51 52//52
f 52//52 53//53 54//54
f 54//54 55//55 56//56
f 56//56 57//57 58//58
f 58//58 59//59 60//60
f 60//60 61//61 63//63
f 62//62 61//61 65//65
f 64//64 65//65 67//67
f 66//66 67//67 69//69
f 68//68 69//69 71//71
f 70//70 71//71 73//73
f 72//72 73//73 75//75
f 74//74 75//75 77//77
f 76//76 77//77 79//79
f 78//78 79//79 81//81
f 80//80 81//81 83//83
f 82//82 83//83 85//85
f 84//84 85//85 87//87
f 86//86 87//87 89//89
f 88//88 89//89 91//91
f 90//90 91//91 93//92
f 90//90 92//93 94//94
f 94//94 95//95 96//96
f 96//96 97//97 98//98
f 98//98 99//99 100//100
f 100//100 101//101 102//102
f 102//102 103//103 104//104
f 104//104 105//105 106//106
f 106//106 107//107 108//108
f 108//108 109//109 110//110
f 110//110 111//111 112//112
f 112//112 113//113 114//114
f 114//114 115//115 116//116
f 116//116 117//117 118//118
f 118//118 119//119 120//120
f 120//120 2//3 3//2
f 5//5 121//121 122//122
f 7//7 122//122 123//123
f 9//9 123//123 124//124
f 11//11 124//124 125//125
f 13//13 125//125 126//126
f 15//15 126//126 127//127
f 17//17 127//127 128//128
f 19//19 128//128 129//129
f 21//21 129//129 130//130
f 23//23 130//130 131//131
f 25//25 131//131 132//132
f 27//27 132//132 133//133
f 29//29 133//133 134//134
f 31//31 134//134 135//135
f 33//32 135//135 137//136
f 33//32 136//137 32//33
f 32//33 138//138 35//35
f 35//35 139//139 37//37
f 37//37 140//140 39//39
f 39//39 141//141 41//41
f 41//41 142//142 43//43
f 43//43 143//143 45//45
f 45//45 144//144 47//47
f 47//47 145//145 49//49
f 49//49 146//146 51//51
f 51//51 147//147 53//53
f 53//53 148//148 55//55
f 55//55 149//149 57//57
f 57//57 150//150 59//59
f 59//59 151//151 61//61
f 65//65 151//151 152//152
f 67//67 152//152 153//153
f 69//69 153//153 154//154
f 71//71 154//154 155//155
f 73//73 155//155 156//156
f 75//75 156//156 157//157
f 77//77 157//157 158//158
f 79//79 158//158 159//159
f 81//81 159//159 160//160
f 83//83 160//160 161//161
f 85//85 161//161 162//162
f 87//87 162//162 163//163
f 89//89 163//163 164//164
f 91//91 164//164 165//165
f 93//92 165//165 167//166
f 93//92 166//167 92//93
f 92//93 168//168 95//95
f 95//95 169//169 97//97
f 97//97 170//170 99//99
f 99//99 171//171 101//101
f 101//101 172//172 103//103
f 103//103 173//173 105//105
f 105//105 174//174 107//107
f 107//107 175//175 109//109
f 109//109 176//176 111//111
f 111//111 177//177 113//113
f 113//113 178//178 115//115
f 115//115 179//179 117//117
f 117//117 180//180 119//119
f 119//119 121//121 2//3
f 122//122 181//181 182//182
f 123//123 182//182 183//183
f 124//124 183//183 184//184
f 125//125 184//184 185//185
f 126//126 185//185 186//186
f 127//127 186//186 187//187
f 128//128 187//187 188//188
f 129//129 188//188 189//189
f 130//130 189//189 190//190
f 131//131 190//190 191//191
f 132//132 191//191 192//192
f 133//133 192//192 193//193
f 134//134 193//193 194//194
f 135//135 194//194 195//195
f 137//136 195//195 197//196
f 137//136 196//197 136//137
f 136//137 198//198 138//138
f 138//138 199//199 139//139
f 139//139 200//200 140//140
f 140//140 201//201 141//141
f 141//141 202//202 142//142
f 142//142 203//203 143//143
f 143//143 204//204 144//144
f 144//144 205//205 145//145
f 145//145 206//206 146//146
f 146//146 207//207 147//147
f 147//147 208//208 148//148
f 148//148 209//209 149//149
f 149//149 210//210 150//150
f 150//150 211//211 151//151
f 152//152 211//211 212//212
f 153//153 212//212 213//213
f 154//154 213//213 214//214
f 155//155 214//214 215//215
f 156//156 215//215 216//216
f 157//157 216//216 217//217
f 158//158 217//217 218//218
f 159//159 218//218 219//219
f 160//160 219//219 220//220
f 161//161 220//220 221//221
f 162//162 221//221 222//222
f 163//163 222//222 223//223
f 164//164 223//223 224//224
f 165//165 224//224 225//225
f 167//166 225//225 227//226
f 167//166 226//227 166//167
f 166//167 228//228 168//168
f 168//168 229//229 169//169
f 169//169 230//230 170//170
f 170//170 231//231 171//171
f 171//171 232//232 172//172
f 172//172 233//233 173//173
f 173//173 234//234 174//174
f 174//174 235//235 175//175
f 175//175 236//236 176//176
f 176//176 237//237 177//177
f 177//177 238//238 178//178
f 178//178 239//239 179//179
f 179//179 240//240 180//180
f 180//180 181//181 121//121
f 182//182 241//241 242//242
f 183//183 242//242 243//243
f 184//184 243//243 244//244
f 185//185 244//244 245//245
f 186//186 245//245 246//246
f 187//187 246//246 247//247
f 188//188 247//247 248//248
f 189//189 248//248 249//249
f 190//190 249//249 250//250
f 191//191 250//250 251//251
f 192//192 251//251 252//252
f 193//193 252//252 253//253
f 194//194 253//253 254//254
f 195//195 254//254 255//255
f 197//196 255//255 257//256
f 197//196 256//257 196//197
f 196//197 258//258 198//198
f 198//198 259//259 199//199
f 199//199 260//260 200//200
f 200//200 261//261 201//201
f 201//201 262//262 202//202
f 202//202 263//263 203//203
f 203//203 264//264 204//204
f 204//204 265//265 205//205
f 205//205 266//266 206//206
f 206//206 267//267 207//207
f 207//207 268//268 208//208
f 208//208 269//269 209//209
f 209//209 270//270 210//210
f 210//210 271//271 211//211
f 212//212 271//271 272//272
f 213//213 272//272 273//273
f 214//214 273//273 274//274
f 215//215 274//274 275//275
f 216//216 275//275 276//276
f 217//217 276//276 277//277
f 218//218 277//277 278//278
f 219//219 278//278 279//279
f 220//220 279//279 280//280
f 221//221 280//280 281//281
f 222//222 281//281 282//282
f 223//223 282//282 283//283
f 224//224 283//283 284//284
f 225//225 284//284 285//285
f 227//226 285//285 287//286
f 227//226 286//287 226//227
f 226//227 288//288 228//228
f 228//228 289//289 229//229
f 229//229 290//290 230//230
f 230//230 291//291 231//231
f 231//231 292//292 232//232
f 232//232 293//293 233//233
f 233//233 294//294 234//234
f 234//234 295//295 235//235
f 235//235 296//296 236//236
f 236//236 297//297 237//237
f 237//237 298//298 238//238
f 238//238 299//299 239//239
f 239//239 300//300 240//240
f 240//240 241//241 181//181
f 242//242 301//301 302//302
f 243//243 302//302 303//303
f 244//244 303//303 304//304
f 245//245 304//304 305//305
f 246//246 305//305 306//306
f 247//247 306//306 307//307
f 248//248 307//307 308//308
f 249//249 308//308 309//309
f 250//250 309//309 310//310
f 251//251 310//310 311//311
f 252//252 311//311 312//312
f 253//253 312//312 313//313
f 254//254 313//313 314//314
f 255//255 314//314 315//315
f 257//256 315//315 317//316
f 257//256 316//317 256//257
f 256//257 318//318 258//258
f 258//258 319//319 259//259
f 259//259 320//320 260//260
f 260//260 321//321 261//261
f 261//261 322//322 262//262
f 262//262 323//323 263//263
f 263//263 324//324 264//264
f 264//264 325//325 265//265
f 265//265 326//326 266//266
f 266//266 327//327 267//267
f 267//267 328//328 268//268
f 268//268 329//329 269//269
f 269//269 330//330 270//270
f 270//270 331//331 271//271
f 272//272 331//331 332//332
f 273//273 332//332 333//333
f 274//274 333//333 334//334
f 275//275 334//334 335//335
f 276//276 335//335 336//336
f 277//277 336//336 337//337
f 278//278 337//337 338//338
f 279//279 338//338 339//339
f 280//280 339//339 340//340
f 281//281 340//340 341//341
f 282//282 341//341 342//342
f 283//283 342//342 343//343
f 284//284 343//343 344//344
f 285//285 344//344 345//345
f 287//286 345//345 347//346
f 287//286 346//347 286//287
f 286//287 348//348 288//288
f 288//288 349//349 289//289
f 289//289 350//350 290//290
f 290//290 351//351 291//291
f 291//291 352//352 292//292
f 292//292 353//353 293//293
f 293//293 354//354 294//294
f 294//294 355//355 295//295
f 295//295 356//356 296//296
f 296//296 357//357 297//297
f 297//297 358//358 298//298
f 298//298 359//359 299//299
f 299//299 360//360 300//300
f 300//300 301//301 241//241
f 302//302 361//361 363//362
f 302//302 362//363 303//303
f 303//303 364//364 304//304
f 304//304 365//365 305//305
f 305//305 366//366 306//306
f 306//306 367//367 307//307
f 307//307 368//368 308//308
f 308//308 369//369 309//309
f 309//309 370//370 310//310
f 310//310 371//371 311//311
f 311//311 372//372 312//312
f 312//312 373//373 313//313
f 313//313 374//374 314//314
f 314//314 375//375 315//315
f 317//316 375//375 376//376
f 316//317 376//376 377//377
f 318//318 377//377 378//378
f 319//319 378//378 379//379
f 320//320 379//379 380//380
f 321//321 380//380 381//381
f 322//322 381//381 382//382
f 323//323 382//382 383//383
f 324//324 383//383 384//384
f 325//325 384//384 385//385
f 326//326 385//385 386//386
f 327//327 386//386 387//387
f 328//328 387//387 388//388
f 329//329 388//388 389//389
f 330//330 389//389 391//390
f 330//330 390//391 331//331
f 331//331 392//392 332//332
f 332//332 393//393 333//333
f 333//333 394//394 334//334
f 334//334 395//395 335//335
f 335//335 396//396 336//336
f 336//336 397//397 337//337
f 337//337 398//398 338//338
f 338//338 399//399 339//339
f 339//339 400//400 340//340
f 340//340 401//401 341//341
f 341//341 402//402 342//342
f 342//342 403//403 343//343
f 343//343 404//404 344//344
f 344//344 405//405 345//345
f 345//345 406//406 347//346
f 346//347 406//406 407//407
f 348//348 407//407 408//408
f 349//349 408//408 409//409
f 350//350 409//409 410//410
f 351//351 410//410 411//411
f 352//352 411//411 412//412
f 353//353 412//412 413//413
f 354//354 413//413 414//414
f 355//355 414//414 415//415
f 356//356 415//415 416//416
f 357//357 416//416 417//417
f 358//358 417//417 418//418
f 359//359 418//418 419//419
f 360//360 419//419 420//420
f 301//301 420//420 361//361
f 363//362 421//421 423//422
f 363//362 422//423 362//363
f 362//363 424//424 364//364
f 364//364 425//425 365//365
f 365//365 426//426 366//366
f 366//366 427//427 367//367
f 367//367 428//428 368//368
f 368//368 429//429 369//369
f 369//369 430//430 370//370
f 370//370 431//431 371//371
f 371//371 432//432 372//372
f 372//372 433//433 373//373
f 373//373 434//434 374//374
f 374//374 435//435 375//375
f 376//376 435//435 437//436
f 376//376 436//437 377//377
f 378//378 436//437 438//438
f 379//379 438//438 439//439
f 380//380 439//439 440//440
f 381//381 440//440 441//441
f 382//382 441//441 442//442
f 383//383 442//442 443//443
f 384//384 443//443 444//444
f 385//385 444//444 445//445
f 386//386 445//445 446//446
f 387//387 446//446 447//447
f 388//388 447//447 448//448
f 389//389 448//448 449//449
f 391//390 449//449 451//450
f 391//390 450//451 390//391
f 390//391 452//452 392//392
f 392//392 453//453 393//393
f 393//393 454//454 394//394
f 394//394 455//455 395//395
f 395//395 456//456 396//396
f 396//396 457//457 397//397
f 397//397 458//458 398//398
f 398//398 459//459 399//399
f 399//399 460//460 400//400
f 400//400 461//461 401//401
f 401//401 462//462 402//402
f 402//402 463//463 403//403
f 403//403 464//464 404//404
f 404//404 465//465 405//405
f 405//405 466//466 406//406
f 407//407 466//466 467//467
f 408//408 467//467 468//468
f 409//409 468//468 469//469
f 410//410 469//469 470//470
f 411//411 470//470 471//471
f 412//412 471//471 472//472
f 413//413 472//472 473//473
f 414//414 473//473 474//474
f 415//415 474//474 475//475
f 416//416 475//475 476//476
f 417//417 476//476 477//477
f 418//418 477//477 478//478
f 419//419 478//478 479//479
f 420//420 479//479 480//480
f 361//361 480//480 421//421
f 423//422 481//481 483//482
f 423//422 482//483 422//423
f 422//423 484//484 424//424
f 424//424 485//485 425//425
f 426//426 485//485 487//486
f 426//426 486//487 427//427
f 427//427 488//488 428//428
f 428//428 489//489 429//429
f 429//429 490//490 430//430
f 430//430 491//491 431//431
f 431//431 492//492 432//432
f 432//432 493//493 433//433
f 433//433 494//494 434//434
f 435//435 494//494 495//495
f 437//436 495//495 497//496
f 437//436 496//497 436//437
f 438//438 496//497 498//498
f 439//439 498//498 499//499
f 440//440 499//499 500//500
f 441//441 500//500 501//501
f 442//442 501//501 502//502
f 443//443 502//502 503//503
f 444//444 503//503 504//504
f 445//445 504//504 505//505
f 446//446 505//505 506//506
f 447//447 506//506 507//507
f 448//448 507//507 508//508
f 449//449 508//508 509//509
f 451//450 509//509 511//510
f 451//450 510//511 450//451
f 450//451 512//512 452//452
f 452//452 513//513 453//453
f 453//453 514//514 454//454
f 454//454 515//515 455//455
f 455//455 516//516 456//456
f 456//456 517//517 457//457
f 457//457 518//518 458//458
f 458//458 519//519 459//459
f 459//459 520//520 460//460
f 460//460 521//521 461//461
f 461//461 522//522 462//462
f 462//462 523//523 463//463
f 463//463 524//524 464//464
f 464//464 525//525 465//465
f 465//465 526//526 466//466
f 467//467 526//526 527//527
f 468//468 527//527 528//528
f 469//469 528//528 529//529
f 470//470 529//529 530//530
f 471//471 530//530 531//531
f 472//472 531//531 532//532
f 473//473 532//532 533//533
f 474//474 533//533 534//534
f 475//475 534//534 535//535
f 476//476 535//535 536//536
f 477//477 536//536 537//537
f 478//478 537//537 538//538
f 479//479 538//538 539//539
f 480//480 539//539 540//540
f 421//421 540//540 481//481
f 483//482 541//541 543//542
f 483//482 542//543 482//483
f 482//483 544//544 484//484
f 485//485 544//544 545//545
f 487//486 545//545 546//546
f 486//487 546//546 548//547
f 486//487 547//548 488//488
f 488//488 549//549 489//489
f 489//489 550//550 490//490
f 491//491 550//550 551//551
f 492//492 551//551 552//552
f 493//493 552//552 554//553
f 493//493 553//554 494//494
f 494//494 555//555 495//495
f 495//495 556//556 497//496
f 496//497 556//556 557//557
f 498//498 557//557 558//558
f 499//499 558//558 559//559
f 500//500 559//559 561//560
f 500//500 560//561 501//501
f 501//501 562//562 502//502
f 503//503 562//562 563//563
f 504//504 563//563 564//564
f 505//505 564//564 566//565
f 505//505 565//566 506//506
f 506//506 567//567 507//507
f 507//507 568//568 508//508
f 509//509 568//568 569//569
f 511//510 569//569 571//570
f 511//510 570//571 510//511
f 512//512 570//571 573//572
f 512//512 572//573 513//513
f 513//513 574//574 514//514
f 515//515 574//574 575//575
f 516//516 575//575 577//576
f 516//516 576//577 517//517
f 517//517 578//578 518//518
f 518//518 579//579 519//519
f 519//519 580//580 520//520
f 521//521 580//580 581//581
f 522//522 581//581 582//582
f 523//523 582//582 584//583
f 523//523 583//584 524//524
f 524//524 585//585 525//525
f 525//525 586//586 526//526
f 527//527 586//586 587//587
f 528//528 587//587 588//588
f 529//529 588//588 590//589
f 529//529 589//590 530//530
f 530//530 591//591 531//531
f 531//531 592//592 532//532
f 533//533 592//592 593//593
f 534//534 593//593 594//594
f 535//535 594//594 596//595
f 535//535 595//596 536//536
f 536//536 597//597 537//537
f 537//537 598//598 538//538
f 539//539 598//598 599//599
f 540//540 599//599 600//600
f 540//540 541//541 481//481
f 543//542 601//601 603//602
f 543//542 602//603 542//543
f 542//543 604//604 544//544
f 545//545 604//604 605//605
f 546//546 605//605 606//606
f 548//547 606//606 608//607
f 548//547 607//608 547//548
f 547//548 609//609 549//549
f 549//549 610//610 550//550
f 551//551 610//610 611//611
f 552//552 611//611 612//612
f 554//553 612//612 614//613
f 554//553 613//614 553//554
f 553//554 615//615 555//555
f 555//555 616//616 556//556
f 557//557 616//616 617//617
f 558//558 617//617 618//618
f 559//559 618//618 620//619
f 559//559 619//620 561//560
f 561//560 621//621 560//561
f 560//561 622//622 562//562
f 563//563 622//622 623//623
f 564//564 623//623 624//624
f 566//565 624//624 626//625
f 566//565 625//626 565//566
f 565//566 627//627 567//567
f 567//567 628//628 568//568
f 569//569 628//628 629//629
f 571//570 629//629 631//630
f 571//570 630//631 570//571
f 573//572 630//631 633//632
f 573//572 632//633 572//573
f 572//573 634//634 574//574
f 575//575 634//634 635//635
f 577//576 635//635 636//636
f 576//577 636//636 638//637
f 576//577 637//638 578//578
f 578//578 639//639 579//579
f 579//579 640//640 580//580
f 581//581 640//640 641//641
f 582//582 641//641 642//642
f 584//583 642//642 644//643
f 584//583 643//644 583//584
f 583//584 645//645 585//585
f 585//585 646//646 586//586
f 587//587 646//646 647//647
f 588//588 647//647 648//648
f 590//589 648//648 650//649
f 590//589 649//650 589//590
f 589//590 651//651 591//591
f 591//591 652//652 592//592
f 593//593 652//652 653//653
f 594//594 653//653 654//654
f 596//595 654//654 656//655
f 596//595 655//656 595//596
f 595//596 657//657 597//597
f 597//597 658//658 598//598
f 599//599 658//658 659//659
f 600//600 659//659 660//660
f 600//600 601//601 541//541
f 603//602 661//661 663//662
f 603//602 662//663 602//603
f 602//603 664//664 604//604
f 605//605 664//664 665//665
f 606//606 665//665 666//666
f 608//607 666//666 668//667
f 608//607 667//668 607//608
f 607//608 669//669 609//609
f 609//609 670//670 610//610
f 611//611 670//670 671//671
f 612//612 671//671 672//672
f 614//613 672//672 674//673
f 614//613 673//674 613//614
f 613//614 675//675 615//615
f 615//615 676//676 616//616
f 617//617 676//676 677//677
f 618//618 677//677 678//678
f 620//619 678//678 680//679
f 620//619 679//680 619//620
f 619//620 681//681 621//621
f 621//621 682//682 622//622
f 623//623 682//682 683//683
f 624//624 683//683 684//684
f 626//625 684//684 686//685
f 626//625 685//686 625//626
f 625//626 687//687 627//627
f 627//627 688//688 628//628
f 629//629 688//688 689//689
f 631//630 689//689 691//690
f 631//630 690//691 630//631
f 633//632 690//691 693//692
f 633//632 692//693 632//633
f 632//633 694//694 634//634
f 635//635 694//694 695//695
f 636//636 695//695 696//696
f 638//637 696//696 698//697
f 638//637 697//698 637//638
f 637//638 699//699 639//639
f 639//639 700//700 640//640
f 641//641 700//700 701//701
f 642//642 701//701 702//702
f 644//643 702//702 704//703
f 644//643 703//704 643//644
f 643//644 705//705 645//645
f 645//645 706//706 646//646
f 647//647 706//706 707//707
f 648//648 707//707 708//708
f 650//649 708//708 710//709
f 650//649 709//710 649//650
f 649//650 711//711 651//651
f 651//651 712//712 652//652
f 653//653 712//712 713//713
f 654//654 713//713 714//714
f 656//655 714//714 716//715
f 656//655 715//716 655//656
f 655//656 717//717 657//657
f 657//657 718//718 658//658
f 659//659 718//718 719//719
f 660//660 719//719 720//720
f 660//660 661//661 601//601
f 720//720 719//719 662//663
f 719//719 718//718 664//664
f 717//717 665//665 664//664
f 715//716 666//666 665//665
f 716//715 668//667 666//666
f 716//715 714//714 667//668
f 714//714 713//713 669//669
f 713//713 712//712 670//670
f 711//711 671//671 670//670
f 709//710 672//672 671//671
f 710//709 674//673 672//672
f 710//709 708//708 673//674
f 708//708 707//707 675//675
f 707//707 706//706 676//676
f 705//705 677//677 676//676
f 703//704 678//678 677//677
f 704//703 680//679 678//678
f 704//703 702//702 679//680
f 702//702 701//701 681//681
f 701//701 700//700 682//682
f 699//699 683//683 682//682
f 697//698 684//684 683//683
f 698//697 686//685 684//684
f 698//697 696//696 685//686
f 696//696 695//695 687//687
f 695//695 694//694 688//688
f 692//693 689//689 688//688
f 693//692 691//690 689//689
f 722//722 724//723 723//724
f 725//725 723//724 726//726
f 727//727 726//726 728//728
f 729//729 728//728 730//730
f 731//731 730//730 732//732
f 733//733 732//732 734//734
f 735//735 736//736 734//734
f 737//737 735//735 738//738
f 739//739 737//737 740//740
f 741//741 739//739 742//742
f 743//743 741//741 744//744
f 745//745 743//743 746//746
f 745//745 748//747 747//748
f 749//749 747//748 750//750
f 751//751 750//750 752//752
f 753//753 752//752 754//754
f 755//755 754//754 756//756
f 757//757 756//756 758//758
f 759//759 760//760 758//758
f 761//761 759//759 762//762
f 763//763 761//761 764//764
f 765//765 763//763 766//766
f 767//767 765//765 768//768
f 722//722 767//767 769//769
f 724//723 771//770 770//771
f 723//724 770//771 772//772
f 726//726 772//772 773//773
f 728//728 773//773 774//774
f 730//730 774//774 775//775
f 732//732 775//775 776//776
f 738//738 734//734 776//776
f 740//740 738//738 777//777
f 742//742 740//740 778//778
f 744//744 742//742 779//779
f 746//746 744//744 780//780
f 748//747 746//746 781//781
f 748//747 783//782 782//783
f 747//748 782//783 784//784
f 750//750 784//784 785//785
f 752//752 785//785 786//786
f 754//754 786//786 787//787
f 756//756 787//787 788//788
f 762//762 758//758 788//788
f 764//764 762//762 789//789
f 766//766 764//764 790//790
f 768//768 766//766 791//791
f 769//769 768//768 792//792
f 724//723 769//769 793//793
f 770//771 771//770 794//794
f 770//771 796//795 795//796
f 772//772 795//796 797//797
f 774//774 773//773 797//797
f 775//775 774//774 798//798
f 776//776 775//775 799//799
f 776//776 801//800 800//801
f 777//777 800//801 802//802
f 779//779 778//778 802//802
f 780//780 779//779 803//803
f 781//781 780//780 804//804
f 781//781 806//805 805//806
f 782//783 783//782 805//806
f 782//783 808//807 807//808
f 784//784 807//808 809//809
f 785//785 809//809 810//810
f 787//787 786//786 810//810
f 788//788 787//787 811//811
f 788//788 813//812 812//813
f 789//789 812//813 814//814
f 790//790 814//814 815//815
f 792//792 791//791 815//815
f 793//793 792//792 816//816
f 793//793 817//817 794//794
f 796//795 794//794 818//818
f 796//795 820//819 819//820
f 795//796 819//820 821//821
f 798//798 797//797 821//821
f 799//799 798//798 822//822
f 801//800 799//799 823//823
f 801//800 825//824 824//825
f 800//801 824//825 826//826
f 802//802 826//826 827//827
f 804//804 803//803 827//827
f 806//805 804//804 828//828
f 806//805 830//829 829//830
f 808//807 805//806 829//830
f 808//807 832//831 831//832
f 807//808 831//832 833//833
f 810//810 809//809 833//833
f 811//811 810//810 834//834
f 813//812 811//811 835//835
f 813//812 837//836 836//837
f 812//813 836//837 838//838
f 814//814 838//838 839//839
f 816//816 815//815 839//839
f 817//817 816//816 840//840
f 817//817 841//841 818//818
f 842//842 722//722 725//725
f 842//842 725//725 727//727
f 842//842 727//727 729//729
f 842//842 729//729 731//731
f 842//842 731//731 733//733
f 842//842 733//733 736//736
f 842//842 736//736 735//735
f 842//842 735//735 737//737
f 842//842 737//737 739//739
f 842//842 739//739 741//741
f 842//842 741//741 743//743
f 842//842 743//743 745//745
f 842//842 745//745 749//749
f 842//842 749//749 751//751
f 842//842 751//751 753//753
f 842//842 753//753 755//755
f 842//842 755//755 757//757
f 842//842 757//757 760//760
f 842//842 760//760 759//759
f 842//842 759//759 761//761
f 842//842 761//761 763//763
f 842//842 763//763 765//765
f 842//842 765//765 767//767
f 842//842 767//767 722//722
f 841//841 820//819 818//818
f 841//841 819//820 820//819
f 840//840 821//821 819//820
f 839//839 822//822 821//821
f 836//837 822//822 838//838
f 837//836 823//823 836//837
f 837//836 824//825 825//824
f 835//835 826//826 824//825
f 833//833 826//826 834//834
f 831//832 827//827 833//833
f 832//831 828//828 831//832
f 832//831 829//830 830//829
f 722//722 723//724 725//725
f 725//725 726//726 727//727
f 727//727 728//728 729//729
f 729//729 730//730 731//731
f 731//731 732//732 733//733
f 733//733 734//734 736//736
f 735//735 734//734 738//738
f 737//737 738//738 740//740
f 739//739 740//740 742//742
f 741//741 742//742 744//744
f 743//743 744//744 746//746
f 745//745 746//746 748//747
f 745//745 747//748 749//749
f 749//749 750//750 751//751
f 751//751 752//752 753//753
f 753//753 754//754 755//755
f 755//755 756//756 757//757
f 757//757 758//758 760//760
f 759//759 758//758 762//762
f 761//761 762//762 764//764
f 763//763 764//764 766//766
f 765//765 766//766 768//768
f 767//767 768//768 769//769
f 722//722 769//769 724//723
f 724//723 770//771 723//724
f 723//724 772//772 726//726
f 726//726 773//773 728//728
f 728//728 774//774 730//730
f 730//730 775//775 732//732
f 732//732 776//776 734//734
f 738//738 776//776 777//777
f 740//740 777//777 778//778
f 742//742 778//778 779//779
f 744//744 779//779 780//780
f 746//746 780//780 781//781
f 748//747 781//781 783//782
f 748//747 782//783 747//748
f 747//748 784//784 750//750
f 750//750 785//785 752//752
f 752//752 786//786 754//754
f 754//754 787//787 756//756
f 756//756 788//788 758//758
f 762//762 788//788 789//789
f 764//764 789//789 790//790
f 766//766 790//790 791//791
f 768//768 791//791 792//792
f 769//769 792//792 793//793
f 724//723 793//793 771//770
f 770//771 794//794 796//795
f 770//771 795//796 772//772
f 772//772 797//797 773//773
f 774//774 797//797 798//798
f 775//775 798//798 799//799
f 776//776 799//799 801//800
f 776//776 800//801 777//777
f 777//777 802//802 778//778
f 779//779 802//802 803//803
f 780//780 803//803 804//804
f 781//781 804//804 806//805
f 781//781 805//806 783//782
f 782//783 805//806 808//807
f 782//783 807//808 784//784
f 784//784 809//809 785//785
f 785//785 810//810 786//786
f 787//787 810//810 811//811
f 788//788 811//811 813//812
f 788//788 812//813 789//789
f 789//789 814//814 790//790
f 790//790 815//815 791//791
f 792//792 815//815 816//816
f 793//793 816//816 817//817
f 793//793 794//794 771//770
f 796//795 818//818 820//819
f 796//795 819//820 795//796
f 795//796 821//821 797//797
f 798//798 821//821 822//822
f 799//799 822//822 823//823
f 801//800 823//823 825//824
f 801//800 824//825 800//801
f 800//801 826//826 802//802
f 802//802 827//827 803//803
f 804//804 827//827 828//828
f 806//805 828//828 830//829
f 806//805 829//830 805//806
f 808//807 829//830 832//831
f 808//807 831//832 807//808
f 807//808 833//833 809//809
f 810//810 833//833 834//834
f 811//811 834//834 835//835
f 813//812 835//835 837//836
f 813//812 836//837 812//813
f 812//813 838//838 814//814
f 814//814 839//839 815//815
f 816//816 839//839 840//840
f 817//817 840//840 841//841
f 817//817 818//818 794//794
f 841//841 840//840 819//820
f 840//840 839//839 821//821
f 839//839 838//838 822//822
f 836//837 823//823 822//822
f 837//836 825//824 823//823
f 837//836 835//835 824//825
f 835//835 834//834 826//826
f 833//833 827//827 826//826
f 831//832 828//828 827//827
f 832//831 830//829 828//828
f 843//843 845//844 844//845
f 846//846 843//843 847//847
f 848//848 846//846 849//849
f 850//850 848//848 851//851
f 852//852 850//850 853//853
f 854//854 852//852 855//855
f 854//854 857//856 856//857
f 858//858 856//857 859//859
f 860//860 859//859 861//861
f 862//862 861//861 863//863
f 864//864 863//863 865//865
f 866//866 865//865 867//867
f 868//868 869//869 867//867
f 870//870 868//868 871//871
f 872//872 870//870 873//873
f 874//874 872//872 875//875
f 876//876 874//874 877//877
f 878//878 876//876 879//879
f 878//878 881//880 880//881
f 882//882 880//881 883//883
f 884//884 883//883 885//885
f 886//886 885//885 887//887
f 888//888 887//887 889//889
f 890//890 889//889 844//845
f 891//891 892//892 845//844
f 893//893 891//891 843//843
f 894//894 893//893 846//846
f 895//895 894//894 848//848
f 896//896 895//895 850//850
f 897//897 896//896 852//852
f 897//897 854//854 858//858
f 898//898 858//858 860//860
f 899//899 860//860 862//862
f 900//900 862//862 864//864
f 901//901 864//864 866//866
f 902//902 866//866 869//869
f 903//903 904//904 869//869
f 905//905 903//903 868//868
f 906//906 905//905 870//870
f 907//907 906//906 872//872
f 908//908 907//907 874//874
f 909//909 908//908 876//876
f 909//909 878//878 882//882
f 910//910 882//882 884//884
f 911//911 884//884 886//886
f 912//912 886//886 888//888
f 913//913 888//888 890//890
f 914//914 890//890 845//844
f 915//915 892//892 891//891
f 916//916 917//917 891//891
f 918//918 916//916 893//893
f 918//918 894//894 895//895
f 919//919 895//895 896//896
f 920//920 896//896 897//897
f 921//921 922//922 897//897
f 923//923 921//921 898//898
f 923//923 899//899 900//900
f 924//924 900//900 901//901
f 925//925 901//901 902//902
f 926//926 927//927 902//902
f 926//926 904//904 903//903
f 928//928 929//929 903//903
f 930//930 928//928 905//905
f 931//931 930//930 906//906
f 931//931 907//907 908//908
f 932//932 908//908 909//909
f 933//933 934//934 909//909
f 935//935 933//933 910//910
f 936//936 935//935 911//911
f 936//936 912//912 913//913
f 937//937 913//913 914//914
f 915//915 938//938 914//914
f 939//939 915//915 917//917
f 940//940 941//941 917//917
f 942//942 940//940 916//916
f 942//942 918//918 919//919
f 943//943 919//919 920//920
f 944//944 920//920 922//922
f 945//945 946//946 922//922
f 947//947 945//945 921//921
f 948//948 947//947 923//923
f 948//948 924//924 925//925
f 949//949 925//925 927//927
f 950//950 951//951 927//927
f 950//950 926//926 929//929
f 952//952 953//953 929//929
f 954//954 952//952 928//928
f 954//954 930//930 931//931
f 955//955 931//931 932//932
f 956//956 932//932 934//934
f 957//957 958//958 934//934
f 959//959 957//957 933//933
f 960//960 959//959 935//935
f 960//960 936//936 937//937
f 961//961 937//937 938//938
f 939//939 962//962 938//938
f 963//963 847//847 844//845
f 963//963 849//849 847//847
f 963//963 851//851 849//849
f 963//963 853//853 851//851
f 963//963 855//855 853//853
f 963//963 857//856 855//855
f 963//963 856//857 857//856
f 963//963 859//859 856//857
f 963//963 861//861 859//859
f 963//963 863//863 861//861
f 963//963 865//865 863//863
f 963//963 867//867 865//865
f 963//963 871//871 867//867
f 963//963 873//873 871//871
f 963//963 875//875 873//873
f 963//963 877//877 875//875
f 963//963 879//879 877//877
f 963//963 881//880 879//879
f 963//963 880//881 881//880
f 963//963 883//883 880//881
f 963//963 885//885 883//883
f 963//963 887//887 885//885
f 963//963 889//889 887//887
f 963//963 844//845 889//889
f 939//939 941//941 962//962
f 940//940 962//962 941//941
f 942//942 961//961 940//940
f 943//943 960//960 942//942
f 943//943 957//957 959//959
f 944//944 958//958 957//957
f 945//945 958//958 946//946
f 947//947 956//956 945//945
f 947//947 954//954 955//955
f 948//948 952//952 954//954
f 949//949 953//953 952//952
f 951//951 950//950 953//953
f 843//843 844//845 847//847
f 846//846 847//847 849//849
f 848//848 849//849 851//851
f 850//850 851//851 853//853
f 852//852 853//853 855//855
f 854//854 855//855 857//856
f 854//854 856//857 858//858
f 858//858 859//859 860//860
f 860//860 861//861 862//862
f 862//862 863//863 864//864
f 864//864 865//865 866//866
f 866//866 867//867 869//869
f 868//868 867//867 871//871
f 870//870 871//871 873//873
f 872//872 873//873 875//875
f 874//874 875//875 877//877
f 876//876 877//877 879//879
f 878//878 879//879 881//880
f 878//878 880//881 882//882
f 882//882 883//883 884//884
f 884//884 885//885 886//886
f 886//886 887//887 888//888
f 888//888 889//889 890//890
f 890//890 844//845 845//844
f 891//891 845//844 843//843
f 893//893 843//843 846//846
f 894//894 846//846 848//848
f 895//895 848//848 850//850
f 896//896 850//850 852//852
f 897//897 852//852 854//854
f 897//897 858//858 898//898
f 898//898 860//860 899//899
f 899//899 862//862 900//900
f 900//900 864//864 901//901
f 901//901 866//866 902//902
f 902//902 869//869 904//904
f 903//903 869//869 868//868
f 905//905 868//868 870//870
f 906//906 870//870 872//872
f 907//907 872//872 874//874
f 908//908 874//874 876//876
f 909//909 876//876 878//878
f 909//909 882//882 910//910
f 910//910 884//884 911//911
f 911//911 886//886 912//912
f 912//912 888//888 913//913
f 913//913 890//890 914//914
f 914//914 845//844 892//892
f 915//915 891//891 917//917
f 916//916 891//891 893//893
f 918//918 893//893 894//894
f 918//918 895//895 919//919
f 919//919 896//896 920//920
f 920//920 897//897 922//922
f 921//921 897//897 898//898
f 923//923 898//898 899//899
f 923//923 900//900 924//924
f 924//924 901//901 925//925
f 925//925 902//902 927//927
f 926//926 902//902 904//904
f 926//926 903//903 929//929
f 928//928 903//903 905//905
f 930//930 905//905 906//906
f 931//931 906//906 907//907
f 931//931 908//908 932//932
f 932//932 909//909 934//934
f 933//933 909//909 910//910
f 935//935 910//910 911//911
f 936//936 911//911 912//912
f 936//936 913//913 937//937
f 937//937 914//914 938//938
f 915//915 914//914 892//892
f 939//939 917//917 941//941
f 940//940 917//917 916//916
f 942//942 916//916 918//918
f 942//942 919//919 943//943
f 943//943 920//920 944//944
f 944//944 922//922 946//946
f 945//945 922//922 921//921
f 947//947 921//921 923//923
f 948//948 923//923 924//924
f 948//948 925//925 949//949
f 949//949 927//927 951//951
f 950//950 927//927 926//926
f 950//950 929//929 953//953
f 952//952 929//929 928//928
f 954//954 928//928 930//930
f 954//954 931//931 955//955
f 955//955 932//932 956//956
f 956//956 934//934 958//958
f 957//957 934//934 933//933
f 959//959 933//933 935//935
f 960//960 935//935 936//936
f 960//960 937//937 961//961
f 961//961 938//938 962//962
f 939//939 938//938 915//915
f 940//940 961//961 962//962
f 942//942 960//960 961//961
f 943//943 959//959 960//960
f 943//943 944//944 957//957
f 944//944 946//946 958//958
f 945//945 956//956 958//958
f 947//947 955//955 956//956
f 947//947 948//948 954//954
f 948//948 949//949 952//952
f 949//949 951//951 953//953
f 964//964 965//965 966//966
f 965//965 967//967 968//968
f 967//967 969//969 968//968
f 970//970 971//971 969//969
f 971//971 964//964 966//966
f 972//972 973//973 964//964
f 974//974 967//967 973//973
f 975//975 970//970 967//967
f 976//976 977//977 970//970
f 977//977 972//972 964//964
f 978//978 974//974 972//972
f 979//979 975//975 974//974
f 980//980 976//976 975//975
f 981//981 982//982 976//976
f 983//983 972//972 982//982
f 984//984 979//979 978//978
f 985//985 980//980 979//979
f 986//986 981//981 980//980
f 981//981 987//987 983//983
f 987//987 978//978 983//983
f 988//988 985//985 984//984
f 985//985 989//989 986//986
f 989//989 990//990 986//986
f 991//991 987//987 990//990
f 992//992 984//984 987//987
f 988//988 993//993 994//994
f 993//993 989//989 994//994
f 995//995 991//991 989//989
f 991//991 996//996 992//992
f 996//996 988//988 992//992
f 997//721 993//993 998//997
f 999//998 995//995 993//993
f 1000//999 1001//1000 995//995
f 1002//1001 996//996 1001//1000
f 1003//1002 998//997 996//996
f 1004//1003 999//998 997//721
f 1005//1004 1000//999 999//998
f 1006//1005 1002//1001 1000//999
f 1007//1006 1003//1002 1002//1001
f 1008//1007 997//721 1003//1002
f 1009//1008 1005//1004 1004//1003
f 1010//1009 1006//1005 1005//1004
f 1011//1010 1007//1006 1006//1005
f 1012//1011 1008//1007 1007//1006
f 1008//1007 1009//1008 1004//1003
f 1013//1012 1010//1009 1009//1008
f 1014//1013 1011//1010 1010//1009
f 1015//1014 1012//1011 1011//1010
f 1012//1011 1016//1015 1017//1016
f 1016//1015 1009//1008 1017//1016
f 1018//1017 1014//1013 1013//1012
f 1019//1018 1015//1014 1014//1013
f 1020//1019 1021//1020 1015//1014
f 1022//1021 1016//1015 1021//1020
f 1023//1022 1013//1012 1016//1015
f 1024//1023 1019//1018 1018//1017
f 1019//1018 1025//1024 1020//1019
f 1025//1024 1022//1021 1020//1019
f 1026//1025 1023//1022 1022//1021
f 1027//1026 1018//1017 1023//1022
f 1028//1027 1029//1028 1024//1023
f 1030//1029 1025//1024 1029//1028
f 1031//1030 1026//1025 1025//1024
f 1032//1031 1027//1026 1026//1025
f 1033//1032 1024//1023 1027//1026
f 1028//1027 965//965 1030//1029
f 1030//1029 968//968 1031//1030
f 968//968 1032//1031 1031//1030
f 969//969 1033//1032 1032//1031
f 971//971 1028//1027 1033//1032
f 964//964 973//973 965//965
f 965//965 973//973 967//967
f 967//967 970//970 969//969
f 970//970 977//977 971//971
f 971//971 977//977 964//964
f 972//972 974//974 973//973
f 974//974 975//975 967//967
f 975//975 976//976 970//970
f 976//976 982//982 977//977
f 977//977 982//982 972//972
f 978//978 979//979 974//974
f 979//979 980//980 975//975
f 980//980 981//981 976//976
f 981//981 983//983 982//982
f 983//983 978//978 972//972
f 984//984 985//985 979//979
f 985//985 986//986 980//980
f 986//986 990//990 981//981
f 981//981 990//990 987//987
f 987//987 984//984 978//978
f 988//988 994//994 985//985
f 985//985 994//994 989//989
f 989//989 991//991 990//990
f 991//991 992//992 987//987
f 992//992 988//988 984//984
f 988//988 998//997 993//993
f 993//993 995//995 989//989
f 995//995 1001//1000 991//991
f 991//991 1001//1000 996//996
f 996//996 998//997 988//988
f 997//721 999//998 993//993
f 999//998 1000//999 995//995
f 1000//999 1002//1001 1001//1000
f 1002//1001 1003//1002 996//996
f 1003//1002 997//721 998//997
f 1004//1003 1005//1004 999//998
f 1005//1004 1006//1005 1000//999
f 1006//1005 1007//1006 1002//1001
f 1007//1006 1008//1007 1003//1002
f 1008//1007 1004//1003 997//721
f 1009//1008 1010//1009 1005//1004
f 1010//1009 1011//1010 1006//1005
f 1011//1010 1012//1011 1007//1006
f 1012//1011 1017//1016 1008//1007
f 1008//1007 1017//1016 1009//1008
f 1013//1012 1014//1013 1010//1009
f 1014//1013 1015//1014 1011//1010
f 1015//1014 1021//1020 1012//1011
f 1012//1011 1021//1020 1016//1015
f 1016//1015 1013//1012 1009//1008
f 1018//1017 1019//1018 1014//1013
f 1019//1018 1020//1019 1015//1014
f 1020//1019 1022//1021 1021//1020
f 1022//1021 1023//1022 1016//1015
f 1023//1022 1018//1017 1013//1012
f 1024//1023 1029//1028 1019//1018
f 1019//1018 1029//1028 1025//1024
f 1025//1024 1026//1025 1022//1021
f 1026//1025 1027//1026 1023//1022
f 1027//1026 1024//1023 1018//1017
f 1028//1027 1030//1029 1029//1028
f 1030//1029 1031//1030 1025//1024
f 1031//1030 1032//1031 1026//1025
f 1032//1031 1033//1032 1027//1026
f 1033//1032 1028//1027 1024//1023
f 1028//1027 966//966 965//965
f 1030//1029 965//965 968//968
f 968//968 969//969 1032//1031
f 969//969 971//971 1033//1032
f 971//971 966//966 1028//1027
f 1034//1033 1035//1034 1036//1035
f 1037//1036 1038//1037 1039//1038
f 1040//1039 1041//1040 1042//1041
f 1043//1042 1034//1033 1036//1035
f 1039//1038 1035//1034 1044//1043
f 1040//1039 1045//1044 1037//1036
f 1036//1035 1046//1045 1047//1046
f 1045//1044 1048//1047 1038//1037
f 1042//1041 1041//1040 1049//1048
f 1043//1042 1036//1035 1047//1046
f 1038//1037 1046//1045 1035//1034
f 1042//1041 1050//1049 1045//1044
f 1050//1049 1051//1050 1048//1047
f 1049//1048 1041//1040 1052//1051
f 1043//1042 1047//1046 1053//1052
f 1048//1047 1054//1053 1046//1045
f 1049//1048 1055//1054 1050//1049
f 1046//1045 1053//1052 1047//1046
f 1052//1051 1041//1040 1056//1055
f 1043//1042 1053//1052 1057//1056
f 1054//1053 1058//1057 1059//1058
f 1052//1051 1060//1059 1055//1054
f 1053//1052 1059//1058 1057//1056
f 1055//1054 1058//1057 1051//1050
f 1043//1042 1057//1056 1061//1060
f 1058//1057 1062//1061 1059//1058
f 1060//1059 1063//1062 1064//1063
f 1057//1056 1062//1061 1061//1060
f 1060//1059 1065//1064 1058//1057
f 1056//1055 1041//1040 1063//1062
f 1043//1042 1061//1060 1066//1065
f 1062//1061 1067//1066 1068//1067
f 1063//1062 1069//1068 1064//1063
f 1062//1061 1066//1065 1061//1060
f 1064//1063 1067//1066 1065//1064
f 1063//1062 1041//1040 1070//1069
f 1043//1042 1066//1065 1071//1070
f 1068//1067 1072//1071 1073//1072
f 1070//1069 1074//1073 1069//1068
f 1068//1067 1071//1070 1066//1065
f 1069//1068 1072//1071 1067//1066
f 1070//1069 1041//1040 1075//1074
f 1073//1072 1076//1075 1077//1076
f 1075//1074 1078//1077 1074//1073
f 1073//1072 1079//1078 1071//1070
f 1074//1073 1076//1075 1072//1071
f 1075//1074 1041//1040 1080//1079
f 1043//1042 1071//1070 1079//1078
f 1080//1079 1081//1080 1078//1077
f 1077//1076 1082//1081 1079//1078
f 1078//1077 1083//1082 1076//1075
f 1080//1079 1041//1040 1084//1083
f 1043//1042 1079//1078 1082//1081
f 1077//1076 1083//1082 1085//1084
f 1085//1084 1034//1033 1082//1081
f 1081//1080 1039//1038 1083//1082
f 1084//1083 1041//1040 1040//1039
f 1043//1042 1082//1081 1034//1033
f 1083//1082 1044//1043 1085//1084
f 1081//1080 1040//1039 1037//1036
f 1034//1033 1044//1043 1035//1034
f 1037//1036 1045//1044 1038//1037
f 1039//1038 1038//1037 1035//1034
f 1040//1039 1042//1041 1045//1044
f 1036//1035 1035//1034 1046//1045
f 1045//1044 1050//1049 1048//1047
f 1038//1037 1048//1047 1046//1045
f 1042//1041 1049//1048 1050//1049
f 1050//1049 1055//1054 1051//1050
f 1048//1047 1051//1050 1054//1053
f 1049//1048 1052//1051 1055//1054
f 1046//1045 1054//1053 1053//1052
f 1054//1053 1051//1050 1058//1057
f 1052//1051 1056//1055 1060//1059
f 1053//1052 1054//1053 1059//1058
f 1055//1054 1060//1059 1058//1057
f 1058//1057 1065//1064 1062//1061
f 1060//1059 1056//1055 1063//1062
f 1057//1056 1059//1058 1062//1061
f 1060//1059 1064//1063 1065//1064
f 1062//1061 1065//1064 1067//1066
f 1063//1062 1070//1069 1069//1068
f 1062//1061 1068//1067 1066//1065
f 1064//1063 1069//1068 1067//1066
f 1068//1067 1067//1066 1072//1071
f 1070//1069 1075//1074 1074//1073
f 1068//1067 1073//1072 1071//1070
f 1069//1068 1074//1073 1072//1071
f 1073//1072 1072//1071 1076//1075
f 1075//1074 1080//1079 1078//1077
f 1073//1072 1077//1076 1079//1078
f 1074//1073 1078//1077 1076//1075
f 1080//1079 1084//1083 1081//1080
f 1077//1076 1085//1084 1082//1081
f 1078//1077 1081//1080 1083//1082
f 1077//1076 1076//1075 1083//1082
f 1085//1084 1044//1043 1034//1033
f 1081//1080 1037//1036 1039//1038
f 1083//1082 1039//1038 1044//1043
f 1081//1080 1084//1083 1040//1039
