# JIB VI - the rust parts, as a standalone mesh.
#
# One file per material rather than one library addressed with `#group`:
# selecting a group recentres it on its own bounding box, which takes a
# model apart when the library IS one model. A whole-file import keeps
# the authored coordinates. See loom_asset/src/mesh.rs:268.
v 5.082712 0.862753 0.008933
v 5.102222 0.893472 0.010421
v 5.104259 0.890400 0.024074
v 5.076934 0.881465 0.004873
v 5.088686 0.896545 0.013131
v 5.074074 0.872109 0.015085
v 5.090724 0.893472 0.026785
v 5.051593 0.866105 -0.012935
v 5.085572 0.872109 -0.001279
v 5.059959 0.883293 -0.007055
v 5.050027 0.874699 -0.001813
v 5.034334 0.897931 -0.025062
v 5.061525 0.874699 -0.018177
v 5.050546 0.900652 -0.013670
v 5.036691 0.899292 -0.011184
v 5.055606 0.927369 -0.022336
v 5.048189 0.899292 -0.027548
v 5.055781 0.920472 -0.009991
v 5.043932 0.934266 -0.018318
v 5.078191 0.937787 -0.006466
v 5.071723 0.927826 0.001211
v 5.044107 0.927369 -0.005973
v 5.073160 0.947749 0.002221
v 5.098937 0.922702 0.008112
v 5.086368 0.917177 0.011502
v 5.066692 0.937787 0.009898
v 5.100008 0.928227 0.021087
v 5.087439 0.922702 0.024476
v 5.104283 0.882586 0.066136
v 5.126661 0.871052 0.039816
v 5.136961 0.877496 0.047054
v 5.103564 0.886417 0.046519
v 5.121388 0.883641 0.036111
v 5.106438 0.894018 0.058094
v 5.131689 0.890085 0.043349
v 5.070415 0.894023 0.052721
v 5.101410 0.874985 0.054561
v 5.085091 0.892655 0.039202
v 5.080267 0.902855 0.047728
v 5.060859 0.903194 0.016910
v 5.075239 0.883823 0.044195
v 5.079878 0.897658 0.019669
v 5.072883 0.909942 0.020056
v 5.084818 0.890910 -0.007617
v 5.067855 0.890910 0.016523
v 5.091852 0.897658 0.002629
v 5.089846 0.909942 -0.004084
v 5.082811 0.903194 -0.014330
v 5.113355 0.883823 -0.010047
v 5.111996 0.892655 0.000913
v 5.118383 0.902855 -0.006514
v 5.119742 0.894023 -0.017475
v 5.131977 0.874985 0.011062
v 5.125141 0.886417 0.015814
v 5.143840 0.882586 0.009843
v 5.137004 0.894018 0.014595
v 5.148116 0.836945 0.054893
v 5.167626 0.867664 0.056380
v 5.169663 0.864592 0.070034
v 5.142338 0.855657 0.050832
v 5.154090 0.870737 0.059091
v 5.139478 0.846301 0.061044
v 5.156127 0.867664 0.072744
v 5.116997 0.840297 0.033025
v 5.150976 0.846301 0.044681
v 5.125363 0.857485 0.038904
v 5.115431 0.848891 0.044147
v 5.099738 0.872123 0.020897
v 5.126929 0.848891 0.027783
v 5.115950 0.874844 0.032289
v 5.102095 0.873484 0.034775
v 5.121010 0.901561 0.023623
v 5.113593 0.873484 0.018411
v 5.121185 0.894664 0.035968
v 5.109336 0.908458 0.027642
v 5.143595 0.911979 0.039493
v 5.137127 0.902018 0.047171
v 5.109511 0.901561 0.039987
v 5.138564 0.921941 0.048180
v 5.164341 0.896894 0.054072
v 5.151772 0.891369 0.057461
v 5.132096 0.911979 0.055857
v 5.165412 0.902419 0.067046
v 5.152843 0.896894 0.070436
v 5.169687 0.856778 0.112095
v 5.192065 0.845244 0.085775
v 5.202365 0.851688 0.093013
v 5.168968 0.860609 0.092479
v 5.186792 0.857833 0.082071
v 5.171842 0.868210 0.104054
v 5.197093 0.864277 0.089308
v 5.135819 0.868215 0.098680
v 5.166814 0.849177 0.100521
v 5.150495 0.866847 0.085162
v 5.145671 0.877047 0.093687
v 5.126263 0.877386 0.062869
v 5.140643 0.858015 0.090154
v 5.145282 0.871850 0.065628
v 5.138287 0.884134 0.066015
v 5.150222 0.865102 0.038342
v 5.133259 0.865102 0.062482
v 5.157256 0.871850 0.048588
v 5.155250 0.884134 0.041875
v 5.148215 0.877386 0.031629
v 5.178759 0.858015 0.035912
v 5.177400 0.866847 0.046873
v 5.183787 0.877047 0.039445
v 5.185146 0.868215 0.028484
v 5.197381 0.849177 0.057022
v 5.190545 0.860609 0.061774
v 5.209244 0.856778 0.055803
v 5.202408 0.868210 0.060555
v 5.213520 0.811137 0.100852
v 5.233030 0.841856 0.102340
v 5.235067 0.838784 0.115993
v 5.207742 0.829849 0.096792
v 5.219494 0.844929 0.105050
v 5.204882 0.820493 0.107004
v 5.221531 0.841856 0.118704
v 5.182401 0.814489 0.078984
v 5.216380 0.820493 0.090640
v 5.190767 0.831677 0.084864
v 5.180835 0.823083 0.090106
v 5.165142 0.846315 0.066857
v 5.192333 0.823083 0.073742
v 5.181354 0.849036 0.078249
v 5.167499 0.847676 0.080735
v 5.186414 0.875753 0.069583
v 5.178997 0.847676 0.064371
v 5.186589 0.868855 0.081928
v 5.174740 0.882650 0.073601
v 5.208999 0.886171 0.085453
v 5.202531 0.876210 0.093130
v 5.174915 0.875753 0.085946
v 5.203968 0.896133 0.094140
v 5.229745 0.871086 0.100031
v 5.217175 0.865561 0.103421
v 5.197500 0.886171 0.101817
v 5.230816 0.876611 0.113006
v 5.218246 0.871086 0.116395
v 5.235091 0.830970 0.158055
v 5.257469 0.819436 0.131735
v 5.267769 0.825880 0.138973
v 5.234372 0.834801 0.138438
v 5.252196 0.832025 0.128030
v 5.237246 0.842402 0.150013
v 5.262496 0.838469 0.135268
v 5.201223 0.842407 0.144640
v 5.232218 0.823369 0.146480
v 5.215899 0.841039 0.131121
v 5.211075 0.851239 0.139647
v 5.191667 0.851578 0.108829
v 5.206047 0.832207 0.136114
v 5.210686 0.846042 0.111588
v 5.203691 0.858326 0.111975
v 5.215626 0.839294 0.084302
v 5.198663 0.839294 0.108442
v 5.222660 0.846042 0.094548
v 5.220654 0.858326 0.087835
v 5.213619 0.851578 0.077589
v 5.244163 0.832207 0.081872
v 5.242804 0.841039 0.092833
v 5.249191 0.851239 0.085405
v 5.250550 0.842407 0.074444
v 5.262784 0.823369 0.102981
v 5.255949 0.834801 0.107733
v 5.274648 0.830970 0.101762
v 5.267812 0.842402 0.106514
v 5.299485 0.836236 0.167461
v 5.290409 0.807688 0.146745
v 5.298309 0.835326 0.153397
v 5.284250 0.834415 0.154632
v 5.278674 0.814906 0.149936
v 5.285426 0.835326 0.168695
v 5.289261 0.800470 0.158852
v 5.268956 0.798531 0.128679
v 5.263530 0.808442 0.137183
v 5.277526 0.807688 0.162043
v 5.261498 0.788620 0.135472
v 5.250103 0.814750 0.112803
v 5.250223 0.819891 0.125977
v 5.256073 0.798531 0.143977
v 5.237101 0.809608 0.114927
v 5.248048 0.844131 0.111073
v 5.248772 0.840631 0.124756
v 5.237220 0.814750 0.128101
v 5.234442 0.847631 0.112688
v 5.264338 0.864551 0.124790
v 5.260271 0.855044 0.134439
v 5.251455 0.864551 0.140089
v 5.235165 0.844131 0.126371
v 5.284469 0.868985 0.154817
v 5.255522 0.874057 0.130440
v 5.276060 0.852278 0.147735
v 5.273823 0.860632 0.158925
v 5.286706 0.860632 0.143627
v 5.331478 0.840061 0.194402
v 5.297683 0.828026 0.200696
v 5.324557 0.829192 0.188574
v 5.316243 0.838239 0.181573
v 5.297273 0.837417 0.190129
v 5.323164 0.849109 0.187401
v 5.296700 0.838552 0.210089
v 5.271544 0.825407 0.187266
v 5.278822 0.835568 0.180650
v 5.296290 0.847943 0.199523
v 5.262872 0.835163 0.192710
v 5.265821 0.823306 0.158399
v 5.274783 0.834085 0.160273
v 5.270150 0.845324 0.186093
v 5.264428 0.843223 0.157226
v 5.280061 0.832444 0.126146
v 5.255467 0.832444 0.155352
v 5.284826 0.823306 0.135831
v 5.283433 0.843223 0.134658
v 5.318134 0.835163 0.127085
v 5.308965 0.835568 0.144855
v 5.288198 0.834085 0.144342
v 5.312853 0.845324 0.135383
v 5.341017 0.838552 0.157462
v 5.314246 0.825407 0.136557
v 5.321446 0.837417 0.161424
v 5.330535 0.847943 0.158856
v 5.331928 0.828026 0.160030
v 5.363470 0.843885 0.221344
v 5.354394 0.815337 0.200627
v 5.362294 0.842975 0.207280
v 5.348235 0.842064 0.208514
v 5.342659 0.822555 0.203819
v 5.349411 0.842975 0.222578
v 5.353247 0.808119 0.212735
v 5.332941 0.806180 0.182561
v 5.327516 0.816091 0.191066
v 5.341511 0.815337 0.215926
v 5.325483 0.796268 0.189355
v 5.314089 0.822398 0.166686
v 5.314208 0.827540 0.179860
v 5.320058 0.806180 0.197860
v 5.301086 0.817257 0.168810
v 5.312034 0.851780 0.164955
v 5.312757 0.848280 0.178638
v 5.301206 0.822398 0.181984
v 5.298427 0.855280 0.166570
v 5.319508 0.881706 0.184323
v 5.324256 0.862693 0.188321
v 5.315440 0.872199 0.193971
v 5.299150 0.851780 0.180253
v 5.348454 0.876634 0.208699
v 5.328323 0.872199 0.178673
v 5.340045 0.859927 0.201617
v 5.337808 0.868281 0.212807
v 5.350691 0.868281 0.197509
v 5.395463 0.847710 0.248285
v 5.361669 0.835675 0.254578
v 5.388542 0.836841 0.242457
v 5.380228 0.845888 0.235456
v 5.361259 0.845066 0.244012
v 5.387149 0.856757 0.241284
v 5.360685 0.846201 0.263972
v 5.335529 0.833056 0.241149
v 5.342807 0.843217 0.234533
v 5.360275 0.855592 0.253405
v 5.326857 0.842811 0.246592
v 5.329807 0.830955 0.212281
v 5.338768 0.841734 0.214155
v 5.334136 0.852973 0.239976
v 5.328413 0.850872 0.211108
v 5.344047 0.840093 0.180029
v 5.319452 0.840093 0.209234
v 5.348812 0.830955 0.189713
v 5.347418 0.850872 0.188540
v 5.382120 0.842811 0.180968
v 5.372950 0.843217 0.198737
v 5.352183 0.841734 0.198225
v 5.376838 0.852973 0.189266
v 5.405002 0.846201 0.211345
v 5.378232 0.833056 0.190439
v 5.385432 0.845066 0.215307
v 5.394520 0.855592 0.212739
v 5.395914 0.835675 0.213912
v 5.427456 0.851534 0.275226
v 5.418380 0.822986 0.254510
v 5.426280 0.850623 0.261162
v 5.412221 0.849713 0.262397
v 5.406645 0.830204 0.257701
v 5.413397 0.850623 0.276461
v 5.417233 0.815768 0.266617
v 5.396927 0.813829 0.236444
v 5.391501 0.823740 0.244949
v 5.405497 0.822986 0.269808
v 5.389469 0.803917 0.243238
v 5.378075 0.830047 0.220568
v 5.378194 0.835188 0.233742
v 5.384044 0.813829 0.251742
v 5.365072 0.824906 0.222693
v 5.376019 0.859429 0.218838
v 5.376743 0.855928 0.232521
v 5.365191 0.830047 0.235867
v 5.362413 0.862929 0.220453
v 5.383493 0.889354 0.238205
v 5.388242 0.870342 0.242204
v 5.379426 0.879848 0.247854
v 5.363136 0.859429 0.234136
v 5.412440 0.884283 0.262582
v 5.392309 0.879848 0.232556
v 5.404031 0.867576 0.255500
v 5.401794 0.875930 0.266690
v 5.414677 0.875930 0.251392
v 5.459449 0.855358 0.302167
v 5.425654 0.843324 0.308461
v 5.452528 0.844489 0.296339
v 5.444214 0.853537 0.289338
v 5.425244 0.852714 0.297895
v 5.451135 0.864406 0.295166
v 5.424671 0.853850 0.317854
v 5.399515 0.840704 0.295032
v 5.406793 0.850865 0.288415
v 5.424261 0.863241 0.307288
v 5.390843 0.850460 0.300475
v 5.393793 0.838604 0.266164
v 5.402754 0.849383 0.268038
v 5.398121 0.860621 0.293859
v 5.392399 0.858521 0.264991
v 5.408032 0.847742 0.233911
v 5.383438 0.847742 0.263117
v 5.412797 0.838604 0.243596
v 5.411404 0.858521 0.242423
v 5.446105 0.850460 0.234851
v 5.436936 0.850865 0.252620
v 5.416169 0.849383 0.252108
v 5.440824 0.860621 0.243149
v 5.468988 0.853850 0.265227
v 5.442217 0.840704 0.244322
v 5.449418 0.852714 0.269189
v 5.458506 0.863241 0.266622
v 5.459899 0.843324 0.267795
v 5.489214 0.852007 0.324603
v 5.483590 0.883668 0.307503
v 5.483788 0.889562 0.320357
v 5.474024 0.857290 0.312715
v 5.471065 0.877775 0.310399
v 5.475456 0.854649 0.326534
v 5.471263 0.883668 0.323253
v 5.472529 0.832393 0.298846
v 5.487782 0.854649 0.310784
v 5.463257 0.841581 0.304288
v 5.460203 0.832393 0.314596
v 5.469475 0.823205 0.309154
v 5.449316 0.833660 0.280679
v 5.446871 0.842475 0.291464
v 5.439434 0.824845 0.285644
v 5.421714 0.855692 0.271776
v 5.435623 0.857496 0.269963
v 5.423296 0.857496 0.285713
v 5.436989 0.833660 0.296429
v 5.441761 0.885952 0.274767
v 5.441538 0.879387 0.287291
v 5.437205 0.859301 0.283900
v 5.429435 0.885952 0.290517
v 5.457283 0.907591 0.299614
v 5.429657 0.892517 0.277993
v 5.463109 0.897600 0.291474
v 5.450782 0.897600 0.307224
v 5.456607 0.887609 0.299084
v 5.510510 0.914314 0.341269
v 5.484262 0.892797 0.354482
v 5.508789 0.900341 0.339922
v 5.480473 0.897202 0.341588
v 5.497786 0.902527 0.331311
v 5.499507 0.916499 0.332658
v 5.474980 0.908955 0.347218
v 5.449850 0.882613 0.348267
v 5.478769 0.904550 0.360111
v 5.461915 0.875845 0.345330
v 5.452633 0.892003 0.338066
v 5.458577 0.862251 0.319358
v 5.462342 0.875640 0.316795
v 5.464699 0.885236 0.335128
v 5.449295 0.878409 0.312094
v 5.469061 0.865020 0.284588
v 5.445529 0.865020 0.314657
v 5.475177 0.875640 0.300394
v 5.467478 0.878409 0.288859
v 5.502773 0.875845 0.293122
v 5.476760 0.862251 0.296123
v 5.493539 0.885236 0.298276
v 5.493491 0.892003 0.285858
v 5.502725 0.882613 0.280704
v 5.517028 0.892797 0.312614
v 5.503602 0.897202 0.312035
v 5.507746 0.908955 0.305350
v 5.521172 0.904550 0.305930
v 5.542657 0.901510 0.366427
v 5.537032 0.933172 0.349327
v 5.537231 0.939065 0.362181
v 5.527467 0.906794 0.354539
v 5.524507 0.927279 0.352223
v 5.528899 0.904152 0.368358
v 5.524706 0.933172 0.365077
v 5.525971 0.881897 0.340671
v 5.541225 0.904152 0.352608
v 5.516699 0.891084 0.346113
v 5.513645 0.881897 0.356421
v 5.522917 0.872709 0.350979
v 5.502758 0.883164 0.322504
v 5.500313 0.891979 0.333289
v 5.492877 0.874349 0.327469
v 5.475156 0.905196 0.313601
v 5.489065 0.907000 0.311788
v 5.476739 0.907000 0.327538
v 5.490432 0.883164 0.338254
v 5.495203 0.935456 0.316592
v 5.494981 0.928891 0.329116
v 5.490648 0.908804 0.325725
v 5.482877 0.935456 0.332342
v 5.510726 0.957094 0.341438
v 5.483100 0.942021 0.319818
v 5.516551 0.947104 0.333298
v 5.504225 0.947104 0.349048
v 5.510050 0.937113 0.340908
v 5.563952 0.963817 0.383093
v 5.537704 0.942301 0.396306
v 5.562231 0.949845 0.381746
v 5.533915 0.946705 0.383413
v 5.551228 0.952031 0.373135
v 5.552949 0.966003 0.374482
v 5.528422 0.958459 0.389042
v 5.503292 0.932117 0.390092
v 5.532211 0.954054 0.401935
v 5.515357 0.925349 0.387154
v 5.506075 0.941507 0.379890
v 5.512019 0.911755 0.361182
v 5.515784 0.925144 0.358619
v 5.518141 0.934739 0.376953
v 5.502737 0.927913 0.353918
v 5.522503 0.914524 0.326413
v 5.498971 0.914524 0.356481
v 5.528619 0.925144 0.342218
v 5.520920 0.927913 0.330683
v 5.556215 0.925349 0.334947
v 5.530202 0.911755 0.337948
v 5.546981 0.934739 0.340100
v 5.546933 0.941507 0.327682
v 5.556167 0.932117 0.322529
v 5.570470 0.942301 0.354439
v 5.557044 0.946705 0.353859
v 5.561188 0.958459 0.347175
v 5.574614 0.954054 0.347754
v -8.792673 0.655701 -2.711604
v -8.776450 0.598117 -2.686179
v -8.798676 0.598105 -2.684727
v -8.798676 0.598105 -2.684727
v -8.773649 0.540288 -2.658709
v -8.798370 0.540274 -2.657043
v -8.798370 0.540274 -2.657043
v -8.776646 0.481993 -2.629844
v -8.797211 0.481980 -2.628411
v -8.797211 0.481980 -2.628411
v -8.784750 0.423687 -2.598441
v -8.798118 0.423677 -2.597476
v -8.798118 0.423677 -2.597476
v -8.787999 0.365375 -2.565068
v -8.796887 0.365369 -2.564400
v -8.787999 0.365375 -2.565068
v -8.788757 0.307060 -2.529426
v -8.796887 0.365369 -2.564400
v -8.779955 0.307067 -2.530122
v -8.776890 0.248751 -2.492215
v -8.788757 0.307060 -2.529426
v -8.767138 0.248759 -2.493030
v -8.770643 0.190436 -2.451820
v -8.776890 0.248751 -2.492215
v -8.571307 0.655815 -2.726787
v -8.556796 0.613375 -2.708275
v -8.569866 0.613368 -2.707291
v -8.569866 0.613368 -2.707291
v -8.560925 0.570681 -2.688081
v -8.572231 0.570675 -2.687216
v -8.560925 0.570681 -2.688081
v -8.571053 0.527537 -2.667398
v -8.572231 0.570675 -2.687216
v -8.556669 0.527545 -2.668523
v -8.562039 0.484399 -2.647119
v -8.571053 0.527537 -2.667398
v -8.544496 0.484410 -2.648528
v -8.551399 0.441259 -2.625874
v -8.562039 0.484399 -2.647119
v -8.551399 0.441259 -2.625874
v -8.537987 0.398117 -2.603725
v -8.549267 0.398109 -2.602770
v -8.549267 0.398109 -2.602770
v -8.551114 0.354953 -2.578091
v -8.557406 0.354948 -2.577546
v -8.557406 0.354948 -2.577546
v -8.562907 0.311785 -2.551220
v -8.566936 0.311782 -2.550863
v -8.432941 0.655863 -2.734226
v -8.445869 0.623506 -2.718453
v -8.450253 0.655859 -2.733533
v -8.425179 0.623511 -2.719293
v -8.433717 0.590904 -2.703828
v -8.445869 0.623506 -2.718453
v -8.415224 0.590908 -2.704593
v -8.425086 0.557864 -2.689517
v -8.433717 0.590904 -2.703828
v -8.425086 0.557864 -2.689517
v -8.420659 0.524821 -2.674427
v -8.429036 0.524819 -2.674071
v -8.429036 0.524819 -2.674071
v -8.433468 0.491770 -2.657967
v -8.441514 0.491767 -2.657622
v -8.441514 0.491767 -2.657622
v -8.440522 0.458717 -2.641092
v -8.450148 0.458714 -2.640674
v -8.440522 0.458717 -2.641092
v -8.448473 0.425661 -2.623493
v -8.450148 0.458714 -2.640674
v -8.439082 0.425664 -2.623908
v -8.441875 0.392608 -2.605838
v -8.448473 0.425661 -2.623493
v -8.783618 0.598113 2.685708
v -8.794397 0.655700 2.711495
v -8.797436 0.598105 2.684808
v -8.779751 0.540284 2.658295
v -8.797436 0.598105 2.684808
v -8.798282 0.540274 2.657049
v -8.790499 0.481985 2.628877
v -8.779751 0.540284 2.658295
v -8.798282 0.540274 2.657049
v -8.778802 0.423691 2.598873
v -8.768386 0.481999 2.630426
v -8.790499 0.481985 2.628877
v -8.760907 0.365396 2.567128
v -8.778802 0.423691 2.598873
v -8.774401 0.365386 2.566097
v -8.773553 0.307072 2.530630
v -8.774401 0.365386 2.566097
v -8.781488 0.307066 2.530000
v -8.786028 0.248743 2.491455
v -8.781488 0.307066 2.530000
v -8.792105 0.248738 2.490952
v -8.789802 0.190418 2.450140
v -8.792105 0.248738 2.490952
v -8.795700 0.190413 2.449626
v -8.559553 0.613374 2.708067
v -8.547623 0.655827 2.728546
v -8.571729 0.655815 2.726756
v -8.549338 0.570687 2.688973
v -8.538609 0.613384 2.709657
v -8.559553 0.613374 2.708067
v -8.541713 0.527554 2.669701
v -8.549338 0.570687 2.688973
v -8.551969 0.527548 2.668892
v -8.553791 0.484404 2.647780
v -8.551969 0.527548 2.668892
v -8.565022 0.484397 2.646881
v -8.561566 0.441252 2.625039
v -8.565022 0.484397 2.646881
v -8.575575 0.441243 2.623897
v -8.561079 0.398101 2.601775
v -8.575575 0.441243 2.623897
v -8.575023 0.398091 2.600608
v -8.567572 0.354941 2.576670
v -8.561079 0.398101 2.601775
v -8.575023 0.398091 2.600608
v -8.562697 0.311786 2.551239
v -8.557534 0.354948 2.577535
v -8.567572 0.354941 2.576670
v -8.422299 0.623512 2.719411
v -8.425523 0.655865 2.734525
v -8.436996 0.623508 2.718812
v -8.433116 0.590904 2.703853
v -8.436996 0.623508 2.718812
v -8.451751 0.590899 2.703090
v -8.438426 0.557861 2.688960
v -8.451751 0.590899 2.703090
v -8.456542 0.557856 2.688211
v -8.449630 0.524813 2.673202
v -8.438426 0.557861 2.688960
v -8.456542 0.557856 2.688211
v -8.440910 0.491767 2.657648
v -8.436418 0.524816 2.673758
v -8.449630 0.524813 2.673202
v -8.438538 0.458718 2.641178
v -8.432825 0.491770 2.657995
v -8.440910 0.491767 2.657648
v -8.432894 0.425667 2.624183
v -8.438538 0.458718 2.641178
v -8.439458 0.425664 2.623891
v -8.435493 0.392610 2.606126
v -8.432894 0.425667 2.624183
v -8.439458 0.425664 2.623891
v -5.520480 0.612460 -2.859961
v -5.515434 0.576489 -2.843875
v -5.528339 0.576488 -2.843277
v -5.528339 0.576488 -2.843277
v -5.518590 0.540270 -2.827538
v -5.534459 0.540268 -2.826798
v -5.518590 0.540270 -2.827538
v -5.535863 0.503624 -2.810981
v -5.534459 0.540268 -2.826798
v -5.535863 0.503624 -2.810981
v -5.515612 0.466980 -2.795570
v -5.536209 0.466977 -2.794596
v -5.536209 0.466977 -2.794596
v -5.522822 0.430329 -2.778231
v -5.538234 0.430326 -2.777496
v -5.538234 0.430326 -2.777496
v -5.529221 0.393675 -2.760271
v -5.538304 0.393673 -2.759834
v -5.529221 0.393675 -2.760271
v -5.531107 0.357019 -2.741850
v -5.538304 0.393673 -2.759834
v -5.525366 0.357020 -2.742129
v -5.518296 0.320364 -2.723451
v -5.531107 0.357019 -2.741850
v -5.291856 0.612478 -2.870354
v -5.312973 0.585878 -2.856895
v -5.315215 0.612477 -2.869308
v -5.312973 0.585878 -2.856895
v -5.294257 0.559028 -2.845618
v -5.310950 0.559027 -2.844866
v -5.310950 0.559027 -2.844866
v -5.301171 0.531756 -2.833910
v -5.312133 0.531755 -2.833414
v -5.312133 0.531755 -2.833414
v -5.301462 0.504483 -2.822171
v -5.311324 0.504482 -2.821724
v -5.301462 0.504483 -2.822171
v -5.303438 0.477209 -2.810020
v -5.311324 0.504482 -2.821724
v -5.291216 0.477210 -2.810576
v -5.292285 0.449934 -2.798126
v -5.303438 0.477209 -2.810020
v -5.278859 0.449936 -2.798738
v -5.287547 0.422657 -2.785590
v -5.292285 0.449934 -2.798126
v -5.287547 0.422657 -2.785590
v -5.287238 0.395378 -2.772495
v -5.293356 0.395378 -2.772212
v -5.517862 0.576489 2.843762
v -5.539475 0.612458 2.859084
v -5.535895 0.576487 2.842926
v -5.524202 0.540270 2.827276
v -5.535895 0.576487 2.842926
v -5.536697 0.540268 2.826693
v -5.524791 0.503625 2.811501
v -5.536697 0.540268 2.826693
v -5.537535 0.503624 2.810902
v -5.531568 0.466977 2.794816
v -5.524791 0.503625 2.811501
v -5.537535 0.503624 2.810902
v -5.520374 0.430329 2.778348
v -5.515179 0.466980 2.795590
v -5.531568 0.466977 2.794816
v -5.513648 0.393678 2.761019
v -5.502678 0.430332 2.779189
v -5.520374 0.430329 2.778348
v -5.509516 0.357023 2.742897
v -5.513648 0.393678 2.761019
v -5.517725 0.357022 2.742499
v -5.523559 0.320363 2.723193
v -5.517725 0.357022 2.742499
v -5.527656 0.320362 2.722992
v -5.313240 0.585878 2.856884
v -5.297413 0.612478 2.870106
v -5.313107 0.612477 2.869402
v -5.303771 0.559027 2.845189
v -5.292050 0.585880 2.857835
v -5.313240 0.585878 2.856884
v -5.291940 0.531757 2.834326
v -5.281440 0.559029 2.846193
v -5.303771 0.559027 2.845189
v -5.278365 0.504486 2.823216
v -5.291940 0.531757 2.834326
v -5.289625 0.504485 2.822707
v -5.291004 0.477210 2.810586
v -5.289625 0.504485 2.822707
v -5.299167 0.477209 2.810215
v -5.301674 0.449933 2.797696
v -5.299167 0.477209 2.810215
v -5.310576 0.449932 2.797289
v -5.303472 0.422655 2.784859
v -5.310576 0.449932 2.797289
v -5.313358 0.422654 2.784403
v -5.307929 0.395375 2.771538
v -5.303472 0.422655 2.784859
v -5.313358 0.422654 2.784403
v -4.301950 0.605272 -2.908750
v -4.279893 0.539298 -2.880778
v -4.300799 0.539299 -2.879931
v -4.300799 0.539299 -2.879931
v -4.292091 0.473091 -2.850299
v -4.305960 0.473092 -2.849740
v -4.305960 0.473092 -2.849740
v -4.299328 0.406439 -2.819131
v -4.310847 0.406439 -2.818668
v -4.310847 0.406439 -2.818668
v -4.298125 0.339778 -2.786271
v -4.312247 0.339778 -2.785703
v -4.312247 0.339778 -2.785703
v -4.296546 0.273111 -2.751282
v -4.313196 0.273110 -2.750610
v -4.313196 0.273110 -2.750610
v -4.301732 0.206436 -2.713753
v -4.316564 0.206435 -2.713150
v -4.316564 0.206435 -2.713150
v -4.309430 0.139754 -2.673716
v -4.318918 0.139753 -2.673326
v -4.309430 0.139754 -2.673716
v -4.313868 0.073068 -2.631255
v -4.318918 0.139753 -2.673326
v -4.293875 0.539299 2.880212
v -4.319402 0.605274 2.908036
v -4.319971 0.539301 2.879154
v -4.295182 0.473091 2.850174
v -4.319971 0.539301 2.879154
v -4.317358 0.473092 2.849281
v -4.302459 0.406439 2.819005
v -4.317358 0.473092 2.849281
v -4.317241 0.406439 2.818411
v -4.307456 0.339778 2.785896
v -4.317241 0.406439 2.818411
v -4.317649 0.339778 2.785486
v -4.312435 0.273110 2.750641
v -4.307456 0.339778 2.785896
v -4.317649 0.339778 2.785486
v -4.301360 0.206436 2.713768
v -4.301824 0.273110 2.751069
v -4.312435 0.273110 2.750641
v -4.292675 0.139756 2.674404
v -4.288792 0.206437 2.714278
v -4.301360 0.206436 2.713768
v -4.286746 0.073072 2.632386
v -4.292675 0.139756 2.674404
v -4.294041 0.073071 2.632082
v 0.519520 0.650232 -2.879889
v 0.524566 0.605483 -2.854055
v 0.511661 0.605495 -2.855333
v 0.511661 0.605495 -2.855333
v 0.521410 0.560421 -2.829040
v 0.505541 0.560434 -2.830649
v 0.521410 0.560421 -2.829040
v 0.504137 0.514843 -2.805816
v 0.505541 0.560434 -2.830649
v 0.524547 0.514827 -2.803691
v 0.503791 0.469250 -2.780169
v 0.504137 0.514843 -2.805816
v 0.503791 0.469250 -2.780169
v 0.517177 0.423644 -2.752299
v 0.501766 0.423656 -2.753977
v 0.501766 0.423656 -2.753977
v 0.510779 0.378052 -2.725817
v 0.501695 0.378059 -2.726826
v 0.510779 0.378052 -2.725817
v 0.508893 0.332455 -2.698077
v 0.501695 0.378059 -2.726826
v 0.514634 0.332451 -2.697423
v 0.521704 0.286845 -2.667835
v 0.508893 0.332455 -2.698077
v 0.748144 0.649980 -2.855770
v 0.727027 0.617041 -2.838567
v 0.724785 0.650007 -2.858433
v 0.749739 0.617017 -2.835922
v 0.729050 0.583742 -2.819029
v 0.727027 0.617041 -2.838567
v 0.729050 0.583742 -2.819029
v 0.738829 0.549903 -2.799170
v 0.727866 0.549913 -2.800491
v 0.738829 0.549903 -2.799170
v 0.728676 0.516082 -2.781339
v 0.727866 0.549913 -2.800491
v 0.738538 0.516073 -2.780128
v 0.736562 0.482244 -2.760916
v 0.728676 0.516082 -2.781339
v 0.748784 0.482233 -2.759377
v 0.747715 0.448402 -2.739641
v 0.736562 0.482244 -2.760916
v 0.761141 0.448390 -2.737907
v 0.752453 0.414565 -2.718750
v 0.747715 0.448402 -2.739641
v 0.752453 0.414565 -2.718750
v 0.752762 0.380731 -2.698020
v 0.746644 0.380736 -2.698834
v 0.504105 0.605502 2.856076
v 0.525472 0.650226 2.879314
v 0.500525 0.650252 2.881708
v 0.515798 0.560425 2.829612
v 0.504105 0.605502 2.856076
v 0.503303 0.560436 2.830874
v 0.502465 0.514845 2.805989
v 0.515798 0.560425 2.829612
v 0.503303 0.560436 2.830874
v 0.508433 0.469246 2.779677
v 0.515209 0.514834 2.804667
v 0.502465 0.514845 2.805989
v 0.519626 0.423643 2.752030
v 0.524821 0.469234 2.777925
v 0.508433 0.469246 2.779677
v 0.526352 0.378041 2.724071
v 0.537322 0.423629 2.750076
v 0.519626 0.423643 2.752030
v 0.530484 0.332440 2.695601
v 0.526352 0.378041 2.724071
v 0.522275 0.332445 2.696547
v 0.516441 0.286849 2.668450
v 0.522275 0.332445 2.696547
v 0.512344 0.286852 2.668928
v 0.726760 0.617041 2.838598
v 0.742587 0.649986 2.856408
v 0.726893 0.650005 2.858195
v 0.736229 0.583735 2.818181
v 0.747950 0.617019 2.836133
v 0.726760 0.617041 2.838598
v 0.748060 0.549895 2.798048
v 0.758560 0.583713 2.815511
v 0.736229 0.583735 2.818181
v 0.750375 0.516062 2.778662
v 0.765689 0.549878 2.795885
v 0.748060 0.549895 2.798048
v 0.748996 0.482233 2.759351
v 0.750375 0.516062 2.778662
v 0.740833 0.482240 2.760380
v 0.738326 0.448410 2.740844
v 0.740833 0.482240 2.760380
v 0.729424 0.448418 2.741976
v 0.726642 0.414586 2.722103
v 0.738326 0.448410 2.740844
v 0.729424 0.448418 2.741976
v 0.732071 0.380748 2.700757
v 0.736529 0.414578 2.720826
v 0.726642 0.414586 2.722103
v 2.453413 0.680535 -2.574368
v 2.431323 0.606787 -2.526542
v 2.437327 0.680560 -2.578447
v 2.453550 0.606756 -2.520727
v 2.431630 0.532599 -2.472327
v 2.431323 0.606787 -2.526542
v 2.456351 0.532569 -2.465653
v 2.432790 0.457762 -2.417391
v 2.431630 0.532599 -2.472327
v 2.453355 0.457739 -2.411683
v 2.431882 0.382924 -2.361568
v 2.432790 0.457762 -2.417391
v 2.445250 0.382911 -2.357767
v 2.433113 0.308082 -2.303620
v 2.431882 0.382924 -2.361568
v 2.442000 0.308074 -2.301034
v 2.441242 0.233233 -2.242025
v 2.433113 0.308082 -2.303620
v 2.450046 0.233226 -2.239400
v 2.453110 0.158380 -2.177543
v 2.441242 0.233233 -2.242025
v 2.462861 0.158373 -2.174565
v 2.459357 0.083530 -2.112954
v 2.453110 0.158380 -2.177543
v 2.677818 0.680184 -2.513923
v 2.660133 0.626030 -2.477760
v 2.658693 0.680213 -2.519342
v 2.673204 0.626013 -2.473977
v 2.657769 0.571430 -2.437226
v 2.660133 0.626030 -2.477760
v 2.669075 0.571417 -2.433890
v 2.658947 0.516166 -2.395874
v 2.657769 0.571430 -2.437226
v 2.673331 0.516149 -2.391541
v 2.667961 0.460892 -2.351393
v 2.658947 0.516166 -2.395874
v 2.685505 0.460873 -2.345984
v 2.678601 0.405616 -2.305562
v 2.667961 0.460892 -2.351393
v 2.694964 0.405600 -2.300407
v 2.680733 0.350349 -2.261578
v 2.678601 0.405616 -2.305562
v 2.692013 0.350339 -2.257969
v 2.672594 0.295089 -2.220126
v 2.680733 0.350349 -2.261578
v 2.678886 0.295084 -2.218092
v 2.663064 0.239828 -2.178397
v 2.672594 0.295089 -2.220126
v 2.797059 0.680004 -2.478949
v 2.784131 0.638898 -2.450483
v 2.779746 0.680030 -2.484155
v 2.804821 0.638871 -2.444143
v 2.796283 0.597327 -2.414593
v 2.784131 0.638898 -2.450483
v 2.814776 0.597305 -2.408811
v 2.804914 0.555095 -2.380215
v 2.796283 0.597327 -2.414593
v 2.817631 0.555080 -2.376170
v 2.800964 0.512877 -2.349412
v 2.804914 0.555095 -2.380215
v 2.800964 0.512877 -2.349412
v 2.796533 0.470658 -2.318403
v 2.788486 0.470666 -2.321009
v 2.796533 0.470658 -2.318403
v 2.779852 0.428449 -2.291030
v 2.788486 0.470666 -2.321009
v 2.789478 0.428440 -2.287885
v 2.781527 0.386222 -2.257298
v 2.779852 0.428449 -2.291030
v 2.790918 0.386213 -2.254192
v 2.788126 0.343990 -2.221486
v 2.781527 0.386222 -2.257298
v 2.432564 0.606785 2.526219
v 2.449620 0.680541 2.575333
v 2.435602 0.680563 2.578882
v 2.431718 0.532599 2.472303
v 2.446382 0.606766 2.522609
v 2.432564 0.606785 2.526219
v 2.439501 0.457754 2.415534
v 2.450249 0.532577 2.467308
v 2.431718 0.532599 2.472303
v 2.451198 0.382905 2.356069
v 2.461614 0.457730 2.409375
v 2.439501 0.457754 2.415534
v 2.455600 0.308062 2.297058
v 2.471137 0.382885 2.350344
v 2.451198 0.382905 2.356069
v 2.448511 0.233227 2.239858
v 2.469093 0.308050 2.293090
v 2.455600 0.308062 2.297058
v 2.437896 0.158390 2.182167
v 2.456447 0.233220 2.237485
v 2.448511 0.233227 2.239858
v 2.434300 0.083545 2.120700
v 2.443972 0.158386 2.180323
v 2.437896 0.158390 2.182167
v 2.670447 0.626016 2.474777
v 2.682378 0.680177 2.512623
v 2.658271 0.680214 2.519461
v 2.680662 0.571403 2.430453
v 2.691392 0.625988 2.468673
v 2.670447 0.626016 2.474777
v 2.678031 0.516144 2.390118
v 2.694954 0.571386 2.426188
v 2.680662 0.571403 2.430453
v 2.676209 0.460883 2.348855
v 2.678031 0.516144 2.390118
v 2.664978 0.460895 2.352308
v 2.654425 0.405640 2.313110
v 2.676209 0.460883 2.348855
v 2.664978 0.460895 2.352308
v 2.654977 0.350372 2.269753
v 2.668433 0.405626 2.308746
v 2.654425 0.405640 2.313110
v 2.662429 0.295098 2.223399
v 2.668921 0.350360 2.265338
v 2.654977 0.350372 2.269753
v 2.667303 0.239825 2.177014
v 2.672466 0.295089 2.220167
v 2.662429 0.295098 2.223399
v 2.807700 0.638867 2.443256
v 2.804477 0.679993 2.476704
v 2.793004 0.638886 2.447772
v 2.796884 0.597326 2.414406
v 2.793004 0.638886 2.447772
v 2.778249 0.597349 2.420183
v 2.773458 0.555131 2.390117
v 2.796884 0.597326 2.414406
v 2.778249 0.597349 2.420183
v 2.780370 0.512899 2.355989
v 2.791574 0.555110 2.384432
v 2.773458 0.555131 2.390117
v 2.789090 0.470665 2.320814
v 2.793582 0.512884 2.351777
v 2.780370 0.512899 2.355989
v 2.791462 0.428438 2.287235
v 2.797175 0.470657 2.318195
v 2.789090 0.470665 2.320814
v 2.790542 0.386214 2.254317
v 2.797580 0.428432 2.285228
v 2.791462 0.428438 2.287235
v 2.794508 0.343984 2.219347
v 2.797106 0.386208 2.252139
v 2.790542 0.386214 2.254317
v -8.776587 0.655709 -2.712630
v -8.776450 0.598117 -2.686179
v -8.773649 0.540288 -2.658709
v -8.776646 0.481993 -2.629844
v -8.784750 0.423687 -2.598441
v -8.779955 0.307067 -2.530122
v -8.767138 0.248759 -2.493030
v -8.762631 0.190443 -2.452528
v -8.552182 0.655824 -2.728205
v -8.556796 0.613375 -2.708275
v -8.556669 0.527545 -2.668523
v -8.544496 0.484410 -2.648528
v -8.535035 0.441270 -2.627226
v -8.535035 0.441270 -2.627226
v -8.537987 0.398117 -2.603725
v -8.551114 0.354953 -2.578091
v -8.425179 0.623511 -2.719293
v -8.415224 0.590908 -2.704593
v -8.412369 0.557868 -2.690052
v -8.412369 0.557868 -2.690052
v -8.420659 0.524821 -2.674427
v -8.433468 0.491770 -2.657967
v -8.439082 0.425664 -2.623908
v -8.435563 0.392610 -2.606123
v -8.780379 0.655707 2.712387
v -8.783618 0.598113 2.685708
v -8.768386 0.481999 2.630426
v -8.758862 0.423704 2.600334
v -8.758862 0.423704 2.600334
v -8.760907 0.365396 2.567128
v -8.773553 0.307072 2.530630
v -8.786028 0.248743 2.491455
v -8.538609 0.613384 2.709657
v -8.535047 0.570694 2.690082
v -8.535047 0.570694 2.690082
v -8.541713 0.527554 2.669701
v -8.553791 0.484404 2.647780
v -8.561566 0.441252 2.625039
v -8.557534 0.354948 2.577535
v -8.557451 0.311790 2.551705
v -8.414612 0.655868 2.734967
v -8.422299 0.623512 2.719411
v -8.433116 0.590904 2.703853
v -8.436418 0.524816 2.673758
v -8.432825 0.491770 2.657995
v -8.432420 0.458720 2.641445
v -8.432420 0.458720 2.641445
v -8.429264 0.392613 2.606409
v -5.504532 0.612461 -2.860696
v -5.515434 0.576489 -2.843875
v -5.515453 0.503627 -2.811938
v -5.515453 0.503627 -2.811938
v -5.515612 0.466980 -2.795570
v -5.522822 0.430329 -2.778231
v -5.525366 0.357020 -2.742129
v -5.513249 0.320365 -2.723699
v -5.290260 0.585880 -2.857915
v -5.290260 0.585880 -2.857915
v -5.294257 0.559028 -2.845618
v -5.301171 0.531756 -2.833910
v -5.291216 0.477210 -2.810576
v -5.278859 0.449936 -2.798738
v -5.276726 0.422659 -2.786086
v -5.276726 0.422659 -2.786086
v -5.514528 0.612460 2.860235
v -5.517862 0.576489 2.843762
v -5.524202 0.540270 2.827276
v -5.515179 0.466980 2.795590
v -5.502678 0.430332 2.779189
v -5.499575 0.393680 2.761694
v -5.499575 0.393680 2.761694
v -5.509516 0.357023 2.742897
v -5.292050 0.585880 2.857835
v -5.281440 0.559029 2.846193
v -5.274312 0.531759 2.835120
v -5.274312 0.531759 2.835120
v -5.278365 0.504486 2.823216
v -5.291004 0.477210 2.810586
v -5.301674 0.449933 2.797696
v -5.299893 0.395377 2.771910
v -4.275494 0.605269 -2.909830
v -4.279893 0.539298 -2.880778
v -4.292091 0.473091 -2.850299
v -4.299328 0.406439 -2.819131
v -4.298125 0.339778 -2.786271
v -4.296546 0.273111 -2.751282
v -4.301732 0.206436 -2.713753
v -4.309281 0.073069 -2.631447
v -4.296525 0.605271 2.908971
v -4.293875 0.539299 2.880212
v -4.295182 0.473091 2.850174
v -4.302459 0.406439 2.819005
v -4.301824 0.273110 2.751069
v -4.288792 0.206437 2.714278
v -4.281062 0.139757 2.674879
v -4.281062 0.139757 2.674879
v 0.535468 0.650215 -2.878342
v 0.524566 0.605483 -2.854055
v 0.524547 0.514827 -2.803691
v 0.524388 0.469234 -2.777972
v 0.524388 0.469234 -2.777972
v 0.517177 0.423644 -2.752299
v 0.514634 0.332451 -2.697423
v 0.526751 0.286842 -2.667242
v 0.749739 0.617017 -2.835922
v 0.745743 0.583726 -2.817049
v 0.745743 0.583726 -2.817049
v 0.738538 0.516073 -2.780128
v 0.748784 0.482233 -2.759377
v 0.761141 0.448390 -2.737907
v 0.763274 0.414556 -2.717325
v 0.763274 0.414556 -2.717325
v 0.522138 0.605485 2.854296
v 0.522138 0.605485 2.854296
v 0.515209 0.514834 2.804667
v 0.524821 0.469234 2.777925
v 0.537322 0.423629 2.750076
v 0.540425 0.378031 2.722475
v 0.540425 0.378031 2.722475
v 0.530484 0.332440 2.695601
v 0.747950 0.617019 2.836133
v 0.758560 0.583713 2.815511
v 0.765689 0.549878 2.795885
v 0.761635 0.516052 2.777256
v 0.761635 0.516052 2.777256
v 0.748996 0.482233 2.759351
v 0.736529 0.414578 2.720826
v 0.740107 0.380741 2.699699
v 2.453550 0.606756 -2.520727
v 2.456351 0.532569 -2.465653
v 2.453355 0.457739 -2.411683
v 2.445250 0.382911 -2.357767
v 2.442000 0.308074 -2.301034
v 2.450046 0.233226 -2.239400
v 2.462861 0.158373 -2.174565
v 2.467369 0.083525 -2.110461
v 2.673204 0.626013 -2.473977
v 2.669075 0.571417 -2.433890
v 2.673331 0.516149 -2.391541
v 2.685505 0.460873 -2.345984
v 2.694964 0.405600 -2.300407
v 2.692013 0.350339 -2.257969
v 2.678886 0.295084 -2.218092
v 2.667093 0.239825 -2.177083
v 2.804821 0.638871 -2.444143
v 2.814776 0.597305 -2.408811
v 2.817631 0.555080 -2.376170
v 2.809341 0.512868 -2.346719
v 2.809341 0.512868 -2.346719
v 2.789478 0.428440 -2.287885
v 2.790918 0.386213 -2.254192
v 2.794437 0.343984 -2.219371
v 2.446382 0.606766 2.522609
v 2.450249 0.532577 2.467308
v 2.461614 0.457730 2.409375
v 2.471137 0.382885 2.350344
v 2.469093 0.308050 2.293090
v 2.456447 0.233220 2.237485
v 2.443972 0.158386 2.180323
v 2.440199 0.083541 2.118883
v 2.691392 0.625988 2.468673
v 2.694954 0.571386 2.426188
v 2.688287 0.516133 2.387004
v 2.688287 0.516133 2.387004
v 2.668433 0.405626 2.308746
v 2.668921 0.350360 2.265338
v 2.672466 0.295089 2.220167
v 2.672548 0.239821 2.175301
v 2.815388 0.679977 2.473388
v 2.807700 0.638867 2.443256
v 2.791574 0.555110 2.384432
v 2.793582 0.512884 2.351777
v 2.797175 0.470657 2.318195
v 2.797580 0.428432 2.285228
v 2.797106 0.386208 2.252139
v 2.800736 0.343979 2.217254
vt 0.576356 0.859551
vt 0.576371 0.859501
vt 0.576393 0.859508
vt 0.884123 0.870684
vt 0.884080 0.870699
vt 0.884100 0.870677
vt 0.516370 0.888758
vt 0.516371 0.888800
vt 0.516347 0.888765
vt 0.489320 0.859533
vt 0.489267 0.859506
vt 0.489289 0.859499
vt 0.717903 0.927598
vt 0.717920 0.927655
vt 0.717903 0.927661
vt 0.216793 0.937295
vt 0.216777 0.937336
vt 0.216777 0.937301
vt 0.216760 0.937344
vt 0.216760 0.937295
vt 0.717886 0.927606
vt 0.717886 0.927655
vt 0.884080 0.588743
vt 0.884120 0.588787
vt 0.884100 0.588800
vt 0.913132 0.285489
vt 0.913139 0.285447
vt 0.913150 0.285477
vt 0.884080 0.715093
vt 0.884124 0.715076
vt 0.884094 0.715110
vt 0.265182 0.888750
vt 0.265188 0.888804
vt 0.265169 0.888792
vt 0.884120 0.588698
vt 0.884104 0.588743
vt 0.913132 0.285401
vt 0.913116 0.285447
vt 0.884102 0.715034
vt 0.884102 0.715069
vt 0.265188 0.888690
vt 0.265205 0.888750
vt 0.932453 0.449720
vt 0.932470 0.449662
vt 0.932470 0.449708
vt 0.951750 0.188107
vt 0.951734 0.188073
vt 0.951750 0.188061
vt 0.884080 0.715015
vt 0.884124 0.715028
vt 0.932437 0.449708
vt 0.932453 0.449660
vt 0.576356 0.859408
vt 0.576371 0.859451
vt 0.576342 0.859423
vt 0.884123 0.870635
vt 0.884080 0.870621
vt 0.884095 0.870605
vt 0.516370 0.888724
vt 0.516371 0.888690
vt 0.516386 0.888705
vt 0.489320 0.859423
vt 0.489267 0.859443
vt 0.489306 0.859408
vt 0.576393 0.859444
vt 0.884100 0.870642
vt 0.516347 0.888716
vt 0.489289 0.859450
vt 0.014548 0.810565
vt 0.014543 0.810623
vt 0.014522 0.810623
vt 0.130093 0.917980
vt 0.130108 0.917935
vt 0.130112 0.917967
vt 0.632645 0.869246
vt 0.632644 0.869291
vt 0.632624 0.869246
vt 0.903444 0.742447
vt 0.903459 0.742504
vt 0.903441 0.742491
vt 0.014607 0.810551
vt 0.014563 0.810579
vt 0.130088 0.917934
vt 0.130112 0.917904
vt 0.632659 0.869278
vt 0.632690 0.869302
vt 0.903441 0.742402
vt 0.903463 0.742447
vt 0.903441 0.703567
vt 0.903466 0.703618
vt 0.903447 0.703629
vt 0.884089 0.082716
vt 0.884106 0.082754
vt 0.884080 0.082732
vt 0.728029 0.917929
vt 0.728044 0.917973
vt 0.728026 0.917963
vt 0.606402 0.849756
vt 0.606374 0.849803
vt 0.606365 0.849787
vt 0.903466 0.703530
vt 0.903461 0.703570
vt 0.884126 0.082747
vt 0.884106 0.082789
vt 0.728026 0.917906
vt 0.728049 0.917924
vt 0.606402 0.849707
vt 0.606421 0.849763
vt 0.110819 0.937295
vt 0.110799 0.937351
vt 0.110799 0.937302
vt 0.884126 0.082796
vt 0.884080 0.082811
vt 0.505434 0.947017
vt 0.505415 0.946974
vt 0.505434 0.946982
vt 0.606365 0.849676
vt 0.606421 0.849699
vt 0.014607 0.810695
vt 0.014563 0.810668
vt 0.014609 0.810679
vt 0.400206 0.917930
vt 0.400183 0.917905
vt 0.400201 0.917891
vt 0.632659 0.869215
vt 0.632690 0.869191
vt 0.632692 0.869207
vt 0.903465 0.470684
vt 0.903441 0.470727
vt 0.903447 0.470670
vt 0.014548 0.810681
vt 0.400183 0.917966
vt 0.400186 0.917932
vt 0.632644 0.869202
vt 0.903465 0.470773
vt 0.903461 0.470727
vt 0.586012 0.859551
vt 0.586027 0.859501
vt 0.586049 0.859508
vt 0.004845 0.888769
vt 0.004802 0.888785
vt 0.004822 0.888762
vt 0.506726 0.888758
vt 0.506727 0.888800
vt 0.506703 0.888765
vt 0.498977 0.859533
vt 0.498925 0.859506
vt 0.498947 0.859499
vt 0.708265 0.927598
vt 0.708282 0.927656
vt 0.708265 0.927661
vt 0.236070 0.937295
vt 0.236054 0.937336
vt 0.236054 0.937301
vt 0.236037 0.937345
vt 0.236037 0.937295
vt 0.708248 0.927606
vt 0.708248 0.927656
vt 0.884080 0.598463
vt 0.884119 0.598507
vt 0.884100 0.598520
vt 0.913131 0.295183
vt 0.913139 0.295140
vt 0.913150 0.295170
vt 0.884080 0.695663
vt 0.884124 0.695647
vt 0.884094 0.695680
vt 0.274823 0.888750
vt 0.274830 0.888804
vt 0.274810 0.888792
vt 0.884119 0.598418
vt 0.884104 0.598463
vt 0.913131 0.295094
vt 0.913116 0.295140
vt 0.884102 0.695604
vt 0.884102 0.695639
vt 0.274830 0.888690
vt 0.274847 0.888750
vt 0.932453 0.459385
vt 0.932470 0.459327
vt 0.932470 0.459373
vt 0.951750 0.197758
vt 0.951734 0.197724
vt 0.951750 0.197712
vt 0.884080 0.695585
vt 0.884124 0.695598
vt 0.932437 0.459373
vt 0.932453 0.459325
vt 0.586012 0.859408
vt 0.586027 0.859451
vt 0.585998 0.859423
vt 0.004845 0.888720
vt 0.004802 0.888706
vt 0.004817 0.888690
vt 0.506726 0.888724
vt 0.506727 0.888690
vt 0.506742 0.888705
vt 0.498977 0.859423
vt 0.498925 0.859443
vt 0.498964 0.859408
vt 0.586049 0.859444
vt 0.004822 0.888727
vt 0.506703 0.888716
vt 0.498947 0.859450
vt 0.033933 0.810565
vt 0.033927 0.810623
vt 0.033906 0.810623
vt 0.120464 0.917980
vt 0.120479 0.917935
vt 0.120483 0.917967
vt 0.613299 0.869246
vt 0.613299 0.869291
vt 0.613278 0.869246
vt 0.903444 0.732727
vt 0.903459 0.732784
vt 0.903441 0.732771
vt 0.033992 0.810551
vt 0.033948 0.810579
vt 0.120458 0.917934
vt 0.120483 0.917904
vt 0.613314 0.869278
vt 0.613345 0.869302
vt 0.903441 0.732682
vt 0.903463 0.732727
vt 0.903441 0.713284
vt 0.903466 0.713335
vt 0.903447 0.713347
vt 0.884089 0.092432
vt 0.884106 0.092470
vt 0.884080 0.092448
vt 0.737657 0.917929
vt 0.737672 0.917973
vt 0.737654 0.917963
vt 0.625724 0.849756
vt 0.625696 0.849803
vt 0.625687 0.849787
vt 0.903466 0.713248
vt 0.903461 0.713287
vt 0.884126 0.092463
vt 0.884106 0.092505
vt 0.737654 0.917906
vt 0.737677 0.917924
vt 0.625724 0.849707
vt 0.625743 0.849763
vt 0.091569 0.937295
vt 0.091549 0.937351
vt 0.091549 0.937302
vt 0.884126 0.092512
vt 0.884080 0.092526
vt 0.515058 0.947017
vt 0.515039 0.946974
vt 0.515058 0.946982
vt 0.625687 0.849676
vt 0.625743 0.849699
vt 0.033992 0.810695
vt 0.033948 0.810668
vt 0.033994 0.810679
vt 0.409834 0.917930
vt 0.409811 0.917905
vt 0.409830 0.917891
vt 0.613314 0.869215
vt 0.613345 0.869191
vt 0.613346 0.869207
vt 0.903465 0.480404
vt 0.903441 0.480447
vt 0.903447 0.480390
vt 0.033933 0.810681
vt 0.409811 0.917966
vt 0.409814 0.917932
vt 0.613299 0.869202
vt 0.903465 0.480493
vt 0.903461 0.480447
vt 0.595668 0.859551
vt 0.595683 0.859501
vt 0.595705 0.859508
vt 0.014492 0.888769
vt 0.014450 0.888784
vt 0.014469 0.888762
vt 0.526014 0.888758
vt 0.526015 0.888800
vt 0.525991 0.888765
vt 0.508634 0.859533
vt 0.508582 0.859506
vt 0.508604 0.859499
vt 0.727542 0.927598
vt 0.727558 0.927655
vt 0.727542 0.927661
vt 0.226432 0.937295
vt 0.226415 0.937336
vt 0.226415 0.937301
vt 0.226398 0.937344
vt 0.226398 0.937295
vt 0.727525 0.927606
vt 0.727525 0.927655
vt 0.884080 0.579023
vt 0.884120 0.579067
vt 0.884100 0.579080
vt 0.913131 0.304876
vt 0.913139 0.304834
vt 0.913150 0.304864
vt 0.884080 0.705378
vt 0.884124 0.705362
vt 0.884094 0.705395
vt 0.284465 0.888750
vt 0.284471 0.888804
vt 0.284452 0.888792
vt 0.884120 0.578978
vt 0.884104 0.579023
vt 0.913131 0.304788
vt 0.913116 0.304834
vt 0.884102 0.705319
vt 0.884102 0.705354
vt 0.284471 0.888690
vt 0.284488 0.888750
vt 0.932454 0.440056
vt 0.932470 0.439997
vt 0.932470 0.440043
vt 0.951750 0.207410
vt 0.951734 0.207376
vt 0.951750 0.207363
vt 0.884080 0.705300
vt 0.884124 0.705313
vt 0.932437 0.440043
vt 0.932454 0.439996
vt 0.595668 0.859408
vt 0.595683 0.859451
vt 0.595654 0.859423
vt 0.014492 0.888720
vt 0.014450 0.888706
vt 0.014464 0.888690
vt 0.526014 0.888724
vt 0.526015 0.888690
vt 0.526030 0.888705
vt 0.508634 0.859423
vt 0.508582 0.859443
vt 0.508621 0.859408
vt 0.595705 0.859444
vt 0.014469 0.888727
vt 0.525991 0.888716
vt 0.508604 0.859450
vt 0.024240 0.810565
vt 0.024235 0.810623
vt 0.024214 0.810623
vt 0.139723 0.917980
vt 0.139738 0.917935
vt 0.139742 0.917967
vt 0.622972 0.869246
vt 0.622972 0.869291
vt 0.622951 0.869246
vt 0.903444 0.752167
vt 0.903459 0.752225
vt 0.903441 0.752211
vt 0.024300 0.810551
vt 0.024255 0.810579
vt 0.139717 0.917934
vt 0.139742 0.917904
vt 0.622987 0.869278
vt 0.623017 0.869302
vt 0.903441 0.752122
vt 0.903463 0.752167
vt 0.903441 0.723002
vt 0.903466 0.723053
vt 0.903447 0.723064
vt 0.884089 0.102148
vt 0.884106 0.102186
vt 0.884080 0.102164
vt 0.747285 0.917929
vt 0.747301 0.917973
vt 0.747282 0.917963
vt 0.616063 0.849756
vt 0.616035 0.849803
vt 0.616026 0.849787
vt 0.903466 0.722966
vt 0.903461 0.723005
vt 0.884126 0.102178
vt 0.884106 0.102221
vt 0.747282 0.917906
vt 0.747305 0.917924
vt 0.616063 0.849707
vt 0.616082 0.849763
vt 0.101194 0.937295
vt 0.101174 0.937351
vt 0.101174 0.937302
vt 0.884126 0.102228
vt 0.884080 0.102242
vt 0.524681 0.947017
vt 0.524663 0.946975
vt 0.524681 0.946982
vt 0.616026 0.849676
vt 0.616082 0.849699
vt 0.024300 0.810695
vt 0.024255 0.810668
vt 0.024301 0.810679
vt 0.419463 0.917930
vt 0.419439 0.917905
vt 0.419458 0.917891
vt 0.622987 0.869215
vt 0.623017 0.869191
vt 0.623019 0.869207
vt 0.903465 0.490124
vt 0.903441 0.490167
vt 0.903446 0.490110
vt 0.024240 0.810681
vt 0.419439 0.917966
vt 0.419442 0.917932
vt 0.622972 0.869202
vt 0.903465 0.490213
vt 0.903461 0.490168
vt 0.884121 0.335805
vt 0.884080 0.335850
vt 0.884097 0.335805
vt 0.913135 0.372646
vt 0.913126 0.372601
vt 0.913149 0.372601
vt 0.913149 0.411384
vt 0.913116 0.411352
vt 0.913139 0.411352
vt 0.884104 0.734494
vt 0.884100 0.734554
vt 0.884080 0.734494
vt 0.932453 0.362675
vt 0.932470 0.362616
vt 0.932470 0.362663
vt 0.942122 0.149542
vt 0.942105 0.149506
vt 0.942122 0.149495
vt 0.942105 0.149539
vt 0.942088 0.149495
vt 0.932437 0.362663
vt 0.932453 0.362614
vt 0.864735 0.141410
vt 0.864725 0.141363
vt 0.864750 0.141394
vt 0.884080 0.530413
vt 0.884124 0.530426
vt 0.884111 0.530442
vt 0.101274 0.888766
vt 0.101268 0.888800
vt 0.101254 0.888785
vt 0.864702 0.170640
vt 0.864751 0.170619
vt 0.864717 0.170655
vt 0.864702 0.141371
vt 0.864725 0.141314
vt 0.884080 0.530363
vt 0.884102 0.530406
vt 0.101274 0.888731
vt 0.101296 0.888773
vt 0.864728 0.170612
vt 0.864751 0.170555
vt 0.864702 0.141307
vt 0.864750 0.141283
vt 0.884124 0.530348
vt 0.884102 0.530371
vt 0.101268 0.888690
vt 0.101296 0.888724
vt 0.864702 0.170529
vt 0.864728 0.170563
vt 0.833543 0.927598
vt 0.833560 0.927656
vt 0.833543 0.927661
vt 0.245709 0.937295
vt 0.245692 0.937335
vt 0.245692 0.937300
vt 0.245675 0.937344
vt 0.245675 0.937295
vt 0.833527 0.927607
vt 0.833527 0.927656
vt 0.884080 0.335761
vt 0.884099 0.335749
vt 0.913135 0.372557
vt 0.913116 0.372570
vt 0.913149 0.411322
vt 0.913130 0.411309
vt 0.884100 0.734439
vt 0.884120 0.734452
vt 0.903459 0.887900
vt 0.903444 0.887959
vt 0.903441 0.887912
vt 0.536009 0.869202
vt 0.536006 0.869246
vt 0.535988 0.869246
vt 0.951751 0.072337
vt 0.951734 0.072292
vt 0.951751 0.072303
vt 0.082598 0.761502
vt 0.082631 0.761550
vt 0.082581 0.761510
vt 0.903462 0.887960
vt 0.903441 0.888001
vt 0.536057 0.869191
vt 0.536021 0.869215
vt 0.082672 0.761510
vt 0.082636 0.761533
vt 0.082639 0.761517
vt 0.082693 0.761536
vt 0.526332 0.878947
vt 0.526348 0.879002
vt 0.526322 0.878960
vt 0.717276 0.946974
vt 0.717258 0.947016
vt 0.717258 0.946981
vt 0.082688 0.761478
vt 0.082684 0.761522
vt 0.428715 0.908225
vt 0.428700 0.908166
vt 0.428718 0.908176
vt 0.526345 0.879061
vt 0.526366 0.879000
vt 0.526332 0.879049
vt 0.526333 0.879004
vt 0.082684 0.761433
vt 0.082706 0.761478
vt 0.428700 0.908277
vt 0.428697 0.908229
vt 0.932454 0.140264
vt 0.932470 0.140322
vt 0.932454 0.140327
vt 0.640226 0.947024
vt 0.640244 0.946983
vt 0.640244 0.947018
vt 0.082672 0.761447
vt 0.082636 0.761422
vt 0.932437 0.140274
vt 0.932437 0.140322
vt 0.207191 0.908223
vt 0.207211 0.908269
vt 0.207193 0.908282
vt 0.536057 0.869302
vt 0.536021 0.869278
vt 0.536055 0.869286
vt 0.535158 0.917964
vt 0.535178 0.917938
vt 0.535175 0.917979
vt 0.082598 0.761453
vt 0.082631 0.761406
vt 0.207211 0.908180
vt 0.207209 0.908224
vt 0.536009 0.869291
vt 0.535159 0.917936
vt 0.535175 0.917891
vt 0.082581 0.761446
vt 0.884121 0.345525
vt 0.884080 0.345570
vt 0.884097 0.345525
vt 0.913135 0.392034
vt 0.913126 0.391989
vt 0.913149 0.391989
vt 0.913150 0.430772
vt 0.913116 0.430739
vt 0.913139 0.430739
vt 0.884104 0.744213
vt 0.884100 0.744273
vt 0.884080 0.744213
vt 0.932454 0.343344
vt 0.932470 0.343285
vt 0.932470 0.343332
vt 0.942122 0.120593
vt 0.942105 0.120557
vt 0.942122 0.120546
vt 0.942105 0.120590
vt 0.942089 0.120546
vt 0.932437 0.343332
vt 0.932454 0.343283
vt 0.864735 0.151159
vt 0.864725 0.151112
vt 0.864750 0.151142
vt 0.884080 0.540128
vt 0.884124 0.540142
vt 0.884111 0.540158
vt 0.110921 0.888766
vt 0.110915 0.888800
vt 0.110901 0.888785
vt 0.864702 0.180388
vt 0.864751 0.180367
vt 0.864717 0.180403
vt 0.864702 0.151119
vt 0.864725 0.151063
vt 0.884080 0.540079
vt 0.884103 0.540121
vt 0.110921 0.888731
vt 0.110943 0.888773
vt 0.864728 0.180360
vt 0.864751 0.180303
vt 0.864735 0.151015
vt 0.864702 0.151055
vt 0.884124 0.540064
vt 0.884103 0.540086
vt 0.110915 0.888690
vt 0.110943 0.888724
vt 0.864702 0.180277
vt 0.864728 0.180311
vt 0.843182 0.927598
vt 0.843199 0.927656
vt 0.843182 0.927661
vt 0.255347 0.937295
vt 0.255330 0.937335
vt 0.255330 0.937300
vt 0.255313 0.937344
vt 0.255313 0.937295
vt 0.843165 0.927607
vt 0.843165 0.927656
vt 0.884080 0.345481
vt 0.884099 0.345468
vt 0.913135 0.391945
vt 0.913116 0.391958
vt 0.913150 0.430709
vt 0.913130 0.430696
vt 0.884100 0.744159
vt 0.884120 0.744171
vt 0.903459 0.868461
vt 0.903444 0.868519
vt 0.903441 0.868473
vt 0.545684 0.869202
vt 0.545680 0.869246
vt 0.545662 0.869246
vt 0.951751 0.081989
vt 0.951734 0.081945
vt 0.951751 0.081956
vt 0.092327 0.761502
vt 0.092360 0.761550
vt 0.092310 0.761510
vt 0.903462 0.868521
vt 0.903441 0.868562
vt 0.545731 0.869191
vt 0.545695 0.869215
vt 0.092402 0.761510
vt 0.092365 0.761533
vt 0.092368 0.761517
vt 0.092422 0.761536
vt 0.507034 0.878947
vt 0.507050 0.879002
vt 0.507023 0.878960
vt 0.726898 0.946974
vt 0.726881 0.947016
vt 0.726881 0.946981
vt 0.092417 0.761478
vt 0.092413 0.761522
vt 0.447966 0.908225
vt 0.447951 0.908166
vt 0.447968 0.908176
vt 0.507047 0.879061
vt 0.507068 0.879000
vt 0.507034 0.879049
vt 0.507035 0.879004
vt 0.092413 0.761433
vt 0.092435 0.761478
vt 0.447951 0.908277
vt 0.447948 0.908229
vt 0.932454 0.130596
vt 0.932470 0.130655
vt 0.932454 0.130659
vt 0.649849 0.947024
vt 0.649868 0.946983
vt 0.649868 0.947018
vt 0.092402 0.761447
vt 0.092365 0.761422
vt 0.932437 0.130606
vt 0.932437 0.130654
vt 0.216815 0.908223
vt 0.216835 0.908269
vt 0.216817 0.908281
vt 0.545731 0.869302
vt 0.545695 0.869278
vt 0.545729 0.869286
vt 0.544782 0.917964
vt 0.544802 0.917938
vt 0.544800 0.917979
vt 0.092327 0.761453
vt 0.092360 0.761406
vt 0.216835 0.908180
vt 0.216833 0.908224
vt 0.545684 0.869291
vt 0.544784 0.917936
vt 0.544800 0.917891
vt 0.092310 0.761446
vt 0.884121 0.355245
vt 0.884080 0.355290
vt 0.884097 0.355245
vt 0.913135 0.382340
vt 0.913126 0.382295
vt 0.913149 0.382295
vt 0.913150 0.421078
vt 0.913116 0.421046
vt 0.913139 0.421046
vt 0.884104 0.753933
vt 0.884100 0.753992
vt 0.884080 0.753933
vt 0.932454 0.353009
vt 0.932470 0.352951
vt 0.932470 0.352998
vt 0.942122 0.130244
vt 0.942105 0.130209
vt 0.942122 0.130197
vt 0.942105 0.130242
vt 0.942088 0.130197
vt 0.932437 0.352998
vt 0.932454 0.352948
vt 0.864735 0.160907
vt 0.864725 0.160861
vt 0.864750 0.160891
vt 0.884080 0.549844
vt 0.884124 0.549858
vt 0.884111 0.549873
vt 0.120568 0.888766
vt 0.120562 0.888800
vt 0.120548 0.888785
vt 0.864702 0.190136
vt 0.864751 0.190115
vt 0.864717 0.190151
vt 0.864702 0.160868
vt 0.864725 0.160811
vt 0.884080 0.549795
vt 0.884102 0.549837
vt 0.120568 0.888731
vt 0.120590 0.888773
vt 0.864728 0.190108
vt 0.864751 0.190051
vt 0.864735 0.160763
vt 0.864702 0.160804
vt 0.884124 0.549779
vt 0.884102 0.549802
vt 0.120562 0.888690
vt 0.120590 0.888724
vt 0.864702 0.190025
vt 0.864728 0.190058
vt 0.823905 0.927598
vt 0.823922 0.927656
vt 0.823905 0.927661
vt 0.264985 0.937295
vt 0.264969 0.937335
vt 0.264969 0.937300
vt 0.264952 0.937344
vt 0.264952 0.937295
vt 0.823888 0.927607
vt 0.823888 0.927656
vt 0.884080 0.355201
vt 0.884099 0.355188
vt 0.913135 0.382251
vt 0.913116 0.382264
vt 0.913150 0.421015
vt 0.913130 0.421003
vt 0.884100 0.753878
vt 0.884120 0.753890
vt 0.903459 0.878181
vt 0.903444 0.878239
vt 0.903441 0.878193
vt 0.555358 0.869202
vt 0.555355 0.869246
vt 0.555336 0.869246
vt 0.951751 0.091642
vt 0.951734 0.091597
vt 0.951751 0.091608
vt 0.102056 0.761502
vt 0.102089 0.761550
vt 0.102040 0.761510
vt 0.903462 0.878240
vt 0.903441 0.878282
vt 0.555406 0.869191
vt 0.555370 0.869215
vt 0.102131 0.761510
vt 0.102095 0.761533
vt 0.102097 0.761517
vt 0.102152 0.761536
vt 0.516683 0.878947
vt 0.516699 0.879002
vt 0.516672 0.878960
vt 0.736521 0.946975
vt 0.736503 0.947016
vt 0.736503 0.946981
vt 0.102146 0.761478
vt 0.102143 0.761522
vt 0.438341 0.908225
vt 0.438325 0.908166
vt 0.438343 0.908176
vt 0.516696 0.879061
vt 0.516717 0.879001
vt 0.516683 0.879049
vt 0.516684 0.879005
vt 0.102143 0.761433
vt 0.102164 0.761478
vt 0.438325 0.908277
vt 0.438323 0.908229
vt 0.932454 0.149932
vt 0.932470 0.149990
vt 0.932454 0.149995
vt 0.659473 0.947024
vt 0.659491 0.946983
vt 0.659491 0.947018
vt 0.102131 0.761447
vt 0.102095 0.761422
vt 0.932437 0.149941
vt 0.932437 0.149990
vt 0.226439 0.908223
vt 0.226459 0.908269
vt 0.226441 0.908281
vt 0.555406 0.869302
vt 0.555370 0.869278
vt 0.555404 0.869285
vt 0.554407 0.917964
vt 0.554427 0.917938
vt 0.554425 0.917979
vt 0.102056 0.761453
vt 0.102089 0.761406
vt 0.226459 0.908180
vt 0.226457 0.908224
vt 0.555358 0.869291
vt 0.554409 0.917936
vt 0.554425 0.917891
vt 0.102040 0.761446
vt 0.460366 0.859507
vt 0.460343 0.859451
vt 0.460366 0.859444
vt 0.178353 0.888719
vt 0.178330 0.888761
vt 0.178330 0.888726
vt 0.429450 0.888723
vt 0.429427 0.888764
vt 0.429427 0.888716
vt 0.789239 0.859497
vt 0.789217 0.859442
vt 0.789239 0.859448
vt 0.460313 0.859533
vt 0.460343 0.859500
vt 0.178326 0.888801
vt 0.178353 0.888768
vt 0.429468 0.888782
vt 0.429450 0.888757
vt 0.789268 0.859532
vt 0.789217 0.859504
vt 0.679354 0.927662
vt 0.679371 0.927606
vt 0.679371 0.927655
vt 0.197528 0.937345
vt 0.197512 0.937302
vt 0.197528 0.937295
vt 0.197512 0.937337
vt 0.197495 0.937295
vt 0.679337 0.927655
vt 0.679354 0.927598
vt 0.884080 0.822058
vt 0.884119 0.822101
vt 0.884099 0.822114
vt 0.884080 0.841514
vt 0.884124 0.841531
vt 0.884111 0.841549
vt 0.024097 0.888783
vt 0.024139 0.888767
vt 0.024111 0.888800
vt 0.216869 0.888791
vt 0.216906 0.888751
vt 0.216888 0.888804
vt 0.884119 0.822013
vt 0.884104 0.822058
vt 0.884103 0.841472
vt 0.884103 0.841506
vt 0.024117 0.888725
vt 0.024117 0.888759
vt 0.216869 0.888704
vt 0.216883 0.888750
vt 0.932454 0.507665
vt 0.932470 0.507711
vt 0.932454 0.507724
vt 0.884111 0.841439
vt 0.884080 0.841465
vt 0.024111 0.888690
vt 0.024139 0.888718
vt 0.932437 0.507711
vt 0.460313 0.859423
vt 0.460327 0.859408
vt 0.178312 0.888706
vt 0.178326 0.888690
vt 0.429468 0.888705
vt 0.429453 0.888690
vt 0.789268 0.859422
vt 0.789254 0.859408
vt 0.893782 0.344116
vt 0.893772 0.344172
vt 0.893763 0.344129
vt 0.913116 0.053225
vt 0.913151 0.053194
vt 0.913139 0.053225
vt 0.913137 0.760148
vt 0.913124 0.760103
vt 0.913143 0.760116
vt 0.884121 0.248241
vt 0.884080 0.248196
vt 0.884104 0.248196
vt 0.893782 0.344231
vt 0.893794 0.344172
vt 0.226639 0.917927
vt 0.226610 0.917904
vt 0.226630 0.917891
vt 0.913124 0.760192
vt 0.913116 0.760149
vt 0.246724 0.869207
vt 0.246684 0.869228
vt 0.246708 0.869191
vt 0.353745 0.859408
vt 0.353764 0.859455
vt 0.353733 0.859424
vt 0.226610 0.917964
vt 0.226616 0.917929
vt 0.884102 0.501290
vt 0.884093 0.501328
vt 0.884080 0.501312
vt 0.246706 0.869285
vt 0.246706 0.869235
vt 0.353786 0.859512
vt 0.353786 0.859448
vt 0.875210 0.898540
vt 0.875215 0.898504
vt 0.875227 0.898524
vt 0.884102 0.501255
vt 0.884125 0.501297
vt 0.246724 0.869318
vt 0.246684 0.869292
vt 0.353733 0.859536
vt 0.353764 0.859505
vt 0.875193 0.898511
vt 0.875215 0.898469
vt 0.884080 0.501233
vt 0.884125 0.501248
vt 0.178318 0.908210
vt 0.178329 0.908269
vt 0.178309 0.908258
vt 0.836681 0.898544
vt 0.836692 0.898485
vt 0.836700 0.898531
vt 0.875193 0.898462
vt 0.875227 0.898446
vt 0.913123 0.653659
vt 0.913135 0.653702
vt 0.913116 0.653689
vt 0.178309 0.908179
vt 0.178341 0.908206
vt 0.836681 0.898429
vt 0.836670 0.898484
vt 0.913151 0.053256
vt 0.913133 0.053270
vt 0.913116 0.653626
vt 0.913145 0.653659
vt 0.884121 0.248152
vt 0.884103 0.248139
vt 0.470023 0.859507
vt 0.470001 0.859451
vt 0.470023 0.859444
vt 0.187999 0.888719
vt 0.187976 0.888761
vt 0.187976 0.888726
vt 0.419805 0.888723
vt 0.419782 0.888764
vt 0.419782 0.888716
vt 0.779583 0.859497
vt 0.779560 0.859442
vt 0.779583 0.859448
vt 0.469970 0.859533
vt 0.470001 0.859500
vt 0.187972 0.888801
vt 0.187999 0.888768
vt 0.419822 0.888782
vt 0.419805 0.888757
vt 0.779612 0.859532
vt 0.779560 0.859504
vt 0.688993 0.927662
vt 0.689009 0.927606
vt 0.689009 0.927655
vt 0.187890 0.937345
vt 0.187873 0.937302
vt 0.187890 0.937295
vt 0.187873 0.937337
vt 0.187857 0.937295
vt 0.688976 0.927655
vt 0.688993 0.927598
vt 0.884080 0.831778
vt 0.884119 0.831821
vt 0.884099 0.831834
vt 0.884080 0.851229
vt 0.884124 0.851245
vt 0.884111 0.851263
vt 0.033744 0.888783
vt 0.033787 0.888767
vt 0.033758 0.888800
vt 0.226511 0.888792
vt 0.226549 0.888751
vt 0.226531 0.888804
vt 0.884119 0.831732
vt 0.884104 0.831778
vt 0.884103 0.851186
vt 0.884103 0.851221
vt 0.033765 0.888725
vt 0.033765 0.888759
vt 0.226511 0.888704
vt 0.226525 0.888750
vt 0.932454 0.498001
vt 0.932470 0.498047
vt 0.932454 0.498060
vt 0.884111 0.851153
vt 0.884080 0.851180
vt 0.033758 0.888690
vt 0.033787 0.888718
vt 0.932437 0.498047
vt 0.469970 0.859423
vt 0.469984 0.859408
vt 0.187958 0.888706
vt 0.187972 0.888690
vt 0.419822 0.888705
vt 0.419807 0.888690
vt 0.779612 0.859422
vt 0.779598 0.859408
vt 0.893782 0.334396
vt 0.893772 0.334452
vt 0.893763 0.334409
vt 0.913116 0.043531
vt 0.913151 0.043500
vt 0.913139 0.043531
vt 0.913137 0.769842
vt 0.913124 0.769797
vt 0.913143 0.769810
vt 0.884121 0.238521
vt 0.884080 0.238476
vt 0.884104 0.238476
vt 0.893782 0.334511
vt 0.893795 0.334452
vt 0.236272 0.917927
vt 0.236243 0.917904
vt 0.236263 0.917891
vt 0.913124 0.769886
vt 0.913116 0.769843
vt 0.256370 0.869207
vt 0.256329 0.869228
vt 0.256353 0.869191
vt 0.344087 0.859408
vt 0.344106 0.859455
vt 0.344074 0.859424
vt 0.236243 0.917964
vt 0.236249 0.917929
vt 0.884102 0.511006
vt 0.884093 0.511044
vt 0.884080 0.511028
vt 0.256351 0.869285
vt 0.256351 0.869235
vt 0.344128 0.859512
vt 0.344128 0.859448
vt 0.884848 0.898540
vt 0.884853 0.898504
vt 0.884865 0.898524
vt 0.884102 0.510971
vt 0.884124 0.511013
vt 0.256370 0.869318
vt 0.256329 0.869291
vt 0.344074 0.859536
vt 0.344106 0.859505
vt 0.884831 0.898511
vt 0.884853 0.898469
vt 0.884080 0.510949
vt 0.884124 0.510964
vt 0.168682 0.908210
vt 0.168692 0.908269
vt 0.168673 0.908258
vt 0.846316 0.898544
vt 0.846327 0.898485
vt 0.846335 0.898531
vt 0.884831 0.898462
vt 0.884865 0.898446
vt 0.913123 0.663353
vt 0.913135 0.663396
vt 0.913116 0.663383
vt 0.168673 0.908179
vt 0.168704 0.908206
vt 0.846316 0.898429
vt 0.846305 0.898484
vt 0.913151 0.043562
vt 0.913133 0.043576
vt 0.913116 0.663320
vt 0.913145 0.663353
vt 0.884121 0.238432
vt 0.884103 0.238419
vt 0.903451 0.558016
vt 0.903478 0.558114
vt 0.903441 0.558116
vt 0.903445 0.266662
vt 0.903482 0.266761
vt 0.903441 0.266761
vt 0.903441 0.063100
vt 0.903475 0.063198
vt 0.903441 0.063200
vt 0.903441 0.596862
vt 0.903463 0.596961
vt 0.903441 0.596963
vt 0.913116 0.178923
vt 0.913130 0.179023
vt 0.913116 0.179024
vt 0.913131 0.808506
vt 0.913116 0.808606
vt 0.913116 0.808505
vt 0.913130 0.595464
vt 0.913116 0.595564
vt 0.913116 0.595462
vt 0.913132 0.740688
vt 0.913116 0.740789
vt 0.913116 0.740688
vt 0.670129 0.917892
vt 0.670151 0.917964
vt 0.670129 0.917965
vt 0.602259 0.927600
vt 0.602278 0.927672
vt 0.602259 0.927674
vt 0.592652 0.927598
vt 0.592630 0.927672
vt 0.592633 0.927598
vt 0.515907 0.917894
vt 0.515883 0.917966
vt 0.515883 0.917891
vt 0.496625 0.917895
vt 0.496598 0.917966
vt 0.496596 0.917891
vt 0.922782 0.440107
vt 0.922801 0.440181
vt 0.922782 0.440181
vt 0.922782 0.604626
vt 0.922799 0.604699
vt 0.922790 0.604702
vt 0.932437 0.556021
vt 0.932447 0.556097
vt 0.932440 0.556099
vt 0.932466 0.488340
vt 0.932437 0.488394
vt 0.932437 0.488338
vt 0.390326 0.927606
vt 0.390296 0.927656
vt 0.390292 0.927598
vt 0.932468 0.691464
vt 0.932446 0.691520
vt 0.932437 0.691464
vt 0.284212 0.937299
vt 0.284225 0.937354
vt 0.284212 0.937357
vt 0.942089 0.217041
vt 0.942101 0.217098
vt 0.942089 0.217103
vt 0.942089 0.400700
vt 0.942104 0.400755
vt 0.942089 0.400760
vt 0.043323 0.946975
vt 0.043307 0.947032
vt 0.043307 0.946975
vt 0.052943 0.946975
vt 0.052933 0.947031
vt 0.052928 0.946974
vt 0.913116 0.353263
vt 0.913139 0.353165
vt 0.913139 0.353264
vt 0.515585 0.908266
vt 0.515615 0.908166
vt 0.515615 0.908266
vt 0.903477 0.072906
vt 0.903447 0.072810
vt 0.903477 0.072805
vt 0.807758 0.898532
vt 0.807726 0.898436
vt 0.807762 0.898429
vt 0.274610 0.908267
vt 0.274643 0.908166
vt 0.274633 0.908267
vt 0.853196 0.908268
vt 0.853209 0.908168
vt 0.853209 0.908270
vt 0.913116 0.750497
vt 0.913129 0.750396
vt 0.913126 0.750498
vt 0.284445 0.917992
vt 0.284454 0.917891
vt 0.284454 0.917993
vt 0.913150 0.362945
vt 0.913116 0.362878
vt 0.913155 0.362869
vt 0.265190 0.917966
vt 0.265167 0.917894
vt 0.265201 0.917891
vt 0.457741 0.927672
vt 0.457758 0.927599
vt 0.457758 0.927673
vt 0.274672 0.927674
vt 0.274690 0.927602
vt 0.274690 0.927679
vt 0.922782 0.507938
vt 0.922800 0.507866
vt 0.922805 0.507942
vt 0.476987 0.927673
vt 0.477011 0.927598
vt 0.477011 0.927672
vt 0.922798 0.672438
vt 0.922782 0.672364
vt 0.922805 0.672362
vt 0.932446 0.536747
vt 0.932437 0.536673
vt 0.932454 0.536672
vt 0.053034 0.937352
vt 0.053052 0.937299
vt 0.053058 0.937357
vt 0.785352 0.927656
vt 0.785375 0.927605
vt 0.785382 0.927665
vt 0.932438 0.546410
vt 0.932468 0.546356
vt 0.932468 0.546413
vt 0.932459 0.594797
vt 0.932437 0.594742
vt 0.932467 0.594740
vt 0.293851 0.937354
vt 0.293837 0.937298
vt 0.293859 0.937295
vt 0.091438 0.947032
vt 0.091427 0.946975
vt 0.091441 0.946975
vt 0.582448 0.947032
vt 0.582459 0.946975
vt 0.582459 0.947032
vt 0.110687 0.947032
vt 0.110677 0.946976
vt 0.110688 0.946974
vt 0.932437 0.111255
vt 0.932458 0.111313
vt 0.932437 0.111319
vt 0.932442 0.478670
vt 0.932463 0.478730
vt 0.932437 0.478734
vt 0.932469 0.082221
vt 0.932437 0.082283
vt 0.932443 0.082221
vt 0.216883 0.927600
vt 0.216917 0.927661
vt 0.216883 0.927663
vt 0.922782 0.527225
vt 0.922807 0.527286
vt 0.922782 0.527289
vt 0.932437 0.575392
vt 0.932452 0.575454
vt 0.932437 0.575455
vt 0.942104 0.458677
vt 0.942094 0.458740
vt 0.942089 0.458677
vt 0.942098 0.555278
vt 0.942088 0.555340
vt 0.942088 0.555275
vt 0.072318 0.937295
vt 0.072280 0.937341
vt 0.072279 0.937295
vt 0.149308 0.937295
vt 0.149336 0.937341
vt 0.149308 0.937341
vt 0.942088 0.506967
vt 0.942107 0.507012
vt 0.942088 0.507013
vt 0.951734 0.062641
vt 0.951750 0.062687
vt 0.951734 0.062687
vt 0.062564 0.946978
vt 0.062548 0.947022
vt 0.062548 0.946974
vt 0.942110 0.477998
vt 0.942089 0.478040
vt 0.942091 0.477991
vt 0.129953 0.946975
vt 0.129935 0.947021
vt 0.129931 0.946974
vt 0.072173 0.946982
vt 0.072189 0.947025
vt 0.072180 0.947030
vt 0.922786 0.169253
vt 0.922823 0.169192
vt 0.922816 0.169253
vt 0.932446 0.527067
vt 0.932467 0.527005
vt 0.932467 0.527067
vt 0.081923 0.937358
vt 0.081944 0.937295
vt 0.081944 0.937358
vt 0.932464 0.188678
vt 0.932443 0.188618
vt 0.932464 0.188614
vt 0.922810 0.178924
vt 0.922784 0.178867
vt 0.922810 0.178858
vt 0.932460 0.159664
vt 0.932437 0.159603
vt 0.932466 0.159599
vt 0.932446 0.614148
vt 0.932460 0.614086
vt 0.932460 0.614149
vt 0.322717 0.937362
vt 0.322730 0.937300
vt 0.322723 0.937364
vt 0.332370 0.937341
vt 0.332344 0.937296
vt 0.332370 0.937295
vt 0.852838 0.927647
vt 0.852805 0.927610
vt 0.852838 0.927598
vt 0.932465 0.372330
vt 0.932437 0.372290
vt 0.932473 0.372280
vt 0.942094 0.574659
vt 0.942118 0.574612
vt 0.942113 0.574659
vt 0.033685 0.947025
vt 0.033702 0.946982
vt 0.033697 0.947031
vt 0.312750 0.947024
vt 0.312764 0.946979
vt 0.312764 0.947030
vt 0.951734 0.178456
vt 0.951748 0.178409
vt 0.951750 0.178456
vt 0.852087 0.947022
vt 0.852074 0.946977
vt 0.852090 0.946974
vt 0.535971 0.878948
vt 0.536006 0.879060
vt 0.535971 0.879061
vt 0.884080 0.724720
vt 0.884103 0.724831
vt 0.884080 0.724834
vt 0.903441 0.276369
vt 0.903460 0.276482
vt 0.903441 0.276485
vt 0.903445 0.499831
vt 0.903464 0.499945
vt 0.903441 0.499946
vt 0.903445 0.053378
vt 0.903469 0.053492
vt 0.903441 0.053493
vt 0.893763 0.373300
vt 0.893787 0.373413
vt 0.893763 0.373416
vt 0.903441 0.082520
vt 0.903457 0.082634
vt 0.903441 0.082635
vt 0.419092 0.908166
vt 0.419076 0.908282
vt 0.419076 0.908166
vt 0.767432 0.879060
vt 0.767475 0.878947
vt 0.767475 0.879060
vt 0.757783 0.879060
vt 0.757827 0.878947
vt 0.757820 0.879060
vt 0.207236 0.888805
vt 0.207264 0.888690
vt 0.207261 0.888805
vt 0.903446 0.441636
vt 0.903466 0.441521
vt 0.903463 0.441636
vt 0.159068 0.908282
vt 0.159051 0.908168
vt 0.159068 0.908166
vt 0.903462 0.218190
vt 0.903441 0.218076
vt 0.903458 0.218072
vt 0.903460 0.295890
vt 0.903441 0.295776
vt 0.903462 0.295773
vt 0.149431 0.908282
vt 0.149445 0.908166
vt 0.149443 0.908282
vt 0.313306 0.917898
vt 0.313331 0.917971
vt 0.313310 0.917977
vt 0.564037 0.917894
vt 0.564058 0.917969
vt 0.564032 0.917973
vt 0.274839 0.917891
vt 0.274806 0.917969
vt 0.274813 0.917891
vt 0.014461 0.917891
vt 0.014428 0.917972
vt 0.014428 0.917893
vt 0.913116 0.798821
vt 0.913141 0.798897
vt 0.913116 0.798900
vt 0.660499 0.917893
vt 0.660514 0.917970
vt 0.660499 0.917971
vt 0.932452 0.420634
vt 0.932442 0.420712
vt 0.932437 0.420634
vt 0.932446 0.565706
vt 0.932437 0.565784
vt 0.932437 0.565704
vt 0.932475 0.217630
vt 0.932437 0.217687
vt 0.932437 0.217630
vt 0.932474 0.275646
vt 0.932437 0.275704
vt 0.932437 0.275647
vt 0.932437 0.672142
vt 0.932454 0.672199
vt 0.932437 0.672200
vt 0.942106 0.535946
vt 0.942088 0.536005
vt 0.942088 0.535947
vt 0.351616 0.937298
vt 0.351600 0.937354
vt 0.351600 0.937295
vt 0.932456 0.913627
vt 0.932437 0.913682
vt 0.932437 0.913622
vt 0.942110 0.207372
vt 0.942092 0.207431
vt 0.942089 0.207372
vt 0.274590 0.937301
vt 0.274607 0.937357
vt 0.274597 0.937361
vt 0.913148 0.585857
vt 0.913116 0.585780
vt 0.913158 0.585780
vt 0.486968 0.917969
vt 0.486991 0.917891
vt 0.486989 0.917969
vt 0.922803 0.643413
vt 0.922782 0.643334
vt 0.922803 0.643334
vt 0.294086 0.917971
vt 0.294065 0.917894
vt 0.294086 0.917891
vt 0.913144 0.673083
vt 0.913118 0.673009
vt 0.913144 0.673001
vt 0.245900 0.917971
vt 0.245876 0.917894
vt 0.245906 0.917891
vt 0.922791 0.120933
vt 0.922805 0.120855
vt 0.922805 0.120934
vt 0.932437 0.101641
vt 0.932450 0.101563
vt 0.932443 0.101643
vt 0.932473 0.382000
vt 0.932446 0.381944
vt 0.932473 0.381943
vt 0.525553 0.917951
vt 0.525519 0.917902
vt 0.525553 0.917891
vt 0.679795 0.917953
vt 0.679766 0.917900
vt 0.679803 0.917891
vt 0.932460 0.701184
vt 0.932437 0.701126
vt 0.932467 0.701126
vt 0.158950 0.937357
vt 0.158968 0.937301
vt 0.158963 0.937361
vt 0.942089 0.391087
vt 0.942103 0.391030
vt 0.942103 0.391091
vt 0.942105 0.912246
vt 0.942089 0.912187
vt 0.942104 0.912187
vt 0.942102 0.487713
vt 0.942089 0.487656
vt 0.942105 0.487653
vt 0.874429 0.412841
vt 0.874394 0.412972
vt 0.874404 0.412843
vt 0.874433 0.344805
vt 0.874394 0.344936
vt 0.874398 0.344807
vt 0.874433 0.237698
vt 0.874394 0.237831
vt 0.874394 0.237701
vt 0.874427 0.461466
vt 0.874394 0.461600
vt 0.874394 0.461469
vt 0.884102 0.860868
vt 0.884080 0.861000
vt 0.884080 0.860869
vt 0.865588 0.898429
vt 0.865574 0.898560
vt 0.865574 0.898429
vt 0.893776 0.314931
vt 0.893762 0.315061
vt 0.893762 0.314930
vt 0.893778 0.383021
vt 0.893763 0.383152
vt 0.893763 0.383021
vt 0.814653 0.908166
vt 0.814623 0.908263
vt 0.814623 0.908168
vt 0.913136 0.643910
vt 0.913116 0.644009
vt 0.913116 0.643913
vt 0.913138 0.634209
vt 0.913116 0.634306
vt 0.913120 0.634209
vt 0.833913 0.908168
vt 0.833891 0.908263
vt 0.833891 0.908166
vt 0.824286 0.908168
vt 0.824260 0.908263
vt 0.824258 0.908166
vt 0.913141 0.275698
vt 0.913116 0.275796
vt 0.913116 0.275699
vt 0.913133 0.508216
vt 0.913123 0.508319
vt 0.913116 0.508221
vt 0.303701 0.917891
vt 0.303695 0.917993
vt 0.303691 0.917893
vt 0.824423 0.917891
vt 0.824395 0.917963
vt 0.824395 0.917891
vt 0.429100 0.917895
vt 0.429071 0.917964
vt 0.429067 0.917891
vt 0.922811 0.353022
vt 0.922789 0.353096
vt 0.922782 0.353022
vt 0.467382 0.927598
vt 0.467370 0.927677
vt 0.467363 0.927603
vt 0.932437 0.285314
vt 0.932449 0.285387
vt 0.932437 0.285392
vt 0.932449 0.391606
vt 0.932437 0.391686
vt 0.932437 0.391610
vt 0.932452 0.585060
vt 0.932437 0.585135
vt 0.932437 0.585061
vt 0.932452 0.662461
vt 0.932441 0.662534
vt 0.932437 0.662461
vt 0.062704 0.888819
vt 0.062680 0.888691
vt 0.062704 0.888690
vt 0.178964 0.879076
vt 0.178941 0.878948
vt 0.178964 0.878947
vt 0.874431 0.004935
vt 0.874400 0.004808
vt 0.874431 0.004802
vt 0.796745 0.869325
vt 0.796712 0.869198
vt 0.796749 0.869191
vt 0.874417 0.481043
vt 0.874394 0.480913
vt 0.874428 0.480912
vt 0.884103 0.608256
vt 0.884080 0.608125
vt 0.884103 0.608125
vt 0.759537 0.898561
vt 0.759524 0.898429
vt 0.759537 0.898430
vt 0.903451 0.257056
vt 0.903441 0.256925
vt 0.903451 0.256925
vt 0.893797 0.392855
vt 0.893763 0.392766
vt 0.893803 0.392757
vt 0.903465 0.858853
vt 0.903441 0.858760
vt 0.903476 0.858755
vt 0.913138 0.498611
vt 0.913116 0.498514
vt 0.913140 0.498514
vt 0.913116 0.624601
vt 0.913133 0.624506
vt 0.913135 0.624604
vt 0.913139 0.450192
vt 0.913116 0.450093
vt 0.913135 0.450095
vt 0.913139 0.440487
vt 0.913116 0.440392
vt 0.913139 0.440390
vt 0.913133 0.188727
vt 0.913116 0.188631
vt 0.913139 0.188628
vt 0.913125 0.857032
vt 0.913116 0.856935
vt 0.913133 0.856934
vt 0.922782 0.788549
vt 0.922800 0.788479
vt 0.922807 0.788552
vt 0.380887 0.917965
vt 0.380911 0.917895
vt 0.380918 0.917971
vt 0.583347 0.917966
vt 0.583316 0.917891
vt 0.583347 0.917892
vt 0.477348 0.917966
vt 0.477325 0.917894
vt 0.477356 0.917891
vt 0.922795 0.778870
vt 0.922782 0.778797
vt 0.922804 0.778794
vt 0.932447 0.604478
vt 0.932437 0.604405
vt 0.932451 0.604404
vt 0.062674 0.937369
vt 0.062664 0.937296
vt 0.062674 0.937295
vt 0.932448 0.817136
vt 0.932437 0.817063
vt 0.932448 0.817061
vt 0.576342 0.859534
vt 0.884095 0.870716
vt 0.516386 0.888783
vt 0.489306 0.859550
vt 0.717920 0.927606
vt 0.216793 0.937344
vt 0.884100 0.588685
vt 0.913150 0.285414
vt 0.265169 0.888703
vt 0.951734 0.188106
vt 0.884094 0.715000
vt 0.932437 0.449662
vt 0.014609 0.810568
vt 0.130093 0.917891
vt 0.632692 0.869286
vt 0.903459 0.742389
vt 0.903447 0.703516
vt 0.728044 0.917891
vt 0.110819 0.937359
vt 0.884089 0.082827
vt 0.505415 0.947024
vt 0.606374 0.849660
vt 0.400201 0.917978
vt 0.903447 0.470786
vt 0.585998 0.859534
vt 0.004817 0.888801
vt 0.506742 0.888783
vt 0.498964 0.859550
vt 0.708282 0.927606
vt 0.236070 0.937345
vt 0.884100 0.598405
vt 0.913150 0.295108
vt 0.274810 0.888703
vt 0.951734 0.197757
vt 0.884094 0.695571
vt 0.932437 0.459327
vt 0.033994 0.810568
vt 0.120464 0.917891
vt 0.613346 0.869286
vt 0.903459 0.732669
vt 0.903447 0.713234
vt 0.737672 0.917891
vt 0.091569 0.937359
vt 0.884089 0.092543
vt 0.515039 0.947024
vt 0.625696 0.849660
vt 0.409830 0.917978
vt 0.903447 0.480506
vt 0.595654 0.859534
vt 0.014464 0.888801
vt 0.526030 0.888783
vt 0.508621 0.859550
vt 0.727558 0.927606
vt 0.226432 0.937344
vt 0.884100 0.578964
vt 0.913150 0.304801
vt 0.284452 0.888703
vt 0.951734 0.207408
vt 0.884094 0.705285
vt 0.932437 0.439997
vt 0.024301 0.810568
vt 0.139723 0.917891
vt 0.623019 0.869286
vt 0.903459 0.752109
vt 0.903447 0.722951
vt 0.747301 0.917891
vt 0.101194 0.937359
vt 0.884089 0.102259
vt 0.524663 0.947024
vt 0.616035 0.849659
vt 0.419458 0.917978
vt 0.903446 0.490226
vt 0.884099 0.335864
vt 0.913116 0.372633
vt 0.913130 0.411398
vt 0.884120 0.734540
vt 0.942088 0.149542
vt 0.932437 0.362616
vt 0.864735 0.141266
vt 0.884111 0.530331
vt 0.101254 0.888708
vt 0.864717 0.170512
vt 0.833560 0.927607
vt 0.245709 0.937344
vt 0.951734 0.072340
vt 0.903459 0.888015
vt 0.536055 0.869207
vt 0.717276 0.947024
vt 0.526322 0.879037
vt 0.428718 0.908262
vt 0.932470 0.140274
vt 0.640226 0.946975
vt 0.082639 0.761439
vt 0.207193 0.908166
vt 0.535158 0.917902
vt 0.884099 0.345583
vt 0.913116 0.392021
vt 0.913130 0.430785
vt 0.884120 0.744259
vt 0.942089 0.120593
vt 0.932437 0.343285
vt 0.864750 0.151031
vt 0.884111 0.540047
vt 0.110901 0.888708
vt 0.864717 0.180260
vt 0.843199 0.927607
vt 0.255347 0.937344
vt 0.951734 0.081992
vt 0.903459 0.868576
vt 0.545729 0.869207
vt 0.726898 0.947024
vt 0.507023 0.879037
vt 0.447968 0.908262
vt 0.932470 0.130606
vt 0.649849 0.946974
vt 0.092368 0.761439
vt 0.216817 0.908166
vt 0.544782 0.917902
vt 0.884099 0.355303
vt 0.913116 0.382327
vt 0.913130 0.421091
vt 0.884120 0.753979
vt 0.942088 0.130245
vt 0.932437 0.352951
vt 0.864750 0.160780
vt 0.884111 0.549762
vt 0.120548 0.888708
vt 0.864717 0.190008
vt 0.823922 0.927607
vt 0.264985 0.937344
vt 0.951734 0.091645
vt 0.903459 0.878295
vt 0.555404 0.869207
vt 0.736521 0.947024
vt 0.516672 0.879038
vt 0.438343 0.908262
vt 0.932470 0.149942
vt 0.659473 0.946974
vt 0.102097 0.761439
vt 0.226441 0.908166
vt 0.554407 0.917902
vt 0.460327 0.859551
vt 0.178312 0.888784
vt 0.429453 0.888800
vt 0.789254 0.859550
vt 0.197495 0.937345
vt 0.679337 0.927606
vt 0.884099 0.821999
vt 0.216888 0.888690
vt 0.932470 0.507666
vt 0.884124 0.841453
vt 0.024097 0.888705
vt 0.932437 0.507666
vt 0.913133 0.053180
vt 0.884103 0.248254
vt 0.893763 0.344218
vt 0.913143 0.760179
vt 0.226630 0.917975
vt 0.246708 0.869334
vt 0.353745 0.859552
vt 0.884093 0.501217
vt 0.875210 0.898429
vt 0.178329 0.908166
vt 0.836700 0.898442
vt 0.913135 0.653613
vt 0.469984 0.859551
vt 0.187958 0.888784
vt 0.419807 0.888800
vt 0.779598 0.859550
vt 0.187857 0.937345
vt 0.688976 0.927606
vt 0.884099 0.831719
vt 0.226531 0.888690
vt 0.932470 0.498002
vt 0.884124 0.851168
vt 0.033744 0.888705
vt 0.932437 0.498002
vt 0.913133 0.043486
vt 0.884103 0.238534
vt 0.893763 0.334498
vt 0.913143 0.769873
vt 0.236263 0.917975
vt 0.256353 0.869334
vt 0.344087 0.859552
vt 0.884093 0.510933
vt 0.884848 0.898429
vt 0.168692 0.908166
vt 0.846335 0.898442
vt 0.913135 0.663307
vt 0.903478 0.558015
vt 0.903482 0.266661
vt 0.903482 0.063098
vt 0.903475 0.596859
vt 0.913138 0.178922
vt 0.913131 0.808606
vt 0.913132 0.595565
vt 0.913130 0.740789
vt 0.670161 0.917891
vt 0.602281 0.927598
vt 0.592654 0.927672
vt 0.515912 0.917970
vt 0.496625 0.917970
vt 0.922809 0.440106
vt 0.922799 0.604619
vt 0.932447 0.556018
vt 0.932471 0.488396
vt 0.390326 0.927663
vt 0.932468 0.691521
vt 0.284233 0.937295
vt 0.942101 0.217036
vt 0.942101 0.400696
vt 0.043322 0.947031
vt 0.052943 0.947032
vt 0.913116 0.353164
vt 0.515592 0.908166
vt 0.903441 0.072912
vt 0.807726 0.898538
vt 0.274610 0.908166
vt 0.853187 0.908166
vt 0.913116 0.750394
vt 0.284444 0.917891
vt 0.913116 0.362952
vt 0.265167 0.917968
vt 0.457735 0.927598
vt 0.274674 0.927598
vt 0.922782 0.507863
vt 0.476987 0.927599
vt 0.922782 0.672439
vt 0.932437 0.536748
vt 0.053034 0.937295
vt 0.785352 0.927598
vt 0.932437 0.546352
vt 0.932437 0.594799
vt 0.293837 0.937355
vt 0.091427 0.947032
vt 0.582449 0.946975
vt 0.110677 0.947034
vt 0.932462 0.111248
vt 0.932463 0.478667
vt 0.932471 0.082283
vt 0.216917 0.927598
vt 0.922816 0.527221
vt 0.932462 0.575391
vt 0.942104 0.458740
vt 0.942097 0.555342
vt 0.072318 0.937341
vt 0.149345 0.937295
vt 0.942116 0.506964
vt 0.951752 0.062640
vt 0.062568 0.947027
vt 0.942110 0.478048
vt 0.129953 0.947022
vt 0.072189 0.946974
vt 0.922782 0.169192
vt 0.932437 0.527005
vt 0.081923 0.937295
vt 0.932437 0.188683
vt 0.922782 0.178933
vt 0.932437 0.159666
vt 0.932437 0.614084
vt 0.322717 0.937295
vt 0.332335 0.937342
vt 0.852803 0.927660
vt 0.932437 0.372338
vt 0.942088 0.574612
vt 0.033685 0.946974
vt 0.312751 0.946975
vt 0.951734 0.178409
vt 0.852074 0.947024
vt 0.536015 0.878947
vt 0.884115 0.724715
vt 0.903464 0.276366
vt 0.903464 0.499830
vt 0.903469 0.053377
vt 0.893790 0.373297
vt 0.903466 0.082517
vt 0.419084 0.908282
vt 0.767437 0.878947
vt 0.757783 0.878947
vt 0.207227 0.888690
vt 0.903441 0.441521
vt 0.159050 0.908284
vt 0.903441 0.218194
vt 0.903441 0.295893
vt 0.149426 0.908166
vt 0.313331 0.917891
vt 0.564058 0.917891
vt 0.274839 0.917969
vt 0.014461 0.917970
vt 0.913149 0.798817
vt 0.660524 0.917891
vt 0.932452 0.420713
vt 0.932445 0.565786
vt 0.932474 0.217687
vt 0.932464 0.275704
vt 0.932464 0.672139
vt 0.942104 0.536005
vt 0.351620 0.937357
vt 0.932458 0.913687
vt 0.942110 0.207431
vt 0.274607 0.937295
vt 0.913118 0.585857
vt 0.486961 0.917891
vt 0.922782 0.643413
vt 0.294059 0.917975
vt 0.913116 0.673091
vt 0.245876 0.917973
vt 0.922782 0.120854
vt 0.932437 0.101560
vt 0.932437 0.382001
vt 0.525517 0.917963
vt 0.679766 0.917960
vt 0.932441 0.701184
vt 0.158950 0.937295
vt 0.942090 0.391026
vt 0.942089 0.912246
vt 0.942089 0.487715
vt 0.874429 0.412970
vt 0.874433 0.344934
vt 0.874427 0.237829
vt 0.874415 0.461598
vt 0.884094 0.860999
vt 0.865588 0.898560
vt 0.893778 0.315062
vt 0.893775 0.383152
vt 0.814644 0.908261
vt 0.913133 0.644007
vt 0.913138 0.634305
vt 0.833918 0.908265
vt 0.824286 0.908265
vt 0.913133 0.275795
vt 0.913133 0.508316
vt 0.303701 0.917991
vt 0.824428 0.917963
vt 0.429100 0.917968
vt 0.922809 0.353096
vt 0.467382 0.927674
vt 0.932449 0.285309
vt 0.932451 0.391682
vt 0.932451 0.585134
vt 0.932451 0.662534
vt 0.062680 0.888819
vt 0.178933 0.879078
vt 0.874394 0.004941
vt 0.796712 0.869331
vt 0.874394 0.481044
vt 0.884090 0.608256
vt 0.759527 0.898561
vt 0.903441 0.257057
vt 0.893763 0.392863
vt 0.903441 0.858856
vt 0.913121 0.498611
vt 0.913116 0.624504
vt 0.913116 0.450190
vt 0.913116 0.440488
vt 0.913116 0.188729
vt 0.913116 0.857032
vt 0.922782 0.788477
vt 0.380887 0.917891
vt 0.583316 0.917965
vt 0.477325 0.917968
vt 0.922782 0.778872
vt 0.932437 0.604479
vt 0.062663 0.937370
vt 0.932437 0.817138
vn 0.6108 -0.6615 -0.4350
vn 0.9571 -0.2173 -0.1917
vn 0.9571 -0.2172 -0.1917
vn -0.1440 0.2173 -0.9654
vn 0.2022 0.6616 -0.7221
vn -0.9571 0.2173 0.1917
vn -0.6109 0.6616 0.4350
vn -0.2023 -0.6615 0.7221
vn 0.1440 -0.2172 0.9654
vn 0.1107 -0.6077 -0.7864
vn 0.2023 0.6616 -0.7221
vn 0.7024 0.6077 -0.3707
vn -0.1107 0.6077 0.7864
vn -0.7024 -0.6077 0.3707
vn -0.1666 -0.0962 -0.9813
vn 0.9797 0.0962 -0.1758
vn 0.1666 0.0962 0.9813
vn -0.9797 -0.0962 0.1758
vn -0.0124 0.4877 -0.8729
vn 0.8255 -0.4877 -0.2842
vn 0.0124 -0.4877 0.8729
vn -0.8255 0.4877 0.2842
vn 0.4573 0.7044 -0.5429
vn 0.3558 -0.7044 -0.6142
vn -0.4573 -0.7044 0.5429
vn -0.3558 0.7044 0.6142
vn 0.8888 0.3906 -0.2398
vn -0.0757 -0.3906 -0.9174
vn -0.8888 -0.3906 0.2396
vn 0.0757 0.3906 0.9174
vn 0.8888 0.3906 -0.2397
vn -0.1523 -0.8084 0.5686
vn 0.3728 -0.8902 0.2620
vn -0.7283 -0.4557 -0.5118
vn -0.2032 -0.5375 -0.8185
vn -0.3728 0.8902 -0.2620
vn 0.1523 0.8084 -0.5686
vn 0.2032 0.5375 0.8185
vn 0.7283 0.4557 0.5118
vn -0.6966 -0.6246 0.3530
vn 0.3411 -0.7212 -0.6029
vn 0.6966 0.6246 -0.3530
vn -0.3411 0.7212 0.6029
vn -0.8502 -0.4772 -0.2224
vn 0.3411 -0.7213 -0.6028
vn 0.4947 -0.8686 -0.0274
vn 0.8502 0.4772 0.2224
vn 0.6966 0.6246 -0.3531
vn -0.4947 0.8686 0.0273
vn -0.4974 -0.4772 -0.7245
vn 0.4947 -0.8686 -0.0273
vn 0.1419 -0.8686 0.4747
vn 0.4974 0.4772 0.7245
vn 0.8502 0.4772 0.2225
vn -0.1419 0.8686 -0.4747
vn 0.0961 -0.6246 -0.7750
vn -0.4516 -0.7213 0.5252
vn -0.0961 0.6246 0.7750
vn 0.4516 0.7212 -0.5252
vn 0.4834 -0.8084 -0.3360
vn -0.8389 -0.5375 0.0862
vn -0.4834 0.8084 0.3360
vn 0.8389 0.5375 -0.0862
vn -0.1440 0.2172 -0.9654
vn -0.6109 0.6615 0.4350
vn -0.9571 0.2172 0.1917
vn -0.2023 -0.6616 0.7221
vn -0.8888 -0.3906 0.2397
vn 0.0757 0.3907 0.9174
vn -0.2032 -0.5374 -0.8185
vn -0.2032 -0.5375 -0.8184
vn 0.3411 -0.7213 -0.6029
vn -0.4947 0.8686 0.0274
vn 0.6109 -0.6615 -0.4350
vn 0.2022 0.6615 -0.7221
vn -0.0757 -0.3907 -0.9174
vn 0.9941 0.0644 -0.0873
vn 0.8298 -0.5104 -0.2257
vn 0.9941 0.0644 -0.0872
vn 0.0811 0.5104 -0.8561
vn -0.0832 -0.0644 -0.9945
vn -0.8298 0.5104 0.2256
vn -0.9941 -0.0644 0.0873
vn 0.0832 0.0644 0.9945
vn -0.0811 -0.5104 0.8561
vn 0.3836 -0.7009 -0.6014
vn 0.5273 0.7008 -0.4804
vn -0.3836 0.7009 0.6014
vn -0.5273 -0.7008 0.4804
vn -0.0084 -0.3635 -0.9315
vn 0.9194 0.3636 -0.1502
vn 0.0084 0.3635 0.9315
vn -0.9194 -0.3635 0.1502
vn -0.0512 0.2475 -0.9675
vn 0.9621 -0.2475 -0.1142
vn 0.0512 -0.2475 0.9675
vn -0.9621 0.2475 0.1142
vn 0.2876 0.6722 -0.6822
vn 0.6233 -0.6722 -0.3995
vn -0.2876 -0.6722 0.6823
vn -0.6233 0.6722 0.3995
vn 0.7528 0.5907 -0.2905
vn 0.1582 -0.5907 -0.7913
vn -0.2876 -0.6722 0.6822
vn -0.7528 -0.5907 0.2905
vn -0.1582 0.5907 0.7913
vn 0.1581 -0.5907 -0.7913
vn -0.1581 0.5907 0.7913
vn 0.5879 -0.6398 0.4951
vn 0.0290 -0.6640 0.7472
vn 0.0695 -0.7443 -0.6642
vn -0.4894 -0.7686 -0.4121
vn -0.0290 0.6640 -0.7472
vn -0.5879 0.6398 -0.4951
vn -0.5879 0.6398 -0.4950
vn 0.4894 0.7686 0.4121
vn -0.0695 0.7443 0.6642
vn -0.5146 -0.7185 0.4679
vn 0.6132 -0.6898 -0.3849
vn 0.5147 0.7185 -0.4678
vn -0.6132 0.6898 0.3849
vn -0.5147 -0.7185 0.4678
vn -0.6336 -0.7622 -0.1325
vn 0.7322 -0.6462 0.2155
vn 0.6336 0.7622 0.1325
vn -0.7322 0.6462 -0.2155
vn -0.2384 -0.7622 -0.6019
vn -0.6337 -0.7622 -0.1325
vn 0.3369 -0.6462 0.6848
vn 0.2384 0.7622 0.6019
vn -0.3369 0.6462 -0.6848
vn 0.3734 -0.7185 -0.5868
vn -0.2749 -0.6899 0.6697
vn -0.3734 0.7185 0.5868
vn 0.2749 0.6898 -0.6697
vn 0.7412 -0.6640 -0.0986
vn -0.2750 -0.6898 0.6697
vn -0.6427 -0.7443 0.1816
vn -0.7412 0.6640 0.0986
vn 0.6427 0.7443 -0.1815
vn 0.8298 -0.5104 -0.2256
vn -0.0831 -0.0644 -0.9945
vn -0.3836 0.7008 0.6014
vn 0.3836 -0.7008 -0.6014
vn 0.9621 -0.2475 -0.1141
vn -0.1581 0.5907 0.7912
vn 0.0290 -0.6640 0.7471
vn -0.0290 0.6640 -0.7471
vn 0.5146 0.7185 -0.4679
vn 0.6132 -0.6899 -0.3849
vn 0.5147 0.7185 -0.4679
vn 0.6337 0.7622 0.1325
vn -0.2749 -0.6898 0.6697
vn -0.6427 -0.7443 0.1815
vn -0.3735 0.7185 0.5868
vn 0.2750 0.6898 -0.6697
vn 0.6427 0.7443 -0.1816
vn 0.3836 -0.7009 -0.6013
vn -0.5273 -0.7009 0.4804
vn 0.0085 0.3635 0.9315
vn -0.1582 0.5907 0.7912
vn -0.6132 0.6899 0.3849
vn 0.9729 -0.1868 -0.1365
vn 0.8857 0.4167 -0.2048
vn -0.0141 -0.4167 -0.9089
vn -0.1013 0.1868 -0.9772
vn -0.8857 -0.4167 0.2048
vn -0.9729 0.1868 0.1365
vn 0.1013 -0.1868 0.9772
vn 0.0141 0.4167 0.9089
vn 0.6556 -0.6497 -0.3848
vn 0.2160 0.6497 -0.7289
vn -0.6556 0.6497 0.3848
vn -0.2160 -0.6497 0.7289
vn 0.1729 -0.6233 -0.7626
vn 0.6987 0.6233 -0.3511
vn -0.1729 0.6233 0.7626
vn -0.6987 -0.6233 0.3511
vn -0.1119 -0.1276 -0.9855
vn 0.9835 0.1276 -0.1282
vn 0.1119 0.1276 0.9855
vn -0.9835 -0.1276 0.1282
vn 0.0157 0.4642 -0.8856
vn 0.8558 -0.4642 -0.2281
vn -0.0157 -0.4642 0.8856
vn -0.8558 0.4642 0.2281
vn 0.4597 0.7065 -0.5381
vn 0.4119 -0.7065 -0.5756
vn -0.4597 -0.7065 0.5381
vn -0.4119 0.7064 0.5756
vn 0.4119 -0.7064 -0.5756
vn -0.4119 0.7065 0.5756
vn 0.7780 -0.1545 0.6089
vn 0.2679 -0.3114 0.9117
vn -0.1217 -0.9880 -0.0953
vn 0.3884 -0.8311 -0.3980
vn -0.2679 0.3114 -0.9117
vn -0.7780 0.1545 -0.6089
vn -0.3884 0.8311 0.3981
vn 0.1217 0.9880 0.0952
vn -0.1968 -0.6640 0.7214
vn 0.8531 -0.4785 -0.2077
vn 0.1968 0.6640 -0.7214
vn -0.8531 0.4785 0.2077
vn -0.2662 -0.9467 0.1812
vn 0.9226 -0.1958 0.3324
vn 0.8531 -0.4785 -0.2078
vn 0.2662 0.9467 -0.1812
vn -0.9226 0.1958 -0.3324
vn 0.1119 -0.9467 -0.3020
vn 0.5444 -0.1958 0.8156
vn -0.1119 0.9467 0.3020
vn -0.5444 0.1958 -0.8157
vn 0.6529 -0.6640 -0.3644
vn 0.5444 -0.1958 0.8157
vn 0.0034 -0.4785 0.8781
vn -0.6529 0.6640 0.3644
vn -0.0034 0.4785 -0.8781
vn 0.9494 -0.3114 0.0410
vn -0.2930 -0.8311 0.4727
vn -0.9494 0.3114 -0.0410
vn 0.2930 0.8311 -0.4727
vn 0.8857 0.4167 -0.2047
vn -0.8857 -0.4167 0.2047
vn 0.9729 -0.1868 -0.1366
vn -0.6987 -0.6233 0.3510
vn 0.3884 -0.8311 -0.3981
vn -0.5444 0.1958 -0.8156
vn -0.0579 -0.4169 -0.9071
vn -0.0588 -0.4170 -0.9070
vn -0.0590 -0.4170 -0.9070
vn -0.0590 -0.4308 -0.9005
vn -0.0600 -0.4311 -0.9003
vn -0.0604 -0.4313 -0.9002
vn -0.0605 -0.4405 -0.8957
vn -0.0617 -0.4409 -0.8954
vn -0.0621 -0.4410 -0.8954
vn -0.0615 -0.4667 -0.8823
vn -0.0629 -0.4669 -0.8820
vn -0.0633 -0.4670 -0.8820
vn -0.0625 -0.4932 -0.8677
vn -0.0645 -0.4934 -0.8674
vn -0.0648 -0.4935 -0.8674
vn -0.0639 -0.5198 -0.8519
vn -0.0667 -0.5198 -0.8517
vn -0.0636 -0.5198 -0.8519
vn -0.0659 -0.5463 -0.8350
vn -0.0691 -0.5462 -0.8348
vn -0.0656 -0.5463 -0.8350
vn -0.0681 -0.5730 -0.8167
vn -0.0714 -0.5728 -0.8166
vn -0.0678 -0.5730 -0.8168
vn -0.0672 -0.4181 -0.9059
vn -0.0677 -0.4182 -0.9058
vn -0.0680 -0.4183 -0.9058
vn -0.0680 -0.4213 -0.9044
vn -0.0688 -0.4213 -0.9043
vn -0.0689 -0.4213 -0.9043
vn -0.0693 -0.4179 -0.9058
vn -0.0703 -0.4178 -0.9058
vn -0.0691 -0.4180 -0.9058
vn -0.0703 -0.4363 -0.8971
vn -0.0714 -0.4361 -0.8970
vn -0.0699 -0.4364 -0.8971
vn -0.0714 -0.4547 -0.8878
vn -0.0726 -0.4545 -0.8878
vn -0.0710 -0.4548 -0.8878
vn -0.0725 -0.4733 -0.8779
vn -0.0736 -0.4735 -0.8777
vn -0.0740 -0.4736 -0.8776
vn -0.0732 -0.4927 -0.8671
vn -0.0745 -0.4926 -0.8671
vn -0.0746 -0.4925 -0.8671
vn -0.0737 -0.5124 -0.8556
vn -0.0753 -0.5120 -0.8557
vn -0.0754 -0.5120 -0.8557
vn -0.0362 -0.4262 -0.9039
vn -0.0364 -0.4261 -0.9040
vn -0.0361 -0.4262 -0.9039
vn -0.0369 -0.4203 -0.9066
vn -0.0372 -0.4203 -0.9066
vn -0.0367 -0.4204 -0.9066
vn -0.0378 -0.4054 -0.9134
vn -0.0381 -0.4054 -0.9134
vn -0.0377 -0.4054 -0.9134
vn -0.0381 -0.4194 -0.9070
vn -0.0384 -0.4194 -0.9070
vn -0.0385 -0.4194 -0.9070
vn -0.0382 -0.4335 -0.9003
vn -0.0384 -0.4335 -0.9003
vn -0.0385 -0.4335 -0.9003
vn -0.0382 -0.4478 -0.8933
vn -0.0385 -0.4479 -0.8932
vn -0.0386 -0.4479 -0.8932
vn -0.0384 -0.4624 -0.8859
vn -0.0389 -0.4622 -0.8859
vn -0.0383 -0.4624 -0.8859
vn -0.0387 -0.4768 -0.8781
vn -0.0394 -0.4767 -0.8782
vn -0.0386 -0.4769 -0.8781
vn -0.0587 -0.4171 0.9070
vn -0.0577 -0.4170 0.9071
vn -0.0589 -0.4171 0.9069
vn -0.0600 -0.4311 0.9003
vn -0.0588 -0.4309 0.9005
vn -0.0603 -0.4312 0.9003
vn -0.0620 -0.4405 0.8956
vn -0.0605 -0.4408 0.8956
vn -0.0600 -0.4409 0.8956
vn -0.0638 -0.4661 0.8824
vn -0.0620 -0.4664 0.8824
vn -0.0615 -0.4665 0.8824
vn -0.0654 -0.4926 0.8678
vn -0.0636 -0.4923 0.8681
vn -0.0659 -0.4927 0.8677
vn -0.0670 -0.5193 0.8520
vn -0.0649 -0.5192 0.8522
vn -0.0672 -0.5193 0.8520
vn -0.0685 -0.5465 0.8347
vn -0.0660 -0.5466 0.8348
vn -0.0686 -0.5465 0.8347
vn -0.0703 -0.5738 0.8160
vn -0.0673 -0.5739 0.8162
vn -0.0705 -0.5738 0.8160
vn -0.0681 -0.4179 0.9060
vn -0.0674 -0.4180 0.9059
vn -0.0670 -0.4181 0.9059
vn -0.0696 -0.4207 0.9045
vn -0.0687 -0.4209 0.9045
vn -0.0685 -0.4210 0.9045
vn -0.0710 -0.4173 0.9060
vn -0.0702 -0.4173 0.9061
vn -0.0712 -0.4173 0.9060
vn -0.0714 -0.4360 0.8971
vn -0.0707 -0.4361 0.8971
vn -0.0716 -0.4360 0.8971
vn -0.0719 -0.4550 0.8876
vn -0.0710 -0.4551 0.8876
vn -0.0721 -0.4550 0.8876
vn -0.0728 -0.4743 0.8773
vn -0.0716 -0.4741 0.8776
vn -0.0731 -0.4744 0.8773
vn -0.0740 -0.4931 0.8668
vn -0.0725 -0.4934 0.8668
vn -0.0722 -0.4934 0.8668
vn -0.0753 -0.5124 0.8555
vn -0.0735 -0.5125 0.8556
vn -0.0734 -0.5125 0.8556
vn -0.0367 -0.4260 0.9040
vn -0.0366 -0.4259 0.9040
vn -0.0370 -0.4204 0.9066
vn -0.0369 -0.4203 0.9066
vn -0.0376 -0.4057 0.9132
vn -0.0374 -0.4056 0.9133
vn -0.0377 -0.4057 0.9132
vn -0.0379 -0.4196 0.9069
vn -0.0375 -0.4197 0.9069
vn -0.0374 -0.4198 0.9069
vn -0.0383 -0.4337 0.9002
vn -0.0379 -0.4337 0.9003
vn -0.0378 -0.4336 0.9003
vn -0.0387 -0.4479 0.8932
vn -0.0382 -0.4479 0.8933
vn -0.0382 -0.4478 0.8933
vn -0.0391 -0.4622 0.8859
vn -0.0386 -0.4623 0.8859
vn -0.0392 -0.4622 0.8859
vn -0.0395 -0.4766 0.8782
vn -0.0389 -0.4766 0.8783
vn -0.0388 -0.4766 0.8783
vn -0.0419 -0.4128 -0.9099
vn -0.0421 -0.4128 -0.9098
vn -0.0423 -0.4078 -0.9121
vn -0.0424 -0.4078 -0.9121
vn -0.0425 -0.4078 -0.9121
vn -0.0428 -0.3945 -0.9179
vn -0.0429 -0.3945 -0.9179
vn -0.0427 -0.3945 -0.9179
vn -0.0428 -0.4073 -0.9123
vn -0.0430 -0.4074 -0.9122
vn -0.0429 -0.4204 -0.9063
vn -0.0430 -0.4204 -0.9063
vn -0.0431 -0.4204 -0.9063
vn -0.0429 -0.4336 -0.9001
vn -0.0432 -0.4336 -0.9001
vn -0.0432 -0.4336 -0.9000
vn -0.0430 -0.4469 -0.8936
vn -0.0433 -0.4468 -0.8936
vn -0.0429 -0.4469 -0.8936
vn -0.0430 -0.4601 -0.8868
vn -0.0433 -0.4602 -0.8867
vn -0.0405 -0.4253 -0.9041
vn -0.0409 -0.4110 -0.9107
vn -0.0409 -0.4111 -0.9107
vn -0.0410 -0.4111 -0.9107
vn -0.0415 -0.3853 -0.9219
vn -0.0416 -0.3853 -0.9219
vn -0.0415 -0.3946 -0.9179
vn -0.0416 -0.3947 -0.9179
vn -0.0414 -0.4041 -0.9138
vn -0.0415 -0.4041 -0.9138
vn -0.0414 -0.4135 -0.9095
vn -0.0413 -0.4135 -0.9095
vn -0.0413 -0.4231 -0.9051
vn -0.0414 -0.4231 -0.9051
vn -0.0412 -0.4232 -0.9051
vn -0.0412 -0.4328 -0.9005
vn -0.0414 -0.4328 -0.9005
vn -0.0415 -0.4328 -0.9005
vn -0.0421 -0.4128 0.9098
vn -0.0420 -0.4128 0.9098
vn -0.0421 -0.4129 0.9098
vn -0.0424 -0.4078 0.9121
vn -0.0423 -0.4078 0.9121
vn -0.0425 -0.4078 0.9121
vn -0.0430 -0.3945 0.9179
vn -0.0428 -0.3945 0.9179
vn -0.0430 -0.4074 0.9122
vn -0.0428 -0.4074 0.9123
vn -0.0430 -0.4203 0.9064
vn -0.0428 -0.4203 0.9064
vn -0.0430 -0.4333 0.9002
vn -0.0428 -0.4334 0.9002
vn -0.0427 -0.4334 0.9002
vn -0.0431 -0.4467 0.8936
vn -0.0428 -0.4467 0.8937
vn -0.0432 -0.4467 0.8936
vn -0.0434 -0.4602 0.8868
vn -0.0429 -0.4602 0.8868
vn -0.0435 -0.4602 0.8868
vn -0.0405 -0.4253 0.9041
vn -0.0409 -0.4110 0.9107
vn -0.0409 -0.4111 0.9107
vn -0.0415 -0.3852 0.9219
vn -0.0414 -0.3852 0.9219
vn -0.0414 -0.3946 0.9179
vn -0.0413 -0.3946 0.9179
vn -0.0415 -0.3946 0.9179
vn -0.0415 -0.4040 0.9138
vn -0.0413 -0.4040 0.9138
vn -0.0416 -0.4136 0.9095
vn -0.0414 -0.4136 0.9095
vn -0.0416 -0.4233 0.9051
vn -0.0414 -0.4232 0.9051
vn -0.0416 -0.4233 0.9050
vn -0.0416 -0.4329 0.9005
vn -0.0414 -0.4329 0.9005
vn -0.0374 -0.4006 -0.9155
vn -0.0372 -0.4006 -0.9155
vn -0.0371 -0.4006 -0.9155
vn -0.0369 -0.4123 -0.9103
vn -0.0367 -0.4123 -0.9103
vn -0.0365 -0.4201 -0.9068
vn -0.0365 -0.4200 -0.9068
vn -0.0364 -0.4200 -0.9068
vn -0.0360 -0.4424 -0.8961
vn -0.0356 -0.4651 -0.8846
vn -0.0356 -0.4651 -0.8845
vn -0.0352 -0.4881 -0.8721
vn -0.0354 -0.4881 -0.8721
vn -0.0354 -0.4881 -0.8720
vn -0.0349 -0.5115 -0.8586
vn -0.0352 -0.5115 -0.8586
vn -0.0353 -0.5115 -0.8585
vn -0.0347 -0.5351 -0.8441
vn -0.0352 -0.5352 -0.8440
vn -0.0372 -0.4005 0.9155
vn -0.0374 -0.4006 0.9155
vn -0.0368 -0.4122 0.9103
vn -0.0369 -0.4123 0.9103
vn -0.0367 -0.4122 0.9104
vn -0.0365 -0.4200 0.9068
vn -0.0366 -0.4200 0.9068
vn -0.0360 -0.4424 0.8961
vn -0.0357 -0.4651 0.8845
vn -0.0356 -0.4651 0.8846
vn -0.0353 -0.4881 0.8721
vn -0.0352 -0.4881 0.8721
vn -0.0351 -0.5114 0.8586
vn -0.0348 -0.5114 0.8586
vn -0.0350 -0.5350 0.8441
vn -0.0346 -0.5350 0.8442
vn -0.0351 -0.5350 0.8441
vn 0.0839 -0.4911 -0.8670
vn 0.0851 -0.4909 -0.8670
vn 0.0854 -0.4909 -0.8670
vn 0.0860 -0.4881 -0.8686
vn 0.0873 -0.4878 -0.8686
vn 0.0877 -0.4877 -0.8686
vn 0.0887 -0.4787 -0.8735
vn 0.0901 -0.4791 -0.8731
vn 0.0882 -0.4786 -0.8736
vn 0.0905 -0.4890 -0.8676
vn 0.0916 -0.4893 -0.8673
vn 0.0899 -0.4888 -0.8678
vn 0.0919 -0.4995 -0.8614
vn 0.0930 -0.4992 -0.8615
vn 0.0934 -0.4991 -0.8615
vn 0.0930 -0.5098 -0.8553
vn 0.0943 -0.5095 -0.8553
vn 0.0947 -0.5094 -0.8553
vn 0.0941 -0.5203 -0.8488
vn 0.0962 -0.5202 -0.8486
vn 0.0939 -0.5203 -0.8488
vn 0.0958 -0.5313 -0.8418
vn 0.0984 -0.5309 -0.8417
vn 0.0956 -0.5313 -0.8418
vn 0.0976 -0.5092 -0.8551
vn 0.0983 -0.5095 -0.8549
vn 0.0969 -0.5089 -0.8554
vn 0.1002 -0.4992 -0.8606
vn 0.1010 -0.4996 -0.8604
vn 0.0997 -0.4990 -0.8608
vn 0.1031 -0.4811 -0.8706
vn 0.1041 -0.4809 -0.8706
vn 0.1045 -0.4808 -0.8706
vn 0.1043 -0.4881 -0.8665
vn 0.1056 -0.4884 -0.8662
vn 0.1040 -0.4881 -0.8666
vn 0.1058 -0.4957 -0.8620
vn 0.1077 -0.4957 -0.8618
vn 0.1054 -0.4957 -0.8621
vn 0.1079 -0.5035 -0.8572
vn 0.1098 -0.5034 -0.8570
vn 0.1075 -0.5035 -0.8573
vn 0.1100 -0.5111 -0.8525
vn 0.1114 -0.5112 -0.8522
vn 0.1097 -0.5110 -0.8526
vn 0.1113 -0.5185 -0.8478
vn 0.1122 -0.5184 -0.8478
vn 0.1123 -0.5184 -0.8477
vn 0.0844 -0.4909 0.8671
vn 0.0832 -0.4905 0.8675
vn 0.0827 -0.4903 0.8676
vn 0.0869 -0.4875 0.8688
vn 0.0856 -0.4878 0.8687
vn 0.0874 -0.4874 0.8688
vn 0.0898 -0.4789 0.8733
vn 0.0882 -0.4786 0.8736
vn 0.0879 -0.4785 0.8737
vn 0.0920 -0.4891 0.8674
vn 0.0900 -0.4890 0.8676
vn 0.0896 -0.4890 0.8677
vn 0.0942 -0.4998 0.8610
vn 0.0922 -0.4997 0.8613
vn 0.0917 -0.4997 0.8613
vn 0.0960 -0.5105 0.8545
vn 0.0944 -0.5103 0.8548
vn 0.0940 -0.5103 0.8549
vn 0.0971 -0.5207 0.8482
vn 0.0960 -0.5209 0.8482
vn 0.0974 -0.5207 0.8482
vn 0.0977 -0.5311 0.8416
vn 0.0967 -0.5311 0.8418
vn 0.0978 -0.5311 0.8416
vn 0.0984 -0.5094 0.8549
vn 0.0975 -0.5091 0.8552
vn 0.0968 -0.5089 0.8554
vn 0.1016 -0.4997 0.8602
vn 0.1004 -0.4995 0.8605
vn 0.0996 -0.4993 0.8607
vn 0.1055 -0.4819 0.8699
vn 0.1042 -0.4817 0.8701
vn 0.1036 -0.4815 0.8703
vn 0.1071 -0.4893 0.8655
vn 0.1061 -0.4890 0.8658
vn 0.1058 -0.4889 0.8659
vn 0.1080 -0.4962 0.8615
vn 0.1072 -0.4962 0.8616
vn 0.1082 -0.4962 0.8615
vn 0.1085 -0.5031 0.8574
vn 0.1078 -0.5031 0.8575
vn 0.1086 -0.5031 0.8573
vn 0.1095 -0.5104 0.8529
vn 0.1084 -0.5102 0.8532
vn 0.1081 -0.5101 0.8533
vn 0.1110 -0.5178 0.8483
vn 0.1094 -0.5178 0.8485
vn 0.1091 -0.5178 0.8485
vn 0.2011 -0.5747 -0.7933
vn 0.2056 -0.5751 -0.7918
vn 0.2003 -0.5746 -0.7935
vn 0.2070 -0.5769 -0.7901
vn 0.2113 -0.5772 -0.7888
vn 0.2060 -0.5768 -0.7905
vn 0.2131 -0.5762 -0.7890
vn 0.2170 -0.5766 -0.7877
vn 0.2124 -0.5761 -0.7893
vn 0.2167 -0.5855 -0.7812
vn 0.2204 -0.5857 -0.7800
vn 0.2162 -0.5855 -0.7813
vn 0.2195 -0.5951 -0.7731
vn 0.2236 -0.5949 -0.7720
vn 0.2192 -0.5951 -0.7732
vn 0.2222 -0.6051 -0.7646
vn 0.2270 -0.6044 -0.7637
vn 0.2219 -0.6051 -0.7646
vn 0.2251 -0.6152 -0.7555
vn 0.2298 -0.6144 -0.7548
vn 0.2248 -0.6153 -0.7556
vn 0.2278 -0.6252 -0.7465
vn 0.2314 -0.6247 -0.7458
vn 0.2276 -0.6252 -0.7465
vn 0.2198 -0.5904 -0.7766
vn 0.2228 -0.5907 -0.7755
vn 0.2192 -0.5903 -0.7768
vn 0.2247 -0.5872 -0.7776
vn 0.2279 -0.5873 -0.7766
vn 0.2243 -0.5871 -0.7778
vn 0.2304 -0.5799 -0.7814
vn 0.2340 -0.5799 -0.7804
vn 0.2299 -0.5799 -0.7816
vn 0.2338 -0.5863 -0.7757
vn 0.2376 -0.5860 -0.7747
vn 0.2331 -0.5863 -0.7758
vn 0.2373 -0.5927 -0.7697
vn 0.2409 -0.5924 -0.7688
vn 0.2367 -0.5927 -0.7698
vn 0.2404 -0.5988 -0.7639
vn 0.2431 -0.5989 -0.7630
vn 0.2401 -0.5988 -0.7641
vn 0.2423 -0.6048 -0.7586
vn 0.2442 -0.6049 -0.7579
vn 0.2422 -0.6048 -0.7587
vn 0.2431 -0.6109 -0.7535
vn 0.2449 -0.6110 -0.7528
vn 0.2430 -0.6109 -0.7535
vn 0.2300 -0.6019 -0.7647
vn 0.2324 -0.6021 -0.7639
vn 0.2292 -0.6019 -0.7650
vn 0.2356 -0.5950 -0.7684
vn 0.2383 -0.5950 -0.7676
vn 0.2347 -0.5950 -0.7687
vn 0.2425 -0.5823 -0.7759
vn 0.2451 -0.5824 -0.7751
vn 0.2420 -0.5823 -0.7761
vn 0.2452 -0.5863 -0.7721
vn 0.2469 -0.5866 -0.7714
vn 0.2449 -0.5863 -0.7722
vn 0.2466 -0.5904 -0.7686
vn 0.2480 -0.5903 -0.7682
vn 0.2481 -0.5902 -0.7681
vn 0.2475 -0.5942 -0.7653
vn 0.2490 -0.5944 -0.7647
vn 0.2473 -0.5941 -0.7654
vn 0.2485 -0.5985 -0.7616
vn 0.2508 -0.5985 -0.7609
vn 0.2483 -0.5985 -0.7616
vn 0.2501 -0.6032 -0.7574
vn 0.2528 -0.6029 -0.7567
vn 0.2499 -0.6032 -0.7574
vn 0.2055 -0.5749 0.7920
vn 0.2005 -0.5747 0.7934
vn 0.2000 -0.5747 0.7936
vn 0.2114 -0.5769 0.7890
vn 0.2065 -0.5769 0.7903
vn 0.2057 -0.5769 0.7905
vn 0.2179 -0.5763 0.7876
vn 0.2129 -0.5765 0.7889
vn 0.2120 -0.5765 0.7891
vn 0.2223 -0.5860 0.7792
vn 0.2175 -0.5862 0.7804
vn 0.2168 -0.5863 0.7806
vn 0.2255 -0.5958 0.7709
vn 0.2215 -0.5958 0.7720
vn 0.2211 -0.5958 0.7721
vn 0.2273 -0.6053 0.7629
vn 0.2243 -0.6051 0.7639
vn 0.2241 -0.6051 0.7639
vn 0.2284 -0.6147 0.7550
vn 0.2257 -0.6147 0.7558
vn 0.2256 -0.6147 0.7558
vn 0.2294 -0.6245 0.7466
vn 0.2264 -0.6246 0.7474
vn 0.2263 -0.6246 0.7474
vn 0.2239 -0.5909 0.7750
vn 0.2203 -0.5909 0.7761
vn 0.2193 -0.5908 0.7764
vn 0.2298 -0.5881 0.7754
vn 0.2262 -0.5881 0.7765
vn 0.2256 -0.5881 0.7767
vn 0.2354 -0.5809 0.7792
vn 0.2326 -0.5807 0.7802
vn 0.2322 -0.5806 0.7803
vn 0.2373 -0.5862 0.7746
vn 0.2350 -0.5865 0.7751
vn 0.2376 -0.5862 0.7746
vn 0.2388 -0.5922 0.7696
vn 0.2367 -0.5919 0.7705
vn 0.2363 -0.5918 0.7706
vn 0.2410 -0.5981 0.7643
vn 0.2383 -0.5981 0.7652
vn 0.2378 -0.5980 0.7654
vn 0.2433 -0.6043 0.7587
vn 0.2402 -0.6046 0.7595
vn 0.2399 -0.6046 0.7595
vn 0.2452 -0.6108 0.7529
vn 0.2423 -0.6111 0.7536
vn 0.2422 -0.6111 0.7536
vn 0.2334 -0.6025 0.7633
vn 0.2317 -0.6028 0.7635
vn 0.2337 -0.6024 0.7632
vn 0.2371 -0.5946 0.7682
vn 0.2358 -0.5949 0.7684
vn 0.2374 -0.5946 0.7682
vn 0.2424 -0.5816 0.7766
vn 0.2409 -0.5812 0.7773
vn 0.2404 -0.5810 0.7776
vn 0.2450 -0.5857 0.7727
vn 0.2426 -0.5856 0.7735
vn 0.2421 -0.5856 0.7736
vn 0.2478 -0.5900 0.7685
vn 0.2449 -0.5902 0.7692
vn 0.2446 -0.5902 0.7693
vn 0.2499 -0.5943 0.7644
vn 0.2474 -0.5945 0.7651
vn 0.2472 -0.5945 0.7651
vn 0.2516 -0.5987 0.7604
vn 0.2493 -0.5988 0.7611
vn 0.2491 -0.5988 0.7612
vn 0.2534 -0.6030 0.7564
vn 0.2509 -0.6034 0.7570
vn 0.2507 -0.6034 0.7570
vn -0.0576 -0.4168 -0.9072
vn -0.0586 -0.4306 -0.9006
vn -0.0601 -0.4404 -0.8958
vn -0.0612 -0.4667 -0.8823
vn -0.0623 -0.4932 -0.8677
vn -0.0669 -0.5197 -0.8517
vn -0.0693 -0.5462 -0.8348
vn -0.0717 -0.5728 -0.8165
vn -0.0670 -0.4181 -0.9059
vn -0.0679 -0.4212 -0.9044
vn -0.0706 -0.4177 -0.9058
vn -0.0718 -0.4361 -0.8970
vn -0.0731 -0.4544 -0.8878
vn -0.0722 -0.4732 -0.8780
vn -0.0731 -0.4927 -0.8671
vn -0.0737 -0.5125 -0.8556
vn -0.0366 -0.4260 -0.9040
vn -0.0374 -0.4202 -0.9067
vn -0.0383 -0.4053 -0.9134
vn -0.0380 -0.4193 -0.9070
vn -0.0381 -0.4478 -0.8933
vn -0.0390 -0.4622 -0.8859
vn -0.0395 -0.4767 -0.8782
vn -0.0575 -0.4170 0.9071
vn -0.0585 -0.4308 0.9005
vn -0.0625 -0.4404 0.8956
vn -0.0643 -0.4660 0.8824
vn -0.0633 -0.4922 0.8682
vn -0.0647 -0.5192 0.8522
vn -0.0658 -0.5466 0.8348
vn -0.0671 -0.5739 0.8162
vn -0.0686 -0.4177 0.9060
vn -0.0699 -0.4206 0.9045
vn -0.0701 -0.4173 0.9061
vn -0.0705 -0.4361 0.8971
vn -0.0708 -0.4551 0.8876
vn -0.0713 -0.4740 0.8777
vn -0.0744 -0.4931 0.8668
vn -0.0756 -0.5124 0.8554
vn -0.0365 -0.4259 0.9040
vn -0.0368 -0.4203 0.9066
vn -0.0373 -0.4056 0.9133
vn -0.0380 -0.4195 0.9069
vn -0.0385 -0.4338 0.9002
vn -0.0388 -0.4479 0.8932
vn -0.0385 -0.4623 0.8859
vn -0.0396 -0.4766 0.8782
vn -0.0422 -0.4078 -0.9121
vn -0.0430 -0.3944 -0.9179
vn -0.0427 -0.4073 -0.9123
vn -0.0428 -0.4204 -0.9063
vn -0.0428 -0.4336 -0.9001
vn -0.0434 -0.4602 -0.8867
vn -0.0406 -0.4253 -0.9042
vn -0.0415 -0.3852 -0.9219
vn -0.0420 -0.4128 0.9099
vn -0.0422 -0.4078 0.9121
vn -0.0431 -0.4333 0.9002
vn -0.0427 -0.4467 0.8937
vn -0.0406 -0.4253 0.9042
vn -0.0413 -0.3945 0.9179
vn -0.0413 -0.4136 0.9095
vn -0.0366 -0.4201 -0.9068
vn -0.0355 -0.4651 -0.8846
vn -0.0351 -0.4881 -0.8721
vn -0.0375 -0.4006 0.9155
vn -0.0354 -0.4881 0.8721
vn -0.0345 -0.5350 0.8442
vn 0.0836 -0.4912 -0.8671
vn 0.0856 -0.4881 -0.8686
vn 0.0905 -0.4792 -0.8730
vn 0.0921 -0.4895 -0.8671
vn 0.0915 -0.4996 -0.8614
vn 0.0927 -0.5098 -0.8553
vn 0.0964 -0.5202 -0.8486
vn 0.0985 -0.5308 -0.8417
vn 0.0990 -0.5098 -0.8546
vn 0.1016 -0.4998 -0.8601
vn 0.1028 -0.4812 -0.8706
vn 0.1059 -0.4884 -0.8661
vn 0.1080 -0.4957 -0.8617
vn 0.1103 -0.5034 -0.8570
vn 0.1118 -0.5113 -0.8521
vn 0.1112 -0.5185 -0.8478
vn 0.0851 -0.4911 0.8669
vn 0.0853 -0.4879 0.8687
vn 0.0901 -0.4789 0.8732
vn 0.0923 -0.4892 0.8673
vn 0.0947 -0.4998 0.8610
vn 0.0965 -0.5106 0.8544
vn 0.0958 -0.5209 0.8482
vn 0.0966 -0.5311 0.8418
vn 0.0989 -0.5096 0.8547
vn 0.1023 -0.4999 0.8600
vn 0.1063 -0.4821 0.8697
vn 0.1076 -0.4895 0.8653
vn 0.1071 -0.4962 0.8616
vn 0.1077 -0.5031 0.8575
vn 0.1097 -0.5105 0.8529
vn 0.1113 -0.5178 0.8482
vn 0.2063 -0.5752 -0.7916
vn 0.2121 -0.5773 -0.7885
vn 0.2179 -0.5766 -0.7874
vn 0.2211 -0.5858 -0.7798
vn 0.2240 -0.5949 -0.7719
vn 0.2272 -0.6044 -0.7636
vn 0.2301 -0.6143 -0.7548
vn 0.2317 -0.6247 -0.7457
vn 0.2236 -0.5907 -0.7753
vn 0.2284 -0.5874 -0.7764
vn 0.2344 -0.5799 -0.7803
vn 0.2382 -0.5859 -0.7746
vn 0.2415 -0.5924 -0.7686
vn 0.2436 -0.5989 -0.7629
vn 0.2444 -0.6050 -0.7578
vn 0.2450 -0.6110 -0.7528
vn 0.2332 -0.6021 -0.7636
vn 0.2392 -0.5950 -0.7673
vn 0.2458 -0.5824 -0.7749
vn 0.2473 -0.5866 -0.7712
vn 0.2464 -0.5904 -0.7686
vn 0.2492 -0.5944 -0.7646
vn 0.2511 -0.5985 -0.7608
vn 0.2531 -0.6029 -0.7567
vn 0.2061 -0.5749 0.7918
vn 0.2119 -0.5769 0.7888
vn 0.2187 -0.5763 0.7874
vn 0.2231 -0.5860 0.7790
vn 0.2261 -0.5958 0.7707
vn 0.2276 -0.6053 0.7627
vn 0.2285 -0.6147 0.7549
vn 0.2296 -0.6245 0.7466
vn 0.2250 -0.5909 0.7747
vn 0.2307 -0.5881 0.7752
vn 0.2359 -0.5809 0.7790
vn 0.2347 -0.5866 0.7751
vn 0.2391 -0.5922 0.7695
vn 0.2414 -0.5981 0.7642
vn 0.2438 -0.6043 0.7585
vn 0.2455 -0.6108 0.7528
vn 0.2312 -0.6029 0.7636
vn 0.2354 -0.5950 0.7685
vn 0.2429 -0.5817 0.7763
vn 0.2456 -0.5857 0.7724
vn 0.2483 -0.5899 0.7683
vn 0.2502 -0.5943 0.7643
vn 0.2518 -0.5987 0.7604
vn 0.2536 -0.6030 0.7564
f 1/1/1 2/2/2 3/3/3
f 2/4/4 4/5/5 5/6/4
f 5/7/6 6/8/7 7/9/6
f 6/10/8 3/11/9 7/12/9
f 8/13/10 9/14/1 1/15/1
f 9/16/11 10/17/12 4/18/5
f 4/18/7 11/19/13 6/20/7
f 11/21/14 1/15/8 6/22/8
f 12/23/15 13/24/10 8/25/10
f 13/26/12 14/27/16 10/28/12
f 10/29/13 15/30/17 11/31/13
f 15/32/18 8/33/14 11/34/14
f 12/23/15 16/35/19 17/36/15
f 16/37/20 14/27/16 17/38/16
f 18/39/21 15/30/17 14/40/17
f 15/32/18 19/41/22 12/42/18
f 19/43/19 20/44/23 16/45/19
f 20/46/24 18/47/20 16/48/20
f 21/49/25 22/50/21 18/39/21
f 22/51/22 23/52/26 19/43/22
f 23/53/23 24/54/27 20/55/23
f 24/56/28 21/57/24 20/58/24
f 25/59/29 26/60/25 21/61/25
f 26/62/26 27/63/30 23/64/26
f 27/65/31 2/2/2 24/54/27
f 2/4/4 25/66/28 24/56/28
f 5/7/6 28/67/29 25/59/29
f 28/68/30 3/11/9 27/63/30
f 29/69/32 30/70/33 31/71/33
f 30/72/34 32/73/35 33/74/34
f 33/75/36 34/76/37 35/77/36
f 34/78/38 31/79/39 35/80/39
f 36/81/40 37/82/32 29/69/32
f 37/83/35 38/84/41 32/73/35
f 32/85/37 39/86/42 34/76/37
f 39/87/43 29/88/38 34/78/38
f 40/89/44 41/90/40 36/91/40
f 41/92/45 42/93/46 38/94/41
f 42/95/47 39/96/42 38/97/48
f 43/98/49 36/99/43 39/100/43
f 40/89/44 44/101/50 45/102/44
f 45/103/51 46/104/52 42/93/46
f 46/105/53 43/106/54 42/95/47
f 47/107/55 40/108/49 43/98/49
f 48/109/50 49/110/56 44/111/50
f 44/112/52 50/113/57 46/104/52
f 50/114/58 47/115/53 46/116/53
f 51/117/59 48/118/55 47/107/55
f 52/119/56 53/120/60 49/121/56
f 53/122/61 50/123/57 49/124/57
f 54/125/62 51/126/58 50/127/58
f 51/128/59 55/129/63 52/130/59
f 55/131/60 30/70/33 53/120/60
f 53/122/61 33/132/34 54/133/61
f 33/75/36 56/134/62 54/125/62
f 35/135/39 55/129/63 56/136/63
f 57/137/1 58/138/2 59/139/2
f 58/140/4 60/141/5 61/142/64
f 61/143/6 62/144/65 63/145/66
f 62/146/67 59/147/9 63/148/9
f 64/149/10 65/150/1 57/151/1
f 65/152/11 66/153/12 60/154/5
f 60/154/65 67/155/13 62/156/65
f 67/157/14 57/151/67 62/158/67
f 68/159/15 69/160/10 64/161/10
f 69/162/12 70/163/16 66/164/12
f 66/165/13 71/166/17 67/167/13
f 71/168/18 64/169/14 67/170/14
f 68/159/15 72/171/19 73/172/15
f 72/173/20 70/163/16 73/174/16
f 74/175/21 71/166/17 70/176/17
f 71/168/18 75/177/22 68/178/18
f 75/179/19 76/180/23 72/181/19
f 76/182/24 74/183/20 72/184/20
f 77/185/25 78/186/21 74/175/21
f 78/187/22 79/188/26 75/179/22
f 79/189/23 80/190/31 76/191/23
f 80/192/28 77/193/24 76/194/24
f 81/195/68 82/196/25 77/197/25
f 82/198/26 83/199/69 79/200/26
f 83/201/31 58/138/2 80/190/31
f 58/140/4 81/202/28 80/192/28
f 61/143/6 84/203/68 81/195/68
f 84/204/69 59/147/9 83/199/69
f 85/205/32 86/206/33 87/207/33
f 86/208/34 88/209/70 89/210/34
f 89/211/36 90/212/37 91/213/36
f 90/214/38 87/215/39 91/216/39
f 92/217/40 93/218/32 85/205/32
f 93/219/71 94/220/41 88/209/70
f 88/221/37 95/222/42 90/212/37
f 95/223/43 85/224/38 90/214/38
f 96/225/44 97/226/40 92/227/40
f 97/228/72 98/229/46 94/230/41
f 98/231/54 95/232/42 94/233/48
f 99/234/73 92/235/43 95/236/43
f 96/225/44 100/237/50 101/238/44
f 101/239/51 102/240/52 98/229/46
f 102/241/53 99/242/54 98/231/54
f 103/243/55 96/244/49 99/234/73
f 104/245/50 105/246/56 100/247/50
f 100/248/52 106/249/57 102/240/52
f 106/250/58 103/251/53 102/252/53
f 107/253/59 104/254/55 103/243/55
f 108/255/56 109/256/60 105/257/56
f 109/258/61 106/259/57 105/260/57
f 110/261/62 107/262/58 106/263/58
f 107/264/59 111/265/63 108/266/59
f 111/267/60 86/206/33 109/256/60
f 109/258/61 89/268/34 110/269/61
f 89/211/36 112/270/62 110/261/62
f 91/271/39 111/265/63 112/272/63
f 113/273/74 114/274/2 115/275/2
f 114/276/4 116/277/75 117/278/4
f 117/279/6 118/280/7 119/281/66
f 118/282/8 115/283/9 119/284/9
f 120/285/10 121/286/1 113/287/74
f 121/288/11 122/289/12 116/290/75
f 116/290/7 123/291/13 118/292/7
f 123/293/14 113/287/67 118/294/8
f 124/295/15 125/296/10 120/297/10
f 125/298/12 126/299/16 122/300/12
f 122/301/13 127/302/17 123/303/13
f 127/304/18 120/305/14 123/306/14
f 124/295/15 128/307/19 129/308/15
f 128/309/20 126/299/16 129/310/16
f 130/311/21 127/302/17 126/312/17
f 127/304/18 131/313/22 124/314/18
f 131/315/19 132/316/23 128/317/19
f 132/318/24 130/319/20 128/320/20
f 133/321/25 134/322/21 130/311/21
f 134/323/22 135/324/26 131/315/22
f 135/325/23 136/326/31 132/327/23
f 136/328/76 133/329/24 132/330/24
f 137/331/68 138/332/25 133/333/25
f 138/334/26 139/335/30 135/336/26
f 139/337/31 114/274/2 136/326/31
f 114/276/4 137/338/76 136/328/76
f 117/279/6 140/339/68 137/331/68
f 140/340/30 115/283/9 139/335/30
f 141/341/32 142/342/33 143/343/33
f 142/344/34 144/345/70 145/346/34
f 145/347/36 146/348/37 147/349/36
f 146/350/38 143/351/39 147/352/39
f 148/353/40 149/354/32 141/341/32
f 149/355/71 150/356/41 144/345/70
f 144/357/37 151/358/48 146/348/37
f 151/359/43 141/360/38 146/350/38
f 152/361/44 153/362/40 148/363/40
f 153/364/72 154/365/46 150/366/41
f 154/367/47 151/368/48 150/369/48
f 155/370/73 148/371/43 151/372/43
f 152/361/44 156/373/50 157/374/44
f 157/375/51 158/376/52 154/365/46
f 158/377/53 155/378/54 154/367/47
f 159/379/55 152/380/73 155/370/73
f 160/381/50 161/382/56 156/383/50
f 156/384/52 162/385/57 158/376/52
f 162/386/58 159/387/53 158/388/53
f 163/389/59 160/390/55 159/379/55
f 164/391/56 165/392/60 161/393/56
f 165/394/61 162/395/57 161/396/57
f 166/397/62 163/398/58 162/399/58
f 163/400/59 167/401/63 164/402/59
f 167/403/60 142/342/33 165/392/60
f 165/394/61 145/404/34 166/405/61
f 145/347/36 168/406/62 166/397/62
f 147/407/39 167/401/63 168/408/63
f 169/409/77 170/410/78 171/411/79
f 170/412/80 172/413/81 171/414/81
f 173/415/82 174/416/83 172/417/83
f 174/418/84 175/419/85 169/420/84
f 175/421/78 176/422/86 170/423/78
f 176/424/87 173/425/80 170/426/80
f 177/427/88 178/428/82 173/425/82
f 178/429/85 179/430/89 175/421/85
f 179/431/86 180/432/90 176/433/86
f 180/434/91 177/435/87 176/436/87
f 181/437/92 182/438/88 177/439/88
f 182/440/89 183/441/93 179/442/89
f 183/443/90 184/444/94 180/432/90
f 184/445/95 181/446/91 180/434/91
f 185/447/96 186/448/92 181/437/92
f 186/449/93 187/450/97 183/441/93
f 187/451/94 188/452/98 184/444/94
f 184/445/95 189/453/99 185/454/95
f 185/447/96 190/455/100 191/456/96
f 190/457/101 187/450/97 191/458/97
f 192/459/102 188/460/98 193/461/98
f 188/462/99 194/463/103 189/464/99
f 189/464/104 195/465/105 190/466/100
f 195/467/106 193/461/101 190/468/101
f 169/409/77 196/469/102 192/470/102
f 196/471/107 172/413/81 194/472/103
f 194/473/105 174/416/83 195/474/105
f 174/418/84 192/475/108 195/476/106
f 197/477/109 198/478/110 199/479/109
f 198/480/111 200/481/112 199/482/112
f 201/483/113 202/484/114 200/485/115
f 202/486/116 203/487/117 197/488/116
f 203/489/110 204/490/118 198/478/110
f 204/491/119 201/492/111 198/480/111
f 205/493/120 206/494/113 201/495/113
f 206/494/117 207/496/121 203/487/117
f 207/497/122 208/498/123 204/499/118
f 204/500/119 209/501/124 205/502/119
f 209/503/125 210/504/120 205/493/120
f 211/505/126 207/506/121 210/507/121
f 212/508/127 208/498/123 213/509/128
f 214/510/129 209/511/124 208/498/124
f 209/503/125 215/512/130 211/513/125
f 211/505/126 212/514/131 213/515/126
f 216/516/132 214/517/127 212/518/127
f 214/519/129 217/520/133 218/521/129
f 218/522/130 219/523/134 215/512/130
f 219/524/135 212/518/131 215/525/131
f 220/526/136 221/527/132 216/528/132
f 221/529/137 222/530/138 217/531/133
f 217/532/134 223/533/139 219/534/134
f 223/535/140 216/536/135 219/523/135
f 220/526/136 199/537/109 224/538/136
f 199/482/112 222/530/138 224/539/138
f 222/540/139 202/541/114 223/533/139
f 223/535/140 197/488/116 220/542/140
f 225/543/77 226/544/141 227/545/77
f 226/546/80 228/547/81 227/548/142
f 229/549/82 230/550/83 228/551/83
f 230/552/84 231/553/85 225/554/84
f 231/555/141 232/556/86 226/557/141
f 232/558/87 229/559/80 226/560/80
f 233/561/143 234/562/82 229/559/82
f 234/563/85 235/564/89 231/555/85
f 235/565/144 236/566/90 232/567/86
f 236/568/91 233/569/87 232/570/87
f 237/571/92 238/572/143 233/573/143
f 238/574/89 239/575/93 235/576/89
f 239/577/90 240/578/94 236/566/90
f 240/579/95 237/580/91 236/568/91
f 241/581/96 242/582/92 237/571/92
f 242/583/93 243/584/97 239/575/93
f 244/585/98 240/578/94 243/586/94
f 240/579/95 245/587/99 241/588/145
f 241/581/96 246/589/104 247/590/96
f 246/591/101 243/584/97 247/592/97
f 248/593/102 249/594/98 244/595/98
f 249/596/99 250/597/107 245/598/99
f 245/598/104 251/599/105 246/600/104
f 251/601/146 244/595/101 246/602/101
f 225/543/77 252/603/102 248/604/102
f 252/605/107 228/547/81 250/606/107
f 250/607/105 230/550/83 251/608/105
f 230/552/84 248/609/146 251/610/146
f 253/611/109 254/612/147 255/613/109
f 254/614/111 256/615/112 255/616/112
f 257/617/148 258/618/114 256/619/114
f 258/620/116 259/621/117 253/622/116
f 259/623/147 260/624/118 254/612/147
f 260/625/119 257/626/111 254/614/111
f 261/627/149 262/628/148 257/629/148
f 262/628/117 263/630/121 259/621/117
f 263/631/122 264/632/123 260/633/118
f 260/634/119 265/635/124 261/636/150
f 265/637/125 266/638/151 261/627/149
f 267/639/126 263/640/121 266/641/121
f 268/642/127 264/632/123 269/643/123
f 270/644/129 265/645/124 264/632/124
f 265/637/125 271/646/130 267/647/152
f 267/639/126 268/648/131 269/649/126
f 272/650/132 270/651/127 268/652/127
f 270/653/129 273/654/153 274/655/129
f 274/656/130 275/657/134 271/646/130
f 275/658/135 268/652/131 271/659/131
f 276/660/136 277/661/132 272/662/132
f 277/663/137 278/664/154 273/665/153
f 273/666/155 279/667/139 275/668/134
f 279/669/140 272/670/156 275/657/135
f 276/660/136 255/671/109 280/672/136
f 255/616/112 278/664/154 280/673/154
f 278/674/139 258/675/114 279/667/139
f 279/669/140 253/622/116 276/676/157
f 281/677/77 282/678/141 283/679/77
f 282/680/80 284/681/81 283/682/81
f 285/683/82 286/684/83 284/685/83
f 286/686/84 287/687/85 281/688/84
f 287/689/141 288/690/158 282/691/141
f 288/692/87 285/693/80 282/694/80
f 289/695/88 290/696/82 285/693/82
f 290/697/85 291/698/89 287/689/85
f 291/699/86 292/700/90 288/701/158
f 292/702/91 289/703/87 288/704/87
f 293/705/92 294/706/143 289/707/88
f 294/708/159 295/709/93 291/710/89
f 295/711/90 296/712/94 292/700/90
f 296/713/95 293/714/91 292/702/91
f 297/715/96 298/716/160 293/705/92
f 298/717/93 299/718/97 295/709/93
f 300/719/98 296/712/94 299/720/94
f 296/713/95 301/721/99 297/722/95
f 297/715/96 302/723/104 303/724/96
f 302/725/101 299/718/97 303/726/97
f 304/727/102 305/728/98 300/729/98
f 305/730/99 306/731/103 301/732/99
f 301/732/104 307/733/105 302/734/104
f 307/735/161 300/729/101 302/736/101
f 281/677/77 308/737/102 304/738/102
f 308/739/107 284/681/81 306/740/103
f 306/741/105 286/684/83 307/742/105
f 286/686/84 304/743/146 307/744/161
f 309/745/109 310/746/147 311/747/109
f 310/748/111 312/749/112 311/750/112
f 313/751/148 314/752/114 312/753/114
f 314/754/116 315/755/117 309/756/116
f 315/757/147 316/758/118 310/746/147
f 316/759/119 313/760/111 310/748/111
f 317/761/149 318/762/113 313/763/148
f 318/762/117 319/764/121 315/755/117
f 319/765/118 320/766/123 316/767/118
f 316/768/119 321/769/124 317/770/150
f 321/771/125 322/772/151 317/761/149
f 323/773/126 319/774/121 322/775/162
f 324/776/127 320/766/123 325/777/123
f 326/778/129 321/779/124 320/766/124
f 321/771/125 327/780/130 323/781/152
f 323/773/126 324/782/131 325/783/126
f 328/784/132 326/785/127 324/786/127
f 326/787/129 329/788/153 330/789/129
f 330/790/130 331/791/134 327/780/130
f 331/792/135 324/786/131 327/793/131
f 332/794/136 333/795/132 328/796/132
f 333/797/137 334/798/154 329/799/153
f 329/800/134 335/801/139 331/802/134
f 335/803/140 328/804/156 331/791/135
f 332/794/136 311/805/109 336/806/136
f 311/750/112 334/798/154 336/807/154
f 334/808/139 314/809/114 335/801/139
f 314/754/116 332/810/140 335/803/140
f 337/811/163 338/812/164 339/813/164
f 338/814/165 340/815/166 341/816/165
f 341/817/167 342/818/168 343/819/167
f 342/820/169 339/821/170 343/822/170
f 337/811/163 344/823/171 345/824/163
f 344/825/172 340/815/166 345/826/166
f 346/827/173 342/818/168 340/828/168
f 347/829/174 337/830/169 342/820/169
f 348/831/171 349/832/175 344/833/171
f 349/834/176 346/835/172 344/836/172
f 350/837/177 347/838/173 346/835/173
f 347/839/174 351/840/178 348/831/174
f 352/841/179 349/842/175 351/843/175
f 353/844/180 350/845/176 349/846/176
f 350/847/177 354/848/181 355/849/177
f 355/850/178 352/851/182 351/852/178
f 352/841/179 356/853/183 353/854/179
f 353/844/180 357/855/184 358/856/180
f 357/857/185 354/848/181 358/858/181
f 359/859/186 352/851/182 354/860/182
f 360/861/187 356/862/183 361/863/183
f 362/864/188 357/855/184 356/865/184
f 357/857/185 363/866/189 359/867/185
f 359/868/186 360/861/190 361/863/186
f 339/813/164 362/869/187 360/870/187
f 338/814/165 364/871/191 362/872/188
f 364/873/189 343/819/167 363/874/189
f 363/875/192 339/821/170 360/876/190
f 365/877/193 366/878/194 367/879/193
f 367/880/195 368/881/196 369/882/195
f 368/883/197 370/884/198 369/885/198
f 371/886/199 365/887/200 370/888/200
f 372/889/201 366/878/194 373/890/194
f 374/891/202 368/892/196 366/893/196
f 368/883/197 375/894/203 371/895/197
f 371/896/199 372/897/204 373/898/199
f 372/899/201 376/900/205 374/901/201
f 374/891/202 377/902/206 378/903/207
f 377/904/208 375/905/203 378/906/203
f 379/907/209 372/897/204 375/908/204
f 380/909/210 376/900/205 381/910/205
f 376/911/206 382/912/211 377/913/206
f 382/914/212 379/915/208 377/904/208
f 383/916/213 381/917/209 379/907/209
f 380/909/210 384/918/214 385/919/210
f 385/920/215 386/921/216 382/912/211
f 386/922/217 383/923/212 382/914/212
f 387/924/218 380/925/213 383/926/213
f 388/927/214 389/928/219 384/929/214
f 384/930/216 390/931/220 386/921/216
f 390/932/221 387/933/217 386/934/217
f 391/935/222 388/936/218 387/924/218
f 365/937/193 389/928/219 392/938/219
f 367/880/195 390/939/220 389/940/220
f 369/941/198 391/942/221 390/932/221
f 391/943/222 365/887/200 392/944/222
f 393/945/163 394/946/223 395/947/223
f 394/948/165 396/949/166 397/950/165
f 397/951/224 398/952/168 399/953/224
f 398/954/169 395/955/170 399/956/170
f 393/945/163 400/957/171 401/958/225
f 400/959/172 396/949/166 401/960/166
f 402/961/173 398/952/168 396/962/168
f 403/963/174 393/964/169 398/954/169
f 404/965/171 405/966/175 400/967/171
f 405/968/176 402/969/172 400/970/172
f 406/971/177 403/972/173 402/969/173
f 403/973/174 407/974/226 404/965/174
f 408/975/179 405/976/175 407/977/175
f 409/978/180 406/979/176 405/980/176
f 406/981/177 410/982/181 411/983/177
f 411/984/178 408/985/182 407/986/226
f 408/975/179 412/987/183 409/988/179
f 409/978/180 413/989/184 414/990/180
f 413/991/185 410/982/181 414/992/181
f 415/993/186 408/985/182 410/994/182
f 416/995/187 412/996/183 417/997/183
f 418/998/188 413/989/184 412/999/184
f 413/991/185 419/1000/189 415/1001/185
f 415/1002/186 416/995/192 417/997/186
f 395/947/223 418/1003/187 416/1004/187
f 394/948/165 420/1005/188 418/1006/188
f 420/1007/189 399/953/224 419/1008/189
f 419/1009/190 395/955/170 416/1010/192
f 421/1011/193 422/1012/194 423/1013/193
f 423/1014/195 424/1015/227 425/1016/195
f 424/1017/197 426/1018/198 425/1019/198
f 427/1020/199 421/1021/200 426/1022/200
f 428/1023/201 422/1012/194 429/1024/194
f 430/1025/202 424/1026/227 422/1027/196
f 424/1017/197 431/1028/203 427/1029/197
f 427/1030/199 428/1031/204 429/1032/199
f 428/1033/201 432/1034/205 430/1035/201
f 430/1025/202 433/1036/206 434/1037/207
f 433/1038/208 431/1039/203 434/1040/203
f 435/1041/209 428/1031/204 431/1042/204
f 436/1043/210 432/1034/205 437/1044/205
f 432/1045/206 438/1046/215 433/1047/206
f 438/1048/212 435/1049/208 433/1038/208
f 439/1050/228 437/1051/209 435/1041/209
f 436/1043/210 440/1052/214 441/1053/210
f 441/1054/215 442/1055/216 438/1046/215
f 442/1056/217 439/1057/212 438/1048/212
f 443/1058/218 436/1059/228 439/1060/228
f 444/1061/214 445/1062/219 440/1063/214
f 440/1064/216 446/1065/220 442/1055/216
f 446/1066/221 443/1067/217 442/1068/217
f 447/1069/222 444/1070/218 443/1058/218
f 421/1071/193 445/1062/219 448/1072/219
f 423/1014/195 446/1073/220 445/1074/220
f 425/1075/198 447/1076/221 446/1066/221
f 447/1077/222 421/1021/200 448/1078/222
f 449/1079/229 450/1080/230 451/1081/231
f 452/1082/232 453/1083/233 454/1084/234
f 455/1085/235 456/1086/236 457/1087/237
f 458/1088/238 459/1089/239 460/1090/240
f 461/1091/241 462/1092/242 463/1093/243
f 464/1094/244 465/1095/245 466/1096/246
f 467/1097/247 468/1098/248 469/1099/249
f 470/1100/250 471/1101/251 472/1102/252
f 473/1103/253 474/1104/254 475/1105/255
f 476/1106/256 477/1107/257 478/1108/258
f 479/1109/259 480/1110/260 481/1111/261
f 482/1112/262 483/1113/263 484/1114/264
f 485/1115/265 486/1116/266 487/1117/267
f 488/1118/268 489/1119/269 490/1120/270
f 491/1121/271 492/1122/272 493/1123/273
f 494/1124/274 495/1125/275 496/1126/276
f 497/1127/277 498/1128/278 499/1129/279
f 500/1130/280 501/1131/281 502/1132/282
f 503/1133/283 504/1134/284 505/1135/285
f 506/1136/286 507/1137/287 508/1138/288
f 509/1139/289 510/1140/290 511/1141/291
f 512/1142/292 513/1143/293 514/1144/294
f 515/1145/295 516/1146/296 517/1147/297
f 518/1148/298 519/1149/299 520/1150/300
f 521/1151/301 522/1152/302 523/1153/303
f 524/1154/304 525/1155/305 526/1156/306
f 527/1157/307 528/1158/308 529/1159/309
f 530/1160/310 531/1161/311 532/1162/312
f 533/1163/313 534/1164/314 535/1165/315
f 536/1166/316 537/1167/317 538/1168/318
f 539/1169/319 540/1170/320 541/1171/321
f 542/1172/322 543/1173/323 544/1174/324
f 545/1175/325 546/1176/326 547/1177/327
f 548/1178/328 549/1179/329 550/1180/330
f 551/1181/331 552/1182/332 553/1183/333
f 554/1184/334 555/1185/335 556/1186/336
f 557/1187/337 558/1188/338 559/1189/339
f 560/1190/340 561/1191/341 562/1192/342
f 563/1193/343 564/1194/344 565/1195/345
f 566/1196/346 567/1197/347 568/1198/348
f 569/1199/349 570/1200/350 571/1201/349
f 572/1202/351 573/1203/352 574/1204/351
f 575/1205/353 576/1206/354 577/1207/355
f 578/1208/356 579/1209/357 580/1210/358
f 581/1211/359 582/1212/360 583/1213/361
f 584/1214/362 585/1215/363 586/1216/364
f 587/1217/365 588/1218/366 589/1219/367
f 590/1220/368 591/1221/369 592/1222/370
f 593/1223/371 594/1224/372 595/1225/372
f 596/1226/373 597/1227/374 598/1228/375
f 599/1229/376 600/1230/377 601/1231/378
f 602/1232/379 603/1233/380 604/1234/380
f 605/1235/381 606/1236/382 607/1237/383
f 608/1238/384 609/1239/385 610/1240/386
f 611/1241/387 612/1242/388 613/1243/389
f 614/1244/390 615/1245/391 616/1246/390
f 617/1247/392 618/1248/392 619/1249/392
f 620/1250/393 621/1251/394 622/1252/395
f 623/1253/396 624/1254/397 625/1255/397
f 626/1256/398 627/1257/399 628/1258/399
f 629/1259/400 630/1260/401 631/1261/400
f 632/1262/402 633/1263/402 634/1264/403
f 635/1265/404 636/1266/405 637/1267/406
f 638/1268/407 639/1269/408 640/1270/409
f 641/1271/410 642/1272/411 643/1273/412
f 644/1274/413 645/1275/414 646/1276/415
f 647/1277/416 648/1278/417 649/1279/416
f 650/1280/418 651/1281/419 652/1282/419
f 653/1283/420 654/1284/421 655/1285/421
f 656/1286/422 657/1287/423 658/1288/424
f 659/1289/425 660/1290/426 661/1291/427
f 662/1292/428 663/1293/429 664/1294/430
f 665/1295/431 666/1296/431 667/1297/431
f 668/1298/432 669/1299/432 670/1300/433
f 671/1301/434 672/1302/435 673/1303/435
f 674/1304/436 675/1305/437 676/1306/438
f 677/1307/439 678/1308/440 679/1309/439
f 680/1310/441 681/1311/442 682/1312/441
f 683/1313/443 684/1314/444 685/1315/445
f 686/1316/446 687/1317/447 688/1318/447
f 689/1319/448 690/1320/449 691/1321/450
f 692/1322/451 693/1323/452 694/1324/452
f 695/1325/453 696/1326/454 697/1327/455
f 698/1328/456 699/1329/456 700/1330/456
f 701/1331/457 702/1332/458 703/1333/458
f 704/1334/459 705/1335/460 706/1336/461
f 707/1337/462 708/1338/463 709/1339/464
f 710/1340/465 711/1341/466 712/1342/465
f 713/1343/467 714/1344/468 715/1345/467
f 716/1346/469 717/1347/470 718/1348/471
f 719/1349/472 720/1350/473 721/1351/472
f 722/1352/474 723/1353/474 724/1354/474
f 725/1355/475 726/1356/476 727/1357/476
f 728/1358/477 729/1359/478 730/1360/478
f 731/1361/479 732/1362/480 733/1363/480
f 734/1364/481 735/1365/482 736/1366/483
f 737/1367/484 738/1368/485 739/1369/486
f 740/1370/487 741/1371/488 742/1372/489
f 743/1373/490 744/1374/491 745/1375/492
f 746/1376/493 747/1377/494 748/1378/495
f 749/1379/496 750/1380/497 751/1381/498
f 752/1382/499 753/1383/500 754/1384/501
f 755/1385/502 756/1386/503 757/1387/504
f 758/1388/505 759/1389/506 760/1390/507
f 761/1391/508 762/1392/509 763/1393/510
f 764/1394/511 765/1395/512 766/1396/513
f 767/1397/514 768/1398/515 769/1399/516
f 770/1400/517 771/1401/518 772/1402/519
f 773/1403/520 774/1404/521 775/1405/522
f 776/1406/523 777/1407/524 778/1408/525
f 779/1409/526 780/1410/527 781/1411/528
f 782/1412/529 783/1413/530 784/1414/531
f 785/1415/532 786/1416/533 787/1417/534
f 788/1418/535 789/1419/536 790/1420/537
f 791/1421/538 792/1422/539 793/1423/540
f 794/1424/541 795/1425/542 796/1426/543
f 797/1427/544 798/1428/545 799/1429/546
f 800/1430/547 801/1431/548 802/1432/549
f 803/1433/550 804/1434/551 805/1435/552
f 806/1436/553 807/1437/554 808/1438/555
f 809/1439/556 810/1440/557 811/1441/558
f 812/1442/559 813/1443/560 814/1444/561
f 815/1445/562 816/1446/563 817/1447/564
f 818/1448/565 819/1449/566 820/1450/567
f 821/1451/568 822/1452/569 823/1453/570
f 824/1454/571 825/1455/572 826/1456/573
f 827/1457/574 828/1458/575 829/1459/576
f 830/1460/577 831/1461/578 832/1462/579
f 833/1463/580 834/1464/581 835/1465/582
f 836/1466/583 837/1467/584 838/1468/585
f 839/1469/586 840/1470/587 841/1471/588
f 842/1472/589 843/1473/590 844/1474/591
f 845/1475/592 846/1476/593 847/1477/594
f 848/1478/595 849/1479/596 850/1480/597
f 851/1481/598 852/1482/599 853/1483/600
f 854/1484/601 855/1485/602 856/1486/603
f 857/1487/604 858/1488/605 859/1489/606
f 860/1490/607 861/1491/608 862/1492/609
f 863/1493/610 864/1494/611 865/1495/612
f 866/1496/613 867/1497/614 868/1498/615
f 869/1499/616 870/1500/617 871/1501/618
f 872/1502/619 873/1503/620 874/1504/621
f 875/1505/622 876/1506/623 877/1507/624
f 878/1508/625 879/1509/626 880/1510/627
f 881/1511/628 882/1512/629 883/1513/630
f 884/1514/631 885/1515/632 886/1516/633
f 887/1517/634 888/1518/635 889/1519/636
f 890/1520/637 891/1521/638 892/1522/639
f 893/1523/640 894/1524/641 895/1525/642
f 896/1526/643 897/1527/644 898/1528/645
f 899/1529/646 900/1530/647 901/1531/648
f 902/1532/649 903/1533/650 904/1534/651
f 905/1535/652 906/1536/653 907/1537/654
f 908/1538/655 909/1539/656 910/1540/657
f 911/1541/658 912/1542/659 913/1543/660
f 914/1544/661 915/1545/662 916/1546/663
f 917/1547/664 918/1548/665 919/1549/666
f 920/1550/667 921/1551/668 922/1552/669
f 923/1553/670 924/1554/671 925/1555/672
f 926/1556/673 927/1557/674 928/1558/675
f 929/1559/676 930/1560/677 931/1561/678
f 932/1562/679 933/1563/680 934/1564/681
f 935/1565/682 936/1566/683 937/1567/684
f 938/1568/685 939/1569/686 940/1570/687
f 941/1571/688 942/1572/689 943/1573/690
f 944/1574/691 945/1575/692 946/1576/693
f 947/1577/694 948/1578/695 949/1579/696
f 950/1580/697 951/1581/698 952/1582/699
f 953/1583/700 954/1584/701 955/1585/702
f 956/1586/703 957/1587/704 958/1588/705
f 959/1589/706 960/1590/707 961/1591/708
f 962/1592/709 963/1593/710 964/1594/711
f 965/1595/712 966/1596/713 967/1597/714
f 968/1598/715 969/1599/716 970/1600/717
f 971/1601/718 972/1602/719 973/1603/720
f 974/1604/721 975/1605/722 976/1606/723
f 1/1/1 9/1607/1 2/2/2
f 2/4/4 9/1608/11 4/5/5
f 5/7/6 4/1609/7 6/8/7
f 6/10/8 1/1610/8 3/11/9
f 8/13/10 13/1611/10 9/14/1
f 9/16/11 13/1612/12 10/17/12
f 4/18/7 10/17/13 11/19/13
f 11/21/14 8/13/14 1/15/8
f 12/23/15 17/36/15 13/24/10
f 13/26/12 17/38/16 14/27/16
f 10/29/13 14/40/17 15/30/17
f 15/32/18 12/42/18 8/33/14
f 12/23/15 19/1613/19 16/35/19
f 16/37/20 18/1614/20 14/27/16
f 18/39/21 22/50/21 15/30/17
f 15/32/18 22/1615/22 19/41/22
f 19/43/19 23/52/23 20/44/23
f 20/46/24 21/1616/24 18/47/20
f 21/49/25 26/1617/25 22/50/21
f 22/51/22 26/1618/26 23/52/26
f 23/53/23 27/65/31 24/54/27
f 24/56/28 25/66/28 21/57/24
f 25/59/29 28/67/29 26/60/25
f 26/62/26 28/68/30 27/63/30
f 27/65/31 3/3/3 2/2/2
f 2/4/4 5/6/4 25/66/28
f 5/7/6 7/9/6 28/67/29
f 28/68/30 7/12/9 3/11/9
f 29/69/32 37/82/32 30/70/33
f 30/72/34 37/83/35 32/73/35
f 33/75/36 32/85/37 34/76/37
f 34/78/38 29/88/38 31/79/39
f 36/81/40 41/1619/40 37/82/32
f 37/83/35 41/1620/45 38/84/41
f 32/85/37 38/1621/48 39/86/42
f 39/87/43 36/1622/43 29/88/38
f 40/89/44 45/102/44 41/90/40
f 41/92/45 45/103/51 42/93/46
f 42/95/47 43/106/54 39/96/42
f 43/98/49 40/108/49 36/99/43
f 40/89/44 48/1623/50 44/101/50
f 45/103/51 44/112/52 46/104/52
f 46/105/53 47/1624/53 43/106/54
f 47/107/55 48/118/55 40/108/49
f 48/109/50 52/1625/56 49/110/56
f 44/112/52 49/1626/57 50/113/57
f 50/114/58 51/1627/58 47/115/53
f 51/117/59 52/1628/59 48/118/55
f 52/119/56 55/131/60 53/120/60
f 53/122/61 54/133/61 50/123/57
f 54/125/62 56/134/62 51/126/58
f 51/128/59 56/136/63 55/129/63
f 55/131/60 31/71/33 30/70/33
f 53/122/61 30/1629/34 33/132/34
f 33/75/36 35/77/36 56/134/62
f 35/135/39 31/1630/39 55/129/63
f 57/137/1 65/1631/1 58/138/2
f 58/140/4 65/1632/11 60/141/5
f 61/143/6 60/1633/65 62/144/65
f 62/146/67 57/1634/67 59/147/9
f 64/149/10 69/1635/10 65/150/1
f 65/152/11 69/1636/12 66/153/12
f 60/154/65 66/153/13 67/155/13
f 67/157/14 64/149/14 57/151/67
f 68/159/15 73/172/15 69/160/10
f 69/162/12 73/174/16 70/163/16
f 66/165/13 70/176/17 71/166/17
f 71/168/18 68/178/18 64/169/14
f 68/159/15 75/1637/19 72/171/19
f 72/173/20 74/1638/20 70/163/16
f 74/175/21 78/186/21 71/166/17
f 71/168/18 78/1639/22 75/177/22
f 75/179/19 79/188/23 76/180/23
f 76/182/24 77/1640/24 74/183/20
f 77/185/25 82/1641/25 78/186/21
f 78/187/22 82/1642/26 79/188/26
f 79/189/23 83/201/31 80/190/31
f 80/192/28 81/202/28 77/193/24
f 81/195/68 84/203/68 82/196/25
f 82/198/26 84/204/69 83/199/69
f 83/201/31 59/139/2 58/138/2
f 58/140/4 61/142/64 81/202/28
f 61/143/6 63/145/66 84/203/68
f 84/204/69 63/148/9 59/147/9
f 85/205/32 93/218/32 86/206/33
f 86/208/34 93/219/71 88/209/70
f 89/211/36 88/221/37 90/212/37
f 90/214/38 85/224/38 87/215/39
f 92/217/40 97/1643/40 93/218/32
f 93/219/71 97/1644/72 94/220/41
f 88/221/37 94/1645/48 95/222/42
f 95/223/43 92/1646/43 85/224/38
f 96/225/44 101/238/44 97/226/40
f 97/228/72 101/239/51 98/229/46
f 98/231/54 99/242/54 95/232/42
f 99/234/73 96/244/49 92/235/43
f 96/225/44 104/1647/50 100/237/50
f 101/239/51 100/248/52 102/240/52
f 102/241/53 103/1648/53 99/242/54
f 103/243/55 104/254/55 96/244/49
f 104/245/50 108/1649/56 105/246/56
f 100/248/52 105/1650/57 106/249/57
f 106/250/58 107/1651/58 103/251/53
f 107/253/59 108/1652/59 104/254/55
f 108/255/56 111/267/60 109/256/60
f 109/258/61 110/269/61 106/259/57
f 110/261/62 112/270/62 107/262/58
f 107/264/59 112/272/63 111/265/63
f 111/267/60 87/207/33 86/206/33
f 109/258/61 86/1653/34 89/268/34
f 89/211/36 91/213/36 112/270/62
f 91/271/39 87/1654/39 111/265/63
f 113/273/74 121/1655/1 114/274/2
f 114/276/4 121/1656/11 116/277/75
f 117/279/6 116/1657/7 118/280/7
f 118/282/8 113/1658/67 115/283/9
f 120/285/10 125/1659/10 121/286/1
f 121/288/11 125/1660/12 122/289/12
f 116/290/7 122/289/13 123/291/13
f 123/293/14 120/285/14 113/287/67
f 124/295/15 129/308/15 125/296/10
f 125/298/12 129/310/16 126/299/16
f 122/301/13 126/312/17 127/302/17
f 127/304/18 124/314/18 120/305/14
f 124/295/15 131/1661/19 128/307/19
f 128/309/20 130/1662/20 126/299/16
f 130/311/21 134/322/21 127/302/17
f 127/304/18 134/1663/22 131/313/22
f 131/315/19 135/324/23 132/316/23
f 132/318/24 133/1664/24 130/319/20
f 133/321/25 138/1665/25 134/322/21
f 134/323/22 138/1666/26 135/324/26
f 135/325/23 139/337/31 136/326/31
f 136/328/76 137/338/76 133/329/24
f 137/331/68 140/339/68 138/332/25
f 138/334/26 140/340/30 139/335/30
f 139/337/31 115/275/2 114/274/2
f 114/276/4 117/278/4 137/338/76
f 117/279/6 119/281/66 140/339/68
f 140/340/30 119/284/9 115/283/9
f 141/341/32 149/354/32 142/342/33
f 142/344/34 149/355/71 144/345/70
f 145/347/36 144/357/37 146/348/37
f 146/350/38 141/360/38 143/351/39
f 148/353/40 153/1667/40 149/354/32
f 149/355/71 153/1668/72 150/356/41
f 144/357/37 150/1669/48 151/358/48
f 151/359/43 148/1670/43 141/360/38
f 152/361/44 157/374/44 153/362/40
f 153/364/72 157/375/51 154/365/46
f 154/367/47 155/378/54 151/368/48
f 155/370/73 152/380/73 148/371/43
f 152/361/44 160/1671/50 156/373/50
f 157/375/51 156/384/52 158/376/52
f 158/377/53 159/1672/53 155/378/54
f 159/379/55 160/390/55 152/380/73
f 160/381/50 164/1673/56 161/382/56
f 156/384/52 161/1674/57 162/385/57
f 162/386/58 163/1675/58 159/387/53
f 163/389/59 164/1676/59 160/390/55
f 164/391/56 167/403/60 165/392/60
f 165/394/61 166/405/61 162/395/57
f 166/397/62 168/406/62 163/398/58
f 163/400/59 168/408/63 167/401/63
f 167/403/60 143/343/33 142/342/33
f 165/394/61 142/1677/34 145/404/34
f 145/347/36 147/349/36 168/406/62
f 147/407/39 143/1678/39 167/401/63
f 169/409/77 175/1679/78 170/410/78
f 170/412/80 173/1680/80 172/413/81
f 173/415/82 178/1681/82 174/416/83
f 174/418/84 178/1682/85 175/419/85
f 175/421/78 179/430/86 176/422/86
f 176/424/87 177/427/87 173/425/80
f 177/427/88 182/1683/88 178/428/82
f 178/429/85 182/1684/89 179/430/89
f 179/431/86 183/443/90 180/432/90
f 180/434/91 181/446/91 177/435/87
f 181/437/92 186/448/92 182/438/88
f 182/440/89 186/449/93 183/441/93
f 183/443/90 187/451/94 184/444/94
f 184/445/95 185/454/95 181/446/91
f 185/447/96 191/456/96 186/448/92
f 186/449/93 191/458/97 187/450/97
f 187/451/94 193/1685/98 188/452/98
f 184/445/95 188/1686/99 189/453/99
f 185/447/96 189/1687/104 190/455/100
f 190/457/101 193/1688/101 187/450/97
f 192/459/102 196/1689/102 188/460/98
f 188/462/99 196/1690/107 194/463/103
f 189/464/104 194/463/105 195/465/105
f 195/467/106 192/459/108 193/461/101
f 169/409/77 171/411/79 196/469/102
f 196/471/107 171/414/81 172/413/81
f 194/473/105 172/417/83 174/416/83
f 174/418/84 169/420/84 192/475/108
f 197/477/109 203/489/110 198/478/110
f 198/480/111 201/492/111 200/481/112
f 201/483/113 206/1691/113 202/484/114
f 202/486/116 206/494/117 203/487/117
f 203/489/110 207/1692/122 204/490/118
f 204/491/119 205/1693/119 201/492/111
f 205/493/120 210/504/120 206/494/113
f 206/494/117 210/504/121 207/496/121
f 207/497/122 213/509/128 208/498/123
f 204/500/119 208/1694/124 209/501/124
f 209/503/125 211/513/125 210/504/120
f 211/505/126 213/515/126 207/506/121
f 212/508/127 214/510/127 208/498/123
f 214/510/129 218/1695/129 209/511/124
f 209/503/125 218/522/130 215/512/130
f 211/505/126 215/1696/131 212/514/131
f 216/516/132 221/1697/132 214/517/127
f 214/519/129 221/1698/137 217/520/133
f 218/522/130 217/1699/134 219/523/134
f 219/524/135 216/516/135 212/518/131
f 220/526/136 224/538/136 221/527/132
f 221/529/137 224/539/138 222/530/138
f 217/532/134 222/540/139 223/533/139
f 223/535/140 220/542/140 216/536/135
f 220/526/136 197/1700/109 199/537/109
f 199/482/112 200/481/112 222/530/138
f 222/540/139 200/1701/115 202/541/114
f 223/535/140 202/486/116 197/488/116
f 225/543/77 231/1702/141 226/544/141
f 226/546/80 229/1703/80 228/547/81
f 229/549/82 234/1704/82 230/550/83
f 230/552/84 234/1705/85 231/553/85
f 231/555/141 235/564/144 232/556/86
f 232/558/87 233/561/87 229/559/80
f 233/561/143 238/1706/143 234/562/82
f 234/563/85 238/1707/89 235/564/89
f 235/565/144 239/577/90 236/566/90
f 236/568/91 237/580/91 233/569/87
f 237/571/92 242/582/92 238/572/143
f 238/574/89 242/583/93 239/575/93
f 239/577/90 243/586/94 240/578/94
f 240/579/95 241/588/145 237/580/91
f 241/581/96 247/590/96 242/582/92
f 242/583/93 247/592/97 243/584/97
f 244/585/98 249/1708/98 240/578/94
f 240/579/95 249/1709/99 245/587/99
f 241/581/96 245/1710/104 246/589/104
f 246/591/101 244/1711/101 243/584/97
f 248/593/102 252/1712/102 249/594/98
f 249/596/99 252/1713/107 250/597/107
f 245/598/104 250/597/105 251/599/105
f 251/601/146 248/593/146 244/595/101
f 225/543/77 227/545/77 252/603/102
f 252/605/107 227/548/142 228/547/81
f 250/607/105 228/551/83 230/550/83
f 230/552/84 225/554/84 248/609/146
f 253/611/109 259/623/147 254/612/147
f 254/614/111 257/626/111 256/615/112
f 257/617/148 262/1714/148 258/618/114
f 258/620/116 262/628/117 259/621/117
f 259/623/147 263/1715/122 260/624/118
f 260/625/119 261/1716/150 257/626/111
f 261/627/149 266/638/151 262/628/148
f 262/628/117 266/638/121 263/630/121
f 263/631/122 269/643/123 264/632/123
f 260/634/119 264/1717/124 265/635/124
f 265/637/125 267/647/152 266/638/151
f 267/639/126 269/649/126 263/640/121
f 268/642/127 270/644/127 264/632/123
f 270/644/129 274/1718/129 265/645/124
f 265/637/125 274/656/130 271/646/130
f 267/639/126 271/1719/131 268/648/131
f 272/650/132 277/1720/132 270/651/127
f 270/653/129 277/1721/137 273/654/153
f 274/656/130 273/1722/155 275/657/134
f 275/658/135 272/650/156 268/652/131
f 276/660/136 280/672/136 277/661/132
f 277/663/137 280/673/154 278/664/154
f 273/666/155 278/674/139 279/667/139
f 279/669/140 276/676/157 272/670/156
f 276/660/136 253/1723/109 255/671/109
f 255/616/112 256/615/112 278/664/154
f 278/674/139 256/1724/114 258/675/114
f 279/669/140 258/620/116 253/622/116
f 281/677/77 287/1725/141 282/678/141
f 282/680/80 285/1726/80 284/681/81
f 285/683/82 290/1727/82 286/684/83
f 286/686/84 290/1728/85 287/687/85
f 287/689/141 291/698/86 288/690/158
f 288/692/87 289/695/87 285/693/80
f 289/695/88 294/1729/143 290/696/82
f 290/697/85 294/1730/159 291/698/89
f 291/699/86 295/711/90 292/700/90
f 292/702/91 293/714/91 289/703/87
f 293/705/92 298/716/160 294/706/143
f 294/708/159 298/717/93 295/709/93
f 295/711/90 299/720/94 296/712/94
f 296/713/95 297/722/95 293/714/91
f 297/715/96 303/724/96 298/716/160
f 298/717/93 303/726/97 299/718/97
f 300/719/98 305/1731/98 296/712/94
f 296/713/95 305/1732/99 301/721/99
f 297/715/96 301/1733/104 302/723/104
f 302/725/101 300/1734/101 299/718/97
f 304/727/102 308/1735/102 305/728/98
f 305/730/99 308/1736/107 306/731/103
f 301/732/104 306/731/105 307/733/105
f 307/735/161 304/727/146 300/729/101
f 281/677/77 283/679/77 308/737/102
f 308/739/107 283/682/81 284/681/81
f 306/741/105 284/685/83 286/684/83
f 286/686/84 281/688/84 304/743/146
f 309/745/109 315/757/147 310/746/147
f 310/748/111 313/760/111 312/749/112
f 313/751/148 318/1737/113 314/752/114
f 314/754/116 318/762/117 315/755/117
f 315/757/147 319/1738/118 316/758/118
f 316/759/119 317/1739/150 313/760/111
f 317/761/149 322/772/151 318/762/113
f 318/762/117 322/772/162 319/764/121
f 319/765/118 325/777/123 320/766/123
f 316/768/119 320/1740/124 321/769/124
f 321/771/125 323/781/152 322/772/151
f 323/773/126 325/783/126 319/774/121
f 324/776/127 326/778/127 320/766/123
f 326/778/129 330/1741/129 321/779/124
f 321/771/125 330/790/130 327/780/130
f 323/773/126 327/1742/131 324/782/131
f 328/784/132 333/1743/132 326/785/127
f 326/787/129 333/1744/137 329/788/153
f 330/790/130 329/1745/134 331/791/134
f 331/792/135 328/784/156 324/786/131
f 332/794/136 336/806/136 333/795/132
f 333/797/137 336/807/154 334/798/154
f 329/800/134 334/808/139 335/801/139
f 335/803/140 332/810/140 328/804/156
f 332/794/136 309/1746/109 311/805/109
f 311/750/112 312/749/112 334/798/154
f 334/808/139 312/1747/114 314/809/114
f 314/754/116 309/756/116 332/810/140
f 337/811/163 345/824/163 338/812/164
f 338/814/165 345/826/166 340/815/166
f 341/817/167 340/828/168 342/818/168
f 342/820/169 337/830/169 339/821/170
f 337/811/163 348/1748/171 344/823/171
f 344/825/172 346/1749/172 340/815/166
f 346/827/173 347/1750/173 342/818/168
f 347/829/174 348/1751/174 337/830/169
f 348/831/171 351/840/175 349/832/175
f 349/834/176 350/837/176 346/835/172
f 350/837/177 355/1752/177 347/838/173
f 347/839/174 355/1753/178 351/840/178
f 352/841/179 353/854/179 349/842/175
f 353/844/180 358/856/180 350/845/176
f 350/847/177 358/858/181 354/848/181
f 355/850/178 354/860/182 352/851/182
f 352/841/179 361/1754/183 356/853/183
f 353/844/180 356/865/184 357/855/184
f 357/857/185 359/867/185 354/848/181
f 359/859/186 361/1755/186 352/851/182
f 360/861/187 362/1756/187 356/862/183
f 362/864/188 364/1757/191 357/855/184
f 357/857/185 364/1758/189 363/866/189
f 359/868/186 363/1759/192 360/861/190
f 339/813/164 338/812/164 362/869/187
f 338/814/165 341/816/165 364/871/191
f 364/873/189 341/817/167 343/819/167
f 363/875/192 343/822/170 339/821/170
f 365/877/193 373/890/194 366/878/194
f 367/880/195 366/1760/196 368/881/196
f 368/883/197 371/895/197 370/884/198
f 371/886/199 373/1761/199 365/887/200
f 372/889/201 374/1762/201 366/878/194
f 374/891/202 378/903/207 368/892/196
f 368/883/197 378/1763/203 375/894/203
f 371/896/199 375/908/204 372/897/204
f 372/899/201 381/910/205 376/900/205
f 374/891/202 376/1764/206 377/902/206
f 377/904/208 379/915/208 375/905/203
f 379/907/209 381/917/209 372/897/204
f 380/909/210 385/919/210 376/900/205
f 376/911/206 385/920/215 382/912/211
f 382/914/212 383/923/212 379/915/208
f 383/916/213 380/1765/213 381/917/209
f 380/909/210 388/1766/214 384/918/214
f 385/920/215 384/930/216 386/921/216
f 386/922/217 387/1767/217 383/923/212
f 387/924/218 388/936/218 380/925/213
f 388/927/214 392/938/219 389/928/219
f 384/930/216 389/1768/220 390/931/220
f 390/932/221 391/942/221 387/933/217
f 391/935/222 392/1769/222 388/936/218
f 365/937/193 367/1770/193 389/928/219
f 367/880/195 369/882/195 390/939/220
f 369/941/198 370/1771/198 391/942/221
f 391/943/222 370/888/200 365/887/200
f 393/945/163 401/958/225 394/946/223
f 394/948/165 401/960/166 396/949/166
f 397/951/224 396/962/168 398/952/168
f 398/954/169 393/964/169 395/955/170
f 393/945/163 404/1772/171 400/957/171
f 400/959/172 402/1773/172 396/949/166
f 402/961/173 403/1774/173 398/952/168
f 403/963/174 404/1775/174 393/964/169
f 404/965/171 407/974/175 405/966/175
f 405/968/176 406/971/176 402/969/172
f 406/971/177 411/1776/177 403/972/173
f 403/973/174 411/1777/178 407/974/226
f 408/975/179 409/988/179 405/976/175
f 409/978/180 414/990/180 406/979/176
f 406/981/177 414/992/181 410/982/181
f 411/984/178 410/994/182 408/985/182
f 408/975/179 417/1778/183 412/987/183
f 409/978/180 412/999/184 413/989/184
f 413/991/185 415/1001/185 410/982/181
f 415/993/186 417/1779/186 408/985/182
f 416/995/187 418/1780/187 412/996/183
f 418/998/188 420/1781/188 413/989/184
f 413/991/185 420/1782/189 419/1000/189
f 415/1002/186 419/1783/190 416/995/192
f 395/947/223 394/946/223 418/1003/187
f 394/948/165 397/950/165 420/1005/188
f 420/1007/189 397/951/224 399/953/224
f 419/1009/190 399/956/170 395/955/170
f 421/1011/193 429/1024/194 422/1012/194
f 423/1014/195 422/1784/196 424/1015/227
f 424/1017/197 427/1029/197 426/1018/198
f 427/1020/199 429/1785/199 421/1021/200
f 428/1023/201 430/1786/201 422/1012/194
f 430/1025/202 434/1037/207 424/1026/227
f 424/1017/197 434/1787/203 431/1028/203
f 427/1030/199 431/1042/204 428/1031/204
f 428/1033/201 437/1044/205 432/1034/205
f 430/1025/202 432/1788/206 433/1036/206
f 433/1038/208 435/1049/208 431/1039/203
f 435/1041/209 437/1051/209 428/1031/204
f 436/1043/210 441/1053/210 432/1034/205
f 432/1045/206 441/1054/215 438/1046/215
f 438/1048/212 439/1057/212 435/1049/208
f 439/1050/228 436/1789/228 437/1051/209
f 436/1043/210 444/1790/214 440/1052/214
f 441/1054/215 440/1064/216 442/1055/216
f 442/1056/217 443/1791/217 439/1057/212
f 443/1058/218 444/1070/218 436/1059/228
f 444/1061/214 448/1072/219 445/1062/219
f 440/1064/216 445/1792/220 446/1065/220
f 446/1066/221 447/1076/221 443/1067/217
f 447/1069/222 448/1793/222 444/1070/218
f 421/1071/193 423/1794/193 445/1062/219
f 423/1014/195 425/1016/195 446/1073/220
f 425/1075/198 426/1795/198 447/1076/221
f 447/1077/222 426/1022/200 421/1021/200
f 449/1079/229 977/1796/724 450/1080/230
f 452/1082/232 978/1797/725 453/1083/233
f 455/1085/235 979/1798/726 456/1086/236
f 458/1088/238 980/1799/727 459/1089/239
f 461/1091/241 981/1800/728 462/1092/242
f 464/1094/244 982/1801/729 465/1095/245
f 467/1097/247 983/1802/730 468/1098/248
f 470/1100/250 984/1803/731 471/1101/251
f 473/1103/253 985/1804/732 474/1104/254
f 476/1106/256 986/1805/733 477/1107/257
f 479/1109/259 987/1806/734 480/1110/260
f 482/1112/262 988/1807/735 483/1113/263
f 485/1115/265 989/1808/736 486/1116/266
f 488/1118/268 990/1809/737 489/1119/269
f 491/1121/271 991/1810/738 492/1122/272
f 494/1124/274 992/1811/739 495/1125/275
f 497/1127/277 993/1812/740 498/1128/278
f 500/1130/280 994/1813/741 501/1131/281
f 503/1133/283 995/1814/742 504/1134/284
f 506/1136/286 996/1815/743 507/1137/287
f 509/1139/289 997/1816/289 510/1140/290
f 512/1142/292 998/1817/744 513/1143/293
f 515/1145/295 999/1818/745 516/1146/296
f 518/1148/298 1000/1819/746 519/1149/299
f 521/1151/301 1001/1820/747 522/1152/302
f 524/1154/304 1002/1821/748 525/1155/305
f 527/1157/307 1003/1822/749 528/1158/308
f 530/1160/310 1004/1823/750 531/1161/311
f 533/1163/313 1005/1824/751 534/1164/314
f 536/1166/316 1006/1825/752 537/1167/317
f 539/1169/319 1007/1826/753 540/1170/320
f 542/1172/322 1008/1827/754 543/1173/323
f 545/1175/325 1009/1828/755 546/1176/326
f 548/1178/328 1010/1829/756 549/1179/329
f 551/1181/331 1011/1830/757 552/1182/332
f 554/1184/334 1012/1831/758 555/1185/335
f 557/1187/337 1013/1832/759 558/1188/338
f 560/1190/340 1014/1833/760 561/1191/341
f 563/1193/343 1015/1834/761 564/1194/344
f 566/1196/346 1016/1835/762 567/1197/347
f 569/1199/349 1017/1836/763 570/1200/350
f 572/1202/351 1018/1837/764 573/1203/352
f 575/1205/353 1019/1838/765 576/1206/354
f 578/1208/356 1020/1839/766 579/1209/357
f 581/1211/359 1021/1840/767 582/1212/360
f 584/1214/362 1022/1841/768 585/1215/363
f 587/1217/365 1023/1842/769 588/1218/366
f 590/1220/368 1024/1843/770 591/1221/369
f 593/1223/371 1025/1844/371 594/1224/372
f 596/1226/373 1026/1845/771 597/1227/374
f 599/1229/376 1027/1846/772 600/1230/377
f 602/1232/379 1028/1847/773 603/1233/380
f 605/1235/381 1029/1848/774 606/1236/382
f 608/1238/384 1030/1849/775 609/1239/385
f 611/1241/387 1031/1850/388 612/1242/388
f 614/1244/390 1032/1851/776 615/1245/391
f 617/1247/392 1033/1852/777 618/1248/392
f 620/1250/393 1034/1853/393 621/1251/394
f 623/1253/396 1035/1854/778 624/1254/397
f 626/1256/398 1036/1855/398 627/1257/399
f 629/1259/400 1037/1856/401 630/1260/401
f 632/1262/402 1038/1857/402 633/1263/402
f 635/1265/404 1039/1858/405 636/1266/405
f 638/1268/407 1040/1859/407 639/1269/408
f 641/1271/410 1041/1860/779 642/1272/411
f 644/1274/413 1042/1861/780 645/1275/414
f 647/1277/416 1043/1862/417 648/1278/417
f 650/1280/418 1044/1863/418 651/1281/419
f 653/1283/420 1045/1864/420 654/1284/421
f 656/1286/422 1046/1865/781 657/1287/423
f 659/1289/425 1047/1866/782 660/1290/426
f 662/1292/428 1048/1867/429 663/1293/429
f 665/1295/431 1049/1868/783 666/1296/431
f 668/1298/432 1050/1869/432 669/1299/432
f 671/1301/434 1051/1870/434 672/1302/435
f 674/1304/436 1052/1871/784 675/1305/437
f 677/1307/439 1053/1872/440 678/1308/440
f 680/1310/441 1054/1873/785 681/1311/442
f 683/1313/443 1055/1874/444 684/1314/444
f 686/1316/446 1056/1875/446 687/1317/447
f 689/1319/448 1057/1876/448 690/1320/449
f 692/1322/451 1058/1877/451 693/1323/452
f 695/1325/453 1059/1878/786 696/1326/454
f 698/1328/456 1060/1879/456 699/1329/456
f 701/1331/457 1061/1880/787 702/1332/458
f 704/1334/459 1062/1881/788 705/1335/460
f 707/1337/462 1063/1882/462 708/1338/463
f 710/1340/465 1064/1883/466 711/1341/466
f 713/1343/467 1065/1884/789 714/1344/468
f 716/1346/469 1066/1885/470 717/1347/470
f 719/1349/472 1067/1886/473 720/1350/473
f 722/1352/474 1068/1887/474 723/1353/474
f 725/1355/475 1069/1888/475 726/1356/476
f 728/1358/477 1070/1889/790 729/1359/478
f 731/1361/479 1071/1890/479 732/1362/480
f 734/1364/481 1072/1891/791 735/1365/482
f 737/1367/484 1073/1892/792 738/1368/485
f 740/1370/487 1074/1893/793 741/1371/488
f 743/1373/490 1075/1894/794 744/1374/491
f 746/1376/493 1076/1895/795 747/1377/494
f 749/1379/496 1077/1896/796 750/1380/497
f 752/1382/499 1078/1897/797 753/1383/500
f 755/1385/502 1079/1898/798 756/1386/503
f 758/1388/505 1080/1899/799 759/1389/506
f 761/1391/508 1081/1900/800 762/1392/509
f 764/1394/511 1082/1901/801 765/1395/512
f 767/1397/514 1083/1902/802 768/1398/515
f 770/1400/517 1084/1903/803 771/1401/518
f 773/1403/520 1085/1904/804 774/1404/521
f 776/1406/523 1086/1905/805 777/1407/524
f 779/1409/526 1087/1906/806 780/1410/527
f 782/1412/529 1088/1907/807 783/1413/530
f 785/1415/532 1089/1908/808 786/1416/533
f 788/1418/535 1090/1909/809 789/1419/536
f 791/1421/538 1091/1910/810 792/1422/539
f 794/1424/541 1092/1911/811 795/1425/542
f 797/1427/544 1093/1912/812 798/1428/545
f 800/1430/547 1094/1913/813 801/1431/548
f 803/1433/550 1095/1914/814 804/1434/551
f 806/1436/553 1096/1915/815 807/1437/554
f 809/1439/556 1097/1916/816 810/1440/557
f 812/1442/559 1098/1917/817 813/1443/560
f 815/1445/562 1099/1918/818 816/1446/563
f 818/1448/565 1100/1919/819 819/1449/566
f 821/1451/568 1101/1920/820 822/1452/569
f 824/1454/571 1102/1921/821 825/1455/572
f 827/1457/574 1103/1922/822 828/1458/575
f 830/1460/577 1104/1923/823 831/1461/578
f 833/1463/580 1105/1924/824 834/1464/581
f 836/1466/583 1106/1925/825 837/1467/584
f 839/1469/586 1107/1926/826 840/1470/587
f 842/1472/589 1108/1927/827 843/1473/590
f 845/1475/592 1109/1928/828 846/1476/593
f 848/1478/595 1110/1929/829 849/1479/596
f 851/1481/598 1111/1930/830 852/1482/599
f 854/1484/601 1112/1931/831 855/1485/602
f 857/1487/604 1113/1932/832 858/1488/605
f 860/1490/607 1114/1933/833 861/1491/608
f 863/1493/610 1115/1934/834 864/1494/611
f 866/1496/613 1116/1935/835 867/1497/614
f 869/1499/616 1117/1936/836 870/1500/617
f 872/1502/619 1118/1937/837 873/1503/620
f 875/1505/622 1119/1938/838 876/1506/623
f 878/1508/625 1120/1939/839 879/1509/626
f 881/1511/628 1121/1940/840 882/1512/629
f 884/1514/631 1122/1941/841 885/1515/632
f 887/1517/634 1123/1942/842 888/1518/635
f 890/1520/637 1124/1943/843 891/1521/638
f 893/1523/640 1125/1944/844 894/1524/641
f 896/1526/643 1126/1945/845 897/1527/644
f 899/1529/646 1127/1946/846 900/1530/647
f 902/1532/649 1128/1947/847 903/1533/650
f 905/1535/652 1129/1948/848 906/1536/653
f 908/1538/655 1130/1949/849 909/1539/656
f 911/1541/658 1131/1950/850 912/1542/659
f 914/1544/661 1132/1951/851 915/1545/662
f 917/1547/664 1133/1952/852 918/1548/665
f 920/1550/667 1134/1953/853 921/1551/668
f 923/1553/670 1135/1954/854 924/1554/671
f 926/1556/673 1136/1955/855 927/1557/674
f 929/1559/676 1137/1956/856 930/1560/677
f 932/1562/679 1138/1957/857 933/1563/680
f 935/1565/682 1139/1958/858 936/1566/683
f 938/1568/685 1140/1959/859 939/1569/686
f 941/1571/688 1141/1960/860 942/1572/689
f 944/1574/691 1142/1961/861 945/1575/692
f 947/1577/694 1143/1962/862 948/1578/695
f 950/1580/697 1144/1963/863 951/1581/698
f 953/1583/700 1145/1964/864 954/1584/701
f 956/1586/703 1146/1965/865 957/1587/704
f 959/1589/706 1147/1966/866 960/1590/707
f 962/1592/709 1148/1967/867 963/1593/710
f 965/1595/712 1149/1968/868 966/1596/713
f 968/1598/715 1150/1969/869 969/1599/716
f 971/1601/718 1151/1970/870 972/1602/719
f 974/1604/721 1152/1971/871 975/1605/722
