# JIB VI - the dark parts, as a standalone mesh.
#
# One file per material rather than one library addressed with `#group`:
# selecting a group recentres it on its own bounding box, which takes a
# model apart when the library IS one model. A whole-file import keeps
# the authored coordinates. See loom_asset/src/mesh.rs:268.
v -6.293000 2.625000 -1.125000
v -6.335000 2.625000 1.125000
v -6.335000 2.625000 -1.125000
v -6.293000 2.975000 1.125000
v -6.335000 2.975000 -1.125000
v -6.335000 2.975000 1.125000
v -6.293000 2.625000 1.125000
v -6.293000 2.975000 -1.125000
v -6.347000 2.755757 0.398321
v -6.347000 2.722100 0.398321
v -6.347000 2.747735 0.405390
v -6.347000 2.716781 0.406139
v -6.347000 2.712479 0.414175
v -6.347000 2.735807 0.421020
v -6.347000 2.741070 0.412979
v -6.347000 2.845600 0.397236
v -6.347000 2.823717 0.403167
v -6.347000 2.849128 0.421936
v -6.347000 2.859720 0.399041
v -6.347000 2.865007 0.430180
v -6.347000 2.868309 0.436050
v -6.347000 2.888888 0.423775
v -6.347000 2.705000 0.450164
v -6.347000 2.728886 0.447179
v -6.347000 2.705456 0.440424
v -6.347000 2.729670 0.438188
v -6.347000 2.706840 0.431235
v -6.347000 2.731992 0.429445
v -6.347000 2.870390 0.443141
v -6.347000 2.893433 0.437479
v -6.347000 2.709173 0.422513
v -6.347000 2.794232 0.437271
v -6.347000 2.822066 0.442695
v -6.347000 2.807339 0.417995
v -6.347000 2.833916 0.427867
v -6.347000 2.855281 0.422920
v -6.347000 2.871798 0.404263
v -6.347000 2.860619 0.425736
v -6.347000 2.881598 0.412605
v -6.347000 2.895000 0.453421
v -6.347000 2.871114 0.451250
v -6.347000 2.870723 0.457709
v -6.347000 2.894638 0.460474
v -6.347000 2.706703 0.464372
v -6.347000 2.732646 0.464158
v -6.347000 2.729898 0.456573
v -6.347000 2.869436 0.464560
v -6.347000 2.893552 0.467496
v -6.347000 2.729288 0.495201
v -6.347000 2.741410 0.500240
v -6.347000 2.746918 0.476508
v -6.347000 2.752228 0.477307
v -6.347000 2.755214 0.502007
v -6.347000 2.780153 0.496076
v -6.347000 2.851843 0.494679
v -6.347000 2.881971 0.494679
v -6.347000 2.858454 0.486862
v -6.347000 2.863474 0.479197
v -6.347000 2.885952 0.488079
v -6.347000 2.711565 0.476875
v -6.347000 2.736689 0.469979
v -6.347000 2.719216 0.487282
v -6.347000 2.741593 0.474080
v -6.347000 2.768909 0.471376
v -6.347000 2.797839 0.481248
v -6.347000 2.782166 0.456548
v -6.347000 2.810925 0.461971
v -6.347000 2.867077 0.471743
v -6.347000 2.889210 0.481328
v -6.347000 2.891743 0.474457
v -6.347000 2.755757 0.274007
v -6.347000 2.722100 0.274007
v -6.347000 2.747735 0.281076
v -6.347000 2.716781 0.281825
v -6.347000 2.712479 0.289861
v -6.347000 2.735807 0.296705
v -6.347000 2.741070 0.288664
v -6.347000 2.845600 0.272921
v -6.347000 2.823717 0.278853
v -6.347000 2.849128 0.297621
v -6.347000 2.859720 0.274727
v -6.347000 2.865007 0.305866
v -6.347000 2.868309 0.311736
v -6.347000 2.888888 0.299461
v -6.347000 2.705000 0.325850
v -6.347000 2.728886 0.322864
v -6.347000 2.705456 0.316110
v -6.347000 2.729670 0.313873
v -6.347000 2.706840 0.306920
v -6.347000 2.731992 0.305131
v -6.347000 2.870390 0.318827
v -6.347000 2.893433 0.313165
v -6.347000 2.709173 0.298198
v -6.347000 2.794232 0.312957
v -6.347000 2.822066 0.318381
v -6.347000 2.807339 0.293681
v -6.347000 2.833916 0.303553
v -6.347000 2.855281 0.298605
v -6.347000 2.871798 0.279948
v -6.347000 2.860619 0.301421
v -6.347000 2.881598 0.288291
v -6.347000 2.895000 0.329107
v -6.347000 2.871114 0.326936
v -6.347000 2.870723 0.333395
v -6.347000 2.894638 0.336159
v -6.347000 2.706703 0.340057
v -6.347000 2.732646 0.339844
v -6.347000 2.729898 0.332259
v -6.347000 2.869436 0.340246
v -6.347000 2.893552 0.343181
v -6.347000 2.729288 0.370887
v -6.347000 2.741410 0.375926
v -6.347000 2.746918 0.352194
v -6.347000 2.752228 0.352993
v -6.347000 2.755214 0.377693
v -6.347000 2.780153 0.371762
v -6.347000 2.851843 0.370364
v -6.347000 2.881971 0.370364
v -6.347000 2.858454 0.362548
v -6.347000 2.863474 0.354883
v -6.347000 2.885952 0.363765
v -6.347000 2.711565 0.352561
v -6.347000 2.736689 0.345664
v -6.347000 2.719216 0.362968
v -6.347000 2.741593 0.349766
v -6.347000 2.768909 0.347062
v -6.347000 2.797839 0.356934
v -6.347000 2.782166 0.332234
v -6.347000 2.810925 0.337657
v -6.347000 2.867077 0.347429
v -6.347000 2.889210 0.357014
v -6.347000 2.891743 0.350143
v -6.347000 2.707443 0.081021
v -6.347000 2.707443 0.108164
v -6.347000 2.762000 0.131507
v -6.347000 2.785886 0.141821
v -6.347000 2.893643 0.160550
v -6.347000 2.893643 0.179279
v -6.347000 2.852929 0.169507
v -6.347000 2.785886 0.199364
v -6.347000 2.762000 0.210221
v -6.347000 2.707443 0.234921
v -6.347000 2.707443 0.262064
v -6.347000 2.813300 -0.024836
v -6.347000 2.789414 -0.024836
v -6.347000 2.813300 -0.007193
v -6.347000 2.707443 -0.051436
v -6.347000 2.731328 -0.024836
v -6.347000 2.892557 -0.051436
v -6.347000 2.868671 -0.024836
v -6.347000 2.892557 0.002307
v -6.347000 2.868671 -0.000407
v -6.347000 2.867723 0.010468
v -6.347000 2.707443 0.012079
v -6.347000 2.731328 0.008550
v -6.347000 2.789414 0.007193
v -6.347000 2.814116 0.004844
v -6.347000 2.785695 0.030244
v -6.347000 2.805157 0.031079
v -6.347000 2.788452 0.019936
v -6.347000 2.816567 0.014642
v -6.347000 2.805700 0.031079
v -6.347000 2.820662 0.022223
v -6.347000 2.732539 0.022324
v -6.347000 2.865062 0.018824
v -6.347000 2.890680 0.020384
v -6.347000 2.735852 0.032697
v -6.347000 2.709519 0.032899
v -6.347000 2.715183 0.049174
v -6.347000 2.740795 0.040070
v -6.347000 2.723593 0.061241
v -6.347000 2.746891 0.044841
v -6.347000 2.733902 0.069440
v -6.347000 2.745267 0.074111
v -6.347000 2.753665 0.047411
v -6.347000 2.756843 0.075593
v -6.347000 2.760643 0.048179
v -6.347000 2.768734 0.074218
v -6.347000 2.768617 0.047084
v -6.347000 2.779321 0.070205
v -6.347000 2.788430 0.063718
v -6.347000 2.775582 0.043765
v -6.347000 2.795888 0.054924
v -6.347000 2.781339 0.038170
v -6.347000 2.801522 0.043989
v -6.347000 2.810030 0.039861
v -6.347000 2.826409 0.027610
v -6.347000 2.815190 0.046962
v -6.347000 2.833814 0.030826
v -6.347000 2.821239 0.052420
v -6.347000 2.828239 0.056271
v -6.347000 2.836248 0.058554
v -6.347000 2.842886 0.031893
v -6.347000 2.845329 0.059307
v -6.347000 2.849602 0.031197
v -6.347000 2.856932 0.057856
v -6.347000 2.867948 0.053396
v -6.347000 2.855723 0.028947
v -6.347000 2.877697 0.045770
v -6.347000 2.860970 0.024904
v -6.347000 2.885500 0.034818
v -6.347000 2.707443 -0.252836
v -6.347000 2.707443 -0.225693
v -6.347000 2.762000 -0.202350
v -6.347000 2.785886 -0.192036
v -6.347000 2.893643 -0.173307
v -6.347000 2.893643 -0.154579
v -6.347000 2.852929 -0.164350
v -6.347000 2.785886 -0.134493
v -6.347000 2.762000 -0.123636
v -6.347000 2.707443 -0.098936
v -6.347000 2.707443 -0.071793
v -6.347000 2.707443 -0.368193
v -6.347000 2.731328 -0.341593
v -6.347000 2.788872 -0.341593
v -6.347000 2.892557 -0.368193
v -6.347000 2.812757 -0.341593
v -6.347000 2.868671 -0.341593
v -6.347000 2.707443 -0.260707
v -6.347000 2.731328 -0.260707
v -6.347000 2.788872 -0.265864
v -6.347000 2.812757 -0.265864
v -6.347000 2.868671 -0.263150
v -6.347000 2.892557 -0.263150
v -6.347000 2.755757 -0.500921
v -6.347000 2.722100 -0.500921
v -6.347000 2.747735 -0.493853
v -6.347000 2.716781 -0.493104
v -6.347000 2.712479 -0.485068
v -6.347000 2.735807 -0.478223
v -6.347000 2.741070 -0.486264
v -6.347000 2.845600 -0.502007
v -6.347000 2.823717 -0.496076
v -6.347000 2.849128 -0.477307
v -6.347000 2.859720 -0.500201
v -6.347000 2.865007 -0.469063
v -6.347000 2.868309 -0.463193
v -6.347000 2.888888 -0.475467
v -6.347000 2.705000 -0.449079
v -6.347000 2.728886 -0.452064
v -6.347000 2.705456 -0.458819
v -6.347000 2.729670 -0.461055
v -6.347000 2.706840 -0.468008
v -6.347000 2.731992 -0.469798
v -6.347000 2.870390 -0.456102
v -6.347000 2.893433 -0.461764
v -6.347000 2.709173 -0.476730
v -6.347000 2.794232 -0.461971
v -6.347000 2.822066 -0.456548
v -6.347000 2.807339 -0.481248
v -6.347000 2.833916 -0.471376
v -6.347000 2.855281 -0.476323
v -6.347000 2.871798 -0.494980
v -6.347000 2.860619 -0.473507
v -6.347000 2.881598 -0.486638
v -6.347000 2.895000 -0.445821
v -6.347000 2.871114 -0.447993
v -6.347000 2.870723 -0.441534
v -6.347000 2.894638 -0.438769
v -6.347000 2.706703 -0.434871
v -6.347000 2.732646 -0.435085
v -6.347000 2.729898 -0.442670
v -6.347000 2.869436 -0.434683
v -6.347000 2.893552 -0.431747
v -6.347000 2.729288 -0.404042
v -6.347000 2.741410 -0.399003
v -6.347000 2.746918 -0.422735
v -6.347000 2.752228 -0.421936
v -6.347000 2.755214 -0.397236
v -6.347000 2.780153 -0.403167
v -6.347000 2.851843 -0.404564
v -6.347000 2.881971 -0.404564
v -6.347000 2.858454 -0.412380
v -6.347000 2.863474 -0.420046
v -6.347000 2.885952 -0.411164
v -6.347000 2.711565 -0.422368
v -6.347000 2.736689 -0.429264
v -6.347000 2.719216 -0.411961
v -6.347000 2.741593 -0.425163
v -6.347000 2.768909 -0.427867
v -6.347000 2.797839 -0.417995
v -6.347000 2.782166 -0.442695
v -6.347000 2.810925 -0.437271
v -6.347000 2.867077 -0.427500
v -6.347000 2.889210 -0.417915
v -6.347000 2.891743 -0.424786
v 1.450000 1.060000 -1.336251
v 1.420000 1.060000 -0.856251
v 1.420000 1.060000 -1.336251
v 1.450000 1.145000 -0.856251
v 1.420000 1.145000 -1.336251
v 1.420000 1.145000 -0.856251
v 1.450000 1.060000 -0.856251
v 1.450000 1.145000 -1.336251
v 1.450000 1.145000 -1.326251
v 1.420000 1.145000 -1.216251
v 1.420000 1.145000 -1.326251
v 1.450000 1.475000 -1.216251
v 1.420000 1.475000 -1.326251
v 1.420000 1.475000 -1.216251
v 1.450000 1.145000 -1.216251
v 1.450000 1.475000 -1.326251
v 0.200000 1.060000 -1.336251
v 0.170000 1.060000 -0.856251
v 0.170000 1.060000 -1.336251
v 0.200000 1.145000 -0.856251
v 0.170000 1.145000 -1.336251
v 0.170000 1.145000 -0.856251
v 0.200000 1.060000 -0.856251
v 0.200000 1.145000 -1.336251
v 0.200000 1.145000 -1.326251
v 0.170000 1.145000 -1.216251
v 0.170000 1.145000 -1.326251
v 0.200000 1.475000 -1.216251
v 0.170000 1.475000 -1.326251
v 0.170000 1.475000 -1.216251
v 0.200000 1.145000 -1.216251
v 0.200000 1.475000 -1.326251
v -1.050000 1.060000 -1.336251
v -1.080000 1.060000 -0.856251
v -1.080000 1.060000 -1.336251
v -1.050000 1.145000 -0.856251
v -1.080000 1.145000 -1.336251
v -1.080000 1.145000 -0.856251
v -1.050000 1.060000 -0.856251
v -1.050000 1.145000 -1.336251
v -1.050000 1.145000 -1.326251
v -1.080000 1.145000 -1.216251
v -1.080000 1.145000 -1.326251
v -1.050000 1.475000 -1.216251
v -1.080000 1.475000 -1.326251
v -1.080000 1.475000 -1.216251
v -1.050000 1.145000 -1.216251
v -1.050000 1.475000 -1.326251
v -2.300000 1.060000 -1.336251
v -2.330000 1.060000 -0.856251
v -2.330000 1.060000 -1.336251
v -2.300000 1.145000 -0.856251
v -2.330000 1.145000 -1.336251
v -2.330000 1.145000 -0.856251
v -2.300000 1.060000 -0.856251
v -2.300000 1.145000 -1.336251
v -2.300000 1.145000 -1.326251
v -2.330000 1.145000 -1.216251
v -2.330000 1.145000 -1.326251
v -2.300000 1.475000 -1.216251
v -2.330000 1.475000 -1.326251
v -2.330000 1.475000 -1.216251
v -2.300000 1.145000 -1.216251
v -2.300000 1.475000 -1.326251
v -3.550000 1.060000 -1.336251
v -3.580000 1.060000 -0.856251
v -3.580000 1.060000 -1.336251
v -3.550000 1.145000 -0.856251
v -3.580000 1.145000 -1.336251
v -3.580000 1.145000 -0.856251
v -3.550000 1.060000 -0.856251
v -3.550000 1.145000 -1.336251
v -3.550000 1.145000 -1.326251
v -3.580000 1.145000 -1.216251
v -3.580000 1.145000 -1.326251
v -3.550000 1.475000 -1.216251
v -3.580000 1.475000 -1.326251
v -3.580000 1.475000 -1.216251
v -3.550000 1.145000 -1.216251
v -3.550000 1.475000 -1.326251
v 1.450000 1.060000 0.856251
v 1.420000 1.060000 1.336251
v 1.420000 1.060000 0.856251
v 1.450000 1.145000 1.336251
v 1.420000 1.145000 0.856251
v 1.420000 1.145000 1.336251
v 1.450000 1.060000 1.336251
v 1.450000 1.145000 0.856251
v 1.450000 1.145000 1.216251
v 1.420000 1.145000 1.326251
v 1.420000 1.145000 1.216251
v 1.450000 1.475000 1.326251
v 1.420000 1.475000 1.216251
v 1.420000 1.475000 1.326251
v 1.450000 1.145000 1.326251
v 1.450000 1.475000 1.216251
v 0.200000 1.060000 0.856251
v 0.170000 1.060000 1.336251
v 0.170000 1.060000 0.856251
v 0.200000 1.145000 1.336251
v 0.170000 1.145000 0.856251
v 0.170000 1.145000 1.336251
v 0.200000 1.060000 1.336251
v 0.200000 1.145000 0.856251
v 0.200000 1.145000 1.216251
v 0.170000 1.145000 1.326251
v 0.170000 1.145000 1.216251
v 0.200000 1.475000 1.326251
v 0.170000 1.475000 1.216251
v 0.170000 1.475000 1.326251
v 0.200000 1.145000 1.326251
v 0.200000 1.475000 1.216251
v -1.050000 1.060000 0.856251
v -1.080000 1.060000 1.336251
v -1.080000 1.060000 0.856251
v -1.050000 1.145000 1.336251
v -1.080000 1.145000 0.856251
v -1.080000 1.145000 1.336251
v -1.050000 1.060000 1.336251
v -1.050000 1.145000 0.856251
v -1.050000 1.145000 1.216251
v -1.080000 1.145000 1.326251
v -1.080000 1.145000 1.216251
v -1.050000 1.475000 1.326251
v -1.080000 1.475000 1.216251
v -1.080000 1.475000 1.326251
v -1.050000 1.145000 1.326251
v -1.050000 1.475000 1.216251
v -2.300000 1.060000 0.856251
v -2.330000 1.060000 1.336251
v -2.330000 1.060000 0.856251
v -2.300000 1.145000 1.336251
v -2.330000 1.145000 0.856251
v -2.330000 1.145000 1.336251
v -2.300000 1.060000 1.336251
v -2.300000 1.145000 0.856251
v -2.300000 1.145000 1.216251
v -2.330000 1.145000 1.326251
v -2.330000 1.145000 1.216251
v -2.300000 1.475000 1.326251
v -2.330000 1.475000 1.216251
v -2.330000 1.475000 1.326251
v -2.300000 1.145000 1.326251
v -2.300000 1.475000 1.216251
v -3.550000 1.060000 0.856251
v -3.580000 1.060000 1.336251
v -3.580000 1.060000 0.856251
v -3.550000 1.145000 1.336251
v -3.580000 1.145000 0.856251
v -3.580000 1.145000 1.336251
v -3.550000 1.060000 1.336251
v -3.550000 1.145000 0.856251
v -3.550000 1.145000 1.216251
v -3.580000 1.145000 1.326251
v -3.580000 1.145000 1.216251
v -3.550000 1.475000 1.326251
v -3.580000 1.475000 1.216251
v -3.580000 1.475000 1.326251
v -3.550000 1.145000 1.326251
v -3.550000 1.475000 1.216251
v 3.355000 1.550000 -0.720000
v 2.215000 1.550000 0.720000
v 2.215000 1.550000 -0.720000
v 3.355000 1.610000 0.720000
v 2.215000 1.610000 -0.720000
v 2.215000 1.610000 0.720000
v 3.355000 1.550000 0.720000
v 3.355000 1.610000 -0.720000
v 1.556715 2.070000 -1.289536
v 1.585000 2.140000 -1.301251
v 1.585000 2.070000 -1.301251
v 1.545000 2.070000 -1.261251
v 1.556715 2.140000 -1.289536
v 1.556715 2.070000 -1.232967
v 1.545000 2.140000 -1.261251
v 1.585000 2.070000 -1.221251
v 1.556715 2.140000 -1.232967
v 1.613284 2.070000 -1.232967
v 1.585000 2.140000 -1.221251
v 1.625000 2.070000 -1.261251
v 1.613284 2.140000 -1.232967
v 1.613284 2.070000 -1.289536
v 1.625000 2.140000 -1.261251
v 1.613284 2.140000 -1.289536
v 1.585000 2.140000 -1.281251
v 1.471902 2.142959 -1.271251
v 1.475000 2.160000 -1.281251
v 1.581901 2.122959 -1.251251
v 1.581901 2.122959 -1.271251
v 1.585000 2.140000 -1.241251
v 1.471902 2.142959 -1.251251
v 1.588098 2.157041 -1.251251
v 1.475000 2.160000 -1.241251
v 1.588098 2.157041 -1.271251
v 1.478098 2.177041 -1.251251
v 1.478098 2.177041 -1.271251
v 0.792337 3.147735 -2.795000
v 0.762554 3.174479 -2.795000
v 0.762554 3.238907 -2.795000
v 0.792337 3.355000 -2.795000
v 0.762554 3.265651 -2.795000
v 0.762554 3.328256 -2.795000
v 0.671990 3.147735 -2.795000
v 0.671990 3.174479 -2.795000
v 0.677764 3.238907 -2.795000
v 0.677764 3.265651 -2.795000
v 0.674725 3.328256 -2.795000
v 0.674725 3.355000 -2.795000
v 0.961917 3.147735 -2.795000
v 0.961917 3.250152 -2.795000
v 0.991700 3.147735 -2.795000
v 0.991700 3.355000 -2.795000
v 0.961917 3.260181 -2.795000
v 0.856461 3.147735 -2.795000
v 0.815434 3.147735 -2.795000
v 0.927880 3.256838 -2.795000
v 0.874696 3.355000 -2.795000
v 0.837619 3.355000 -2.795000
v 0.961917 3.355000 -2.795000
v 1.178641 3.206009 -2.795000
v 1.180202 3.213188 -2.795000
v 1.207767 3.200505 -2.795000
v 1.211121 3.226143 -2.795000
v 1.181070 3.221903 -2.795000
v 1.181338 3.232525 -2.795000
v 1.211121 3.355000 -2.795000
v 1.181338 3.355000 -2.795000
v 1.124812 3.145000 -2.795000
v 1.132916 3.172834 -2.795000
v 1.146400 3.147085 -2.795000
v 1.141121 3.174288 -2.795000
v 1.148820 3.176720 -2.795000
v 1.166638 3.153476 -2.795000
v 1.156013 3.180141 -2.795000
v 1.162699 3.184557 -2.795000
v 1.184378 3.164374 -2.795000
v 1.168878 3.189978 -2.795000
v 1.198470 3.179983 -2.795000
v 1.173072 3.194776 -2.795000
v 1.176296 3.199996 -2.795000
v 1.103561 3.174592 -2.795000
v 1.096569 3.147711 -2.795000
v 1.094877 3.177176 -2.795000
v 1.113342 3.172935 -2.795000
v 1.080869 3.184557 -2.795000
v 1.087307 3.180546 -2.795000
v 1.073519 3.155547 -2.795000
v 1.042892 3.184801 -2.795000
v 1.035264 3.205324 -2.795000
v 1.067463 3.201212 -2.795000
v 1.065056 3.208403 -2.795000
v 1.063535 3.216328 -2.795000
v 1.032728 3.229182 -2.795000
v 1.062740 3.224980 -2.795000
v 1.062511 3.234349 -2.795000
v 1.032728 3.355000 -2.795000
v 1.062511 3.355000 -2.795000
v 1.055635 3.168059 -2.795000
v 1.075579 3.189067 -2.795000
v 1.070917 3.194763 -2.795000
v 1.124204 3.172352 -2.795000
v 1.356085 3.355000 -2.795000
v 1.356085 3.147735 -2.795000
v 1.326302 3.174479 -2.795000
v 1.232699 3.147735 -2.795000
v 1.232699 3.174479 -2.795000
v 1.326302 3.355000 -2.795000
v 1.468227 3.147735 -2.795000
v 1.468227 3.244074 -2.795000
v 1.498010 3.147735 -2.795000
v 1.498010 3.355000 -2.795000
v 1.468227 3.270818 -2.795000
v 1.387388 3.328256 -2.795000
v 1.387388 3.355000 -2.795000
v 1.468227 3.328256 -2.795000
v 1.387388 3.244074 -2.795000
v 1.387388 3.270818 -2.795000
v 1.377663 3.147735 2.795000
v 1.407446 3.174479 2.795000
v 1.407446 3.238907 2.795000
v 1.377663 3.355000 2.795000
v 1.407446 3.265651 2.795000
v 1.407446 3.328256 2.795000
v 1.498010 3.147735 2.795000
v 1.498010 3.174479 2.795000
v 1.492236 3.238907 2.795000
v 1.492236 3.265651 2.795000
v 1.495275 3.328256 2.795000
v 1.495275 3.355000 2.795000
v 1.208082 3.147735 2.795000
v 1.208082 3.250152 2.795000
v 1.178299 3.147735 2.795000
v 1.178299 3.355000 2.795000
v 1.208082 3.260181 2.795000
v 1.313538 3.147735 2.795000
v 1.354566 3.147735 2.795000
v 1.242120 3.256838 2.795000
v 1.295304 3.355000 2.795000
v 1.332381 3.355000 2.795000
v 1.208082 3.355000 2.795000
v 0.991358 3.206009 2.795000
v 0.989798 3.213188 2.795000
v 0.962233 3.200505 2.795000
v 0.958878 3.226143 2.795000
v 0.988930 3.221903 2.795000
v 0.988661 3.232525 2.795000
v 0.958878 3.355000 2.795000
v 0.988661 3.355000 2.795000
v 1.045188 3.145000 2.795000
v 1.037084 3.172834 2.795000
v 1.023599 3.147085 2.795000
v 1.028878 3.174288 2.795000
v 1.021179 3.176720 2.795000
v 1.003361 3.153476 2.795000
v 1.013987 3.180141 2.795000
v 1.007301 3.184557 2.795000
v 0.985622 3.164374 2.795000
v 1.001122 3.189978 2.795000
v 0.971530 3.179983 2.795000
v 0.996927 3.194776 2.795000
v 0.993704 3.199996 2.795000
v 1.066439 3.174592 2.795000
v 1.073430 3.147711 2.795000
v 1.075123 3.177176 2.795000
v 1.056658 3.172935 2.795000
v 1.089131 3.184557 2.795000
v 1.082693 3.180546 2.795000
v 1.096481 3.155547 2.795000
v 1.127108 3.184801 2.795000
v 1.134735 3.205324 2.795000
v 1.102536 3.201212 2.795000
v 1.104944 3.208403 2.795000
v 1.106465 3.216328 2.795000
v 1.137272 3.229182 2.795000
v 1.107260 3.224980 2.795000
v 1.107489 3.234349 2.795000
v 1.137272 3.355000 2.795000
v 1.107489 3.355000 2.795000
v 1.114365 3.168059 2.795000
v 1.094421 3.189067 2.795000
v 1.099082 3.194763 2.795000
v 1.045796 3.172352 2.795000
v 0.813914 3.355000 2.795000
v 0.813914 3.147735 2.795000
v 0.843697 3.174479 2.795000
v 0.937301 3.147735 2.795000
v 0.937301 3.174479 2.795000
v 0.843697 3.355000 2.795000
v 0.701773 3.147735 2.795000
v 0.701773 3.244074 2.795000
v 0.671990 3.147735 2.795000
v 0.671990 3.355000 2.795000
v 0.701773 3.270818 2.795000
v 0.782612 3.328256 2.795000
v 0.782612 3.355000 2.795000
v 0.701773 3.328256 2.795000
v 0.782612 3.244074 2.795000
v 0.782612 3.270818 2.795000
v 2.864137 4.220000 -0.950000
v 2.644137 3.960000 0.950000
v 2.864137 4.220000 0.950000
v 2.694137 3.900000 -0.950000
v 2.914137 4.160000 0.950000
v 2.694137 3.900000 0.950000
v 2.644137 3.960000 -0.950000
v 2.914137 4.160000 -0.950000
v 2.765137 4.103000 -0.306000
v 2.746648 4.098178 -0.302435
v 2.756733 4.110106 -0.306000
v 2.755052 4.091073 -0.302435
v 2.738560 4.088613 -0.292446
v 2.742476 4.076199 -0.278011
v 2.746964 4.081507 -0.292446
v 2.742476 4.076199 -0.261989
v 2.734072 4.083305 -0.278011
v 2.738560 4.088613 -0.247554
v 2.734072 4.083305 -0.261989
v 2.755052 4.091073 -0.237565
v 2.746964 4.081507 -0.247554
v 2.765137 4.103000 -0.234000
v 2.746648 4.098178 -0.237565
v 2.775222 4.114928 -0.237565
v 2.756733 4.110106 -0.234000
v 2.783310 4.124493 -0.247554
v 2.766818 4.122034 -0.237565
v 2.779394 4.136907 -0.261989
v 2.774906 4.131599 -0.247554
v 2.787798 4.129801 -0.278011
v 2.787798 4.129801 -0.261989
v 2.783310 4.124493 -0.292446
v 2.779394 4.136907 -0.278011
v 2.766818 4.122034 -0.302435
v 2.774906 4.131599 -0.292446
v 2.775222 4.114928 -0.302435
v 2.753765 4.109387 -0.267516
v 2.756950 4.113151 -0.272484
v 2.744354 4.098265 -0.286906
v 2.753326 4.107316 -0.272500
v 2.753677 4.112690 -0.275000
v 2.756122 4.110623 -0.275000
v 2.753326 4.107316 -0.267500
v 2.750881 4.109384 -0.272500
v 2.753677 4.112690 -0.265000
v 2.750881 4.109384 -0.267500
v 2.756122 4.110623 -0.265000
v 2.756473 4.115996 -0.267500
v 2.758917 4.113929 -0.272500
v 2.758917 4.113929 -0.267500
v 2.756473 4.115996 -0.272500
v 2.765137 4.103000 -0.406000
v 2.746648 4.098178 -0.402435
v 2.756733 4.110106 -0.406000
v 2.755052 4.091073 -0.402435
v 2.738560 4.088613 -0.392446
v 2.742476 4.076199 -0.378011
v 2.746964 4.081507 -0.392446
v 2.742476 4.076199 -0.361989
v 2.734072 4.083305 -0.378011
v 2.738560 4.088613 -0.347554
v 2.734072 4.083305 -0.361989
v 2.755052 4.091073 -0.337565
v 2.746964 4.081507 -0.347554
v 2.765137 4.103000 -0.334000
v 2.746648 4.098178 -0.337565
v 2.775222 4.114928 -0.337565
v 2.756733 4.110106 -0.334000
v 2.783310 4.124493 -0.347554
v 2.766818 4.122034 -0.337565
v 2.779394 4.136907 -0.361989
v 2.774906 4.131599 -0.347554
v 2.787798 4.129801 -0.378011
v 2.787798 4.129801 -0.361989
v 2.783310 4.124493 -0.392446
v 2.779394 4.136907 -0.378011
v 2.766818 4.122034 -0.402435
v 2.774906 4.131599 -0.392446
v 2.775222 4.114928 -0.402435
v 2.754994 4.110839 -0.366546
v 2.740058 4.093187 -0.373861
v 2.755721 4.111699 -0.373454
v 2.753326 4.107316 -0.372500
v 2.753677 4.112690 -0.375000
v 2.756122 4.110623 -0.375000
v 2.753326 4.107316 -0.367500
v 2.750881 4.109384 -0.372500
v 2.753677 4.112690 -0.365000
v 2.750881 4.109384 -0.367500
v 2.756122 4.110623 -0.365000
v 2.756473 4.115996 -0.367500
v 2.758917 4.113929 -0.372500
v 2.758917 4.113929 -0.367500
v 2.756473 4.115996 -0.372500
v 2.765137 4.103000 -0.506000
v 2.746648 4.098178 -0.502435
v 2.756733 4.110106 -0.506000
v 2.755052 4.091073 -0.502435
v 2.738560 4.088613 -0.492446
v 2.742476 4.076199 -0.478011
v 2.746964 4.081507 -0.492446
v 2.742476 4.076199 -0.461989
v 2.734072 4.083305 -0.478011
v 2.738560 4.088613 -0.447554
v 2.734072 4.083305 -0.461989
v 2.755052 4.091073 -0.437565
v 2.746964 4.081507 -0.447554
v 2.765137 4.103000 -0.434000
v 2.746648 4.098178 -0.437565
v 2.775222 4.114928 -0.437565
v 2.756733 4.110106 -0.434000
v 2.783310 4.124493 -0.447554
v 2.766818 4.122034 -0.437565
v 2.779394 4.136907 -0.461989
v 2.774906 4.131599 -0.447554
v 2.787798 4.129801 -0.478011
v 2.787798 4.129801 -0.461989
v 2.783310 4.124493 -0.492446
v 2.779394 4.136907 -0.478011
v 2.766818 4.122034 -0.502435
v 2.774906 4.131599 -0.492446
v 2.775222 4.114928 -0.502435
v 2.756358 4.112451 -0.466861
v 2.741456 4.094840 -0.459380
v 2.754357 4.110086 -0.473139
v 2.753326 4.107316 -0.472500
v 2.753677 4.112690 -0.475000
v 2.756122 4.110623 -0.475000
v 2.753326 4.107316 -0.467500
v 2.750881 4.109384 -0.472500
v 2.753677 4.112690 -0.465000
v 2.750881 4.109384 -0.467500
v 2.756122 4.110623 -0.465000
v 2.756473 4.115996 -0.467500
v 2.758917 4.113929 -0.472500
v 2.758917 4.113929 -0.467500
v 2.756473 4.115996 -0.472500
v 2.765137 4.103000 -0.606000
v 2.746648 4.098178 -0.602435
v 2.756733 4.110106 -0.606000
v 2.755052 4.091073 -0.602435
v 2.738560 4.088613 -0.592446
v 2.742476 4.076199 -0.578011
v 2.746964 4.081507 -0.592446
v 2.742476 4.076199 -0.561989
v 2.734072 4.083305 -0.578011
v 2.738560 4.088613 -0.547554
v 2.734072 4.083305 -0.561989
v 2.755052 4.091073 -0.537565
v 2.746964 4.081507 -0.547554
v 2.765137 4.103000 -0.534000
v 2.746648 4.098178 -0.537565
v 2.775222 4.114928 -0.537565
v 2.756733 4.110106 -0.534000
v 2.783310 4.124493 -0.547554
v 2.766818 4.122034 -0.537565
v 2.779394 4.136907 -0.561989
v 2.774906 4.131599 -0.547554
v 2.787798 4.129801 -0.578011
v 2.787798 4.129801 -0.561989
v 2.783310 4.124493 -0.592446
v 2.779394 4.136907 -0.578011
v 2.766818 4.122034 -0.602435
v 2.774906 4.131599 -0.592446
v 2.775222 4.114928 -0.602435
v 2.757350 4.113623 -0.568345
v 2.748029 4.102608 -0.548851
v 2.753366 4.108914 -0.571655
v 2.753326 4.107316 -0.572500
v 2.753677 4.112690 -0.575000
v 2.756122 4.110623 -0.575000
v 2.753326 4.107316 -0.567500
v 2.750881 4.109384 -0.572500
v 2.753677 4.112690 -0.565000
v 2.750881 4.109384 -0.567500
v 2.756122 4.110623 -0.565000
v 2.756473 4.115996 -0.567500
v 2.758917 4.113929 -0.572500
v 2.758917 4.113929 -0.567500
v 2.756473 4.115996 -0.572500
v 2.765137 4.103000 -0.706000
v 2.746648 4.098178 -0.702435
v 2.756733 4.110106 -0.706000
v 2.755052 4.091073 -0.702435
v 2.738560 4.088613 -0.692446
v 2.742476 4.076199 -0.678011
v 2.746964 4.081507 -0.692446
v 2.742476 4.076199 -0.661989
v 2.734072 4.083305 -0.678011
v 2.738560 4.088613 -0.647554
v 2.734072 4.083305 -0.661989
v 2.755052 4.091073 -0.637565
v 2.746964 4.081507 -0.647554
v 2.765137 4.103000 -0.634000
v 2.746648 4.098178 -0.637565
v 2.775222 4.114928 -0.637565
v 2.756733 4.110106 -0.634000
v 2.783310 4.124493 -0.647554
v 2.766818 4.122034 -0.637565
v 2.779394 4.136907 -0.661989
v 2.774906 4.131599 -0.647554
v 2.787798 4.129801 -0.678011
v 2.787798 4.129801 -0.661989
v 2.783310 4.124493 -0.692446
v 2.779394 4.136907 -0.678011
v 2.766818 4.122034 -0.702435
v 2.774906 4.131599 -0.692446
v 2.775222 4.114928 -0.702435
v 2.757600 4.113919 -0.670445
v 2.757331 4.113600 -0.646195
v 2.753115 4.108619 -0.669555
v 2.753326 4.107316 -0.672500
v 2.753677 4.112690 -0.675000
v 2.756122 4.110623 -0.675000
v 2.753326 4.107316 -0.667500
v 2.750881 4.109384 -0.672500
v 2.753677 4.112690 -0.665000
v 2.750881 4.109384 -0.667500
v 2.756122 4.110623 -0.665000
v 2.756473 4.115996 -0.667500
v 2.758917 4.113929 -0.672500
v 2.758917 4.113929 -0.667500
v 2.756473 4.115996 -0.672500
v 2.765137 4.103000 -0.806000
v 2.746648 4.098178 -0.802435
v 2.756733 4.110106 -0.806000
v 2.755052 4.091073 -0.802435
v 2.738560 4.088613 -0.792446
v 2.742476 4.076199 -0.778011
v 2.746964 4.081507 -0.792446
v 2.742476 4.076199 -0.761989
v 2.734072 4.083305 -0.778011
v 2.738560 4.088613 -0.747554
v 2.734072 4.083305 -0.761989
v 2.755052 4.091073 -0.737565
v 2.746964 4.081507 -0.747554
v 2.765137 4.103000 -0.734000
v 2.746648 4.098178 -0.737565
v 2.775222 4.114928 -0.737565
v 2.756733 4.110106 -0.734000
v 2.783310 4.124493 -0.747554
v 2.766818 4.122034 -0.737565
v 2.779394 4.136907 -0.761989
v 2.774906 4.131599 -0.747554
v 2.787798 4.129801 -0.778011
v 2.787798 4.129801 -0.761989
v 2.783310 4.124493 -0.792446
v 2.779394 4.136907 -0.778011
v 2.766818 4.122034 -0.802435
v 2.774906 4.131599 -0.792446
v 2.775222 4.114928 -0.802435
v 2.757015 4.113228 -0.772380
v 2.753700 4.109310 -0.767620
v 2.765897 4.123725 -0.752400
v 2.753326 4.107316 -0.772500
v 2.753677 4.112690 -0.775000
v 2.756122 4.110623 -0.775000
v 2.753326 4.107316 -0.767500
v 2.750881 4.109384 -0.772500
v 2.753677 4.112690 -0.765000
v 2.750881 4.109384 -0.767500
v 2.756122 4.110623 -0.765000
v 2.756473 4.115996 -0.767500
v 2.758917 4.113929 -0.772500
v 2.758917 4.113929 -0.767500
v 2.756473 4.115996 -0.772500
v 2.522137 3.960000 -0.155426
v 2.554137 4.005000 -0.164000
v 2.554137 3.960000 -0.164000
v 2.498711 3.960000 -0.132000
v 2.522137 4.005000 -0.155426
v 2.490137 3.960000 -0.100000
v 2.498711 4.005000 -0.132000
v 2.498711 3.960000 -0.068000
v 2.490137 4.005000 -0.100000
v 2.522137 3.960000 -0.044574
v 2.498711 4.005000 -0.068000
v 2.554137 3.960000 -0.036000
v 2.522137 4.005000 -0.044574
v 2.586137 3.960000 -0.044574
v 2.554137 4.005000 -0.036000
v 2.609563 3.960000 -0.068000
v 2.586137 4.005000 -0.044574
v 2.618137 3.960000 -0.100000
v 2.609563 4.005000 -0.068000
v 2.609563 3.960000 -0.132000
v 2.618137 4.005000 -0.100000
v 2.586137 3.960000 -0.155426
v 2.609563 4.005000 -0.132000
v 2.586137 4.005000 -0.155426
v 2.523137 4.000000 -0.153694
v 2.554137 4.056000 -0.132000
v 2.554137 4.000000 -0.162000
v 2.500443 4.000000 -0.131000
v 2.538137 4.056000 -0.127713
v 2.522137 4.056000 -0.100000
v 2.526424 4.056000 -0.116000
v 2.500443 4.000000 -0.069000
v 2.492137 4.000000 -0.100000
v 2.538137 4.056000 -0.072287
v 2.526424 4.056000 -0.084000
v 2.523137 4.000000 -0.046306
v 2.554137 4.056000 -0.068000
v 2.585137 4.000000 -0.046306
v 2.554137 4.000000 -0.038000
v 2.607831 4.000000 -0.069000
v 2.570137 4.056000 -0.072287
v 2.586137 4.056000 -0.100000
v 2.581850 4.056000 -0.084000
v 2.607831 4.000000 -0.131000
v 2.616137 4.000000 -0.100000
v 2.570137 4.056000 -0.127713
v 2.581850 4.056000 -0.116000
v 2.585137 4.000000 -0.153694
v 2.464137 4.600000 -0.040000
v 2.444137 4.600000 0.980000
v 2.444137 4.600000 -0.040000
v 2.464137 4.920000 0.980000
v 2.444137 4.920000 -0.040000
v 2.444137 4.920000 0.980000
v 2.464137 4.600000 0.980000
v 2.464137 4.920000 -0.040000
v 2.684137 4.460000 0.770000
v 2.664137 4.460000 0.930000
v 2.664137 4.460000 0.770000
v 2.684137 4.550000 0.930000
v 2.664137 4.550000 0.770000
v 2.664137 4.550000 0.930000
v 2.684137 4.460000 0.930000
v 2.684137 4.550000 0.770000
v 2.699888 4.500000 1.034000
v 2.724137 4.410000 1.048000
v 2.724137 4.500000 1.048000
v 2.699888 4.500000 1.006000
v 2.699888 4.410000 1.034000
v 2.724137 4.500000 0.992000
v 2.699888 4.410000 1.006000
v 2.748385 4.500000 1.006000
v 2.724137 4.410000 0.992000
v 2.748385 4.500000 1.034000
v 2.748385 4.410000 1.006000
v 2.748385 4.410000 1.034000
v 1.755000 3.600000 -0.745000
v 1.295000 3.600000 -0.295000
v 1.295000 3.600000 -0.745000
v 1.755000 3.700000 -0.295000
v 1.295000 3.700000 -0.745000
v 1.295000 3.700000 -0.295000
v 1.755000 3.600000 -0.295000
v 1.755000 3.700000 -0.745000
v 1.791769 3.613230 -0.295000
v 1.807000 3.650000 -0.745000
v 1.807000 3.650000 -0.295000
v 1.755000 3.598000 -0.295000
v 1.791769 3.613230 -0.745000
v 1.718230 3.613230 -0.295000
v 1.755000 3.598000 -0.745000
v 1.703000 3.650000 -0.295000
v 1.718230 3.613230 -0.745000
v 1.718230 3.686770 -0.295000
v 1.703000 3.650000 -0.745000
v 1.755000 3.702000 -0.295000
v 1.718230 3.686770 -0.745000
v 1.791769 3.686770 -0.295000
v 1.755000 3.702000 -0.745000
v 1.791769 3.686770 -0.745000
v 1.305000 3.620000 -0.305000
v 1.175000 4.130000 -0.735000
v 1.175000 4.130000 -0.305000
v 1.100000 4.150000 -0.305000
v 1.230000 3.640000 -0.735000
v 1.230000 3.640000 -0.305000
v 1.305000 3.620000 -0.735000
v 1.100000 4.150000 -0.735000
v 1.266820 4.098180 -0.305000
v 1.280000 4.130000 -0.735000
v 1.280000 4.130000 -0.305000
v 1.235000 4.085000 -0.305000
v 1.266820 4.098180 -0.735000
v 1.203180 4.098180 -0.305000
v 1.235000 4.085000 -0.735000
v 1.190000 4.130000 -0.305000
v 1.203180 4.098180 -0.735000
v 1.203180 4.161820 -0.305000
v 1.190000 4.130000 -0.735000
v 1.235000 4.175000 -0.305000
v 1.203180 4.161820 -0.735000
v 1.266820 4.161820 -0.305000
v 1.235000 4.175000 -0.735000
v 1.266820 4.161820 -0.735000
v 1.731732 3.627326 -0.771187
v 1.335000 3.700000 -0.787000
v 1.735000 3.660000 -0.787000
v 1.330925 3.659256 -0.735654
v 1.331732 3.667326 -0.771187
v 1.733187 3.641867 -0.707159
v 1.730926 3.619256 -0.735654
v 1.336813 3.718133 -0.707159
v 1.333187 3.681867 -0.707159
v 1.739074 3.700744 -0.735654
v 1.736813 3.678133 -0.707159
v 1.338267 3.732674 -0.771187
v 1.339074 3.740744 -0.735654
v 1.738267 3.692674 -0.771187
v 1.731732 3.627326 -0.321187
v 1.335000 3.700000 -0.337000
v 1.735000 3.660000 -0.337000
v 1.330925 3.659256 -0.285654
v 1.331732 3.667326 -0.321187
v 1.733187 3.641867 -0.257159
v 1.730926 3.619256 -0.285654
v 1.336813 3.718133 -0.257159
v 1.333187 3.681867 -0.257159
v 1.739074 3.700744 -0.285654
v 1.736813 3.678133 -0.257159
v 1.338267 3.732674 -0.321187
v 1.339074 3.740744 -0.285654
v 1.738267 3.692674 -0.321187
v 0.305555 6.630000 -0.877000
v 0.335000 6.750000 -0.894000
v 0.335000 6.630000 -0.894000
v 0.305555 6.630000 -0.843000
v 0.305555 6.750000 -0.877000
v 0.335000 6.630000 -0.826000
v 0.305555 6.750000 -0.843000
v 0.364445 6.630000 -0.843000
v 0.335000 6.750000 -0.826000
v 0.364445 6.630000 -0.877000
v 0.364445 6.750000 -0.843000
v 0.364445 6.750000 -0.877000
v 0.305555 6.630000 0.843000
v 0.335000 6.750000 0.826000
v 0.335000 6.630000 0.826000
v 0.305555 6.630000 0.877000
v 0.305555 6.750000 0.843000
v 0.335000 6.630000 0.894000
v 0.305555 6.750000 0.877000
v 0.364445 6.630000 0.877000
v 0.335000 6.750000 0.894000
v 0.364445 6.630000 0.843000
v 0.364445 6.750000 0.877000
v 0.364445 6.750000 0.843000
v 0.293855 7.620000 -0.056631
v 0.335000 7.700000 -0.070000
v 0.335000 7.620000 -0.070000
v 0.268426 7.620000 -0.021631
v 0.293855 7.700000 -0.056631
v 0.268426 7.620000 0.021631
v 0.268426 7.700000 -0.021631
v 0.293855 7.620000 0.056631
v 0.268426 7.700000 0.021631
v 0.335000 7.620000 0.070000
v 0.293855 7.700000 0.056631
v 0.376145 7.620000 0.056631
v 0.335000 7.700000 0.070000
v 0.401574 7.620000 0.021631
v 0.376145 7.700000 0.056631
v 0.401574 7.620000 -0.021631
v 0.401574 7.700000 0.021631
v 0.376145 7.620000 -0.056631
v 0.401574 7.700000 -0.021631
v 0.376145 7.700000 -0.056631
v 0.335000 7.880000 -0.070000
v 0.311488 7.950000 -0.032361
v 0.335000 7.950000 -0.040000
v 0.268426 7.880000 -0.021631
v 0.293855 7.880000 -0.056631
v 0.268426 7.880000 0.021631
v 0.296958 7.950000 -0.012361
v 0.311488 7.950000 0.032361
v 0.296958 7.950000 0.012361
v 0.335000 7.880000 0.070000
v 0.293855 7.880000 0.056631
v 0.358511 7.950000 0.032361
v 0.335000 7.950000 0.040000
v 0.401574 7.880000 0.021631
v 0.376145 7.880000 0.056631
v 0.401574 7.880000 -0.021631
v 0.373042 7.950000 0.012361
v 0.358511 7.950000 -0.032361
v 0.373042 7.950000 -0.012361
v 0.376145 7.880000 -0.056631
v -0.530000 5.310000 -0.730000
v -0.640000 5.310000 -0.110000
v -0.640000 5.310000 -0.730000
v -0.530000 5.340000 -0.110000
v -0.640000 5.340000 -0.730000
v -0.640000 5.340000 -0.110000
v -0.530000 5.310000 -0.110000
v -0.530000 5.340000 -0.730000
v 1.450000 5.310000 -0.730000
v 1.340000 5.310000 -0.110000
v 1.340000 5.310000 -0.730000
v 1.450000 5.340000 -0.110000
v 1.340000 5.340000 -0.730000
v 1.340000 5.340000 -0.110000
v 1.450000 5.310000 -0.110000
v 1.450000 5.340000 -0.730000
v -0.200000 5.350000 0.110000
v -0.310000 5.350000 0.730000
v -0.310000 5.350000 0.110000
v -0.200000 5.380000 0.730000
v -0.310000 5.380000 0.110000
v -0.310000 5.380000 0.730000
v -0.200000 5.350000 0.730000
v -0.200000 5.380000 0.110000
v 1.120000 5.350000 0.110000
v 1.010000 5.350000 0.730000
v 1.010000 5.350000 0.110000
v 1.120000 5.380000 0.730000
v 1.010000 5.380000 0.110000
v 1.010000 5.380000 0.730000
v 1.120000 5.350000 0.730000
v 1.120000 5.380000 0.110000
v -8.275001 1.045000 -0.710000
v -7.055000 1.045000 0.710000
v -8.275001 1.045000 0.710000
v -7.055000 1.070000 -0.710000
v -8.275001 1.070000 0.710000
v -7.055000 1.070000 0.710000
v -7.055000 1.045000 -0.710000
v -8.275001 1.070000 -0.710000
v -8.007000 0.966144 0.745000
v -7.999001 0.980000 0.680000
v -7.999001 0.980000 0.745000
v -8.023001 0.966144 0.745000
v -8.007000 0.966144 0.680000
v -8.031000 0.980000 0.745000
v -8.023001 0.966144 0.680000
v -8.023001 0.993856 0.745000
v -8.031000 0.980000 0.680000
v -8.007000 0.993856 0.745000
v -8.023001 0.993856 0.680000
v -8.007000 0.993856 0.680000
v -8.027124 0.950000 0.742000
v -8.015000 0.630000 0.749000
v -8.015000 0.950000 0.749000
v -8.027124 0.950000 0.728000
v -8.027124 0.630000 0.742000
v -8.015000 0.950000 0.721000
v -8.027124 0.630000 0.728000
v -8.002876 0.950000 0.728000
v -8.015000 0.630000 0.721000
v -8.002876 0.950000 0.742000
v -8.002876 0.630000 0.728000
v -8.002876 0.630000 0.742000
v -8.029723 0.995000 0.743500
v -8.015000 0.940000 0.752000
v -8.015000 0.995000 0.752000
v -8.029723 0.995000 0.726500
v -8.029723 0.940000 0.743500
v -8.015000 0.995000 0.718000
v -8.029723 0.940000 0.726500
v -8.000278 0.995000 0.726500
v -8.015000 0.940000 0.718000
v -8.000278 0.995000 0.743500
v -8.000278 0.940000 0.726500
v -8.000278 0.940000 0.743500
v -6.458840 3.810000 2.846159
v -6.415000 4.350000 2.828000
v -6.415000 3.810000 2.828000
v -6.477000 3.810000 2.890000
v -6.458840 4.350000 2.846159
v -6.458840 3.810000 2.933841
v -6.477000 4.350000 2.890000
v -6.415000 3.810000 2.952000
v -6.458840 4.350000 2.933841
v -6.371160 3.810000 2.933841
v -6.415000 4.350000 2.952000
v -6.353000 3.810000 2.890000
v -6.371160 4.350000 2.933841
v -6.371160 3.810000 2.846159
v -6.353000 4.350000 2.890000
v -6.371160 4.350000 2.846159
v -7.026443 3.167000 -0.050159
v -6.990000 3.215000 -0.062000
v -6.990000 3.167000 -0.062000
v -7.048966 3.167000 -0.019159
v -7.026443 3.215000 -0.050159
v -7.048966 3.167000 0.019159
v -7.048966 3.215000 -0.019159
v -7.026443 3.167000 0.050159
v -7.048966 3.215000 0.019159
v -6.990000 3.167000 0.062000
v -7.026443 3.215000 0.050159
v -6.953557 3.167000 0.050159
v -6.990000 3.215000 0.062000
v -6.931035 3.167000 0.019159
v -6.953557 3.215000 0.050159
v -6.931035 3.167000 -0.019159
v -6.931035 3.215000 0.019159
v -6.953557 3.167000 -0.050159
v -6.931035 3.215000 -0.019159
v -6.953557 3.215000 -0.050159
v -6.990000 3.345000 -0.062000
v -7.018214 3.395000 -0.038833
v -6.990000 3.395000 -0.048000
v -7.026443 3.345000 -0.050159
v -7.035651 3.395000 -0.014833
v -7.048966 3.345000 0.019159
v -7.048966 3.345000 -0.019159
v -7.026443 3.345000 0.050159
v -7.035651 3.395000 0.014833
v -6.990000 3.345000 0.062000
v -7.018214 3.395000 0.038833
v -6.961787 3.395000 0.038833
v -6.990000 3.395000 0.048000
v -6.953557 3.345000 0.050159
v -6.944350 3.395000 0.014833
v -6.931035 3.345000 -0.019159
v -6.931035 3.345000 0.019159
v -6.953557 3.345000 -0.050159
v -6.944350 3.395000 -0.014833
v -6.961787 3.395000 -0.038833
v 5.613987 0.908417 -0.041012
v 5.655000 0.958417 -0.058000
v 5.655000 0.908417 -0.058000
v 5.597000 0.908417 -0.000000
v 5.613987 0.958417 -0.041012
v 5.613987 0.908417 0.041012
v 5.597000 0.958417 -0.000000
v 5.655000 0.908417 0.058000
v 5.613987 0.958417 0.041012
v 5.696012 0.908417 0.041012
v 5.655000 0.958417 0.058000
v 5.713000 0.908417 0.000000
v 5.696012 0.958417 0.041012
v 5.696012 0.908417 -0.041012
v 5.713000 0.958417 0.000000
v 5.696012 0.958417 -0.041012
v 4.095000 0.810919 -0.200000
v 3.975000 0.810919 0.200000
v 3.975000 0.810919 -0.200000
v 4.095000 0.860919 0.200000
v 3.975000 0.860919 -0.200000
v 3.975000 0.860919 0.200000
v 4.095000 0.810919 0.200000
v 4.095000 0.860919 -0.200000
v 4.035000 0.850918 -0.020000
v 4.035000 0.850918 -0.190000
v 3.555000 0.900918 -0.105000
v 3.555000 0.873918 -0.105000
v 4.035000 0.815919 -0.190000
v 4.035000 0.815919 -0.020000
v 4.035000 0.850918 0.020000
v 3.555000 0.900918 0.105000
v 4.035000 0.850918 0.190000
v 3.555000 0.873918 0.105000
v 4.035000 0.815919 0.020000
v 4.035000 0.815919 0.190000
v 4.290000 0.850918 0.300000
v 4.220000 0.880919 0.055000
v 4.220000 0.850918 0.300000
v 4.290000 0.880919 0.055000
v 4.220000 0.880919 -0.055000
v 4.290000 0.880919 -0.055000
v 4.220000 0.850918 -0.300000
v 6.895000 1.059343 -0.161000
v 6.720000 1.059343 -0.113000
v 6.720000 1.059343 -0.161000
v 6.895000 1.099343 -0.113000
v 6.720000 1.099343 -0.161000
v 6.720000 1.099343 -0.113000
v 6.895000 1.059343 -0.113000
v 6.895000 1.099343 -0.161000
v 6.883081 1.062316 -0.125000
v 6.975000 1.023343 -0.124000
v 6.895000 1.079343 -0.113000
v 6.883081 1.062316 -0.149000
v 6.968544 1.014120 -0.130500
v 6.975000 1.023343 -0.150000
v 6.968544 1.014120 -0.143500
v 6.906919 1.096371 -0.149000
v 6.895000 1.079343 -0.161000
v 6.981456 1.032567 -0.130500
v 6.981456 1.032567 -0.143500
v 6.906919 1.096371 -0.125000
v 5.872500 0.931995 -1.016511
v 5.935000 1.421995 -1.033258
v 5.935000 0.931995 -1.033258
v 5.826747 0.931995 -0.970758
v 5.872500 1.421995 -1.016511
v 5.810000 0.931995 -0.908258
v 5.826747 1.421995 -0.970758
v 5.826747 0.931995 -0.845758
v 5.810000 1.421995 -0.908258
v 5.872500 0.931995 -0.800005
v 5.826747 1.421995 -0.845758
v 5.935000 0.931995 -0.783258
v 5.872500 1.421995 -0.800005
v 5.997500 0.931995 -0.800005
v 5.935000 1.421995 -0.783258
v 6.043253 0.931995 -0.845758
v 5.997500 1.421995 -0.800005
v 6.060000 0.931995 -0.908258
v 6.043253 1.421995 -0.845758
v 6.043253 0.931995 -0.970758
v 6.060000 1.421995 -0.908258
v 5.997500 0.931995 -1.016511
v 6.043253 1.421995 -0.970758
v 5.997500 1.421995 -1.016511
v 5.900000 0.876995 -0.968880
v 5.935000 0.936995 -1.033258
v 5.935000 0.876995 -0.978258
v 5.874378 0.876995 -0.943258
v 5.872500 0.936995 -1.016511
v 5.865000 0.876995 -0.908258
v 5.826747 0.936995 -0.970758
v 5.826747 0.936995 -0.845758
v 5.810000 0.936995 -0.908258
v 5.900000 0.876995 -0.847636
v 5.874378 0.876995 -0.873258
v 5.935000 0.936995 -0.783258
v 5.872500 0.936995 -0.800005
v 5.970000 0.876995 -0.847636
v 5.935000 0.876995 -0.838258
v 5.995622 0.876995 -0.873258
v 5.997500 0.936995 -0.800005
v 6.005000 0.876995 -0.908258
v 6.043253 0.936995 -0.845758
v 6.043253 0.936995 -0.970758
v 6.060000 0.936995 -0.908258
v 5.995622 0.876995 -0.943258
v 5.997500 0.936995 -1.016511
v 5.970000 0.876995 -0.968880
v 5.935000 1.416995 -1.033258
v 5.900000 1.476995 -0.968880
v 5.935000 1.476995 -0.978258
v 5.872500 1.416995 -1.016511
v 5.874378 1.476995 -0.943258
v 5.826747 1.416995 -0.970758
v 5.865000 1.476995 -0.908258
v 5.826747 1.416995 -0.845758
v 5.810000 1.416995 -0.908258
v 5.872500 1.416995 -0.800005
v 5.874378 1.476995 -0.873258
v 5.935000 1.416995 -0.783258
v 5.900000 1.476995 -0.847636
v 5.970000 1.476995 -0.847636
v 5.935000 1.476995 -0.838258
v 6.043253 1.416995 -0.845758
v 5.997500 1.416995 -0.800005
v 6.005000 1.476995 -0.908258
v 5.995622 1.476995 -0.873258
v 6.043253 1.416995 -0.970758
v 6.060000 1.416995 -0.908258
v 5.997500 1.416995 -1.016511
v 5.995622 1.476995 -0.943258
v 5.970000 1.476995 -0.968880
v 5.192500 0.877209 -1.349931
v 5.255000 1.367209 -1.366678
v 5.255000 0.877209 -1.366678
v 5.146747 0.877209 -1.304178
v 5.192500 1.367209 -1.349931
v 5.130000 0.877209 -1.241678
v 5.146747 1.367209 -1.304178
v 5.146747 0.877209 -1.179178
v 5.130000 1.367209 -1.241678
v 5.192500 0.877209 -1.133425
v 5.146747 1.367209 -1.179178
v 5.255000 0.877209 -1.116678
v 5.192500 1.367209 -1.133425
v 5.317500 0.877209 -1.133425
v 5.255000 1.367209 -1.116678
v 5.363253 0.877209 -1.179178
v 5.317500 1.367209 -1.133425
v 5.380000 0.877209 -1.241678
v 5.363253 1.367209 -1.179178
v 5.363253 0.877209 -1.304178
v 5.380000 1.367209 -1.241678
v 5.317500 0.877209 -1.349931
v 5.363253 1.367209 -1.304178
v 5.317500 1.367209 -1.349931
v 5.255000 0.822209 -1.311678
v 5.192500 0.882209 -1.349931
v 5.255000 0.882209 -1.366678
v 5.194378 0.822209 -1.276678
v 5.220000 0.822209 -1.302299
v 5.184999 0.822209 -1.241678
v 5.146747 0.882209 -1.304178
v 5.146747 0.882209 -1.179178
v 5.130000 0.882209 -1.241678
v 5.220000 0.822209 -1.181056
v 5.194378 0.822209 -1.206678
v 5.255000 0.822209 -1.171678
v 5.192500 0.882209 -1.133425
v 5.317500 0.882209 -1.133425
v 5.255000 0.882209 -1.116678
v 5.315621 0.822209 -1.206678
v 5.289999 0.822209 -1.181056
v 5.325000 0.822209 -1.241678
v 5.363253 0.882209 -1.179178
v 5.363253 0.882209 -1.304178
v 5.380000 0.882209 -1.241678
v 5.289999 0.822209 -1.302299
v 5.315621 0.822209 -1.276678
v 5.317500 0.882209 -1.349931
v 5.192500 1.362209 -1.349931
v 5.255000 1.422209 -1.311678
v 5.255000 1.362209 -1.366678
v 5.146747 1.362209 -1.304178
v 5.220000 1.422209 -1.302299
v 5.184999 1.422209 -1.241678
v 5.194378 1.422209 -1.276678
v 5.146747 1.362209 -1.179178
v 5.130000 1.362209 -1.241678
v 5.192500 1.362209 -1.133425
v 5.194378 1.422209 -1.206678
v 5.255000 1.422209 -1.171678
v 5.220000 1.422209 -1.181056
v 5.317500 1.362209 -1.133425
v 5.255000 1.362209 -1.116678
v 5.363253 1.362209 -1.179178
v 5.289999 1.422209 -1.181056
v 5.325000 1.422209 -1.241678
v 5.315621 1.422209 -1.206678
v 5.363253 1.362209 -1.304178
v 5.380000 1.362209 -1.241678
v 5.317500 1.362209 -1.349931
v 5.315621 1.422209 -1.276678
v 5.289999 1.422209 -1.302299
v 5.522500 0.902729 0.969466
v 5.585000 1.392730 0.952719
v 5.585000 0.902729 0.952719
v 5.476747 0.902729 1.015219
v 5.522500 1.392730 0.969466
v 5.460000 0.902729 1.077719
v 5.476747 1.392730 1.015219
v 5.476747 0.902729 1.140219
v 5.460000 1.392730 1.077719
v 5.522500 0.902729 1.185973
v 5.476747 1.392730 1.140219
v 5.585000 0.902729 1.202719
v 5.522500 1.392730 1.185973
v 5.647500 0.902729 1.185973
v 5.585000 1.392730 1.202719
v 5.693253 0.902729 1.140219
v 5.647500 1.392730 1.185973
v 5.710000 0.902729 1.077719
v 5.693253 1.392730 1.140219
v 5.693253 0.902729 1.015219
v 5.710000 1.392730 1.077719
v 5.647500 0.902729 0.969466
v 5.693253 1.392730 1.015219
v 5.647500 1.392730 0.969466
v 5.550000 0.847730 1.017098
v 5.585000 0.907730 0.952719
v 5.585000 0.847730 1.007719
v 5.476747 0.907730 1.015219
v 5.522500 0.907730 0.969466
v 5.515000 0.847730 1.077719
v 5.524378 0.847730 1.042719
v 5.476747 0.907730 1.140219
v 5.460000 0.907730 1.077719
v 5.550000 0.847730 1.138341
v 5.524378 0.847730 1.112719
v 5.585000 0.847730 1.147720
v 5.522500 0.907730 1.185973
v 5.647500 0.907730 1.185973
v 5.585000 0.907730 1.202719
v 5.645622 0.847730 1.112719
v 5.620000 0.847730 1.138341
v 5.655000 0.847730 1.077719
v 5.693253 0.907730 1.140219
v 5.693253 0.907730 1.015219
v 5.710000 0.907730 1.077719
v 5.620000 0.847730 1.017098
v 5.645622 0.847730 1.042719
v 5.647500 0.907730 0.969466
v 5.585000 1.387730 0.952719
v 5.550000 1.447729 1.017098
v 5.585000 1.447729 1.007719
v 5.476747 1.387730 1.015219
v 5.522500 1.387730 0.969466
v 5.515000 1.447729 1.077719
v 5.524378 1.447729 1.042719
v 5.476747 1.387730 1.140219
v 5.460000 1.387730 1.077719
v 5.522500 1.387730 1.185973
v 5.524378 1.447729 1.112719
v 5.585000 1.447729 1.147720
v 5.550000 1.447729 1.138341
v 5.647500 1.387730 1.185973
v 5.585000 1.387730 1.202719
v 5.693253 1.387730 1.140219
v 5.620000 1.447729 1.138341
v 5.655000 1.447729 1.077719
v 5.645622 1.447729 1.112719
v 5.693253 1.387730 1.015219
v 5.710000 1.387730 1.077719
v 5.620000 1.447729 1.017098
v 5.645622 1.447729 1.042719
v 5.647500 1.387730 0.969466
v 5.329000 1.127762 1.035685
v 5.395000 1.147762 1.018000
v 5.395000 1.127762 1.018000
v 5.280684 1.127762 1.084000
v 5.329000 1.147762 1.035685
v 5.263000 1.127762 1.150000
v 5.280684 1.147762 1.084000
v 5.280684 1.127762 1.216000
v 5.263000 1.147762 1.150000
v 5.329000 1.127762 1.264315
v 5.280684 1.147762 1.216000
v 5.395000 1.127762 1.282000
v 5.329000 1.147762 1.264315
v 5.461000 1.127762 1.264315
v 5.395000 1.147762 1.282000
v 5.509315 1.127762 1.216000
v 5.461000 1.147762 1.264315
v 5.527000 1.127762 1.150000
v 5.509315 1.147762 1.216000
v 5.509315 1.127762 1.084000
v 5.527000 1.147762 1.150000
v 5.461000 1.127762 1.035685
v 5.509315 1.147762 1.084000
v 5.461000 1.147762 1.035685
v 4.390000 0.844825 -1.392583
v 4.285000 0.909825 -1.410000
v 4.390000 0.909825 -1.410000
v 4.390000 0.797242 -1.345000
v 4.285000 0.844825 -1.392583
v 4.390000 0.779825 -1.280000
v 4.285000 0.797242 -1.345000
v 4.390000 0.797242 -1.215000
v 4.285000 0.779825 -1.280000
v 4.390000 0.844825 -1.167417
v 4.285000 0.797242 -1.215000
v 4.390000 0.909825 -1.150000
v 4.285000 0.844825 -1.167417
v 4.390000 0.974825 -1.167417
v 4.285000 0.909825 -1.150000
v 4.390000 1.022408 -1.215000
v 4.285000 0.974825 -1.167417
v 4.390000 1.039825 -1.280000
v 4.285000 1.022408 -1.215000
v 4.390000 1.022408 -1.345000
v 4.285000 1.039825 -1.280000
v 4.390000 0.974825 -1.392583
v 4.285000 1.022408 -1.345000
v 4.285000 0.974825 -1.392583
v -3.025000 3.435000 -2.640000
v -4.705000 3.435000 -2.180000
v -4.705000 3.435000 -2.640000
v -3.025000 3.480000 -2.180000
v -4.705000 3.480000 -2.640000
v -4.705000 3.480000 -2.180000
v -3.025000 3.435000 -2.180000
v -3.025000 3.480000 -2.640000
v -5.025000 3.435000 -2.640000
v -6.505000 3.435000 -2.180000
v -6.505000 3.435000 -2.640000
v -5.025000 3.480000 -2.180000
v -6.505000 3.480000 -2.640000
v -6.505000 3.480000 -2.180000
v -5.025000 3.435000 -2.180000
v -5.025000 3.480000 -2.640000
v -3.025000 3.435000 2.180000
v -4.705000 3.435000 2.640000
v -4.705000 3.435000 2.180000
v -3.025000 3.480000 2.640000
v -4.705000 3.480000 2.180000
v -4.705000 3.480000 2.640000
v -3.025000 3.435000 2.640000
v -3.025000 3.480000 2.180000
v -5.025000 3.435000 2.180000
v -6.505000 3.435000 2.640000
v -6.505000 3.435000 2.180000
v -5.025000 3.480000 2.640000
v -6.505000 3.480000 2.180000
v -6.505000 3.480000 2.640000
v -5.025000 3.435000 2.640000
v -5.025000 3.480000 2.180000
v -2.605000 3.139617 -0.560993
v -2.627500 5.289977 -0.624999
v -2.625000 5.289913 -0.627499
v -2.605000 3.140383 -0.539007
v -2.616000 3.139898 -0.549996
v -2.594001 3.140102 -0.550004
v -2.625000 5.290087 -0.622501
v -2.622500 5.290023 -0.625001
v -2.605000 3.139617 -0.675993
v -2.627500 5.289977 -0.739999
v -2.625000 5.289913 -0.742499
v -2.605000 3.140383 -0.654007
v -2.616000 3.139898 -0.664996
v -2.594001 3.140102 -0.665004
v -2.625000 5.290087 -0.737502
v -2.622500 5.290023 -0.740001
v -2.605000 3.139617 -0.790993
v -2.627500 5.289977 -0.854999
v -2.625000 5.289913 -0.857499
v -2.605000 3.140383 -0.769007
v -2.616000 3.139898 -0.779996
v -2.594001 3.140102 -0.780004
v -2.625000 5.290087 -0.852502
v -2.622500 5.290023 -0.855001
v -2.605000 3.139617 -0.905993
v -2.627500 5.289977 -0.969999
v -2.625000 5.289913 -0.972499
v -2.605000 3.140383 -0.884007
v -2.616000 3.139898 -0.894996
v -2.594001 3.140102 -0.895004
v -2.625000 5.290087 -0.967502
v -2.622500 5.290023 -0.970001
v -2.605000 3.139617 -1.020993
v -2.627500 5.289977 -1.084999
v -2.625000 5.289913 -1.087499
v -2.605000 3.140383 -0.999007
v -2.616000 3.139898 -1.009996
v -2.594001 3.140102 -1.010004
v -2.625000 5.290087 -1.082502
v -2.622500 5.290023 -1.085001
v -2.605000 3.139617 -1.135993
v -2.627500 5.289977 -1.199999
v -2.625000 5.289913 -1.202499
v -2.605000 3.140383 -1.114007
v -2.616000 3.139898 -1.124996
v -2.594001 3.140102 -1.125004
v -2.625000 5.290087 -1.197502
v -2.622500 5.290023 -1.200001
v -2.605000 3.139617 -1.250993
v -2.627500 5.289977 -1.314999
v -2.625000 5.289913 -1.317499
v -2.605000 3.140383 -1.229007
v -2.616000 3.139898 -1.239996
v -2.594001 3.140102 -1.240004
v -2.625000 5.290087 -1.312502
v -2.622500 5.290023 -1.315001
v -2.605000 3.139617 -1.365993
v -2.627500 5.289977 -1.429999
v -2.625000 5.289913 -1.432498
v -2.605000 3.140383 -1.344007
v -2.616000 3.139898 -1.354996
v -2.594001 3.140102 -1.355004
v -2.625000 5.290087 -1.427501
v -2.622500 5.290023 -1.430001
v -4.673000 3.380000 -0.572420
v -4.585000 3.400000 -0.596000
v -4.585000 3.380000 -0.596000
v -4.737421 3.380000 -0.508000
v -4.673000 3.400000 -0.572420
v -4.761000 3.380000 -0.420000
v -4.737421 3.400000 -0.508000
v -4.737421 3.380000 -0.332000
v -4.761000 3.400000 -0.420000
v -4.673000 3.380000 -0.267580
v -4.737421 3.400000 -0.332000
v -4.585000 3.380000 -0.244000
v -4.673000 3.400000 -0.267580
v -4.497000 3.380000 -0.267580
v -4.585000 3.400000 -0.244000
v -4.432580 3.380000 -0.332000
v -4.497000 3.400000 -0.267580
v -4.409000 3.380000 -0.420000
v -4.432580 3.400000 -0.332000
v -4.432580 3.380000 -0.508000
v -4.409000 3.400000 -0.420000
v -4.497000 3.380000 -0.572420
v -4.432580 3.400000 -0.508000
v -4.497000 3.400000 -0.572420
v 1.935000 3.850000 1.090000
v 1.655000 3.850000 1.160000
v 1.655000 3.850000 1.090000
v 1.935000 3.858000 1.160000
v 1.655000 3.858000 1.090000
v 1.655000 3.858000 1.160000
v 1.935000 3.850000 1.160000
v 1.935000 3.858000 1.090000
v 1.464427 3.930000 0.651684
v 1.485000 3.934000 0.645000
v 1.485000 3.930000 0.645000
v 1.451713 3.930000 0.669184
v 1.464427 3.934000 0.651684
v 1.451713 3.930000 0.690816
v 1.451713 3.934000 0.669184
v 1.464427 3.930000 0.708316
v 1.451713 3.934000 0.690816
v 1.485000 3.930000 0.715000
v 1.464427 3.934000 0.708316
v 1.505572 3.930000 0.708316
v 1.485000 3.934000 0.715000
v 1.518287 3.930000 0.690816
v 1.505572 3.934000 0.708316
v 1.518287 3.930000 0.669184
v 1.518287 3.934000 0.690816
v 1.505572 3.930000 0.651684
v 1.518287 3.934000 0.669184
v 1.505572 3.934000 0.651684
v 2.235000 3.848787 1.198787
v 2.095000 3.870000 1.190000
v 2.235000 3.870000 1.190000
v 2.235000 3.840000 1.220000
v 2.095000 3.848787 1.198787
v 2.235000 3.848787 1.241213
v 2.095000 3.840000 1.220000
v 2.235000 3.870000 1.250000
v 2.095000 3.848787 1.241213
v 2.235000 3.891213 1.241213
v 2.095000 3.870000 1.250000
v 2.235000 3.900000 1.220000
v 2.095000 3.891213 1.241213
v 2.235000 3.891213 1.198787
v 2.095000 3.900000 1.220000
v 2.095000 3.891213 1.198787
v 2.095000 3.854411 1.211000
v 2.055000 3.870000 1.202000
v 2.095000 3.870000 1.202000
v 2.095000 3.854411 1.229000
v 2.055000 3.854411 1.211000
v 2.095000 3.870000 1.238000
v 2.055000 3.854411 1.229000
v 2.095000 3.885588 1.229000
v 2.055000 3.870000 1.238000
v 2.095000 3.885588 1.211000
v 2.055000 3.885588 1.229000
v 2.055000 3.885588 1.211000
v 2.235000 3.848787 1.088787
v 2.095000 3.870000 1.080000
v 2.235000 3.870000 1.080000
v 2.235000 3.840000 1.110000
v 2.095000 3.848787 1.088787
v 2.235000 3.848787 1.131213
v 2.095000 3.840000 1.110000
v 2.235000 3.870000 1.140000
v 2.095000 3.848787 1.131213
v 2.235000 3.891213 1.131213
v 2.095000 3.870000 1.140000
v 2.235000 3.900000 1.110000
v 2.095000 3.891213 1.131213
v 2.235000 3.891213 1.088787
v 2.095000 3.900000 1.110000
v 2.095000 3.891213 1.088787
v 2.095000 3.854411 1.101000
v 2.055000 3.870000 1.092000
v 2.095000 3.870000 1.092000
v 2.095000 3.854411 1.119000
v 2.055000 3.854411 1.101000
v 2.095000 3.870000 1.128000
v 2.055000 3.854411 1.119000
v 2.095000 3.885588 1.119000
v 2.055000 3.870000 1.128000
v 2.095000 3.885588 1.101000
v 2.055000 3.885588 1.119000
v 2.055000 3.885588 1.101000
v 2.195000 3.854000 1.110000
v 2.135000 3.854000 1.220000
v 2.135000 3.854000 1.110000
v 2.195000 3.886000 1.220000
v 2.135000 3.886000 1.110000
v 2.135000 3.886000 1.220000
v 2.195000 3.854000 1.220000
v 2.195000 3.886000 1.110000
v -1.588335 3.680000 -1.371783
v -1.565000 3.740000 -1.381449
v -1.565000 3.680000 -1.381449
v -1.598000 3.680000 -1.348449
v -1.588335 3.740000 -1.371783
v -1.588335 3.680000 -1.325114
v -1.598000 3.740000 -1.348449
v -1.565000 3.680000 -1.315449
v -1.588335 3.740000 -1.325114
v -1.541666 3.680000 -1.325114
v -1.565000 3.740000 -1.315449
v -1.532000 3.680000 -1.348449
v -1.541666 3.740000 -1.325114
v -1.541666 3.680000 -1.371783
v -1.532000 3.740000 -1.348449
v -1.541666 3.740000 -1.371783
v -1.562580 3.725478 -1.339949
v -1.475000 3.755000 -1.331449
v -1.565000 3.740000 -1.331449
v -1.562580 3.725478 -1.356949
v -1.472580 3.740478 -1.339949
v -1.475000 3.755000 -1.365449
v -1.472580 3.740478 -1.356949
v -1.565000 3.740000 -1.365449
v -1.477421 3.769522 -1.356949
v -1.567421 3.754522 -1.339949
v -1.567421 3.754522 -1.356949
v -1.477421 3.769522 -1.339949
v -1.945000 3.100000 -0.960000
v -2.085000 3.100000 -0.840000
v -2.085000 3.100000 -0.960000
v -1.945000 3.130000 -0.840000
v -2.085000 3.130000 -0.960000
v -2.085000 3.130000 -0.840000
v -1.945000 3.100000 -0.840000
v -1.945000 3.130000 -0.960000
v -2.085000 3.096876 1.252102
v -1.978557 4.022876 1.205799
v -1.945000 4.016876 1.192102
v -2.132456 3.107191 1.299531
v -2.118556 3.102876 1.265799
v -1.978557 4.027294 1.273538
v -1.992456 4.027191 1.239531
v -2.118556 3.107294 1.333537
v -1.945000 4.023124 1.287898
v -2.051444 3.097124 1.334201
v -2.085000 3.103124 1.347898
v -1.897544 4.012809 1.240469
v -1.911444 4.017124 1.274201
v -2.051444 3.092706 1.266462
v -2.037544 3.092809 1.300469
v -1.911444 4.012706 1.206463
v -0.505000 1.400000 -1.291251
v -1.225000 1.400000 -0.911251
v -1.225000 1.400000 -1.291251
v -0.505000 1.435000 -0.911251
v -1.225000 1.435000 -1.291251
v -1.225000 1.435000 -0.911251
v -0.505000 1.400000 -0.911251
v -0.505000 1.435000 -1.291251
v 2.605038 2.000000 0.291234
v 2.655000 2.060000 0.275000
v 2.655000 2.000000 0.275000
v 2.574160 2.000000 0.333734
v 2.605038 2.060000 0.291234
v 2.574160 2.000000 0.386266
v 2.574160 2.060000 0.333734
v 2.605038 2.000000 0.428766
v 2.574160 2.060000 0.386266
v 2.655000 2.000000 0.445000
v 2.605038 2.060000 0.428766
v 2.704962 2.000000 0.428766
v 2.655000 2.060000 0.445000
v 2.735840 2.000000 0.386266
v 2.704962 2.060000 0.428766
v 2.735840 2.000000 0.333734
v 2.735840 2.060000 0.386266
v 2.704962 2.000000 0.291234
v 2.735840 2.060000 0.333734
v 2.704962 2.060000 0.291234
v 2.535000 1.720000 0.347000
v 2.478910 1.688271 0.355983
v 2.475000 1.700000 0.347000
v 2.537416 1.712751 0.370517
v 2.538910 1.708271 0.355983
v 2.532583 1.727249 0.370517
v 2.477416 1.692751 0.370517
v 2.531090 1.731729 0.355983
v 2.472584 1.707249 0.370517
v 2.471090 1.711729 0.355983
v 2.915000 1.860000 -0.240000
v 2.910000 1.860000 0.420000
v 2.910000 1.860000 -0.240000
v 2.915000 2.340000 0.420000
v 2.910000 2.340000 -0.240000
v 2.910000 2.340000 0.420000
v 2.915000 1.860000 0.420000
v 2.915000 2.340000 -0.240000
v 0.475000 0.620000 -0.460000
v -0.505000 0.620000 0.460000
v -0.505000 0.620000 -0.460000
v 0.475000 0.624000 0.460000
v -0.505000 0.624000 -0.460000
v -0.505000 0.624000 0.460000
v 0.475000 0.620000 0.460000
v 0.475000 0.624000 -0.460000
v 8.332747 2.555870 -0.824934
v 8.356061 2.667555 -0.866410
v 8.349694 2.552954 -0.831393
v 8.325728 2.561185 -0.808813
v 8.339114 2.670470 -0.859951
v 8.339114 2.680388 -0.827491
v 8.332095 2.675786 -0.843830
v 8.349694 2.566981 -0.785489
v 8.332747 2.565788 -0.792474
v 8.373008 2.678666 -0.826965
v 8.356061 2.681581 -0.820505
v 8.366641 2.564065 -0.791948
v 8.380027 2.673350 -0.843086
v 8.366641 2.554147 -0.824408
v 8.373660 2.558750 -0.808069
v 8.373008 2.668748 -0.859425
v 8.349694 2.566981 0.785489
v 8.339114 2.680388 0.827491
v 8.356061 2.681581 0.820505
v 8.325728 2.561185 0.808813
v 8.332747 2.565788 0.792474
v 8.339114 2.670470 0.859951
v 8.332095 2.675786 0.843830
v 8.332747 2.555870 0.824934
v 8.356061 2.667555 0.866410
v 8.366641 2.554147 0.824408
v 8.349694 2.552954 0.831393
v 8.380027 2.673350 0.843086
v 8.373008 2.668748 0.859425
v 8.366641 2.564065 0.791948
v 8.373660 2.558750 0.808069
v 8.373008 2.678666 0.826965
v 7.782747 2.413638 -1.211711
v 7.806061 2.525323 -1.253188
v 7.799694 2.410722 -1.218171
v 7.782094 2.533554 -1.230607
v 7.789114 2.528239 -1.246728
v 7.782747 2.423556 -1.179252
v 7.775728 2.418954 -1.195590
v 7.806061 2.539350 -1.207283
v 7.789114 2.538157 -1.214269
v 7.799694 2.424749 -1.172266
v 7.823008 2.536434 -1.213742
v 7.823660 2.416518 -1.194846
v 7.816641 2.421834 -1.178725
v 7.823008 2.526516 -1.246202
v 7.830027 2.531119 -1.229863
v 7.816641 2.411916 -1.211185
v 7.782747 2.423556 1.179252
v 7.806061 2.539350 1.207283
v 7.799694 2.424749 1.172266
v 7.782094 2.533554 1.230607
v 7.789114 2.538157 1.214269
v 7.782747 2.413638 1.211711
v 7.775728 2.418954 1.195590
v 7.806061 2.525323 1.253188
v 7.789114 2.528239 1.246728
v 7.799694 2.410722 1.218171
v 7.823008 2.526516 1.246202
v 7.823660 2.416518 1.194846
v 7.816641 2.411916 1.211185
v 7.823008 2.536434 1.213742
v 7.830027 2.531119 1.229863
v 7.816641 2.421834 1.178725
v 7.232747 2.303362 -1.571314
v 7.256061 2.415047 -1.612790
v 7.249694 2.300446 -1.577774
v 7.232094 2.423278 -1.590210
v 7.239114 2.417962 -1.606331
v 7.232747 2.313280 -1.538854
v 7.225728 2.308677 -1.555193
v 7.249694 2.314473 -1.531869
v 7.239114 2.427881 -1.573871
v 7.273007 2.426158 -1.573345
v 7.256061 2.429074 -1.566885
v 7.273660 2.306242 -1.554449
v 7.266641 2.311558 -1.538328
v 7.266641 2.301639 -1.570788
v 7.280027 2.420842 -1.589466
v 7.273007 2.416240 -1.605805
v 7.249694 2.314473 1.531869
v 7.239114 2.427881 1.573871
v 7.256061 2.429074 1.566885
v 7.225728 2.308677 1.555193
v 7.232747 2.313280 1.538854
v 7.232747 2.303362 1.571314
v 7.232094 2.423278 1.590210
v 7.256061 2.415047 1.612790
v 7.239114 2.417962 1.606331
v 7.266641 2.301639 1.570788
v 7.249694 2.300446 1.577774
v 7.273660 2.306242 1.554449
v 7.273007 2.416240 1.605805
v 7.273007 2.426158 1.573345
v 7.280027 2.420842 1.589466
v 7.266641 2.311558 1.538328
v 6.682747 2.200402 -1.926532
v 6.706061 2.312087 -1.968009
v 6.699694 2.197486 -1.932992
v 6.682095 2.320318 -1.945428
v 6.689114 2.315002 -1.961549
v 6.682747 2.210320 -1.894073
v 6.675728 2.205717 -1.910411
v 6.699694 2.211513 -1.887087
v 6.689114 2.324920 -1.929089
v 6.723008 2.323198 -1.928563
v 6.706061 2.326113 -1.922104
v 6.723660 2.203282 -1.909667
v 6.716641 2.208597 -1.893546
v 6.716641 2.198679 -1.926006
v 6.730027 2.317882 -1.944684
v 6.723008 2.313280 -1.961023
v 6.699694 2.211513 1.887087
v 6.689114 2.324920 1.929089
v 6.706061 2.326113 1.922104
v 6.675728 2.205717 1.910411
v 6.682747 2.210320 1.894073
v 6.682747 2.200402 1.926532
v 6.682095 2.320318 1.945428
v 6.706061 2.312087 1.968009
v 6.689114 2.315002 1.961549
v 6.716641 2.198679 1.926006
v 6.699694 2.197486 1.932992
v 6.723660 2.203282 1.909667
v 6.723008 2.313280 1.961023
v 6.723008 2.323198 1.928563
v 6.730027 2.317882 1.944684
v 6.716641 2.208597 1.893546
v 6.132747 2.133577 -2.164333
v 6.156061 2.245262 -2.205810
v 6.149694 2.130662 -2.170793
v 6.125728 2.138893 -2.148212
v 6.139114 2.248178 -2.199350
v 6.139114 2.258096 -2.166891
v 6.132094 2.253494 -2.183229
v 6.149694 2.144688 -2.124888
v 6.132747 2.143495 -2.131874
v 6.173007 2.256374 -2.166364
v 6.156061 2.259289 -2.159905
v 6.166641 2.141773 -2.131347
v 6.180027 2.251058 -2.182485
v 6.166641 2.131855 -2.163807
v 6.173660 2.136457 -2.147468
v 6.173007 2.246455 -2.198824
v 6.149694 2.144688 2.124888
v 6.139114 2.258096 2.166891
v 6.156061 2.259289 2.159905
v 6.125728 2.138893 2.148212
v 6.132747 2.143495 2.131874
v 6.139114 2.248178 2.199350
v 6.132094 2.253494 2.183229
v 6.132747 2.133577 2.164333
v 6.156061 2.245262 2.205810
v 6.166641 2.131855 2.163807
v 6.149694 2.130662 2.170793
v 6.180027 2.251058 2.182485
v 6.173007 2.246455 2.198824
v 6.166641 2.141773 2.131347
v 6.173660 2.136457 2.147468
v 6.173007 2.256374 2.166364
v 5.582747 2.070611 -2.397460
v 5.606061 2.182297 -2.438936
v 5.599694 2.067696 -2.403919
v 5.575728 2.075927 -2.381339
v 5.589114 2.185212 -2.432477
v 5.589114 2.195130 -2.400017
v 5.582095 2.190528 -2.416356
v 5.599694 2.081723 -2.358015
v 5.582747 2.080530 -2.365000
v 5.623008 2.193408 -2.399491
v 5.606061 2.196323 -2.393032
v 5.616641 2.078807 -2.364474
v 5.630027 2.188092 -2.415612
v 5.616641 2.068889 -2.396934
v 5.623661 2.073492 -2.380595
v 5.623008 2.183490 -2.431951
v 5.599694 2.081723 2.358015
v 5.589114 2.195130 2.400017
v 5.606061 2.196323 2.393032
v 5.575728 2.075927 2.381339
v 5.582747 2.080530 2.365000
v 5.589114 2.185212 2.432477
v 5.582095 2.190528 2.416356
v 5.582747 2.070611 2.397460
v 5.606061 2.182297 2.438936
v 5.616641 2.068889 2.396934
v 5.599694 2.067696 2.403919
v 5.630027 2.188092 2.415612
v 5.623008 2.183490 2.431951
v 5.616641 2.078807 2.364474
v 5.623661 2.073492 2.380595
v 5.623008 2.193408 2.399491
v 5.032747 2.013688 -2.605793
v 5.056061 2.125373 -2.647269
v 5.049694 2.010773 -2.612252
v 5.025728 2.019004 -2.589672
v 5.039114 2.128289 -2.640810
v 5.039114 2.138207 -2.608351
v 5.032094 2.133605 -2.624689
v 5.049694 2.024799 -2.566348
v 5.032747 2.023606 -2.573334
v 5.073008 2.136485 -2.607824
v 5.056061 2.139400 -2.601365
v 5.066641 2.021884 -2.572807
v 5.080027 2.131169 -2.623945
v 5.066641 2.011966 -2.605267
v 5.073660 2.016568 -2.588928
v 5.073008 2.126566 -2.640284
v 5.049694 2.024799 2.566348
v 5.039114 2.138207 2.608351
v 5.056061 2.139400 2.601365
v 5.025728 2.019004 2.589672
v 5.032747 2.023606 2.573334
v 5.039114 2.128289 2.640810
v 5.032094 2.133605 2.624689
v 5.032747 2.013688 2.605793
v 5.056061 2.125373 2.647269
v 5.066641 2.011966 2.605267
v 5.049694 2.010773 2.612252
v 5.080027 2.131169 2.623945
v 5.073008 2.126566 2.640284
v 5.066641 2.021884 2.572807
v 5.073660 2.016568 2.588928
v 5.073008 2.136485 2.607824
v 4.482747 1.964661 -2.771995
v 4.506061 2.076347 -2.813471
v 4.499694 1.961746 -2.778454
v 4.475728 1.969977 -2.755874
v 4.489114 2.079262 -2.807012
v 4.482747 1.974580 -2.739535
v 4.482094 2.084578 -2.790891
v 4.499694 1.975773 -2.732550
v 4.489114 2.089180 -2.774552
v 4.523007 2.087458 -2.774026
v 4.506061 2.090374 -2.767567
v 4.516641 1.972858 -2.739009
v 4.530027 2.082142 -2.790147
v 4.523660 1.967542 -2.755130
v 4.523007 2.077540 -2.806486
v 4.516641 1.962939 -2.771469
v 4.499694 1.975773 2.732550
v 4.489114 2.089180 2.774552
v 4.506061 2.090374 2.767567
v 4.482747 1.974580 2.739535
v 4.482094 2.084578 2.790891
v 4.475728 1.969977 2.755874
v 4.489114 2.079262 2.807012
v 4.482747 1.964661 2.771995
v 4.506061 2.076347 2.813471
v 4.516641 1.962939 2.771469
v 4.499694 1.961746 2.778454
v 4.523660 1.967542 2.755130
v 4.523007 2.077540 2.806486
v 4.516641 1.972858 2.739009
v 4.530027 2.082142 2.790147
v 4.523007 2.087458 2.774026
v 3.932748 1.922907 -2.901276
v 3.956061 2.034593 -2.942753
v 3.949694 1.919992 -2.907736
v 3.925728 1.928223 -2.885155
v 3.939115 2.037508 -2.936293
v 3.932748 1.932826 -2.868817
v 3.932095 2.042824 -2.920172
v 3.949694 1.934019 -2.861831
v 3.939115 2.047426 -2.903834
v 3.973008 2.045704 -2.903307
v 3.956061 2.048620 -2.896848
v 3.966641 1.931104 -2.868290
v 3.980027 2.040388 -2.919428
v 3.973661 1.925788 -2.884411
v 3.973008 2.035786 -2.935767
v 3.966641 1.921185 -2.900750
v 3.949694 1.934019 2.861831
v 3.939115 2.047426 2.903834
v 3.956061 2.048620 2.896848
v 3.932748 1.932826 2.868817
v 3.932095 2.042824 2.920172
v 3.925728 1.928223 2.885155
v 3.939115 2.037508 2.936293
v 3.932748 1.922907 2.901276
v 3.956061 2.034593 2.942753
v 3.966641 1.921185 2.900750
v 3.949694 1.919992 2.907736
v 3.973661 1.925788 2.884411
v 3.973008 2.035786 2.935767
v 3.966641 1.931104 2.868290
v 3.980027 2.040388 2.919428
v 3.973008 2.045704 2.903307
v 3.382748 1.887570 -3.002969
v 3.406061 1.999255 -3.044446
v 3.399694 1.884655 -3.009429
v 3.375728 1.892886 -2.986849
v 3.389114 2.002171 -3.037986
v 3.382748 1.897488 -2.970510
v 3.382095 2.007487 -3.021866
v 3.399694 1.898682 -2.963524
v 3.389114 2.012089 -3.005527
v 3.423007 2.010367 -3.005001
v 3.406061 2.013282 -2.998541
v 3.423661 1.890450 -2.986104
v 3.416641 1.895766 -2.969984
v 3.423007 2.000448 -3.037460
v 3.430027 2.005051 -3.021121
v 3.416641 1.885848 -3.002443
v 3.399694 1.898682 2.963524
v 3.389114 2.012089 3.005527
v 3.406061 2.013282 2.998541
v 3.382748 1.897488 2.970510
v 3.382095 2.007487 3.021866
v 3.375728 1.892886 2.986849
v 3.389114 2.002171 3.037986
v 3.382748 1.887570 3.002969
v 3.406061 1.999255 3.044446
v 3.416641 1.885848 3.002443
v 3.399694 1.884655 3.009429
v 3.423661 1.890450 2.986104
v 3.423007 2.000448 3.037460
v 3.416641 1.895766 2.969984
v 3.430027 2.005051 3.021121
v 3.423007 2.010367 3.005001
v 2.832748 1.857946 -3.085370
v 2.856061 1.969631 -3.126847
v 2.849694 1.855031 -3.091830
v 2.825728 1.863262 -3.069250
v 2.839114 1.972546 -3.120387
v 2.832748 1.867864 -3.052911
v 2.832095 1.977862 -3.104267
v 2.849694 1.869057 -3.045925
v 2.839114 1.982465 -3.087928
v 2.873008 1.980743 -3.087402
v 2.856061 1.983658 -3.080942
v 2.866641 1.866142 -3.052385
v 2.880027 1.975427 -3.103522
v 2.873661 1.860826 -3.068505
v 2.873008 1.970824 -3.119861
v 2.866641 1.856224 -3.084844
v 2.849694 1.869057 3.045925
v 2.839114 1.982465 3.087928
v 2.856061 1.983658 3.080942
v 2.832748 1.867864 3.052911
v 2.832095 1.977862 3.104267
v 2.825728 1.863262 3.069250
v 2.839114 1.972546 3.120387
v 2.832748 1.857946 3.085370
v 2.856061 1.969631 3.126847
v 2.866641 1.856224 3.084844
v 2.849694 1.855031 3.091830
v 2.873661 1.860826 3.068505
v 2.873008 1.970824 3.119861
v 2.866641 1.866142 3.052385
v 2.880027 1.975427 3.103522
v 2.873008 1.980743 3.087402
v 2.282748 1.835939 -3.144850
v 2.306061 1.947624 -3.186327
v 2.299694 1.833023 -3.151310
v 2.275728 1.841254 -3.128730
v 2.289114 1.950539 -3.179868
v 2.282748 1.845857 -3.112391
v 2.282095 1.955855 -3.163747
v 2.299694 1.847050 -3.105405
v 2.289114 1.960458 -3.147408
v 2.323008 1.958735 -3.146882
v 2.306061 1.961651 -3.140422
v 2.316641 1.844135 -3.111865
v 2.330027 1.953420 -3.163002
v 2.323661 1.838819 -3.127985
v 2.323008 1.948817 -3.179341
v 2.316641 1.834216 -3.144324
v 2.299694 1.847050 3.105405
v 2.289114 1.960458 3.147408
v 2.306061 1.961651 3.140422
v 2.282748 1.845857 3.112391
v 2.282095 1.955855 3.163747
v 2.275728 1.841254 3.128730
v 2.289114 1.950539 3.179868
v 2.282748 1.835939 3.144850
v 2.306061 1.947624 3.186327
v 2.316641 1.834216 3.144324
v 2.299694 1.833023 3.151310
v 2.323661 1.838819 3.127985
v 2.323008 1.948817 3.179341
v 2.316641 1.844135 3.111865
v 2.330027 1.953420 3.163002
v 2.323008 1.958735 3.146882
v 1.732748 1.820062 -3.182484
v 1.756061 1.931747 -3.223961
v 1.749694 1.817147 -3.188944
v 1.725728 1.825378 -3.166363
v 1.739114 1.934662 -3.217501
v 1.739114 1.944581 -3.185042
v 1.732095 1.939978 -3.201380
v 1.749694 1.831173 -3.143039
v 1.732748 1.829980 -3.150025
v 1.773008 1.942858 -3.184515
v 1.756061 1.945774 -3.178056
v 1.766641 1.828258 -3.149498
v 1.780027 1.937543 -3.200636
v 1.766641 1.818340 -3.181958
v 1.773661 1.822942 -3.165619
v 1.773008 1.932940 -3.216975
v 1.749694 1.831173 3.143039
v 1.739114 1.944581 3.185042
v 1.756061 1.945774 3.178056
v 1.725728 1.825378 3.166363
v 1.732748 1.829980 3.150025
v 1.739114 1.934662 3.217501
v 1.732095 1.939978 3.201380
v 1.732748 1.820062 3.182484
v 1.756061 1.931747 3.223961
v 1.766641 1.818340 3.181958
v 1.749694 1.817147 3.188944
v 1.780027 1.937543 3.200636
v 1.773008 1.932940 3.216975
v 1.766641 1.828258 3.149498
v 1.773661 1.822942 3.165619
v 1.773008 1.942858 3.184515
v 1.182748 1.805949 -3.208331
v 1.206061 1.917634 -3.249807
v 1.199694 1.803034 -3.214790
v 1.175728 1.811265 -3.192210
v 1.189114 1.920550 -3.243348
v 1.189114 1.930468 -3.210888
v 1.182095 1.925865 -3.227227
v 1.199694 1.817060 -3.168885
v 1.182748 1.815867 -3.175871
v 1.223008 1.928746 -3.210362
v 1.206061 1.931661 -3.203902
v 1.216641 1.814145 -3.175345
v 1.230027 1.923430 -3.226483
v 1.216641 1.804227 -3.207804
v 1.223660 1.808829 -3.191466
v 1.223008 1.918827 -3.242821
v 1.199694 1.817060 3.168885
v 1.189114 1.930468 3.210888
v 1.206061 1.931661 3.203902
v 1.175728 1.811265 3.192210
v 1.182748 1.815867 3.175871
v 1.189114 1.920550 3.243348
v 1.182095 1.925865 3.227227
v 1.182748 1.805949 3.208331
v 1.206061 1.917634 3.249807
v 1.216641 1.804227 3.207804
v 1.199694 1.803034 3.214790
v 1.230027 1.923430 3.226483
v 1.223008 1.918827 3.242821
v 1.216641 1.814145 3.175345
v 1.223660 1.808829 3.191466
v 1.223008 1.928746 3.210362
v 0.632748 1.790301 -3.229034
v 0.656061 1.901986 -3.270511
v 0.649694 1.787386 -3.235494
v 0.625728 1.795617 -3.212914
v 0.639114 1.904902 -3.264051
v 0.632748 1.800220 -3.196575
v 0.632095 1.910218 -3.247931
v 0.649694 1.801413 -3.189589
v 0.639114 1.914820 -3.231592
v 0.673008 1.913098 -3.231066
v 0.656061 1.916013 -3.224606
v 0.666641 1.798497 -3.196049
v 0.680027 1.907782 -3.247186
v 0.673660 1.793182 -3.212169
v 0.673008 1.903180 -3.263525
v 0.666641 1.788579 -3.228508
v 0.649694 1.801413 3.189589
v 0.639114 1.914820 3.231592
v 0.656061 1.916013 3.224606
v 0.632748 1.800220 3.196575
v 0.632095 1.910218 3.247931
v 0.625728 1.795617 3.212914
v 0.639114 1.904902 3.264051
v 0.632748 1.790301 3.229034
v 0.656061 1.901986 3.270511
v 0.666641 1.788579 3.228508
v 0.649694 1.787386 3.235494
v 0.673660 1.793182 3.212169
v 0.673008 1.903180 3.263525
v 0.666641 1.798497 3.196049
v 0.680027 1.907782 3.247186
v 0.673008 1.913098 3.231066
v 0.082748 1.774880 -3.239325
v 0.106061 1.886566 -3.280802
v 0.099694 1.771965 -3.245785
v 0.075728 1.780196 -3.223204
v 0.089114 1.889481 -3.274342
v 0.082748 1.784799 -3.206866
v 0.082095 1.894797 -3.258221
v 0.099694 1.785992 -3.199880
v 0.089114 1.899399 -3.241883
v 0.123008 1.897677 -3.241356
v 0.106061 1.900592 -3.234897
v 0.116641 1.783076 -3.206339
v 0.130027 1.892361 -3.257477
v 0.123660 1.777761 -3.222460
v 0.123008 1.887759 -3.273816
v 0.116641 1.773158 -3.238799
v 0.099694 1.785992 3.199880
v 0.089114 1.899399 3.241883
v 0.106061 1.900592 3.234897
v 0.082748 1.784799 3.206866
v 0.082095 1.894797 3.258221
v 0.075728 1.780196 3.223204
v 0.089114 1.889481 3.274342
v 0.082748 1.774880 3.239325
v 0.106061 1.886566 3.280802
v 0.116641 1.773158 3.238799
v 0.099694 1.771965 3.245785
v 0.123660 1.777761 3.222460
v 0.123008 1.887759 3.273816
v 0.116641 1.783076 3.206339
v 0.130027 1.892361 3.257477
v 0.123008 1.897677 3.241356
v -0.467252 1.760650 -3.241588
v -0.443939 1.872335 -3.283065
v -0.450306 1.757735 -3.248048
v -0.474272 1.765966 -3.225467
v -0.460886 1.875251 -3.276605
v -0.467252 1.770568 -3.209129
v -0.467905 1.880566 -3.260484
v -0.450306 1.771762 -3.202143
v -0.460886 1.885169 -3.244146
v -0.426992 1.883447 -3.243619
v -0.443939 1.886362 -3.237160
v -0.433359 1.768846 -3.208602
v -0.419973 1.878131 -3.259740
v -0.426340 1.763530 -3.224723
v -0.426992 1.873528 -3.276079
v -0.433359 1.758928 -3.241062
v -0.450306 1.771762 3.202143
v -0.460886 1.885169 3.244146
v -0.443939 1.886362 3.237160
v -0.467252 1.770568 3.209129
v -0.467905 1.880566 3.260484
v -0.474272 1.765966 3.225467
v -0.460886 1.875251 3.276605
v -0.467252 1.760650 3.241588
v -0.443939 1.872335 3.283065
v -0.433359 1.758928 3.241062
v -0.450306 1.757735 3.248048
v -0.426340 1.763530 3.224723
v -0.426992 1.873528 3.276079
v -0.433359 1.768846 3.208602
v -0.419973 1.878131 3.259740
v -0.426992 1.883447 3.243619
v -1.017252 1.748311 -3.239080
v -0.993939 1.859996 -3.280556
v -1.000306 1.745396 -3.245539
v -1.024272 1.753627 -3.222959
v -1.010886 1.862911 -3.274097
v -1.010886 1.872830 -3.241637
v -1.017905 1.868227 -3.257976
v -1.000306 1.759422 -3.199635
v -1.017252 1.758229 -3.206620
v -0.976992 1.871107 -3.241111
v -0.993939 1.874023 -3.234652
v -0.983359 1.756507 -3.206094
v -0.969973 1.865792 -3.257232
v -0.983359 1.746589 -3.238554
v -0.976339 1.751191 -3.222215
v -0.976992 1.861189 -3.273571
v -1.000306 1.759422 3.199635
v -1.010886 1.872830 3.241637
v -0.993939 1.874023 3.234652
v -1.024272 1.753627 3.222959
v -1.017252 1.758229 3.206620
v -1.010886 1.862911 3.274097
v -1.017905 1.868227 3.257976
v -1.017252 1.748311 3.239080
v -0.993939 1.859996 3.280556
v -0.983359 1.746589 3.238554
v -1.000306 1.745396 3.245539
v -0.969973 1.865792 3.257232
v -0.976992 1.861189 3.273571
v -0.983359 1.756507 3.206094
v -0.976339 1.751191 3.222215
v -0.976992 1.871107 3.241111
v -1.567252 1.737503 -3.230939
v -1.543939 1.849188 -3.272416
v -1.550306 1.734587 -3.237399
v -1.574272 1.742818 -3.214818
v -1.560886 1.852103 -3.265956
v -1.560886 1.862021 -3.233497
v -1.567905 1.857419 -3.249835
v -1.550306 1.748614 -3.191494
v -1.567252 1.747421 -3.198480
v -1.526992 1.860299 -3.232970
v -1.543939 1.863215 -3.226511
v -1.533359 1.745699 -3.197953
v -1.519973 1.854984 -3.249091
v -1.533359 1.735781 -3.230413
v -1.526340 1.740383 -3.214074
v -1.526992 1.850381 -3.265430
v -1.550306 1.748614 3.191494
v -1.560886 1.862021 3.233497
v -1.543939 1.863215 3.226511
v -1.574272 1.742818 3.214818
v -1.567252 1.747421 3.198480
v -1.560886 1.852103 3.265956
v -1.567905 1.857419 3.249835
v -1.567252 1.737503 3.230939
v -1.543939 1.849188 3.272416
v -1.533359 1.735781 3.230413
v -1.550306 1.734587 3.237399
v -1.519973 1.854984 3.249091
v -1.526992 1.850381 3.265430
v -1.533359 1.745699 3.197953
v -1.526340 1.740383 3.214074
v -1.526992 1.860299 3.232970
v -2.117252 1.728392 -3.217058
v -2.093939 1.840078 -3.258534
v -2.100306 1.725477 -3.223517
v -2.124272 1.733708 -3.200937
v -2.110886 1.842993 -3.252075
v -2.117252 1.738311 -3.184598
v -2.117905 1.848309 -3.235954
v -2.100306 1.739504 -3.177613
v -2.110886 1.852911 -3.219615
v -2.076993 1.851189 -3.219089
v -2.093939 1.854104 -3.212630
v -2.083359 1.736589 -3.184072
v -2.069973 1.845873 -3.235210
v -2.076339 1.731273 -3.200193
v -2.076993 1.841271 -3.251549
v -2.083359 1.726670 -3.216532
v -2.100306 1.739504 3.177613
v -2.110886 1.852911 3.219615
v -2.093939 1.854104 3.212630
v -2.117252 1.738311 3.184598
v -2.117905 1.848309 3.235954
v -2.124272 1.733708 3.200937
v -2.110886 1.842993 3.252075
v -2.117252 1.728392 3.217058
v -2.093939 1.840078 3.258534
v -2.083359 1.726670 3.216532
v -2.100306 1.725477 3.223517
v -2.076339 1.731273 3.200193
v -2.076993 1.841271 3.251549
v -2.083359 1.736589 3.184072
v -2.069973 1.845873 3.235210
v -2.076993 1.851189 3.219089
v -2.667252 1.721708 -3.199111
v -2.643939 1.833393 -3.240588
v -2.650306 1.718793 -3.205571
v -2.674272 1.727024 -3.182991
v -2.660886 1.836308 -3.234128
v -2.667252 1.731626 -3.166652
v -2.667905 1.841624 -3.218008
v -2.650306 1.732819 -3.159666
v -2.660886 1.846227 -3.201669
v -2.626992 1.844504 -3.201143
v -2.643939 1.847420 -3.194683
v -2.633359 1.729904 -3.166126
v -2.619973 1.839189 -3.217263
v -2.626339 1.724588 -3.182246
v -2.626992 1.834586 -3.233602
v -2.633359 1.719986 -3.198585
v -2.650306 1.732819 3.159666
v -2.660886 1.846227 3.201669
v -2.643939 1.847420 3.194683
v -2.667252 1.731626 3.166652
v -2.667905 1.841624 3.218008
v -2.674272 1.727024 3.182991
v -2.660886 1.836308 3.234128
v -2.667252 1.721708 3.199111
v -2.643939 1.833393 3.240588
v -2.633359 1.719986 3.198585
v -2.650306 1.718793 3.205571
v -2.626339 1.724588 3.182246
v -2.626992 1.834586 3.233602
v -2.633359 1.729904 3.166126
v -2.619973 1.839189 3.217263
v -2.626992 1.844504 3.201143
v -3.217252 1.718083 -3.177353
v -3.193939 1.829769 -3.218830
v -3.200306 1.715168 -3.183813
v -3.224272 1.723399 -3.161232
v -3.210886 1.832684 -3.212370
v -3.217252 1.728002 -3.144894
v -3.217905 1.838000 -3.196249
v -3.200306 1.729195 -3.137908
v -3.210886 1.842602 -3.179911
v -3.176992 1.840880 -3.179384
v -3.193939 1.843795 -3.172925
v -3.183359 1.726279 -3.144367
v -3.169973 1.835564 -3.195505
v -3.176339 1.720964 -3.160488
v -3.176992 1.830962 -3.211844
v -3.183359 1.716361 -3.176827
v -3.200306 1.729195 3.137908
v -3.210886 1.842602 3.179911
v -3.193939 1.843795 3.172925
v -3.217252 1.728002 3.144894
v -3.217905 1.838000 3.196249
v -3.224272 1.723399 3.161232
v -3.210886 1.832684 3.212370
v -3.217252 1.718083 3.177353
v -3.193939 1.829769 3.218830
v -3.183359 1.716361 3.176827
v -3.200306 1.715168 3.183813
v -3.176339 1.720964 3.160488
v -3.176992 1.830962 3.211844
v -3.183359 1.726279 3.144367
v -3.169973 1.835564 3.195505
v -3.176992 1.840880 3.179384
v -3.767252 1.717276 -3.150532
v -3.743939 1.828962 -3.192008
v -3.750306 1.714361 -3.156991
v -3.774272 1.722592 -3.134411
v -3.760885 1.831877 -3.185549
v -3.767252 1.727195 -3.118073
v -3.767905 1.837193 -3.169428
v -3.750306 1.728388 -3.111087
v -3.760885 1.841795 -3.153090
v -3.726992 1.840073 -3.152563
v -3.743939 1.842988 -3.146104
v -3.733359 1.725473 -3.117546
v -3.719973 1.834757 -3.168684
v -3.726339 1.720157 -3.133667
v -3.726992 1.830155 -3.185023
v -3.733359 1.715554 -3.150006
v -3.750306 1.728388 3.111087
v -3.760885 1.841795 3.153090
v -3.743939 1.842988 3.146104
v -3.767252 1.727195 3.118073
v -3.767905 1.837193 3.169428
v -3.774272 1.722592 3.134411
v -3.760885 1.831877 3.185549
v -3.767252 1.717276 3.150532
v -3.743939 1.828962 3.192008
v -3.733359 1.715554 3.150006
v -3.750306 1.714361 3.156991
v -3.726339 1.720157 3.133667
v -3.726992 1.830155 3.185023
v -3.733359 1.725473 3.117546
v -3.719973 1.834757 3.168684
v -3.726992 1.840073 3.152563
v -4.317253 1.718565 -3.121780
v -4.293939 1.830250 -3.163257
v -4.300306 1.715649 -3.128240
v -4.324272 1.723880 -3.105660
v -4.310886 1.833165 -3.156797
v -4.317253 1.728483 -3.089321
v -4.317905 1.838481 -3.140677
v -4.300306 1.729676 -3.082335
v -4.310886 1.843083 -3.124338
v -4.276992 1.841361 -3.123812
v -4.293939 1.844276 -3.117352
v -4.283359 1.726761 -3.088795
v -4.269973 1.836045 -3.139932
v -4.276340 1.721445 -3.104915
v -4.276992 1.831443 -3.156271
v -4.283359 1.716842 -3.121254
v -4.300306 1.729676 3.082335
v -4.310886 1.843083 3.124338
v -4.293939 1.844276 3.117352
v -4.317253 1.728483 3.089321
v -4.317905 1.838481 3.140677
v -4.324272 1.723880 3.105660
v -4.310886 1.833165 3.156797
v -4.317253 1.718565 3.121780
v -4.293939 1.830250 3.163257
v -4.283359 1.716842 3.121254
v -4.300306 1.715649 3.128240
v -4.276340 1.721445 3.104915
v -4.276992 1.831443 3.156271
v -4.283359 1.726761 3.088795
v -4.269973 1.836045 3.139932
v -4.276992 1.841361 3.123812
v -4.867253 1.721282 -3.094296
v -4.843939 1.832967 -3.135773
v -4.850306 1.718367 -3.100756
v -4.874272 1.726598 -3.078176
v -4.860886 1.835883 -3.129313
v -4.867253 1.731200 -3.061837
v -4.867906 1.841198 -3.113193
v -4.850306 1.732393 -3.054851
v -4.860886 1.845801 -3.096854
v -4.826993 1.844079 -3.096328
v -4.843939 1.846994 -3.089868
v -4.833359 1.729478 -3.061311
v -4.819973 1.838763 -3.112448
v -4.826340 1.724162 -3.077431
v -4.826993 1.834160 -3.128787
v -4.833359 1.719560 -3.093770
v -4.850306 1.732393 3.054851
v -4.860886 1.845801 3.096854
v -4.843939 1.846994 3.089868
v -4.867253 1.731200 3.061837
v -4.867906 1.841198 3.113193
v -4.874272 1.726598 3.078176
v -4.860886 1.835883 3.129313
v -4.867253 1.721282 3.094296
v -4.843939 1.832967 3.135773
v -4.833359 1.719560 3.093770
v -4.850306 1.718367 3.100756
v -4.826340 1.724162 3.077431
v -4.826993 1.834160 3.128787
v -4.833359 1.729478 3.061311
v -4.819973 1.838763 3.112448
v -4.826993 1.844079 3.096328
v -5.417253 1.725872 -3.067618
v -5.393939 1.837557 -3.109095
v -5.400306 1.722956 -3.074078
v -5.424272 1.731187 -3.051498
v -5.410886 1.840472 -3.102635
v -5.417253 1.735790 -3.035159
v -5.417905 1.845788 -3.086515
v -5.400306 1.736983 -3.028173
v -5.410886 1.850391 -3.070176
v -5.376992 1.848668 -3.069650
v -5.393939 1.851584 -3.063190
v -5.383359 1.734068 -3.034633
v -5.369973 1.843353 -3.085770
v -5.376339 1.728752 -3.050753
v -5.376992 1.838750 -3.102109
v -5.383359 1.724149 -3.067092
v -5.400306 1.736983 3.028173
v -5.410886 1.850391 3.070176
v -5.393939 1.851584 3.063190
v -5.417253 1.735790 3.035159
v -5.417905 1.845788 3.086515
v -5.424272 1.731187 3.051498
v -5.410886 1.840472 3.102635
v -5.417253 1.725872 3.067618
v -5.393939 1.837557 3.109095
v -5.383359 1.724149 3.067092
v -5.400306 1.722956 3.074078
v -5.376339 1.728752 3.050753
v -5.376992 1.838750 3.102109
v -5.383359 1.734068 3.034633
v -5.369973 1.843353 3.085770
v -5.376992 1.848668 3.069650
v -5.967253 1.732049 -3.040941
v -5.943939 1.843734 -3.082417
v -5.950306 1.729134 -3.047400
v -5.974272 1.737365 -3.024820
v -5.960886 1.846650 -3.075958
v -5.967253 1.741967 -3.008481
v -5.967906 1.851965 -3.059837
v -5.950306 1.743160 -3.001495
v -5.960886 1.856568 -3.043498
v -5.926992 1.854846 -3.042972
v -5.943939 1.857761 -3.036512
v -5.933359 1.740245 -3.007955
v -5.919973 1.849530 -3.059093
v -5.926340 1.734929 -3.024076
v -5.926992 1.844927 -3.075431
v -5.933359 1.730327 -3.040414
v -5.950306 1.743160 3.001495
v -5.960886 1.856568 3.043498
v -5.943939 1.857761 3.036512
v -5.967253 1.741967 3.008481
v -5.967906 1.851965 3.059837
v -5.974272 1.737365 3.024820
v -5.960886 1.846650 3.075958
v -5.967253 1.732049 3.040941
v -5.943939 1.843734 3.082417
v -5.933359 1.730327 3.040414
v -5.950306 1.729134 3.047400
v -5.926340 1.734929 3.024076
v -5.926992 1.844927 3.075431
v -5.933359 1.740245 3.007955
v -5.919973 1.849530 3.059093
v -5.926992 1.854846 3.042972
v -6.517253 1.739086 -3.014263
v -6.493939 1.850772 -3.055739
v -6.500306 1.736171 -3.020722
v -6.524272 1.744402 -2.998142
v -6.510886 1.853687 -3.049280
v -6.517253 1.749005 -2.981803
v -6.517906 1.859003 -3.033159
v -6.500306 1.750198 -2.974818
v -6.510886 1.863605 -3.016820
v -6.476993 1.861883 -3.016294
v -6.493939 1.864798 -3.009835
v -6.483359 1.747283 -2.981277
v -6.469973 1.856567 -3.032415
v -6.476340 1.741967 -2.997398
v -6.476993 1.851965 -3.048753
v -6.483359 1.737364 -3.013736
v -6.500306 1.750198 2.974818
v -6.510886 1.863605 3.016820
v -6.493939 1.864798 3.009835
v -6.517253 1.749005 2.981803
v -6.517906 1.859003 3.033159
v -6.524272 1.744402 2.998142
v -6.510886 1.853687 3.049280
v -6.517253 1.739086 3.014263
v -6.493939 1.850772 3.055739
v -6.483359 1.737364 3.013736
v -6.500306 1.736171 3.020722
v -6.476340 1.741967 2.997398
v -6.476993 1.851965 3.048753
v -6.483359 1.747283 2.981277
v -6.469973 1.856567 3.032415
v -6.476993 1.861883 3.016294
v -7.067253 1.747245 -2.986598
v -7.043939 1.858930 -3.028075
v -7.050306 1.744330 -2.993058
v -7.074272 1.752561 -2.970478
v -7.060886 1.861846 -3.021616
v -7.067253 1.757163 -2.954139
v -7.067905 1.867161 -3.005495
v -7.050306 1.758356 -2.947153
v -7.060886 1.871764 -2.989156
v -7.026992 1.870042 -2.988630
v -7.043939 1.872957 -2.982170
v -7.033359 1.755441 -2.953613
v -7.019973 1.864726 -3.004750
v -7.026340 1.750125 -2.969733
v -7.026992 1.860123 -3.021089
v -7.033359 1.745523 -2.986072
v -7.050306 1.758356 2.947153
v -7.060886 1.871764 2.989156
v -7.043939 1.872957 2.982170
v -7.067253 1.757163 2.954139
v -7.067905 1.867161 3.005495
v -7.074272 1.752561 2.970478
v -7.060886 1.861846 3.021616
v -7.067253 1.747245 2.986598
v -7.043939 1.858930 3.028075
v -7.033359 1.745523 2.986072
v -7.050306 1.744330 2.993058
v -7.026340 1.750125 2.969733
v -7.026992 1.860123 3.021089
v -7.033359 1.755441 2.953613
v -7.019973 1.864726 3.004750
v -7.026992 1.870042 2.988630
v -7.617253 1.756913 -2.957884
v -7.593939 1.868598 -2.999360
v -7.600306 1.753997 -2.964343
v -7.624272 1.762228 -2.941763
v -7.610886 1.871513 -2.992901
v -7.617253 1.766831 -2.925424
v -7.617906 1.876829 -2.976780
v -7.600306 1.768024 -2.918438
v -7.610886 1.881431 -2.960441
v -7.576993 1.879709 -2.959915
v -7.593939 1.882625 -2.953455
v -7.583359 1.765109 -2.924898
v -7.569973 1.874393 -2.976036
v -7.576340 1.759793 -2.941019
v -7.576993 1.869791 -2.992374
v -7.583359 1.755190 -2.957357
v -7.600306 1.768024 2.918438
v -7.610886 1.881431 2.960441
v -7.593939 1.882625 2.953455
v -7.617253 1.766831 2.925424
v -7.617906 1.876829 2.976780
v -7.624272 1.762228 2.941763
v -7.610886 1.871513 2.992901
v -7.617253 1.756913 2.957884
v -7.593939 1.868598 2.999360
v -7.583359 1.755190 2.957357
v -7.600306 1.753997 2.964343
v -7.576340 1.759793 2.941019
v -7.576993 1.869791 2.992374
v -7.583359 1.765109 2.924898
v -7.569973 1.874393 2.976036
v -7.576993 1.879709 2.959915
v -8.167253 1.765963 -2.931404
v -8.143939 1.877648 -2.972881
v -8.150306 1.763047 -2.937864
v -8.174272 1.771279 -2.915284
v -8.160886 1.880563 -2.966421
v -8.167253 1.775881 -2.898945
v -8.167905 1.885879 -2.950301
v -8.150306 1.777074 -2.891959
v -8.160886 1.890482 -2.933962
v -8.126992 1.888759 -2.933436
v -8.143939 1.891675 -2.926976
v -8.133359 1.774159 -2.898419
v -8.119973 1.883444 -2.949556
v -8.126340 1.768843 -2.914539
v -8.126992 1.878841 -2.965895
v -8.133359 1.764241 -2.930878
v -8.150306 1.777074 2.891959
v -8.160886 1.890482 2.933962
v -8.143939 1.891675 2.926976
v -8.167253 1.775881 2.898945
v -8.167905 1.885879 2.950301
v -8.174272 1.771279 2.915284
v -8.160886 1.880563 2.966421
v -8.167253 1.765963 2.931404
v -8.143939 1.877648 2.972881
v -8.133359 1.764241 2.930878
v -8.150306 1.763047 2.937864
v -8.126340 1.768843 2.914539
v -8.126992 1.878841 2.965895
v -8.133359 1.774159 2.898419
v -8.119973 1.883444 2.949556
v -8.126992 1.888759 2.933436
v -8.717252 1.773994 -2.903722
v -8.693938 1.885679 -2.945198
v -8.700305 1.771079 -2.910181
v -8.724271 1.779310 -2.887601
v -8.710885 1.888594 -2.938739
v -8.717252 1.783912 -2.871262
v -8.717904 1.893910 -2.922618
v -8.700305 1.785105 -2.864276
v -8.710885 1.898513 -2.906279
v -8.676991 1.896791 -2.905753
v -8.693938 1.899706 -2.899293
v -8.683358 1.782190 -2.870736
v -8.669972 1.891475 -2.921874
v -8.676339 1.776874 -2.886857
v -8.676991 1.886872 -2.938212
v -8.683358 1.772272 -2.903195
v -8.700305 1.785105 2.864276
v -8.710885 1.898513 2.906279
v -8.693938 1.899706 2.899293
v -8.717252 1.783912 2.871262
v -8.717904 1.893910 2.922618
v -8.724271 1.779310 2.887601
v -8.710885 1.888594 2.938739
v -8.717252 1.773994 2.903722
v -8.693938 1.885679 2.945198
v -8.683358 1.772272 2.903195
v -8.700305 1.771079 2.910181
v -8.676339 1.776874 2.886857
v -8.676991 1.886872 2.938212
v -8.683358 1.782190 2.870736
v -8.669972 1.891475 2.921874
v -8.676991 1.896791 2.905753
v 2.285000 1.875405 3.146539
v 1.944931 3.985142 3.132223
v 1.947400 3.985507 3.129719
v 2.285000 1.875669 3.168538
v 2.274138 1.873800 3.157559
v 1.949868 3.985932 3.132214
v 1.947400 3.985567 3.134718
v 2.295862 1.877275 3.157518
v 2.201800 2.390338 3.165537
v 2.197906 2.318940 3.121900
v 2.211800 2.315338 3.135537
v 2.201800 2.400737 3.139540
v 2.187906 2.393940 3.151900
v 2.215694 2.397134 3.153177
v 2.211800 2.325737 3.109540
v 2.225694 2.322134 3.123177
v 2.213800 2.303178 3.159872
v 2.185404 2.247460 3.134981
v 2.221800 2.246870 3.151073
v 2.185803 2.303632 3.147495
v 2.170328 2.258639 3.099885
v 2.185803 2.323939 3.094697
v 2.174206 2.312231 3.120498
v 2.221800 2.284204 3.054005
v 2.185404 2.273859 3.066344
v 2.241797 2.331443 3.097583
v 2.213800 2.331897 3.085205
v 2.253394 2.322844 3.124579
v 2.258196 2.283615 3.070096
v 2.258196 2.257215 3.138733
v 2.273272 2.272435 3.105192
v 2.241797 2.311136 3.150381
v 1.174138 1.843810 -3.221039
v 0.828200 4.075577 -3.196759
v 1.185000 1.845679 -3.232018
v 1.185000 1.845415 -3.210019
v 0.825731 4.075152 -3.194263
v 0.830668 4.075942 -3.194254
v 0.828200 4.075517 -3.191759
v 1.195862 1.847285 -3.220998
v 1.096659 2.151606 -3.216019
v 1.082600 2.185547 -3.131019
v 1.082600 2.185547 -3.216019
v 1.130600 2.137547 -3.216019
v 1.096659 2.151606 -3.131019
v 1.164541 2.151606 -3.216019
v 1.130600 2.137547 -3.131019
v 1.178600 2.185547 -3.216019
v 1.164541 2.151606 -3.131019
v 1.164541 2.219488 -3.216019
v 1.178600 2.185547 -3.131019
v 1.130600 2.233547 -3.216019
v 1.164541 2.219488 -3.131019
v 1.096659 2.219488 -3.216019
v 1.130600 2.233547 -3.131019
v 1.096659 2.219488 -3.131019
v 0.074203 1.812374 -3.252038
v -0.326450 3.924509 -3.229193
v 0.085000 1.814611 -3.263012
v -0.326450 3.924449 -3.224193
v -0.328904 3.924000 -3.226699
v 0.095797 1.816584 -3.251988
v 0.085000 1.814347 -3.241014
v -0.323996 3.924957 -3.226687
v -0.016400 2.339678 -3.234014
v -0.020294 2.257882 -3.216374
v -0.006400 2.264678 -3.204014
v -0.016400 2.329279 -3.260011
v -0.030294 2.332882 -3.246374
v -0.002506 2.336076 -3.247652
v -0.006400 2.254279 -3.230011
v 0.007494 2.261076 -3.217652
v -0.032397 2.262880 -3.189171
v 0.003600 2.223146 -3.148479
v -0.004400 2.270838 -3.179679
v -0.043994 2.251172 -3.214972
v -0.032796 2.212800 -3.160818
v -0.032796 2.186401 -3.229455
v -0.047872 2.197580 -3.194360
v -0.004400 2.242120 -3.254347
v -0.032397 2.242573 -3.241969
v 0.039996 2.196157 -3.233208
v 0.003600 2.185812 -3.245547
v 0.023597 2.250077 -3.244855
v 0.055072 2.211377 -3.199666
v 0.023597 2.270384 -3.192057
v 0.035194 2.261785 -3.219054
v 0.039996 2.222556 -3.164570
v 0.074044 1.813493 3.252025
v -0.110300 3.984449 3.223473
v 0.085000 1.814347 3.241014
v -0.110300 3.984509 3.228473
v -0.112790 3.984255 3.225976
v 0.095956 1.815465 3.252001
v 0.085000 1.814611 3.263012
v -0.107810 3.984703 3.225970
v 0.088341 2.120538 3.247013
v 0.102400 2.154479 3.162013
v 0.102400 2.154479 3.247013
v 0.054400 2.106479 3.247013
v 0.088341 2.120538 3.162013
v 0.020459 2.120538 3.247013
v 0.054400 2.106479 3.162013
v 0.006400 2.154479 3.247013
v 0.020459 2.120538 3.162013
v 0.020459 2.188420 3.247013
v 0.006400 2.154479 3.162013
v 0.054400 2.202479 3.247013
v 0.020459 2.188420 3.162013
v 0.088341 2.188420 3.247013
v 0.054400 2.202479 3.162013
v 0.088341 2.188420 3.162013
v -1.025956 1.786923 -3.251780
v -1.221100 4.077940 -3.226788
v -1.015000 1.788041 -3.262767
v -1.015000 1.787777 -3.240768
v -1.223590 4.077685 -3.224290
v -1.004044 1.788895 -3.251756
v -1.221100 4.077879 -3.221788
v -1.218610 4.078134 -3.224285
v -1.110254 2.159700 -3.246768
v -1.127800 2.207909 -3.131768
v -1.127800 2.207909 -3.246768
v -1.065824 2.134049 -3.246768
v -1.110254 2.159700 -3.131768
v -1.015300 2.142957 -3.246768
v -1.065824 2.134049 -3.131768
v -0.982323 2.182258 -3.246768
v -1.015300 2.142957 -3.131768
v -0.982323 2.233561 -3.246768
v -0.982323 2.182258 -3.131768
v -1.015300 2.272861 -3.246768
v -0.982323 2.233561 -3.131768
v -1.065824 2.281770 -3.246768
v -1.015300 2.272861 -3.131768
v -1.110254 2.256118 -3.246768
v -1.065824 2.281770 -3.131768
v -1.110254 2.256118 -3.131768
v -1.025915 1.786545 3.251784
v -1.271250 3.837879 3.224668
v -1.015000 1.787777 3.240768
v -1.271250 3.837939 3.229667
v -1.273731 3.837599 3.227171
v -1.015000 1.788041 3.262767
v -1.268769 3.838219 3.227164
v -1.004085 1.789274 3.251751
v -1.080000 2.302710 3.259766
v -1.083894 2.231312 3.216129
v -1.070000 2.227710 3.229766
v -1.080000 2.313109 3.233769
v -1.093894 2.306312 3.246129
v -1.066106 2.309506 3.247406
v -1.070000 2.238109 3.203769
v -1.056106 2.234506 3.217407
v -1.068000 2.215550 3.254102
v -1.096396 2.159832 3.229210
v -1.060000 2.159242 3.245302
v -1.107594 2.224603 3.214727
v -1.095997 2.216004 3.241724
v -1.096396 2.186231 3.160573
v -1.111472 2.171011 3.194115
v -1.095997 2.236311 3.188926
v -1.060000 2.196576 3.148234
v -1.040003 2.243815 3.191812
v -1.068000 2.244269 3.179434
v -1.008528 2.184808 3.199421
v -1.023604 2.195987 3.164325
v -1.040003 2.223508 3.244610
v -1.028406 2.235216 3.218809
v -1.023604 2.169588 3.232963
v -2.115000 1.768123 -3.240745
v -2.388731 3.937681 -3.203709
v -2.386250 3.938021 -3.206205
v -2.115000 1.767859 -3.218746
v -2.125915 1.766627 -3.229762
v -2.383770 3.938301 -3.203702
v -2.386250 3.937961 -3.201206
v -2.104085 1.769355 -3.229729
v -2.191441 2.074050 -3.224746
v -2.205500 2.107991 -3.139745
v -2.205500 2.107991 -3.224746
v -2.157500 2.059991 -3.224746
v -2.191441 2.074050 -3.139745
v -2.123559 2.074050 -3.224746
v -2.157500 2.059991 -3.139745
v -2.109500 2.107991 -3.224746
v -2.123559 2.074050 -3.139745
v -2.123559 2.141932 -3.224746
v -2.109500 2.107991 -3.139745
v -2.157500 2.155991 -3.224746
v -2.123559 2.141932 -3.139745
v -2.191441 2.141932 -3.224746
v -2.157500 2.155991 -3.139745
v -2.191441 2.141932 -3.139745
v -2.125862 1.766253 3.229766
v -2.471800 3.997961 3.200486
v -2.115000 1.767859 3.218746
v -2.471800 3.998021 3.205485
v -2.474269 3.997596 3.202990
v -2.115000 1.768123 3.240745
v -2.469332 3.998386 3.202981
v -2.104138 1.769729 3.229725
v -2.124747 2.139782 3.224746
v -2.107200 2.187991 3.109746
v -2.107200 2.187991 3.224746
v -2.169177 2.114130 3.224746
v -2.124747 2.139782 3.109746
v -2.219700 2.123039 3.224746
v -2.169177 2.114130 3.109746
v -2.252677 2.162339 3.224746
v -2.219700 2.123039 3.109746
v -2.252677 2.213642 3.224746
v -2.252677 2.162339 3.109746
v -2.219700 2.252943 3.224746
v -2.252677 2.213642 3.109746
v -2.169177 2.261852 3.224746
v -2.219700 2.252943 3.109746
v -2.124747 2.236200 3.224746
v -2.169177 2.261852 3.109746
v -2.124747 2.236200 3.109746
v -3.215000 1.757550 3.179042
v -3.628904 3.867203 3.164727
v -3.626450 3.867652 3.162221
v -3.225797 1.755577 3.190066
v -3.626450 3.867712 3.167221
v -3.204203 1.759787 3.190016
v -3.215000 1.757814 3.201040
v -3.623996 3.868160 3.164715
v -3.247359 2.063741 3.185041
v -3.233300 2.097682 3.100041
v -3.233300 2.097682 3.185041
v -3.281300 2.049682 3.185041
v -3.247359 2.063741 3.100041
v -3.315241 2.063741 3.185041
v -3.281300 2.049682 3.100041
v -3.329300 2.097682 3.185041
v -3.315241 2.063741 3.100041
v -3.315241 2.131623 3.185041
v -3.329300 2.097682 3.100041
v -3.281300 2.145682 3.185041
v -3.315241 2.131623 3.100041
v -3.247359 2.131623 3.185041
v -3.281300 2.145682 3.100041
v -3.247359 2.131623 3.100041
v -4.325797 1.756058 -3.134494
v -4.749850 3.988193 -3.110208
v -4.315000 1.758295 -3.145468
v -4.315000 1.758031 -3.123469
v -4.752304 3.987684 -3.107714
v -4.304204 1.760268 -3.134443
v -4.749850 3.988133 -3.105208
v -4.747396 3.988642 -3.107702
v -4.454353 2.129954 -3.129468
v -4.471900 2.178163 -3.014468
v -4.471900 2.178163 -3.129468
v -4.409924 2.104302 -3.129468
v -4.454353 2.129954 -3.014468
v -4.359400 2.113211 -3.129468
v -4.409924 2.104302 -3.014468
v -4.326423 2.152512 -3.129468
v -4.359400 2.113211 -3.014468
v -4.326423 2.203815 -3.129468
v -4.326423 2.152512 -3.014468
v -4.359400 2.243115 -3.129468
v -4.326423 2.203815 -3.014468
v -4.409924 2.252024 -3.129468
v -4.359400 2.243115 -3.014468
v -4.454353 2.226372 -3.129468
v -4.409924 2.252024 -3.014468
v -4.454353 2.226372 -3.014468
v -5.425956 1.764484 -3.080318
v -5.604900 3.875500 -3.057486
v -5.415000 1.765602 -3.091305
v -5.604900 3.875440 -3.052486
v -5.607390 3.875246 -3.054989
v -5.404044 1.766456 -3.080294
v -5.415000 1.765338 -3.069307
v -5.602410 3.875694 -3.054984
v -5.479541 2.071529 -3.075306
v -5.493600 2.105470 -2.990306
v -5.493600 2.105470 -3.075306
v -5.445600 2.057470 -3.075306
v -5.479541 2.071529 -2.990306
v -5.411659 2.071529 -3.075306
v -5.445600 2.057470 -2.990306
v -5.397600 2.105470 -3.075306
v -5.411659 2.071529 -2.990306
v -5.411659 2.139411 -3.075306
v -5.397600 2.105470 -2.990306
v -5.445600 2.153470 -3.075306
v -5.411659 2.139411 -2.990306
v -5.479541 2.139411 -3.075306
v -5.445600 2.153470 -2.990306
v -5.479541 2.139411 -2.990306
v -5.425915 1.764106 3.080323
v -5.686250 3.935440 3.051766
v -5.415000 1.765338 3.069307
v -5.415000 1.765602 3.091305
v -5.688731 3.935160 3.054270
v -5.683770 3.935780 3.054262
v -5.686250 3.935500 3.056766
v -5.404085 1.766834 3.080290
v -5.410047 2.137261 3.075306
v -5.392500 2.185470 2.960306
v -5.392500 2.185470 3.075306
v -5.454477 2.111609 3.075306
v -5.410047 2.137261 2.960306
v -5.505000 2.120518 3.075306
v -5.454477 2.111609 2.960306
v -5.537977 2.159819 3.075306
v -5.505000 2.120518 2.960306
v -5.537977 2.211122 3.075306
v -5.537977 2.159819 2.960306
v -5.505000 2.250422 3.075306
v -5.537977 2.211122 2.960306
v -5.454477 2.259331 3.075306
v -5.505000 2.250422 2.960306
v -5.410047 2.233679 3.075306
v -5.454477 2.259331 2.960306
v -5.410047 2.233679 2.960306
v -6.525916 1.777321 -3.026967
v -6.801250 4.068715 -3.001970
v -6.515000 1.778817 -3.037950
v -6.801250 4.068655 -2.996971
v -6.803730 4.068375 -2.999474
v -6.504085 1.780049 -3.026934
v -6.515000 1.778553 -3.015951
v -6.798769 4.068995 -2.999467
v -6.580000 2.303884 -3.008952
v -6.583894 2.222088 -2.991312
v -6.570000 2.228884 -2.978952
v -6.580000 2.293485 -3.034949
v -6.593894 2.297088 -3.021312
v -6.566106 2.300282 -3.022589
v -6.570000 2.218486 -3.004949
v -6.556106 2.225282 -2.992589
v -6.595997 2.227086 -2.964108
v -6.560000 2.187352 -2.923417
v -6.568000 2.235044 -2.954617
v -6.607594 2.215378 -2.989909
v -6.596396 2.177006 -2.935756
v -6.596396 2.150607 -3.004393
v -6.611472 2.161786 -2.969297
v -6.568000 2.206326 -3.029284
v -6.595997 2.206779 -3.016906
v -6.523604 2.160363 -3.008145
v -6.560000 2.150018 -3.020484
v -6.540003 2.214284 -3.019793
v -6.508528 2.175584 -2.974604
v -6.540003 2.234591 -2.966995
v -6.528407 2.225992 -2.993992
v -6.523604 2.186763 -2.939508
v -6.525862 1.776947 3.026971
v -6.843000 3.828655 2.999851
v -6.515000 1.778553 3.015951
v -6.515000 1.778817 3.037950
v -6.845469 3.828290 3.002355
v -6.840531 3.829080 3.002346
v -6.843000 3.828715 3.004850
v -6.504138 1.780423 3.026930
v -6.535459 2.084744 3.021950
v -6.521400 2.118685 2.936950
v -6.521400 2.118685 3.021950
v -6.569400 2.070685 3.021950
v -6.535459 2.084744 2.936950
v -6.603342 2.084744 3.021950
v -6.569400 2.070685 2.936950
v -6.617400 2.118685 3.021950
v -6.603342 2.084744 2.936950
v -6.603342 2.152626 3.021950
v -6.617400 2.118685 2.936950
v -6.569400 2.166685 3.021950
v -6.603342 2.152626 2.936950
v -6.535459 2.152626 3.021950
v -6.569400 2.166685 2.936950
v -6.535459 2.152626 2.936950
v -7.625862 1.794774 -2.970592
v -7.962200 3.966541 -2.947031
v -7.615000 1.796643 -2.981571
v -7.962200 3.966481 -2.942032
v -7.964669 3.966116 -2.944536
v -7.604138 1.798249 -2.970551
v -7.615000 1.796379 -2.959572
v -7.959732 3.966906 -2.944527
v -7.739653 2.168302 -2.965572
v -7.757200 2.216511 -2.850572
v -7.757200 2.216511 -2.965572
v -7.695223 2.142651 -2.965572
v -7.739653 2.168302 -2.850572
v -7.644700 2.151559 -2.965572
v -7.695223 2.142651 -2.850572
v -7.611723 2.190860 -2.965572
v -7.644700 2.151559 -2.850572
v -7.611723 2.242163 -2.965572
v -7.611723 2.190860 -2.850572
v -7.644700 2.281463 -2.965572
v -7.611723 2.242163 -2.850572
v -7.695223 2.290372 -2.965572
v -7.644700 2.281463 -2.850572
v -7.739653 2.264720 -2.965572
v -7.695223 2.290372 -2.850572
v -7.739653 2.264720 -2.850572
v -7.625797 1.794406 2.970597
v -8.049850 4.026481 2.941312
v -7.615000 1.796379 2.959572
v -7.615000 1.796643 2.981571
v -8.052304 4.026033 2.943817
v -8.047397 4.026989 2.943806
v -8.049850 4.026541 2.946311
v -7.604204 1.798616 2.970546
v -7.716400 2.311312 2.978570
v -7.720294 2.239914 2.934933
v -7.706400 2.236312 2.948570
v -7.716400 2.321711 2.952573
v -7.730294 2.314914 2.964933
v -7.702506 2.318108 2.966210
v -7.706400 2.246711 2.922573
v -7.692506 2.243108 2.936210
v -7.732397 2.224605 2.960527
v -7.696400 2.167844 2.964105
v -7.704400 2.224152 2.972905
v -7.747872 2.179613 2.912918
v -7.732796 2.168434 2.948014
v -7.732397 2.244913 2.907730
v -7.743994 2.233205 2.933531
v -7.704400 2.252870 2.898238
v -7.732796 2.194833 2.879377
v -7.660004 2.204588 2.883129
v -7.696400 2.205178 2.867038
v -7.664806 2.243817 2.937613
v -7.676403 2.252417 2.910616
v -7.660004 2.178189 2.951766
v -7.644928 2.193409 2.918225
v -7.676403 2.232110 2.963414
v -8.725956 1.812606 2.916421
v -8.904901 3.923562 2.888590
v -8.715000 1.813460 2.905410
v -8.904901 3.923622 2.893589
v -8.907391 3.923368 2.891092
v -8.704044 1.814578 2.916398
v -8.715000 1.813724 2.927409
v -8.902411 3.923816 2.891087
v -8.695347 2.185383 2.911410
v -8.677800 2.233592 2.796410
v -8.677800 2.233592 2.911410
v -8.739777 2.159732 2.911410
v -8.695347 2.185383 2.796410
v -8.790300 2.168640 2.911410
v -8.739777 2.159732 2.796410
v -8.823277 2.207941 2.911410
v -8.790300 2.168640 2.796410
v -8.823277 2.259244 2.911410
v -8.823277 2.207941 2.796410
v -8.790300 2.298544 2.911410
v -8.823277 2.259244 2.796410
v -8.739777 2.307453 2.911410
v -8.790300 2.298544 2.796410
v -8.695347 2.281801 2.911410
v -8.739777 2.307453 2.796410
v -8.695347 2.281801 2.796410
v 2.524008 0.701197 1.357397
v 2.625000 2.980506 1.183939
v 2.535000 0.699948 1.346460
v 2.535000 0.701584 1.368399
v 2.621502 2.980903 1.187419
v 2.545991 0.700334 1.357461
v 2.625000 2.981026 1.190920
v 2.628497 2.980629 1.187439
v 2.590927 1.261039 1.313229
v 2.604400 1.293566 1.233229
v 2.604400 1.293566 1.313229
v 2.558400 1.247566 1.313229
v 2.590927 1.261039 1.233229
v 2.525873 1.261039 1.313229
v 2.558400 1.247566 1.233229
v 2.512400 1.293566 1.313229
v 2.525873 1.261039 1.233229
v 2.525873 1.326093 1.313229
v 2.512400 1.293566 1.233229
v 2.558400 1.339566 1.313229
v 2.525873 1.326093 1.233229
v 2.590927 1.326093 1.313229
v 2.558400 1.339566 1.233229
v 2.590927 1.326093 1.233229
v 2.035000 0.689593 1.429975
v 2.103502 2.720419 1.310944
v 2.107000 2.720072 1.307459
v 2.035000 0.690999 1.451930
v 2.024007 0.690684 1.440927
v 2.045993 0.689907 1.440977
v 2.107000 2.720519 1.314445
v 2.110498 2.720172 1.310960
v 2.086247 1.185569 1.407152
v 2.099720 1.218096 1.327152
v 2.099720 1.218096 1.407152
v 2.053720 1.172096 1.407152
v 2.086247 1.185569 1.327152
v 2.021193 1.185569 1.407152
v 2.053720 1.172096 1.327152
v 2.007720 1.218096 1.407152
v 2.021193 1.185569 1.327152
v 2.021193 1.250623 1.407152
v 2.007720 1.218096 1.327152
v 2.053720 1.264096 1.407152
v 2.021193 1.250623 1.327152
v 2.086247 1.250623 1.407152
v 2.053720 1.264096 1.327152
v 2.086247 1.250623 1.327152
v 1.524011 0.683598 1.644433
v 1.643000 3.112812 1.430988
v 1.535000 0.682167 1.633516
v 1.643000 3.113415 1.437962
v 1.639503 3.113268 1.434462
v 1.535000 0.684061 1.655434
v 1.646496 3.112959 1.434488
v 1.545989 0.682629 1.644517
v 1.595607 1.282387 1.589875
v 1.609080 1.314914 1.509875
v 1.609080 1.314914 1.589875
v 1.563080 1.268914 1.589875
v 1.595607 1.282387 1.509875
v 1.530553 1.282387 1.589875
v 1.563080 1.268914 1.509875
v 1.517080 1.314914 1.589875
v 1.530553 1.282387 1.509875
v 1.530553 1.347441 1.589875
v 1.517080 1.314914 1.509875
v 1.563080 1.360914 1.589875
v 1.530553 1.347441 1.509875
v 1.595607 1.347441 1.589875
v 1.563080 1.360914 1.509875
v 1.595607 1.347441 1.509875
v 4.303129 1.285194 -2.391968
v 4.303335 0.821606 -1.978655
v 4.236712 0.815696 -2.005783
v 4.236506 1.279284 -2.414827
v 4.559626 0.982284 -2.000465
v 4.551508 0.839512 -1.875092
v 4.354795 1.289777 -2.374241
v 4.420739 1.295626 -2.351614
v 4.565105 0.840718 -1.869348
v 4.765631 1.326110 -2.223216
v 4.698848 1.320162 -2.249753
v 5.220037 1.167914 -1.826710
v 5.220037 1.108089 -1.767702
v 5.175686 1.163948 -1.847581
v 5.286713 0.908789 -1.538690
v 5.220090 0.962704 -1.630712
v 5.286589 1.372244 -1.991941
v 5.219800 1.306464 -1.964549
v 5.151818 1.360258 -2.056771
v 5.158689 1.301115 -1.992452
v 5.131452 1.296322 -2.002944
v 5.127520 0.894671 -1.620277
v 5.136320 0.955243 -1.671417
v 5.139715 1.100987 -1.806657
v 5.145537 1.163316 -1.863796
v 5.081980 1.086550 -1.825846
v 5.079891 1.135110 -1.873667
v 5.107798 1.095745 -1.819894
v 5.120997 1.167280 -1.881406
v 5.079891 1.136470 -1.874974
v 5.102010 1.175852 -1.900459
v 5.101860 0.955250 -1.691070
v 5.110522 1.287803 -2.006213
v 5.106544 1.351540 -2.072448
v 5.075879 0.961245 -1.711598
v 5.075372 0.895244 -1.650886
v 5.034611 0.905817 -1.684170
v 5.057413 0.971985 -1.732175
v 5.004387 0.924198 -1.718591
v 5.045463 0.986193 -1.752199
v 4.983850 0.948197 -1.752618
v 4.971989 0.975579 -1.784349
v 5.039027 1.002589 -1.771066
v 4.968278 1.004243 -1.812770
v 5.037066 1.019860 -1.788356
v 4.971722 1.034332 -1.838780
v 5.039807 1.040076 -1.805763
v 4.981895 1.061709 -1.859292
v 4.998142 1.085965 -1.873279
v 5.048119 1.058256 -1.818099
v 5.020167 1.106598 -1.880482
v 5.062130 1.073880 -1.825045
v 5.047555 1.123137 -1.880682
v 5.057894 1.145365 -1.896105
v 5.088517 1.189048 -1.920999
v 5.040108 1.156710 -1.917180
v 5.080463 1.206881 -1.943074
v 5.026439 1.170649 -1.938389
v 5.016793 1.187324 -1.959921
v 5.011074 1.206878 -1.981970
v 5.077791 1.229365 -1.966723
v 5.009129 1.229393 -2.005096
v 5.079535 1.246342 -1.982481
v 5.012763 1.258768 -2.032141
v 5.023932 1.287348 -2.054216
v 5.085167 1.262163 -1.994989
v 5.043034 1.313460 -2.069405
v 5.095295 1.276201 -2.003235
v 5.070463 1.335438 -2.075839
v 5.455788 1.387177 -1.907499
v 5.456124 0.923932 -1.448080
v 5.389371 0.917984 -1.484137
v 5.389165 1.381267 -1.940299
v 5.702994 0.852690 -1.221107
v 5.704448 0.790618 -1.163778
v 5.701256 0.790017 -1.165458
v 5.707752 0.791248 -1.162050
v 5.719989 0.854198 -1.210638
v 5.698065 0.789454 -1.167169
v 5.694760 0.788938 -1.169001
v 5.691229 0.788476 -1.171041
v 5.687358 0.788080 -1.173379
v 5.672754 0.852960 -1.242412
v 5.588398 0.822360 -1.270684
v 5.571859 0.851230 -1.307466
v 5.637941 0.873578 -1.284933
v 5.630249 0.893750 -1.308135
v 5.562420 0.886735 -1.345653
v 5.626824 0.920343 -1.334381
v 5.559421 0.927627 -1.384545
v 5.626044 0.953252 -1.364623
v 5.559265 1.396384 -1.851075
v 5.625803 1.402206 -1.814681
v 5.645552 0.789555 -1.203832
v 5.651654 0.859970 -1.263466
v 5.612699 0.801373 -1.236006
v 5.653069 1.404638 1.801248
v 5.653308 0.941407 1.336239
v 5.719931 0.947317 1.296709
v 5.719666 1.410541 1.764811
v 5.396842 1.056531 1.611169
v 5.405008 0.915303 1.472334
v 5.601402 1.400055 1.829784
v 5.535400 1.394253 1.866187
v 5.391411 0.914097 1.479525
v 5.190632 1.363713 2.039928
v 5.257290 1.369632 2.007780
v 4.736403 1.125047 2.046888
v 4.736403 1.065223 1.990872
v 4.780591 1.128967 2.028204
v 4.669796 0.854055 1.830183
v 4.736459 0.919800 1.856416
v 4.669623 1.317637 2.261184
v 4.736336 1.263677 2.178454
v 4.804318 1.329532 2.208251
v 4.797520 1.269105 2.153736
v 4.824757 1.269144 2.140457
v 4.828947 0.868162 1.761275
v 4.820078 0.927217 1.819825
v 4.816672 1.072309 1.956892
v 4.810740 1.133684 2.017370
v 4.874406 1.068114 1.922348
v 4.876496 1.117045 1.968217
v 4.848589 1.072729 1.940425
v 4.835279 1.142001 2.012743
v 4.876496 1.118405 1.969522
v 4.854268 1.153942 2.014320
v 4.854576 0.933308 1.807494
v 4.845743 1.264294 2.125231
v 4.849593 1.328846 2.185459
v 4.880557 0.943912 1.803692
v 4.881095 0.877987 1.742607
v 4.921856 0.895791 1.737372
v 4.899023 0.957929 1.806899
v 4.952080 0.919534 1.743231
v 4.910973 0.974256 1.815593
v 4.972617 0.947176 1.757849
v 4.984410 0.976704 1.778704
v 4.917409 0.991795 1.828249
v 4.988121 1.006027 1.803709
v 4.919333 1.009442 1.843347
v 4.984677 1.035504 1.832898
v 4.916591 1.029172 1.862759
v 4.974492 1.061028 1.862642
v 4.958245 1.082402 1.891749
v 4.908272 1.045788 1.883015
v 4.936220 1.099128 1.919448
v 4.894257 1.058966 1.903073
v 4.908832 1.110808 1.945138
v 4.898493 1.131202 1.970180
v 4.867760 1.169532 2.022091
v 4.916278 1.145702 1.974700
v 4.875814 1.188794 2.036053
v 4.929947 1.162066 1.983184
v 4.939594 1.180452 1.995736
v 4.945263 1.201050 2.012397
v 4.878475 1.211653 2.056173
v 4.947137 1.223862 2.032832
v 4.876731 1.228321 2.073591
v 4.943502 1.252602 2.063186
v 4.932333 1.279201 2.095311
v 4.871098 1.243152 2.091195
v 4.913231 1.301924 2.127684
v 4.860970 1.255393 2.108552
v 4.885746 1.319080 2.158436
v 4.500347 1.302622 2.323748
v 4.500482 0.839058 1.900539
v 4.567105 0.844968 1.873250
v 4.566969 1.308531 2.299126
v 4.253656 0.724056 1.917391
v 4.252253 0.661741 1.862859
v 4.255445 0.661706 1.861281
v 4.248949 0.661785 1.864499
v 4.236660 0.722548 1.924037
v 4.258636 0.661709 1.859735
v 4.261941 0.661779 1.858195
v 4.265472 0.661944 1.856629
v 4.269343 0.662234 1.855005
v 4.283896 0.729690 1.908164
v 4.368171 0.714046 1.853059
v 4.384711 0.745850 1.873514
v 4.318629 0.756474 1.915369
v 4.326272 0.778035 1.930804
v 4.394149 0.783030 1.902263
v 4.329696 0.805235 1.953120
v 4.397149 0.824453 1.937973
v 4.330476 0.838282 1.981813
v 4.396936 1.293422 2.359962
v 4.330313 1.287512 2.383033
v 4.311149 0.671126 1.842543
v 4.305045 0.740420 1.907605
v 4.343871 0.688748 1.842242
v -9.528000 0.717000 0.370011
v -9.528000 0.462746 0.370011
v -9.528000 0.462746 0.406546
v -9.528000 0.717000 0.406546
v -9.528000 0.538425 0.229463
v -9.528000 0.460509 0.233936
v -9.528000 0.717000 0.341678
v -9.528000 0.717000 0.305515
v -9.528000 0.460509 0.226480
v -9.528000 0.717000 0.116502
v -9.528000 0.717000 0.153037
v -9.528000 0.608140 -0.132533
v -9.528000 0.575333 -0.132533
v -9.528000 0.608140 -0.108300
v -9.528000 0.462746 -0.169068
v -9.528000 0.495553 -0.132533
v -9.528000 0.717000 -0.169068
v -9.528000 0.684193 -0.132533
v -9.528000 0.717000 -0.095252
v -9.528000 0.684193 -0.098980
v -9.528000 0.682890 -0.084044
v -9.528000 0.462746 -0.081831
v -9.528000 0.495553 -0.086678
v -9.528000 0.575333 -0.088542
v -9.528000 0.609260 -0.091767
v -9.528000 0.570225 -0.056881
v -9.528000 0.596956 -0.055735
v -9.528000 0.574011 -0.071039
v -9.528000 0.612628 -0.078310
v -9.528000 0.597702 -0.055735
v -9.528000 0.618253 -0.067897
v -9.528000 0.497215 -0.067759
v -9.528000 0.679236 -0.072566
v -9.528000 0.714421 -0.070424
v -9.528000 0.501766 -0.053512
v -9.528000 0.465597 -0.053234
v -9.528000 0.473378 -0.030881
v -9.528000 0.508554 -0.043385
v -9.528000 0.484928 -0.014306
v -9.528000 0.516927 -0.036832
v -9.528000 0.499087 -0.003045
v -9.528000 0.514697 0.003371
v -9.528000 0.526232 -0.033302
v -9.528000 0.530596 0.005406
v -9.528000 0.535816 -0.032248
v -9.528000 0.546929 0.003517
v -9.528000 0.546769 -0.033751
v -9.528000 0.561470 -0.001995
v -9.528000 0.573982 -0.010905
v -9.528000 0.556334 -0.038309
v -9.528000 0.584225 -0.022983
v -9.528000 0.564242 -0.045995
v -9.528000 0.591963 -0.038002
v -9.528000 0.603649 -0.043672
v -9.528000 0.626146 -0.060498
v -9.528000 0.610736 -0.033919
v -9.528000 0.636317 -0.056082
v -9.528000 0.619045 -0.026423
v -9.528000 0.628659 -0.021133
v -9.528000 0.639660 -0.017997
v -9.528000 0.648776 -0.054616
v -9.528000 0.652132 -0.016963
v -9.528000 0.658002 -0.055572
v -9.528000 0.668069 -0.018956
v -9.528000 0.683199 -0.025082
v -9.528000 0.666409 -0.058662
v -9.528000 0.696589 -0.035556
v -9.528000 0.673615 -0.064216
v -9.528000 0.707307 -0.050598
v -9.528000 0.717000 -0.261897
v -9.528000 0.462746 -0.261897
v -9.528000 0.462746 -0.225362
v -9.528000 0.717000 -0.225362
v -9.528000 0.411671 -0.397226
v -9.528000 0.377561 -0.398023
v -9.528000 0.377387 -0.396273
v -9.528000 0.377746 -0.399835
v -9.528000 0.411671 -0.406546
v -9.528000 0.377233 -0.394523
v -9.528000 0.377110 -0.392711
v -9.528000 0.377029 -0.390774
v -9.528000 0.377000 -0.388651
v -9.528000 0.413290 -0.380643
v -9.528000 0.400627 -0.334454
v -9.528000 0.417263 -0.325385
v -9.528000 0.426304 -0.361623
v -9.528000 0.437740 -0.357405
v -9.528000 0.437193 -0.320208
v -9.528000 0.452490 -0.355527
v -9.528000 0.459763 -0.318564
v -9.528000 0.470575 -0.355099
v -9.528000 0.717000 -0.318564
v -9.528000 0.717000 -0.355099
v -9.528000 0.379843 -0.365725
v -9.528000 0.418161 -0.369072
v -9.528000 0.387936 -0.347781
v -8.870000 0.685793 -2.725438
v -8.420000 0.641489 -2.735422
v -8.870000 0.641225 -2.707370
v -8.420000 0.641489 2.735422
v -8.870000 0.685793 2.725438
v -8.870000 0.641225 2.707370
v -7.240000 0.661437 -2.801531
v -6.790000 0.617060 -2.807619
v -7.240000 0.616936 -2.784111
v -6.790000 0.617060 2.807619
v -7.240000 0.661437 2.801531
v -7.240000 0.616936 2.784111
v -5.610000 0.642597 -2.873801
v -5.160000 0.598191 -2.877044
v -5.610000 0.598145 -2.856637
v -5.160000 0.598191 2.877044
v -5.610000 0.642597 2.873801
v -5.610000 0.598145 2.856637
v -4.390000 0.635393 -2.923226
v -3.940000 0.590898 -2.924019
v -4.390000 0.590971 -2.905941
v -3.940000 0.590898 2.924019
v -4.390000 0.635393 2.923226
v -4.390000 0.590971 2.905941
v -1.440000 0.646378 -2.983074
v -1.890000 0.602309 -2.968001
v -1.890000 0.646674 -2.986777
v -1.890000 0.602309 2.968001
v -1.440000 0.646378 2.983074
v -1.890000 0.646674 2.986777
v 0.880000 0.679185 -2.862224
v 0.430000 0.635532 -2.887439
v 0.430000 0.679827 -2.909731
v 0.430000 0.635532 2.887439
v 0.880000 0.679185 2.862224
v 0.430000 0.679827 2.909731
v 2.810000 0.708553 -2.503176
v 2.360000 0.665275 -2.594408
v 2.360000 0.709453 -2.624163
v 2.360000 0.665275 2.594408
v 2.810000 0.708553 2.503176
v 2.360000 0.709453 2.624163
v 3.700000 0.741870 -2.211909
v 3.250000 0.698578 -2.350665
v 3.250000 0.742680 -2.384821
v 3.250000 0.698578 2.350665
v 3.700000 0.741870 2.211909
v 3.250000 0.742680 2.384821
v -9.485001 0.423557 -2.150159
v -9.533000 0.460000 -2.162000
v -9.485001 0.460000 -2.162000
v -9.485001 0.401035 -2.119159
v -9.533000 0.423557 -2.150159
v -9.485001 0.401035 -2.080841
v -9.533000 0.401035 -2.119159
v -9.485001 0.423557 -2.049841
v -9.533000 0.401035 -2.080841
v -9.485001 0.460000 -2.038000
v -9.533000 0.423557 -2.049841
v -9.485001 0.496443 -2.049841
v -9.533000 0.460000 -2.038000
v -9.485001 0.518965 -2.080841
v -9.533000 0.496443 -2.049841
v -9.485001 0.518965 -2.119159
v -9.533000 0.518965 -2.080841
v -9.485001 0.496443 -2.150159
v -9.533000 0.518965 -2.119159
v -9.533000 0.496443 -2.150159
v -9.475000 0.315000 -2.044194
v -9.475000 0.400000 -2.132000
v -9.475000 0.315000 -2.160544
v -9.475000 0.230000 -2.112727
v -9.475000 0.145000 -2.100240
v -9.475000 0.230000 -2.048734
v -9.475000 0.060000 -2.083556
v -9.475000 0.145000 -2.053391
v -9.474000 0.342500 -2.170289
v -9.474000 0.400000 -2.116178
v -9.474000 0.400000 -2.186310
v -9.474000 0.285000 -2.156731
v -9.474000 0.342500 -2.128500
v -9.474000 0.227500 -2.119897
v -9.474000 0.227500 -2.157969
v -9.474000 0.170000 -2.166610
v -9.474000 0.170000 -2.179266
v -9.485001 0.423557 2.049841
v -9.533000 0.460000 2.038000
v -9.485001 0.460000 2.038000
v -9.485001 0.401035 2.080841
v -9.533000 0.423557 2.049841
v -9.485001 0.401035 2.119159
v -9.533000 0.401035 2.080841
v -9.485001 0.423557 2.150159
v -9.533000 0.401035 2.119159
v -9.485001 0.460000 2.162000
v -9.533000 0.423557 2.150159
v -9.485001 0.496443 2.150159
v -9.533000 0.460000 2.162000
v -9.485001 0.518965 2.119159
v -9.533000 0.496443 2.150159
v -9.485001 0.518965 2.080841
v -9.533000 0.518965 2.119159
v -9.485001 0.496443 2.049841
v -9.533000 0.518965 2.080841
v -9.533000 0.496443 2.049841
v -9.475000 0.315000 2.115806
v -9.475000 0.400000 2.028000
v -9.475000 0.315000 1.999456
v -9.475000 0.230000 2.047273
v -9.475000 0.145000 2.059760
v -9.475000 0.230000 2.111266
v -9.475000 0.060000 2.076444
v -9.475000 0.145000 2.106609
v -9.474000 0.342500 2.129711
v -9.474000 0.400000 2.183822
v -9.474000 0.400000 2.113690
v -9.474000 0.285000 2.143269
v -9.474000 0.342500 2.171499
v -9.474000 0.227500 2.180103
v -9.474000 0.227500 2.142031
v -9.474000 0.170000 2.133390
v -9.474000 0.170000 2.120734
v -9.455000 1.780000 -0.050000
v -9.472633 1.825000 -0.024271
v -9.455000 1.825000 -0.030000
v -9.484389 1.780000 -0.040451
v -9.483532 1.825000 -0.009271
v -9.502553 1.780000 0.015451
v -9.502553 1.780000 -0.015451
v -9.484389 1.780000 0.040451
v -9.483532 1.825000 0.009271
v -9.455000 1.780000 0.050000
v -9.472633 1.825000 0.024271
v -9.437366 1.825000 0.024271
v -9.455000 1.825000 0.030000
v -9.425611 1.780000 0.040451
v -9.426468 1.825000 0.009271
v -9.407447 1.780000 -0.015451
v -9.407447 1.780000 0.015451
v -9.425611 1.780000 -0.040451
v -9.426468 1.825000 -0.009271
v -9.437366 1.825000 -0.024271
v 4.290000 0.850918 -0.300000
v -8.420000 0.686031 -2.753013
v -8.420000 0.686031 2.753013
v -6.790000 0.661545 -2.824821
v -6.790000 0.661545 2.824821
v -5.160000 0.642631 -2.894129
v -5.160000 0.642631 2.894129
v -3.940000 0.635308 -2.941444
v -3.940000 0.635308 2.941444
v -1.440000 0.602022 -2.963748
v -1.440000 0.602022 2.963748
v 0.880000 0.634910 -2.838609
v 0.880000 0.634910 2.838609
v 2.810000 0.664411 -2.471085
v 2.810000 0.664411 2.471085
v 3.700000 0.697814 -2.175353
v 3.700000 0.697814 2.175353
v -9.475000 0.400000 -2.028000
v -9.475000 0.060000 -2.051132
v -9.474000 0.285000 -2.113006
v -9.475000 0.400000 2.132000
v -9.475000 0.060000 2.108867
v -9.474000 0.285000 2.186994
vt 0.304244 0.214345
vt 0.304174 0.218115
vt 0.304174 0.214345
vt 0.304244 0.200970
vt 0.304174 0.204740
vt 0.304174 0.200970
vt 0.649759 0.269805
vt 0.649829 0.269220
vt 0.649829 0.269806
vt 0.281429 0.190514
vt 0.282015 0.194191
vt 0.281429 0.194192
vt 0.649759 0.279996
vt 0.649829 0.279411
vt 0.649829 0.279997
vt 0.282015 0.059935
vt 0.281429 0.056167
vt 0.282015 0.056168
vt 0.531011 0.672069
vt 0.531011 0.672125
vt 0.530999 0.672082
vt 0.530998 0.672134
vt 0.530985 0.672141
vt 0.530973 0.672102
vt 0.530986 0.672093
vt 0.531011 0.671918
vt 0.531001 0.671955
vt 0.530970 0.671913
vt 0.531008 0.671894
vt 0.530956 0.671886
vt 0.530946 0.671881
vt 0.530966 0.671846
vt 0.530924 0.672154
vt 0.530929 0.672114
vt 0.530941 0.672153
vt 0.530944 0.672113
vt 0.530956 0.672151
vt 0.530959 0.672109
vt 0.530934 0.671877
vt 0.530943 0.671839
vt 0.530971 0.672147
vt 0.530945 0.672005
vt 0.530935 0.671958
vt 0.530977 0.671982
vt 0.530960 0.671938
vt 0.530968 0.671902
vt 0.530999 0.671874
vt 0.530963 0.671893
vt 0.530985 0.671858
vt 0.530916 0.671836
vt 0.530920 0.671876
vt 0.530909 0.671877
vt 0.530904 0.671837
vt 0.530901 0.672152
vt 0.530901 0.672108
vt 0.530913 0.672113
vt 0.530898 0.671879
vt 0.530893 0.671839
vt 0.530849 0.672114
vt 0.530840 0.672094
vt 0.530880 0.672085
vt 0.530878 0.672076
vt 0.530837 0.672071
vt 0.530847 0.672029
vt 0.530848 0.671909
vt 0.530847 0.671859
vt 0.530861 0.671898
vt 0.530874 0.671889
vt 0.530858 0.671852
vt 0.530880 0.672144
vt 0.530891 0.672102
vt 0.530862 0.672131
vt 0.530884 0.672094
vt 0.530888 0.672048
vt 0.530871 0.671999
vt 0.530913 0.672025
vt 0.530903 0.671977
vt 0.530886 0.671883
vt 0.530870 0.671846
vt 0.530881 0.671842
vt 0.511453 0.672069
vt 0.511453 0.672125
vt 0.511441 0.672082
vt 0.511440 0.672134
vt 0.511427 0.672141
vt 0.511415 0.672102
vt 0.511428 0.672093
vt 0.511453 0.671918
vt 0.511444 0.671955
vt 0.511412 0.671913
vt 0.511450 0.671894
vt 0.511398 0.671886
vt 0.511388 0.671881
vt 0.511408 0.671846
vt 0.511367 0.672154
vt 0.511371 0.672114
vt 0.511383 0.672153
vt 0.511386 0.672113
vt 0.511398 0.672151
vt 0.511401 0.672109
vt 0.511376 0.671877
vt 0.511385 0.671839
vt 0.511413 0.672147
vt 0.511387 0.672005
vt 0.511377 0.671958
vt 0.511419 0.671982
vt 0.511402 0.671938
vt 0.511410 0.671902
vt 0.511441 0.671874
vt 0.511405 0.671893
vt 0.511427 0.671858
vt 0.511358 0.671836
vt 0.511362 0.671876
vt 0.511352 0.671877
vt 0.511347 0.671837
vt 0.511343 0.672152
vt 0.511343 0.672108
vt 0.511356 0.672113
vt 0.511340 0.671879
vt 0.511335 0.671839
vt 0.511291 0.672114
vt 0.511282 0.672094
vt 0.511322 0.672085
vt 0.511320 0.672076
vt 0.511279 0.672071
vt 0.511289 0.672029
vt 0.511290 0.671909
vt 0.511289 0.671859
vt 0.511303 0.671898
vt 0.511316 0.671889
vt 0.511301 0.671852
vt 0.511322 0.672144
vt 0.511333 0.672102
vt 0.511304 0.672131
vt 0.511326 0.672094
vt 0.511330 0.672048
vt 0.511313 0.671999
vt 0.511355 0.672025
vt 0.511345 0.671977
vt 0.511328 0.671883
vt 0.511312 0.671846
vt 0.511323 0.671842
vt 0.659986 0.147468
vt 0.659940 0.147468
vt 0.659901 0.147377
vt 0.659884 0.147337
vt 0.659853 0.147157
vt 0.659822 0.147157
vt 0.659838 0.147225
vt 0.659788 0.147337
vt 0.659770 0.147377
vt 0.659728 0.147468
vt 0.659683 0.147468
vt 0.669759 0.565396
vt 0.669759 0.565436
vt 0.669729 0.565396
vt 0.669803 0.565573
vt 0.669759 0.565533
vt 0.669803 0.565263
vt 0.669759 0.565303
vt 0.669713 0.565263
vt 0.669718 0.565303
vt 0.669700 0.565305
vt 0.669697 0.565573
vt 0.669703 0.565533
vt 0.669705 0.565436
vt 0.669709 0.565395
vt 0.669667 0.565442
vt 0.669665 0.565410
vt 0.669684 0.565438
vt 0.669693 0.565391
vt 0.669665 0.565409
vt 0.669680 0.565384
vt 0.669680 0.565531
vt 0.669686 0.565309
vt 0.669683 0.565266
vt 0.669663 0.565526
vt 0.669662 0.565570
vt 0.669635 0.565560
vt 0.669650 0.565517
vt 0.669615 0.565546
vt 0.669642 0.565507
vt 0.669601 0.565529
vt 0.669593 0.565510
vt 0.669638 0.565496
vt 0.669591 0.565491
vt 0.669637 0.565484
vt 0.669593 0.565471
vt 0.669638 0.565471
vt 0.669600 0.565453
vt 0.669611 0.565438
vt 0.669644 0.565459
vt 0.669625 0.565425
vt 0.669653 0.565450
vt 0.669644 0.565416
vt 0.669650 0.565402
vt 0.669671 0.565374
vt 0.669639 0.565393
vt 0.669666 0.565362
vt 0.669630 0.565383
vt 0.669623 0.565371
vt 0.669619 0.565358
vt 0.669664 0.565346
vt 0.669618 0.565342
vt 0.669665 0.565335
vt 0.669620 0.565323
vt 0.669628 0.565305
vt 0.669669 0.565325
vt 0.669641 0.565288
vt 0.669676 0.565316
vt 0.669659 0.565275
vt 0.659986 0.157385
vt 0.659940 0.157385
vt 0.659901 0.157294
vt 0.659884 0.157254
vt 0.659853 0.157073
vt 0.659822 0.157073
vt 0.659838 0.157141
vt 0.659788 0.157254
vt 0.659770 0.157294
vt 0.659728 0.157385
vt 0.659683 0.157385
vt 0.679646 0.104022
vt 0.679602 0.103982
vt 0.679602 0.103886
vt 0.679646 0.103712
vt 0.679602 0.103846
vt 0.679602 0.103752
vt 0.679466 0.104023
vt 0.679466 0.103983
vt 0.679475 0.103886
vt 0.679475 0.103846
vt 0.679471 0.103753
vt 0.679471 0.103713
vt 0.521232 0.672068
vt 0.521232 0.672125
vt 0.521220 0.672082
vt 0.521219 0.672134
vt 0.521206 0.672141
vt 0.521194 0.672102
vt 0.521207 0.672093
vt 0.521232 0.671918
vt 0.521222 0.671955
vt 0.521191 0.671912
vt 0.521229 0.671894
vt 0.521177 0.671886
vt 0.521167 0.671881
vt 0.521187 0.671846
vt 0.521146 0.672154
vt 0.521150 0.672114
vt 0.521162 0.672153
vt 0.521165 0.672113
vt 0.521177 0.672151
vt 0.521180 0.672109
vt 0.521155 0.671877
vt 0.521164 0.671839
vt 0.521192 0.672147
vt 0.521166 0.672005
vt 0.521156 0.671958
vt 0.521198 0.671982
vt 0.521181 0.671938
vt 0.521189 0.671902
vt 0.521220 0.671874
vt 0.521184 0.671893
vt 0.521206 0.671858
vt 0.521137 0.671836
vt 0.521141 0.671876
vt 0.521130 0.671877
vt 0.521125 0.671837
vt 0.521122 0.672152
vt 0.521122 0.672108
vt 0.521134 0.672113
vt 0.521119 0.671879
vt 0.521114 0.671839
vt 0.521070 0.672114
vt 0.521061 0.672094
vt 0.521101 0.672085
vt 0.521099 0.672076
vt 0.521058 0.672071
vt 0.521068 0.672029
vt 0.521069 0.671909
vt 0.521068 0.671859
vt 0.521082 0.671898
vt 0.521095 0.671889
vt 0.521079 0.671852
vt 0.521101 0.672144
vt 0.521112 0.672102
vt 0.521083 0.672131
vt 0.521105 0.672093
vt 0.521109 0.672048
vt 0.521092 0.671999
vt 0.521134 0.672025
vt 0.521124 0.671977
vt 0.521107 0.671883
vt 0.521091 0.671846
vt 0.521102 0.671842
vt 0.150762 0.599780
vt 0.150711 0.600584
vt 0.150711 0.599780
vt 0.160417 0.599780
vt 0.160366 0.600584
vt 0.160366 0.599780
vt 0.798873 0.859550
vt 0.798923 0.859408
vt 0.798923 0.859550
vt 0.580113 0.524352
vt 0.580256 0.525136
vt 0.580113 0.525136
vt 0.864702 0.043934
vt 0.864752 0.043792
vt 0.864752 0.043934
vt 0.580255 0.098362
vt 0.580113 0.097558
vt 0.580255 0.097558
vt 0.806495 0.571415
vt 0.806445 0.571599
vt 0.806445 0.571415
vt 0.806495 0.404999
vt 0.806445 0.405183
vt 0.806445 0.404999
vt 0.659683 0.471603
vt 0.659733 0.471051
vt 0.659733 0.471603
vt 0.620219 0.178151
vt 0.620399 0.177598
vt 0.620399 0.178151
vt 0.659683 0.573174
vt 0.659732 0.572622
vt 0.659732 0.573174
vt 0.620219 0.005355
vt 0.620403 0.004802
vt 0.620403 0.005355
vt 0.170072 0.599780
vt 0.170022 0.600584
vt 0.170022 0.599780
vt 0.092831 0.599780
vt 0.092781 0.600584
vt 0.092781 0.599780
vt 0.808528 0.859550
vt 0.808578 0.859408
vt 0.808578 0.859550
vt 0.580113 0.534741
vt 0.580256 0.535526
vt 0.580113 0.535526
vt 0.864702 0.053681
vt 0.864752 0.053539
vt 0.864752 0.053682
vt 0.580255 0.108770
vt 0.580113 0.107967
vt 0.580255 0.107967
vt 0.806495 0.414788
vt 0.806445 0.414972
vt 0.806445 0.414788
vt 0.806495 0.424577
vt 0.806445 0.424762
vt 0.806445 0.424577
vt 0.659683 0.481760
vt 0.659733 0.481208
vt 0.659733 0.481760
vt 0.620219 0.188309
vt 0.620399 0.187756
vt 0.620399 0.188309
vt 0.659683 0.583331
vt 0.659732 0.582780
vt 0.659732 0.583332
vt 0.620219 0.015513
vt 0.620403 0.014960
vt 0.620403 0.015513
vt 0.179727 0.599780
vt 0.179677 0.600584
vt 0.179677 0.599780
vt 0.102486 0.599780
vt 0.102436 0.600584
vt 0.102436 0.599780
vt 0.818183 0.859550
vt 0.818233 0.859408
vt 0.818233 0.859550
vt 0.580113 0.545131
vt 0.580256 0.545916
vt 0.580113 0.545916
vt 0.864702 0.121914
vt 0.864752 0.121772
vt 0.864752 0.121914
vt 0.580255 0.119179
vt 0.580113 0.118375
vt 0.580255 0.118375
vt 0.806495 0.434366
vt 0.806445 0.434551
vt 0.806445 0.434366
vt 0.806495 0.444156
vt 0.806445 0.444340
vt 0.806445 0.444156
vt 0.659683 0.491917
vt 0.659733 0.491365
vt 0.659733 0.491917
vt 0.620219 0.198467
vt 0.620399 0.197914
vt 0.620399 0.198467
vt 0.014457 0.662192
vt 0.014507 0.661640
vt 0.014507 0.662192
vt 0.620219 0.025671
vt 0.620403 0.025118
vt 0.620403 0.025671
vt 0.189382 0.599780
vt 0.189332 0.600584
vt 0.189332 0.599780
vt 0.112141 0.599780
vt 0.112091 0.600584
vt 0.112091 0.599780
vt 0.827838 0.859550
vt 0.827888 0.859408
vt 0.827888 0.859550
vt 0.014550 0.589244
vt 0.014692 0.590028
vt 0.014550 0.590028
vt 0.864702 0.112166
vt 0.864752 0.112024
vt 0.864752 0.112166
vt 0.580255 0.129588
vt 0.580113 0.128784
vt 0.580255 0.128784
vt 0.806495 0.581204
vt 0.806445 0.581388
vt 0.806445 0.581204
vt 0.806495 0.453945
vt 0.806445 0.454129
vt 0.806445 0.453945
vt 0.659683 0.552860
vt 0.659733 0.552308
vt 0.659733 0.552860
vt 0.620219 0.208625
vt 0.620399 0.208073
vt 0.620399 0.208625
vt 0.659683 0.593489
vt 0.659732 0.592937
vt 0.659732 0.593489
vt 0.620219 0.035828
vt 0.620403 0.035276
vt 0.620403 0.035828
vt 0.276278 0.599780
vt 0.276228 0.600584
vt 0.276228 0.599780
vt 0.199037 0.599780
vt 0.198987 0.600584
vt 0.198987 0.599780
vt 0.837493 0.859550
vt 0.837543 0.859408
vt 0.837543 0.859550
vt 0.580113 0.555521
vt 0.580256 0.556306
vt 0.580113 0.556306
vt 0.864702 0.063429
vt 0.864752 0.063287
vt 0.864752 0.063429
vt 0.580256 0.087953
vt 0.580113 0.087149
vt 0.580256 0.087149
vt 0.806495 0.463734
vt 0.806445 0.463918
vt 0.806445 0.463734
vt 0.806495 0.473523
vt 0.806445 0.473707
vt 0.806445 0.473523
vt 0.659683 0.502074
vt 0.659733 0.501522
vt 0.659733 0.502074
vt 0.620219 0.218783
vt 0.620399 0.218231
vt 0.620399 0.218784
vt 0.659683 0.603646
vt 0.659732 0.603094
vt 0.659732 0.603647
vt 0.620219 0.045986
vt 0.620403 0.045433
vt 0.620403 0.045986
vt 0.208692 0.599780
vt 0.208642 0.600584
vt 0.208642 0.599780
vt 0.218348 0.599780
vt 0.218297 0.600584
vt 0.218297 0.599780
vt 0.847148 0.859550
vt 0.847198 0.859408
vt 0.847198 0.859550
vt 0.580113 0.565911
vt 0.580256 0.566695
vt 0.580113 0.566696
vt 0.864702 0.073176
vt 0.864752 0.073034
vt 0.864752 0.073176
vt 0.580255 0.139997
vt 0.580113 0.139193
vt 0.580255 0.139193
vt 0.806495 0.590993
vt 0.806445 0.591178
vt 0.806445 0.590993
vt 0.806495 0.483312
vt 0.806445 0.483497
vt 0.806445 0.483312
vt 0.659683 0.512231
vt 0.659733 0.511680
vt 0.659733 0.512232
vt 0.620219 0.228941
vt 0.620399 0.228389
vt 0.620399 0.228942
vt 0.659683 0.613804
vt 0.659732 0.613252
vt 0.659732 0.613804
vt 0.620219 0.056144
vt 0.620403 0.055591
vt 0.620403 0.056144
vt 0.228003 0.599780
vt 0.227952 0.600584
vt 0.227952 0.599780
vt 0.121796 0.599780
vt 0.121746 0.600584
vt 0.121746 0.599780
vt 0.864702 0.004945
vt 0.864752 0.004803
vt 0.864752 0.004945
vt 0.580113 0.576301
vt 0.580256 0.577085
vt 0.580113 0.577085
vt 0.864702 0.082924
vt 0.864752 0.082782
vt 0.864752 0.082924
vt 0.580255 0.150405
vt 0.580113 0.149601
vt 0.580255 0.149602
vt 0.806495 0.493102
vt 0.806445 0.493286
vt 0.806445 0.493102
vt 0.806495 0.502891
vt 0.806445 0.503075
vt 0.806445 0.502891
vt 0.659683 0.522388
vt 0.659733 0.521837
vt 0.659733 0.522389
vt 0.620219 0.239099
vt 0.620399 0.238547
vt 0.620399 0.239100
vt 0.659683 0.623961
vt 0.659732 0.623409
vt 0.659732 0.623961
vt 0.620219 0.066302
vt 0.620403 0.065749
vt 0.620403 0.066301
vt 0.237658 0.599780
vt 0.237608 0.600584
vt 0.237608 0.599780
vt 0.131451 0.599780
vt 0.131401 0.600584
vt 0.131401 0.599780
vt 0.864702 0.014692
vt 0.864752 0.014550
vt 0.864752 0.014692
vt 0.024297 0.589244
vt 0.024439 0.590028
vt 0.024297 0.590028
vt 0.864702 0.131661
vt 0.864752 0.131519
vt 0.864752 0.131661
vt 0.580255 0.160814
vt 0.580113 0.160010
vt 0.580255 0.160010
vt 0.806495 0.512680
vt 0.806445 0.512864
vt 0.806445 0.512680
vt 0.806495 0.522469
vt 0.806445 0.522653
vt 0.806445 0.522469
vt 0.659683 0.532545
vt 0.659733 0.531994
vt 0.659733 0.532546
vt 0.620219 0.269574
vt 0.620399 0.269021
vt 0.620399 0.269574
vt 0.659683 0.634118
vt 0.659732 0.633567
vt 0.659732 0.634119
vt 0.620219 0.076459
vt 0.620403 0.075907
vt 0.620403 0.076459
vt 0.247313 0.599780
vt 0.247263 0.600584
vt 0.247263 0.599780
vt 0.141106 0.599780
vt 0.141056 0.600584
vt 0.141056 0.599780
vt 0.864702 0.024439
vt 0.864752 0.024297
vt 0.864752 0.024439
vt 0.034044 0.589244
vt 0.034187 0.590028
vt 0.034044 0.590028
vt 0.864702 0.092671
vt 0.864752 0.092529
vt 0.864752 0.092671
vt 0.580255 0.171223
vt 0.580113 0.170419
vt 0.580255 0.170419
vt 0.806495 0.532258
vt 0.806445 0.532443
vt 0.806445 0.532258
vt 0.806495 0.542047
vt 0.806445 0.542232
vt 0.806445 0.542047
vt 0.659683 0.563017
vt 0.659733 0.562465
vt 0.659733 0.563017
vt 0.620219 0.249257
vt 0.620399 0.248705
vt 0.620399 0.249258
vt 0.659683 0.644276
vt 0.659732 0.643724
vt 0.659732 0.644276
vt 0.620219 0.086617
vt 0.620403 0.086064
vt 0.620403 0.086617
vt 0.256968 0.599780
vt 0.256918 0.600584
vt 0.256918 0.599780
vt 0.266623 0.599780
vt 0.266573 0.600584
vt 0.266573 0.599780
vt 0.864702 0.034186
vt 0.864752 0.034044
vt 0.864752 0.034187
vt 0.004802 0.589244
vt 0.004945 0.590028
vt 0.004802 0.590028
vt 0.864702 0.102419
vt 0.864752 0.102277
vt 0.864752 0.102419
vt 0.580256 0.181632
vt 0.580113 0.180828
vt 0.580256 0.180828
vt 0.806495 0.551837
vt 0.806445 0.552021
vt 0.806445 0.551837
vt 0.806495 0.561626
vt 0.806445 0.561810
vt 0.806445 0.561626
vt 0.659683 0.542703
vt 0.659733 0.542151
vt 0.659733 0.542703
vt 0.620219 0.259416
vt 0.620399 0.258863
vt 0.620399 0.259416
vt 0.004802 0.662192
vt 0.004852 0.661640
vt 0.004852 0.662192
vt 0.620219 0.096775
vt 0.620403 0.096222
vt 0.620403 0.096775
vt 0.205734 0.270849
vt 0.203824 0.273262
vt 0.203824 0.270849
vt 0.194219 0.270849
vt 0.192309 0.273262
vt 0.192309 0.270849
vt 0.242914 0.413714
vt 0.243015 0.415619
vt 0.242914 0.415620
vt 0.389746 0.143794
vt 0.389847 0.146148
vt 0.389746 0.146148
vt 0.291385 0.413715
vt 0.291485 0.415603
vt 0.291385 0.415603
vt 0.379021 0.296356
vt 0.378920 0.293944
vt 0.379021 0.293945
vt 0.451161 0.830270
vt 0.451211 0.830152
vt 0.451211 0.830269
vt 0.431828 0.830270
vt 0.431875 0.830152
vt 0.431875 0.830269
vt 0.431780 0.830269
vt 0.431828 0.830153
vt 0.228058 0.830269
vt 0.228104 0.830153
vt 0.228104 0.830270
vt 0.228009 0.830270
vt 0.228058 0.830152
vt 0.615907 0.830269
vt 0.615949 0.830152
vt 0.615949 0.830269
vt 0.615856 0.830269
vt 0.615907 0.830152
vt 0.451255 0.830153
vt 0.451255 0.830270
vt 0.796752 0.700620
vt 0.796716 0.700533
vt 0.796803 0.700496
vt 0.796752 0.690768
vt 0.796803 0.690768
vt 0.796752 0.690892
vt 0.796746 0.769117
vt 0.796716 0.768929
vt 0.796746 0.768931
vt 0.412495 0.820536
vt 0.412529 0.820351
vt 0.412529 0.820536
vt 0.796744 0.759322
vt 0.796774 0.759137
vt 0.796774 0.759323
vt 0.796716 0.759324
vt 0.796744 0.759135
vt 0.752111 0.820351
vt 0.752077 0.820536
vt 0.752077 0.820351
vt 0.796774 0.769114
vt 0.796774 0.768928
vt 0.913116 0.401687
vt 0.913116 0.401654
vt 0.913144 0.401639
vt 0.913116 0.140252
vt 0.913144 0.140236
vt 0.913173 0.140253
vt 0.669790 0.264540
vt 0.669741 0.264495
vt 0.669740 0.264388
vt 0.669788 0.264193
vt 0.669740 0.264343
vt 0.669739 0.264238
vt 0.669591 0.264540
vt 0.669591 0.264495
vt 0.669599 0.264388
vt 0.669599 0.264343
vt 0.669593 0.264238
vt 0.669593 0.264193
vt 0.650002 0.340332
vt 0.650001 0.340161
vt 0.650051 0.340332
vt 0.650049 0.339986
vt 0.650000 0.340144
vt 0.649827 0.340332
vt 0.649759 0.340332
vt 0.649944 0.340150
vt 0.649855 0.339986
vt 0.649793 0.339986
vt 0.649999 0.339986
vt 0.650001 0.289853
vt 0.650003 0.289841
vt 0.650049 0.289862
vt 0.650055 0.289820
vt 0.650005 0.289826
vt 0.650005 0.289808
vt 0.650055 0.289604
vt 0.650005 0.289604
vt 0.649912 0.289954
vt 0.649925 0.289908
vt 0.649947 0.289951
vt 0.649939 0.289905
vt 0.649951 0.289901
vt 0.649981 0.289941
vt 0.649963 0.289896
vt 0.649974 0.289888
vt 0.650010 0.289923
vt 0.649985 0.289879
vt 0.650034 0.289897
vt 0.649992 0.289872
vt 0.649997 0.289863
vt 0.649876 0.289904
vt 0.649865 0.289949
vt 0.649862 0.289900
vt 0.649893 0.289907
vt 0.649839 0.289887
vt 0.649850 0.289894
vt 0.649827 0.289936
vt 0.649776 0.289887
vt 0.649763 0.289852
vt 0.649817 0.289859
vt 0.649813 0.289847
vt 0.649810 0.289834
vt 0.649759 0.289812
vt 0.649809 0.289820
vt 0.649808 0.289804
vt 0.649759 0.289602
vt 0.649808 0.289602
vt 0.649797 0.289915
vt 0.649830 0.289880
vt 0.649822 0.289870
vt 0.649911 0.289908
vt 0.669795 0.114488
vt 0.669795 0.114835
vt 0.669746 0.114790
vt 0.669591 0.114834
vt 0.669591 0.114789
vt 0.669746 0.114488
vt 0.669725 0.425201
vt 0.669725 0.425040
vt 0.669774 0.425202
vt 0.669774 0.424855
vt 0.669725 0.424995
vt 0.669591 0.424898
vt 0.669591 0.424853
vt 0.669725 0.424899
vt 0.669591 0.425039
vt 0.669591 0.424994
vt 0.669792 0.204631
vt 0.669742 0.204586
vt 0.669742 0.204478
vt 0.669791 0.204284
vt 0.669741 0.204433
vt 0.669741 0.204329
vt 0.669591 0.204631
vt 0.669591 0.204586
vt 0.669600 0.204478
vt 0.669600 0.204433
vt 0.669594 0.204329
vt 0.669594 0.204284
vt 0.650004 0.310010
vt 0.650003 0.309839
vt 0.650054 0.310010
vt 0.650052 0.309663
vt 0.650003 0.309822
vt 0.649828 0.310010
vt 0.649759 0.310010
vt 0.649946 0.309827
vt 0.649857 0.309663
vt 0.649795 0.309663
vt 0.650003 0.309663
vt 0.650003 0.249311
vt 0.650006 0.249299
vt 0.650052 0.249320
vt 0.650057 0.249277
vt 0.650007 0.249284
vt 0.650008 0.249266
vt 0.650057 0.249062
vt 0.650008 0.249062
vt 0.649913 0.249413
vt 0.649927 0.249366
vt 0.649949 0.249409
vt 0.649940 0.249364
vt 0.649953 0.249360
vt 0.649983 0.249399
vt 0.649965 0.249354
vt 0.649976 0.249347
vt 0.650013 0.249380
vt 0.649987 0.249338
vt 0.650036 0.249354
vt 0.649994 0.249330
vt 0.649999 0.249321
vt 0.649878 0.249363
vt 0.649866 0.249408
vt 0.649863 0.249358
vt 0.649894 0.249366
vt 0.649840 0.249346
vt 0.649850 0.249353
vt 0.649827 0.249395
vt 0.649776 0.249345
vt 0.649763 0.249311
vt 0.649817 0.249318
vt 0.649813 0.249306
vt 0.649811 0.249293
vt 0.649759 0.249271
vt 0.649809 0.249278
vt 0.649809 0.249263
vt 0.649759 0.249061
vt 0.649809 0.249061
vt 0.649797 0.249373
vt 0.649831 0.249338
vt 0.649823 0.249329
vt 0.649912 0.249367
vt 0.669797 0.084413
vt 0.669797 0.084760
vt 0.669747 0.084715
vt 0.669591 0.084759
vt 0.669591 0.084714
vt 0.669747 0.084413
vt 0.669726 0.415248
vt 0.669726 0.415087
vt 0.669776 0.415249
vt 0.669776 0.414902
vt 0.669726 0.415043
vt 0.669591 0.414946
vt 0.669591 0.414901
vt 0.669726 0.414946
vt 0.669591 0.415087
vt 0.669591 0.415042
vt 0.304174 0.042717
vt 0.304621 0.045885
vt 0.304174 0.045898
vt 0.304174 0.067767
vt 0.304612 0.070953
vt 0.304174 0.070873
vt 0.304621 0.042704
vt 0.304719 0.045889
vt 0.102685 0.621181
vt 0.102814 0.620640
vt 0.102814 0.621205
vt 0.304712 0.070934
vt 0.304612 0.067846
vt 0.304712 0.067828
vt 0.034621 0.621187
vt 0.034493 0.620639
vt 0.034621 0.620616
vt 0.043408 0.917935
vt 0.043389 0.917961
vt 0.043389 0.917935
vt 0.043407 0.917961
vt 0.043387 0.917984
vt 0.862457 0.927622
vt 0.862451 0.927598
vt 0.862465 0.927598
vt 0.862457 0.927649
vt 0.862443 0.927622
vt 0.862451 0.927673
vt 0.862443 0.927649
vt 0.913117 0.866710
vt 0.913134 0.866731
vt 0.913116 0.866731
vt 0.913118 0.866684
vt 0.913135 0.866710
vt 0.913117 0.866658
vt 0.913136 0.866684
vt 0.913116 0.866637
vt 0.913135 0.866658
vt 0.932451 0.014483
vt 0.932444 0.014507
vt 0.932437 0.014483
vt 0.932458 0.014534
vt 0.932458 0.014507
vt 0.932451 0.014558
vt 0.932444 0.014534
vt 0.043406 0.917891
vt 0.043389 0.917909
vt 0.043387 0.917891
vt 0.043407 0.917910
vt 0.741782 0.830257
vt 0.741744 0.830269
vt 0.741708 0.830184
vt 0.519054 0.830209
vt 0.518987 0.830267
vt 0.518965 0.830184
vt 0.351366 0.985546
vt 0.351376 0.985550
vt 0.351366 0.985584
vt 0.990258 0.793827
vt 0.990253 0.793819
vt 0.990258 0.793819
vt 0.990256 0.880376
vt 0.990252 0.880368
vt 0.990256 0.880368
vt 0.990252 0.736111
vt 0.990258 0.736104
vt 0.990258 0.736111
vt 0.990253 0.736104
vt 0.990258 0.736096
vt 0.990256 0.938056
vt 0.990252 0.938047
vt 0.990256 0.938047
vt 0.990252 0.793813
vt 0.990258 0.793813
vt 0.990252 0.524511
vt 0.990252 0.524503
vt 0.990258 0.524500
vt 0.990252 0.428308
vt 0.990252 0.428299
vt 0.990264 0.428299
vt 0.081908 0.917935
vt 0.081889 0.917961
vt 0.081890 0.917934
vt 0.081908 0.917961
vt 0.081888 0.917984
vt 0.872084 0.927622
vt 0.872077 0.927598
vt 0.872091 0.927598
vt 0.872084 0.927649
vt 0.872070 0.927622
vt 0.872077 0.927673
vt 0.872070 0.927649
vt 0.913117 0.876410
vt 0.913134 0.876431
vt 0.913116 0.876431
vt 0.913118 0.876384
vt 0.913135 0.876410
vt 0.913117 0.876357
vt 0.913136 0.876384
vt 0.913116 0.876336
vt 0.913135 0.876357
vt 0.932451 0.024163
vt 0.932444 0.024187
vt 0.932437 0.024163
vt 0.932458 0.024214
vt 0.932458 0.024187
vt 0.932451 0.024238
vt 0.932444 0.024214
vt 0.081906 0.917891
vt 0.081889 0.917909
vt 0.081888 0.917891
vt 0.081908 0.917910
vt 0.835632 0.014624
vt 0.835594 0.014612
vt 0.835611 0.014522
vt 0.528704 0.830152
vt 0.528755 0.830209
vt 0.528688 0.830267
vt 0.572784 0.985546
vt 0.572784 0.985581
vt 0.572773 0.985550
vt 0.990258 0.803446
vt 0.990253 0.803438
vt 0.990258 0.803438
vt 0.990256 0.889989
vt 0.990252 0.889981
vt 0.990256 0.889981
vt 0.990252 0.745730
vt 0.990258 0.745723
vt 0.990258 0.745730
vt 0.990253 0.745723
vt 0.990258 0.745716
vt 0.990256 0.966895
vt 0.990252 0.966887
vt 0.990256 0.966887
vt 0.990252 0.803432
vt 0.990258 0.803432
vt 0.990252 0.534132
vt 0.990252 0.534124
vt 0.990258 0.534121
vt 0.990252 0.437929
vt 0.990252 0.437921
vt 0.990264 0.437920
vt 0.053033 0.917935
vt 0.053014 0.917961
vt 0.053014 0.917934
vt 0.053032 0.917961
vt 0.053013 0.917984
vt 0.881710 0.927622
vt 0.881704 0.927598
vt 0.881718 0.927598
vt 0.881710 0.927649
vt 0.881696 0.927622
vt 0.881704 0.927673
vt 0.881696 0.927649
vt 0.913117 0.886109
vt 0.913134 0.886130
vt 0.913116 0.886130
vt 0.913118 0.886083
vt 0.913136 0.886109
vt 0.913117 0.886057
vt 0.913136 0.886083
vt 0.913116 0.886036
vt 0.913136 0.886057
vt 0.920217 0.927598
vt 0.920210 0.927622
vt 0.920202 0.927598
vt 0.920224 0.927649
vt 0.920224 0.927622
vt 0.920217 0.927673
vt 0.920210 0.927649
vt 0.053031 0.917891
vt 0.053014 0.917909
vt 0.053013 0.917891
vt 0.053032 0.917910
vt 0.835594 0.043766
vt 0.835611 0.043675
vt 0.835679 0.043696
vt 0.538405 0.830152
vt 0.538457 0.830209
vt 0.538390 0.830267
vt 0.755661 0.985549
vt 0.755649 0.985577
vt 0.755649 0.985546
vt 0.990258 0.813066
vt 0.990253 0.813058
vt 0.990258 0.813058
vt 0.990256 0.899603
vt 0.990252 0.899594
vt 0.990256 0.899594
vt 0.990252 0.755350
vt 0.990258 0.755342
vt 0.990257 0.755350
vt 0.990252 0.755342
vt 0.990257 0.755335
vt 0.990256 0.947669
vt 0.990252 0.947660
vt 0.990256 0.947660
vt 0.990252 0.813051
vt 0.990258 0.813051
vt 0.990252 0.543753
vt 0.990252 0.543745
vt 0.990258 0.543742
vt 0.990252 0.495648
vt 0.990259 0.495643
vt 0.990266 0.495652
vt 0.062658 0.917935
vt 0.062639 0.917961
vt 0.062639 0.917934
vt 0.062657 0.917961
vt 0.062638 0.917984
vt 0.891337 0.927622
vt 0.891330 0.927598
vt 0.891344 0.927598
vt 0.891337 0.927649
vt 0.891323 0.927622
vt 0.891330 0.927673
vt 0.891323 0.927649
vt 0.913117 0.895808
vt 0.913134 0.895829
vt 0.913116 0.895829
vt 0.913118 0.895782
vt 0.913135 0.895808
vt 0.913117 0.895756
vt 0.913136 0.895782
vt 0.913116 0.895735
vt 0.913135 0.895756
vt 0.932451 0.033843
vt 0.932444 0.033867
vt 0.932437 0.033843
vt 0.932458 0.033894
vt 0.932458 0.033867
vt 0.932451 0.033918
vt 0.932444 0.033894
vt 0.062656 0.917891
vt 0.062639 0.917909
vt 0.062638 0.917891
vt 0.062657 0.917910
vt 0.835632 0.024342
vt 0.835594 0.024330
vt 0.835611 0.024240
vt 0.460955 0.830210
vt 0.460941 0.830257
vt 0.460867 0.830236
vt 0.524669 0.985550
vt 0.524659 0.985583
vt 0.524659 0.985546
vt 0.990258 0.841923
vt 0.990252 0.841916
vt 0.990258 0.841916
vt 0.990256 0.909216
vt 0.990252 0.909208
vt 0.990256 0.909208
vt 0.990252 0.764969
vt 0.990258 0.764962
vt 0.990258 0.764969
vt 0.990253 0.764962
vt 0.990258 0.764954
vt 0.990256 0.976508
vt 0.990252 0.976500
vt 0.990256 0.976500
vt 0.990252 0.841909
vt 0.990258 0.841909
vt 0.990252 0.553374
vt 0.990252 0.553366
vt 0.990258 0.553363
vt 0.990252 0.505267
vt 0.990259 0.505262
vt 0.990266 0.505271
vt 0.091533 0.917935
vt 0.091514 0.917961
vt 0.091515 0.917934
vt 0.091533 0.917961
vt 0.091513 0.917984
vt 0.900963 0.927622
vt 0.900957 0.927598
vt 0.900971 0.927598
vt 0.900963 0.927649
vt 0.900949 0.927622
vt 0.900957 0.927673
vt 0.900949 0.927649
vt 0.913117 0.905507
vt 0.913134 0.905528
vt 0.913116 0.905528
vt 0.913118 0.905481
vt 0.913136 0.905507
vt 0.913117 0.905455
vt 0.913136 0.905481
vt 0.913116 0.905434
vt 0.913136 0.905455
vt 0.932451 0.043523
vt 0.932444 0.043547
vt 0.932437 0.043523
vt 0.932458 0.043574
vt 0.932458 0.043547
vt 0.932451 0.043598
vt 0.932444 0.043574
vt 0.091531 0.917891
vt 0.091514 0.917909
vt 0.091513 0.917891
vt 0.091533 0.917910
vt 0.732055 0.830152
vt 0.732100 0.830232
vt 0.732035 0.830260
vt 0.548063 0.830235
vt 0.548070 0.830184
vt 0.548158 0.830209
vt 0.351468 0.956677
vt 0.351477 0.956639
vt 0.351477 0.956679
vt 0.990258 0.822685
vt 0.990253 0.822677
vt 0.990258 0.822677
vt 0.990256 0.918829
vt 0.990252 0.918821
vt 0.990256 0.918821
vt 0.990252 0.774588
vt 0.990258 0.774581
vt 0.990258 0.774588
vt 0.990253 0.774581
vt 0.990258 0.774574
vt 0.004807 0.995198
vt 0.004802 0.995189
vt 0.004807 0.995189
vt 0.990252 0.822671
vt 0.990258 0.822671
vt 0.990252 0.562996
vt 0.990252 0.562987
vt 0.990258 0.562984
vt 0.990252 0.447551
vt 0.990252 0.447542
vt 0.990264 0.447542
vt 0.072283 0.917935
vt 0.072264 0.917961
vt 0.072265 0.917934
vt 0.072282 0.917961
vt 0.072263 0.917984
vt 0.910590 0.927622
vt 0.910583 0.927598
vt 0.910597 0.927598
vt 0.910590 0.927649
vt 0.910576 0.927622
vt 0.910583 0.927673
vt 0.910576 0.927649
vt 0.004804 0.917964
vt 0.004821 0.917985
vt 0.004802 0.917985
vt 0.004805 0.917938
vt 0.004822 0.917964
vt 0.004804 0.917912
vt 0.004823 0.917938
vt 0.004802 0.917891
vt 0.004822 0.917912
vt 0.932451 0.004802
vt 0.932444 0.004827
vt 0.932437 0.004802
vt 0.932458 0.004853
vt 0.932458 0.004827
vt 0.932451 0.004878
vt 0.932444 0.004853
vt 0.072281 0.917891
vt 0.072264 0.917909
vt 0.072263 0.917891
vt 0.072282 0.917910
vt 0.835632 0.034059
vt 0.835594 0.034048
vt 0.835611 0.033958
vt 0.557808 0.830152
vt 0.557860 0.830209
vt 0.557793 0.830267
vt 0.332143 0.985584
vt 0.332133 0.985581
vt 0.332143 0.985546
vt 0.990258 0.832304
vt 0.990252 0.832296
vt 0.990258 0.832296
vt 0.990256 0.928442
vt 0.990252 0.928434
vt 0.990256 0.928434
vt 0.990252 0.784208
vt 0.990258 0.784200
vt 0.990257 0.784208
vt 0.990252 0.784200
vt 0.990257 0.784193
vt 0.990256 0.957282
vt 0.990252 0.957274
vt 0.990256 0.957274
vt 0.990252 0.832290
vt 0.990258 0.832290
vt 0.990265 0.582234
vt 0.990261 0.582241
vt 0.990254 0.582241
vt 0.990252 0.514886
vt 0.990259 0.514881
vt 0.990266 0.514890
vt 0.227374 0.810658
vt 0.227299 0.810602
vt 0.227374 0.810602
vt 0.227375 0.810702
vt 0.227299 0.810657
vt 0.353017 0.810646
vt 0.353093 0.810699
vt 0.353018 0.810700
vt 0.353017 0.810592
vt 0.353092 0.810646
vt 0.353018 0.810552
vt 0.353092 0.810592
vt 0.246736 0.810605
vt 0.246662 0.810551
vt 0.246738 0.810552
vt 0.246736 0.810659
vt 0.246661 0.810604
vt 0.246738 0.810701
vt 0.246661 0.810658
vt 0.237056 0.810600
vt 0.236980 0.810551
vt 0.237056 0.810551
vt 0.237056 0.810656
vt 0.236980 0.810600
vt 0.237056 0.810703
vt 0.236980 0.810656
vt 0.227300 0.810551
vt 0.227375 0.810552
vt 0.699216 0.064369
vt 0.699320 0.064397
vt 0.699272 0.064577
vt 0.699348 0.054633
vt 0.699320 0.054737
vt 0.699140 0.054689
vt 0.790152 0.800831
vt 0.790061 0.800785
vt 0.790152 0.800778
vt 0.790154 0.800874
vt 0.790061 0.800812
vt 0.702645 0.800872
vt 0.702739 0.800818
vt 0.702740 0.800844
vt 0.702644 0.800768
vt 0.702644 0.800820
vt 0.702740 0.800770
vt 0.702739 0.800791
vt 0.806537 0.131747
vt 0.806445 0.131801
vt 0.806445 0.131774
vt 0.806535 0.131851
vt 0.806535 0.131798
vt 0.806537 0.131891
vt 0.806445 0.131828
vt 0.537764 0.800728
vt 0.537670 0.800787
vt 0.537670 0.800762
vt 0.537764 0.800830
vt 0.537764 0.800776
vt 0.537670 0.800838
vt 0.537670 0.800815
vt 0.790154 0.800728
vt 0.790062 0.800759
vt 0.699140 0.528952
vt 0.699314 0.528906
vt 0.699268 0.529080
vt 0.835674 0.004816
vt 0.835688 0.004868
vt 0.835599 0.004892
vt 0.417248 0.425404
vt 0.417215 0.427113
vt 0.417215 0.425404
vt 0.407610 0.425404
vt 0.407576 0.427113
vt 0.407576 0.425404
vt 0.586610 0.662175
vt 0.586644 0.661640
vt 0.586644 0.662175
vt 0.332260 0.390113
vt 0.332796 0.391780
vt 0.332260 0.391781
vt 0.576972 0.662175
vt 0.577005 0.661640
vt 0.577005 0.662175
vt 0.024805 0.391821
vt 0.024270 0.390112
vt 0.024805 0.390113
vt 0.353063 0.731902
vt 0.353030 0.732170
vt 0.353030 0.731902
vt 0.362702 0.731902
vt 0.362668 0.732170
vt 0.362668 0.731902
vt 0.208098 0.869341
vt 0.208131 0.869191
vt 0.208131 0.869342
vt 0.699140 0.093866
vt 0.699291 0.094127
vt 0.699140 0.094128
vt 0.217736 0.869341
vt 0.217769 0.869191
vt 0.217769 0.869342
vt 0.413942 0.692312
vt 0.413791 0.692044
vt 0.413942 0.692044
vt 0.806526 0.717970
vt 0.806487 0.718119
vt 0.806487 0.717968
vt 0.855045 0.839989
vt 0.854998 0.840140
vt 0.854998 0.839989
vt 0.806488 0.776598
vt 0.806445 0.776749
vt 0.806445 0.776599
vt 0.806525 0.776599
vt 0.806488 0.776749
vt 0.402244 0.859408
vt 0.402198 0.859559
vt 0.402198 0.859408
vt 0.806445 0.718120
vt 0.806445 0.717969
vt 0.874394 0.034013
vt 0.874394 0.033966
vt 0.874435 0.033943
vt 0.874475 0.131000
vt 0.874435 0.131024
vt 0.874394 0.130953
vt 0.320869 0.437555
vt 0.320115 0.436785
vt 0.320869 0.436785
vt 0.309756 0.436785
vt 0.310510 0.437555
vt 0.309756 0.437555
vt 0.580113 0.317118
vt 0.580280 0.317887
vt 0.580113 0.317887
vt 0.442898 0.589244
vt 0.443066 0.589979
vt 0.442898 0.589979
vt 0.580113 0.421234
vt 0.580280 0.421994
vt 0.580113 0.421996
vt 0.102747 0.589997
vt 0.102580 0.589243
vt 0.102747 0.589244
vt 0.590187 0.521697
vt 0.590249 0.520967
vt 0.590249 0.521702
vt 0.590249 0.346707
vt 0.590311 0.345953
vt 0.590311 0.346707
vt 0.590187 0.346707
vt 0.590249 0.345953
vt 0.590250 0.325989
vt 0.590311 0.325236
vt 0.590311 0.325990
vt 0.590187 0.325989
vt 0.590250 0.325235
vt 0.590249 0.335594
vt 0.590187 0.336348
vt 0.590187 0.335594
vt 0.590311 0.335594
vt 0.590249 0.336348
vt 0.590311 0.520961
vt 0.590311 0.521697
vt 0.653123 0.722150
vt 0.653077 0.722103
vt 0.653077 0.722036
vt 0.692131 0.722103
vt 0.692178 0.721989
vt 0.692290 0.722036
vt 0.433013 0.338377
vt 0.432312 0.337482
vt 0.433013 0.337522
vt 0.130417 0.436792
vt 0.131136 0.437632
vt 0.130417 0.437640
vt 0.325109 0.600500
vt 0.325235 0.599780
vt 0.325235 0.600500
vt 0.570067 0.184413
vt 0.570179 0.183595
vt 0.570179 0.184476
vt 0.334840 0.600500
vt 0.334965 0.599780
vt 0.334965 0.600500
vt 0.570067 0.204655
vt 0.570180 0.205471
vt 0.570067 0.205534
vt 0.600228 0.526645
vt 0.600281 0.525947
vt 0.600281 0.526650
vt 0.600281 0.139355
vt 0.600334 0.138634
vt 0.600334 0.139355
vt 0.600228 0.139355
vt 0.600281 0.138634
vt 0.600282 0.118703
vt 0.600334 0.117984
vt 0.600334 0.118704
vt 0.600228 0.118704
vt 0.600282 0.117983
vt 0.600281 0.128309
vt 0.600228 0.129029
vt 0.600228 0.128309
vt 0.600334 0.128309
vt 0.600281 0.129029
vt 0.600334 0.525942
vt 0.600334 0.526645
vt 0.748039 0.034133
vt 0.748039 0.034076
vt 0.748178 0.034134
vt 0.748079 0.063395
vt 0.748136 0.063395
vt 0.748176 0.063436
vt 0.470185 0.610876
vt 0.470242 0.610212
vt 0.470242 0.610879
vt 0.421839 0.610880
vt 0.421779 0.610208
vt 0.421839 0.610209
vt 0.421731 0.610882
vt 0.421779 0.610878
vt 0.620280 0.514724
vt 0.620219 0.514052
vt 0.620280 0.514052
vt 0.441203 0.610208
vt 0.441156 0.610882
vt 0.441156 0.610212
vt 0.441263 0.610879
vt 0.441203 0.610878
vt 0.470295 0.610208
vt 0.470295 0.610875
vt 0.767524 0.657814
vt 0.767592 0.657728
vt 0.767658 0.657814
vt 0.757783 0.521280
vt 0.757809 0.521225
vt 0.757917 0.521310
vt 0.479900 0.610876
vt 0.479956 0.610212
vt 0.479956 0.610879
vt 0.431551 0.610880
vt 0.431491 0.610208
vt 0.431551 0.610209
vt 0.431443 0.610882
vt 0.431491 0.610878
vt 0.620280 0.525000
vt 0.620219 0.524329
vt 0.620280 0.524329
vt 0.450915 0.610208
vt 0.450868 0.610882
vt 0.450868 0.610212
vt 0.450975 0.610879
vt 0.450915 0.610878
vt 0.480009 0.610208
vt 0.480009 0.610875
vt 0.767550 0.667480
vt 0.767658 0.667503
vt 0.767610 0.667600
vt 0.757831 0.511469
vt 0.757917 0.511538
vt 0.757831 0.511606
vt 0.381967 0.732104
vt 0.382020 0.731902
vt 0.382020 0.732103
vt 0.284992 0.781261
vt 0.285049 0.781060
vt 0.285049 0.781261
vt 0.285334 0.732103
vt 0.285381 0.731904
vt 0.285381 0.732105
vt 0.285283 0.732104
vt 0.285334 0.731902
vt 0.786997 0.250159
vt 0.787053 0.249958
vt 0.787053 0.250159
vt 0.382065 0.731904
vt 0.382065 0.732105
vt 0.412373 0.830237
vt 0.412373 0.830180
vt 0.412422 0.830152
vt 0.305634 0.830180
vt 0.305683 0.830152
vt 0.305732 0.830180
vt 0.391670 0.732104
vt 0.391723 0.731902
vt 0.391723 0.732103
vt 0.275331 0.781261
vt 0.275388 0.781060
vt 0.275388 0.781261
vt 0.295037 0.732103
vt 0.295084 0.731904
vt 0.295084 0.732105
vt 0.294986 0.732104
vt 0.295037 0.731902
vt 0.786997 0.259965
vt 0.787053 0.259764
vt 0.787053 0.259965
vt 0.391767 0.731904
vt 0.391767 0.732105
vt 0.422076 0.830237
vt 0.422076 0.830180
vt 0.422126 0.830152
vt 0.315337 0.830180
vt 0.315387 0.830152
vt 0.315436 0.830180
vt 0.757784 0.394567
vt 0.757918 0.394639
vt 0.757785 0.394639
vt 0.401411 0.722046
vt 0.401276 0.721989
vt 0.401410 0.721989
vt 0.401411 0.722119
vt 0.401277 0.722046
vt 0.401410 0.722179
vt 0.401277 0.722119
vt 0.757784 0.306967
vt 0.757917 0.307034
vt 0.757783 0.307034
vt 0.757783 0.306896
vt 0.757918 0.306967
vt 0.701895 0.722127
vt 0.702029 0.722174
vt 0.701895 0.722174
vt 0.701895 0.722056
vt 0.702029 0.722126
vt 0.701895 0.721989
vt 0.702029 0.722056
vt 0.757917 0.394704
vt 0.757783 0.394704
vt 0.663771 0.682171
vt 0.663590 0.682040
vt 0.663702 0.681958
vt 0.653762 0.682039
vt 0.653985 0.682039
vt 0.653943 0.682171
vt 0.323871 0.790965
vt 0.323985 0.790915
vt 0.323985 0.790956
vt 0.728644 0.505726
vt 0.728524 0.505711
vt 0.728643 0.505669
vt 0.728644 0.505799
vt 0.728525 0.505744
vt 0.728524 0.505819
vt 0.728525 0.505785
vt 0.294776 0.790964
vt 0.294890 0.790998
vt 0.294775 0.791031
vt 0.294890 0.790919
vt 0.294890 0.790960
vt 0.275561 0.732040
vt 0.275677 0.732041
vt 0.275560 0.732087
vt 0.275561 0.731969
vt 0.275678 0.732014
vt 0.275677 0.731935
vt 0.275678 0.731973
vt 0.323985 0.790993
vt 0.323870 0.791030
vt 0.673599 0.682171
vt 0.673418 0.682040
vt 0.673530 0.681959
vt 0.606667 0.771336
vt 0.606642 0.771261
vt 0.606706 0.771215
vt 0.326199 0.557075
vt 0.326014 0.558114
vt 0.326014 0.557075
vt 0.296831 0.557075
vt 0.296647 0.558113
vt 0.296647 0.557075
vt 0.806445 0.630052
vt 0.806495 0.630236
vt 0.806445 0.630236
vt 0.570067 0.130546
vt 0.570117 0.131560
vt 0.570067 0.131560
vt 0.806445 0.737448
vt 0.806495 0.737630
vt 0.806445 0.737631
vt 0.551389 0.568988
vt 0.551339 0.567950
vt 0.551389 0.567950
vt 0.335988 0.557075
vt 0.335803 0.558114
vt 0.335803 0.557075
vt 0.306620 0.557075
vt 0.306436 0.558113
vt 0.306436 0.557075
vt 0.806445 0.639841
vt 0.806495 0.640025
vt 0.806445 0.640025
vt 0.570067 0.141165
vt 0.570117 0.142178
vt 0.570067 0.142179
vt 0.806445 0.747236
vt 0.806495 0.747418
vt 0.806445 0.747418
vt 0.570117 0.005841
vt 0.570067 0.004802
vt 0.570117 0.004802
vt 0.345777 0.557075
vt 0.345593 0.558114
vt 0.345593 0.557075
vt 0.316409 0.557075
vt 0.316225 0.558113
vt 0.316225 0.557075
vt 0.806445 0.649630
vt 0.806495 0.649814
vt 0.806445 0.649814
vt 0.570067 0.151784
vt 0.570117 0.152797
vt 0.570067 0.152797
vt 0.806445 0.757023
vt 0.806495 0.757205
vt 0.806445 0.757206
vt 0.541734 0.568988
vt 0.541683 0.567950
vt 0.541734 0.567950
vt 0.355566 0.557075
vt 0.355382 0.558114
vt 0.355382 0.557075
vt 0.287042 0.557075
vt 0.286858 0.558113
vt 0.286858 0.557075
vt 0.806445 0.659419
vt 0.806495 0.659603
vt 0.806445 0.659603
vt 0.570067 0.162402
vt 0.570117 0.163416
vt 0.570067 0.163416
vt 0.806445 0.766811
vt 0.806495 0.766993
vt 0.806445 0.766993
vt 0.570117 0.016484
vt 0.570067 0.015445
vt 0.570117 0.015446
vt 0.136679 0.270849
vt 0.138723 0.273228
vt 0.136679 0.273228
vt 0.127074 0.273229
vt 0.125030 0.270849
vt 0.127074 0.270849
vt 0.389746 0.349163
vt 0.389788 0.351484
vt 0.389746 0.351485
vt 0.144225 0.413714
vt 0.144267 0.415735
vt 0.144225 0.415736
vt 0.389788 0.227259
vt 0.389746 0.224881
vt 0.389788 0.224881
vt 0.124006 0.413714
vt 0.124048 0.415753
vt 0.124006 0.415753
vt 0.884080 0.326141
vt 0.884104 0.326037
vt 0.884104 0.326144
vt 0.072299 0.908275
vt 0.072325 0.908166
vt 0.072325 0.908275
vt 0.884104 0.257968
vt 0.884127 0.257859
vt 0.884127 0.257968
vt 0.884080 0.257968
vt 0.884104 0.257859
vt 0.081957 0.908166
vt 0.081930 0.908275
vt 0.081930 0.908166
vt 0.884127 0.326034
vt 0.884127 0.326141
vt 0.922782 0.885173
vt 0.922782 0.885146
vt 0.922805 0.885133
vt 0.187987 0.927598
vt 0.188010 0.927611
vt 0.188010 0.927637
vt 0.353524 0.661640
vt 0.353505 0.662175
vt 0.353505 0.661640
vt 0.669614 0.074272
vt 0.669591 0.074808
vt 0.669591 0.074272
vt 0.363151 0.661640
vt 0.363129 0.662175
vt 0.363129 0.661640
vt 0.363169 0.661640
vt 0.363151 0.662175
vt 0.669614 0.094365
vt 0.669591 0.094901
vt 0.669591 0.094365
vt 0.353484 0.662175
vt 0.353484 0.661640
vt 0.932457 0.797799
vt 0.932437 0.797787
vt 0.932437 0.797763
vt 0.932477 0.749505
vt 0.932477 0.749528
vt 0.932437 0.749528
vt 0.903490 0.208376
vt 0.903467 0.208467
vt 0.903467 0.208375
vt 0.913144 0.517924
vt 0.913116 0.518016
vt 0.913116 0.517924
vt 0.903468 0.247227
vt 0.903441 0.247320
vt 0.903441 0.247228
vt 0.903490 0.247228
vt 0.903468 0.247319
vt 0.913143 0.556670
vt 0.913116 0.556763
vt 0.913116 0.556670
vt 0.903441 0.208467
vt 0.903441 0.208375
vt 0.602660 0.917934
vt 0.602635 0.917948
vt 0.602610 0.917934
vt 0.612314 0.917934
vt 0.612289 0.917948
vt 0.612264 0.917934
vt 0.570067 0.257507
vt 0.570144 0.256602
vt 0.570144 0.257506
vt 0.570141 0.216044
vt 0.570213 0.215139
vt 0.570213 0.216043
vt 0.570067 0.216044
vt 0.570141 0.215140
vt 0.570142 0.226553
vt 0.570213 0.225651
vt 0.570213 0.226555
vt 0.570067 0.226554
vt 0.570142 0.225649
vt 0.570145 0.360419
vt 0.570210 0.359514
vt 0.570210 0.360419
vt 0.570067 0.360419
vt 0.570145 0.359514
vt 0.570212 0.256604
vt 0.570212 0.257508
vt 0.708952 0.044129
vt 0.709009 0.043994
vt 0.709144 0.044050
vt 0.708952 0.034253
vt 0.709009 0.034197
vt 0.709088 0.034389
vt 0.835585 0.345419
vt 0.835666 0.345482
vt 0.835586 0.345483
vt 0.796798 0.543812
vt 0.796716 0.543762
vt 0.796796 0.543762
vt 0.796798 0.543876
vt 0.796717 0.543812
vt 0.796796 0.543930
vt 0.796717 0.543876
vt 0.835586 0.267591
vt 0.835665 0.267650
vt 0.835585 0.267650
vt 0.835585 0.267529
vt 0.835666 0.267590
vt 0.092216 0.800850
vt 0.092296 0.800893
vt 0.092215 0.800893
vt 0.092216 0.800788
vt 0.092296 0.800850
vt 0.092215 0.800729
vt 0.092296 0.800787
vt 0.835665 0.345539
vt 0.835585 0.345540
vt 0.699178 0.391143
vt 0.699140 0.391027
vt 0.699239 0.390955
vt 0.699178 0.361537
vt 0.699300 0.361537
vt 0.699338 0.361653
vt 0.835586 0.238412
vt 0.835667 0.238358
vt 0.835668 0.238407
vt 0.275526 0.790893
vt 0.275443 0.790952
vt 0.275442 0.790913
vt 0.275528 0.791008
vt 0.275528 0.790944
vt 0.275526 0.791061
vt 0.275443 0.791001
vt 0.835586 0.150920
vt 0.835667 0.150965
vt 0.835585 0.150980
vt 0.835667 0.150870
vt 0.835668 0.150919
vt 0.796716 0.681163
vt 0.796800 0.681108
vt 0.796800 0.681141
vt 0.796716 0.681058
vt 0.796716 0.681120
vt 0.796716 0.680999
vt 0.796800 0.681060
vt 0.835667 0.238452
vt 0.835585 0.238469
vt 0.699239 0.400768
vt 0.699338 0.400839
vt 0.699300 0.400956
vt 0.728677 0.201413
vt 0.728677 0.201463
vt 0.728524 0.201463
vt 0.595725 0.810552
vt 0.595810 0.810623
vt 0.595726 0.810624
vt 0.576416 0.810619
vt 0.576332 0.810551
vt 0.576415 0.810551
vt 0.576415 0.810689
vt 0.576332 0.810619
vt 0.527803 0.810622
vt 0.527885 0.810688
vt 0.527801 0.810689
vt 0.527801 0.810552
vt 0.527886 0.810622
vt 0.364021 0.820425
vt 0.364104 0.820486
vt 0.364020 0.820486
vt 0.364020 0.820352
vt 0.364104 0.820425
vt 0.595808 0.810687
vt 0.595725 0.810688
vt 0.709005 0.698455
vt 0.708952 0.698328
vt 0.709079 0.698275
vt 0.004929 0.712071
vt 0.004982 0.712123
vt 0.004982 0.712198
vt 0.590388 0.366587
vt 0.590187 0.367257
vt 0.590187 0.366587
vt 0.590388 0.356312
vt 0.590187 0.356982
vt 0.590187 0.356312
vt 0.490627 0.741793
vt 0.490711 0.741993
vt 0.490627 0.741993
vt 0.620219 0.146888
vt 0.620303 0.147542
vt 0.620219 0.147542
vt 0.587750 0.741793
vt 0.587833 0.741991
vt 0.587750 0.741992
vt 0.610326 0.496385
vt 0.610242 0.495715
vt 0.610326 0.495715
vt 0.452185 0.568000
vt 0.452465 0.567950
vt 0.452465 0.568767
vt 0.422529 0.567950
vt 0.422809 0.568717
vt 0.422529 0.568767
vt 0.718749 0.379563
vt 0.718808 0.379285
vt 0.718808 0.379563
vt 0.590246 0.295397
vt 0.590187 0.294582
vt 0.590232 0.294577
vt 0.122173 0.590036
vt 0.122146 0.589243
vt 0.122218 0.590036
vt 0.442580 0.567950
vt 0.442580 0.568766
vt 0.442299 0.568000
vt 0.432414 0.567950
vt 0.432694 0.568717
vt 0.432414 0.568767
vt 0.718808 0.389445
vt 0.718749 0.389168
vt 0.718808 0.389168
vt 0.112411 0.589243
vt 0.112438 0.590036
vt 0.112352 0.589243
vt 0.590245 0.284965
vt 0.590187 0.284150
vt 0.590232 0.284144
vt 0.383706 0.567950
vt 0.383588 0.568360
vt 0.383588 0.567950
vt 0.383706 0.568360
vt 0.383588 0.568545
vt 0.383706 0.568545
vt 0.383588 0.568955
vt 0.709033 0.391738
vt 0.708952 0.391444
vt 0.709033 0.391444
vt 0.708952 0.381546
vt 0.709033 0.381840
vt 0.708952 0.381840
vt 0.063034 0.712071
vt 0.063101 0.712363
vt 0.063034 0.712363
vt 0.749852 0.898429
vt 0.749919 0.898507
vt 0.749852 0.898508
vt 0.179109 0.712071
vt 0.179176 0.712361
vt 0.179109 0.712361
vt 0.893830 0.053277
vt 0.893763 0.053196
vt 0.893830 0.053196
vt 0.806514 0.307502
vt 0.806479 0.307664
vt 0.806479 0.307500
vt 0.237079 0.869191
vt 0.237048 0.869334
vt 0.237039 0.869191
vt 0.806445 0.796077
vt 0.806477 0.796240
vt 0.806457 0.796239
vt 0.806514 0.796077
vt 0.806482 0.796079
vt 0.874434 0.558780
vt 0.874403 0.558656
vt 0.874425 0.558656
vt 0.806445 0.307502
vt 0.806460 0.307665
vt 0.903499 0.548349
vt 0.903499 0.548389
vt 0.903470 0.548410
vt 0.024064 0.946974
vt 0.024080 0.946987
vt 0.024080 0.947009
vt 0.215778 0.568770
vt 0.215886 0.567950
vt 0.215886 0.568770
vt 0.215691 0.568774
vt 0.215778 0.567951
vt 0.354093 0.568774
vt 0.354196 0.567952
vt 0.354196 0.568773
vt 0.353987 0.568773
vt 0.354093 0.567953
vt 0.353908 0.568771
vt 0.353987 0.567952
vt 0.314517 0.568770
vt 0.314620 0.567952
vt 0.314620 0.568772
vt 0.314411 0.568771
vt 0.314517 0.567950
vt 0.314329 0.568775
vt 0.314411 0.567951
vt 0.225790 0.568771
vt 0.225886 0.567950
vt 0.225886 0.568771
vt 0.225681 0.568771
vt 0.225790 0.567950
vt 0.225590 0.568771
vt 0.225681 0.567950
vt 0.215985 0.567952
vt 0.215985 0.568772
vt 0.600228 0.445939
vt 0.600282 0.445737
vt 0.600484 0.445683
vt 0.600578 0.385976
vt 0.600228 0.385882
vt 0.600484 0.385626
vt 0.728524 0.240646
vt 0.728630 0.240719
vt 0.728525 0.240706
vt 0.620299 0.443175
vt 0.620296 0.443052
vt 0.620342 0.443132
vt 0.728623 0.535305
vt 0.728524 0.535198
vt 0.728622 0.535247
vt 0.728524 0.535407
vt 0.728525 0.535302
vt 0.620342 0.443335
vt 0.620219 0.443338
vt 0.620299 0.443292
vt 0.728524 0.142777
vt 0.728631 0.142725
vt 0.728629 0.142828
vt 0.728524 0.142660
vt 0.728525 0.142719
vt 0.620502 0.443292
vt 0.620505 0.443415
vt 0.620459 0.443335
vt 0.728525 0.692822
vt 0.728626 0.692938
vt 0.728524 0.692875
vt 0.728626 0.692733
vt 0.728626 0.692842
vt 0.620502 0.443175
vt 0.620505 0.443052
vt 0.620582 0.443129
vt 0.728524 0.240762
vt 0.728629 0.240818
vt 0.620401 0.443116
vt 0.600578 0.395986
vt 0.600228 0.395892
vt 0.600484 0.395635
vt 0.835681 0.296680
vt 0.835585 0.296754
vt 0.835585 0.296694
vt 0.285595 0.610571
vt 0.285598 0.610448
vt 0.285641 0.610491
vt 0.728627 0.260238
vt 0.728525 0.260344
vt 0.728524 0.260286
vt 0.728627 0.260447
vt 0.728628 0.260341
vt 0.285595 0.610208
vt 0.285598 0.610331
vt 0.285518 0.610285
vt 0.024156 0.732009
vt 0.024250 0.732059
vt 0.024154 0.732111
vt 0.024250 0.731942
vt 0.024251 0.732002
vt 0.285881 0.610285
vt 0.285758 0.610288
vt 0.285804 0.610208
vt 0.285817 0.610389
vt 0.285801 0.610331
vt 0.702995 0.830260
vt 0.702895 0.830172
vt 0.702995 0.830152
vt 0.285804 0.610571
vt 0.285801 0.610448
vt 0.285881 0.610494
vt 0.285699 0.610599
vt 0.285758 0.610491
vt 0.600228 0.455949
vt 0.600282 0.455746
vt 0.600484 0.455692
vt 0.285582 0.610389
vt 0.195980 0.568770
vt 0.196087 0.567950
vt 0.196087 0.568770
vt 0.195892 0.568774
vt 0.195980 0.567951
vt 0.373880 0.568774
vt 0.373983 0.567952
vt 0.373983 0.568773
vt 0.373774 0.568773
vt 0.373880 0.567953
vt 0.373695 0.568771
vt 0.373774 0.567952
vt 0.294726 0.568770
vt 0.294828 0.567952
vt 0.294828 0.568772
vt 0.294619 0.568771
vt 0.294726 0.567950
vt 0.294538 0.568775
vt 0.294619 0.567951
vt 0.235691 0.568771
vt 0.235787 0.567950
vt 0.235787 0.568771
vt 0.235582 0.568771
vt 0.235691 0.567950
vt 0.235491 0.568771
vt 0.235582 0.567950
vt 0.196187 0.567952
vt 0.196187 0.568772
vt 0.600228 0.465958
vt 0.600282 0.465756
vt 0.600484 0.465702
vt 0.600228 0.355854
vt 0.600484 0.355597
vt 0.600578 0.355948
vt 0.728525 0.221030
vt 0.728629 0.220935
vt 0.728630 0.221043
vt 0.620299 0.453143
vt 0.620296 0.453020
vt 0.620342 0.453100
vt 0.728623 0.554933
vt 0.728524 0.554826
vt 0.728622 0.554875
vt 0.728524 0.555036
vt 0.728525 0.554930
vt 0.620342 0.453303
vt 0.620219 0.453306
vt 0.620299 0.453260
vt 0.728525 0.152533
vt 0.728629 0.152642
vt 0.728524 0.152590
vt 0.728629 0.152433
vt 0.728631 0.152539
vt 0.620502 0.453260
vt 0.620505 0.453383
vt 0.620459 0.453303
vt 0.728525 0.702631
vt 0.728626 0.702747
vt 0.728524 0.702685
vt 0.728626 0.702542
vt 0.728626 0.702651
vt 0.620459 0.453100
vt 0.620582 0.453096
vt 0.620502 0.453143
vt 0.728629 0.221142
vt 0.728524 0.221086
vt 0.620401 0.453084
vt 0.600228 0.365863
vt 0.600484 0.365607
vt 0.600578 0.365957
vt 0.835681 0.277363
vt 0.835585 0.277268
vt 0.835681 0.277255
vt 0.295514 0.610494
vt 0.295637 0.610491
vt 0.295590 0.610571
vt 0.728627 0.270052
vt 0.728525 0.270159
vt 0.728524 0.270101
vt 0.728627 0.270261
vt 0.728628 0.270155
vt 0.295590 0.610208
vt 0.295594 0.610331
vt 0.295514 0.610285
vt 0.033856 0.732111
vt 0.033952 0.732002
vt 0.033951 0.732059
vt 0.033856 0.731902
vt 0.033857 0.732009
vt 0.295876 0.610285
vt 0.295754 0.610288
vt 0.295800 0.610208
vt 0.295812 0.610389
vt 0.295797 0.610331
vt 0.712700 0.830260
vt 0.712600 0.830172
vt 0.712700 0.830152
vt 0.295800 0.610571
vt 0.295797 0.610448
vt 0.295876 0.610494
vt 0.295695 0.610507
vt 0.295754 0.610491
vt 0.600228 0.475968
vt 0.600282 0.475765
vt 0.600484 0.475711
vt 0.295578 0.610389
vt 0.205879 0.568770
vt 0.205987 0.567950
vt 0.205987 0.568770
vt 0.205792 0.568774
vt 0.205879 0.567950
vt 0.363986 0.568774
vt 0.364090 0.567952
vt 0.364090 0.568773
vt 0.363881 0.568773
vt 0.363986 0.567953
vt 0.363801 0.568771
vt 0.363881 0.567952
vt 0.304621 0.568770
vt 0.304724 0.567952
vt 0.304724 0.568772
vt 0.304515 0.568771
vt 0.304621 0.567950
vt 0.304433 0.568775
vt 0.304515 0.567951
vt 0.245591 0.568771
vt 0.245687 0.567950
vt 0.245687 0.568771
vt 0.245483 0.568771
vt 0.245591 0.567950
vt 0.245392 0.568771
vt 0.245483 0.567950
vt 0.206086 0.567952
vt 0.206086 0.568772
vt 0.600228 0.485977
vt 0.600282 0.485775
vt 0.600484 0.485721
vt 0.600578 0.405995
vt 0.600228 0.405901
vt 0.600484 0.405645
vt 0.728524 0.211158
vt 0.728630 0.211231
vt 0.728525 0.211218
vt 0.620342 0.463067
vt 0.620219 0.463064
vt 0.620296 0.462987
vt 0.728623 0.545119
vt 0.728524 0.545012
vt 0.728622 0.545061
vt 0.728524 0.545221
vt 0.728525 0.545116
vt 0.620342 0.463270
vt 0.620219 0.463274
vt 0.620299 0.463227
vt 0.728525 0.162347
vt 0.728629 0.162455
vt 0.728524 0.162404
vt 0.728629 0.162246
vt 0.728631 0.162353
vt 0.620502 0.463227
vt 0.620505 0.463350
vt 0.620459 0.463270
vt 0.728525 0.712440
vt 0.728626 0.712556
vt 0.728524 0.712494
vt 0.728626 0.712352
vt 0.728626 0.712460
vt 0.620459 0.463067
vt 0.620582 0.463064
vt 0.620502 0.463110
vt 0.728524 0.211274
vt 0.728629 0.211330
vt 0.620401 0.463052
vt 0.600578 0.416005
vt 0.600228 0.415911
vt 0.600484 0.415654
vt 0.835680 0.286968
vt 0.835585 0.287041
vt 0.835585 0.286981
vt 0.305509 0.610494
vt 0.305632 0.610491
vt 0.305586 0.610571
vt 0.728627 0.250423
vt 0.728525 0.250530
vt 0.728524 0.250472
vt 0.728627 0.250633
vt 0.728628 0.250527
vt 0.305586 0.610208
vt 0.305589 0.610331
vt 0.305509 0.610285
vt 0.043557 0.732111
vt 0.043654 0.732002
vt 0.043653 0.732059
vt 0.043557 0.731902
vt 0.043559 0.732009
vt 0.305872 0.610285
vt 0.305750 0.610288
vt 0.305795 0.610208
vt 0.305808 0.610389
vt 0.305792 0.610331
vt 0.722405 0.830260
vt 0.722305 0.830172
vt 0.722405 0.830152
vt 0.305872 0.610494
vt 0.305750 0.610491
vt 0.305792 0.610448
vt 0.305691 0.610599
vt 0.305795 0.610571
vt 0.600578 0.425718
vt 0.600632 0.425920
vt 0.600484 0.426068
vt 0.305574 0.610389
vt 0.655831 0.712289
vt 0.655798 0.712175
vt 0.655831 0.712176
vt 0.655834 0.712382
vt 0.655798 0.712289
vt 0.718749 0.300643
vt 0.718785 0.300752
vt 0.718751 0.300753
vt 0.718749 0.300532
vt 0.718783 0.300643
vt 0.718751 0.300448
vt 0.718783 0.300531
vt 0.718783 0.163118
vt 0.718753 0.163010
vt 0.718786 0.163010
vt 0.718783 0.163231
vt 0.718749 0.163118
vt 0.718786 0.163317
vt 0.718749 0.163230
vt 0.675248 0.712172
vt 0.675215 0.712071
vt 0.675248 0.712071
vt 0.675248 0.712286
vt 0.675214 0.712172
vt 0.675248 0.712383
vt 0.675214 0.712286
vt 0.655801 0.712071
vt 0.655834 0.712071
vt 0.590245 0.541396
vt 0.590458 0.541339
vt 0.590557 0.541709
vt 0.590458 0.531307
vt 0.590615 0.531463
vt 0.590344 0.531734
vt 0.679649 0.133943
vt 0.679475 0.133838
vt 0.679649 0.133832
vt 0.679640 0.134027
vt 0.679475 0.133948
vt 0.179836 0.702187
vt 0.179660 0.702078
vt 0.179836 0.702078
vt 0.179836 0.702295
vt 0.179660 0.702187
vt 0.679470 0.561153
vt 0.679642 0.561235
vt 0.679466 0.561238
vt 0.679470 0.561043
vt 0.679646 0.561151
vt 0.679466 0.560936
vt 0.679646 0.561040
vt 0.669767 0.104586
vt 0.669591 0.104506
vt 0.669767 0.104506
vt 0.669767 0.104694
vt 0.669591 0.104586
vt 0.669767 0.104803
vt 0.669591 0.104694
vt 0.669767 0.104883
vt 0.669591 0.104803
vt 0.679466 0.133731
vt 0.679640 0.133725
vt 0.529279 0.599835
vt 0.529184 0.600200
vt 0.528923 0.599937
vt 0.034696 0.600145
vt 0.034332 0.600047
vt 0.034599 0.599780
vt 0.154473 0.315696
vt 0.153702 0.312881
vt 0.154473 0.312881
vt 0.132951 0.312881
vt 0.133722 0.315696
vt 0.132951 0.315696
vt 0.237951 0.365337
vt 0.238026 0.368145
vt 0.237951 0.368145
vt 0.600228 0.179348
vt 0.600303 0.180100
vt 0.600228 0.180100
vt 0.305679 0.365337
vt 0.305754 0.368120
vt 0.305679 0.368120
vt 0.422185 0.600550
vt 0.422110 0.599780
vt 0.422185 0.599780
vt 0.026324 0.342000
vt 0.025554 0.339520
vt 0.026324 0.339520
vt 0.004802 0.339520
vt 0.005573 0.342000
vt 0.004802 0.342000
vt 0.378920 0.161227
vt 0.378996 0.163700
vt 0.378920 0.163700
vt 0.600228 0.189705
vt 0.600303 0.190457
vt 0.600228 0.190457
vt 0.378920 0.257797
vt 0.378996 0.260248
vt 0.378920 0.260249
vt 0.431865 0.600550
vt 0.431790 0.599780
vt 0.431865 0.599780
vt 0.164849 0.315696
vt 0.164078 0.312881
vt 0.164849 0.312881
vt 0.143327 0.312881
vt 0.144098 0.315696
vt 0.143327 0.315696
vt 0.247631 0.365337
vt 0.247706 0.368145
vt 0.247631 0.368145
vt 0.600228 0.200062
vt 0.600303 0.200814
vt 0.600228 0.200814
vt 0.315359 0.365337
vt 0.315434 0.368120
vt 0.315359 0.368120
vt 0.441545 0.600550
vt 0.441470 0.599780
vt 0.441545 0.599780
vt 0.036700 0.342000
vt 0.035929 0.339520
vt 0.036700 0.339520
vt 0.015178 0.339520
vt 0.015949 0.342000
vt 0.015178 0.342000
vt 0.378920 0.173305
vt 0.378996 0.175779
vt 0.378920 0.175779
vt 0.600228 0.210419
vt 0.600303 0.211171
vt 0.600228 0.211171
vt 0.378920 0.245739
vt 0.378996 0.248190
vt 0.378920 0.248191
vt 0.451226 0.600550
vt 0.451150 0.599780
vt 0.451226 0.599780
vt 0.325948 0.193441
vt 0.325927 0.189837
vt 0.325932 0.189837
vt 0.024050 0.329914
vt 0.024069 0.326313
vt 0.024069 0.329915
vt 0.130244 0.329902
vt 0.130248 0.326312
vt 0.130263 0.329900
vt 0.325949 0.074557
vt 0.325927 0.070952
vt 0.325932 0.070952
vt 0.951734 0.775915
vt 0.951760 0.775889
vt 0.951760 0.775915
vt 0.043250 0.995195
vt 0.043244 0.995189
vt 0.043250 0.995189
vt 0.325948 0.180232
vt 0.325927 0.176628
vt 0.325932 0.176628
vt 0.033674 0.329914
vt 0.033693 0.326313
vt 0.033693 0.329915
vt 0.168742 0.329902
vt 0.168746 0.326313
vt 0.168762 0.329900
vt 0.325949 0.087766
vt 0.325927 0.084162
vt 0.325932 0.084162
vt 0.951760 0.785546
vt 0.951734 0.785520
vt 0.951760 0.785520
vt 0.052854 0.995195
vt 0.052860 0.995189
vt 0.052860 0.995195
vt 0.325948 0.206650
vt 0.325927 0.203046
vt 0.325932 0.203046
vt 0.043298 0.329914
vt 0.043317 0.326313
vt 0.043317 0.329915
vt 0.139868 0.329902
vt 0.139873 0.326313
vt 0.139888 0.329900
vt 0.325949 0.167023
vt 0.325927 0.163418
vt 0.325932 0.163418
vt 0.951734 0.920380
vt 0.951760 0.920354
vt 0.951760 0.920380
vt 0.062465 0.995195
vt 0.062471 0.995189
vt 0.062471 0.995195
vt 0.325948 0.219859
vt 0.325927 0.216255
vt 0.325932 0.216255
vt 0.052922 0.329915
vt 0.052941 0.326313
vt 0.052941 0.329915
vt 0.149493 0.329902
vt 0.149497 0.326312
vt 0.149512 0.329900
vt 0.325949 0.100976
vt 0.325927 0.097371
vt 0.325932 0.097371
vt 0.951734 0.930011
vt 0.951760 0.929985
vt 0.951760 0.930011
vt 0.014417 0.995195
vt 0.014411 0.995189
vt 0.014417 0.995189
vt 0.325948 0.233068
vt 0.325927 0.229464
vt 0.325932 0.229464
vt 0.004802 0.329914
vt 0.004822 0.326313
vt 0.004822 0.329915
vt 0.110995 0.329902
vt 0.110999 0.326313
vt 0.111014 0.329900
vt 0.325949 0.114185
vt 0.325927 0.110581
vt 0.325932 0.110581
vt 0.951734 0.795177
vt 0.951760 0.795151
vt 0.951760 0.795177
vt 0.072082 0.995195
vt 0.072076 0.995189
vt 0.072082 0.995189
vt 0.325948 0.246278
vt 0.325927 0.242674
vt 0.325932 0.242674
vt 0.014426 0.329914
vt 0.014446 0.326313
vt 0.014446 0.329915
vt 0.178366 0.329902
vt 0.178371 0.326313
vt 0.178386 0.329900
vt 0.325949 0.127394
vt 0.325927 0.123790
vt 0.325932 0.123790
vt 0.951734 0.804808
vt 0.951760 0.804781
vt 0.951760 0.804808
vt 0.081693 0.995195
vt 0.081687 0.995189
vt 0.081693 0.995189
vt 0.325948 0.272696
vt 0.325927 0.269092
vt 0.325932 0.269092
vt 0.325927 0.312315
vt 0.325946 0.308713
vt 0.325946 0.312316
vt 0.159117 0.329902
vt 0.159122 0.326313
vt 0.159137 0.329900
vt 0.325949 0.140604
vt 0.325927 0.137000
vt 0.325932 0.137000
vt 0.951734 0.814439
vt 0.951760 0.814413
vt 0.951760 0.814439
vt 0.091304 0.995195
vt 0.091298 0.995189
vt 0.091304 0.995189
vt 0.325948 0.259487
vt 0.325927 0.255883
vt 0.325932 0.255883
vt 0.062546 0.329915
vt 0.062565 0.326313
vt 0.062565 0.329915
vt 0.120619 0.329902
vt 0.120624 0.326313
vt 0.120639 0.329900
vt 0.325949 0.153813
vt 0.325927 0.150209
vt 0.325932 0.150209
vt 0.951734 0.824069
vt 0.951760 0.824043
vt 0.951760 0.824069
vt 0.100914 0.995195
vt 0.100908 0.995189
vt 0.100914 0.995189
vt 0.689349 0.214014
vt 0.689315 0.213862
vt 0.689349 0.213862
vt 0.689352 0.214137
vt 0.689315 0.214013
vt 0.689315 0.532472
vt 0.689351 0.532617
vt 0.689317 0.532618
vt 0.689315 0.532323
vt 0.689349 0.532472
vt 0.689317 0.532211
vt 0.689349 0.532323
vt 0.689348 0.333807
vt 0.689320 0.333662
vt 0.689353 0.333663
vt 0.689348 0.333957
vt 0.689315 0.333807
vt 0.689353 0.334072
vt 0.689315 0.333956
vt 0.689349 0.263771
vt 0.689316 0.263636
vt 0.689349 0.263636
vt 0.689349 0.263924
vt 0.689315 0.263771
vt 0.689349 0.264052
vt 0.689315 0.263924
vt 0.689319 0.213722
vt 0.689352 0.213722
vt 0.025048 0.568311
vt 0.025409 0.567950
vt 0.025542 0.568443
vt 0.015443 0.568311
vt 0.015235 0.568520
vt 0.014950 0.568443
vt 0.169258 0.662109
vt 0.169141 0.661640
vt 0.169258 0.661640
vt 0.159419 0.661640
vt 0.159536 0.662109
vt 0.159419 0.662109
vt 0.121851 0.681959
vt 0.121864 0.682427
vt 0.121851 0.682427
vt 0.727944 0.908166
vt 0.727957 0.908281
vt 0.727944 0.908281
vt 0.189843 0.681959
vt 0.189856 0.682422
vt 0.189843 0.682423
vt 0.554114 0.908283
vt 0.554100 0.908166
vt 0.554114 0.908166
vt 0.942089 0.892871
vt 0.942096 0.892907
vt 0.942089 0.892907
vt 0.922789 0.478842
vt 0.922782 0.478813
vt 0.922788 0.478813
vt 0.922789 0.478878
vt 0.922782 0.478842
vt 0.922788 0.478908
vt 0.922782 0.478878
vt 0.942089 0.584299
vt 0.942095 0.584332
vt 0.942088 0.584332
vt 0.942088 0.584264
vt 0.942096 0.584299
vt 0.245793 0.927666
vt 0.245799 0.927690
vt 0.245793 0.927690
vt 0.245793 0.927631
vt 0.245799 0.927666
vt 0.245793 0.927598
vt 0.245799 0.927631
vt 0.942095 0.892939
vt 0.942089 0.892939
vt 0.159554 0.810592
vt 0.159609 0.810551
vt 0.159665 0.810592
vt 0.169382 0.810628
vt 0.169326 0.810668
vt 0.169270 0.810628
vt 0.140454 0.732135
vt 0.140491 0.731905
vt 0.140491 0.732137
vt 0.053294 0.732137
vt 0.053330 0.731902
vt 0.053330 0.732137
vt 0.053259 0.732137
vt 0.053294 0.731902
vt 0.004839 0.731903
vt 0.004802 0.732137
vt 0.004802 0.731903
vt 0.004873 0.731902
vt 0.004839 0.732137
vt 0.072646 0.731902
vt 0.072610 0.732137
vt 0.072610 0.731902
vt 0.072682 0.731902
vt 0.072646 0.732137
vt 0.140525 0.731902
vt 0.140525 0.732134
vt 0.179145 0.869256
vt 0.179081 0.869284
vt 0.179054 0.869219
vt 0.101718 0.869191
vt 0.101756 0.869191
vt 0.101718 0.869284
vt 0.913116 0.479234
vt 0.913142 0.479170
vt 0.913142 0.479236
vt 0.746798 0.927665
vt 0.746828 0.927598
vt 0.746828 0.927665
vt 0.913143 0.546999
vt 0.913116 0.547065
vt 0.913116 0.546998
vt 0.913168 0.546997
vt 0.913143 0.547065
vt 0.756463 0.927598
vt 0.756433 0.927665
vt 0.756433 0.927598
vt 0.913168 0.479167
vt 0.913168 0.479233
vt 0.351964 0.917936
vt 0.351938 0.917951
vt 0.351912 0.917935
vt 0.197636 0.917906
vt 0.197662 0.917891
vt 0.197688 0.917906
vt 0.150130 0.732135
vt 0.150166 0.731905
vt 0.150166 0.732137
vt 0.062970 0.732137
vt 0.063006 0.731902
vt 0.063006 0.732137
vt 0.062935 0.732137
vt 0.062970 0.731902
vt 0.014515 0.731903
vt 0.014478 0.732137
vt 0.014478 0.731903
vt 0.014549 0.731902
vt 0.014515 0.732137
vt 0.082322 0.731902
vt 0.082286 0.732137
vt 0.082286 0.731902
vt 0.082358 0.731902
vt 0.082322 0.732137
vt 0.150201 0.731902
vt 0.150201 0.732134
vt 0.188841 0.869256
vt 0.188777 0.869284
vt 0.188750 0.869219
vt 0.082323 0.869191
vt 0.082361 0.869191
vt 0.082323 0.869284
vt 0.913116 0.488908
vt 0.913142 0.488843
vt 0.913142 0.488910
vt 0.766068 0.927665
vt 0.766098 0.927598
vt 0.766098 0.927665
vt 0.913143 0.537326
vt 0.913116 0.537392
vt 0.913116 0.537325
vt 0.913168 0.537325
vt 0.913143 0.537393
vt 0.737193 0.927598
vt 0.737163 0.927665
vt 0.737163 0.927598
vt 0.913168 0.488841
vt 0.913168 0.488907
vt 0.342308 0.917936
vt 0.342282 0.917951
vt 0.342256 0.917935
vt 0.207293 0.917906
vt 0.207319 0.917891
vt 0.207345 0.917906
vt 0.393620 0.741793
vt 0.393520 0.741977
vt 0.393520 0.741793
vt 0.403326 0.741792
vt 0.403225 0.741977
vt 0.403225 0.741792
vt 0.884080 0.666428
vt 0.884134 0.666528
vt 0.884080 0.666528
vt 0.806445 0.708184
vt 0.806498 0.708363
vt 0.806445 0.708363
vt 0.884080 0.763598
vt 0.884134 0.763697
vt 0.884080 0.763697
vt 0.806498 0.102534
vt 0.806445 0.102350
vt 0.806498 0.102350
vt 0.642297 0.869292
vt 0.642338 0.869191
vt 0.642338 0.869291
vt 0.594002 0.869292
vt 0.594040 0.869191
vt 0.594040 0.869291
vt 0.593962 0.869291
vt 0.594002 0.869191
vt 0.584319 0.869291
vt 0.584357 0.869192
vt 0.584357 0.869292
vt 0.584279 0.869292
vt 0.584319 0.869191
vt 0.787073 0.869291
vt 0.787107 0.869191
vt 0.787107 0.869292
vt 0.787031 0.869291
vt 0.787073 0.869191
vt 0.642374 0.869192
vt 0.642374 0.869292
vt 0.835615 0.228641
vt 0.835657 0.228641
vt 0.835615 0.228743
vt 0.835657 0.219036
vt 0.835585 0.219006
vt 0.835615 0.218934
vt 0.835585 0.394420
vt 0.835610 0.394268
vt 0.835610 0.394420
vt 0.652007 0.869191
vt 0.651979 0.869342
vt 0.651979 0.869191
vt 0.835634 0.404178
vt 0.835609 0.404025
vt 0.835634 0.404027
vt 0.835609 0.404176
vt 0.835585 0.404027
vt 0.603645 0.869342
vt 0.603674 0.869191
vt 0.603674 0.869342
vt 0.835634 0.394267
vt 0.835634 0.394419
vt 0.718421 0.917905
vt 0.718421 0.917934
vt 0.718397 0.917948
vt 0.922806 0.043505
vt 0.922830 0.043518
vt 0.922830 0.043546
vt 0.112883 0.692278
vt 0.112682 0.692043
vt 0.112883 0.692043
vt 0.093070 0.692043
vt 0.093271 0.692278
vt 0.093070 0.692278
vt 0.500316 0.741793
vt 0.500366 0.742027
vt 0.500316 0.742027
vt 0.796716 0.739568
vt 0.796766 0.739764
vt 0.796716 0.739764
vt 0.665300 0.741793
vt 0.665350 0.742024
vt 0.665300 0.742025
vt 0.605111 0.791094
vt 0.605061 0.790893
vt 0.605111 0.790893
vt 0.432371 0.240025
vt 0.432311 0.238463
vt 0.432371 0.238463
vt 0.432369 0.284604
vt 0.432425 0.283056
vt 0.432425 0.284607
vt 0.432312 0.283056
vt 0.432369 0.283053
vt 0.432425 0.273448
vt 0.432370 0.271892
vt 0.432425 0.271895
vt 0.432311 0.273447
vt 0.432370 0.273445
vt 0.432422 0.295756
vt 0.432372 0.294217
vt 0.432422 0.294212
vt 0.432312 0.295760
vt 0.432372 0.295761
vt 0.432424 0.238463
vt 0.432424 0.240026
vt 0.738330 0.161254
vt 0.738391 0.161254
vt 0.738330 0.161403
vt 0.738287 0.200619
vt 0.738391 0.200576
vt 0.738434 0.200681
vt 0.422458 0.198976
vt 0.421822 0.197770
vt 0.422458 0.197770
vt 0.421822 0.186959
vt 0.422458 0.188165
vt 0.421822 0.188165
vt 0.102794 0.557075
vt 0.102853 0.558278
vt 0.102794 0.558278
vt 0.639870 0.597443
vt 0.639928 0.598064
vt 0.639870 0.598064
vt 0.141568 0.557075
vt 0.141627 0.558268
vt 0.141568 0.558268
vt 0.639928 0.475701
vt 0.639870 0.475065
vt 0.639928 0.475065
vt 0.053430 0.761407
vt 0.053532 0.761493
vt 0.053432 0.761494
vt 0.718851 0.664060
vt 0.718749 0.663991
vt 0.718850 0.663991
vt 0.718851 0.664148
vt 0.718751 0.664060
vt 0.718850 0.664221
vt 0.718751 0.664148
vt 0.024281 0.761492
vt 0.024380 0.761573
vt 0.024279 0.761574
vt 0.024279 0.761407
vt 0.024381 0.761492
vt 0.362622 0.722156
vt 0.362722 0.722214
vt 0.362621 0.722214
vt 0.362622 0.722070
vt 0.362722 0.722156
vt 0.362621 0.721989
vt 0.362722 0.722070
vt 0.053531 0.761572
vt 0.053430 0.761573
vt 0.669591 0.044702
vt 0.669726 0.044603
vt 0.669862 0.044702
vt 0.669591 0.015033
vt 0.669726 0.014934
vt 0.669862 0.015033
vt 0.574240 0.888690
vt 0.574261 0.888797
vt 0.574240 0.888795
vt 0.747191 0.908267
vt 0.747216 0.908169
vt 0.747216 0.908269
vt 0.409472 0.908166
vt 0.409446 0.908272
vt 0.409446 0.908166
vt 0.737586 0.908169
vt 0.737562 0.908267
vt 0.737562 0.908166
vt 0.574219 0.888692
vt 0.574219 0.888797
vt 0.942127 0.497353
vt 0.942103 0.497359
vt 0.942089 0.497338
vt 0.942088 0.468352
vt 0.942112 0.468345
vt 0.942126 0.468366
vt 0.462078 0.567950
vt 0.462070 0.569056
vt 0.462070 0.567950
vt 0.471692 0.567950
vt 0.471683 0.569056
vt 0.471683 0.567950
vt 0.178871 0.611011
vt 0.178879 0.610208
vt 0.178879 0.611011
vt 0.351926 0.413715
vt 0.352730 0.414793
vt 0.351926 0.414794
vt 0.159488 0.611011
vt 0.159497 0.610208
vt 0.159497 0.611011
vt 0.301894 0.414820
vt 0.301090 0.413714
vt 0.301894 0.413715
vt 0.068617 0.341162
vt 0.067075 0.339520
vt 0.068617 0.339520
vt 0.055929 0.339520
vt 0.057470 0.341162
vt 0.055929 0.341162
vt 0.432312 0.390729
vt 0.432318 0.392367
vt 0.432312 0.392367
vt 0.442654 0.092640
vt 0.442660 0.094144
vt 0.442654 0.094144
vt 0.150867 0.436785
vt 0.150873 0.438408
vt 0.150867 0.438408
vt 0.389565 0.438325
vt 0.389558 0.436785
vt 0.389565 0.436785
vt 0.786997 0.435757
vt 0.787027 0.435563
vt 0.787027 0.435758
vt 0.777291 0.503413
vt 0.777319 0.503212
vt 0.777319 0.503413
vt 0.777262 0.503212
vt 0.777291 0.503212
vt 0.796745 0.122576
vt 0.796772 0.122392
vt 0.796772 0.122581
vt 0.796716 0.122390
vt 0.796745 0.122387
vt 0.565463 0.781260
vt 0.565438 0.781062
vt 0.565463 0.781060
vt 0.565407 0.781261
vt 0.565438 0.781262
vt 0.787053 0.435755
vt 0.787053 0.435559
vt 0.120915 0.898481
vt 0.120935 0.898429
vt 0.120986 0.898452
vt 0.130641 0.898429
vt 0.130662 0.898450
vt 0.130591 0.898482
vt 0.796746 0.289157
vt 0.796716 0.288971
vt 0.796746 0.288969
vt 0.777291 0.748349
vt 0.777319 0.748148
vt 0.777319 0.748349
vt 0.777262 0.748148
vt 0.777291 0.748148
vt 0.787054 0.700469
vt 0.787026 0.700277
vt 0.787054 0.700274
vt 0.786997 0.700470
vt 0.787026 0.700472
vt 0.710369 0.781261
vt 0.710344 0.781060
vt 0.710369 0.781060
vt 0.710314 0.781261
vt 0.710344 0.781261
vt 0.796772 0.288974
vt 0.796772 0.289163
vt 0.893783 0.683251
vt 0.893763 0.683199
vt 0.893813 0.683176
vt 0.440242 0.898429
vt 0.440272 0.898430
vt 0.440242 0.898503
vt 0.786997 0.465169
vt 0.787027 0.464975
vt 0.787027 0.465171
vt 0.777319 0.513219
vt 0.777291 0.513018
vt 0.777319 0.513018
vt 0.777262 0.513219
vt 0.777291 0.513219
vt 0.624434 0.791087
vt 0.624407 0.790893
vt 0.624434 0.790898
vt 0.624407 0.791082
vt 0.624377 0.790896
vt 0.430192 0.781262
vt 0.430217 0.781060
vt 0.430217 0.781260
vt 0.430161 0.781061
vt 0.430192 0.781062
vt 0.787053 0.464972
vt 0.787053 0.465167
vt 0.893813 0.721895
vt 0.893834 0.721917
vt 0.893763 0.721947
vt 0.295082 0.898482
vt 0.295103 0.898430
vt 0.295153 0.898450
vt 0.796716 0.142176
vt 0.796746 0.141984
vt 0.796746 0.142173
vt 0.777319 0.758155
vt 0.777291 0.757954
vt 0.777319 0.757954
vt 0.777262 0.758155
vt 0.777291 0.758155
vt 0.787054 0.710272
vt 0.787026 0.710080
vt 0.787054 0.710077
vt 0.787026 0.710275
vt 0.786997 0.710078
vt 0.720004 0.781261
vt 0.720030 0.781060
vt 0.720030 0.781261
vt 0.719974 0.781060
vt 0.720004 0.781060
vt 0.796772 0.141990
vt 0.796772 0.142178
vt 0.893762 0.421850
vt 0.893813 0.421827
vt 0.893834 0.421879
vt 0.507953 0.898450
vt 0.507974 0.898429
vt 0.508003 0.898430
vt 0.786997 0.474974
vt 0.787027 0.474780
vt 0.787027 0.474975
vt 0.777319 0.405351
vt 0.777291 0.405149
vt 0.777319 0.405150
vt 0.777262 0.405351
vt 0.777291 0.405350
vt 0.634068 0.791082
vt 0.634095 0.790898
vt 0.634095 0.791087
vt 0.634039 0.790896
vt 0.634068 0.790893
vt 0.401210 0.781261
vt 0.401236 0.781060
vt 0.401236 0.781260
vt 0.401180 0.781261
vt 0.401210 0.781062
vt 0.787053 0.474972
vt 0.787053 0.474776
vt 0.893834 0.760636
vt 0.893813 0.760688
vt 0.893763 0.760665
vt 0.140287 0.898430
vt 0.140317 0.898429
vt 0.140338 0.898450
vt 0.796746 0.151972
vt 0.796716 0.151786
vt 0.796746 0.151783
vt 0.777291 0.767961
vt 0.777319 0.767760
vt 0.777319 0.767961
vt 0.777262 0.767961
vt 0.777291 0.767760
vt 0.787054 0.720076
vt 0.787026 0.719884
vt 0.787054 0.719880
vt 0.786997 0.720076
vt 0.787026 0.720079
vt 0.739325 0.781261
vt 0.739351 0.781060
vt 0.739351 0.781261
vt 0.739295 0.781060
vt 0.739325 0.781060
vt 0.796772 0.151789
vt 0.796772 0.151977
vt 0.893813 0.431507
vt 0.893834 0.431528
vt 0.893834 0.431559
vt 0.595037 0.898450
vt 0.595058 0.898429
vt 0.595087 0.898430
vt 0.786997 0.386735
vt 0.787027 0.386541
vt 0.787027 0.386737
vt 0.777319 0.415157
vt 0.777291 0.414956
vt 0.777319 0.414956
vt 0.777262 0.415157
vt 0.777291 0.415157
vt 0.643730 0.791082
vt 0.643757 0.790898
vt 0.643757 0.791087
vt 0.643700 0.790896
vt 0.643730 0.790893
vt 0.575098 0.781262
vt 0.575123 0.781060
vt 0.575123 0.781260
vt 0.575068 0.781261
vt 0.575098 0.781062
vt 0.787053 0.386733
vt 0.787053 0.386538
vt 0.893762 0.731626
vt 0.893783 0.731574
vt 0.893834 0.731597
vt 0.198373 0.898429
vt 0.198393 0.898450
vt 0.198322 0.898482
vt 0.796746 0.161771
vt 0.796716 0.161585
vt 0.796746 0.161582
vt 0.004831 0.781261
vt 0.004859 0.781060
vt 0.004859 0.781261
vt 0.004802 0.781261
vt 0.004831 0.781060
vt 0.787054 0.729879
vt 0.787026 0.729687
vt 0.787054 0.729684
vt 0.786997 0.729880
vt 0.787026 0.729882
vt 0.729665 0.781261
vt 0.729690 0.781060
vt 0.729690 0.781261
vt 0.729635 0.781060
vt 0.729665 0.781060
vt 0.796772 0.161588
vt 0.796772 0.161776
vt 0.893834 0.576722
vt 0.893834 0.576753
vt 0.893762 0.576723
vt 0.449918 0.898429
vt 0.449948 0.898430
vt 0.449918 0.898503
vt 0.786997 0.445561
vt 0.787027 0.445367
vt 0.787027 0.445563
vt 0.777291 0.523025
vt 0.777319 0.522825
vt 0.777319 0.523026
vt 0.777262 0.522825
vt 0.777291 0.522824
vt 0.711360 0.791082
vt 0.711387 0.790898
vt 0.711387 0.791087
vt 0.711331 0.790896
vt 0.711360 0.790893
vt 0.584784 0.781260
vt 0.584758 0.781062
vt 0.584784 0.781060
vt 0.584728 0.781261
vt 0.584758 0.781262
vt 0.787053 0.445559
vt 0.787053 0.445363
vt 0.893813 0.741254
vt 0.893834 0.741277
vt 0.893763 0.741306
vt 0.208069 0.898450
vt 0.208049 0.898503
vt 0.207998 0.898482
vt 0.796746 0.171570
vt 0.796716 0.171384
vt 0.796746 0.171381
vt 0.014493 0.781261
vt 0.014521 0.781060
vt 0.014521 0.781261
vt 0.014464 0.781060
vt 0.014493 0.781060
vt 0.787054 0.739682
vt 0.787026 0.739490
vt 0.787054 0.739487
vt 0.786997 0.739683
vt 0.787026 0.739685
vt 0.749011 0.781261
vt 0.748986 0.781060
vt 0.749011 0.781060
vt 0.748956 0.781261
vt 0.748986 0.781261
vt 0.796772 0.171386
vt 0.796772 0.171575
vt 0.893763 0.441209
vt 0.893813 0.441186
vt 0.893834 0.441238
vt 0.459573 0.898450
vt 0.459594 0.898429
vt 0.459624 0.898430
vt 0.786997 0.484778
vt 0.787027 0.484584
vt 0.787027 0.484780
vt 0.777291 0.385738
vt 0.777319 0.385537
vt 0.777319 0.385738
vt 0.777262 0.385537
vt 0.777291 0.385537
vt 0.721022 0.791082
vt 0.721049 0.790898
vt 0.721049 0.791087
vt 0.720992 0.790896
vt 0.721022 0.790893
vt 0.410896 0.781260
vt 0.410871 0.781062
vt 0.410896 0.781060
vt 0.410841 0.781261
vt 0.410871 0.781262
vt 0.787053 0.484776
vt 0.787053 0.484580
vt 0.893834 0.770315
vt 0.893813 0.770367
vt 0.893763 0.770344
vt 0.304808 0.898503
vt 0.304758 0.898482
vt 0.304779 0.898430
vt 0.796746 0.181369
vt 0.796716 0.181183
vt 0.796746 0.181180
vt 0.024155 0.781261
vt 0.024183 0.781060
vt 0.024183 0.781261
vt 0.024126 0.781060
vt 0.024155 0.781060
vt 0.787054 0.749486
vt 0.787026 0.749294
vt 0.787054 0.749290
vt 0.786997 0.749486
vt 0.787026 0.749489
vt 0.758672 0.781261
vt 0.758646 0.781060
vt 0.758672 0.781060
vt 0.758616 0.781261
vt 0.758646 0.781261
vt 0.796772 0.181185
vt 0.796772 0.181374
vt 0.893763 0.450889
vt 0.893813 0.450866
vt 0.893834 0.450918
vt 0.469300 0.898430
vt 0.469320 0.898482
vt 0.469270 0.898503
vt 0.786997 0.396540
vt 0.787027 0.396346
vt 0.787027 0.396541
vt 0.777291 0.424963
vt 0.777319 0.424762
vt 0.777319 0.424963
vt 0.777262 0.424762
vt 0.777291 0.424762
vt 0.653391 0.791082
vt 0.653418 0.790898
vt 0.653418 0.791087
vt 0.653362 0.790896
vt 0.653391 0.790893
vt 0.420557 0.781260
vt 0.420531 0.781062
vt 0.420557 0.781060
vt 0.420501 0.781261
vt 0.420531 0.781261
vt 0.787053 0.396538
vt 0.787053 0.396342
vt 0.893813 0.779973
vt 0.893834 0.779995
vt 0.893763 0.780024
vt 0.314455 0.898430
vt 0.314484 0.898429
vt 0.314505 0.898450
vt 0.796746 0.191168
vt 0.796716 0.190982
vt 0.796746 0.190979
vt 0.033816 0.781261
vt 0.033844 0.781060
vt 0.033844 0.781261
vt 0.033788 0.781060
vt 0.033816 0.781060
vt 0.787054 0.759289
vt 0.787026 0.759097
vt 0.787054 0.759094
vt 0.786997 0.759290
vt 0.787026 0.759292
vt 0.768332 0.781261
vt 0.768307 0.781060
vt 0.768332 0.781060
vt 0.768277 0.781261
vt 0.768307 0.781261
vt 0.796772 0.190984
vt 0.796772 0.191173
vt 0.893763 0.586403
vt 0.893813 0.586380
vt 0.893834 0.586432
vt 0.478925 0.898450
vt 0.478946 0.898429
vt 0.478975 0.898430
vt 0.786997 0.406344
vt 0.787027 0.406150
vt 0.787027 0.406346
vt 0.777291 0.434769
vt 0.777319 0.434568
vt 0.777319 0.434769
vt 0.777262 0.434769
vt 0.777291 0.434568
vt 0.614745 0.791082
vt 0.614772 0.790898
vt 0.614772 0.791087
vt 0.614716 0.790896
vt 0.614745 0.790893
vt 0.594444 0.781260
vt 0.594419 0.781062
vt 0.594444 0.781060
vt 0.594419 0.781262
vt 0.594388 0.781061
vt 0.787053 0.406342
vt 0.787053 0.406146
vt 0.893813 0.789726
vt 0.893763 0.789704
vt 0.893783 0.789652
vt 0.149963 0.898430
vt 0.149993 0.898429
vt 0.150014 0.898450
vt 0.796746 0.200967
vt 0.796716 0.200781
vt 0.796746 0.200778
vt 0.043506 0.781261
vt 0.043478 0.781060
vt 0.043506 0.781060
vt 0.043478 0.781261
vt 0.043449 0.781060
vt 0.787054 0.769092
vt 0.787026 0.768900
vt 0.787054 0.768897
vt 0.786997 0.769093
vt 0.787026 0.769095
vt 0.787027 0.005003
vt 0.787053 0.004803
vt 0.787053 0.005004
vt 0.786997 0.005004
vt 0.787027 0.004802
vt 0.796772 0.200783
vt 0.796772 0.200972
vt 0.893813 0.460546
vt 0.893834 0.460567
vt 0.893834 0.460598
vt 0.604713 0.898450
vt 0.604734 0.898429
vt 0.604763 0.898430
vt 0.786997 0.455365
vt 0.787027 0.455171
vt 0.787027 0.455367
vt 0.777291 0.395544
vt 0.777319 0.395344
vt 0.777319 0.395544
vt 0.777262 0.395544
vt 0.777291 0.395343
vt 0.663053 0.791082
vt 0.663080 0.790898
vt 0.663080 0.791087
vt 0.663023 0.790896
vt 0.663053 0.790893
vt 0.439877 0.781260
vt 0.439852 0.781062
vt 0.439877 0.781060
vt 0.439852 0.781262
vt 0.439822 0.781061
vt 0.787053 0.455363
vt 0.787053 0.455167
vt 0.893783 0.857409
vt 0.893813 0.857409
vt 0.893834 0.857432
vt 0.324110 0.898483
vt 0.324131 0.898430
vt 0.324181 0.898450
vt 0.796746 0.298956
vt 0.796716 0.298770
vt 0.796746 0.298768
vt 0.053168 0.781261
vt 0.053140 0.781060
vt 0.053168 0.781060
vt 0.053140 0.781261
vt 0.053111 0.781060
vt 0.062829 0.791088
vt 0.062801 0.790896
vt 0.062829 0.790893
vt 0.062772 0.791089
vt 0.062801 0.791092
vt 0.787028 0.014810
vt 0.787053 0.014609
vt 0.787053 0.014810
vt 0.786997 0.014810
vt 0.787028 0.014609
vt 0.796772 0.298773
vt 0.796772 0.298962
vt 0.893813 0.402468
vt 0.893834 0.402489
vt 0.893834 0.402520
vt 0.614439 0.898430
vt 0.614460 0.898482
vt 0.614409 0.898503
vt 0.786997 0.494582
vt 0.787027 0.494388
vt 0.787027 0.494584
vt 0.777291 0.444575
vt 0.777319 0.444375
vt 0.777319 0.444576
vt 0.777262 0.444576
vt 0.777291 0.444374
vt 0.730683 0.791082
vt 0.730710 0.790898
vt 0.730710 0.791087
vt 0.730654 0.790896
vt 0.730683 0.790893
vt 0.449513 0.781261
vt 0.449538 0.781060
vt 0.449538 0.781260
vt 0.449482 0.781061
vt 0.449513 0.781062
vt 0.787053 0.494580
vt 0.787053 0.494384
vt 0.893813 0.799332
vt 0.893834 0.799354
vt 0.893763 0.799383
vt 0.333836 0.898503
vt 0.333786 0.898482
vt 0.333807 0.898430
vt 0.796746 0.416544
vt 0.796716 0.416358
vt 0.796746 0.416355
vt 0.062830 0.781261
vt 0.062801 0.781060
vt 0.062830 0.781060
vt 0.062801 0.781261
vt 0.062773 0.781060
vt 0.169107 0.791088
vt 0.169079 0.790896
vt 0.169107 0.790893
vt 0.169050 0.791089
vt 0.169079 0.791092
vt 0.787028 0.024616
vt 0.787053 0.024415
vt 0.787053 0.024616
vt 0.786997 0.024616
vt 0.787028 0.024415
vt 0.796772 0.416360
vt 0.796772 0.416549
vt 0.893813 0.470225
vt 0.893834 0.470246
vt 0.893834 0.470277
vt 0.517629 0.898450
vt 0.517650 0.898429
vt 0.517679 0.898430
vt 0.786997 0.592625
vt 0.787027 0.592431
vt 0.787027 0.592626
vt 0.777291 0.532831
vt 0.777319 0.532631
vt 0.777319 0.532832
vt 0.777262 0.532832
vt 0.777291 0.532631
vt 0.740345 0.791082
vt 0.740372 0.790898
vt 0.740372 0.791087
vt 0.740315 0.790896
vt 0.740345 0.790893
vt 0.459198 0.781260
vt 0.459173 0.781062
vt 0.459198 0.781060
vt 0.459173 0.781261
vt 0.459143 0.781061
vt 0.787053 0.592623
vt 0.787053 0.592427
vt 0.893813 0.809012
vt 0.893834 0.809034
vt 0.893763 0.809063
vt 0.343512 0.898503
vt 0.343462 0.898482
vt 0.343483 0.898430
vt 0.796746 0.426343
vt 0.796716 0.426157
vt 0.796746 0.426154
vt 0.072491 0.781261
vt 0.072463 0.781060
vt 0.072491 0.781060
vt 0.072463 0.781261
vt 0.072434 0.781060
vt 0.787054 0.778896
vt 0.787026 0.778704
vt 0.787054 0.778700
vt 0.786997 0.778896
vt 0.787026 0.778899
vt 0.787028 0.034422
vt 0.787053 0.034221
vt 0.787053 0.034422
vt 0.786997 0.034422
vt 0.787028 0.034221
vt 0.796772 0.426159
vt 0.796772 0.426348
vt 0.893763 0.479928
vt 0.893813 0.479905
vt 0.893834 0.479957
vt 0.527305 0.898450
vt 0.527326 0.898429
vt 0.527355 0.898430
vt 0.786997 0.602429
vt 0.787027 0.602235
vt 0.787027 0.602431
vt 0.777291 0.542638
vt 0.777319 0.542437
vt 0.777319 0.542638
vt 0.777262 0.542638
vt 0.777291 0.542437
vt 0.796745 0.132374
vt 0.796773 0.132190
vt 0.796773 0.132379
vt 0.796716 0.132189
vt 0.796745 0.132186
vt 0.468859 0.781260
vt 0.468833 0.781062
vt 0.468859 0.781060
vt 0.468833 0.781261
vt 0.468803 0.781061
vt 0.787053 0.602427
vt 0.787053 0.602231
vt 0.893813 0.818691
vt 0.893834 0.818713
vt 0.893763 0.818742
vt 0.353138 0.898482
vt 0.353159 0.898430
vt 0.353209 0.898450
vt 0.796746 0.308755
vt 0.796716 0.308569
vt 0.796746 0.308567
vt 0.082153 0.781261
vt 0.082125 0.781060
vt 0.082153 0.781060
vt 0.082125 0.781261
vt 0.082096 0.781060
vt 0.004859 0.791089
vt 0.004832 0.790896
vt 0.004859 0.790893
vt 0.004802 0.791089
vt 0.004832 0.791092
vt 0.787027 0.044228
vt 0.787053 0.044028
vt 0.787053 0.044229
vt 0.786997 0.044229
vt 0.787027 0.044027
vt 0.796772 0.308572
vt 0.796772 0.308761
vt 0.893834 0.596081
vt 0.893834 0.596112
vt 0.893763 0.596083
vt 0.624065 0.898450
vt 0.624085 0.898429
vt 0.624115 0.898430
vt 0.786997 0.504386
vt 0.787027 0.504192
vt 0.787027 0.504388
vt 0.777291 0.552444
vt 0.777319 0.552243
vt 0.777319 0.552444
vt 0.777262 0.552243
vt 0.777291 0.552243
vt 0.750006 0.791082
vt 0.750033 0.790898
vt 0.750033 0.791087
vt 0.749977 0.790896
vt 0.750006 0.790893
vt 0.478519 0.781260
vt 0.478494 0.781062
vt 0.478519 0.781060
vt 0.478464 0.781261
vt 0.478494 0.781261
vt 0.787053 0.504384
vt 0.787053 0.504189
vt 0.893834 0.867111
vt 0.893813 0.867163
vt 0.893763 0.867140
vt 0.362834 0.898430
vt 0.362864 0.898429
vt 0.362885 0.898450
vt 0.796746 0.210766
vt 0.796716 0.210580
vt 0.796746 0.210577
vt 0.091787 0.781261
vt 0.091815 0.781060
vt 0.091815 0.781261
vt 0.091758 0.781060
vt 0.091787 0.781060
vt 0.178769 0.791089
vt 0.178741 0.790896
vt 0.178769 0.790893
vt 0.178712 0.791089
vt 0.178741 0.791092
vt 0.787053 0.054035
vt 0.787028 0.053834
vt 0.787053 0.053834
vt 0.786997 0.054035
vt 0.787028 0.054035
vt 0.796772 0.210582
vt 0.796772 0.210771
vt 0.893763 0.605762
vt 0.893813 0.605739
vt 0.893834 0.605791
vt 0.536981 0.898450
vt 0.537002 0.898429
vt 0.537031 0.898430
vt 0.786997 0.612233
vt 0.787027 0.612039
vt 0.787027 0.612235
vt 0.777291 0.562250
vt 0.777319 0.562050
vt 0.777319 0.562251
vt 0.777262 0.562050
vt 0.777291 0.562049
vt 0.759667 0.791082
vt 0.759695 0.790898
vt 0.759695 0.791087
vt 0.759638 0.790896
vt 0.759667 0.790893
vt 0.604105 0.781260
vt 0.604079 0.781062
vt 0.604105 0.781060
vt 0.604049 0.781261
vt 0.604079 0.781261
vt 0.787053 0.612231
vt 0.787053 0.612035
vt 0.893763 0.876820
vt 0.893783 0.876768
vt 0.893834 0.876791
vt 0.372510 0.898430
vt 0.372540 0.898429
vt 0.372561 0.898450
vt 0.796746 0.318554
vt 0.796716 0.318368
vt 0.796746 0.318366
vt 0.101448 0.781261
vt 0.101476 0.781060
vt 0.101476 0.781261
vt 0.101420 0.781060
vt 0.101448 0.781060
vt 0.072491 0.791088
vt 0.072463 0.790896
vt 0.072491 0.790893
vt 0.072434 0.791089
vt 0.072463 0.791092
vt 0.787053 0.063841
vt 0.787028 0.063640
vt 0.787053 0.063640
vt 0.786997 0.063841
vt 0.787028 0.063841
vt 0.796772 0.318371
vt 0.796772 0.318560
vt 0.893813 0.489584
vt 0.893834 0.489606
vt 0.893834 0.489636
vt 0.633812 0.898482
vt 0.633761 0.898503
vt 0.633741 0.898450
vt 0.786997 0.622038
vt 0.787027 0.621844
vt 0.787027 0.622039
vt 0.777291 0.454382
vt 0.777319 0.454181
vt 0.777319 0.454382
vt 0.777262 0.454382
vt 0.777291 0.454181
vt 0.769329 0.791082
vt 0.769356 0.790898
vt 0.769356 0.791087
vt 0.769300 0.790896
vt 0.769329 0.790893
vt 0.613765 0.781260
vt 0.613740 0.781062
vt 0.613765 0.781060
vt 0.613740 0.781262
vt 0.613709 0.781061
vt 0.787053 0.622035
vt 0.787053 0.621840
vt 0.893813 0.886448
vt 0.893834 0.886470
vt 0.893763 0.886500
vt 0.217725 0.898503
vt 0.217674 0.898482
vt 0.217695 0.898430
vt 0.796746 0.328353
vt 0.796716 0.328167
vt 0.796746 0.328164
vt 0.111138 0.781261
vt 0.111110 0.781060
vt 0.111138 0.781060
vt 0.111110 0.781261
vt 0.111081 0.781060
vt 0.188430 0.791089
vt 0.188403 0.790897
vt 0.188430 0.790893
vt 0.188374 0.791089
vt 0.188403 0.791092
vt 0.787028 0.073647
vt 0.787053 0.073446
vt 0.787053 0.073647
vt 0.786997 0.073647
vt 0.787028 0.073446
vt 0.796772 0.328170
vt 0.796772 0.328359
vt 0.893763 0.615442
vt 0.893813 0.615419
vt 0.893834 0.615471
vt 0.643417 0.898450
vt 0.643437 0.898429
vt 0.643467 0.898430
vt 0.786997 0.631842
vt 0.787027 0.631648
vt 0.787027 0.631843
vt 0.777291 0.572056
vt 0.777319 0.571856
vt 0.777319 0.572057
vt 0.777262 0.572057
vt 0.777291 0.571855
vt 0.778991 0.791082
vt 0.779018 0.790898
vt 0.779018 0.791087
vt 0.778961 0.790896
vt 0.778991 0.790893
vt 0.623425 0.781260
vt 0.623400 0.781062
vt 0.623425 0.781060
vt 0.623400 0.781261
vt 0.623370 0.781061
vt 0.787053 0.631840
vt 0.787053 0.631644
vt 0.004823 0.898429
vt 0.004853 0.898430
vt 0.004874 0.898452
vt 0.382186 0.898430
vt 0.382216 0.898429
vt 0.382237 0.898450
vt 0.796746 0.436142
vt 0.796716 0.435956
vt 0.796746 0.435953
vt 0.120800 0.781261
vt 0.120772 0.781060
vt 0.120800 0.781060
vt 0.120772 0.781261
vt 0.120743 0.781060
vt 0.198092 0.791088
vt 0.198064 0.790896
vt 0.198092 0.790893
vt 0.198035 0.791089
vt 0.198064 0.791092
vt 0.787028 0.083453
vt 0.787053 0.083253
vt 0.787053 0.083454
vt 0.786997 0.083453
vt 0.787028 0.083252
vt 0.796772 0.435958
vt 0.796772 0.436147
vt 0.893813 0.625099
vt 0.893834 0.625120
vt 0.893834 0.625151
vt 0.653093 0.898450
vt 0.653113 0.898429
vt 0.653143 0.898430
vt 0.786997 0.641646
vt 0.787027 0.641452
vt 0.787027 0.641648
vt 0.777291 0.581863
vt 0.777319 0.581662
vt 0.777319 0.581863
vt 0.777262 0.581863
vt 0.777291 0.581662
vt 0.796745 0.004991
vt 0.796773 0.004807
vt 0.796773 0.004996
vt 0.796716 0.004806
vt 0.796745 0.004802
vt 0.488179 0.781260
vt 0.488154 0.781062
vt 0.488179 0.781060
vt 0.488154 0.781261
vt 0.488124 0.781061
vt 0.787053 0.641644
vt 0.787053 0.641448
vt 0.082261 0.898430
vt 0.082282 0.898452
vt 0.082211 0.898481
vt 0.227400 0.898503
vt 0.227350 0.898482
vt 0.227371 0.898430
vt 0.796746 0.338152
vt 0.796716 0.337966
vt 0.796746 0.337963
vt 0.130462 0.781261
vt 0.130434 0.781060
vt 0.130462 0.781060
vt 0.130434 0.781261
vt 0.130405 0.781060
vt 0.082152 0.791089
vt 0.082125 0.790896
vt 0.082152 0.790893
vt 0.082096 0.791089
vt 0.082125 0.791092
vt 0.787028 0.093260
vt 0.787053 0.093059
vt 0.787053 0.093260
vt 0.786997 0.093260
vt 0.787028 0.093059
vt 0.796772 0.337969
vt 0.796772 0.338158
vt 0.893763 0.499287
vt 0.893813 0.499264
vt 0.893834 0.499316
vt 0.662768 0.898450
vt 0.662789 0.898429
vt 0.662819 0.898430
vt 0.786997 0.514191
vt 0.787027 0.513997
vt 0.787027 0.514192
vt 0.777291 0.591669
vt 0.777319 0.591468
vt 0.777319 0.591669
vt 0.777262 0.591468
vt 0.777291 0.591468
vt 0.796745 0.014790
vt 0.796772 0.014606
vt 0.796772 0.014795
vt 0.796716 0.014604
vt 0.796745 0.014601
vt 0.633086 0.781260
vt 0.633061 0.781062
vt 0.633086 0.781060
vt 0.633030 0.781261
vt 0.633061 0.781261
vt 0.787053 0.514189
vt 0.787053 0.513993
vt 0.014478 0.898481
vt 0.014499 0.898429
vt 0.014550 0.898452
vt 0.391913 0.898450
vt 0.391892 0.898503
vt 0.391842 0.898482
vt 0.796746 0.347951
vt 0.796716 0.347765
vt 0.796746 0.347762
vt 0.140095 0.781261
vt 0.140123 0.781060
vt 0.140123 0.781261
vt 0.140066 0.781060
vt 0.140095 0.781060
vt 0.207754 0.791088
vt 0.207726 0.790896
vt 0.207754 0.790893
vt 0.207697 0.791089
vt 0.207726 0.791092
vt 0.787053 0.103066
vt 0.787027 0.102865
vt 0.787053 0.102865
vt 0.786997 0.103066
vt 0.787027 0.103066
vt 0.796772 0.347768
vt 0.796772 0.347956
vt 0.893813 0.634778
vt 0.893834 0.634800
vt 0.893834 0.634830
vt 0.672515 0.898482
vt 0.672465 0.898503
vt 0.672444 0.898450
vt 0.786997 0.523995
vt 0.787027 0.523801
vt 0.787027 0.523997
vt 0.777291 0.464188
vt 0.777319 0.463987
vt 0.777319 0.464188
vt 0.777262 0.463987
vt 0.777291 0.463987
vt 0.796745 0.024589
vt 0.796772 0.024405
vt 0.796772 0.024594
vt 0.796716 0.024403
vt 0.796745 0.024400
vt 0.642746 0.781260
vt 0.642721 0.781062
vt 0.642746 0.781060
vt 0.642691 0.781261
vt 0.642721 0.781261
vt 0.787053 0.523993
vt 0.787053 0.523797
vt 0.091907 0.898429
vt 0.091937 0.898430
vt 0.091958 0.898452
vt 0.401518 0.898482
vt 0.401538 0.898430
vt 0.401589 0.898450
vt 0.796746 0.220565
vt 0.796716 0.220379
vt 0.796746 0.220376
vt 0.149757 0.781261
vt 0.149785 0.781060
vt 0.149785 0.781261
vt 0.149728 0.781060
vt 0.149757 0.781060
vt 0.217415 0.791088
vt 0.217388 0.790896
vt 0.217415 0.790893
vt 0.217359 0.791089
vt 0.217388 0.791092
vt 0.787053 0.112872
vt 0.787028 0.112671
vt 0.787053 0.112671
vt 0.786997 0.112872
vt 0.787028 0.112872
vt 0.796772 0.220381
vt 0.796772 0.220570
vt 0.893834 0.644479
vt 0.893834 0.644510
vt 0.893763 0.644481
vt 0.682120 0.898450
vt 0.682141 0.898429
vt 0.682171 0.898430
vt 0.786997 0.651450
vt 0.787027 0.651256
vt 0.787027 0.651452
vt 0.777291 0.601475
vt 0.777319 0.601275
vt 0.777319 0.601476
vt 0.777262 0.601476
vt 0.777291 0.601274
vt 0.796745 0.034387
vt 0.796773 0.034203
vt 0.796773 0.034392
vt 0.796716 0.034202
vt 0.796745 0.034199
vt 0.497840 0.781260
vt 0.497815 0.781062
vt 0.497840 0.781060
vt 0.497815 0.781261
vt 0.497784 0.781061
vt 0.787053 0.651448
vt 0.787053 0.651252
vt 0.893813 0.828371
vt 0.893834 0.828393
vt 0.893763 0.828422
vt 0.237026 0.898482
vt 0.237047 0.898430
vt 0.237097 0.898450
vt 0.796746 0.357750
vt 0.796716 0.357564
vt 0.796746 0.357561
vt 0.159447 0.781261
vt 0.159419 0.781060
vt 0.159447 0.781060
vt 0.159419 0.781261
vt 0.159390 0.781060
vt 0.091814 0.791088
vt 0.091786 0.790896
vt 0.091814 0.790893
vt 0.091757 0.791089
vt 0.091786 0.791092
vt 0.787027 0.122678
vt 0.787053 0.122477
vt 0.787053 0.122678
vt 0.786997 0.122678
vt 0.787027 0.122477
vt 0.796772 0.357567
vt 0.796772 0.357755
vt 0.893813 0.508943
vt 0.893834 0.508965
vt 0.893834 0.508995
vt 0.546728 0.898482
vt 0.546678 0.898503
vt 0.546657 0.898450
vt 0.786997 0.661254
vt 0.787027 0.661060
vt 0.787027 0.661256
vt 0.777291 0.611281
vt 0.777319 0.611081
vt 0.777319 0.611282
vt 0.777262 0.611282
vt 0.777291 0.611080
vt 0.796745 0.044186
vt 0.796772 0.044002
vt 0.796772 0.044191
vt 0.796716 0.044000
vt 0.796745 0.043997
vt 0.652407 0.781260
vt 0.652381 0.781062
vt 0.652407 0.781060
vt 0.652381 0.781262
vt 0.652351 0.781061
vt 0.787053 0.661252
vt 0.787053 0.661057
vt 0.893783 0.838050
vt 0.893813 0.838050
vt 0.893834 0.838072
vt 0.159639 0.898430
vt 0.159669 0.898429
vt 0.159690 0.898450
vt 0.796746 0.367549
vt 0.796716 0.367363
vt 0.796746 0.367360
vt 0.169108 0.781261
vt 0.169080 0.781060
vt 0.169108 0.781060
vt 0.169080 0.781261
vt 0.169052 0.781060
vt 0.101476 0.791088
vt 0.101448 0.790896
vt 0.101476 0.790893
vt 0.101419 0.791089
vt 0.101448 0.791092
vt 0.787028 0.132484
vt 0.787053 0.132284
vt 0.787053 0.132485
vt 0.786997 0.132485
vt 0.787028 0.132283
vt 0.796772 0.367366
vt 0.796772 0.367554
vt 0.893813 0.518623
vt 0.893834 0.518644
vt 0.893834 0.518675
vt 0.556354 0.898503
vt 0.556333 0.898450
vt 0.556383 0.898430
vt 0.786997 0.533799
vt 0.787027 0.533605
vt 0.787027 0.533801
vt 0.777291 0.621088
vt 0.777319 0.620887
vt 0.777319 0.621088
vt 0.777262 0.621088
vt 0.777291 0.620887
vt 0.796745 0.053985
vt 0.796772 0.053801
vt 0.796772 0.053990
vt 0.796716 0.053799
vt 0.796745 0.053796
vt 0.662067 0.781259
vt 0.662042 0.781062
vt 0.662067 0.781060
vt 0.662042 0.781261
vt 0.662012 0.781061
vt 0.787053 0.533797
vt 0.787053 0.533601
vt 0.024175 0.898429
vt 0.024205 0.898430
vt 0.024226 0.898452
vt 0.411193 0.898482
vt 0.411214 0.898430
vt 0.411265 0.898450
vt 0.796746 0.377348
vt 0.796716 0.377162
vt 0.796746 0.377159
vt 0.178770 0.781261
vt 0.178742 0.781060
vt 0.178770 0.781060
vt 0.178742 0.781261
vt 0.178713 0.781060
vt 0.111137 0.791089
vt 0.111110 0.790896
vt 0.111137 0.790893
vt 0.111080 0.791089
vt 0.111110 0.791092
vt 0.787028 0.142291
vt 0.787053 0.142090
vt 0.787053 0.142291
vt 0.786997 0.142291
vt 0.787028 0.142090
vt 0.796772 0.377165
vt 0.796772 0.377353
vt 0.893834 0.654159
vt 0.893834 0.654189
vt 0.893763 0.654160
vt 0.711199 0.898430
vt 0.711219 0.898482
vt 0.711169 0.898503
vt 0.786997 0.671059
vt 0.787027 0.670865
vt 0.787027 0.671060
vt 0.777291 0.630894
vt 0.777319 0.630693
vt 0.777319 0.630894
vt 0.777262 0.630894
vt 0.777291 0.630693
vt 0.796745 0.063784
vt 0.796773 0.063600
vt 0.796773 0.063788
vt 0.796716 0.063598
vt 0.796745 0.063595
vt 0.671727 0.781260
vt 0.671702 0.781062
vt 0.671727 0.781060
vt 0.671702 0.781262
vt 0.671672 0.781061
vt 0.787053 0.671057
vt 0.787053 0.670861
vt 0.033881 0.898430
vt 0.033902 0.898452
vt 0.033831 0.898481
vt 0.246752 0.898503
vt 0.246702 0.898482
vt 0.246723 0.898429
vt 0.796746 0.445941
vt 0.796716 0.445755
vt 0.796746 0.445752
vt 0.256064 0.781261
vt 0.256036 0.781060
vt 0.256064 0.781060
vt 0.256036 0.781261
vt 0.256007 0.781060
vt 0.120799 0.791089
vt 0.120771 0.790896
vt 0.120799 0.790893
vt 0.120742 0.791089
vt 0.120771 0.791092
vt 0.787028 0.152097
vt 0.787053 0.151896
vt 0.787053 0.152097
vt 0.786997 0.152097
vt 0.787028 0.151896
vt 0.796772 0.445757
vt 0.796772 0.445946
vt 0.893813 0.528303
vt 0.893834 0.528324
vt 0.893834 0.528355
vt 0.566009 0.898450
vt 0.566030 0.898429
vt 0.566059 0.898430
vt 0.786997 0.543603
vt 0.787027 0.543409
vt 0.787027 0.543605
vt 0.777291 0.473994
vt 0.777319 0.473793
vt 0.777319 0.473994
vt 0.777262 0.473994
vt 0.777291 0.473793
vt 0.796745 0.073582
vt 0.796773 0.073398
vt 0.796773 0.073587
vt 0.796716 0.073396
vt 0.796745 0.073393
vt 0.681388 0.781260
vt 0.681363 0.781062
vt 0.681388 0.781060
vt 0.681363 0.781261
vt 0.681332 0.781061
vt 0.787053 0.543601
vt 0.787053 0.543406
vt 0.101583 0.898429
vt 0.101613 0.898430
vt 0.101634 0.898452
vt 0.169315 0.898430
vt 0.169345 0.898429
vt 0.169366 0.898450
vt 0.796746 0.387147
vt 0.796716 0.386961
vt 0.796746 0.386958
vt 0.188432 0.781261
vt 0.188404 0.781060
vt 0.188432 0.781060
vt 0.188404 0.781261
vt 0.188375 0.781060
vt 0.130461 0.791088
vt 0.130433 0.790896
vt 0.130461 0.790893
vt 0.130404 0.791089
vt 0.130433 0.791092
vt 0.787028 0.161903
vt 0.787053 0.161702
vt 0.787053 0.161903
vt 0.786997 0.161903
vt 0.787028 0.161702
vt 0.796772 0.386964
vt 0.796772 0.387152
vt 0.893763 0.538005
vt 0.893813 0.537982
vt 0.893834 0.538034
vt 0.575685 0.898450
vt 0.575706 0.898429
vt 0.575735 0.898430
vt 0.786997 0.553408
vt 0.787027 0.553214
vt 0.787027 0.553409
vt 0.777291 0.483800
vt 0.777319 0.483600
vt 0.777319 0.483801
vt 0.777262 0.483801
vt 0.777291 0.483599
vt 0.672714 0.791082
vt 0.672741 0.790898
vt 0.672741 0.791087
vt 0.672685 0.790896
vt 0.672714 0.790893
vt 0.691048 0.781260
vt 0.691023 0.781062
vt 0.691048 0.781060
vt 0.691023 0.781262
vt 0.690993 0.781061
vt 0.787053 0.553406
vt 0.787053 0.553210
vt 0.043578 0.898452
vt 0.043557 0.898504
vt 0.043506 0.898481
vt 0.256428 0.898429
vt 0.256449 0.898450
vt 0.256378 0.898482
vt 0.796746 0.230364
vt 0.796716 0.230178
vt 0.796746 0.230175
vt 0.198094 0.781261
vt 0.198066 0.781060
vt 0.198094 0.781060
vt 0.198066 0.781261
vt 0.198037 0.781060
vt 0.014521 0.791088
vt 0.014493 0.790896
vt 0.014521 0.790893
vt 0.014464 0.791089
vt 0.014493 0.791092
vt 0.787028 0.171709
vt 0.787053 0.171509
vt 0.787053 0.171710
vt 0.786997 0.171709
vt 0.787028 0.171508
vt 0.796772 0.230180
vt 0.796772 0.230369
vt 0.893813 0.412148
vt 0.893834 0.412169
vt 0.893834 0.412200
vt 0.488622 0.898503
vt 0.488601 0.898450
vt 0.488651 0.898430
vt 0.786997 0.680863
vt 0.787027 0.680669
vt 0.787027 0.680865
vt 0.777291 0.640700
vt 0.777319 0.640500
vt 0.777319 0.640701
vt 0.777262 0.640701
vt 0.777291 0.640499
vt 0.796745 0.083381
vt 0.796772 0.083197
vt 0.796772 0.083386
vt 0.796716 0.083195
vt 0.796745 0.083192
vt 0.700709 0.781260
vt 0.700683 0.781062
vt 0.700709 0.781060
vt 0.700683 0.781262
vt 0.700653 0.781061
vt 0.787053 0.680861
vt 0.787053 0.680665
vt 0.893783 0.750933
vt 0.893813 0.750934
vt 0.893834 0.750956
vt 0.179021 0.898429
vt 0.179042 0.898450
vt 0.178970 0.898482
vt 0.796746 0.396946
vt 0.796716 0.396760
vt 0.796746 0.396757
vt 0.207755 0.781261
vt 0.207727 0.781060
vt 0.207755 0.781060
vt 0.207727 0.781261
vt 0.207699 0.781060
vt 0.024182 0.791088
vt 0.024155 0.790896
vt 0.024182 0.790893
vt 0.024126 0.791089
vt 0.024155 0.791092
vt 0.787027 0.181516
vt 0.787053 0.181315
vt 0.787053 0.181516
vt 0.786997 0.181516
vt 0.787027 0.181315
vt 0.796772 0.396763
vt 0.796772 0.396951
vt 0.893763 0.547685
vt 0.893813 0.547662
vt 0.893834 0.547714
vt 0.585382 0.898429
vt 0.585411 0.898430
vt 0.585382 0.898503
vt 0.786997 0.416148
vt 0.787027 0.415954
vt 0.787027 0.416150
vt 0.777291 0.493607
vt 0.777319 0.493406
vt 0.777319 0.493607
vt 0.777262 0.493607
vt 0.777291 0.493406
vt 0.796745 0.093180
vt 0.796773 0.092996
vt 0.796773 0.093185
vt 0.796716 0.092994
vt 0.796745 0.092991
vt 0.507500 0.781260
vt 0.507475 0.781062
vt 0.507500 0.781060
vt 0.507475 0.781262
vt 0.507445 0.781061
vt 0.787053 0.416146
vt 0.787053 0.415950
vt 0.053233 0.898430
vt 0.053254 0.898452
vt 0.053182 0.898481
vt 0.266054 0.898482
vt 0.266075 0.898430
vt 0.266125 0.898450
vt 0.796746 0.240163
vt 0.796716 0.239976
vt 0.796746 0.239974
vt 0.217417 0.781261
vt 0.217389 0.781060
vt 0.217417 0.781060
vt 0.217389 0.781261
vt 0.217360 0.781060
vt 0.033844 0.791089
vt 0.033816 0.790896
vt 0.033844 0.790893
vt 0.033787 0.791089
vt 0.033816 0.791092
vt 0.787027 0.191322
vt 0.787053 0.191121
vt 0.787053 0.191322
vt 0.786997 0.191322
vt 0.787027 0.191121
vt 0.796772 0.239979
vt 0.796772 0.240168
vt 0.893763 0.663840
vt 0.893813 0.663817
vt 0.893834 0.663869
vt 0.691817 0.898503
vt 0.691796 0.898450
vt 0.691847 0.898430
vt 0.786997 0.563212
vt 0.787027 0.563018
vt 0.787027 0.563214
vt 0.777291 0.650506
vt 0.777319 0.650306
vt 0.777319 0.650507
vt 0.777262 0.650507
vt 0.777291 0.650305
vt 0.796745 0.102978
vt 0.796773 0.102794
vt 0.796773 0.102983
vt 0.796716 0.102793
vt 0.796745 0.102789
vt 0.517161 0.781260
vt 0.517135 0.781062
vt 0.517161 0.781060
vt 0.517135 0.781262
vt 0.517105 0.781061
vt 0.787053 0.563210
vt 0.787053 0.563014
vt 0.893763 0.847781
vt 0.893783 0.847729
vt 0.893834 0.847752
vt 0.188667 0.898430
vt 0.188697 0.898429
vt 0.188717 0.898450
vt 0.796746 0.249961
vt 0.796716 0.249775
vt 0.796746 0.249773
vt 0.777319 0.738543
vt 0.777291 0.738342
vt 0.777319 0.738342
vt 0.777291 0.738543
vt 0.777262 0.738342
vt 0.043506 0.791089
vt 0.043478 0.790896
vt 0.043506 0.790893
vt 0.043449 0.791089
vt 0.043478 0.791092
vt 0.787028 0.201128
vt 0.787053 0.200927
vt 0.787053 0.201128
vt 0.786997 0.201128
vt 0.787028 0.200927
vt 0.796772 0.249778
vt 0.796772 0.249967
vt 0.893762 0.557364
vt 0.893813 0.557342
vt 0.893834 0.557393
vt 0.701472 0.898450
vt 0.701493 0.898429
vt 0.701523 0.898430
vt 0.786997 0.573016
vt 0.787027 0.572822
vt 0.787027 0.573018
vt 0.777291 0.660313
vt 0.777319 0.660112
vt 0.777319 0.660313
vt 0.777262 0.660313
vt 0.777291 0.660112
vt 0.682376 0.791082
vt 0.682403 0.790898
vt 0.682403 0.791087
vt 0.682346 0.790896
vt 0.682376 0.790893
vt 0.526821 0.781260
vt 0.526796 0.781062
vt 0.526821 0.781060
vt 0.526796 0.781262
vt 0.526766 0.781061
vt 0.787053 0.573014
vt 0.787053 0.572819
vt 0.062909 0.898430
vt 0.062930 0.898452
vt 0.062859 0.898481
vt 0.275780 0.898503
vt 0.275730 0.898482
vt 0.275751 0.898430
vt 0.796746 0.259760
vt 0.796716 0.259574
vt 0.796746 0.259572
vt 0.227079 0.781261
vt 0.227051 0.781060
vt 0.227079 0.781060
vt 0.227051 0.781261
vt 0.227022 0.781060
vt 0.053167 0.791088
vt 0.053140 0.790896
vt 0.053167 0.790893
vt 0.053111 0.791089
vt 0.053140 0.791092
vt 0.787027 0.210934
vt 0.787053 0.210734
vt 0.787053 0.210935
vt 0.786997 0.210934
vt 0.787027 0.210733
vt 0.796772 0.259577
vt 0.796772 0.259766
vt 0.893763 0.673519
vt 0.893813 0.673497
vt 0.893834 0.673549
vt 0.498298 0.898429
vt 0.498327 0.898430
vt 0.498298 0.898503
vt 0.786997 0.425952
vt 0.787027 0.425758
vt 0.787027 0.425954
vt 0.777291 0.670119
vt 0.777319 0.669918
vt 0.777319 0.670119
vt 0.777262 0.670119
vt 0.777291 0.669918
vt 0.796745 0.112777
vt 0.796772 0.112593
vt 0.796772 0.112782
vt 0.796716 0.112591
vt 0.796745 0.112588
vt 0.536482 0.781260
vt 0.536456 0.781062
vt 0.536482 0.781060
vt 0.536456 0.781262
vt 0.536426 0.781061
vt 0.787053 0.425950
vt 0.787053 0.425755
vt 0.893763 0.692908
vt 0.893783 0.692856
vt 0.893834 0.692878
vt 0.285406 0.898483
vt 0.285427 0.898430
vt 0.285477 0.898450
vt 0.796746 0.269559
vt 0.796716 0.269373
vt 0.796746 0.269371
vt 0.265726 0.781261
vt 0.265698 0.781060
vt 0.265726 0.781060
vt 0.265698 0.781261
vt 0.265669 0.781060
vt 0.140122 0.791088
vt 0.140094 0.790896
vt 0.140122 0.790893
vt 0.140065 0.791089
vt 0.140094 0.791092
vt 0.787028 0.220741
vt 0.787053 0.220540
vt 0.787053 0.220741
vt 0.786997 0.220741
vt 0.787028 0.220540
vt 0.796772 0.269376
vt 0.796772 0.269565
vt 0.893783 0.567096
vt 0.893763 0.567044
vt 0.893813 0.567021
vt 0.720824 0.898450
vt 0.720845 0.898429
vt 0.720875 0.898430
vt 0.786997 0.690667
vt 0.787027 0.690473
vt 0.787027 0.690669
vt 0.777291 0.679925
vt 0.777319 0.679725
vt 0.777319 0.679926
vt 0.777262 0.679925
vt 0.777291 0.679724
vt 0.692037 0.791082
vt 0.692064 0.790898
vt 0.692064 0.791087
vt 0.692008 0.790896
vt 0.692037 0.790893
vt 0.546142 0.781260
vt 0.546117 0.781062
vt 0.546142 0.781060
vt 0.546117 0.781262
vt 0.546087 0.781061
vt 0.787053 0.690665
vt 0.787053 0.690470
vt 0.111289 0.898504
vt 0.111239 0.898481
vt 0.111259 0.898429
vt 0.430596 0.898429
vt 0.430616 0.898450
vt 0.430545 0.898482
vt 0.796746 0.406745
vt 0.796716 0.406559
vt 0.796746 0.406556
vt 0.236741 0.781261
vt 0.236712 0.781060
vt 0.236741 0.781060
vt 0.236712 0.781261
vt 0.236684 0.781060
vt 0.149784 0.791089
vt 0.149756 0.790896
vt 0.149784 0.790893
vt 0.149727 0.791089
vt 0.149756 0.791092
vt 0.787028 0.230547
vt 0.787053 0.230346
vt 0.787053 0.230547
vt 0.786997 0.230547
vt 0.787028 0.230346
vt 0.796772 0.406562
vt 0.796772 0.406750
vt 0.893834 0.702557
vt 0.893834 0.702587
vt 0.893763 0.702558
vt 0.730521 0.898429
vt 0.730550 0.898430
vt 0.730521 0.898503
vt 0.786997 0.582820
vt 0.787027 0.582626
vt 0.787027 0.582822
vt 0.777291 0.689731
vt 0.777319 0.689531
vt 0.777319 0.689732
vt 0.777262 0.689732
vt 0.777291 0.689530
vt 0.701699 0.791082
vt 0.701726 0.790898
vt 0.701726 0.791087
vt 0.701669 0.790896
vt 0.701699 0.790893
vt 0.555802 0.781260
vt 0.555777 0.781062
vt 0.555802 0.781060
vt 0.555777 0.781261
vt 0.555747 0.781061
vt 0.787053 0.582818
vt 0.787053 0.582623
vt 0.072535 0.898481
vt 0.072555 0.898429
vt 0.072606 0.898452
vt 0.420920 0.898429
vt 0.420941 0.898450
vt 0.420870 0.898482
vt 0.796746 0.279358
vt 0.796716 0.279172
vt 0.796746 0.279170
vt 0.246402 0.781261
vt 0.246374 0.781060
vt 0.246402 0.781060
vt 0.246374 0.781261
vt 0.246345 0.781060
vt 0.159445 0.791089
vt 0.159418 0.790896
vt 0.159445 0.790893
vt 0.159389 0.791089
vt 0.159418 0.791092
vt 0.787028 0.240353
vt 0.787053 0.240152
vt 0.787053 0.240353
vt 0.786997 0.240353
vt 0.787028 0.240152
vt 0.796772 0.279175
vt 0.796772 0.279364
vt 0.893783 0.712290
vt 0.893763 0.712238
vt 0.893813 0.712215
vt 0.740197 0.898429
vt 0.740226 0.898430
vt 0.740197 0.898503
vt 0.188012 0.329892
vt 0.187991 0.326313
vt 0.187996 0.326313
vt 0.335554 0.047584
vt 0.335573 0.044068
vt 0.335573 0.047587
vt 0.208413 0.329880
vt 0.208394 0.326313
vt 0.208398 0.326313
vt 0.266146 0.329847
vt 0.266151 0.326312
vt 0.266168 0.329845
vt 0.951734 0.939616
vt 0.951760 0.939642
vt 0.951734 0.939641
vt 0.110519 0.995195
vt 0.110525 0.995189
vt 0.110525 0.995195
vt 0.198249 0.878947
vt 0.198273 0.879085
vt 0.198249 0.879081
vt 0.468525 0.878947
vt 0.468497 0.879079
vt 0.468497 0.878954
vt 0.874422 0.568385
vt 0.874394 0.568522
vt 0.874394 0.568389
vt 0.236767 0.878947
vt 0.236793 0.879083
vt 0.236767 0.879076
vt 0.929153 0.946975
vt 0.929122 0.947009
vt 0.929122 0.946977
vt 0.951734 0.043361
vt 0.951765 0.043396
vt 0.951734 0.043393
vt 0.372501 0.810616
vt 0.372412 0.810674
vt 0.372405 0.810615
vt 0.411240 0.810660
vt 0.411340 0.810612
vt 0.411335 0.810674
vt 0.411240 0.810565
vt 0.411244 0.810612
vt 0.654550 0.830269
vt 0.654621 0.830207
vt 0.654631 0.830272
vt 0.654550 0.830176
vt 0.654542 0.830219
vt 0.208694 0.830209
vt 0.208601 0.830152
vt 0.208690 0.830159
vt 0.208601 0.830273
vt 0.208607 0.830217
vt 0.372412 0.810551
vt 0.372507 0.810567
vt 0.760903 0.800765
vt 0.760984 0.800728
vt 0.761018 0.800816
vt 0.728568 0.437274
vt 0.728524 0.437160
vt 0.728629 0.437113
vt 0.174454 0.316662
vt 0.174458 0.312881
vt 0.174475 0.316661
vt 0.314766 0.035182
vt 0.314785 0.031466
vt 0.314785 0.035185
vt 0.184099 0.316658
vt 0.184080 0.312881
vt 0.184084 0.312881
vt 0.302853 0.316614
vt 0.302858 0.312881
vt 0.302875 0.316611
vt 0.951734 0.833701
vt 0.951760 0.833674
vt 0.951760 0.833700
vt 0.225854 0.995195
vt 0.225848 0.995189
vt 0.225854 0.995189
vt 0.362420 0.781061
vt 0.362363 0.781202
vt 0.362363 0.781060
vt 0.787054 0.367043
vt 0.786997 0.367186
vt 0.786997 0.367043
vt 0.787111 0.367043
vt 0.787054 0.367186
vt 0.777319 0.288065
vt 0.777262 0.288199
vt 0.777262 0.288060
vt 0.777376 0.288060
vt 0.777319 0.288204
vt 0.787054 0.289207
vt 0.787111 0.289065
vt 0.787111 0.289207
vt 0.786997 0.289207
vt 0.787054 0.289065
vt 0.362306 0.781203
vt 0.362306 0.781061
vt 0.738287 0.122345
vt 0.738287 0.122284
vt 0.738434 0.122345
vt 0.546867 0.732007
vt 0.546910 0.731902
vt 0.547015 0.731946
vt 0.325927 0.299108
vt 0.325932 0.295508
vt 0.325948 0.299107
vt 0.335573 0.086833
vt 0.335569 0.083316
vt 0.335573 0.083317
vt 0.072170 0.329909
vt 0.072175 0.326312
vt 0.072190 0.329908
vt 0.295049 0.329841
vt 0.295027 0.326313
vt 0.295032 0.326313
vt 0.033720 0.956664
vt 0.033695 0.956639
vt 0.033720 0.956638
vt 0.235465 0.995195
vt 0.235459 0.995189
vt 0.235465 0.995189
vt 0.169303 0.878947
vt 0.169328 0.879085
vt 0.169303 0.879082
vt 0.391356 0.878953
vt 0.391330 0.879075
vt 0.391330 0.878947
vt 0.874422 0.597611
vt 0.874394 0.597748
vt 0.874394 0.597612
vt 0.884080 0.063250
vt 0.884104 0.063363
vt 0.884080 0.063373
vt 0.938789 0.946976
vt 0.938758 0.947007
vt 0.938758 0.946974
vt 0.951734 0.033723
vt 0.951765 0.033754
vt 0.951734 0.033756
vt 0.577253 0.830260
vt 0.577184 0.830214
vt 0.577262 0.830213
vt 0.566724 0.810614
vt 0.566631 0.810551
vt 0.566727 0.810565
vt 0.566631 0.810674
vt 0.566627 0.810614
vt 0.314186 0.810609
vt 0.314273 0.810674
vt 0.314179 0.810658
vt 0.314273 0.810551
vt 0.314282 0.810610
vt 0.825877 0.646572
vt 0.825968 0.646516
vt 0.825970 0.646582
vt 0.825877 0.646480
vt 0.825876 0.646522
vt 0.577253 0.830166
vt 0.577174 0.830152
vt 0.741498 0.800852
vt 0.741465 0.800816
vt 0.741579 0.800765
vt 0.728629 0.466572
vt 0.728568 0.466572
vt 0.728524 0.466525
vt 0.314766 0.253390
vt 0.314771 0.249740
vt 0.314787 0.253389
vt 0.325946 0.021666
vt 0.325942 0.018040
vt 0.325946 0.018040
vt 0.314766 0.266635
vt 0.314770 0.262994
vt 0.314786 0.266634
vt 0.314788 0.293114
vt 0.314766 0.289480
vt 0.314771 0.289480
vt 0.951734 0.756627
vt 0.951760 0.756653
vt 0.951734 0.756653
vt 0.120136 0.995189
vt 0.120130 0.995195
vt 0.120130 0.995189
vt 0.777262 0.297948
vt 0.777319 0.297814
vt 0.777319 0.297953
vt 0.787054 0.337944
vt 0.787111 0.337801
vt 0.787111 0.337944
vt 0.786997 0.337944
vt 0.787054 0.337801
vt 0.342926 0.781202
vt 0.342982 0.781061
vt 0.342982 0.781203
vt 0.342869 0.781203
vt 0.342926 0.781060
vt 0.787054 0.298812
vt 0.786997 0.298954
vt 0.786997 0.298812
vt 0.787111 0.298812
vt 0.787054 0.298954
vt 0.777376 0.297809
vt 0.777376 0.297948
vt 0.556620 0.732007
vt 0.556620 0.731946
vt 0.556768 0.732007
vt 0.738287 0.132099
vt 0.738330 0.131994
vt 0.738434 0.132037
vt 0.304174 0.111340
vt 0.304179 0.107492
vt 0.304195 0.111339
vt 0.014517 0.316706
vt 0.014536 0.312881
vt 0.014536 0.316708
vt 0.304174 0.138113
vt 0.304178 0.134265
vt 0.304193 0.138112
vt 0.304196 0.231553
vt 0.304174 0.227720
vt 0.304179 0.227720
vt 0.951734 0.843332
vt 0.951760 0.843306
vt 0.951760 0.843332
vt 0.024022 0.995195
vt 0.024028 0.995189
vt 0.024028 0.995195
vt 0.364296 0.712072
vt 0.364216 0.712263
vt 0.364216 0.712071
vt 0.490170 0.712071
vt 0.490095 0.712263
vt 0.490095 0.712071
vt 0.490255 0.712071
vt 0.490170 0.712263
vt 0.462740 0.692195
vt 0.462916 0.692261
vt 0.462728 0.692261
vt 0.462740 0.692109
vt 0.462928 0.692195
vt 0.462728 0.692044
vt 0.462928 0.692109
vt 0.519462 0.712263
vt 0.519547 0.712071
vt 0.519547 0.712263
vt 0.519388 0.712263
vt 0.519462 0.712071
vt 0.364134 0.712264
vt 0.364134 0.712072
vt 0.679496 0.232529
vt 0.679709 0.232654
vt 0.679570 0.232733
vt 0.638985 0.672069
vt 0.638826 0.672040
vt 0.638826 0.671879
vt 0.335554 0.190646
vt 0.335559 0.187185
vt 0.335575 0.190645
vt 0.046324 0.342943
vt 0.046320 0.339520
vt 0.046324 0.339521
vt 0.335573 0.242393
vt 0.335554 0.238943
vt 0.335558 0.238943
vt 0.335554 0.316945
vt 0.335559 0.313511
vt 0.335576 0.316943
vt 0.951734 0.852962
vt 0.951760 0.852937
vt 0.951760 0.852963
vt 0.129747 0.995189
vt 0.129741 0.995195
vt 0.129741 0.995189
vt 0.207878 0.878947
vt 0.207902 0.879085
vt 0.207878 0.879081
vt 0.478158 0.878947
vt 0.478130 0.879079
vt 0.478130 0.878954
vt 0.874422 0.578127
vt 0.874394 0.578264
vt 0.874394 0.578131
vt 0.246397 0.878947
vt 0.246423 0.879083
vt 0.246397 0.879076
vt 0.951765 0.004835
vt 0.951734 0.004805
vt 0.951765 0.004802
vt 0.951734 0.053033
vt 0.951765 0.053002
vt 0.951765 0.053035
vt 0.362794 0.810616
vt 0.362706 0.810674
vt 0.362698 0.810615
vt 0.430653 0.810612
vt 0.430745 0.810674
vt 0.430650 0.810660
vt 0.430745 0.810551
vt 0.430750 0.810612
vt 0.644856 0.830269
vt 0.644927 0.830207
vt 0.644937 0.830273
vt 0.644856 0.830176
vt 0.644848 0.830219
vt 0.189294 0.830159
vt 0.189211 0.830217
vt 0.189205 0.830152
vt 0.189294 0.830251
vt 0.189298 0.830209
vt 0.362706 0.810551
vt 0.362800 0.810567
vt 0.780342 0.800817
vt 0.780342 0.800765
vt 0.780456 0.800816
vt 0.728673 0.446993
vt 0.728629 0.447040
vt 0.728568 0.447040
vt 0.314787 0.177319
vt 0.314766 0.173660
vt 0.314771 0.173659
vt 0.325927 0.048120
vt 0.325946 0.044500
vt 0.325946 0.048123
vt 0.314786 0.226876
vt 0.314766 0.223218
vt 0.314770 0.223218
vt 0.314766 0.306353
vt 0.314771 0.302720
vt 0.314788 0.306351
vt 0.951760 0.862593
vt 0.951734 0.862568
vt 0.951760 0.862568
vt 0.139358 0.995195
vt 0.139352 0.995189
vt 0.139358 0.995189
vt 0.372138 0.781061
vt 0.372082 0.781202
vt 0.372082 0.781060
vt 0.787054 0.347548
vt 0.786997 0.347691
vt 0.786997 0.347548
vt 0.787111 0.347548
vt 0.787054 0.347691
vt 0.777319 0.307563
vt 0.777262 0.307697
vt 0.777262 0.307558
vt 0.777376 0.307558
vt 0.777319 0.307702
vt 0.787054 0.308702
vt 0.787111 0.308559
vt 0.787111 0.308702
vt 0.786997 0.308702
vt 0.787054 0.308559
vt 0.372024 0.781203
vt 0.372024 0.781061
vt 0.738287 0.141852
vt 0.738287 0.141791
vt 0.738434 0.141852
vt 0.566373 0.732007
vt 0.566416 0.731902
vt 0.566521 0.731946
vt 0.123325 0.316665
vt 0.123330 0.312881
vt 0.123346 0.316664
vt 0.314785 0.021860
vt 0.314781 0.018140
vt 0.314785 0.018141
vt 0.213064 0.316652
vt 0.213045 0.312881
vt 0.213049 0.312881
vt 0.293226 0.316617
vt 0.293231 0.312881
vt 0.293248 0.316615
vt 0.951734 0.872199
vt 0.951760 0.872225
vt 0.951734 0.872224
vt 0.148968 0.995195
vt 0.148962 0.995189
vt 0.148968 0.995189
vt 0.208314 0.712259
vt 0.208395 0.712077
vt 0.208395 0.712265
vt 0.597591 0.712263
vt 0.597665 0.712071
vt 0.597665 0.712263
vt 0.597506 0.712263
vt 0.597591 0.712071
vt 0.699143 0.103886
vt 0.699333 0.103950
vt 0.699140 0.103950
vt 0.699143 0.103800
vt 0.699335 0.103886
vt 0.699141 0.103733
vt 0.699335 0.103800
vt 0.558528 0.712071
vt 0.558444 0.712263
vt 0.558444 0.712071
vt 0.558603 0.712071
vt 0.558528 0.712263
vt 0.208476 0.712071
vt 0.208476 0.712259
vt 0.648858 0.671879
vt 0.648700 0.672069
vt 0.648645 0.671917
vt 0.679570 0.183479
vt 0.679466 0.183357
vt 0.679570 0.183233
vt 0.325948 0.285903
vt 0.325927 0.282301
vt 0.325932 0.282301
vt 0.335573 0.073712
vt 0.335569 0.070194
vt 0.335573 0.070195
vt 0.101370 0.329903
vt 0.101375 0.326313
vt 0.101390 0.329901
vt 0.256519 0.329848
vt 0.256524 0.326312
vt 0.256541 0.329845
vt 0.004802 0.956638
vt 0.004828 0.956665
vt 0.004802 0.956664
vt 0.158579 0.995189
vt 0.158573 0.995195
vt 0.158573 0.995189
vt 0.777262 0.278450
vt 0.777319 0.278316
vt 0.777319 0.278455
vt 0.787054 0.376933
vt 0.787111 0.376790
vt 0.787111 0.376933
vt 0.786997 0.376933
vt 0.787054 0.376790
vt 0.352645 0.781202
vt 0.352701 0.781061
vt 0.352701 0.781203
vt 0.352587 0.781203
vt 0.352645 0.781060
vt 0.787054 0.318307
vt 0.786997 0.318449
vt 0.786997 0.318307
vt 0.787111 0.318307
vt 0.787054 0.318449
vt 0.777376 0.278311
vt 0.777376 0.278450
vt 0.517608 0.732007
vt 0.517608 0.731946
vt 0.517756 0.732008
vt 0.738287 0.151606
vt 0.738330 0.151501
vt 0.738434 0.151544
vt 0.043391 0.316686
vt 0.043395 0.312881
vt 0.043412 0.316685
vt 0.314766 0.061824
vt 0.314785 0.058113
vt 0.314785 0.061828
vt 0.062641 0.316682
vt 0.062646 0.312881
vt 0.062661 0.316680
vt 0.314788 0.008532
vt 0.314766 0.004803
vt 0.314771 0.004802
vt 0.052982 0.956664
vt 0.052956 0.956639
vt 0.052982 0.956638
vt 0.168190 0.995195
vt 0.168184 0.995189
vt 0.168190 0.995189
vt 0.344763 0.712072
vt 0.344683 0.712263
vt 0.344683 0.712071
vt 0.499934 0.712071
vt 0.499860 0.712263
vt 0.499860 0.712071
vt 0.500019 0.712071
vt 0.499934 0.712263
vt 0.443130 0.692195
vt 0.443306 0.692261
vt 0.443118 0.692261
vt 0.443130 0.692109
vt 0.443318 0.692195
vt 0.443117 0.692044
vt 0.443318 0.692109
vt 0.529226 0.712263
vt 0.529311 0.712071
vt 0.529311 0.712263
vt 0.529152 0.712263
vt 0.529226 0.712071
vt 0.344602 0.712264
vt 0.344602 0.712072
vt 0.679521 0.193100
vt 0.679679 0.193126
vt 0.679521 0.193316
vt 0.679710 0.064036
vt 0.679606 0.064159
vt 0.679466 0.064078
vt 0.227644 0.329858
vt 0.227649 0.326313
vt 0.227665 0.329857
vt 0.335573 0.034462
vt 0.335569 0.030936
vt 0.335573 0.030936
vt 0.237270 0.329858
vt 0.237275 0.326313
vt 0.237290 0.329857
vt 0.285422 0.329844
vt 0.285400 0.326313
vt 0.285405 0.326312
vt 0.951734 0.881830
vt 0.951760 0.881856
vt 0.951734 0.881856
vt 0.177800 0.995195
vt 0.177795 0.995189
vt 0.177800 0.995189
vt 0.381857 0.781061
vt 0.381801 0.781202
vt 0.381801 0.781060
vt 0.787054 0.357296
vt 0.786997 0.357438
vt 0.786997 0.357296
vt 0.787111 0.357296
vt 0.787054 0.357438
vt 0.777319 0.317313
vt 0.777262 0.317446
vt 0.777262 0.317308
vt 0.777376 0.317307
vt 0.777319 0.317452
vt 0.787054 0.269713
vt 0.787111 0.269570
vt 0.787111 0.269713
vt 0.786997 0.269713
vt 0.787054 0.269570
vt 0.381743 0.781203
vt 0.381743 0.781061
vt 0.738434 0.063824
vt 0.738330 0.063867
vt 0.738287 0.063762
vt 0.576169 0.731902
vt 0.576230 0.731902
vt 0.576273 0.731946
vt 0.314766 0.164055
vt 0.314771 0.160391
vt 0.314787 0.164054
vt 0.325927 0.034892
vt 0.325946 0.031272
vt 0.325946 0.034895
vt 0.314785 0.240134
vt 0.314766 0.236482
vt 0.314770 0.236482
vt 0.314766 0.279875
vt 0.314771 0.276240
vt 0.314788 0.279873
vt 0.951734 0.891461
vt 0.951760 0.891487
vt 0.951734 0.891487
vt 0.187411 0.995195
vt 0.187405 0.995189
vt 0.187411 0.995189
vt 0.188781 0.712259
vt 0.188862 0.712077
vt 0.188862 0.712265
vt 0.607354 0.712263
vt 0.607429 0.712071
vt 0.607429 0.712263
vt 0.607270 0.712263
vt 0.607354 0.712071
vt 0.699143 0.113708
vt 0.699333 0.113773
vt 0.699140 0.113773
vt 0.699143 0.113623
vt 0.699335 0.113708
vt 0.699141 0.113555
vt 0.699335 0.113623
vt 0.568292 0.712071
vt 0.568208 0.712263
vt 0.568208 0.712071
vt 0.568367 0.712071
vt 0.568292 0.712263
vt 0.188943 0.712071
vt 0.188943 0.712259
vt 0.679466 0.014820
vt 0.679522 0.014669
vt 0.679681 0.014858
vt 0.679681 0.281779
vt 0.679681 0.281939
vt 0.679522 0.281967
vt 0.304174 0.084421
vt 0.304179 0.080558
vt 0.304195 0.084420
vt 0.024160 0.316704
vt 0.024156 0.312881
vt 0.024160 0.312881
vt 0.304174 0.097887
vt 0.304178 0.094026
vt 0.304193 0.097886
vt 0.304196 0.244991
vt 0.304174 0.241160
vt 0.304179 0.241159
vt 0.014433 0.956665
vt 0.014459 0.956638
vt 0.014459 0.956664
vt 0.033633 0.995195
vt 0.033639 0.995189
vt 0.033639 0.995195
vt 0.159674 0.878946
vt 0.159698 0.879085
vt 0.159674 0.879082
vt 0.400987 0.878953
vt 0.400961 0.879075
vt 0.400961 0.878947
vt 0.874422 0.607353
vt 0.874394 0.607490
vt 0.874394 0.607354
vt 0.884080 0.072988
vt 0.884104 0.073101
vt 0.884080 0.073111
vt 0.919517 0.946976
vt 0.919486 0.947007
vt 0.919486 0.946974
vt 0.951734 0.014444
vt 0.951765 0.014475
vt 0.951734 0.014477
vt 0.586946 0.830260
vt 0.586877 0.830214
vt 0.586954 0.830213
vt 0.557019 0.810614
vt 0.556927 0.810551
vt 0.557022 0.810565
vt 0.556927 0.810674
vt 0.556923 0.810614
vt 0.323893 0.810609
vt 0.323980 0.810674
vt 0.323886 0.810658
vt 0.323980 0.810551
vt 0.323989 0.810610
vt 0.825877 0.636847
vt 0.825968 0.636791
vt 0.825970 0.636856
vt 0.825877 0.636754
vt 0.825876 0.636796
vt 0.586946 0.830166
vt 0.586866 0.830152
vt 0.751184 0.800816
vt 0.751217 0.800728
vt 0.751298 0.800765
vt 0.728568 0.476178
vt 0.728673 0.476224
vt 0.728629 0.476338
vt 0.335554 0.112901
vt 0.335575 0.109423
vt 0.335575 0.112901
vt 0.078221 0.342937
vt 0.078241 0.339521
vt 0.078241 0.342940
vt 0.335573 0.177578
vt 0.335554 0.174112
vt 0.335558 0.174112
vt 0.335554 0.303906
vt 0.335559 0.300471
vt 0.335576 0.303903
vt 0.951734 0.901092
vt 0.951760 0.901118
vt 0.951734 0.901118
vt 0.197022 0.995195
vt 0.197016 0.995189
vt 0.197022 0.995189
vt 0.777262 0.327196
vt 0.777319 0.327062
vt 0.777319 0.327201
vt 0.787054 0.328196
vt 0.787111 0.328054
vt 0.787111 0.328196
vt 0.786997 0.328196
vt 0.787054 0.328054
vt 0.391519 0.781202
vt 0.391575 0.781061
vt 0.391575 0.781203
vt 0.391462 0.781203
vt 0.391519 0.781060
vt 0.787054 0.279317
vt 0.786997 0.279460
vt 0.786997 0.279317
vt 0.787111 0.279317
vt 0.787054 0.279460
vt 0.777376 0.327056
vt 0.777376 0.327195
vt 0.586026 0.732007
vt 0.585922 0.732051
vt 0.585878 0.731946
vt 0.738330 0.073472
vt 0.738391 0.073472
vt 0.738434 0.073516
vt 0.314766 0.126055
vt 0.314771 0.122375
vt 0.314787 0.126054
vt 0.325946 0.061348
vt 0.325942 0.057728
vt 0.325946 0.057728
vt 0.314766 0.139336
vt 0.314770 0.135660
vt 0.314785 0.139335
vt 0.325927 0.008435
vt 0.325932 0.004802
vt 0.325949 0.008432
vt 0.024064 0.956665
vt 0.024090 0.956638
vt 0.024090 0.956664
vt 0.206633 0.995195
vt 0.206627 0.995189
vt 0.206633 0.995189
vt 0.354530 0.712072
vt 0.354450 0.712263
vt 0.354450 0.712071
vt 0.509698 0.712071
vt 0.509624 0.712263
vt 0.509624 0.712071
vt 0.509783 0.712071
vt 0.509698 0.712263
vt 0.452935 0.692195
vt 0.453111 0.692261
vt 0.452923 0.692261
vt 0.452935 0.692109
vt 0.453123 0.692195
vt 0.452923 0.692044
vt 0.453123 0.692109
vt 0.538990 0.712263
vt 0.539075 0.712071
vt 0.539075 0.712263
vt 0.538916 0.712263
vt 0.538990 0.712071
vt 0.354368 0.712264
vt 0.354368 0.712072
vt 0.679521 0.202951
vt 0.679679 0.202977
vt 0.679521 0.203168
vt 0.658548 0.672069
vt 0.658492 0.671917
vt 0.658632 0.671836
vt 0.033765 0.316688
vt 0.033786 0.312881
vt 0.033786 0.316687
vt 0.314766 0.048503
vt 0.314785 0.044791
vt 0.314785 0.048507
vt 0.113720 0.316674
vt 0.113701 0.312881
vt 0.113705 0.312881
vt 0.283599 0.316617
vt 0.283604 0.312881
vt 0.283621 0.316615
vt 0.062587 0.956664
vt 0.062613 0.956639
vt 0.062613 0.956665
vt 0.216244 0.995195
vt 0.216238 0.995189
vt 0.216244 0.995189
vt 0.217507 0.878946
vt 0.217531 0.879085
vt 0.217507 0.879081
vt 0.487791 0.878947
vt 0.487763 0.879079
vt 0.487763 0.878954
vt 0.874422 0.587869
vt 0.874394 0.588006
vt 0.874394 0.587873
vt 0.227136 0.878947
vt 0.227162 0.879083
vt 0.227136 0.879076
vt 0.909882 0.947007
vt 0.909850 0.946977
vt 0.909882 0.946975
vt 0.951734 0.024114
vt 0.951765 0.024084
vt 0.951765 0.024116
vt 0.382213 0.810661
vt 0.382111 0.810615
vt 0.382208 0.810616
vt 0.420945 0.810660
vt 0.421045 0.810612
vt 0.421040 0.810674
vt 0.420945 0.810565
vt 0.420948 0.810612
vt 0.664236 0.830219
vt 0.664325 0.830273
vt 0.664244 0.830269
vt 0.664325 0.830152
vt 0.664315 0.830207
vt 0.198996 0.830209
vt 0.198903 0.830152
vt 0.198992 0.830159
vt 0.198903 0.830273
vt 0.198909 0.830217
vt 0.382213 0.810567
vt 0.382119 0.810551
vt 0.770656 0.800853
vt 0.770622 0.800817
vt 0.770622 0.800765
vt 0.728629 0.456806
vt 0.728568 0.456806
vt 0.728629 0.456645
vt 0.218018 0.329861
vt 0.218023 0.326312
vt 0.218039 0.329861
vt 0.335573 0.021331
vt 0.335569 0.017804
vt 0.335573 0.017805
vt 0.246895 0.329852
vt 0.246899 0.326312
vt 0.246914 0.329851
vt 0.275795 0.329846
vt 0.275773 0.326313
vt 0.275778 0.326313
vt 0.951734 0.910723
vt 0.951760 0.910749
vt 0.951734 0.910749
vt 0.245076 0.995189
vt 0.245070 0.995195
vt 0.245070 0.995189
vt 0.198548 0.712259
vt 0.198629 0.712077
vt 0.198629 0.712265
vt 0.587827 0.712263
vt 0.587901 0.712071
vt 0.587901 0.712263
vt 0.587742 0.712263
vt 0.587827 0.712071
vt 0.699142 0.123531
vt 0.699333 0.123595
vt 0.699140 0.123595
vt 0.699143 0.123445
vt 0.699335 0.123531
vt 0.699141 0.123377
vt 0.699335 0.123445
vt 0.548765 0.712071
vt 0.548680 0.712263
vt 0.548680 0.712071
vt 0.548839 0.712071
vt 0.548765 0.712263
vt 0.198709 0.712071
vt 0.198709 0.712259
vt 0.679570 0.024506
vt 0.679710 0.024586
vt 0.679655 0.024737
vt 0.679678 0.163573
vt 0.679678 0.163735
vt 0.679466 0.163609
vt 0.304174 0.258431
vt 0.304195 0.254598
vt 0.304195 0.258431
vt 0.304174 0.285305
vt 0.304180 0.281471
vt 0.304193 0.285304
vt 0.053017 0.316683
vt 0.053023 0.312881
vt 0.053036 0.316681
vt 0.304196 0.271866
vt 0.304189 0.268036
vt 0.304196 0.268036
vt 0.091479 0.956664
vt 0.091505 0.956638
vt 0.091505 0.956665
vt 0.990260 0.861150
vt 0.990252 0.861142
vt 0.990260 0.861142
vt 0.063074 0.800859
vt 0.063128 0.800734
vt 0.063128 0.800864
vt 0.266752 0.800862
vt 0.266807 0.800728
vt 0.266807 0.800862
vt 0.266698 0.800862
vt 0.266752 0.800728
vt 0.169750 0.800862
vt 0.169804 0.800729
vt 0.169804 0.800863
vt 0.169695 0.800863
vt 0.169750 0.800728
vt 0.237610 0.800728
vt 0.237556 0.800863
vt 0.237556 0.800728
vt 0.237665 0.800728
vt 0.237610 0.800862
vt 0.063183 0.800728
vt 0.063183 0.800859
vt 0.461529 0.741893
vt 0.461429 0.741935
vt 0.461387 0.741834
vt 0.529400 0.741792
vt 0.529441 0.741834
vt 0.529301 0.741893
vt 0.107337 0.342930
vt 0.107316 0.339520
vt 0.107322 0.339520
vt 0.126569 0.342930
vt 0.126575 0.339520
vt 0.126588 0.342930
vt 0.207073 0.342907
vt 0.207079 0.339520
vt 0.207093 0.342905
vt 0.116964 0.342928
vt 0.116957 0.339520
vt 0.116964 0.339520
vt 0.081874 0.956665
vt 0.081848 0.956638
vt 0.081874 0.956638
vt 0.990260 0.851537
vt 0.990252 0.851528
vt 0.990260 0.851528
vt 0.072787 0.800859
vt 0.072842 0.800734
vt 0.072842 0.800864
vt 0.276466 0.800862
vt 0.276520 0.800728
vt 0.276520 0.800862
vt 0.276411 0.800862
vt 0.276466 0.800728
vt 0.179464 0.800862
vt 0.179518 0.800729
vt 0.179518 0.800863
vt 0.179409 0.800863
vt 0.179464 0.800728
vt 0.247324 0.800728
vt 0.247270 0.800863
vt 0.247270 0.800728
vt 0.247379 0.800728
vt 0.247324 0.800863
vt 0.072896 0.800728
vt 0.072896 0.800859
vt 0.471276 0.741893
vt 0.471175 0.741935
vt 0.471134 0.741834
vt 0.539146 0.741792
vt 0.539187 0.741834
vt 0.539046 0.741893
vt 0.264314 0.289520
vt 0.264335 0.285431
vt 0.264335 0.289520
vt 0.273959 0.289520
vt 0.273940 0.285431
vt 0.273946 0.285431
vt 0.292897 0.047731
vt 0.292877 0.043684
vt 0.292883 0.043683
vt 0.292899 0.008888
vt 0.292892 0.004802
vt 0.292899 0.004803
vt 0.101136 0.956665
vt 0.101110 0.956638
vt 0.101136 0.956639
vt 0.990252 0.870763
vt 0.990261 0.870755
vt 0.990261 0.870763
vt 0.082501 0.800859
vt 0.082556 0.800734
vt 0.082556 0.800864
vt 0.286180 0.800862
vt 0.286234 0.800728
vt 0.286234 0.800862
vt 0.286125 0.800862
vt 0.286180 0.800728
vt 0.189178 0.800862
vt 0.189232 0.800729
vt 0.189232 0.800863
vt 0.189123 0.800863
vt 0.189178 0.800729
vt 0.257038 0.800728
vt 0.256984 0.800862
vt 0.256984 0.800728
vt 0.257093 0.800728
vt 0.257038 0.800862
vt 0.082610 0.800728
vt 0.082610 0.800859
vt 0.481022 0.741893
vt 0.480922 0.741935
vt 0.480881 0.741834
vt 0.548891 0.741792
vt 0.548932 0.741834
vt 0.548792 0.741893
vt 0.580216 0.337920
vt 0.580216 0.338737
vt 0.580114 0.338757
vt 0.580113 0.337940
vt 0.442863 0.114728
vt 0.442801 0.114974
vt 0.442654 0.114164
vt 0.442757 0.114164
vt 0.442823 0.114974
vt 0.443298 0.114164
vt 0.443194 0.114164
vt 0.116056 0.448432
vt 0.116056 0.448531
vt 0.115982 0.448397
vt 0.200178 0.692401
vt 0.200106 0.692291
vt 0.200178 0.692043
vt 0.116167 0.448156
vt 0.116167 0.448915
vt 0.116056 0.448201
vt 0.115942 0.448046
vt 0.115954 0.448154
vt 0.115908 0.448136
vt 0.626542 0.702207
vt 0.626455 0.702377
vt 0.626455 0.702078
vt 0.659730 0.390266
vt 0.659835 0.390237
vt 0.659906 0.390345
vt 0.115922 0.448465
vt 0.115932 0.448369
vt 0.115825 0.448432
vt 0.115822 0.448352
vt 0.115869 0.448442
vt 0.115891 0.448339
vt 0.115822 0.448350
vt 0.115859 0.448307
vt 0.659811 0.390191
vt 0.115873 0.448130
vt 0.115867 0.448019
vt 0.659802 0.390152
vt 0.659694 0.390196
vt 0.659683 0.390134
vt 0.659807 0.390120
vt 0.659692 0.390081
vt 0.659822 0.390094
vt 0.659716 0.390037
vt 0.659753 0.390003
vt 0.659844 0.390075
vt 0.659797 0.389978
vt 0.659871 0.390060
vt 0.659849 0.389963
vt 0.659906 0.390050
vt 0.845293 0.170686
vt 0.845326 0.170666
vt 0.845361 0.170794
vt 0.845361 0.170660
vt 0.583085 0.908247
vt 0.583054 0.908264
vt 0.583054 0.908166
vt 0.115685 0.448352
vt 0.115722 0.448340
vt 0.115769 0.448445
vt 0.115792 0.448433
vt 0.115768 0.448340
vt 0.115785 0.448314
vt 0.115836 0.448273
vt 0.115755 0.448279
vt 0.115823 0.448236
vt 0.115733 0.448243
vt 0.115717 0.448207
vt 0.115707 0.448170
vt 0.115818 0.448196
vt 0.115704 0.448131
vt 0.115821 0.448170
vt 0.115710 0.448086
vt 0.115728 0.448049
vt 0.115831 0.448149
vt 0.115760 0.448024
vt 0.115848 0.448135
vt 0.115806 0.448013
vt 0.580225 0.369287
vt 0.580225 0.370057
vt 0.580113 0.369996
vt 0.580113 0.369232
vt 0.218662 0.672062
vt 0.218592 0.672147
vt 0.218588 0.672145
vt 0.218597 0.672149
vt 0.218684 0.672075
vt 0.218583 0.672143
vt 0.218579 0.672140
vt 0.218574 0.672138
vt 0.218569 0.672135
vt 0.218625 0.672035
vt 0.218488 0.672003
vt 0.218501 0.671950
vt 0.218607 0.671977
vt 0.218621 0.671943
vt 0.218530 0.671894
vt 0.218647 0.671905
vt 0.218573 0.671836
vt 0.218684 0.671860
vt 0.082811 0.590025
vt 0.082811 0.589243
vt 0.082922 0.590059
vt 0.082922 0.589305
vt 0.218520 0.672097
vt 0.218608 0.672008
vt 0.218494 0.672052
vt 0.580229 0.327492
vt 0.580229 0.328314
vt 0.580113 0.328315
vt 0.580114 0.327493
vt 0.279790 0.437362
vt 0.279775 0.437613
vt 0.279438 0.436785
vt 0.279553 0.436785
vt 0.279799 0.437613
vt 0.280150 0.436785
vt 0.280035 0.436785
vt 0.205234 0.448365
vt 0.205234 0.448471
vt 0.205158 0.448364
vt 0.205350 0.448833
vt 0.205234 0.448727
vt 0.205350 0.448015
vt 0.205235 0.448120
vt 0.205118 0.448013
vt 0.205129 0.448119
vt 0.205082 0.448123
vt 0.205075 0.448832
vt 0.205090 0.448727
vt 0.205096 0.448470
vt 0.205106 0.448361
vt 0.204996 0.448486
vt 0.204993 0.448400
vt 0.205041 0.448474
vt 0.205064 0.448350
vt 0.204993 0.448397
vt 0.205031 0.448331
vt 0.205031 0.448721
vt 0.205046 0.448135
vt 0.205040 0.448021
vt 0.204986 0.448706
vt 0.204985 0.448823
vt 0.204914 0.448798
vt 0.204954 0.448685
vt 0.204862 0.448760
vt 0.204933 0.448658
vt 0.204827 0.448715
vt 0.204806 0.448664
vt 0.204922 0.448628
vt 0.204800 0.448613
vt 0.204919 0.448597
vt 0.204806 0.448561
vt 0.204923 0.448561
vt 0.204823 0.448514
vt 0.204852 0.448474
vt 0.204938 0.448531
vt 0.204890 0.448441
vt 0.204962 0.448505
vt 0.204937 0.448416
vt 0.204955 0.448378
vt 0.205008 0.448306
vt 0.204924 0.448355
vt 0.204994 0.448273
vt 0.204901 0.448328
vt 0.204884 0.448297
vt 0.204874 0.448262
vt 0.204989 0.448233
vt 0.204871 0.448222
vt 0.204993 0.448203
vt 0.204877 0.448170
vt 0.204897 0.448121
vt 0.205002 0.448176
vt 0.204930 0.448078
vt 0.205020 0.448153
vt 0.204977 0.448044
vt 0.580228 0.431601
vt 0.580228 0.432419
vt 0.580113 0.432419
vt 0.580113 0.431600
vt 0.453196 0.059861
vt 0.453180 0.059970
vt 0.453175 0.059969
vt 0.453186 0.059970
vt 0.453224 0.059866
vt 0.453169 0.059969
vt 0.453164 0.059968
vt 0.453158 0.059967
vt 0.453151 0.059966
vt 0.453145 0.059847
vt 0.452996 0.059863
vt 0.452976 0.059805
vt 0.453093 0.059796
vt 0.453086 0.059757
vt 0.452971 0.059739
vt 0.453088 0.059709
vt 0.452977 0.059667
vt 0.453096 0.059652
vt 0.453112 0.058851
vt 0.453224 0.058871
vt 0.453082 0.059945
vt 0.453112 0.059825
vt 0.453030 0.059910
vt 0.679528 0.491047
vt 0.679528 0.491472
vt 0.679466 0.491472
vt 0.679466 0.491047
vt 0.600415 0.506172
vt 0.600408 0.506303
vt 0.600228 0.505873
vt 0.600288 0.505873
vt 0.600420 0.506303
vt 0.600605 0.505873
vt 0.600544 0.505873
vt 0.005033 0.620798
vt 0.005033 0.620853
vt 0.004993 0.620799
vt 0.005095 0.621042
vt 0.005033 0.620987
vt 0.005095 0.620616
vt 0.005033 0.620671
vt 0.004971 0.620616
vt 0.004977 0.620671
vt 0.004952 0.620673
vt 0.004949 0.621042
vt 0.004957 0.620987
vt 0.004960 0.620853
vt 0.004965 0.620797
vt 0.004907 0.620862
vt 0.004905 0.620817
vt 0.004930 0.620856
vt 0.004943 0.620791
vt 0.004905 0.620816
vt 0.004925 0.620782
vt 0.004925 0.620984
vt 0.004933 0.620679
vt 0.004929 0.620621
vt 0.004901 0.620977
vt 0.004901 0.621037
vt 0.004863 0.621024
vt 0.004884 0.620965
vt 0.004835 0.621005
vt 0.004873 0.620951
vt 0.004817 0.620981
vt 0.004806 0.620955
vt 0.004867 0.620936
vt 0.004802 0.620929
vt 0.004865 0.620920
vt 0.004806 0.620901
vt 0.004868 0.620901
vt 0.004815 0.620877
vt 0.004830 0.620856
vt 0.004876 0.620885
vt 0.004850 0.620839
vt 0.004888 0.620872
vt 0.004875 0.620826
vt 0.004885 0.620806
vt 0.004913 0.620768
vt 0.004868 0.620794
vt 0.004905 0.620751
vt 0.004856 0.620780
vt 0.004847 0.620764
vt 0.004842 0.620746
vt 0.004903 0.620731
vt 0.004840 0.620725
vt 0.004905 0.620715
vt 0.004843 0.620698
vt 0.004853 0.620673
vt 0.004910 0.620701
vt 0.004871 0.620651
vt 0.004919 0.620689
vt 0.004896 0.620633
vt 0.679528 0.501077
vt 0.679528 0.501503
vt 0.679466 0.501503
vt 0.679466 0.501077
vt 0.063913 0.621142
vt 0.063905 0.621198
vt 0.063902 0.621198
vt 0.063908 0.621199
vt 0.063928 0.621145
vt 0.063899 0.621198
vt 0.063896 0.621198
vt 0.063893 0.621197
vt 0.063889 0.621197
vt 0.063886 0.621135
vt 0.063806 0.621143
vt 0.063796 0.621113
vt 0.063858 0.621108
vt 0.063854 0.621088
vt 0.063793 0.621078
vt 0.063855 0.621063
vt 0.063796 0.621041
vt 0.063860 0.621033
vt 0.063868 0.620616
vt 0.063928 0.620626
vt 0.063852 0.621186
vt 0.063868 0.621123
vt 0.063825 0.621167
vt 0.600304 0.046157
vt 0.600228 0.046905
vt 0.600228 0.046152
vt 0.600228 0.241488
vt 0.600304 0.242238
vt 0.600228 0.242237
vt 0.600304 0.076549
vt 0.600228 0.077297
vt 0.600228 0.076545
vt 0.600228 0.231132
vt 0.600304 0.231883
vt 0.600228 0.231881
vt 0.600304 0.097269
vt 0.600228 0.098016
vt 0.600228 0.097265
vt 0.600228 0.220776
vt 0.600304 0.221527
vt 0.600228 0.221526
vt 0.600304 0.107628
vt 0.600228 0.108374
vt 0.600228 0.107624
vt 0.600228 0.168991
vt 0.600304 0.169743
vt 0.600228 0.169741
vt 0.600304 0.294260
vt 0.600228 0.293511
vt 0.600304 0.293515
vt 0.600228 0.087658
vt 0.600304 0.086908
vt 0.600304 0.087660
vt 0.600304 0.577235
vt 0.600228 0.576496
vt 0.600304 0.576501
vt 0.600304 0.035790
vt 0.600228 0.036544
vt 0.600228 0.035787
vt 0.208038 0.610929
vt 0.207961 0.610208
vt 0.208038 0.610214
vt 0.344647 0.599785
vt 0.344570 0.600546
vt 0.344570 0.599780
vt 0.412126 0.610917
vt 0.412049 0.610208
vt 0.412126 0.610214
vt 0.014702 0.599786
vt 0.014625 0.600552
vt 0.014625 0.599780
vt 0.835664 0.160707
vt 0.835588 0.160645
vt 0.835667 0.160645
vt 0.796797 0.592823
vt 0.796716 0.592771
vt 0.796796 0.592771
vt 0.796797 0.592887
vt 0.796716 0.592823
vt 0.796796 0.592939
vt 0.796716 0.592887
vt 0.835586 0.248134
vt 0.835665 0.248196
vt 0.835585 0.248196
vt 0.835585 0.248074
vt 0.835666 0.248134
vt 0.796796 0.651720
vt 0.796716 0.651668
vt 0.796796 0.651668
vt 0.796796 0.651784
vt 0.796716 0.651720
vt 0.796796 0.651836
vt 0.796716 0.651784
vt 0.835585 0.160585
vt 0.835664 0.160586
vt 0.699336 0.558629
vt 0.699238 0.558702
vt 0.699140 0.558633
vt 0.699239 0.459851
vt 0.699140 0.459779
vt 0.699300 0.459663
vt 0.265902 0.610352
vt 0.266058 0.610220
vt 0.266096 0.610365
vt 0.266007 0.610501
vt 0.265976 0.610642
vt 0.265900 0.610494
vt 0.265939 0.610782
vt 0.265898 0.610637
vt 0.267522 0.671933
vt 0.267428 0.671840
vt 0.267546 0.671836
vt 0.267502 0.672030
vt 0.267452 0.671935
vt 0.267443 0.672128
vt 0.267506 0.672126
vt 0.267523 0.672222
vt 0.267545 0.672222
vt 0.835664 0.170435
vt 0.835588 0.170372
vt 0.835667 0.170373
vt 0.796796 0.583050
vt 0.796716 0.582998
vt 0.796796 0.582998
vt 0.796796 0.583114
vt 0.796716 0.583050
vt 0.796796 0.583166
vt 0.796716 0.583114
vt 0.835586 0.257861
vt 0.835665 0.257923
vt 0.835585 0.257923
vt 0.835585 0.257801
vt 0.835666 0.257861
vt 0.796796 0.641947
vt 0.796716 0.641895
vt 0.796796 0.641895
vt 0.796796 0.642011
vt 0.796716 0.641947
vt 0.796796 0.642063
vt 0.796716 0.642011
vt 0.835585 0.170312
vt 0.835664 0.170313
vt 0.699238 0.568307
vt 0.699336 0.568380
vt 0.699299 0.568493
vt 0.699239 0.450038
vt 0.699140 0.449967
vt 0.699300 0.449851
vt 0.275719 0.610352
vt 0.275875 0.610220
vt 0.275913 0.610365
vt 0.275823 0.610501
vt 0.275793 0.610642
vt 0.275717 0.610494
vt 0.275755 0.610782
vt 0.275715 0.610637
vt 0.277244 0.671933
vt 0.277151 0.671840
vt 0.277268 0.671836
vt 0.277224 0.672030
vt 0.277174 0.671935
vt 0.277165 0.672128
vt 0.277229 0.672126
vt 0.277246 0.672222
vt 0.277267 0.672222
vt 0.874395 0.247487
vt 0.874468 0.247451
vt 0.874469 0.247481
vt 0.441555 0.830152
vt 0.441480 0.830204
vt 0.441479 0.830180
vt 0.441556 0.830244
vt 0.441556 0.830193
vt 0.441555 0.830287
vt 0.441480 0.830235
vt 0.874395 0.228045
vt 0.874468 0.228071
vt 0.874394 0.228093
vt 0.874468 0.228012
vt 0.874468 0.228042
vt 0.770752 0.830284
vt 0.770827 0.830233
vt 0.770827 0.830253
vt 0.770752 0.830199
vt 0.770752 0.830250
vt 0.770752 0.830152
vt 0.770827 0.830202
vt 0.874468 0.247509
vt 0.874394 0.247533
vt 0.140269 0.722047
vt 0.140349 0.721989
vt 0.140428 0.722047
vt 0.411867 0.859499
vt 0.411849 0.859443
vt 0.411896 0.859408
vt 0.304244 0.218115
vt 0.304244 0.204740
vt 0.649759 0.269220
vt 0.282015 0.190513
vt 0.649759 0.279411
vt 0.281429 0.059935
vt 0.150762 0.600584
vt 0.160417 0.600584
vt 0.798873 0.859408
vt 0.580256 0.524351
vt 0.864702 0.043791
vt 0.580113 0.098361
vt 0.806495 0.571599
vt 0.806495 0.405183
vt 0.659683 0.471051
vt 0.620219 0.177598
vt 0.659683 0.572622
vt 0.620219 0.004803
vt 0.170072 0.600584
vt 0.092831 0.600584
vt 0.808528 0.859408
vt 0.580256 0.534741
vt 0.864702 0.053539
vt 0.580113 0.108770
vt 0.806495 0.414972
vt 0.806495 0.424762
vt 0.659683 0.481208
vt 0.620219 0.187756
vt 0.659683 0.582779
vt 0.620219 0.014960
vt 0.179727 0.600584
vt 0.102486 0.600584
vt 0.818183 0.859408
vt 0.580256 0.545131
vt 0.864702 0.121771
vt 0.580113 0.119179
vt 0.806495 0.434551
vt 0.806495 0.444340
vt 0.659683 0.491365
vt 0.620219 0.197914
vt 0.014457 0.661640
vt 0.620219 0.025118
vt 0.189382 0.600584
vt 0.112141 0.600584
vt 0.827838 0.859408
vt 0.014692 0.589243
vt 0.864702 0.112024
vt 0.580113 0.129588
vt 0.806495 0.581388
vt 0.806495 0.454129
vt 0.659683 0.552308
vt 0.620219 0.208072
vt 0.659683 0.592937
vt 0.620219 0.035276
vt 0.276278 0.600584
vt 0.199037 0.600584
vt 0.837493 0.859408
vt 0.580256 0.555521
vt 0.864702 0.063286
vt 0.580113 0.087953
vt 0.806495 0.463918
vt 0.806495 0.473707
vt 0.659683 0.501522
vt 0.620219 0.218230
vt 0.659683 0.603094
vt 0.620219 0.045434
vt 0.208692 0.600584
vt 0.218348 0.600584
vt 0.847148 0.859408
vt 0.580256 0.565911
vt 0.864702 0.073034
vt 0.580113 0.139996
vt 0.806495 0.591178
vt 0.806495 0.483497
vt 0.659683 0.511679
vt 0.620219 0.228388
vt 0.659683 0.613251
vt 0.620219 0.055591
vt 0.228003 0.600584
vt 0.121796 0.600584
vt 0.864702 0.004802
vt 0.580256 0.576300
vt 0.864702 0.082781
vt 0.580113 0.150405
vt 0.806495 0.493286
vt 0.806495 0.503075
vt 0.659683 0.521836
vt 0.620219 0.238546
vt 0.659683 0.623409
vt 0.620219 0.065749
vt 0.237658 0.600584
vt 0.131451 0.600584
vt 0.864702 0.014550
vt 0.024439 0.589243
vt 0.864702 0.131519
vt 0.580113 0.160814
vt 0.806495 0.512864
vt 0.806495 0.522653
vt 0.659683 0.531994
vt 0.620219 0.269021
vt 0.659683 0.633566
vt 0.620219 0.075907
vt 0.247313 0.600584
vt 0.141106 0.600584
vt 0.864702 0.024297
vt 0.034187 0.589243
vt 0.864702 0.092529
vt 0.580113 0.171223
vt 0.806495 0.532443
vt 0.806495 0.542232
vt 0.659683 0.562465
vt 0.620219 0.248705
vt 0.659683 0.643724
vt 0.620219 0.086064
vt 0.256968 0.600584
vt 0.266623 0.600584
vt 0.864702 0.034044
vt 0.004945 0.589243
vt 0.864702 0.102276
vt 0.580113 0.181631
vt 0.806495 0.552021
vt 0.806495 0.561810
vt 0.659683 0.542151
vt 0.620219 0.258863
vt 0.004802 0.661640
vt 0.620219 0.096222
vt 0.205734 0.273262
vt 0.194219 0.273262
vt 0.243015 0.413714
vt 0.389847 0.143794
vt 0.291485 0.413714
vt 0.378920 0.296356
vt 0.451161 0.830153
vt 0.431780 0.830152
vt 0.228009 0.830153
vt 0.615856 0.830152
vt 0.796840 0.700533
vt 0.796840 0.700584
vt 0.796803 0.700620
vt 0.796716 0.700584
vt 0.796752 0.700496
vt 0.796840 0.690804
vt 0.796840 0.690855
vt 0.796803 0.690892
vt 0.796716 0.690855
vt 0.796716 0.690804
vt 0.796716 0.769115
vt 0.412495 0.820351
vt 0.796716 0.759137
vt 0.752111 0.820536
vt 0.913173 0.401656
vt 0.913173 0.401689
vt 0.913144 0.401704
vt 0.913173 0.140286
vt 0.913144 0.140303
vt 0.913116 0.140286
vt 0.304719 0.042707
vt 0.102685 0.620616
vt 0.034493 0.621209
vt 0.043406 0.917985
vt 0.862465 0.927673
vt 0.913134 0.866637
vt 0.932437 0.014558
vt 0.741725 0.830257
vt 0.741711 0.830236
vt 0.741705 0.830210
vt 0.741719 0.830163
vt 0.741736 0.830152
vt 0.741756 0.830152
vt 0.741775 0.830163
vt 0.741789 0.830184
vt 0.741796 0.830210
vt 0.741793 0.830236
vt 0.741764 0.830269
vt 0.519002 0.830152
vt 0.519024 0.830152
vt 0.519041 0.830163
vt 0.519052 0.830184
vt 0.519045 0.830235
vt 0.519029 0.830255
vt 0.519008 0.830267
vt 0.518969 0.830255
vt 0.518958 0.830235
vt 0.518957 0.830209
vt 0.518981 0.830163
vt 0.990252 0.793827
vt 0.990252 0.880376
vt 0.990252 0.736096
vt 0.990252 0.938056
vt 0.990263 0.524505
vt 0.990263 0.524513
vt 0.990258 0.524516
vt 0.990258 0.428295
vt 0.990264 0.428307
vt 0.990258 0.428312
vt 0.081906 0.917984
vt 0.872091 0.927673
vt 0.913134 0.876336
vt 0.932437 0.024238
vt 0.835585 0.014592
vt 0.835585 0.014567
vt 0.835594 0.014542
vt 0.835632 0.014511
vt 0.835653 0.014511
vt 0.835670 0.014522
vt 0.835679 0.014542
vt 0.835679 0.014568
vt 0.835670 0.014593
vt 0.835653 0.014613
vt 0.835611 0.014624
vt 0.528725 0.830152
vt 0.528743 0.830163
vt 0.528754 0.830184
vt 0.528747 0.830235
vt 0.528731 0.830255
vt 0.528710 0.830267
vt 0.528670 0.830255
vt 0.528667 0.830184
vt 0.528660 0.830235
vt 0.528658 0.830209
vt 0.528683 0.830163
vt 0.990252 0.803446
vt 0.990252 0.889989
vt 0.990252 0.745716
vt 0.990252 0.966895
vt 0.990263 0.534126
vt 0.990263 0.534134
vt 0.990258 0.534137
vt 0.990258 0.437916
vt 0.990264 0.437929
vt 0.990258 0.437933
vt 0.053031 0.917984
vt 0.881718 0.927673
vt 0.913134 0.886036
vt 0.920202 0.927673
vt 0.835585 0.043746
vt 0.835585 0.043721
vt 0.835594 0.043696
vt 0.835632 0.043664
vt 0.835653 0.043664
vt 0.835669 0.043675
vt 0.835679 0.043721
vt 0.835670 0.043746
vt 0.835653 0.043766
vt 0.835632 0.043777
vt 0.835611 0.043777
vt 0.538427 0.830152
vt 0.538445 0.830163
vt 0.538455 0.830184
vt 0.538448 0.830235
vt 0.538432 0.830255
vt 0.538411 0.830267
vt 0.538372 0.830255
vt 0.538368 0.830184
vt 0.538361 0.830235
vt 0.538360 0.830209
vt 0.538384 0.830163
vt 0.990252 0.813066
vt 0.990252 0.899603
vt 0.990252 0.755335
vt 0.990252 0.947669
vt 0.990263 0.543747
vt 0.990263 0.543755
vt 0.990258 0.543758
vt 0.990266 0.495645
vt 0.990259 0.495657
vt 0.990252 0.495655
vt 0.062656 0.917984
vt 0.891344 0.927673
vt 0.913134 0.895735
vt 0.932437 0.033918
vt 0.835585 0.024310
vt 0.835585 0.024285
vt 0.835594 0.024260
vt 0.835632 0.024229
vt 0.835653 0.024229
vt 0.835670 0.024240
vt 0.835679 0.024260
vt 0.835679 0.024285
vt 0.835670 0.024310
vt 0.835653 0.024331
vt 0.835611 0.024342
vt 0.460923 0.830269
vt 0.460901 0.830269
vt 0.460881 0.830257
vt 0.460860 0.830210
vt 0.460862 0.830184
vt 0.460874 0.830163
vt 0.460892 0.830152
vt 0.460913 0.830152
vt 0.460933 0.830163
vt 0.460948 0.830184
vt 0.460952 0.830236
vt 0.990252 0.841923
vt 0.990252 0.909216
vt 0.990252 0.764954
vt 0.990252 0.976508
vt 0.990263 0.553368
vt 0.990263 0.553376
vt 0.990258 0.553380
vt 0.990266 0.505264
vt 0.990259 0.505276
vt 0.990252 0.505274
vt 0.091531 0.917984
vt 0.900971 0.927673
vt 0.913134 0.905434
vt 0.932437 0.043598
vt 0.732075 0.830161
vt 0.732091 0.830181
vt 0.732100 0.830206
vt 0.732091 0.830254
vt 0.732075 0.830267
vt 0.732055 0.830270
vt 0.732018 0.830241
vt 0.732009 0.830216
vt 0.732009 0.830189
vt 0.732018 0.830167
vt 0.732035 0.830154
vt 0.548107 0.830152
vt 0.548128 0.830152
vt 0.548146 0.830163
vt 0.548157 0.830184
vt 0.548150 0.830235
vt 0.548134 0.830255
vt 0.548113 0.830267
vt 0.548091 0.830267
vt 0.548074 0.830255
vt 0.548061 0.830209
vt 0.548086 0.830163
vt 0.990252 0.822685
vt 0.990252 0.918829
vt 0.990252 0.774574
vt 0.004802 0.995198
vt 0.990263 0.562989
vt 0.990263 0.562998
vt 0.990258 0.563001
vt 0.990258 0.447538
vt 0.990264 0.447550
vt 0.990258 0.447555
vt 0.072281 0.917984
vt 0.910597 0.927673
vt 0.004821 0.917891
vt 0.932437 0.004878
vt 0.835585 0.034028
vt 0.835585 0.034003
vt 0.835594 0.033978
vt 0.835632 0.033947
vt 0.835653 0.033947
vt 0.835670 0.033958
vt 0.835679 0.033978
vt 0.835679 0.034003
vt 0.835670 0.034028
vt 0.835653 0.034048
vt 0.835611 0.034059
vt 0.557830 0.830152
vt 0.557848 0.830163
vt 0.557858 0.830184
vt 0.557852 0.830235
vt 0.557835 0.830255
vt 0.557815 0.830267
vt 0.557775 0.830255
vt 0.557771 0.830184
vt 0.557764 0.830235
vt 0.557763 0.830209
vt 0.557787 0.830163
vt 0.990252 0.832304
vt 0.990252 0.928442
vt 0.990252 0.784193
vt 0.990252 0.957282
vt 0.990252 0.582234
vt 0.990256 0.582227
vt 0.990262 0.582227
vt 0.990266 0.514883
vt 0.990259 0.514895
vt 0.990252 0.514893
vt 0.227300 0.810702
vt 0.353093 0.810551
vt 0.246662 0.810700
vt 0.236980 0.810703
vt 0.699216 0.064577
vt 0.699168 0.064549
vt 0.699140 0.064501
vt 0.699140 0.064445
vt 0.699168 0.064397
vt 0.699272 0.064369
vt 0.699347 0.064445
vt 0.699347 0.064501
vt 0.699320 0.064549
vt 0.699272 0.054765
vt 0.699216 0.054765
vt 0.699168 0.054737
vt 0.699140 0.054633
vt 0.699168 0.054585
vt 0.699216 0.054557
vt 0.699272 0.054557
vt 0.699320 0.054585
vt 0.699348 0.054689
vt 0.790062 0.800835
vt 0.702645 0.800728
vt 0.806445 0.131849
vt 0.537764 0.800875
vt 0.699214 0.529080
vt 0.699167 0.529053
vt 0.699140 0.529006
vt 0.699167 0.528906
vt 0.699214 0.528879
vt 0.699268 0.528879
vt 0.699341 0.528952
vt 0.699341 0.529006
vt 0.699314 0.529053
vt 0.835623 0.004802
vt 0.835650 0.004802
vt 0.835688 0.004840
vt 0.835674 0.004892
vt 0.835650 0.004906
vt 0.835623 0.004906
vt 0.835585 0.004868
vt 0.835585 0.004840
vt 0.835599 0.004816
vt 0.417248 0.427113
vt 0.407610 0.427113
vt 0.586610 0.661640
vt 0.332796 0.390112
vt 0.576972 0.661640
vt 0.024270 0.391820
vt 0.353063 0.732170
vt 0.362702 0.732170
vt 0.208098 0.869191
vt 0.699291 0.093866
vt 0.217736 0.869191
vt 0.413791 0.692311
vt 0.806526 0.718120
vt 0.855045 0.840140
vt 0.806525 0.776750
vt 0.402244 0.859559
vt 0.874475 0.033966
vt 0.874475 0.034013
vt 0.874435 0.034037
vt 0.874394 0.131000
vt 0.874435 0.130930
vt 0.874475 0.130953
vt 0.320115 0.437555
vt 0.310510 0.436785
vt 0.580280 0.317118
vt 0.443066 0.589243
vt 0.580280 0.421232
vt 0.102580 0.589997
vt 0.590187 0.520961
vt 0.590187 0.345953
vt 0.590187 0.325236
vt 0.590311 0.336348
vt 0.653123 0.721989
vt 0.653237 0.722103
vt 0.653190 0.721989
vt 0.653237 0.722036
vt 0.653190 0.722150
vt 0.692290 0.722103
vt 0.692243 0.722150
vt 0.692178 0.722150
vt 0.692131 0.722036
vt 0.692243 0.721989
vt 0.432312 0.338336
vt 0.131136 0.436785
vt 0.325109 0.599780
vt 0.570067 0.183531
vt 0.334840 0.599780
vt 0.570180 0.204592
vt 0.600228 0.525942
vt 0.600228 0.138634
vt 0.600228 0.117984
vt 0.600334 0.129029
vt 0.748079 0.034035
vt 0.748137 0.034035
vt 0.748178 0.034076
vt 0.748137 0.034174
vt 0.748079 0.034174
vt 0.748176 0.063493
vt 0.748039 0.063494
vt 0.748136 0.063534
vt 0.748079 0.063534
vt 0.748039 0.063436
vt 0.470185 0.610209
vt 0.421731 0.610212
vt 0.620219 0.514724
vt 0.441263 0.610209
vt 0.767538 0.657754
vt 0.767645 0.657754
vt 0.767620 0.657861
vt 0.767561 0.657861
vt 0.757869 0.521211
vt 0.757917 0.521249
vt 0.757869 0.521348
vt 0.757809 0.521334
vt 0.479900 0.610209
vt 0.431443 0.610211
vt 0.620219 0.525001
vt 0.450975 0.610209
vt 0.767610 0.667466
vt 0.767658 0.667562
vt 0.767550 0.667588
vt 0.767524 0.667534
vt 0.757890 0.511483
vt 0.757890 0.511593
vt 0.757783 0.511568
vt 0.757783 0.511508
vt 0.381967 0.731903
vt 0.284992 0.781060
vt 0.285283 0.731904
vt 0.786997 0.249958
vt 0.412471 0.830180
vt 0.412471 0.830237
vt 0.412422 0.830266
vt 0.305732 0.830237
vt 0.305683 0.830266
vt 0.305634 0.830237
vt 0.391670 0.731903
vt 0.275331 0.781060
vt 0.294986 0.731904
vt 0.786997 0.259764
vt 0.422175 0.830180
vt 0.422175 0.830237
vt 0.422126 0.830266
vt 0.315436 0.830237
vt 0.315387 0.830266
vt 0.315337 0.830237
vt 0.757918 0.394567
vt 0.401276 0.722179
vt 0.757917 0.306896
vt 0.702029 0.721989
vt 0.663771 0.681981
vt 0.663813 0.682040
vt 0.663813 0.682112
vt 0.663702 0.682193
vt 0.663633 0.682171
vt 0.663590 0.682112
vt 0.663633 0.681981
vt 0.653874 0.682193
vt 0.653805 0.682171
vt 0.653762 0.682112
vt 0.653805 0.681981
vt 0.653874 0.681958
vt 0.653943 0.681981
vt 0.653985 0.682112
vt 0.323870 0.790893
vt 0.728643 0.505859
vt 0.294775 0.790893
vt 0.275560 0.731902
vt 0.673599 0.681981
vt 0.673641 0.682040
vt 0.673641 0.682112
vt 0.673530 0.682193
vt 0.673461 0.682171
vt 0.673418 0.682112
vt 0.673461 0.681981
vt 0.606770 0.771261
vt 0.606770 0.771303
vt 0.606745 0.771336
vt 0.606706 0.771349
vt 0.606642 0.771303
vt 0.606667 0.771228
vt 0.606745 0.771228
vt 0.326199 0.558114
vt 0.296831 0.558113
vt 0.806495 0.630052
vt 0.570117 0.130546
vt 0.806495 0.737448
vt 0.551339 0.568988
vt 0.335988 0.558114
vt 0.306620 0.558113
vt 0.806495 0.639841
vt 0.570117 0.141165
vt 0.806495 0.747235
vt 0.570067 0.005841
vt 0.345777 0.558114
vt 0.316409 0.558113
vt 0.806495 0.649630
vt 0.570117 0.151783
vt 0.806495 0.757023
vt 0.541683 0.568988
vt 0.355566 0.558114
vt 0.287042 0.558113
vt 0.806495 0.659419
vt 0.570117 0.162402
vt 0.806495 0.766810
vt 0.570067 0.016484
vt 0.138723 0.270849
vt 0.125030 0.273229
vt 0.389788 0.349163
vt 0.144267 0.413714
vt 0.389746 0.227258
vt 0.124048 0.413714
vt 0.884080 0.326034
vt 0.072299 0.908166
vt 0.884080 0.257859
vt 0.081957 0.908275
vt 0.922828 0.885146
vt 0.922828 0.885173
vt 0.922805 0.885187
vt 0.187987 0.927651
vt 0.187964 0.927638
vt 0.187964 0.927611
vt 0.353524 0.662176
vt 0.669614 0.074808
vt 0.363169 0.662176
vt 0.669614 0.094901
vt 0.932457 0.797752
vt 0.932477 0.797763
vt 0.932477 0.797787
vt 0.932457 0.749540
vt 0.932437 0.749505
vt 0.932457 0.749493
vt 0.903490 0.208468
vt 0.913144 0.518016
vt 0.903490 0.247320
vt 0.913143 0.556763
vt 0.602610 0.917905
vt 0.602635 0.917891
vt 0.602660 0.917905
vt 0.612264 0.917905
vt 0.612289 0.917891
vt 0.612314 0.917905
vt 0.570067 0.256603
vt 0.570067 0.215139
vt 0.570067 0.225651
vt 0.570067 0.359514
vt 0.709088 0.044186
vt 0.709009 0.044186
vt 0.708952 0.044050
vt 0.709088 0.043994
vt 0.709144 0.044129
vt 0.709088 0.034197
vt 0.709144 0.034253
vt 0.709144 0.034333
vt 0.709009 0.034389
vt 0.708952 0.034333
vt 0.835665 0.345419
vt 0.796716 0.543930
vt 0.835665 0.267528
vt 0.092296 0.800728
vt 0.699300 0.390975
vt 0.699300 0.391143
vt 0.699338 0.391027
vt 0.699338 0.391091
vt 0.699239 0.391163
vt 0.699140 0.391091
vt 0.699178 0.390975
vt 0.699300 0.361705
vt 0.699140 0.361653
vt 0.699239 0.361725
vt 0.699178 0.361705
vt 0.699140 0.361589
vt 0.699239 0.361517
vt 0.699338 0.361589
vt 0.835585 0.238348
vt 0.275442 0.791043
vt 0.835585 0.150858
vt 0.796800 0.681014
vt 0.699239 0.400975
vt 0.699140 0.400839
vt 0.699178 0.400956
vt 0.699140 0.400904
vt 0.699178 0.400788
vt 0.699300 0.400788
vt 0.699338 0.400904
vt 0.728648 0.201503
vt 0.728601 0.201518
vt 0.728554 0.201503
vt 0.728524 0.201413
vt 0.728554 0.201373
vt 0.728601 0.201357
vt 0.728648 0.201373
vt 0.595808 0.810551
vt 0.576332 0.810689
vt 0.527885 0.810551
vt 0.364104 0.820351
vt 0.709132 0.698328
vt 0.709132 0.698402
vt 0.709079 0.698455
vt 0.708952 0.698402
vt 0.709005 0.698275
vt 0.004929 0.712250
vt 0.004802 0.712123
vt 0.004855 0.712250
vt 0.004802 0.712198
vt 0.004855 0.712071
vt 0.590388 0.367257
vt 0.590388 0.356982
vt 0.490711 0.741793
vt 0.620303 0.146888
vt 0.587833 0.741793
vt 0.610242 0.496385
vt 0.718749 0.379285
vt 0.590187 0.295404
vt 0.122088 0.589243
vt 0.718749 0.389446
vt 0.112483 0.590036
vt 0.590187 0.284972
vt 0.383706 0.568955
vt 0.708952 0.391738
vt 0.709033 0.381546
vt 0.063101 0.712071
vt 0.749919 0.898429
vt 0.179176 0.712071
vt 0.893763 0.053277
vt 0.806498 0.307665
vt 0.237070 0.869334
vt 0.806495 0.796239
vt 0.874394 0.558780
vt 0.903441 0.548391
vt 0.903441 0.548350
vt 0.903470 0.548330
vt 0.024064 0.947017
vt 0.024049 0.947004
vt 0.024049 0.946983
vt 0.215691 0.567954
vt 0.353908 0.567950
vt 0.314329 0.567955
vt 0.225590 0.567950
vt 0.600578 0.445737
vt 0.600632 0.445831
vt 0.600632 0.445939
vt 0.600578 0.446033
vt 0.600484 0.446087
vt 0.600376 0.446087
vt 0.600282 0.446033
vt 0.600228 0.445831
vt 0.600376 0.445683
vt 0.600578 0.385680
vt 0.600632 0.385774
vt 0.600632 0.385882
vt 0.600484 0.386031
vt 0.600376 0.386031
vt 0.600282 0.385976
vt 0.600228 0.385774
vt 0.600282 0.385680
vt 0.600376 0.385626
vt 0.728629 0.240611
vt 0.620219 0.443129
vt 0.728622 0.535364
vt 0.620296 0.443415
vt 0.728629 0.142619
vt 0.620582 0.443338
vt 0.728524 0.692761
vt 0.620459 0.443132
vt 0.620518 0.443234
vt 0.620401 0.443351
vt 0.620284 0.443234
vt 0.600578 0.395690
vt 0.600632 0.395783
vt 0.600632 0.395892
vt 0.600484 0.396040
vt 0.600376 0.396040
vt 0.600282 0.395986
vt 0.600228 0.395783
vt 0.600282 0.395690
vt 0.600376 0.395635
vt 0.835681 0.296788
vt 0.285518 0.610494
vt 0.728524 0.260404
vt 0.285641 0.610288
vt 0.024154 0.731902
vt 0.285909 0.610389
vt 0.702895 0.830233
vt 0.285699 0.610507
vt 0.600578 0.455746
vt 0.600632 0.455840
vt 0.600632 0.455949
vt 0.600578 0.456043
vt 0.600484 0.456097
vt 0.600376 0.456097
vt 0.600282 0.456043
vt 0.600228 0.455840
vt 0.600376 0.455692
vt 0.285699 0.610272
vt 0.195892 0.567954
vt 0.373695 0.567950
vt 0.294538 0.567955
vt 0.235491 0.567950
vt 0.600578 0.465756
vt 0.600632 0.465850
vt 0.600632 0.465958
vt 0.600578 0.466052
vt 0.600484 0.466106
vt 0.600376 0.466106
vt 0.600282 0.466052
vt 0.600228 0.465850
vt 0.600376 0.465702
vt 0.600484 0.356002
vt 0.600376 0.356002
vt 0.600282 0.355948
vt 0.600228 0.355746
vt 0.600282 0.355652
vt 0.600376 0.355597
vt 0.600578 0.355652
vt 0.600632 0.355746
vt 0.600632 0.355854
vt 0.728524 0.220970
vt 0.620219 0.453096
vt 0.728622 0.554993
vt 0.620296 0.453383
vt 0.728524 0.152473
vt 0.620582 0.453306
vt 0.728524 0.702570
vt 0.620505 0.453020
vt 0.620518 0.453201
vt 0.620401 0.453319
vt 0.620284 0.453201
vt 0.600484 0.366012
vt 0.600376 0.366012
vt 0.600282 0.365957
vt 0.600228 0.365755
vt 0.600282 0.365661
vt 0.600376 0.365607
vt 0.600578 0.365661
vt 0.600632 0.365755
vt 0.600632 0.365863
vt 0.835585 0.277329
vt 0.295594 0.610448
vt 0.728524 0.270218
vt 0.295637 0.610288
vt 0.033951 0.731942
vt 0.295904 0.610389
vt 0.712600 0.830233
vt 0.295695 0.610599
vt 0.600578 0.475765
vt 0.600632 0.475859
vt 0.600632 0.475968
vt 0.600578 0.476062
vt 0.600484 0.476116
vt 0.600376 0.476116
vt 0.600282 0.476062
vt 0.600228 0.475859
vt 0.600376 0.475711
vt 0.295695 0.610272
vt 0.205792 0.567954
vt 0.363801 0.567950
vt 0.304433 0.567955
vt 0.245392 0.567950
vt 0.600578 0.485775
vt 0.600633 0.485869
vt 0.600633 0.485977
vt 0.600578 0.486071
vt 0.600484 0.486125
vt 0.600376 0.486125
vt 0.600282 0.486071
vt 0.600228 0.485869
vt 0.600376 0.485721
vt 0.600578 0.405699
vt 0.600632 0.405793
vt 0.600632 0.405901
vt 0.600484 0.406049
vt 0.600376 0.406049
vt 0.600282 0.405995
vt 0.600228 0.405793
vt 0.600282 0.405699
vt 0.600376 0.405645
vt 0.728629 0.211123
vt 0.620299 0.463110
vt 0.728622 0.545178
vt 0.620296 0.463350
vt 0.728524 0.162287
vt 0.620582 0.463274
vt 0.728524 0.712379
vt 0.620505 0.462987
vt 0.620518 0.463169
vt 0.620401 0.463286
vt 0.620284 0.463169
vt 0.600578 0.415709
vt 0.600632 0.415802
vt 0.600632 0.415911
vt 0.600484 0.416059
vt 0.600376 0.416059
vt 0.600282 0.416005
vt 0.600228 0.415802
vt 0.600282 0.415709
vt 0.600376 0.415654
vt 0.835680 0.287075
vt 0.305589 0.610448
vt 0.728524 0.250589
vt 0.305632 0.610288
vt 0.043653 0.731942
vt 0.305900 0.610389
vt 0.722305 0.830233
vt 0.305691 0.610507
vt 0.600376 0.426068
vt 0.600282 0.426014
vt 0.600228 0.425920
vt 0.600228 0.425812
vt 0.600282 0.425718
vt 0.600376 0.425664
vt 0.600484 0.425664
vt 0.600632 0.425812
vt 0.600578 0.426014
vt 0.305691 0.610272
vt 0.655801 0.712381
vt 0.718785 0.300448
vt 0.718753 0.163317
vt 0.675215 0.712383
vt 0.590458 0.541766
vt 0.590344 0.541766
vt 0.590245 0.541709
vt 0.590187 0.541610
vt 0.590187 0.541496
vt 0.590344 0.541339
vt 0.590557 0.541396
vt 0.590615 0.541496
vt 0.590615 0.541610
vt 0.590615 0.531578
vt 0.590557 0.531677
vt 0.590458 0.531734
vt 0.590245 0.531677
vt 0.590187 0.531578
vt 0.590187 0.531463
vt 0.590245 0.531364
vt 0.590344 0.531307
vt 0.590557 0.531364
vt 0.679466 0.134032
vt 0.179660 0.702295
vt 0.679642 0.560933
vt 0.669591 0.104883
vt 0.528978 0.599838
vt 0.529074 0.599781
vt 0.529184 0.599780
vt 0.529334 0.599932
vt 0.529334 0.600045
vt 0.529279 0.600143
vt 0.529074 0.600201
vt 0.528978 0.600146
vt 0.528923 0.600049
vt 0.034696 0.599836
vt 0.034753 0.599934
vt 0.034753 0.600047
vt 0.034599 0.600201
vt 0.034486 0.600201
vt 0.034389 0.600144
vt 0.034332 0.599934
vt 0.034389 0.599836
vt 0.034486 0.599780
vt 0.153702 0.315696
vt 0.133722 0.312881
vt 0.238026 0.365337
vt 0.600303 0.179348
vt 0.305754 0.365337
vt 0.422110 0.600550
vt 0.025554 0.342000
vt 0.005573 0.339520
vt 0.378996 0.161226
vt 0.600303 0.189705
vt 0.378996 0.257796
vt 0.431790 0.600550
vt 0.164078 0.315696
vt 0.144098 0.312881
vt 0.247706 0.365337
vt 0.600303 0.200062
vt 0.315434 0.365337
vt 0.441470 0.600550
vt 0.035929 0.342000
vt 0.015949 0.339520
vt 0.378996 0.173305
vt 0.600303 0.210419
vt 0.378996 0.245739
vt 0.451150 0.600550
vt 0.325927 0.193441
vt 0.024065 0.326312
vt 0.130244 0.326313
vt 0.325927 0.074557
vt 0.951734 0.775889
vt 0.043244 0.995195
vt 0.325927 0.180232
vt 0.033689 0.326312
vt 0.168742 0.326313
vt 0.325927 0.087766
vt 0.951734 0.785546
vt 0.052854 0.995189
vt 0.325927 0.206650
vt 0.043313 0.326312
vt 0.139868 0.326313
vt 0.325927 0.167023
vt 0.951734 0.920354
vt 0.062465 0.995189
vt 0.325927 0.219860
vt 0.052937 0.326313
vt 0.149493 0.326313
vt 0.325927 0.100976
vt 0.951734 0.929985
vt 0.014411 0.995195
vt 0.325927 0.233069
vt 0.004817 0.326313
vt 0.110995 0.326313
vt 0.325927 0.114185
vt 0.951734 0.795151
vt 0.072076 0.995195
vt 0.325927 0.246278
vt 0.014441 0.326312
vt 0.178366 0.326313
vt 0.325927 0.127395
vt 0.951734 0.804781
vt 0.081687 0.995195
vt 0.325927 0.272696
vt 0.325942 0.308713
vt 0.159117 0.326313
vt 0.325927 0.140604
vt 0.951734 0.814413
vt 0.091298 0.995195
vt 0.325927 0.259487
vt 0.062561 0.326313
vt 0.120619 0.326313
vt 0.325927 0.153814
vt 0.951734 0.824043
vt 0.100908 0.995195
vt 0.689319 0.214136
vt 0.689351 0.532211
vt 0.689320 0.334072
vt 0.689316 0.264052
vt 0.025409 0.568520
vt 0.025257 0.568520
vt 0.025124 0.568443
vt 0.025048 0.568158
vt 0.025124 0.568026
vt 0.025257 0.567950
vt 0.025542 0.568026
vt 0.025618 0.568158
vt 0.025618 0.568311
vt 0.015082 0.567950
vt 0.015235 0.567950
vt 0.015367 0.568026
vt 0.015443 0.568158
vt 0.015367 0.568443
vt 0.015082 0.568520
vt 0.014874 0.568311
vt 0.014874 0.568158
vt 0.014950 0.568026
vt 0.169141 0.662109
vt 0.159536 0.661640
vt 0.121864 0.681958
vt 0.727957 0.908166
vt 0.189856 0.681958
vt 0.554100 0.908283
vt 0.942095 0.892871
vt 0.922782 0.478908
vt 0.942095 0.584264
vt 0.245799 0.927598
vt 0.159644 0.810657
vt 0.159609 0.810668
vt 0.159575 0.810657
vt 0.159554 0.810628
vt 0.159575 0.810562
vt 0.159644 0.810562
vt 0.159665 0.810628
vt 0.169360 0.810657
vt 0.169291 0.810657
vt 0.169270 0.810592
vt 0.169291 0.810562
vt 0.169326 0.810551
vt 0.169360 0.810562
vt 0.169382 0.810592
vt 0.140454 0.731903
vt 0.053259 0.731902
vt 0.004873 0.732136
vt 0.072682 0.732137
vt 0.179081 0.869191
vt 0.179119 0.869191
vt 0.179145 0.869218
vt 0.179119 0.869283
vt 0.179054 0.869257
vt 0.101784 0.869218
vt 0.101784 0.869257
vt 0.101756 0.869284
vt 0.101691 0.869257
vt 0.101691 0.869218
vt 0.913116 0.479168
vt 0.746798 0.927598
vt 0.913168 0.547064
vt 0.756463 0.927665
vt 0.351912 0.917905
vt 0.351938 0.917891
vt 0.351964 0.917906
vt 0.197688 0.917936
vt 0.197662 0.917951
vt 0.197636 0.917936
vt 0.150130 0.731903
vt 0.062935 0.731902
vt 0.014549 0.732136
vt 0.082358 0.732137
vt 0.188777 0.869191
vt 0.188814 0.869191
vt 0.188841 0.869218
vt 0.188814 0.869283
vt 0.188750 0.869257
vt 0.082388 0.869218
vt 0.082388 0.869256
vt 0.082361 0.869284
vt 0.082295 0.869256
vt 0.082296 0.869218
vt 0.913116 0.488841
vt 0.766068 0.927598
vt 0.913168 0.537391
vt 0.737193 0.927665
vt 0.342256 0.917905
vt 0.342282 0.917891
vt 0.342308 0.917906
vt 0.207345 0.917936
vt 0.207319 0.917951
vt 0.207293 0.917936
vt 0.393620 0.741977
vt 0.403326 0.741977
vt 0.884134 0.666428
vt 0.806498 0.708183
vt 0.884134 0.763597
vt 0.806445 0.102534
vt 0.642297 0.869191
vt 0.593962 0.869191
vt 0.584279 0.869192
vt 0.787031 0.869191
vt 0.835687 0.228671
vt 0.835687 0.228713
vt 0.835657 0.228743
vt 0.835585 0.228713
vt 0.835585 0.228671
vt 0.835657 0.218934
vt 0.835687 0.218964
vt 0.835687 0.219006
vt 0.835615 0.219036
vt 0.835585 0.218964
vt 0.835585 0.394267
vt 0.652007 0.869342
vt 0.835585 0.404179
vt 0.603645 0.869191
vt 0.718372 0.917933
vt 0.718372 0.917905
vt 0.718397 0.917891
vt 0.922806 0.043561
vt 0.922782 0.043548
vt 0.922782 0.043520
vt 0.112682 0.692278
vt 0.093271 0.692043
vt 0.500366 0.741793
vt 0.796766 0.739568
vt 0.665350 0.741792
vt 0.605061 0.791094
vt 0.432311 0.240025
vt 0.432312 0.284606
vt 0.432311 0.271894
vt 0.432312 0.294216
vt 0.738434 0.161298
vt 0.738434 0.161359
vt 0.738391 0.161403
vt 0.738287 0.161359
vt 0.738287 0.161298
vt 0.738391 0.200724
vt 0.738330 0.200724
vt 0.738287 0.200681
vt 0.738330 0.200576
vt 0.738434 0.200619
vt 0.421822 0.198976
vt 0.422458 0.186959
vt 0.102853 0.557075
vt 0.639928 0.597443
vt 0.141627 0.557075
vt 0.639870 0.475701
vt 0.053531 0.761406
vt 0.718749 0.664221
vt 0.024380 0.761406
vt 0.362722 0.721989
vt 0.669862 0.044790
vt 0.669642 0.044861
vt 0.669810 0.044861
vt 0.669726 0.044888
vt 0.669591 0.044790
vt 0.669642 0.044631
vt 0.669810 0.044631
vt 0.669862 0.015121
vt 0.669642 0.015192
vt 0.669810 0.015192
vt 0.669726 0.015219
vt 0.669591 0.015121
vt 0.669642 0.014962
vt 0.669810 0.014962
vt 0.574261 0.888692
vt 0.747191 0.908166
vt 0.409472 0.908272
vt 0.737586 0.908269
vt 0.942103 0.497320
vt 0.942127 0.497329
vt 0.942112 0.468386
vt 0.942088 0.468377
vt 0.462078 0.569056
vt 0.471692 0.569056
vt 0.178871 0.610208
vt 0.352730 0.413714
vt 0.159488 0.610208
vt 0.301090 0.414819
vt 0.067075 0.341162
vt 0.057470 0.339520
vt 0.432318 0.390729
vt 0.442660 0.092640
vt 0.150873 0.436785
vt 0.389558 0.438325
vt 0.786997 0.435561
vt 0.777262 0.503413
vt 0.796716 0.122579
vt 0.565407 0.781061
vt 0.120986 0.898483
vt 0.120965 0.898504
vt 0.120935 0.898503
vt 0.120915 0.898450
vt 0.120965 0.898430
vt 0.130662 0.898481
vt 0.130641 0.898503
vt 0.130611 0.898504
vt 0.130591 0.898452
vt 0.130611 0.898430
vt 0.796716 0.289160
vt 0.777262 0.748349
vt 0.786997 0.700275
vt 0.710314 0.781060
vt 0.893834 0.683228
vt 0.893813 0.683250
vt 0.893763 0.683230
vt 0.893783 0.683177
vt 0.893834 0.683197
vt 0.440292 0.898452
vt 0.440292 0.898482
vt 0.440272 0.898504
vt 0.440221 0.898481
vt 0.440221 0.898450
vt 0.786997 0.464974
vt 0.777262 0.513018
vt 0.624377 0.791085
vt 0.430161 0.781261
vt 0.893834 0.721948
vt 0.893813 0.721969
vt 0.893783 0.721969
vt 0.893763 0.721916
vt 0.893783 0.721895
vt 0.295153 0.898481
vt 0.295132 0.898503
vt 0.295103 0.898504
vt 0.295082 0.898452
vt 0.295132 0.898429
vt 0.796716 0.141987
vt 0.777262 0.757954
vt 0.786997 0.710273
vt 0.719974 0.781261
vt 0.893813 0.421901
vt 0.893783 0.421902
vt 0.893762 0.421881
vt 0.893783 0.421828
vt 0.893834 0.421848
vt 0.508024 0.898452
vt 0.507974 0.898503
vt 0.508024 0.898482
vt 0.508003 0.898504
vt 0.507953 0.898481
vt 0.786997 0.474778
vt 0.777262 0.405150
vt 0.634039 0.791085
vt 0.401180 0.781061
vt 0.893834 0.760666
vt 0.893783 0.760687
vt 0.893763 0.760634
vt 0.893783 0.760613
vt 0.893813 0.760614
vt 0.140338 0.898481
vt 0.140267 0.898482
vt 0.140317 0.898503
vt 0.140287 0.898504
vt 0.140267 0.898452
vt 0.796716 0.151975
vt 0.777262 0.767760
vt 0.786997 0.719881
vt 0.739295 0.781261
vt 0.893813 0.431581
vt 0.893763 0.431530
vt 0.893783 0.431582
vt 0.893763 0.431560
vt 0.893783 0.431507
vt 0.595108 0.898452
vt 0.595058 0.898503
vt 0.595108 0.898482
vt 0.595087 0.898504
vt 0.595037 0.898481
vt 0.786997 0.386540
vt 0.777262 0.414956
vt 0.643700 0.791085
vt 0.575068 0.781061
vt 0.893834 0.731628
vt 0.893813 0.731649
vt 0.893783 0.731648
vt 0.893762 0.731595
vt 0.893813 0.731575
vt 0.198393 0.898481
vt 0.198373 0.898503
vt 0.198343 0.898504
vt 0.198322 0.898452
vt 0.198343 0.898430
vt 0.796716 0.161774
vt 0.004802 0.781060
vt 0.786997 0.729685
vt 0.729635 0.781261
vt 0.893813 0.576775
vt 0.893783 0.576775
vt 0.893762 0.576754
vt 0.893783 0.576701
vt 0.893813 0.576701
vt 0.449968 0.898452
vt 0.449968 0.898482
vt 0.449948 0.898504
vt 0.449897 0.898481
vt 0.449897 0.898450
vt 0.786997 0.445365
vt 0.777262 0.523026
vt 0.711331 0.791085
vt 0.584728 0.781061
vt 0.893834 0.741307
vt 0.893813 0.741328
vt 0.893783 0.741328
vt 0.893763 0.741275
vt 0.893783 0.741254
vt 0.208069 0.898481
vt 0.208019 0.898504
vt 0.207998 0.898452
vt 0.208019 0.898430
vt 0.208049 0.898429
vt 0.796716 0.171572
vt 0.014464 0.781261
vt 0.786997 0.739488
vt 0.748956 0.781060
vt 0.893813 0.441261
vt 0.893783 0.441261
vt 0.893763 0.441240
vt 0.893783 0.441187
vt 0.893834 0.441208
vt 0.459644 0.898452
vt 0.459594 0.898503
vt 0.459644 0.898482
vt 0.459624 0.898504
vt 0.459573 0.898481
vt 0.786997 0.484582
vt 0.777262 0.385738
vt 0.720992 0.791085
vt 0.410841 0.781061
vt 0.893834 0.770346
vt 0.893783 0.770367
vt 0.893763 0.770314
vt 0.893783 0.770292
vt 0.893813 0.770293
vt 0.304829 0.898450
vt 0.304829 0.898481
vt 0.304779 0.898504
vt 0.304758 0.898452
vt 0.304808 0.898429
vt 0.796716 0.181371
vt 0.024126 0.781261
vt 0.786997 0.749291
vt 0.758616 0.781060
vt 0.893813 0.450940
vt 0.893783 0.450941
vt 0.893763 0.450919
vt 0.893783 0.450867
vt 0.893834 0.450887
vt 0.469320 0.898452
vt 0.469300 0.898504
vt 0.469249 0.898481
vt 0.469249 0.898450
vt 0.469270 0.898429
vt 0.786997 0.396344
vt 0.777262 0.424963
vt 0.653362 0.791085
vt 0.420501 0.781061
vt 0.893834 0.780026
vt 0.893813 0.780047
vt 0.893783 0.780046
vt 0.893763 0.779993
vt 0.893783 0.779972
vt 0.314505 0.898481
vt 0.314434 0.898482
vt 0.314484 0.898503
vt 0.314455 0.898504
vt 0.314434 0.898452
vt 0.796716 0.191170
vt 0.033788 0.781261
vt 0.786997 0.759095
vt 0.768277 0.781060
vt 0.893813 0.586454
vt 0.893783 0.586455
vt 0.893763 0.586434
vt 0.893783 0.586381
vt 0.893834 0.586402
vt 0.478996 0.898452
vt 0.478996 0.898482
vt 0.478975 0.898504
vt 0.478946 0.898503
vt 0.478925 0.898481
vt 0.786997 0.406148
vt 0.777262 0.434568
vt 0.614716 0.791085
vt 0.594388 0.781261
vt 0.893834 0.789674
vt 0.893834 0.789705
vt 0.893783 0.789726
vt 0.893763 0.789673
vt 0.893813 0.789652
vt 0.150014 0.898481
vt 0.149943 0.898482
vt 0.149993 0.898503
vt 0.149963 0.898504
vt 0.149943 0.898452
vt 0.796716 0.200969
vt 0.043449 0.781261
vt 0.786997 0.768898
vt 0.786997 0.004803
vt 0.893813 0.460620
vt 0.893783 0.460620
vt 0.893763 0.460599
vt 0.893763 0.460568
vt 0.893783 0.460546
vt 0.604784 0.898452
vt 0.604734 0.898503
vt 0.604784 0.898482
vt 0.604763 0.898504
vt 0.604713 0.898481
vt 0.786997 0.455170
vt 0.777262 0.395343
vt 0.663023 0.791085
vt 0.439822 0.781261
vt 0.893834 0.857462
vt 0.893813 0.857484
vt 0.893783 0.857483
vt 0.893763 0.857461
vt 0.893763 0.857430
vt 0.324181 0.898481
vt 0.324160 0.898503
vt 0.324131 0.898504
vt 0.324110 0.898452
vt 0.324160 0.898429
vt 0.796716 0.298959
vt 0.053111 0.781261
vt 0.062772 0.790894
vt 0.786997 0.014609
vt 0.893813 0.402542
vt 0.893763 0.402491
vt 0.893783 0.402543
vt 0.893763 0.402521
vt 0.893783 0.402469
vt 0.614460 0.898452
vt 0.614439 0.898504
vt 0.614389 0.898481
vt 0.614389 0.898450
vt 0.614409 0.898429
vt 0.786997 0.494387
vt 0.777262 0.444375
vt 0.730654 0.791085
vt 0.449482 0.781261
vt 0.893834 0.799385
vt 0.893813 0.799406
vt 0.893783 0.799405
vt 0.893763 0.799353
vt 0.893783 0.799331
vt 0.333857 0.898450
vt 0.333857 0.898481
vt 0.333807 0.898504
vt 0.333786 0.898452
vt 0.333836 0.898429
vt 0.796716 0.416546
vt 0.062773 0.781261
vt 0.169050 0.790894
vt 0.786997 0.024415
vt 0.893813 0.470299
vt 0.893783 0.470300
vt 0.893763 0.470279
vt 0.893763 0.470248
vt 0.893783 0.470226
vt 0.517700 0.898452
vt 0.517650 0.898503
vt 0.517700 0.898482
vt 0.517679 0.898504
vt 0.517629 0.898481
vt 0.786997 0.592429
vt 0.777262 0.532631
vt 0.740315 0.791085
vt 0.459143 0.781261
vt 0.893834 0.809064
vt 0.893813 0.809086
vt 0.893783 0.809085
vt 0.893763 0.809032
vt 0.893783 0.809011
vt 0.343533 0.898450
vt 0.343533 0.898481
vt 0.343483 0.898504
vt 0.343462 0.898452
vt 0.343512 0.898429
vt 0.796716 0.426345
vt 0.072434 0.781261
vt 0.786997 0.778701
vt 0.786997 0.034221
vt 0.893813 0.479979
vt 0.893783 0.479980
vt 0.893763 0.479958
vt 0.893783 0.479905
vt 0.893834 0.479926
vt 0.527376 0.898452
vt 0.527326 0.898503
vt 0.527376 0.898482
vt 0.527355 0.898504
vt 0.527305 0.898481
vt 0.786997 0.602233
vt 0.777262 0.542437
vt 0.796716 0.132378
vt 0.468803 0.781261
vt 0.893834 0.818744
vt 0.893813 0.818765
vt 0.893783 0.818765
vt 0.893763 0.818712
vt 0.893783 0.818690
vt 0.353209 0.898481
vt 0.353188 0.898503
vt 0.353159 0.898504
vt 0.353138 0.898452
vt 0.353188 0.898429
vt 0.796716 0.308758
vt 0.082096 0.781261
vt 0.004802 0.790894
vt 0.786997 0.044028
vt 0.893813 0.596134
vt 0.893783 0.596135
vt 0.893763 0.596113
vt 0.893783 0.596060
vt 0.893813 0.596060
vt 0.624136 0.898452
vt 0.624085 0.898503
vt 0.624136 0.898482
vt 0.624115 0.898504
vt 0.624065 0.898481
vt 0.786997 0.504191
vt 0.777262 0.552444
vt 0.749977 0.791085
vt 0.478464 0.781061
vt 0.893834 0.867142
vt 0.893783 0.867163
vt 0.893763 0.867110
vt 0.893783 0.867088
vt 0.893813 0.867089
vt 0.362885 0.898481
vt 0.362814 0.898482
vt 0.362864 0.898503
vt 0.362834 0.898504
vt 0.362814 0.898452
vt 0.796716 0.210768
vt 0.091758 0.781261
vt 0.178712 0.790894
vt 0.786997 0.053834
vt 0.893813 0.605814
vt 0.893783 0.605814
vt 0.893763 0.605793
vt 0.893783 0.605740
vt 0.893834 0.605761
vt 0.537052 0.898452
vt 0.537002 0.898503
vt 0.537052 0.898482
vt 0.537031 0.898504
vt 0.536981 0.898481
vt 0.786997 0.612038
vt 0.777262 0.562251
vt 0.759638 0.791085
vt 0.604049 0.781061
vt 0.893834 0.876822
vt 0.893813 0.876843
vt 0.893783 0.876842
vt 0.893763 0.876789
vt 0.893813 0.876769
vt 0.372561 0.898481
vt 0.372490 0.898482
vt 0.372540 0.898503
vt 0.372510 0.898504
vt 0.372490 0.898452
vt 0.796716 0.318557
vt 0.101420 0.781261
vt 0.072434 0.790894
vt 0.786997 0.063640
vt 0.893813 0.489658
vt 0.893783 0.489659
vt 0.893763 0.489638
vt 0.893763 0.489607
vt 0.893783 0.489585
vt 0.633791 0.898430
vt 0.633812 0.898452
vt 0.633791 0.898504
vt 0.633741 0.898481
vt 0.633761 0.898429
vt 0.786997 0.621842
vt 0.777262 0.454181
vt 0.769300 0.791085
vt 0.613709 0.781261
vt 0.893834 0.886501
vt 0.893813 0.886522
vt 0.893783 0.886522
vt 0.893763 0.886469
vt 0.893783 0.886448
vt 0.217745 0.898450
vt 0.217745 0.898481
vt 0.217695 0.898504
vt 0.217674 0.898452
vt 0.217725 0.898429
vt 0.796716 0.328356
vt 0.111081 0.781261
vt 0.188374 0.790894
vt 0.786997 0.073446
vt 0.893813 0.615493
vt 0.893783 0.615494
vt 0.893763 0.615472
vt 0.893783 0.615420
vt 0.893834 0.615440
vt 0.643488 0.898452
vt 0.643437 0.898503
vt 0.643488 0.898482
vt 0.643467 0.898504
vt 0.643417 0.898481
vt 0.786997 0.631646
vt 0.777262 0.571856
vt 0.778961 0.791085
vt 0.623370 0.781261
vt 0.004874 0.898483
vt 0.004853 0.898504
vt 0.004823 0.898503
vt 0.004802 0.898481
vt 0.004802 0.898450
vt 0.382237 0.898481
vt 0.382166 0.898482
vt 0.382216 0.898503
vt 0.382186 0.898504
vt 0.382166 0.898452
vt 0.796716 0.436144
vt 0.120743 0.781261
vt 0.198035 0.790894
vt 0.786997 0.083252
vt 0.893813 0.625173
vt 0.893783 0.625173
vt 0.893763 0.625152
vt 0.893763 0.625121
vt 0.893783 0.625099
vt 0.653164 0.898452
vt 0.653113 0.898503
vt 0.653164 0.898482
vt 0.653143 0.898504
vt 0.653093 0.898481
vt 0.786997 0.641450
vt 0.777262 0.581662
vt 0.796716 0.004994
vt 0.488124 0.781261
vt 0.082282 0.898483
vt 0.082261 0.898504
vt 0.082231 0.898503
vt 0.082211 0.898450
vt 0.082231 0.898429
vt 0.227421 0.898450
vt 0.227421 0.898481
vt 0.227371 0.898504
vt 0.227350 0.898452
vt 0.227400 0.898429
vt 0.796716 0.338155
vt 0.130405 0.781261
vt 0.082096 0.790894
vt 0.786997 0.093059
vt 0.893813 0.499338
vt 0.893783 0.499339
vt 0.893763 0.499317
vt 0.893783 0.499265
vt 0.893834 0.499285
vt 0.662840 0.898452
vt 0.662840 0.898482
vt 0.662819 0.898504
vt 0.662789 0.898503
vt 0.662768 0.898481
vt 0.786997 0.513995
vt 0.777262 0.591669
vt 0.796716 0.014793
vt 0.633030 0.781061
vt 0.014550 0.898483
vt 0.014529 0.898504
vt 0.014499 0.898503
vt 0.014478 0.898450
vt 0.014529 0.898430
vt 0.391913 0.898481
vt 0.391862 0.898504
vt 0.391842 0.898452
vt 0.391862 0.898430
vt 0.391892 0.898429
vt 0.796716 0.347954
vt 0.140066 0.781261
vt 0.207697 0.790894
vt 0.786997 0.102865
vt 0.893813 0.634852
vt 0.893763 0.634801
vt 0.893784 0.634853
vt 0.893763 0.634832
vt 0.893784 0.634779
vt 0.672495 0.898430
vt 0.672515 0.898452
vt 0.672495 0.898504
vt 0.672444 0.898481
vt 0.672465 0.898429
vt 0.786997 0.523799
vt 0.777262 0.464188
vt 0.796716 0.024592
vt 0.642691 0.781061
vt 0.091958 0.898483
vt 0.091937 0.898504
vt 0.091907 0.898503
vt 0.091887 0.898481
vt 0.091887 0.898450
vt 0.401589 0.898481
vt 0.401568 0.898503
vt 0.401538 0.898504
vt 0.401518 0.898452
vt 0.401568 0.898429
vt 0.796716 0.220567
vt 0.149728 0.781261
vt 0.217359 0.790894
vt 0.786997 0.112671
vt 0.893813 0.644532
vt 0.893783 0.644533
vt 0.893763 0.644511
vt 0.893783 0.644458
vt 0.893813 0.644458
vt 0.682191 0.898452
vt 0.682191 0.898482
vt 0.682171 0.898504
vt 0.682141 0.898503
vt 0.682120 0.898481
vt 0.786997 0.651255
vt 0.777262 0.601275
vt 0.796716 0.034391
vt 0.497784 0.781261
vt 0.893834 0.828424
vt 0.893813 0.828445
vt 0.893783 0.828444
vt 0.893763 0.828391
vt 0.893783 0.828370
vt 0.237097 0.898481
vt 0.237076 0.898503
vt 0.237047 0.898504
vt 0.237026 0.898452
vt 0.237076 0.898429
vt 0.796716 0.357753
vt 0.159390 0.781261
vt 0.091757 0.790894
vt 0.786997 0.122477
vt 0.893813 0.509018
vt 0.893784 0.509018
vt 0.893763 0.508997
vt 0.893763 0.508966
vt 0.893784 0.508944
vt 0.546707 0.898430
vt 0.546728 0.898452
vt 0.546707 0.898504
vt 0.546657 0.898481
vt 0.546678 0.898429
vt 0.786997 0.661059
vt 0.777262 0.611081
vt 0.796716 0.044189
vt 0.652351 0.781261
vt 0.893834 0.838103
vt 0.893813 0.838124
vt 0.893783 0.838124
vt 0.893763 0.838102
vt 0.893763 0.838071
vt 0.159690 0.898481
vt 0.159618 0.898482
vt 0.159669 0.898503
vt 0.159639 0.898504
vt 0.159618 0.898452
vt 0.796716 0.367552
vt 0.169052 0.781261
vt 0.101419 0.790894
vt 0.786997 0.132283
vt 0.893813 0.518697
vt 0.893763 0.518646
vt 0.893783 0.518698
vt 0.893763 0.518677
vt 0.893783 0.518624
vt 0.556404 0.898452
vt 0.556404 0.898482
vt 0.556383 0.898504
vt 0.556333 0.898481
vt 0.556354 0.898429
vt 0.786997 0.533604
vt 0.777262 0.620887
vt 0.796716 0.053988
vt 0.662012 0.781261
vt 0.024226 0.898483
vt 0.024205 0.898504
vt 0.024175 0.898503
vt 0.024154 0.898481
vt 0.024154 0.898450
vt 0.411265 0.898481
vt 0.411244 0.898503
vt 0.411214 0.898504
vt 0.411193 0.898452
vt 0.411244 0.898429
vt 0.796716 0.377351
vt 0.178713 0.781261
vt 0.111080 0.790894
vt 0.786997 0.142090
vt 0.893813 0.654212
vt 0.893783 0.654212
vt 0.893763 0.654191
vt 0.893783 0.654138
vt 0.893813 0.654137
vt 0.711219 0.898452
vt 0.711199 0.898504
vt 0.711148 0.898481
vt 0.711148 0.898450
vt 0.711169 0.898429
vt 0.786997 0.670863
vt 0.777262 0.630693
vt 0.796716 0.063787
vt 0.671672 0.781261
vt 0.033902 0.898483
vt 0.033881 0.898504
vt 0.033851 0.898503
vt 0.033831 0.898450
vt 0.033851 0.898429
vt 0.246773 0.898450
vt 0.246773 0.898481
vt 0.246723 0.898504
vt 0.246702 0.898452
vt 0.246752 0.898429
vt 0.796716 0.445943
vt 0.256007 0.781261
vt 0.120742 0.790894
vt 0.786997 0.151896
vt 0.893813 0.528377
vt 0.893783 0.528377
vt 0.893763 0.528356
vt 0.893763 0.528325
vt 0.893783 0.528303
vt 0.566080 0.898452
vt 0.566030 0.898503
vt 0.566080 0.898483
vt 0.566059 0.898504
vt 0.566009 0.898481
vt 0.786997 0.543408
vt 0.777262 0.473793
vt 0.796716 0.073585
vt 0.681332 0.781261
vt 0.101634 0.898483
vt 0.101613 0.898504
vt 0.101583 0.898503
vt 0.101563 0.898481
vt 0.101563 0.898450
vt 0.169366 0.898481
vt 0.169345 0.898503
vt 0.169315 0.898504
vt 0.169294 0.898482
vt 0.169294 0.898452
vt 0.796716 0.387150
vt 0.188375 0.781261
vt 0.130404 0.790894
vt 0.786997 0.161702
vt 0.893813 0.538056
vt 0.893783 0.538057
vt 0.893763 0.538036
vt 0.893783 0.537983
vt 0.893834 0.538004
vt 0.575756 0.898452
vt 0.575706 0.898503
vt 0.575756 0.898482
vt 0.575735 0.898504
vt 0.575685 0.898481
vt 0.786997 0.553212
vt 0.777262 0.483600
vt 0.672685 0.791085
vt 0.690993 0.781261
vt 0.043578 0.898483
vt 0.043527 0.898503
vt 0.043506 0.898450
vt 0.043527 0.898429
vt 0.043557 0.898430
vt 0.256449 0.898481
vt 0.256428 0.898503
vt 0.256399 0.898504
vt 0.256378 0.898452
vt 0.256399 0.898430
vt 0.796716 0.230366
vt 0.198037 0.781261
vt 0.014464 0.790894
vt 0.786997 0.171508
vt 0.893813 0.412222
vt 0.893763 0.412170
vt 0.893783 0.412222
vt 0.893763 0.412201
vt 0.893783 0.412148
vt 0.488672 0.898452
vt 0.488672 0.898482
vt 0.488651 0.898504
vt 0.488601 0.898481
vt 0.488622 0.898429
vt 0.786997 0.680667
vt 0.777262 0.640500
vt 0.796716 0.083384
vt 0.700653 0.781261
vt 0.893834 0.750987
vt 0.893813 0.751008
vt 0.893783 0.751007
vt 0.893763 0.750985
vt 0.893763 0.750955
vt 0.179042 0.898481
vt 0.179021 0.898503
vt 0.178991 0.898504
vt 0.178970 0.898452
vt 0.178991 0.898430
vt 0.796716 0.396948
vt 0.207699 0.781261
vt 0.024126 0.790894
vt 0.786997 0.181315
vt 0.893813 0.547736
vt 0.893783 0.547737
vt 0.893763 0.547715
vt 0.893783 0.547663
vt 0.893834 0.547683
vt 0.585432 0.898452
vt 0.585432 0.898482
vt 0.585411 0.898504
vt 0.585361 0.898481
vt 0.585361 0.898450
vt 0.786997 0.415953
vt 0.777262 0.493406
vt 0.796716 0.093183
vt 0.507445 0.781261
vt 0.053254 0.898483
vt 0.053233 0.898504
vt 0.053203 0.898503
vt 0.053182 0.898450
vt 0.053203 0.898429
vt 0.266125 0.898481
vt 0.266104 0.898503
vt 0.266075 0.898504
vt 0.266054 0.898452
vt 0.266104 0.898429
vt 0.796716 0.240165
vt 0.217360 0.781261
vt 0.033787 0.790894
vt 0.786997 0.191121
vt 0.893813 0.663891
vt 0.893784 0.663892
vt 0.893763 0.663871
vt 0.893784 0.663818
vt 0.893834 0.663838
vt 0.691867 0.898452
vt 0.691867 0.898482
vt 0.691847 0.898504
vt 0.691796 0.898481
vt 0.691817 0.898429
vt 0.786997 0.563016
vt 0.777262 0.650306
vt 0.796716 0.102981
vt 0.517105 0.781261
vt 0.893834 0.847783
vt 0.893813 0.847804
vt 0.893783 0.847803
vt 0.893763 0.847751
vt 0.893813 0.847730
vt 0.188717 0.898481
vt 0.188646 0.898482
vt 0.188697 0.898503
vt 0.188667 0.898504
vt 0.188646 0.898452
vt 0.796716 0.249964
vt 0.777262 0.738543
vt 0.043449 0.790894
vt 0.786997 0.200927
vt 0.893813 0.557416
vt 0.893783 0.557416
vt 0.893762 0.557395
vt 0.893783 0.557342
vt 0.893834 0.557363
vt 0.701543 0.898452
vt 0.701493 0.898503
vt 0.701543 0.898482
vt 0.701523 0.898504
vt 0.701472 0.898481
vt 0.786997 0.572821
vt 0.777262 0.660112
vt 0.682346 0.791085
vt 0.526766 0.781261
vt 0.062930 0.898483
vt 0.062909 0.898504
vt 0.062879 0.898503
vt 0.062859 0.898450
vt 0.062879 0.898429
vt 0.275801 0.898450
vt 0.275801 0.898481
vt 0.275751 0.898504
vt 0.275730 0.898452
vt 0.275780 0.898429
vt 0.796716 0.259763
vt 0.227022 0.781261
vt 0.053111 0.790894
vt 0.786997 0.210733
vt 0.893813 0.673571
vt 0.893783 0.673571
vt 0.893763 0.673550
vt 0.893783 0.673497
vt 0.893834 0.673518
vt 0.498348 0.898452
vt 0.498348 0.898482
vt 0.498327 0.898504
vt 0.498277 0.898481
vt 0.498277 0.898450
vt 0.786997 0.425757
vt 0.777262 0.669918
vt 0.796716 0.112780
vt 0.536426 0.781261
vt 0.893834 0.692909
vt 0.893813 0.692930
vt 0.893783 0.692930
vt 0.893763 0.692877
vt 0.893813 0.692856
vt 0.285477 0.898481
vt 0.285456 0.898503
vt 0.285427 0.898504
vt 0.285406 0.898452
vt 0.285456 0.898429
vt 0.796716 0.269562
vt 0.265669 0.781261
vt 0.140065 0.790894
vt 0.786997 0.220540
vt 0.893834 0.567073
vt 0.893813 0.567095
vt 0.893763 0.567075
vt 0.893783 0.567022
vt 0.893834 0.567042
vt 0.720895 0.898452
vt 0.720895 0.898483
vt 0.720875 0.898504
vt 0.720845 0.898503
vt 0.720824 0.898481
vt 0.786997 0.690472
vt 0.777262 0.679725
vt 0.692008 0.791085
vt 0.546087 0.781261
vt 0.111310 0.898452
vt 0.111310 0.898483
vt 0.111259 0.898503
vt 0.111239 0.898450
vt 0.111289 0.898430
vt 0.430616 0.898481
vt 0.430596 0.898503
vt 0.430566 0.898504
vt 0.430545 0.898452
vt 0.430566 0.898430
vt 0.796716 0.406747
vt 0.236684 0.781261
vt 0.149727 0.790894
vt 0.786997 0.230346
vt 0.893813 0.702609
vt 0.893783 0.702610
vt 0.893763 0.702589
vt 0.893783 0.702536
vt 0.893813 0.702535
vt 0.730571 0.898452
vt 0.730571 0.898483
vt 0.730550 0.898504
vt 0.730500 0.898481
vt 0.730500 0.898450
vt 0.786997 0.582625
vt 0.777262 0.689531
vt 0.701669 0.791085
vt 0.555747 0.781261
vt 0.072606 0.898483
vt 0.072585 0.898504
vt 0.072555 0.898503
vt 0.072535 0.898450
vt 0.072585 0.898430
vt 0.420941 0.898481
vt 0.420920 0.898503
vt 0.420890 0.898504
vt 0.420870 0.898452
vt 0.420890 0.898430
vt 0.796716 0.279361
vt 0.246345 0.781261
vt 0.159389 0.790894
vt 0.786997 0.240152
vt 0.893834 0.712267
vt 0.893813 0.712289
vt 0.893763 0.712268
vt 0.893783 0.712216
vt 0.893834 0.712236
vt 0.740247 0.898452
vt 0.740247 0.898482
vt 0.740226 0.898504
vt 0.740176 0.898481
vt 0.740176 0.898450
vt 0.187991 0.329893
vt 0.335569 0.044067
vt 0.208394 0.329882
vt 0.266146 0.326313
vt 0.951760 0.939616
vt 0.110519 0.995189
vt 0.198273 0.878950
vt 0.468525 0.879072
vt 0.874422 0.568519
vt 0.236793 0.878953
vt 0.929153 0.947007
vt 0.951765 0.043363
vt 0.372507 0.810661
vt 0.411335 0.810551
vt 0.654631 0.830152
vt 0.208690 0.830252
vt 0.760937 0.800729
vt 0.761018 0.800765
vt 0.760984 0.800852
vt 0.760937 0.800853
vt 0.760903 0.800817
vt 0.728524 0.437227
vt 0.728568 0.437113
vt 0.728673 0.437160
vt 0.728673 0.437227
vt 0.728629 0.437274
vt 0.174454 0.312881
vt 0.314781 0.031465
vt 0.184080 0.316659
vt 0.302853 0.312881
vt 0.951734 0.833675
vt 0.225848 0.995195
vt 0.362420 0.781203
vt 0.787111 0.367186
vt 0.777376 0.288199
vt 0.786997 0.289065
vt 0.738330 0.122240
vt 0.738391 0.122240
vt 0.738434 0.122284
vt 0.738391 0.122389
vt 0.738330 0.122389
vt 0.547015 0.732008
vt 0.546971 0.732051
vt 0.546910 0.732051
vt 0.546867 0.731946
vt 0.546971 0.731902
vt 0.325927 0.295508
vt 0.335554 0.086829
vt 0.072170 0.326313
vt 0.295027 0.329844
vt 0.033695 0.956665
vt 0.235459 0.995195
vt 0.169328 0.878950
vt 0.391356 0.879082
vt 0.874422 0.597747
vt 0.884104 0.063240
vt 0.938789 0.947009
vt 0.951765 0.033721
vt 0.577174 0.830275
vt 0.566727 0.810660
vt 0.314179 0.810564
vt 0.825970 0.646461
vt 0.741465 0.800765
vt 0.741498 0.800728
vt 0.741546 0.800729
vt 0.741579 0.800817
vt 0.741546 0.800853
vt 0.728524 0.466459
vt 0.728673 0.466458
vt 0.728568 0.466412
vt 0.728629 0.466411
vt 0.728673 0.466525
vt 0.314766 0.249740
vt 0.325927 0.021664
vt 0.314766 0.262995
vt 0.314766 0.293115
vt 0.951760 0.756627
vt 0.120136 0.995195
vt 0.777262 0.297809
vt 0.786997 0.337801
vt 0.342869 0.781061
vt 0.787111 0.298954
vt 0.556663 0.731902
vt 0.556724 0.731902
vt 0.556768 0.731946
vt 0.556724 0.732051
vt 0.556663 0.732051
vt 0.738434 0.132099
vt 0.738391 0.132142
vt 0.738330 0.132142
vt 0.738287 0.132037
vt 0.738391 0.131994
vt 0.304174 0.107492
vt 0.014532 0.312881
vt 0.304174 0.134265
vt 0.304174 0.231554
vt 0.951734 0.843306
vt 0.024022 0.995189
vt 0.364296 0.712264
vt 0.490255 0.712263
vt 0.462916 0.692044
vt 0.519388 0.712071
vt 0.679496 0.232689
vt 0.679466 0.232609
vt 0.679570 0.232487
vt 0.679654 0.232503
vt 0.679709 0.232569
vt 0.679654 0.232719
vt 0.639040 0.671917
vt 0.639040 0.672003
vt 0.638901 0.672084
vt 0.638797 0.671960
vt 0.638901 0.671836
vt 0.638985 0.671851
vt 0.335554 0.187185
vt 0.046305 0.342941
vt 0.335554 0.242394
vt 0.335554 0.313511
vt 0.951734 0.852936
vt 0.129747 0.995195
vt 0.207902 0.878950
vt 0.478158 0.879072
vt 0.874422 0.578261
vt 0.246423 0.878953
vt 0.951734 0.004837
vt 0.951734 0.053000
vt 0.362800 0.810661
vt 0.430650 0.810565
vt 0.644937 0.830152
vt 0.189205 0.830273
vt 0.780375 0.800729
vt 0.780423 0.800728
vt 0.780456 0.800764
vt 0.780423 0.800852
vt 0.780375 0.800853
vt 0.728524 0.446993
vt 0.728524 0.446926
vt 0.728568 0.446879
vt 0.728629 0.446879
vt 0.728673 0.446927
vt 0.314766 0.177320
vt 0.325942 0.044500
vt 0.314766 0.226877
vt 0.314766 0.302720
vt 0.951734 0.862594
vt 0.139352 0.995195
vt 0.372138 0.781203
vt 0.787111 0.347691
vt 0.777376 0.307697
vt 0.786997 0.308559
vt 0.738330 0.141747
vt 0.738391 0.141747
vt 0.738434 0.141791
vt 0.738391 0.141896
vt 0.738330 0.141896
vt 0.566521 0.732007
vt 0.566477 0.732051
vt 0.566416 0.732051
vt 0.566373 0.731946
vt 0.566477 0.731902
vt 0.123325 0.312881
vt 0.314766 0.021857
vt 0.213045 0.316653
vt 0.293226 0.312881
vt 0.951760 0.872199
vt 0.148962 0.995195
vt 0.208314 0.712071
vt 0.597506 0.712071
vt 0.699333 0.103733
vt 0.558603 0.712263
vt 0.648700 0.671851
vt 0.648784 0.671836
vt 0.648888 0.671960
vt 0.648858 0.672041
vt 0.648784 0.672084
vt 0.648645 0.672003
vt 0.679708 0.183397
vt 0.679654 0.183463
vt 0.679496 0.183437
vt 0.679496 0.183277
vt 0.679654 0.183247
vt 0.679708 0.183312
vt 0.325927 0.285903
vt 0.335554 0.073708
vt 0.101370 0.326313
vt 0.256519 0.326313
vt 0.004828 0.956639
vt 0.158579 0.995195
vt 0.777262 0.278311
vt 0.786997 0.376790
vt 0.352587 0.781061
vt 0.787111 0.318449
vt 0.517651 0.731902
vt 0.517713 0.731902
vt 0.517756 0.731946
vt 0.517713 0.732051
vt 0.517651 0.732051
vt 0.738434 0.151606
vt 0.738391 0.151649
vt 0.738330 0.151649
vt 0.738287 0.151544
vt 0.738391 0.151501
vt 0.043391 0.312881
vt 0.314781 0.058112
vt 0.062641 0.312881
vt 0.314766 0.008535
vt 0.052956 0.956665
vt 0.168184 0.995195
vt 0.344763 0.712264
vt 0.500019 0.712263
vt 0.443305 0.692044
vt 0.529152 0.712071
vt 0.679605 0.193084
vt 0.679708 0.193206
vt 0.679679 0.193287
vt 0.679605 0.193330
vt 0.679466 0.193252
vt 0.679466 0.193166
vt 0.679606 0.063912
vt 0.679681 0.063955
vt 0.679522 0.063927
vt 0.679681 0.064116
vt 0.679522 0.064144
vt 0.679466 0.063992
vt 0.227644 0.326313
vt 0.335554 0.034460
vt 0.237270 0.326313
vt 0.285400 0.329845
vt 0.951760 0.881830
vt 0.177795 0.995195
vt 0.381857 0.781203
vt 0.787111 0.357438
vt 0.777376 0.317446
vt 0.786997 0.269570
vt 0.738330 0.063719
vt 0.738391 0.063719
vt 0.738434 0.063762
vt 0.738391 0.063867
vt 0.738287 0.063824
vt 0.576273 0.732007
vt 0.576125 0.732007
vt 0.576230 0.732051
vt 0.576169 0.732051
vt 0.576125 0.731946
vt 0.314766 0.160391
vt 0.325942 0.031271
vt 0.314766 0.240135
vt 0.314766 0.276240
vt 0.951760 0.891461
vt 0.187405 0.995195
vt 0.188781 0.712071
vt 0.607270 0.712071
vt 0.699333 0.113555
vt 0.568367 0.712263
vt 0.679466 0.014734
vt 0.679606 0.014654
vt 0.679681 0.014697
vt 0.679710 0.014778
vt 0.679606 0.014901
vt 0.679522 0.014886
vt 0.679522 0.281752
vt 0.679606 0.281737
vt 0.679466 0.281817
vt 0.679710 0.281859
vt 0.679606 0.281982
vt 0.679466 0.281902
vt 0.304174 0.080558
vt 0.024141 0.316701
vt 0.304174 0.094026
vt 0.304174 0.244993
vt 0.014433 0.956639
vt 0.033633 0.995189
vt 0.159698 0.878950
vt 0.400987 0.879082
vt 0.874422 0.607489
vt 0.884104 0.072978
vt 0.919517 0.947009
vt 0.951765 0.014442
vt 0.586866 0.830275
vt 0.557022 0.810660
vt 0.323886 0.810564
vt 0.825970 0.636736
vt 0.751184 0.800764
vt 0.751265 0.800729
vt 0.751298 0.800817
vt 0.751265 0.800853
vt 0.751217 0.800852
vt 0.728524 0.476292
vt 0.728524 0.476225
vt 0.728629 0.476177
vt 0.728673 0.476291
vt 0.728568 0.476339
vt 0.335570 0.109423
vt 0.078236 0.339520
vt 0.335554 0.177580
vt 0.335554 0.300472
vt 0.951760 0.901092
vt 0.197016 0.995195
vt 0.777262 0.327057
vt 0.786997 0.328054
vt 0.391462 0.781061
vt 0.787111 0.279460
vt 0.585922 0.731902
vt 0.585983 0.731902
vt 0.586026 0.731946
vt 0.585983 0.732051
vt 0.585878 0.732007
vt 0.738434 0.073577
vt 0.738287 0.073578
vt 0.738391 0.073621
vt 0.738330 0.073621
vt 0.738287 0.073516
vt 0.314766 0.122375
vt 0.325927 0.061344
vt 0.314766 0.135660
vt 0.325927 0.004803
vt 0.024064 0.956639
vt 0.206627 0.995195
vt 0.354530 0.712264
vt 0.509783 0.712263
vt 0.453111 0.692044
vt 0.538916 0.712071
vt 0.679605 0.202935
vt 0.679709 0.203057
vt 0.679679 0.203138
vt 0.679605 0.203181
vt 0.679467 0.203103
vt 0.679467 0.203017
vt 0.658706 0.672040
vt 0.658632 0.672083
vt 0.658736 0.671959
vt 0.658492 0.672003
vt 0.658548 0.671851
vt 0.658706 0.671879
vt 0.033781 0.312881
vt 0.314781 0.044790
vt 0.113701 0.316675
vt 0.283599 0.312881
vt 0.062587 0.956638
vt 0.216238 0.995195
vt 0.217531 0.878950
vt 0.487791 0.879072
vt 0.874422 0.588003
vt 0.227162 0.878953
vt 0.909850 0.947009
vt 0.951734 0.024082
vt 0.382119 0.810674
vt 0.421040 0.810551
vt 0.664244 0.830176
vt 0.198992 0.830252
vt 0.770656 0.800729
vt 0.770703 0.800728
vt 0.770737 0.800764
vt 0.770737 0.800816
vt 0.770703 0.800852
vt 0.728524 0.456759
vt 0.728524 0.456692
vt 0.728568 0.456645
vt 0.728673 0.456693
vt 0.728673 0.456759
vt 0.218018 0.326313
vt 0.335554 0.021329
vt 0.246895 0.326313
vt 0.275773 0.329847
vt 0.951760 0.910723
vt 0.245076 0.995195
vt 0.198548 0.712071
vt 0.587742 0.712071
vt 0.699333 0.123377
vt 0.548839 0.712263
vt 0.679570 0.024752
vt 0.679496 0.024710
vt 0.679466 0.024629
vt 0.679496 0.024549
vt 0.679655 0.024520
vt 0.679710 0.024671
vt 0.679707 0.163654
vt 0.679605 0.163777
vt 0.679521 0.163761
vt 0.679466 0.163695
vt 0.679521 0.163544
vt 0.679605 0.163530
vt 0.304188 0.254598
vt 0.304174 0.281471
vt 0.053017 0.312882
vt 0.304174 0.271866
vt 0.091479 0.956638
vt 0.990252 0.861150
vt 0.063074 0.800729
vt 0.266698 0.800728
vt 0.169695 0.800729
vt 0.237665 0.800863
vt 0.461429 0.741793
vt 0.461488 0.741793
vt 0.461529 0.741834
vt 0.461488 0.741935
vt 0.461387 0.741893
vt 0.529441 0.741893
vt 0.529400 0.741935
vt 0.529342 0.741935
vt 0.529301 0.741834
vt 0.529342 0.741793
vt 0.107316 0.342930
vt 0.126569 0.339520
vt 0.207073 0.339521
vt 0.116942 0.342928
vt 0.081848 0.956665
vt 0.990252 0.851537
vt 0.072787 0.800729
vt 0.276411 0.800728
vt 0.179409 0.800729
vt 0.247379 0.800863
vt 0.471175 0.741792
vt 0.471234 0.741793
vt 0.471276 0.741834
vt 0.471234 0.741935
vt 0.471134 0.741893
vt 0.539187 0.741893
vt 0.539146 0.741935
vt 0.539087 0.741935
vt 0.539046 0.741834
vt 0.539087 0.741793
vt 0.264328 0.285431
vt 0.273940 0.289521
vt 0.292877 0.047734
vt 0.292877 0.008887
vt 0.101110 0.956665
vt 0.990252 0.870755
vt 0.082501 0.800729
vt 0.286125 0.800728
vt 0.189123 0.800729
vt 0.257093 0.800862
vt 0.480922 0.741793
vt 0.480981 0.741793
vt 0.481022 0.741834
vt 0.480981 0.741935
vt 0.480881 0.741893
vt 0.548932 0.741893
vt 0.548891 0.741935
vt 0.548833 0.741935
vt 0.548792 0.741834
vt 0.548833 0.741793
vt 0.600304 0.046909
vt 0.600304 0.241489
vt 0.600304 0.077301
vt 0.600304 0.231134
vt 0.600304 0.098019
vt 0.600304 0.220777
vt 0.600304 0.108378
vt 0.600304 0.168993
vt 0.600228 0.294255
vt 0.600228 0.086906
vt 0.600228 0.577230
vt 0.600304 0.036547
vt 0.207961 0.610923
vt 0.344647 0.600551
vt 0.412049 0.610910
vt 0.014702 0.600558
vt 0.835585 0.160707
vt 0.796716 0.592939
vt 0.835665 0.248074
vt 0.796716 0.651836
vt 0.699178 0.558518
vt 0.699238 0.558497
vt 0.699299 0.558515
vt 0.699336 0.558565
vt 0.699299 0.558681
vt 0.699178 0.558684
vt 0.699140 0.558570
vt 0.699338 0.459779
vt 0.699300 0.459831
vt 0.699178 0.459831
vt 0.699140 0.459715
vt 0.699178 0.459663
vt 0.699239 0.459643
vt 0.699338 0.459715
vt 0.265885 0.610208
vt 0.265885 0.610779
vt 0.267428 0.672032
vt 0.835585 0.170434
vt 0.796716 0.583166
vt 0.835665 0.257801
vt 0.796716 0.642063
vt 0.699178 0.568490
vt 0.699140 0.568438
vt 0.699140 0.568375
vt 0.699178 0.568325
vt 0.699299 0.568328
vt 0.699336 0.568443
vt 0.699238 0.568511
vt 0.699338 0.449967
vt 0.699300 0.450019
vt 0.699178 0.450019
vt 0.699140 0.449903
vt 0.699178 0.449851
vt 0.699239 0.449831
vt 0.699338 0.449903
vt 0.275701 0.610208
vt 0.275701 0.610779
vt 0.277151 0.672032
vt 0.874394 0.247436
vt 0.441479 0.830261
vt 0.874394 0.227995
vt 0.770827 0.830174
vt 0.140428 0.722099
vt 0.140299 0.722141
vt 0.140398 0.722141
vt 0.140349 0.722157
vt 0.140269 0.722099
vt 0.140299 0.722005
vt 0.140398 0.722005
vt 0.411926 0.859418
vt 0.411944 0.859443
vt 0.411944 0.859474
vt 0.411926 0.859499
vt 0.411896 0.859509
vt 0.411849 0.859474
vt 0.411867 0.859418
vn -0.0000 -1.0000 -0.0000
vn -0.0000 1.0000 -0.0000
vn -0.0000 -0.0000 1.0000
vn 1.0000 -0.0000 -0.0000
vn -0.0000 -0.0000 -1.0000
vn -1.0000 -0.0000 -0.0000
vn -1.0000 -0.0000 0.0001
vn -1.0000 -0.0000 -0.0001
vn -0.3827 -0.0000 -0.9239
vn -0.9239 -0.0000 -0.3827
vn -0.9239 -0.0000 0.3827
vn -0.3827 -0.0000 0.9239
vn 0.3827 -0.0000 0.9239
vn 0.9239 -0.0000 0.3827
vn 0.9239 -0.0000 -0.3827
vn 0.3827 -0.0000 -0.9239
vn -0.0894 -0.4919 -0.8660
vn -0.1789 -0.9839 -0.0000
vn -0.0894 -0.4919 0.8660
vn 0.0894 0.4919 0.8660
vn 0.1789 0.9839 -0.0000
vn 0.0894 0.4919 -0.8660
vn 0.9839 -0.1789 -0.0000
vn -0.9839 0.1789 -0.0000
vn -0.7634 0.6459 -0.0000
vn 0.7634 -0.6459 -0.0000
vn -0.7682 -0.6402 -0.0000
vn 0.7682 0.6402 -0.0000
vn -0.2801 -0.3313 -0.9010
vn -0.5048 -0.5970 -0.6235
vn -0.6295 -0.7445 -0.2225
vn -0.6295 -0.7445 0.2225
vn -0.5048 -0.5970 0.6235
vn -0.2801 -0.3313 0.9010
vn 0.2801 0.3313 0.9010
vn 0.5048 0.5970 0.6235
vn 0.6295 0.7445 0.2225
vn 0.6295 0.7445 -0.2225
vn 0.5048 0.5970 -0.6235
vn 0.2801 0.3313 -0.9010
vn 0.7636 -0.6457 -0.0000
vn -0.7636 0.6457 -0.0000
vn -0.3228 -0.3818 -0.8660
vn -0.3229 -0.3818 -0.8660
vn -0.6457 -0.7636 -0.0000
vn -0.6456 -0.7637 -0.0000
vn -0.3228 -0.3818 0.8660
vn -0.3229 -0.3818 0.8660
vn 0.3228 0.3818 0.8660
vn 0.3227 0.3818 0.8661
vn 0.6457 0.7636 -0.0000
vn 0.6456 0.7637 -0.0000
vn 0.3228 0.3818 -0.8660
vn 0.3229 0.3818 -0.8660
vn 0.7637 -0.6456 -0.0000
vn 0.7633 -0.6460 -0.0000
vn -0.3228 -0.3819 0.8660
vn 0.7636 -0.6456 -0.0000
vn 0.3228 0.3818 0.8661
vn -0.5000 -0.0000 -0.8660
vn -0.8660 -0.0000 -0.5000
vn -0.8660 -0.0000 0.5000
vn -0.5000 -0.0000 0.8660
vn 0.5000 -0.0000 0.8660
vn 0.8660 -0.0000 0.5000
vn 0.8660 -0.0000 -0.5000
vn 0.5000 -0.0000 -0.8660
vn -0.4407 0.4722 -0.7634
vn -0.0000 0.4722 -0.8815
vn -0.7634 0.4722 -0.4407
vn -0.8815 0.4722 -0.0000
vn -0.7634 0.4722 -0.4408
vn -0.7634 0.4722 0.4407
vn -0.4407 0.4722 0.7634
vn -0.7634 0.4722 0.4408
vn -0.0000 0.4722 0.8815
vn 0.4407 0.4722 0.7634
vn 0.7634 0.4722 0.4407
vn 0.8815 0.4722 -0.0000
vn 0.7634 0.4722 -0.4407
vn 0.4407 0.4722 -0.7634
vn 0.7071 -0.7071 -0.0000
vn 0.9239 -0.3827 -0.0000
vn -0.7071 -0.7071 -0.0000
vn -0.9239 -0.3827 -0.0000
vn -0.7071 0.7071 -0.0000
vn -0.9239 0.3827 -0.0000
vn 0.7071 0.7071 -0.0000
vn 0.9239 0.3827 -0.0000
vn 0.9690 0.2470 -0.0000
vn -0.9690 -0.2470 -0.0000
vn -0.2577 -0.9662 -0.0000
vn 0.2577 0.9662 -0.0000
vn -0.0432 -0.4317 -0.9010
vn -0.0970 -0.9701 -0.2225
vn -0.0778 -0.7780 0.6235
vn 0.0778 0.7780 0.6235
vn 0.0970 0.9701 -0.2225
vn 0.0432 0.4317 -0.9010
vn 0.9950 -0.0995 -0.0000
vn -0.9950 0.0995 -0.0000
vn -0.0778 -0.7779 0.6235
vn -0.5878 -0.0000 -0.8090
vn -0.9511 -0.0000 -0.3090
vn -0.9511 -0.0000 0.3090
vn -0.5878 -0.0000 0.8090
vn 0.5878 -0.0000 0.8090
vn 0.9511 -0.0000 0.3090
vn 0.9511 -0.0000 -0.3090
vn 0.5878 -0.0000 -0.8090
vn -0.0000 0.3939 -0.9191
vn -0.5403 0.3939 -0.7436
vn -0.8742 0.3939 -0.2840
vn -0.8742 0.3939 0.2840
vn -0.5403 0.3939 0.7436
vn -0.0000 0.3939 0.9191
vn 0.5403 0.3939 0.7436
vn 0.8742 0.3939 0.2840
vn 0.8742 0.3939 -0.2840
vn 0.5403 0.3939 -0.7436
vn 0.8660 -0.5000 -0.0000
vn -0.8660 -0.5000 -0.0000
vn -0.8660 0.5000 -0.0000
vn 0.8660 0.5000 -0.0000
vn -0.7071 -0.0000 -0.7071
vn -0.7071 -0.0000 0.7071
vn 0.7071 -0.0000 0.7071
vn 0.7071 -0.0000 -0.7071
vn -0.0000 0.2696 -0.9630
vn -0.5660 0.2696 -0.7791
vn -0.9158 0.2696 -0.2976
vn -0.9158 0.2696 0.2976
vn -0.5660 0.2696 0.7791
vn -0.0000 0.2696 0.9630
vn 0.5660 0.2696 0.7791
vn 0.9158 0.2696 0.2976
vn 0.9158 0.2696 -0.2976
vn 0.5660 0.2696 -0.7791
vn 0.1036 0.9946 -0.0000
vn -0.1200 -0.9928 -0.0000
vn -0.1744 -0.0000 -0.9847
vn -0.1744 -0.0000 0.9847
vn -0.0000 0.9926 0.1215
vn -0.0000 0.9981 0.0609
vn -0.0000 0.9981 -0.0609
vn -0.0000 0.9926 -0.1215
vn -0.2058 -0.4634 0.8619
vn -0.4912 -0.8710 -0.0000
vn -0.2058 -0.4634 -0.8619
vn 0.3649 0.3520 -0.8619
vn 0.6503 0.7597 -0.0000
vn 0.3649 0.3520 0.8619
vn -0.8192 0.5735 -0.0000
vn 0.8192 -0.5735 -0.0000
vn -0.3686 -0.6757 -0.6384
vn -0.0000 -0.6757 -0.7372
vn -0.6384 -0.6757 -0.3686
vn -0.7372 -0.6757 -0.0000
vn -0.6384 -0.6757 0.3686
vn -0.3686 -0.6757 0.6384
vn -0.0000 -0.6757 0.7372
vn 0.3686 -0.6757 0.6384
vn 0.6384 -0.6757 0.3686
vn 0.7372 -0.6757 -0.0000
vn 0.6384 -0.6757 -0.3686
vn 0.3686 -0.6757 -0.6384
vn -0.0000 0.6757 -0.7372
vn -0.3686 0.6757 -0.6384
vn -0.6384 0.6757 -0.3686
vn -0.7372 0.6757 -0.0000
vn -0.6384 0.6757 0.3686
vn -0.3686 0.6757 0.6384
vn -0.0000 0.6757 0.7372
vn 0.3686 0.6757 0.6384
vn 0.6384 0.6757 0.3686
vn 0.7372 0.6757 -0.0000
vn 0.6384 0.6757 -0.3686
vn 0.3686 0.6757 -0.6384
vn -0.0000 -0.5000 -0.8660
vn -0.0000 -0.8660 -0.5000
vn -0.0000 -0.8660 0.5000
vn -0.0000 -0.5000 0.8660
vn -0.0000 0.5000 0.8660
vn -0.0000 0.8660 0.5000
vn -0.0000 0.8660 -0.5000
vn -0.0000 0.5000 -0.8660
vn -0.7071 -0.0284 -0.7065
vn -0.7071 0.0209 0.7068
vn 0.7071 0.0340 0.7063
vn 0.7071 -0.0153 -0.7070
vn 0.0093 -0.9993 0.0349
vn 0.0094 -0.9993 0.0349
vn -0.0093 0.9993 -0.0349
vn -0.0094 0.9993 -0.0349
vn -0.9510 -0.0000 0.3090
vn 0.9510 -0.0000 -0.3091
vn 0.9510 -0.0000 -0.3090
vn -0.0000 -0.3827 -0.9239
vn -0.0000 -0.9239 -0.3827
vn -0.0000 -0.9239 0.3827
vn -0.0000 -0.3827 0.9239
vn -0.0000 0.3827 0.9239
vn -0.0000 0.9239 0.3827
vn -0.0000 0.7071 -0.7071
vn -0.0000 0.9239 -0.3827
vn -0.0000 0.3827 -0.9239
vn 0.0822 -0.4932 0.8660
vn 0.1644 -0.9864 -0.0000
vn 0.0822 -0.4932 -0.8660
vn -0.0822 0.4932 -0.8660
vn -0.1644 0.9864 -0.0000
vn -0.0822 0.4932 0.8660
vn -0.9864 -0.1644 -0.0000
vn 0.9864 0.1644 -0.0000
vn -0.3783 -0.0028 -0.9257
vn -0.9134 0.1135 -0.3909
vn -0.9134 0.1633 0.3728
vn -0.9134 0.1633 0.3729
vn -0.3783 0.1175 0.9182
vn 0.6991 -0.0599 0.7125
vn 0.3783 0.0028 0.9257
vn 0.9887 -0.1498 0.0098
vn 0.6991 -0.1520 -0.6987
vn 0.3783 -0.1175 -0.9182
vn -0.1501 -0.9866 0.0643
vn 0.1501 0.9866 -0.0643
vn 0.1859 -0.5576 -0.8090
vn 0.3007 -0.9023 0.3090
vn 0.3008 -0.9023 0.3090
vn -0.3008 0.9023 0.3090
vn -0.3007 0.9023 0.3090
vn -0.1859 0.5576 -0.8090
vn 0.9487 0.3162 -0.0000
vn -0.9487 -0.3162 -0.0000
vn -0.3821 -0.2506 -0.8895
vn -0.3821 -0.2505 -0.8895
vn -0.9986 0.0507 -0.0155
vn -0.9226 -0.0649 -0.3803
vn -0.9226 0.1587 0.3516
vn -0.3821 0.2894 0.8776
vn 0.3821 0.2506 0.8895
vn 0.9226 0.0649 0.3803
vn 0.9986 -0.0507 0.0155
vn 0.9226 -0.1587 -0.3516
vn 0.3821 -0.2894 -0.8776
vn 0.3822 -0.2894 -0.8776
vn -0.0531 -0.9550 0.2918
vn 0.0531 0.9550 -0.2918
vn -0.3821 0.2894 -0.8776
vn -0.9986 0.0507 0.0155
vn -0.9226 0.1587 -0.3516
vn -0.9226 -0.0649 0.3803
vn -0.3821 -0.2506 0.8895
vn -0.3821 -0.2505 0.8895
vn 0.3821 -0.2894 0.8776
vn 0.9226 -0.1587 0.3516
vn 0.9986 -0.0507 -0.0155
vn 0.9226 0.0649 -0.3803
vn 0.3821 0.2506 -0.8895
vn -0.0531 -0.9550 -0.2918
vn 0.0531 0.9550 0.2918
vn -0.0000 -0.2922 -0.9564
vn -0.9226 0.1587 0.3517
vn -0.3822 0.2894 0.8776
vn 0.9226 -0.1587 -0.3517
vn -0.3822 0.2894 -0.8776
vn -0.9226 0.1587 -0.3517
vn -0.0000 -0.2922 0.9564
vn 0.9226 -0.1587 0.3517
vn 0.3821 0.2505 -0.8895
vn -0.7061 -0.1708 -0.6872
vn -0.7061 0.2425 0.6653
vn 0.3822 0.2506 0.8895
vn -0.7061 -0.1708 0.6872
vn 0.3822 -0.2894 0.8776
vn 0.3822 0.2506 -0.8895
vn -0.0530 -0.9550 -0.2918
vn -0.0000 0.2922 0.9564
vn 0.7061 0.1708 0.6872
vn -0.0000 0.2922 -0.9564
vn -0.7061 0.2425 -0.6653
vn 0.7061 0.1708 -0.6872
vn -0.0000 -0.2922 -0.9563
vn 0.7061 -0.2425 -0.6653
vn -0.0530 -0.9550 0.2918
vn -0.0000 -0.2922 0.9563
vn 0.7061 -0.2425 0.6653
vn -0.9226 -0.0650 -0.3803
vn 0.9226 0.0650 0.3803
vn -0.9226 -0.0650 0.3803
vn 0.9226 0.0650 -0.3803
vn 0.9226 0.0650 -0.3804
vn -0.9226 -0.0649 0.3804
vn -0.3822 -0.2506 -0.8895
vn -0.7061 -0.1707 -0.6872
vn 0.0530 0.9550 -0.2918
vn -0.7061 -0.1707 0.6872
vn 0.0530 0.9550 0.2918
vn 0.7061 0.1707 0.6872
vn 0.7061 0.1707 -0.6872
vn 0.9226 0.0649 -0.3804
vn -0.9226 -0.0649 -0.3804
vn -0.9225 0.1587 0.3517
vn -0.3822 -0.2506 0.8895
vn 0.0531 0.9550 0.2919
vn -0.6987 -0.1174 -0.7057
vn -0.6986 -0.1174 -0.7058
vn -0.6987 -0.1004 0.7083
vn -0.6986 -0.1004 0.7084
vn 0.6978 0.1230 0.7057
vn 0.6979 0.1230 0.7056
vn 0.6978 0.1060 -0.7084
vn 0.6979 0.1060 -0.7083
vn 0.1580 -0.9874 0.0118
vn -0.1579 0.9874 -0.0119
vn -0.7017 -0.3433 0.6243
vn -0.7018 0.1819 -0.6888
vn -0.7017 0.1819 -0.6888
vn 0.7017 0.3433 -0.6243
vn 0.7018 0.3433 -0.6243
vn 0.7018 -0.1820 0.6888
vn -0.1229 0.9214 0.3686
vn 0.1228 -0.9214 -0.3686
vn -0.0296 -0.1584 0.9869
vn -0.7142 -0.1474 0.6843
vn -0.0296 -0.1585 0.9869
vn -0.9977 0.0629 0.0242
vn -0.7142 0.3492 -0.6067
vn -0.0296 0.5437 -0.8387
vn 0.6549 0.5326 -0.5361
vn 0.9385 0.3224 0.1240
vn 0.6549 0.0361 0.7548
vn -0.1421 0.9239 0.3553
vn 0.1421 -0.9239 -0.3553
vn -0.6986 -0.1006 -0.7084
vn -0.6986 -0.1176 0.7057
vn -0.6986 -0.1176 0.7058
vn 0.6978 0.1058 0.7084
vn 0.6978 0.1228 -0.7057
vn 0.1580 -0.9874 -0.0118
vn -0.1580 0.9874 0.0119
vn -0.3827 -0.9239 -0.0000
vn 0.3827 -0.9239 -0.0000
vn 0.3827 0.9239 -0.0000
vn -0.3827 0.9239 -0.0000
vn -0.6946 -0.1241 -0.7086
vn -0.6946 -0.1240 -0.7086
vn -0.6946 -0.1411 0.7055
vn 0.6935 0.1296 0.7087
vn 0.6935 0.1465 -0.7054
vn 0.1914 -0.9814 -0.0118
vn -0.1915 0.9814 0.0118
vn -0.7017 0.1820 0.6888
vn -0.7018 0.1820 0.6888
vn -0.7017 -0.3433 -0.6243
vn 0.7017 -0.1820 -0.6888
vn 0.7018 -0.1820 -0.6888
vn 0.7018 0.3433 0.6243
vn 0.7017 0.3433 0.6243
vn -0.1228 0.9214 -0.3686
vn 0.1229 -0.9214 0.3686
vn -0.7142 0.3492 0.6067
vn -0.0296 0.5437 0.8387
vn -0.9977 0.0629 -0.0242
vn -0.7142 -0.1474 -0.6843
vn -0.0296 -0.1584 -0.9869
vn 0.6549 0.0361 -0.7548
vn 0.9385 0.3224 -0.1240
vn 0.6549 0.5326 0.5361
vn -0.1421 0.9239 -0.3553
vn 0.1421 -0.9239 0.3553
vn -0.7045 -0.0691 -0.7063
vn -0.7045 -0.0521 0.7078
vn 0.7040 0.0746 0.7063
vn 0.7040 0.0576 -0.7078
vn 0.0896 -0.9959 0.0119
vn -0.0896 0.9959 -0.0120
vn -0.0897 0.9959 -0.0120
vn -0.7045 -0.0523 -0.7078
vn -0.7045 -0.0693 0.7063
vn 0.7040 0.0575 0.7078
vn 0.7040 0.0745 -0.7063
vn 0.0896 -0.9959 -0.0119
vn -0.0897 0.9959 0.0120
vn -0.7660 -0.6428 -0.0000
vn -0.1736 -0.9848 -0.0000
vn 0.5000 -0.8660 -0.0000
vn -0.1737 -0.9848 -0.0000
vn 0.9397 -0.3420 -0.0000
vn 0.9397 0.3420 -0.0000
vn 0.5000 0.8660 -0.0000
vn -0.1737 0.9848 -0.0000
vn -0.7661 0.6428 -0.0000
vn -0.1736 0.9848 -0.0000
vn -0.7660 0.6428 -0.0000
vn -0.7020 -0.0933 -0.7060
vn -0.7020 -0.0763 0.7081
vn 0.7013 0.0991 0.7060
vn 0.7013 0.0991 0.7059
vn 0.7013 0.0821 -0.7081
vn 0.1240 -0.9922 0.0119
vn -0.1239 0.9922 -0.0119
vn -0.1240 0.9922 -0.0119
vn -0.7018 -0.3433 0.6243
vn -0.7017 0.1820 -0.6888
vn -0.7018 0.1820 -0.6888
vn 0.7017 -0.1819 0.6888
vn -0.1228 0.9214 0.3686
vn 0.1229 -0.9214 -0.3686
vn -0.7020 -0.0765 -0.7081
vn -0.7019 -0.0765 -0.7082
vn -0.7020 -0.0935 0.7060
vn -0.7019 -0.0934 0.7061
vn 0.7013 0.0819 0.7081
vn 0.7014 0.0819 0.7081
vn 0.7013 0.0989 -0.7059
vn 0.7014 0.0989 -0.7059
vn 0.1240 -0.9922 -0.0119
vn -0.1240 0.9922 0.0119
vn -0.6986 -0.1175 -0.7057
vn -0.6986 -0.1176 -0.7058
vn -0.6987 -0.1006 0.7083
vn -0.6986 -0.1006 0.7084
vn 0.6978 0.1228 0.7057
vn 0.6978 0.1059 -0.7084
vn 0.6977 0.1058 -0.7085
vn -0.1578 0.9874 -0.0119
vn 0.7660 -0.6428 -0.0000
vn 0.1736 -0.9848 -0.0000
vn 0.7661 -0.6428 -0.0000
vn -0.5000 -0.8660 -0.0000
vn 0.1737 -0.9848 -0.0000
vn -0.9397 -0.3420 -0.0000
vn -0.9397 0.3420 -0.0000
vn -0.5000 0.8660 -0.0000
vn 0.1737 0.9848 -0.0000
vn 0.7660 0.6428 -0.0000
vn 0.1736 0.9848 -0.0000
vn -0.6945 -0.1411 -0.7055
vn -0.6947 -0.1411 -0.7053
vn -0.6945 -0.1241 0.7087
vn -0.6946 -0.1241 0.7086
vn 0.6935 0.1465 0.7054
vn 0.6935 0.1466 0.7054
vn 0.6935 0.1296 -0.7087
vn 0.6934 0.1296 -0.7088
vn 0.1914 -0.9814 0.0118
vn -0.1913 0.9815 -0.0118
vn -0.6945 -0.1242 -0.7087
vn -0.6947 -0.1242 -0.7085
vn -0.6946 -0.1412 0.7054
vn -0.6945 -0.1412 0.7055
vn 0.6936 0.1294 0.7087
vn 0.6934 0.1294 0.7089
vn 0.6936 0.1464 -0.7053
vn 0.6934 0.1464 -0.7055
vn -0.1913 0.9815 0.0118
vn -0.1912 0.9815 0.0118
vn -0.7045 -0.0521 -0.7078
vn -0.7046 -0.0521 -0.7077
vn -0.7045 -0.0690 0.7063
vn 0.7040 0.0577 0.7079
vn 0.7040 0.0747 -0.7063
vn 0.7039 0.0747 -0.7064
vn -0.7020 -0.0934 -0.7061
vn -0.7020 -0.0934 -0.7060
vn -0.7020 -0.0765 0.7081
vn -0.7018 -0.0765 0.7082
vn 0.7013 0.0989 0.7059
vn 0.7015 0.0989 0.7058
vn 0.7013 0.0819 -0.7081
vn 0.7014 0.0819 -0.7080
vn -0.7020 -0.0766 -0.7081
vn -0.7020 -0.0936 0.7060
vn 0.7013 0.0818 0.7081
vn 0.7012 0.0818 0.7082
vn 0.7013 0.0988 -0.7060
vn -0.7018 -0.3433 -0.6243
vn -0.7018 -0.3433 -0.6242
vn -0.1229 0.9214 -0.3686
vn 0.1228 -0.9214 0.3686
vn -0.7142 0.3491 0.6067
vn -0.0296 -0.1585 -0.9869
vn -0.6986 -0.1173 -0.7058
vn -0.6988 -0.1173 -0.7056
vn -0.6987 -0.1004 0.7084
vn -0.6987 -0.1003 0.7084
vn 0.6978 0.1061 -0.7084
vn 0.1580 -0.9874 0.0119
vn -0.1579 0.9874 -0.0118
vn -0.6986 -0.1005 -0.7084
vn -0.6987 -0.1005 -0.7084
vn -0.6987 -0.1175 0.7057
vn -0.6988 -0.1175 0.7056
vn 0.6978 0.1059 0.7084
vn 0.6977 0.1059 0.7085
vn 0.6978 0.1229 -0.7056
vn 0.6980 0.1229 -0.7055
vn -0.6946 -0.1412 -0.7054
vn -0.6947 -0.1412 -0.7053
vn -0.6946 -0.1242 0.7086
vn -0.6945 -0.1242 0.7087
vn 0.6935 0.1464 0.7054
vn 0.6935 0.1294 -0.7088
vn 0.6936 0.1295 -0.7086
vn -0.1914 0.9814 -0.0118
vn -0.1915 0.9814 -0.0118
vn 0.7017 -0.1820 0.6888
vn -0.1229 0.9215 0.3686
vn -0.0297 -0.1585 0.9869
vn -0.7142 0.3492 -0.6066
vn 0.6549 0.0361 0.7549
vn -0.1422 0.9239 0.3553
vn -0.1421 0.9239 0.3554
vn -0.7045 -0.0690 -0.7063
vn -0.7044 -0.0690 -0.7064
vn -0.7046 -0.0521 0.7077
vn -0.7043 -0.0520 0.7080
vn 0.7040 0.0747 0.7063
vn 0.7042 0.0747 0.7060
vn 0.7040 0.0577 -0.7079
vn 0.7042 0.0577 -0.7077
vn 0.0896 -0.9959 0.0120
vn -0.7065 -0.0225 -0.7074
vn -0.7065 0.0826 0.7029
vn -0.7064 0.0826 0.7029
vn 0.7067 0.0272 0.7070
vn 0.7066 0.0272 0.7071
vn 0.7067 -0.0780 -0.7032
vn 0.7066 -0.0780 -0.7033
vn -0.0393 -0.9965 0.0743
vn 0.0393 0.9965 -0.0743
vn 0.0394 0.9965 -0.0743
vn -0.7066 -0.0176 -0.7074
vn -0.7066 0.0728 0.7039
vn -0.7066 0.0727 0.7039
vn 0.7068 0.0228 0.7071
vn 0.7068 -0.0676 -0.7042
vn -0.0354 -0.9973 0.0639
vn 0.0353 0.9973 -0.0639
vn 0.0354 0.9973 -0.0639
vn -0.7063 -0.0276 -0.7074
vn -0.7063 -0.0276 -0.7073
vn -0.7063 0.0942 0.7016
vn 0.7065 0.0319 0.7070
vn 0.7065 -0.0899 -0.7020
vn 0.7065 -0.0899 -0.7019
vn -0.0442 -0.9953 0.0860
vn 0.0442 0.9953 -0.0860
vn 0.3040 -0.6305 -0.7142
vn 0.3412 -0.6255 -0.7017
vn 0.3386 -0.6258 -0.7026
vn 0.3013 -0.6308 -0.7151
vn 0.3177 -0.6375 -0.7019
vn 0.3454 -0.6302 -0.6953
vn 0.3007 -0.6491 -0.6988
vn 0.2974 -0.6509 -0.6985
vn 0.3401 -0.6319 -0.6965
vn 0.3286 -0.6443 -0.6906
vn 0.3312 -0.6448 -0.6889
vn 0.3655 -0.6538 -0.6626
vn 0.3575 -0.6526 -0.6680
vn 0.3733 -0.6479 -0.6640
vn 0.3907 -0.6381 -0.6634
vn 0.4015 -0.6302 -0.6646
vn 0.3705 -0.6542 -0.6593
vn 0.3714 -0.6562 -0.6569
vn 0.3615 -0.6633 -0.6553
vn 0.3611 -0.6669 -0.6518
vn 0.3667 -0.6621 -0.6535
vn 0.3891 -0.6296 -0.6725
vn 0.3853 -0.6273 -0.6767
vn 0.3783 -0.6448 -0.6642
vn 0.3731 -0.6457 -0.6663
vn 0.3817 -0.6402 -0.6667
vn 0.3791 -0.6415 -0.6669
vn 0.3808 -0.6415 -0.6659
vn 0.3771 -0.6436 -0.6661
vn 0.3776 -0.6426 -0.6668
vn 0.3790 -0.6438 -0.6648
vn 0.3888 -0.6256 -0.6763
vn 0.3683 -0.6568 -0.6580
vn 0.3577 -0.6633 -0.6574
vn 0.3900 -0.6250 -0.6762
vn 0.3885 -0.6250 -0.6771
vn 0.3889 -0.6231 -0.6786
vn 0.3867 -0.6232 -0.6798
vn 0.3852 -0.6279 -0.6763
vn 0.3841 -0.6272 -0.6775
vn 0.3820 -0.6315 -0.6748
vn 0.3802 -0.6355 -0.6720
vn 0.3823 -0.6343 -0.6719
vn 0.3787 -0.6402 -0.6684
vn 0.3812 -0.6392 -0.6679
vn 0.3861 -0.6355 -0.6686
vn 0.3817 -0.6400 -0.6668
vn 0.3821 -0.6398 -0.6668
vn 0.3785 -0.6438 -0.6650
vn 0.3796 -0.6456 -0.6626
vn 0.3769 -0.6449 -0.6649
vn 0.3749 -0.6476 -0.6634
vn 0.3747 -0.6448 -0.6662
vn 0.3743 -0.6438 -0.6673
vn 0.3719 -0.6479 -0.6648
vn 0.3703 -0.6517 -0.6619
vn 0.3700 -0.6520 -0.6618
vn 0.3696 -0.6531 -0.6610
vn 0.3693 -0.6540 -0.6602
vn 0.3693 -0.6541 -0.6601
vn 0.3696 -0.6539 -0.6602
vn 0.3693 -0.6542 -0.6600
vn 0.3637 -0.6580 -0.6594
vn 0.3834 -0.6480 -0.6581
vn 0.4076 -0.6429 -0.6485
vn 0.4060 -0.6432 -0.6492
vn 0.3818 -0.6484 -0.6587
vn 0.4584 -0.5972 -0.6582
vn 0.4584 -0.5973 -0.6581
vn 0.4585 -0.5971 -0.6582
vn 0.4582 -0.5974 -0.6582
vn 0.4584 -0.5971 -0.6583
vn 0.4583 -0.5972 -0.6583
vn 0.4340 -0.6040 -0.6684
vn 0.4325 -0.6045 -0.6690
vn 0.4343 -0.6056 -0.6668
vn 0.4325 -0.6045 -0.6689
vn 0.4339 -0.6196 -0.6541
vn 0.4331 -0.6209 -0.6535
vn 0.4114 -0.6450 -0.6440
vn 0.4091 -0.6459 -0.6446
vn 0.4513 -0.5992 -0.6613
vn 0.4424 -0.6030 -0.6639
vn 0.4358 -0.6029 -0.6682
vn 0.4109 -0.6477 0.6416
vn 0.4339 -0.6382 0.6359
vn 0.4318 -0.6391 0.6365
vn 0.4088 -0.6486 0.6421
vn 0.3975 -0.6334 0.6639
vn 0.3954 -0.6322 0.6663
vn 0.4043 -0.6502 0.6433
vn 0.4098 -0.6508 0.6392
vn 0.4108 -0.6272 0.6617
vn 0.3800 -0.6557 0.6525
vn 0.3732 -0.6598 0.6522
vn 0.3463 -0.6414 0.6846
vn 0.3569 -0.6369 0.6834
vn 0.3464 -0.6412 0.6847
vn 0.3561 -0.6339 0.6866
vn 0.3553 -0.6335 0.6873
vn 0.3324 -0.6471 0.6861
vn 0.3269 -0.6506 0.6855
vn 0.3312 -0.6510 0.6830
vn 0.3330 -0.6520 0.6812
vn 0.3370 -0.6521 0.6791
vn 0.3598 -0.6306 0.6876
vn 0.3576 -0.6299 0.6895
vn 0.3528 -0.6407 0.6819
vn 0.3563 -0.6471 0.6740
vn 0.3484 -0.6470 0.6782
vn 0.3550 -0.6444 0.6773
vn 0.3480 -0.6424 0.6828
vn 0.3443 -0.6468 0.6805
vn 0.3492 -0.6425 0.6821
vn 0.3594 -0.6311 0.6874
vn 0.3426 -0.6557 0.6728
vn 0.3333 -0.6528 0.6803
vn 0.3608 -0.6327 0.6852
vn 0.3634 -0.6310 0.6854
vn 0.3636 -0.6318 0.6845
vn 0.3634 -0.6320 0.6845
vn 0.3637 -0.6319 0.6844
vn 0.3650 -0.6303 0.6853
vn 0.3642 -0.6311 0.6848
vn 0.3651 -0.6301 0.6854
vn 0.3651 -0.6288 0.6865
vn 0.3638 -0.6316 0.6847
vn 0.3626 -0.6290 0.6876
vn 0.3599 -0.6375 0.6813
vn 0.3578 -0.6394 0.6806
vn 0.3567 -0.6459 0.6749
vn 0.3564 -0.6467 0.6743
vn 0.3557 -0.6465 0.6749
vn 0.3563 -0.6471 0.6741
vn 0.3510 -0.6415 0.6821
vn 0.3507 -0.6419 0.6819
vn 0.3494 -0.6428 0.6817
vn 0.3476 -0.6428 0.6826
vn 0.3469 -0.6448 0.6811
vn 0.3458 -0.6459 0.6806
vn 0.3462 -0.6437 0.6825
vn 0.3453 -0.6520 0.6750
vn 0.3456 -0.6505 0.6763
vn 0.3442 -0.6609 0.6669
vn 0.3421 -0.6595 0.6693
vn 0.3444 -0.6596 0.6680
vn 0.3362 -0.6560 0.6757
vn 0.3173 -0.6414 0.6986
vn 0.3406 -0.6338 0.6944
vn 0.3386 -0.6345 0.6948
vn 0.3152 -0.6420 0.6989
vn 0.3325 -0.6258 0.7056
vn 0.3410 -0.6234 0.7036
vn 0.3412 -0.6234 0.7036
vn 0.3401 -0.6237 0.7038
vn 0.3317 -0.6252 0.7065
vn 0.3411 -0.6234 0.7036
vn 0.3411 -0.6233 0.7036
vn 0.3415 -0.6233 0.7035
vn 0.3407 -0.6250 0.7023
vn 0.3358 -0.6275 0.7025
vn 0.3421 -0.6276 0.6993
vn 0.3417 -0.6273 0.6998
vn 0.3430 -0.6259 0.7004
vn 0.3424 -0.6234 0.7029
vn 0.3394 -0.6272 0.7010
vn 0.3381 -0.6233 0.7052
vn 0.3344 -0.6284 0.7024
vn 0.3313 -0.6282 0.7040
vn 0.3044 -0.6346 0.7103
vn 0.3025 -0.6349 0.7110
vn 0.3425 -0.6265 0.7002
vn 0.3406 -0.6278 0.6999
vn 0.3430 -0.6270 0.6994
vn -1.0000 -0.0000 -0.0008
vn -1.0000 -0.0000 -0.0003
vn -0.0574 -0.3745 -0.9254
vn -0.0568 -0.3673 -0.9284
vn -0.0575 -0.3751 -0.9252
vn -0.0568 -0.3673 0.9284
vn -0.0574 -0.3745 0.9254
vn -0.0575 -0.3751 0.9252
vn -0.0485 -0.3638 -0.9302
vn -0.0482 -0.3605 -0.9315
vn -0.0485 -0.3641 -0.9301
vn -0.0482 -0.3605 0.9315
vn -0.0485 -0.3638 0.9302
vn -0.0485 -0.3641 0.9301
vn -0.0422 -0.3598 -0.9321
vn -0.0421 -0.3586 -0.9325
vn -0.0422 -0.3599 -0.9320
vn -0.0421 -0.3586 0.9325
vn -0.0422 -0.3598 0.9321
vn -0.0422 -0.3599 0.9320
vn -0.0375 -0.3625 -0.9312
vn -0.0377 -0.3648 -0.9303
vn -0.0375 -0.3624 -0.9313
vn -0.0377 -0.3648 0.9303
vn -0.0375 -0.3625 0.9312
vn -0.0375 -0.3624 0.9313
vn 0.0083 -0.3988 -0.9170
vn 0.0074 -0.3904 -0.9206
vn 0.0073 -0.3897 -0.9209
vn 0.0074 -0.3904 0.9206
vn 0.0083 -0.3988 0.9170
vn 0.0073 -0.3897 0.9209
vn 0.0946 -0.4671 -0.8791
vn 0.0934 -0.4490 -0.8886
vn 0.0933 -0.4476 -0.8894
vn 0.0934 -0.4490 0.8886
vn 0.0946 -0.4671 0.8791
vn 0.0933 -0.4476 0.8894
vn 0.2154 -0.5723 -0.7912
vn 0.2165 -0.5474 -0.8084
vn 0.2166 -0.5454 -0.8097
vn 0.2165 -0.5474 0.8084
vn 0.2154 -0.5723 0.7912
vn 0.2166 -0.5454 0.8097
vn 0.2865 -0.6102 -0.7386
vn 0.2895 -0.5878 -0.7555
vn 0.2897 -0.5861 -0.7567
vn 0.2895 -0.5878 0.7555
vn 0.2865 -0.6102 0.7386
vn 0.2897 -0.5861 0.7567
vn -0.0000 -0.5878 -0.8090
vn -0.0000 -0.9511 -0.3090
vn -0.0000 -0.9511 0.3090
vn -0.0000 -0.5878 0.8090
vn -0.0000 0.5878 0.8090
vn -0.0000 0.9511 0.3090
vn -0.0000 0.9511 -0.3090
vn -0.0000 0.5878 -0.8090
vn -0.0000 0.4061 -0.9138
vn -0.5371 0.4061 -0.7393
vn -0.8691 0.4061 -0.2824
vn -0.8691 0.4061 0.2824
vn -0.5371 0.4061 0.7393
vn -0.0000 0.4061 0.9138
vn 0.5371 0.4061 0.7393
vn 0.8691 0.4061 0.2824
vn 0.8691 0.4061 -0.2824
vn 0.5371 0.4061 -0.7393
vn 0.7636 -0.6457 -0.0001
vn 0.7636 -0.6456 -0.0001
vn -0.7636 0.6457 -0.0001
vn -0.7636 0.6456 -0.0000
vn -0.7637 0.6456 -0.0000
vn 0.3229 0.3818 0.8660
vn 0.3227 0.3818 -0.8661
vn -0.7636 0.6457 0.0001
vn -0.3228 -0.3819 -0.8660
vn 0.0778 0.7779 0.6235
vn -0.0001 1.0000 -0.0000
vn 0.0001 1.0000 -0.0000
vn -0.0001 -1.0000 -0.0000
vn 0.0001 -1.0000 -0.0000
vn -0.0092 0.9993 -0.0349
vn 0.1502 0.9866 -0.0643
vn 0.3821 0.2505 0.8895
vn 0.9226 0.0650 0.3804
vn 0.9226 0.0649 0.3804
vn -0.9225 0.1587 -0.3517
vn 0.0530 0.9550 -0.2919
vn 0.0531 0.9550 -0.2919
vn -0.1238 0.9922 -0.0119
vn -0.1912 0.9815 -0.0118
vn 0.0897 -0.9959 -0.0119
vn -0.1241 0.9922 0.0120
vn 0.7018 0.3433 0.6242
vn -0.1422 0.9239 -0.3553
vn -0.1580 0.9874 0.0118
vn -0.0567 -0.3667 -0.9286
vn -0.0567 -0.3667 0.9286
vn -0.0481 -0.3602 -0.9316
vn -0.0481 -0.3602 0.9316
vn -0.0421 -0.3585 -0.9326
vn -0.0421 -0.3585 0.9326
vn -0.0377 -0.3650 -0.9302
vn -0.0377 -0.3650 0.9302
vn 0.0084 -0.3994 -0.9167
vn 0.0084 -0.3994 0.9167
vn 0.0947 -0.4685 -0.8784
vn 0.0947 -0.4685 0.8784
vn 0.2154 -0.5742 -0.7899
vn 0.2154 -0.5742 0.7899
vn 0.2862 -0.6118 -0.7374
vn 0.2862 -0.6118 0.7374
f 1/1/1 2/2/1 3/3/1
f 4/4/2 5/5/2 6/6/2
f 7/7/3 6/8/3 2/9/3
f 1/10/4 4/11/4 7/12/4
f 3/13/5 8/14/5 1/15/5
f 2/16/6 5/17/6 3/18/6
f 9/19/6 10/20/6 11/21/6
f 12/22/6 13/23/6 14/24/6
f 15/25/6 12/22/6 14/24/6
f 12/22/6 15/25/6 10/20/6
f 11/21/6 10/20/6 15/25/6
f 16/26/6 17/27/6 18/28/6
f 19/29/6 16/26/6 18/28/6
f 20/30/6 21/31/6 22/32/6
f 23/33/6 24/34/6 25/35/6
f 26/36/7 25/35/6 24/34/6
f 25/35/6 26/36/7 27/37/6
f 28/38/7 27/37/6 26/36/7
f 29/39/6 30/40/6 21/31/6
f 22/32/6 21/31/6 30/40/6
f 27/37/6 28/38/7 31/41/6
f 13/23/6 31/41/6 28/38/7
f 14/24/6 13/23/6 28/38/7
f 32/42/6 33/43/6 34/44/6
f 33/43/6 35/45/6 34/44/6
f 17/27/6 34/44/6 35/45/6
f 18/28/6 17/27/6 35/45/6
f 19/29/6 18/28/6 36/46/6
f 37/47/6 19/29/6 36/46/6
f 36/46/6 38/48/6 37/47/6
f 39/49/6 37/47/6 38/48/6
f 38/48/6 20/30/6 39/49/6
f 20/30/6 22/32/6 39/49/6
f 40/50/8 41/51/7 42/52/6
f 42/52/6 43/53/8 40/50/8
f 44/54/6 45/55/6 46/56/6
f 47/57/7 48/58/6 42/52/6
f 43/53/8 42/52/6 48/58/6
f 49/59/6 50/60/6 51/61/6
f 52/62/6 51/61/6 50/60/6
f 50/60/6 53/63/6 52/62/6
f 53/63/6 54/64/6 52/62/6
f 55/65/6 56/66/6 57/67/6
f 58/68/6 57/67/6 56/66/6
f 56/66/6 59/69/6 58/68/6
f 45/55/6 44/54/6 60/70/6
f 61/71/6 45/55/6 60/70/6
f 60/70/6 62/72/6 61/71/6
f 63/73/6 61/71/6 62/72/6
f 62/72/6 49/59/6 63/73/6
f 49/59/6 51/61/6 63/73/6
f 52/62/6 54/64/6 64/74/6
f 54/64/6 65/75/6 64/74/6
f 66/76/6 64/74/6 65/75/6
f 67/77/6 66/76/6 65/75/6
f 58/68/6 59/69/6 68/78/7
f 59/69/6 69/79/8 68/78/7
f 69/79/8 70/80/8 68/78/7
f 47/57/7 68/78/7 70/80/8
f 48/58/6 47/57/7 70/80/8
f 44/54/6 46/56/6 23/33/6
f 24/34/6 23/33/6 46/56/6
f 66/76/6 67/77/6 32/42/6
f 33/43/6 32/42/6 67/77/6
f 30/40/6 29/39/6 41/51/7
f 41/51/7 40/50/8 30/40/6
f 71/81/6 72/82/6 73/83/6
f 74/84/6 75/85/6 76/86/6
f 77/87/6 74/84/6 76/86/6
f 74/84/6 77/87/6 72/82/6
f 73/83/6 72/82/6 77/87/6
f 78/88/6 79/89/6 80/90/6
f 81/91/6 78/88/6 80/90/6
f 82/92/6 83/93/6 84/94/6
f 85/95/6 86/96/6 87/97/6
f 88/98/7 87/97/6 86/96/6
f 87/97/6 88/98/7 89/99/6
f 90/100/7 89/99/6 88/98/7
f 91/101/6 92/102/6 83/93/6
f 84/94/6 83/93/6 92/102/6
f 89/99/6 90/100/7 93/103/6
f 75/85/6 93/103/6 90/100/7
f 76/86/6 75/85/6 90/100/7
f 94/104/6 95/105/6 96/106/6
f 95/105/6 97/107/6 96/106/6
f 79/89/6 96/106/6 97/107/6
f 80/90/6 79/89/6 97/107/6
f 81/91/6 80/90/6 98/108/6
f 99/109/6 81/91/6 98/108/6
f 98/108/6 100/110/6 99/109/6
f 101/111/6 99/109/6 100/110/6
f 100/110/6 82/92/6 101/111/6
f 82/92/6 84/94/6 101/111/6
f 102/112/8 103/113/7 104/114/6
f 104/114/6 105/115/8 102/112/8
f 106/116/6 107/117/6 108/118/6
f 109/119/7 110/120/6 104/114/6
f 105/115/8 104/114/6 110/120/6
f 111/121/6 112/122/6 113/123/6
f 114/124/6 113/123/6 112/122/6
f 112/122/6 115/125/6 114/124/6
f 115/125/6 116/126/6 114/124/6
f 117/127/6 118/128/6 119/129/6
f 120/130/6 119/129/6 118/128/6
f 118/128/6 121/131/6 120/130/6
f 107/117/6 106/116/6 122/132/6
f 123/133/6 107/117/6 122/132/6
f 122/132/6 124/134/6 123/133/6
f 125/135/6 123/133/6 124/134/6
f 124/134/6 111/121/6 125/135/6
f 111/121/6 113/123/6 125/135/6
f 114/124/6 116/126/6 126/136/6
f 116/126/6 127/137/6 126/136/6
f 128/138/6 126/136/6 127/137/6
f 129/139/6 128/138/6 127/137/6
f 120/130/6 121/131/6 130/140/7
f 121/131/6 131/141/8 130/140/7
f 131/141/8 132/142/8 130/140/7
f 109/119/7 130/140/7 132/142/8
f 110/120/6 109/119/7 132/142/8
f 106/116/6 108/118/6 85/95/6
f 86/96/6 85/95/6 108/118/6
f 128/138/6 129/139/6 94/104/6
f 95/105/6 94/104/6 129/139/6
f 92/102/6 91/101/6 103/113/7
f 103/113/7 102/112/8 92/102/6
f 133/143/6 134/144/6 135/145/6
f 135/145/6 136/146/6 133/143/6
f 136/146/6 137/147/6 133/143/6
f 138/148/6 139/149/6 140/150/6
f 141/151/6 142/152/6 143/153/6
f 141/151/6 143/153/6 140/150/6
f 138/148/6 140/150/6 143/153/6
f 141/151/6 140/150/6 135/145/6
f 136/146/6 135/145/6 140/150/6
f 137/147/6 136/146/6 139/149/6
f 139/149/6 138/148/6 137/147/6
f 144/154/6 145/155/6 146/156/6
f 147/157/6 148/158/6 145/155/6
f 149/159/6 147/157/6 145/155/6
f 145/155/6 144/154/6 149/159/6
f 144/154/6 150/160/6 149/159/6
f 151/161/6 152/162/6 153/163/6
f 148/158/6 147/157/6 154/164/6
f 154/164/6 155/165/6 148/158/6
f 146/156/6 145/155/6 156/166/6
f 156/166/6 157/167/6 146/156/6
f 152/162/6 151/161/6 150/160/6
f 149/159/6 150/160/6 151/161/6
f 158/168/6 159/169/6 160/170/6
f 161/171/6 160/170/6 159/169/6
f 159/169/6 162/172/6 161/171/6
f 163/173/6 161/171/6 162/172/6
f 155/165/6 154/164/6 164/174/6
f 160/170/6 161/171/6 156/166/6
f 157/167/6 156/166/6 161/171/6
f 165/175/6 166/176/6 153/163/6
f 151/161/6 153/163/6 166/176/6
f 167/177/6 168/178/6 169/179/6
f 170/180/6 167/177/6 169/179/6
f 169/179/6 171/181/6 170/180/6
f 172/182/6 170/180/6 171/181/6
f 171/181/6 173/183/6 172/182/6
f 173/183/6 174/184/6 172/182/6
f 175/185/6 172/182/6 174/184/6
f 174/184/6 176/186/6 175/185/6
f 177/187/6 175/185/6 176/186/6
f 176/186/6 178/188/6 177/187/6
f 179/189/6 177/187/6 178/188/6
f 178/188/6 180/190/6 179/189/6
f 180/190/6 181/191/6 179/189/6
f 182/192/6 179/189/6 181/191/6
f 181/191/6 183/193/6 182/192/6
f 184/194/6 182/192/6 183/193/6
f 185/195/6 184/194/6 183/193/6
f 164/174/6 154/164/6 168/178/6
f 168/178/6 167/177/6 164/174/6
f 184/194/6 185/195/6 158/168/6
f 159/169/6 158/168/6 185/195/6
f 163/173/6 162/172/6 186/196/6
f 187/197/6 163/173/6 186/196/6
f 186/196/6 188/198/6 187/197/6
f 189/199/6 187/197/6 188/198/6
f 188/198/6 190/200/6 189/199/6
f 190/200/6 191/201/6 189/199/6
f 191/201/6 192/202/6 189/199/6
f 193/203/6 189/199/6 192/202/6
f 192/202/6 194/204/6 193/203/6
f 195/205/6 193/203/6 194/204/6
f 194/204/6 196/206/6 195/205/6
f 196/206/6 197/207/7 195/205/6
f 198/208/6 195/205/6 197/207/7
f 197/207/7 199/209/6 198/208/6
f 200/210/6 198/208/6 199/209/6
f 199/209/6 201/211/6 200/210/6
f 165/175/6 200/210/6 201/211/6
f 166/176/6 165/175/6 201/211/6
f 202/212/6 203/213/6 204/214/6
f 204/214/6 205/215/6 202/212/6
f 205/215/6 206/216/6 202/212/6
f 207/217/6 208/218/6 209/219/6
f 210/220/6 211/221/6 212/222/6
f 210/220/6 212/222/6 209/219/6
f 207/217/6 209/219/6 212/222/6
f 210/220/6 209/219/6 204/214/6
f 205/215/6 204/214/6 209/219/6
f 206/216/6 205/215/6 208/218/6
f 208/218/6 207/217/6 206/216/6
f 213/223/6 214/224/6 215/225/6
f 216/226/6 213/223/6 215/225/6
f 215/225/6 217/227/8 216/226/6
f 217/227/8 218/228/6 216/226/6
f 214/224/6 213/223/6 219/229/6
f 219/229/6 220/230/6 214/224/6
f 217/227/8 215/225/6 221/231/6
f 221/231/6 222/232/6 217/227/8
f 223/233/6 224/234/6 218/228/6
f 216/226/6 218/228/6 224/234/6
f 225/235/6 226/236/6 227/237/6
f 228/238/6 229/239/6 230/240/6
f 231/241/6 228/238/6 230/240/6
f 228/238/6 231/241/6 226/236/6
f 227/237/6 226/236/6 231/241/6
f 232/242/6 233/243/6 234/244/6
f 235/245/6 232/242/6 234/244/6
f 236/246/6 237/247/6 238/248/6
f 239/249/6 240/250/6 241/251/6
f 242/252/7 241/251/6 240/250/6
f 241/251/6 242/252/7 243/253/6
f 244/254/7 243/253/6 242/252/7
f 245/255/6 246/256/6 237/247/6
f 238/248/6 237/247/6 246/256/6
f 243/253/6 244/254/7 247/257/6
f 229/239/6 247/257/6 244/254/7
f 230/240/6 229/239/6 244/254/7
f 248/258/6 249/259/6 250/260/6
f 249/259/6 251/261/6 250/260/6
f 233/243/6 250/260/6 251/261/6
f 234/244/6 233/243/6 251/261/6
f 235/245/6 234/244/6 252/262/6
f 253/263/6 235/245/6 252/262/6
f 252/262/6 254/264/6 253/263/6
f 255/265/6 253/263/6 254/264/6
f 254/264/6 236/246/6 255/265/6
f 236/246/6 238/248/6 255/265/6
f 256/266/8 257/267/7 258/268/6
f 258/268/6 259/269/8 256/266/8
f 260/270/6 261/271/6 262/272/6
f 263/273/7 264/274/6 258/268/6
f 259/269/8 258/268/6 264/274/6
f 265/275/6 266/276/6 267/277/6
f 268/278/6 267/277/6 266/276/6
f 266/276/6 269/279/6 268/278/6
f 269/279/6 270/280/6 268/278/6
f 271/281/6 272/282/6 273/283/6
f 274/284/6 273/283/6 272/282/6
f 272/282/6 275/285/6 274/284/6
f 261/271/6 260/270/6 276/286/6
f 277/287/6 261/271/6 276/286/6
f 276/286/6 278/288/6 277/287/6
f 279/289/6 277/287/6 278/288/6
f 278/288/6 265/275/6 279/289/6
f 265/275/6 267/277/6 279/289/6
f 268/278/6 270/280/6 280/290/6
f 270/280/6 281/291/6 280/290/6
f 282/292/6 280/290/6 281/291/6
f 283/293/6 282/292/6 281/291/6
f 274/284/6 275/285/6 284/294/7
f 275/285/6 285/295/8 284/294/7
f 285/295/8 286/296/8 284/294/7
f 263/273/7 284/294/7 286/296/8
f 264/274/6 263/273/7 286/296/8
f 260/270/6 262/272/6 239/249/6
f 240/250/6 239/249/6 262/272/6
f 282/292/6 283/293/6 248/258/6
f 249/259/6 248/258/6 283/293/6
f 246/256/6 245/255/6 257/267/7
f 257/267/7 256/266/8 246/256/6
f 287/297/1 288/298/1 289/299/1
f 290/300/2 291/301/2 292/302/2
f 293/303/3 292/304/3 288/305/3
f 287/306/4 290/307/4 293/308/4
f 289/309/5 294/310/5 287/311/5
f 288/312/6 291/313/6 289/314/6
f 295/315/1 296/316/1 297/317/1
f 298/318/2 299/319/2 300/320/2
f 301/321/3 300/322/3 296/323/3
f 295/324/4 298/325/4 301/326/4
f 297/327/5 302/328/5 295/329/5
f 296/330/6 299/331/6 297/332/6
f 303/333/1 304/334/1 305/335/1
f 306/336/2 307/337/2 308/338/2
f 309/339/3 308/340/3 304/341/3
f 303/342/4 306/343/4 309/344/4
f 305/345/5 310/346/5 303/347/5
f 304/348/6 307/349/6 305/350/6
f 311/351/1 312/352/1 313/353/1
f 314/354/2 315/355/2 316/356/2
f 317/357/3 316/358/3 312/359/3
f 311/360/4 314/361/4 317/362/4
f 313/363/5 318/364/5 311/365/5
f 312/366/6 315/367/6 313/368/6
f 319/369/1 320/370/1 321/371/1
f 322/372/2 323/373/2 324/374/2
f 325/375/3 324/376/3 320/377/3
f 319/378/4 322/379/4 325/380/4
f 321/381/5 326/382/5 319/383/5
f 320/384/6 323/385/6 321/386/6
f 327/387/1 328/388/1 329/389/1
f 330/390/2 331/391/2 332/392/2
f 333/393/3 332/394/3 328/395/3
f 327/396/4 330/397/4 333/398/4
f 329/399/5 334/400/5 327/401/5
f 328/402/6 331/403/6 329/404/6
f 335/405/1 336/406/1 337/407/1
f 338/408/2 339/409/2 340/410/2
f 341/411/3 340/412/3 336/413/3
f 335/414/4 338/415/4 341/416/4
f 337/417/5 342/418/5 335/419/5
f 336/420/6 339/421/6 337/422/6
f 343/423/1 344/424/1 345/425/1
f 346/426/2 347/427/2 348/428/2
f 349/429/3 348/430/3 344/431/3
f 343/432/4 346/433/4 349/434/4
f 345/435/5 350/436/5 343/437/5
f 344/438/6 347/439/6 345/440/6
f 351/441/1 352/442/1 353/443/1
f 354/444/2 355/445/2 356/446/2
f 357/447/3 356/448/3 352/449/3
f 351/450/4 354/451/4 357/452/4
f 353/453/5 358/454/5 351/455/5
f 352/456/6 355/457/6 353/458/6
f 359/459/1 360/460/1 361/461/1
f 362/462/2 363/463/2 364/464/2
f 365/465/3 364/466/3 360/467/3
f 359/468/4 362/469/4 365/470/4
f 361/471/5 366/472/5 359/473/5
f 360/474/6 363/475/6 361/476/6
f 367/477/1 368/478/1 369/479/1
f 370/480/2 371/481/2 372/482/2
f 373/483/3 372/484/3 368/485/3
f 367/486/4 370/487/4 373/488/4
f 369/489/5 374/490/5 367/491/5
f 368/492/6 371/493/6 369/494/6
f 375/495/1 376/496/1 377/497/1
f 378/498/2 379/499/2 380/500/2
f 381/501/3 380/502/3 376/503/3
f 375/504/4 378/505/4 381/506/4
f 377/507/5 382/508/5 375/509/5
f 376/510/6 379/511/6 377/512/6
f 383/513/1 384/514/1 385/515/1
f 386/516/2 387/517/2 388/518/2
f 389/519/3 388/520/3 384/521/3
f 383/522/4 386/523/4 389/524/4
f 385/525/5 390/526/5 383/527/5
f 384/528/6 387/529/6 385/530/6
f 391/531/1 392/532/1 393/533/1
f 394/534/2 395/535/2 396/536/2
f 397/537/3 396/538/3 392/539/3
f 391/540/4 394/541/4 397/542/4
f 393/543/5 398/544/5 391/545/5
f 392/546/6 395/547/6 393/548/6
f 399/549/1 400/550/1 401/551/1
f 402/552/2 403/553/2 404/554/2
f 405/555/3 404/556/3 400/557/3
f 399/558/4 402/559/4 405/560/4
f 401/561/5 406/562/5 399/563/5
f 400/564/6 403/565/6 401/566/6
f 407/567/1 408/568/1 409/569/1
f 410/570/2 411/571/2 412/572/2
f 413/573/3 412/574/3 408/575/3
f 407/576/4 410/577/4 413/578/4
f 409/579/5 414/580/5 407/581/5
f 408/582/6 411/583/6 409/584/6
f 415/585/1 416/586/1 417/587/1
f 418/588/2 419/589/2 420/590/2
f 421/591/3 420/592/3 416/593/3
f 415/594/4 418/595/4 421/596/4
f 417/597/5 422/598/5 415/599/5
f 416/600/6 419/601/6 417/602/6
f 423/603/1 424/604/1 425/605/1
f 426/606/2 427/607/2 428/608/2
f 429/609/3 428/610/3 424/611/3
f 423/612/4 426/613/4 429/614/4
f 425/615/5 430/616/5 423/617/5
f 424/618/6 427/619/6 425/620/6
f 431/621/1 432/622/1 433/623/1
f 434/624/2 435/625/2 436/626/2
f 437/627/3 436/628/3 432/629/3
f 431/630/4 434/631/4 437/632/4
f 433/633/5 438/634/5 431/635/5
f 432/636/6 435/637/6 433/638/6
f 439/639/1 440/640/1 441/641/1
f 442/642/2 443/643/2 444/644/2
f 445/645/3 444/646/3 440/647/3
f 439/648/4 442/649/4 445/650/4
f 441/651/5 446/652/5 439/653/5
f 440/654/6 443/655/6 441/656/6
f 447/657/1 448/658/1 449/659/1
f 450/660/2 451/661/2 452/662/2
f 453/663/3 452/664/3 448/665/3
f 447/666/4 450/667/4 453/668/4
f 449/669/5 454/670/5 447/671/5
f 448/672/6 451/673/6 449/674/6
f 455/675/9 456/676/5 457/677/5
f 458/678/6 459/679/10 455/680/10
f 460/681/11 461/682/6 458/678/6
f 462/683/3 463/684/12 460/685/12
f 464/686/13 465/687/3 462/683/3
f 466/688/4 467/689/14 464/690/14
f 468/691/15 469/692/4 466/688/4
f 457/677/5 470/693/16 468/694/16
f 462/695/1 458/696/1 457/697/1
f 469/698/2 470/699/2 463/700/2
f 471/701/17 472/702/17 473/703/17
f 474/704/18 472/705/18 475/706/18
f 476/707/19 477/708/19 474/709/19
f 478/710/20 479/711/20 476/707/20
f 480/712/21 481/713/21 478/714/21
f 480/715/22 473/703/22 482/716/22
f 474/717/23 475/718/23 471/719/23
f 479/720/24 481/721/24 482/722/24
f 483/723/5 484/724/5 485/725/5
f 486/726/5 483/723/5 485/725/5
f 485/725/5 487/727/5 486/726/5
f 487/727/5 488/728/5 486/726/5
f 484/724/5 483/723/5 489/729/5
f 489/729/5 490/730/5 484/724/5
f 487/727/5 485/725/5 491/731/5
f 491/731/5 492/732/5 487/727/5
f 493/733/5 494/734/5 488/728/5
f 486/726/5 488/728/5 494/734/5
f 495/735/5 496/736/5 497/737/5
f 498/738/5 497/737/5 496/736/5
f 496/736/5 499/739/5 498/738/5
f 500/740/5 501/741/5 502/742/5
f 503/743/5 502/742/5 504/744/5
f 499/739/5 496/736/5 502/742/5
f 498/738/5 499/739/5 505/745/5
f 502/742/5 503/743/5 499/739/5
f 500/740/5 502/742/5 496/736/5
f 506/746/5 507/747/5 508/748/5
f 509/749/5 508/748/5 507/747/5
f 507/747/5 510/750/5 509/749/5
f 510/750/5 511/751/5 509/749/5
f 512/752/5 509/749/5 511/751/5
f 511/751/5 513/753/5 512/752/5
f 514/754/5 515/755/5 516/756/5
f 515/755/5 517/757/5 516/756/5
f 518/758/5 516/756/5 517/757/5
f 516/756/5 518/758/5 519/759/5
f 518/758/5 520/760/5 519/759/5
f 521/761/5 519/759/5 520/760/5
f 519/759/5 521/761/5 522/762/5
f 521/761/5 523/763/5 522/762/5
f 524/764/5 522/762/5 523/763/5
f 523/763/5 525/765/5 524/764/5
f 525/765/5 526/766/5 524/764/5
f 508/748/5 524/764/5 526/766/5
f 506/746/5 508/748/5 526/766/5
f 527/767/5 528/768/5 529/769/5
f 528/768/5 527/767/5 530/770/5
f 531/771/5 532/772/5 533/773/5
f 529/769/5 528/768/5 533/773/5
f 533/773/5 532/772/5 529/769/5
f 534/774/5 535/775/5 536/776/5
f 537/777/5 536/776/5 535/775/5
f 538/778/5 537/777/5 535/775/5
f 535/775/5 539/779/5 538/778/5
f 540/780/5 538/778/5 539/779/5
f 541/781/5 540/780/5 539/779/5
f 539/779/5 542/782/5 541/781/5
f 542/782/5 543/783/5 541/781/5
f 531/771/5 533/773/5 544/784/5
f 545/785/5 531/771/5 544/784/5
f 546/786/5 545/785/5 544/784/5
f 544/784/5 534/774/5 546/786/5
f 534/774/5 536/776/5 546/786/5
f 528/768/5 530/770/5 514/754/5
f 530/770/5 547/787/5 514/754/5
f 515/755/5 514/754/5 547/787/5
f 548/788/5 549/789/5 550/790/5
f 550/790/5 549/789/5 551/791/5
f 551/791/5 552/792/5 550/790/5
f 548/788/5 550/790/5 553/793/5
f 554/794/5 555/795/5 556/796/5
f 557/797/5 556/796/5 555/795/5
f 555/795/5 558/798/5 557/797/5
f 559/799/5 560/800/5 561/801/5
f 558/798/5 555/795/5 562/802/5
f 562/802/5 563/803/5 558/798/5
f 557/797/5 558/798/5 561/801/5
f 561/801/5 560/800/5 557/797/5
f 564/804/3 565/805/3 566/806/3
f 567/807/3 564/804/3 566/806/3
f 566/806/3 568/808/3 567/807/3
f 568/808/3 569/809/3 567/807/3
f 565/805/3 564/804/3 570/810/3
f 570/810/3 571/811/3 565/805/3
f 568/808/3 566/806/3 572/812/3
f 572/812/3 573/813/3 568/808/3
f 574/814/3 575/815/3 569/809/3
f 567/807/3 569/809/3 575/815/3
f 576/816/3 577/817/3 578/818/3
f 579/819/3 578/818/3 577/817/3
f 577/817/3 580/820/3 579/819/3
f 581/821/3 582/822/3 583/823/3
f 584/824/3 583/823/3 585/825/3
f 580/820/3 577/817/3 583/823/3
f 579/819/3 580/820/3 586/826/3
f 583/823/3 584/824/3 580/820/3
f 581/821/3 583/823/3 577/817/3
f 587/827/3 588/828/3 589/829/3
f 590/830/3 589/829/3 588/828/3
f 588/828/3 591/831/3 590/830/3
f 591/831/3 592/832/3 590/830/3
f 593/833/3 590/830/3 592/832/3
f 592/832/3 594/834/3 593/833/3
f 595/835/3 596/836/3 597/837/3
f 596/836/3 598/838/3 597/837/3
f 599/839/3 597/837/3 598/838/3
f 597/837/3 599/839/3 600/840/3
f 599/839/3 601/841/3 600/840/3
f 602/842/3 600/840/3 601/841/3
f 600/840/3 602/842/3 603/843/3
f 602/842/3 604/844/3 603/843/3
f 605/845/3 603/843/3 604/844/3
f 604/844/3 606/846/3 605/845/3
f 606/846/3 607/847/3 605/845/3
f 589/829/3 605/845/3 607/847/3
f 587/827/3 589/829/3 607/847/3
f 608/848/3 609/849/3 610/850/3
f 609/849/3 608/848/3 611/851/3
f 612/852/3 613/853/3 614/854/3
f 610/850/3 609/849/3 614/854/3
f 614/854/3 613/853/3 610/850/3
f 615/855/3 616/856/3 617/857/3
f 618/858/3 617/857/3 616/856/3
f 619/859/3 618/858/3 616/856/3
f 616/856/3 620/860/3 619/859/3
f 621/861/3 619/859/3 620/860/3
f 622/862/3 621/861/3 620/860/3
f 620/860/3 623/863/3 622/862/3
f 623/863/3 624/864/3 622/862/3
f 612/852/3 614/854/3 625/865/3
f 626/866/3 612/852/3 625/865/3
f 627/867/3 626/866/3 625/865/3
f 625/865/3 615/855/3 627/867/3
f 615/855/3 617/857/3 627/867/3
f 609/849/3 611/851/3 595/835/3
f 611/851/3 628/868/3 595/835/3
f 596/836/3 595/835/3 628/868/3
f 629/869/3 630/870/3 631/871/3
f 631/871/3 630/870/3 632/872/3
f 632/872/3 633/873/3 631/871/3
f 629/869/3 631/871/3 634/874/3
f 635/875/3 636/876/3 637/877/3
f 638/878/3 637/877/3 636/876/3
f 636/876/3 639/879/3 638/878/3
f 640/880/3 641/881/3 642/882/3
f 639/879/3 636/876/3 643/883/3
f 643/883/3 644/884/3 639/879/3
f 638/878/3 639/879/3 642/882/3
f 642/882/3 641/881/3 638/878/3
f 645/885/25 646/886/25 647/887/25
f 648/888/26 649/889/26 650/890/26
f 651/891/27 650/892/27 646/886/27
f 651/893/5 652/894/5 648/895/5
f 647/896/28 652/897/28 645/898/28
f 646/899/3 649/900/3 647/901/3
f 653/902/5 654/903/29 655/904/5
f 656/905/29 657/906/30 654/903/29
f 658/907/31 657/908/30 659/909/30
f 660/910/32 661/911/31 658/907/31
f 660/910/32 662/912/33 663/913/32
f 664/914/34 662/915/33 665/916/33
f 666/917/3 667/918/34 664/914/34
f 668/919/35 669/920/3 666/917/3
f 670/921/36 671/922/35 668/919/35
f 670/923/36 672/924/37 673/925/36
f 674/926/38 672/924/37 675/927/37
f 676/928/39 677/929/38 674/926/38
f 676/930/39 678/931/40 679/932/39
f 680/933/40 655/904/5 678/931/40
f 659/934/41 653/935/41 675/936/41
f 661/937/42 669/938/42 677/939/42
f 681/940/25 682/941/25 683/942/25
f 684/943/43 685/944/44 686/945/44
f 687/946/45 688/947/45 684/948/46
f 687/949/47 689/950/48 690/951/47
f 691/952/49 692/953/49 689/950/50
f 693/954/51 692/955/51 694/956/52
f 686/945/53 695/957/53 693/958/54
f 687/959/41 684/960/55 686/961/41
f 692/962/42 695/963/42 688/964/42
f 696/965/5 697/966/29 698/967/5
f 699/968/29 700/969/30 697/966/29
f 701/970/31 700/971/30 702/972/30
f 703/973/32 704/974/31 701/970/31
f 703/973/32 705/975/33 706/976/32
f 707/977/34 705/978/33 708/979/33
f 709/980/3 710/981/34 707/977/34
f 711/982/35 712/983/3 709/980/3
f 713/984/36 714/985/35 711/982/35
f 713/986/36 715/987/37 716/988/36
f 717/989/38 715/987/37 718/990/37
f 719/991/39 720/992/38 717/989/38
f 719/993/39 721/994/40 722/995/39
f 723/996/40 698/967/5 721/994/40
f 702/997/41 696/998/41 718/999/41
f 721/1000/42 704/1001/42 712/1002/42
f 724/1003/26 725/1004/26 726/1005/26
f 727/1006/43 728/1007/44 729/1008/44
f 730/1009/45 731/1010/45 727/1011/46
f 730/1012/47 732/1013/48 733/1014/47
f 734/1015/49 735/1016/49 732/1013/50
f 736/1017/51 735/1018/51 737/1019/52
f 729/1008/53 738/1020/53 736/1021/54
f 730/1022/41 727/1023/55 729/1024/41
f 735/1025/42 738/1026/42 731/1027/42
f 739/1028/5 740/1029/29 741/1030/5
f 742/1031/29 743/1032/30 740/1029/29
f 744/1033/31 743/1034/30 745/1035/30
f 746/1036/32 747/1037/31 744/1033/31
f 746/1036/32 748/1038/33 749/1039/32
f 750/1040/34 748/1041/33 751/1042/33
f 752/1043/3 753/1044/34 750/1040/34
f 754/1045/35 755/1046/3 752/1043/3
f 756/1047/36 757/1048/35 754/1045/35
f 756/1049/36 758/1050/37 759/1051/36
f 760/1052/38 758/1050/37 761/1053/37
f 762/1054/39 763/1055/38 760/1052/38
f 762/1056/39 764/1057/40 765/1058/39
f 766/1059/40 741/1030/5 764/1057/40
f 739/1060/41 761/1061/41 750/1062/41
f 764/1063/42 747/1064/42 755/1065/42
f 767/1066/26 768/1067/26 769/1068/26
f 770/1069/43 771/1070/44 772/1071/44
f 773/1072/45 774/1073/45 770/1074/46
f 773/1075/47 775/1076/48 776/1077/47
f 777/1078/49 778/1079/49 775/1076/50
f 779/1080/51 778/1081/51 780/1082/52
f 772/1071/53 781/1083/53 779/1084/54
f 773/1085/41 770/1086/55 772/1087/41
f 778/1088/42 781/1089/42 774/1090/42
f 782/1091/5 783/1092/29 784/1093/5
f 785/1094/29 786/1095/30 783/1092/29
f 787/1096/31 786/1097/30 788/1098/30
f 789/1099/32 790/1100/31 787/1096/31
f 789/1099/32 791/1101/33 792/1102/32
f 793/1103/34 791/1104/33 794/1105/33
f 795/1106/3 796/1107/34 793/1103/34
f 797/1108/35 798/1109/3 795/1106/3
f 799/1110/36 800/1111/35 797/1108/35
f 799/1112/36 801/1113/37 802/1114/36
f 803/1115/38 801/1113/37 804/1116/37
f 805/1117/39 806/1118/38 803/1115/38
f 805/1119/39 807/1120/40 808/1121/39
f 809/1122/40 784/1093/5 807/1120/40
f 788/1123/41 782/1124/41 804/1125/41
f 806/1126/42 807/1127/42 790/1128/42
f 810/1129/56 811/1130/56 812/1131/56
f 813/1132/43 814/1133/44 815/1134/44
f 816/1135/45 817/1136/45 813/1137/46
f 816/1138/47 818/1139/48 819/1140/57
f 820/1141/49 821/1142/49 818/1139/50
f 822/1143/51 821/1144/51 823/1145/52
f 815/1134/53 824/1146/53 822/1147/54
f 816/1148/58 813/1149/55 815/1150/58
f 821/1151/42 824/1152/42 817/1153/42
f 825/1154/5 826/1155/29 827/1156/5
f 828/1157/29 829/1158/30 826/1155/29
f 830/1159/31 829/1160/30 831/1161/30
f 832/1162/32 833/1163/31 830/1159/31
f 832/1162/32 834/1164/33 835/1165/32
f 836/1166/34 834/1167/33 837/1168/33
f 838/1169/3 839/1170/34 836/1166/34
f 840/1171/35 841/1172/3 838/1169/3
f 842/1173/36 843/1174/35 840/1171/35
f 842/1175/36 844/1176/37 845/1177/36
f 846/1178/38 844/1176/37 847/1179/37
f 848/1180/39 849/1181/38 846/1178/38
f 848/1182/39 850/1183/40 851/1184/39
f 852/1185/40 827/1156/5 850/1183/40
f 825/1186/41 847/1187/41 836/1188/41
f 845/1189/42 849/1190/42 833/1191/42
f 853/1192/56 854/1193/56 855/1194/56
f 856/1195/43 857/1196/44 858/1197/44
f 859/1198/45 860/1199/45 856/1200/46
f 859/1201/47 861/1202/48 862/1203/57
f 863/1204/49 864/1205/49 861/1202/50
f 865/1206/51 864/1207/51 866/1208/52
f 858/1197/53 867/1209/53 865/1210/54
f 859/1211/41 856/1212/55 858/1213/41
f 864/1214/42 867/1215/42 860/1216/42
f 868/1217/5 869/1218/29 870/1219/5
f 871/1220/29 872/1221/30 869/1218/29
f 873/1222/31 872/1223/30 874/1224/30
f 875/1225/32 876/1226/31 873/1222/31
f 875/1225/32 877/1227/33 878/1228/32
f 879/1229/34 877/1230/33 880/1231/33
f 881/1232/3 882/1233/34 879/1229/34
f 883/1234/35 884/1235/3 881/1232/3
f 885/1236/36 886/1237/35 883/1234/35
f 885/1238/36 887/1239/37 888/1240/36
f 889/1241/38 887/1239/37 890/1242/37
f 891/1243/39 892/1244/38 889/1241/38
f 891/1245/39 893/1246/40 894/1247/39
f 895/1248/40 870/1219/5 893/1246/40
f 874/1249/41 868/1250/41 890/1251/41
f 893/1252/42 876/1253/42 884/1254/42
f 896/1255/25 897/1256/25 898/1257/25
f 899/1258/43 900/1259/44 901/1260/44
f 902/1261/45 903/1262/45 899/1263/46
f 902/1264/47 904/1265/48 905/1266/47
f 906/1267/59 907/1268/49 904/1265/50
f 908/1269/51 907/1270/51 909/1271/52
f 901/1260/53 910/1272/53 908/1273/54
f 902/1274/41 899/1275/55 901/1276/41
f 907/1277/42 910/1278/42 903/1279/42
f 911/1280/60 912/1281/5 913/1282/5
f 914/1283/61 915/1284/60 911/1280/60
f 916/1285/6 917/1286/61 914/1287/61
f 918/1288/62 919/1289/6 916/1285/6
f 920/1290/63 921/1291/62 918/1288/62
f 922/1292/3 923/1293/63 920/1294/63
f 924/1295/64 925/1296/3 922/1292/3
f 926/1297/65 927/1298/64 924/1295/64
f 928/1299/4 929/1300/65 926/1301/65
f 930/1302/66 931/1303/4 928/1299/4
f 932/1304/67 933/1305/66 930/1302/66
f 913/1282/5 934/1306/67 932/1307/67
f 922/1308/1 918/1309/1 913/1310/1
f 931/1311/2 934/1312/2 919/1313/2
f 935/1314/68 936/1315/69 937/1316/69
f 938/1317/70 939/1318/68 935/1314/68
f 938/1319/70 940/1320/71 941/1321/72
f 942/1322/73 940/1320/71 943/1323/71
f 942/1322/73 944/1324/74 945/1325/75
f 946/1326/74 947/1327/76 944/1328/74
f 948/1329/77 947/1327/76 949/1330/76
f 950/1331/78 951/1332/77 948/1329/77
f 950/1333/78 952/1334/79 953/1335/78
f 954/1336/80 952/1334/79 955/1337/79
f 954/1336/80 956/1338/81 957/1339/80
f 958/1340/81 936/1315/69 956/1341/81
f 950/1342/1 942/1343/1 937/1344/1
f 939/1345/2 940/1346/2 951/1347/2
f 959/1348/1 960/1349/1 961/1350/1
f 962/1351/2 963/1352/2 964/1353/2
f 965/1354/3 964/1355/3 960/1356/3
f 959/1357/4 962/1358/4 965/1359/4
f 961/1360/5 966/1361/5 959/1362/5
f 960/1363/6 963/1364/6 961/1365/6
f 967/1366/1 968/1367/1 969/1368/1
f 970/1369/2 971/1370/2 972/1371/2
f 973/1372/3 972/1373/3 968/1374/3
f 967/1375/4 970/1376/4 973/1377/4
f 969/1378/5 974/1379/5 967/1380/5
f 968/1381/6 971/1382/6 969/1383/6
f 975/1384/63 976/1385/63 977/1386/63
f 978/1387/6 979/1388/6 975/1389/6
f 980/1390/60 981/1391/60 978/1392/60
f 982/1393/67 983/1394/67 980/1390/67
f 984/1395/4 985/1396/4 982/1397/4
f 977/1386/64 986/1398/64 984/1399/64
f 978/1400/2 975/1401/2 977/1402/2
f 985/1403/1 986/1404/1 979/1405/1
f 987/1406/1 988/1407/1 989/1408/1
f 990/1409/2 991/1410/2 992/1411/2
f 993/1412/3 992/1413/3 988/1414/3
f 987/1415/4 990/1416/4 993/1417/4
f 989/1418/5 994/1419/5 987/1420/5
f 988/1421/6 991/1422/6 989/1423/6
f 995/1424/82 996/1425/83 997/1426/83
f 998/1427/1 999/1428/82 995/1429/82
f 1000/1430/84 1001/1431/1 998/1427/1
f 1002/1432/85 1003/1433/84 1000/1434/84
f 1004/1435/86 1005/1436/87 1002/1432/87
f 1006/1437/2 1007/1438/86 1004/1439/86
f 1008/1440/88 1009/1441/2 1006/1437/2
f 997/1426/89 1010/1442/88 1008/1443/88
f 998/1444/3 995/1445/3 997/1446/3
f 1003/1447/5 1007/1448/5 1010/1449/5
f 1011/1450/90 1012/1451/90 1013/1452/90
f 1014/1453/91 1015/1454/91 1016/1455/91
f 1016/1456/92 1017/1457/92 1011/1458/92
f 1015/1459/5 1012/1460/5 1017/1461/5
f 1018/1462/93 1013/1463/93 1012/1464/93
f 1013/1465/3 1016/1466/3 1011/1467/3
f 1019/1468/82 1020/1469/4 1021/1470/4
f 1022/1471/1 1023/1472/82 1019/1473/82
f 1024/1474/84 1025/1475/1 1022/1471/1
f 1026/1476/6 1027/1477/84 1024/1478/84
f 1028/1479/86 1029/1480/6 1026/1476/6
f 1030/1481/2 1031/1482/86 1028/1483/86
f 1032/1484/88 1033/1485/2 1030/1481/2
f 1021/1470/4 1034/1486/88 1032/1487/88
f 1019/1488/3 1021/1489/3 1026/1490/3
f 1031/1491/5 1033/1492/5 1034/1493/5
f 1035/1494/94 1036/1495/94 1037/1496/94
f 1035/1497/95 1038/1498/95 1039/1499/95
f 1040/1500/96 1038/1498/96 1041/1501/96
f 1040/1502/3 1042/1503/3 1043/1504/3
f 1044/1505/97 1042/1506/97 1045/1507/97
f 1044/1505/98 1046/1508/98 1047/1509/98
f 1037/1496/99 1046/1510/99 1048/1511/99
f 1037/1512/100 1044/1513/100 1040/1514/100
f 1042/1515/101 1047/1516/101 1039/1517/101
f 1049/1518/94 1050/1519/94 1051/1520/94
f 1049/1521/95 1052/1522/95 1053/1523/95
f 1054/1524/102 1052/1522/96 1055/1525/102
f 1054/1526/3 1056/1527/3 1057/1528/3
f 1058/1529/97 1056/1530/97 1059/1531/97
f 1058/1529/98 1060/1532/98 1061/1533/98
f 1051/1520/99 1060/1534/99 1062/1535/99
f 1051/1536/100 1058/1537/100 1054/1538/100
f 1060/1539/101 1053/1540/101 1057/1541/101
f 1063/1542/60 1064/1543/60 1065/1544/60
f 1066/1545/6 1067/1546/6 1063/1547/6
f 1068/1548/63 1069/1549/63 1066/1550/63
f 1070/1551/64 1071/1552/64 1068/1548/64
f 1072/1553/4 1073/1554/4 1070/1555/4
f 1065/1544/67 1074/1556/67 1072/1557/67
f 1066/1558/1 1063/1559/1 1065/1560/1
f 1071/1561/2 1073/1562/2 1074/1563/2
f 1075/1564/60 1076/1565/60 1077/1566/60
f 1078/1567/6 1079/1568/6 1075/1569/6
f 1080/1570/63 1081/1571/63 1078/1572/63
f 1082/1573/64 1083/1574/64 1080/1570/64
f 1084/1575/4 1085/1576/4 1082/1577/4
f 1077/1566/67 1086/1578/67 1084/1579/67
f 1078/1580/1 1075/1581/1 1077/1582/1
f 1083/1583/2 1085/1584/2 1086/1585/2
f 1087/1586/103 1088/1587/5 1089/1588/5
f 1090/1589/104 1091/1590/103 1087/1591/103
f 1092/1592/105 1093/1593/104 1090/1589/104
f 1094/1594/106 1095/1595/105 1092/1592/105
f 1096/1596/3 1097/1597/106 1094/1598/106
f 1098/1599/107 1099/1600/3 1096/1596/3
f 1100/1601/108 1101/1602/107 1098/1603/107
f 1102/1604/109 1103/1605/108 1100/1601/108
f 1104/1606/110 1105/1607/109 1102/1604/109
f 1089/1588/5 1106/1608/110 1104/1609/110
f 1098/1610/1 1090/1611/1 1089/1612/1
f 1095/1613/2 1103/1614/2 1106/1615/2
f 1107/1616/111 1108/1617/112 1109/1618/111
f 1110/1619/113 1108/1620/112 1111/1621/112
f 1112/1622/114 1113/1623/113 1110/1619/113
f 1112/1622/114 1114/1624/115 1115/1625/114
f 1116/1626/116 1114/1627/115 1117/1628/115
f 1116/1626/116 1118/1629/117 1119/1630/116
f 1120/1631/118 1118/1632/117 1121/1633/117
f 1122/1634/119 1123/1635/118 1120/1631/118
f 1122/1634/119 1124/1636/120 1125/1637/119
f 1107/1616/111 1124/1638/120 1126/1639/120
f 1121/1640/1 1110/1641/1 1107/1642/1
f 1115/1643/2 1119/1644/2 1123/1645/2
f 1127/1646/1 1128/1647/1 1129/1648/1
f 1130/1649/2 1131/1650/2 1132/1651/2
f 1133/1652/3 1132/1653/3 1128/1654/3
f 1127/1655/4 1130/1656/4 1133/1657/4
f 1129/1658/5 1134/1659/5 1127/1660/5
f 1128/1661/6 1131/1662/6 1129/1663/6
f 1135/1664/1 1136/1665/1 1137/1666/1
f 1138/1667/2 1139/1668/2 1140/1669/2
f 1141/1670/3 1140/1671/3 1136/1672/3
f 1135/1673/4 1138/1674/4 1141/1675/4
f 1137/1676/5 1142/1677/5 1135/1678/5
f 1136/1679/6 1139/1680/6 1137/1681/6
f 1143/1682/1 1144/1683/1 1145/1684/1
f 1146/1685/2 1147/1686/2 1148/1687/2
f 1149/1688/3 1148/1689/3 1144/1690/3
f 1143/1691/4 1146/1692/4 1149/1693/4
f 1145/1694/5 1150/1695/5 1143/1696/5
f 1144/1697/6 1147/1698/6 1145/1699/6
f 1151/1700/1 1152/1701/1 1153/1702/1
f 1154/1703/2 1155/1704/2 1156/1705/2
f 1157/1706/3 1156/1707/3 1152/1708/3
f 1151/1709/4 1154/1710/4 1157/1711/4
f 1153/1712/5 1158/1713/5 1151/1714/5
f 1152/1715/6 1155/1716/6 1153/1717/6
f 1159/1718/1 1160/1719/1 1161/1720/1
f 1162/1721/2 1163/1722/2 1164/1723/2
f 1165/1724/4 1164/1725/4 1160/1726/4
f 1159/1727/5 1162/1728/5 1165/1729/5
f 1161/1730/6 1166/1731/6 1159/1732/6
f 1160/1733/3 1163/1734/3 1161/1735/3
f 1167/1736/121 1168/1737/121 1169/1738/121
f 1170/1739/1 1171/1740/1 1167/1741/1
f 1172/1742/122 1173/1743/122 1170/1744/122
f 1174/1745/123 1175/1746/123 1172/1742/123
f 1176/1747/2 1177/1748/2 1174/1749/2
f 1169/1738/124 1178/1750/124 1176/1751/124
f 1170/1752/3 1167/1753/3 1169/1754/3
f 1175/1755/5 1177/1756/5 1178/1757/5
f 1179/1758/63 1180/1759/63 1181/1760/63
f 1182/1761/6 1183/1762/6 1179/1763/6
f 1184/1764/60 1185/1765/60 1182/1766/60
f 1186/1767/67 1187/1768/67 1184/1764/67
f 1188/1769/4 1189/1770/4 1186/1771/4
f 1181/1760/64 1190/1772/64 1188/1773/64
f 1182/1774/2 1179/1775/2 1181/1776/2
f 1189/1777/1 1190/1778/1 1183/1779/1
f 1191/1780/63 1192/1781/63 1193/1782/63
f 1194/1783/6 1195/1784/6 1191/1785/6
f 1196/1786/60 1197/1787/60 1194/1788/60
f 1198/1789/67 1199/1790/67 1196/1786/67
f 1200/1791/4 1201/1792/4 1198/1793/4
f 1193/1782/64 1202/1794/64 1200/1795/64
f 1194/1796/2 1191/1797/2 1193/1798/2
f 1199/1799/1 1201/1800/1 1202/1801/1
f 1203/1802/125 1204/1803/9 1205/1804/9
f 1206/1805/6 1207/1806/125 1203/1807/125
f 1208/1808/126 1209/1809/6 1206/1805/6
f 1210/1810/12 1211/1811/126 1208/1812/126
f 1212/1813/127 1213/1814/13 1210/1810/13
f 1214/1815/4 1215/1816/127 1212/1817/127
f 1216/1818/128 1217/1819/4 1214/1815/4
f 1205/1804/16 1218/1820/128 1216/1821/128
f 1214/1822/1 1210/1823/1 1206/1824/1
f 1217/1825/2 1218/1826/2 1211/1827/2
f 1219/1828/103 1220/1829/5 1221/1830/5
f 1222/1831/104 1223/1832/103 1219/1833/103
f 1224/1834/105 1225/1835/104 1222/1831/104
f 1226/1836/106 1227/1837/105 1224/1834/105
f 1228/1838/3 1229/1839/106 1226/1840/106
f 1230/1841/107 1231/1842/3 1228/1838/3
f 1232/1843/108 1233/1844/107 1230/1845/107
f 1234/1846/109 1235/1847/108 1232/1843/108
f 1236/1848/110 1237/1849/109 1234/1846/109
f 1221/1830/5 1238/1850/110 1236/1851/110
f 1226/1852/1 1222/1853/1 1221/1854/1
f 1231/1855/2 1235/1856/2 1238/1857/2
f 1239/1858/129 1240/1859/130 1241/1860/129
f 1242/1861/130 1243/1862/131 1240/1863/130
f 1244/1864/132 1243/1862/131 1245/1865/131
f 1246/1866/133 1247/1867/132 1244/1864/132
f 1248/1868/134 1249/1869/133 1246/1870/133
f 1248/1868/134 1250/1871/135 1251/1872/134
f 1252/1873/135 1253/1874/136 1250/1875/135
f 1254/1876/137 1253/1874/136 1255/1877/136
f 1256/1878/138 1257/1879/137 1254/1876/137
f 1239/1858/129 1258/1880/138 1256/1881/138
f 1246/1882/1 1245/1883/1 1239/1884/1
f 1257/1885/2 1258/1886/2 1247/1887/2
f 1259/1888/9 1260/1889/9 1261/1890/9
f 1262/1891/10 1263/1892/10 1259/1893/10
f 1264/1894/11 1265/1895/11 1262/1891/11
f 1266/1896/12 1267/1897/12 1264/1898/12
f 1268/1899/127 1269/1900/13 1266/1896/13
f 1270/1901/4 1271/1902/127 1268/1903/127
f 1272/1904/128 1273/1905/4 1270/1901/4
f 1261/1890/16 1274/1906/128 1272/1907/128
f 1266/1908/1 1262/1909/1 1261/1910/1
f 1271/1911/2 1273/1912/2 1274/1913/2
f 1275/1914/1 1276/1915/1 1277/1916/1
f 1278/1917/2 1279/1918/2 1280/1919/2
f 1281/1920/3 1280/1921/3 1276/1922/3
f 1275/1923/4 1278/1924/4 1281/1925/4
f 1277/1926/5 1282/1927/5 1275/1928/5
f 1276/1929/6 1279/1930/6 1277/1931/6
f 1283/1932/139 1284/1933/139 1285/1934/139
f 1286/1935/140 1287/1936/140 1288/1937/140
f 1288/1938/4 1284/1939/4 1283/1940/4
f 1284/1941/141 1286/1942/141 1285/1943/141
f 1286/1944/142 1283/1945/142 1285/1946/142
f 1289/1947/139 1290/1948/139 1291/1949/139
f 1292/1950/140 1293/1951/140 1294/1952/140
f 1291/1953/4 1293/1954/4 1289/1955/4
f 1291/1956/142 1292/1957/142 1294/1958/142
f 1289/1959/141 1292/1960/141 1290/1961/141
f 1295/1962/143 1296/1963/144 1297/1964/143
f 1298/1965/144 1299/1966/145 1296/1963/144
f 1300/1967/145 1301/1968/146 1299/1966/145
f 1302/1969/1 1303/1970/1 1304/1971/1
f 1305/1972/2 1306/1973/2 1307/1974/2
f 1308/1975/3 1307/1976/3 1303/1977/3
f 1302/1978/4 1305/1979/4 1308/1980/4
f 1304/1981/5 1309/1982/5 1302/1983/5
f 1303/1984/6 1306/1985/6 1304/1986/6
f 1310/1987/147 1311/1988/147 1312/1989/147
f 1313/1990/148 1314/1991/148 1310/1992/148
f 1313/1993/149 1315/1994/149 1316/1995/149
f 1317/1996/150 1315/1994/150 1318/1997/150
f 1317/1998/151 1319/1999/151 1320/2000/151
f 1321/2001/152 1311/1988/152 1319/2002/152
f 1313/2003/153 1310/2004/153 1312/2005/153
f 1315/2006/154 1320/2007/154 1319/2008/154
f 1322/2009/60 1323/2010/5 1324/2011/5
f 1325/2012/61 1326/2013/60 1322/2009/60
f 1327/2014/6 1328/2015/61 1325/2016/61
f 1329/2017/62 1330/2018/6 1327/2014/6
f 1331/2019/63 1332/2020/62 1329/2017/62
f 1333/2021/3 1334/2022/63 1331/2023/63
f 1335/2024/64 1336/2025/3 1333/2021/3
f 1337/2026/65 1338/2027/64 1335/2024/64
f 1339/2028/4 1340/2029/65 1337/2030/65
f 1341/2031/66 1342/2032/4 1339/2028/4
f 1343/2033/67 1344/2034/66 1341/2031/66
f 1324/2011/5 1345/2035/67 1343/2036/67
f 1329/2037/1 1325/2038/1 1324/2039/1
f 1330/2040/2 1338/2041/2 1345/2042/2
f 1346/2043/155 1347/2044/156 1348/2045/156
f 1349/2046/157 1350/2047/155 1346/2048/155
f 1351/2049/158 1352/2050/157 1349/2051/157
f 1351/2049/158 1353/2052/159 1354/2053/158
f 1355/2054/160 1353/2055/159 1356/2056/159
f 1355/2057/160 1357/2058/161 1358/2059/160
f 1359/2060/162 1357/2058/161 1360/2061/161
f 1361/2062/163 1362/2063/162 1359/2064/162
f 1363/2065/164 1364/2066/163 1361/2067/163
f 1363/2065/164 1365/2068/165 1366/2069/164
f 1367/2070/165 1368/2071/166 1365/2072/165
f 1369/2073/166 1347/2044/156 1368/2074/166
f 1361/2062/1 1356/2056/1 1348/2075/1
f 1354/2076/2 1362/2077/2 1368/2078/2
f 1370/2079/167 1371/2080/168 1372/2081/167
f 1373/2082/168 1374/2083/169 1371/2084/168
f 1375/2085/169 1376/2086/170 1374/2087/169
f 1377/2088/171 1376/2086/170 1378/2089/170
f 1379/2090/172 1380/2091/171 1377/2092/171
f 1381/2093/173 1382/2094/172 1379/2095/172
f 1381/2093/173 1383/2096/174 1384/2097/173
f 1385/2098/175 1383/2099/174 1386/2100/174
f 1385/2098/175 1387/2101/176 1388/2102/175
f 1389/2103/177 1387/2104/176 1390/2105/176
f 1391/2106/178 1392/2107/177 1389/2108/177
f 1370/2109/167 1393/2110/178 1391/2106/178
f 1377/2111/1 1375/2112/1 1370/2113/1
f 1371/2084/2 1376/2114/2 1383/2099/2
f 1394/2115/60 1395/2116/5 1396/2117/5
f 1397/2118/61 1398/2119/60 1394/2115/60
f 1399/2120/6 1400/2121/61 1397/2122/61
f 1401/2123/62 1402/2124/6 1399/2120/6
f 1403/2125/63 1404/2126/62 1401/2123/62
f 1405/2127/3 1406/2128/63 1403/2129/63
f 1407/2130/64 1408/2131/3 1405/2127/3
f 1409/2132/65 1410/2133/64 1407/2130/64
f 1411/2134/4 1412/2135/65 1409/2136/65
f 1413/2137/66 1414/2138/4 1411/2134/4
f 1415/2139/67 1416/2140/66 1413/2137/66
f 1396/2117/5 1417/2141/67 1415/2142/67
f 1401/2143/1 1397/2144/1 1396/2145/1
f 1402/2146/2 1410/2147/2 1417/2148/2
f 1418/2149/156 1419/2150/155 1420/2151/156
f 1421/2152/157 1419/2153/155 1422/2154/155
f 1423/2155/158 1424/2156/157 1421/2157/157
f 1423/2155/158 1425/2158/159 1426/2159/158
f 1427/2160/160 1425/2161/159 1428/2162/159
f 1429/2163/161 1430/2164/160 1427/2165/160
f 1429/2163/161 1431/2166/162 1432/2167/161
f 1433/2168/163 1431/2169/162 1434/2170/162
f 1435/2171/164 1436/2172/163 1433/2173/163
f 1435/2171/164 1437/2174/165 1438/2175/164
f 1439/2176/166 1437/2177/165 1440/2178/165
f 1418/2149/156 1441/2179/166 1439/2180/166
f 1433/2168/1 1428/2162/1 1418/2181/1
f 1426/2182/2 1431/2183/2 1441/2184/2
f 1442/2185/168 1443/2186/167 1444/2187/167
f 1445/2188/169 1446/2189/168 1442/2190/168
f 1445/2191/169 1447/2192/170 1448/2193/169
f 1449/2194/171 1447/2192/170 1450/2195/170
f 1451/2196/172 1452/2197/171 1449/2198/171
f 1451/2199/172 1453/2200/173 1454/2201/172
f 1455/2202/174 1453/2200/173 1456/2203/173
f 1457/2204/175 1458/2205/174 1455/2206/174
f 1457/2204/175 1459/2207/176 1460/2208/175
f 1461/2209/177 1459/2210/176 1462/2211/176
f 1463/2212/178 1464/2213/177 1461/2214/177
f 1463/2212/178 1443/2215/167 1465/2216/178
f 1449/2217/1 1445/2218/1 1444/2219/1
f 1446/2189/2 1447/2220/2 1458/2205/2
f 1466/2221/60 1467/2222/5 1468/2223/5
f 1469/2224/61 1470/2225/60 1466/2221/60
f 1471/2226/6 1472/2227/61 1469/2228/61
f 1473/2229/62 1474/2230/6 1471/2226/6
f 1475/2231/63 1476/2232/62 1473/2229/62
f 1477/2233/3 1478/2234/63 1475/2235/63
f 1479/2236/64 1480/2237/3 1477/2233/3
f 1481/2238/65 1482/2239/64 1479/2236/64
f 1483/2240/4 1484/2241/65 1481/2242/65
f 1485/2243/66 1486/2244/4 1483/2240/4
f 1487/2245/67 1488/2246/66 1485/2243/66
f 1468/2223/5 1489/2247/67 1487/2248/67
f 1473/2249/1 1469/2250/1 1468/2251/1
f 1474/2252/2 1482/2253/2 1489/2254/2
f 1490/2255/155 1491/2256/156 1492/2257/156
f 1490/2258/155 1493/2259/157 1494/2260/155
f 1495/2261/158 1493/2262/157 1496/2263/157
f 1495/2261/158 1497/2264/159 1498/2265/158
f 1499/2266/160 1497/2267/159 1500/2268/159
f 1501/2269/161 1502/2270/160 1499/2271/160
f 1501/2269/161 1503/2272/162 1504/2273/161
f 1505/2274/163 1503/2275/162 1506/2276/162
f 1507/2277/164 1508/2278/163 1505/2279/163
f 1507/2277/164 1509/2280/165 1510/2281/164
f 1511/2282/166 1509/2283/165 1512/2284/165
f 1511/2285/166 1491/2256/156 1513/2286/166
f 1505/2274/1 1500/2268/1 1492/2287/1
f 1498/2288/2 1503/2289/2 1513/2290/2
f 1514/2291/167 1515/2292/168 1516/2293/167
f 1517/2294/169 1515/2295/168 1518/2296/168
f 1517/2297/169 1519/2298/170 1520/2299/169
f 1521/2300/171 1519/2298/170 1522/2301/170
f 1523/2302/172 1524/2303/171 1521/2304/171
f 1523/2305/172 1525/2306/173 1526/2307/172
f 1527/2308/174 1525/2306/173 1528/2309/173
f 1529/2310/175 1530/2311/174 1527/2312/174
f 1529/2310/175 1531/2313/176 1532/2314/175
f 1533/2315/177 1531/2316/176 1534/2317/176
f 1533/2318/177 1535/2319/178 1536/2320/177
f 1514/2321/167 1535/2319/178 1537/2322/178
f 1521/2323/1 1517/2324/1 1514/2325/1
f 1515/2295/2 1519/2326/2 1530/2311/2
f 1538/2327/60 1539/2328/5 1540/2329/5
f 1541/2330/61 1542/2331/60 1538/2327/60
f 1543/2332/6 1544/2333/61 1541/2334/61
f 1545/2335/62 1546/2336/6 1543/2332/6
f 1547/2337/63 1548/2338/62 1545/2335/62
f 1549/2339/3 1550/2340/63 1547/2341/63
f 1551/2342/64 1552/2343/3 1549/2339/3
f 1553/2344/65 1554/2345/64 1551/2342/64
f 1555/2346/4 1556/2347/65 1553/2348/65
f 1557/2349/66 1558/2350/4 1555/2346/4
f 1559/2351/67 1560/2352/66 1557/2349/66
f 1540/2329/5 1561/2353/67 1559/2354/67
f 1549/2355/1 1545/2356/1 1540/2357/1
f 1558/2358/2 1561/2359/2 1546/2360/2
f 1562/2361/179 1563/2362/5 1564/2363/5
f 1565/2364/180 1566/2365/179 1562/2361/179
f 1567/2366/1 1568/2367/180 1565/2368/180
f 1569/2369/181 1570/2370/1 1567/2366/1
f 1571/2371/182 1572/2372/181 1569/2373/181
f 1573/2374/3 1574/2375/182 1571/2371/182
f 1575/2376/183 1576/2377/3 1573/2374/3
f 1577/2378/184 1578/2379/183 1575/2380/183
f 1579/2381/2 1580/2382/184 1577/2378/184
f 1581/2383/185 1582/2384/2 1579/2381/2
f 1583/2385/186 1584/2386/185 1581/2383/185
f 1564/2363/5 1585/2387/186 1583/2388/186
f 1577/2389/4 1569/2390/4 1564/2391/4
f 1570/2392/6 1578/2393/6 1585/2394/6
f 1586/2395/1 1587/2396/1 1588/2397/1
f 1589/2398/2 1590/2399/2 1591/2400/2
f 1592/2401/3 1591/2402/3 1587/2403/3
f 1586/2404/4 1589/2405/4 1592/2406/4
f 1588/2407/5 1593/2408/5 1586/2409/5
f 1587/2410/6 1590/2411/6 1588/2412/6
f 1594/2413/1 1595/2414/1 1596/2415/1
f 1597/2416/2 1598/2417/2 1599/2418/2
f 1600/2419/3 1599/2420/3 1595/2421/3
f 1594/2422/4 1597/2423/4 1600/2424/4
f 1596/2425/5 1601/2426/5 1594/2427/5
f 1595/2428/6 1598/2429/6 1596/2430/6
f 1602/2431/1 1603/2432/1 1604/2433/1
f 1605/2434/2 1606/2435/2 1607/2436/2
f 1608/2437/3 1607/2438/3 1603/2439/3
f 1602/2440/4 1605/2441/4 1608/2442/4
f 1604/2443/5 1609/2444/5 1602/2445/5
f 1603/2446/6 1606/2447/6 1604/2448/6
f 1610/2449/1 1611/2450/1 1612/2451/1
f 1613/2452/2 1614/2453/2 1615/2454/2
f 1616/2455/3 1615/2456/3 1611/2457/3
f 1610/2458/4 1613/2459/4 1616/2460/4
f 1612/2461/5 1617/2462/5 1610/2463/5
f 1611/2464/6 1614/2465/6 1612/2466/6
f 1618/2467/187 1619/2468/187 1620/2469/187
f 1621/2470/188 1619/2471/188 1622/2472/188
f 1623/2473/189 1624/2474/189 1621/2475/189
f 1623/2476/190 1620/2477/190 1625/2478/190
f 1623/2479/191 1622/2480/191 1618/2481/192
f 1619/2482/193 1625/2483/193 1620/2484/194
f 1626/2485/187 1627/2486/187 1628/2487/187
f 1629/2488/188 1627/2489/188 1630/2490/188
f 1631/2491/189 1632/2492/189 1629/2493/189
f 1631/2494/190 1628/2495/190 1633/2496/190
f 1631/2497/191 1630/2498/191 1626/2499/192
f 1627/2500/193 1633/2501/193 1628/2502/194
f 1634/2503/187 1635/2504/187 1636/2505/187
f 1637/2506/188 1635/2507/188 1638/2508/188
f 1639/2509/189 1640/2510/189 1637/2511/189
f 1639/2512/190 1636/2513/190 1641/2514/190
f 1639/2515/191 1638/2516/191 1634/2517/192
f 1635/2518/193 1641/2519/193 1636/2520/194
f 1642/2521/187 1643/2522/187 1644/2523/187
f 1645/2524/188 1643/2525/188 1646/2526/188
f 1647/2527/189 1648/2528/189 1645/2529/189
f 1647/2530/190 1644/2531/190 1649/2532/190
f 1647/2533/191 1646/2534/191 1642/2535/192
f 1643/2536/193 1649/2537/193 1644/2538/194
f 1650/2539/187 1651/2540/187 1652/2541/187
f 1653/2542/188 1651/2543/188 1654/2544/188
f 1655/2545/189 1656/2546/189 1653/2547/189
f 1655/2548/190 1652/2549/190 1657/2550/190
f 1655/2551/191 1654/2552/191 1650/2553/191
f 1651/2554/193 1657/2555/193 1652/2556/194
f 1658/2557/187 1659/2558/187 1660/2559/187
f 1661/2560/188 1659/2561/188 1662/2562/188
f 1663/2563/189 1664/2564/189 1661/2565/189
f 1663/2566/190 1660/2567/190 1665/2568/190
f 1663/2569/191 1662/2570/191 1658/2571/191
f 1659/2572/193 1665/2573/193 1660/2574/194
f 1666/2575/187 1667/2576/187 1668/2577/187
f 1669/2578/188 1667/2579/188 1670/2580/188
f 1671/2581/189 1672/2582/189 1669/2583/189
f 1671/2584/190 1668/2585/190 1673/2586/190
f 1671/2587/191 1670/2588/191 1666/2589/191
f 1667/2590/193 1673/2591/193 1668/2592/194
f 1674/2593/187 1675/2594/187 1676/2595/187
f 1677/2596/188 1675/2597/188 1678/2598/188
f 1679/2599/189 1680/2600/189 1677/2601/189
f 1679/2602/190 1676/2603/190 1681/2604/190
f 1679/2605/191 1678/2606/191 1674/2607/191
f 1675/2608/193 1681/2609/193 1676/2610/194
f 1682/2611/60 1683/2612/5 1684/2613/5
f 1685/2614/61 1686/2615/60 1682/2611/60
f 1687/2616/6 1688/2617/61 1685/2618/61
f 1689/2619/62 1690/2620/6 1687/2616/6
f 1691/2621/63 1692/2622/62 1689/2619/62
f 1693/2623/3 1694/2624/63 1691/2625/63
f 1695/2626/64 1696/2627/3 1693/2623/3
f 1697/2628/65 1698/2629/64 1695/2626/64
f 1699/2630/4 1700/2631/65 1697/2632/65
f 1701/2633/66 1702/2634/4 1699/2630/4
f 1703/2635/67 1704/2636/66 1701/2633/66
f 1684/2613/5 1705/2637/67 1703/2638/67
f 1697/2639/1 1689/2640/1 1684/2641/1
f 1690/2642/2 1694/2643/2 1698/2644/2
f 1706/2645/1 1707/2646/1 1708/2647/1
f 1709/2648/2 1710/2649/2 1711/2650/2
f 1712/2651/3 1711/2652/3 1707/2653/3
f 1706/2654/4 1709/2655/4 1712/2656/4
f 1708/2657/5 1713/2658/5 1706/2659/5
f 1707/2660/6 1710/2661/6 1708/2662/6
f 1714/2663/103 1715/2664/5 1716/2665/5
f 1717/2666/104 1718/2667/103 1714/2668/103
f 1719/2669/195 1720/2670/104 1717/2666/104
f 1721/2671/106 1722/2672/105 1719/2669/195
f 1723/2673/3 1724/2674/106 1721/2675/106
f 1725/2676/107 1726/2677/3 1723/2673/3
f 1727/2678/108 1728/2679/107 1725/2680/107
f 1729/2681/196 1730/2682/108 1727/2678/108
f 1731/2683/110 1732/2684/197 1729/2681/196
f 1716/2665/5 1733/2685/110 1731/2686/110
f 1725/2687/1 1721/2688/1 1717/2689/1
f 1733/2690/2 1718/2691/2 1722/2692/2
f 1734/2693/198 1735/2694/5 1736/2695/5
f 1737/2696/1 1738/2697/199 1734/2698/199
f 1739/2699/200 1740/2700/1 1737/2696/1
f 1741/2701/3 1742/2702/201 1739/2703/201
f 1743/2704/202 1744/2705/3 1741/2701/3
f 1745/2706/2 1746/2707/203 1743/2708/203
f 1747/2709/204 1748/2710/2 1745/2706/2
f 1736/2695/5 1749/2711/204 1747/2712/204
f 1741/2713/4 1737/2714/4 1736/2715/4
f 1748/2716/6 1749/2717/6 1742/2718/6
f 1750/2719/179 1751/2720/179 1752/2721/179
f 1753/2722/1 1754/2723/1 1750/2724/1
f 1755/2725/182 1756/2726/182 1753/2727/182
f 1757/2728/183 1758/2729/183 1755/2725/183
f 1759/2730/2 1760/2731/2 1757/2732/2
f 1752/2721/186 1761/2733/186 1759/2734/186
f 1753/2735/4 1750/2736/4 1752/2737/4
f 1758/2738/6 1760/2739/6 1761/2740/6
f 1762/2741/198 1763/2742/198 1764/2743/198
f 1765/2744/1 1766/2745/199 1762/2746/199
f 1767/2747/200 1768/2748/1 1765/2744/1
f 1769/2749/201 1770/2750/201 1767/2751/201
f 1771/2752/202 1772/2753/202 1769/2749/202
f 1773/2754/2 1774/2755/203 1771/2756/203
f 1775/2757/205 1776/2758/2 1773/2754/2
f 1764/2743/206 1777/2759/206 1775/2760/206
f 1769/2761/4 1765/2762/4 1764/2763/4
f 1776/2764/6 1777/2765/6 1770/2766/6
f 1778/2767/179 1779/2768/179 1780/2769/179
f 1781/2770/1 1782/2771/1 1778/2772/1
f 1783/2773/182 1784/2774/182 1781/2775/182
f 1785/2776/183 1786/2777/183 1783/2773/183
f 1787/2778/2 1788/2779/2 1785/2780/2
f 1780/2769/186 1789/2781/186 1787/2782/186
f 1781/2783/4 1778/2784/4 1780/2785/4
f 1786/2786/6 1788/2787/6 1789/2788/6
f 1790/2789/1 1791/2790/1 1792/2791/1
f 1793/2792/2 1794/2793/2 1795/2794/2
f 1796/2795/3 1795/2796/3 1791/2797/3
f 1790/2798/4 1793/2799/4 1796/2800/4
f 1792/2801/5 1797/2802/5 1790/2803/5
f 1791/2804/6 1794/2805/6 1792/2806/6
f 1798/2807/9 1799/2808/5 1800/2809/5
f 1801/2810/10 1802/2811/10 1798/2812/10
f 1803/2813/11 1804/2814/11 1801/2810/11
f 1805/2815/3 1806/2816/12 1803/2817/12
f 1807/2818/13 1808/2819/3 1805/2815/3
f 1809/2820/14 1810/2821/14 1807/2822/14
f 1811/2823/15 1812/2824/15 1809/2820/15
f 1800/2809/5 1813/2825/16 1811/2826/16
f 1798/2827/1 1800/2828/1 1805/2829/1
f 1806/2830/2 1810/2831/2 1813/2832/2
f 1814/2833/207 1815/2834/207 1816/2835/207
f 1817/2836/208 1818/2837/208 1814/2838/208
f 1817/2839/209 1819/2840/209 1820/2841/209
f 1821/2842/210 1822/2843/210 1819/2840/210
f 1823/2844/211 1822/2845/211 1824/2846/211
f 1816/2835/212 1825/2847/212 1823/2848/212
f 1817/2849/213 1814/2850/213 1816/2851/213
f 1819/2852/214 1822/2853/214 1825/2854/214
f 1826/2855/1 1827/2856/1 1828/2857/1
f 1829/2858/2 1830/2859/2 1831/2860/2
f 1832/2861/3 1831/2862/3 1827/2863/3
f 1826/2864/4 1829/2865/4 1832/2866/4
f 1828/2867/5 1833/2868/5 1826/2869/5
f 1827/2870/6 1830/2871/6 1828/2872/6
f 1834/2873/215 1835/2874/215 1836/2875/215
f 1837/2876/216 1835/2877/216 1838/2878/216
f 1837/2876/217 1839/2879/218 1840/2880/218
f 1841/2881/219 1842/2882/219 1839/2883/219
f 1843/2884/220 1842/2882/221 1844/2885/221
f 1843/2886/220 1845/2887/222 1846/2888/220
f 1847/2889/223 1845/2887/222 1848/2890/222
f 1834/2873/224 1849/2891/223 1847/2892/223
f 1838/2893/225 1834/2894/225 1844/2895/225
f 1839/2896/226 1846/2897/226 1849/2898/226
f 1850/2899/1 1851/2900/1 1852/2901/1
f 1853/2902/2 1854/2903/2 1855/2904/2
f 1856/2905/3 1855/2906/3 1851/2907/3
f 1850/2908/4 1853/2909/4 1856/2910/4
f 1852/2911/5 1857/2912/5 1850/2913/5
f 1851/2914/6 1854/2915/6 1852/2916/6
f 1858/2917/103 1859/2918/5 1860/2919/5
f 1861/2920/104 1862/2921/103 1858/2922/103
f 1863/2923/105 1864/2924/104 1861/2920/104
f 1865/2925/106 1866/2926/105 1863/2923/105
f 1867/2927/3 1868/2928/106 1865/2929/106
f 1869/2930/107 1870/2931/3 1867/2927/3
f 1871/2932/108 1872/2933/107 1869/2934/107
f 1873/2935/109 1874/2936/108 1871/2932/108
f 1875/2937/110 1876/2938/109 1873/2935/109
f 1860/2919/5 1877/2939/110 1875/2940/110
f 1865/2941/1 1861/2942/1 1860/2943/1
f 1870/2944/2 1874/2945/2 1877/2946/2
f 1878/2947/227 1879/2948/227 1880/2949/227
f 1881/2950/228 1879/2951/229 1882/2952/228
f 1883/2953/3 1884/2954/3 1881/2955/3
f 1885/2956/230 1886/2957/231 1883/2958/230
f 1885/2959/232 1880/2949/232 1887/2960/232
f 1881/2961/233 1882/2962/233 1878/2963/233
f 1884/2964/234 1886/2965/234 1887/2966/234
f 1888/2967/1 1889/2968/1 1890/2969/1
f 1891/2970/2 1892/2971/2 1893/2972/2
f 1894/2973/3 1893/2974/3 1889/2975/3
f 1888/2976/4 1891/2977/4 1894/2978/4
f 1890/2979/5 1895/2980/5 1888/2981/5
f 1889/2982/6 1892/2983/6 1890/2984/6
f 1896/2985/1 1897/2986/1 1898/2987/1
f 1899/2988/2 1900/2989/2 1901/2990/2
f 1902/2991/3 1901/2992/3 1897/2993/3
f 1896/2994/4 1899/2995/4 1902/2996/4
f 1898/2997/5 1903/2998/5 1896/2999/5
f 1897/3000/6 1900/3001/6 1898/3002/6
f 1904/3003/235 1905/3004/236 1906/3005/235
f 1907/3006/237 1908/3007/238 1904/3008/238
f 1907/3006/237 1909/3009/239 1910/3010/237
f 1911/3011/240 1909/3012/240 1912/3013/240
f 1911/3011/241 1913/3014/241 1914/3015/241
f 1915/3016/242 1916/3017/243 1913/3018/242
f 1917/3019/244 1916/3017/243 1918/3020/243
f 1917/3021/245 1905/3004/245 1919/3022/246
f 1911/3023/247 1907/3024/247 1906/3025/247
f 1916/3026/248 1919/3027/248 1909/3028/248
f 1920/3029/249 1921/3030/249 1922/3031/249
f 1923/3032/250 1921/3033/251 1924/3034/251
f 1923/3032/250 1925/3035/252 1926/3036/250
f 1927/3037/253 1928/3038/254 1925/3039/254
f 1929/3040/255 1928/3038/255 1930/3041/255
f 1929/3042/256 1931/3043/257 1932/3044/256
f 1933/3045/258 1931/3043/257 1934/3046/257
f 1920/3029/259 1935/3047/259 1933/3048/259
f 1934/3049/260 1930/3050/260 1923/3051/260
f 1931/3052/261 1935/3053/261 1925/3054/261
f 1936/3055/235 1937/3056/262 1938/3057/262
f 1936/3058/238 1939/3059/238 1940/3060/238
f 1941/3061/263 1939/3059/239 1942/3062/263
f 1941/3063/264 1943/3064/240 1944/3065/240
f 1945/3066/241 1946/3067/241 1943/3064/241
f 1947/3068/242 1946/3069/242 1948/3070/242
f 1947/3068/244 1949/3071/265 1950/3072/265
f 1938/3057/262 1949/3073/245 1951/3074/245
f 1936/3075/247 1938/3076/247 1945/3077/247
f 1944/3078/248 1946/3079/248 1949/3080/248
f 1952/3081/266 1953/3082/249 1954/3083/266
f 1952/3084/267 1955/3085/251 1956/3086/251
f 1957/3087/252 1955/3085/252 1958/3088/252
f 1957/3089/253 1959/3090/268 1960/3091/253
f 1961/3092/268 1962/3093/255 1959/3090/268
f 1963/3094/256 1962/3095/269 1964/3096/256
f 1963/3094/258 1965/3097/258 1966/3098/258
f 1954/3083/259 1965/3099/259 1967/3100/270
f 1961/3101/260 1958/3102/260 1954/3103/260
f 1962/3104/261 1966/3105/261 1965/3106/261
f 1968/3107/271 1969/3108/235 1970/3109/235
f 1968/3110/271 1971/3111/238 1972/3112/271
f 1973/3113/272 1971/3111/263 1974/3114/263
f 1975/3115/264 1976/3116/272 1973/3117/272
f 1975/3115/241 1977/3118/273 1978/3119/273
f 1979/3120/242 1977/3121/242 1980/3122/242
f 1981/3123/265 1982/3124/265 1979/3120/265
f 1981/3125/246 1969/3108/245 1983/3126/245
f 1970/3127/247 1979/3128/247 1975/3129/247
f 1977/3130/248 1982/3131/248 1983/3132/248
f 1984/3133/266 1985/3134/249 1986/3135/249
f 1987/3136/251 1985/3137/267 1988/3138/251
f 1989/3139/274 1990/3140/252 1987/3136/252
f 1989/3141/274 1991/3142/253 1992/3143/274
f 1993/3144/275 1991/3142/255 1994/3145/275
f 1995/3146/256 1996/3147/269 1993/3148/256
f 1995/3146/258 1997/3149/258 1998/3150/258
f 1984/3133/259 1997/3151/276 1999/3152/259
f 1987/3153/260 1988/3154/277 1984/3155/260
f 1996/3156/261 1998/3157/261 1997/3158/261
f 2000/3159/236 2001/3160/262 2002/3161/262
f 2000/3162/238 2003/3163/237 2004/3164/238
f 2005/3165/239 2003/3163/237 2006/3166/237
f 2007/3167/278 2008/3168/240 2005/3169/240
f 2007/3167/278 2009/3170/279 2010/3171/278
f 2011/3172/243 2009/3173/279 2012/3174/279
f 2013/3175/244 2014/3176/243 2011/3172/243
f 2013/3177/245 2001/3160/262 2015/3178/245
f 2007/3179/247 2006/3180/247 2002/3181/247
f 2014/3182/248 2015/3183/248 2008/3184/248
f 2016/3185/280 2017/3186/281 2018/3187/280
f 2019/3188/250 2017/3189/281 2020/3190/281
f 2021/3191/252 2022/3192/250 2019/3188/250
f 2021/3193/254 2023/3194/268 2024/3195/253
f 2025/3196/255 2023/3194/268 2026/3197/268
f 2027/3198/257 2028/3199/256 2025/3200/256
f 2027/3198/257 2029/3201/282 2030/3202/257
f 2016/3185/280 2029/3203/282 2031/3204/282
f 2020/3205/260 2016/3206/260 2026/3207/260
f 2030/3208/261 2029/3209/261 2024/3210/261
f 2032/3211/271 2033/3212/283 2034/3213/262
f 2035/3214/237 2036/3215/271 2032/3216/271
f 2035/3214/237 2037/3217/272 2038/3218/237
f 2039/3219/278 2037/3220/272 2040/3221/272
f 2039/3219/278 2041/3222/279 2042/3223/278
f 2043/3224/279 2044/3225/243 2041/3226/279
f 2045/3227/284 2044/3225/243 2046/3228/243
f 2045/3229/284 2033/3212/283 2047/3230/284
f 2032/3231/247 2034/3232/285 2039/3233/247
f 2047/3234/248 2036/3235/248 2037/3236/248
f 2048/3237/280 2049/3238/281 2050/3239/280
f 2051/3240/250 2049/3241/281 2052/3242/281
f 2051/3240/250 2053/3243/274 2054/3244/250
f 2055/3245/274 2056/3246/286 2053/3247/274
f 2057/3248/287 2056/3246/286 2058/3249/268
f 2057/3250/287 2059/3251/257 2060/3252/287
f 2061/3253/282 2059/3251/257 2062/3254/257
f 2048/3237/280 2063/3255/282 2061/3256/282
f 2058/3257/260 2051/3258/260 2048/3259/260
f 2060/3260/261 2059/3261/261 2063/3262/261
f 2064/3263/235 2065/3264/235 2066/3265/235
f 2067/3266/288 2068/3267/238 2064/3268/288
f 2067/3266/239 2069/3269/263 2070/3270/263
f 2071/3271/240 2069/3272/240 2072/3273/240
f 2071/3271/241 2073/3274/241 2074/3275/241
f 2075/3276/242 2076/3277/289 2073/3278/289
f 2077/3279/265 2076/3277/244 2078/3280/265
f 2077/3281/245 2065/3264/245 2079/3282/245
f 2066/3283/247 2078/3284/247 2071/3285/247
f 2068/3286/248 2069/3287/248 2073/3288/248
f 2080/3289/249 2081/3290/249 2082/3291/249
f 2083/3292/251 2081/3293/267 2084/3294/251
f 2083/3292/290 2085/3295/252 2086/3296/252
f 2087/3297/253 2088/3298/253 2085/3299/254
f 2089/3300/255 2088/3298/255 2090/3301/255
f 2089/3302/269 2091/3303/256 2092/3304/256
f 2093/3305/258 2091/3303/291 2094/3306/258
f 2080/3289/259 2095/3307/259 2093/3308/259
f 2090/3309/260 2083/3310/260 2080/3311/260
f 2095/3312/261 2081/3313/261 2085/3314/261
f 2096/3315/235 2097/3316/262 2098/3317/262
f 2099/3318/288 2100/3319/288 2096/3320/288
f 2099/3318/239 2101/3321/263 2102/3322/263
f 2103/3323/240 2101/3324/240 2104/3325/240
f 2103/3323/241 2105/3326/241 2106/3327/241
f 2107/3328/289 2108/3329/289 2105/3330/289
f 2109/3331/265 2108/3329/244 2110/3332/265
f 2109/3333/245 2097/3316/262 2111/3334/245
f 2096/3335/247 2098/3336/247 2103/3337/247
f 2105/3338/248 2108/3339/248 2111/3340/248
f 2112/3341/249 2113/3342/249 2114/3343/266
f 2115/3344/251 2113/3345/267 2116/3346/251
f 2115/3344/290 2117/3347/290 2118/3348/290
f 2119/3349/253 2120/3350/268 2117/3351/253
f 2121/3352/255 2120/3350/268 2122/3353/268
f 2121/3354/269 2123/3355/256 2124/3356/256
f 2125/3357/291 2123/3355/291 2126/3358/292
f 2112/3341/259 2127/3359/259 2125/3360/259
f 2122/3361/260 2115/3362/260 2112/3363/260
f 2124/3364/261 2123/3365/261 2127/3366/261
f 2128/3367/271 2129/3368/235 2130/3369/235
f 2131/3370/288 2132/3371/271 2128/3372/271
f 2133/3373/263 2134/3374/239 2131/3370/263
f 2135/3375/278 2136/3376/240 2133/3377/264
f 2135/3375/278 2137/3378/241 2138/3379/278
f 2139/3380/242 2140/3381/289 2137/3382/289
f 2141/3383/244 2142/3384/265 2140/3381/265
f 2143/3385/246 2129/3368/245 2142/3386/245
f 2141/3387/247 2135/3388/247 2131/3389/247
f 2137/3390/248 2140/3391/248 2142/3392/248
f 2144/3393/280 2145/3394/249 2146/3395/280
f 2147/3396/267 2148/3397/251 2145/3398/251
f 2149/3399/290 2150/3400/274 2148/3397/293
f 2151/3401/274 2152/3402/253 2150/3403/274
f 2153/3404/275 2152/3402/255 2154/3405/275
f 2155/3406/256 2156/3407/269 2153/3408/256
f 2157/3409/258 2158/3410/291 2155/3406/258
f 2144/3393/280 2159/3411/259 2157/3412/259
f 2149/3413/277 2147/3414/277 2144/3415/260
f 2156/3416/261 2158/3417/261 2159/3418/261
f 2160/3419/271 2161/3420/235 2162/3421/235
f 2163/3422/288 2164/3423/271 2160/3424/271
f 2165/3425/263 2166/3426/263 2163/3422/263
f 2167/3427/240 2168/3428/240 2165/3429/240
f 2167/3427/241 2169/3430/279 2170/3431/273
f 2171/3432/279 2172/3433/243 2169/3434/279
f 2173/3435/243 2174/3436/284 2172/3433/243
f 2175/3437/284 2161/3420/245 2174/3438/284
f 2163/3439/247 2160/3440/285 2162/3441/247
f 2168/3442/248 2169/3443/248 2174/3444/248
f 2176/3445/249 2177/3446/249 2178/3447/249
f 2179/3448/267 2180/3449/267 2177/3450/267
f 2181/3451/290 2182/3452/274 2180/3449/290
f 2183/3453/274 2184/3454/253 2182/3455/274
f 2185/3456/287 2184/3454/255 2186/3457/255
f 2187/3458/257 2188/3459/287 2185/3460/287
f 2189/3461/282 2190/3462/257 2187/3458/257
f 2176/3445/259 2191/3463/282 2189/3464/282
f 2181/3465/277 2179/3466/277 2176/3467/260
f 2191/3468/261 2177/3469/261 2182/3470/261
f 2192/3471/271 2193/3472/235 2194/3473/294
f 2195/3474/288 2196/3475/271 2192/3476/271
f 2197/3477/272 2198/3478/263 2195/3474/263
f 2199/3479/240 2200/3480/272 2197/3481/272
f 2199/3479/241 2201/3482/279 2202/3483/273
f 2203/3484/289 2201/3485/279 2204/3486/279
f 2203/3484/265 2205/3487/284 2206/3488/265
f 2207/3489/284 2193/3472/245 2205/3490/284
f 2192/3491/247 2194/3492/247 2199/3493/247
f 2196/3494/248 2200/3495/248 2201/3496/248
f 2208/3497/249 2209/3498/281 2210/3499/249
f 2211/3500/281 2212/3501/267 2209/3502/281
f 2213/3503/290 2214/3504/274 2212/3501/290
f 2215/3505/274 2216/3506/253 2214/3507/274
f 2217/3508/287 2216/3506/255 2218/3509/255
f 2219/3510/269 2220/3511/287 2217/3512/287
f 2221/3513/291 2222/3514/291 2219/3510/291
f 2208/3497/259 2223/3515/276 2221/3516/259
f 2213/3517/260 2211/3518/260 2208/3519/260
f 2220/3520/261 2222/3521/261 2223/3522/261
f 2224/3523/271 2225/3524/262 2226/3525/262
f 2227/3526/288 2228/3527/271 2224/3528/271
f 2229/3529/272 2230/3530/263 2227/3526/263
f 2231/3531/278 2232/3532/272 2229/3533/272
f 2231/3531/278 2233/3534/279 2234/3535/278
f 2235/3536/279 2236/3537/289 2233/3538/279
f 2237/3539/265 2238/3540/284 2236/3537/265
f 2239/3541/284 2225/3524/262 2238/3542/284
f 2224/3543/247 2226/3544/247 2231/3545/247
f 2228/3546/248 2232/3547/248 2233/3548/248
f 2240/3549/280 2241/3550/281 2242/3551/280
f 2243/3552/281 2244/3553/267 2241/3554/281
f 2245/3555/290 2246/3556/274 2244/3553/290
f 2247/3557/274 2248/3558/268 2246/3559/274
f 2249/3560/287 2248/3558/268 2250/3561/268
f 2251/3562/269 2252/3563/287 2249/3564/287
f 2253/3565/282 2254/3566/291 2251/3562/291
f 2240/3549/280 2255/3567/282 2253/3568/282
f 2250/3569/260 2245/3570/260 2240/3571/260
f 2252/3572/261 2254/3573/261 2255/3574/261
f 2256/3575/271 2257/3576/262 2258/3577/262
f 2259/3578/288 2260/3579/271 2256/3580/271
f 2261/3581/272 2262/3582/263 2259/3578/263
f 2263/3583/240 2264/3584/272 2261/3585/272
f 2263/3583/241 2265/3586/279 2266/3587/273
f 2267/3588/279 2268/3589/243 2265/3590/279
f 2269/3591/243 2270/3592/284 2268/3589/243
f 2271/3593/284 2257/3576/262 2270/3594/284
f 2256/3595/247 2258/3596/247 2263/3597/247
f 2264/3598/248 2265/3599/248 2270/3600/248
f 2272/3601/249 2273/3602/281 2274/3603/266
f 2275/3604/281 2276/3605/267 2273/3606/281
f 2277/3607/290 2278/3608/274 2276/3605/290
f 2279/3609/274 2280/3610/268 2278/3611/274
f 2281/3612/287 2280/3610/268 2282/3613/268
f 2283/3614/257 2284/3615/287 2281/3616/287
f 2285/3617/282 2286/3618/257 2283/3614/257
f 2272/3601/259 2287/3619/282 2285/3620/282
f 2275/3621/260 2272/3622/260 2282/3623/260
f 2284/3624/261 2286/3625/261 2287/3626/261
f 2288/3627/295 2289/3628/235 2290/3629/235
f 2291/3630/237 2292/3631/271 2288/3632/295
f 2291/3630/237 2293/3633/263 2294/3634/237
f 2295/3635/278 2293/3636/240 2296/3637/240
f 2295/3635/278 2297/3638/279 2298/3639/278
f 2299/3640/279 2300/3641/289 2297/3642/279
f 2301/3643/265 2300/3641/244 2302/3644/265
f 2301/3645/245 2289/3628/245 2303/3646/245
f 2290/3647/247 2302/3648/247 2295/3649/247
f 2297/3650/248 2300/3651/248 2303/3652/296
f 2304/3653/280 2305/3654/249 2306/3655/280
f 2307/3656/250 2305/3657/267 2308/3658/267
f 2307/3656/250 2309/3659/274 2310/3660/250
f 2311/3661/297 2312/3662/253 2309/3663/274
f 2313/3664/255 2312/3662/255 2314/3665/275
f 2313/3666/269 2315/3667/256 2316/3668/256
f 2317/3669/282 2315/3667/291 2318/3670/291
f 2304/3653/280 2319/3671/282 2317/3672/282
f 2314/3673/260 2307/3674/260 2304/3675/260
f 2316/3676/298 2315/3677/261 2319/3678/261
f 2320/3679/271 2321/3680/262 2322/3681/262
f 2323/3682/288 2324/3683/271 2320/3684/271
f 2323/3682/263 2325/3685/272 2326/3686/263
f 2327/3687/264 2325/3688/272 2328/3689/272
f 2327/3687/241 2329/3690/279 2330/3691/241
f 2331/3692/279 2332/3693/289 2329/3694/279
f 2333/3695/284 2332/3693/265 2334/3696/265
f 2333/3697/284 2321/3680/262 2335/3698/284
f 2327/3699/247 2323/3700/247 2322/3701/247
f 2329/3702/248 2332/3703/248 2335/3704/248
f 2336/3705/266 2337/3706/281 2338/3707/249
f 2339/3708/267 2337/3709/281 2340/3710/281
f 2339/3708/290 2341/3711/274 2342/3712/290
f 2343/3713/274 2344/3714/268 2341/3715/274
f 2345/3716/287 2344/3714/268 2346/3717/268
f 2345/3718/287 2347/3719/269 2348/3720/287
f 2349/3721/282 2347/3719/291 2350/3722/291
f 2336/3705/259 2351/3723/282 2349/3724/282
f 2339/3725/260 2340/3726/260 2336/3727/260
f 2337/3728/261 2341/3729/261 2348/3730/261
f 2352/3731/235 2353/3732/262 2354/3733/262
f 2355/3734/288 2356/3735/238 2352/3736/288
f 2357/3737/272 2358/3738/263 2355/3734/263
f 2359/3739/278 2360/3740/272 2357/3741/272
f 2359/3739/278 2361/3742/279 2362/3743/278
f 2363/3744/279 2364/3745/243 2361/3746/279
f 2365/3747/243 2366/3748/284 2364/3745/243
f 2367/3749/284 2353/3732/262 2366/3750/284
f 2352/3751/247 2354/3752/247 2359/3753/247
f 2356/3754/248 2360/3755/248 2361/3756/248
f 2368/3757/280 2369/3758/281 2370/3759/280
f 2371/3760/281 2372/3761/267 2369/3762/281
f 2373/3763/290 2374/3764/252 2372/3761/252
f 2375/3765/253 2376/3766/268 2374/3767/253
f 2377/3768/287 2376/3766/268 2378/3769/268
f 2379/3770/257 2380/3771/287 2377/3772/287
f 2381/3773/282 2382/3774/257 2379/3770/257
f 2368/3757/280 2383/3775/282 2381/3776/282
f 2378/3777/260 2373/3778/260 2368/3779/260
f 2380/3780/298 2382/3781/261 2383/3782/261
f 2384/3783/235 2385/3784/262 2386/3785/262
f 2387/3786/237 2388/3787/288 2384/3788/238
f 2389/3789/263 2390/3790/237 2387/3786/237
f 2391/3791/278 2392/3792/240 2389/3793/240
f 2391/3791/278 2393/3794/279 2394/3795/278
f 2395/3796/279 2396/3797/289 2393/3798/279
f 2397/3799/265 2398/3800/265 2396/3797/265
f 2399/3801/245 2385/3784/262 2398/3802/245
f 2387/3803/247 2384/3804/285 2386/3805/247
f 2393/3806/248 2396/3807/248 2398/3808/248
f 2400/3809/280 2401/3810/249 2402/3811/280
f 2403/3812/267 2404/3813/250 2401/3814/267
f 2405/3815/250 2406/3816/290 2404/3813/250
f 2407/3817/253 2408/3818/268 2406/3819/253
f 2409/3820/255 2408/3818/268 2410/3821/268
f 2411/3822/269 2412/3823/269 2409/3824/269
f 2413/3825/282 2414/3826/291 2411/3822/258
f 2400/3809/280 2415/3827/282 2413/3828/282
f 2405/3829/277 2403/3830/260 2400/3831/260
f 2412/3832/261 2414/3833/261 2415/3834/261
f 2416/3835/271 2417/3836/262 2418/3837/262
f 2419/3838/288 2420/3839/271 2416/3840/271
f 2421/3841/272 2422/3842/263 2419/3838/263
f 2423/3843/240 2424/3844/272 2421/3845/272
f 2423/3843/241 2425/3846/241 2426/3847/241
f 2427/3848/242 2428/3849/243 2425/3850/289
f 2429/3851/243 2430/3852/265 2428/3849/243
f 2431/3853/245 2417/3836/262 2430/3854/245
f 2416/3855/247 2418/3856/247 2423/3857/247
f 2420/3858/248 2424/3859/248 2425/3860/248
f 2432/3861/249 2433/3862/281 2434/3863/249
f 2435/3864/281 2436/3865/267 2433/3866/281
f 2437/3867/290 2438/3868/274 2436/3865/290
f 2439/3869/274 2440/3870/268 2438/3871/274
f 2441/3872/255 2440/3870/268 2442/3873/268
f 2443/3874/257 2444/3875/269 2441/3876/269
f 2445/3877/258 2446/3878/257 2443/3874/257
f 2432/3861/259 2447/3879/259 2445/3880/259
f 2442/3881/260 2437/3882/260 2432/3883/260
f 2444/3884/261 2446/3885/298 2447/3886/261
f 2448/3887/271 2449/3888/235 2450/3889/235
f 2451/3890/237 2452/3891/271 2448/3892/271
f 2451/3890/237 2453/3893/263 2454/3894/237
f 2455/3895/278 2453/3896/240 2456/3897/240
f 2455/3895/278 2457/3898/279 2458/3899/278
f 2459/3900/279 2460/3901/289 2457/3902/279
f 2461/3903/284 2460/3901/265 2462/3904/265
f 2461/3905/284 2449/3888/245 2463/3906/284
f 2455/3907/247 2451/3908/247 2450/3909/247
f 2463/3910/248 2452/3911/248 2453/3912/248
f 2464/3913/280 2465/3914/249 2466/3915/280
f 2467/3916/250 2465/3917/267 2468/3918/267
f 2467/3916/250 2469/3919/274 2470/3920/250
f 2471/3921/274 2472/3922/253 2469/3923/274
f 2473/3924/287 2472/3922/255 2474/3925/255
f 2473/3926/287 2475/3927/269 2476/3928/287
f 2477/3929/282 2475/3927/291 2478/3930/291
f 2464/3913/280 2479/3931/282 2477/3932/282
f 2467/3933/260 2468/3934/277 2464/3935/260
f 2465/3936/261 2469/3937/261 2476/3938/261
f 2480/3939/271 2481/3940/262 2482/3941/262
f 2483/3942/288 2484/3943/271 2480/3944/271
f 2483/3942/263 2485/3945/272 2486/3946/263
f 2487/3947/240 2485/3948/272 2488/3949/272
f 2487/3947/241 2489/3950/279 2490/3951/241
f 2491/3952/279 2492/3953/289 2489/3954/279
f 2493/3955/284 2492/3953/265 2494/3956/265
f 2493/3957/284 2481/3940/262 2495/3958/284
f 2483/3959/247 2480/3960/247 2482/3961/247
f 2485/3962/248 2489/3963/248 2495/3964/248
f 2496/3965/249 2497/3966/281 2498/3967/249
f 2499/3968/267 2497/3969/281 2500/3970/281
f 2499/3968/290 2501/3971/274 2502/3972/290
f 2503/3973/274 2504/3974/268 2501/3975/274
f 2505/3976/287 2504/3974/268 2506/3977/268
f 2505/3978/287 2507/3979/269 2508/3980/287
f 2509/3981/282 2507/3979/291 2510/3982/291
f 2496/3965/259 2511/3983/282 2509/3984/282
f 2500/3985/260 2496/3986/260 2506/3987/277
f 2508/3988/298 2507/3989/261 2511/3990/261
f 2512/3991/271 2513/3992/262 2514/3993/262
f 2515/3994/288 2516/3995/271 2512/3996/271
f 2517/3997/272 2518/3998/263 2515/3994/263
f 2519/3999/240 2520/4000/272 2517/4001/272
f 2519/3999/273 2521/4002/279 2522/4003/241
f 2523/4004/279 2524/4005/243 2521/4006/279
f 2525/4007/243 2526/4008/284 2524/4005/243
f 2527/4009/284 2513/3992/262 2526/4010/284
f 2512/4011/247 2514/4012/247 2519/4013/247
f 2520/4014/248 2521/4015/248 2526/4016/248
f 2528/4017/249 2529/4018/281 2530/4019/249
f 2531/4020/281 2532/4021/267 2529/4022/281
f 2533/4023/290 2534/4024/274 2532/4021/290
f 2535/4025/274 2536/4026/268 2534/4027/274
f 2537/4028/287 2536/4026/268 2538/4029/268
f 2539/4030/257 2540/4031/287 2537/4032/287
f 2541/4033/282 2542/4034/257 2539/4030/257
f 2528/4017/276 2543/4035/282 2541/4036/282
f 2533/4037/277 2531/4038/260 2528/4039/260
f 2529/4040/261 2534/4041/261 2540/4042/261
f 2544/4043/295 2545/4044/283 2546/4045/262
f 2547/4046/288 2548/4047/271 2544/4048/295
f 2549/4049/272 2550/4050/263 2547/4046/263
f 2551/4051/278 2552/4052/272 2549/4053/272
f 2551/4051/278 2553/4054/279 2554/4055/278
f 2555/4056/279 2556/4057/289 2553/4058/279
f 2557/4059/265 2558/4060/284 2556/4057/265
f 2559/4061/284 2545/4044/283 2558/4062/284
f 2547/4063/285 2544/4064/247 2546/4065/247
f 2553/4066/296 2556/4067/248 2558/4068/248
f 2560/4069/280 2561/4070/281 2562/4071/280
f 2563/4072/281 2564/4073/267 2561/4074/281
f 2565/4075/290 2566/4076/274 2564/4073/290
f 2567/4077/297 2568/4078/286 2566/4079/274
f 2569/4080/287 2568/4078/286 2570/4081/268
f 2571/4082/269 2572/4083/287 2569/4084/287
f 2573/4085/282 2574/4086/291 2571/4082/291
f 2560/4069/280 2575/4087/282 2573/4088/282
f 2565/4089/260 2563/4090/260 2560/4091/260
f 2566/4092/261 2572/4093/261 2575/4094/261
f 2576/4095/271 2577/4096/262 2578/4097/262
f 2579/4098/288 2580/4099/271 2576/4100/271
f 2581/4101/272 2582/4102/263 2579/4098/263
f 2583/4103/240 2584/4104/272 2581/4105/272
f 2583/4103/241 2585/4106/279 2586/4107/241
f 2587/4108/279 2588/4109/243 2585/4110/279
f 2589/4111/243 2590/4112/284 2588/4109/243
f 2591/4113/284 2577/4096/262 2590/4114/284
f 2579/4115/285 2576/4116/247 2578/4117/247
f 2584/4118/248 2585/4119/248 2590/4120/248
f 2592/4121/249 2593/4122/281 2594/4123/266
f 2595/4124/281 2596/4125/267 2593/4126/281
f 2597/4127/290 2598/4128/274 2596/4125/290
f 2599/4129/274 2600/4130/268 2598/4131/274
f 2601/4132/287 2600/4130/268 2602/4133/268
f 2603/4134/257 2604/4135/287 2601/4136/287
f 2605/4137/282 2606/4138/257 2603/4134/257
f 2592/4121/259 2607/4139/282 2605/4140/282
f 2595/4141/260 2592/4142/260 2602/4143/260
f 2607/4144/261 2593/4145/261 2598/4146/261
f 2608/4147/271 2609/4148/262 2610/4149/262
f 2611/4150/288 2612/4151/271 2608/4152/271
f 2613/4153/263 2614/4154/239 2611/4150/263
f 2615/4155/278 2616/4156/240 2613/4157/240
f 2615/4155/278 2617/4158/279 2618/4159/278
f 2619/4160/279 2620/4161/289 2617/4162/279
f 2621/4163/265 2622/4164/284 2620/4161/265
f 2623/4165/284 2609/4148/262 2622/4166/284
f 2608/4167/247 2610/4168/247 2615/4169/247
f 2612/4170/248 2616/4171/248 2617/4172/248
f 2624/4173/280 2625/4174/249 2626/4175/280
f 2627/4176/267 2628/4177/251 2625/4178/251
f 2629/4179/290 2630/4180/274 2628/4177/290
f 2631/4181/274 2632/4182/268 2630/4183/274
f 2633/4184/287 2632/4182/268 2634/4185/268
f 2635/4186/269 2636/4187/287 2633/4188/287
f 2637/4189/282 2638/4190/291 2635/4186/291
f 2624/4173/280 2639/4191/282 2637/4192/282
f 2629/4193/260 2627/4194/277 2624/4195/260
f 2636/4196/261 2638/4197/261 2639/4198/261
f 2640/4199/295 2641/4200/262 2642/4201/262
f 2643/4202/237 2644/4203/271 2640/4204/295
f 2645/4205/272 2646/4206/237 2643/4202/237
f 2647/4207/278 2648/4208/272 2645/4209/272
f 2647/4207/278 2649/4210/299 2650/4211/278
f 2651/4212/279 2652/4213/243 2649/4214/299
f 2653/4215/243 2654/4216/244 2652/4213/243
f 2655/4217/245 2641/4200/262 2654/4218/245
f 2643/4219/285 2640/4220/247 2642/4221/247
f 2649/4222/248 2652/4223/296 2654/4224/248
f 2656/4225/280 2657/4226/281 2658/4227/280
f 2659/4228/281 2660/4229/250 2657/4230/281
f 2661/4231/250 2662/4232/274 2660/4229/250
f 2663/4233/297 2664/4234/268 2662/4235/274
f 2665/4236/255 2664/4234/268 2666/4237/268
f 2667/4238/257 2668/4239/256 2665/4240/269
f 2669/4241/282 2670/4242/257 2667/4238/257
f 2656/4225/280 2671/4243/300 2669/4244/282
f 2666/4245/260 2661/4246/260 2656/4247/260
f 2668/4248/298 2670/4249/298 2671/4250/261
f 2672/4251/295 2673/4252/283 2674/4253/262
f 2675/4254/237 2676/4255/271 2672/4256/295
f 2677/4257/272 2678/4258/237 2675/4254/237
f 2679/4259/278 2680/4260/272 2677/4261/272
f 2679/4259/278 2681/4262/279 2682/4263/278
f 2683/4264/279 2684/4265/243 2681/4266/279
f 2685/4267/243 2686/4268/284 2684/4265/243
f 2687/4269/284 2673/4252/283 2686/4270/284
f 2674/4271/285 2685/4272/247 2679/4273/247
f 2684/4274/248 2686/4275/248 2680/4276/248
f 2688/4277/280 2689/4278/281 2690/4279/280
f 2691/4280/281 2692/4281/250 2689/4282/281
f 2693/4283/250 2694/4284/274 2692/4281/250
f 2695/4285/297 2696/4286/286 2694/4287/274
f 2697/4288/287 2696/4286/286 2698/4289/268
f 2699/4290/257 2700/4291/287 2697/4292/287
f 2701/4293/282 2702/4294/257 2699/4290/257
f 2688/4277/280 2703/4295/282 2701/4296/282
f 2693/4297/277 2691/4298/260 2688/4299/277
f 2694/4300/261 2700/4301/261 2703/4302/261
f 2704/4303/235 2705/4304/235 2706/4305/235
f 2707/4306/288 2708/4307/288 2704/4308/288
f 2709/4309/263 2710/4310/239 2707/4306/263
f 2711/4311/278 2712/4312/240 2709/4313/240
f 2711/4311/278 2713/4314/241 2714/4315/278
f 2715/4316/242 2716/4317/289 2713/4318/289
f 2717/4319/244 2718/4320/265 2716/4317/265
f 2719/4321/246 2705/4304/245 2718/4322/245
f 2707/4323/285 2704/4324/247 2706/4325/247
f 2716/4326/296 2718/4327/296 2712/4328/248
f 2720/4329/280 2721/4330/249 2722/4331/280
f 2723/4332/267 2724/4333/251 2721/4334/251
f 2725/4335/290 2726/4336/290 2724/4333/290
f 2727/4337/253 2728/4338/253 2726/4339/253
f 2729/4340/275 2728/4338/255 2730/4341/275
f 2731/4342/256 2732/4343/269 2729/4344/256
f 2733/4345/258 2734/4346/291 2731/4342/301
f 2720/4329/280 2735/4347/259 2733/4348/259
f 2730/4349/260 2725/4350/260 2720/4351/260
f 2734/4352/261 2735/4353/298 2726/4354/261
f 2736/4355/235 2737/4356/262 2738/4357/262
f 2739/4358/288 2740/4359/288 2736/4360/288
f 2741/4361/263 2742/4362/239 2739/4358/263
f 2743/4363/278 2744/4364/240 2741/4365/240
f 2743/4363/278 2745/4366/279 2746/4367/278
f 2747/4368/279 2748/4369/289 2745/4370/279
f 2749/4371/244 2750/4372/265 2748/4369/265
f 2751/4373/245 2737/4356/262 2750/4374/246
f 2736/4375/285 2738/4376/247 2743/4377/247
f 2744/4378/248 2745/4379/248 2750/4380/248
f 2752/4381/280 2753/4382/249 2754/4383/280
f 2755/4384/267 2756/4385/251 2753/4386/251
f 2757/4387/290 2758/4388/290 2756/4385/290
f 2759/4389/253 2760/4390/268 2758/4391/253
f 2761/4392/255 2760/4390/268 2762/4393/268
f 2763/4394/256 2764/4395/269 2761/4396/256
f 2765/4397/282 2766/4398/291 2763/4394/301
f 2752/4381/280 2767/4399/282 2765/4400/282
f 2762/4401/260 2757/4402/260 2752/4403/260
f 2758/4404/261 2764/4405/261 2767/4406/261
f 2768/4407/294 2769/4408/235 2770/4409/294
f 2771/4410/288 2772/4411/302 2768/4412/288
f 2773/4413/263 2774/4414/239 2771/4410/303
f 2775/4415/278 2776/4416/240 2773/4417/264
f 2775/4415/278 2777/4418/241 2778/4419/278
f 2779/4420/289 2780/4421/289 2777/4422/289
f 2781/4423/244 2782/4424/265 2780/4421/265
f 2783/4425/246 2769/4408/245 2782/4426/245
f 2775/4427/247 2771/4428/247 2770/4429/247
f 2777/4430/248 2780/4431/296 2782/4432/248
f 2784/4433/280 2785/4434/249 2786/4435/280
f 2787/4436/267 2788/4437/251 2785/4438/251
f 2789/4439/290 2790/4440/293 2788/4437/293
f 2791/4441/304 2792/4442/253 2790/4443/253
f 2793/4444/275 2792/4442/255 2794/4445/275
f 2795/4446/256 2796/4447/269 2793/4448/256
f 2797/4449/291 2798/4450/291 2795/4446/291
f 2784/4433/280 2799/4451/259 2797/4452/259
f 2794/4453/260 2789/4454/260 2784/4455/260
f 2796/4456/298 2798/4457/298 2799/4458/261
f 2800/4459/235 2801/4460/262 2802/4461/262
f 2803/4462/237 2804/4463/288 2800/4464/288
f 2805/4465/239 2806/4466/237 2803/4462/237
f 2807/4467/278 2808/4468/240 2805/4469/240
f 2807/4467/278 2809/4470/279 2810/4471/278
f 2811/4472/279 2812/4473/243 2809/4474/279
f 2813/4475/243 2814/4476/284 2812/4473/243
f 2815/4477/284 2801/4460/262 2814/4478/284
f 2800/4479/247 2802/4480/247 2807/4481/247
f 2804/4482/248 2808/4483/248 2809/4484/248
f 2816/4485/280 2817/4486/249 2818/4487/280
f 2819/4488/251 2820/4489/250 2817/4490/267
f 2821/4491/250 2822/4492/290 2820/4489/250
f 2823/4493/253 2824/4494/268 2822/4495/253
f 2825/4496/287 2824/4494/268 2826/4497/268
f 2827/4498/257 2828/4499/287 2825/4500/287
f 2829/4501/282 2830/4502/257 2827/4498/257
f 2816/4485/280 2831/4503/282 2829/4504/282
f 2826/4505/260 2821/4506/260 2816/4507/260
f 2830/4508/261 2831/4509/261 2822/4510/261
f 2832/4511/235 2833/4512/235 2834/4513/235
f 2835/4514/237 2836/4515/288 2832/4516/288
f 2837/4517/239 2838/4518/237 2835/4514/237
f 2839/4519/278 2840/4520/240 2837/4521/240
f 2839/4519/278 2841/4522/299 2842/4523/278
f 2843/4524/299 2844/4525/243 2841/4526/299
f 2845/4527/243 2846/4528/244 2844/4525/243
f 2847/4529/245 2833/4512/245 2846/4530/245
f 2839/4531/247 2835/4532/247 2834/4533/247
f 2840/4534/248 2841/4535/248 2846/4536/248
f 2848/4537/280 2849/4538/249 2850/4539/280
f 2851/4540/251 2852/4541/250 2849/4542/267
f 2853/4543/250 2854/4544/290 2852/4541/250
f 2855/4545/253 2856/4546/253 2854/4547/253
f 2857/4548/255 2856/4546/255 2858/4549/255
f 2859/4550/257 2860/4551/256 2857/4552/256
f 2861/4553/300 2862/4554/257 2859/4550/257
f 2848/4537/280 2863/4555/300 2861/4556/300
f 2859/4557/260 2858/4558/260 2853/4559/260
f 2860/4560/261 2862/4561/305 2863/4562/261
f 2864/4563/235 2865/4564/262 2866/4565/262
f 2867/4566/237 2868/4567/238 2864/4568/238
f 2869/4569/239 2870/4570/237 2867/4566/237
f 2871/4571/278 2872/4572/240 2869/4573/240
f 2871/4571/278 2873/4574/299 2874/4575/278
f 2875/4576/299 2876/4577/243 2873/4578/299
f 2877/4579/243 2878/4580/244 2876/4577/243
f 2879/4581/245 2865/4564/262 2878/4582/245
f 2877/4583/247 2871/4584/247 2867/4585/247
f 2876/4586/248 2878/4587/248 2872/4588/248
f 2880/4589/280 2881/4590/249 2882/4591/280
f 2883/4592/251 2884/4593/250 2881/4594/251
f 2885/4595/250 2886/4596/252 2884/4593/250
f 2887/4597/253 2888/4598/268 2886/4599/253
f 2889/4600/255 2888/4598/268 2890/4601/268
f 2891/4602/257 2892/4603/256 2889/4604/256
f 2893/4605/300 2894/4606/257 2891/4602/257
f 2880/4589/280 2895/4607/300 2893/4608/300
f 2883/4609/260 2880/4610/260 2890/4611/260
f 2894/4612/261 2895/4613/261 2886/4614/261
f 2896/4615/235 2897/4616/235 2898/4617/235
f 2899/4618/237 2900/4619/238 2896/4620/238
f 2901/4621/239 2902/4622/237 2899/4618/237
f 2903/4623/278 2904/4624/240 2901/4625/240
f 2903/4623/278 2905/4626/241 2906/4627/278
f 2907/4628/242 2908/4629/243 2905/4630/242
f 2909/4631/243 2910/4632/244 2908/4629/243
f 2911/4633/246 2897/4616/245 2910/4634/245
f 2903/4635/247 2899/4636/247 2898/4637/247
f 2908/4638/248 2910/4639/248 2904/4640/248
f 2912/4641/280 2913/4642/249 2914/4643/280
f 2915/4644/251 2916/4645/250 2913/4646/251
f 2917/4647/250 2918/4648/252 2916/4645/250
f 2919/4649/253 2920/4650/253 2918/4651/253
f 2921/4652/275 2920/4650/255 2922/4653/275
f 2923/4654/257 2924/4655/256 2921/4656/256
f 2925/4657/258 2926/4658/257 2923/4654/257
f 2912/4641/280 2927/4659/259 2925/4660/259
f 2923/4661/260 2922/4662/260 2917/4663/260
f 2926/4664/298 2927/4665/261 2918/4666/261
f 2928/4667/306 2929/4668/307 2930/4669/307
f 2931/4670/308 2929/4671/309 2932/4672/308
f 2931/4673/310 2933/4674/311 2934/4675/311
f 2928/4676/312 2933/4677/313 2935/4678/312
f 2931/4679/314 2928/4680/314 2935/4681/314
f 2929/4682/315 2933/4683/315 2930/4684/315
f 2936/4685/316 2937/4686/316 2938/4687/316
f 2939/4688/317 2937/4689/318 2940/4690/317
f 2941/4691/319 2942/4692/320 2939/4693/319
f 2941/4694/321 2938/4695/321 2943/4696/321
f 2941/4697/322 2940/4698/322 2936/4699/322
f 2937/4700/323 2943/4701/323 2938/4702/323
f 2944/4703/324 2945/4704/325 2946/4705/326
f 2947/4706/325 2948/4707/327 2945/4708/325
f 2949/4709/328 2948/4707/327 2950/4710/327
f 2949/4711/328 2951/4712/329 2952/4713/328
f 2953/4714/330 2951/4712/329 2954/4715/329
f 2955/4716/331 2956/4717/330 2953/4718/330
f 2955/4716/331 2957/4719/332 2958/4720/331
f 2944/4703/324 2957/4721/332 2959/4722/332
f 2944/4723/333 2955/4724/333 2954/4725/333
f 2957/4726/334 2945/4727/334 2952/4728/334
f 2960/4729/335 2961/4730/335 2962/4731/335
f 2963/4732/336 2964/4733/337 2960/4734/336
f 2963/4735/338 2965/4736/338 2966/4737/338
f 2962/4738/339 2965/4739/339 2967/4740/339
f 2963/4741/340 2962/4742/340 2967/4743/340
f 2964/4744/341 2965/4745/341 2961/4746/341
f 2968/4747/84 2969/4748/6 2970/4749/6
f 2971/4750/342 2972/4751/84 2968/4752/84
f 2973/4753/82 2974/4754/343 2971/4750/343
f 2975/4755/4 2976/4756/82 2973/4757/82
f 2977/4758/88 2978/4759/4 2975/4755/4
f 2979/4760/344 2980/4761/88 2977/4762/88
f 2981/4763/86 2982/4764/345 2979/4760/345
f 2970/4749/6 2983/4765/86 2981/4766/86
f 2968/4767/5 2970/4768/5 2975/4769/5
f 2976/4770/3 2980/4771/3 2983/4772/3
f 2984/4773/346 2985/4774/347 2986/4775/346
f 2984/4776/348 2987/4777/348 2988/4778/348
f 2989/4779/349 2987/4780/349 2990/4781/349
f 2989/4782/350 2985/4783/350 2991/4784/350
f 2989/4785/351 2984/4786/351 2986/4787/351
f 2985/4788/352 2987/4789/352 2991/4790/352
f 2992/4791/353 2993/4792/354 2994/4793/354
f 2995/4794/355 2993/4795/355 2996/4796/355
f 2997/4797/356 2998/4798/357 2995/4799/356
f 2997/4800/358 2994/4801/359 2999/4802/359
f 2995/4803/360 2992/4804/360 2997/4805/360
f 2994/4806/361 2998/4807/361 2999/4808/361
f 3000/4809/362 3001/4810/363 3002/4811/363
f 3003/4812/364 3004/4813/362 3000/4814/362
f 3003/4812/364 3005/4815/365 3006/4816/364
f 3007/4817/366 3005/4818/365 3008/4819/365
f 3007/4817/366 3009/4820/367 3010/4821/366
f 3011/4822/367 3012/4823/368 3009/4824/367
f 3013/4825/369 3012/4823/368 3014/4826/368
f 3013/4827/369 3001/4810/363 3015/4828/369
f 3000/4829/370 3002/4830/370 3007/4831/370
f 3009/4832/371 3012/4833/371 3015/4834/371
f 3016/4835/372 3017/4836/372 3018/4837/372
f 3016/4838/373 3019/4839/373 3020/4840/373
f 3021/4841/374 3019/4842/374 3022/4843/374
f 3021/4844/375 3017/4845/375 3023/4846/375
f 3022/4847/376 3018/4848/376 3021/4849/376
f 3017/4850/377 3019/4851/377 3023/4852/378
f 3024/4853/82 3025/4854/83 3026/4855/83
f 3027/4856/343 3028/4857/82 3024/4858/82
f 3029/4859/84 3030/4860/342 3027/4856/342
f 3031/4861/85 3032/4862/84 3029/4863/84
f 3033/4864/86 3034/4865/87 3031/4861/87
f 3035/4866/345 3036/4867/86 3033/4868/86
f 3037/4869/88 3038/4870/344 3035/4866/344
f 3026/4855/89 3039/4871/88 3037/4872/88
f 3024/4873/3 3026/4874/3 3031/4875/3
f 3032/4876/5 3036/4877/5 3039/4878/5
f 3040/4879/379 3041/4880/379 3042/4881/379
f 3043/4882/380 3044/4883/380 3040/4884/380
f 3045/4885/381 3046/4886/381 3043/4887/381
f 3045/4888/382 3041/4889/382 3047/4890/382
f 3045/4891/383 3040/4892/383 3042/4893/383
f 3044/4894/384 3047/4895/384 3041/4896/384
f 3048/4897/385 3049/4898/6 3050/4899/6
f 3051/4900/386 3052/4901/385 3048/4902/385
f 3053/4903/387 3054/4904/388 3051/4900/386
f 3055/4905/389 3056/4906/387 3053/4907/387
f 3057/4908/390 3058/4909/389 3055/4905/389
f 3059/4910/391 3060/4911/390 3057/4908/390
f 3061/4912/392 3062/4913/391 3059/4914/391
f 3063/4915/393 3064/4916/394 3061/4912/392
f 3050/4899/6 3065/4917/395 3063/4918/393
f 3061/4919/5 3053/4920/5 3048/4921/5
f 3052/4922/3 3056/4923/3 3060/4924/3
f 3066/4925/396 3067/4926/396 3068/4927/396
f 3066/4928/397 3069/4929/397 3070/4930/397
f 3071/4931/398 3072/4932/399 3069/4933/399
f 3068/4934/400 3072/4935/400 3073/4936/400
f 3073/4937/401 3066/4938/401 3068/4939/401
f 3067/4940/402 3069/4941/402 3072/4942/403
f 3074/4943/316 3075/4944/404 3076/4945/404
f 3077/4946/405 3075/4947/406 3078/4948/318
f 3079/4949/319 3080/4950/319 3077/4951/319
f 3079/4952/321 3076/4953/407 3081/4954/407
f 3077/4955/408 3074/4956/408 3079/4957/408
f 3076/4958/409 3080/4959/409 3081/4960/323
f 3082/4961/324 3083/4962/325 3084/4963/326
f 3085/4964/327 3083/4965/325 3086/4966/325
f 3085/4964/327 3087/4967/328 3088/4968/327
f 3089/4969/328 3090/4970/329 3087/4971/328
f 3091/4972/330 3090/4970/329 3092/4973/329
f 3091/4974/330 3093/4975/331 3094/4976/330
f 3095/4977/332 3093/4975/331 3096/4978/331
f 3082/4961/324 3097/4979/332 3095/4980/332
f 3086/4981/333 3082/4982/333 3092/4983/333
f 3094/4984/334 3093/4985/334 3097/4986/334
f 3098/4987/410 3099/4988/411 3100/4989/411
f 3101/4990/412 3099/4991/413 3102/4992/412
f 3101/4993/414 3103/4994/415 3104/4995/415
f 3098/4996/416 3103/4997/417 3105/4998/416
f 3105/4999/418 3102/5000/418 3098/5001/418
f 3100/5002/419 3104/5003/419 3103/5004/419
f 3106/5005/84 3107/5006/85 3108/5007/85
f 3109/5008/342 3110/5009/84 3106/5010/84
f 3111/5011/82 3112/5012/343 3109/5008/343
f 3113/5013/83 3114/5014/82 3111/5015/82
f 3115/5016/88 3116/5017/89 3113/5013/89
f 3117/5018/344 3118/5019/88 3115/5020/88
f 3119/5021/86 3120/5022/345 3117/5018/345
f 3108/5007/87 3121/5023/86 3119/5024/86
f 3106/5025/5 3108/5026/5 3113/5027/5
f 3114/5028/3 3118/5029/3 3121/5030/3
f 3122/5031/420 3123/5032/421 3124/5033/420
f 3122/5034/422 3125/5035/423 3126/5036/423
f 3127/5037/424 3128/5038/424 3125/5039/424
f 3124/5040/425 3128/5041/426 3129/5042/425
f 3127/5043/314 3124/5044/314 3129/5045/314
f 3126/5046/315 3128/5047/315 3123/5048/427
f 3130/5049/428 3131/5050/4 3132/5051/4
f 3133/5052/429 3134/5053/430 3130/5054/428
f 3135/5055/431 3136/5056/432 3133/5052/429
f 3137/5057/433 3138/5058/431 3135/5059/431
f 3139/5060/434 3140/5061/433 3137/5057/433
f 3141/5062/435 3142/5063/434 3139/5060/434
f 3143/5064/436 3144/5065/435 3141/5066/435
f 3145/5067/437 3146/5068/438 3143/5064/436
f 3132/5051/4 3147/5069/437 3145/5070/437
f 3143/5071/3 3135/5072/3 3130/5073/3
f 3134/5074/5 3138/5075/5 3142/5076/5
f 3148/5077/439 3149/5078/440 3150/5079/440
f 3151/5080/441 3152/5081/442 3149/5082/442
f 3153/5083/443 3152/5084/444 3154/5085/443
f 3148/5086/445 3155/5087/446 3153/5088/445
f 3154/5089/447 3148/5090/447 3153/5091/447
f 3150/5092/448 3152/5093/448 3155/5094/448
f 3156/5095/82 3157/5096/83 3158/5097/83
f 3159/5098/343 3160/5099/82 3156/5100/82
f 3161/5101/84 3162/5102/342 3159/5098/342
f 3163/5103/85 3164/5104/84 3161/5105/84
f 3165/5106/86 3166/5107/87 3163/5103/87
f 3167/5108/345 3168/5109/86 3165/5110/86
f 3169/5111/88 3170/5112/344 3167/5108/344
f 3158/5097/89 3171/5113/88 3169/5114/88
f 3156/5115/3 3158/5116/3 3163/5117/3
f 3164/5118/5 3168/5119/5 3171/5120/5
f 3172/5121/449 3173/5122/450 3174/5123/449
f 3175/5124/451 3176/5125/452 3172/5126/451
f 3177/5127/453 3178/5128/454 3175/5129/453
f 3177/5130/455 3173/5131/456 3179/5132/456
f 3177/5133/351 3172/5134/351 3174/5135/351
f 3173/5136/457 3178/5137/457 3179/5138/458
f 3180/5139/385 3181/5140/6 3182/5141/6
f 3183/5142/386 3184/5143/385 3180/5144/385
f 3185/5145/387 3186/5146/388 3183/5142/386
f 3187/5147/389 3188/5148/387 3185/5149/387
f 3189/5150/390 3190/5151/389 3187/5147/389
f 3191/5152/391 3192/5153/390 3189/5150/390
f 3193/5154/394 3194/5155/391 3191/5156/391
f 3195/5157/395 3196/5158/394 3193/5154/394
f 3182/5141/6 3197/5159/395 3195/5160/395
f 3182/5161/5 3193/5162/5 3185/5163/5
f 3184/5164/3 3188/5165/3 3192/5166/3
f 3198/5167/459 3199/5168/460 3200/5169/459
f 3198/5170/461 3201/5171/461 3202/5172/461
f 3203/5173/462 3201/5174/462 3204/5175/462
f 3203/5176/463 3199/5177/464 3205/5178/464
f 3204/5179/383 3200/5180/383 3203/5181/383
f 3199/5182/384 3201/5183/384 3205/5184/384
f 3206/5185/84 3207/5186/6 3208/5187/6
f 3209/5188/342 3210/5189/84 3206/5190/84
f 3211/5191/82 3212/5192/343 3209/5188/343
f 3213/5193/4 3214/5194/82 3211/5195/82
f 3215/5196/89 3216/5197/4 3213/5193/4
f 3217/5198/344 3218/5199/344 3215/5200/344
f 3219/5201/345 3220/5202/345 3217/5198/345
f 3208/5187/6 3221/5203/87 3219/5204/87
f 3213/5205/5 3209/5206/5 3208/5207/5
f 3218/5208/3 3220/5209/3 3221/5210/3
f 3222/5211/465 3223/5212/466 3224/5213/465
f 3225/5214/467 3226/5215/468 3222/5216/467
f 3225/5217/469 3227/5218/470 3228/5219/470
f 3224/5220/471 3227/5221/472 3229/5222/471
f 3225/5223/401 3224/5224/401 3229/5225/401
f 3226/5226/403 3227/5227/403 3223/5228/403
f 3230/5229/428 3231/5230/4 3232/5231/4
f 3233/5232/429 3234/5233/428 3230/5234/428
f 3235/5235/431 3236/5236/432 3233/5232/429
f 3237/5237/433 3238/5238/431 3235/5239/431
f 3239/5240/434 3240/5241/433 3237/5237/433
f 3241/5242/435 3242/5243/434 3239/5240/434
f 3243/5244/436 3244/5245/435 3241/5246/435
f 3245/5247/437 3246/5248/438 3243/5244/436
f 3232/5231/4 3247/5249/437 3245/5250/437
f 3232/5251/3 3243/5252/3 3235/5253/3
f 3234/5254/5 3238/5255/5 3242/5256/5
f 3248/5257/473 3249/5258/473 3250/5259/473
f 3248/5260/474 3251/5261/474 3252/5262/474
f 3253/5263/475 3251/5264/476 3254/5265/475
f 3253/5266/477 3249/5267/477 3255/5268/477
f 3254/5269/418 3250/5270/418 3253/5271/418
f 3252/5272/419 3255/5273/419 3249/5274/419
f 3256/5275/354 3257/5276/353 3258/5277/353
f 3259/5278/478 3257/5279/355 3260/5280/479
f 3261/5281/356 3262/5282/356 3259/5283/356
f 3261/5284/358 3258/5285/359 3263/5286/359
f 3259/5287/480 3256/5288/480 3261/5289/480
f 3258/5290/481 3262/5291/481 3263/5292/361
f 3264/5293/362 3265/5294/363 3266/5295/363
f 3267/5296/364 3268/5297/482 3264/5298/362
f 3267/5296/364 3269/5299/365 3270/5300/364
f 3271/5301/366 3269/5302/365 3272/5303/365
f 3271/5301/366 3273/5304/367 3274/5305/483
f 3275/5306/367 3276/5307/368 3273/5308/367
f 3277/5309/369 3276/5307/368 3278/5310/368
f 3277/5311/369 3265/5294/363 3279/5312/369
f 3266/5313/370 3278/5314/370 3271/5315/370
f 3268/5316/371 3269/5317/371 3273/5318/371
f 3280/5319/484 3281/5320/485 3282/5321/484
f 3283/5322/486 3284/5323/487 3280/5324/486
f 3283/5325/310 3285/5326/310 3286/5327/310
f 3282/5328/488 3285/5329/488 3287/5330/488
f 3283/5331/314 3282/5332/314 3287/5333/489
f 3284/5334/315 3285/5335/315 3281/5336/490
f 3288/5337/83 3289/5338/4 3290/5339/4
f 3291/5340/343 3292/5341/343 3288/5342/343
f 3293/5343/342 3294/5344/342 3291/5340/342
f 3295/5345/6 3296/5346/85 3293/5347/85
f 3297/5348/87 3298/5349/6 3295/5345/6
f 3299/5350/345 3300/5351/345 3297/5352/345
f 3301/5353/344 3302/5354/344 3299/5350/344
f 3290/5339/4 3303/5355/89 3301/5356/89
f 3295/5357/3 3291/5358/3 3290/5359/3
f 3300/5360/5 3302/5361/5 3303/5362/5
f 3304/5363/491 3305/5364/492 3306/5365/491
f 3304/5366/493 3307/5367/494 3308/5368/494
f 3309/5369/495 3307/5370/496 3310/5371/495
f 3306/5372/497 3311/5373/498 3309/5374/497
f 3310/5375/340 3306/5376/340 3309/5377/340
f 3308/5378/341 3311/5379/341 3305/5380/341
f 3312/5381/385 3313/5382/6 3314/5383/6
f 3315/5384/386 3316/5385/385 3312/5386/385
f 3317/5387/387 3318/5388/388 3315/5384/386
f 3319/5389/389 3320/5390/387 3317/5391/387
f 3321/5392/390 3322/5393/389 3319/5389/389
f 3323/5394/391 3324/5395/390 3321/5392/390
f 3325/5396/392 3326/5397/391 3323/5398/391
f 3327/5399/395 3328/5400/394 3325/5396/392
f 3314/5383/6 3329/5401/395 3327/5402/395
f 3314/5403/5 3325/5404/5 3317/5405/5
f 3316/5406/3 3320/5407/3 3324/5408/3
f 3330/5409/499 3331/5410/500 3332/5411/499
f 3333/5412/501 3334/5413/502 3330/5414/501
f 3333/5415/503 3335/5416/503 3336/5417/503
f 3332/5418/504 3335/5419/505 3337/5420/504
f 3337/5421/447 3330/5422/447 3332/5423/447
f 3334/5424/506 3335/5425/506 3331/5426/507
f 3338/5427/316 3339/5428/404 3340/5429/404
f 3341/5430/405 3339/5431/406 3342/5432/318
f 3343/5433/319 3344/5434/319 3341/5435/319
f 3343/5436/508 3340/5437/407 3345/5438/407
f 3341/5439/322 3338/5440/322 3343/5441/509
f 3340/5442/323 3344/5443/323 3345/5444/323
f 3346/5445/325 3347/5446/324 3348/5447/510
f 3346/5448/325 3349/5449/327 3350/5450/325
f 3351/5451/511 3349/5449/327 3352/5452/327
f 3353/5453/329 3354/5454/328 3351/5455/511
f 3353/5453/329 3355/5456/330 3356/5457/329
f 3357/5458/331 3355/5459/330 3358/5460/330
f 3357/5458/331 3359/5461/332 3360/5462/331
f 3361/5463/512 3347/5446/324 3359/5464/332
f 3352/5465/513 3346/5466/514 3348/5467/333
f 3360/5468/334 3359/5469/334 3354/5470/334
f 3362/5471/515 3363/5472/516 3364/5473/515
f 3362/5474/517 3365/5475/518 3366/5476/518
f 3367/5477/519 3365/5478/520 3368/5479/519
f 3367/5480/521 3363/5481/522 3369/5482/522
f 3368/5483/523 3364/5484/523 3367/5485/523
f 3363/5486/377 3365/5487/377 3369/5488/377
f 3370/5489/428 3371/5490/4 3372/5491/4
f 3373/5492/429 3374/5493/430 3370/5494/428
f 3375/5495/431 3376/5496/432 3373/5492/429
f 3377/5497/433 3378/5498/431 3375/5499/431
f 3379/5500/434 3380/5501/433 3377/5497/433
f 3381/5502/435 3382/5503/434 3379/5500/434
f 3383/5504/436 3384/5505/435 3381/5506/435
f 3385/5507/437 3386/5508/438 3383/5504/436
f 3372/5491/4 3387/5509/437 3385/5510/437
f 3379/5511/3 3375/5512/3 3370/5513/3
f 3387/5514/5 3374/5515/5 3382/5516/5
f 3388/5517/524 3389/5518/524 3390/5519/524
f 3391/5520/525 3392/5521/526 3388/5522/525
f 3393/5523/527 3394/5524/528 3391/5525/527
f 3393/5526/529 3389/5527/530 3395/5528/530
f 3391/5529/531 3390/5530/531 3393/5531/531
f 3389/5532/532 3394/5533/532 3395/5534/533
f 3396/5535/83 3397/5536/4 3398/5537/4
f 3399/5538/1 3400/5539/343 3396/5540/343
f 3401/5541/342 3402/5542/1 3399/5538/1
f 3403/5543/6 3404/5544/85 3401/5545/85
f 3405/5546/87 3406/5547/6 3403/5543/6
f 3407/5548/2 3408/5549/345 3405/5550/345
f 3409/5551/344 3410/5552/2 3407/5548/2
f 3398/5537/4 3411/5553/89 3409/5554/89
f 3403/5555/3 3399/5556/3 3398/5557/3
f 3410/5558/5 3411/5559/5 3404/5560/5
f 3412/5561/534 3413/5562/534 3414/5563/534
f 3415/5564/535 3413/5565/536 3416/5566/535
f 3417/5567/537 3418/5568/537 3415/5569/537
f 3417/5570/538 3414/5571/538 3419/5572/538
f 3417/5573/539 3416/5574/539 3412/5575/539
f 3414/5576/540 3418/5577/540 3419/5578/541
f 3420/5579/83 3421/5580/4 3422/5581/4
f 3423/5582/1 3424/5583/343 3420/5584/343
f 3425/5585/342 3426/5586/1 3423/5582/1
f 3427/5587/6 3428/5588/85 3425/5589/85
f 3429/5590/87 3430/5591/6 3427/5587/6
f 3431/5592/2 3432/5593/345 3429/5594/345
f 3433/5595/344 3434/5596/2 3431/5592/2
f 3422/5581/4 3435/5597/89 3433/5598/89
f 3427/5599/3 3423/5600/3 3422/5601/3
f 3434/5602/5 3435/5603/5 3428/5604/5
f 3436/5605/542 3437/5606/543 3438/5607/542
f 3436/5608/544 3439/5609/544 3440/5610/544
f 3441/5611/545 3442/5612/545 3439/5613/545
f 3443/5614/546 3437/5615/547 3442/5616/547
f 3443/5617/548 3436/5618/548 3438/5619/548
f 3440/5620/549 3442/5621/549 3437/5622/549
f 3444/5623/83 3445/5624/4 3446/5625/4
f 3447/5626/1 3448/5627/343 3444/5628/343
f 3449/5629/342 3450/5630/1 3447/5626/1
f 3451/5631/6 3452/5632/85 3449/5633/85
f 3453/5634/87 3454/5635/6 3451/5631/6
f 3455/5636/2 3456/5637/345 3453/5638/345
f 3457/5639/344 3458/5640/2 3455/5636/2
f 3446/5625/4 3459/5641/89 3457/5642/89
f 3451/5643/3 3447/5644/3 3446/5645/3
f 3458/5646/5 3459/5647/5 3452/5648/5
f 3460/5649/550 3461/5650/551 3462/5651/552
f 3462/5651/552 3463/5652/553 3460/5649/550
f 3464/5653/554 3465/5654/555 3466/5655/556
f 3466/5655/556 3467/5656/557 3464/5653/554
f 3465/5654/555 3464/5653/554 3468/5657/558
f 3469/5658/559 3468/5657/558 3464/5653/554
f 3470/5659/560 3469/5658/559 3464/5653/554
f 3471/5660/561 3472/5661/562 3473/5662/563
f 3474/5663/564 3475/5664/565 3472/5665/562
f 3476/5666/566 3474/5667/564 3472/5661/562
f 3472/5661/562 3471/5660/561 3476/5666/566
f 3471/5660/561 3477/5668/567 3476/5666/566
f 3478/5669/568 3479/5670/569 3480/5671/570
f 3475/5672/565 3474/5673/564 3481/5674/571
f 3481/5675/571 3482/5676/572 3475/5677/565
f 3473/5662/563 3472/5661/562 3483/5678/573
f 3483/5678/573 3484/5679/574 3473/5662/563
f 3479/5670/569 3478/5669/568 3477/5668/567
f 3476/5666/566 3477/5668/567 3478/5669/568
f 3485/5680/575 3486/5681/576 3487/5682/577
f 3488/5683/578 3487/5682/577 3486/5681/576
f 3486/5681/576 3489/5684/579 3488/5683/578
f 3490/5685/580 3488/5683/578 3489/5684/579
f 3482/5676/572 3481/5675/571 3491/5686/581
f 3487/5682/577 3488/5683/578 3483/5678/573
f 3484/5679/574 3483/5678/573 3488/5683/578
f 3492/5687/582 3493/5688/583 3480/5671/570
f 3478/5669/568 3480/5671/570 3493/5688/583
f 3494/5689/584 3495/5690/584 3496/5691/584
f 3497/5692/584 3494/5689/584 3496/5691/584
f 3496/5691/584 3498/5693/584 3497/5692/584
f 3499/5694/585 3497/5692/584 3498/5693/584
f 3498/5693/584 3500/5695/586 3499/5694/585
f 3500/5695/586 3501/5696/587 3499/5694/585
f 3502/5697/588 3499/5694/585 3501/5696/587
f 3501/5696/587 3503/5698/589 3502/5697/588
f 3504/5699/590 3502/5697/588 3503/5698/589
f 3503/5698/589 3505/5700/591 3504/5699/590
f 3506/5701/592 3504/5699/590 3505/5700/591
f 3505/5702/591 3507/5703/593 3506/5704/592
f 3507/5703/593 3508/5705/594 3506/5704/592
f 3509/5706/595 3506/5707/592 3508/5708/594
f 3508/5709/594 3510/5710/596 3509/5711/595
f 3511/5712/597 3509/5711/595 3510/5710/596
f 3512/5713/575 3511/5712/597 3510/5710/596
f 3491/5686/581 3481/5675/571 3495/5690/584
f 3495/5690/584 3494/5689/584 3491/5686/581
f 3511/5712/597 3512/5713/575 3485/5680/575
f 3486/5681/576 3485/5680/575 3512/5713/575
f 3490/5685/580 3489/5684/579 3513/5714/598
f 3514/5715/599 3490/5685/580 3513/5714/598
f 3513/5714/598 3515/5716/600 3514/5715/599
f 3516/5717/601 3514/5715/599 3515/5716/600
f 3515/5716/600 3517/5718/602 3516/5717/601
f 3517/5718/602 3518/5719/603 3516/5717/601
f 3518/5719/603 3519/5720/604 3516/5717/601
f 3520/5721/605 3516/5717/601 3519/5720/604
f 3519/5720/604 3521/5722/606 3520/5721/605
f 3522/5723/607 3520/5721/605 3521/5722/606
f 3521/5722/606 3523/5724/608 3522/5723/607
f 3523/5724/608 3524/5725/609 3522/5723/607
f 3525/5726/610 3522/5723/607 3524/5725/609
f 3524/5725/609 3526/5727/611 3525/5726/610
f 3527/5728/611 3525/5726/610 3526/5727/611
f 3526/5727/611 3528/5729/612 3527/5728/611
f 3492/5687/582 3527/5728/611 3528/5729/612
f 3493/5688/583 3492/5687/582 3528/5729/612
f 3529/5730/613 3530/5731/614 3531/5732/615
f 3531/5732/615 3532/5733/616 3529/5730/613
f 3533/5734/617 3534/5735/618 3535/5736/619
f 3534/5735/618 3533/5734/617 3536/5737/620
f 3537/5738/621 3536/5737/620 3533/5734/617
f 3533/5734/617 3535/5736/619 3538/5739/622
f 3538/5739/622 3539/5740/617 3533/5734/617
f 3539/5740/617 3540/5741/619 3533/5734/617
f 3540/5741/619 3541/5742/619 3533/5734/617
f 3541/5742/619 3542/5743/617 3533/5734/617
f 3543/5744/623 3544/5745/624 3545/5746/625
f 3546/5747/626 3545/5746/625 3544/5745/624
f 3544/5745/624 3547/5748/624 3546/5747/626
f 3548/5749/626 3546/5747/626 3547/5748/624
f 3547/5748/624 3549/5750/627 3548/5749/626
f 3550/5751/628 3548/5749/626 3549/5750/627
f 3549/5752/627 3551/5753/629 3550/5754/628
f 3552/5755/630 3550/5754/628 3551/5753/629
f 3542/5743/617 3541/5742/619 3553/5756/631
f 3554/5757/632 3542/5743/617 3553/5756/631
f 3553/5756/631 3555/5758/633 3554/5757/632
f 3555/5758/633 3543/5744/623 3554/5757/632
f 3543/5744/623 3545/5746/625 3554/5757/632
f 3556/5759/634 3557/5760/635 3558/5761/636
f 3558/5761/636 3559/5762/637 3556/5759/634
f 3560/5763/638 3561/5764/639 3562/5765/640
f 3562/5765/640 3563/5766/641 3560/5763/638
f 3561/5764/639 3560/5763/638 3564/5767/642
f 3565/5768/643 3564/5767/642 3560/5763/638
f 3566/5769/644 3565/5768/643 3560/5763/638
f 3567/5770/645 3568/5771/646 3569/5772/647
f 3570/5773/648 3571/5774/649 3568/5771/646
f 3572/5775/650 3570/5773/648 3568/5771/646
f 3568/5771/646 3567/5770/645 3572/5775/650
f 3567/5770/645 3573/5776/651 3572/5775/650
f 3574/5777/652 3575/5778/653 3576/5779/654
f 3571/5774/649 3570/5773/648 3577/5780/655
f 3577/5780/655 3578/5781/656 3571/5774/649
f 3569/5772/647 3568/5771/646 3579/5782/657
f 3579/5782/657 3580/5783/647 3569/5772/647
f 3575/5778/653 3574/5777/652 3573/5776/651
f 3572/5775/650 3573/5776/651 3574/5777/652
f 3581/5784/658 3582/5785/659 3583/5786/660
f 3584/5787/661 3583/5786/660 3582/5785/659
f 3582/5785/659 3585/5788/662 3584/5787/661
f 3586/5789/663 3584/5787/661 3585/5788/662
f 3578/5781/656 3577/5780/655 3587/5790/664
f 3583/5786/660 3584/5787/661 3579/5782/657
f 3580/5783/647 3579/5782/657 3584/5787/661
f 3588/5791/665 3589/5792/666 3576/5779/654
f 3574/5777/652 3576/5779/654 3589/5792/666
f 3590/5793/667 3591/5794/668 3592/5795/669
f 3593/5796/670 3590/5793/667 3592/5795/669
f 3592/5795/669 3594/5797/671 3593/5796/670
f 3595/5798/672 3593/5796/670 3594/5797/671
f 3594/5797/671 3596/5799/673 3595/5798/672
f 3596/5799/673 3597/5800/674 3595/5798/672
f 3598/5801/675 3595/5798/672 3597/5800/674
f 3597/5800/674 3599/5802/676 3598/5801/675
f 3600/5803/677 3598/5801/675 3599/5802/676
f 3599/5802/676 3601/5804/678 3600/5803/677
f 3602/5805/679 3600/5803/677 3601/5804/678
f 3601/5804/678 3603/5806/680 3602/5805/679
f 3603/5806/680 3604/5807/681 3602/5805/679
f 3605/5808/682 3602/5805/679 3604/5807/681
f 3604/5807/681 3606/5809/658 3605/5808/682
f 3607/5810/658 3605/5808/682 3606/5809/658
f 3608/5811/683 3607/5810/658 3606/5809/658
f 3587/5790/664 3577/5780/655 3591/5794/668
f 3591/5794/668 3590/5793/667 3587/5790/664
f 3607/5810/658 3608/5811/683 3581/5784/658
f 3582/5785/659 3581/5784/658 3608/5811/683
f 3586/5789/663 3585/5788/662 3609/5812/684
f 3610/5813/685 3586/5789/663 3609/5812/684
f 3609/5812/684 3611/5814/686 3610/5813/685
f 3612/5815/687 3610/5813/685 3611/5814/686
f 3611/5814/686 3613/5816/688 3612/5815/687
f 3613/5816/688 3614/5817/689 3612/5815/687
f 3614/5817/689 3615/5818/690 3612/5815/687
f 3616/5819/691 3612/5815/687 3615/5818/690
f 3615/5818/690 3617/5820/692 3616/5819/691
f 3618/5821/693 3616/5819/691 3617/5820/692
f 3617/5820/692 3619/5822/693 3618/5821/693
f 3619/5822/693 3620/5823/693 3618/5821/693
f 3621/5824/693 3618/5821/693 3620/5823/693
f 3620/5823/693 3622/5825/694 3621/5824/693
f 3623/5826/695 3621/5824/693 3622/5825/694
f 3622/5825/694 3624/5827/696 3623/5826/695
f 3588/5791/665 3623/5826/695 3624/5827/696
f 3589/5792/666 3588/5791/665 3624/5827/696
f 3625/5828/697 3626/5829/698 3627/5830/699
f 3627/5830/699 3628/5831/700 3625/5828/697
f 3629/5832/701 3630/5833/702 3631/5834/703
f 3630/5833/702 3629/5832/701 3632/5835/704
f 3633/5836/705 3632/5835/704 3629/5832/701
f 3629/5832/701 3631/5834/703 3634/5837/706
f 3634/5837/706 3635/5838/707 3629/5832/701
f 3635/5838/707 3636/5839/708 3629/5832/701
f 3636/5839/708 3637/5840/709 3629/5832/701
f 3637/5840/709 3638/5841/710 3629/5832/701
f 3639/5842/711 3640/5843/712 3641/5844/713
f 3642/5845/714 3641/5844/713 3640/5843/712
f 3640/5843/712 3643/5846/715 3642/5845/714
f 3644/5847/716 3642/5845/714 3643/5846/715
f 3643/5846/715 3645/5848/717 3644/5847/716
f 3646/5849/718 3644/5847/716 3645/5848/717
f 3645/5848/717 3647/5850/719 3646/5849/718
f 3648/5851/720 3646/5849/718 3647/5850/719
f 3638/5841/710 3637/5840/709 3649/5852/721
f 3650/5853/722 3638/5841/710 3649/5852/721
f 3649/5852/721 3651/5854/723 3650/5853/722
f 3651/5854/723 3639/5842/711 3650/5853/722
f 3639/5842/711 3641/5844/713 3650/5853/722
f 3652/5855/6 3653/5856/6 3654/5857/6
f 3654/5857/6 3655/5858/6 3652/5855/6
f 3656/5859/6 3657/5860/6 3658/5861/6
f 3658/5861/6 3659/5862/6 3656/5859/6
f 3657/5860/6 3656/5859/6 3660/5863/6
f 3661/5864/6 3660/5863/6 3656/5859/6
f 3662/5865/6 3661/5864/6 3656/5859/6
f 3663/5866/7 3664/5867/6 3665/5868/6
f 3666/5869/6 3667/5870/6 3664/5867/6
f 3668/5871/6 3666/5869/6 3664/5867/6
f 3664/5867/6 3663/5866/7 3668/5871/6
f 3663/5866/7 3669/5872/6 3668/5871/6
f 3670/5873/6 3671/5874/6 3672/5875/7
f 3667/5870/6 3666/5869/6 3673/5876/6
f 3673/5876/6 3674/5877/6 3667/5870/6
f 3665/5868/6 3664/5867/6 3675/5878/6
f 3675/5878/6 3676/5879/6 3665/5868/6
f 3671/5874/6 3670/5873/6 3669/5872/6
f 3668/5871/6 3669/5872/6 3670/5873/6
f 3677/5880/6 3678/5881/6 3679/5882/6
f 3680/5883/6 3679/5882/6 3678/5881/6
f 3678/5881/6 3681/5884/6 3680/5883/6
f 3682/5885/6 3680/5883/6 3681/5884/6
f 3674/5877/6 3673/5876/6 3683/5886/6
f 3679/5882/6 3680/5883/6 3675/5878/6
f 3676/5879/6 3675/5878/6 3680/5883/6
f 3684/5887/6 3685/5888/6 3672/5875/7
f 3670/5873/6 3672/5875/7 3685/5888/6
f 3686/5889/7 3687/5890/6 3688/5891/6
f 3689/5892/7 3686/5889/7 3688/5891/6
f 3688/5891/6 3690/5893/6 3689/5892/7
f 3691/5894/6 3689/5892/7 3690/5893/6
f 3690/5893/6 3692/5895/6 3691/5894/6
f 3692/5895/6 3693/5896/6 3691/5894/6
f 3694/5897/6 3691/5894/6 3693/5896/6
f 3693/5896/6 3695/5898/6 3694/5897/6
f 3696/5899/6 3694/5897/6 3695/5898/6
f 3695/5898/6 3697/5900/6 3696/5899/6
f 3698/5901/6 3696/5899/6 3697/5900/6
f 3697/5900/6 3699/5902/6 3698/5901/6
f 3699/5902/6 3700/5903/7 3698/5901/6
f 3701/5904/6 3698/5901/6 3700/5903/7
f 3700/5903/7 3702/5905/6 3701/5904/6
f 3703/5906/8 3701/5904/6 3702/5905/6
f 3704/5907/6 3703/5906/8 3702/5905/6
f 3683/5886/6 3673/5876/6 3687/5890/6
f 3687/5890/6 3686/5889/7 3683/5886/6
f 3703/5906/8 3704/5907/6 3677/5880/6
f 3678/5881/6 3677/5880/6 3704/5907/6
f 3682/5885/6 3681/5884/6 3705/5908/6
f 3706/5909/6 3682/5885/6 3705/5908/6
f 3705/5908/6 3707/5910/6 3706/5909/6
f 3708/5911/6 3706/5909/6 3707/5910/6
f 3707/5910/6 3709/5912/6 3708/5911/6
f 3709/5912/6 3710/5913/6 3708/5911/6
f 3710/5913/6 3711/5914/6 3708/5911/6
f 3712/5915/6 3708/5911/6 3711/5914/6
f 3711/5914/6 3713/5916/6 3712/5915/6
f 3714/5917/6 3712/5915/6 3713/5916/6
f 3713/5916/6 3715/5918/6 3714/5917/6
f 3715/5918/6 3716/5919/7 3714/5917/6
f 3717/5920/6 3714/5917/6 3716/5919/7
f 3716/5919/7 3718/5921/6 3717/5920/6
f 3719/5922/8 3717/5920/6 3718/5921/6
f 3718/5921/6 3720/5923/6 3719/5922/8
f 3684/5887/6 3719/5922/8 3720/5923/6
f 3685/5888/6 3684/5887/6 3720/5923/6
f 3721/5924/6 3722/5925/6 3723/5926/6
f 3723/5926/6 3724/5927/6 3721/5924/6
f 3725/5928/6 3726/5929/6 3727/5930/6
f 3726/5929/6 3725/5928/6 3728/5931/724
f 3729/5932/6 3728/5931/724 3725/5928/6
f 3725/5928/6 3727/5930/6 3730/5933/725
f 3730/5933/725 3731/5934/6 3725/5928/6
f 3731/5934/6 3732/5935/6 3725/5928/6
f 3732/5935/6 3733/5936/6 3725/5928/6
f 3733/5936/6 3734/5937/6 3725/5928/6
f 3735/5938/6 3736/5939/6 3737/5940/6
f 3738/5941/6 3737/5940/6 3736/5939/6
f 3736/5939/6 3739/5942/6 3738/5941/6
f 3740/5943/6 3738/5941/6 3739/5942/6
f 3739/5942/6 3741/5944/6 3740/5943/6
f 3742/5945/6 3740/5943/6 3741/5944/6
f 3741/5944/6 3743/5946/6 3742/5945/6
f 3744/5947/6 3742/5945/6 3743/5946/6
f 3734/5937/6 3733/5936/6 3745/5948/6
f 3746/5949/6 3734/5937/6 3745/5948/6
f 3745/5948/6 3747/5950/6 3746/5949/6
f 3747/5950/6 3735/5938/6 3746/5949/6
f 3735/5938/6 3737/5940/6 3746/5949/6
f 3748/5951/726 3749/5952/727 3750/5953/728
f 3751/5954/729 3752/5955/730 3753/5956/731
f 3754/5957/732 3755/5958/733 3756/5959/734
f 3757/5960/735 3758/5961/736 3759/5962/737
f 3760/5963/738 3761/5964/739 3762/5965/740
f 3763/5966/741 3764/5967/742 3765/5968/743
f 3766/5969/744 3767/5970/745 3768/5971/746
f 3769/5972/747 3770/5973/748 3771/5974/749
f 3772/5975/750 3773/5976/751 3774/5977/752
f 3775/5978/753 3776/5979/754 3777/5980/755
f 3778/5981/756 3779/5982/757 3780/5983/758
f 3781/5984/759 3782/5985/760 3783/5986/761
f 3784/5987/762 3785/5988/763 3786/5989/764
f 3787/5990/765 3788/5991/766 3789/5992/767
f 3790/5993/768 3791/5994/769 3792/5995/770
f 3793/5996/771 3794/5997/772 3795/5998/773
f 3796/5999/774 3797/6000/5 3798/6001/5
f 3799/6002/775 3800/6003/774 3796/6004/774
f 3801/6005/776 3802/6006/775 3799/6002/775
f 3803/6007/777 3804/6008/776 3801/6005/776
f 3805/6009/3 3806/6010/777 3803/6011/777
f 3807/6012/778 3808/6013/3 3805/6009/3
f 3809/6014/779 3810/6015/778 3807/6016/778
f 3811/6017/780 3812/6018/779 3809/6014/779
f 3813/6019/781 3814/6020/780 3811/6017/780
f 3798/6001/5 3815/6021/781 3813/6022/781
f 3807/6023/4 3803/6024/4 3799/6025/4
f 3800/6026/6 3804/6027/6 3812/6028/6
f 3816/6029/6 3817/6030/6 3818/6031/6
f 3819/6032/6 3816/6029/6 3818/6031/6
f 3820/6033/6 3821/6034/6 3819/6032/6
f 3822/6035/6 3823/6036/6 3820/6033/6
f 3824/6037/6 3825/6038/6 3826/6039/6
f 3827/6040/6 3828/6041/6 3824/6037/6
f 3829/6042/6 3827/6040/6 3830/6043/6
f 3831/6044/6 3830/6043/6 3832/6045/6
f 3833/6046/774 3834/6047/5 3835/6048/5
f 3836/6049/775 3837/6050/774 3833/6051/774
f 3838/6052/776 3839/6053/775 3836/6049/775
f 3840/6054/777 3841/6055/776 3838/6052/776
f 3842/6056/3 3843/6057/777 3840/6058/777
f 3844/6059/778 3845/6060/3 3842/6056/3
f 3846/6061/779 3847/6062/778 3844/6063/778
f 3848/6064/780 3849/6065/779 3846/6061/779
f 3850/6066/781 3851/6067/780 3848/6064/780
f 3835/6048/5 3852/6068/781 3850/6069/781
f 3844/6070/4 3840/6071/4 3836/6072/4
f 3837/6073/6 3841/6074/6 3849/6075/6
f 3853/6076/6 3854/6077/6 3855/6078/6
f 3856/6079/6 3853/6076/6 3855/6078/6
f 3857/6080/6 3858/6081/6 3856/6079/6
f 3859/6082/6 3860/6083/6 3857/6080/6
f 3861/6084/6 3862/6085/6 3863/6086/6
f 3864/6087/6 3865/6088/6 3861/6084/6
f 3866/6089/6 3864/6087/6 3867/6090/6
f 3868/6091/6 3867/6090/6 3869/6092/6
f 3870/6093/782 3871/6094/783 3872/6095/782
f 3873/6096/783 3874/6097/784 3871/6098/783
f 3875/6099/785 3874/6097/784 3876/6100/784
f 3877/6101/786 3878/6102/785 3875/6099/785
f 3879/6103/787 3880/6104/786 3877/6105/786
f 3879/6103/787 3881/6106/788 3882/6107/787
f 3883/6108/788 3884/6109/789 3881/6110/788
f 3885/6111/790 3884/6109/789 3886/6112/789
f 3887/6113/791 3888/6114/790 3885/6111/790
f 3870/6093/782 3889/6115/791 3887/6116/791
f 3877/6117/1 3876/6118/1 3870/6119/1
f 3882/6120/2 3884/6121/2 3889/6122/2
f 1/1/1 7/6123/1 2/2/1
f 4/4/2 8/6124/2 5/5/2
f 7/7/3 4/6125/3 6/8/3
f 1/10/4 8/6126/4 4/11/4
f 3/13/5 5/6127/5 8/14/5
f 2/16/6 6/6128/6 5/17/6
f 287/297/1 293/6129/1 288/298/1
f 290/300/2 294/6130/2 291/301/2
f 293/303/3 290/6131/3 292/304/3
f 287/306/4 294/6132/4 290/307/4
f 289/309/5 291/6133/5 294/310/5
f 288/312/6 292/6134/6 291/313/6
f 295/315/1 301/6135/1 296/316/1
f 298/318/2 302/6136/2 299/319/2
f 301/321/3 298/6137/3 300/322/3
f 295/324/4 302/6138/4 298/325/4
f 297/327/5 299/6139/5 302/328/5
f 296/330/6 300/6140/6 299/331/6
f 303/333/1 309/6141/1 304/334/1
f 306/336/2 310/6142/2 307/337/2
f 309/339/3 306/6143/3 308/340/3
f 303/342/4 310/6144/4 306/343/4
f 305/345/5 307/6145/5 310/346/5
f 304/348/6 308/6146/6 307/349/6
f 311/351/1 317/6147/1 312/352/1
f 314/354/2 318/6148/2 315/355/2
f 317/357/3 314/6149/3 316/358/3
f 311/360/4 318/6150/4 314/361/4
f 313/363/5 315/6151/5 318/364/5
f 312/366/6 316/6152/6 315/367/6
f 319/369/1 325/6153/1 320/370/1
f 322/372/2 326/6154/2 323/373/2
f 325/375/3 322/6155/3 324/376/3
f 319/378/4 326/6156/4 322/379/4
f 321/381/5 323/6157/5 326/382/5
f 320/384/6 324/6158/6 323/385/6
f 327/387/1 333/6159/1 328/388/1
f 330/390/2 334/6160/2 331/391/2
f 333/393/3 330/6161/3 332/394/3
f 327/396/4 334/6162/4 330/397/4
f 329/399/5 331/6163/5 334/400/5
f 328/402/6 332/6164/6 331/403/6
f 335/405/1 341/6165/1 336/406/1
f 338/408/2 342/6166/2 339/409/2
f 341/411/3 338/6167/3 340/412/3
f 335/414/4 342/6168/4 338/415/4
f 337/417/5 339/6169/5 342/418/5
f 336/420/6 340/6170/6 339/421/6
f 343/423/1 349/6171/1 344/424/1
f 346/426/2 350/6172/2 347/427/2
f 349/429/3 346/6173/3 348/430/3
f 343/432/4 350/6174/4 346/433/4
f 345/435/5 347/6175/5 350/436/5
f 344/438/6 348/6176/6 347/439/6
f 351/441/1 357/6177/1 352/442/1
f 354/444/2 358/6178/2 355/445/2
f 357/447/3 354/6179/3 356/448/3
f 351/450/4 358/6180/4 354/451/4
f 353/453/5 355/6181/5 358/454/5
f 352/456/6 356/6182/6 355/457/6
f 359/459/1 365/6183/1 360/460/1
f 362/462/2 366/6184/2 363/463/2
f 365/465/3 362/6185/3 364/466/3
f 359/468/4 366/6186/4 362/469/4
f 361/471/5 363/6187/5 366/472/5
f 360/474/6 364/6188/6 363/475/6
f 367/477/1 373/6189/1 368/478/1
f 370/480/2 374/6190/2 371/481/2
f 373/483/3 370/6191/3 372/484/3
f 367/486/4 374/6192/4 370/487/4
f 369/489/5 371/6193/5 374/490/5
f 368/492/6 372/6194/6 371/493/6
f 375/495/1 381/6195/1 376/496/1
f 378/498/2 382/6196/2 379/499/2
f 381/501/3 378/6197/3 380/502/3
f 375/504/4 382/6198/4 378/505/4
f 377/507/5 379/6199/5 382/508/5
f 376/510/6 380/6200/6 379/511/6
f 383/513/1 389/6201/1 384/514/1
f 386/516/2 390/6202/2 387/517/2
f 389/519/3 386/6203/3 388/520/3
f 383/522/4 390/6204/4 386/523/4
f 385/525/5 387/6205/5 390/526/5
f 384/528/6 388/6206/6 387/529/6
f 391/531/1 397/6207/1 392/532/1
f 394/534/2 398/6208/2 395/535/2
f 397/537/3 394/6209/3 396/538/3
f 391/540/4 398/6210/4 394/541/4
f 393/543/5 395/6211/5 398/544/5
f 392/546/6 396/6212/6 395/547/6
f 399/549/1 405/6213/1 400/550/1
f 402/552/2 406/6214/2 403/553/2
f 405/555/3 402/6215/3 404/556/3
f 399/558/4 406/6216/4 402/559/4
f 401/561/5 403/6217/5 406/562/5
f 400/564/6 404/6218/6 403/565/6
f 407/567/1 413/6219/1 408/568/1
f 410/570/2 414/6220/2 411/571/2
f 413/573/3 410/6221/3 412/574/3
f 407/576/4 414/6222/4 410/577/4
f 409/579/5 411/6223/5 414/580/5
f 408/582/6 412/6224/6 411/583/6
f 415/585/1 421/6225/1 416/586/1
f 418/588/2 422/6226/2 419/589/2
f 421/591/3 418/6227/3 420/592/3
f 415/594/4 422/6228/4 418/595/4
f 417/597/5 419/6229/5 422/598/5
f 416/600/6 420/6230/6 419/601/6
f 423/603/1 429/6231/1 424/604/1
f 426/606/2 430/6232/2 427/607/2
f 429/609/3 426/6233/3 428/610/3
f 423/612/4 430/6234/4 426/613/4
f 425/615/5 427/6235/5 430/616/5
f 424/618/6 428/6236/6 427/619/6
f 431/621/1 437/6237/1 432/622/1
f 434/624/2 438/6238/2 435/625/2
f 437/627/3 434/6239/3 436/628/3
f 431/630/4 438/6240/4 434/631/4
f 433/633/5 435/6241/5 438/634/5
f 432/636/6 436/6242/6 435/637/6
f 439/639/1 445/6243/1 440/640/1
f 442/642/2 446/6244/2 443/643/2
f 445/645/3 442/6245/3 444/646/3
f 439/648/4 446/6246/4 442/649/4
f 441/651/5 443/6247/5 446/652/5
f 440/654/6 444/6248/6 443/655/6
f 447/657/1 453/6249/1 448/658/1
f 450/660/2 454/6250/2 451/661/2
f 453/663/3 450/6251/3 452/664/3
f 447/666/4 454/6252/4 450/667/4
f 449/669/5 451/6253/5 454/670/5
f 448/672/6 452/6254/6 451/673/6
f 455/675/9 459/6255/9 456/676/5
f 458/678/6 461/682/6 459/679/10
f 460/681/11 463/6256/11 461/682/6
f 462/683/3 465/687/3 463/684/12
f 464/686/13 467/6257/13 465/687/3
f 466/688/4 469/692/4 467/689/14
f 468/691/15 470/6258/15 469/692/4
f 457/677/5 456/676/5 470/693/16
f 457/697/1 468/6259/1 466/6260/1
f 466/6260/1 464/6261/1 462/695/1
f 462/695/1 460/6262/1 458/696/1
f 458/696/1 455/6263/1 457/697/1
f 457/697/1 466/6260/1 462/695/1
f 470/699/2 456/6264/2 459/6265/2
f 459/6265/2 461/6266/2 470/699/2
f 461/6266/2 463/700/2 470/699/2
f 463/700/2 465/6267/2 467/6268/2
f 467/6268/2 469/698/2 463/700/2
f 471/701/17 475/6269/17 472/702/17
f 474/704/18 477/6270/18 472/705/18
f 476/707/19 479/711/19 477/708/19
f 478/710/20 481/6271/20 479/711/20
f 480/712/21 482/6272/21 481/713/21
f 480/715/22 471/701/22 473/703/22
f 471/719/23 480/6273/23 478/6274/23
f 478/6274/23 476/6275/23 471/719/23
f 476/6275/23 474/717/23 471/719/23
f 482/722/24 473/6276/24 479/720/24
f 473/6276/24 472/6277/24 479/720/24
f 472/6277/24 477/6278/24 479/720/24
f 645/885/25 651/891/25 646/886/25
f 648/888/26 652/897/26 649/889/26
f 651/891/27 648/6279/27 650/892/27
f 651/893/5 645/6280/5 652/894/5
f 647/896/28 649/889/28 652/897/28
f 646/899/3 650/6281/3 649/900/3
f 653/902/5 656/905/29 654/903/29
f 656/905/29 659/6282/30 657/906/30
f 658/907/31 661/911/31 657/908/30
f 660/910/32 663/913/32 661/911/31
f 660/910/32 665/6283/33 662/912/33
f 664/914/34 667/918/34 662/915/33
f 666/917/3 669/920/3 667/918/34
f 668/919/35 671/922/35 669/920/3
f 670/921/36 673/6284/36 671/922/35
f 670/923/36 675/927/37 672/924/37
f 674/926/38 677/929/38 672/924/37
f 676/928/39 679/6285/39 677/929/38
f 676/930/39 680/933/40 678/931/40
f 680/933/40 653/902/5 655/904/5
f 653/935/41 680/6286/41 675/936/41
f 680/6286/41 676/6287/41 675/936/41
f 676/6287/41 674/6288/58 675/936/41
f 675/936/41 670/6289/55 668/6290/41
f 668/6290/41 666/6291/792 664/6292/41
f 664/6292/41 665/6293/793 660/6294/41
f 660/6294/41 658/6295/41 659/934/41
f 659/934/41 656/6296/41 653/935/41
f 675/936/41 668/6290/41 664/6292/41
f 664/6292/41 660/6294/41 675/936/41
f 660/6294/41 659/934/41 675/936/41
f 678/6297/42 655/6298/794 654/6299/42
f 654/6299/42 657/6300/795 661/937/42
f 661/937/42 663/6301/42 662/6302/42
f 662/6302/42 667/6303/795 661/937/42
f 667/6303/795 669/938/42 661/937/42
f 669/938/42 671/6304/42 673/6305/42
f 673/6305/42 672/6306/42 669/938/42
f 672/6306/42 677/939/42 669/938/42
f 677/939/42 679/6307/796 678/6297/42
f 678/6297/42 654/6299/42 677/939/42
f 654/6299/42 661/937/42 677/939/42
f 684/943/43 688/6308/43 685/944/44
f 687/946/45 690/6309/45 688/947/45
f 687/949/47 691/952/48 689/950/48
f 691/952/49 694/6310/797 692/953/49
f 693/954/51 695/6311/51 692/955/51
f 686/945/53 685/944/798 695/957/53
f 686/961/41 693/6312/41 687/959/41
f 693/6312/41 694/6313/41 687/959/41
f 694/6313/41 691/6314/58 687/959/41
f 695/963/42 685/6315/799 688/964/42
f 688/964/42 690/6316/795 689/6317/795
f 689/6317/795 692/962/42 688/964/42
f 696/965/5 699/968/29 697/966/29
f 699/968/29 702/6318/30 700/969/30
f 701/970/31 704/974/31 700/971/30
f 703/973/32 706/976/32 704/974/31
f 703/973/32 708/6319/33 705/975/33
f 707/977/34 710/981/34 705/978/33
f 709/980/3 712/983/3 710/981/34
f 711/982/35 714/985/35 712/983/3
f 713/984/36 716/6320/36 714/985/35
f 713/986/36 718/990/37 715/987/37
f 717/989/38 720/992/38 715/987/37
f 719/991/39 722/6321/39 720/992/38
f 719/993/39 723/996/40 721/994/40
f 723/996/40 696/965/5 698/967/5
f 696/998/41 723/6322/41 718/999/41
f 723/6322/41 719/6323/41 718/999/41
f 719/6323/41 717/6324/58 718/999/41
f 718/999/41 713/6325/55 711/6326/41
f 711/6326/41 709/6327/792 707/6328/41
f 707/6328/41 708/6329/41 702/997/41
f 708/6329/41 703/6330/41 702/997/41
f 703/6330/41 701/6331/41 702/997/41
f 702/997/41 699/6332/41 696/998/41
f 718/999/41 711/6326/41 702/997/41
f 711/6326/41 707/6328/41 702/997/41
f 721/1000/42 698/6333/42 704/1001/42
f 698/6333/42 697/6334/42 704/1001/42
f 697/6334/42 700/6335/795 704/1001/42
f 704/1001/42 706/6336/42 712/1002/42
f 706/6336/42 705/6337/42 712/1002/42
f 705/6337/42 710/6338/42 712/1002/42
f 712/1002/42 714/6339/42 720/6340/42
f 714/6339/42 716/6341/796 720/6340/42
f 716/6341/796 715/6342/42 720/6340/42
f 720/6340/42 722/6343/796 721/1000/42
f 720/6340/42 721/1000/42 712/1002/42
f 727/1006/43 731/6344/43 728/1007/44
f 730/1009/45 733/6345/45 731/1010/45
f 730/1012/47 734/1015/48 732/1013/48
f 734/1015/49 737/6346/797 735/1016/49
f 736/1017/51 738/6347/51 735/1018/51
f 729/1008/53 728/1007/798 738/1020/53
f 729/1024/41 736/6348/41 730/1022/41
f 736/6348/41 737/6349/41 730/1022/41
f 737/6349/41 734/6350/41 730/1022/41
f 738/1026/42 728/6351/799 731/1027/42
f 731/1027/42 733/6352/795 732/6353/42
f 732/6353/42 735/1025/42 731/1027/42
f 739/1028/5 742/1031/29 740/1029/29
f 742/1031/29 745/6354/30 743/1032/30
f 744/1033/31 747/1037/31 743/1034/30
f 746/1036/32 749/1039/32 747/1037/31
f 746/1036/32 751/6355/33 748/1038/33
f 750/1040/34 753/1044/34 748/1041/33
f 752/1043/3 755/1046/3 753/1044/34
f 754/1045/35 757/1048/35 755/1046/3
f 756/1047/36 759/6356/36 757/1048/35
f 756/1049/36 761/1053/37 758/1050/37
f 760/1052/38 763/1055/38 758/1050/37
f 762/1054/39 765/6357/39 763/1055/38
f 762/1056/39 766/1059/40 764/1057/40
f 766/1059/40 739/1028/5 741/1030/5
f 739/1060/41 766/6358/58 762/6359/41
f 762/6359/41 760/6360/58 761/1061/41
f 761/1061/41 756/6361/41 750/1062/41
f 756/6361/41 754/6362/41 750/1062/41
f 754/6362/41 752/6363/792 750/1062/41
f 750/1062/41 751/6364/793 746/6365/41
f 746/6365/41 744/6366/41 750/1062/41
f 744/6366/41 745/6367/41 750/1062/41
f 745/6367/41 742/6368/41 739/1060/41
f 739/1060/41 762/6359/41 761/1061/41
f 745/6367/41 739/1060/41 750/1062/41
f 764/1063/42 741/6369/794 740/6370/42
f 740/6370/42 743/6371/42 764/1063/42
f 743/6371/42 747/1064/42 764/1063/42
f 747/1064/42 749/6372/42 748/6373/42
f 748/6373/42 753/6374/42 755/1065/42
f 755/1065/42 757/6375/42 763/6376/42
f 757/6375/42 759/6377/796 763/6376/42
f 759/6377/796 758/6378/42 763/6376/42
f 763/6376/42 765/6379/795 764/1063/42
f 747/1064/42 748/6373/42 755/1065/42
f 763/6376/42 764/1063/42 755/1065/42
f 770/1069/43 774/6380/43 771/1070/44
f 773/1072/45 776/6381/45 774/1073/45
f 773/1075/47 777/1078/48 775/1076/48
f 777/1078/49 780/6382/797 778/1079/49
f 779/1080/51 781/6383/51 778/1081/51
f 772/1071/53 771/1070/798 781/1083/53
f 772/1087/41 779/6384/41 773/1085/41
f 779/6384/41 780/6385/41 773/1085/41
f 780/6385/41 777/6386/58 773/1085/41
f 781/1089/42 771/6387/799 774/1090/42
f 774/1090/42 776/6388/795 775/6389/795
f 775/6389/795 778/1088/42 774/1090/42
f 782/1091/5 785/1094/29 783/1092/29
f 785/1094/29 788/6390/30 786/1095/30
f 787/1096/31 790/1100/31 786/1097/30
f 789/1099/32 792/1102/32 790/1100/31
f 789/1099/32 794/6391/33 791/1101/33
f 793/1103/34 796/1107/34 791/1104/33
f 795/1106/3 798/1109/3 796/1107/34
f 797/1108/35 800/1111/35 798/1109/3
f 799/1110/36 802/6392/36 800/1111/35
f 799/1112/36 804/1116/37 801/1113/37
f 803/1115/38 806/1118/38 801/1113/37
f 805/1117/39 808/6393/39 806/1118/38
f 805/1119/39 809/1122/40 807/1120/40
f 809/1122/40 782/1091/5 784/1093/5
f 782/1124/41 809/6394/41 804/1125/41
f 809/6394/41 805/6395/41 804/1125/41
f 805/6395/41 803/6396/58 804/1125/41
f 804/1125/41 799/6397/55 797/6398/41
f 797/6398/41 795/6399/793 793/6400/41
f 793/6400/41 794/6401/793 789/6402/41
f 789/6402/41 787/6403/41 788/1123/41
f 788/1123/41 785/6404/41 782/1124/41
f 804/1125/41 797/6398/41 793/6400/41
f 793/6400/41 789/6402/41 804/1125/41
f 789/6402/41 788/1123/41 804/1125/41
f 807/1127/42 784/6405/794 783/6406/42
f 783/6406/42 786/6407/42 807/1127/42
f 786/6407/42 790/1128/42 807/1127/42
f 790/1128/42 792/6408/42 791/6409/42
f 791/6409/42 796/6410/42 798/6411/42
f 798/6411/42 800/6412/42 802/6413/42
f 802/6413/42 801/6414/42 798/6411/42
f 801/6414/42 806/1126/42 798/6411/42
f 806/1126/42 808/6415/796 807/1127/42
f 790/1128/42 791/6409/42 806/1126/42
f 791/6409/42 798/6411/42 806/1126/42
f 813/1132/43 817/6416/43 814/1133/44
f 816/1135/45 819/6417/45 817/1136/45
f 816/1138/47 820/1141/48 818/1139/48
f 820/1141/49 823/6418/797 821/1142/49
f 822/1143/51 824/6419/51 821/1144/51
f 815/1134/53 814/1133/798 824/1146/53
f 815/1150/58 822/6420/41 823/6421/41
f 823/6421/41 820/6422/58 815/1150/58
f 820/6422/58 816/1148/58 815/1150/58
f 824/1152/42 814/6423/799 817/1153/42
f 817/1153/42 819/6424/42 818/6425/42
f 818/6425/42 821/1151/42 817/1153/42
f 825/1154/5 828/1157/29 826/1155/29
f 828/1157/29 831/6426/30 829/1158/30
f 830/1159/31 833/1163/31 829/1160/30
f 832/1162/32 835/1165/32 833/1163/31
f 832/1162/32 837/6427/33 834/1164/33
f 836/1166/34 839/1170/34 834/1167/33
f 838/1169/3 841/1172/3 839/1170/34
f 840/1171/35 843/1174/35 841/1172/3
f 842/1173/36 845/6428/36 843/1174/35
f 842/1175/36 847/1179/37 844/1176/37
f 846/1178/38 849/1181/38 844/1176/37
f 848/1180/39 851/6429/39 849/1181/38
f 848/1182/39 852/1185/40 850/1183/40
f 852/1185/40 825/1154/5 827/1156/5
f 825/1186/41 852/6430/41 848/6431/41
f 848/6431/41 846/6432/58 847/1187/41
f 847/1187/41 842/6433/41 836/1188/41
f 842/6433/41 840/6434/41 836/1188/41
f 840/6434/41 838/6435/792 836/1188/41
f 836/1188/41 837/6436/793 832/6437/41
f 832/6437/41 830/6438/41 836/1188/41
f 830/6438/41 831/6439/41 836/1188/41
f 831/6439/41 828/6440/41 825/1186/41
f 825/1186/41 848/6431/41 847/1187/41
f 831/6439/41 825/1186/41 836/1188/41
f 850/6441/42 827/6442/794 826/6443/42
f 826/6443/42 829/6444/42 850/6441/42
f 829/6444/42 833/1191/42 850/6441/42
f 833/1191/42 835/6445/42 834/6446/42
f 834/6446/42 839/6447/42 841/6448/42
f 841/6448/42 843/6449/42 845/1189/42
f 845/1189/42 844/6450/42 849/1190/42
f 849/1190/42 851/6451/42 833/1191/42
f 851/6451/42 850/6441/42 833/1191/42
f 833/1191/42 834/6446/42 841/6448/42
f 841/6448/42 845/1189/42 833/1191/42
f 856/1195/43 860/6452/800 857/1196/44
f 859/1198/45 862/6453/45 860/1199/45
f 859/1201/47 863/1204/48 861/1202/48
f 863/1204/49 866/6454/797 864/1205/49
f 865/1206/51 867/6455/51 864/1207/51
f 858/1197/53 857/1196/798 867/1209/53
f 858/1213/41 865/6456/41 859/1211/41
f 865/6456/41 866/6457/41 859/1211/41
f 866/6457/41 863/6458/41 859/1211/41
f 867/1215/42 857/6459/799 860/1216/42
f 860/1216/42 862/6460/42 861/6461/42
f 861/6461/42 864/1214/42 860/1216/42
f 868/1217/5 871/1220/29 869/1218/29
f 871/1220/29 874/6462/30 872/1221/30
f 873/1222/31 876/1226/31 872/1223/30
f 875/1225/32 878/1228/32 876/1226/31
f 875/1225/32 880/6463/33 877/1227/33
f 879/1229/34 882/1233/34 877/1230/33
f 881/1232/3 884/1235/3 882/1233/34
f 883/1234/35 886/1237/35 884/1235/3
f 885/1236/36 888/6464/36 886/1237/35
f 885/1238/36 890/1242/37 887/1239/37
f 889/1241/38 892/1244/38 887/1239/37
f 891/1243/39 894/6465/39 892/1244/38
f 891/1245/39 895/1248/40 893/1246/40
f 895/1248/40 868/1217/5 870/1219/5
f 868/1250/41 895/6466/41 890/1251/41
f 895/6466/41 891/6467/41 890/1251/41
f 891/6467/41 889/6468/58 890/1251/41
f 890/1251/41 885/6469/55 883/6470/41
f 883/6470/41 881/6471/792 879/6472/41
f 879/6472/41 880/6473/41 874/1249/41
f 880/6473/41 875/6474/41 874/1249/41
f 875/6474/41 873/6475/41 874/1249/41
f 874/1249/41 871/6476/41 868/1250/41
f 890/1251/41 883/6470/41 874/1249/41
f 883/6470/41 879/6472/41 874/1249/41
f 893/1252/42 870/6477/794 869/6478/42
f 869/6478/42 872/6479/42 893/1252/42
f 872/6479/42 876/1253/42 893/1252/42
f 876/1253/42 878/6480/42 877/6481/42
f 877/6481/42 882/6482/42 884/1254/42
f 884/1254/42 886/6483/42 892/6484/42
f 886/6483/42 888/6485/796 892/6484/42
f 888/6485/796 887/6486/42 892/6484/42
f 892/6484/42 894/6487/796 893/1252/42
f 876/1253/42 877/6481/42 884/1254/42
f 892/6484/42 893/1252/42 884/1254/42
f 899/1258/43 903/6488/43 900/1259/44
f 902/1261/45 905/6489/45 903/1262/45
f 902/1264/47 906/1267/48 904/1265/48
f 906/1267/59 909/6490/797 907/1268/49
f 908/1269/51 910/6491/51 907/1270/51
f 901/1260/53 900/1259/798 910/1272/53
f 901/1276/41 908/6492/41 902/1274/41
f 908/6492/41 909/6493/41 902/1274/41
f 909/6493/41 906/6494/58 902/1274/41
f 910/1278/42 900/6495/799 903/1279/42
f 903/1279/42 905/6496/795 904/6497/795
f 904/6497/795 907/1277/42 903/1279/42
f 911/1280/60 915/1284/60 912/1281/5
f 914/1283/61 917/6498/61 915/1284/60
f 916/1285/6 919/1289/6 917/1286/61
f 918/1288/62 921/1291/62 919/1289/6
f 920/1290/63 923/6499/63 921/1291/62
f 922/1292/3 925/1296/3 923/1293/63
f 924/1295/64 927/1298/64 925/1296/3
f 926/1297/65 929/6500/65 927/1298/64
f 928/1299/4 931/1303/4 929/1300/65
f 930/1302/66 933/1305/66 931/1303/4
f 932/1304/67 934/6501/67 933/1305/66
f 913/1282/5 912/1281/5 934/1306/67
f 913/1310/1 932/6502/1 930/6503/1
f 930/6503/1 928/6504/1 913/1310/1
f 928/6504/1 926/6505/1 913/1310/1
f 926/6505/1 924/6506/1 922/1308/1
f 922/1308/1 920/6507/1 918/1309/1
f 918/1309/1 916/6508/1 913/1310/1
f 916/6508/1 914/6509/1 913/1310/1
f 914/6509/1 911/6510/1 913/1310/1
f 926/6505/1 922/1308/1 913/1310/1
f 934/1312/2 912/6511/2 919/1313/2
f 912/6511/2 915/6512/2 919/1313/2
f 915/6512/2 917/6513/2 919/1313/2
f 919/1313/2 921/6514/2 923/6515/2
f 923/6515/2 925/6516/2 919/1313/2
f 925/6516/2 927/6517/2 919/1313/2
f 927/6517/2 929/6518/2 931/1311/2
f 931/1311/2 933/6519/2 934/1312/2
f 927/6517/2 931/1311/2 919/1313/2
f 935/1314/68 939/1318/68 936/1315/69
f 938/1317/70 941/6520/72 939/1318/68
f 938/1319/70 943/1323/71 940/1320/71
f 942/1322/73 945/1325/75 940/1320/71
f 942/1322/73 946/6521/74 944/1324/74
f 946/1326/74 949/1330/76 947/1327/76
f 948/1329/77 951/1332/77 947/1327/76
f 950/1331/78 953/6522/78 951/1332/77
f 950/1333/78 955/1337/79 952/1334/79
f 954/1336/80 957/1339/80 952/1334/79
f 954/1336/80 958/6523/81 956/1338/81
f 958/1340/81 937/1316/69 936/1315/69
f 937/1344/1 958/6524/1 950/1342/1
f 958/6524/1 954/6525/1 950/1342/1
f 954/6525/1 955/6526/1 950/1342/1
f 950/1342/1 948/6527/1 942/1343/1
f 948/6527/1 949/6528/1 942/1343/1
f 949/6528/1 946/6529/1 942/1343/1
f 942/1343/1 943/6530/1 938/6531/1
f 938/6531/1 935/6532/1 942/1343/1
f 935/6532/1 937/1344/1 942/1343/1
f 956/6533/2 936/6534/2 939/1345/2
f 939/1345/2 941/6535/2 940/1346/2
f 940/1346/2 945/6536/2 951/1347/2
f 945/6536/2 944/6537/2 951/1347/2
f 944/6537/2 947/6538/2 951/1347/2
f 951/1347/2 953/6539/2 952/6540/2
f 952/6540/2 957/6541/2 951/1347/2
f 957/6541/2 956/6533/2 951/1347/2
f 956/6533/2 939/1345/2 951/1347/2
f 959/1348/1 965/6542/1 960/1349/1
f 962/1351/2 966/6543/2 963/1352/2
f 965/1354/3 962/6544/3 964/1355/3
f 959/1357/4 966/6545/4 962/1358/4
f 961/1360/5 963/6546/5 966/1361/5
f 960/1363/6 964/6547/6 963/1364/6
f 967/1366/1 973/6548/1 968/1367/1
f 970/1369/2 974/6549/2 971/1370/2
f 973/1372/3 970/6550/3 972/1373/3
f 967/1375/4 974/6551/4 970/1376/4
f 969/1378/5 971/6552/5 974/1379/5
f 968/1381/6 972/6553/6 971/1382/6
f 975/1384/63 979/6554/63 976/1385/63
f 978/1387/6 981/6555/6 979/1388/6
f 980/1390/60 983/1394/60 981/1391/60
f 982/1393/67 985/6556/67 983/1394/67
f 984/1395/4 986/6557/4 985/1396/4
f 977/1386/64 976/1385/64 986/1398/64
f 977/1402/2 984/6558/2 978/1400/2
f 984/6558/2 982/6559/2 978/1400/2
f 982/6559/2 980/6560/2 978/1400/2
f 986/1404/1 976/6561/1 979/1405/1
f 979/1405/1 981/6562/1 983/6563/1
f 983/6563/1 985/1403/1 979/1405/1
f 987/1406/1 993/6564/1 988/1407/1
f 990/1409/2 994/6565/2 991/1410/2
f 993/1412/3 990/6566/3 992/1413/3
f 987/1415/4 994/6567/4 990/1416/4
f 989/1418/5 991/6568/5 994/1419/5
f 988/1421/6 992/6569/6 991/1422/6
f 995/1424/82 999/6570/82 996/1425/83
f 998/1427/1 1001/1431/1 999/1428/82
f 1000/1430/84 1003/6571/84 1001/1431/1
f 1002/1432/85 1005/1436/85 1003/1433/84
f 1004/1435/86 1007/6572/86 1005/1436/87
f 1006/1437/2 1009/1441/2 1007/1438/86
f 1008/1440/88 1010/6573/88 1009/1441/2
f 997/1426/89 996/1425/89 1010/1442/88
f 997/1446/3 1008/6574/3 1002/6575/3
f 1008/6574/3 1006/6576/3 1002/6575/3
f 1006/6576/3 1004/6577/3 1002/6575/3
f 1002/6575/3 1000/6578/3 997/1446/3
f 1000/6578/3 998/1444/3 997/1446/3
f 1010/1449/5 996/6579/5 999/6580/5
f 999/6580/5 1001/6581/5 1003/1447/5
f 1003/1447/5 1005/6582/5 1007/1448/5
f 1007/1448/5 1009/6583/5 1010/1449/5
f 1010/1449/5 999/6580/5 1003/1447/5
f 1011/1450/90 1017/6584/90 1012/1451/90
f 1014/1453/91 1018/6585/91 1015/1454/91
f 1016/1456/92 1015/6586/92 1017/1457/92
f 1015/1459/5 1018/6587/5 1012/1460/5
f 1018/1462/93 1014/6588/93 1013/1463/93
f 1013/1465/3 1014/6589/3 1016/1466/3
f 1019/1468/82 1023/6590/82 1020/1469/4
f 1022/1471/1 1025/1475/1 1023/1472/82
f 1024/1474/84 1027/6591/84 1025/1475/1
f 1026/1476/6 1029/1480/6 1027/1477/84
f 1028/1479/86 1031/6592/86 1029/1480/6
f 1030/1481/2 1033/1485/2 1031/1482/86
f 1032/1484/88 1034/6593/88 1033/1485/2
f 1021/1470/4 1020/1469/4 1034/1486/88
f 1021/1489/3 1032/6594/3 1030/6595/3
f 1030/6595/3 1028/6596/3 1021/1489/3
f 1028/6596/3 1026/1490/3 1021/1489/3
f 1026/1490/3 1024/6597/3 1022/6598/3
f 1022/6598/3 1019/1488/3 1026/1490/3
f 1034/1493/5 1020/6599/5 1027/6600/5
f 1020/6599/5 1023/6601/5 1027/6600/5
f 1023/6601/5 1025/6602/5 1027/6600/5
f 1027/6600/5 1029/6603/5 1034/1493/5
f 1029/6603/5 1031/1491/5 1034/1493/5
f 1035/1494/94 1039/6604/94 1036/1495/94
f 1035/1497/95 1041/1501/95 1038/1498/95
f 1040/1500/96 1043/6605/96 1038/1498/96
f 1040/1502/3 1045/6606/3 1042/1503/3
f 1044/1505/97 1047/1509/97 1042/1506/97
f 1044/1505/98 1048/6607/98 1046/1508/98
f 1037/1496/99 1036/1495/99 1046/1510/99
f 1037/1512/100 1048/6608/100 1044/1513/100
f 1044/1513/100 1045/6609/100 1040/1514/100
f 1040/1514/100 1041/6610/100 1035/6611/100
f 1035/6611/100 1037/1512/100 1040/1514/100
f 1046/6612/101 1036/6613/101 1047/1516/101
f 1036/6613/101 1039/1517/101 1047/1516/101
f 1039/1517/101 1038/6614/101 1043/6615/101
f 1043/6615/101 1042/1515/101 1039/1517/101
f 1049/1518/94 1053/6616/94 1050/1519/94
f 1049/1521/95 1055/1525/95 1052/1522/95
f 1054/1524/102 1057/6617/96 1052/1522/96
f 1054/1526/3 1059/6618/3 1056/1527/3
f 1058/1529/97 1061/1533/801 1056/1530/97
f 1058/1529/98 1062/6619/98 1060/1532/98
f 1051/1520/99 1050/1519/99 1060/1534/99
f 1051/1536/100 1062/6620/100 1058/1537/100
f 1058/1537/100 1059/6621/100 1054/1538/100
f 1054/1538/100 1055/6622/100 1049/6623/100
f 1049/6623/100 1051/1536/100 1054/1538/100
f 1060/1539/101 1050/6624/101 1053/1540/101
f 1053/1540/101 1052/6625/101 1057/1541/101
f 1057/1541/101 1056/6626/101 1061/6627/101
f 1061/6627/101 1060/1539/101 1057/1541/101
f 1063/1542/60 1067/6628/60 1064/1543/60
f 1066/1545/6 1069/6629/6 1067/1546/6
f 1068/1548/63 1071/1552/63 1069/1549/63
f 1070/1551/64 1073/6630/64 1071/1552/64
f 1072/1553/4 1074/6631/4 1073/1554/4
f 1065/1544/67 1064/1543/67 1074/1556/67
f 1065/1560/1 1072/6632/1 1070/6633/1
f 1070/6633/1 1068/6634/1 1065/1560/1
f 1068/6634/1 1066/1558/1 1065/1560/1
f 1074/1563/2 1064/6635/2 1071/1561/2
f 1064/6635/2 1067/6636/2 1071/1561/2
f 1067/6636/2 1069/6637/2 1071/1561/2
f 1075/1564/60 1079/6638/60 1076/1565/60
f 1078/1567/6 1081/6639/6 1079/1568/6
f 1080/1570/63 1083/1574/63 1081/1571/63
f 1082/1573/64 1085/6640/64 1083/1574/64
f 1084/1575/4 1086/6641/4 1085/1576/4
f 1077/1566/67 1076/1565/67 1086/1578/67
f 1077/1582/1 1084/6642/1 1082/6643/1
f 1082/6643/1 1080/6644/1 1077/1582/1
f 1080/6644/1 1078/1580/1 1077/1582/1
f 1086/1585/2 1076/6645/2 1083/1583/2
f 1076/6645/2 1079/6646/2 1083/1583/2
f 1079/6646/2 1081/6647/2 1083/1583/2
f 1087/1586/103 1091/6648/103 1088/1587/5
f 1090/1589/104 1093/1593/104 1091/1590/103
f 1092/1592/105 1095/1595/105 1093/1593/104
f 1094/1594/106 1097/6649/106 1095/1595/105
f 1096/1596/3 1099/1600/3 1097/1597/106
f 1098/1599/107 1101/6650/107 1099/1600/3
f 1100/1601/108 1103/1605/108 1101/1602/107
f 1102/1604/109 1105/1607/109 1103/1605/108
f 1104/1606/110 1106/6651/110 1105/1607/109
f 1089/1588/5 1088/1587/5 1106/1608/110
f 1089/1612/1 1104/6652/1 1102/6653/1
f 1102/6653/1 1100/6654/1 1098/1610/1
f 1098/1610/1 1096/6655/1 1094/6656/1
f 1094/6656/1 1092/6657/1 1090/1611/1
f 1090/1611/1 1087/6658/1 1089/1612/1
f 1089/1612/1 1102/6653/1 1098/1610/1
f 1098/1610/1 1094/6656/1 1090/1611/1
f 1106/1615/2 1088/6659/2 1091/6660/2
f 1091/6660/2 1093/6661/802 1095/1613/2
f 1095/1613/2 1097/6662/802 1099/6663/2
f 1099/6663/2 1101/6664/803 1103/1614/2
f 1103/1614/2 1105/6665/803 1106/1615/2
f 1106/1615/2 1091/6660/2 1095/1613/2
f 1095/1613/2 1099/6663/2 1103/1614/2
f 1107/1616/111 1111/6666/112 1108/1617/112
f 1110/1619/113 1113/1623/113 1108/1620/112
f 1112/1622/114 1115/1625/114 1113/1623/113
f 1112/1622/114 1117/6667/115 1114/1624/115
f 1116/1626/116 1119/1630/116 1114/1627/115
f 1116/1626/116 1121/6668/117 1118/1629/117
f 1120/1631/118 1123/1635/118 1118/1632/117
f 1122/1634/119 1125/1637/119 1123/1635/118
f 1122/1634/119 1126/6669/120 1124/1636/120
f 1107/1616/111 1109/1618/111 1124/1638/120
f 1107/1642/1 1126/6670/804 1122/6671/1
f 1122/6671/1 1120/6672/1 1121/1640/1
f 1121/1640/1 1116/6673/1 1117/6674/1
f 1117/6674/1 1112/6675/1 1110/1641/1
f 1110/1641/1 1111/6676/805 1107/1642/1
f 1107/1642/1 1122/6671/1 1121/1640/1
f 1121/1640/1 1117/6674/1 1110/1641/1
f 1124/6677/2 1109/6678/2 1115/1643/2
f 1109/6678/2 1108/6679/2 1115/1643/2
f 1108/6679/2 1113/6680/802 1115/1643/2
f 1115/1643/2 1114/6681/2 1119/1644/2
f 1119/1644/2 1118/6682/802 1123/1645/2
f 1123/1645/2 1125/6683/2 1115/1643/2
f 1125/6683/2 1124/6677/2 1115/1643/2
f 1127/1646/1 1133/6684/1 1128/1647/1
f 1130/1649/2 1134/6685/2 1131/1650/2
f 1133/1652/3 1130/6686/3 1132/1653/3
f 1127/1655/4 1134/6687/4 1130/1656/4
f 1129/1658/5 1131/6688/5 1134/1659/5
f 1128/1661/6 1132/6689/6 1131/1662/6
f 1135/1664/1 1141/6690/1 1136/1665/1
f 1138/1667/2 1142/6691/2 1139/1668/2
f 1141/1670/3 1138/6692/3 1140/1671/3
f 1135/1673/4 1142/6693/4 1138/1674/4
f 1137/1676/5 1139/6694/5 1142/1677/5
f 1136/1679/6 1140/6695/6 1139/1680/6
f 1143/1682/1 1149/6696/1 1144/1683/1
f 1146/1685/2 1150/6697/2 1147/1686/2
f 1149/1688/3 1146/6698/3 1148/1689/3
f 1143/1691/4 1150/6699/4 1146/1692/4
f 1145/1694/5 1147/6700/5 1150/1695/5
f 1144/1697/6 1148/6701/6 1147/1698/6
f 1151/1700/1 1157/6702/1 1152/1701/1
f 1154/1703/2 1158/6703/2 1155/1704/2
f 1157/1706/3 1154/6704/3 1156/1707/3
f 1151/1709/4 1158/6705/4 1154/1710/4
f 1153/1712/5 1155/6706/5 1158/1713/5
f 1152/1715/6 1156/6707/6 1155/1716/6
f 1159/1718/1 1165/6708/1 1160/1719/1
f 1162/1721/2 1166/6709/2 1163/1722/2
f 1165/1724/4 1162/6710/4 1164/1725/4
f 1159/1727/5 1166/6711/5 1162/1728/5
f 1161/1730/6 1163/6712/6 1166/1731/6
f 1160/1733/3 1164/6713/3 1163/1734/3
f 1167/1736/121 1171/6714/121 1168/1737/121
f 1170/1739/1 1173/6715/1 1171/1740/1
f 1172/1742/122 1175/1746/122 1173/1743/122
f 1174/1745/123 1177/6716/123 1175/1746/123
f 1176/1747/2 1178/6717/2 1177/1748/2
f 1169/1738/124 1168/1737/124 1178/1750/124
f 1169/1754/3 1176/6718/3 1174/6719/3
f 1174/6719/3 1172/6720/3 1169/1754/3
f 1172/6720/3 1170/1752/3 1169/1754/3
f 1178/1757/5 1168/6721/5 1175/1755/5
f 1168/6721/5 1171/6722/5 1175/1755/5
f 1171/6722/5 1173/6723/5 1175/1755/5
f 1179/1758/63 1183/6724/63 1180/1759/63
f 1182/1761/6 1185/6725/6 1183/1762/6
f 1184/1764/60 1187/1768/60 1185/1765/60
f 1186/1767/67 1189/6726/67 1187/1768/67
f 1188/1769/4 1190/6727/4 1189/1770/4
f 1181/1760/64 1180/1759/64 1190/1772/64
f 1181/1776/2 1188/6728/2 1182/1774/2
f 1188/6728/2 1186/6729/2 1182/1774/2
f 1186/6729/2 1184/6730/2 1182/1774/2
f 1190/1778/1 1180/6731/1 1183/1779/1
f 1183/1779/1 1185/6732/1 1187/6733/1
f 1187/6733/1 1189/1777/1 1183/1779/1
f 1191/1780/63 1195/6734/63 1192/1781/63
f 1194/1783/6 1197/6735/6 1195/1784/6
f 1196/1786/60 1199/1790/60 1197/1787/60
f 1198/1789/67 1201/6736/67 1199/1790/67
f 1200/1791/4 1202/6737/4 1201/1792/4
f 1193/1782/64 1192/1781/64 1202/1794/64
f 1193/1798/2 1200/6738/2 1198/6739/2
f 1198/6739/2 1196/6740/2 1193/1798/2
f 1196/6740/2 1194/1796/2 1193/1798/2
f 1202/1801/1 1192/6741/1 1199/1799/1
f 1192/6741/1 1195/6742/1 1199/1799/1
f 1195/6742/1 1197/6743/1 1199/1799/1
f 1203/1802/125 1207/6744/125 1204/1803/9
f 1206/1805/6 1209/1809/6 1207/1806/125
f 1208/1808/126 1211/6745/126 1209/1809/6
f 1210/1810/12 1213/1814/12 1211/1811/126
f 1212/1813/127 1215/6746/127 1213/1814/13
f 1214/1815/4 1217/1819/4 1215/1816/127
f 1216/1818/128 1218/6747/128 1217/1819/4
f 1205/1804/16 1204/1803/16 1218/1820/128
f 1205/6748/1 1216/6749/1 1214/1822/1
f 1214/1822/1 1212/6750/1 1210/1823/1
f 1210/1823/1 1208/6751/1 1206/1824/1
f 1206/1824/1 1203/6752/1 1205/6748/1
f 1205/6748/1 1214/1822/1 1206/1824/1
f 1218/1826/2 1204/6753/2 1207/6754/2
f 1207/6754/2 1209/6755/2 1218/1826/2
f 1209/6755/2 1211/1827/2 1218/1826/2
f 1211/1827/2 1213/6756/2 1215/6757/2
f 1215/6757/2 1217/1825/2 1211/1827/2
f 1219/1828/103 1223/6758/103 1220/1829/5
f 1222/1831/104 1225/1835/104 1223/1832/103
f 1224/1834/105 1227/1837/105 1225/1835/104
f 1226/1836/106 1229/6759/106 1227/1837/105
f 1228/1838/3 1231/1842/3 1229/1839/106
f 1230/1841/107 1233/6760/107 1231/1842/3
f 1232/1843/108 1235/1847/108 1233/1844/107
f 1234/1846/109 1237/1849/109 1235/1847/108
f 1236/1848/110 1238/6761/110 1237/1849/109
f 1221/1830/5 1220/1829/5 1238/1850/110
f 1221/1854/1 1236/6762/1 1230/6763/1
f 1236/6762/1 1234/6764/1 1230/6763/1
f 1234/6764/1 1232/6765/1 1230/6763/1
f 1230/6763/1 1228/6766/1 1226/1852/1
f 1226/1852/1 1224/6767/1 1222/1853/1
f 1222/1853/1 1219/6768/1 1221/1854/1
f 1230/6763/1 1226/1852/1 1221/1854/1
f 1238/1857/2 1220/6769/2 1227/6770/2
f 1220/6769/2 1223/6771/2 1227/6770/2
f 1223/6771/2 1225/6772/2 1227/6770/2
f 1227/6770/2 1229/6773/2 1231/1855/2
f 1231/1855/2 1233/6774/2 1235/1856/2
f 1235/1856/2 1237/6775/2 1238/1857/2
f 1227/6770/2 1231/1855/2 1238/1857/2
f 1239/1858/129 1242/6776/130 1240/1859/130
f 1242/1861/130 1245/1865/131 1243/1862/131
f 1244/1864/132 1247/1867/132 1243/1862/131
f 1246/1866/133 1249/6777/133 1247/1867/132
f 1248/1868/134 1251/1872/134 1249/1869/133
f 1248/1868/134 1252/6778/135 1250/1871/135
f 1252/1873/135 1255/1877/136 1253/1874/136
f 1254/1876/137 1257/1879/137 1253/1874/136
f 1256/1878/138 1258/6779/138 1257/1879/137
f 1239/1858/129 1241/1860/129 1258/1880/138
f 1239/1884/1 1256/6780/1 1252/6781/1
f 1256/6780/1 1254/6782/1 1252/6781/1
f 1254/6782/1 1255/6783/1 1252/6781/1
f 1252/6781/1 1248/6784/1 1246/1882/1
f 1246/1882/1 1244/6785/1 1245/1883/1
f 1245/1883/1 1242/6786/1 1239/1884/1
f 1252/6781/1 1246/1882/1 1239/1884/1
f 1258/1886/2 1241/6787/2 1240/6788/2
f 1240/6788/2 1243/6789/2 1258/1886/2
f 1243/6789/2 1247/1887/2 1258/1886/2
f 1247/1887/2 1249/6790/2 1251/6791/2
f 1251/6791/2 1250/6792/2 1247/1887/2
f 1250/6792/2 1253/6793/2 1247/1887/2
f 1253/6793/2 1257/1885/2 1247/1887/2
f 1259/1888/9 1263/6794/9 1260/1889/9
f 1262/1891/10 1265/1895/10 1263/1892/10
f 1264/1894/11 1267/6795/11 1265/1895/11
f 1266/1896/12 1269/1900/12 1267/1897/12
f 1268/1899/127 1271/6796/127 1269/1900/13
f 1270/1901/4 1273/1905/4 1271/1902/127
f 1272/1904/128 1274/6797/128 1273/1905/4
f 1261/1890/16 1260/1889/16 1274/1906/128
f 1261/1910/1 1272/6798/1 1270/6799/1
f 1270/6799/1 1268/6800/1 1266/1908/1
f 1266/1908/1 1264/6801/1 1262/1909/1
f 1262/1909/1 1259/6802/1 1261/1910/1
f 1261/1910/1 1270/6799/1 1266/1908/1
f 1274/1913/2 1260/6803/2 1267/6804/2
f 1260/6803/2 1263/6805/2 1267/6804/2
f 1263/6805/2 1265/6806/2 1267/6804/2
f 1267/6804/2 1269/6807/2 1274/1913/2
f 1269/6807/2 1271/1911/2 1274/1913/2
f 1275/1914/1 1281/6808/1 1276/1915/1
f 1278/1917/2 1282/6809/2 1279/1918/2
f 1281/1920/3 1278/6810/3 1280/1921/3
f 1275/1923/4 1282/6811/4 1278/1924/4
f 1277/1926/5 1279/6812/5 1282/1927/5
f 1276/1929/6 1280/6813/6 1279/1930/6
f 1288/1938/4 1287/6814/4 1284/1939/4
f 1284/1941/141 1287/6815/141 1286/1942/141
f 1286/1944/142 1288/6816/142 1283/1945/142
f 1291/1953/4 1294/6817/4 1293/1954/4
f 1291/1956/142 1290/6818/142 1292/1957/142
f 1289/1959/141 1293/6819/141 1292/1960/141
f 1295/1962/143 1298/1965/144 1296/1963/144
f 1298/1965/144 1300/1967/145 1299/1966/145
f 1300/1967/145 3890/6820/146 1301/1968/146
f 1302/1969/1 1308/6821/1 1303/1970/1
f 1305/1972/2 1309/6822/2 1306/1973/2
f 1308/1975/3 1305/6823/3 1307/1976/3
f 1302/1978/4 1309/6824/4 1305/1979/4
f 1304/1981/5 1306/6825/5 1309/1982/5
f 1303/1984/6 1307/6826/6 1306/1985/6
f 1310/1987/147 1314/6827/147 1311/1988/147
f 1313/1990/148 1316/6828/148 1314/1991/148
f 1313/1993/149 1318/1997/149 1315/1994/149
f 1317/1996/150 1320/6829/150 1315/1994/150
f 1317/1998/151 1321/6830/151 1319/1999/151
f 1321/2001/152 1312/1989/152 1311/1988/152
f 1312/2005/153 1321/6831/153 1313/2003/153
f 1321/6831/153 1317/6832/153 1313/2003/153
f 1317/6832/153 1318/6833/153 1313/2003/153
f 1319/2008/154 1311/6834/154 1315/2006/154
f 1311/6834/154 1314/6835/154 1315/2006/154
f 1314/6835/154 1316/6836/154 1315/2006/154
f 1322/2009/60 1326/2013/60 1323/2010/5
f 1325/2012/61 1328/6837/61 1326/2013/60
f 1327/2014/6 1330/2018/6 1328/2015/61
f 1329/2017/62 1332/2020/62 1330/2018/6
f 1331/2019/63 1334/6838/63 1332/2020/62
f 1333/2021/3 1336/2025/3 1334/2022/63
f 1335/2024/64 1338/2027/64 1336/2025/3
f 1337/2026/65 1340/6839/65 1338/2027/64
f 1339/2028/4 1342/2032/4 1340/2029/65
f 1341/2031/66 1344/2034/66 1342/2032/4
f 1343/2033/67 1345/6840/67 1344/2034/66
f 1324/2011/5 1323/2010/5 1345/2035/67
f 1324/2039/1 1343/6841/1 1341/6842/1
f 1341/6842/1 1339/6843/1 1337/6844/1
f 1337/6844/1 1335/6845/1 1333/6846/1
f 1333/6846/1 1331/6847/1 1329/2037/1
f 1329/2037/1 1327/6848/1 1325/2038/1
f 1325/2038/1 1322/6849/1 1324/2039/1
f 1324/2039/1 1341/6842/1 1329/2037/1
f 1341/6842/1 1337/6844/1 1329/2037/1
f 1337/6844/1 1333/6846/1 1329/2037/1
f 1345/2042/2 1323/6850/2 1326/6851/2
f 1326/6851/2 1328/6852/2 1345/2042/2
f 1328/6852/2 1330/2040/2 1345/2042/2
f 1330/2040/2 1332/6853/2 1338/2041/2
f 1332/6853/2 1334/6854/2 1338/2041/2
f 1334/6854/2 1336/6855/2 1338/2041/2
f 1338/2041/2 1340/6856/2 1345/2042/2
f 1340/6856/2 1342/6857/2 1345/2042/2
f 1342/6857/2 1344/6858/2 1345/2042/2
f 1346/2043/155 1350/6859/155 1347/2044/156
f 1349/2046/157 1352/6860/157 1350/2047/155
f 1351/2049/158 1354/2053/158 1352/2050/157
f 1351/2049/158 1356/6861/159 1353/2052/159
f 1355/2054/160 1358/6862/160 1353/2055/159
f 1355/2057/160 1360/2061/161 1357/2058/161
f 1359/2060/162 1362/6863/162 1357/2058/161
f 1361/2062/163 1364/6864/163 1362/2063/162
f 1363/2065/164 1366/2069/164 1364/2066/163
f 1363/2065/164 1367/6865/165 1365/2068/165
f 1367/2070/165 1369/6866/166 1368/2071/166
f 1369/2073/166 1348/2045/156 1347/2044/156
f 1348/2075/1 1369/6866/1 1361/2062/1
f 1369/6866/1 1367/2070/1 1361/2062/1
f 1367/2070/1 1363/6867/1 1361/2062/1
f 1361/2062/1 1359/2064/1 1356/2056/1
f 1359/2064/1 1360/6868/1 1356/2056/1
f 1360/6868/1 1355/2054/1 1356/2056/1
f 1356/2056/1 1351/6869/1 1349/2046/1
f 1349/2046/1 1346/2048/1 1356/2056/1
f 1346/2048/1 1348/2075/1 1356/2056/1
f 1368/2078/2 1347/6870/2 1350/6871/2
f 1350/6871/2 1352/6872/2 1368/2078/2
f 1352/6872/2 1354/2076/2 1368/2078/2
f 1354/2076/2 1353/6873/2 1362/2077/2
f 1353/6873/2 1358/6874/2 1362/2077/2
f 1358/6874/2 1357/6875/2 1362/2077/2
f 1362/2077/2 1364/6876/2 1368/2078/2
f 1364/6876/2 1366/6877/2 1368/2078/2
f 1366/6877/2 1365/6878/2 1368/2078/2
f 1370/2079/167 1373/6879/168 1371/2080/168
f 1373/2082/168 1375/6880/169 1374/2083/169
f 1375/2085/169 1378/2089/170 1376/2086/170
f 1377/2088/171 1380/6881/171 1376/2086/170
f 1379/2090/172 1382/6882/172 1380/2091/171
f 1381/2093/173 1384/2097/173 1382/2094/172
f 1381/2093/173 1386/6883/174 1383/2096/174
f 1385/2098/175 1388/2102/175 1383/2099/174
f 1385/2098/175 1390/6884/176 1387/2101/176
f 1389/2103/177 1392/6885/177 1387/2104/176
f 1391/2106/178 1393/2110/178 1392/2107/177
f 1370/2109/167 1372/6886/167 1393/2110/178
f 1370/2113/1 1391/6887/1 1389/6888/1
f 1389/6888/1 1390/6889/1 1385/6890/1
f 1385/6890/1 1386/6891/1 1381/6892/1
f 1381/6892/1 1379/6893/1 1377/2111/1
f 1377/2111/1 1378/6894/1 1375/2112/1
f 1375/2112/1 1373/6895/1 1370/2113/1
f 1370/2113/1 1389/6888/1 1377/2111/1
f 1389/6888/1 1385/6890/1 1377/2111/1
f 1385/6890/1 1381/6892/1 1377/2111/1
f 1393/2110/2 1372/6886/2 1371/2084/2
f 1371/2084/2 1374/2083/2 1376/2114/2
f 1376/2114/2 1380/2091/2 1383/2099/2
f 1380/2091/2 1382/6882/2 1383/2099/2
f 1382/6882/2 1384/6896/2 1383/2099/2
f 1383/2099/2 1388/2102/2 1387/2101/2
f 1387/2101/2 1392/2107/2 1383/2099/2
f 1392/2107/2 1393/2110/2 1383/2099/2
f 1393/2110/2 1371/2084/2 1383/2099/2
f 1394/2115/60 1398/2119/60 1395/2116/5
f 1397/2118/61 1400/6897/61 1398/2119/60
f 1399/2120/6 1402/2124/6 1400/2121/61
f 1401/2123/62 1404/2126/62 1402/2124/6
f 1403/2125/63 1406/6898/63 1404/2126/62
f 1405/2127/3 1408/2131/3 1406/2128/63
f 1407/2130/64 1410/2133/64 1408/2131/3
f 1409/2132/65 1412/6899/65 1410/2133/64
f 1411/2134/4 1414/2138/4 1412/2135/65
f 1413/2137/66 1416/2140/66 1414/2138/4
f 1415/2139/67 1417/6900/67 1416/2140/66
f 1396/2117/5 1395/2116/5 1417/2141/67
f 1396/2145/1 1415/6901/1 1413/6902/1
f 1413/6902/1 1411/6903/1 1409/6904/1
f 1409/6904/1 1407/6905/1 1405/6906/1
f 1405/6906/1 1403/6907/1 1409/6904/1
f 1403/6907/1 1401/2143/1 1409/6904/1
f 1401/2143/1 1399/6908/1 1397/2144/1
f 1397/2144/1 1394/6909/1 1396/2145/1
f 1396/2145/1 1413/6902/1 1401/2143/1
f 1413/6902/1 1409/6904/1 1401/2143/1
f 1417/2148/2 1395/6910/2 1398/6911/2
f 1398/6911/2 1400/6912/2 1417/2148/2
f 1400/6912/2 1402/2146/2 1417/2148/2
f 1402/2146/2 1404/6913/2 1410/2147/2
f 1404/6913/2 1406/6914/2 1410/2147/2
f 1406/6914/2 1408/6915/2 1410/2147/2
f 1410/2147/2 1412/6916/2 1414/6917/2
f 1414/6917/2 1416/6918/2 1410/2147/2
f 1416/6918/2 1417/2148/2 1410/2147/2
f 1418/2149/156 1422/6919/155 1419/2150/155
f 1421/2152/157 1424/6920/157 1419/2153/155
f 1423/2155/158 1426/2159/158 1424/2156/157
f 1423/2155/158 1428/6921/159 1425/2158/159
f 1427/2160/160 1430/6922/160 1425/2161/159
f 1429/2163/161 1432/2167/161 1430/2164/160
f 1429/2163/161 1434/6923/162 1431/2166/162
f 1433/2168/163 1436/6924/163 1431/2169/162
f 1435/2171/164 1438/2175/164 1436/2172/163
f 1435/2171/164 1440/6925/165 1437/2174/165
f 1439/2176/166 1441/6926/166 1437/2177/165
f 1418/2149/156 1420/2151/156 1441/2179/166
f 1418/2181/1 1439/2176/1 1433/2168/1
f 1439/2176/1 1440/2178/1 1433/2168/1
f 1440/2178/1 1435/6927/1 1433/2168/1
f 1433/2168/1 1434/2170/1 1428/2162/1
f 1434/2170/1 1429/6928/1 1428/2162/1
f 1429/6928/1 1427/2160/1 1428/2162/1
f 1428/2162/1 1423/6929/1 1421/2152/1
f 1421/2152/1 1422/2154/1 1428/2162/1
f 1422/2154/1 1418/2181/1 1428/2162/1
f 1441/2184/2 1420/6930/2 1419/6931/2
f 1419/6931/2 1424/6932/2 1441/2184/2
f 1424/6932/2 1426/2182/2 1441/2184/2
f 1426/2182/2 1425/6933/2 1431/2183/2
f 1425/6933/2 1430/6934/2 1431/2183/2
f 1430/6934/2 1432/6935/2 1431/2183/2
f 1431/2183/2 1436/6936/2 1438/6937/2
f 1438/6937/2 1437/6938/2 1431/2183/2
f 1437/6938/2 1441/2184/2 1431/2183/2
f 1442/2185/168 1446/6939/168 1443/2186/167
f 1445/2188/169 1448/6940/169 1446/2189/168
f 1445/2191/169 1450/2195/170 1447/2192/170
f 1449/2194/171 1452/6941/171 1447/2192/170
f 1451/2196/172 1454/6942/172 1452/2197/171
f 1451/2199/172 1456/2203/173 1453/2200/173
f 1455/2202/174 1458/6943/174 1453/2200/173
f 1457/2204/175 1460/2208/175 1458/2205/174
f 1457/2204/175 1462/6944/176 1459/2207/176
f 1461/2209/177 1464/6945/177 1459/2210/176
f 1463/2212/178 1465/2216/178 1464/2213/177
f 1463/2212/178 1444/6946/167 1443/2215/167
f 1444/2219/1 1463/6947/1 1461/6948/1
f 1461/6948/1 1462/6949/1 1457/6950/1
f 1457/6950/1 1455/6951/1 1456/6952/1
f 1456/6952/1 1451/6953/1 1457/6950/1
f 1451/6953/1 1449/2217/1 1457/6950/1
f 1449/2217/1 1450/6954/1 1445/2218/1
f 1445/2218/1 1442/6955/1 1444/2219/1
f 1444/2219/1 1461/6948/1 1449/2217/1
f 1461/6948/1 1457/6950/1 1449/2217/1
f 1465/2216/2 1443/2215/2 1446/2189/2
f 1446/2189/2 1448/6940/2 1447/2220/2
f 1447/2220/2 1452/2197/2 1458/2205/2
f 1452/2197/2 1454/6942/2 1458/2205/2
f 1454/6942/2 1453/6956/2 1458/2205/2
f 1458/2205/2 1460/2208/2 1465/2216/2
f 1460/2208/2 1459/2207/2 1465/2216/2
f 1459/2207/2 1464/2213/2 1465/2216/2
f 1465/2216/2 1446/2189/2 1458/2205/2
f 1466/2221/60 1470/2225/60 1467/2222/5
f 1469/2224/61 1472/6957/61 1470/2225/60
f 1471/2226/6 1474/2230/6 1472/2227/61
f 1473/2229/62 1476/2232/62 1474/2230/6
f 1475/2231/63 1478/6958/63 1476/2232/62
f 1477/2233/3 1480/2237/3 1478/2234/63
f 1479/2236/64 1482/2239/64 1480/2237/3
f 1481/2238/65 1484/6959/65 1482/2239/64
f 1483/2240/4 1486/2244/4 1484/2241/65
f 1485/2243/66 1488/2246/66 1486/2244/4
f 1487/2245/67 1489/6960/67 1488/2246/66
f 1468/2223/5 1467/2222/5 1489/2247/67
f 1468/2251/1 1487/6961/1 1485/6962/1
f 1485/6962/1 1483/6963/1 1481/6964/1
f 1481/6964/1 1479/6965/1 1477/6966/1
f 1477/6966/1 1475/6967/1 1481/6964/1
f 1475/6967/1 1473/2249/1 1481/6964/1
f 1473/2249/1 1471/6968/1 1469/2250/1
f 1469/2250/1 1466/6969/1 1468/2251/1
f 1468/2251/1 1485/6962/1 1473/2249/1
f 1485/6962/1 1481/6964/1 1473/2249/1
f 1489/2254/2 1467/6970/2 1470/6971/2
f 1470/6971/2 1472/6972/2 1489/2254/2
f 1472/6972/2 1474/2252/2 1489/2254/2
f 1474/2252/2 1476/6973/2 1482/2253/2
f 1476/6973/2 1478/6974/2 1482/2253/2
f 1478/6974/2 1480/6975/2 1482/2253/2
f 1482/2253/2 1484/6976/2 1486/6977/2
f 1486/6977/2 1488/6978/2 1482/2253/2
f 1488/6978/2 1489/2254/2 1482/2253/2
f 1490/2255/155 1494/6979/155 1491/2256/156
f 1490/2258/155 1496/6980/157 1493/2259/157
f 1495/2261/158 1498/2265/158 1493/2262/157
f 1495/2261/158 1500/6981/159 1497/2264/159
f 1499/2266/160 1502/6982/160 1497/2267/159
f 1501/2269/161 1504/2273/161 1502/2270/160
f 1501/2269/161 1506/6983/162 1503/2272/162
f 1505/2274/163 1508/6984/163 1503/2275/162
f 1507/2277/164 1510/2281/164 1508/2278/163
f 1507/2277/164 1512/6985/165 1509/2280/165
f 1511/2282/166 1513/6986/166 1509/2283/165
f 1511/2285/166 1492/2257/156 1491/2256/156
f 1492/2287/1 1511/2282/1 1505/2274/1
f 1511/2282/1 1512/2284/1 1505/2274/1
f 1512/2284/1 1507/6987/1 1505/2274/1
f 1505/2274/1 1506/2276/1 1500/2268/1
f 1506/2276/1 1501/6988/1 1500/2268/1
f 1501/6988/1 1499/2266/1 1500/2268/1
f 1500/2268/1 1495/6989/1 1496/6980/1
f 1496/6980/1 1490/2258/1 1500/2268/1
f 1490/2258/1 1492/2287/1 1500/2268/1
f 1513/2290/2 1491/6990/2 1494/6991/2
f 1494/6991/2 1493/6992/2 1513/2290/2
f 1493/6992/2 1498/2288/2 1513/2290/2
f 1498/2288/2 1497/6993/2 1503/2289/2
f 1497/6993/2 1502/6994/2 1503/2289/2
f 1502/6994/2 1504/6995/2 1503/2289/2
f 1503/2289/2 1508/6996/2 1510/6997/2
f 1510/6997/2 1509/6998/2 1503/2289/2
f 1509/6998/2 1513/2290/2 1503/2289/2
f 1514/2291/167 1518/6999/168 1515/2292/168
f 1517/2294/169 1520/7000/169 1515/2295/168
f 1517/2297/169 1522/2301/170 1519/2298/170
f 1521/2300/171 1524/7001/171 1519/2298/170
f 1523/2302/172 1526/7002/172 1524/2303/171
f 1523/2305/172 1528/2309/173 1525/2306/173
f 1527/2308/174 1530/7003/174 1525/2306/173
f 1529/2310/175 1532/2314/175 1530/2311/174
f 1529/2310/175 1534/7004/176 1531/2313/176
f 1533/2315/177 1536/7005/177 1531/2316/176
f 1533/2318/177 1537/2322/178 1535/2319/178
f 1514/2321/167 1516/7006/167 1535/2319/178
f 1514/2325/1 1537/7007/1 1533/7008/1
f 1533/7008/1 1534/7009/1 1529/7010/1
f 1529/7010/1 1527/7011/1 1528/7012/1
f 1528/7012/1 1523/7013/1 1529/7010/1
f 1523/7013/1 1521/2323/1 1529/7010/1
f 1521/2323/1 1522/7014/1 1517/2324/1
f 1517/2324/1 1518/7015/1 1514/2325/1
f 1514/2325/1 1533/7008/1 1521/2323/1
f 1533/7008/1 1529/7010/1 1521/2323/1
f 1535/2319/2 1516/7006/2 1515/2295/2
f 1515/2295/2 1520/7000/2 1519/2326/2
f 1519/2326/2 1524/2303/2 1530/2311/2
f 1524/2303/2 1526/7002/2 1530/2311/2
f 1526/7002/2 1525/7016/2 1530/2311/2
f 1530/2311/2 1532/2314/2 1535/2319/2
f 1532/2314/2 1531/2313/2 1535/2319/2
f 1531/2313/2 1536/2320/2 1535/2319/2
f 1535/2319/2 1515/2295/2 1530/2311/2
f 1538/2327/60 1542/2331/60 1539/2328/5
f 1541/2330/61 1544/7017/61 1542/2331/60
f 1543/2332/6 1546/2336/6 1544/2333/61
f 1545/2335/62 1548/2338/62 1546/2336/6
f 1547/2337/63 1550/7018/63 1548/2338/62
f 1549/2339/3 1552/2343/3 1550/2340/63
f 1551/2342/64 1554/2345/64 1552/2343/3
f 1553/2344/65 1556/7019/65 1554/2345/64
f 1555/2346/4 1558/2350/4 1556/2347/65
f 1557/2349/66 1560/2352/66 1558/2350/4
f 1559/2351/67 1561/7020/67 1560/2352/66
f 1540/2329/5 1539/2328/5 1561/2353/67
f 1540/2357/1 1559/7021/1 1557/7022/1
f 1557/7022/1 1555/7023/1 1540/2357/1
f 1555/7023/1 1553/7024/1 1540/2357/1
f 1553/7024/1 1551/7025/1 1549/2355/1
f 1549/2355/1 1547/7026/1 1545/2356/1
f 1545/2356/1 1543/7027/1 1540/2357/1
f 1543/7027/1 1541/7028/1 1540/2357/1
f 1541/7028/1 1538/7029/1 1540/2357/1
f 1553/7024/1 1549/2355/1 1540/2357/1
f 1561/2359/2 1539/7030/2 1546/2360/2
f 1539/7030/2 1542/7031/2 1546/2360/2
f 1542/7031/2 1544/7032/2 1546/2360/2
f 1546/2360/2 1548/7033/2 1550/7034/2
f 1550/7034/2 1552/7035/2 1546/2360/2
f 1552/7035/2 1554/7036/2 1546/2360/2
f 1554/7036/2 1556/7037/2 1558/2358/2
f 1558/2358/2 1560/7038/2 1561/2359/2
f 1554/7036/2 1558/2358/2 1546/2360/2
f 1562/2361/179 1566/2365/179 1563/2362/5
f 1565/2364/180 1568/7039/180 1566/2365/179
f 1567/2366/1 1570/2370/1 1568/2367/180
f 1569/2369/181 1572/7040/181 1570/2370/1
f 1571/2371/182 1574/2375/182 1572/2372/181
f 1573/2374/3 1576/2377/3 1574/2375/182
f 1575/2376/183 1578/7041/183 1576/2377/3
f 1577/2378/184 1580/2382/184 1578/2379/183
f 1579/2381/2 1582/2384/2 1580/2382/184
f 1581/2383/185 1584/2386/185 1582/2384/2
f 1583/2385/186 1585/7042/186 1584/2386/185
f 1564/2363/5 1563/2362/5 1585/2387/186
f 1564/2391/4 1583/7043/4 1577/2389/4
f 1583/7043/4 1581/7044/4 1577/2389/4
f 1581/7044/4 1579/7045/4 1577/2389/4
f 1577/2389/4 1575/7046/4 1573/7047/4
f 1573/7047/4 1571/7048/4 1577/2389/4
f 1571/7048/4 1569/2390/4 1577/2389/4
f 1569/2390/4 1567/7049/4 1565/7050/4
f 1565/7050/4 1562/7051/4 1569/2390/4
f 1562/7051/4 1564/2391/4 1569/2390/4
f 1585/2394/6 1563/7052/6 1566/7053/6
f 1566/7053/6 1568/7054/6 1570/2392/6
f 1570/2392/6 1572/7055/6 1574/7056/6
f 1574/7056/6 1576/7057/6 1578/2393/6
f 1578/2393/6 1580/7058/6 1582/7059/6
f 1582/7059/6 1584/7060/6 1585/2394/6
f 1585/2394/6 1566/7053/6 1570/2392/6
f 1570/2392/6 1574/7056/6 1578/2393/6
f 1578/2393/6 1582/7059/6 1585/2394/6
f 1586/2395/1 1592/7061/1 1587/2396/1
f 1589/2398/2 1593/7062/2 1590/2399/2
f 1592/2401/3 1589/7063/3 1591/2402/3
f 1586/2404/4 1593/7064/4 1589/2405/4
f 1588/2407/5 1590/7065/5 1593/2408/5
f 1587/2410/6 1591/7066/6 1590/2411/6
f 1594/2413/1 1600/7067/1 1595/2414/1
f 1597/2416/2 1601/7068/2 1598/2417/2
f 1600/2419/3 1597/7069/3 1599/2420/3
f 1594/2422/4 1601/7070/4 1597/2423/4
f 1596/2425/5 1598/7071/5 1601/2426/5
f 1595/2428/6 1599/7072/6 1598/2429/6
f 1602/2431/1 1608/7073/1 1603/2432/1
f 1605/2434/2 1609/7074/2 1606/2435/2
f 1608/2437/3 1605/7075/3 1607/2438/3
f 1602/2440/4 1609/7076/4 1605/2441/4
f 1604/2443/5 1606/7077/5 1609/2444/5
f 1603/2446/6 1607/7078/6 1606/2447/6
f 1610/2449/1 1616/7079/1 1611/2450/1
f 1613/2452/2 1617/7080/2 1614/2453/2
f 1616/2455/3 1613/7081/3 1615/2456/3
f 1610/2458/4 1617/7082/4 1613/2459/4
f 1612/2461/5 1614/7083/5 1617/2462/5
f 1611/2464/6 1615/7084/6 1614/2465/6
f 1618/2467/187 1622/7085/187 1619/2468/187
f 1621/2470/188 1624/7086/188 1619/2471/188
f 1623/2473/189 1625/7087/189 1624/2474/189
f 1623/2476/190 1618/7088/190 1620/2477/190
f 1623/2479/191 1621/7089/191 1622/2480/191
f 1619/2482/193 1624/7090/806 1625/2483/193
f 1626/2485/187 1630/7091/187 1627/2486/187
f 1629/2488/188 1632/7092/188 1627/2489/188
f 1631/2491/189 1633/7093/189 1632/2492/189
f 1631/2494/190 1626/7094/190 1628/2495/190
f 1631/2497/191 1629/7095/191 1630/2498/191
f 1627/2500/193 1632/7096/806 1633/2501/193
f 1634/2503/187 1638/7097/187 1635/2504/187
f 1637/2506/188 1640/7098/188 1635/2507/188
f 1639/2509/189 1641/7099/189 1640/2510/189
f 1639/2512/190 1634/7100/190 1636/2513/190
f 1639/2515/191 1637/7101/191 1638/2516/191
f 1635/2518/193 1640/7102/806 1641/2519/193
f 1642/2521/187 1646/7103/187 1643/2522/187
f 1645/2524/188 1648/7104/188 1643/2525/188
f 1647/2527/189 1649/7105/189 1648/2528/189
f 1647/2530/190 1642/7106/190 1644/2531/190
f 1647/2533/191 1645/7107/191 1646/2534/191
f 1643/2536/193 1648/7108/806 1649/2537/193
f 1650/2539/187 1654/7109/187 1651/2540/187
f 1653/2542/188 1656/7110/188 1651/2543/188
f 1655/2545/189 1657/7111/189 1656/2546/189
f 1655/2548/190 1650/7112/190 1652/2549/190
f 1655/2551/191 1653/7113/191 1654/2552/191
f 1651/2554/193 1656/7114/806 1657/2555/193
f 1658/2557/187 1662/7115/187 1659/2558/187
f 1661/2560/188 1664/7116/188 1659/2561/188
f 1663/2563/189 1665/7117/189 1664/2564/189
f 1663/2566/190 1658/7118/190 1660/2567/190
f 1663/2569/191 1661/7119/191 1662/2570/191
f 1659/2572/193 1664/7120/806 1665/2573/193
f 1666/2575/187 1670/7121/187 1667/2576/187
f 1669/2578/188 1672/7122/188 1667/2579/188
f 1671/2581/189 1673/7123/189 1672/2582/189
f 1671/2584/190 1666/7124/190 1668/2585/190
f 1671/2587/191 1669/7125/191 1670/2588/191
f 1667/2590/193 1672/7126/806 1673/2591/193
f 1674/2593/187 1678/7127/187 1675/2594/187
f 1677/2596/188 1680/7128/188 1675/2597/188
f 1679/2599/189 1681/7129/189 1680/2600/189
f 1679/2602/190 1674/7130/190 1676/2603/190
f 1679/2605/191 1677/7131/191 1678/2606/191
f 1675/2608/193 1680/7132/806 1681/2609/193
f 1682/2611/60 1686/2615/60 1683/2612/5
f 1685/2614/61 1688/7133/61 1686/2615/60
f 1687/2616/6 1690/2620/6 1688/2617/61
f 1689/2619/62 1692/2622/62 1690/2620/6
f 1691/2621/63 1694/7134/63 1692/2622/62
f 1693/2623/3 1696/2627/3 1694/2624/63
f 1695/2626/64 1698/2629/64 1696/2627/3
f 1697/2628/65 1700/7135/65 1698/2629/64
f 1699/2630/4 1702/2634/4 1700/2631/65
f 1701/2633/66 1704/2636/66 1702/2634/4
f 1703/2635/67 1705/7136/67 1704/2636/66
f 1684/2613/5 1683/2612/5 1705/2637/67
f 1684/2641/1 1703/7137/1 1697/2639/1
f 1703/7137/1 1701/7138/1 1697/2639/1
f 1701/7138/1 1699/7139/1 1697/2639/1
f 1697/2639/1 1695/7140/1 1693/7141/1
f 1693/7141/1 1691/7142/1 1697/2639/1
f 1691/7142/1 1689/2640/1 1697/2639/1
f 1689/2640/1 1687/7143/1 1685/7144/1
f 1685/7144/1 1682/7145/1 1689/2640/1
f 1682/7145/1 1684/2641/1 1689/2640/1
f 1705/7146/2 1683/7147/2 1686/7148/2
f 1686/7148/2 1688/7149/2 1690/2642/2
f 1690/2642/2 1692/7150/2 1694/2643/2
f 1694/2643/2 1696/7151/2 1698/2644/2
f 1698/2644/2 1700/7152/2 1705/7146/2
f 1700/7152/2 1702/7153/2 1705/7146/2
f 1702/7153/2 1704/7154/2 1705/7146/2
f 1705/7146/2 1686/7148/2 1698/2644/2
f 1686/7148/2 1690/2642/2 1698/2644/2
f 1706/2645/1 1712/7155/1 1707/2646/1
f 1709/2648/2 1713/7156/2 1710/2649/2
f 1712/2651/3 1709/7157/3 1711/2652/3
f 1706/2654/4 1713/7158/4 1709/2655/4
f 1708/2657/5 1710/7159/5 1713/2658/5
f 1707/2660/6 1711/7160/6 1710/2661/6
f 1714/2663/103 1718/7161/103 1715/2664/5
f 1717/2666/104 1720/2670/104 1718/2667/103
f 1719/2669/195 1722/2672/105 1720/2670/104
f 1721/2671/106 1724/7162/106 1722/2672/105
f 1723/2673/3 1726/2677/3 1724/2674/106
f 1725/2676/107 1728/7163/107 1726/2677/3
f 1727/2678/108 1730/2682/108 1728/2679/107
f 1729/2681/196 1732/2684/197 1730/2682/108
f 1731/2683/110 1733/7164/110 1732/2684/197
f 1716/2665/5 1715/2664/5 1733/2685/110
f 1716/7165/1 1731/7166/1 1729/7167/1
f 1729/7167/1 1727/7168/804 1725/2687/1
f 1725/2687/1 1723/7169/1 1721/2688/1
f 1721/2688/1 1719/7170/805 1717/2689/1
f 1717/2689/1 1714/7171/1 1716/7165/1
f 1716/7165/1 1729/7167/1 1717/2689/1
f 1729/7167/1 1725/2687/1 1717/2689/1
f 1733/2690/2 1715/7172/2 1718/2691/2
f 1718/2691/2 1720/7173/2 1722/2692/2
f 1722/2692/2 1724/7174/2 1726/7175/2
f 1726/7175/2 1728/7176/2 1722/2692/2
f 1728/7176/2 1730/7177/2 1722/2692/2
f 1730/7177/2 1732/7178/2 1722/2692/2
f 1732/7178/2 1733/2690/2 1722/2692/2
f 1734/2693/198 1738/7179/198 1735/2694/5
f 1737/2696/1 1740/2700/1 1738/2697/199
f 1739/2699/200 1742/7180/200 1740/2700/1
f 1741/2701/3 1744/2705/3 1742/2702/201
f 1743/2704/202 1746/7181/202 1744/2705/3
f 1745/2706/2 1748/2710/2 1746/2707/203
f 1747/2709/204 1749/7182/204 1748/2710/2
f 1736/2695/5 1735/2694/5 1749/2711/204
f 1736/2715/4 1747/7183/4 1745/7184/4
f 1745/7184/4 1743/7185/4 1741/2713/4
f 1741/2713/4 1739/7186/4 1737/2714/4
f 1737/2714/4 1734/7187/4 1736/2715/4
f 1736/2715/4 1745/7184/4 1741/2713/4
f 1749/2717/6 1735/7188/6 1738/7189/6
f 1738/7189/6 1740/7190/6 1749/2717/6
f 1740/7190/6 1742/2718/6 1749/2717/6
f 1742/2718/6 1744/7191/6 1746/7192/6
f 1746/7192/6 1748/2716/6 1742/2718/6
f 1750/2719/179 1754/7193/179 1751/2720/179
f 1753/2722/1 1756/7194/1 1754/2723/1
f 1755/2725/182 1758/2729/182 1756/2726/182
f 1757/2728/183 1760/7195/183 1758/2729/183
f 1759/2730/2 1761/7196/2 1760/2731/2
f 1752/2721/186 1751/2720/186 1761/2733/186
f 1752/2737/4 1759/7197/4 1757/7198/4
f 1757/7198/4 1755/7199/4 1752/2737/4
f 1755/7199/4 1753/2735/4 1752/2737/4
f 1761/2740/6 1751/7200/6 1758/2738/6
f 1751/7200/6 1754/7201/6 1758/2738/6
f 1754/7201/6 1756/7202/6 1758/2738/6
f 1762/2741/198 1766/7203/198 1763/2742/198
f 1765/2744/1 1768/2748/1 1766/2745/199
f 1767/2747/200 1770/7204/200 1768/2748/1
f 1769/2749/201 1772/2753/201 1770/2750/201
f 1771/2752/202 1774/7205/202 1772/2753/202
f 1773/2754/2 1776/2758/2 1774/2755/203
f 1775/2757/205 1777/7206/205 1776/2758/2
f 1764/2743/206 1763/2742/206 1777/2759/206
f 1764/2763/4 1775/7207/4 1773/7208/4
f 1773/7208/4 1771/7209/4 1769/2761/4
f 1769/2761/4 1767/7210/4 1765/2762/4
f 1765/2762/4 1762/7211/4 1764/2763/4
f 1764/2763/4 1773/7208/4 1769/2761/4
f 1777/2765/6 1763/7212/6 1766/7213/6
f 1766/7213/6 1768/7214/6 1777/2765/6
f 1768/7214/6 1770/2766/6 1777/2765/6
f 1770/2766/6 1772/7215/6 1774/7216/6
f 1774/7216/6 1776/2764/6 1770/2766/6
f 1778/2767/179 1782/7217/179 1779/2768/179
f 1781/2770/1 1784/7218/1 1782/2771/1
f 1783/2773/182 1786/2777/182 1784/2774/182
f 1785/2776/183 1788/7219/183 1786/2777/183
f 1787/2778/2 1789/7220/2 1788/2779/2
f 1780/2769/186 1779/2768/186 1789/2781/186
f 1780/2785/4 1787/7221/4 1785/7222/4
f 1785/7222/4 1783/7223/4 1780/2785/4
f 1783/7223/4 1781/2783/4 1780/2785/4
f 1789/2788/6 1779/7224/6 1786/2786/6
f 1779/7224/6 1782/7225/6 1786/2786/6
f 1782/7225/6 1784/7226/6 1786/2786/6
f 1790/2789/1 1796/7227/1 1791/2790/1
f 1793/2792/2 1797/7228/2 1794/2793/2
f 1796/2795/3 1793/7229/3 1795/2796/3
f 1790/2798/4 1797/7230/4 1793/2799/4
f 1792/2801/5 1794/7231/5 1797/2802/5
f 1791/2804/6 1795/7232/6 1794/2805/6
f 1798/2807/9 1802/7233/9 1799/2808/5
f 1801/2810/10 1804/2814/10 1802/2811/10
f 1803/2813/11 1806/7234/11 1804/2814/11
f 1805/2815/3 1808/2819/3 1806/2816/12
f 1807/2818/13 1810/7235/13 1808/2819/3
f 1809/2820/14 1812/2824/14 1810/2821/14
f 1811/2823/15 1813/7236/15 1812/2824/15
f 1800/2809/5 1799/2808/5 1813/2825/16
f 1800/2828/1 1811/7237/1 1809/7238/1
f 1809/7238/1 1807/7239/1 1800/2828/1
f 1807/7239/1 1805/2829/1 1800/2828/1
f 1805/2829/1 1803/7240/1 1801/7241/1
f 1801/7241/1 1798/2827/1 1805/2829/1
f 1813/2832/2 1799/7242/2 1802/7243/2
f 1802/7243/2 1804/7244/2 1806/2830/2
f 1806/2830/2 1808/7245/2 1810/2831/2
f 1810/2831/2 1812/7246/2 1813/2832/2
f 1813/2832/2 1802/7243/2 1806/2830/2
f 1814/2833/207 1818/7247/207 1815/2834/207
f 1817/2836/208 1820/7248/208 1818/2837/208
f 1817/2839/209 1821/2842/209 1819/2840/209
f 1821/2842/210 1824/7249/210 1822/2843/210
f 1823/2844/211 1825/7250/211 1822/2845/211
f 1816/2835/212 1815/2834/212 1825/2847/212
f 1816/2851/213 1823/7251/213 1824/7252/213
f 1824/7252/213 1821/7253/213 1816/2851/213
f 1821/7253/213 1817/2849/213 1816/2851/213
f 1825/2854/214 1815/7254/214 1819/2852/214
f 1815/7254/214 1818/7255/214 1819/2852/214
f 1818/7255/214 1820/7256/214 1819/2852/214
f 1826/2855/1 1832/7257/1 1827/2856/1
f 1829/2858/2 1833/7258/2 1830/2859/2
f 1832/2861/3 1829/7259/3 1831/2862/3
f 1826/2864/4 1833/7260/4 1829/2865/4
f 1828/2867/5 1830/7261/5 1833/2868/5
f 1827/2870/6 1831/7262/6 1830/2871/6
f 1834/2873/215 1838/7263/215 1835/2874/215
f 1837/2876/216 1840/2880/216 1835/2877/216
f 1837/2876/217 1841/7264/217 1839/2879/218
f 1841/2881/219 1844/2885/219 1842/2882/219
f 1843/2884/220 1846/7265/220 1842/2882/221
f 1843/2886/220 1848/2890/222 1845/2887/222
f 1847/2889/223 1849/7266/223 1845/2887/222
f 1834/2873/224 1836/2875/224 1849/2891/223
f 1834/2894/225 1847/7267/225 1848/7268/225
f 1848/7268/225 1843/7269/225 1834/2894/225
f 1843/7269/225 1844/2895/225 1834/2894/225
f 1844/2895/225 1841/7270/225 1837/7271/225
f 1837/7271/225 1838/2893/225 1844/2895/225
f 1849/2898/226 1836/7272/226 1835/7273/226
f 1835/7273/226 1840/7274/226 1849/2898/226
f 1840/7274/226 1839/2896/226 1849/2898/226
f 1839/2896/226 1842/7275/226 1846/2897/226
f 1846/2897/226 1845/7276/807 1849/2898/226
f 1850/2899/1 1856/7277/1 1851/2900/1
f 1853/2902/2 1857/7278/2 1854/2903/2
f 1856/2905/3 1853/7279/3 1855/2906/3
f 1850/2908/4 1857/7280/4 1853/2909/4
f 1852/2911/5 1854/7281/5 1857/2912/5
f 1851/2914/6 1855/7282/6 1854/2915/6
f 1858/2917/103 1862/7283/103 1859/2918/5
f 1861/2920/104 1864/2924/104 1862/2921/103
f 1863/2923/105 1866/2926/105 1864/2924/104
f 1865/2925/106 1868/7284/106 1866/2926/105
f 1867/2927/3 1870/2931/3 1868/2928/106
f 1869/2930/107 1872/7285/107 1870/2931/3
f 1871/2932/108 1874/2936/108 1872/2933/107
f 1873/2935/109 1876/2938/109 1874/2936/108
f 1875/2937/110 1877/7286/110 1876/2938/109
f 1860/2919/5 1859/2918/5 1877/2939/110
f 1860/2943/1 1875/7287/1 1869/7288/1
f 1875/7287/1 1873/7289/1 1869/7288/1
f 1873/7289/1 1871/7290/1 1869/7288/1
f 1869/7288/1 1867/7291/1 1865/2941/1
f 1865/2941/1 1863/7292/1 1861/2942/1
f 1861/2942/1 1858/7293/1 1860/2943/1
f 1869/7288/1 1865/2941/1 1860/2943/1
f 1877/2946/2 1859/7294/2 1866/7295/2
f 1859/7294/2 1862/7296/2 1866/7295/2
f 1862/7296/2 1864/7297/2 1866/7295/2
f 1866/7295/2 1868/7298/2 1870/2944/2
f 1870/2944/2 1872/7299/2 1874/2945/2
f 1874/2945/2 1876/7300/2 1877/2946/2
f 1866/7295/2 1870/2944/2 1877/2946/2
f 1878/2947/227 1882/7301/227 1879/2948/227
f 1881/2950/228 1884/7302/229 1879/2951/229
f 1883/2953/3 1886/7303/3 1884/2954/3
f 1885/2956/230 1887/7304/231 1886/2957/231
f 1885/2959/232 1878/2947/232 1880/2949/232
f 1878/2963/233 1885/7305/233 1883/7306/233
f 1883/7306/233 1881/2961/233 1878/2963/233
f 1887/2966/234 1880/7307/234 1879/7308/234
f 1879/7308/234 1884/2964/234 1887/2966/234
f 1888/2967/1 1894/7309/1 1889/2968/1
f 1891/2970/2 1895/7310/2 1892/2971/2
f 1894/2973/3 1891/7311/3 1893/2974/3
f 1888/2976/4 1895/7312/4 1891/2977/4
f 1890/2979/5 1892/7313/5 1895/2980/5
f 1889/2982/6 1893/7314/6 1892/2983/6
f 1896/2985/1 1902/7315/1 1897/2986/1
f 1899/2988/2 1903/7316/2 1900/2989/2
f 1902/2991/3 1899/7317/3 1901/2992/3
f 1896/2994/4 1903/7318/4 1899/2995/4
f 1898/2997/5 1900/7319/5 1903/2998/5
f 1897/3000/6 1901/7320/6 1900/3001/6
f 1904/3003/235 1908/7321/236 1905/3004/236
f 1907/3006/237 1910/3010/237 1908/3007/238
f 1907/3006/237 1912/7322/239 1909/3009/239
f 1911/3011/240 1914/3015/240 1909/3012/240
f 1911/3011/241 1915/7323/241 1913/3014/241
f 1915/3016/242 1918/3020/243 1916/3017/243
f 1917/3019/244 1919/7324/244 1916/3017/243
f 1917/3021/245 1906/3005/245 1905/3004/245
f 1906/3025/247 1917/7325/247 1911/3023/247
f 1917/7325/247 1918/7326/247 1911/3023/247
f 1918/7326/247 1915/7327/247 1911/3023/247
f 1911/3023/247 1912/7328/247 1907/3024/247
f 1907/3024/247 1904/7329/247 1906/3025/247
f 1919/3027/248 1905/7330/248 1908/7331/248
f 1908/7331/248 1910/7332/248 1919/3027/248
f 1910/7332/248 1909/3028/248 1919/3027/248
f 1909/3028/248 1914/7333/248 1913/7334/248
f 1913/7334/248 1916/3026/248 1909/3028/248
f 1920/3029/249 1924/7335/249 1921/3030/249
f 1923/3032/250 1926/3036/250 1921/3033/251
f 1923/3032/250 1927/7336/252 1925/3035/252
f 1927/3037/253 1930/3041/253 1928/3038/254
f 1929/3040/255 1932/7337/275 1928/3038/255
f 1929/3042/256 1934/3046/257 1931/3043/257
f 1933/3045/258 1935/7338/258 1931/3043/257
f 1920/3029/259 1922/3031/259 1935/3047/259
f 1920/7339/260 1933/7340/260 1934/3049/260
f 1934/3049/260 1929/7341/260 1930/3050/260
f 1930/3050/260 1927/7342/260 1923/3051/260
f 1923/3051/260 1924/7343/260 1920/7339/260
f 1920/7339/260 1934/3049/260 1923/3051/260
f 1935/3053/261 1922/7344/261 1921/7345/261
f 1921/7345/261 1926/7346/261 1935/3053/261
f 1926/7346/261 1925/3054/261 1935/3053/261
f 1925/3054/261 1928/7347/261 1932/7348/298
f 1932/7348/298 1931/3052/261 1925/3054/261
f 1936/3055/235 1940/7349/235 1937/3056/262
f 1936/3058/238 1942/3062/238 1939/3059/238
f 1941/3061/263 1944/7350/239 1939/3059/239
f 1941/3063/264 1945/3066/264 1943/3064/240
f 1945/3066/241 1948/7351/808 1946/3067/241
f 1947/3068/242 1950/3072/242 1946/3069/242
f 1947/3068/244 1951/7352/244 1949/3071/265
f 1938/3057/262 1937/3056/262 1949/3073/245
f 1938/3076/247 1951/7353/247 1945/3077/247
f 1951/7353/247 1947/7354/247 1945/3077/247
f 1947/7354/247 1948/7355/247 1945/3077/247
f 1945/3077/247 1941/7356/247 1942/7357/247
f 1942/7357/247 1936/3075/247 1945/3077/247
f 1949/3080/248 1937/7358/248 1944/3078/248
f 1937/7358/248 1940/7359/248 1944/3078/248
f 1940/7359/248 1939/7360/296 1944/3078/248
f 1944/3078/248 1943/7361/248 1946/3079/248
f 1946/3079/248 1950/7362/248 1949/3080/248
f 1952/3081/266 1956/7363/249 1953/3082/249
f 1952/3084/267 1958/3088/267 1955/3085/251
f 1957/3087/252 1960/7364/252 1955/3085/252
f 1957/3089/253 1961/3092/268 1959/3090/268
f 1961/3092/268 1964/7365/255 1962/3093/255
f 1963/3094/256 1966/3098/269 1962/3095/269
f 1963/3094/258 1967/7366/258 1965/3097/258
f 1954/3083/259 1953/3082/259 1965/3099/259
f 1954/3103/260 1967/7367/260 1963/7368/260
f 1963/7368/260 1964/7369/260 1954/3103/260
f 1964/7369/260 1961/3101/260 1954/3103/260
f 1961/3101/260 1957/7370/260 1958/3102/260
f 1958/3102/260 1952/7371/260 1954/3103/260
f 1965/3106/261 1953/7372/261 1960/7373/261
f 1953/7372/261 1956/7374/261 1960/7373/261
f 1956/7374/261 1955/7375/298 1960/7373/261
f 1960/7373/261 1959/7376/261 1965/3106/261
f 1959/7376/261 1962/3104/261 1965/3106/261
f 1968/3107/271 1972/7377/271 1969/3108/235
f 1968/3110/271 1974/3114/238 1971/3111/238
f 1973/3113/272 1976/7378/272 1971/3111/263
f 1975/3115/264 1978/3119/240 1976/3116/272
f 1975/3115/241 1980/7379/241 1977/3118/273
f 1979/3120/242 1982/3124/242 1977/3121/242
f 1981/3123/265 1983/7380/265 1982/3124/265
f 1981/3125/246 1970/3109/246 1969/3108/245
f 1970/3127/247 1981/7381/247 1979/3128/247
f 1979/3128/247 1980/7382/285 1975/3129/247
f 1975/3129/247 1973/7383/285 1974/7384/247
f 1974/7384/247 1968/7385/247 1975/3129/247
f 1968/7385/247 1970/3127/247 1975/3129/247
f 1983/3132/248 1969/7386/248 1976/7387/248
f 1969/7386/248 1972/7388/248 1976/7387/248
f 1972/7388/248 1971/7389/248 1976/7387/248
f 1976/7387/248 1978/7390/248 1983/3132/248
f 1978/7390/248 1977/3130/248 1983/3132/248
f 1984/3133/266 1988/7391/266 1985/3134/249
f 1987/3136/251 1990/3140/267 1985/3137/267
f 1989/3139/274 1992/7392/274 1990/3140/252
f 1989/3141/274 1994/3145/253 1991/3142/253
f 1993/3144/275 1996/7393/255 1991/3142/255
f 1995/3146/256 1998/3150/269 1996/3147/269
f 1995/3146/258 1999/7394/258 1997/3149/258
f 1984/3133/259 1986/3135/276 1997/3151/276
f 1984/3155/260 1999/7395/260 1994/7396/260
f 1999/7395/260 1995/7397/277 1994/7396/260
f 1995/7397/277 1993/7398/277 1994/7396/260
f 1994/7396/260 1989/7399/260 1984/3155/260
f 1989/7399/260 1987/3153/260 1984/3155/260
f 1997/3158/261 1986/7400/261 1992/7401/261
f 1986/7400/261 1985/7402/261 1992/7401/261
f 1985/7402/261 1990/7403/261 1992/7401/261
f 1992/7401/261 1991/7404/261 1997/3158/261
f 1991/7404/261 1996/3156/261 1997/3158/261
f 2000/3159/236 2004/7405/235 2001/3160/262
f 2000/3162/238 2006/3166/237 2003/3163/237
f 2005/3165/239 2008/7406/263 2003/3163/237
f 2007/3167/278 2010/3171/278 2008/3168/240
f 2007/3167/278 2012/7407/279 2009/3170/279
f 2011/3172/243 2014/3176/243 2009/3173/279
f 2013/3175/244 2015/7408/265 2014/3176/243
f 2013/3177/245 2002/3161/262 2001/3160/262
f 2002/3181/247 2013/7409/247 2011/7410/247
f 2011/7410/247 2012/7411/247 2007/3179/247
f 2007/3179/247 2005/7412/247 2006/3180/247
f 2006/3180/247 2000/7413/247 2002/3181/247
f 2002/3181/247 2011/7410/247 2007/3179/247
f 2015/3183/248 2001/7414/248 2008/3184/248
f 2001/7414/248 2004/7415/248 2008/3184/248
f 2004/7415/248 2003/7416/248 2008/3184/248
f 2008/3184/248 2010/7417/248 2009/7418/248
f 2009/7418/248 2014/3182/248 2008/3184/248
f 2016/3185/280 2020/7419/281 2017/3186/281
f 2019/3188/250 2022/3192/250 2017/3189/281
f 2021/3191/252 2024/7420/252 2022/3192/250
f 2021/3193/254 2026/3197/268 2023/3194/268
f 2025/3196/255 2028/7421/255 2023/3194/268
f 2027/3198/257 2030/3202/257 2028/3199/256
f 2027/3198/257 2031/7422/282 2029/3201/282
f 2016/3185/280 2018/3187/280 2029/3203/282
f 2016/3206/260 2031/7423/260 2026/3207/260
f 2031/7423/260 2027/7424/277 2026/3207/260
f 2027/7424/277 2025/7425/260 2026/3207/260
f 2026/3207/260 2021/7426/260 2019/7427/260
f 2019/7427/260 2020/3205/260 2026/3207/260
f 2029/3209/261 2018/7428/261 2024/3210/261
f 2018/7428/261 2017/7429/261 2024/3210/261
f 2017/7429/261 2022/7430/261 2024/3210/261
f 2024/3210/261 2023/7431/261 2028/7432/261
f 2028/7432/261 2030/3208/261 2024/3210/261
f 2032/3211/271 2036/7433/271 2033/3212/283
f 2035/3214/237 2038/3218/237 2036/3215/271
f 2035/3214/237 2040/7434/272 2037/3217/272
f 2039/3219/278 2042/3223/278 2037/3220/272
f 2039/3219/278 2043/7435/279 2041/3222/279
f 2043/3224/279 2046/3228/243 2044/3225/243
f 2045/3227/284 2047/7436/284 2044/3225/243
f 2045/3229/284 2034/3213/262 2033/3212/283
f 2034/3232/285 2045/7437/247 2039/3233/247
f 2045/7437/247 2046/7438/247 2039/3233/247
f 2046/7438/247 2043/7439/247 2039/3233/247
f 2039/3233/247 2040/7440/247 2035/7441/247
f 2035/7441/247 2032/3231/247 2039/3233/247
f 2047/3234/248 2033/7442/248 2036/3235/248
f 2036/3235/248 2038/7443/248 2037/3236/248
f 2037/3236/248 2042/7444/248 2047/3234/248
f 2042/7444/248 2041/7445/296 2047/3234/248
f 2041/7445/296 2044/7446/248 2047/3234/248
f 2048/3237/280 2052/7447/281 2049/3238/281
f 2051/3240/250 2054/3244/250 2049/3241/281
f 2051/3240/250 2055/7448/274 2053/3243/274
f 2055/3245/274 2058/3249/268 2056/3246/286
f 2057/3248/287 2060/7449/287 2056/3246/286
f 2057/3250/287 2062/3254/257 2059/3251/257
f 2061/3253/282 2063/7450/282 2059/3251/257
f 2048/3237/280 2050/3239/280 2063/3255/282
f 2048/3259/260 2061/7451/260 2058/3257/260
f 2061/7451/260 2062/7452/260 2058/3257/260
f 2062/7452/260 2057/7453/260 2058/3257/260
f 2058/3257/260 2055/7454/260 2051/3258/260
f 2051/3258/260 2052/7455/260 2048/3259/260
f 2063/3262/261 2050/7456/261 2053/7457/261
f 2050/7456/261 2049/7458/261 2053/7457/261
f 2049/7458/261 2054/7459/261 2053/7457/261
f 2053/7457/261 2056/7460/261 2063/3262/261
f 2056/7460/261 2060/3260/261 2063/3262/261
f 2064/3263/235 2068/7461/236 2065/3264/235
f 2067/3266/288 2070/3270/238 2068/3267/238
f 2067/3266/239 2072/7462/239 2069/3269/263
f 2071/3271/240 2074/3275/240 2069/3272/240
f 2071/3271/241 2075/7463/241 2073/3274/241
f 2075/3276/242 2078/3280/242 2076/3277/289
f 2077/3279/265 2079/7464/244 2076/3277/244
f 2077/3281/245 2066/3265/245 2065/3264/245
f 2066/3283/247 2077/7465/247 2078/3284/247
f 2078/3284/247 2075/7466/247 2071/3285/247
f 2071/3285/247 2072/7467/247 2067/7468/247
f 2067/7468/247 2064/7469/247 2071/3285/247
f 2064/7469/247 2066/3283/247 2071/3285/247
f 2079/7470/248 2065/7471/248 2068/3286/248
f 2068/3286/248 2070/7472/296 2069/3287/248
f 2069/3287/248 2074/7473/248 2073/3288/248
f 2073/3288/248 2076/7474/248 2079/7470/248
f 2079/7470/248 2068/3286/248 2073/3288/248
f 2080/3289/249 2084/7475/249 2081/3290/249
f 2083/3292/251 2086/3296/267 2081/3293/267
f 2083/3292/290 2087/7476/290 2085/3295/252
f 2087/3297/253 2090/3301/253 2088/3298/253
f 2089/3300/255 2092/7477/255 2088/3298/255
f 2089/3302/269 2094/3306/269 2091/3303/256
f 2093/3305/258 2095/7478/291 2091/3303/291
f 2080/3289/259 2082/3291/259 2095/3307/259
f 2080/3311/260 2093/7479/260 2094/7480/260
f 2094/7480/260 2089/7481/277 2090/3309/260
f 2090/3309/260 2087/7482/260 2083/3310/260
f 2083/3310/260 2084/7483/277 2080/3311/260
f 2080/3311/260 2094/7480/260 2090/3309/260
f 2095/3312/261 2082/7484/261 2081/3313/261
f 2081/3313/261 2086/7485/298 2085/3314/261
f 2085/3314/261 2088/7486/261 2095/3312/261
f 2088/7486/261 2092/7487/261 2095/3312/261
f 2092/7487/261 2091/7488/261 2095/3312/261
f 2096/3315/235 2100/7489/235 2097/3316/262
f 2099/3318/288 2102/3322/288 2100/3319/288
f 2099/3318/239 2104/7490/239 2101/3321/263
f 2103/3323/240 2106/3327/264 2101/3324/240
f 2103/3323/241 2107/7491/241 2105/3326/241
f 2107/3328/289 2110/3332/809 2108/3329/289
f 2109/3331/265 2111/7492/244 2108/3329/244
f 2109/3333/245 2098/3317/262 2097/3316/262
f 2098/3336/247 2109/7493/285 2110/7494/247
f 2110/7494/247 2107/7495/247 2098/3336/247
f 2107/7495/247 2103/3337/247 2098/3336/247
f 2103/3337/247 2104/7496/285 2099/7497/247
f 2099/7497/247 2096/3335/247 2103/3337/247
f 2111/3340/248 2097/7498/248 2101/7499/248
f 2097/7498/248 2100/7500/248 2101/7499/248
f 2100/7500/248 2102/7501/248 2101/7499/248
f 2101/7499/248 2106/7502/248 2111/3340/248
f 2106/7502/248 2105/3338/248 2111/3340/248
f 2112/3341/249 2116/7503/249 2113/3342/249
f 2115/3344/251 2118/3348/267 2113/3345/267
f 2115/3344/290 2119/7504/290 2117/3347/290
f 2119/3349/253 2122/3353/268 2120/3350/268
f 2121/3352/255 2124/7505/255 2120/3350/268
f 2121/3354/269 2126/3358/269 2123/3355/256
f 2125/3357/291 2127/7506/291 2123/3355/291
f 2112/3341/259 2114/3343/259 2127/3359/259
f 2112/3363/260 2125/7507/260 2122/3361/260
f 2125/7507/260 2126/7508/260 2122/3361/260
f 2126/7508/260 2121/7509/277 2122/3361/260
f 2122/3361/260 2119/7510/260 2115/3362/260
f 2115/3362/260 2116/7511/277 2112/3363/260
f 2127/3366/261 2114/7512/261 2113/7513/261
f 2113/7513/261 2118/7514/261 2127/3366/261
f 2118/7514/261 2117/7515/298 2127/3366/261
f 2117/7515/298 2120/7516/261 2127/3366/261
f 2120/7516/261 2124/3364/261 2127/3366/261
f 2128/3367/271 2132/7517/271 2129/3368/235
f 2131/3370/288 2134/3374/302 2132/3371/271
f 2133/3373/263 2136/7518/239 2134/3374/239
f 2135/3375/278 2138/3379/278 2136/3376/240
f 2135/3375/278 2139/7519/241 2137/3378/241
f 2139/3380/242 2141/3383/242 2140/3381/289
f 2141/3383/244 2143/7520/244 2142/3384/265
f 2143/3385/246 2130/3369/246 2129/3368/245
f 2130/7521/247 2143/7522/247 2141/3387/247
f 2141/3387/247 2139/7523/247 2135/3388/247
f 2135/3388/247 2133/7524/247 2131/3389/247
f 2131/3389/247 2128/7525/285 2130/7521/247
f 2130/7521/247 2141/3387/247 2131/3389/247
f 2142/3392/248 2129/7526/248 2136/7527/248
f 2129/7526/248 2132/7528/248 2136/7527/248
f 2132/7528/248 2134/7529/248 2136/7527/248
f 2136/7527/248 2138/7530/248 2142/3392/248
f 2138/7530/248 2137/3390/248 2142/3392/248
f 2144/3393/280 2147/7531/266 2145/3394/249
f 2147/3396/267 2149/3399/267 2148/3397/251
f 2149/3399/290 2151/7532/274 2150/3400/274
f 2151/3401/274 2154/3405/253 2152/3402/253
f 2153/3404/275 2156/7533/255 2152/3402/255
f 2155/3406/256 2158/3410/269 2156/3407/269
f 2157/3409/258 2159/7534/291 2158/3410/291
f 2144/3393/280 2146/3395/280 2159/3411/259
f 2144/3415/260 2157/7535/260 2155/7536/260
f 2155/7536/260 2153/7537/260 2144/3415/260
f 2153/7537/260 2154/7538/260 2144/3415/260
f 2154/7538/260 2151/7539/260 2144/3415/260
f 2151/7539/260 2149/3413/277 2144/3415/260
f 2159/3418/261 2146/7540/261 2150/7541/261
f 2146/7540/261 2145/7542/261 2150/7541/261
f 2145/7542/261 2148/7543/261 2150/7541/261
f 2150/7541/261 2152/7544/261 2159/3418/261
f 2152/7544/261 2156/3416/261 2159/3418/261
f 2160/3419/271 2164/7545/271 2161/3420/235
f 2163/3422/288 2166/3426/288 2164/3423/271
f 2165/3425/263 2168/7546/263 2166/3426/263
f 2167/3427/240 2170/3431/240 2168/3428/240
f 2167/3427/241 2171/7547/279 2169/3430/279
f 2171/3432/279 2173/3435/243 2172/3433/243
f 2173/3435/243 2175/7548/284 2174/3436/284
f 2175/3437/284 2162/3421/245 2161/3420/245
f 2162/3441/247 2175/7549/247 2173/7550/285
f 2173/7550/285 2171/7551/247 2162/3441/247
f 2171/7551/247 2167/7552/247 2162/3441/247
f 2167/7552/247 2165/7553/247 2162/3441/247
f 2165/7553/247 2163/3439/247 2162/3441/247
f 2174/3444/248 2161/7554/248 2168/3442/248
f 2161/7554/248 2164/7555/248 2168/3442/248
f 2164/7555/248 2166/7556/248 2168/3442/248
f 2168/3442/248 2170/7557/248 2169/3443/248
f 2169/3443/248 2172/7558/296 2174/3444/248
f 2176/3445/249 2179/7559/249 2177/3446/249
f 2179/3448/267 2181/3451/267 2180/3449/267
f 2181/3451/290 2183/7560/274 2182/3452/274
f 2183/3453/274 2186/3457/253 2184/3454/253
f 2185/3456/287 2188/7561/287 2184/3454/255
f 2187/3458/257 2190/3462/257 2188/3459/287
f 2189/3461/282 2191/7562/282 2190/3462/257
f 2176/3445/259 2178/3447/276 2191/3463/282
f 2176/3467/260 2189/7563/260 2186/7564/260
f 2189/7563/260 2187/7565/277 2186/7564/260
f 2187/7565/277 2185/7566/260 2186/7564/260
f 2186/7564/260 2183/7567/260 2176/3467/260
f 2183/7567/260 2181/3465/277 2176/3467/260
f 2191/3468/261 2178/7568/261 2177/3469/261
f 2177/3469/261 2180/7569/261 2182/3470/261
f 2182/3470/261 2184/7570/261 2191/3468/261
f 2184/7570/261 2188/7571/261 2191/3468/261
f 2188/7571/261 2190/7572/298 2191/3468/261
f 2192/3471/271 2196/7573/271 2193/3472/235
f 2195/3474/288 2198/3478/288 2196/3475/271
f 2197/3477/272 2200/7574/272 2198/3478/263
f 2199/3479/240 2202/3483/240 2200/3480/272
f 2199/3479/241 2204/7575/279 2201/3482/279
f 2203/3484/289 2206/3488/289 2201/3485/279
f 2203/3484/265 2207/7576/284 2205/3487/284
f 2207/3489/284 2194/3473/245 2193/3472/245
f 2194/3492/247 2207/7577/285 2199/3493/247
f 2207/7577/285 2203/7578/285 2199/3493/247
f 2203/7578/285 2204/7579/247 2199/3493/247
f 2199/3493/247 2197/7580/247 2195/7581/247
f 2195/7581/247 2192/3491/247 2199/3493/247
f 2205/7582/248 2193/7583/248 2196/3494/248
f 2196/3494/248 2198/7584/248 2200/3495/248
f 2200/3495/248 2202/7585/248 2201/3496/248
f 2201/3496/248 2206/7586/248 2205/7582/248
f 2205/7582/248 2196/3494/248 2201/3496/248
f 2208/3497/249 2211/7587/281 2209/3498/281
f 2211/3500/281 2213/3503/267 2212/3501/267
f 2213/3503/290 2215/7588/274 2214/3504/274
f 2215/3505/274 2218/3509/304 2216/3506/253
f 2217/3508/287 2220/7589/287 2216/3506/255
f 2219/3510/269 2222/3514/269 2220/3511/287
f 2221/3513/291 2223/7590/291 2222/3514/291
f 2208/3497/259 2210/3499/276 2223/3515/276
f 2208/3519/260 2221/7591/260 2219/7592/277
f 2219/7592/277 2217/7593/277 2208/3519/260
f 2217/7593/277 2218/7594/260 2208/3519/260
f 2218/7594/260 2215/7595/260 2208/3519/260
f 2215/7595/260 2213/3517/260 2208/3519/260
f 2223/3522/261 2210/7596/261 2214/7597/261
f 2210/7596/261 2209/7598/298 2214/7597/261
f 2209/7598/298 2212/7599/261 2214/7597/261
f 2214/7597/261 2216/7600/261 2223/3522/261
f 2216/7600/261 2220/3520/261 2223/3522/261
f 2224/3523/271 2228/7601/271 2225/3524/262
f 2227/3526/288 2230/3530/288 2228/3527/271
f 2229/3529/272 2232/7602/272 2230/3530/263
f 2231/3531/278 2234/3535/278 2232/3532/272
f 2231/3531/278 2235/7603/279 2233/3534/279
f 2235/3536/279 2237/3539/289 2236/3537/289
f 2237/3539/265 2239/7604/284 2238/3540/284
f 2239/3541/284 2226/3525/262 2225/3524/262
f 2226/3544/247 2239/7605/247 2237/7606/247
f 2237/7606/247 2235/7607/247 2226/3544/247
f 2235/7607/247 2231/3545/247 2226/3544/247
f 2231/3545/247 2229/7608/247 2227/7609/247
f 2227/7609/247 2224/3543/247 2231/3545/247
f 2238/7610/248 2225/7611/248 2228/3546/248
f 2228/3546/248 2230/7612/248 2232/3547/248
f 2232/3547/248 2234/7613/248 2233/3548/248
f 2233/3548/248 2236/7614/248 2238/7610/248
f 2238/7610/248 2228/3546/248 2233/3548/248
f 2240/3549/280 2243/7615/281 2241/3550/281
f 2243/3552/281 2245/3555/267 2244/3553/267
f 2245/3555/290 2247/7616/274 2246/3556/274
f 2247/3557/274 2250/3561/268 2248/3558/268
f 2249/3560/287 2252/7617/287 2248/3558/268
f 2251/3562/269 2254/3566/269 2252/3563/287
f 2253/3565/282 2255/7618/282 2254/3566/291
f 2240/3549/280 2242/3551/280 2255/3567/282
f 2240/3571/260 2253/7619/260 2251/7620/260
f 2251/7620/260 2249/7621/260 2250/3569/260
f 2250/3569/260 2247/7622/260 2245/3570/260
f 2245/3570/260 2243/7623/260 2240/3571/260
f 2240/3571/260 2251/7620/260 2250/3569/260
f 2255/3574/261 2242/7624/261 2246/7625/261
f 2242/7624/261 2241/7626/298 2246/7625/261
f 2241/7626/298 2244/7627/261 2246/7625/261
f 2246/7625/261 2248/7628/261 2255/3574/261
f 2248/7628/261 2252/3572/261 2255/3574/261
f 2256/3575/271 2260/7629/271 2257/3576/262
f 2259/3578/288 2262/3582/288 2260/3579/271
f 2261/3581/272 2264/7630/272 2262/3582/263
f 2263/3583/240 2266/3587/264 2264/3584/272
f 2263/3583/241 2267/7631/279 2265/3586/279
f 2267/3588/279 2269/3591/243 2268/3589/243
f 2269/3591/243 2271/7632/284 2270/3592/284
f 2271/3593/284 2258/3577/262 2257/3576/262
f 2258/3596/247 2271/7633/247 2263/3597/247
f 2271/7633/247 2269/7634/285 2263/3597/247
f 2269/7634/285 2267/7635/247 2263/3597/247
f 2263/3597/247 2261/7636/247 2259/7637/247
f 2259/7637/247 2256/3595/247 2263/3597/247
f 2270/3600/248 2257/7638/248 2260/7639/248
f 2260/7639/248 2262/7640/296 2264/3598/248
f 2264/3598/248 2266/7641/248 2265/3599/248
f 2265/3599/248 2268/7642/248 2270/3600/248
f 2270/3600/248 2260/7639/248 2264/3598/248
f 2272/3601/249 2275/7643/281 2273/3602/281
f 2275/3604/281 2277/3607/267 2276/3605/267
f 2277/3607/290 2279/7644/274 2278/3608/274
f 2279/3609/274 2282/3613/268 2280/3610/268
f 2281/3612/287 2284/7645/287 2280/3610/268
f 2283/3614/257 2286/3618/257 2284/3615/287
f 2285/3617/282 2287/7646/282 2286/3618/257
f 2272/3601/259 2274/3603/276 2287/3619/282
f 2272/3622/260 2285/7647/260 2282/3623/260
f 2285/7647/260 2283/7648/277 2282/3623/260
f 2283/7648/277 2281/7649/277 2282/3623/260
f 2282/3623/260 2279/7650/260 2277/7651/260
f 2277/7651/260 2275/3621/260 2282/3623/260
f 2287/3626/261 2274/7652/261 2278/7653/298
f 2274/7652/261 2273/7654/261 2278/7653/298
f 2273/7654/261 2276/7655/298 2278/7653/298
f 2278/7653/298 2280/7656/261 2287/3626/261
f 2280/7656/261 2284/3624/261 2287/3626/261
f 2288/3627/295 2292/7657/271 2289/3628/235
f 2291/3630/237 2294/3634/237 2292/3631/271
f 2291/3630/237 2296/7658/263 2293/3633/263
f 2295/3635/278 2298/3639/278 2293/3636/240
f 2295/3635/278 2299/7659/279 2297/3638/279
f 2299/3640/279 2302/3644/289 2300/3641/289
f 2301/3643/265 2303/7660/244 2300/3641/244
f 2301/3645/245 2290/3629/246 2289/3628/245
f 2290/3647/247 2301/7661/285 2302/3648/247
f 2302/3648/247 2299/7662/247 2295/3649/247
f 2295/3649/247 2296/7663/285 2291/7664/247
f 2291/7664/247 2288/7665/247 2295/3649/247
f 2288/7665/247 2290/3647/247 2295/3649/247
f 2303/3652/296 2289/7666/296 2293/7667/248
f 2289/7666/296 2292/7668/248 2293/7667/248
f 2292/7668/248 2294/7669/248 2293/7667/248
f 2293/7667/248 2298/7670/248 2303/3652/296
f 2298/7670/248 2297/3650/248 2303/3652/296
f 2304/3653/280 2308/7671/249 2305/3654/249
f 2307/3656/250 2310/3660/250 2305/3657/267
f 2307/3656/250 2311/7672/297 2309/3659/274
f 2311/3661/297 2314/3665/253 2312/3662/253
f 2313/3664/255 2316/7673/255 2312/3662/255
f 2313/3666/269 2318/3670/269 2315/3667/256
f 2317/3669/282 2319/7674/282 2315/3667/291
f 2304/3653/280 2306/3655/280 2319/3671/282
f 2304/3675/260 2317/7675/260 2314/3673/260
f 2317/7675/260 2318/7676/260 2314/3673/260
f 2318/7676/260 2313/7677/277 2314/3673/260
f 2314/3673/260 2311/7678/260 2307/3674/260
f 2307/3674/260 2308/7679/277 2304/3675/260
f 2319/3678/261 2306/7680/261 2309/7681/261
f 2306/7680/261 2305/7682/298 2309/7681/261
f 2305/7682/298 2310/7683/261 2309/7681/261
f 2309/7681/261 2312/7684/298 2319/3678/261
f 2312/7684/298 2316/3676/298 2319/3678/261
f 2320/3679/271 2324/7685/271 2321/3680/262
f 2323/3682/288 2326/3686/288 2324/3683/271
f 2323/3682/263 2328/7686/272 2325/3685/272
f 2327/3687/264 2330/3691/240 2325/3688/272
f 2327/3687/241 2331/7687/279 2329/3690/279
f 2331/3692/279 2334/3696/289 2332/3693/289
f 2333/3695/284 2335/7688/284 2332/3693/265
f 2333/3697/284 2322/3681/262 2321/3680/262
f 2322/3701/247 2333/7689/285 2334/7690/247
f 2334/7690/247 2331/7691/247 2322/3701/247
f 2331/7691/247 2327/3699/247 2322/3701/247
f 2327/3699/247 2328/7692/247 2323/3700/247
f 2323/3700/247 2320/7693/247 2322/3701/247
f 2335/3704/248 2321/7694/296 2325/7695/248
f 2321/7694/296 2324/7696/296 2325/7695/248
f 2324/7696/296 2326/7697/248 2325/7695/248
f 2325/7695/248 2330/7698/296 2335/3704/248
f 2330/7698/296 2329/3702/248 2335/3704/248
f 2336/3705/266 2340/7699/281 2337/3706/281
f 2339/3708/267 2342/3712/267 2337/3709/281
f 2339/3708/290 2343/7700/274 2341/3711/274
f 2343/3713/274 2346/3717/268 2344/3714/268
f 2345/3716/287 2348/7701/287 2344/3714/268
f 2345/3718/287 2350/3722/269 2347/3719/269
f 2349/3721/282 2351/7702/282 2347/3719/291
f 2336/3705/259 2338/3707/259 2351/3723/282
f 2336/3727/260 2349/7703/260 2350/7704/260
f 2350/7704/260 2345/7705/260 2336/3727/260
f 2345/7705/260 2346/7706/277 2336/3727/260
f 2346/7706/277 2343/7707/260 2336/3727/260
f 2343/7707/260 2339/3725/260 2336/3727/260
f 2351/7708/261 2338/7709/261 2337/3728/261
f 2337/3728/261 2342/7710/261 2341/3729/261
f 2341/3729/261 2344/7711/261 2348/3730/261
f 2348/3730/261 2347/7712/261 2351/7708/261
f 2351/7708/261 2337/3728/261 2348/3730/261
f 2352/3731/235 2356/7713/235 2353/3732/262
f 2355/3734/288 2358/3738/238 2356/3735/238
f 2357/3737/272 2360/7714/272 2358/3738/263
f 2359/3739/278 2362/3743/278 2360/3740/272
f 2359/3739/278 2363/7715/279 2361/3742/279
f 2363/3744/279 2365/3747/243 2364/3745/243
f 2365/3747/243 2367/7716/284 2366/3748/284
f 2367/3749/284 2354/3733/262 2353/3732/262
f 2354/3752/247 2367/7717/247 2359/3753/247
f 2367/7717/247 2365/7718/247 2359/3753/247
f 2365/7718/247 2363/7719/247 2359/3753/247
f 2359/3753/247 2357/7720/247 2355/7721/285
f 2355/7721/285 2352/3751/247 2359/3753/247
f 2366/7722/248 2353/7723/296 2356/3754/248
f 2356/3754/248 2358/7724/248 2360/3755/248
f 2360/3755/248 2362/7725/248 2361/3756/248
f 2361/3756/248 2364/7726/248 2366/7722/248
f 2366/7722/248 2356/3754/248 2361/3756/248
f 2368/3757/280 2371/7727/281 2369/3758/281
f 2371/3760/281 2373/3763/267 2372/3761/267
f 2373/3763/290 2375/7728/290 2374/3764/252
f 2375/3765/253 2378/3769/268 2376/3766/268
f 2377/3768/287 2380/7729/287 2376/3766/268
f 2379/3770/257 2382/3774/257 2380/3771/287
f 2381/3773/282 2383/7730/282 2382/3774/257
f 2368/3757/280 2370/3759/280 2383/3775/282
f 2368/3779/260 2381/7731/260 2379/7732/260
f 2379/7732/260 2377/7733/260 2368/3779/260
f 2377/7733/260 2378/3777/260 2368/3779/260
f 2378/3777/260 2375/7734/277 2373/3778/260
f 2373/3778/260 2371/7735/260 2368/3779/260
f 2383/3782/261 2370/7736/298 2374/7737/261
f 2370/7736/298 2369/7738/261 2374/7737/261
f 2369/7738/261 2372/7739/261 2374/7737/261
f 2374/7737/261 2376/7740/298 2383/3782/261
f 2376/7740/298 2380/3780/298 2383/3782/261
f 2384/3783/235 2388/7741/235 2385/3784/262
f 2387/3786/237 2390/3790/237 2388/3787/288
f 2389/3789/263 2392/7742/263 2390/3790/237
f 2391/3791/278 2394/3795/278 2392/3792/240
f 2391/3791/278 2395/7743/279 2393/3794/279
f 2395/3796/279 2397/3799/242 2396/3797/289
f 2397/3799/265 2399/7744/265 2398/3800/265
f 2399/3801/245 2386/3785/262 2385/3784/262
f 2386/3805/247 2399/7745/247 2397/7746/247
f 2397/7746/247 2395/7747/247 2386/3805/247
f 2395/7747/247 2391/7748/247 2386/3805/247
f 2391/7748/247 2389/7749/247 2386/3805/247
f 2389/7749/247 2387/3803/247 2386/3805/247
f 2398/3808/248 2385/7750/248 2392/7751/248
f 2385/7750/248 2388/7752/248 2392/7751/248
f 2388/7752/248 2390/7753/248 2392/7751/248
f 2392/7751/248 2394/7754/248 2398/3808/248
f 2394/7754/248 2393/3806/248 2398/3808/248
f 2400/3809/280 2403/7755/249 2401/3810/249
f 2403/3812/267 2405/3815/250 2404/3813/250
f 2405/3815/250 2407/7756/252 2406/3816/290
f 2407/3817/253 2410/3821/268 2408/3818/268
f 2409/3820/255 2412/7757/255 2408/3818/268
f 2411/3822/269 2414/3826/269 2412/3823/269
f 2413/3825/282 2415/7758/282 2414/3826/291
f 2400/3809/280 2402/3811/280 2415/3827/282
f 2400/3831/260 2413/7759/260 2411/7760/260
f 2411/7760/260 2409/7761/260 2400/3831/260
f 2409/7761/260 2410/7762/260 2400/3831/260
f 2410/7762/260 2407/7763/260 2400/3831/260
f 2407/7763/260 2405/3829/277 2400/3831/260
f 2415/3834/261 2402/7764/261 2406/7765/261
f 2402/7764/261 2401/7766/261 2406/7765/261
f 2401/7766/261 2404/7767/261 2406/7765/261
f 2406/7765/261 2408/7768/261 2415/3834/261
f 2408/7768/261 2412/3832/261 2415/3834/261
f 2416/3835/271 2420/7769/271 2417/3836/262
f 2419/3838/288 2422/3842/288 2420/3839/271
f 2421/3841/272 2424/7770/272 2422/3842/263
f 2423/3843/240 2426/3847/240 2424/3844/272
f 2423/3843/241 2427/7771/241 2425/3846/241
f 2427/3848/242 2429/3851/243 2428/3849/243
f 2429/3851/243 2431/7772/265 2430/3852/265
f 2431/3853/245 2418/3837/262 2417/3836/262
f 2418/3856/247 2431/7773/247 2423/3857/247
f 2431/7773/247 2429/7774/247 2423/3857/247
f 2429/7774/247 2427/7775/247 2423/3857/247
f 2423/3857/247 2421/7776/247 2419/7777/247
f 2419/7777/247 2416/3855/247 2423/3857/247
f 2430/7778/248 2417/7779/248 2420/3858/248
f 2420/3858/248 2422/7780/296 2424/3859/248
f 2424/3859/248 2426/7781/248 2425/3860/248
f 2425/3860/248 2428/7782/296 2430/7778/248
f 2430/7778/248 2420/3858/248 2425/3860/248
f 2432/3861/249 2435/7783/281 2433/3862/281
f 2435/3864/281 2437/3867/267 2436/3865/267
f 2437/3867/290 2439/7784/274 2438/3868/274
f 2439/3869/274 2442/3873/268 2440/3870/268
f 2441/3872/255 2444/7785/255 2440/3870/268
f 2443/3874/257 2446/3878/257 2444/3875/269
f 2445/3877/258 2447/7786/291 2446/3878/257
f 2432/3861/259 2434/3863/259 2447/3879/259
f 2432/3883/260 2445/7787/260 2443/7788/260
f 2443/7788/260 2441/7789/260 2442/3881/260
f 2442/3881/260 2439/7790/277 2437/3882/260
f 2437/3882/260 2435/7791/260 2432/3883/260
f 2432/3883/260 2443/7788/260 2442/3881/260
f 2447/3886/261 2434/7792/261 2433/7793/261
f 2433/7793/261 2436/7794/261 2447/3886/261
f 2436/7794/261 2438/7795/261 2447/3886/261
f 2438/7795/261 2440/7796/261 2447/3886/261
f 2440/7796/261 2444/3884/261 2447/3886/261
f 2448/3887/271 2452/7797/271 2449/3888/235
f 2451/3890/237 2454/3894/237 2452/3891/271
f 2451/3890/237 2456/7798/263 2453/3893/263
f 2455/3895/278 2458/3899/278 2453/3896/240
f 2455/3895/278 2459/7799/279 2457/3898/279
f 2459/3900/279 2462/3904/289 2460/3901/289
f 2461/3903/284 2463/7800/284 2460/3901/265
f 2461/3905/284 2450/3889/245 2449/3888/245
f 2450/3909/247 2461/7801/247 2462/7802/247
f 2462/7802/247 2459/7803/247 2455/3907/247
f 2455/3907/247 2456/7804/247 2451/3908/247
f 2451/3908/247 2448/7805/247 2450/3909/247
f 2450/3909/247 2462/7802/247 2455/3907/247
f 2463/3910/248 2449/7806/248 2452/3911/248
f 2452/3911/248 2454/7807/248 2453/3912/248
f 2453/3912/248 2458/7808/296 2463/3910/248
f 2458/7808/296 2457/7809/296 2463/3910/248
f 2457/7809/296 2460/7810/248 2463/3910/248
f 2464/3913/280 2468/7811/249 2465/3914/249
f 2467/3916/250 2470/3920/250 2465/3917/267
f 2467/3916/250 2471/7812/274 2469/3919/274
f 2471/3921/274 2474/3925/253 2472/3922/253
f 2473/3924/287 2476/7813/287 2472/3922/255
f 2473/3926/287 2478/3930/269 2475/3927/269
f 2477/3929/282 2479/7814/282 2475/3927/291
f 2464/3913/280 2466/3915/280 2479/3931/282
f 2464/3935/260 2477/7815/260 2474/7816/260
f 2477/7815/260 2478/7817/277 2474/7816/260
f 2478/7817/277 2473/7818/260 2474/7816/260
f 2474/7816/260 2471/7819/260 2464/3935/260
f 2471/7819/260 2467/3933/260 2464/3935/260
f 2479/7820/261 2466/7821/261 2465/3936/261
f 2465/3936/261 2470/7822/261 2469/3937/261
f 2469/3937/261 2472/7823/261 2476/3938/261
f 2476/3938/261 2475/7824/261 2479/7820/261
f 2479/7820/261 2465/3936/261 2476/3938/261
f 2480/3939/271 2484/7825/271 2481/3940/262
f 2483/3942/288 2486/3946/288 2484/3943/271
f 2483/3942/263 2488/7826/272 2485/3945/272
f 2487/3947/240 2490/3951/240 2485/3948/272
f 2487/3947/241 2491/7827/279 2489/3950/279
f 2491/3952/279 2494/3956/289 2492/3953/289
f 2493/3955/284 2495/7828/284 2492/3953/265
f 2493/3957/284 2482/3941/262 2481/3940/262
f 2482/3961/247 2493/7829/285 2494/7830/247
f 2494/7830/247 2491/7831/247 2482/3961/247
f 2491/7831/247 2487/7832/247 2482/3961/247
f 2487/7832/247 2488/7833/247 2482/3961/247
f 2488/7833/247 2483/3959/247 2482/3961/247
f 2495/3964/248 2481/7834/248 2485/3962/248
f 2481/7834/248 2484/7835/248 2485/3962/248
f 2484/7835/248 2486/7836/248 2485/3962/248
f 2485/3962/248 2490/7837/248 2489/3963/248
f 2489/3963/248 2492/7838/248 2495/3964/248
f 2496/3965/249 2500/7839/281 2497/3966/281
f 2499/3968/267 2502/3972/267 2497/3969/281
f 2499/3968/290 2503/7840/274 2501/3971/274
f 2503/3973/274 2506/3977/268 2504/3974/268
f 2505/3976/287 2508/7841/287 2504/3974/268
f 2505/3978/287 2510/3982/269 2507/3979/269
f 2509/3981/282 2511/7842/282 2507/3979/291
f 2496/3965/259 2498/3967/259 2511/3983/282
f 2496/3986/260 2509/7843/277 2506/3987/277
f 2509/7843/277 2510/7844/277 2506/3987/277
f 2510/7844/277 2505/7845/277 2506/3987/277
f 2506/3987/277 2503/7846/260 2499/7847/277
f 2499/7847/277 2500/3985/260 2506/3987/277
f 2511/3990/261 2498/7848/261 2497/7849/298
f 2497/7849/298 2502/7850/261 2511/3990/261
f 2502/7850/261 2501/7851/261 2511/3990/261
f 2501/7851/261 2504/7852/298 2511/3990/261
f 2504/7852/298 2508/3988/298 2511/3990/261
f 2512/3991/271 2516/7853/271 2513/3992/262
f 2515/3994/288 2518/3998/288 2516/3995/271
f 2517/3997/272 2520/7854/272 2518/3998/263
f 2519/3999/240 2522/4003/240 2520/4000/272
f 2519/3999/273 2523/7855/279 2521/4002/279
f 2523/4004/279 2525/4007/243 2524/4005/243
f 2525/4007/243 2527/7856/284 2526/4008/284
f 2527/4009/284 2514/3993/262 2513/3992/262
f 2514/4012/247 2527/7857/247 2519/4013/247
f 2527/7857/247 2525/7858/247 2519/4013/247
f 2525/7858/247 2523/7859/285 2519/4013/247
f 2519/4013/247 2517/7860/247 2515/7861/285
f 2515/7861/285 2512/4011/247 2519/4013/247
f 2526/4016/248 2513/7862/248 2520/4014/248
f 2513/7862/248 2516/7863/296 2520/4014/248
f 2516/7863/296 2518/7864/248 2520/4014/248
f 2520/4014/248 2522/7865/296 2521/4015/248
f 2521/4015/248 2524/7866/248 2526/4016/248
f 2528/4017/249 2531/7867/281 2529/4018/281
f 2531/4020/281 2533/4023/267 2532/4021/267
f 2533/4023/290 2535/7868/274 2534/4024/274
f 2535/4025/274 2538/4029/268 2536/4026/268
f 2537/4028/287 2540/7869/287 2536/4026/268
f 2539/4030/257 2542/4034/257 2540/4031/287
f 2541/4033/282 2543/7870/282 2542/4034/257
f 2528/4017/276 2530/4019/259 2543/4035/282
f 2528/4039/260 2541/7871/277 2539/7872/260
f 2539/7872/260 2537/7873/260 2528/4039/260
f 2537/7873/260 2538/7874/260 2528/4039/260
f 2538/7874/260 2535/7875/260 2528/4039/260
f 2535/7875/260 2533/4037/277 2528/4039/260
f 2543/7876/261 2530/7877/298 2529/4040/261
f 2529/4040/261 2532/7878/261 2534/4041/261
f 2534/4041/261 2536/7879/298 2540/4042/261
f 2540/4042/261 2542/7880/261 2543/7876/261
f 2543/7876/261 2529/4040/261 2540/4042/261
f 2544/4043/295 2548/7881/271 2545/4044/283
f 2547/4046/288 2550/4050/288 2548/4047/271
f 2549/4049/272 2552/7882/272 2550/4050/263
f 2551/4051/278 2554/4055/278 2552/4052/272
f 2551/4051/278 2555/7883/279 2553/4054/279
f 2555/4056/279 2557/4059/289 2556/4057/289
f 2557/4059/265 2559/7884/284 2558/4060/284
f 2559/4061/284 2546/4045/262 2545/4044/283
f 2546/4065/247 2559/7885/247 2557/7886/247
f 2557/7886/247 2555/7887/247 2546/4065/247
f 2555/7887/247 2551/7888/247 2546/4065/247
f 2551/7888/247 2549/7889/285 2546/4065/247
f 2549/7889/285 2547/4063/285 2546/4065/247
f 2558/4068/248 2545/7890/248 2552/7891/248
f 2545/7890/248 2548/7892/248 2552/7891/248
f 2548/7892/248 2550/7893/296 2552/7891/248
f 2552/7891/248 2554/7894/248 2558/4068/248
f 2554/7894/248 2553/4066/296 2558/4068/248
f 2560/4069/280 2563/7895/281 2561/4070/281
f 2563/4072/281 2565/4075/267 2564/4073/267
f 2565/4075/290 2567/7896/297 2566/4076/274
f 2567/4077/297 2570/4081/268 2568/4078/286
f 2569/4080/287 2572/7897/287 2568/4078/286
f 2571/4082/269 2574/4086/269 2572/4083/287
f 2573/4085/282 2575/7898/282 2574/4086/291
f 2560/4069/280 2562/4071/280 2575/4087/282
f 2560/4091/260 2573/7899/260 2570/7900/260
f 2573/7899/260 2571/7901/260 2570/7900/260
f 2571/7901/260 2569/7902/260 2570/7900/260
f 2570/7900/260 2567/7903/260 2560/4091/260
f 2567/7903/260 2565/4089/260 2560/4091/260
f 2575/4094/261 2562/7904/261 2561/7905/261
f 2561/7905/261 2564/7906/298 2566/4092/261
f 2566/4092/261 2568/7907/261 2572/4093/261
f 2572/4093/261 2574/7908/261 2575/4094/261
f 2575/4094/261 2561/7905/261 2566/4092/261
f 2576/4095/271 2580/7909/271 2577/4096/262
f 2579/4098/288 2582/4102/288 2580/4099/271
f 2581/4101/272 2584/7910/272 2582/4102/263
f 2583/4103/240 2586/4107/264 2584/4104/272
f 2583/4103/241 2587/7911/279 2585/4106/279
f 2587/4108/279 2589/4111/243 2588/4109/243
f 2589/4111/243 2591/7912/284 2590/4112/284
f 2591/4113/284 2578/4097/262 2577/4096/262
f 2578/4117/247 2591/7913/247 2589/7914/247
f 2589/7914/247 2587/7915/247 2578/4117/247
f 2587/7915/247 2583/7916/247 2578/4117/247
f 2583/7916/247 2581/7917/247 2578/4117/247
f 2581/7917/247 2579/4115/285 2578/4117/247
f 2590/4120/248 2577/7918/248 2580/7919/248
f 2580/7919/248 2582/7920/296 2584/4118/248
f 2584/4118/248 2586/7921/248 2585/4119/248
f 2585/4119/248 2588/7922/296 2590/4120/248
f 2590/4120/248 2580/7919/248 2584/4118/248
f 2592/4121/249 2595/7923/281 2593/4122/281
f 2595/4124/281 2597/4127/267 2596/4125/267
f 2597/4127/290 2599/7924/274 2598/4128/274
f 2599/4129/274 2602/4133/268 2600/4130/268
f 2601/4132/287 2604/7925/287 2600/4130/268
f 2603/4134/257 2606/4138/257 2604/4135/287
f 2605/4137/282 2607/7926/282 2606/4138/257
f 2592/4121/259 2594/4123/259 2607/4139/282
f 2592/4142/260 2605/7927/260 2602/4143/260
f 2605/7927/260 2603/7928/260 2602/4143/260
f 2603/7928/260 2601/7929/260 2602/4143/260
f 2602/4143/260 2599/7930/260 2597/7931/277
f 2597/7931/277 2595/4141/260 2602/4143/260
f 2607/4144/261 2594/7932/261 2593/4145/261
f 2593/4145/261 2596/7933/298 2598/4146/261
f 2598/4146/261 2600/7934/261 2607/4144/261
f 2600/7934/261 2604/7935/298 2607/4144/261
f 2604/7935/298 2606/7936/298 2607/4144/261
f 2608/4147/271 2612/7937/271 2609/4148/262
f 2611/4150/288 2614/4154/288 2612/4151/271
f 2613/4153/263 2616/7938/239 2614/4154/239
f 2615/4155/278 2618/4159/278 2616/4156/240
f 2615/4155/278 2619/7939/279 2617/4158/279
f 2619/4160/279 2621/4163/289 2620/4161/289
f 2621/4163/265 2623/7940/284 2622/4164/284
f 2623/4165/284 2610/4149/262 2609/4148/262
f 2610/4168/247 2623/7941/247 2615/4169/247
f 2623/7941/247 2621/7942/247 2615/4169/247
f 2621/7942/247 2619/7943/285 2615/4169/247
f 2615/4169/247 2613/7944/285 2611/7945/247
f 2611/7945/247 2608/4167/247 2615/4169/247
f 2622/7946/248 2609/7947/248 2612/4170/248
f 2612/4170/248 2614/7948/248 2616/4171/248
f 2616/4171/248 2618/7949/248 2617/4172/248
f 2617/4172/248 2620/7950/248 2622/7946/248
f 2622/7946/248 2612/4170/248 2617/4172/248
f 2624/4173/280 2627/7951/249 2625/4174/249
f 2627/4176/267 2629/4179/267 2628/4177/251
f 2629/4179/290 2631/7952/274 2630/4180/274
f 2631/4181/274 2634/4185/268 2632/4182/268
f 2633/4184/287 2636/7953/287 2632/4182/268
f 2635/4186/269 2638/4190/269 2636/4187/287
f 2637/4189/282 2639/7954/282 2638/4190/291
f 2624/4173/280 2626/4175/280 2639/4191/282
f 2624/4195/260 2637/7955/277 2635/7956/260
f 2635/7956/260 2633/7957/260 2624/4195/260
f 2633/7957/260 2634/7958/260 2624/4195/260
f 2634/7958/260 2631/7959/260 2624/4195/260
f 2631/7959/260 2629/4193/260 2624/4195/260
f 2639/4198/261 2626/7960/261 2630/7961/261
f 2626/7960/261 2625/7962/261 2630/7961/261
f 2625/7962/261 2628/7963/261 2630/7961/261
f 2630/7961/261 2632/7964/261 2639/4198/261
f 2632/7964/261 2636/4196/261 2639/4198/261
f 2640/4199/295 2644/7965/271 2641/4200/262
f 2643/4202/237 2646/4206/237 2644/4203/271
f 2645/4205/272 2648/7966/272 2646/4206/237
f 2647/4207/278 2650/4211/278 2648/4208/272
f 2647/4207/278 2651/7967/279 2649/4210/299
f 2651/4212/279 2653/4215/243 2652/4213/243
f 2653/4215/243 2655/7968/265 2654/4216/244
f 2655/4217/245 2642/4201/262 2641/4200/262
f 2642/4221/247 2655/7969/247 2653/7970/285
f 2653/7970/285 2651/7971/285 2642/4221/247
f 2651/7971/285 2647/7972/247 2642/4221/247
f 2647/7972/247 2645/7973/247 2642/4221/247
f 2645/7973/247 2643/4219/285 2642/4221/247
f 2654/4224/248 2641/7974/248 2644/7975/248
f 2644/7975/248 2646/7976/248 2654/4224/248
f 2646/7976/248 2648/7977/248 2654/4224/248
f 2648/7977/248 2650/7978/248 2654/4224/248
f 2650/7978/248 2649/4222/248 2654/4224/248
f 2656/4225/280 2659/7979/281 2657/4226/281
f 2659/4228/281 2661/4231/250 2660/4229/250
f 2661/4231/250 2663/7980/297 2662/4232/274
f 2663/4233/297 2666/4237/268 2664/4234/268
f 2665/4236/255 2668/7981/255 2664/4234/268
f 2667/4238/257 2670/4242/257 2668/4239/256
f 2669/4241/282 2671/7982/300 2670/4242/257
f 2656/4225/280 2658/4227/280 2671/4243/300
f 2656/4247/260 2669/7983/260 2667/7984/260
f 2667/7984/260 2665/7985/260 2666/4245/260
f 2666/4245/260 2663/7986/260 2661/4246/260
f 2661/4246/260 2659/7987/260 2656/4247/260
f 2656/4247/260 2667/7984/260 2666/4245/260
f 2671/4250/261 2658/7988/298 2662/7989/261
f 2658/7988/298 2657/7990/261 2662/7989/261
f 2657/7990/261 2660/7991/261 2662/7989/261
f 2662/7989/261 2664/7992/261 2671/4250/261
f 2664/7992/261 2668/4248/298 2671/4250/261
f 2672/4251/295 2676/7993/271 2673/4252/283
f 2675/4254/237 2678/4258/237 2676/4255/271
f 2677/4257/272 2680/7994/272 2678/4258/237
f 2679/4259/278 2682/4263/278 2680/4260/272
f 2679/4259/278 2683/7995/279 2681/4262/279
f 2683/4264/279 2685/4267/243 2684/4265/243
f 2685/4267/243 2687/7996/284 2686/4268/284
f 2687/4269/284 2674/4253/262 2673/4252/283
f 2674/4271/285 2687/7997/247 2685/4272/247
f 2685/4272/247 2683/7998/247 2679/4273/247
f 2679/4273/247 2677/7999/247 2675/8000/247
f 2675/8000/247 2672/8001/247 2679/4273/247
f 2672/8001/247 2674/4271/285 2679/4273/247
f 2686/4275/248 2673/8002/248 2676/8003/248
f 2676/8003/248 2678/8004/248 2686/4275/248
f 2678/8004/248 2680/4276/248 2686/4275/248
f 2680/4276/248 2682/8005/248 2681/8006/248
f 2681/8006/248 2684/4274/248 2680/4276/248
f 2688/4277/280 2691/8007/281 2689/4278/281
f 2691/4280/281 2693/4283/250 2692/4281/250
f 2693/4283/250 2695/8008/297 2694/4284/274
f 2695/4285/297 2698/4289/268 2696/4286/286
f 2697/4288/287 2700/8009/287 2696/4286/286
f 2699/4290/257 2702/4294/257 2700/4291/287
f 2701/4293/282 2703/8010/282 2702/4294/257
f 2688/4277/280 2690/4279/280 2703/4295/282
f 2688/4299/277 2701/8011/277 2698/8012/277
f 2701/8011/277 2699/8013/277 2698/8012/277
f 2699/8013/277 2697/8014/260 2698/8012/277
f 2698/8012/277 2695/8015/277 2688/4299/277
f 2695/8015/277 2693/4297/277 2688/4299/277
f 2703/4302/261 2690/8016/261 2694/4300/261
f 2690/8016/261 2689/8017/261 2694/4300/261
f 2689/8017/261 2692/8018/298 2694/4300/261
f 2694/4300/261 2696/8019/261 2700/4301/261
f 2700/4301/261 2702/8020/261 2703/4302/261
f 2704/4303/235 2708/8021/235 2705/4304/235
f 2707/4306/288 2710/4310/288 2708/4307/288
f 2709/4309/263 2712/8022/239 2710/4310/239
f 2711/4311/278 2714/4315/278 2712/4312/240
f 2711/4311/278 2715/8023/241 2713/4314/241
f 2715/4316/242 2717/4319/810 2716/4317/289
f 2717/4319/244 2719/8024/244 2718/4320/265
f 2719/4321/246 2706/4305/246 2705/4304/245
f 2706/4325/247 2719/8025/247 2717/8026/247
f 2717/8026/247 2715/8027/247 2706/4325/247
f 2715/8027/247 2711/8028/247 2706/4325/247
f 2711/8028/247 2709/8029/247 2706/4325/247
f 2709/8029/247 2707/4323/285 2706/4325/247
f 2718/4327/296 2705/8030/248 2708/8031/248
f 2708/8031/248 2710/8032/248 2718/4327/296
f 2710/8032/248 2712/4328/248 2718/4327/296
f 2712/4328/248 2714/8033/248 2713/8034/248
f 2713/8034/248 2716/4326/296 2712/4328/248
f 2720/4329/280 2723/8035/249 2721/4330/249
f 2723/4332/267 2725/4335/267 2724/4333/251
f 2725/4335/290 2727/8036/290 2726/4336/290
f 2727/4337/253 2730/4341/253 2728/4338/253
f 2729/4340/275 2732/8037/255 2728/4338/255
f 2731/4342/256 2734/4346/269 2732/4343/269
f 2733/4345/258 2735/8038/291 2734/4346/291
f 2720/4329/280 2722/4331/280 2735/4347/259
f 2720/4351/260 2733/8039/260 2730/4349/260
f 2733/8039/260 2731/8040/260 2730/4349/260
f 2731/8040/260 2729/8041/260 2730/4349/260
f 2730/4349/260 2727/8042/277 2725/4350/260
f 2725/4350/260 2723/8043/260 2720/4351/260
f 2735/4353/298 2722/8044/261 2726/4354/261
f 2722/8044/261 2721/8045/261 2726/4354/261
f 2721/8045/261 2724/8046/261 2726/4354/261
f 2726/4354/261 2728/8047/261 2732/8048/261
f 2732/8048/261 2734/4352/261 2726/4354/261
f 2736/4355/235 2740/8049/235 2737/4356/262
f 2739/4358/288 2742/4362/288 2740/4359/288
f 2741/4361/263 2744/8050/239 2742/4362/239
f 2743/4363/278 2746/4367/278 2744/4364/240
f 2743/4363/278 2747/8051/279 2745/4366/279
f 2747/4368/279 2749/4371/810 2748/4369/289
f 2749/4371/244 2751/8052/244 2750/4372/265
f 2751/4373/245 2738/4357/262 2737/4356/262
f 2738/4376/247 2751/8053/247 2749/8054/285
f 2749/8054/285 2747/8055/247 2738/4376/247
f 2747/8055/247 2743/4377/247 2738/4376/247
f 2743/4377/247 2741/8056/247 2739/8057/285
f 2739/8057/285 2736/4375/285 2743/4377/247
f 2750/4380/248 2737/8058/248 2744/4378/248
f 2737/8058/248 2740/8059/248 2744/4378/248
f 2740/8059/248 2742/8060/296 2744/4378/248
f 2744/4378/248 2746/8061/248 2745/4379/248
f 2745/4379/248 2748/8062/296 2750/4380/248
f 2752/4381/280 2755/8063/249 2753/4382/249
f 2755/4384/267 2757/4387/267 2756/4385/251
f 2757/4387/290 2759/8064/290 2758/4388/290
f 2759/4389/253 2762/4393/268 2760/4390/268
f 2761/4392/255 2764/8065/275 2760/4390/268
f 2763/4394/256 2766/4398/269 2764/4395/269
f 2765/4397/282 2767/8066/282 2766/4398/291
f 2752/4381/280 2754/4383/280 2767/4399/282
f 2752/4403/260 2765/8067/260 2763/8068/260
f 2763/8068/260 2761/8069/260 2762/4401/260
f 2762/4401/260 2759/8070/260 2757/4402/260
f 2757/4402/260 2755/8071/260 2752/4403/260
f 2752/4403/260 2763/8068/260 2762/4401/260
f 2767/4406/261 2754/8072/261 2758/4404/261
f 2754/8072/261 2753/8073/261 2758/4404/261
f 2753/8073/261 2756/8074/298 2758/4404/261
f 2758/4404/261 2760/8075/261 2764/4405/261
f 2764/4405/261 2766/8076/298 2767/4406/261
f 2768/4407/294 2772/8077/235 2769/4408/235
f 2771/4410/288 2774/4414/302 2772/4411/302
f 2773/4413/263 2776/8078/239 2774/4414/239
f 2775/4415/278 2778/4419/278 2776/4416/240
f 2775/4415/278 2779/8079/241 2777/4418/241
f 2779/4420/289 2781/4423/289 2780/4421/289
f 2781/4423/244 2783/8080/244 2782/4424/265
f 2783/4425/246 2770/4409/246 2769/4408/245
f 2770/4429/247 2783/8081/247 2775/4427/247
f 2783/8081/247 2781/8082/285 2775/4427/247
f 2781/8082/285 2779/8083/247 2775/4427/247
f 2775/4427/247 2773/8084/247 2771/4428/247
f 2771/4428/247 2768/8085/247 2770/4429/247
f 2782/4432/248 2769/8086/248 2776/8087/248
f 2769/8086/248 2772/8088/248 2776/8087/248
f 2772/8088/248 2774/8089/248 2776/8087/248
f 2776/8087/248 2778/8090/248 2782/4432/248
f 2778/8090/248 2777/4430/248 2782/4432/248
f 2784/4433/280 2787/8091/266 2785/4434/249
f 2787/4436/267 2789/4439/811 2788/4437/251
f 2789/4439/290 2791/8092/290 2790/4440/293
f 2791/4441/304 2794/4445/304 2792/4442/253
f 2793/4444/275 2796/8093/255 2792/4442/255
f 2795/4446/256 2798/4450/269 2796/4447/269
f 2797/4449/291 2799/8094/291 2798/4450/291
f 2784/4433/280 2786/4435/280 2799/4451/259
f 2784/4455/260 2797/8095/277 2794/4453/260
f 2797/8095/277 2795/8096/260 2794/4453/260
f 2795/8096/260 2793/8097/260 2794/4453/260
f 2794/4453/260 2791/8098/260 2789/4454/260
f 2789/4454/260 2787/8099/260 2784/4455/260
f 2799/4458/261 2786/8100/261 2790/8101/261
f 2786/8100/261 2785/8102/298 2790/8101/261
f 2785/8102/298 2788/8103/261 2790/8101/261
f 2790/8101/261 2792/8104/261 2799/4458/261
f 2792/8104/261 2796/4456/298 2799/4458/261
f 2800/4459/235 2804/8105/235 2801/4460/262
f 2803/4462/237 2806/4466/237 2804/4463/288
f 2805/4465/239 2808/8106/263 2806/4466/237
f 2807/4467/278 2810/4471/278 2808/4468/240
f 2807/4467/278 2811/8107/279 2809/4470/279
f 2811/4472/279 2813/4475/243 2812/4473/243
f 2813/4475/243 2815/8108/284 2814/4476/284
f 2815/4477/284 2802/4461/262 2801/4460/262
f 2802/4480/247 2815/8109/285 2807/4481/247
f 2815/8109/285 2813/8110/247 2807/4481/247
f 2813/8110/247 2811/8111/247 2807/4481/247
f 2807/4481/247 2805/8112/247 2803/8113/285
f 2803/8113/285 2800/4479/247 2807/4481/247
f 2814/8114/248 2801/8115/248 2804/4482/248
f 2804/4482/248 2806/8116/248 2808/4483/248
f 2808/4483/248 2810/8117/248 2809/4484/248
f 2809/4484/248 2812/8118/812 2814/8114/248
f 2814/8114/248 2804/4482/248 2809/4484/248
f 2816/4485/280 2819/8119/249 2817/4486/249
f 2819/4488/251 2821/4491/250 2820/4489/250
f 2821/4491/250 2823/8120/290 2822/4492/290
f 2823/4493/253 2826/4497/268 2824/4494/268
f 2825/4496/287 2828/8121/287 2824/4494/268
f 2827/4498/257 2830/4502/257 2828/4499/287
f 2829/4501/282 2831/8122/282 2830/4502/257
f 2816/4485/280 2818/4487/280 2831/4503/282
f 2816/4507/260 2829/8123/260 2827/8124/260
f 2827/8124/260 2825/8125/260 2826/4505/260
f 2826/4505/260 2823/8126/260 2821/4506/260
f 2821/4506/260 2819/8127/260 2816/4507/260
f 2816/4507/260 2827/8124/260 2826/4505/260
f 2831/4509/261 2818/8128/261 2822/4510/261
f 2818/8128/261 2817/8129/298 2822/4510/261
f 2817/8129/298 2820/8130/261 2822/4510/261
f 2822/4510/261 2824/8131/261 2828/8132/261
f 2828/8132/261 2830/4508/261 2822/4510/261
f 2832/4511/235 2836/8133/235 2833/4512/235
f 2835/4514/237 2838/4518/237 2836/4515/288
f 2837/4517/239 2840/8134/263 2838/4518/237
f 2839/4519/278 2842/4523/278 2840/4520/240
f 2839/4519/278 2843/8135/299 2841/4522/299
f 2843/4524/299 2845/4527/243 2844/4525/243
f 2845/4527/243 2847/8136/244 2846/4528/244
f 2847/4529/245 2834/4513/245 2833/4512/245
f 2834/4533/247 2847/8137/247 2845/8138/247
f 2845/8138/247 2843/8139/247 2834/4533/247
f 2843/8139/247 2839/4531/247 2834/4533/247
f 2839/4531/247 2837/8140/247 2835/4532/247
f 2835/4532/247 2832/8141/285 2834/4533/247
f 2846/4536/248 2833/8142/296 2836/8143/248
f 2836/8143/248 2838/8144/248 2846/4536/248
f 2838/8144/248 2840/4534/248 2846/4536/248
f 2840/4534/248 2842/8145/248 2841/4535/248
f 2841/4535/248 2844/8146/813 2846/4536/248
f 2848/4537/280 2851/8147/249 2849/4538/249
f 2851/4540/251 2853/4543/250 2852/4541/250
f 2853/4543/250 2855/8148/290 2854/4544/290
f 2855/4545/253 2858/4549/253 2856/4546/253
f 2857/4548/255 2860/8149/255 2856/4546/255
f 2859/4550/257 2862/4554/257 2860/4551/256
f 2861/4553/300 2863/8150/300 2862/4554/257
f 2848/4537/280 2850/4539/280 2863/4555/300
f 2848/8151/260 2861/8152/260 2859/4557/260
f 2859/4557/260 2857/8153/260 2858/4558/260
f 2858/4558/260 2855/8154/260 2853/4559/260
f 2853/4559/260 2851/8155/260 2848/8151/260
f 2848/8151/260 2859/4557/260 2853/4559/260
f 2863/4562/261 2850/8156/261 2849/8157/298
f 2849/8157/298 2852/8158/298 2863/4562/261
f 2852/8158/298 2854/8159/298 2863/4562/261
f 2854/8159/298 2856/8160/261 2863/4562/261
f 2856/8160/261 2860/4560/261 2863/4562/261
f 2864/4563/235 2868/8161/235 2865/4564/262
f 2867/4566/237 2870/4570/237 2868/4567/238
f 2869/4569/239 2872/8162/239 2870/4570/237
f 2871/4571/278 2874/4575/278 2872/4572/240
f 2871/4571/278 2875/8163/299 2873/4574/299
f 2875/4576/299 2877/4579/243 2876/4577/243
f 2877/4579/243 2879/8164/244 2878/4580/244
f 2879/4581/245 2866/4565/262 2865/4564/262
f 2866/8165/247 2879/8166/247 2877/4583/247
f 2877/4583/247 2875/8167/247 2871/4584/247
f 2871/4584/247 2869/8168/247 2867/4585/247
f 2867/4585/247 2864/8169/285 2866/8165/247
f 2866/8165/247 2877/4583/247 2867/4585/247
f 2878/4587/248 2865/8170/248 2868/8171/248
f 2868/8171/248 2870/8172/248 2878/4587/248
f 2870/8172/248 2872/4588/248 2878/4587/248
f 2872/4588/248 2874/8173/296 2873/8174/248
f 2873/8174/248 2876/4586/248 2872/4588/248
f 2880/4589/280 2883/8175/249 2881/4590/249
f 2883/4592/251 2885/4595/250 2884/4593/250
f 2885/4595/250 2887/8176/252 2886/4596/252
f 2887/4597/253 2890/4601/268 2888/4598/268
f 2889/4600/255 2892/8177/255 2888/4598/268
f 2891/4602/257 2894/4606/257 2892/4603/256
f 2893/4605/300 2895/8178/300 2894/4606/257
f 2880/4589/280 2882/4591/280 2895/4607/300
f 2880/4610/260 2893/8179/260 2890/4611/260
f 2893/8179/260 2891/8180/260 2890/4611/260
f 2891/8180/260 2889/8181/260 2890/4611/260
f 2890/4611/260 2887/8182/277 2885/8183/260
f 2885/8183/260 2883/4609/260 2890/4611/260
f 2895/4613/261 2882/8184/298 2881/8185/261
f 2881/8185/261 2884/8186/261 2895/4613/261
f 2884/8186/261 2886/4614/261 2895/4613/261
f 2886/4614/261 2888/8187/261 2892/8188/261
f 2892/8188/261 2894/4612/261 2886/4614/261
f 2896/4615/235 2900/8189/235 2897/4616/235
f 2899/4618/237 2902/4622/237 2900/4619/238
f 2901/4621/239 2904/8190/239 2902/4622/237
f 2903/4623/278 2906/4627/278 2904/4624/240
f 2903/4623/278 2907/8191/241 2905/4626/241
f 2907/4628/242 2909/4631/243 2908/4629/243
f 2909/4631/243 2911/8192/244 2910/4632/244
f 2911/4633/246 2898/4617/246 2897/4616/245
f 2898/4637/247 2911/8193/247 2909/8194/285
f 2909/8194/285 2907/8195/285 2898/4637/247
f 2907/8195/285 2903/4635/247 2898/4637/247
f 2903/4635/247 2901/8196/247 2899/4636/247
f 2899/4636/247 2896/8197/285 2898/4637/247
f 2910/4639/248 2897/8198/248 2900/8199/248
f 2900/8199/248 2902/8200/248 2910/4639/248
f 2902/8200/248 2904/4640/248 2910/4639/248
f 2904/4640/248 2906/8201/248 2905/8202/248
f 2905/8202/248 2908/4638/248 2904/4640/248
f 2912/4641/280 2915/8203/249 2913/4642/249
f 2915/4644/251 2917/4647/250 2916/4645/250
f 2917/4647/250 2919/8204/252 2918/4648/252
f 2919/4649/253 2922/4653/253 2920/4650/253
f 2921/4652/275 2924/8205/255 2920/4650/255
f 2923/4654/257 2926/4658/257 2924/4655/256
f 2925/4657/258 2927/8206/258 2926/4658/257
f 2912/4641/280 2914/4643/280 2927/4659/259
f 2912/8207/260 2925/8208/260 2923/4661/260
f 2923/4661/260 2921/8209/260 2922/4662/260
f 2922/4662/260 2919/8210/277 2917/4663/260
f 2917/4663/260 2915/8211/277 2912/8207/260
f 2912/8207/260 2923/4661/260 2917/4663/260
f 2927/4665/261 2914/8212/261 2913/8213/261
f 2913/8213/261 2916/8214/261 2927/4665/261
f 2916/8214/261 2918/4666/261 2927/4665/261
f 2918/4666/261 2920/8215/261 2924/8216/298
f 2924/8216/298 2926/4664/298 2918/4666/261
f 2928/4667/306 2932/8217/306 2929/4668/307
f 2931/4670/308 2934/8218/309 2929/4671/309
f 2931/4673/310 2935/8219/310 2933/4674/311
f 2928/4676/312 2930/8220/313 2933/4677/313
f 2931/4679/314 2932/8221/314 2928/4680/314
f 2929/4682/315 2934/8222/315 2933/4683/315
f 2936/4685/316 2940/8223/316 2937/4686/316
f 2939/4688/317 2942/8224/318 2937/4689/318
f 2941/4691/319 2943/8225/320 2942/4692/320
f 2941/4694/321 2936/8226/321 2938/4695/321
f 2941/4697/322 2939/8227/408 2940/4698/322
f 2937/4700/323 2942/8228/323 2943/4701/323
f 2944/4703/324 2947/8229/325 2945/4704/325
f 2947/4706/325 2950/4710/327 2948/4707/327
f 2949/4709/328 2952/8230/328 2948/4707/327
f 2949/4711/328 2954/4715/329 2951/4712/329
f 2953/4714/330 2956/8231/330 2951/4712/329
f 2955/4716/331 2958/4720/331 2956/4717/330
f 2955/4716/331 2959/8232/332 2957/4719/332
f 2944/4703/324 2946/4705/326 2957/4721/332
f 2944/4723/333 2959/8233/513 2955/4724/333
f 2955/4724/333 2953/8234/333 2954/4725/333
f 2954/4725/333 2949/8235/333 2944/4723/333
f 2949/8235/333 2950/8236/333 2944/4723/333
f 2950/8236/333 2947/8237/333 2944/4723/333
f 2957/4726/334 2946/8238/334 2945/4727/334
f 2945/4727/334 2948/8239/334 2952/4728/334
f 2952/4728/334 2951/8240/334 2957/4726/334
f 2951/8240/334 2956/8241/334 2957/4726/334
f 2956/8241/334 2958/8242/334 2957/4726/334
f 2960/4729/335 2964/8243/335 2961/4730/335
f 2963/4732/336 2966/8244/337 2964/4733/337
f 2963/4735/338 2967/8245/338 2965/4736/338
f 2962/4738/339 2961/8246/339 2965/4739/339
f 2963/4741/340 2960/8247/340 2962/4742/340
f 2964/4744/341 2966/8248/341 2965/4745/341
f 2968/4747/84 2972/8249/84 2969/4748/6
f 2971/4750/342 2974/4754/342 2972/4751/84
f 2973/4753/82 2976/8250/82 2974/4754/343
f 2975/4755/4 2978/4759/4 2976/4756/82
f 2977/4758/88 2980/8251/88 2978/4759/4
f 2979/4760/344 2982/4764/344 2980/4761/88
f 2981/4763/86 2983/8252/86 2982/4764/345
f 2970/4749/6 2969/4748/6 2983/4765/86
f 2970/4768/5 2981/8253/5 2979/8254/5
f 2979/8254/5 2977/8255/5 2970/4768/5
f 2977/8255/5 2975/4769/5 2970/4768/5
f 2975/4769/5 2973/8256/5 2971/8257/5
f 2971/8257/5 2968/4767/5 2975/4769/5
f 2983/4772/3 2969/8258/3 2972/8259/3
f 2972/8259/3 2974/8260/3 2976/4770/3
f 2976/4770/3 2978/8261/3 2980/4771/3
f 2980/4771/3 2982/8262/3 2983/4772/3
f 2983/4772/3 2972/8259/3 2976/4770/3
f 2984/4773/346 2988/8263/347 2985/4774/347
f 2984/4776/348 2990/8264/348 2987/4777/348
f 2989/4779/349 2991/8265/349 2987/4780/349
f 2989/4782/350 2986/8266/350 2985/4783/350
f 2989/4785/351 2990/8267/351 2984/4786/351
f 2985/4788/352 2988/8268/352 2987/4789/352
f 2992/4791/353 2996/8269/353 2993/4792/354
f 2995/4794/355 2998/8270/355 2993/4795/355
f 2997/4797/356 2999/8271/357 2998/4798/357
f 2997/4800/358 2992/8272/358 2994/4801/359
f 2995/4803/360 2996/8273/480 2992/4804/360
f 2994/4806/361 2993/8274/481 2998/4807/361
f 3000/4809/362 3004/8275/362 3001/4810/363
f 3003/4812/364 3006/4816/364 3004/4813/362
f 3003/4812/364 3008/8276/365 3005/4815/365
f 3007/4817/366 3010/4821/366 3005/4818/365
f 3007/4817/366 3011/8277/367 3009/4820/367
f 3011/4822/367 3014/4826/368 3012/4823/368
f 3013/4825/369 3015/8278/369 3012/4823/368
f 3013/4827/369 3002/4811/363 3001/4810/363
f 3002/4830/370 3013/8279/370 3014/8280/370
f 3014/8280/370 3011/8281/370 3002/4830/370
f 3011/8281/370 3007/4831/370 3002/4830/370
f 3007/4831/370 3008/8282/370 3003/8283/370
f 3003/8283/370 3000/4829/370 3007/4831/370
f 3015/4834/371 3001/8284/371 3005/8285/371
f 3001/8284/371 3004/8286/371 3005/8285/371
f 3004/8286/371 3006/8287/371 3005/8285/371
f 3005/8285/371 3010/8288/371 3015/4834/371
f 3010/8288/371 3009/4832/371 3015/4834/371
f 3016/4835/372 3020/8289/372 3017/4836/372
f 3016/4838/373 3022/8290/373 3019/4839/373
f 3021/4841/374 3023/8291/374 3019/4842/374
f 3021/4844/375 3018/8292/375 3017/4845/375
f 3022/4847/376 3016/8293/376 3018/4848/376
f 3017/4850/377 3020/8294/377 3019/4851/377
f 3024/4853/82 3028/8295/82 3025/4854/83
f 3027/4856/343 3030/4860/343 3028/4857/82
f 3029/4859/84 3032/8296/84 3030/4860/342
f 3031/4861/85 3034/4865/85 3032/4862/84
f 3033/4864/86 3036/8297/86 3034/4865/87
f 3035/4866/345 3038/4870/345 3036/4867/86
f 3037/4869/88 3039/8298/88 3038/4870/344
f 3026/4855/89 3025/4854/89 3039/4871/88
f 3026/4874/3 3037/8299/3 3035/8300/3
f 3035/8300/3 3033/8301/3 3026/4874/3
f 3033/8301/3 3031/4875/3 3026/4874/3
f 3031/4875/3 3029/8302/3 3027/8303/3
f 3027/8303/3 3024/4873/3 3031/4875/3
f 3039/4878/5 3025/8304/5 3028/8305/5
f 3028/8305/5 3030/8306/5 3032/4876/5
f 3032/4876/5 3034/8307/5 3036/4877/5
f 3036/4877/5 3038/8308/5 3039/4878/5
f 3039/4878/5 3028/8305/5 3032/4876/5
f 3040/4879/379 3044/8309/379 3041/4880/379
f 3043/4882/380 3046/8310/380 3044/4883/380
f 3045/4885/381 3047/8311/381 3046/4886/381
f 3045/4888/382 3042/8312/382 3041/4889/382
f 3045/4891/383 3043/8313/383 3040/4892/383
f 3044/4894/384 3046/8314/384 3047/4895/384
f 3048/4897/385 3052/8315/385 3049/4898/6
f 3051/4900/386 3054/4904/388 3052/4901/385
f 3053/4903/387 3056/8316/387 3054/4904/388
f 3055/4905/389 3058/4909/389 3056/4906/387
f 3057/4908/390 3060/4911/390 3058/4909/389
f 3059/4910/391 3062/8317/391 3060/4911/390
f 3061/4912/392 3064/4916/394 3062/4913/391
f 3063/4915/393 3065/8318/395 3064/4916/394
f 3050/4899/6 3049/4898/6 3065/4917/395
f 3050/8319/5 3063/8320/5 3048/4921/5
f 3063/8320/5 3061/4919/5 3048/4921/5
f 3061/4919/5 3059/8321/5 3053/4920/5
f 3059/8321/5 3057/8322/5 3053/4920/5
f 3057/8322/5 3055/8323/5 3053/4920/5
f 3053/4920/5 3051/8324/5 3048/4921/5
f 3065/8325/3 3049/8326/3 3052/4922/3
f 3052/4922/3 3054/8327/3 3056/4923/3
f 3056/4923/3 3058/8328/3 3060/4924/3
f 3060/4924/3 3062/8329/3 3052/4922/3
f 3062/8329/3 3064/8330/3 3052/4922/3
f 3064/8330/3 3065/8325/3 3052/4922/3
f 3066/4925/396 3070/8331/396 3067/4926/396
f 3066/4928/397 3071/8332/397 3069/4929/397
f 3071/4931/398 3073/8333/398 3072/4932/399
f 3068/4934/400 3067/8334/400 3072/4935/400
f 3073/4937/401 3071/8335/401 3066/4938/401
f 3067/4940/402 3070/8336/814 3069/4941/402
f 3074/4943/316 3078/8337/316 3075/4944/404
f 3077/4946/405 3080/8338/406 3075/4947/406
f 3079/4949/319 3081/8339/319 3080/4950/319
f 3079/4952/321 3074/8340/321 3076/4953/407
f 3077/4955/408 3078/8341/408 3074/4956/408
f 3076/4958/409 3075/8342/409 3080/4959/409
f 3082/4961/324 3086/8343/325 3083/4962/325
f 3085/4964/327 3088/4968/327 3083/4965/325
f 3085/4964/327 3089/8344/328 3087/4967/328
f 3089/4969/328 3092/4973/329 3090/4970/329
f 3091/4972/330 3094/8345/330 3090/4970/329
f 3091/4974/330 3096/4978/331 3093/4975/331
f 3095/4977/332 3097/8346/332 3093/4975/331
f 3082/4961/324 3084/4963/326 3097/4979/332
f 3082/4982/333 3095/8347/333 3092/4983/333
f 3095/8347/333 3096/8348/333 3092/4983/333
f 3096/8348/333 3091/8349/333 3092/4983/333
f 3092/4983/333 3089/8350/333 3085/8351/513
f 3085/8351/513 3086/4981/333 3092/4983/333
f 3097/4986/334 3084/8352/334 3083/8353/334
f 3083/8353/334 3088/8354/334 3097/4986/334
f 3088/8354/334 3087/8355/334 3097/4986/334
f 3087/8355/334 3090/8356/334 3097/4986/334
f 3090/8356/334 3094/4984/334 3097/4986/334
f 3098/4987/410 3102/8357/410 3099/4988/411
f 3101/4990/412 3104/8358/413 3099/4991/413
f 3101/4993/414 3105/8359/414 3103/4994/415
f 3098/4996/416 3100/8360/417 3103/4997/417
f 3105/4999/418 3101/8361/418 3102/5000/418
f 3100/5002/419 3099/8362/419 3104/5003/419
f 3106/5005/84 3110/8363/84 3107/5006/85
f 3109/5008/342 3112/5012/342 3110/5009/84
f 3111/5011/82 3114/8364/82 3112/5012/343
f 3113/5013/83 3116/5017/83 3114/5014/82
f 3115/5016/88 3118/8365/88 3116/5017/89
f 3117/5018/344 3120/5022/344 3118/5019/88
f 3119/5021/86 3121/8366/86 3120/5022/345
f 3108/5007/87 3107/5006/87 3121/5023/86
f 3108/5026/5 3119/8367/5 3117/8368/5
f 3117/8368/5 3115/8369/5 3108/5026/5
f 3115/8369/5 3113/5027/5 3108/5026/5
f 3113/5027/5 3111/8370/5 3109/8371/5
f 3109/8371/5 3106/5025/5 3113/5027/5
f 3121/5030/3 3107/8372/3 3110/8373/3
f 3110/8373/3 3112/8374/3 3114/5028/3
f 3114/5028/3 3116/8375/3 3118/5029/3
f 3118/5029/3 3120/8376/3 3121/5030/3
f 3121/5030/3 3110/8373/3 3114/5028/3
f 3122/5031/420 3126/8377/421 3123/5032/421
f 3122/5034/422 3127/8378/422 3125/5035/423
f 3127/5037/424 3129/8379/424 3128/5038/424
f 3124/5040/425 3123/8380/426 3128/5041/426
f 3127/5043/314 3122/8381/314 3124/5044/314
f 3126/5046/315 3125/8382/315 3128/5047/315
f 3130/5049/428 3134/8383/430 3131/5050/4
f 3133/5052/429 3136/5056/432 3134/5053/430
f 3135/5055/431 3138/8384/431 3136/5056/432
f 3137/5057/433 3140/5061/433 3138/5058/431
f 3139/5060/434 3142/5063/434 3140/5061/433
f 3141/5062/435 3144/8385/435 3142/5063/434
f 3143/5064/436 3146/5068/438 3144/5065/435
f 3145/5067/437 3147/8386/437 3146/5068/438
f 3132/5051/4 3131/5050/4 3147/5069/437
f 3132/8387/3 3145/8388/3 3130/5073/3
f 3145/8388/3 3143/5071/3 3130/5073/3
f 3143/5071/3 3141/8389/3 3135/5072/3
f 3141/8389/3 3139/8390/3 3135/5072/3
f 3139/8390/3 3137/8391/3 3135/5072/3
f 3135/5072/3 3133/8392/3 3130/5073/3
f 3147/8393/5 3131/8394/5 3134/5074/5
f 3134/5074/5 3136/8395/5 3138/5075/5
f 3138/5075/5 3140/8396/5 3142/5076/5
f 3142/5076/5 3144/8397/5 3134/5074/5
f 3144/8397/5 3146/8398/5 3134/5074/5
f 3146/8398/5 3147/8393/5 3134/5074/5
f 3148/5077/439 3151/8399/439 3149/5078/440
f 3151/5080/441 3154/8400/441 3152/5081/442
f 3153/5083/443 3155/8401/444 3152/5084/444
f 3148/5086/445 3150/8402/446 3155/5087/446
f 3154/5089/447 3151/8403/447 3148/5090/447
f 3150/5092/448 3149/8404/815 3152/5093/448
f 3156/5095/82 3160/8405/82 3157/5096/83
f 3159/5098/343 3162/5102/343 3160/5099/82
f 3161/5101/84 3164/8406/84 3162/5102/342
f 3163/5103/85 3166/5107/85 3164/5104/84
f 3165/5106/86 3168/8407/86 3166/5107/87
f 3167/5108/345 3170/5112/345 3168/5109/86
f 3169/5111/88 3171/8408/88 3170/5112/344
f 3158/5097/89 3157/5096/89 3171/5113/88
f 3158/5116/3 3169/8409/3 3167/8410/3
f 3167/8410/3 3165/8411/3 3158/5116/3
f 3165/8411/3 3163/5117/3 3158/5116/3
f 3163/5117/3 3161/8412/3 3159/8413/3
f 3159/8413/3 3156/5115/3 3163/5117/3
f 3171/5120/5 3157/8414/5 3160/8415/5
f 3160/8415/5 3162/8416/5 3164/5118/5
f 3164/5118/5 3166/8417/5 3168/5119/5
f 3168/5119/5 3170/8418/5 3171/5120/5
f 3171/5120/5 3160/8415/5 3164/5118/5
f 3172/5121/449 3176/8419/450 3173/5122/450
f 3175/5124/451 3178/8420/452 3176/5125/452
f 3177/5127/453 3179/8421/454 3178/5128/454
f 3177/5130/455 3174/8422/455 3173/5131/456
f 3177/5133/351 3175/8423/351 3172/5134/351
f 3173/5136/457 3176/8424/352 3178/5137/457
f 3180/5139/385 3184/8425/385 3181/5140/6
f 3183/5142/386 3186/5146/388 3184/5143/385
f 3185/5145/387 3188/8426/387 3186/5146/388
f 3187/5147/389 3190/5151/389 3188/5148/387
f 3189/5150/390 3192/5153/390 3190/5151/389
f 3191/5152/391 3194/8427/391 3192/5153/390
f 3193/5154/394 3196/5158/394 3194/5155/391
f 3195/5157/395 3197/8428/395 3196/5158/394
f 3182/5141/6 3181/5140/6 3197/5159/395
f 3182/5161/5 3195/8429/5 3193/5162/5
f 3193/5162/5 3191/8430/5 3185/5163/5
f 3191/8430/5 3189/8431/5 3185/5163/5
f 3189/8431/5 3187/8432/5 3185/5163/5
f 3185/5163/5 3183/8433/5 3180/8434/5
f 3180/8434/5 3182/5161/5 3185/5163/5
f 3197/8435/3 3181/8436/3 3196/8437/3
f 3181/8436/3 3184/5164/3 3196/8437/3
f 3184/5164/3 3186/8438/3 3188/5165/3
f 3188/5165/3 3190/8439/3 3192/5166/3
f 3192/5166/3 3194/8440/3 3184/5164/3
f 3194/8440/3 3196/8437/3 3184/5164/3
f 3198/5167/459 3202/8441/460 3199/5168/460
f 3198/5170/461 3204/8442/461 3201/5171/461
f 3203/5173/462 3205/8443/462 3201/5174/462
f 3203/5176/463 3200/8444/463 3199/5177/464
f 3204/5179/383 3198/8445/816 3200/5180/383
f 3199/5182/384 3202/8446/384 3201/5183/384
f 3206/5185/84 3210/8447/84 3207/5186/6
f 3209/5188/342 3212/5192/342 3210/5189/84
f 3211/5191/82 3214/8448/82 3212/5192/343
f 3213/5193/4 3216/5197/4 3214/5194/82
f 3215/5196/89 3218/8449/89 3216/5197/4
f 3217/5198/344 3220/5202/344 3218/5199/344
f 3219/5201/345 3221/8450/345 3220/5202/345
f 3208/5187/6 3207/5186/6 3221/5203/87
f 3208/5207/5 3219/8451/5 3217/8452/5
f 3217/8452/5 3215/8453/5 3213/5205/5
f 3213/5205/5 3211/8454/5 3209/5206/5
f 3209/5206/5 3206/8455/5 3208/5207/5
f 3208/5207/5 3217/8452/5 3213/5205/5
f 3221/5210/3 3207/8456/3 3214/8457/3
f 3207/8456/3 3210/8458/3 3214/8457/3
f 3210/8458/3 3212/8459/3 3214/8457/3
f 3214/8457/3 3216/8460/3 3221/5210/3
f 3216/8460/3 3218/5208/3 3221/5210/3
f 3222/5211/465 3226/8461/466 3223/5212/466
f 3225/5214/467 3228/8462/468 3226/5215/468
f 3225/5217/469 3229/8463/469 3227/5218/470
f 3224/5220/471 3223/8464/472 3227/5221/472
f 3225/5223/401 3222/8465/401 3224/5224/401
f 3226/5226/403 3228/8466/403 3227/5227/403
f 3230/5229/428 3234/8467/428 3231/5230/4
f 3233/5232/429 3236/5236/432 3234/5233/428
f 3235/5235/431 3238/8468/431 3236/5236/432
f 3237/5237/433 3240/5241/433 3238/5238/431
f 3239/5240/434 3242/5243/434 3240/5241/433
f 3241/5242/435 3244/8469/435 3242/5243/434
f 3243/5244/436 3246/5248/438 3244/5245/435
f 3245/5247/437 3247/8470/437 3246/5248/438
f 3232/5231/4 3231/5230/4 3247/5249/437
f 3232/5251/3 3245/8471/3 3243/5252/3
f 3243/5252/3 3241/8472/3 3235/5253/3
f 3241/8472/3 3239/8473/3 3235/5253/3
f 3239/8473/3 3237/8474/3 3235/5253/3
f 3235/5253/3 3233/8475/3 3230/8476/3
f 3230/8476/3 3232/5251/3 3235/5253/3
f 3247/8477/5 3231/8478/5 3246/8479/5
f 3231/8478/5 3234/5254/5 3246/8479/5
f 3234/5254/5 3236/8480/5 3238/5255/5
f 3238/5255/5 3240/8481/5 3242/5256/5
f 3242/5256/5 3244/8482/5 3234/5254/5
f 3244/8482/5 3246/8479/5 3234/5254/5
f 3248/5257/473 3252/8483/473 3249/5258/473
f 3248/5260/474 3254/8484/474 3251/5261/474
f 3253/5263/475 3255/8485/476 3251/5264/476
f 3253/5266/477 3250/8486/477 3249/5267/477
f 3254/5269/418 3248/8487/418 3250/5270/418
f 3252/5272/419 3251/8488/817 3255/5273/419
f 3256/5275/354 3260/8489/354 3257/5276/353
f 3259/5278/478 3262/8490/355 3257/5279/355
f 3261/5281/356 3263/8491/356 3262/5282/356
f 3261/5284/358 3256/8492/818 3258/5285/359
f 3259/5287/480 3260/8493/480 3256/5288/480
f 3258/5290/481 3257/8494/481 3262/5291/481
f 3264/5293/362 3268/8495/482 3265/5294/363
f 3267/5296/364 3270/5300/364 3268/5297/482
f 3267/5296/364 3272/8496/365 3269/5299/365
f 3271/5301/366 3274/5305/483 3269/5302/365
f 3271/5301/366 3275/8497/367 3273/5304/367
f 3275/5306/367 3278/5310/368 3276/5307/368
f 3277/5309/369 3279/8498/369 3276/5307/368
f 3277/5311/369 3266/5295/363 3265/5294/363
f 3266/5313/370 3277/8499/819 3278/5314/370
f 3278/5314/370 3275/8500/370 3271/5315/370
f 3271/5315/370 3272/8501/370 3266/5313/370
f 3272/8501/370 3267/8502/819 3266/5313/370
f 3267/8502/819 3264/8503/370 3266/5313/370
f 3279/8504/371 3265/8505/371 3268/5316/371
f 3268/5316/371 3270/8506/371 3269/5317/371
f 3269/5317/371 3274/8507/371 3273/5318/371
f 3273/5318/371 3276/8508/371 3279/8504/371
f 3279/8504/371 3268/5316/371 3273/5318/371
f 3280/5319/484 3284/8509/485 3281/5320/485
f 3283/5322/486 3286/8510/487 3284/5323/487
f 3283/5325/310 3287/8511/310 3285/5326/310
f 3282/5328/488 3281/8512/488 3285/5329/488
f 3283/5331/314 3280/8513/314 3282/5332/314
f 3284/5334/315 3286/8514/427 3285/5335/315
f 3288/5337/83 3292/8515/83 3289/5338/4
f 3291/5340/343 3294/5344/343 3292/5341/343
f 3293/5343/342 3296/8516/342 3294/5344/342
f 3295/5345/6 3298/5349/6 3296/5346/85
f 3297/5348/87 3300/8517/87 3298/5349/6
f 3299/5350/345 3302/5354/345 3300/5351/345
f 3301/5353/344 3303/8518/344 3302/5354/344
f 3290/5339/4 3289/5338/4 3303/5355/89
f 3290/5359/3 3301/8519/3 3299/8520/3
f 3299/8520/3 3297/8521/3 3295/5357/3
f 3295/5357/3 3293/8522/3 3291/5358/3
f 3291/5358/3 3288/8523/3 3290/5359/3
f 3290/5359/3 3299/8520/3 3295/5357/3
f 3303/5362/5 3289/8524/5 3296/8525/5
f 3289/8524/5 3292/8526/5 3296/8525/5
f 3292/8526/5 3294/8527/5 3296/8525/5
f 3296/8525/5 3298/8528/5 3303/5362/5
f 3298/8528/5 3300/5360/5 3303/5362/5
f 3304/5363/491 3308/8529/492 3305/5364/492
f 3304/5366/493 3310/8530/493 3307/5367/494
f 3309/5369/495 3311/8531/496 3307/5370/496
f 3306/5372/497 3305/8532/498 3311/5373/498
f 3310/5375/340 3304/8533/340 3306/5376/340
f 3308/5378/341 3307/8534/820 3311/5379/341
f 3312/5381/385 3316/8535/385 3313/5382/6
f 3315/5384/386 3318/5388/388 3316/5385/385
f 3317/5387/387 3320/8536/387 3318/5388/388
f 3319/5389/389 3322/5393/389 3320/5390/387
f 3321/5392/390 3324/5395/390 3322/5393/389
f 3323/5394/391 3326/8537/391 3324/5395/390
f 3325/5396/392 3328/5400/394 3326/5397/391
f 3327/5399/395 3329/8538/395 3328/5400/394
f 3314/5383/6 3313/5382/6 3329/5401/395
f 3314/5403/5 3327/8539/5 3325/5404/5
f 3325/5404/5 3323/8540/5 3317/5405/5
f 3323/8540/5 3321/8541/5 3317/5405/5
f 3321/8541/5 3319/8542/5 3317/5405/5
f 3317/5405/5 3315/8543/5 3312/8544/5
f 3312/8544/5 3314/5403/5 3317/5405/5
f 3329/8545/3 3313/8546/3 3328/8547/3
f 3313/8546/3 3316/5406/3 3328/8547/3
f 3316/5406/3 3318/8548/3 3320/5407/3
f 3320/5407/3 3322/8549/3 3324/5408/3
f 3324/5408/3 3326/8550/3 3316/5406/3
f 3326/8550/3 3328/8547/3 3316/5406/3
f 3330/5409/499 3334/8551/500 3331/5410/500
f 3333/5412/501 3336/8552/502 3334/5413/502
f 3333/5415/503 3337/8553/503 3335/5416/503
f 3332/5418/504 3331/8554/505 3335/5419/505
f 3337/5421/447 3333/8555/447 3330/5422/447
f 3334/5424/506 3336/8556/448 3335/5425/506
f 3338/5427/316 3342/8557/316 3339/5428/404
f 3341/5430/405 3344/8558/406 3339/5431/406
f 3343/5433/319 3345/8559/319 3344/5434/319
f 3343/5436/508 3338/8560/508 3340/5437/407
f 3341/5439/322 3342/8561/322 3338/5440/322
f 3340/5442/323 3339/8562/409 3344/5443/323
f 3346/5445/325 3350/8563/325 3347/5446/324
f 3346/5448/325 3352/5452/327 3349/5449/327
f 3351/5451/511 3354/8564/328 3349/5449/327
f 3353/5453/329 3356/5457/329 3354/5454/328
f 3353/5453/329 3358/8565/330 3355/5456/330
f 3357/5458/331 3360/5462/331 3355/5459/330
f 3357/5458/331 3361/8566/512 3359/5461/332
f 3361/5463/512 3348/5447/510 3347/5446/324
f 3348/5467/333 3361/8567/333 3357/8568/514
f 3357/8568/514 3358/8569/333 3348/5467/333
f 3358/8569/333 3353/8570/333 3348/5467/333
f 3353/8570/333 3351/8571/333 3348/5467/333
f 3351/8571/333 3352/5465/513 3348/5467/333
f 3359/5469/334 3347/8572/334 3354/5470/334
f 3347/8572/334 3350/8573/334 3354/5470/334
f 3350/8573/334 3349/8574/334 3354/5470/334
f 3354/5470/334 3356/8575/334 3355/8576/334
f 3355/8576/334 3360/5468/334 3354/5470/334
f 3362/5471/515 3366/8577/516 3363/5472/516
f 3362/5474/517 3368/8578/517 3365/5475/518
f 3367/5477/519 3369/8579/520 3365/5478/520
f 3367/5480/521 3364/8580/521 3363/5481/522
f 3368/5483/523 3362/8581/376 3364/5484/523
f 3363/5486/377 3366/8582/378 3365/5487/377
f 3370/5489/428 3374/8583/430 3371/5490/4
f 3373/5492/429 3376/5496/432 3374/5493/430
f 3375/5495/431 3378/8584/431 3376/5496/432
f 3377/5497/433 3380/5501/433 3378/5498/431
f 3379/5500/434 3382/5503/434 3380/5501/433
f 3381/5502/435 3384/8585/435 3382/5503/434
f 3383/5504/436 3386/5508/438 3384/5505/435
f 3385/5507/437 3387/8586/437 3386/5508/438
f 3372/5491/4 3371/5490/4 3387/5509/437
f 3372/8587/3 3385/8588/3 3370/5513/3
f 3385/8588/3 3383/8589/3 3370/5513/3
f 3383/8589/3 3381/8590/3 3379/5511/3
f 3379/5511/3 3377/8591/3 3375/5512/3
f 3375/5512/3 3373/8592/3 3370/5513/3
f 3383/8589/3 3379/5511/3 3370/5513/3
f 3387/5514/5 3371/8593/5 3374/5515/5
f 3374/5515/5 3376/8594/5 3378/8595/5
f 3378/8595/5 3380/8596/5 3374/5515/5
f 3380/8596/5 3382/5516/5 3374/5515/5
f 3382/5516/5 3384/8597/5 3386/8598/5
f 3386/8598/5 3387/5514/5 3382/5516/5
f 3388/5517/524 3392/8599/524 3389/5518/524
f 3391/5520/525 3394/8600/526 3392/5521/526
f 3393/5523/527 3395/8601/528 3394/5524/528
f 3393/5526/529 3390/8602/529 3389/5527/530
f 3391/5529/531 3388/8603/531 3390/5530/531
f 3389/5532/532 3392/8604/532 3394/5533/532
f 3396/5535/83 3400/8605/83 3397/5536/4
f 3399/5538/1 3402/5542/1 3400/5539/343
f 3401/5541/342 3404/8606/342 3402/5542/1
f 3403/5543/6 3406/5547/6 3404/5544/85
f 3405/5546/87 3408/8607/87 3406/5547/6
f 3407/5548/2 3410/5552/2 3408/5549/345
f 3409/5551/344 3411/8608/344 3410/5552/2
f 3398/5537/4 3397/5536/4 3411/5553/89
f 3398/5557/3 3409/8609/3 3407/8610/3
f 3407/8610/3 3405/8611/3 3403/5555/3
f 3403/5555/3 3401/8612/3 3399/5556/3
f 3399/5556/3 3396/8613/3 3398/5557/3
f 3398/5557/3 3407/8610/3 3403/5555/3
f 3411/5559/5 3397/8614/5 3400/8615/5
f 3400/8615/5 3402/8616/5 3411/5559/5
f 3402/8616/5 3404/5560/5 3411/5559/5
f 3404/5560/5 3406/8617/5 3408/8618/5
f 3408/8618/5 3410/5558/5 3404/5560/5
f 3412/5561/534 3416/8619/534 3413/5562/534
f 3415/5564/535 3418/8620/536 3413/5565/536
f 3417/5567/537 3419/8621/537 3418/5568/537
f 3417/5570/538 3412/8622/538 3414/5571/538
f 3417/5573/539 3415/8623/539 3416/5574/539
f 3414/5576/540 3413/8624/540 3418/5577/540
f 3420/5579/83 3424/8625/83 3421/5580/4
f 3423/5582/1 3426/5586/1 3424/5583/343
f 3425/5585/342 3428/8626/342 3426/5586/1
f 3427/5587/6 3430/5591/6 3428/5588/85
f 3429/5590/87 3432/8627/87 3430/5591/6
f 3431/5592/2 3434/5596/2 3432/5593/345
f 3433/5595/344 3435/8628/344 3434/5596/2
f 3422/5581/4 3421/5580/4 3435/5597/89
f 3422/5601/3 3433/8629/3 3431/8630/3
f 3431/8630/3 3429/8631/3 3427/5599/3
f 3427/5599/3 3425/8632/3 3423/5600/3
f 3423/5600/3 3420/8633/3 3422/5601/3
f 3422/5601/3 3431/8630/3 3427/5599/3
f 3435/5603/5 3421/8634/5 3424/8635/5
f 3424/8635/5 3426/8636/5 3435/5603/5
f 3426/8636/5 3428/5604/5 3435/5603/5
f 3428/5604/5 3430/8637/5 3432/8638/5
f 3432/8638/5 3434/5602/5 3428/5604/5
f 3436/5605/542 3440/8639/543 3437/5606/543
f 3436/5608/544 3441/8640/544 3439/5609/544
f 3441/5611/545 3443/8641/545 3442/5612/545
f 3443/5614/546 3438/8642/546 3437/5615/547
f 3443/5617/548 3441/8643/548 3436/5618/548
f 3440/5620/549 3439/8644/549 3442/5621/549
f 3444/5623/83 3448/8645/83 3445/5624/4
f 3447/5626/1 3450/5630/1 3448/5627/343
f 3449/5629/342 3452/8646/342 3450/5630/1
f 3451/5631/6 3454/5635/6 3452/5632/85
f 3453/5634/87 3456/8647/87 3454/5635/6
f 3455/5636/2 3458/5640/2 3456/5637/345
f 3457/5639/344 3459/8648/344 3458/5640/2
f 3446/5625/4 3445/5624/4 3459/5641/89
f 3446/5645/3 3457/8649/3 3455/8650/3
f 3455/8650/3 3453/8651/3 3451/5643/3
f 3451/5643/3 3449/8652/3 3447/5644/3
f 3447/5644/3 3444/8653/3 3446/5645/3
f 3446/5645/3 3455/8650/3 3451/5643/3
f 3459/5647/5 3445/8654/5 3448/8655/5
f 3448/8655/5 3450/8656/5 3459/5647/5
f 3450/8656/5 3452/5648/5 3459/5647/5
f 3452/5648/5 3454/8657/5 3456/8658/5
f 3456/8658/5 3458/5646/5 3452/5648/5
f 3748/5951/726 3891/8659/821 3749/5952/727
f 3751/5954/729 3892/8660/822 3752/5955/730
f 3754/5957/732 3893/8661/823 3755/5958/733
f 3757/5960/735 3894/8662/824 3758/5961/736
f 3760/5963/738 3895/8663/825 3761/5964/739
f 3763/5966/741 3896/8664/826 3764/5967/742
f 3766/5969/744 3897/8665/827 3767/5970/745
f 3769/5972/747 3898/8666/828 3770/5973/748
f 3772/5975/750 3899/8667/829 3773/5976/751
f 3775/5978/753 3900/8668/830 3776/5979/754
f 3778/5981/756 3901/8669/831 3779/5982/757
f 3781/5984/759 3902/8670/832 3782/5985/760
f 3784/5987/762 3903/8671/833 3785/5988/763
f 3787/5990/765 3904/8672/834 3788/5991/766
f 3790/5993/768 3905/8673/835 3791/5994/769
f 3793/5996/771 3906/8674/836 3794/5997/772
f 3796/5999/774 3800/8675/774 3797/6000/5
f 3799/6002/775 3802/6006/775 3800/6003/774
f 3801/6005/776 3804/6008/776 3802/6006/775
f 3803/6007/777 3806/8676/777 3804/6008/776
f 3805/6009/3 3808/6013/3 3806/6010/777
f 3807/6012/778 3810/8677/778 3808/6013/3
f 3809/6014/779 3812/6018/779 3810/6015/778
f 3811/6017/780 3814/6020/780 3812/6018/779
f 3813/6019/781 3815/8678/781 3814/6020/780
f 3798/6001/5 3797/6000/5 3815/6021/781
f 3798/8679/4 3813/8680/4 3807/6023/4
f 3813/8680/4 3811/8681/4 3807/6023/4
f 3811/8681/4 3809/8682/4 3807/6023/4
f 3807/6023/4 3805/8683/4 3803/6024/4
f 3803/6024/4 3801/8684/4 3799/6025/4
f 3799/6025/4 3796/8685/4 3807/6023/4
f 3796/8685/4 3798/8679/4 3807/6023/4
f 3815/8686/6 3797/8687/6 3800/6026/6
f 3800/6026/6 3802/8688/6 3804/6027/6
f 3804/6027/6 3806/8689/6 3812/6028/6
f 3806/8689/6 3808/8690/6 3812/6028/6
f 3808/8690/6 3810/8691/6 3812/6028/6
f 3812/6028/6 3814/8692/6 3815/8686/6
f 3815/8686/6 3800/6026/6 3812/6028/6
f 3816/6029/6 3907/8693/6 3817/6030/6
f 3819/6032/6 3821/6034/6 3816/6029/6
f 3820/6033/6 3823/6036/6 3821/6034/6
f 3822/6035/6 3908/8694/6 3823/6036/6
f 3824/6037/6 3828/6041/6 3825/6038/6
f 3827/6040/6 3909/8695/6 3828/6041/6
f 3829/6042/6 3909/8695/6 3827/6040/6
f 3831/6044/6 3829/6042/6 3830/6043/6
f 3833/6046/774 3837/8696/774 3834/6047/5
f 3836/6049/775 3839/6053/775 3837/6050/774
f 3838/6052/776 3841/6055/776 3839/6053/775
f 3840/6054/777 3843/8697/777 3841/6055/776
f 3842/6056/3 3845/6060/3 3843/6057/777
f 3844/6059/778 3847/8698/778 3845/6060/3
f 3846/6061/779 3849/6065/779 3847/6062/778
f 3848/6064/780 3851/6067/780 3849/6065/779
f 3850/6066/781 3852/8699/781 3851/6067/780
f 3835/6048/5 3834/6047/5 3852/6068/781
f 3835/8700/4 3850/8701/4 3844/6070/4
f 3850/8701/4 3848/8702/4 3844/6070/4
f 3848/8702/4 3846/8703/4 3844/6070/4
f 3844/6070/4 3842/8704/4 3840/6071/4
f 3840/6071/4 3838/8705/4 3836/6072/4
f 3836/6072/4 3833/8706/4 3844/6070/4
f 3833/8706/4 3835/8700/4 3844/6070/4
f 3852/8707/6 3834/8708/6 3837/6073/6
f 3837/6073/6 3839/8709/6 3841/6074/6
f 3841/6074/6 3843/8710/6 3849/6075/6
f 3843/8710/6 3845/8711/6 3849/6075/6
f 3845/8711/6 3847/8712/6 3849/6075/6
f 3849/6075/6 3851/8713/6 3852/8707/6
f 3852/8707/6 3837/6073/6 3849/6075/6
f 3853/6076/6 3910/8714/6 3854/6077/6
f 3856/6079/6 3858/6081/6 3853/6076/6
f 3857/6080/6 3860/6083/6 3858/6081/6
f 3859/6082/6 3911/8715/6 3860/6083/6
f 3861/6084/6 3865/6088/6 3862/6085/6
f 3864/6087/6 3912/8716/6 3865/6088/6
f 3866/6089/6 3912/8716/6 3864/6087/6
f 3868/6091/6 3866/6089/6 3867/6090/6
f 3870/6093/782 3873/8717/783 3871/6094/783
f 3873/6096/783 3876/6100/784 3874/6097/784
f 3875/6099/785 3878/6102/785 3874/6097/784
f 3877/6101/786 3880/8718/786 3878/6102/785
f 3879/6103/787 3882/6107/787 3880/6104/786
f 3879/6103/787 3883/8719/788 3881/6106/788
f 3883/6108/788 3886/6112/789 3884/6109/789
f 3885/6111/790 3888/6114/790 3884/6109/789
f 3887/6113/791 3889/8720/791 3888/6114/790
f 3870/6093/782 3872/6095/782 3889/6115/791
f 3870/6119/1 3887/8721/1 3883/8722/1
f 3887/8721/1 3885/8723/1 3883/8722/1
f 3885/8723/1 3886/8724/1 3883/8722/1
f 3883/8722/1 3879/8725/1 3877/6117/1
f 3877/6117/1 3875/8726/1 3876/6118/1
f 3876/6118/1 3873/8727/1 3870/6119/1
f 3883/8722/1 3877/6117/1 3870/6119/1
f 3889/6122/2 3872/8728/2 3871/8729/2
f 3871/8729/2 3874/8730/2 3878/8731/2
f 3878/8731/2 3880/8732/2 3882/6120/2
f 3882/6120/2 3881/8733/2 3884/6121/2
f 3884/6121/2 3888/8734/2 3889/6122/2
f 3889/6122/2 3871/8729/2 3878/8731/2
f 3878/8731/2 3882/6120/2 3889/6122/2
