# JIB VI - the hull_white parts, as a standalone mesh.
#
# One file per material rather than one library addressed with `#group`:
# selecting a group recentres it on its own bounding box, which takes a
# model apart when the library IS one model. A whole-file import keeps
# the authored coordinates. See loom_asset/src/mesh.rs:268.
v 6.932911 0.304198 0.000000
v 7.150064 0.649211 -0.001171
v 7.223142 0.677754 0.000000
v 7.466753 1.033758 -0.002416
v 7.539840 1.061375 0.000000
v 7.772220 1.379617 -0.004082
v 7.845317 1.406214 0.000000
v 8.065412 1.686788 -0.006170
v 8.138518 1.712269 0.000000
v 8.344991 1.955272 -0.008679
v 8.418107 1.979542 0.000000
v 8.580673 2.161445 -0.011264
v 8.653797 2.184560 0.000000
v 8.802554 2.337051 -0.014182
v 8.875685 2.358934 0.000000
v 8.983542 2.465630 -0.017008
v 9.056678 2.486375 0.000000
v 9.127066 2.557213 -0.019634
v 9.200206 2.576936 0.000000
v 9.236761 2.620398 -0.021966
v 9.309906 2.639238 0.000000
v 9.316509 2.662348 -0.023924
v 9.389655 2.680460 0.000000
v 9.387035 2.696657 -0.025966
v 9.460184 2.714022 0.000000
v 9.431465 2.717373 -0.027553
v 9.504615 2.734165 0.000000
v 9.461848 2.733790 -0.029186
v 9.535000 2.750000 0.000000
v 6.663824 -0.060000 0.000000
v 6.859842 0.274913 -0.000419
v 7.044083 0.591643 -0.003619
v 7.360636 0.978178 -0.007335
v 7.665973 1.326199 -0.012262
v 7.959039 1.635706 -0.018399
v 8.238500 1.906700 -0.025747
v 8.474082 2.115252 -0.033294
v 8.695868 2.293373 -0.041798
v 8.876779 2.424267 -0.050023
v 9.020240 2.517918 -0.057656
v 9.129889 2.582885 -0.064427
v 9.209603 2.626300 -0.070113
v 9.280099 2.662107 -0.076039
v 9.324510 2.683970 -0.080640
v 9.354880 2.701554 -0.085375
v 6.612360 -0.060000 0.000047
v 6.753984 0.215725 -0.001331
v 6.922972 0.507651 -0.007695
v 7.238991 0.896933 -0.015253
v 7.543813 1.247989 -0.025134
v 7.836385 1.560819 -0.037340
v 8.115375 1.835423 -0.051871
v 8.350560 2.047424 -0.066738
v 8.571972 2.229222 -0.083442
v 8.752578 2.363520 -0.099564
v 8.895798 2.460227 -0.114503
v 9.005262 2.527838 -0.127741
v 9.084842 2.573432 -0.138848
v 9.155218 2.611476 -0.150414
v 9.199554 2.635053 -0.159390
v 9.229874 2.654383 -0.168624
v 6.550331 -0.060000 -0.000314
v 6.633362 0.129531 -0.002929
v 6.794194 0.404560 -0.013773
v 7.108898 0.796634 -0.026679
v 7.412451 1.150944 -0.043299
v 7.703805 1.467490 -0.063634
v 7.981634 1.746273 -0.087684
v 8.215839 1.962377 -0.112179
v 8.436331 2.148643 -0.139610
v 8.616184 2.287150 -0.166019
v 8.758808 2.387687 -0.190444
v 8.867817 2.458647 -0.212059
v 8.947065 2.507024 -0.230177
v 9.017149 2.547940 -0.249029
v 9.061300 2.573733 -0.263649
v 9.091494 2.595329 -0.278681
v 6.493564 -0.060000 -0.001314
v 6.505790 0.024348 -0.005419
v 6.975639 0.695818 -0.040609
v 7.276743 1.052485 -0.065104
v 7.565746 1.372040 -0.094827
v 7.841332 1.654484 -0.129779
v 8.073647 1.874390 -0.165235
v 8.292359 2.064974 -0.204823
v 8.470761 2.207681 -0.242851
v 8.612234 2.312133 -0.277964
v 8.720364 2.386577 -0.308999
v 8.798971 2.437885 -0.334990
v 8.868490 2.481862 -0.362013
v 8.912286 2.510035 -0.382958
v 8.942235 2.534084 -0.404484
v 6.663476 0.302041 -0.021343
v 6.843681 0.627068 -0.051357
v 7.140714 0.985013 -0.081831
v 7.425810 1.306326 -0.118652
v 7.697671 1.591007 -0.161818
v 7.926847 1.813305 -0.205515
v 8.142601 2.006659 -0.254226
v 8.318592 2.152102 -0.300961
v 8.458152 2.259129 -0.344075
v 8.564819 2.335881 -0.382158
v 8.642365 2.389143 -0.414034
v 8.710944 2.435169 -0.447164
v 8.754147 2.464940 -0.472834
v 8.783692 2.490641 -0.499209
v 6.391434 -0.060000 -0.009128
v 6.535737 0.232491 -0.027228
v 6.716829 0.551270 -0.063950
v 7.007760 0.910500 -0.101353
v 7.287000 1.233628 -0.146369
v 7.553276 1.520654 -0.198999
v 7.777743 1.745479 -0.252173
v 7.989066 1.941779 -0.311362
v 8.161441 2.090142 -0.368087
v 8.298135 2.199928 -0.420375
v 8.402611 2.279159 -0.466533
v 8.478563 2.334521 -0.505151
v 8.545733 2.382751 -0.545272
v 8.588049 2.414244 -0.576351
v 8.616987 2.441726 -0.608275
v 6.318158 -0.060000 -0.014321
v 6.415211 0.155937 -0.034160
v 6.598184 0.469800 -0.078521
v 6.880636 0.830009 -0.123794
v 7.151737 1.154779 -0.178070
v 7.410252 1.444110 -0.241350
v 7.628177 1.671541 -0.305156
v 7.833341 1.870971 -0.376076
v 8.000692 2.022503 -0.443967
v 8.133401 2.135324 -0.506493
v 8.234833 2.217309 -0.561655
v 8.308571 2.275022 -0.607785
v 8.373783 2.325735 -0.655694
v 8.414865 2.359176 -0.692792
v 8.442961 2.388679 -0.730891
v 6.257240 -0.060000 -0.021878
v 6.305357 0.074151 -0.042251
v 6.490038 0.384351 -0.095352
v 6.761383 0.744844 -0.149445
v 7.021822 1.070802 -0.214002
v 7.270172 1.362224 -0.289024
v 7.479527 1.592273 -0.364495
v 7.676622 1.795035 -0.448235
v 7.837392 1.950067 -0.528289
v 7.964883 2.066324 -0.601946
v 8.062325 2.151480 -0.666880
v 8.133164 2.211930 -0.721152
v 8.195812 2.265558 -0.777491
v 8.235279 2.301302 -0.821102
v 8.262269 2.333209 -0.865876
v 6.209553 -0.060000 -0.032542
v 6.208726 -0.010678 -0.051723
v 6.651246 0.656572 -0.178860
v 6.898378 0.982932 -0.254679
v 7.134037 1.276026 -0.342418
v 7.332695 1.508629 -0.430415
v 7.519720 1.714948 -0.527829
v 7.672275 1.873916 -0.620792
v 7.793252 1.994159 -0.706214
v 7.885715 2.083067 -0.781445
v 7.952934 2.146801 -0.844279
v 8.012381 2.203964 -0.909467
v 8.049831 2.242525 -0.959904
v 6.393765 0.296947 -0.114960
v 6.550608 0.584095 -0.205970
v 6.781796 0.909978 -0.291668
v 7.002251 1.203963 -0.390417
v 7.188091 1.438504 -0.489149
v 7.363050 1.647841 -0.598193
v 7.505762 1.810336 -0.702065
v 7.618933 1.934259 -0.797382
v 7.705431 2.026698 -0.881244
v 7.768313 2.093561 -0.951233
v 7.823925 2.154123 -1.023800
v 7.858959 2.195409 -1.079917
v 8.075442 2.277389 -1.011664
v 6.150701 -0.060000 -0.067079
v 6.309741 0.226313 -0.133323
v 6.458950 0.517835 -0.233249
v 6.671710 0.842692 -0.328678
v 6.874593 1.137096 -0.438208
v 7.045620 1.373223 -0.547406
v 7.206633 1.585289 -0.667746
v 7.337970 1.751109 -0.782183
v 7.442121 1.878579 -0.887062
v 7.521724 1.974464 -0.979248
v 7.579594 2.044405 -1.056131
v 7.630773 2.108331 -1.135799
v 7.663014 2.152328 -1.197378
v 7.882917 2.233151 -1.137485
v 6.125117 -0.060000 -0.087821
v 6.237281 0.162526 -0.151922
v 6.374840 0.449590 -0.263694
v 6.566993 0.772915 -0.369670
v 6.750225 1.067446 -0.490790
v 6.904687 1.305079 -0.611166
v 7.050105 1.519963 -0.743506
v 7.168721 1.689324 -0.869118
v 7.262784 1.820628 -0.984077
v 7.334676 1.920272 -1.085018
v 7.386941 1.993589 -1.169136
v 7.433163 2.061218 -1.256244
v 7.462282 2.108208 -1.323539
v 7.685063 2.192942 -1.260523
v 6.103460 -0.060000 -0.110789
v 6.174642 0.097474 -0.172860
v 6.295976 0.379277 -0.297492
v 6.465788 0.700635 -0.414687
v 6.627717 0.995071 -0.547977
v 6.764222 1.234192 -0.679967
v 6.892732 1.452041 -0.824674
v 6.997558 1.625211 -0.961724
v 7.080685 1.760680 -1.086944
v 7.144219 1.864431 -1.196759
v 7.190408 1.941449 -1.288187
v 7.231256 2.013149 -1.382794
v 7.256989 2.063435 -1.455836
v 7.482195 2.151999 -1.392516
v 6.087785 -0.060000 -0.139023
v 6.119053 0.030998 -0.196391
v 6.219254 0.306754 -0.334956
v 6.365574 0.625796 -0.463881
v 6.505101 0.919999 -0.609658
v 6.622721 1.160660 -0.753386
v 6.733452 1.381696 -0.910429
v 6.823776 1.559002 -1.058765
v 6.895402 1.699019 -1.194025
v 6.950147 1.807267 -1.312463
v 6.989946 1.888346 -1.410959
v 7.025142 1.964518 -1.512783
v 7.047316 2.018427 -1.591336
v 7.274587 2.110729 -1.530665
v 6.073923 -0.060000 -0.173698
v 6.066808 -0.037128 -0.222885
v 6.263271 0.548287 -0.517517
v 6.379955 0.842214 -0.675810
v 6.478319 1.084554 -0.831036
v 6.570922 1.309079 -0.999931
v 6.646459 1.490923 -1.158927
v 6.706359 1.635934 -1.303538
v 6.752141 1.749121 -1.429920
v 6.785425 1.834660 -1.534870
v 6.814859 1.915745 -1.643237
v 6.833402 1.973636 -1.726755
v 7.062479 2.069577 -1.671762
v 6.140905 0.231812 -0.376524
v 6.155387 0.474414 -0.571170
v 6.249526 0.768140 -0.740746
v 6.328884 1.012228 -0.906018
v 6.403595 1.240316 -1.084972
v 6.464536 1.426768 -1.252782
v 6.512863 1.576833 -1.404957
v 6.549799 1.695012 -1.537649
v 6.576652 1.785055 -1.647651
v 6.600399 1.871098 -1.761073
v 6.615359 1.933005 -1.848385
v 6.846083 2.029022 -1.812194
v 6.030957 -0.060000 -0.268561
v 6.056664 0.160438 -0.418912
v 6.038209 0.415099 -0.616789
v 6.110877 0.708690 -0.795147
v 6.172135 0.954283 -0.968002
v 6.229806 1.185404 -1.154331
v 6.276848 1.375764 -1.328421
v 6.314152 1.530110 -1.485851
v 6.342664 1.652513 -1.622833
v 6.363392 1.746366 -1.736207
v 6.381723 1.836600 -1.852950
v 6.393271 1.901901 -1.942717
v 6.625590 1.992662 -1.937621
v 5.988570 -0.060000 -0.327078
v 5.962004 0.103192 -0.455484
v 5.908041 0.352964 -0.667264
v 5.961083 0.646401 -0.854696
v 6.005797 0.893629 -1.035186
v 6.047893 1.128051 -1.228741
v 6.082230 1.322667 -1.408820
v 6.109459 1.481677 -1.571136
v 6.130270 1.608683 -1.712013
v 6.145400 1.706687 -1.828389
v 6.158781 1.801489 -1.948033
v 6.167210 1.870490 -2.039909
v 6.401168 1.965168 -2.034380
v 5.922597 -0.060000 -0.381065
v 5.852417 0.043320 -0.496368
v 5.761485 0.288736 -0.722158
v 5.797455 0.581985 -0.918828
v 5.827777 0.830941 -1.106874
v 5.856324 1.068878 -1.307370
v 5.879609 1.268034 -1.493018
v 5.898074 1.432023 -1.659731
v 5.912188 1.563946 -1.804008
v 5.922448 1.666385 -1.922932
v 5.931521 1.766069 -2.044967
v 5.937237 1.839024 -2.138537
v 6.172974 1.937690 -2.133622
v 5.833970 -0.060000 -0.444779
v 5.723764 -0.018459 -0.541245
v 5.617807 0.516239 -0.986748
v 5.636379 0.766980 -1.182142
v 5.653862 1.008581 -1.389160
v 5.668124 1.212486 -1.579835
v 5.679433 1.381692 -1.750353
v 5.688077 1.518771 -1.897447
v 5.694362 1.625863 -2.018390
v 5.699919 1.730671 -2.142240
v 5.703420 1.807778 -2.237034
v 5.941146 1.910430 -2.233857
v 5.595777 0.223233 -0.780822
v 5.420768 0.450051 -1.057404
v 5.430544 0.702585 -1.259803
v 5.439747 0.947930 -1.472794
v 5.447255 1.156710 -1.667851
v 5.453208 1.331284 -1.841496
v 5.457758 1.473673 -1.990753
v 5.461066 1.585563 -2.113137
v 5.463991 1.695655 -2.238169
v 5.465834 1.777045 -2.333681
v 5.705814 1.883599 -2.333462
v 5.400428 -0.060000 -0.695197
v 5.574296 -0.060000 -0.602300
v 5.409171 0.157358 -0.842367
v 5.206128 0.384395 -1.129465
v 5.210131 0.638685 -1.338387
v 5.213899 0.887775 -1.556685
v 5.216973 1.101463 -1.755387
v 5.219410 1.281457 -1.931416
v 5.221273 1.429217 -2.082135
v 5.222628 1.545963 -2.205348
v 5.223826 1.661409 -2.330904
v 5.224580 1.747141 -2.426609
v 5.467094 1.857424 -2.430682
v 5.198859 -0.060000 -0.795692
v 5.201379 0.092105 -0.905634
v 4.975235 0.320337 -1.201297
v 4.976223 0.576291 -1.416123
v 4.977154 0.829040 -1.638953
v 4.977914 1.047568 -1.840494
v 4.978516 1.232926 -2.018120
v 4.978976 1.386014 -2.169581
v 4.979311 1.507583 -2.293000
v 4.979607 1.628352 -2.418421
v 4.979793 1.718403 -2.513799
v 5.225096 1.832142 -2.523633
v 4.973698 -0.060000 -0.901344
v 4.974062 0.028561 -0.969183
v 4.731432 0.258934 -1.271068
v 4.731481 0.516405 -1.491042
v 4.731525 0.772644 -1.717531
v 4.731562 0.995840 -1.921052
v 4.731591 1.186400 -2.099467
v 4.731614 1.344670 -2.250946
v 4.731630 1.470939 -2.373960
v 4.731644 1.596900 -2.498603
v 4.731653 1.691168 -2.593154
v 4.979920 1.808003 -2.610303
v 4.731370 -0.060000 -1.008988
v 4.480401 0.198445 -1.340149
v 4.480401 0.457343 -1.564505
v 4.480401 0.717044 -1.793709
v 4.480401 0.944941 -1.998239
v 4.480401 1.140772 -2.176504
v 4.480401 1.304309 -2.327142
v 4.480401 1.435364 -2.449015
v 4.480401 1.566621 -2.572101
v 4.480401 1.665195 -2.665210
v 4.731659 1.785263 -2.688621
v 4.480401 -0.060000 -1.120346
v 4.731376 -0.032196 -1.031382
v 4.226226 0.138375 -1.409370
v 4.226226 0.398637 -1.637421
v 4.226226 0.661820 -1.868466
v 4.226226 0.894502 -2.073086
v 4.226226 1.095724 -2.250298
v 4.226226 1.264664 -2.399261
v 4.226226 1.400638 -2.519273
v 4.226226 1.537343 -2.640034
v 4.226226 1.640351 -2.731096
v 4.480401 1.763882 -2.759001
v 4.226226 -0.060000 -1.235841
v 3.969210 0.079523 -1.478260
v 3.969210 0.341074 -1.709395
v 3.969210 0.607697 -1.941520
v 3.969210 0.845153 -2.145441
v 3.969210 1.051777 -2.320833
v 3.969210 1.226143 -2.467418
v 3.969210 1.367063 -2.584965
v 3.969210 1.509250 -2.702759
v 3.969210 1.616723 -2.791267
v 4.226226 1.743769 -2.822578
v 3.969210 -0.060000 -1.353504
v 3.709425 0.022713 -1.546304
v 3.709425 0.285468 -1.779994
v 3.709425 0.555425 -2.012563
v 3.709425 0.797546 -2.215142
v 3.709425 1.009467 -2.388098
v 3.709425 1.189162 -2.531746
v 3.709425 1.334945 -2.646349
v 3.709425 1.482528 -2.760673
v 3.709425 1.594396 -2.846231
v 3.969210 1.724908 -2.879914
v 3.709425 -0.060000 -1.471146
v 3.446939 -0.031213 -1.612959
v 3.446939 0.232648 -1.848764
v 3.446939 0.505769 -2.081278
v 3.446939 0.752346 -2.282027
v 3.446939 0.969340 -2.452093
v 3.446939 1.154147 -2.592400
v 3.446939 1.304597 -2.703720
v 3.446939 1.457362 -2.814217
v 3.446939 1.573455 -2.896550
v 3.709425 1.707278 -2.931633
v 3.446939 -0.060000 -1.586518
v 3.181814 0.183462 -1.915243
v 3.181814 0.459511 -2.147346
v 3.181814 0.710232 -2.345946
v 3.181814 0.931953 -2.512839
v 3.181814 1.121529 -2.649565
v 3.181814 1.276336 -2.757406
v 3.181814 1.433941 -2.863879
v 3.181814 1.553980 -2.942835
v 3.446939 1.690850 -2.978420
v 3.181814 -0.060000 -1.697447
v 2.914110 0.138769 -1.978970
v 2.914110 0.417443 -2.210459
v 2.914110 0.671892 -2.406764
v 2.914110 0.897871 -2.570383
v 2.914110 1.091744 -2.703460
v 2.914110 1.250479 -2.807778
v 2.914110 1.412448 -2.910193
v 2.914110 1.536046 -2.985754
v 3.181814 1.675592 -3.021022
v 2.914110 -0.060000 -1.801961
v 2.643885 0.099211 -2.039389
v 2.643885 0.380198 -2.269957
v 2.643885 0.637938 -2.463722
v 2.643885 0.867681 -2.623878
v 2.643885 1.065355 -2.753160
v 2.643885 1.227566 -2.853850
v 2.643885 1.393397 -2.952107
v 2.643885 1.520145 -3.024203
v 2.914110 1.661463 -3.060244
v 2.643885 -0.060000 -1.898590
v 2.371192 0.064456 -2.096091
v 2.371192 0.347501 -2.325186
v 2.371192 0.608191 -2.515919
v 2.371192 0.841315 -2.672181
v 2.371192 1.042409 -2.797305
v 2.371192 1.207750 -2.894071
v 2.371192 1.377061 -2.987872
v 2.371192 1.506649 -3.056278
v 2.643885 1.648930 -3.094931
v 2.371192 -0.060000 -1.987096
v 2.096081 0.033912 -2.148981
v 2.096081 0.318763 -2.376200
v 2.096081 0.582072 -2.563569
v 2.096081 0.818213 -2.715667
v 2.096081 1.022363 -2.836418
v 2.096081 1.190506 -2.929094
v 2.096081 1.362934 -3.018281
v 2.096081 1.495068 -3.082882
v 2.371192 1.638470 -3.123017
v 2.096081 -0.060000 -2.067693
v 1.818602 0.006949 -2.198028
v 1.818602 0.293360 -2.423123
v 1.818602 0.558969 -2.606961
v 1.818602 0.797776 -2.754790
v 1.818602 1.004639 -2.871108
v 1.818602 1.175271 -2.959664
v 1.818602 1.484878 -3.105015
v 1.818602 1.621852 -3.163560
v 2.096081 1.629613 -3.145520
v 1.818602 -0.060000 -2.140817
v 1.538801 -0.017094 -2.243267
v 1.538801 0.270633 -2.466147
v 1.538801 0.538235 -2.646455
v 1.538801 0.779375 -2.790076
v 1.538801 1.161454 -2.986593
v 1.538801 1.339111 -3.066648
v 1.818602 1.350475 -3.044221
v 1.538801 1.475523 -3.123746
v 1.538801 1.614650 -3.178323
v 1.538801 -0.060000 -2.207083
v 1.256721 -0.038915 -2.284805
v 1.256721 0.249887 -2.505541
v 1.256721 0.519187 -2.682490
v 1.256721 0.973674 -2.930013
v 1.538801 0.988624 -2.902054
v 1.256721 1.148427 -3.010768
v 1.256721 1.328239 -3.086587
v 1.256721 1.466418 -3.140212
v 1.256721 1.607442 -3.191061
v 1.256721 -0.060000 -2.267252
v 0.972406 -0.059241 -2.322819
v 0.972406 0.230399 -2.541643
v 0.972406 0.501115 -2.715572
v 1.256721 0.762347 -2.822130
v 0.972406 0.959117 -2.955809
v 0.972406 1.135539 -3.033144
v 0.972406 1.317227 -3.105132
v 0.972406 1.456950 -3.155615
v 0.972406 1.599635 -3.203091
v 0.972406 -0.060000 -2.322195
v 0.685895 0.213136 -2.573119
v 0.685895 0.731051 -2.877259
v 0.972406 0.745997 -2.851622
v 0.685895 0.945548 -2.978186
v 0.685895 1.123266 -3.052508
v 0.685895 1.306424 -3.121123
v 0.685895 1.447363 -3.168839
v 0.685895 1.591361 -3.213346
v 0.685895 -0.060000 -2.369851
v 0.397227 0.198943 -2.599134
v 0.685895 0.484873 -2.744377
v 0.397227 0.718262 -2.898003
v 0.397227 0.933671 -2.996027
v 0.397227 1.112267 -3.067676
v 0.397227 1.296434 -3.133307
v 0.397227 1.438217 -3.178582
v 0.397227 1.583134 -3.220471
v 0.397227 -0.060000 -2.408937
v 0.106438 0.187255 -2.620469
v 0.397227 0.471263 -2.767962
v 0.106438 0.707262 -2.914544
v 0.106438 0.923221 -3.009966
v 0.106438 1.102370 -3.079231
v 0.106438 1.287192 -3.142208
v 0.106438 1.429532 -3.185314
v 0.106438 1.575062 -3.224884
v 0.106438 -0.060000 -2.440885
v -0.186435 0.177486 -2.637978
v 0.106438 0.459813 -2.787070
v -0.186435 0.697671 -2.927632
v -0.186435 0.913925 -3.020689
v -0.186435 1.093400 -3.087797
v -0.186435 1.278630 -3.148381
v -0.186435 1.421327 -3.189537
v -0.186435 1.567262 -3.227025
v -0.186435 -0.060000 -2.467168
v -0.481358 0.441421 -2.815143
v -0.186435 0.450034 -2.802507
v -0.481358 0.689095 -2.938067
v -0.481358 0.905500 -3.028929
v -0.481358 1.085177 -3.094041
v -0.481358 1.270678 -3.152418
v -0.481358 1.413627 -3.191781
v -0.481358 1.559851 -3.227355
v -0.481358 -0.060000 -2.489308
v -0.481358 0.169032 -2.652579
v -0.778300 0.433454 -2.825900
v -0.778300 0.681128 -2.946703
v -0.778300 0.897658 -3.035459
v -0.778300 1.077515 -3.098666
v -0.778300 1.263268 -3.154943
v -0.778300 1.406453 -3.192601
v -0.778300 1.552954 -3.226361
v -0.778300 -0.060000 -2.508867
v -0.778300 0.161269 -2.665251
v -1.077227 0.425757 -2.835209
v -1.077227 0.673473 -2.953941
v -1.077227 0.890175 -3.040653
v -1.077227 1.070261 -3.102016
v -1.077227 1.256323 -3.156262
v -1.077227 1.399793 -3.192276
v -1.077227 1.546624 -3.224288
v -1.077227 -0.060000 -2.526695
v -1.077227 0.153753 -2.676451
v -1.378111 0.418854 -2.841156
v -1.378111 0.666514 -2.958032
v -1.378111 0.883301 -3.042933
v -1.378111 1.063540 -3.102674
v -1.378111 1.249832 -3.155146
v -1.378111 1.393523 -3.189728
v -1.378111 1.540620 -3.220221
v -1.378111 -0.060000 -2.540141
v -1.378111 0.147130 -2.684126
v -1.680922 0.412971 -2.843963
v -1.680922 0.660451 -2.959169
v -1.680922 0.877207 -3.042465
v -1.680922 1.057500 -3.100782
v -1.680922 1.243914 -3.151705
v -1.680922 1.387743 -3.185043
v -1.680922 1.535015 -3.214223
v -1.680922 -0.060000 -2.549292
v -1.680922 0.141653 -2.688525
v -1.985631 0.408251 -2.844256
v -1.985631 0.655426 -2.957916
v -1.985631 0.872034 -3.039746
v -1.985631 1.052278 -3.096773
v -1.985631 1.238706 -3.146303
v -1.985631 1.382585 -3.178530
v -1.985631 1.529943 -3.206538
v -1.985631 -0.060000 -2.554768
v -1.985631 0.137467 -2.690329
v -2.292212 0.404843 -2.842689
v -2.292212 0.651583 -2.954859
v -2.292212 0.867923 -3.035291
v -2.292212 1.048014 -3.091101
v -2.292212 1.234344 -3.139322
v -2.292212 1.378186 -3.170508
v -2.292212 1.525537 -3.197426
v -2.292212 0.134722 -2.690245
v -2.600637 0.402897 -2.839943
v -2.600637 0.649072 -2.950608
v -2.600637 0.865022 -3.029641
v -2.600637 1.044855 -3.084236
v -2.600637 1.230974 -3.131158
v -2.600637 1.374689 -3.161315
v -2.600637 1.521940 -3.187155
v -2.292212 -0.060000 -2.557214
v -2.600637 0.133570 -2.689014
v -2.910883 0.402580 -2.836595
v -2.910883 0.648054 -2.945675
v -2.910883 0.863489 -3.023239
v -2.910883 1.042954 -3.076561
v -2.910883 1.228745 -3.122123
v -2.910883 1.372240 -3.151203
v -2.910883 1.519293 -3.175917
v -2.600637 -0.060000 -2.557297
v -2.910883 0.134184 -2.687268
v -3.222924 0.404116 -2.831424
v -3.222924 0.648724 -2.938878
v -3.222924 0.863487 -3.014949
v -3.222924 1.042447 -3.066987
v -3.222924 1.227763 -3.111185
v -3.222924 1.370920 -3.139189
v -3.222924 1.517652 -3.162784
v -2.910883 -0.060000 -2.555562
v -3.222924 0.136813 -2.683768
v -3.536735 0.141288 -2.678366
v -3.536735 0.650929 -2.930152
v -3.536735 0.864875 -3.004749
v -3.536735 1.043203 -3.055529
v -3.536735 1.227906 -3.098400
v -3.536735 1.370617 -3.125364
v -3.536735 1.516914 -3.147878
v -3.222924 -0.060000 -2.550583
v -3.852296 0.147322 -2.671560
v -3.536735 0.407343 -2.824324
v -3.852296 0.411998 -2.815821
v -3.852296 0.867440 -2.993206
v -3.852296 1.045032 -3.042766
v -3.852296 1.229012 -3.084356
v -3.852296 1.371189 -3.110319
v -3.852296 1.516958 -3.131799
v -3.536735 -0.060000 -2.542314
v -4.169582 0.154625 -2.663873
v -4.169582 0.417812 -2.806469
v -3.852296 0.654433 -2.920048
v -4.169582 0.658990 -2.909139
v -4.169582 1.047740 -3.029297
v -4.169582 1.230911 -3.069663
v -4.169582 1.372487 -3.094672
v -4.169582 1.517660 -3.115169
v -3.852296 -0.060000 -2.531435
v -4.488573 0.162897 -2.655851
v -4.488573 0.424510 -2.796844
v -4.488573 0.664354 -2.898023
v -4.169582 0.870965 -2.980907
v -4.488573 0.875227 -2.968468
v -4.488573 1.233430 -3.054953
v -4.488573 1.374359 -3.079062
v -4.488573 1.518888 -3.098631
v -4.169582 -0.060000 -2.518645
v -4.809247 0.171891 -2.647996
v -4.809247 0.431861 -2.787476
v -4.809247 0.670313 -2.887254
v -4.809247 0.880037 -2.956458
v -4.488573 1.051128 -3.015746
v -4.809247 1.055025 -3.002694
v -4.809247 1.236422 -3.040817
v -4.809247 1.520532 -3.082788
v -4.488573 -0.060000 -2.504663
v -5.131584 0.182164 -2.639688
v -5.131584 0.440376 -2.777752
v -5.131584 0.677329 -2.876234
v -5.131584 0.885811 -2.944298
v -5.131584 1.059810 -2.989584
v -5.131584 1.240222 -3.026722
v -4.809247 1.376675 -3.064085
v -5.131584 1.379738 -3.049229
v -4.809247 -0.060000 -2.490124
v -5.455564 0.193753 -2.630769
v -5.455564 0.450089 -2.767488
v -5.455564 0.685435 -2.864754
v -5.455564 0.892578 -2.931761
v -5.455564 1.065506 -2.976171
v -5.455564 1.244846 -3.012408
v -5.455564 1.383560 -3.034222
v -5.131584 1.522861 -3.067153
v -5.131584 -0.060000 -2.473913
v -5.781169 0.206389 -2.621435
v -5.781169 0.460756 -2.756855
v -5.781169 0.694409 -2.852956
v -5.781169 0.900136 -2.918957
v -5.781169 1.071928 -2.962539
v -5.781169 1.250130 -2.997927
v -5.781169 1.387988 -3.019091
v -5.455564 1.525880 -3.051439
v -5.455564 -0.060000 -2.455803
v -6.108378 0.219790 -2.611889
v -6.108378 0.472124 -2.746025
v -6.108378 0.704021 -2.840981
v -6.108378 0.908276 -2.905997
v -6.108378 1.078885 -2.948770
v -6.108378 1.255899 -2.983331
v -6.108378 1.392863 -3.003862
v -5.781169 1.529451 -3.035645
v -6.108378 -0.044575 -2.427794
v -6.437176 -0.028356 -2.419643
v -6.437176 0.233666 -2.602330
v -6.437176 0.483928 -2.735172
v -6.437176 0.714033 -2.828973
v -6.437176 0.916783 -2.892993
v -6.437176 1.086181 -2.934948
v -6.437176 1.261976 -2.968673
v -6.437176 1.398021 -2.988564
v -6.108378 1.533429 -3.019774
v -6.108378 -0.060000 -2.415397
v -6.767542 -0.011711 -2.411598
v -6.767542 0.247939 -2.592838
v -6.767542 0.496099 -2.724341
v -6.767542 0.724382 -2.816941
v -6.767542 0.925601 -2.879923
v -6.767542 1.093764 -2.921023
v -6.767542 1.268318 -2.953869
v -6.767542 1.403426 -2.973088
v -6.437176 1.537664 -3.003825
v -6.437176 -0.060000 -2.393922
v -7.099461 0.006564 -2.403097
v -7.099461 0.263696 -2.582807
v -7.099461 0.509622 -2.712896
v -7.099461 0.735966 -2.804227
v -7.099461 0.935552 -2.866111
v -7.099461 1.102398 -2.906306
v -7.099461 1.275624 -2.938225
v -7.099461 1.409731 -2.956733
v -6.767542 1.542128 -2.987664
v -6.767542 -0.060000 -2.371873
v -7.432915 0.025937 -2.394328
v -7.432915 0.280460 -2.572478
v -7.432915 0.524063 -2.701127
v -7.432915 0.748388 -2.791167
v -7.432915 0.946269 -2.851935
v -7.432915 1.111739 -2.891212
v -7.432915 1.283576 -2.922190
v -7.432915 1.416633 -2.939977
v -7.099461 1.547426 -2.970585
v -7.099461 -0.060000 -2.347590
v -7.767888 0.045476 -2.385667
v -7.767888 0.297389 -2.562293
v -7.767888 0.538660 -2.689536
v -7.767888 0.760951 -2.778319
v -7.767888 0.957113 -2.838002
v -7.767888 1.121191 -2.876387
v -7.767888 1.291622 -2.906450
v -7.767888 1.423615 -2.923537
v -7.432915 1.553272 -2.953095
v -7.432915 -0.060000 -2.321584
v -8.104365 0.064203 -2.377509
v -8.104365 0.313598 -2.552715
v -8.104365 0.552612 -2.678651
v -8.104365 0.772928 -2.766265
v -8.104365 0.967417 -2.824940
v -8.104365 1.130137 -2.862497
v -8.104365 1.299194 -2.891713
v -8.104365 1.430145 -2.908152
v -7.767888 1.559182 -2.935943
v -7.767888 -0.060000 -2.294954
v -8.442329 0.081100 -2.370272
v -8.442329 0.328168 -2.544228
v -8.442329 0.565087 -2.669017
v -8.442329 0.783563 -2.755607
v -8.442329 0.976487 -2.813401
v -8.442329 1.137934 -2.850233
v -8.442329 1.305701 -2.878708
v -8.442329 1.435673 -2.894579
v -8.104365 1.564661 -2.919898
v -8.104365 -0.060000 -2.268960
v -8.781767 0.106890 -2.359813
v -8.781767 0.350181 -2.531985
v -8.781767 0.583667 -2.655136
v -8.781767 0.799105 -2.740267
v -8.781767 0.989430 -2.796804
v -8.781767 1.148756 -2.832607
v -8.781767 1.314361 -2.860029
v -8.781767 1.442686 -2.875095
v -8.442329 1.569199 -2.905750
v -8.442329 -0.060000 -2.245039
v -9.122662 0.131015 -2.350889
v -9.122662 0.370556 -2.521555
v -9.122662 0.600600 -2.643328
v -9.122662 0.812969 -2.727233
v -9.122662 1.000653 -2.782717
v -9.122662 1.157810 -2.817655
v -9.122662 1.321198 -2.844194
v -9.122662 1.447829 -2.858587
v -8.781767 1.574544 -2.885448
v -8.781767 -0.060000 -2.207768
v -9.465000 0.147360 -2.344993
v -9.465000 0.384326 -2.514673
v -9.465000 0.612000 -2.635545
v -9.465000 0.822250 -2.718649
v -9.465000 1.008106 -2.773445
v -9.465000 1.163760 -2.807820
v -9.465000 1.325610 -2.833784
v -9.465000 1.451062 -2.847738
v -9.122662 1.577964 -2.868254
v -9.122662 -0.060000 -2.172026
v 7.150064 0.649211 0.001171
v 6.859842 0.274913 0.000419
v 7.466753 1.033758 0.002416
v 7.772220 1.379617 0.004082
v 8.065412 1.686788 0.006170
v 8.344991 1.955272 0.008679
v 8.580673 2.161445 0.011264
v 8.802554 2.337051 0.014182
v 8.983542 2.465630 0.017008
v 9.127066 2.557213 0.019634
v 9.236761 2.620398 0.021966
v 9.316509 2.662348 0.023924
v 9.387035 2.696657 0.025966
v 9.431465 2.717373 0.027553
v 9.461848 2.733790 0.029186
v 7.044083 0.591643 0.003619
v 6.753984 0.215725 0.001331
v 7.360636 0.978178 0.007335
v 7.665973 1.326199 0.012262
v 7.959039 1.635706 0.018399
v 8.238500 1.906700 0.025747
v 8.474082 2.115252 0.033294
v 8.695868 2.293373 0.041798
v 8.876779 2.424267 0.050023
v 9.020240 2.517918 0.057656
v 9.129889 2.582885 0.064427
v 9.209603 2.626300 0.070113
v 9.280099 2.662107 0.076039
v 9.324510 2.683970 0.080640
v 9.354880 2.701554 0.085375
v 6.550331 -0.060000 0.000314
v 6.922972 0.507651 0.007695
v 6.633362 0.129531 0.002929
v 7.238991 0.896933 0.015253
v 7.543813 1.247989 0.025134
v 7.836385 1.560819 0.037340
v 8.115375 1.835423 0.051871
v 8.350560 2.047424 0.066738
v 8.571972 2.229222 0.083442
v 8.752578 2.363520 0.099564
v 8.895798 2.460227 0.114503
v 9.005262 2.527838 0.127741
v 9.084842 2.573432 0.138848
v 9.155218 2.611476 0.150414
v 9.199554 2.635053 0.159390
v 9.229874 2.654383 0.168624
v 6.493564 -0.060000 0.001314
v 6.794194 0.404560 0.013773
v 6.505790 0.024348 0.005419
v 7.108898 0.796634 0.026679
v 7.412451 1.150944 0.043299
v 7.703805 1.467490 0.063634
v 7.981634 1.746273 0.087684
v 8.215839 1.962377 0.112179
v 8.436331 2.148643 0.139610
v 8.616184 2.287150 0.166019
v 8.758808 2.387687 0.190444
v 8.867817 2.458647 0.212059
v 8.947065 2.507024 0.230177
v 9.017149 2.547940 0.249029
v 9.061300 2.573733 0.263649
v 9.091494 2.595329 0.278681
v 6.443718 -0.060000 0.004026
v 6.975639 0.695818 0.040609
v 6.663476 0.302041 0.021343
v 7.276743 1.052485 0.065104
v 7.565746 1.372040 0.094827
v 7.841332 1.654484 0.129779
v 8.073647 1.874390 0.165235
v 8.292359 2.064974 0.204823
v 8.470761 2.207681 0.242851
v 8.612234 2.312133 0.277964
v 8.720364 2.386577 0.308999
v 8.798971 2.437885 0.334990
v 8.868490 2.481862 0.362013
v 8.912286 2.510035 0.382958
v 8.942235 2.534084 0.404484
v 6.843681 0.627068 0.051357
v 6.535737 0.232491 0.027228
v 7.140714 0.985013 0.081831
v 7.425810 1.306326 0.118652
v 7.697671 1.591007 0.161818
v 7.926847 1.813305 0.205515
v 8.142601 2.006659 0.254226
v 8.318592 2.152102 0.300961
v 8.458152 2.259129 0.344075
v 8.564819 2.335881 0.382158
v 8.642365 2.389143 0.414034
v 8.710944 2.435169 0.447164
v 8.754147 2.464940 0.472834
v 8.783692 2.490641 0.499209
v 6.391434 -0.060000 0.009128
v 6.318158 -0.060000 0.014321
v 6.716829 0.551270 0.063950
v 6.415211 0.155937 0.034160
v 7.007760 0.910500 0.101353
v 7.287000 1.233628 0.146369
v 7.553276 1.520654 0.198999
v 7.777743 1.745479 0.252173
v 7.989066 1.941779 0.311362
v 8.161441 2.090142 0.368087
v 8.298135 2.199928 0.420375
v 8.402611 2.279159 0.466533
v 8.478563 2.334521 0.505151
v 8.545733 2.382751 0.545272
v 8.588049 2.414244 0.576351
v 8.616987 2.441726 0.608275
v 6.257240 -0.060000 0.021878
v 6.598184 0.469800 0.078521
v 6.305357 0.074151 0.042251
v 6.880636 0.830009 0.123794
v 7.151737 1.154779 0.178070
v 7.410252 1.444110 0.241350
v 7.628177 1.671541 0.305156
v 7.833341 1.870971 0.376076
v 8.000692 2.022503 0.443967
v 8.133401 2.135324 0.506493
v 8.234833 2.217309 0.561655
v 8.308571 2.275022 0.607785
v 8.373783 2.325735 0.655694
v 8.414865 2.359176 0.692792
v 8.442961 2.388679 0.730891
v 6.209553 -0.060000 0.032542
v 6.490038 0.384351 0.095352
v 6.208726 -0.010678 0.051723
v 6.761383 0.744844 0.149445
v 7.021822 1.070802 0.214002
v 7.270172 1.362224 0.289024
v 7.479527 1.592273 0.364495
v 7.676622 1.795035 0.448235
v 7.837392 1.950067 0.528289
v 7.964883 2.066324 0.601946
v 8.062325 2.151480 0.666880
v 8.133164 2.211930 0.721152
v 8.195812 2.265558 0.777491
v 8.235279 2.301302 0.821102
v 8.262269 2.333209 0.865876
v 6.174614 -0.060000 0.047227
v 6.651246 0.656572 0.178860
v 6.393765 0.296947 0.114960
v 6.898378 0.982932 0.254679
v 7.134037 1.276026 0.342418
v 7.332695 1.508629 0.430415
v 7.519720 1.714948 0.527829
v 7.672275 1.873916 0.620792
v 7.793252 1.994159 0.706214
v 7.885715 2.083067 0.781445
v 7.952934 2.146801 0.844279
v 8.012381 2.203964 0.909467
v 8.049831 2.242525 0.959904
v 8.075442 2.277389 1.011664
v 6.550608 0.584095 0.205970
v 6.309741 0.226313 0.133323
v 6.781796 0.909978 0.291668
v 7.002251 1.203963 0.390417
v 7.188091 1.438504 0.489149
v 7.363050 1.647841 0.598193
v 7.505762 1.810336 0.702065
v 7.618933 1.934259 0.797382
v 7.705431 2.026698 0.881244
v 7.768313 2.093561 0.951233
v 7.823925 2.154123 1.023800
v 7.858959 2.195409 1.079917
v 7.882917 2.233151 1.137485
v 6.150701 -0.060000 0.067079
v 6.125117 -0.060000 0.087821
v 6.458950 0.517835 0.233249
v 6.237281 0.162526 0.151922
v 6.671710 0.842692 0.328678
v 6.874593 1.137096 0.438208
v 7.045620 1.373223 0.547406
v 7.206633 1.585289 0.667746
v 7.337970 1.751109 0.782183
v 7.442121 1.878579 0.887062
v 7.521724 1.974464 0.979248
v 7.579594 2.044405 1.056131
v 7.630773 2.108331 1.135799
v 7.663014 2.152328 1.197378
v 7.685063 2.192942 1.260523
v 6.103460 -0.060000 0.110789
v 6.374840 0.449590 0.263694
v 6.174642 0.097474 0.172860
v 6.566993 0.772915 0.369670
v 6.750225 1.067446 0.490790
v 6.904687 1.305079 0.611166
v 7.050105 1.519963 0.743506
v 7.168721 1.689324 0.869118
v 7.262784 1.820628 0.984077
v 7.334676 1.920272 1.085018
v 7.386941 1.993589 1.169136
v 7.433163 2.061218 1.256244
v 7.462282 2.108208 1.323539
v 7.482195 2.151999 1.392516
v 6.087785 -0.060000 0.139023
v 6.295976 0.379277 0.297492
v 6.119053 0.030998 0.196391
v 6.465788 0.700635 0.414687
v 6.627717 0.995071 0.547977
v 6.764222 1.234192 0.679967
v 6.892732 1.452041 0.824674
v 6.997558 1.625211 0.961724
v 7.080685 1.760680 1.086944
v 7.144219 1.864431 1.196759
v 7.190408 1.941449 1.288187
v 7.231256 2.013149 1.382794
v 7.256989 2.063435 1.455836
v 7.274587 2.110729 1.530665
v 6.073923 -0.060000 0.173698
v 6.219254 0.306754 0.334956
v 6.066808 -0.037128 0.222885
v 6.365574 0.625796 0.463881
v 6.505101 0.919999 0.609658
v 6.622721 1.160660 0.753386
v 6.733452 1.381696 0.910429
v 6.823776 1.559002 1.058765
v 6.895402 1.699019 1.194025
v 6.950147 1.807267 1.312463
v 6.989946 1.888346 1.410959
v 7.025142 1.964518 1.512783
v 7.047316 2.018427 1.591336
v 7.062479 2.069577 1.671762
v 6.056848 -0.060000 0.216281
v 6.263271 0.548287 0.517517
v 6.140905 0.231812 0.376524
v 6.379955 0.842214 0.675810
v 6.478319 1.084554 0.831036
v 6.570922 1.309079 0.999931
v 6.646459 1.490923 1.158927
v 6.706359 1.635934 1.303538
v 6.752141 1.749121 1.429920
v 6.785425 1.834660 1.534870
v 6.814859 1.915745 1.643237
v 6.833402 1.973636 1.726755
v 6.846083 2.029022 1.812194
v 6.155387 0.474414 0.571170
v 6.056664 0.160438 0.418912
v 6.249526 0.768140 0.740746
v 6.328884 1.012228 0.906018
v 6.403595 1.240316 1.084972
v 6.464536 1.426768 1.252782
v 6.512863 1.576833 1.404957
v 6.549799 1.695012 1.537649
v 6.576652 1.785055 1.647651
v 6.600399 1.871098 1.761073
v 6.615359 1.933005 1.848385
v 6.625590 1.992662 1.937621
v 6.030957 -0.060000 0.268561
v 5.988570 -0.060000 0.327078
v 6.038209 0.415099 0.616789
v 5.962004 0.103192 0.455484
v 6.110877 0.708690 0.795147
v 6.172135 0.954283 0.968002
v 6.229806 1.185404 1.154331
v 6.276848 1.375764 1.328421
v 6.314152 1.530110 1.485851
v 6.342664 1.652513 1.622833
v 6.363392 1.746366 1.736207
v 6.381723 1.836600 1.852950
v 6.393271 1.901901 1.942717
v 6.401168 1.965168 2.034380
v 5.922597 -0.060000 0.381065
v 5.908041 0.352964 0.667264
v 5.852417 0.043320 0.496368
v 5.961083 0.646401 0.854696
v 6.005797 0.893629 1.035186
v 6.047893 1.128051 1.228741
v 6.082230 1.322667 1.408820
v 6.109459 1.481677 1.571136
v 6.130270 1.608683 1.712013
v 6.145400 1.706687 1.828389
v 6.158781 1.801489 1.948033
v 6.167210 1.870490 2.039909
v 6.172974 1.937690 2.133622
v 5.833970 -0.060000 0.444779
v 5.761485 0.288736 0.722158
v 5.723764 -0.018459 0.541245
v 5.797455 0.581985 0.918828
v 5.827777 0.830941 1.106874
v 5.856324 1.068878 1.307370
v 5.879609 1.268034 1.493018
v 5.898074 1.432023 1.659731
v 5.912188 1.563946 1.804008
v 5.922448 1.666385 1.922932
v 5.931521 1.766069 2.044967
v 5.937237 1.839024 2.138537
v 5.941146 1.910430 2.233857
v 5.718669 -0.060000 0.518569
v 5.617807 0.516239 0.986748
v 5.595777 0.223233 0.780822
v 5.636379 0.766980 1.182142
v 5.653862 1.008581 1.389160
v 5.668124 1.212486 1.579835
v 5.679433 1.381692 1.750353
v 5.688077 1.518771 1.897447
v 5.694362 1.625863 2.018390
v 5.699919 1.730671 2.142240
v 5.703420 1.807778 2.237034
v 5.705814 1.883599 2.333462
v 5.420768 0.450051 1.057404
v 5.409171 0.157358 0.842367
v 5.430544 0.702585 1.259803
v 5.439747 0.947930 1.472794
v 5.447255 1.156710 1.667851
v 5.453208 1.331284 1.841496
v 5.457758 1.473673 1.990753
v 5.461066 1.585563 2.113137
v 5.463991 1.695655 2.238169
v 5.465834 1.777045 2.333681
v 5.467094 1.857424 2.430682
v 5.400428 -0.060000 0.695197
v 5.206128 0.384395 1.129465
v 5.201379 0.092105 0.905634
v 5.210131 0.638685 1.338387
v 5.213899 0.887775 1.556685
v 5.216973 1.101463 1.755387
v 5.219410 1.281457 1.931416
v 5.221273 1.429217 2.082135
v 5.222628 1.545963 2.205348
v 5.223826 1.661409 2.330904
v 5.224580 1.747141 2.426609
v 5.225096 1.832142 2.523633
v 5.198859 -0.060000 0.795692
v 4.975235 0.320337 1.201297
v 4.974062 0.028561 0.969183
v 4.976223 0.576291 1.416123
v 4.977154 0.829040 1.638953
v 4.977914 1.047568 1.840494
v 4.978516 1.232926 2.018120
v 4.978976 1.386014 2.169581
v 4.979311 1.507583 2.293000
v 4.979607 1.628352 2.418421
v 4.979793 1.718403 2.513799
v 4.979920 1.808003 2.610303
v 4.973698 -0.060000 0.901344
v 4.731432 0.258934 1.271068
v 4.731376 -0.032196 1.031382
v 4.731481 0.516405 1.491042
v 4.731525 0.772644 1.717531
v 4.731562 0.995840 1.921052
v 4.731591 1.186400 2.099467
v 4.731614 1.344670 2.250946
v 4.731630 1.470939 2.373960
v 4.731644 1.596900 2.498603
v 4.731653 1.691168 2.593154
v 4.731659 1.785263 2.688621
v 4.731370 -0.060000 1.008988
v 4.480401 0.198445 1.340149
v 4.480401 0.457343 1.564505
v 4.480401 0.717044 1.793709
v 4.480401 0.944941 1.998239
v 4.480401 1.140772 2.176504
v 4.480401 1.304309 2.327142
v 4.480401 1.435364 2.449015
v 4.480401 1.566621 2.572101
v 4.480401 1.665195 2.665210
v 4.480401 1.763882 2.759001
v 4.480401 -0.060000 1.120346
v 4.226226 0.138375 1.409370
v 4.226226 0.398637 1.637421
v 4.226226 0.661820 1.868466
v 4.226226 0.894502 2.073086
v 4.226226 1.095724 2.250298
v 4.226226 1.264664 2.399261
v 4.226226 1.400638 2.519273
v 4.226226 1.537343 2.640034
v 4.226226 1.640351 2.731096
v 4.226226 1.743769 2.822578
v 4.226226 -0.060000 1.235841
v 3.969210 0.079523 1.478260
v 3.969210 0.341074 1.709395
v 3.969210 0.607697 1.941520
v 3.969210 0.845153 2.145441
v 3.969210 1.051777 2.320833
v 3.969210 1.226143 2.467418
v 3.969210 1.367063 2.584965
v 3.969210 1.509250 2.702759
v 3.969210 1.616723 2.791267
v 3.969210 1.724908 2.879914
v 3.969210 -0.060000 1.353504
v 3.709425 0.022713 1.546304
v 3.709425 0.285468 1.779994
v 3.709425 0.555425 2.012563
v 3.709425 0.797546 2.215142
v 3.709425 1.009467 2.388098
v 3.709425 1.189162 2.531746
v 3.709425 1.334945 2.646349
v 3.709425 1.482528 2.760673
v 3.709425 1.594396 2.846231
v 3.709425 1.707278 2.931633
v 3.709425 -0.060000 1.471146
v 3.446939 -0.031213 1.612959
v 3.446939 0.232648 1.848764
v 3.446939 0.505769 2.081278
v 3.446939 0.752346 2.282027
v 3.446939 0.969340 2.452093
v 3.446939 1.154147 2.592400
v 3.446939 1.304597 2.703720
v 3.446939 1.457362 2.814217
v 3.446939 1.573455 2.896550
v 3.446939 1.690850 2.978420
v 3.446939 -0.060000 1.586518
v 3.181814 0.183462 1.915243
v 3.181814 0.459511 2.147346
v 3.181814 0.710232 2.345946
v 3.181814 0.931953 2.512839
v 3.181814 1.121529 2.649565
v 3.181814 1.276336 2.757406
v 3.181814 1.433941 2.863879
v 3.181814 1.553980 2.942835
v 3.181814 1.675592 3.021022
v 3.181814 -0.060000 1.697447
v 2.914110 0.138769 1.978970
v 2.914110 0.417443 2.210459
v 2.914110 0.671892 2.406764
v 2.914110 0.897871 2.570383
v 2.914110 1.091744 2.703460
v 2.914110 1.250479 2.807778
v 2.914110 1.412448 2.910193
v 2.914110 1.536046 2.985754
v 2.914110 1.661463 3.060244
v 2.914110 -0.060000 1.801961
v 2.643885 0.099211 2.039389
v 2.643885 0.380198 2.269957
v 2.643885 0.637938 2.463722
v 2.643885 0.867681 2.623878
v 2.643885 1.065355 2.753160
v 2.643885 1.227566 2.853850
v 2.643885 1.393397 2.952107
v 2.643885 1.520145 3.024203
v 2.643885 1.648930 3.094931
v 2.643885 -0.060000 1.898590
v 2.371192 0.064456 2.096091
v 2.371192 0.347501 2.325186
v 2.371192 0.608191 2.515919
v 2.371192 0.841315 2.672181
v 2.371192 1.042409 2.797305
v 2.371192 1.207750 2.894071
v 2.371192 1.377061 2.987872
v 2.371192 1.506649 3.056278
v 2.371192 1.638470 3.123017
v 2.371192 -0.060000 1.987096
v 2.096081 0.033912 2.148981
v 2.096081 0.318763 2.376200
v 2.096081 0.582072 2.563569
v 2.096081 0.818213 2.715667
v 2.096081 1.022363 2.836418
v 2.096081 1.190506 2.929094
v 2.096081 1.362934 3.018281
v 2.096081 1.495068 3.082882
v 2.096081 1.629613 3.145520
v 2.096081 -0.060000 2.067693
v 1.818602 0.006949 2.198028
v 1.818602 0.293360 2.423123
v 1.818602 0.558969 2.606961
v 1.818602 0.797776 2.754790
v 1.818602 1.004639 2.871108
v 1.818602 1.175271 2.959664
v 1.818602 1.350475 3.044221
v 1.818602 1.484878 3.105015
v 1.818602 1.621852 3.163560
v 1.818602 -0.060000 2.140817
v 1.538801 -0.017094 2.243267
v 1.538801 0.270633 2.466147
v 1.538801 0.538235 2.646455
v 1.538801 0.779375 2.790076
v 1.538801 0.988624 2.902054
v 1.538801 1.161454 2.986593
v 1.538801 1.339111 3.066648
v 1.538801 1.475523 3.123746
v 1.538801 1.614650 3.178323
v 1.538801 -0.060000 2.207083
v 1.256721 -0.038915 2.284805
v 1.256721 0.249887 2.505541
v 1.256721 0.519187 2.682490
v 1.256721 0.762347 2.822130
v 1.256721 0.973674 2.930013
v 1.256721 1.148427 3.010768
v 1.256721 1.328239 3.086587
v 1.256721 1.466418 3.140212
v 1.256721 1.607442 3.191061
v 1.256721 -0.060000 2.267252
v 0.972406 -0.059241 2.322819
v 0.972406 0.230399 2.541643
v 0.972406 0.501115 2.715572
v 0.972406 0.745997 2.851622
v 0.972406 0.959117 2.955809
v 0.972406 1.135539 3.033144
v 0.972406 1.317227 3.105132
v 0.972406 1.456950 3.155615
v 0.972406 1.599635 3.203091
v 0.972406 -0.060000 2.322195
v 0.685895 0.213136 2.573119
v 0.685895 0.484873 2.744377
v 0.685895 0.731051 2.877259
v 0.685895 0.945548 2.978186
v 0.685895 1.123266 3.052508
v 0.685895 1.306424 3.121123
v 0.685895 1.447363 3.168839
v 0.685895 1.591361 3.213346
v 0.685895 -0.060000 2.369851
v 0.397227 0.198943 2.599134
v 0.397227 0.471263 2.767962
v 0.397227 0.718262 2.898003
v 0.397227 0.933671 2.996027
v 0.397227 1.112267 3.067676
v 0.397227 1.296434 3.133307
v 0.397227 1.438217 3.178582
v 0.397227 1.583134 3.220471
v 0.397227 -0.060000 2.408937
v 0.106438 0.187255 2.620469
v 0.106438 0.459813 2.787070
v 0.106438 0.707262 2.914544
v 0.106438 0.923221 3.009966
v 0.106438 1.102370 3.079231
v 0.106438 1.287192 3.142208
v 0.106438 1.429532 3.185314
v 0.106438 1.575062 3.224884
v 0.106438 -0.060000 2.440885
v -0.186435 0.177486 2.637978
v -0.186435 0.450034 2.802507
v -0.186435 0.697671 2.927632
v -0.186435 0.913925 3.020689
v -0.186435 1.093400 3.087797
v -0.186435 1.278630 3.148381
v -0.186435 1.421327 3.189537
v -0.186435 1.567262 3.227025
v -0.186435 -0.060000 2.467168
v -0.481358 0.441421 2.815143
v -0.481358 0.169032 2.652579
v -0.481358 0.689095 2.938067
v -0.481358 0.905500 3.028929
v -0.481358 1.085177 3.094041
v -0.481358 1.270678 3.152418
v -0.481358 1.413627 3.191781
v -0.481358 1.559851 3.227355
v -0.481358 -0.060000 2.489308
v -0.778300 0.433454 2.825900
v -0.778300 0.161269 2.665251
v -0.778300 0.681128 2.946703
v -0.778300 0.897658 3.035459
v -0.778300 1.077515 3.098666
v -0.778300 1.263268 3.154943
v -0.778300 1.406453 3.192601
v -0.778300 1.552954 3.226361
v -0.778300 -0.060000 2.508867
v -1.077227 0.425757 2.835209
v -1.077227 0.153753 2.676451
v -1.077227 0.673473 2.953941
v -1.077227 0.890175 3.040653
v -1.077227 1.070261 3.102016
v -1.077227 1.256323 3.156262
v -1.077227 1.399793 3.192276
v -1.077227 1.546624 3.224288
v -1.077227 -0.060000 2.526695
v -1.378111 0.418854 2.841156
v -1.378111 0.147130 2.684126
v -1.378111 0.666514 2.958032
v -1.378111 0.883301 3.042933
v -1.378111 1.063540 3.102674
v -1.378111 1.249832 3.155146
v -1.378111 1.393523 3.189728
v -1.378111 1.540620 3.220221
v -1.378111 -0.060000 2.540141
v -1.680922 0.412971 2.843963
v -1.680922 0.141653 2.688525
v -1.680922 0.660451 2.959169
v -1.680922 0.877207 3.042465
v -1.680922 1.057500 3.100782
v -1.680922 1.243914 3.151705
v -1.680922 1.387743 3.185043
v -1.680922 1.535015 3.214223
v -1.680922 -0.060000 2.549292
v -1.985631 0.408251 2.844256
v -1.985631 0.137467 2.690329
v -1.985631 0.655426 2.957916
v -1.985631 0.872034 3.039746
v -1.985631 1.052278 3.096773
v -1.985631 1.238706 3.146303
v -1.985631 1.382585 3.178530
v -1.985631 1.529943 3.206538
v -1.985631 -0.060000 2.554768
v -2.292212 0.404843 2.842689
v -2.292212 0.134722 2.690245
v -2.292212 0.651583 2.954859
v -2.292212 0.867923 3.035291
v -2.292212 1.048014 3.091101
v -2.292212 1.234344 3.139322
v -2.292212 1.378186 3.170508
v -2.292212 1.525537 3.197426
v -2.292212 -0.060000 2.557214
v -2.600637 0.402897 2.839943
v -2.600637 0.133570 2.689014
v -2.600637 0.649072 2.950608
v -2.600637 0.865022 3.029641
v -2.600637 1.044855 3.084236
v -2.600637 1.230974 3.131158
v -2.600637 1.374689 3.161315
v -2.600637 1.521940 3.187155
v -2.600637 -0.060000 2.557297
v -2.910883 0.402580 2.836595
v -2.910883 0.134184 2.687268
v -2.910883 0.648054 2.945675
v -2.910883 0.863489 3.023239
v -2.910883 1.042954 3.076561
v -2.910883 1.228745 3.122123
v -2.910883 1.372240 3.151203
v -2.910883 1.519293 3.175917
v -2.910883 -0.060000 2.555562
v -3.222924 0.404116 2.831424
v -3.222924 0.136813 2.683768
v -3.222924 0.648724 2.938878
v -3.222924 0.863487 3.014949
v -3.222924 1.042447 3.066987
v -3.222924 1.227763 3.111185
v -3.222924 1.370920 3.139189
v -3.222924 1.517652 3.162784
v -3.222924 -0.060000 2.550583
v -3.536735 0.141288 2.678366
v -3.536735 0.407343 2.824324
v -3.536735 0.650929 2.930152
v -3.536735 0.864875 3.004749
v -3.536735 1.043203 3.055529
v -3.536735 1.227906 3.098400
v -3.536735 1.370617 3.125364
v -3.536735 1.516914 3.147878
v -3.536735 -0.060000 2.542314
v -3.852296 0.147322 2.671560
v -3.852296 0.411998 2.815821
v -3.852296 0.654433 2.920048
v -3.852296 0.867440 2.993206
v -3.852296 1.045032 3.042766
v -3.852296 1.229012 3.084356
v -3.852296 1.371189 3.110319
v -3.852296 1.516958 3.131799
v -3.852296 -0.060000 2.531435
v -4.169582 0.154625 2.663873
v -4.169582 0.417812 2.806469
v -4.169582 0.658990 2.909139
v -4.169582 0.870965 2.980907
v -4.169582 1.047740 3.029297
v -4.169582 1.230911 3.069663
v -4.169582 1.372487 3.094672
v -4.169582 1.517660 3.115169
v -4.169582 -0.060000 2.518645
v -4.488573 0.162897 2.655851
v -4.488573 0.424510 2.796844
v -4.488573 0.664354 2.898023
v -4.488573 0.875227 2.968468
v -4.488573 1.051128 3.015746
v -4.488573 1.233430 3.054953
v -4.488573 1.374359 3.079062
v -4.488573 1.518888 3.098631
v -4.488573 -0.060000 2.504663
v -4.809247 0.171891 2.647996
v -4.809247 0.431861 2.787476
v -4.809247 0.670313 2.887254
v -4.809247 0.880037 2.956458
v -4.809247 1.055025 3.002694
v -4.809247 1.236422 3.040817
v -4.809247 1.376675 3.064085
v -4.809247 1.520532 3.082788
v -4.809247 -0.060000 2.490124
v -5.131584 0.182164 2.639688
v -5.131584 0.440376 2.777752
v -5.131584 0.677329 2.876234
v -5.131584 0.885811 2.944298
v -5.131584 1.059810 2.989584
v -5.131584 1.240222 3.026722
v -5.131584 1.379738 3.049229
v -5.131584 1.522861 3.067153
v -5.131584 -0.060000 2.473913
v -5.455564 0.193753 2.630769
v -5.455564 0.450089 2.767488
v -5.455564 0.685435 2.864754
v -5.455564 0.892578 2.931761
v -5.455564 1.065506 2.976171
v -5.455564 1.244846 3.012408
v -5.455564 1.383560 3.034222
v -5.455564 1.525880 3.051439
v -5.455564 -0.060000 2.455803
v -5.781169 0.206389 2.621435
v -5.781169 0.460756 2.756855
v -5.781169 0.694409 2.852956
v -5.781169 0.900136 2.918957
v -5.781169 1.071928 2.962539
v -5.781169 1.250130 2.997927
v -5.781169 1.387988 3.019091
v -5.781169 1.529451 3.035645
v -5.781169 -0.060000 2.436166
v -6.108378 0.219790 2.611889
v -6.108378 0.472124 2.746025
v -6.108378 0.704021 2.840981
v -6.108378 0.908276 2.905997
v -6.108378 1.078885 2.948770
v -6.108378 1.255899 2.983331
v -6.108378 1.392863 3.003862
v -6.108378 1.533429 3.019774
v -6.108378 -0.044575 2.427794
v -6.437176 -0.028356 2.419643
v -6.437176 0.233666 2.602330
v -6.437176 0.483928 2.735172
v -6.437176 0.714033 2.828973
v -6.437176 0.916783 2.892993
v -6.437176 1.086181 2.934948
v -6.437176 1.261976 2.968673
v -6.437176 1.398021 2.988564
v -6.437176 1.537664 3.003825
v -6.108378 -0.060000 2.415397
v -6.437176 -0.060000 2.393922
v -6.767542 -0.011711 2.411598
v -6.767542 0.247939 2.592838
v -6.767542 0.496099 2.724341
v -6.767542 0.724382 2.816941
v -6.767542 0.925601 2.879923
v -6.767542 1.093764 2.921023
v -6.767542 1.268318 2.953869
v -6.767542 1.403426 2.973088
v -6.767542 1.542128 2.987664
v -6.767542 -0.060000 2.371873
v -7.099461 0.006564 2.403097
v -7.099461 0.263696 2.582807
v -7.099461 0.509622 2.712896
v -7.099461 0.735966 2.804227
v -7.099461 0.935552 2.866111
v -7.099461 1.102398 2.906306
v -7.099461 1.275624 2.938225
v -7.099461 1.409731 2.956733
v -7.099461 1.547426 2.970585
v -7.099461 -0.060000 2.347590
v -7.432915 0.025937 2.394328
v -7.432915 0.280460 2.572478
v -7.432915 0.524063 2.701127
v -7.432915 0.748388 2.791167
v -7.432915 0.946269 2.851935
v -7.432915 1.111739 2.891212
v -7.432915 1.283576 2.922190
v -7.432915 1.416633 2.939977
v -7.432915 1.553272 2.953095
v -7.432915 -0.060000 2.321584
v -7.767888 0.045476 2.385667
v -7.767888 0.297389 2.562293
v -7.767888 0.538660 2.689536
v -7.767888 0.760951 2.778319
v -7.767888 0.957113 2.838002
v -7.767888 1.121191 2.876387
v -7.767888 1.291622 2.906450
v -7.767888 1.423615 2.923537
v -7.767888 1.559182 2.935943
v -7.767888 -0.060000 2.294954
v -8.104365 0.064203 2.377509
v -8.104365 0.313598 2.552715
v -8.104365 0.552612 2.678651
v -8.104365 0.772928 2.766265
v -8.104365 0.967417 2.824940
v -8.104365 1.130137 2.862497
v -8.104365 1.299194 2.891713
v -8.104365 1.430145 2.908152
v -8.104365 1.564661 2.919898
v -8.104365 -0.060000 2.268960
v -8.442329 0.081100 2.370272
v -8.442329 0.328168 2.544228
v -8.442329 0.565087 2.669017
v -8.442329 0.783563 2.755607
v -8.442329 0.976487 2.813401
v -8.442329 1.137934 2.850233
v -8.442329 1.305701 2.878708
v -8.442329 1.435673 2.894579
v -8.442329 1.569199 2.905750
v -8.442329 -0.060000 2.245039
v -8.781767 0.106890 2.359813
v -8.781767 0.350181 2.531985
v -8.781767 0.583667 2.655136
v -8.781767 0.799105 2.740267
v -8.781767 0.989430 2.796804
v -8.781767 1.148756 2.832607
v -8.781767 1.314361 2.860029
v -8.781767 1.442686 2.875095
v -8.781767 1.574544 2.885448
v -8.781767 -0.060000 2.207768
v -9.122662 0.131015 2.350889
v -9.122662 0.370556 2.521555
v -9.122662 0.600600 2.643328
v -9.122662 0.812969 2.727233
v -9.122662 1.000653 2.782717
v -9.122662 1.157810 2.817655
v -9.122662 1.321198 2.844194
v -9.122662 1.447829 2.858587
v -9.122662 1.577964 2.868254
v -9.122662 -0.060000 2.172026
v -9.465000 0.147360 2.344993
v -9.465000 0.384326 2.514673
v -9.465000 0.612000 2.635545
v -9.465000 0.822250 2.718649
v -9.465000 1.008106 2.773445
v -9.465000 1.163760 2.807820
v -9.465000 1.325610 2.833784
v -9.465000 1.451062 2.847738
v -9.465000 1.580000 2.856960
v -9.465000 -0.060000 2.146968
v 8.028106 1.600000 0.000000
v 9.461848 2.733790 0.000000
v 7.965551 1.585007 0.000000
v 9.354880 2.701554 0.000000
v 7.880062 1.554765 0.000000
v 9.229874 2.654383 -0.068624
v 7.787464 1.510229 0.000000
v 9.091494 2.595329 -0.178681
v 7.691343 1.454444 0.000000
v 8.942235 2.534084 -0.304484
v 7.589347 1.397103 0.000000
v 8.783692 2.490641 -0.399209
v 7.473824 1.358189 -0.025665
v 8.616987 2.441726 -0.508275
v 7.359981 1.314406 -0.059781
v 8.442961 2.388679 -0.630891
v 7.249900 1.267056 -0.100666
v 8.262269 2.333209 -0.765876
v 7.145011 1.217797 -0.149425
v 8.075442 2.277389 -0.911664
v 7.045976 1.168635 -0.207694
v 7.882917 2.233151 -1.037485
v 6.946662 1.131420 -0.263780
v 7.685063 2.192942 -1.160523
v 6.847383 1.098503 -0.322345
v 7.482195 2.151999 -1.292516
v 6.748676 1.065014 -0.389674
v 7.274587 2.110729 -1.430665
v 6.648063 1.031234 -0.466416
v 7.062479 2.069577 -1.571761
v 6.542617 0.997470 -0.553232
v 6.429175 0.964051 -0.650716
v 6.846083 2.029022 -1.712194
v 6.303500 0.934434 -0.750650
v 6.625590 1.992662 -1.837621
v 6.161980 0.913628 -0.837721
v 6.401168 1.965168 -1.934380
v 6.005672 0.892932 -0.934645
v 6.172974 1.937690 -2.033622
v 5.832806 0.872526 -1.040371
v 5.941146 1.910430 -2.133857
v 5.642631 0.852600 -1.153294
v 5.705814 1.883599 -2.233462
v 5.435493 0.833357 -1.271233
v 5.467094 1.857424 -2.330683
v 5.212816 0.815010 -1.391469
v 5.225096 1.832142 -2.423633
v 4.977042 0.797785 -1.510808
v 4.979920 1.808003 -2.510303
v 4.731527 0.781911 -1.625865
v 4.731659 1.785263 -2.588621
v 4.480401 0.767319 -1.738557
v 4.480401 1.763882 -2.659001
v 4.226226 0.753891 -1.849394
v 4.226226 1.743769 -2.722578
v 3.969210 0.741579 -1.956811
v 3.969210 1.724908 -2.779914
v 3.709425 0.728825 -2.058197
v 3.709425 1.707278 -2.831632
v 3.446939 0.715656 -2.152677
v 3.446939 1.690850 -2.878420
v 3.181814 0.703715 -2.240921
v 3.181814 1.675592 -2.921022
v 2.914110 0.692948 -2.322419
v 2.914110 1.661463 -2.960244
v 2.643885 0.683812 -2.396601
v 2.643885 1.648930 -2.994931
v 2.371192 0.676767 -2.463210
v 2.371192 1.638470 -3.023017
v 2.096081 0.671331 -2.522722
v 2.096081 1.629613 -3.045521
v 1.818602 0.666981 -2.575730
v 1.818602 1.621852 -3.063560
v 1.538801 0.663164 -2.622927
v 1.538801 1.614650 -3.078323
v 1.256721 0.659300 -2.665099
v 1.256721 1.607442 -3.091061
v 0.972406 0.654779 -2.703105
v 0.972406 1.599635 -3.103091
v 0.685895 0.649714 -2.735487
v 0.397227 1.583134 -3.120471
v 0.397227 0.644602 -2.761308
v 0.106438 1.575062 -3.124884
v 0.106438 0.639533 -2.781689
v -0.186435 1.567262 -3.127024
v -0.186435 0.634602 -2.797753
v -0.481358 1.559851 -3.127355
v -0.481358 0.629909 -2.810635
v -0.778300 1.552954 -3.126361
v -0.778300 0.625555 -2.821489
v -1.077227 1.546624 -3.124288
v -1.077227 0.621576 -2.830897
v -1.378111 1.540620 -3.120221
v -1.378111 0.617705 -2.836771
v -1.680922 1.535015 -3.114223
v -1.680922 0.613995 -2.839270
v -1.985631 1.529943 -3.106538
v -1.985631 0.610404 -2.838916
v -2.292212 1.525537 -3.097426
v -2.292212 0.607039 -2.836313
v -2.600637 1.521940 -3.087155
v -2.600637 0.604309 -2.832211
v -2.910883 1.519293 -3.075917
v -2.910883 0.602364 -2.827141
v -3.222924 1.517652 -3.062784
v -3.222924 0.601268 -2.819868
v -3.536735 1.516914 -3.047878
v -3.536735 0.600929 -2.810355
v -3.852296 1.516958 -3.031799
v -3.852296 0.601237 -2.799209
v -4.169582 1.517660 -3.015169
v -4.169582 0.602076 -2.787056
v -4.488573 1.518888 -2.998631
v -4.488573 0.603328 -2.774544
v -4.809247 1.520532 -2.982789
v -4.809247 0.604894 -2.762265
v -5.131584 1.522861 -2.967154
v -5.131584 0.607053 -2.749532
v -5.455564 1.525880 -2.951439
v -5.455564 0.609825 -2.736131
v -5.781169 1.529451 -2.935645
v -5.781169 0.613083 -2.722246
v -6.108378 0.616696 -2.708063
v -6.108378 1.533429 -2.919774
v -6.437176 0.620529 -2.693780
v -6.437176 1.537664 -2.903826
v -6.767542 0.624566 -2.679442
v -6.767542 1.542128 -2.887664
v -7.099461 0.629428 -2.664274
v -7.099461 1.547426 -2.870585
v -7.432915 0.634843 -2.648645
v -7.432915 1.553272 -2.853095
v -7.767888 0.640344 -2.633188
v -7.767888 1.559182 -2.835943
v -8.104365 0.645451 -2.618564
v -8.104365 1.564661 -2.819898
v -8.442329 0.649669 -2.605460
v -8.442329 1.569199 -2.805750
v -8.781767 0.654765 -2.585962
v -9.122662 1.577964 -2.768255
v -9.122662 0.658022 -2.568462
v -9.465000 1.580000 -2.756960
v -9.465000 0.660000 -2.556710
v 9.229874 2.654383 0.068624
v 9.091494 2.595329 0.178681
v 8.942235 2.534084 0.304484
v 8.783692 2.490641 0.399209
v 7.473824 1.358189 0.025665
v 8.616987 2.441726 0.508275
v 7.359981 1.314406 0.059781
v 8.442961 2.388679 0.630891
v 7.249900 1.267056 0.100666
v 8.262269 2.333209 0.765876
v 7.145011 1.217797 0.149425
v 8.075442 2.277389 0.911664
v 7.045976 1.168635 0.207694
v 7.882917 2.233151 1.037485
v 6.946662 1.131420 0.263780
v 7.685063 2.192942 1.160523
v 6.847383 1.098503 0.322345
v 7.482195 2.151999 1.292516
v 6.748676 1.065014 0.389674
v 7.274587 2.110729 1.430665
v 6.648063 1.031234 0.466416
v 7.062479 2.069577 1.571761
v 6.429175 0.964051 0.650716
v 6.846083 2.029022 1.712194
v 6.303500 0.934434 0.750650
v 6.625590 1.992662 1.837621
v 6.161980 0.913628 0.837721
v 6.401168 1.965168 1.934380
v 6.005672 0.892932 0.934645
v 6.172974 1.937690 2.033622
v 5.832806 0.872526 1.040371
v 5.941146 1.910430 2.133857
v 5.642631 0.852600 1.153294
v 5.705814 1.883599 2.233462
v 5.435493 0.833357 1.271233
v 5.467094 1.857424 2.330683
v 5.212816 0.815010 1.391469
v 5.225096 1.832142 2.423633
v 4.977042 0.797785 1.510808
v 4.979920 1.808003 2.510303
v 4.731527 0.781911 1.625865
v 4.731659 1.785263 2.588621
v 4.480401 0.767319 1.738557
v 4.480401 1.763882 2.659001
v 4.226226 0.753891 1.849394
v 4.226226 1.743769 2.722578
v 3.969210 0.741579 1.956811
v 3.969210 1.724908 2.779914
v 3.709425 0.728825 2.058197
v 3.709425 1.707278 2.831632
v 3.446939 0.715656 2.152677
v 3.446939 1.690850 2.878420
v 3.181814 0.703715 2.240921
v 3.181814 1.675592 2.921022
v 2.914110 0.692948 2.322419
v 2.914110 1.661463 2.960244
v 2.643885 0.683812 2.396601
v 2.643885 1.648930 2.994931
v 2.371192 0.676767 2.463210
v 2.371192 1.638470 3.023017
v 2.096081 0.671331 2.522722
v 2.096081 1.629613 3.045521
v 1.818602 0.666981 2.575730
v 1.818602 1.621852 3.063560
v 1.538801 0.663164 2.622927
v 1.538801 1.614650 3.078323
v 1.256721 0.659300 2.665099
v 1.256721 1.607442 3.091061
v 0.972406 0.654779 2.703105
v 0.972406 1.599635 3.103091
v 0.685895 0.649714 2.735487
v 0.685895 1.591361 3.113346
v 0.397227 1.583134 3.120471
v 0.397227 0.644602 2.761308
v 0.106438 1.575062 3.124884
v 0.106438 0.639533 2.781689
v -0.186435 1.567262 3.127024
v -0.186435 0.634602 2.797753
v -0.481358 1.559851 3.127355
v -0.481358 0.629909 2.810635
v -0.778300 1.552954 3.126361
v -0.778300 0.625555 2.821489
v -1.077227 1.546624 3.124288
v -1.077227 0.621576 2.830897
v -1.378111 1.540620 3.120221
v -1.378111 0.617705 2.836771
v -1.680922 1.535015 3.114223
v -1.680922 0.613995 2.839270
v -1.985631 1.529943 3.106538
v -1.985631 0.610404 2.838916
v -2.292212 1.525537 3.097426
v -2.292212 0.607039 2.836313
v -2.600637 1.521940 3.087155
v -2.600637 0.604309 2.832211
v -2.910883 1.519293 3.075917
v -2.910883 0.602364 2.827141
v -3.222924 1.517652 3.062784
v -3.222924 0.601268 2.819868
v -3.536735 1.516914 3.047878
v -3.536735 0.600929 2.810355
v -3.852296 1.516958 3.031799
v -3.852296 0.601237 2.799209
v -4.169582 1.517660 3.015169
v -4.169582 0.602076 2.787056
v -4.488573 1.518888 2.998631
v -4.488573 0.603328 2.774544
v -4.809247 1.520532 2.982789
v -4.809247 0.604894 2.762265
v -5.131584 1.522861 2.967154
v -5.131584 0.607053 2.749532
v -5.455564 1.525880 2.951439
v -5.455564 0.609825 2.736131
v -5.781169 1.529451 2.935645
v -6.108378 0.616696 2.708063
v -6.108378 1.533429 2.919774
v -6.437176 0.620529 2.693780
v -6.437176 1.537664 2.903826
v -6.767542 0.624566 2.679442
v -6.767542 1.542128 2.887664
v -7.099461 0.629428 2.664274
v -7.099461 1.547426 2.870585
v -7.432915 0.634843 2.648645
v -7.432915 1.553272 2.853095
v -7.767888 0.640344 2.633188
v -7.767888 1.559182 2.835943
v -8.104365 0.645451 2.618564
v -8.104365 1.564661 2.819898
v -8.442329 0.649669 2.605460
v -8.442329 1.569199 2.805750
v -8.781767 0.654765 2.585962
v -8.781767 1.574544 2.785447
v -9.122662 1.577964 2.768255
v -9.122662 0.658022 2.568462
v -9.465000 1.580000 2.756960
v -9.465000 0.860000 -2.250000
v -9.465000 1.580000 -2.250000
v -9.465000 0.860000 2.600242
v -9.465000 0.660000 2.556710
v -9.465000 1.580000 -1.450000
v -9.465000 0.860000 -2.600242
v -9.365000 0.860000 -1.450000
v -9.465000 0.860000 -1.375000
v -9.465000 0.860000 -1.450000
v -9.365000 1.580000 -1.375000
v -9.465000 1.580000 -1.375000
v -9.365000 0.860000 -1.375000
v -9.365000 1.580000 -1.450000
v -9.365000 0.860000 -2.325000
v -9.465000 0.860000 -2.325000
v -9.365000 1.580000 -2.250000
v -9.465000 1.580000 -2.325000
v -9.365000 0.860000 -2.250000
v -9.365000 1.580000 -2.325000
v 3.722373 0.300000 -0.824094
v 1.247627 2.180000 -1.435469
v 3.722373 2.180000 -0.824094
v 3.700788 2.180000 -0.736720
v 1.226041 0.300000 -1.348096
v 3.700788 0.300000 -0.736720
v 1.247627 0.300000 -1.435469
v 1.226041 2.180000 -1.348096
v 3.722373 2.880000 -0.824094
v 1.247627 2.950000 -1.435469
v 3.722373 2.950000 -0.824094
v 3.700788 2.950000 -0.736720
v 1.226041 2.880000 -1.348096
v 3.700788 2.880000 -0.736720
v 1.247627 2.880000 -1.435469
v 1.226041 2.950000 -1.348096
v 1.424998 0.300000 -1.413323
v -6.354999 2.180000 -1.461812
v 1.424998 2.180000 -1.413323
v 1.424437 2.180000 -1.323325
v -6.355559 0.300000 -1.371814
v 1.424437 0.300000 -1.323325
v -6.354999 0.300000 -1.461812
v 1.424998 2.880000 -1.413323
v -6.354999 2.950000 -1.461812
v 1.424998 2.950000 -1.413323
v 1.424437 2.950000 -1.323325
v -6.355559 2.880000 -1.371814
v 1.424437 2.880000 -1.323325
v -6.354999 2.880000 -1.461812
v -6.354999 0.300000 1.461812
v 1.424998 2.180000 1.413323
v -6.354999 2.180000 1.461812
v -6.355559 2.180000 1.371814
v 1.424437 0.300000 1.323325
v -6.355559 0.300000 1.371814
v 1.424998 0.300000 1.413323
v 1.424437 2.180000 1.323325
v -6.354999 2.880000 1.461812
v 1.424998 2.950000 1.413323
v -6.354999 2.950000 1.461812
v -6.355559 2.950000 1.371814
v 1.424437 2.880000 1.323325
v -6.355559 2.880000 1.371814
v 1.424998 2.880000 1.413323
v 1.424437 2.950000 1.323325
v 1.247627 0.300000 1.435469
v 3.722373 2.180000 0.824094
v 1.247627 2.180000 1.435469
v 1.226041 2.180000 1.348096
v 3.700788 0.300000 0.736720
v 1.226041 0.300000 1.348096
v 3.722373 0.300000 0.824094
v 3.700788 2.180000 0.736720
v 1.247627 2.880000 1.435469
v 3.722373 2.950000 0.824094
v 1.247627 2.950000 1.435469
v 1.226041 2.950000 1.348096
v 3.700788 2.880000 0.736720
v 1.226041 2.880000 1.348096
v 3.722373 2.880000 0.824094
v 3.700788 2.950000 0.736720
v 3.635000 0.300000 0.935679
v 3.635000 2.180000 -0.935679
v 3.635000 2.180000 0.935679
v 3.545000 2.180000 0.935679
v 3.545000 0.300000 -0.935679
v 3.545000 0.300000 0.935679
v 3.635000 0.300000 -0.935679
v 3.545000 2.180000 -0.935679
v 3.635000 2.880000 0.935679
v 3.635000 2.950000 -0.935679
v 3.635000 2.950000 0.935679
v 3.545000 2.950000 0.935679
v 3.545000 2.880000 -0.935679
v 3.545000 2.880000 0.935679
v 3.635000 2.880000 -0.935679
v 3.545000 2.950000 -0.935679
v 3.635000 2.180000 0.845679
v 3.635000 2.880000 0.645679
v 3.635000 2.880000 0.845679
v 3.545000 2.880000 0.845679
v 3.545000 2.180000 0.645679
v 3.545000 2.180000 0.845679
v 3.635000 2.180000 0.645679
v 3.545000 2.880000 0.645679
v 3.635000 2.180000 -0.645679
v 3.635000 2.880000 -0.845679
v 3.635000 2.880000 -0.645679
v 3.545000 2.880000 -0.645679
v 3.545000 2.180000 -0.845679
v 3.545000 2.180000 -0.645679
v 3.635000 2.180000 -0.845679
v 3.545000 2.880000 -0.845679
v -6.265000 0.300000 -1.551251
v -6.265000 2.950000 0.110000
v -6.265000 2.950000 -1.551251
v -6.175000 2.950000 -1.551251
v -6.175000 0.300000 0.110000
v -6.175000 0.300000 -1.551251
v -6.265000 0.300000 0.110000
v -6.175000 2.950000 0.110000
v -6.265000 0.300000 1.130000
v -6.265000 2.950000 1.551251
v -6.265000 2.950000 1.130000
v -6.175000 2.950000 1.130000
v -6.175000 0.300000 1.551251
v -6.175000 0.300000 1.130000
v -6.265000 0.300000 1.551251
v -6.175000 2.950000 1.551251
v -6.265000 2.600000 0.110000
v -6.175000 2.600000 1.130000
v -6.175000 2.600000 0.110000
v -6.265000 2.600000 1.130000
v -6.295000 2.650000 -1.100000
v -6.340000 2.650000 1.100000
v -6.340000 2.650000 -1.100000
v -6.295000 2.950000 1.100000
v -6.340000 2.950000 -1.100000
v -6.340000 2.950000 1.100000
v -6.295000 2.650000 1.100000
v -6.295000 2.950000 -1.100000
v -6.400000 1.829962 -1.257978
v -6.348577 1.848686 -1.220945
v -6.348577 1.819620 -1.242378
v -6.321216 1.793435 -1.202878
v -6.321216 1.818688 -1.184256
v -6.330718 1.763658 -1.157959
v -6.372639 1.762310 -1.115303
v -6.372639 1.744223 -1.128641
v -6.427361 1.744223 -1.128641
v -6.427361 1.762310 -1.115303
v -6.469282 1.763658 -1.157959
v -6.478785 1.818688 -1.184256
v -6.478785 1.793435 -1.202878
v -6.451423 1.848686 -1.220945
v -6.451423 1.819620 -1.242378
v -6.400000 1.888701 -1.209952
v -6.400000 1.860533 -1.235435
v -6.321216 1.841955 -1.163206
v -6.330718 1.803848 -1.125099
v -6.330718 1.784575 -1.142535
v -6.372639 1.778975 -1.100226
v -6.469282 1.803848 -1.125099
v -6.469282 1.784575 -1.142535
v -6.478785 1.841955 -1.163206
v -6.451423 1.875466 -1.196717
v -6.400000 1.914183 -1.181784
v -6.348577 1.875466 -1.196717
v -6.348577 1.899694 -1.169937
v -6.321216 1.863005 -1.139939
v -6.372639 1.794052 -1.083561
v -6.427361 1.778975 -1.100226
v -6.427361 1.794052 -1.083561
v -6.478785 1.863005 -1.139939
v -6.451423 1.899694 -1.169937
v -6.400000 1.936727 -1.151213
v -6.321216 1.881626 -1.114686
v -6.330718 1.821283 -1.105826
v -6.330718 1.836708 -1.084909
v -6.372639 1.807390 -1.065474
v -6.469282 1.836708 -1.084909
v -6.469282 1.821283 -1.105826
v -6.478785 1.881626 -1.114686
v -6.400000 1.914183 -0.700718
v -6.348577 1.921127 -0.741631
v -6.400000 1.936727 -0.731289
v -6.348577 1.899694 -0.712566
v -6.321216 1.881626 -0.767816
v -6.321216 1.863005 -0.742564
v -6.330718 1.836708 -0.797593
v -6.330718 1.821283 -0.776676
v -6.372639 1.807390 -0.817029
v -6.372639 1.794052 -0.798942
v -6.427361 1.807390 -0.817029
v -6.469282 1.821283 -0.776676
v -6.469282 1.836708 -0.797593
v -6.478785 1.863005 -0.742564
v -6.478785 1.881626 -0.767816
v -6.451423 1.899694 -0.712566
v -6.451423 1.921127 -0.741631
v -6.348577 1.875466 -0.685785
v -6.321216 1.841955 -0.719296
v -6.330718 1.803848 -0.757403
v -6.372639 1.778975 -0.782276
v -6.427361 1.794052 -0.798942
v -6.427361 1.778975 -0.782276
v -6.469282 1.803848 -0.757403
v -6.478785 1.841955 -0.719296
v -6.451423 1.875466 -0.685785
v -6.400000 1.860533 -0.647068
v -6.400000 1.888701 -0.672551
v -6.348577 1.848686 -0.661557
v -6.321216 1.818688 -0.698247
v -6.330718 1.784575 -0.739968
v -6.372639 1.762310 -0.767200
v -6.469282 1.784575 -0.739968
v -6.478785 1.818688 -0.698247
v -6.451423 1.848686 -0.661557
v -6.400000 1.829962 -0.624524
v -6.321216 1.793435 -0.679625
v -6.330718 1.763658 -0.724543
v -6.372639 1.744223 -0.753862
v -6.427361 1.762310 -0.767200
v -6.427361 1.744223 -0.753862
v -6.469282 1.763658 -0.724543
v -6.478785 1.793435 -0.679625
v -6.400000 1.410038 -0.624524
v -6.348577 1.391314 -0.661557
v -6.348577 1.420380 -0.640124
v -6.321216 1.446565 -0.679625
v -6.321216 1.421312 -0.698247
v -6.330718 1.476342 -0.724543
v -6.330718 1.455425 -0.739968
v -6.372639 1.495777 -0.753862
v -6.372639 1.477690 -0.767200
v -6.427361 1.495777 -0.753862
v -6.469282 1.455425 -0.739968
v -6.469282 1.476342 -0.724543
v -6.478785 1.421312 -0.698247
v -6.478785 1.446565 -0.679625
v -6.451423 1.391314 -0.661557
v -6.451423 1.420380 -0.640124
v -6.400000 1.379467 -0.647068
v -6.348577 1.364534 -0.685785
v -6.321216 1.398045 -0.719296
v -6.330718 1.436152 -0.757403
v -6.372639 1.461025 -0.782276
v -6.427361 1.477690 -0.767200
v -6.427361 1.461025 -0.782276
v -6.469282 1.436152 -0.757403
v -6.478785 1.398045 -0.719296
v -6.451423 1.364534 -0.685785
v -6.400000 1.325817 -0.700718
v -6.400000 1.351299 -0.672551
v -6.348577 1.340306 -0.712566
v -6.321216 1.376995 -0.742564
v -6.330718 1.418717 -0.776676
v -6.372639 1.445948 -0.798942
v -6.469282 1.418717 -0.776676
v -6.478785 1.376995 -0.742564
v -6.451423 1.340306 -0.712566
v -6.348577 1.318873 -0.741631
v -6.321216 1.358374 -0.767816
v -6.330718 1.403292 -0.797593
v -6.372639 1.432610 -0.817029
v -6.427361 1.445948 -0.798942
v -6.427361 1.432610 -0.817029
v -6.469282 1.403292 -0.797593
v -6.478785 1.358374 -0.767816
v -6.451423 1.318873 -0.741631
v -6.400000 1.303273 -1.151213
v -6.348577 1.340306 -1.169937
v -6.348577 1.318873 -1.140872
v -6.321216 1.358374 -1.114686
v -6.330718 1.418717 -1.105826
v -6.330718 1.403292 -1.084909
v -6.372639 1.445948 -1.083561
v -6.372639 1.432610 -1.065474
v -6.427361 1.432610 -1.065474
v -6.427361 1.445948 -1.083561
v -6.469282 1.403292 -1.084909
v -6.469282 1.418717 -1.105826
v -6.478785 1.358374 -1.114686
v -6.451423 1.340306 -1.169937
v -6.451423 1.318873 -1.140872
v -6.400000 1.325817 -1.181784
v -6.348577 1.364534 -1.196717
v -6.321216 1.398045 -1.163206
v -6.321216 1.376995 -1.139939
v -6.330718 1.436152 -1.125099
v -6.372639 1.461025 -1.100226
v -6.469282 1.436152 -1.125099
v -6.478785 1.376995 -1.139939
v -6.478785 1.398045 -1.163206
v -6.451423 1.364534 -1.196717
v -6.400000 1.379467 -1.235435
v -6.400000 1.351299 -1.209952
v -6.348577 1.391314 -1.220945
v -6.321216 1.421312 -1.184256
v -6.372639 1.477690 -1.115303
v -6.427361 1.461025 -1.100226
v -6.427361 1.477690 -1.115303
v -6.478785 1.421312 -1.184256
v -6.451423 1.391314 -1.220945
v -6.400000 1.410038 -1.257978
v -6.321216 1.446565 -1.202878
v -6.330718 1.476342 -1.157959
v -6.330718 1.455425 -1.142535
v -6.372639 1.495777 -1.128641
v -6.469282 1.476342 -1.157959
v -6.469282 1.455425 -1.142535
v -6.478785 1.446565 -1.202878
v 2.735000 1.060000 -1.361251
v -4.865000 1.060000 -1.221251
v -4.865000 1.060000 -1.361251
v 2.735000 1.520000 -1.221251
v -4.865000 1.520000 -1.361251
v -4.865000 1.520000 -1.221251
v 2.735000 1.060000 -1.221251
v 2.735000 1.520000 -1.361251
v 2.735000 1.060000 1.221251
v -4.865000 1.060000 1.361251
v -4.865000 1.060000 1.221251
v 2.735000 1.520000 1.361251
v -4.865000 1.520000 1.221251
v -4.865000 1.520000 1.361251
v 2.735000 1.060000 1.361251
v 2.735000 1.520000 1.221251
v 3.335000 0.620000 -0.700000
v 2.235000 0.620000 0.700000
v 2.235000 0.620000 -0.700000
v 3.335000 1.550000 0.700000
v 2.235000 1.550000 -0.700000
v 2.235000 1.550000 0.700000
v 3.335000 0.620000 0.700000
v 3.335000 1.550000 -0.700000
v 3.295000 1.610000 -0.620000
v 2.915000 1.610000 0.620000
v 2.915000 1.610000 -0.620000
v 3.295000 2.620000 0.620000
v 2.915000 2.620000 -0.620000
v 2.915000 2.620000 0.620000
v 3.295000 1.610000 0.620000
v 3.295000 2.620000 -0.620000
v 3.055000 2.180000 -0.978965
v 3.185000 2.180000 -0.981849
v 3.185000 2.180000 -0.946849
v 3.185000 2.880000 -0.981849
v 3.055000 2.880000 -0.978965
v 3.185000 2.880000 -0.946849
v 3.055000 2.180000 -1.013965
v 3.055000 2.880000 -1.013965
v 3.185000 2.180000 0.981849
v 3.055000 2.180000 0.978965
v 3.185000 2.180000 0.946849
v 3.055000 2.880000 0.978965
v 3.185000 2.880000 0.981849
v 3.185000 2.880000 0.946849
v 3.055000 2.180000 1.013965
v 3.055000 2.880000 1.013965
v 1.705000 2.180000 -1.312477
v 1.835000 2.180000 -1.315361
v 1.835000 2.180000 -1.280361
v 1.835000 2.880000 -1.315361
v 1.705000 2.880000 -1.312477
v 1.835000 2.880000 -1.280361
v 1.705000 2.180000 -1.347477
v 1.705000 2.880000 -1.347477
v 1.835000 2.180000 1.315361
v 1.705000 2.180000 1.312477
v 1.835000 2.180000 1.280361
v 1.705000 2.880000 1.312477
v 1.835000 2.880000 1.315361
v 1.835000 2.880000 1.280361
v 1.705000 2.180000 1.347477
v 1.705000 2.880000 1.347477
v 0.355000 2.180000 -1.409992
v 0.485000 2.180000 -1.444182
v 0.485000 2.180000 -1.409182
v 0.485000 2.880000 -1.444182
v 0.355000 2.880000 -1.409992
v 0.485000 2.880000 -1.409182
v 0.355000 2.180000 -1.444992
v 0.355000 2.880000 -1.444992
v 0.485000 2.180000 1.444182
v 0.355000 2.180000 1.409992
v 0.485000 2.180000 1.409182
v 0.355000 2.880000 1.409992
v 0.485000 2.880000 1.444182
v 0.485000 2.880000 1.409182
v 0.355000 2.180000 1.444992
v 0.355000 2.880000 1.444992
v -0.995000 2.180000 -1.418406
v -0.865000 2.180000 -1.452596
v -0.865000 2.180000 -1.417596
v -0.865000 2.880000 -1.452596
v -0.995000 2.880000 -1.418406
v -0.865000 2.880000 -1.417596
v -0.995000 2.180000 -1.453406
v -0.995000 2.880000 -1.453406
v -0.865000 2.180000 1.452596
v -0.995000 2.180000 1.418406
v -0.865000 2.180000 1.417596
v -0.995000 2.880000 1.418406
v -0.865000 2.880000 1.452596
v -0.865000 2.880000 1.417596
v -0.995000 2.180000 1.453406
v -0.995000 2.880000 1.453406
v -2.345000 2.180000 -1.426820
v -2.215000 2.180000 -1.461010
v -2.215000 2.180000 -1.426010
v -2.215000 2.880000 -1.461010
v -2.345000 2.880000 -1.426820
v -2.215000 2.880000 -1.426010
v -2.345000 2.180000 -1.461820
v -2.345000 2.880000 -1.461820
v -2.215000 2.180000 1.461010
v -2.345000 2.180000 1.426820
v -2.215000 2.180000 1.426010
v -2.345000 2.880000 1.426820
v -2.215000 2.880000 1.461010
v -2.215000 2.880000 1.426010
v -2.345000 2.180000 1.461820
v -2.345000 2.880000 1.461820
v -3.695000 2.180000 -1.435234
v -3.565000 2.180000 -1.469424
v -3.565000 2.180000 -1.434424
v -3.565000 2.880000 -1.469424
v -3.695000 2.880000 -1.435234
v -3.565000 2.880000 -1.434424
v -3.695000 2.180000 -1.470234
v -3.695000 2.880000 -1.470234
v -3.565000 2.180000 1.469424
v -3.695000 2.180000 1.435234
v -3.565000 2.180000 1.434424
v -3.695000 2.880000 1.435234
v -3.565000 2.880000 1.469424
v -3.565000 2.880000 1.434424
v -3.695000 2.180000 1.470234
v -3.695000 2.880000 1.470234
v -5.045000 2.180000 -1.443648
v -4.915000 2.180000 -1.477837
v -4.915000 2.180000 -1.442837
v -4.915000 2.880000 -1.477837
v -5.045000 2.880000 -1.443648
v -4.915000 2.880000 -1.442837
v -5.045000 2.180000 -1.478648
v -5.045000 2.880000 -1.478648
v -4.915000 2.180000 1.477837
v -5.045000 2.180000 1.443648
v -4.915000 2.180000 1.442837
v -5.045000 2.880000 1.443648
v -4.915000 2.880000 1.477837
v -4.915000 2.880000 1.442837
v -5.045000 2.180000 1.478648
v -5.045000 2.880000 1.478648
v -6.815000 2.950000 -2.700000
v 4.085000 2.950000 2.660000
v -6.815000 2.950000 2.700000
v 4.085000 3.080000 -2.660000
v -6.815000 3.080000 2.700000
v 4.085000 3.080000 2.660000
v 4.085000 2.950000 -2.660000
v -6.815000 3.080000 -2.700000
v 3.685000 3.420000 -2.740000
v -2.065000 3.420000 -2.700000
v -2.065000 3.420000 -2.740000
v 3.685000 4.120000 -2.700000
v -2.065000 4.120000 -2.740000
v -2.065000 4.120000 -2.700000
v 3.685000 3.420000 -2.700000
v 3.685000 4.120000 -2.740000
v 1.825000 3.110000 -2.780000
v 0.345000 3.110000 -2.740000
v 0.345000 3.110000 -2.780000
v 1.825000 3.390000 -2.740000
v 0.345000 3.390000 -2.780000
v 0.345000 3.390000 -2.740000
v 1.825000 3.110000 -2.740000
v 1.825000 3.390000 -2.780000
v 3.685000 3.420000 2.700000
v -2.065000 3.420000 2.740000
v -2.065000 3.420000 2.700000
v 3.685000 4.120000 2.740000
v -2.065000 4.120000 2.700000
v -2.065000 4.120000 2.740000
v 3.685000 3.420000 2.740000
v 3.685000 4.120000 2.700000
v 1.825000 3.110000 2.740000
v 0.345000 3.110000 2.780000
v 0.345000 3.110000 2.740000
v 1.825000 3.390000 2.780000
v 0.345000 3.390000 2.740000
v 0.345000 3.390000 2.780000
v 1.825000 3.110000 2.780000
v 1.825000 3.390000 2.740000
v 3.085000 3.080000 1.475000
v 2.982056 3.860000 -1.476405
v 2.982056 3.860000 1.476405
v 2.892056 3.860000 1.476405
v 2.995000 3.080000 -1.475000
v 2.995000 3.080000 1.475000
v 3.085000 3.080000 -1.475000
v 2.892056 3.860000 -1.476405
v -2.265000 3.080000 -1.548000
v -2.265000 3.860000 -1.548000
v 2.982056 3.860000 -1.386405
v -2.265000 3.080000 -1.458000
v 3.085000 3.080000 -1.385000
v -2.265000 3.860000 -1.458000
v -2.265000 3.080000 1.548000
v -2.265000 3.080000 1.458000
v 2.982056 3.860000 1.386405
v 3.085000 3.080000 1.385000
v -2.265000 3.860000 1.548000
v -2.265000 3.860000 1.458000
v 2.857995 4.800000 1.478097
v 2.825000 5.050000 -1.478548
v 2.825000 5.050000 1.478548
v 2.735000 5.050000 1.478548
v 2.767995 4.800000 -1.478097
v 2.767995 4.800000 1.478097
v 2.857995 4.800000 -1.478097
v 2.735000 5.050000 -1.478548
v -2.265000 4.800000 -1.548000
v -2.265000 5.050000 -1.548000
v 2.825000 5.050000 -1.388548
v -2.265000 4.800000 -1.458000
v 2.857995 4.800000 -1.388097
v -2.265000 5.050000 -1.458000
v -2.265000 4.800000 1.548000
v -2.265000 4.800000 1.458000
v 2.825000 5.050000 1.388548
v 2.857995 4.800000 1.388097
v -2.265000 5.050000 1.548000
v -2.265000 5.050000 1.458000
v -2.265000 5.050000 0.230000
v -2.175000 5.050000 -1.548000
v -2.175000 3.080000 0.230000
v -2.175000 3.080000 -1.548000
v -2.265000 3.080000 0.230000
v -2.175000 5.050000 0.230000
v -2.265000 3.080000 1.250000
v -2.265000 5.050000 1.250000
v -2.175000 5.050000 1.250000
v -2.175000 3.080000 1.548000
v -2.175000 3.080000 1.250000
v -2.175000 5.050000 1.548000
v -2.265000 5.000000 0.230000
v -2.175000 5.000000 1.250000
v -2.175000 5.000000 0.230000
v -2.265000 5.000000 1.250000
v -2.175000 5.000000 -1.458000
v 2.741599 5.000000 1.385000
v -2.175000 5.000000 1.458000
v 2.741599 5.050000 -1.385000
v -2.175000 5.050000 1.458000
v 2.741599 5.050000 1.385000
v 2.741599 5.000000 -1.385000
v -2.175000 5.050000 -1.458000
v 2.405000 3.860000 -1.464278
v 2.535000 3.860000 -1.497505
v 2.535000 3.860000 -1.462505
v 2.535000 4.800000 -1.497505
v 2.405000 4.800000 -1.464278
v 2.535000 4.800000 -1.462505
v 2.405000 3.860000 -1.499279
v 2.405000 4.800000 -1.499279
v 2.535000 3.860000 1.497505
v 2.405000 3.860000 1.464278
v 2.535000 3.860000 1.462505
v 2.405000 4.800000 1.464278
v 2.535000 4.800000 1.497505
v 2.535000 4.800000 1.462505
v 2.405000 3.860000 1.499279
v 2.405000 4.800000 1.499279
v 1.255000 3.860000 -1.479970
v 1.385000 3.860000 -1.513196
v 1.385000 3.860000 -1.478196
v 1.385000 4.800000 -1.513196
v 1.255000 4.800000 -1.479970
v 1.385000 4.800000 -1.478196
v 1.255000 3.860000 -1.514970
v 1.255000 4.800000 -1.514970
v 1.385000 3.860000 1.513196
v 1.255000 3.860000 1.479970
v 1.385000 3.860000 1.478196
v 1.255000 4.800000 1.479970
v 1.385000 4.800000 1.513196
v 1.385000 4.800000 1.478196
v 1.255000 3.860000 1.514970
v 1.255000 4.800000 1.514970
v 0.105000 3.860000 -1.495662
v 0.235000 3.860000 -1.528888
v 0.235000 3.860000 -1.493888
v 0.235000 4.800000 -1.528888
v 0.105000 4.800000 -1.495662
v 0.235000 4.800000 -1.493888
v 0.105000 3.860000 -1.530662
v 0.105000 4.800000 -1.530662
v 0.235000 3.860000 1.528888
v 0.105000 3.860000 1.495662
v 0.235000 3.860000 1.493888
v 0.105000 4.800000 1.495662
v 0.235000 4.800000 1.528888
v 0.235000 4.800000 1.493888
v 0.105000 3.860000 1.530662
v 0.105000 4.800000 1.530662
v -1.045000 3.860000 -1.511353
v -0.915000 3.860000 -1.544579
v -0.915000 3.860000 -1.509579
v -0.915000 4.800000 -1.544579
v -1.045000 4.800000 -1.511353
v -0.915000 4.800000 -1.509579
v -1.045000 3.860000 -1.546353
v -1.045000 4.800000 -1.546353
v -0.915000 3.860000 1.544579
v -1.045000 3.860000 1.511353
v -0.915000 3.860000 1.509579
v -1.045000 4.800000 1.511353
v -0.915000 4.800000 1.544579
v -0.915000 4.800000 1.509579
v -1.045000 3.860000 1.546353
v -1.045000 4.800000 1.546353
v 2.864137 3.100000 -1.260000
v 2.264137 3.100000 1.260000
v 2.264137 3.100000 -1.260000
v 2.864137 3.960000 1.260000
v 2.264137 3.960000 -1.260000
v 2.264137 3.960000 1.260000
v 2.864137 3.100000 1.260000
v 2.864137 3.960000 -1.260000
v 2.751181 4.098891 -0.295227
v 2.755969 4.110752 -0.298000
v 2.759025 4.108168 -0.298000
v 2.744890 4.091452 -0.287458
v 2.748125 4.101475 -0.295227
v 2.738343 4.089907 -0.276231
v 2.741834 4.094036 -0.287458
v 2.741400 4.087323 -0.263769
v 2.741400 4.087323 -0.276231
v 2.744890 4.091452 -0.252542
v 2.738343 4.089907 -0.263769
v 2.748125 4.101475 -0.244773
v 2.741834 4.094036 -0.252542
v 2.751181 4.098891 -0.244773
v 2.755969 4.110752 -0.242000
v 2.759025 4.108168 -0.242000
v 2.763813 4.120029 -0.244773
v 2.766869 4.117445 -0.244773
v 2.770103 4.127469 -0.252542
v 2.776650 4.129014 -0.263769
v 2.773159 4.124885 -0.252542
v 2.776650 4.129014 -0.276231
v 2.773594 4.131598 -0.263769
v 2.770103 4.127469 -0.287458
v 2.773594 4.131598 -0.276231
v 2.766869 4.117445 -0.295227
v 2.773159 4.124885 -0.287458
v 2.763813 4.120029 -0.295227
v 2.751181 4.098891 -0.395227
v 2.755969 4.110752 -0.398000
v 2.759025 4.108168 -0.398000
v 2.744890 4.091452 -0.387458
v 2.748125 4.101475 -0.395227
v 2.738343 4.089907 -0.376231
v 2.741834 4.094036 -0.387458
v 2.741400 4.087323 -0.363769
v 2.741400 4.087323 -0.376231
v 2.744890 4.091452 -0.352542
v 2.738343 4.089907 -0.363769
v 2.748125 4.101475 -0.344773
v 2.741834 4.094036 -0.352542
v 2.751181 4.098891 -0.344773
v 2.755969 4.110752 -0.342000
v 2.759025 4.108168 -0.342000
v 2.763813 4.120029 -0.344773
v 2.766869 4.117445 -0.344773
v 2.770103 4.127469 -0.352542
v 2.776650 4.129014 -0.363769
v 2.773159 4.124885 -0.352542
v 2.776650 4.129014 -0.376231
v 2.773594 4.131598 -0.363769
v 2.770103 4.127469 -0.387458
v 2.773594 4.131598 -0.376231
v 2.766869 4.117445 -0.395227
v 2.773159 4.124885 -0.387458
v 2.763813 4.120029 -0.395227
v 2.751181 4.098891 -0.495227
v 2.755969 4.110752 -0.498000
v 2.759025 4.108168 -0.498000
v 2.744890 4.091452 -0.487458
v 2.748125 4.101475 -0.495227
v 2.738343 4.089907 -0.476231
v 2.741834 4.094036 -0.487458
v 2.741400 4.087323 -0.463769
v 2.741400 4.087323 -0.476231
v 2.744890 4.091452 -0.452542
v 2.738343 4.089907 -0.463769
v 2.748125 4.101475 -0.444773
v 2.741834 4.094036 -0.452542
v 2.751181 4.098891 -0.444773
v 2.755969 4.110752 -0.442000
v 2.759025 4.108168 -0.442000
v 2.763813 4.120029 -0.444773
v 2.766869 4.117445 -0.444773
v 2.770103 4.127469 -0.452542
v 2.776650 4.129014 -0.463769
v 2.773159 4.124885 -0.452542
v 2.776650 4.129014 -0.476231
v 2.773594 4.131598 -0.463769
v 2.770103 4.127469 -0.487458
v 2.773594 4.131598 -0.476231
v 2.766869 4.117445 -0.495227
v 2.773159 4.124885 -0.487458
v 2.763813 4.120029 -0.495227
v 2.751181 4.098891 -0.595227
v 2.755969 4.110752 -0.598000
v 2.759025 4.108168 -0.598000
v 2.744890 4.091452 -0.587458
v 2.748125 4.101475 -0.595227
v 2.738343 4.089907 -0.576231
v 2.741834 4.094036 -0.587458
v 2.741400 4.087323 -0.563769
v 2.741400 4.087323 -0.576231
v 2.744890 4.091452 -0.552542
v 2.738343 4.089907 -0.563769
v 2.748125 4.101475 -0.544773
v 2.741834 4.094036 -0.552542
v 2.751181 4.098891 -0.544773
v 2.755969 4.110752 -0.542000
v 2.759025 4.108168 -0.542000
v 2.763813 4.120029 -0.544773
v 2.766869 4.117445 -0.544773
v 2.770103 4.127469 -0.552542
v 2.776650 4.129014 -0.563769
v 2.773159 4.124885 -0.552542
v 2.776650 4.129014 -0.576231
v 2.773594 4.131598 -0.563769
v 2.770103 4.127469 -0.587458
v 2.773594 4.131598 -0.576231
v 2.766869 4.117445 -0.595227
v 2.773159 4.124885 -0.587458
v 2.763813 4.120029 -0.595227
v 2.751181 4.098891 -0.695227
v 2.755969 4.110752 -0.698000
v 2.759025 4.108168 -0.698000
v 2.744890 4.091452 -0.687458
v 2.748125 4.101475 -0.695227
v 2.738343 4.089907 -0.676231
v 2.741834 4.094036 -0.687458
v 2.741400 4.087323 -0.663769
v 2.741400 4.087323 -0.676231
v 2.744890 4.091452 -0.652542
v 2.738343 4.089907 -0.663769
v 2.748125 4.101475 -0.644773
v 2.741834 4.094036 -0.652542
v 2.751181 4.098891 -0.644773
v 2.755969 4.110752 -0.642000
v 2.759025 4.108168 -0.642000
v 2.763813 4.120029 -0.644773
v 2.766869 4.117445 -0.644773
v 2.770103 4.127469 -0.652542
v 2.776650 4.129014 -0.663769
v 2.773159 4.124885 -0.652542
v 2.776650 4.129014 -0.676231
v 2.773594 4.131598 -0.663769
v 2.770103 4.127469 -0.687458
v 2.773594 4.131598 -0.676231
v 2.766869 4.117445 -0.695227
v 2.773159 4.124885 -0.687458
v 2.763813 4.120029 -0.695227
v 2.751181 4.098891 -0.795227
v 2.755969 4.110752 -0.798000
v 2.759025 4.108168 -0.798000
v 2.744890 4.091452 -0.787458
v 2.748125 4.101475 -0.795227
v 2.738343 4.089907 -0.776231
v 2.741834 4.094036 -0.787458
v 2.741400 4.087323 -0.763769
v 2.741400 4.087323 -0.776231
v 2.744890 4.091452 -0.752542
v 2.738343 4.089907 -0.763769
v 2.748125 4.101475 -0.744773
v 2.741834 4.094036 -0.752542
v 2.751181 4.098891 -0.744773
v 2.755969 4.110752 -0.742000
v 2.759025 4.108168 -0.742000
v 2.763813 4.120029 -0.744773
v 2.766869 4.117445 -0.744773
v 2.770103 4.127469 -0.752542
v 2.776650 4.129014 -0.763769
v 2.773159 4.124885 -0.752542
v 2.776650 4.129014 -0.776231
v 2.773594 4.131598 -0.763769
v 2.770103 4.127469 -0.787458
v 2.773594 4.131598 -0.776231
v 2.766869 4.117445 -0.795227
v 2.773159 4.124885 -0.787458
v 2.763813 4.120029 -0.795227
v 2.538637 4.052000 -0.126847
v 2.554137 4.064000 -0.131000
v 2.554137 4.052000 -0.131000
v 2.527290 4.052000 -0.115500
v 2.538637 4.064000 -0.126847
v 2.523137 4.052000 -0.100000
v 2.527290 4.064000 -0.115500
v 2.527290 4.052000 -0.084500
v 2.523137 4.064000 -0.100000
v 2.538637 4.052000 -0.073153
v 2.527290 4.064000 -0.084500
v 2.554137 4.052000 -0.069000
v 2.538637 4.064000 -0.073153
v 2.569637 4.052000 -0.073153
v 2.554137 4.064000 -0.069000
v 2.580984 4.052000 -0.084500
v 2.569637 4.064000 -0.073153
v 2.585137 4.052000 -0.100000
v 2.580984 4.064000 -0.084500
v 2.580984 4.052000 -0.115500
v 2.585137 4.064000 -0.100000
v 2.569637 4.052000 -0.126847
v 2.580984 4.064000 -0.115500
v 2.569637 4.064000 -0.126847
v 2.864137 4.560000 -0.060000
v 2.464137 4.560000 1.000000
v 2.464137 4.560000 -0.060000
v 2.864137 5.000000 1.000000
v 2.464137 5.000000 -0.060000
v 2.464137 5.000000 1.000000
v 2.864137 4.560000 1.000000
v 2.864137 5.000000 -0.060000
v 2.864137 4.440000 0.750000
v 2.684137 4.440000 0.950000
v 2.684137 4.440000 0.750000
v 2.864137 4.560000 0.950000
v 2.684137 4.560000 0.750000
v 2.684137 4.560000 0.950000
v 2.864137 4.440000 0.950000
v 2.864137 4.560000 0.750000
v 2.235000 3.100000 0.600000
v 1.375000 3.100000 1.320000
v 1.375000 3.100000 0.600000
v 2.235000 3.780000 1.320000
v 1.375000 3.780000 0.600000
v 1.375000 3.780000 1.320000
v 2.235000 3.100000 1.320000
v 2.235000 3.780000 0.600000
v 0.349941 6.467854 -0.568623
v 0.395000 6.443556 -0.560669
v 0.385000 6.473556 -0.550669
v 0.345420 6.445126 -0.614958
v 0.359942 6.437855 -0.578623
v 0.349941 6.491110 -0.638389
v 0.335420 6.475126 -0.604958
v 0.385000 6.506444 -0.649332
v 0.359942 6.461110 -0.648389
v 0.430058 6.482145 -0.641377
v 0.395000 6.476444 -0.659332
v 0.434580 6.504874 -0.595042
v 0.420058 6.512145 -0.631377
v 0.430058 6.458890 -0.571611
v 0.444580 6.474874 -0.605042
v 0.420058 6.488890 -0.561611
v 0.385000 6.506444 0.649332
v 0.359942 6.461110 0.648389
v 0.395000 6.476444 0.659332
v 0.349941 6.491110 0.638389
v 0.345420 6.445126 0.614958
v 0.349941 6.467854 0.568623
v 0.335420 6.475126 0.604958
v 0.395000 6.443556 0.560669
v 0.359942 6.437855 0.578623
v 0.420058 6.488890 0.561611
v 0.385000 6.473556 0.550669
v 0.434580 6.504874 0.595042
v 0.430058 6.458890 0.571611
v 0.430058 6.482145 0.641377
v 0.444580 6.474874 0.605042
v 0.420058 6.512145 0.631377
v 0.298557 7.700000 -0.050159
v 0.335000 7.880000 -0.062000
v 0.335000 7.700000 -0.062000
v 0.276034 7.700000 -0.019159
v 0.298557 7.880000 -0.050159
v 0.276034 7.700000 0.019159
v 0.276034 7.880000 -0.019159
v 0.298557 7.700000 0.050159
v 0.276034 7.880000 0.019159
v 0.335000 7.700000 0.062000
v 0.298557 7.880000 0.050159
v 0.371443 7.700000 0.050159
v 0.335000 7.880000 0.062000
v 0.393965 7.700000 0.019159
v 0.371443 7.880000 0.050159
v 0.393965 7.700000 -0.019159
v 0.393965 7.880000 0.019159
v 0.371443 7.700000 -0.050159
v 0.393965 7.880000 -0.019159
v 0.371443 7.880000 -0.050159
v 2.135000 5.850000 -0.346410
v 2.335000 6.060000 -0.400000
v 2.335000 5.850000 -0.400000
v 1.988590 5.850000 -0.200000
v 2.135000 6.060000 -0.346410
v 1.935000 5.850000 -0.000000
v 1.988590 6.060000 -0.200000
v 1.988590 5.850000 0.200000
v 1.935000 6.060000 -0.000000
v 2.135000 5.850000 0.346410
v 1.988590 6.060000 0.200000
v 2.335000 5.850000 0.400000
v 2.135000 6.060000 0.346410
v 2.535000 5.850000 0.346410
v 2.335000 6.060000 0.400000
v 2.681410 5.850000 0.200000
v 2.535000 6.060000 0.346410
v 2.735000 5.850000 0.000000
v 2.681410 6.060000 0.200000
v 2.681410 5.850000 -0.200000
v 2.735000 6.060000 0.000000
v 2.535000 5.850000 -0.346410
v 2.681410 6.060000 -0.200000
v 2.535000 6.060000 -0.346410
v 2.170000 6.150000 -0.285788
v 2.335000 6.150000 -0.330000
v 2.049212 6.150000 -0.165000
v 2.005000 6.150000 -0.000000
v 2.049212 6.150000 0.165000
v 2.170000 6.150000 0.285788
v 2.500000 6.150000 0.285788
v 2.335000 6.150000 0.330000
v 2.665000 6.150000 0.000000
v 2.620788 6.150000 0.165000
v 2.500000 6.150000 -0.285788
v 2.620788 6.150000 -0.165000
v 2.335000 6.210000 -0.180000
v 2.245000 6.210000 -0.155885
v 2.155000 6.210000 -0.000000
v 2.179115 6.210000 -0.090000
v 2.179115 6.210000 0.090000
v 2.245000 6.210000 0.155885
v 2.335000 6.210000 0.180000
v 2.425000 6.210000 0.155885
v 2.515000 6.210000 0.000000
v 2.490884 6.210000 0.090000
v 2.490884 6.210000 -0.090000
v 2.425000 6.210000 -0.155885
v -1.515000 6.100000 -0.170000
v -1.915000 6.100000 0.170000
v -1.915000 6.100000 -0.170000
v -1.515000 6.280000 0.170000
v -1.915000 6.280000 -0.170000
v -1.915000 6.280000 0.170000
v -1.515000 6.100000 0.170000
v -1.515000 6.280000 -0.170000
v -1.715000 6.161109 0.038891
v -0.765000 6.200000 0.036000
v -1.715000 6.200000 0.055000
v -1.715000 6.145000 -0.000000
v -0.765000 6.174544 0.025456
v -1.715000 6.161109 -0.038891
v -0.765000 6.164000 0.000000
v -0.765000 6.200000 -0.036000
v -0.765000 6.174544 -0.025456
v -1.715000 6.238891 -0.038891
v -1.715000 6.200000 -0.055000
v -1.715000 6.255000 0.000000
v -0.765000 6.225456 -0.025456
v -1.715000 6.238891 0.038891
v -0.765000 6.236000 -0.000000
v -0.765000 6.225456 0.025456
v -2.665000 6.200000 -0.036000
v -2.665000 6.174544 -0.025456
v -2.665000 6.164000 -0.000000
v -2.665000 6.200000 0.036000
v -2.665000 6.174544 0.025456
v -2.665000 6.225456 0.025456
v -2.665000 6.236000 0.000000
v -2.665000 6.225456 -0.025456
v 1.275000 5.720000 -0.190526
v 1.385000 5.940000 -0.220000
v 1.385000 5.720000 -0.220000
v 1.194474 5.720000 -0.110000
v 1.275000 5.940000 -0.190526
v 1.165000 5.720000 -0.000000
v 1.194474 5.940000 -0.110000
v 1.194474 5.720000 0.110000
v 1.165000 5.940000 -0.000000
v 1.275000 5.720000 0.190526
v 1.194474 5.940000 0.110000
v 1.385000 5.720000 0.220000
v 1.275000 5.940000 0.190526
v 1.495000 5.720000 0.190526
v 1.385000 5.940000 0.220000
v 1.575526 5.720000 0.110000
v 1.495000 5.940000 0.190526
v 1.605000 5.720000 0.000000
v 1.575526 5.940000 0.110000
v 1.575526 5.720000 -0.110000
v 1.605000 5.940000 0.000000
v 1.495000 5.720000 -0.190526
v 1.575526 5.940000 -0.110000
v 1.495000 5.940000 -0.190526
v -0.865000 5.553452 -0.072314
v -0.795000 5.680000 -0.050000
v -0.865000 5.680000 -0.050000
v -0.865000 5.442168 -0.136564
v -0.795000 5.553452 -0.072314
v -0.865000 5.359571 -0.235000
v -0.795000 5.442168 -0.136564
v -0.865000 5.315621 -0.355750
v -0.795000 5.359571 -0.235000
v -0.865000 5.315621 -0.484250
v -0.795000 5.315621 -0.355750
v -0.865000 5.359571 -0.605000
v -0.795000 5.315621 -0.484250
v -0.865000 5.442168 -0.703436
v -0.795000 5.359571 -0.605000
v -0.865000 5.553452 -0.767686
v -0.795000 5.442168 -0.703436
v -0.865000 5.680000 -0.790000
v -0.795000 5.553452 -0.767686
v -0.865000 5.806547 -0.767686
v -0.795000 5.680000 -0.790000
v -0.865000 5.917831 -0.703436
v -0.795000 5.806547 -0.767686
v -0.865000 6.000429 -0.605000
v -0.795000 5.917831 -0.703436
v -0.865000 6.044379 -0.484250
v -0.795000 6.000429 -0.605000
v -0.865000 6.044379 -0.355750
v -0.795000 6.044379 -0.484250
v -0.865000 6.000429 -0.235000
v -0.795000 6.044379 -0.355750
v -0.865000 5.917831 -0.136564
v -0.795000 6.000429 -0.235000
v -0.865000 5.806547 -0.072314
v -0.795000 5.917831 -0.136564
v -0.795000 5.806547 -0.072314
v 1.665000 5.553452 -0.072314
v 1.735000 5.680000 -0.050000
v 1.665000 5.680000 -0.050000
v 1.665000 5.442168 -0.136564
v 1.735000 5.553452 -0.072314
v 1.665000 5.359571 -0.235000
v 1.735000 5.442168 -0.136564
v 1.665000 5.315621 -0.355750
v 1.735000 5.359571 -0.235000
v 1.665000 5.315621 -0.484250
v 1.735000 5.315621 -0.355750
v 1.665000 5.359571 -0.605000
v 1.735000 5.315621 -0.484250
v 1.665000 5.442168 -0.703436
v 1.735000 5.359571 -0.605000
v 1.665000 5.553452 -0.767686
v 1.735000 5.442168 -0.703436
v 1.665000 5.680000 -0.790000
v 1.735000 5.553452 -0.767686
v 1.665000 5.806547 -0.767686
v 1.735000 5.680000 -0.790000
v 1.665000 5.917831 -0.703436
v 1.735000 5.806547 -0.767686
v 1.665000 6.000429 -0.605000
v 1.735000 5.917831 -0.703436
v 1.665000 6.044379 -0.484250
v 1.735000 6.000429 -0.605000
v 1.665000 6.044379 -0.355750
v 1.735000 6.044379 -0.484250
v 1.665000 6.000429 -0.235000
v 1.735000 6.044379 -0.355750
v 1.665000 5.917831 -0.136564
v 1.735000 6.000429 -0.235000
v 1.665000 5.806547 -0.072314
v 1.735000 5.917831 -0.136564
v 1.735000 5.806547 -0.072314
v -0.535000 5.180000 -0.720000
v -0.635000 5.180000 -0.120000
v -0.635000 5.180000 -0.720000
v -0.535000 5.310000 -0.120000
v -0.635000 5.310000 -0.720000
v -0.635000 5.310000 -0.120000
v -0.535000 5.180000 -0.120000
v -0.535000 5.310000 -0.720000
v 1.445000 5.180000 -0.720000
v 1.345000 5.180000 -0.120000
v 1.345000 5.180000 -0.720000
v 1.445000 5.310000 -0.120000
v 1.345000 5.310000 -0.720000
v 1.345000 5.310000 -0.120000
v 1.445000 5.180000 -0.120000
v 1.445000 5.310000 -0.720000
v -0.535000 5.567133 0.730099
v -0.465000 5.680000 0.750000
v -0.535000 5.680000 0.750000
v -0.535000 5.467880 0.672795
v -0.465000 5.567133 0.730099
v -0.535000 5.394211 0.585000
v -0.465000 5.467880 0.672795
v -0.535000 5.355013 0.477304
v -0.465000 5.394211 0.585000
v -0.535000 5.355013 0.362696
v -0.465000 5.355013 0.477304
v -0.535000 5.394211 0.255000
v -0.465000 5.355013 0.362696
v -0.535000 5.467880 0.167205
v -0.465000 5.394211 0.255000
v -0.535000 5.567133 0.109901
v -0.465000 5.467880 0.167205
v -0.535000 5.680000 0.090000
v -0.465000 5.567133 0.109901
v -0.535000 5.792867 0.109901
v -0.465000 5.680000 0.090000
v -0.535000 5.892120 0.167205
v -0.465000 5.792867 0.109901
v -0.535000 5.965788 0.255000
v -0.465000 5.892120 0.167205
v -0.535000 6.004986 0.362696
v -0.465000 5.965788 0.255000
v -0.535000 6.004986 0.477304
v -0.465000 6.004986 0.362696
v -0.535000 5.965788 0.585000
v -0.465000 6.004986 0.477304
v -0.535000 5.892120 0.672795
v -0.465000 5.965788 0.585000
v -0.535000 5.792867 0.730099
v -0.465000 5.892120 0.672795
v -0.465000 5.792867 0.730099
v 1.335000 5.567133 0.730099
v 1.405000 5.680000 0.750000
v 1.335000 5.680000 0.750000
v 1.335000 5.467880 0.672795
v 1.405000 5.567133 0.730099
v 1.335000 5.394211 0.585000
v 1.405000 5.467880 0.672795
v 1.335000 5.355013 0.477304
v 1.405000 5.394211 0.585000
v 1.335000 5.355013 0.362696
v 1.405000 5.355013 0.477304
v 1.335000 5.394211 0.255000
v 1.405000 5.355013 0.362696
v 1.335000 5.467880 0.167205
v 1.405000 5.394211 0.255000
v 1.335000 5.567133 0.109901
v 1.405000 5.467880 0.167205
v 1.335000 5.680000 0.090000
v 1.405000 5.567133 0.109901
v 1.335000 5.792867 0.109901
v 1.405000 5.680000 0.090000
v 1.335000 5.892120 0.167205
v 1.405000 5.792867 0.109901
v 1.335000 5.965788 0.255000
v 1.405000 5.892120 0.167205
v 1.335000 6.004986 0.362696
v 1.405000 5.965788 0.255000
v 1.335000 6.004986 0.477304
v 1.405000 6.004986 0.362696
v 1.335000 5.965788 0.585000
v 1.405000 6.004986 0.477304
v 1.335000 5.892120 0.672795
v 1.405000 5.965788 0.585000
v 1.335000 5.792867 0.730099
v 1.405000 5.892120 0.672795
v 1.405000 5.792867 0.730099
v -0.205000 5.180000 0.120000
v -0.305000 5.180000 0.720000
v -0.305000 5.180000 0.120000
v -0.205000 5.350000 0.720000
v -0.305000 5.350000 0.120000
v -0.305000 5.350000 0.720000
v -0.205000 5.180000 0.720000
v -0.205000 5.350000 0.120000
v 1.115000 5.180000 0.120000
v 1.015000 5.180000 0.720000
v 1.015000 5.180000 0.120000
v 1.115000 5.350000 0.720000
v 1.015000 5.350000 0.120000
v 1.015000 5.350000 0.720000
v 1.115000 5.180000 0.720000
v 1.115000 5.350000 0.120000
v 1.229183 3.960533 2.830000
v 1.236127 3.919621 2.881423
v 1.251727 3.929962 2.830000
v 1.178005 3.918688 2.908785
v 1.196626 3.893435 2.908785
v 1.136283 3.884575 2.899282
v 1.151708 3.863658 2.899282
v 1.109052 3.862310 2.857362
v 1.122389 3.844223 2.857362
v 1.122389 3.844223 2.802638
v 1.109052 3.862310 2.802638
v 1.151708 3.863658 2.760718
v 1.136283 3.884575 2.760718
v 1.196626 3.893435 2.751215
v 1.178005 3.918688 2.751215
v 1.236127 3.919621 2.778577
v 1.203700 3.988701 2.830000
v 1.214694 3.948686 2.881423
v 1.190466 3.975466 2.881423
v 1.118848 3.903848 2.899282
v 1.093975 3.878975 2.857362
v 1.118848 3.903848 2.760718
v 1.190466 3.975466 2.778577
v 1.214694 3.948686 2.778577
v 1.163686 3.999694 2.881423
v 1.156955 3.941955 2.908785
v 1.099575 3.921283 2.899282
v 1.077310 3.894052 2.857362
v 1.093975 3.878975 2.802638
v 1.077310 3.894052 2.802638
v 1.099575 3.921283 2.760718
v 1.156955 3.941955 2.751215
v 1.163686 3.999694 2.778577
v 1.144962 4.036727 2.830000
v 1.175533 4.014184 2.830000
v 1.108435 3.981627 2.908785
v 1.133687 3.963005 2.908785
v 1.078658 3.936708 2.899282
v 1.059222 3.907390 2.857362
v 1.078658 3.936708 2.760718
v 1.133687 3.963005 2.751215
v 1.108435 3.981627 2.751215
v 0.725038 4.036727 2.830000
v 0.706314 3.999694 2.881423
v 0.735379 4.021127 2.881423
v 0.761565 3.981627 2.908785
v 0.736312 3.963005 2.908785
v 0.791342 3.936708 2.899282
v 0.792690 3.894052 2.857362
v 0.810777 3.907390 2.857362
v 0.810777 3.907390 2.802638
v 0.792690 3.894052 2.802638
v 0.791342 3.936708 2.760718
v 0.736312 3.963005 2.751215
v 0.761565 3.981627 2.751215
v 0.706314 3.999694 2.778577
v 0.735379 4.021127 2.778577
v 0.666299 3.988701 2.830000
v 0.694467 4.014184 2.830000
v 0.679534 3.975466 2.881423
v 0.713045 3.941955 2.908785
v 0.770425 3.921283 2.899282
v 0.751152 3.903848 2.899282
v 0.776025 3.878975 2.857362
v 0.751152 3.903848 2.760718
v 0.770425 3.921283 2.760718
v 0.713045 3.941955 2.751215
v 0.679534 3.975466 2.778577
v 0.655306 3.948686 2.881423
v 0.691995 3.918688 2.908785
v 0.760948 3.862310 2.857362
v 0.776025 3.878975 2.802638
v 0.760948 3.862310 2.802638
v 0.691995 3.918688 2.751215
v 0.655306 3.948686 2.778577
v 0.640816 3.960533 2.830000
v 0.633873 3.919621 2.881423
v 0.673373 3.893435 2.908785
v 0.733716 3.884575 2.899282
v 0.747610 3.844223 2.857362
v 0.747610 3.844223 2.802638
v 0.733716 3.884575 2.760718
v 0.673373 3.893435 2.751215
v 0.633873 3.919621 2.778577
v 0.640816 3.479467 2.830000
v 0.633873 3.520380 2.881423
v 0.618273 3.510038 2.830000
v 0.691995 3.521312 2.908785
v 0.673373 3.546565 2.908785
v 0.733716 3.555425 2.899282
v 0.718292 3.576342 2.899282
v 0.747610 3.595778 2.857362
v 0.760948 3.577690 2.857362
v 0.747610 3.595778 2.802638
v 0.733716 3.555425 2.760718
v 0.718292 3.576342 2.760718
v 0.673373 3.546565 2.751215
v 0.691995 3.521312 2.751215
v 0.633873 3.520380 2.778577
v 0.666299 3.451299 2.830000
v 0.655306 3.491314 2.881423
v 0.679534 3.464534 2.881423
v 0.751152 3.536152 2.899282
v 0.776025 3.561025 2.857362
v 0.760948 3.577690 2.802638
v 0.751152 3.536152 2.760718
v 0.679534 3.464534 2.778577
v 0.655306 3.491314 2.778577
v 0.706314 3.440306 2.881423
v 0.736312 3.476995 2.908785
v 0.713045 3.498045 2.908785
v 0.770425 3.518717 2.899282
v 0.792690 3.545948 2.857362
v 0.776025 3.561025 2.802638
v 0.792690 3.545948 2.802638
v 0.770425 3.518717 2.760718
v 0.713045 3.498045 2.751215
v 0.736312 3.476995 2.751215
v 0.706314 3.440306 2.778577
v 0.694467 3.425817 2.830000
v 0.735379 3.418873 2.881423
v 0.791342 3.503292 2.899282
v 0.810777 3.532610 2.857362
v 0.791342 3.503292 2.760718
v 0.735379 3.418873 2.778577
v 1.175533 3.425817 2.830000
v 1.134620 3.418873 2.881423
v 1.144962 3.403273 2.830000
v 1.133687 3.476995 2.908785
v 1.108435 3.458374 2.908785
v 1.078658 3.503292 2.899282
v 1.077310 3.545948 2.857362
v 1.059222 3.532610 2.857362
v 1.059222 3.532610 2.802638
v 1.077310 3.545948 2.802638
v 1.078658 3.503292 2.760718
v 1.133687 3.476995 2.751215
v 1.108435 3.458374 2.751215
v 1.134620 3.418873 2.778577
v 1.203700 3.451299 2.830000
v 1.163686 3.440306 2.881423
v 1.156955 3.498045 2.908785
v 1.099575 3.518717 2.899282
v 1.118848 3.536152 2.899282
v 1.093975 3.561025 2.857362
v 1.118848 3.536152 2.760718
v 1.099575 3.518717 2.760718
v 1.156955 3.498045 2.751215
v 1.163686 3.440306 2.778577
v 1.214694 3.491314 2.881423
v 1.190466 3.464534 2.881423
v 1.178005 3.521312 2.908785
v 1.109052 3.577690 2.857362
v 1.093975 3.561025 2.802638
v 1.109052 3.577690 2.802638
v 1.178005 3.521312 2.751215
v 1.190466 3.464534 2.778577
v 1.214694 3.491314 2.778577
v 1.229183 3.479467 2.830000
v 1.236127 3.520380 2.881423
v 1.196626 3.546565 2.908785
v 1.136283 3.555425 2.899282
v 1.151708 3.576342 2.899282
v 1.122389 3.595778 2.857362
v 1.151708 3.576342 2.760718
v 1.136283 3.555425 2.760718
v 1.196626 3.546565 2.751215
v 1.236127 3.520380 2.778577
v -4.665000 3.080000 -0.950000
v -3.065000 3.080000 0.950000
v -4.665000 3.080000 0.950000
v -3.065000 3.670000 -0.950000
v -4.665000 3.670000 0.950000
v -3.065000 3.670000 0.950000
v -3.065000 3.080000 -0.950000
v -4.665000 3.670000 -0.950000
v -6.265000 3.080000 -0.950000
v -5.065000 3.080000 0.950000
v -6.265000 3.080000 0.950000
v -5.065000 3.450000 -0.950000
v -6.265000 3.450000 0.950000
v -5.065000 3.450000 0.950000
v -5.065000 3.080000 -0.950000
v -6.265000 3.450000 -0.950000
v -8.265000 0.660000 -0.700000
v -7.065000 0.660000 0.700000
v -8.265000 0.660000 0.700000
v -7.065000 1.070000 -0.700000
v -8.265000 1.070000 0.700000
v -7.065000 1.070000 0.700000
v -7.065000 0.660000 -0.700000
v -8.265000 1.070000 -0.700000
v -8.285000 1.070000 -0.720000
v -7.045000 1.070000 0.720000
v -8.285000 1.070000 0.720000
v -7.045000 1.140000 -0.720000
v -8.285000 1.140000 0.720000
v -7.045000 1.140000 0.720000
v -7.045000 1.070000 -0.720000
v -8.285000 1.140000 -0.720000
v 6.527000 5.690191 0.554256
v 6.496002 4.540191 0.563255
v 6.507000 4.540191 0.574256
v 6.516002 5.690191 0.543255
v 6.507000 4.539809 0.552260
v 6.537998 5.689809 0.543261
v 6.527000 5.689809 0.532260
v 6.517998 4.539809 0.563261
v 6.583000 5.690191 0.554256
v 6.552001 4.540191 0.563255
v 6.563000 4.540191 0.574256
v 6.572001 5.690191 0.543255
v 6.563000 4.539809 0.552260
v 6.593998 5.689809 0.543261
v 6.583000 5.689809 0.532260
v 6.573998 4.539809 0.563261
v 6.514094 5.691435 0.543129
v 6.025000 1.922984 0.894214
v 6.525000 5.690989 0.554214
v 6.525000 5.689012 0.532303
v 6.014094 1.923430 0.883129
v 6.035905 1.920560 0.883388
v 6.025000 1.921006 0.872303
v 6.535905 5.688565 0.543388
v -7.031667 5.481538 2.793853
v -7.548334 5.481538 2.811070
v -7.031667 5.481538 2.817853
v -7.031667 5.550769 2.817853
v -7.548334 5.481538 2.787070
v -7.548334 5.550769 2.811070
v -7.548334 5.550769 2.787070
v -8.065001 5.481538 2.863888
v -8.065001 5.481538 2.887888
v -8.065001 5.550769 2.887888
v -8.065001 5.550769 2.863888
v -7.031667 5.343077 2.793853
v -7.548334 5.343077 2.811070
v -7.031667 5.343077 2.817853
v -7.031667 5.412308 2.817853
v -7.548334 5.343077 2.787070
v -7.548334 5.412308 2.811070
v -7.548334 5.412308 2.787070
v -8.065001 5.343077 2.863888
v -8.065001 5.343077 2.887888
v -8.065001 5.412308 2.887888
v -8.065001 5.412308 2.863888
v -7.031667 5.204616 2.793853
v -7.548334 5.204616 2.811070
v -7.031667 5.204616 2.817853
v -7.031667 5.273846 2.817853
v -7.548334 5.273846 2.811070
v -7.548334 5.204616 2.787070
v -7.548334 5.273846 2.787070
v -8.065001 5.204616 2.863888
v -8.065001 5.204616 2.887888
v -8.065001 5.273846 2.887888
v -8.065001 5.273846 2.863888
v -6.515000 5.066154 2.878000
v -7.031667 5.066154 2.817853
v -7.031667 5.066154 2.793853
v -6.515000 5.135385 2.902000
v -6.515000 5.066154 2.902000
v -7.031667 5.135385 2.817853
v -7.031667 5.135385 2.793853
v -6.515000 5.135385 2.878000
v -7.548334 5.066154 2.811070
v -7.548334 5.135385 2.811070
v -7.548334 5.066154 2.787070
v -7.548334 5.135385 2.787070
v -8.065001 5.066154 2.863888
v -8.065001 5.066154 2.887888
v -8.065001 5.135385 2.887888
v -8.065001 5.135385 2.863888
v -6.515000 4.927692 2.878000
v -7.031667 4.927692 2.817853
v -7.031667 4.927692 2.793853
v -6.515000 4.996923 2.902000
v -6.515000 4.927692 2.902000
v -7.031667 4.996923 2.817853
v -7.031667 4.996923 2.793853
v -6.515000 4.996923 2.878000
v -7.548334 4.927692 2.811070
v -7.548334 4.927692 2.787070
v -7.548334 4.996923 2.811070
v -7.548334 4.996923 2.787070
v -8.065001 4.927692 2.863888
v -8.065001 4.927692 2.887888
v -8.065001 4.996923 2.887888
v -8.065001 4.996923 2.863888
v -6.515000 4.789231 2.878000
v -7.031667 4.789231 2.817853
v -7.031667 4.789231 2.793853
v -6.515000 4.858461 2.902000
v -6.515000 4.789231 2.902000
v -7.031667 4.858461 2.817853
v -7.031667 4.858461 2.793853
v -6.515000 4.858461 2.878000
v -7.548334 4.789231 2.811070
v -7.548334 4.858461 2.811070
v -7.548334 4.789231 2.787070
v -7.548334 4.858461 2.787070
v -8.065001 4.789231 2.863888
v -8.065001 4.789231 2.887888
v -8.065001 4.858461 2.887888
v -8.065001 4.858461 2.863888
v -6.611834 5.169116 2.883202
v -6.655834 5.213115 2.883202
v -6.655834 5.169116 2.883202
v -6.611834 5.213115 2.851202
v -6.655834 5.169116 2.851202
v -6.655834 5.213115 2.851202
v -6.704834 5.169116 2.866139
v -6.748834 5.213115 2.866139
v -6.748834 5.169116 2.866139
v -6.704834 5.213115 2.834139
v -6.748834 5.169116 2.834139
v -6.748834 5.213115 2.834139
v -6.797833 5.169116 2.850364
v -6.841834 5.213115 2.850364
v -6.841834 5.169116 2.850364
v -6.797833 5.213115 2.818364
v -6.841834 5.169116 2.818364
v -6.841834 5.213115 2.818364
v -6.890833 5.169116 2.836386
v -6.934834 5.213115 2.836386
v -6.934834 5.169116 2.836386
v -6.890833 5.213115 2.804386
v -6.934834 5.169116 2.804386
v -6.934834 5.213115 2.804386
v -6.565333 5.262404 2.892046
v -6.609334 5.306404 2.892046
v -6.609334 5.262404 2.892046
v -6.609334 5.262404 2.860046
v -6.565333 5.306404 2.860046
v -6.609334 5.306404 2.860046
v -6.702333 5.306404 2.874543
v -6.658333 5.262404 2.874543
v -6.702333 5.262404 2.874543
v -6.658333 5.306404 2.842543
v -6.702333 5.262404 2.842543
v -6.702333 5.306404 2.842543
v -6.751334 5.262404 2.858057
v -6.795333 5.306404 2.858057
v -6.795333 5.262404 2.858057
v -6.795333 5.262404 2.826057
v -6.751334 5.306404 2.826057
v -6.795333 5.306404 2.826057
v -6.844334 5.262404 2.843121
v -6.888333 5.306404 2.843121
v -6.888333 5.262404 2.843121
v -6.844334 5.306404 2.811121
v -6.888333 5.262404 2.811121
v -6.888333 5.306404 2.811121
v -6.937334 5.262404 2.830216
v -6.981333 5.306404 2.830216
v -6.981333 5.262404 2.830216
v -6.937334 5.306404 2.798216
v -6.981333 5.262404 2.798216
v -6.981333 5.306404 2.798216
v -6.611834 5.355692 2.883202
v -6.655834 5.399693 2.883202
v -6.655834 5.355692 2.883202
v -6.655834 5.355692 2.851202
v -6.611834 5.399693 2.851202
v -6.655834 5.399693 2.851202
v -6.704834 5.355692 2.866139
v -6.748834 5.399693 2.866139
v -6.748834 5.355692 2.866139
v -6.704834 5.399693 2.834139
v -6.748834 5.355692 2.834139
v -6.748834 5.399693 2.834139
v -6.797833 5.355692 2.850364
v -6.841834 5.399693 2.850364
v -6.841834 5.355692 2.850364
v -6.797833 5.399693 2.818364
v -6.841834 5.355692 2.818364
v -6.841834 5.399693 2.818364
v -6.890833 5.355692 2.836386
v -6.934834 5.399693 2.836386
v -6.934834 5.355692 2.836386
v -6.890833 5.399693 2.804386
v -6.934834 5.355692 2.804386
v -6.934834 5.399693 2.804386
v -6.565333 5.448981 2.892046
v -6.609334 5.492981 2.892046
v -6.609334 5.448981 2.892046
v -6.609334 5.448981 2.860046
v -6.565333 5.492981 2.860046
v -6.609334 5.492981 2.860046
v -6.658333 5.448981 2.874543
v -6.702333 5.492981 2.874543
v -6.702333 5.448981 2.874543
v -6.702333 5.448981 2.842543
v -6.658333 5.492981 2.842543
v -6.702333 5.492981 2.842543
v -6.751334 5.448981 2.858057
v -6.795333 5.492981 2.858057
v -6.795333 5.448981 2.858057
v -6.795333 5.448981 2.826057
v -6.751334 5.492981 2.826057
v -6.795333 5.492981 2.826057
v -6.844334 5.448981 2.843121
v -6.888333 5.492981 2.843121
v -6.888333 5.448981 2.843121
v -6.844334 5.492981 2.811121
v -6.888333 5.448981 2.811121
v -6.888333 5.492981 2.811121
v -6.937334 5.448981 2.830216
v -6.981333 5.492981 2.830216
v -6.981333 5.448981 2.830216
v -6.937334 5.492981 2.798216
v -6.981333 5.448981 2.798216
v -6.981333 5.492981 2.798216
v -6.611834 5.542269 2.883202
v -6.655834 5.586269 2.883202
v -6.655834 5.542269 2.883202
v -6.655834 5.542269 2.851202
v -6.611834 5.586269 2.851202
v -6.655834 5.586269 2.851202
v -6.704834 5.542269 2.866139
v -6.748834 5.586269 2.866139
v -6.748834 5.542269 2.866139
v -6.704834 5.586269 2.834139
v -6.748834 5.542269 2.834139
v -6.748834 5.586269 2.834139
v -6.797833 5.542269 2.850364
v -6.841834 5.586269 2.850364
v -6.841834 5.542269 2.850364
v -6.797833 5.586269 2.818364
v -6.841834 5.542269 2.818364
v -6.841834 5.586269 2.818364
v -6.890833 5.542269 2.836386
v -6.934834 5.586269 2.836386
v -6.934834 5.542269 2.836386
v -6.890833 5.586269 2.804386
v -6.934834 5.542269 2.804386
v -6.934834 5.586269 2.804386
v 3.698557 3.455000 -2.895159
v 3.735000 3.500000 -2.907000
v 3.735000 3.455000 -2.907000
v 3.676034 3.455000 -2.864159
v 3.698557 3.500000 -2.895159
v 3.676034 3.455000 -2.825841
v 3.676034 3.500000 -2.864159
v 3.698557 3.455000 -2.794841
v 3.676034 3.500000 -2.825841
v 3.735000 3.455000 -2.783000
v 3.698557 3.500000 -2.794841
v 3.771443 3.455000 -2.794841
v 3.735000 3.500000 -2.783000
v 3.793965 3.455000 -2.825841
v 3.771443 3.500000 -2.794841
v 3.793965 3.455000 -2.864159
v 3.793965 3.500000 -2.825841
v 3.771443 3.455000 -2.895159
v 3.793965 3.500000 -2.864159
v 3.771443 3.500000 -2.895159
v 3.735000 3.640000 -2.907000
v 3.706786 3.688000 -2.883833
v 3.735000 3.688000 -2.893000
v 3.676034 3.640000 -2.864159
v 3.698557 3.640000 -2.895159
v 3.676034 3.640000 -2.825841
v 3.689349 3.688000 -2.859833
v 3.706786 3.688000 -2.806167
v 3.689349 3.688000 -2.830167
v 3.735000 3.640000 -2.783000
v 3.698557 3.640000 -2.794841
v 3.763214 3.688000 -2.806167
v 3.735000 3.688000 -2.797000
v 3.793965 3.640000 -2.825841
v 3.771443 3.640000 -2.794841
v 3.793965 3.640000 -2.864159
v 3.780651 3.688000 -2.830167
v 3.763214 3.688000 -2.883833
v 3.780651 3.688000 -2.859833
v 3.771443 3.640000 -2.895159
v 3.665000 3.455000 -2.930000
v 3.635000 3.455000 -2.760000
v 3.635000 3.455000 -2.930000
v 3.665000 3.688000 -2.760000
v 3.635000 3.688000 -2.930000
v 3.635000 3.688000 -2.760000
v 3.665000 3.455000 -2.760000
v 3.665000 3.688000 -2.930000
v 3.835000 3.455000 -2.795000
v 3.805000 3.455000 -2.760000
v 3.805000 3.455000 -2.795000
v 3.835000 3.688000 -2.760000
v 3.805000 3.688000 -2.795000
v 3.805000 3.688000 -2.760000
v 3.835000 3.455000 -2.760000
v 3.835000 3.688000 -2.795000
v 3.698557 3.455000 2.794841
v 3.735000 3.500000 2.783000
v 3.735000 3.455000 2.783000
v 3.676034 3.455000 2.825841
v 3.698557 3.500000 2.794841
v 3.676034 3.455000 2.864159
v 3.676034 3.500000 2.825841
v 3.698557 3.455000 2.895159
v 3.676034 3.500000 2.864159
v 3.735000 3.455000 2.907000
v 3.698557 3.500000 2.895159
v 3.771443 3.455000 2.895159
v 3.735000 3.500000 2.907000
v 3.793965 3.455000 2.864159
v 3.771443 3.500000 2.895159
v 3.793965 3.455000 2.825841
v 3.793965 3.500000 2.864159
v 3.771443 3.455000 2.794841
v 3.793965 3.500000 2.825841
v 3.771443 3.500000 2.794841
v 3.735000 3.640000 2.783000
v 3.706786 3.688000 2.806167
v 3.735000 3.688000 2.797000
v 3.676034 3.640000 2.825841
v 3.698557 3.640000 2.794841
v 3.676034 3.640000 2.864159
v 3.689349 3.688000 2.830167
v 3.706786 3.688000 2.883833
v 3.689349 3.688000 2.859833
v 3.735000 3.640000 2.907000
v 3.698557 3.640000 2.895159
v 3.763214 3.688000 2.883833
v 3.735000 3.688000 2.893000
v 3.793965 3.640000 2.864159
v 3.771443 3.640000 2.895159
v 3.793965 3.640000 2.825841
v 3.780651 3.688000 2.859833
v 3.763214 3.688000 2.806167
v 3.780651 3.688000 2.830167
v 3.771443 3.640000 2.794841
v 3.665000 3.455000 2.760000
v 3.635000 3.455000 2.930000
v 3.635000 3.455000 2.760000
v 3.665000 3.688000 2.930000
v 3.635000 3.688000 2.760000
v 3.635000 3.688000 2.930000
v 3.665000 3.455000 2.930000
v 3.665000 3.688000 2.760000
v 3.835000 3.455000 2.760000
v 3.805000 3.455000 2.795000
v 3.805000 3.455000 2.760000
v 3.835000 3.688000 2.795000
v 3.805000 3.688000 2.760000
v 3.805000 3.688000 2.795000
v 3.835000 3.455000 2.795000
v 3.835000 3.688000 2.760000
v -7.020565 3.210000 -0.042069
v -6.990000 3.350000 -0.052000
v -6.990000 3.210000 -0.052000
v -7.039455 3.210000 -0.016069
v -7.020565 3.350000 -0.042069
v -7.039455 3.210000 0.016069
v -7.039455 3.350000 -0.016069
v -7.020565 3.210000 0.042069
v -7.039455 3.350000 0.016069
v -6.990000 3.210000 0.052000
v -7.020565 3.350000 0.042069
v -6.959435 3.210000 0.042069
v -6.990000 3.350000 0.052000
v -6.940545 3.210000 0.016069
v -6.959435 3.350000 0.042069
v -6.940545 3.210000 -0.016069
v -6.940545 3.350000 0.016069
v -6.959435 3.210000 -0.042069
v -6.940545 3.350000 -0.016069
v -6.959435 3.350000 -0.042069
v 6.515000 0.884009 -0.270000
v 5.855000 0.884009 0.270000
v 5.855000 0.884009 -0.270000
v 6.515000 1.054009 0.270000
v 5.855000 1.054009 -0.270000
v 5.855000 1.054009 0.270000
v 6.515000 0.884009 0.270000
v 6.515000 1.054009 -0.270000
v 5.935000 1.471964 -0.920245
v 5.912003 1.929474 -1.098156
v 5.925000 1.924687 -1.110245
v 5.935000 1.482026 -0.896271
v 5.922003 1.476751 -0.908156
v 5.947997 1.477239 -0.908361
v 5.925000 1.934748 -1.086271
v 5.937997 1.929962 -1.098360
v 5.242002 1.421957 -1.241567
v 5.245000 1.849967 -1.443582
v 5.255000 1.416985 -1.253582
v 5.245000 1.860415 -1.419773
v 5.232003 1.854939 -1.431567
v 5.267997 1.422460 -1.241788
v 5.255000 1.427432 -1.229773
v 5.257997 1.855443 -1.431788
v 5.572003 1.447482 1.077613
v 5.575000 1.895339 1.255774
v 5.585000 1.452859 1.065774
v 5.575000 1.885081 1.279665
v 5.562003 1.889962 1.267613
v 5.585000 1.442600 1.089665
v 5.587997 1.890458 1.267826
v 5.597997 1.447977 1.077826
v 6.522918 1.132758 -0.841324
v 6.524574 1.182328 -0.825060
v 6.516381 1.134388 -0.825060
v 6.508381 1.183836 -0.818324
v 6.500601 1.138322 -0.818324
v 6.492188 1.185345 -0.825060
v 6.484820 1.142257 -0.825060
v 6.485480 1.185970 -0.841324
v 6.478284 1.143886 -0.841324
v 6.484820 1.142257 -0.857587
v 6.492188 1.185345 -0.857587
v 6.500601 1.138322 -0.864324
v 6.508381 1.183836 -0.864324
v 6.516381 1.134388 -0.857587
v 6.524574 1.182328 -0.857587
v 6.531282 1.181703 -0.841324
v 6.525214 1.229516 -0.825060
v 6.508990 1.228380 -0.818324
v 6.492766 1.227245 -0.825060
v 6.486046 1.226774 -0.841324
v 6.492766 1.227245 -0.857587
v 6.508990 1.228380 -0.864324
v 6.525214 1.229516 -0.857587
v 6.531934 1.229986 -0.841324
v 6.518121 1.273506 -0.825060
v 6.502394 1.269366 -0.818324
v 6.486666 1.265225 -0.825060
v 6.480152 1.263510 -0.841324
v 6.486666 1.265225 -0.857587
v 6.502394 1.269366 -0.864324
v 6.518121 1.273506 -0.857587
v 6.524636 1.275221 -0.841324
v 6.503349 1.312019 -0.825060
v 6.488975 1.304410 -0.818324
v 6.474601 1.296801 -0.825060
v 6.468647 1.293649 -0.841324
v 6.474601 1.296801 -0.857587
v 6.488975 1.304410 -0.864324
v 6.503349 1.312019 -0.857587
v 6.509303 1.315171 -0.841324
v 6.481111 1.342880 -0.825060
v 6.469513 1.331477 -0.818324
v 6.457916 1.320075 -0.825060
v 6.453113 1.315352 -0.841324
v 6.457916 1.320075 -0.857587
v 6.469513 1.331477 -0.864324
v 6.481111 1.342880 -0.857587
v 6.485914 1.347602 -0.841324
v 6.452038 1.363723 -0.825060
v 6.445140 1.348994 -0.818324
v 6.438243 1.334266 -0.825060
v 6.435386 1.328165 -0.841324
v 6.438243 1.334266 -0.857587
v 6.445140 1.348994 -0.864324
v 6.452038 1.363723 -0.857587
v 6.418438 1.378913 -0.841324
v 6.454895 1.369823 -0.841324
v 6.418097 1.372185 -0.825060
v 6.416448 1.339700 -0.825060
v 6.416448 1.339700 -0.857587
v 6.418097 1.372185 -0.857587
v 6.380617 1.373856 -0.841324
v 6.382641 1.367431 -0.825060
v 6.417272 1.355943 -0.818324
v 6.387528 1.351919 -0.818324
v 6.392415 1.336407 -0.825060
v 6.416106 1.332972 -0.841324
v 6.392415 1.336407 -0.857587
v 6.387528 1.351919 -0.864324
v 6.417272 1.355943 -0.864324
v 6.382641 1.367431 -0.857587
v 6.344741 1.356201 -0.841324
v 6.348518 1.350623 -0.825060
v 6.357637 1.337156 -0.818324
v 6.366756 1.323690 -0.825060
v 6.394439 1.329981 -0.841324
v 6.366756 1.323690 -0.857587
v 6.357637 1.337156 -0.864324
v 6.348518 1.350623 -0.857587
v 6.312447 1.328126 -0.841324
v 6.317394 1.323553 -0.825060
v 6.329337 1.312514 -0.818324
v 6.341280 1.301474 -0.825060
v 6.370533 1.318112 -0.841324
v 6.341280 1.301474 -0.857587
v 6.329337 1.312514 -0.864324
v 6.317394 1.323553 -0.857587
v 6.284767 1.291612 -0.841324
v 6.290480 1.288042 -0.825060
v 6.304271 1.279423 -0.818324
v 6.318063 1.270803 -0.825060
v 6.346226 1.296902 -0.841324
v 6.318063 1.270803 -0.857587
v 6.304271 1.279423 -0.864324
v 6.290480 1.288042 -0.857587
v 6.262675 1.248674 -0.841324
v 6.268891 1.246077 -0.825060
v 6.283897 1.239806 -0.818324
v 6.298903 1.233536 -0.825060
v 6.323775 1.267233 -0.841324
v 6.298903 1.233536 -0.857587
v 6.283897 1.239806 -0.864324
v 6.268891 1.246077 -0.857587
v 6.247082 1.201531 -0.841324
v 6.253618 1.199902 -0.825060
v 6.269399 1.195967 -0.818324
v 6.285179 1.192033 -0.825060
v 6.305119 1.230939 -0.841324
v 6.285179 1.192033 -0.857587
v 6.269399 1.195967 -0.864324
v 6.253618 1.199902 -0.857587
v 6.245425 1.151962 -0.825060
v 6.261619 1.150453 -0.818324
v 6.277812 1.148945 -0.825060
v 6.284520 1.148320 -0.841324
v 6.291716 1.190403 -0.841324
v 6.277812 1.148945 -0.857587
v 6.261619 1.150453 -0.864324
v 6.245425 1.151962 -0.857587
v 6.238718 1.152586 -0.841324
v 6.244785 1.104773 -0.825060
v 6.261009 1.105909 -0.818324
v 6.277233 1.107045 -0.825060
v 6.283953 1.107515 -0.841324
v 6.277233 1.107045 -0.857587
v 6.261009 1.105909 -0.864324
v 6.244785 1.104773 -0.857587
v 6.238065 1.104303 -0.841324
v 6.251878 1.060783 -0.825060
v 6.267606 1.064924 -0.818324
v 6.283333 1.069064 -0.825060
v 6.289848 1.070779 -0.841324
v 6.283333 1.069064 -0.857587
v 6.267606 1.064924 -0.864324
v 6.251878 1.060783 -0.857587
v 6.245364 1.059068 -0.841324
v 6.266651 1.022270 -0.825060
v 6.281024 1.029879 -0.818324
v 6.295398 1.037488 -0.825060
v 6.301352 1.040640 -0.841324
v 6.295398 1.037488 -0.857587
v 6.281024 1.029879 -0.864324
v 6.266651 1.022270 -0.857587
v 6.260697 1.019118 -0.841324
v 6.288889 0.991410 -0.825060
v 6.300486 1.002812 -0.818324
v 6.312083 1.014214 -0.825060
v 6.316887 1.018937 -0.841324
v 6.312083 1.014214 -0.857587
v 6.300486 1.002812 -0.864324
v 6.288889 0.991410 -0.857587
v 6.284085 0.986687 -0.841324
v 6.317962 0.970567 -0.825060
v 6.324859 0.985295 -0.818324
v 6.331757 1.000023 -0.825060
v 6.334614 1.006124 -0.841324
v 6.331757 1.000023 -0.857587
v 6.324859 0.985295 -0.864324
v 6.317962 0.970567 -0.857587
v 6.351562 0.955376 -0.841324
v 6.315104 0.964466 -0.841324
v 6.352727 0.978347 -0.818324
v 6.353552 0.994589 -0.825060
v 6.353552 0.994589 -0.857587
v 6.352727 0.978347 -0.864324
v 6.389382 0.960433 -0.841324
v 6.351903 0.962104 -0.825060
v 6.387358 0.966859 -0.825060
v 6.382472 0.982371 -0.818324
v 6.377585 0.997883 -0.825060
v 6.353893 1.001317 -0.841324
v 6.377585 0.997883 -0.857587
v 6.382472 0.982371 -0.864324
v 6.387358 0.966859 -0.857587
v 6.351903 0.962104 -0.857587
v 6.425258 0.978088 -0.841324
v 6.421481 0.983666 -0.825060
v 6.412362 0.997133 -0.818324
v 6.403243 1.010599 -0.825060
v 6.375561 1.004308 -0.841324
v 6.403243 1.010599 -0.857587
v 6.412362 0.997133 -0.864324
v 6.421481 0.983666 -0.857587
v 6.457552 1.006164 -0.841324
v 6.452606 1.010736 -0.825060
v 6.440663 1.021776 -0.818324
v 6.428720 1.032815 -0.825060
v 6.399466 1.016177 -0.841324
v 6.428720 1.032815 -0.857587
v 6.440663 1.021776 -0.864324
v 6.452606 1.010736 -0.857587
v 6.485232 1.042677 -0.841324
v 6.479520 1.046247 -0.825060
v 6.465728 1.054867 -0.818324
v 6.451937 1.063486 -0.825060
v 6.423773 1.037388 -0.841324
v 6.451937 1.063486 -0.857587
v 6.465728 1.054867 -0.864324
v 6.479520 1.046247 -0.857587
v 6.507324 1.085615 -0.841324
v 6.501109 1.088213 -0.825060
v 6.486103 1.094483 -0.818324
v 6.471097 1.100753 -0.825060
v 6.446224 1.067056 -0.841324
v 6.471097 1.100753 -0.857587
v 6.486103 1.094483 -0.864324
v 6.501109 1.088213 -0.857587
v 6.464881 1.103351 -0.841324
v 6.550610 1.145691 -0.815324
v 6.545923 1.194180 -0.799060
v 6.543924 1.146512 -0.799060
v 6.529672 1.193537 -0.792324
v 6.527781 1.148494 -0.792324
v 6.513422 1.192893 -0.799060
v 6.511639 1.150476 -0.799060
v 6.506690 1.192626 -0.815324
v 6.504953 1.151297 -0.815324
v 6.511639 1.150476 -0.831587
v 6.513422 1.192893 -0.831587
v 6.527781 1.148494 -0.838324
v 6.529672 1.193537 -0.838324
v 6.543924 1.146512 -0.831587
v 6.545923 1.194180 -0.831587
v 6.552654 1.194447 -0.815324
v 6.540181 1.240268 -0.799060
v 6.524282 1.236842 -0.792324
v 6.508383 1.233416 -0.799060
v 6.501798 1.231997 -0.815324
v 6.508383 1.233416 -0.831587
v 6.524282 1.236842 -0.838324
v 6.540181 1.240268 -0.831587
v 6.546766 1.241688 -0.815324
v 6.526851 1.282351 -0.799060
v 6.511924 1.275894 -0.792324
v 6.496998 1.269436 -0.799060
v 6.490815 1.266762 -0.815324
v 6.496998 1.269436 -0.831587
v 6.511924 1.275894 -0.838324
v 6.526851 1.282351 -0.831587
v 6.533034 1.285026 -0.815324
v 6.506338 1.318166 -0.799060
v 6.493317 1.308422 -0.792324
v 6.480295 1.298678 -0.799060
v 6.474901 1.294642 -0.815324
v 6.480295 1.298678 -0.831587
v 6.493317 1.308422 -0.838324
v 6.506338 1.318166 -0.831587
v 6.511732 1.322201 -0.815324
v 6.479284 1.345558 -0.799060
v 6.469541 1.332536 -0.792324
v 6.459797 1.319514 -0.799060
v 6.455761 1.314121 -0.815324
v 6.459797 1.319514 -0.831587
v 6.469541 1.332536 -0.838324
v 6.479284 1.345558 -0.831587
v 6.483320 1.350952 -0.815324
v 6.446840 1.362355 -0.799060
v 6.441978 1.346835 -0.792324
v 6.437117 1.331315 -0.799060
v 6.435103 1.324886 -0.815324
v 6.437117 1.331315 -0.831587
v 6.441978 1.346835 -0.838324
v 6.446840 1.362355 -0.831587
v 6.448853 1.368783 -0.815324
v 6.411270 1.366722 -0.799060
v 6.412232 1.350487 -0.792324
v 6.413194 1.334252 -0.799060
v 6.413194 1.334252 -0.831587
v 6.412232 1.350487 -0.838324
v 6.411270 1.366722 -0.831587
v 6.373114 1.364483 -0.815324
v 6.410871 1.373447 -0.815324
v 6.375725 1.358273 -0.799060
v 6.382029 1.343281 -0.792324
v 6.388333 1.328289 -0.799060
v 6.413593 1.327528 -0.815324
v 6.388333 1.328289 -0.831587
v 6.382029 1.343281 -0.838324
v 6.375725 1.358273 -0.831587
v 6.338591 1.343460 -0.815324
v 6.342848 1.338240 -0.799060
v 6.353126 1.325635 -0.792324
v 6.363403 1.313031 -0.799060
v 6.390944 1.322079 -0.815324
v 6.363403 1.313031 -0.831587
v 6.353126 1.325635 -0.838324
v 6.342848 1.338240 -0.831587
v 6.308928 1.312542 -0.815324
v 6.314281 1.308451 -0.799060
v 6.327202 1.298575 -0.792324
v 6.340123 1.288698 -0.799060
v 6.367661 1.307810 -0.815324
v 6.340123 1.288698 -0.831587
v 6.327202 1.298575 -0.838324
v 6.314281 1.308451 -0.831587
v 6.285120 1.273814 -0.815324
v 6.291166 1.270844 -0.799060
v 6.305763 1.263673 -0.792324
v 6.320361 1.256502 -0.799060
v 6.345475 1.284607 -0.815324
v 6.320361 1.256502 -0.831587
v 6.305763 1.263673 -0.838324
v 6.291166 1.270844 -0.831587
v 6.267978 1.229401 -0.815324
v 6.274445 1.227514 -0.799060
v 6.290057 1.222958 -0.792324
v 6.305669 1.218402 -0.799060
v 6.326407 1.253532 -0.815324
v 6.305669 1.218402 -0.831587
v 6.290057 1.222958 -0.838324
v 6.274445 1.227514 -0.831587
v 6.258166 1.181598 -0.815324
v 6.264852 1.180777 -0.799060
v 6.280994 1.178795 -0.792324
v 6.297137 1.176813 -0.799060
v 6.312136 1.216515 -0.815324
v 6.297137 1.176813 -0.831587
v 6.280994 1.178795 -0.838324
v 6.264852 1.180777 -0.831587
v 6.262853 1.133109 -0.799060
v 6.279104 1.133753 -0.792324
v 6.295354 1.134396 -0.799060
v 6.302086 1.134663 -0.815324
v 6.303823 1.175992 -0.815324
v 6.295354 1.134396 -0.831587
v 6.279104 1.133753 -0.838324
v 6.262853 1.133109 -0.831587
v 6.256122 1.132842 -0.815324
v 6.268595 1.087021 -0.799060
v 6.284494 1.090447 -0.792324
v 6.300393 1.093873 -0.799060
v 6.306978 1.095292 -0.815324
v 6.300393 1.093873 -0.831587
v 6.284494 1.090447 -0.838324
v 6.268595 1.087021 -0.831587
v 6.262010 1.085602 -0.815324
v 6.281925 1.044938 -0.799060
v 6.296852 1.051396 -0.792324
v 6.311778 1.057853 -0.799060
v 6.317961 1.060528 -0.815324
v 6.311778 1.057853 -0.831587
v 6.296852 1.051396 -0.838324
v 6.281925 1.044938 -0.831587
v 6.275742 1.042264 -0.815324
v 6.302438 1.009124 -0.799060
v 6.315459 1.018867 -0.792324
v 6.328481 1.028611 -0.799060
v 6.333875 1.032647 -0.815324
v 6.328481 1.028611 -0.831587
v 6.315459 1.018867 -0.838324
v 6.302438 1.009124 -0.831587
v 6.297044 1.005088 -0.815324
v 6.329492 0.981731 -0.799060
v 6.339235 0.994753 -0.792324
v 6.348979 1.007775 -0.799060
v 6.353014 1.013169 -0.815324
v 6.348979 1.007775 -0.831587
v 6.339235 0.994753 -0.838324
v 6.329492 0.981731 -0.831587
v 6.325456 0.976338 -0.815324
v 6.361936 0.964935 -0.799060
v 6.366797 0.980454 -0.792324
v 6.371659 0.995974 -0.799060
v 6.373672 1.002403 -0.815324
v 6.371659 0.995974 -0.831587
v 6.366797 0.980454 -0.838324
v 6.361936 0.964935 -0.831587
v 6.397905 0.953842 -0.815324
v 6.359922 0.958506 -0.815324
v 6.397506 0.960567 -0.799060
v 6.396544 0.976802 -0.792324
v 6.395183 0.999762 -0.815324
v 6.396544 0.976802 -0.838324
v 6.397506 0.960567 -0.831587
v 6.435662 0.962806 -0.815324
v 6.433051 0.969016 -0.799060
v 6.426747 0.984008 -0.792324
v 6.395582 0.993037 -0.799060
v 6.420443 0.999000 -0.799060
v 6.420443 0.999000 -0.831587
v 6.395582 0.993037 -0.831587
v 6.426747 0.984008 -0.838324
v 6.433051 0.969016 -0.831587
v 6.470185 0.983829 -0.815324
v 6.465928 0.989050 -0.799060
v 6.455650 1.001654 -0.792324
v 6.445373 1.014259 -0.799060
v 6.417832 1.005210 -0.815324
v 6.445373 1.014259 -0.831587
v 6.455650 1.001654 -0.838324
v 6.465928 0.989050 -0.831587
v 6.499847 1.014747 -0.815324
v 6.494495 1.018838 -0.799060
v 6.481574 1.028714 -0.792324
v 6.468653 1.038591 -0.799060
v 6.441115 1.019479 -0.815324
v 6.468653 1.038591 -0.831587
v 6.481574 1.028714 -0.838324
v 6.494495 1.018838 -0.831587
v 6.523656 1.053476 -0.815324
v 6.517610 1.056446 -0.799060
v 6.503013 1.063616 -0.792324
v 6.488415 1.070787 -0.799060
v 6.463301 1.042682 -0.815324
v 6.488415 1.070787 -0.831587
v 6.503013 1.063616 -0.838324
v 6.517610 1.056446 -0.831587
v 6.540798 1.097889 -0.815324
v 6.534331 1.099776 -0.799060
v 6.518719 1.104332 -0.792324
v 6.503107 1.108888 -0.799060
v 6.482369 1.073757 -0.815324
v 6.503107 1.108888 -0.831587
v 6.518719 1.104332 -0.838324
v 6.534331 1.099776 -0.831587
v 6.496640 1.110775 -0.815324
v 6.511663 1.160145 -0.789324
v 6.500923 1.206768 -0.773060
v 6.504927 1.160145 -0.773060
v 6.484901 1.203975 -0.766324
v 6.488664 1.160145 -0.766324
v 6.468879 1.201183 -0.773060
v 6.472400 1.160145 -0.773060
v 6.462243 1.200027 -0.789324
v 6.465664 1.160145 -0.789324
v 6.472400 1.160145 -0.805587
v 6.468879 1.201183 -0.805587
v 6.488664 1.160145 -0.812324
v 6.484901 1.203975 -0.812324
v 6.504927 1.160145 -0.805587
v 6.500923 1.206768 -0.805587
v 6.507559 1.207924 -0.789324
v 6.489078 1.250917 -0.773060
v 6.473830 1.245259 -0.766324
v 6.458583 1.239600 -0.773060
v 6.452267 1.237257 -0.789324
v 6.458583 1.239600 -0.805587
v 6.473830 1.245259 -0.812324
v 6.489078 1.250917 -0.805587
v 6.495393 1.253261 -0.789324
v 6.469878 1.290229 -0.773060
v 6.456096 1.281596 -0.766324
v 6.442313 1.272962 -0.773060
v 6.436604 1.269386 -0.789324
v 6.442313 1.272962 -0.805587
v 6.456096 1.281596 -0.812324
v 6.469878 1.290229 -0.805587
v 6.475587 1.293805 -0.789324
v 6.444089 1.322512 -0.773060
v 6.432728 1.310874 -0.766324
v 6.421368 1.299237 -0.773060
v 6.416662 1.294416 -0.789324
v 6.421368 1.299237 -0.805587
v 6.432728 1.310874 -0.812324
v 6.444089 1.322512 -0.805587
v 6.448795 1.327332 -0.789324
v 6.412772 1.345725 -0.773060
v 6.405085 1.331393 -0.766324
v 6.397398 1.317061 -0.773060
v 6.394214 1.311124 -0.789324
v 6.397398 1.317061 -0.805587
v 6.405085 1.331393 -0.812324
v 6.412772 1.345725 -0.805587
v 6.415956 1.351661 -0.789324
v 6.377526 1.357988 -0.773060
v 6.374773 1.341959 -0.766324
v 6.372020 1.325930 -0.773060
v 6.370880 1.319291 -0.789324
v 6.372020 1.325930 -0.805587
v 6.374773 1.341959 -0.812324
v 6.377526 1.357988 -0.805587
v 6.339662 1.364628 -0.789324
v 6.378666 1.364628 -0.789324
v 6.340802 1.357988 -0.773060
v 6.343554 1.341959 -0.766324
v 6.346307 1.325930 -0.773060
v 6.347447 1.319291 -0.789324
v 6.346307 1.325930 -0.805587
v 6.343554 1.341959 -0.812324
v 6.340802 1.357988 -0.805587
v 6.302371 1.351661 -0.789324
v 6.305555 1.345725 -0.773060
v 6.313242 1.331393 -0.766324
v 6.320930 1.317061 -0.773060
v 6.320930 1.317061 -0.805587
v 6.313242 1.331393 -0.812324
v 6.305555 1.345725 -0.805587
v 6.269533 1.327332 -0.789324
v 6.274239 1.322512 -0.773060
v 6.285599 1.310874 -0.766324
v 6.296960 1.299237 -0.773060
v 6.324114 1.311124 -0.789324
v 6.296960 1.299237 -0.805587
v 6.285599 1.310874 -0.812324
v 6.274239 1.322512 -0.805587
v 6.242740 1.293805 -0.789324
v 6.248449 1.290229 -0.773060
v 6.262232 1.281596 -0.766324
v 6.276014 1.272962 -0.773060
v 6.301666 1.294416 -0.789324
v 6.276014 1.272962 -0.805587
v 6.262232 1.281596 -0.812324
v 6.248449 1.290229 -0.805587
v 6.222934 1.253261 -0.789324
v 6.229250 1.250917 -0.773060
v 6.244497 1.245259 -0.766324
v 6.259745 1.239600 -0.773060
v 6.281723 1.269386 -0.789324
v 6.259745 1.239600 -0.805587
v 6.244497 1.245259 -0.812324
v 6.229250 1.250917 -0.805587
v 6.210768 1.207924 -0.789324
v 6.217405 1.206768 -0.773060
v 6.233427 1.203975 -0.766324
v 6.249448 1.201183 -0.773060
v 6.266060 1.237257 -0.789324
v 6.249448 1.201183 -0.805587
v 6.233427 1.203975 -0.812324
v 6.217405 1.206768 -0.805587
v 6.206664 1.160145 -0.789324
v 6.213400 1.160145 -0.773060
v 6.229664 1.160145 -0.766324
v 6.245927 1.160145 -0.773060
v 6.256085 1.200027 -0.789324
v 6.245927 1.160145 -0.805587
v 6.229664 1.160145 -0.812324
v 6.213400 1.160145 -0.805587
v 6.217405 1.113522 -0.773060
v 6.233427 1.116314 -0.766324
v 6.249448 1.119106 -0.773060
v 6.256085 1.120263 -0.789324
v 6.252664 1.160145 -0.789324
v 6.249448 1.119106 -0.805587
v 6.233427 1.116314 -0.812324
v 6.217405 1.113522 -0.805587
v 6.210768 1.112365 -0.789324
v 6.229250 1.069372 -0.773060
v 6.244497 1.075031 -0.766324
v 6.259745 1.080689 -0.773060
v 6.266060 1.083033 -0.789324
v 6.259745 1.080689 -0.805587
v 6.244497 1.075031 -0.812324
v 6.229250 1.069372 -0.805587
v 6.222934 1.067029 -0.789324
v 6.248449 1.030060 -0.773060
v 6.262232 1.038694 -0.766324
v 6.276014 1.047327 -0.773060
v 6.281723 1.050904 -0.789324
v 6.276014 1.047327 -0.805587
v 6.262232 1.038694 -0.812324
v 6.248449 1.030060 -0.805587
v 6.242740 1.026484 -0.789324
v 6.274239 0.997778 -0.773060
v 6.285599 1.009415 -0.766324
v 6.296960 1.021053 -0.773060
v 6.301666 1.025873 -0.789324
v 6.296960 1.021053 -0.805587
v 6.285599 1.009415 -0.812324
v 6.274239 0.997778 -0.805587
v 6.269533 0.992957 -0.789324
v 6.305555 0.974564 -0.773060
v 6.313242 0.988896 -0.766324
v 6.320930 1.003229 -0.773060
v 6.324114 1.009165 -0.789324
v 6.320930 1.003229 -0.805587
v 6.313242 0.988896 -0.812324
v 6.305555 0.974564 -0.805587
v 6.302371 0.968628 -0.789324
v 6.340802 0.962301 -0.773060
v 6.343554 0.978330 -0.766324
v 6.346307 0.994359 -0.773060
v 6.347447 1.000998 -0.789324
v 6.346307 0.994359 -0.805587
v 6.343554 0.978330 -0.812324
v 6.340802 0.962301 -0.805587
v 6.378666 0.955662 -0.789324
v 6.339662 0.955662 -0.789324
v 6.377526 0.962301 -0.773060
v 6.374773 0.978330 -0.766324
v 6.372020 0.994359 -0.773060
v 6.370880 1.000998 -0.789324
v 6.372020 0.994359 -0.805587
v 6.374773 0.978330 -0.812324
v 6.377526 0.962301 -0.805587
v 6.415956 0.968628 -0.789324
v 6.412772 0.974564 -0.773060
v 6.405085 0.988896 -0.766324
v 6.397398 1.003229 -0.773060
v 6.397398 1.003229 -0.805587
v 6.405085 0.988896 -0.812324
v 6.412772 0.974564 -0.805587
v 6.448795 0.992957 -0.789324
v 6.444089 0.997778 -0.773060
v 6.432728 1.009415 -0.766324
v 6.421368 1.021053 -0.773060
v 6.394214 1.009165 -0.789324
v 6.421368 1.021053 -0.805587
v 6.432728 1.009415 -0.812324
v 6.444089 0.997778 -0.805587
v 6.475587 1.026484 -0.789324
v 6.469878 1.030060 -0.773060
v 6.456096 1.038694 -0.766324
v 6.442313 1.047327 -0.773060
v 6.416662 1.025873 -0.789324
v 6.442313 1.047327 -0.805587
v 6.456096 1.038694 -0.812324
v 6.469878 1.030060 -0.805587
v 6.495393 1.067029 -0.789324
v 6.489078 1.069372 -0.773060
v 6.473830 1.075031 -0.766324
v 6.458583 1.080689 -0.773060
v 6.436604 1.050904 -0.789324
v 6.458583 1.080689 -0.805587
v 6.473830 1.075031 -0.812324
v 6.489078 1.069372 -0.805587
v 6.507559 1.112365 -0.789324
v 6.500923 1.113522 -0.773060
v 6.484901 1.116314 -0.766324
v 6.468879 1.119106 -0.773060
v 6.452267 1.083033 -0.789324
v 6.468879 1.119106 -0.805587
v 6.484901 1.116314 -0.812324
v 6.500923 1.113522 -0.805587
v 6.462243 1.120263 -0.789324
v 6.556544 1.175861 -0.763324
v 6.540132 1.219886 -0.747060
v 6.549858 1.175040 -0.747060
v 6.524624 1.214986 -0.740324
v 6.533715 1.173058 -0.740324
v 6.509117 1.210087 -0.747060
v 6.517573 1.171076 -0.747060
v 6.502693 1.208057 -0.763324
v 6.510887 1.170255 -0.763324
v 6.517573 1.171076 -0.779587
v 6.509117 1.210087 -0.779587
v 6.533715 1.173058 -0.786324
v 6.524624 1.214986 -0.786324
v 6.549858 1.175040 -0.779587
v 6.540132 1.219886 -0.779587
v 6.546556 1.221915 -0.763324
v 6.522572 1.261310 -0.747060
v 6.508293 1.253524 -0.740324
v 6.494014 1.245739 -0.747060
v 6.488099 1.242514 -0.763324
v 6.494014 1.245739 -0.779587
v 6.508293 1.253524 -0.786324
v 6.522572 1.261310 -0.779587
v 6.528486 1.264534 -0.763324
v 6.497989 1.297049 -0.747060
v 6.485670 1.286432 -0.740324
v 6.473350 1.275814 -0.747060
v 6.468247 1.271416 -0.763324
v 6.473350 1.275814 -0.779587
v 6.485670 1.286432 -0.786324
v 6.497989 1.297049 -0.779587
v 6.503092 1.301447 -0.763324
v 6.467505 1.325044 -0.747060
v 6.458070 1.311797 -0.740324
v 6.448636 1.298549 -0.747060
v 6.444728 1.293062 -0.763324
v 6.448636 1.298549 -0.779587
v 6.458070 1.311797 -0.786324
v 6.467505 1.325044 -0.779587
v 6.471413 1.330531 -0.763324
v 6.432578 1.343457 -0.747060
v 6.427098 1.328145 -0.740324
v 6.421619 1.312832 -0.747060
v 6.419349 1.306489 -0.763324
v 6.421619 1.312832 -0.779587
v 6.427098 1.328145 -0.786324
v 6.432578 1.343457 -0.779587
v 6.434847 1.349800 -0.763324
v 6.395163 1.350778 -0.747060
v 6.394554 1.334525 -0.740324
v 6.393946 1.318273 -0.747060
v 6.393694 1.311542 -0.763324
v 6.393946 1.318273 -0.779587
v 6.394554 1.334525 -0.786324
v 6.395163 1.350778 -0.779587
v 6.395414 1.357509 -0.763324
v 6.357806 1.346191 -0.747060
v 6.362328 1.330569 -0.740324
v 6.368723 1.308476 -0.763324
v 6.362328 1.330569 -0.786324
v 6.357806 1.346191 -0.779587
v 6.319536 1.335641 -0.763324
v 6.355933 1.352662 -0.763324
v 6.323273 1.330036 -0.747060
v 6.332294 1.316504 -0.740324
v 6.366850 1.314947 -0.747060
v 6.341315 1.302972 -0.747060
v 6.341315 1.302972 -0.779587
v 6.366850 1.314947 -0.779587
v 6.332294 1.316504 -0.786324
v 6.323273 1.330036 -0.779587
v 6.288719 1.308099 -0.763324
v 6.293838 1.303720 -0.747060
v 6.306197 1.293149 -0.740324
v 6.318556 1.282577 -0.747060
v 6.345052 1.297367 -0.763324
v 6.318556 1.282577 -0.779587
v 6.306197 1.293149 -0.786324
v 6.293838 1.303720 -0.779587
v 6.265017 1.272215 -0.763324
v 6.271032 1.269183 -0.747060
v 6.285554 1.261861 -0.740324
v 6.300076 1.254539 -0.747060
v 6.323675 1.278198 -0.763324
v 6.300076 1.254539 -0.779587
v 6.285554 1.261861 -0.786324
v 6.271032 1.269183 -0.779587
v 6.249307 1.230256 -0.763324
v 6.255826 1.228557 -0.747060
v 6.271564 1.224458 -0.740324
v 6.287302 1.220358 -0.747060
v 6.306091 1.251506 -0.763324
v 6.287302 1.220358 -0.779587
v 6.271564 1.224458 -0.786324
v 6.255826 1.228557 -0.779587
v 6.242085 1.184531 -0.763324
v 6.248808 1.184116 -0.747060
v 6.265041 1.183114 -0.740324
v 6.281273 1.182111 -0.747060
v 6.293821 1.218660 -0.763324
v 6.281273 1.182111 -0.779587
v 6.265041 1.183114 -0.786324
v 6.248808 1.184116 -0.779587
v 6.243535 1.137428 -0.763324
v 6.250221 1.138249 -0.747060
v 6.266363 1.140231 -0.740324
v 6.282506 1.142213 -0.747060
v 6.287997 1.181696 -0.763324
v 6.282506 1.142213 -0.779587
v 6.266363 1.140231 -0.786324
v 6.250221 1.138249 -0.779587
v 6.259946 1.093403 -0.747060
v 6.275454 1.098303 -0.740324
v 6.290962 1.103203 -0.747060
v 6.297386 1.105232 -0.763324
v 6.289192 1.143034 -0.763324
v 6.290962 1.103203 -0.779587
v 6.275454 1.098303 -0.786324
v 6.259946 1.093403 -0.779587
v 6.253522 1.091374 -0.763324
v 6.277507 1.051980 -0.747060
v 6.291786 1.059765 -0.740324
v 6.306065 1.067550 -0.747060
v 6.311979 1.070775 -0.763324
v 6.306065 1.067550 -0.779587
v 6.291786 1.059765 -0.786324
v 6.277507 1.051980 -0.779587
v 6.271592 1.048755 -0.763324
v 6.302089 1.016240 -0.747060
v 6.314409 1.026858 -0.740324
v 6.326728 1.037475 -0.747060
v 6.331831 1.041873 -0.763324
v 6.326728 1.037475 -0.779587
v 6.314409 1.026858 -0.786324
v 6.302089 1.016240 -0.779587
v 6.296987 1.011842 -0.763324
v 6.332574 0.988245 -0.747060
v 6.342008 1.001493 -0.740324
v 6.351442 1.014740 -0.747060
v 6.355350 1.020227 -0.763324
v 6.351442 1.014740 -0.779587
v 6.342008 1.001493 -0.786324
v 6.332574 0.988245 -0.779587
v 6.328666 0.982758 -0.763324
v 6.367501 0.969832 -0.747060
v 6.372980 0.985145 -0.740324
v 6.378459 1.000458 -0.747060
v 6.380729 1.006800 -0.763324
v 6.378459 1.000458 -0.779587
v 6.372980 0.985145 -0.786324
v 6.367501 0.969832 -0.779587
v 6.365231 0.963490 -0.763324
v 6.404916 0.962512 -0.747060
v 6.405524 0.978764 -0.740324
v 6.406133 0.995016 -0.747060
v 6.406384 1.001748 -0.763324
v 6.406133 0.995016 -0.779587
v 6.405524 0.978764 -0.786324
v 6.404916 0.962512 -0.779587
v 6.404664 0.955780 -0.763324
v 6.442272 0.967099 -0.747060
v 6.437750 0.982721 -0.740324
v 6.431355 1.004814 -0.763324
v 6.437750 0.982721 -0.786324
v 6.442272 0.967099 -0.779587
v 6.480542 0.977648 -0.763324
v 6.444145 0.960628 -0.763324
v 6.476806 0.983253 -0.747060
v 6.467784 0.996785 -0.740324
v 6.433228 0.998343 -0.747060
v 6.458763 1.010318 -0.747060
v 6.458763 1.010318 -0.779587
v 6.433228 0.998343 -0.779587
v 6.467784 0.996785 -0.786324
v 6.476806 0.983253 -0.779587
v 6.511359 1.005190 -0.763324
v 6.506240 1.009569 -0.747060
v 6.493881 1.020141 -0.740324
v 6.481522 1.030712 -0.747060
v 6.455027 1.015923 -0.763324
v 6.481522 1.030712 -0.779587
v 6.493881 1.020141 -0.786324
v 6.506240 1.009569 -0.779587
v 6.535062 1.041074 -0.763324
v 6.529047 1.044107 -0.747060
v 6.514524 1.051429 -0.740324
v 6.500002 1.058751 -0.747060
v 6.476403 1.035091 -0.763324
v 6.500002 1.058751 -0.779587
v 6.514524 1.051429 -0.786324
v 6.529047 1.044107 -0.779587
v 6.550772 1.083034 -0.763324
v 6.544252 1.084732 -0.747060
v 6.528514 1.088832 -0.740324
v 6.512776 1.092931 -0.747060
v 6.493987 1.061783 -0.763324
v 6.512776 1.092931 -0.779587
v 6.528514 1.088832 -0.786324
v 6.544252 1.084732 -0.779587
v 6.557994 1.128758 -0.763324
v 6.551270 1.129173 -0.747060
v 6.535038 1.130176 -0.740324
v 6.518805 1.131178 -0.747060
v 6.506257 1.094630 -0.763324
v 6.518805 1.131178 -0.779587
v 6.535038 1.130176 -0.786324
v 6.551270 1.129173 -0.779587
v 6.512081 1.131593 -0.763324
v 6.548817 1.192544 -0.737324
v 6.527203 1.233305 -0.721060
v 6.542281 1.190914 -0.721060
v 6.512489 1.226377 -0.714324
v 6.526500 1.186980 -0.714324
v 6.497775 1.219450 -0.721060
v 6.510720 1.183045 -0.721060
v 6.491680 1.216580 -0.737324
v 6.504183 1.181416 -0.737324
v 6.510720 1.183045 -0.753587
v 6.497775 1.219450 -0.753587
v 6.526500 1.186980 -0.760324
v 6.512489 1.226377 -0.760324
v 6.542281 1.190914 -0.753587
v 6.527203 1.233305 -0.753587
v 6.533298 1.236175 -0.737324
v 6.504413 1.271280 -0.721060
v 6.491405 1.261519 -0.714324
v 6.478397 1.251758 -0.721060
v 6.473009 1.247714 -0.737324
v 6.478397 1.251758 -0.753587
v 6.491405 1.261519 -0.760324
v 6.504413 1.271280 -0.753587
v 6.509801 1.275324 -0.737324
v 6.475043 1.302724 -0.721060
v 6.464474 1.290362 -0.714324
v 6.453906 1.278001 -0.721060
v 6.449528 1.272881 -0.737324
v 6.453906 1.278001 -0.753587
v 6.464474 1.290362 -0.760324
v 6.475043 1.302724 -0.753587
v 6.479421 1.307844 -0.737324
v 6.440553 1.325768 -0.721060
v 6.433261 1.311231 -0.714324
v 6.425970 1.296694 -0.721060
v 6.422949 1.290672 -0.737324
v 6.425970 1.296694 -0.753587
v 6.433261 1.311231 -0.760324
v 6.440553 1.325768 -0.753587
v 6.443573 1.331790 -0.737324
v 6.402752 1.338863 -0.721060
v 6.399580 1.322912 -0.714324
v 6.396409 1.306961 -0.721060
v 6.395095 1.300354 -0.737324
v 6.396409 1.306961 -0.753587
v 6.399580 1.322912 -0.760324
v 6.402752 1.338863 -0.753587
v 6.404066 1.345471 -0.737324
v 6.363854 1.340918 -0.721060
v 6.365389 1.324727 -0.714324
v 6.366923 1.308536 -0.721060
v 6.367559 1.301830 -0.737324
v 6.366923 1.308536 -0.753587
v 6.365389 1.324727 -0.760324
v 6.363854 1.340918 -0.753587
v 6.363218 1.347625 -0.737324
v 6.326427 1.331587 -0.721060
v 6.332674 1.316570 -0.714324
v 6.341507 1.295334 -0.737324
v 6.332674 1.316570 -0.760324
v 6.326427 1.331587 -0.753587
v 6.288785 1.316728 -0.737324
v 6.323840 1.337806 -0.737324
v 6.293047 1.311511 -0.721060
v 6.303337 1.298916 -0.714324
v 6.338920 1.301554 -0.721060
v 6.313626 1.286321 -0.721060
v 6.313626 1.286321 -0.753587
v 6.338920 1.301554 -0.753587
v 6.303337 1.298916 -0.760324
v 6.293047 1.311511 -0.753587
v 6.260325 1.286101 -0.737324
v 6.265819 1.282202 -0.721060
v 6.279082 1.272790 -0.714324
v 6.292346 1.263377 -0.721060
v 6.317888 1.281104 -0.737324
v 6.292346 1.263377 -0.753587
v 6.279082 1.272790 -0.760324
v 6.265819 1.282202 -0.753587
v 6.239916 1.248129 -0.737324
v 6.246185 1.245663 -0.721060
v 6.261320 1.239710 -0.714324
v 6.276455 1.233757 -0.721060
v 6.297839 1.259479 -0.737324
v 6.276455 1.233757 -0.753587
v 6.261320 1.239710 -0.760324
v 6.246185 1.245663 -0.753587
v 6.228358 1.205152 -0.737324
v 6.235014 1.204112 -0.721060
v 6.251082 1.201600 -0.714324
v 6.267151 1.199088 -0.721060
v 6.282724 1.231292 -0.737324
v 6.267151 1.199088 -0.753587
v 6.251082 1.201600 -0.760324
v 6.235014 1.204112 -0.753587
v 6.225992 1.159555 -0.737324
v 6.232720 1.159882 -0.721060
v 6.248964 1.160673 -0.714324
v 6.265209 1.161464 -0.721060
v 6.273807 1.198048 -0.737324
v 6.265209 1.161464 -0.753587
v 6.248964 1.160673 -0.760324
v 6.232720 1.159882 -0.753587
v 6.232772 1.113745 -0.737324
v 6.239309 1.115375 -0.721060
v 6.255089 1.119309 -0.714324
v 6.270870 1.123244 -0.721060
v 6.271937 1.161792 -0.737324
v 6.270870 1.123244 -0.753587
v 6.255089 1.119309 -0.760324
v 6.239309 1.115375 -0.753587
v 6.254386 1.072984 -0.721060
v 6.269101 1.079912 -0.714324
v 6.283815 1.086840 -0.721060
v 6.289909 1.089709 -0.737324
v 6.277406 1.124874 -0.737324
v 6.283815 1.086840 -0.753587
v 6.269101 1.079912 -0.760324
v 6.254386 1.072984 -0.753587
v 6.248292 1.070114 -0.737324
v 6.277176 1.035009 -0.721060
v 6.290184 1.044770 -0.714324
v 6.303193 1.054532 -0.721060
v 6.308581 1.058575 -0.737324
v 6.303193 1.054532 -0.753587
v 6.290184 1.044770 -0.760324
v 6.277176 1.035009 -0.753587
v 6.271788 1.030965 -0.737324
v 6.306547 1.003566 -0.721060
v 6.317115 1.015927 -0.714324
v 6.327684 1.028288 -0.721060
v 6.332062 1.033409 -0.737324
v 6.327684 1.028288 -0.753587
v 6.317115 1.015927 -0.760324
v 6.306547 1.003566 -0.753587
v 6.302169 0.998445 -0.737324
v 6.341036 0.980521 -0.721060
v 6.348328 0.995058 -0.714324
v 6.355620 1.009596 -0.721060
v 6.358640 1.015617 -0.737324
v 6.355620 1.009596 -0.753587
v 6.348328 0.995058 -0.760324
v 6.341036 0.980521 -0.753587
v 6.338016 0.974500 -0.737324
v 6.378837 0.967426 -0.721060
v 6.382009 0.983377 -0.714324
v 6.385181 0.999328 -0.721060
v 6.386495 1.005935 -0.737324
v 6.385181 0.999328 -0.753587
v 6.382009 0.983377 -0.760324
v 6.378837 0.967426 -0.753587
v 6.377523 0.960819 -0.737324
v 6.417735 0.965371 -0.721060
v 6.416201 0.981562 -0.714324
v 6.414666 0.997753 -0.721060
v 6.414030 1.004459 -0.737324
v 6.414666 0.997753 -0.753587
v 6.416201 0.981562 -0.760324
v 6.417735 0.965371 -0.753587
v 6.418371 0.958665 -0.737324
v 6.455162 0.974703 -0.721060
v 6.448916 0.989719 -0.714324
v 6.440083 1.010955 -0.737324
v 6.448916 0.989719 -0.760324
v 6.455162 0.974703 -0.753587
v 6.492804 0.989561 -0.737324
v 6.457749 0.968483 -0.737324
v 6.488542 0.994778 -0.721060
v 6.478253 1.007373 -0.714324
v 6.442670 1.004735 -0.721060
v 6.467964 1.019968 -0.721060
v 6.467964 1.019968 -0.753587
v 6.442670 1.004735 -0.753587
v 6.478253 1.007373 -0.760324
v 6.488542 0.994778 -0.753587
v 6.521264 1.020188 -0.737324
v 6.515770 1.024087 -0.721060
v 6.502507 1.033499 -0.714324
v 6.489244 1.042912 -0.721060
v 6.463702 1.025185 -0.737324
v 6.489244 1.042912 -0.753587
v 6.502507 1.033499 -0.760324
v 6.515770 1.024087 -0.753587
v 6.541673 1.058161 -0.737324
v 6.535404 1.060626 -0.721060
v 6.520269 1.066579 -0.714324
v 6.505135 1.072532 -0.721060
v 6.483750 1.046811 -0.737324
v 6.505135 1.072532 -0.753587
v 6.520269 1.066579 -0.760324
v 6.535404 1.060626 -0.753587
v 6.553231 1.101137 -0.737324
v 6.546576 1.102178 -0.721060
v 6.530507 1.104689 -0.714324
v 6.514439 1.107201 -0.721060
v 6.498866 1.074997 -0.737324
v 6.514439 1.107201 -0.753587
v 6.530507 1.104689 -0.760324
v 6.546576 1.102178 -0.753587
v 6.555598 1.146734 -0.737324
v 6.548870 1.146407 -0.721060
v 6.532625 1.145616 -0.714324
v 6.516381 1.144825 -0.721060
v 6.507783 1.108242 -0.737324
v 6.516381 1.144825 -0.753587
v 6.532625 1.145616 -0.760324
v 6.548870 1.146407 -0.753587
v 6.509653 1.144497 -0.737324
v 6.335000 0.993245 -0.791564
v 6.285522 0.882804 -0.806185
v 6.304999 0.877745 -0.791564
v 6.322961 0.996371 -0.829842
v 6.315522 0.998304 -0.806185
v 6.317038 0.874618 -0.829842
v 6.292961 0.880871 -0.829842
v 6.354477 0.988185 -0.806185
v 6.347038 0.990118 -0.829842
v 6.324477 0.872685 -0.806185
v 6.304999 0.877745 -0.832964
v 6.245078 0.771278 -0.818978
v 6.230000 0.783245 -0.832964
v 6.320077 0.865778 -0.818978
v 6.239318 0.775849 -0.796349
v 6.295681 0.885140 -0.796349
v 6.314318 0.870349 -0.796349
v 6.214921 0.795211 -0.818978
v 6.220681 0.790640 -0.796349
v 6.289921 0.889711 -0.818978
v 6.400137 0.990007 -0.761985
v 6.446000 0.833745 -0.747364
v 6.420000 0.993245 -0.747364
v 6.433724 0.831744 -0.785642
v 6.426137 0.830507 -0.761985
v 6.432275 0.995246 -0.785642
v 6.407724 0.991244 -0.785642
v 6.465862 0.836982 -0.761985
v 6.458275 0.835746 -0.785642
v 6.439862 0.996482 -0.761985
v 6.446000 0.833745 -0.748284
v 6.493769 0.694662 -0.762269
v 6.511000 0.703245 -0.748284
v 6.435351 0.828441 -0.784898
v 6.428769 0.825162 -0.762269
v 6.521648 0.708549 -0.784898
v 6.500351 0.697941 -0.784898
v 6.463230 0.842327 -0.762269
v 6.456648 0.839049 -0.784898
v 6.528230 0.711827 -0.762269
v -8.485001 0.620000 -1.250000
v -9.205000 0.620000 1.250000
v -9.205000 0.620000 -1.250000
v -8.485001 1.140000 1.250000
v -9.205000 1.140000 -1.250000
v -9.205000 1.140000 1.250000
v -8.485001 0.620000 1.250000
v -8.485001 1.140000 -1.250000
v -3.015000 3.080000 -2.640000
v -4.715000 3.080000 -2.190000
v -4.715000 3.080000 -2.640000
v -3.015000 3.480000 -2.190000
v -4.715000 3.480000 -2.640000
v -4.715000 3.480000 -2.190000
v -3.015000 3.080000 -2.190000
v -3.015000 3.480000 -2.640000
v -3.015000 3.530000 -2.640000
v -4.715000 3.530000 -2.590000
v -4.715000 3.530000 -2.640000
v -3.015000 3.750000 -2.590000
v -4.715000 3.750000 -2.640000
v -4.715000 3.750000 -2.590000
v -3.015000 3.530000 -2.590000
v -3.015000 3.750000 -2.640000
v -5.015000 3.080000 -2.640000
v -6.515000 3.080000 -2.190000
v -6.515000 3.080000 -2.640000
v -5.015000 3.480000 -2.190000
v -6.515000 3.480000 -2.640000
v -6.515000 3.480000 -2.190000
v -5.015000 3.080000 -2.190000
v -5.015000 3.480000 -2.640000
v -5.015000 3.530000 -2.640000
v -6.515000 3.530000 -2.590000
v -6.515000 3.530000 -2.640000
v -5.015000 3.750000 -2.590000
v -6.515000 3.750000 -2.640000
v -6.515000 3.750000 -2.590000
v -5.015000 3.530000 -2.590000
v -5.015000 3.750000 -2.640000
v -3.015000 3.080000 2.190000
v -4.715000 3.080000 2.640000
v -4.715000 3.080000 2.190000
v -3.015000 3.480000 2.640000
v -4.715000 3.480000 2.190000
v -4.715000 3.480000 2.640000
v -3.015000 3.080000 2.640000
v -3.015000 3.480000 2.190000
v -3.015000 3.530000 2.590000
v -4.715000 3.530000 2.640000
v -4.715000 3.530000 2.590000
v -3.015000 3.750000 2.640000
v -4.715000 3.750000 2.590000
v -4.715000 3.750000 2.640000
v -3.015000 3.530000 2.640000
v -3.015000 3.750000 2.590000
v -5.015000 3.080000 2.190000
v -6.515000 3.080000 2.640000
v -6.515000 3.080000 2.190000
v -5.015000 3.480000 2.640000
v -6.515000 3.480000 2.190000
v -6.515000 3.480000 2.640000
v -5.015000 3.080000 2.640000
v -5.015000 3.480000 2.190000
v -5.015000 3.530000 2.590000
v -6.515000 3.530000 2.640000
v -6.515000 3.530000 2.590000
v -5.015000 3.750000 2.640000
v -6.515000 3.750000 2.590000
v -6.515000 3.750000 2.640000
v -5.015000 3.530000 2.640000
v -5.015000 3.750000 2.590000
v -1.258313 4.119783 -3.098707
v -1.241000 4.110000 -3.165000
v -1.241000 4.148000 -3.137000
v -1.302150 4.104770 -3.078331
v -1.258313 4.081784 -3.126707
v -1.352000 4.071984 -3.113407
v -1.302150 4.066770 -3.106331
v -1.384537 4.132986 -3.116625
v -1.352000 4.109984 -3.085407
v -1.384537 4.125014 -3.185375
v -1.384537 4.094986 -3.144624
v -1.352000 4.186016 -3.188593
v -1.384537 4.163013 -3.157376
v -1.302150 4.153230 -3.223669
v -1.352000 4.148016 -3.216593
v -1.258313 4.176216 -3.175293
v -1.302150 4.191230 -3.195669
v -1.258313 4.138216 -3.203293
v -3.208313 4.119783 -3.098707
v -3.191000 4.110000 -3.165000
v -3.191000 4.148000 -3.137000
v -3.252150 4.104770 -3.078331
v -3.208313 4.081784 -3.126707
v -3.302000 4.071984 -3.113407
v -3.252150 4.066770 -3.106331
v -3.334537 4.132986 -3.116625
v -3.302000 4.109984 -3.085407
v -3.334537 4.125014 -3.185375
v -3.334537 4.094986 -3.144624
v -3.302000 4.186016 -3.188593
v -3.334537 4.163013 -3.157376
v -3.252150 4.153230 -3.223669
v -3.302000 4.148016 -3.216593
v -3.208313 4.176216 -3.175293
v -3.252150 4.191230 -3.195669
v -3.208313 4.138216 -3.203293
v -5.508313 4.119783 -3.098707
v -5.491000 4.110000 -3.165000
v -5.491000 4.148000 -3.137000
v -5.552150 4.104770 -3.078331
v -5.508313 4.081784 -3.126707
v -5.602000 4.071984 -3.113407
v -5.552150 4.066770 -3.106331
v -5.634537 4.132986 -3.116625
v -5.602000 4.109984 -3.085407
v -5.634537 4.125014 -3.185375
v -5.634537 4.094986 -3.144624
v -5.602000 4.186016 -3.188593
v -5.634537 4.163013 -3.157376
v -5.552150 4.153230 -3.223669
v -5.602000 4.148016 -3.216593
v -5.508313 4.176216 -3.175293
v -5.552150 4.191230 -3.195669
v -5.508313 4.138216 -3.203293
v -1.371687 4.119783 3.098707
v -1.389000 4.110000 3.165000
v -1.389000 4.148000 3.137000
v -1.327850 4.104770 3.078331
v -1.371687 4.081784 3.126707
v -1.278000 4.071984 3.113407
v -1.327850 4.066770 3.106331
v -1.245463 4.132986 3.116625
v -1.278000 4.109984 3.085407
v -1.245463 4.125014 3.185375
v -1.245463 4.094986 3.144624
v -1.278000 4.186016 3.188593
v -1.245463 4.163013 3.157376
v -1.327850 4.153230 3.223669
v -1.278000 4.148016 3.216593
v -1.371687 4.176216 3.175293
v -1.327850 4.191230 3.195669
v -1.371687 4.138216 3.203293
v -3.321687 4.119783 3.098707
v -3.339000 4.110000 3.165000
v -3.339000 4.148000 3.137000
v -3.277850 4.104770 3.078331
v -3.321687 4.081784 3.126707
v -3.228000 4.071984 3.113407
v -3.277850 4.066770 3.106331
v -3.195463 4.132986 3.116625
v -3.228000 4.109984 3.085407
v -3.195463 4.125014 3.185375
v -3.195463 4.094986 3.144624
v -3.228000 4.186016 3.188593
v -3.195463 4.163013 3.157376
v -3.277850 4.153230 3.223669
v -3.228000 4.148016 3.216593
v -3.321687 4.176216 3.175293
v -3.277850 4.191230 3.195669
v -3.321687 4.138216 3.203293
v -5.621687 4.119783 3.098707
v -5.639000 4.110000 3.165000
v -5.639000 4.148000 3.137000
v -5.577850 4.104770 3.078331
v -5.621687 4.081784 3.126707
v -5.528000 4.071984 3.113407
v -5.577850 4.066770 3.106331
v -5.495463 4.132986 3.116625
v -5.528000 4.109984 3.085407
v -5.495463 4.125014 3.185375
v -5.495463 4.094986 3.144624
v -5.528000 4.186016 3.188593
v -5.495463 4.163013 3.157376
v -5.577850 4.153230 3.223669
v -5.528000 4.148016 3.216593
v -5.621687 4.176216 3.175293
v -5.577850 4.191230 3.195669
v -5.621687 4.138216 3.203293
v -5.315000 3.450000 -0.240000
v -5.885000 3.450000 0.420000
v -5.885000 3.450000 -0.240000
v -5.315000 3.870000 0.420000
v -5.885000 3.870000 -0.240000
v -5.885000 3.870000 0.420000
v -5.315000 3.450000 0.420000
v -5.315000 3.870000 -0.240000
v 2.195000 3.840000 0.620000
v 1.435000 3.840000 1.310000
v 1.435000 3.840000 0.620000
v 2.195000 3.847000 1.310000
v 1.435000 3.847000 0.620000
v 1.435000 3.847000 1.310000
v 2.195000 3.840000 1.310000
v 2.195000 3.847000 0.620000
v 1.459725 3.842000 0.645212
v 1.485000 3.938000 0.637000
v 1.485000 3.842000 0.637000
v 1.444104 3.842000 0.666712
v 1.459725 3.938000 0.645212
v 1.444104 3.842000 0.693288
v 1.444104 3.938000 0.666712
v 1.459725 3.842000 0.714788
v 1.444104 3.938000 0.693288
v 1.485000 3.842000 0.723000
v 1.459725 3.938000 0.714788
v 1.510275 3.842000 0.714788
v 1.485000 3.938000 0.723000
v 1.525895 3.842000 0.693288
v 1.510275 3.938000 0.714788
v 1.525895 3.842000 0.666712
v 1.525895 3.938000 0.693288
v 1.510275 3.842000 0.645212
v 1.525895 3.938000 0.666712
v 1.510275 3.938000 0.645212
v 1.422880 3.860340 0.680000
v 1.444449 3.863506 0.673938
v 1.444230 3.853008 0.680000
v 1.429157 3.868757 0.673938
v 1.444449 3.863506 0.686062
v 1.409763 3.878713 0.680000
v 1.419763 3.881916 0.673938
v 1.429157 3.868757 0.686062
v 1.409763 3.901287 0.680000
v 1.419763 3.898084 0.673938
v 1.419763 3.881916 0.686062
v 1.419763 3.898084 0.686062
v 1.429157 3.911243 0.673938
v 1.429157 3.911243 0.686062
v 1.422880 3.919660 0.680000
v 1.444449 3.916494 0.673938
v 1.444449 3.916494 0.686062
v -2.159000 4.280000 -0.860000
v -2.175000 4.280000 -0.600000
v -2.175000 4.280000 -0.860000
v -2.159000 4.620000 -0.600000
v -2.175000 4.620000 -0.860000
v -2.175000 4.620000 -0.600000
v -2.159000 4.280000 -0.600000
v -2.159000 4.620000 -0.860000
v 0.504544 1.410000 -0.726707
v 0.530000 1.505000 -0.745251
v 0.530000 1.410000 -0.737251
v 0.494000 1.410000 -0.701251
v 0.498887 1.505000 -0.732364
v 0.498887 1.505000 -0.670139
v 0.486000 1.505000 -0.701251
v 0.530000 1.410000 -0.665251
v 0.504544 1.410000 -0.675795
v 0.561113 1.505000 -0.670139
v 0.530000 1.505000 -0.657251
v 0.566000 1.410000 -0.701251
v 0.555456 1.410000 -0.675795
v 0.561113 1.505000 -0.732364
v 0.574000 1.505000 -0.701251
v 0.555456 1.410000 -0.726707
v 1.024544 1.410000 -0.626707
v 1.050000 1.505000 -0.645251
v 1.050000 1.410000 -0.637251
v 1.014000 1.410000 -0.601251
v 1.018887 1.505000 -0.632364
v 1.018887 1.505000 -0.570139
v 1.006000 1.505000 -0.601251
v 1.050000 1.410000 -0.565251
v 1.024544 1.410000 -0.575795
v 1.075456 1.410000 -0.575795
v 1.050000 1.505000 -0.557251
v 1.086000 1.410000 -0.601251
v 1.081113 1.505000 -0.570139
v 1.081113 1.505000 -0.632364
v 1.094000 1.505000 -0.601251
v 1.075456 1.410000 -0.626707
v 0.504544 1.410000 0.675795
v 0.530000 1.505000 0.657251
v 0.530000 1.410000 0.665251
v 0.494000 1.410000 0.701251
v 0.498887 1.505000 0.670139
v 0.498887 1.505000 0.732364
v 0.486000 1.505000 0.701251
v 0.530000 1.410000 0.737251
v 0.504544 1.410000 0.726707
v 0.561113 1.505000 0.732364
v 0.530000 1.505000 0.745251
v 0.566000 1.410000 0.701251
v 0.555456 1.410000 0.726707
v 0.561113 1.505000 0.670139
v 0.574000 1.505000 0.701251
v 0.555456 1.410000 0.675795
v 1.024544 1.410000 0.575795
v 1.050000 1.505000 0.557251
v 1.050000 1.410000 0.565251
v 1.014000 1.410000 0.601251
v 1.018887 1.505000 0.570139
v 1.018887 1.505000 0.632364
v 1.006000 1.505000 0.601251
v 1.050000 1.410000 0.637251
v 1.024544 1.410000 0.626707
v 1.075456 1.410000 0.626707
v 1.050000 1.505000 0.645251
v 1.086000 1.410000 0.601251
v 1.081113 1.505000 0.632364
v 1.081113 1.505000 0.570139
v 1.094000 1.505000 0.601251
v 1.075456 1.410000 0.575795
v -2.570000 1.410000 -0.737251
v -2.601113 1.505000 -0.732364
v -2.570000 1.505000 -0.745251
v -2.595456 1.410000 -0.726707
v -2.614000 1.505000 -0.701251
v -2.595456 1.410000 -0.675795
v -2.606000 1.410000 -0.701251
v -2.570000 1.410000 -0.665251
v -2.601113 1.505000 -0.670139
v -2.538888 1.505000 -0.670139
v -2.570000 1.505000 -0.657251
v -2.544544 1.410000 -0.675795
v -2.526000 1.505000 -0.701251
v -2.544544 1.410000 -0.726707
v -2.534000 1.410000 -0.701251
v -2.538888 1.505000 -0.732364
v -2.050000 1.410000 -0.637251
v -2.081113 1.505000 -0.632364
v -2.050000 1.505000 -0.645251
v -2.075456 1.410000 -0.626707
v -2.094000 1.505000 -0.601251
v -2.075456 1.410000 -0.575795
v -2.086000 1.410000 -0.601251
v -2.050000 1.410000 -0.565251
v -2.081113 1.505000 -0.570139
v -2.018888 1.505000 -0.570139
v -2.050000 1.505000 -0.557251
v -2.024544 1.410000 -0.575795
v -2.006000 1.505000 -0.601251
v -2.024544 1.410000 -0.626707
v -2.014000 1.410000 -0.601251
v -2.018888 1.505000 -0.632364
v -2.570000 1.410000 0.665251
v -2.601113 1.505000 0.670139
v -2.570000 1.505000 0.657251
v -2.595456 1.410000 0.675795
v -2.614000 1.505000 0.701251
v -2.595456 1.410000 0.726707
v -2.606000 1.410000 0.701251
v -2.570000 1.410000 0.737251
v -2.601113 1.505000 0.732364
v -2.538888 1.505000 0.732364
v -2.570000 1.505000 0.745251
v -2.544544 1.410000 0.726707
v -2.526000 1.505000 0.701251
v -2.544544 1.410000 0.675795
v -2.534000 1.410000 0.701251
v -2.538888 1.505000 0.670139
v -2.050000 1.410000 0.565251
v -2.081113 1.505000 0.570139
v -2.050000 1.505000 0.557251
v -2.075456 1.410000 0.575795
v -2.094000 1.505000 0.601251
v -2.075456 1.410000 0.626707
v -2.086000 1.410000 0.601251
v -2.050000 1.410000 0.637251
v -2.081113 1.505000 0.632364
v -2.018888 1.505000 0.632364
v -2.050000 1.505000 0.645251
v -2.024544 1.410000 0.626707
v -2.006000 1.505000 0.601251
v -2.024544 1.410000 0.575795
v -2.014000 1.410000 0.601251
v -2.018888 1.505000 0.570139
v -3.205000 1.145000 0.871251
v -3.925000 1.145000 1.271251
v -3.925000 1.145000 0.871251
v -3.205000 1.460000 1.271251
v -3.925000 1.460000 0.871251
v -3.925000 1.460000 1.271251
v -3.205000 1.145000 1.271251
v -3.205000 1.460000 0.871251
v 2.365301 1.610000 -0.329699
v 2.395000 1.900000 -0.342000
v 2.395000 1.610000 -0.342000
v 2.353000 1.610000 -0.300000
v 2.365301 1.900000 -0.329699
v 2.365301 1.610000 -0.270302
v 2.353000 1.900000 -0.300000
v 2.395000 1.610000 -0.258000
v 2.365301 1.900000 -0.270302
v 2.424698 1.610000 -0.270302
v 2.395000 1.900000 -0.258000
v 2.437000 1.610000 -0.300000
v 2.424698 1.900000 -0.270302
v 2.424698 1.610000 -0.329699
v 2.437000 1.900000 -0.300000
v 2.424698 1.900000 -0.329699
v 2.910000 1.960000 0.060000
v 2.903000 1.960000 0.350000
v 2.903000 1.960000 0.060000
v 2.910000 2.220000 0.350000
v 2.903000 2.220000 0.060000
v 2.903000 2.220000 0.350000
v 2.910000 1.960000 0.350000
v 2.910000 2.220000 0.060000
v 2.437091 2.706419 -1.201134
v 2.425000 2.745000 -1.269486
v 2.453000 2.750000 -1.204486
v 2.396808 2.683230 -1.199350
v 2.415642 2.719364 -1.267514
v 2.351000 2.691284 -1.199969
v 2.391946 2.705724 -1.266465
v 2.321101 2.726811 -1.202702
v 2.365000 2.710461 -1.266829
v 2.321101 2.773189 -1.206270
v 2.347412 2.731359 -1.268437
v 2.365000 2.779539 -1.272143
v 2.347412 2.758640 -1.270535
v 2.351000 2.808716 -1.209003
v 2.391946 2.784276 -1.272507
v 2.396808 2.816770 -1.209622
v 2.415642 2.770636 -1.271458
v 2.437091 2.793581 -1.207838
v 2.332909 2.706419 1.201134
v 2.345000 2.745000 1.269486
v 2.317000 2.750000 1.204486
v 2.373192 2.683230 1.199350
v 2.354358 2.719364 1.267514
v 2.419000 2.691284 1.199969
v 2.378054 2.705724 1.266465
v 2.448899 2.726811 1.202702
v 2.405000 2.710461 1.266829
v 2.448899 2.773189 1.206270
v 2.422587 2.731359 1.268437
v 2.405000 2.779539 1.272143
v 2.422587 2.758640 1.270535
v 2.419000 2.808716 1.209003
v 2.378054 2.784276 1.272507
v 2.373192 2.816770 1.209622
v 2.354358 2.770636 1.271458
v 2.332909 2.793581 1.207838
v 0.137091 2.706419 -1.468323
v 0.125000 2.745000 -1.536675
v 0.153000 2.750000 -1.471675
v 0.091946 2.705724 -1.533653
v 0.115642 2.719364 -1.534703
v 0.051000 2.691284 -1.467158
v 0.096808 2.683230 -1.466539
v 0.021101 2.726811 -1.469891
v 0.065000 2.710461 -1.534018
v 0.021101 2.773189 -1.473459
v 0.047412 2.731359 -1.535626
v 0.065000 2.779539 -1.539332
v 0.047412 2.758640 -1.537724
v 0.096808 2.816770 -1.476811
v 0.051000 2.808716 -1.476192
v 0.115642 2.770636 -1.538647
v 0.091946 2.784276 -1.539696
v 0.137091 2.793581 -1.475027
v 0.032909 2.706419 1.468323
v 0.045000 2.745000 1.536675
v 0.017000 2.750000 1.471675
v 0.078054 2.705724 1.533653
v 0.054358 2.719364 1.534703
v 0.119000 2.691284 1.467158
v 0.073192 2.683230 1.466539
v 0.148899 2.726811 1.469891
v 0.105000 2.710461 1.534018
v 0.148899 2.773189 1.473459
v 0.122588 2.731359 1.535626
v 0.105000 2.779539 1.539332
v 0.122588 2.758640 1.537724
v 0.073192 2.816770 1.476811
v 0.119000 2.808716 1.476192
v 0.054358 2.770636 1.538647
v 0.078054 2.784276 1.539696
v 0.032909 2.793581 1.475027
v -2.162909 2.706419 -1.482657
v -2.175000 2.745000 -1.551010
v -2.147000 2.750000 -1.486010
v -2.203192 2.683230 -1.480873
v -2.184358 2.719364 -1.549038
v -2.249000 2.691284 -1.481493
v -2.208054 2.705724 -1.547988
v -2.278899 2.726811 -1.484226
v -2.235000 2.710461 -1.548353
v -2.278899 2.773189 -1.487793
v -2.252588 2.731359 -1.549960
v -2.235000 2.779539 -1.553667
v -2.252588 2.758640 -1.552059
v -2.249000 2.808716 -1.490526
v -2.208054 2.784276 -1.554031
v -2.203192 2.816770 -1.491146
v -2.184358 2.770636 -1.552982
v -2.162909 2.793581 -1.489362
v -2.267091 2.706419 1.482657
v -2.255000 2.745000 1.551010
v -2.283000 2.750000 1.486010
v -2.226808 2.683230 1.480873
v -2.245642 2.719364 1.549038
v -2.181000 2.691284 1.481493
v -2.221946 2.705724 1.547988
v -2.151101 2.726811 1.484226
v -2.195000 2.710461 1.548353
v -2.151101 2.773189 1.487793
v -2.177413 2.731359 1.549960
v -2.195000 2.779539 1.553667
v -2.177413 2.758640 1.552059
v -2.181000 2.808716 1.490526
v -2.221946 2.784276 1.554031
v -2.226808 2.816770 1.491146
v -2.245642 2.770636 1.552982
v -2.267091 2.793581 1.489362
v -4.462909 2.706419 -1.496992
v -4.475000 2.745000 -1.565344
v -4.447001 2.750000 -1.500344
v -4.508054 2.705724 -1.562323
v -4.484359 2.719364 -1.563372
v -4.503192 2.683230 -1.495208
v -4.535000 2.710461 -1.562688
v -4.578899 2.726811 -1.498561
v -4.549000 2.691284 -1.495828
v -4.578899 2.773189 -1.502128
v -4.552588 2.731359 -1.564295
v -4.535000 2.779539 -1.568001
v -4.552588 2.758640 -1.566394
v -4.503192 2.816770 -1.505481
v -4.549000 2.808716 -1.504861
v -4.484359 2.770636 -1.567317
v -4.508054 2.784276 -1.568366
v -4.462909 2.793581 -1.503697
v -4.567091 2.706419 1.496992
v -4.555000 2.745000 1.565344
v -4.583000 2.750000 1.500344
v -4.521946 2.705724 1.562323
v -4.545642 2.719364 1.563372
v -4.526808 2.683230 1.495208
v -4.495000 2.710461 1.562688
v -4.451101 2.726811 1.498561
v -4.481000 2.691284 1.495828
v -4.451101 2.773189 1.502128
v -4.477413 2.731359 1.564295
v -4.495000 2.779539 1.568001
v -4.477413 2.758640 1.566394
v -4.526808 2.816770 1.505481
v -4.481000 2.808716 1.504861
v -4.545642 2.770636 1.567317
v -4.521946 2.784276 1.568366
v -4.567091 2.793581 1.503697
v -9.455000 1.640000 -0.055000
v -9.483213 1.780000 -0.038833
v -9.455000 1.780000 -0.048000
v -9.487329 1.640000 -0.044496
v -9.500650 1.780000 -0.014833
v -9.507308 1.640000 0.016996
v -9.507308 1.640000 -0.016996
v -9.487329 1.640000 0.044496
v -9.500650 1.780000 0.014833
v -9.455000 1.640000 0.055000
v -9.483213 1.780000 0.038833
v -9.426786 1.780000 0.038833
v -9.455000 1.780000 0.048000
v -9.422671 1.640000 0.044496
v -9.409349 1.780000 0.014833
v -9.402692 1.640000 -0.016996
v -9.402692 1.640000 0.016996
v -9.422671 1.640000 -0.044496
v -9.409349 1.780000 -0.014833
v -9.426786 1.780000 -0.038833
v 6.443718 -0.060000 -0.004026
v 6.174614 -0.060000 -0.047227
v 6.056848 -0.060000 -0.216281
v 5.718669 -0.060000 -0.518569
v -5.781169 -0.060000 -2.436166
v -9.465000 1.580000 -2.856960
v -9.465000 -0.060000 -2.146968
v 5.574296 -0.060000 0.602300
v 0.685895 1.591361 -3.113346
v -8.781767 1.574544 -2.785447
v 6.542617 0.997470 0.553232
v -5.781169 0.613083 2.722246
v -9.465000 -0.598000 1.207066
v -9.465000 -0.273914 1.872714
v -9.465000 -0.064826 2.141669
v -9.465000 -0.451638 1.561180
v -9.465000 -0.712998 0.810371
v -9.465000 -0.840000 0.000000
v -9.465000 -0.788890 0.422007
v -9.465000 -0.712998 -0.810371
v -9.465000 -0.788890 -0.422007
v -9.465000 -0.451638 -1.561180
v -9.465000 -0.598000 -1.207066
v -9.465000 -0.064826 -2.141669
v -9.465000 -0.273914 -1.872714
v -6.355559 2.180000 -1.371814
v -6.355559 2.950000 -1.371814
v -6.348577 1.921127 -1.140872
v -6.427361 1.807390 -1.065474
v -6.451423 1.921127 -1.140872
v -6.348577 1.819620 -0.640124
v -6.451423 1.819620 -0.640124
v -6.400000 1.303273 -0.731289
v -6.348577 1.420380 -1.242378
v -6.427361 1.495777 -1.128641
v -6.451423 1.420380 -1.242378
v 1.134620 4.021127 2.881423
v 1.059222 3.907390 2.802638
v 1.134620 4.021127 2.778577
v 0.618273 3.929962 2.830000
v 0.718292 3.863658 2.899282
v 0.718292 3.863658 2.760718
v 0.725038 3.403273 2.830000
v 0.761565 3.458374 2.908785
v 0.810777 3.532610 2.802638
v 0.761565 3.458374 2.751215
v 1.251727 3.510038 2.830000
v 1.122389 3.595778 2.802638
v -7.031667 5.550769 2.793853
v -7.031667 5.412308 2.793853
v -7.031667 5.273846 2.793853
v -6.611834 5.213115 2.883202
v -6.611834 5.169116 2.851202
v -6.704834 5.213115 2.866139
v -6.704834 5.169116 2.834139
v -6.797833 5.213115 2.850364
v -6.797833 5.169116 2.818364
v -6.890833 5.213115 2.836386
v -6.890833 5.169116 2.804386
v -6.565333 5.306404 2.892046
v -6.565333 5.262404 2.860046
v -6.658333 5.306404 2.874543
v -6.658333 5.262404 2.842543
v -6.751334 5.306404 2.858057
v -6.751334 5.262404 2.826057
v -6.844334 5.306404 2.843121
v -6.844334 5.262404 2.811121
v -6.937334 5.306404 2.830216
v -6.937334 5.262404 2.798216
v -6.611834 5.399693 2.883202
v -6.611834 5.355692 2.851202
v -6.704834 5.399693 2.866139
v -6.704834 5.355692 2.834139
v -6.797833 5.399693 2.850364
v -6.797833 5.355692 2.818364
v -6.890833 5.399693 2.836386
v -6.890833 5.355692 2.804386
v -6.565333 5.492981 2.892046
v -6.565333 5.448981 2.860046
v -6.658333 5.492981 2.874543
v -6.658333 5.448981 2.842543
v -6.751334 5.492981 2.858057
v -6.751334 5.448981 2.826057
v -6.844334 5.492981 2.843121
v -6.844334 5.448981 2.811121
v -6.937334 5.492981 2.830216
v -6.937334 5.448981 2.798216
v -6.611834 5.586269 2.883202
v -6.611834 5.542269 2.851202
v -6.704834 5.586269 2.866139
v -6.704834 5.542269 2.834139
v -6.797833 5.586269 2.850364
v -6.797833 5.542269 2.818364
v -6.890833 5.586269 2.836386
v -6.890833 5.542269 2.804386
v 1.444230 3.926992 0.680000
vt 0.211923 0.067942
vt 0.211785 0.067278
vt 0.211839 0.067161
vt 0.211721 0.066453
vt 0.211776 0.066337
vt 0.211688 0.065688
vt 0.211745 0.065573
vt 0.211686 0.064983
vt 0.211743 0.064870
vt 0.211712 0.064340
vt 0.211771 0.064229
vt 0.211757 0.063822
vt 0.211817 0.063714
vt 0.211821 0.063357
vt 0.211882 0.063251
vt 0.211891 0.062995
vt 0.211953 0.062891
vt 0.211958 0.062721
vt 0.212020 0.062618
vt 0.059061 0.086341
vt 0.059125 0.086310
vt 0.059243 0.086359
vt 0.059258 0.086320
vt 0.059376 0.086373
vt 0.059376 0.086329
vt 0.059493 0.086385
vt 0.059450 0.086334
vt 0.059567 0.086393
vt 0.059501 0.086337
vt 0.059617 0.086398
vt 0.212020 0.068688
vt 0.211869 0.068060
vt 0.211724 0.067467
vt 0.211658 0.066640
vt 0.211623 0.065871
vt 0.211618 0.065162
vt 0.211642 0.064516
vt 0.211685 0.063994
vt 0.211747 0.063525
vt 0.058402 0.086249
vt 0.058532 0.086202
vt 0.058704 0.086275
vt 0.058771 0.086214
vt 0.058942 0.086295
vt 0.058955 0.086221
vt 0.059088 0.086225
vt 0.059206 0.086227
vt 0.059281 0.086227
vt 0.059332 0.086225
vt 0.211958 0.068746
vt 0.211810 0.068252
vt 0.211676 0.067706
vt 0.211607 0.066874
vt 0.211568 0.066101
vt 0.211560 0.065388
vt 0.211579 0.064736
vt 0.180684 0.692404
vt 0.180610 0.692177
vt 0.180684 0.692043
vt 0.057860 0.086161
vt 0.058031 0.086094
vt 0.058230 0.086185
vt 0.058334 0.086098
vt 0.058574 0.086098
vt 0.058758 0.086094
vt 0.058892 0.086089
vt 0.059011 0.086082
vt 0.059087 0.086075
vt 0.059139 0.086064
vt 0.211884 0.068817
vt 0.211765 0.068493
vt 0.211641 0.067975
vt 0.211567 0.067141
vt 0.211525 0.066364
vt 0.211511 0.065645
vt 0.453144 0.309167
vt 0.453063 0.308864
vt 0.453144 0.308697
vt 0.057268 0.086069
vt 0.057444 0.085986
vt 0.057660 0.086084
vt 0.057815 0.085978
vt 0.058118 0.085964
vt 0.058359 0.085948
vt 0.058544 0.085930
vt 0.058679 0.085914
vt 0.058799 0.085894
vt 0.058875 0.085877
vt 0.058927 0.085857
vt 0.211816 0.068881
vt 0.211733 0.068764
vt 0.211525 0.067411
vt 0.211478 0.066632
vt 0.453097 0.309877
vt 0.453007 0.309514
vt 0.453080 0.309338
vt 0.452970 0.309037
vt 0.057052 0.085987
vt 0.057217 0.085873
vt 0.057587 0.085844
vt 0.057890 0.085811
vt 0.058131 0.085777
vt 0.058316 0.085744
vt 0.058451 0.085714
vt 0.058571 0.085680
vt 0.058647 0.085653
vt 0.058700 0.085622
vt 0.211603 0.068246
vt 0.211447 0.067641
vt 0.211394 0.066864
vt 0.211370 0.066143
vt 0.211459 0.065910
vt 0.211373 0.065480
vt 0.211468 0.065248
vt 0.211396 0.064941
vt 0.211498 0.064709
vt 0.057346 0.085736
vt 0.057646 0.085688
vt 0.057886 0.085640
vt 0.058069 0.085595
vt 0.058204 0.085555
vt 0.058323 0.085512
vt 0.058399 0.085476
vt 0.058453 0.085437
vt 0.211694 0.068995
vt 0.211531 0.068474
vt 0.211384 0.067874
vt 0.211323 0.067101
vt 0.211290 0.066382
vt 0.211285 0.065721
vt 0.056592 0.085815
vt 0.056740 0.085678
vt 0.056980 0.085781
vt 0.057101 0.085615
vt 0.057397 0.085550
vt 0.057632 0.085486
vt 0.057814 0.085427
vt 0.057947 0.085375
vt 0.058065 0.085320
vt 0.058141 0.085275
vt 0.058194 0.085227
vt 0.211606 0.069078
vt 0.211475 0.068702
vt 0.211337 0.068104
vt 0.211266 0.067337
vt 0.211222 0.066624
vt 0.185826 0.237845
vt 0.185877 0.237478
vt 0.186042 0.237412
vt 0.056359 0.085728
vt 0.056500 0.085564
vt 0.056853 0.085480
vt 0.057142 0.085396
vt 0.057373 0.085314
vt 0.057551 0.085239
vt 0.057681 0.085175
vt 0.057798 0.085106
vt 0.057872 0.085052
vt 0.057925 0.084993
vt 0.211533 0.069145
vt 0.211438 0.068924
vt 0.211308 0.068326
vt 0.211224 0.067570
vt 0.185436 0.238415
vt 0.185521 0.238007
vt 0.185678 0.237923
vt 0.185701 0.237549
vt 0.056128 0.085633
vt 0.056263 0.085439
vt 0.056605 0.085333
vt 0.056885 0.085227
vt 0.057109 0.085126
vt 0.057282 0.085035
vt 0.057409 0.084956
vt 0.057523 0.084873
vt 0.057595 0.084807
vt 0.057648 0.084737
vt 0.211477 0.069197
vt 0.211422 0.069134
vt 0.185029 0.239054
vt 0.185154 0.238607
vt 0.185297 0.238509
vt 0.185357 0.238094
vt 0.185515 0.237623
vt 0.055903 0.085530
vt 0.056031 0.085305
vt 0.056357 0.085174
vt 0.056626 0.085045
vt 0.056842 0.084923
vt 0.057008 0.084814
vt 0.057130 0.084720
vt 0.057240 0.084622
vt 0.057311 0.084544
vt 0.184906 0.239160
vt 0.184718 0.239644
vt 0.185028 0.238683
vt 0.185211 0.238162
vt 0.185348 0.237679
vt 0.055686 0.085417
vt 0.055800 0.085182
vt 0.056109 0.085030
vt 0.056363 0.084881
vt 0.056567 0.084741
vt 0.056725 0.084616
vt 0.056841 0.084510
vt 0.056946 0.084399
vt 0.057013 0.084311
vt 0.057362 0.084462
vt 0.184641 0.239699
vt 0.184800 0.239242
vt 0.184910 0.238752
vt 0.185071 0.238223
vt 0.185187 0.237729
vt 0.055476 0.085315
vt 0.055573 0.085061
vt 0.055861 0.084887
vt 0.056098 0.084719
vt 0.056288 0.084562
vt 0.056436 0.084422
vt 0.056545 0.084303
vt 0.056643 0.084179
vt 0.056707 0.084082
vt 0.057063 0.084219
vt 0.184602 0.239681
vt 0.184703 0.239315
vt 0.184788 0.238822
vt 0.184926 0.238285
vt 0.185018 0.237780
vt 0.185060 0.237358
vt 0.185251 0.237320
vt 0.055613 0.084734
vt 0.055831 0.084545
vt 0.056006 0.084369
vt 0.056143 0.084213
vt 0.056244 0.084082
vt 0.056335 0.083945
vt 0.056395 0.083837
vt 0.056755 0.083981
vt 0.184560 0.239662
vt 0.184605 0.239390
vt 0.184661 0.238894
vt 0.184774 0.238349
vt 0.184840 0.237833
vt 0.184861 0.237398
vt 0.055350 0.084930
vt 0.055365 0.084572
vt 0.055562 0.084361
vt 0.055721 0.084167
vt 0.055845 0.083995
vt 0.055937 0.083850
vt 0.056021 0.083699
vt 0.056076 0.083582
vt 0.056439 0.083726
vt 0.184513 0.239640
vt 0.184504 0.239467
vt 0.184528 0.238966
vt 0.184614 0.238414
vt 0.184654 0.237886
vt 0.184652 0.237438
vt 0.184614 0.237009
vt 0.184845 0.236985
vt 0.055290 0.084170
vt 0.055431 0.083957
vt 0.055542 0.083769
vt 0.055624 0.083611
vt 0.055700 0.083447
vt 0.055750 0.083320
vt 0.056117 0.083460
vt 0.184457 0.239614
vt 0.184399 0.239544
vt 0.184445 0.238479
vt 0.184459 0.237940
vt 0.184435 0.237478
vt 0.184375 0.237034
vt 0.055115 0.084402
vt 0.055012 0.083973
vt 0.055135 0.083742
vt 0.055232 0.083539
vt 0.055305 0.083370
vt 0.055372 0.083194
vt 0.055417 0.083058
vt 0.055788 0.083189
vt 0.184387 0.239040
vt 0.184277 0.238538
vt 0.184266 0.237988
vt 0.184222 0.237514
vt 0.184144 0.237055
vt 0.054860 0.084225
vt 0.054725 0.083785
vt 0.054831 0.083540
vt 0.054914 0.083325
vt 0.054977 0.083146
vt 0.055035 0.082961
vt 0.055074 0.082818
vt 0.055452 0.082918
vt 0.184303 0.239542
vt 0.184245 0.239107
vt 0.184127 0.238580
vt 0.184097 0.238021
vt 0.184036 0.237537
vt 0.054443 0.084340
vt 0.054319 0.083909
vt 0.054596 0.084055
vt 0.054426 0.083627
vt 0.054514 0.083371
vt 0.054584 0.083147
vt 0.054637 0.082962
vt 0.054687 0.082770
vt 0.054721 0.082623
vt 0.055106 0.082671
vt 0.184202 0.239495
vt 0.184119 0.239154
vt 0.183965 0.238620
vt 0.183914 0.238052
vt 0.183837 0.237558
vt 0.054193 0.084210
vt 0.054029 0.083754
vt 0.054116 0.083460
vt 0.054187 0.083194
vt 0.054245 0.082962
vt 0.054290 0.082771
vt 0.054332 0.082574
vt 0.054361 0.082422
vt 0.054749 0.082471
vt 0.184100 0.239448
vt 0.183979 0.239201
vt 0.007927 0.046525
vt 0.007495 0.046616
vt 0.007396 0.046387
vt 0.006989 0.046504
vt 0.006890 0.046249
vt 0.649799 0.199327
vt 0.649759 0.198962
vt 0.650052 0.198962
vt 0.053928 0.084070
vt 0.053724 0.083591
vt 0.053793 0.083285
vt 0.053851 0.083010
vt 0.053898 0.082772
vt 0.053935 0.082575
vt 0.053970 0.082373
vt 0.053995 0.082218
vt 0.054386 0.082267
vt 0.008103 0.046569
vt 0.008023 0.046727
vt 0.007089 0.046785
vt 0.006653 0.046703
vt 0.006557 0.046404
vt 0.006232 0.046620
vt 0.006143 0.046304
vt 0.053401 0.083420
vt 0.053456 0.083104
vt 0.053502 0.082822
vt 0.053541 0.082578
vt 0.053571 0.082377
vt 0.053601 0.082172
vt 0.053622 0.082014
vt 0.054017 0.082060
vt 0.007596 0.046877
vt 0.007189 0.047095
vt 0.006750 0.047025
vt 0.006322 0.046954
vt 0.053059 0.083244
vt 0.053103 0.082920
vt 0.053141 0.082631
vt 0.053173 0.082383
vt 0.053199 0.082179
vt 0.053224 0.081971
vt 0.053243 0.081812
vt 0.053642 0.081854
vt 0.008072 0.047225
vt 0.008084 0.046960
vt 0.007697 0.047171
vt 0.007288 0.047433
vt 0.006845 0.047371
vt 0.052697 0.083065
vt 0.052735 0.082734
vt 0.052767 0.082441
vt 0.052795 0.082190
vt 0.052817 0.081985
vt 0.052840 0.081776
vt 0.052857 0.081616
vt 0.053261 0.081651
vt 0.008059 0.047533
vt 0.007796 0.047500
vt 0.007384 0.047798
vt 0.006938 0.047740
vt 0.006410 0.047308
vt 0.006496 0.047680
vt 0.006036 0.047251
vt 0.052351 0.082552
vt 0.052381 0.082255
vt 0.052407 0.082003
vt 0.052427 0.081797
vt 0.052448 0.081588
vt 0.052464 0.081429
vt 0.052874 0.081454
vt 0.008045 0.047880
vt 0.007891 0.047861
vt 0.007475 0.048185
vt 0.007026 0.048127
vt 0.006578 0.048068
vt 0.006114 0.047626
vt 0.006188 0.048014
vt 0.005789 0.047578
vt 0.051984 0.082078
vt 0.052009 0.081825
vt 0.052029 0.081620
vt 0.052049 0.081412
vt 0.052064 0.081254
vt 0.052480 0.081268
vt 0.008031 0.048254
vt 0.007565 0.048584
vt 0.007113 0.048525
vt 0.006659 0.048465
vt 0.006260 0.048411
vt 0.005854 0.047967
vt 0.005918 0.048365
vt 0.005576 0.047928
vt 0.051603 0.081655
vt 0.051623 0.081452
vt 0.051643 0.081246
vt 0.051658 0.081091
vt 0.052080 0.081095
vt 0.008015 0.048642
vt 0.007982 0.048248
vt 0.007653 0.048989
vt 0.007199 0.048929
vt 0.006739 0.048868
vt 0.006333 0.048814
vt 0.005981 0.048768
vt 0.005632 0.048325
vt 0.005686 0.048729
vt 0.005402 0.048293
vt 0.005448 0.048697
vt 0.005172 0.048261
vt 0.005210 0.048665
vt 0.004999 0.048237
vt 0.005030 0.048641
vt 0.004826 0.048212
vt 0.008000 0.049034
vt 0.007740 0.049398
vt 0.007283 0.049337
vt 0.006818 0.049276
vt 0.006403 0.049222
vt 0.006043 0.049176
vt 0.005739 0.049138
vt 0.005493 0.049107
vt 0.005245 0.049076
vt 0.005058 0.049052
vt 0.004849 0.048617
vt 0.007984 0.049431
vt 0.007824 0.049812
vt 0.007364 0.049750
vt 0.006893 0.049689
vt 0.006471 0.049636
vt 0.006102 0.049590
vt 0.005789 0.049552
vt 0.005536 0.049522
vt 0.005279 0.049492
vt 0.005085 0.049469
vt 0.004870 0.049029
vt 0.007968 0.049831
vt 0.007902 0.050230
vt 0.007441 0.050168
vt 0.006964 0.050107
vt 0.006535 0.050054
vt 0.006158 0.050009
vt 0.005837 0.049972
vt 0.005576 0.049943
vt 0.005311 0.049913
vt 0.005110 0.049892
vt 0.004889 0.049447
vt 0.007952 0.050237
vt 0.007511 0.050591
vt 0.007030 0.050530
vt 0.006594 0.050478
vt 0.006209 0.050434
vt 0.005880 0.050397
vt 0.005612 0.050369
vt 0.005340 0.050340
vt 0.005132 0.050319
vt 0.004906 0.049870
vt 0.007937 0.050649
vt 0.007575 0.051019
vt 0.007089 0.050958
vt 0.006647 0.050907
vt 0.006255 0.050863
vt 0.005919 0.050828
vt 0.005645 0.050800
vt 0.005366 0.050773
vt 0.005152 0.050752
vt 0.004922 0.050299
vt 0.007922 0.051066
vt 0.007630 0.051452
vt 0.007140 0.051392
vt 0.006693 0.051340
vt 0.006295 0.051298
vt 0.005953 0.051263
vt 0.005673 0.051236
vt 0.005388 0.051210
vt 0.005170 0.051190
vt 0.004936 0.050732
vt 0.007908 0.051489
vt 0.007677 0.051890
vt 0.007184 0.051830
vt 0.006732 0.051779
vt 0.006328 0.051738
vt 0.005982 0.051704
vt 0.005697 0.051678
vt 0.005406 0.051653
vt 0.005183 0.051634
vt 0.004948 0.051171
vt 0.007894 0.051919
vt 0.007717 0.052333
vt 0.007221 0.052273
vt 0.006765 0.052223
vt 0.006357 0.052183
vt 0.006005 0.052150
vt 0.005716 0.052125
vt 0.005420 0.052101
vt 0.005194 0.052084
vt 0.004957 0.051616
vt 0.007881 0.052354
vt 0.007751 0.052781
vt 0.007253 0.052721
vt 0.006794 0.052672
vt 0.006382 0.052633
vt 0.006026 0.052601
vt 0.005733 0.052577
vt 0.005203 0.052538
vt 0.004969 0.052522
vt 0.004963 0.052066
vt 0.007868 0.052796
vt 0.007781 0.053233
vt 0.007281 0.053174
vt 0.006818 0.053126
vt 0.006403 0.053088
vt 0.005747 0.053034
vt 0.005443 0.053012
vt 0.005433 0.052554
vt 0.005210 0.052997
vt 0.004973 0.052982
vt 0.007856 0.053243
vt 0.007808 0.053690
vt 0.007306 0.053632
vt 0.006841 0.053585
vt 0.006060 0.053518
vt 0.006043 0.053057
vt 0.005760 0.053496
vt 0.005453 0.053475
vt 0.005218 0.053460
vt 0.004977 0.053446
vt 0.007845 0.053695
vt 0.007832 0.054152
vt 0.007329 0.054094
vt 0.006862 0.054047
vt 0.006422 0.053547
vt 0.006075 0.053982
vt 0.005774 0.053961
vt 0.005463 0.053941
vt 0.005225 0.053927
vt 0.004983 0.053914
vt 0.007833 0.054152
vt 0.007349 0.054561
vt 0.006457 0.054479
vt 0.006441 0.054011
vt 0.006089 0.054452
vt 0.005786 0.054431
vt 0.005474 0.054412
vt 0.005234 0.054399
vt 0.004989 0.054386
vt 0.007823 0.054615
vt 0.007364 0.055033
vt 0.006880 0.054515
vt 0.006470 0.054952
vt 0.006101 0.054925
vt 0.005796 0.054906
vt 0.005483 0.054887
vt 0.005242 0.054874
vt 0.004996 0.054862
vt 0.007813 0.055083
vt 0.007375 0.055509
vt 0.006894 0.054987
vt 0.006480 0.055430
vt 0.006111 0.055404
vt 0.005805 0.055385
vt 0.005491 0.055367
vt 0.005249 0.055354
vt 0.005002 0.055343
vt 0.007803 0.055557
vt 0.007383 0.055990
vt 0.006905 0.055464
vt 0.006488 0.055912
vt 0.006118 0.055886
vt 0.005813 0.055868
vt 0.005498 0.055850
vt 0.005255 0.055839
vt 0.005008 0.055828
vt 0.007794 0.056035
vt 0.006919 0.056431
vt 0.006913 0.055946
vt 0.006495 0.056398
vt 0.006125 0.056373
vt 0.005819 0.056355
vt 0.005504 0.056338
vt 0.005261 0.056327
vt 0.005014 0.056316
vt 0.007786 0.056518
vt 0.007389 0.056475
vt 0.006925 0.056921
vt 0.006500 0.056888
vt 0.006131 0.056863
vt 0.005825 0.056846
vt 0.005509 0.056829
vt 0.005266 0.056819
vt 0.005018 0.056809
vt 0.007777 0.057005
vt 0.007394 0.056964
vt 0.006930 0.057414
vt 0.006506 0.057381
vt 0.006136 0.057357
vt 0.005829 0.057340
vt 0.005514 0.057324
vt 0.005270 0.057314
vt 0.005022 0.057304
vt 0.007769 0.057496
vt 0.007399 0.057456
vt 0.006934 0.057911
vt 0.006510 0.057879
vt 0.006140 0.057855
vt 0.005834 0.057838
vt 0.005518 0.057823
vt 0.005274 0.057813
vt 0.005026 0.057804
vt 0.007761 0.057991
vt 0.007402 0.057953
vt 0.006937 0.058412
vt 0.006513 0.058380
vt 0.006143 0.058357
vt 0.005837 0.058340
vt 0.005521 0.058326
vt 0.005277 0.058316
vt 0.005028 0.058307
vt 0.007753 0.058490
vt 0.007404 0.058453
vt 0.006938 0.058916
vt 0.006515 0.058885
vt 0.006145 0.058862
vt 0.005839 0.058846
vt 0.005523 0.058832
vt 0.005279 0.058822
vt 0.005030 0.058814
vt 0.007745 0.058994
vt 0.007404 0.058958
vt 0.006936 0.059425
vt 0.006514 0.059394
vt 0.006145 0.059372
vt 0.005839 0.059356
vt 0.005524 0.059342
vt 0.005280 0.059332
vt 0.005031 0.059324
vt 0.007401 0.059466
vt 0.006933 0.059936
vt 0.006512 0.059906
vt 0.006144 0.059884
vt 0.005838 0.059868
vt 0.005523 0.059855
vt 0.005280 0.059846
vt 0.005031 0.059838
vt 0.007738 0.059501
vt 0.007396 0.059977
vt 0.006926 0.060451
vt 0.006506 0.060421
vt 0.006139 0.060399
vt 0.005835 0.060384
vt 0.005520 0.060371
vt 0.005277 0.060362
vt 0.005029 0.060354
vt 0.007731 0.060012
vt 0.007388 0.060491
vt 0.006917 0.060969
vt 0.006499 0.060940
vt 0.006133 0.060918
vt 0.005829 0.060904
vt 0.005515 0.060891
vt 0.005273 0.060882
vt 0.005026 0.060875
vt 0.007724 0.060526
vt 0.007377 0.061009
vt 0.007362 0.061530
vt 0.006488 0.061462
vt 0.006124 0.061441
vt 0.005822 0.061426
vt 0.005509 0.061414
vt 0.005268 0.061405
vt 0.005021 0.061398
vt 0.007717 0.061045
vt 0.007345 0.062055
vt 0.006905 0.061491
vt 0.006890 0.062016
vt 0.006114 0.061966
vt 0.005812 0.061952
vt 0.005501 0.061940
vt 0.005261 0.061932
vt 0.005015 0.061925
vt 0.007710 0.061566
vt 0.007326 0.062582
vt 0.006874 0.062544
vt 0.006476 0.061987
vt 0.006462 0.062515
vt 0.005801 0.062481
vt 0.005492 0.062469
vt 0.005253 0.062461
vt 0.005008 0.062455
vt 0.007704 0.062092
vt 0.007306 0.063112
vt 0.006856 0.063074
vt 0.006447 0.063047
vt 0.006101 0.062495
vt 0.006088 0.063027
vt 0.005481 0.063001
vt 0.005243 0.062994
vt 0.005000 0.062987
vt 0.007698 0.062621
vt 0.007284 0.063646
vt 0.006837 0.063608
vt 0.006430 0.063580
vt 0.006073 0.063561
vt 0.005790 0.063013
vt 0.005777 0.063547
vt 0.005470 0.063536
vt 0.004991 0.063522
vt 0.007691 0.063153
vt 0.007260 0.064182
vt 0.006816 0.064144
vt 0.006412 0.064117
vt 0.006057 0.064098
vt 0.005762 0.064085
vt 0.005457 0.064073
vt 0.005233 0.063529
vt 0.005222 0.064066
vt 0.007685 0.063688
vt 0.007234 0.064720
vt 0.006794 0.064683
vt 0.006392 0.064657
vt 0.006039 0.064638
vt 0.005746 0.064625
vt 0.005443 0.064614
vt 0.005209 0.064607
vt 0.004981 0.064060
vt 0.007679 0.064226
vt 0.007206 0.065262
vt 0.006769 0.065225
vt 0.006370 0.065199
vt 0.006020 0.065180
vt 0.005729 0.065167
vt 0.005428 0.065157
vt 0.005196 0.065150
vt 0.004970 0.064601
vt 0.007673 0.064767
vt 0.007177 0.065806
vt 0.006743 0.065770
vt 0.006347 0.065744
vt 0.006000 0.065725
vt 0.005711 0.065713
vt 0.005412 0.065702
vt 0.005181 0.065696
vt 0.004958 0.065144
vt 0.007635 0.065855
vt 0.007600 0.066402
vt 0.007147 0.066353
vt 0.006717 0.066317
vt 0.006324 0.066291
vt 0.005979 0.066273
vt 0.005692 0.066261
vt 0.005395 0.066251
vt 0.005166 0.066244
vt 0.004945 0.065690
vt 0.007661 0.065858
vt 0.007566 0.066951
vt 0.007116 0.066903
vt 0.006690 0.066867
vt 0.006300 0.066842
vt 0.005958 0.066824
vt 0.005673 0.066812
vt 0.005378 0.066802
vt 0.005151 0.066795
vt 0.004931 0.066239
vt 0.007656 0.066409
vt 0.007528 0.067503
vt 0.007083 0.067455
vt 0.006660 0.067420
vt 0.006274 0.067394
vt 0.005935 0.067377
vt 0.005652 0.067365
vt 0.005360 0.067355
vt 0.005134 0.067349
vt 0.004917 0.066790
vt 0.007650 0.066961
vt 0.007489 0.068057
vt 0.007048 0.068010
vt 0.006629 0.067975
vt 0.006247 0.067950
vt 0.005910 0.067933
vt 0.005630 0.067921
vt 0.005340 0.067912
vt 0.005116 0.067906
vt 0.004902 0.067344
vt 0.007644 0.067517
vt 0.007449 0.068614
vt 0.007013 0.068567
vt 0.006598 0.068533
vt 0.006219 0.068508
vt 0.005886 0.068491
vt 0.005608 0.068480
vt 0.005320 0.068470
vt 0.005098 0.068465
vt 0.004886 0.067901
vt 0.007639 0.068076
vt 0.007410 0.069173
vt 0.006978 0.069127
vt 0.006568 0.069093
vt 0.006192 0.069068
vt 0.005862 0.069052
vt 0.005586 0.069040
vt 0.005301 0.069031
vt 0.005080 0.069026
vt 0.004870 0.068460
vt 0.007633 0.068638
vt 0.007375 0.069735
vt 0.006947 0.069688
vt 0.006540 0.069655
vt 0.006167 0.069631
vt 0.005840 0.069614
vt 0.005566 0.069603
vt 0.005283 0.069594
vt 0.005065 0.069589
vt 0.004854 0.069022
vt 0.007627 0.069202
vt 0.007325 0.070299
vt 0.006903 0.070254
vt 0.006502 0.070220
vt 0.006135 0.070197
vt 0.005811 0.070181
vt 0.005542 0.070170
vt 0.005263 0.070161
vt 0.005047 0.070156
vt 0.004840 0.069585
vt 0.007622 0.069768
vt 0.007277 0.070866
vt 0.006862 0.070821
vt 0.006467 0.070788
vt 0.006105 0.070765
vt 0.005786 0.070749
vt 0.005520 0.070738
vt 0.005244 0.070730
vt 0.005031 0.070725
vt 0.004825 0.070152
vt 0.007617 0.070339
vt 0.007242 0.071434
vt 0.006832 0.071389
vt 0.006441 0.071357
vt 0.006082 0.071334
vt 0.005766 0.071318
vt 0.005503 0.071308
vt 0.005230 0.071300
vt 0.005019 0.071295
vt 0.004813 0.070721
vt 0.007612 0.070913
vt 0.027998 0.008970
vt 0.028557 0.008579
vt 0.027955 0.009095
vt 0.028599 0.008454
vt 0.029175 0.008017
vt 0.029215 0.007892
vt 0.029729 0.007478
vt 0.029767 0.007353
vt 0.030219 0.006962
vt 0.030255 0.006837
vt 0.030646 0.006473
vt 0.030680 0.006348
vt 0.030972 0.006062
vt 0.031004 0.005937
vt 0.031248 0.005677
vt 0.031278 0.005551
vt 0.031449 0.005364
vt 0.031476 0.005238
vt 0.031591 0.005117
vt 0.031616 0.004991
vt 0.031688 0.004929
vt 0.059250 0.086400
vt 0.059118 0.086383
vt 0.059367 0.086416
vt 0.059440 0.086426
vt 0.059491 0.086434
vt 0.027411 0.009451
vt 0.027415 0.009537
vt 0.028470 0.008761
vt 0.027864 0.009277
vt 0.029091 0.008200
vt 0.029649 0.007661
vt 0.030144 0.007146
vt 0.030575 0.006657
vt 0.030906 0.006246
vt 0.031187 0.005862
vt 0.031392 0.005550
vt 0.058698 0.086332
vt 0.058752 0.086406
vt 0.058514 0.086369
vt 0.058936 0.086361
vt 0.058933 0.086436
vt 0.059064 0.086459
vt 0.059180 0.086481
vt 0.059253 0.086496
vt 0.059303 0.086509
vt 0.027420 0.009640
vt 0.028339 0.008971
vt 0.027730 0.009486
vt 0.028966 0.008411
vt 0.029529 0.007873
vt 0.030030 0.007359
vt 0.030468 0.006871
vt 0.030805 0.006462
vt 0.057849 0.086272
vt 0.058002 0.086372
vt 0.057638 0.086307
vt 0.058215 0.086324
vt 0.058299 0.086430
vt 0.058535 0.086479
vt 0.058714 0.086520
vt 0.058845 0.086552
vt 0.058960 0.086584
vt 0.059032 0.086606
vt 0.059081 0.086627
vt 0.027424 0.009735
vt 0.028178 0.009195
vt 0.027565 0.009708
vt 0.028810 0.008638
vt 0.029379 0.008102
vt 0.029887 0.007591
vt 0.030334 0.007106
vt 0.057250 0.086242
vt 0.057406 0.086360
vt 0.057022 0.086279
vt 0.057767 0.086443
vt 0.058061 0.086518
vt 0.058294 0.086583
vt 0.058472 0.086637
vt 0.058600 0.086681
vt 0.058713 0.086724
vt 0.058784 0.086756
vt 0.058832 0.086786
vt 0.027428 0.009819
vt 0.028653 0.008870
vt 0.028018 0.009423
vt 0.029228 0.008340
vt 0.029742 0.007833
vt 0.030196 0.007353
vt 0.057161 0.086424
vt 0.056781 0.086325
vt 0.057517 0.086527
vt 0.057807 0.086621
vt 0.058035 0.086703
vt 0.058210 0.086774
vt 0.058336 0.086830
vt 0.058447 0.086887
vt 0.058516 0.086930
vt 0.058562 0.086971
vt 0.028550 0.009098
vt 0.027912 0.009643
vt 0.029127 0.008575
vt 0.029646 0.008075
vt 0.030104 0.007602
vt 0.030462 0.007205
vt 0.030548 0.006950
vt 0.030773 0.006834
vt 0.057543 0.086692
vt 0.057259 0.086584
vt 0.057768 0.086787
vt 0.057938 0.086869
vt 0.058062 0.086935
vt 0.058170 0.087002
vt 0.058237 0.087052
vt 0.058282 0.087101
vt 0.027433 0.009907
vt 0.027439 0.010030
vt 0.028434 0.009317
vt 0.027795 0.009851
vt 0.029015 0.008805
vt 0.029538 0.008316
vt 0.030002 0.007853
vt 0.030365 0.007465
vt 0.056910 0.086466
vt 0.056994 0.086653
vt 0.056654 0.086518
vt 0.057270 0.086777
vt 0.057488 0.086887
vt 0.057654 0.086982
vt 0.057774 0.087059
vt 0.057878 0.087137
vt 0.057943 0.087197
vt 0.057986 0.087255
vt 0.027445 0.010132
vt 0.028309 0.009524
vt 0.027667 0.010043
vt 0.028893 0.009027
vt 0.029420 0.008552
vt 0.029890 0.008103
vt 0.056290 0.086391
vt 0.056396 0.086581
vt 0.056045 0.086438
vt 0.056724 0.086734
vt 0.056990 0.086876
vt 0.057200 0.087003
vt 0.057359 0.087112
vt 0.057473 0.087201
vt 0.057573 0.087292
vt 0.057635 0.087361
vt 0.057675 0.087429
vt 0.027450 0.010213
vt 0.028176 0.009714
vt 0.027534 0.010212
vt 0.028763 0.009236
vt 0.029294 0.008780
vt 0.029769 0.008349
vt 0.056139 0.086654
vt 0.055804 0.086493
vt 0.056451 0.086828
vt 0.056704 0.086988
vt 0.056903 0.087133
vt 0.057054 0.087258
vt 0.057162 0.087360
vt 0.057256 0.087465
vt 0.057314 0.087544
vt 0.057351 0.087623
vt 0.027454 0.010273
vt 0.028627 0.009431
vt 0.028040 0.009884
vt 0.029161 0.008999
vt 0.055406 0.086326
vt 0.055569 0.086559
vt 0.055194 0.086373
vt 0.055883 0.086739
vt 0.056177 0.086933
vt 0.056414 0.087114
vt 0.056600 0.087277
vt 0.056740 0.087418
vt 0.056841 0.087535
vt 0.056928 0.087653
vt 0.056982 0.087744
vt 0.057015 0.087834
vt 0.028517 0.009608
vt 0.027931 0.010032
vt 0.029052 0.009204
vt 0.029536 0.008821
vt 0.055633 0.086812
vt 0.055342 0.086616
vt 0.055904 0.087024
vt 0.056123 0.087221
vt 0.056294 0.087399
vt 0.056423 0.087554
vt 0.056515 0.087681
vt 0.056595 0.087812
vt 0.056644 0.087911
vt 0.056673 0.088011
vt 0.027458 0.010315
vt 0.027462 0.010360
vt 0.028416 0.009770
vt 0.027832 0.010161
vt 0.028952 0.009397
vt 0.029439 0.009046
vt 0.055386 0.086885
vt 0.055121 0.086674
vt 0.055632 0.087113
vt 0.055830 0.087326
vt 0.055984 0.087519
vt 0.056101 0.087686
vt 0.056183 0.087824
vt 0.056254 0.087965
vt 0.056297 0.088073
vt 0.056323 0.088182
vt 0.027466 0.010399
vt 0.185152 0.239527
vt 0.185568 0.239189
vt 0.185116 0.239631
vt 0.028848 0.009583
vt 0.028312 0.009919
vt 0.029338 0.009265
vt 0.055141 0.086967
vt 0.054906 0.086741
vt 0.055359 0.087213
vt 0.055533 0.087442
vt 0.055669 0.087650
vt 0.055771 0.087830
vt 0.055843 0.087979
vt 0.055905 0.088132
vt 0.055941 0.088249
vt 0.055962 0.088368
vt 0.184888 0.239816
vt 0.184925 0.239834
vt 0.185542 0.239307
vt 0.185085 0.239740
vt 0.649759 0.076946
vt 0.649834 0.076445
vt 0.649834 0.077042
vt 0.029232 0.009482
vt 0.028740 0.009763
vt 0.054895 0.087058
vt 0.054692 0.086815
vt 0.055083 0.087321
vt 0.055233 0.087567
vt 0.055349 0.087790
vt 0.055435 0.087984
vt 0.055496 0.088144
vt 0.055547 0.088309
vt 0.055577 0.088435
vt 0.055593 0.088562
vt 0.184971 0.239856
vt 0.185520 0.239433
vt 0.185058 0.239854
vt 0.185986 0.239059
vt 0.029123 0.009700
vt 0.028628 0.009942
vt 0.054648 0.087156
vt 0.054478 0.086897
vt 0.054803 0.087437
vt 0.054927 0.087699
vt 0.055022 0.087937
vt 0.055092 0.088144
vt 0.055141 0.088314
vt 0.055182 0.088490
vt 0.055205 0.088625
vt 0.055216 0.088761
vt 0.185029 0.239883
vt 0.185976 0.239199
vt 0.185501 0.239564
vt 0.029010 0.009923
vt 0.028512 0.010125
vt 0.029423 0.009756
vt 0.054518 0.087558
vt 0.054394 0.087261
vt 0.054615 0.087836
vt 0.054689 0.088087
vt 0.054743 0.088306
vt 0.054779 0.088486
vt 0.054809 0.088672
vt 0.054825 0.088814
vt 0.054831 0.088958
vt 0.027978 0.010341
vt 0.028402 0.010318
vt 0.027870 0.010492
vt 0.028903 0.010154
vt 0.029321 0.010020
vt 0.029715 0.009895
vt 0.054296 0.087961
vt 0.054225 0.087671
vt 0.054349 0.088223
vt 0.054387 0.088450
vt 0.054412 0.088638
vt 0.054432 0.088831
vt 0.054441 0.088979
vt 0.054443 0.089130
vt 0.027488 0.010537
vt 0.027497 0.010615
vt 0.028317 0.010524
vt 0.027785 0.010659
vt 0.028820 0.010397
vt 0.029243 0.010293
vt 0.029644 0.010198
vt 0.029976 0.010122
vt 0.054005 0.088324
vt 0.053971 0.088055
vt 0.054028 0.088557
vt 0.054042 0.088749
vt 0.054052 0.088947
vt 0.054055 0.089099
vt 0.054052 0.089253
vt 0.027508 0.010731
vt 0.028229 0.010752
vt 0.027698 0.010852
vt 0.028734 0.010659
vt 0.029162 0.010584
vt 0.029570 0.010515
vt 0.029911 0.010461
vt 0.053649 0.088431
vt 0.053633 0.088156
vt 0.053659 0.088669
vt 0.053663 0.088866
vt 0.053664 0.089067
vt 0.053662 0.089222
vt 0.053655 0.089379
vt 0.027522 0.010886
vt 0.028139 0.011008
vt 0.027610 0.011077
vt 0.028646 0.010945
vt 0.029079 0.010894
vt 0.029495 0.010848
vt 0.029845 0.010813
vt 0.030191 0.010420
vt 0.030134 0.010787
vt 0.053282 0.088543
vt 0.053280 0.088785
vt 0.053276 0.088985
vt 0.053269 0.089190
vt 0.053262 0.089347
vt 0.053252 0.089506
vt 0.027538 0.011087
vt 0.028557 0.011258
vt 0.028048 0.011297
vt 0.028995 0.011227
vt 0.029418 0.011201
vt 0.029777 0.011181
vt 0.030077 0.011166
vt 0.052903 0.088656
vt 0.052891 0.088903
vt 0.052880 0.089105
vt 0.052867 0.089313
vt 0.052856 0.089471
vt 0.052843 0.089632
vt 0.028469 0.011601
vt 0.027959 0.011621
vt 0.028911 0.011585
vt 0.029342 0.011573
vt 0.029711 0.011564
vt 0.030020 0.011559
vt 0.030320 0.011157
vt 0.030272 0.011556
vt 0.052491 0.089019
vt 0.052475 0.089223
vt 0.052458 0.089432
vt 0.052444 0.089592
vt 0.052429 0.089753
vt 0.027582 0.011638
vt 0.028384 0.011973
vt 0.027873 0.011981
vt 0.028830 0.011968
vt 0.029268 0.011964
vt 0.029645 0.011963
vt 0.029964 0.011963
vt 0.030226 0.011964
vt 0.030472 0.011554
vt 0.030434 0.011966
vt 0.030668 0.011554
vt 0.030639 0.011968
vt 0.052042 0.089546
vt 0.052026 0.089705
vt 0.052009 0.089867
vt 0.027608 0.011986
vt 0.028302 0.012372
vt 0.027791 0.012373
vt 0.028752 0.012372
vt 0.029197 0.012374
vt 0.029583 0.012376
vt 0.029911 0.012379
vt 0.030182 0.012382
vt 0.030398 0.012385
vt 0.030612 0.012388
vt 0.030792 0.011970
vt 0.030773 0.012391
vt 0.030944 0.011973
vt 0.030932 0.012394
vt 0.027636 0.012373
vt 0.028226 0.012792
vt 0.027715 0.012790
vt 0.028679 0.012794
vt 0.029130 0.012797
vt 0.029524 0.012801
vt 0.029861 0.012805
vt 0.030141 0.012808
vt 0.030364 0.012811
vt 0.030588 0.012814
vt 0.030755 0.012816
vt 0.030922 0.012819
vt 0.027666 0.012790
vt 0.028152 0.013224
vt 0.028608 0.013227
vt 0.029065 0.013230
vt 0.029467 0.013233
vt 0.029812 0.013236
vt 0.030101 0.013239
vt 0.030332 0.013242
vt 0.030564 0.013244
vt 0.030739 0.013246
vt 0.030913 0.013248
vt 0.027698 0.013221
vt 0.028079 0.013661
vt 0.028537 0.013664
vt 0.029000 0.013667
vt 0.029410 0.013670
vt 0.029765 0.013673
vt 0.030062 0.013675
vt 0.030302 0.013677
vt 0.030542 0.013679
vt 0.030724 0.013680
vt 0.030906 0.013681
vt 0.027730 0.013658
vt 0.028008 0.014103
vt 0.028468 0.014106
vt 0.028938 0.014109
vt 0.029355 0.014112
vt 0.029719 0.014114
vt 0.030025 0.014115
vt 0.030272 0.014116
vt 0.030522 0.014117
vt 0.030711 0.014118
vt 0.030901 0.014119
vt 0.027762 0.014101
vt 0.027940 0.014549
vt 0.028403 0.014553
vt 0.028878 0.014555
vt 0.029303 0.014557
vt 0.029675 0.014559
vt 0.029990 0.014559
vt 0.030246 0.014560
vt 0.030504 0.014560
vt 0.030700 0.014560
vt 0.030897 0.014560
vt 0.027794 0.014548
vt 0.027878 0.014999
vt 0.028343 0.015003
vt 0.028823 0.015006
vt 0.029255 0.015007
vt 0.029635 0.015007
vt 0.029959 0.015007
vt 0.030221 0.015007
vt 0.030488 0.015006
vt 0.030690 0.015005
vt 0.030895 0.015004
vt 0.027827 0.014999
vt 0.028288 0.015457
vt 0.028773 0.015460
vt 0.029213 0.015460
vt 0.029600 0.015460
vt 0.029931 0.015459
vt 0.030201 0.015458
vt 0.030475 0.015456
vt 0.030683 0.015455
vt 0.030895 0.015453
vt 0.027859 0.015454
vt 0.028241 0.015915
vt 0.028731 0.015917
vt 0.029176 0.015917
vt 0.029570 0.015916
vt 0.029908 0.015915
vt 0.030184 0.015913
vt 0.030465 0.015910
vt 0.030679 0.015908
vt 0.030896 0.015906
vt 0.027891 0.015912
vt 0.028203 0.016376
vt 0.028696 0.016378
vt 0.029146 0.016378
vt 0.029546 0.016376
vt 0.029890 0.016373
vt 0.030171 0.016371
vt 0.030458 0.016368
vt 0.030678 0.016365
vt 0.030900 0.016362
vt 0.027922 0.016374
vt 0.028172 0.016841
vt 0.028668 0.016842
vt 0.029123 0.016841
vt 0.029529 0.016839
vt 0.029878 0.016836
vt 0.030164 0.016832
vt 0.030456 0.016828
vt 0.030680 0.016825
vt 0.030907 0.016821
vt 0.027953 0.016839
vt 0.028148 0.017309
vt 0.028647 0.017310
vt 0.029106 0.017308
vt 0.029516 0.017305
vt 0.029870 0.017301
vt 0.030160 0.017297
vt 0.030457 0.017292
vt 0.030685 0.017288
vt 0.030916 0.017284
vt 0.027983 0.017308
vt 0.028130 0.017780
vt 0.028631 0.017780
vt 0.029094 0.017778
vt 0.029508 0.017774
vt 0.029865 0.017770
vt 0.030160 0.017765
vt 0.030461 0.017759
vt 0.030692 0.017755
vt 0.030927 0.017750
vt 0.028012 0.017779
vt 0.028116 0.018254
vt 0.028620 0.018254
vt 0.029085 0.018252
vt 0.029503 0.018247
vt 0.029864 0.018242
vt 0.030161 0.018236
vt 0.030466 0.018230
vt 0.030700 0.018225
vt 0.030938 0.018219
vt 0.028041 0.018254
vt 0.028106 0.018732
vt 0.028611 0.018731
vt 0.029079 0.018728
vt 0.029500 0.018723
vt 0.029864 0.018717
vt 0.030164 0.018711
vt 0.030472 0.018704
vt 0.030709 0.018698
vt 0.030950 0.018692
vt 0.028069 0.018731
vt 0.028098 0.019212
vt 0.028605 0.019212
vt 0.029075 0.019208
vt 0.029498 0.019202
vt 0.029865 0.019196
vt 0.030167 0.019189
vt 0.030478 0.019182
vt 0.030717 0.019176
vt 0.030960 0.019169
vt 0.028097 0.019212
vt 0.028602 0.019695
vt 0.029073 0.019691
vt 0.029498 0.019685
vt 0.029867 0.019678
vt 0.030171 0.019671
vt 0.030484 0.019663
vt 0.030725 0.019656
vt 0.030970 0.019649
vt 0.028124 0.019696
vt 0.028603 0.020181
vt 0.029076 0.020177
vt 0.029502 0.020170
vt 0.029871 0.020163
vt 0.030177 0.020156
vt 0.030492 0.020147
vt 0.030733 0.020140
vt 0.030980 0.020132
vt 0.028151 0.020182
vt 0.028609 0.020670
vt 0.029081 0.020665
vt 0.029508 0.020659
vt 0.029878 0.020651
vt 0.030185 0.020643
vt 0.030500 0.020634
vt 0.030742 0.020627
vt 0.030989 0.020619
vt 0.028177 0.020671
vt 0.028617 0.021162
vt 0.029090 0.021157
vt 0.029516 0.021150
vt 0.029887 0.021142
vt 0.030194 0.021134
vt 0.030509 0.021125
vt 0.030752 0.021117
vt 0.031000 0.021109
vt 0.028203 0.021163
vt 0.029100 0.021652
vt 0.028628 0.021657
vt 0.029526 0.021644
vt 0.029897 0.021636
vt 0.030204 0.021628
vt 0.030520 0.021618
vt 0.030762 0.021611
vt 0.031010 0.021602
vt 0.028228 0.021658
vt 0.029111 0.022149
vt 0.028640 0.022155
vt 0.029537 0.022142
vt 0.029908 0.022133
vt 0.030215 0.022125
vt 0.030531 0.022115
vt 0.030774 0.022107
vt 0.031022 0.022098
vt 0.028254 0.022156
vt 0.029122 0.022650
vt 0.028652 0.022656
vt 0.029548 0.022642
vt 0.029919 0.022633
vt 0.030226 0.022625
vt 0.030543 0.022615
vt 0.030786 0.022607
vt 0.031035 0.022598
vt 0.028279 0.022657
vt 0.029135 0.023154
vt 0.028665 0.023159
vt 0.029561 0.023145
vt 0.029932 0.023136
vt 0.030239 0.023128
vt 0.030556 0.023118
vt 0.030799 0.023109
vt 0.031048 0.023100
vt 0.028304 0.023161
vt 0.029149 0.023660
vt 0.028680 0.023666
vt 0.029575 0.023652
vt 0.029945 0.023642
vt 0.030252 0.023634
vt 0.030569 0.023623
vt 0.030813 0.023615
vt 0.031062 0.023605
vt 0.028329 0.023668
vt 0.029165 0.024169
vt 0.028697 0.024175
vt 0.029590 0.024161
vt 0.029960 0.024151
vt 0.030267 0.024142
vt 0.030584 0.024132
vt 0.030827 0.024123
vt 0.031076 0.024114
vt 0.028353 0.024177
vt 0.029184 0.024681
vt 0.028717 0.024687
vt 0.029607 0.024673
vt 0.029977 0.024663
vt 0.030284 0.024654
vt 0.030600 0.024643
vt 0.030843 0.024635
vt 0.031092 0.024625
vt 0.028378 0.024689
vt 0.029204 0.025196
vt 0.028739 0.025202
vt 0.029627 0.025187
vt 0.029996 0.025178
vt 0.030302 0.025168
vt 0.030618 0.025158
vt 0.030861 0.025149
vt 0.031109 0.025139
vt 0.028402 0.025204
vt 0.029228 0.025714
vt 0.028764 0.025720
vt 0.029649 0.025705
vt 0.030017 0.025695
vt 0.030322 0.025686
vt 0.030637 0.025675
vt 0.030880 0.025666
vt 0.031128 0.025656
vt 0.028426 0.025722
vt 0.029254 0.026234
vt 0.028793 0.026240
vt 0.029674 0.026225
vt 0.030041 0.026215
vt 0.030345 0.026206
vt 0.030659 0.026195
vt 0.030901 0.026186
vt 0.031149 0.026176
vt 0.028450 0.026242
vt 0.028824 0.026763
vt 0.029284 0.026757
vt 0.029702 0.026748
vt 0.030067 0.026738
vt 0.030370 0.026728
vt 0.030683 0.026717
vt 0.030924 0.026708
vt 0.031171 0.026698
vt 0.028474 0.026765
vt 0.028858 0.027289
vt 0.029315 0.027282
vt 0.029731 0.027273
vt 0.030094 0.027263
vt 0.030396 0.027253
vt 0.030708 0.027242
vt 0.030948 0.027233
vt 0.031194 0.027223
vt 0.028498 0.027291
vt 0.028895 0.027817
vt 0.029349 0.027810
vt 0.029763 0.027801
vt 0.030124 0.027791
vt 0.030424 0.027781
vt 0.030734 0.027770
vt 0.030974 0.027761
vt 0.031218 0.027751
vt 0.028521 0.027819
vt 0.028933 0.028348
vt 0.029384 0.028341
vt 0.029795 0.028332
vt 0.030155 0.028322
vt 0.030454 0.028312
vt 0.030762 0.028301
vt 0.031000 0.028292
vt 0.031244 0.028282
vt 0.028545 0.028350
vt 0.028972 0.028882
vt 0.029421 0.028875
vt 0.029829 0.028866
vt 0.030187 0.028856
vt 0.030484 0.028846
vt 0.030791 0.028835
vt 0.031028 0.028825
vt 0.031270 0.028815
vt 0.028569 0.028884
vt 0.029014 0.029418
vt 0.029459 0.029411
vt 0.029865 0.029402
vt 0.030221 0.029392
vt 0.030516 0.029382
vt 0.030821 0.029371
vt 0.031057 0.029362
vt 0.031298 0.029351
vt 0.028592 0.029420
vt 0.029058 0.029957
vt 0.029500 0.029950
vt 0.029903 0.029941
vt 0.030256 0.029931
vt 0.030550 0.029921
vt 0.030853 0.029910
vt 0.031087 0.029900
vt 0.031326 0.029890
vt 0.028616 0.029959
vt 0.029104 0.030499
vt 0.029542 0.030492
vt 0.029943 0.030483
vt 0.030293 0.030472
vt 0.030585 0.030463
vt 0.030886 0.030451
vt 0.031118 0.030442
vt 0.031356 0.030432
vt 0.028639 0.030501
vt 0.029151 0.031043
vt 0.029586 0.031036
vt 0.029983 0.031027
vt 0.030331 0.031017
vt 0.030620 0.031007
vt 0.030920 0.030996
vt 0.031151 0.030986
vt 0.031387 0.030976
vt 0.028690 0.031045
vt 0.028742 0.031591
vt 0.029199 0.031589
vt 0.029630 0.031583
vt 0.030024 0.031574
vt 0.030370 0.031563
vt 0.030657 0.031554
vt 0.030954 0.031542
vt 0.031183 0.031533
vt 0.031418 0.031523
vt 0.028663 0.031045
vt 0.028687 0.031591
vt 0.028795 0.032141
vt 0.029248 0.032139
vt 0.029676 0.032132
vt 0.030066 0.032123
vt 0.030409 0.032113
vt 0.030694 0.032103
vt 0.030989 0.032092
vt 0.031217 0.032082
vt 0.031450 0.032072
vt 0.028710 0.032140
vt 0.028851 0.032692
vt 0.029299 0.032690
vt 0.029723 0.032684
vt 0.030111 0.032675
vt 0.030450 0.032665
vt 0.030733 0.032655
vt 0.031026 0.032644
vt 0.031252 0.032634
vt 0.031483 0.032624
vt 0.028734 0.032692
vt 0.028909 0.033246
vt 0.029352 0.033245
vt 0.029772 0.033238
vt 0.030156 0.033229
vt 0.030493 0.033219
vt 0.030773 0.033209
vt 0.031064 0.033198
vt 0.031288 0.033188
vt 0.031517 0.033178
vt 0.028757 0.033246
vt 0.028967 0.033803
vt 0.029406 0.033801
vt 0.029822 0.033795
vt 0.030202 0.033786
vt 0.030536 0.033776
vt 0.030814 0.033766
vt 0.031102 0.033755
vt 0.031324 0.033745
vt 0.031552 0.033735
vt 0.028781 0.033802
vt 0.029023 0.034362
vt 0.029458 0.034361
vt 0.029870 0.034354
vt 0.030247 0.034345
vt 0.030578 0.034335
vt 0.030854 0.034325
vt 0.031139 0.034314
vt 0.031360 0.034305
vt 0.031586 0.034295
vt 0.028805 0.034361
vt 0.029077 0.034924
vt 0.029508 0.034923
vt 0.029917 0.034916
vt 0.030291 0.034907
vt 0.030619 0.034897
vt 0.030892 0.034888
vt 0.031176 0.034876
vt 0.031394 0.034867
vt 0.031618 0.034857
vt 0.028829 0.034922
vt 0.029146 0.035488
vt 0.029570 0.035486
vt 0.029973 0.035480
vt 0.030342 0.035471
vt 0.030665 0.035461
vt 0.030935 0.035451
vt 0.031215 0.035440
vt 0.031431 0.035431
vt 0.031652 0.035421
vt 0.028852 0.035485
vt 0.029212 0.036054
vt 0.029630 0.036052
vt 0.030027 0.036046
vt 0.030390 0.036037
vt 0.030710 0.036028
vt 0.030976 0.036018
vt 0.031251 0.036007
vt 0.031464 0.035998
vt 0.031683 0.035988
vt 0.028875 0.036050
vt 0.029266 0.036623
vt 0.029679 0.036622
vt 0.030072 0.036616
vt 0.030432 0.036607
vt 0.030748 0.036598
vt 0.031011 0.036588
vt 0.031284 0.036577
vt 0.031496 0.036568
vt 0.031712 0.036558
vt 0.028899 0.036619
vt 0.335672 0.099578
vt 0.335620 0.096550
vt 0.335672 0.096438
vt 0.335629 0.099675
vt 0.335554 0.096723
vt 0.273044 0.355467
vt 0.273081 0.352548
vt 0.273081 0.355635
vt 0.357000 0.007649
vt 0.357027 0.004802
vt 0.357027 0.007833
vt 0.098136 0.368112
vt 0.098169 0.365337
vt 0.098169 0.368306
vt 0.010210 0.008067
vt 0.010878 0.006062
vt 0.010253 0.008261
vt 0.011061 0.006342
vt 0.010310 0.008451
vt 0.011267 0.006633
vt 0.010379 0.008636
vt 0.011493 0.006936
vt 0.010460 0.008812
vt 0.011737 0.007249
vt 0.010558 0.008978
vt 0.011948 0.007572
vt 0.010652 0.009145
vt 0.012154 0.007904
vt 0.010750 0.009311
vt 0.012375 0.008244
vt 0.010863 0.009477
vt 0.012607 0.008592
vt 0.010991 0.009645
vt 0.012843 0.008947
vt 0.011137 0.009822
vt 0.011300 0.010012
vt 0.013078 0.009310
vt 0.011468 0.010223
vt 0.013289 0.009680
vt 0.011614 0.010460
vt 0.013451 0.010056
vt 0.011776 0.010722
vt 0.013617 0.010438
vt 0.011953 0.011012
vt 0.013785 0.010827
vt 0.012142 0.011330
vt 0.013952 0.011221
vt 0.012340 0.011678
vt 0.014115 0.011621
vt 0.012541 0.012051
vt 0.014271 0.012027
vt 0.012741 0.012446
vt 0.014416 0.012438
vt 0.012934 0.012857
vt 0.014547 0.012854
vt 0.013123 0.013278
vt 0.014665 0.013275
vt 0.013309 0.013704
vt 0.021154 0.081509
vt 0.019560 0.082056
vt 0.019585 0.081639
vt 0.021123 0.081933
vt 0.019534 0.082479
vt 0.021094 0.082362
vt 0.019509 0.082908
vt 0.021068 0.082795
vt 0.019486 0.083341
vt 0.021044 0.083234
vt 0.019466 0.083779
vt 0.021023 0.083677
vt 0.019450 0.084223
vt 0.021004 0.084125
vt 0.019437 0.084671
vt 0.020990 0.084578
vt 0.019429 0.085124
vt 0.020979 0.085036
vt 0.019422 0.085582
vt 0.020971 0.085497
vt 0.019418 0.086044
vt 0.020964 0.085964
vt 0.019414 0.086511
vt 0.020957 0.086434
vt 0.019409 0.086982
vt 0.020949 0.086908
vt 0.019403 0.087457
vt 0.020933 0.087868
vt 0.019399 0.087937
vt 0.020926 0.088353
vt 0.019395 0.088420
vt 0.020919 0.088843
vt 0.019392 0.088908
vt 0.020913 0.089336
vt 0.019389 0.089400
vt 0.020909 0.089832
vt 0.019388 0.089895
vt 0.020905 0.090333
vt 0.019387 0.090394
vt 0.020902 0.090836
vt 0.019387 0.090896
vt 0.020900 0.091343
vt 0.019387 0.091402
vt 0.020900 0.091853
vt 0.019388 0.091911
vt 0.020900 0.092367
vt 0.019390 0.092424
vt 0.020902 0.092884
vt 0.019393 0.092940
vt 0.020906 0.093403
vt 0.019397 0.093459
vt 0.020912 0.093926
vt 0.019403 0.093981
vt 0.020919 0.094453
vt 0.019411 0.094507
vt 0.020928 0.094982
vt 0.019419 0.095036
vt 0.020938 0.095514
vt 0.019429 0.095567
vt 0.020949 0.096049
vt 0.019440 0.096102
vt 0.020960 0.096587
vt 0.019451 0.096639
vt 0.020973 0.097127
vt 0.019463 0.097179
vt 0.020987 0.097670
vt 0.019476 0.097722
vt 0.021002 0.098216
vt 0.019491 0.098268
vt 0.019506 0.098816
vt 0.021018 0.098765
vt 0.019521 0.099367
vt 0.021034 0.099316
vt 0.019537 0.099921
vt 0.021050 0.099870
vt 0.019554 0.100477
vt 0.021069 0.100427
vt 0.019572 0.101036
vt 0.021088 0.100986
vt 0.019590 0.101598
vt 0.021107 0.101547
vt 0.019608 0.102162
vt 0.021125 0.102111
vt 0.019624 0.102728
vt 0.021142 0.102678
vt 0.019642 0.103297
vt 0.021176 0.103819
vt 0.019657 0.103869
vt 0.021188 0.104392
vt 0.019669 0.104442
vt 0.010210 0.007579
vt 0.010095 0.005314
vt 0.010210 0.005104
vt 0.010210 0.007735
vt 0.009910 0.005546
vt 0.010210 0.007896
vt 0.009699 0.005796
vt 0.009541 0.006062
vt 0.010167 0.008261
vt 0.009358 0.006342
vt 0.010110 0.008451
vt 0.009153 0.006633
vt 0.010041 0.008636
vt 0.008926 0.006936
vt 0.009960 0.008812
vt 0.008682 0.007249
vt 0.009862 0.008978
vt 0.008471 0.007572
vt 0.009768 0.009145
vt 0.008265 0.007904
vt 0.009670 0.009311
vt 0.008044 0.008244
vt 0.009557 0.009477
vt 0.007813 0.008592
vt 0.009429 0.009645
vt 0.007576 0.008947
vt 0.009120 0.010012
vt 0.007341 0.009310
vt 0.008952 0.010223
vt 0.007131 0.009680
vt 0.008806 0.010460
vt 0.006969 0.010056
vt 0.008644 0.010722
vt 0.006802 0.010438
vt 0.008467 0.011012
vt 0.006634 0.010827
vt 0.008278 0.011330
vt 0.006468 0.011221
vt 0.008080 0.011678
vt 0.006305 0.011621
vt 0.007879 0.012051
vt 0.006149 0.012027
vt 0.070151 0.004802
vt 0.071798 0.005003
vt 0.070191 0.005231
vt 0.071827 0.005438
vt 0.070228 0.005662
vt 0.071853 0.005883
vt 0.070262 0.006096
vt 0.071877 0.006332
vt 0.070293 0.006534
vt 0.071898 0.006785
vt 0.070321 0.006974
vt 0.071920 0.007241
vt 0.070347 0.007418
vt 0.071942 0.007700
vt 0.070370 0.007865
vt 0.071961 0.008161
vt 0.070391 0.008315
vt 0.071978 0.008625
vt 0.070410 0.008768
vt 0.071991 0.009092
vt 0.070425 0.009225
vt 0.072000 0.009560
vt 0.070437 0.009684
vt 0.072005 0.010031
vt 0.070445 0.010145
vt 0.072009 0.010504
vt 0.070451 0.010610
vt 0.072010 0.010980
vt 0.070456 0.011077
vt 0.072012 0.011458
vt 0.070460 0.011548
vt 0.072014 0.011938
vt 0.070466 0.012022
vt 0.072016 0.012421
vt 0.070472 0.012499
vt 0.070477 0.012979
vt 0.072018 0.012906
vt 0.070482 0.013462
vt 0.072019 0.013393
vt 0.070486 0.013948
vt 0.072020 0.013882
vt 0.070490 0.014437
vt 0.072020 0.014374
vt 0.070492 0.014928
vt 0.072019 0.014868
vt 0.070493 0.015423
vt 0.072017 0.015366
vt 0.070494 0.015921
vt 0.072015 0.015866
vt 0.070494 0.016421
vt 0.072012 0.016368
vt 0.070492 0.016924
vt 0.072009 0.016873
vt 0.070489 0.017429
vt 0.072005 0.017380
vt 0.070485 0.017938
vt 0.071999 0.017890
vt 0.070479 0.018449
vt 0.071993 0.018403
vt 0.070471 0.018962
vt 0.071984 0.018918
vt 0.070462 0.019478
vt 0.071975 0.019435
vt 0.070451 0.019997
vt 0.071964 0.019955
vt 0.070438 0.020519
vt 0.071951 0.020478
vt 0.070425 0.021043
vt 0.071939 0.021003
vt 0.070411 0.021570
vt 0.071925 0.021531
vt 0.070396 0.022100
vt 0.071911 0.022062
vt 0.070380 0.022633
vt 0.071895 0.022595
vt 0.070363 0.023168
vt 0.071861 0.023669
vt 0.070345 0.023706
vt 0.071843 0.024210
vt 0.070326 0.024246
vt 0.071825 0.024754
vt 0.070307 0.024789
vt 0.071806 0.025300
vt 0.070287 0.025335
vt 0.071785 0.025848
vt 0.070266 0.025883
vt 0.071765 0.026399
vt 0.070244 0.026433
vt 0.071745 0.026952
vt 0.070223 0.026986
vt 0.071726 0.027509
vt 0.070204 0.027543
vt 0.071706 0.028066
vt 0.070183 0.028100
vt 0.070166 0.028660
vt 0.071688 0.028626
vt 0.070151 0.029224
vt 0.155970 0.070013
vt 0.154765 0.070011
vt 0.155462 0.069078
vt 0.164600 0.218077
vt 0.164935 0.226507
vt 0.164600 0.226437
vt 0.234388 0.029859
vt 0.235595 0.023236
vt 0.235595 0.030114
vt 0.155970 0.069426
vt 0.154765 0.069162
vt 0.738413 0.387261
vt 0.738287 0.387093
vt 0.738413 0.387093
vt 0.738287 0.357776
vt 0.738413 0.357943
vt 0.738287 0.357943
vt 0.442654 0.233098
vt 0.442821 0.231895
vt 0.442821 0.233099
vt 0.452970 0.448049
vt 0.453093 0.446843
vt 0.453093 0.448049
vt 0.452970 0.136094
vt 0.453136 0.134891
vt 0.453136 0.136096
vt 0.155970 0.071478
vt 0.154765 0.071351
vt 0.155970 0.071352
vt 0.738413 0.377488
vt 0.738287 0.377321
vt 0.738413 0.377321
vt 0.738287 0.367548
vt 0.738413 0.367716
vt 0.738287 0.367716
vt 0.452970 0.125284
vt 0.453138 0.124081
vt 0.453138 0.125285
vt 0.004802 0.460231
vt 0.004925 0.459025
vt 0.004925 0.460231
vt 0.442654 0.265815
vt 0.442819 0.264611
vt 0.442819 0.265816
vt 0.154765 0.069886
vt 0.155970 0.069887
vt 0.116848 0.240673
vt 0.119993 0.236658
vt 0.119993 0.240606
vt 0.065896 0.236658
vt 0.062752 0.240783
vt 0.062752 0.236717
vt 0.014558 0.289702
vt 0.014709 0.285431
vt 0.014709 0.289702
vt 0.345913 0.097225
vt 0.346058 0.094075
vt 0.346058 0.097224
vt 0.281429 0.208068
vt 0.281580 0.203797
vt 0.281580 0.208068
vt 0.346048 0.207153
vt 0.345913 0.210303
vt 0.345913 0.207153
vt 0.292877 0.022443
vt 0.292994 0.018493
vt 0.292994 0.022441
vt 0.183877 0.285431
vt 0.183760 0.289499
vt 0.183760 0.285433
vt 0.024314 0.289702
vt 0.024465 0.285431
vt 0.024465 0.289702
vt 0.432029 0.771361
vt 0.431912 0.771215
vt 0.432029 0.771216
vt 0.281429 0.221944
vt 0.281580 0.217673
vt 0.281580 0.221944
vt 0.304613 0.791028
vt 0.304495 0.790894
vt 0.304613 0.790893
vt 0.112948 0.017705
vt 0.116094 0.004802
vt 0.116094 0.017680
vt 0.103342 0.056642
vt 0.100198 0.069654
vt 0.100198 0.056656
vt 0.180366 0.085759
vt 0.180517 0.072724
vt 0.180517 0.085759
vt 0.345913 0.020705
vt 0.346063 0.017556
vt 0.346063 0.020704
vt 0.152765 0.185359
vt 0.152615 0.172323
vt 0.152765 0.172323
vt 0.346060 0.055819
vt 0.345913 0.058968
vt 0.345913 0.055819
vt 0.190205 0.129807
vt 0.190322 0.116929
vt 0.190322 0.129806
vt 0.190322 0.071818
vt 0.190205 0.084817
vt 0.190205 0.071818
vt 0.180366 0.108399
vt 0.180517 0.095364
vt 0.180517 0.108399
vt 0.063254 0.761557
vt 0.063137 0.761406
vt 0.063254 0.761406
vt 0.162521 0.185359
vt 0.162370 0.172323
vt 0.162521 0.172323
vt 0.208735 0.771362
vt 0.208618 0.771215
vt 0.208735 0.771215
vt 0.100198 0.047037
vt 0.103342 0.034016
vt 0.103342 0.047026
vt 0.103343 0.079259
vt 0.100198 0.092184
vt 0.100198 0.079282
vt 0.180366 0.118004
vt 0.180517 0.131040
vt 0.180366 0.131040
vt 0.345913 0.033459
vt 0.346060 0.030310
vt 0.346060 0.033459
vt 0.180517 0.004802
vt 0.180366 0.017838
vt 0.180366 0.004802
vt 0.346063 0.004802
vt 0.345913 0.007951
vt 0.345913 0.004803
vt 0.180366 0.153654
vt 0.180483 0.140644
vt 0.180483 0.153654
vt 0.190322 0.094421
vt 0.190205 0.107324
vt 0.190205 0.094422
vt 0.180366 0.050083
vt 0.180517 0.063119
vt 0.180366 0.063119
vt 0.111585 0.771215
vt 0.111702 0.771362
vt 0.111585 0.771362
vt 0.180517 0.027443
vt 0.180366 0.040478
vt 0.180366 0.027443
vt 0.033986 0.761406
vt 0.034103 0.761557
vt 0.033986 0.761557
vt 0.237533 0.199868
vt 0.234388 0.204044
vt 0.234388 0.199837
vt 0.234388 0.190217
vt 0.237534 0.185979
vt 0.237534 0.190232
vt 0.281580 0.259301
vt 0.281429 0.263572
vt 0.281429 0.259301
vt 0.335990 0.342670
vt 0.336140 0.339520
vt 0.336140 0.342670
vt 0.281580 0.231549
vt 0.281429 0.235820
vt 0.281429 0.231549
vt 0.346060 0.043065
vt 0.345913 0.046213
vt 0.345913 0.043064
vt 0.064609 0.285432
vt 0.064492 0.289638
vt 0.064492 0.285431
vt 0.034069 0.289684
vt 0.034187 0.285431
vt 0.034187 0.289684
vt 0.004953 0.285431
vt 0.004802 0.289702
vt 0.004802 0.285431
vt 0.043826 0.761557
vt 0.043708 0.761406
vt 0.043826 0.761406
vt 0.281580 0.245425
vt 0.281429 0.249696
vt 0.281429 0.245425
vt 0.082717 0.771363
vt 0.082600 0.771216
vt 0.082717 0.771215
vt 0.250198 0.048183
vt 0.247139 0.045028
vt 0.250198 0.045033
vt 0.247139 0.019367
vt 0.250272 0.022512
vt 0.247139 0.022516
vt 0.345913 0.135446
vt 0.346063 0.132311
vt 0.346063 0.135446
vt 0.345913 0.084469
vt 0.346062 0.081325
vt 0.346062 0.084471
vt 0.345913 0.109965
vt 0.346063 0.106830
vt 0.346063 0.109965
vt 0.346063 0.068574
vt 0.345913 0.071718
vt 0.345913 0.068574
vt 0.123533 0.355608
vt 0.123650 0.352548
vt 0.123650 0.355608
vt 0.345913 0.285541
vt 0.346030 0.282408
vt 0.346030 0.285542
vt 0.345913 0.148186
vt 0.346063 0.145051
vt 0.346063 0.148186
vt 0.767524 0.647974
vt 0.767641 0.648122
vt 0.767524 0.648123
vt 0.345913 0.122706
vt 0.346063 0.119570
vt 0.346063 0.122706
vt 0.072976 0.761557
vt 0.072859 0.761407
vt 0.072976 0.761406
vt 0.124622 0.288198
vt 0.125795 0.287869
vt 0.125795 0.288196
vt 0.369679 0.436785
vt 0.370013 0.437957
vt 0.369679 0.437957
vt 0.679466 0.382122
vt 0.679617 0.381787
vt 0.679617 0.382122
vt 0.044454 0.460196
vt 0.044603 0.459026
vt 0.044603 0.460197
vt 0.679466 0.362242
vt 0.679617 0.361907
vt 0.679617 0.362242
vt 0.114119 0.027461
vt 0.112949 0.027311
vt 0.114119 0.027310
vt 0.124622 0.285760
vt 0.125795 0.285431
vt 0.125795 0.285758
vt 0.379618 0.436785
vt 0.379953 0.437957
vt 0.379618 0.437957
vt 0.679466 0.392062
vt 0.679617 0.391727
vt 0.679617 0.392062
vt 0.025150 0.132699
vt 0.026322 0.132836
vt 0.025150 0.132849
vt 0.679466 0.372182
vt 0.679617 0.371847
vt 0.679617 0.372182
vt 0.034849 0.459025
vt 0.034698 0.460195
vt 0.034698 0.459025
vt 0.097595 0.241096
vt 0.094814 0.236661
vt 0.097595 0.236658
vt 0.142386 0.236658
vt 0.145102 0.241103
vt 0.142386 0.241098
vt 0.139526 0.365337
vt 0.139375 0.368120
vt 0.139375 0.365337
vt 0.234847 0.275282
vt 0.234997 0.270850
vt 0.234997 0.275282
vt 0.270804 0.048460
vt 0.270653 0.051244
vt 0.270653 0.048460
vt 0.215488 0.270850
vt 0.215339 0.275283
vt 0.215339 0.270849
vt 0.260583 0.247342
vt 0.259877 0.242905
vt 0.260583 0.242904
vt 0.270653 0.004802
vt 0.271342 0.009244
vt 0.270653 0.009242
vt 0.590338 0.561446
vt 0.590187 0.562152
vt 0.590187 0.561446
vt 0.244602 0.275282
vt 0.244752 0.270850
vt 0.244752 0.275282
vt 0.270804 0.046046
vt 0.270653 0.046751
vt 0.270653 0.046046
vt 0.225242 0.270850
vt 0.225093 0.275283
vt 0.225093 0.270849
vt 0.390332 0.327107
vt 0.389746 0.328814
vt 0.389746 0.327106
vt 0.390332 0.371814
vt 0.389746 0.373482
vt 0.389746 0.371815
vt 0.421972 0.219292
vt 0.421822 0.221001
vt 0.421822 0.219292
vt 0.620219 0.106965
vt 0.620369 0.106380
vt 0.620369 0.106966
vt 0.270804 0.046751
vt 0.620368 0.116572
vt 0.620219 0.117156
vt 0.620219 0.116571
vt 0.264314 0.312881
vt 0.264238 0.316567
vt 0.264238 0.312881
vt 0.273994 0.312881
vt 0.273919 0.316567
vt 0.273919 0.312881
vt 0.295052 0.662141
vt 0.295127 0.661640
vt 0.295127 0.662142
vt 0.093655 0.285431
vt 0.094158 0.289027
vt 0.093655 0.289028
vt 0.314388 0.662142
vt 0.314462 0.661640
vt 0.314462 0.662142
vt 0.054887 0.289115
vt 0.054385 0.285431
vt 0.054887 0.285431
vt 0.738306 0.210430
vt 0.738334 0.210506
vt 0.738287 0.210512
vt 0.423550 0.692222
vt 0.423642 0.692260
vt 0.423559 0.692281
vt 0.423635 0.692208
vt 0.423727 0.692247
vt 0.738287 0.348008
vt 0.738319 0.348076
vt 0.738289 0.348087
vt 0.738325 0.348171
vt 0.102172 0.682114
vt 0.102225 0.682167
vt 0.102167 0.682152
vt 0.102321 0.682133
vt 0.102313 0.682185
vt 0.102400 0.682139
vt 0.102391 0.682199
vt 0.738334 0.210336
vt 0.738287 0.210341
vt 0.718865 0.693726
vt 0.718883 0.693640
vt 0.718908 0.693726
vt 0.423632 0.692157
vt 0.423719 0.692161
vt 0.423721 0.692204
vt 0.738353 0.347983
vt 0.738321 0.347995
vt 0.738346 0.348066
vt 0.738355 0.348160
vt 0.102233 0.682080
vt 0.102231 0.682124
vt 0.102324 0.682081
vt 0.738377 0.210329
vt 0.738355 0.210424
vt 0.718818 0.693726
vt 0.718843 0.693639
vt 0.423550 0.692102
vt 0.423547 0.692162
vt 0.423635 0.692105
vt 0.738372 0.348057
vt 0.217660 0.810645
vt 0.217694 0.810555
vt 0.217688 0.810646
vt 0.102172 0.682039
vt 0.102174 0.682077
vt 0.102321 0.682028
vt 0.102400 0.682018
vt 0.102403 0.682079
vt 0.718843 0.693812
vt 0.718767 0.693726
vt 0.718798 0.693639
vt 0.423642 0.692054
vt 0.423721 0.692118
vt 0.217659 0.810714
vt 0.217694 0.810717
vt 0.217630 0.810643
vt 0.217666 0.810553
vt 0.102225 0.681994
vt 0.102231 0.682037
vt 0.102313 0.681976
vt 0.718798 0.693812
vt 0.189664 0.741879
vt 0.189733 0.741792
vt 0.189715 0.741879
vt 0.072902 0.681962
vt 0.072868 0.682040
vt 0.072843 0.681970
vt 0.072919 0.682032
vt 0.072885 0.682130
vt 0.072927 0.682123
vt 0.072888 0.682198
vt 0.149913 0.810715
vt 0.149949 0.810625
vt 0.149944 0.810717
vt 0.149885 0.810551
vt 0.149920 0.810553
vt 0.326071 0.692077
vt 0.325976 0.692111
vt 0.325983 0.692059
vt 0.325895 0.692103
vt 0.325904 0.692043
vt 0.189733 0.741965
vt 0.189639 0.741793
vt 0.189684 0.741793
vt 0.072971 0.682029
vt 0.072970 0.682121
vt 0.072961 0.682191
vt 0.072924 0.682193
vt 0.149885 0.810714
vt 0.149919 0.810624
vt 0.738346 0.475625
vt 0.738386 0.475533
vt 0.738372 0.475619
vt 0.326062 0.692164
vt 0.326065 0.692120
vt 0.325973 0.692164
vt 0.189639 0.741965
vt 0.189684 0.741965
vt 0.092439 0.741883
vt 0.092460 0.741792
vt 0.092483 0.741880
vt 0.073022 0.681962
vt 0.072962 0.681959
vt 0.073023 0.682032
vt 0.073013 0.682123
vt 0.738350 0.475717
vt 0.738379 0.475709
vt 0.738322 0.475548
vt 0.738355 0.475540
vt 0.325976 0.692216
vt 0.325895 0.692224
vt 0.325891 0.692164
vt 0.092460 0.741964
vt 0.092390 0.741886
vt 0.092417 0.741795
vt 0.073074 0.682040
vt 0.073056 0.682130
vt 0.073036 0.682198
vt 0.072999 0.682193
vt 0.738320 0.475725
vt 0.738318 0.475632
vt 0.738287 0.475641
vt 0.326071 0.692250
vt 0.326065 0.692207
vt 0.325983 0.692268
vt 0.092417 0.741967
vt 0.738390 0.054030
vt 0.738355 0.053940
vt 0.738406 0.053942
vt 0.092502 0.682195
vt 0.092555 0.682116
vt 0.092562 0.682186
vt 0.092504 0.682124
vt 0.092537 0.682026
vt 0.092495 0.682033
vt 0.092516 0.681959
vt 0.806481 0.209872
vt 0.806445 0.209964
vt 0.806452 0.209874
vt 0.806508 0.210041
vt 0.806474 0.210043
vt 0.199644 0.682002
vt 0.199546 0.682032
vt 0.199556 0.681980
vt 0.199467 0.682018
vt 0.199479 0.681959
vt 0.738355 0.054112
vt 0.738406 0.054114
vt 0.738337 0.054027
vt 0.738308 0.053937
vt 0.092452 0.682127
vt 0.092452 0.682035
vt 0.092442 0.681966
vt 0.092479 0.681964
vt 0.806508 0.209870
vt 0.806474 0.209963
vt 0.199690 0.682087
vt 0.199635 0.682045
vt 0.199693 0.682050
vt 0.199631 0.682088
vt 0.199541 0.682084
vt 0.738308 0.054109
vt 0.160502 0.741879
vt 0.160477 0.741965
vt 0.160455 0.741879
vt 0.092383 0.682195
vt 0.092443 0.682198
vt 0.092400 0.682124
vt 0.092409 0.682033
vt 0.390845 0.888690
vt 0.390817 0.888782
vt 0.390817 0.888690
vt 0.199631 0.682131
vt 0.199541 0.682137
vt 0.199461 0.682138
vt 0.199461 0.682078
vt 0.160477 0.741793
vt 0.160571 0.741965
vt 0.160522 0.741965
vt 0.092349 0.682116
vt 0.092366 0.682026
vt 0.092368 0.681959
vt 0.092405 0.681964
vt 0.390875 0.888690
vt 0.390845 0.888782
vt 0.199693 0.682162
vt 0.199690 0.682125
vt 0.199635 0.682175
vt 0.199546 0.682189
vt 0.160571 0.741793
vt 0.160522 0.741793
vt 0.179914 0.741879
vt 0.179945 0.741965
vt 0.179896 0.741965
vt 0.404008 0.692222
vt 0.404101 0.692271
vt 0.404017 0.692281
vt 0.404180 0.692206
vt 0.404186 0.692248
vt 0.732676 0.771232
vt 0.732691 0.771300
vt 0.732662 0.771308
vt 0.732685 0.771397
vt 0.014447 0.682117
vt 0.014503 0.682165
vt 0.014442 0.682154
vt 0.014509 0.682122
vt 0.014592 0.682183
vt 0.014676 0.682139
vt 0.014667 0.682199
vt 0.179945 0.741792
vt 0.179896 0.741793
vt 0.179965 0.741879
vt 0.179990 0.741965
vt 0.404091 0.692168
vt 0.404094 0.692219
vt 0.404178 0.692163
vt 0.732741 0.771215
vt 0.732710 0.771223
vt 0.732718 0.771293
vt 0.732714 0.771389
vt 0.014511 0.682079
vt 0.014600 0.682131
vt 0.014602 0.682079
vt 0.665440 0.712189
vt 0.665529 0.712245
vt 0.665439 0.712232
vt 0.665531 0.712149
vt 0.665609 0.712169
vt 0.665531 0.712199
vt 0.404008 0.692103
vt 0.404005 0.692163
vt 0.404094 0.692116
vt 0.777340 0.141707
vt 0.777291 0.141621
vt 0.777317 0.141626
vt 0.777340 0.141537
vt 0.014447 0.682041
vt 0.014449 0.682079
vt 0.014600 0.682026
vt 0.014676 0.682018
vt 0.014679 0.682079
vt 0.665440 0.712142
vt 0.665529 0.712096
vt 0.665609 0.712121
vt 0.404101 0.692064
vt 0.404186 0.692077
vt 0.404180 0.692120
vt 0.777278 0.141695
vt 0.777310 0.141702
vt 0.777262 0.141615
vt 0.777314 0.141532
vt 0.014503 0.681992
vt 0.014509 0.682035
vt 0.014592 0.681974
vt 0.190440 0.062213
vt 0.190205 0.049479
vt 0.190440 0.049479
vt 0.180366 0.163259
vt 0.180600 0.175993
vt 0.180366 0.175993
vt 0.072508 0.172326
vt 0.073278 0.185026
vt 0.072508 0.185029
vt 0.570067 0.516673
vt 0.570296 0.515902
vt 0.570296 0.516673
vt 0.169991 0.104660
vt 0.170761 0.117245
vt 0.169991 0.117251
vt 0.570067 0.411835
vt 0.570301 0.411064
vt 0.570301 0.411834
vt 0.190440 0.039875
vt 0.190205 0.027141
vt 0.190440 0.027141
vt 0.190205 0.004802
vt 0.190440 0.017536
vt 0.190205 0.017536
vt 0.169991 0.082343
vt 0.170761 0.095043
vt 0.169991 0.095046
vt 0.570067 0.527049
vt 0.570296 0.526278
vt 0.570296 0.527049
vt 0.093223 0.172329
vt 0.093993 0.184914
vt 0.093223 0.184920
vt 0.570067 0.422210
vt 0.570301 0.421439
vt 0.570301 0.422210
vt 0.283272 0.030885
vt 0.281429 0.033231
vt 0.281429 0.030885
vt 0.283272 0.018934
vt 0.281429 0.021280
vt 0.281429 0.018934
vt 0.314766 0.148947
vt 0.316321 0.150780
vt 0.314766 0.150786
vt 0.193481 0.285433
vt 0.195040 0.287719
vt 0.193481 0.287722
vt 0.314766 0.186937
vt 0.316322 0.188748
vt 0.314766 0.188760
vt 0.115017 0.287776
vt 0.113460 0.285431
vt 0.115017 0.285432
vt 0.368657 0.004802
vt 0.368021 0.006880
vt 0.368021 0.004802
vt 0.354727 0.365337
vt 0.354091 0.367414
vt 0.354091 0.365337
vt 0.389746 0.203974
vt 0.390381 0.202287
vt 0.390381 0.203976
vt 0.292877 0.032051
vt 0.294569 0.034075
vt 0.292877 0.034078
vt 0.389746 0.215271
vt 0.390376 0.213586
vt 0.390376 0.215276
vt 0.254709 0.287509
vt 0.253017 0.285431
vt 0.254709 0.285432
vt 0.738287 0.279048
vt 0.738344 0.279258
vt 0.738287 0.279272
vt 0.738344 0.259361
vt 0.738287 0.259572
vt 0.738287 0.259347
vt 0.452971 0.016674
vt 0.453178 0.015507
vt 0.453178 0.016679
vt 0.384430 0.558247
vt 0.384488 0.557075
vt 0.384488 0.558247
vt 0.381656 0.449184
vt 0.381869 0.448017
vt 0.381869 0.449188
vt 0.519719 0.558248
vt 0.519776 0.557075
vt 0.519776 0.558248
vt 0.738287 0.289101
vt 0.738344 0.288891
vt 0.738344 0.289115
vt 0.738344 0.239885
vt 0.738287 0.239675
vt 0.738344 0.239661
vt 0.125772 0.449185
vt 0.125996 0.448013
vt 0.125996 0.449184
vt 0.394093 0.558247
vt 0.394152 0.557075
vt 0.394152 0.558247
vt 0.155318 0.449186
vt 0.155539 0.448013
vt 0.155539 0.449184
vt 0.529381 0.558248
vt 0.529438 0.557075
vt 0.529438 0.558248
vt 0.738287 0.298734
vt 0.738344 0.298945
vt 0.738287 0.298959
vt 0.738344 0.269204
vt 0.738287 0.269415
vt 0.738287 0.269190
vt 0.452971 0.027455
vt 0.453178 0.026288
vt 0.453178 0.027459
vt 0.403757 0.558247
vt 0.403815 0.557075
vt 0.403815 0.558247
vt 0.391474 0.449184
vt 0.391688 0.448017
vt 0.391688 0.449188
vt 0.539043 0.558248
vt 0.539100 0.557075
vt 0.539100 0.558248
vt 0.738287 0.308788
vt 0.738344 0.308578
vt 0.738344 0.308802
vt 0.738344 0.249728
vt 0.738287 0.249518
vt 0.738344 0.249504
vt 0.135600 0.449185
vt 0.135824 0.448013
vt 0.135824 0.449184
vt 0.413420 0.558247
vt 0.413479 0.557075
vt 0.413479 0.558247
vt 0.165144 0.449186
vt 0.165365 0.448013
vt 0.165365 0.449184
vt 0.548705 0.558248
vt 0.548762 0.557075
vt 0.548762 0.558248
vt 0.748039 0.387179
vt 0.748097 0.387397
vt 0.748039 0.387397
vt 0.748097 0.279126
vt 0.748039 0.279343
vt 0.748039 0.279126
vt 0.430752 0.449184
vt 0.430968 0.448015
vt 0.430968 0.449186
vt 0.423084 0.558247
vt 0.423142 0.557075
vt 0.423142 0.558247
vt 0.283443 0.449184
vt 0.283660 0.448014
vt 0.283660 0.449185
vt 0.559933 0.005975
vt 0.559990 0.004803
vt 0.559990 0.005975
vt 0.748039 0.397220
vt 0.748097 0.397002
vt 0.748097 0.397220
vt 0.748097 0.289166
vt 0.748039 0.288949
vt 0.748097 0.288949
vt 0.352194 0.449184
vt 0.352410 0.448015
vt 0.352410 0.449186
vt 0.432747 0.558247
vt 0.432806 0.557075
vt 0.432806 0.558247
vt 0.234332 0.449184
vt 0.234549 0.448014
vt 0.234549 0.449185
vt 0.559933 0.016753
vt 0.559990 0.015580
vt 0.559990 0.016753
vt 0.748039 0.406825
vt 0.748097 0.407043
vt 0.748039 0.407043
vt 0.748097 0.298772
vt 0.748039 0.298989
vt 0.748039 0.298772
vt 0.440572 0.449184
vt 0.440788 0.448015
vt 0.440788 0.449186
vt 0.442411 0.558247
vt 0.442469 0.557075
vt 0.442469 0.558247
vt 0.293265 0.449184
vt 0.293482 0.448014
vt 0.293482 0.449185
vt 0.559933 0.027531
vt 0.559990 0.026358
vt 0.559990 0.027531
vt 0.748039 0.416866
vt 0.748097 0.416649
vt 0.748097 0.416866
vt 0.748097 0.308813
vt 0.748039 0.308595
vt 0.748097 0.308595
vt 0.362015 0.449184
vt 0.362230 0.448015
vt 0.362230 0.449186
vt 0.452074 0.558247
vt 0.452133 0.557075
vt 0.452133 0.558247
vt 0.244154 0.449184
vt 0.244371 0.448014
vt 0.244371 0.449185
vt 0.559933 0.038309
vt 0.559990 0.037136
vt 0.559990 0.038309
vt 0.748039 0.377356
vt 0.748097 0.377574
vt 0.748039 0.377574
vt 0.748097 0.318418
vt 0.748039 0.318636
vt 0.748039 0.318418
vt 0.401292 0.449184
vt 0.401508 0.448015
vt 0.401508 0.449186
vt 0.461738 0.558247
vt 0.461796 0.557075
vt 0.461796 0.558247
vt 0.303087 0.449184
vt 0.303304 0.448014
vt 0.303304 0.449185
vt 0.559933 0.049086
vt 0.559990 0.047914
vt 0.559990 0.049086
vt 0.748039 0.426689
vt 0.748097 0.426472
vt 0.748097 0.426689
vt 0.748097 0.328459
vt 0.748039 0.328241
vt 0.748097 0.328241
vt 0.332553 0.449184
vt 0.332769 0.448015
vt 0.332769 0.449186
vt 0.471401 0.558247
vt 0.471460 0.557075
vt 0.471460 0.558247
vt 0.253976 0.449184
vt 0.254194 0.448014
vt 0.254194 0.449185
vt 0.559933 0.059864
vt 0.559990 0.058691
vt 0.559990 0.059864
vt 0.748039 0.436295
vt 0.748097 0.436512
vt 0.748039 0.436512
vt 0.748097 0.367533
vt 0.748039 0.367751
vt 0.748039 0.367533
vt 0.411112 0.449184
vt 0.411328 0.448015
vt 0.411328 0.449186
vt 0.481065 0.558247
vt 0.481123 0.557075
vt 0.481123 0.558247
vt 0.312909 0.449184
vt 0.313126 0.448014
vt 0.313126 0.449185
vt 0.559933 0.102975
vt 0.559990 0.101803
vt 0.559990 0.102975
vt 0.748039 0.446335
vt 0.748097 0.446118
vt 0.748097 0.446336
vt 0.748097 0.338282
vt 0.748039 0.338064
vt 0.748097 0.338064
vt 0.371835 0.449184
vt 0.372051 0.448015
vt 0.372051 0.449186
vt 0.490728 0.558247
vt 0.490787 0.557075
vt 0.490787 0.558247
vt 0.263799 0.449184
vt 0.264016 0.448014
vt 0.264016 0.449185
vt 0.559933 0.070642
vt 0.559990 0.069469
vt 0.559990 0.070642
vt 0.748039 0.455941
vt 0.748097 0.456158
vt 0.748039 0.456159
vt 0.748097 0.347887
vt 0.748039 0.348105
vt 0.748039 0.347887
vt 0.420932 0.449184
vt 0.421148 0.448015
vt 0.421148 0.449186
vt 0.500391 0.558247
vt 0.500450 0.557075
vt 0.500450 0.558247
vt 0.322731 0.449184
vt 0.322948 0.448014
vt 0.322948 0.449185
vt 0.559933 0.081420
vt 0.559990 0.080247
vt 0.559990 0.081420
vt 0.748039 0.465981
vt 0.748097 0.465764
vt 0.748097 0.465982
vt 0.748097 0.357928
vt 0.748039 0.357710
vt 0.748097 0.357710
vt 0.342374 0.449184
vt 0.342589 0.448015
vt 0.342589 0.449186
vt 0.510055 0.558247
vt 0.510114 0.557075
vt 0.510114 0.558247
vt 0.273621 0.449184
vt 0.273838 0.448014
vt 0.273838 0.449185
vt 0.559933 0.092197
vt 0.559990 0.091025
vt 0.559990 0.092198
vt 0.047807 0.046249
vt 0.038826 0.064511
vt 0.038759 0.046249
vt 0.029087 0.046249
vt 0.020107 0.064511
vt 0.020174 0.046249
vt 0.174540 0.218006
vt 0.174757 0.226703
vt 0.174540 0.226703
vt 0.045786 0.116589
vt 0.046004 0.134636
vt 0.045786 0.134638
vt 0.211440 0.164114
vt 0.211222 0.155072
vt 0.211440 0.155072
vt 0.035964 0.116588
vt 0.036181 0.134811
vt 0.035964 0.134812
vt 0.211290 0.033675
vt 0.211222 0.024041
vt 0.211290 0.024041
vt 0.200045 0.192362
vt 0.200112 0.201996
vt 0.200045 0.201996
vt 0.172196 0.195504
vt 0.173367 0.205110
vt 0.172196 0.205115
vt 0.238210 0.558248
vt 0.238276 0.557075
vt 0.238276 0.558248
vt 0.200045 0.004812
vt 0.201216 0.014329
vt 0.200045 0.014338
vt 0.218866 0.558247
vt 0.218933 0.557075
vt 0.218933 0.558247
vt 0.378987 0.212033
vt 0.378920 0.209553
vt 0.378987 0.209553
vt 0.378920 0.197469
vt 0.378987 0.199948
vt 0.378920 0.199948
vt 0.357000 0.017440
vt 0.357468 0.019912
vt 0.357000 0.019914
vt 0.669591 0.435276
vt 0.669656 0.434807
vt 0.669656 0.435276
vt 0.004802 0.365340
vt 0.005271 0.367789
vt 0.004802 0.367792
vt 0.669591 0.395222
vt 0.669658 0.394753
vt 0.669658 0.395222
vt 0.211290 0.052914
vt 0.211222 0.043280
vt 0.211290 0.043280
vt 0.211222 0.004802
vt 0.211290 0.014436
vt 0.211222 0.014436
vt 0.182972 0.195504
vt 0.184143 0.205110
vt 0.182972 0.205115
vt 0.247880 0.558248
vt 0.247946 0.557075
vt 0.247946 0.558248
vt 0.200045 0.023952
vt 0.201216 0.033469
vt 0.200045 0.033478
vt 0.228538 0.558247
vt 0.228605 0.557075
vt 0.228605 0.558247
vt 0.378987 0.224118
vt 0.378920 0.221638
vt 0.378987 0.221638
vt 0.378920 0.185384
vt 0.378987 0.187864
vt 0.378920 0.187864
vt 0.357000 0.029521
vt 0.357468 0.031992
vt 0.357000 0.031994
vt 0.669591 0.445350
vt 0.669656 0.444881
vt 0.669656 0.445350
vt 0.014876 0.365340
vt 0.015344 0.367789
vt 0.014876 0.367792
vt 0.669591 0.405296
vt 0.669658 0.404827
vt 0.669658 0.405296
vt 0.247139 0.121045
vt 0.248444 0.116180
vt 0.248444 0.121008
vt 0.247139 0.075642
vt 0.248440 0.070708
vt 0.248440 0.075648
vt 0.004802 0.275792
vt 0.004953 0.270849
vt 0.004953 0.275792
vt 0.017703 0.181047
vt 0.019008 0.181015
vt 0.017703 0.181196
vt 0.270653 0.255512
vt 0.270804 0.250564
vt 0.270804 0.255512
vt 0.006107 0.172491
vt 0.004802 0.172473
vt 0.004803 0.172323
vt 0.017703 0.172351
vt 0.019008 0.172340
vt 0.201349 0.079942
vt 0.200045 0.088710
vt 0.200045 0.079776
vt 0.064059 0.226970
vt 0.063909 0.218008
vt 0.064059 0.218005
vt 0.442654 0.244094
vt 0.442804 0.242787
vt 0.442804 0.244094
vt 0.221935 0.106376
vt 0.222086 0.097586
vt 0.222086 0.106378
vt 0.248444 0.116327
vt 0.247139 0.116222
vt 0.004802 0.181274
vt 0.200045 0.098324
vt 0.201350 0.107026
vt 0.200045 0.107206
vt 0.073664 0.226970
vt 0.073815 0.218008
vt 0.073815 0.226972
vt 0.442654 0.253699
vt 0.442804 0.255005
vt 0.442654 0.255005
vt 0.221935 0.079187
vt 0.222086 0.087977
vt 0.221935 0.087979
vt 0.248444 0.120860
vt 0.259877 0.233299
vt 0.260296 0.228453
vt 0.260296 0.233287
vt 0.259877 0.218846
vt 0.260294 0.213898
vt 0.260294 0.218848
vt 0.270653 0.240960
vt 0.270804 0.236006
vt 0.270804 0.240960
vt 0.020580 0.180647
vt 0.020999 0.180738
vt 0.020581 0.180797
vt 0.270653 0.226402
vt 0.270804 0.221447
vt 0.270804 0.226402
vt 0.008098 0.172747
vt 0.007679 0.172844
vt 0.007680 0.172693
vt 0.020581 0.172327
vt 0.020999 0.172323
vt 0.211641 0.190819
vt 0.211222 0.199321
vt 0.211222 0.190766
vt 0.234539 0.103290
vt 0.234388 0.094708
vt 0.234539 0.094706
vt 0.401752 0.662058
vt 0.401903 0.661640
vt 0.401903 0.662058
vt 0.234388 0.158221
vt 0.234539 0.149694
vt 0.234539 0.158223
vt 0.260296 0.228600
vt 0.259877 0.228466
vt 0.007679 0.181264
vt 0.024547 0.218008
vt 0.024966 0.226456
vt 0.024547 0.226513
vt 0.234388 0.085099
vt 0.234539 0.076517
vt 0.234539 0.085101
vt 0.411508 0.661640
vt 0.411658 0.662058
vt 0.411508 0.662058
vt 0.234388 0.167830
vt 0.234539 0.176357
vt 0.234388 0.176359
vt 0.260296 0.233140
vt 0.250116 0.035420
vt 0.247139 0.032124
vt 0.250116 0.032120
vt 0.247139 0.057788
vt 0.250046 0.061093
vt 0.247139 0.061088
vt 0.172782 0.352548
vt 0.172631 0.355527
vt 0.172631 0.352548
vt 0.335554 0.125801
vt 0.335704 0.122506
vt 0.335704 0.125802
vt 0.270804 0.063057
vt 0.270653 0.066036
vt 0.270653 0.063057
vt 0.335703 0.148308
vt 0.335554 0.151603
vt 0.335554 0.148307
vt 0.286270 0.302606
vt 0.285771 0.299307
vt 0.286270 0.299306
vt 0.304174 0.004802
vt 0.304661 0.008104
vt 0.304174 0.008103
vt 0.649910 0.299559
vt 0.649759 0.300058
vt 0.649759 0.299559
vt 0.335554 0.138702
vt 0.335704 0.135407
vt 0.335704 0.138702
vt 0.270804 0.060849
vt 0.270653 0.061348
vt 0.270653 0.060849
vt 0.335703 0.161211
vt 0.335554 0.164506
vt 0.335554 0.161209
vt 0.230626 0.425404
vt 0.230542 0.427112
vt 0.230542 0.425404
vt 0.349507 0.425404
vt 0.349423 0.427071
vt 0.349423 0.425404
vt 0.421972 0.230606
vt 0.421822 0.232315
vt 0.421822 0.230606
vt 0.806445 0.385419
vt 0.806528 0.385569
vt 0.806445 0.385570
vt 0.270804 0.061348
vt 0.806528 0.679095
vt 0.806445 0.678946
vt 0.806528 0.678946
vt 0.159650 0.106010
vt 0.154887 0.114247
vt 0.154765 0.106010
vt 0.159528 0.088167
vt 0.154765 0.096405
vt 0.154887 0.088167
vt 0.254357 0.270849
vt 0.254441 0.275378
vt 0.254357 0.275378
vt 0.174043 0.236659
vt 0.174127 0.244785
vt 0.174043 0.244786
vt 0.086517 0.275732
vt 0.086433 0.270849
vt 0.086517 0.270849
vt 0.154707 0.236658
vt 0.154790 0.244884
vt 0.154707 0.244885
vt 0.748039 0.200538
vt 0.748097 0.200755
vt 0.748039 0.200756
vt 0.748097 0.121950
vt 0.748039 0.122167
vt 0.748039 0.121950
vt 0.142225 0.426977
vt 0.142440 0.425406
vt 0.142440 0.426978
vt 0.432311 0.403546
vt 0.432370 0.401972
vt 0.432370 0.403546
vt 0.063654 0.426976
vt 0.063871 0.425405
vt 0.063871 0.426977
vt 0.053120 0.438360
vt 0.053177 0.436785
vt 0.053177 0.438360
vt 0.748039 0.210579
vt 0.748097 0.210362
vt 0.748097 0.210580
vt 0.748097 0.161461
vt 0.748039 0.161244
vt 0.748097 0.161244
vt 0.102942 0.426977
vt 0.103158 0.425405
vt 0.103158 0.426978
vt 0.432311 0.414726
vt 0.432370 0.413151
vt 0.432370 0.414726
vt 0.024365 0.426976
vt 0.024582 0.425404
vt 0.024582 0.426977
vt 0.062782 0.438360
vt 0.062839 0.436785
vt 0.062839 0.438360
vt 0.748039 0.220185
vt 0.748097 0.220402
vt 0.748039 0.220403
vt 0.748097 0.131774
vt 0.748039 0.131991
vt 0.748039 0.131773
vt 0.152045 0.426977
vt 0.152259 0.425406
vt 0.152259 0.426978
vt 0.014466 0.438359
vt 0.014525 0.436785
vt 0.014525 0.438359
vt 0.073476 0.426976
vt 0.073693 0.425405
vt 0.073693 0.426977
vt 0.101430 0.438360
vt 0.101487 0.436785
vt 0.101487 0.438360
vt 0.748039 0.230226
vt 0.748097 0.230009
vt 0.748097 0.230227
vt 0.748097 0.141814
vt 0.748039 0.141597
vt 0.748097 0.141597
vt 0.112763 0.426977
vt 0.112979 0.425405
vt 0.112979 0.426978
vt 0.024129 0.438359
vt 0.024188 0.436785
vt 0.024188 0.438359
vt 0.034187 0.426976
vt 0.034405 0.425404
vt 0.034405 0.426977
vt 0.072444 0.438360
vt 0.072501 0.436785
vt 0.072501 0.438360
vt 0.748039 0.239832
vt 0.748097 0.240049
vt 0.748039 0.240050
vt 0.748097 0.151421
vt 0.748039 0.151638
vt 0.748039 0.151420
vt 0.161864 0.426977
vt 0.162079 0.425406
vt 0.162079 0.426978
vt 0.033793 0.438359
vt 0.033851 0.436785
vt 0.033851 0.438359
vt 0.083298 0.426976
vt 0.083515 0.425405
vt 0.083515 0.426977
vt 0.082106 0.438360
vt 0.082163 0.436785
vt 0.082163 0.438360
vt 0.748039 0.249873
vt 0.748097 0.249656
vt 0.748097 0.249874
vt 0.748097 0.171285
vt 0.748039 0.171068
vt 0.748097 0.171067
vt 0.122583 0.426977
vt 0.122799 0.425405
vt 0.122799 0.426978
vt 0.043456 0.438359
vt 0.043515 0.436785
vt 0.043515 0.438359
vt 0.044010 0.426976
vt 0.044227 0.425404
vt 0.044227 0.426977
vt 0.091768 0.438360
vt 0.091825 0.436785
vt 0.091825 0.438360
vt 0.748039 0.259479
vt 0.748097 0.259696
vt 0.748039 0.259697
vt 0.748097 0.180891
vt 0.748039 0.181108
vt 0.748039 0.180891
vt 0.171684 0.426977
vt 0.171899 0.425406
vt 0.171899 0.426978
vt 0.432311 0.425905
vt 0.432370 0.424330
vt 0.432370 0.425905
vt 0.093120 0.426976
vt 0.093337 0.425405
vt 0.093337 0.426977
vt 0.111092 0.438360
vt 0.111150 0.436785
vt 0.111150 0.438360
vt 0.748039 0.269520
vt 0.748097 0.269303
vt 0.748097 0.269521
vt 0.748097 0.190932
vt 0.748039 0.190715
vt 0.748097 0.190714
vt 0.132404 0.426977
vt 0.132620 0.425405
vt 0.132620 0.426978
vt 0.004802 0.438359
vt 0.004861 0.436785
vt 0.004861 0.438359
vt 0.053832 0.426976
vt 0.054049 0.425404
vt 0.054049 0.426977
vt 0.120754 0.438360
vt 0.120812 0.436785
vt 0.120812 0.438360
vt 0.260882 0.171338
vt 0.259877 0.175561
vt 0.259877 0.171338
vt 0.260882 0.157511
vt 0.259877 0.161733
vt 0.259877 0.157511
vt 0.378920 0.062280
vt 0.379923 0.060846
vt 0.379923 0.062284
vt 0.063242 0.254911
vt 0.064683 0.259028
vt 0.063242 0.259031
vt 0.378920 0.073328
vt 0.379914 0.071897
vt 0.379914 0.073336
vt 0.248680 0.206969
vt 0.247239 0.202748
vt 0.248680 0.202750
vt 0.515309 0.937350
vt 0.515303 0.937329
vt 0.515310 0.937329
vt 0.515308 0.937368
vt 0.515303 0.937350
vt 0.197264 0.946974
vt 0.197253 0.946993
vt 0.197259 0.946974
vt 0.197258 0.947014
vt 0.197258 0.946993
vt 0.197264 0.947033
vt 0.197253 0.947014
vt 0.409291 0.937369
vt 0.409298 0.937352
vt 0.409297 0.937369
vt 0.409292 0.937352
vt 0.409299 0.937332
vt 0.409292 0.937332
vt 0.409298 0.937312
vt 0.409292 0.937312
vt 0.409297 0.937295
vt 0.139569 0.946993
vt 0.139558 0.946974
vt 0.139563 0.946974
vt 0.139569 0.947014
vt 0.139564 0.946993
vt 0.139558 0.947033
vt 0.139564 0.947014
vt 0.515309 0.937310
vt 0.515302 0.937295
vt 0.515308 0.937295
vt 0.515303 0.937310
vt 0.333327 0.879010
vt 0.333298 0.879034
vt 0.333281 0.878955
vt 0.874432 0.617095
vt 0.874469 0.617142
vt 0.874415 0.617184
vt 0.524922 0.937350
vt 0.524916 0.937329
vt 0.524923 0.937329
vt 0.524921 0.937368
vt 0.524916 0.937350
vt 0.206880 0.946974
vt 0.206869 0.946993
vt 0.206875 0.946974
vt 0.206874 0.947014
vt 0.206874 0.946993
vt 0.206880 0.947033
vt 0.206869 0.947014
vt 0.361225 0.937369
vt 0.361233 0.937352
vt 0.361232 0.937369
vt 0.361226 0.937352
vt 0.361233 0.937332
vt 0.361227 0.937332
vt 0.361233 0.937312
vt 0.361226 0.937312
vt 0.361232 0.937295
vt 0.149185 0.946993
vt 0.149174 0.946975
vt 0.149179 0.946975
vt 0.149185 0.947014
vt 0.149180 0.946993
vt 0.149174 0.947033
vt 0.149180 0.947014
vt 0.524922 0.937310
vt 0.524915 0.937295
vt 0.524921 0.937295
vt 0.524916 0.937310
vt 0.342960 0.878955
vt 0.343013 0.878971
vt 0.342976 0.879034
vt 0.874394 0.529597
vt 0.874415 0.529570
vt 0.874468 0.529610
vt 0.544148 0.937350
vt 0.544142 0.937329
vt 0.544149 0.937329
vt 0.544147 0.937368
vt 0.544142 0.937350
vt 0.216496 0.946974
vt 0.216485 0.946993
vt 0.216491 0.946974
vt 0.216490 0.947014
vt 0.216490 0.946993
vt 0.216496 0.947033
vt 0.216485 0.947014
vt 0.370838 0.937369
vt 0.370846 0.937352
vt 0.370845 0.937369
vt 0.370839 0.937352
vt 0.370846 0.937332
vt 0.370840 0.937332
vt 0.370846 0.937312
vt 0.370839 0.937312
vt 0.370845 0.937295
vt 0.158801 0.946993
vt 0.158790 0.946975
vt 0.158795 0.946975
vt 0.158801 0.947014
vt 0.158796 0.946993
vt 0.158790 0.947033
vt 0.158796 0.947014
vt 0.544148 0.937310
vt 0.544141 0.937295
vt 0.544147 0.937295
vt 0.544142 0.937310
vt 0.352638 0.878955
vt 0.352691 0.878971
vt 0.352654 0.879034
vt 0.874448 0.626871
vt 0.874415 0.626878
vt 0.874402 0.626812
vt 0.553761 0.937350
vt 0.553755 0.937329
vt 0.553762 0.937329
vt 0.553760 0.937368
vt 0.553755 0.937350
vt 0.226112 0.946975
vt 0.226101 0.946993
vt 0.226107 0.946975
vt 0.226106 0.947014
vt 0.226106 0.946993
vt 0.226112 0.947033
vt 0.226101 0.947014
vt 0.380451 0.937369
vt 0.380459 0.937352
vt 0.380458 0.937369
vt 0.380452 0.937352
vt 0.380460 0.937332
vt 0.380453 0.937332
vt 0.380459 0.937312
vt 0.380452 0.937312
vt 0.380458 0.937295
vt 0.168417 0.946993
vt 0.168406 0.946974
vt 0.168411 0.946974
vt 0.168417 0.947014
vt 0.168412 0.946993
vt 0.168406 0.947033
vt 0.168412 0.947014
vt 0.553761 0.937310
vt 0.553754 0.937295
vt 0.553760 0.937295
vt 0.553755 0.937310
vt 0.362349 0.878947
vt 0.362369 0.878971
vt 0.362332 0.879034
vt 0.874457 0.549042
vt 0.874399 0.549026
vt 0.874419 0.548960
vt 0.563374 0.937350
vt 0.563368 0.937329
vt 0.563375 0.937329
vt 0.563373 0.937368
vt 0.563368 0.937350
vt 0.235728 0.946974
vt 0.235717 0.946993
vt 0.235722 0.946974
vt 0.235722 0.947014
vt 0.235722 0.946993
vt 0.235728 0.947033
vt 0.235717 0.947014
vt 0.390064 0.937369
vt 0.390072 0.937352
vt 0.390071 0.937369
vt 0.390066 0.937352
vt 0.390073 0.937332
vt 0.390066 0.937332
vt 0.390072 0.937312
vt 0.390066 0.937312
vt 0.390071 0.937295
vt 0.178033 0.946993
vt 0.178022 0.946975
vt 0.178027 0.946975
vt 0.178033 0.947014
vt 0.178027 0.946993
vt 0.178022 0.947033
vt 0.178027 0.947014
vt 0.563374 0.937310
vt 0.563367 0.937295
vt 0.563373 0.937295
vt 0.563368 0.937310
vt 0.371994 0.878955
vt 0.372047 0.878971
vt 0.372011 0.879034
vt 0.874448 0.636565
vt 0.874415 0.636572
vt 0.874402 0.636507
vt 0.534535 0.937350
vt 0.534529 0.937329
vt 0.534536 0.937329
vt 0.534534 0.937368
vt 0.534529 0.937350
vt 0.245343 0.946974
vt 0.245332 0.946993
vt 0.245338 0.946974
vt 0.245338 0.947014
vt 0.245338 0.946993
vt 0.245343 0.947033
vt 0.245332 0.947014
vt 0.399677 0.937369
vt 0.399685 0.937352
vt 0.399684 0.937369
vt 0.399679 0.937352
vt 0.399686 0.937332
vt 0.399679 0.937332
vt 0.399685 0.937312
vt 0.399679 0.937312
vt 0.399684 0.937295
vt 0.187648 0.946993
vt 0.187637 0.946974
vt 0.187643 0.946974
vt 0.187648 0.947014
vt 0.187643 0.946993
vt 0.187637 0.947033
vt 0.187643 0.947014
vt 0.534535 0.937310
vt 0.534528 0.937295
vt 0.534534 0.937295
vt 0.534529 0.937310
vt 0.381673 0.878955
vt 0.381725 0.878971
vt 0.381689 0.879034
vt 0.874461 0.539343
vt 0.874401 0.539333
vt 0.874415 0.539266
vt 0.932457 0.401342
vt 0.932437 0.401315
vt 0.932457 0.401315
vt 0.932458 0.401364
vt 0.932437 0.401342
vt 0.932437 0.517375
vt 0.932457 0.517400
vt 0.932437 0.517400
vt 0.932437 0.517348
vt 0.932457 0.517375
vt 0.932437 0.517329
vt 0.932457 0.517348
vt 0.932457 0.469016
vt 0.932438 0.468990
vt 0.932458 0.468990
vt 0.932457 0.469042
vt 0.932437 0.469015
vt 0.932458 0.469062
vt 0.932437 0.469042
vt 0.932457 0.430341
vt 0.932437 0.430317
vt 0.932457 0.430317
vt 0.932457 0.430368
vt 0.932437 0.430341
vt 0.932457 0.430391
vt 0.932437 0.430368
vt 0.932437 0.401291
vt 0.932458 0.401291
vt 0.845330 0.180398
vt 0.845380 0.180412
vt 0.845357 0.180499
vt 0.845293 0.190140
vt 0.845330 0.190104
vt 0.845394 0.190167
vt 0.379591 0.149845
vt 0.378920 0.151621
vt 0.378920 0.149845
vt 0.379591 0.138464
vt 0.378920 0.140240
vt 0.378920 0.138464
vt 0.442654 0.436222
vt 0.443322 0.435489
vt 0.443322 0.436225
vt 0.378920 0.049504
vt 0.379658 0.051236
vt 0.378920 0.051237
vt 0.066386 0.448749
vt 0.067048 0.448018
vt 0.067048 0.448755
vt 0.256109 0.379686
vt 0.255372 0.377910
vt 0.256109 0.377911
vt 0.650061 0.359877
vt 0.649759 0.360212
vt 0.649759 0.359877
vt 0.650061 0.349937
vt 0.649759 0.350272
vt 0.649759 0.349937
vt 0.257623 0.671837
vt 0.257824 0.672137
vt 0.257623 0.672138
vt 0.669591 0.475112
vt 0.669792 0.475439
vt 0.669591 0.475439
vt 0.286873 0.671838
vt 0.287074 0.672134
vt 0.286873 0.672136
vt 0.669792 0.344812
vt 0.669591 0.344477
vt 0.669792 0.344477
vt 0.369227 0.065357
vt 0.368021 0.063916
vt 0.369227 0.063916
vt 0.368021 0.052871
vt 0.369227 0.054312
vt 0.368021 0.054312
vt 0.368021 0.229432
vt 0.369158 0.230865
vt 0.368021 0.230869
vt 0.389746 0.155755
vt 0.390885 0.156930
vt 0.389746 0.156932
vt 0.368021 0.240483
vt 0.369159 0.241899
vt 0.368021 0.241908
vt 0.390885 0.134189
vt 0.389746 0.132982
vt 0.390885 0.132984
vt 0.227434 0.869315
vt 0.227374 0.869255
vt 0.227428 0.869257
vt 0.140386 0.869314
vt 0.140447 0.869252
vt 0.140438 0.869315
vt 0.140386 0.869191
vt 0.140394 0.869252
vt 0.159693 0.869249
vt 0.159754 0.869310
vt 0.159701 0.869314
vt 0.159754 0.869191
vt 0.159746 0.869244
vt 0.864763 0.841286
vt 0.864702 0.841225
vt 0.864754 0.841221
vt 0.864702 0.841346
vt 0.864712 0.841290
vt 0.227434 0.869193
vt 0.227380 0.869191
vt 0.728524 0.407919
vt 0.728524 0.407853
vt 0.728672 0.407928
vt 0.728628 0.417736
vt 0.728567 0.417740
vt 0.728628 0.417577
vt 0.111450 0.869252
vt 0.111388 0.869314
vt 0.111398 0.869251
vt 0.121115 0.869192
vt 0.121054 0.869254
vt 0.121063 0.869191
vt 0.121115 0.869315
vt 0.121107 0.869254
vt 0.130720 0.869314
vt 0.130781 0.869252
vt 0.130773 0.869315
vt 0.130720 0.869191
vt 0.130728 0.869251
vt 0.265974 0.869249
vt 0.266035 0.869311
vt 0.265981 0.869314
vt 0.266035 0.869191
vt 0.266028 0.869246
vt 0.111388 0.869191
vt 0.111440 0.869192
vt 0.728672 0.398085
vt 0.728629 0.398200
vt 0.728524 0.398160
vt 0.728567 0.427504
vt 0.728524 0.427455
vt 0.728671 0.427398
vt 0.258082 0.692345
vt 0.258146 0.692044
vt 0.258146 0.692345
vt 0.219253 0.682261
vt 0.219303 0.681959
vt 0.219303 0.682260
vt 0.219188 0.682261
vt 0.219253 0.681960
vt 0.219135 0.682260
vt 0.219188 0.681960
vt 0.248418 0.692345
vt 0.248478 0.692045
vt 0.248478 0.692346
vt 0.248356 0.692345
vt 0.248418 0.692043
vt 0.335126 0.682260
vt 0.335168 0.681959
vt 0.335168 0.682261
vt 0.335063 0.682260
vt 0.335126 0.681959
vt 0.335004 0.682260
vt 0.335063 0.681958
vt 0.258203 0.692045
vt 0.258203 0.692346
vt 0.699300 0.420581
vt 0.699140 0.420465
vt 0.699239 0.420393
vt 0.699140 0.322338
vt 0.699338 0.322338
vt 0.699300 0.322454
vt 0.443150 0.157427
vt 0.442798 0.157080
vt 0.443150 0.157082
vt 0.443159 0.157706
vt 0.442798 0.157425
vt 0.442654 0.211448
vt 0.443011 0.211777
vt 0.442659 0.211779
vt 0.442654 0.211110
vt 0.443005 0.211445
vt 0.442659 0.210856
vt 0.443005 0.211107
vt 0.443149 0.178588
vt 0.442808 0.178256
vt 0.443159 0.178260
vt 0.443149 0.178928
vt 0.442797 0.178584
vt 0.443159 0.179190
vt 0.442797 0.178924
vt 0.443155 0.146518
vt 0.442805 0.146211
vt 0.443157 0.146211
vt 0.443155 0.146865
vt 0.442803 0.146518
vt 0.443157 0.147158
vt 0.442803 0.146865
vt 0.442807 0.156763
vt 0.443159 0.156765
vt 0.369142 0.207088
vt 0.369315 0.207735
vt 0.368842 0.208209
vt 0.368021 0.196836
vt 0.368842 0.196015
vt 0.369142 0.197136
vt 0.442654 0.157382
vt 0.442654 0.157097
vt 0.442661 0.157612
vt 0.443160 0.211440
vt 0.443164 0.211714
vt 0.443011 0.210853
vt 0.443160 0.211161
vt 0.442662 0.178320
vt 0.442654 0.178871
vt 0.442654 0.178590
vt 0.369142 0.196188
vt 0.368811 0.196128
vt 0.442654 0.146544
vt 0.442655 0.146290
vt 0.442655 0.147071
vt 0.442654 0.146829
vt 0.442661 0.156835
vt 0.400529 0.039991
vt 0.401206 0.039314
vt 0.401454 0.040239
vt 0.368525 0.197196
vt 0.368747 0.196953
vt 0.368811 0.197196
vt 0.368277 0.197053
vt 0.368591 0.196953
vt 0.368377 0.196740
vt 0.368455 0.196875
vt 0.368134 0.196519
vt 0.368134 0.196805
vt 0.368277 0.196271
vt 0.368377 0.196584
vt 0.368525 0.196128
vt 0.368455 0.196449
vt 0.368591 0.196371
vt 0.369059 0.196271
vt 0.368747 0.196371
vt 0.368960 0.196584
vt 0.368882 0.196449
vt 0.369202 0.196805
vt 0.369202 0.196519
vt 0.369059 0.197053
vt 0.368960 0.196740
vt 0.368882 0.196875
vt 0.044816 0.557745
vt 0.044246 0.557075
vt 0.044816 0.557075
vt 0.034071 0.557075
vt 0.034641 0.557745
vt 0.034071 0.557745
vt 0.270983 0.578711
vt 0.271284 0.579379
vt 0.270983 0.579380
vt 0.590187 0.510800
vt 0.590489 0.511355
vt 0.590187 0.511356
vt 0.300436 0.578712
vt 0.300738 0.579373
vt 0.300436 0.579375
vt 0.590489 0.315630
vt 0.590187 0.315061
vt 0.590489 0.315061
vt 0.326255 0.341111
vt 0.326298 0.339522
vt 0.326321 0.341112
vt 0.286302 0.341112
vt 0.286259 0.342703
vt 0.286236 0.341112
vt 0.286367 0.341112
vt 0.286302 0.342704
vt 0.345913 0.221488
vt 0.345999 0.223059
vt 0.345955 0.223058
vt 0.346043 0.221485
vt 0.345979 0.221490
vt 0.296037 0.341112
vt 0.296079 0.339520
vt 0.296102 0.341112
vt 0.295972 0.341112
vt 0.296037 0.339520
vt 0.326385 0.341109
vt 0.326340 0.339520
vt 0.718798 0.320405
vt 0.718749 0.320286
vt 0.718867 0.320234
vt 0.634627 0.810551
vt 0.634659 0.810583
vt 0.634550 0.810631
vt 0.345956 0.219912
vt 0.286344 0.339520
vt 0.286302 0.339520
vt 0.326341 0.342697
vt 0.326297 0.342697
vt 0.295994 0.342703
vt 0.296037 0.342703
vt 0.345998 0.219908
vt 0.518118 0.810551
vt 0.518164 0.810551
vt 0.518118 0.810663
vt 0.482813 0.589610
vt 0.482445 0.589418
vt 0.482813 0.589420
vt 0.482818 0.589764
vt 0.482445 0.589608
vt 0.590187 0.077058
vt 0.590559 0.077238
vt 0.590190 0.077240
vt 0.590187 0.076872
vt 0.590556 0.077055
vt 0.590190 0.076732
vt 0.590556 0.076869
vt 0.590555 0.004987
vt 0.590193 0.004802
vt 0.590561 0.004807
vt 0.590555 0.005174
vt 0.590187 0.004983
vt 0.590561 0.005318
vt 0.590187 0.005170
vt 0.560782 0.589412
vt 0.560414 0.589243
vt 0.560783 0.589243
vt 0.560782 0.589603
vt 0.560413 0.589412
vt 0.560783 0.589764
vt 0.560413 0.589603
vt 0.482450 0.589243
vt 0.482818 0.589245
vt 0.442914 0.285822
vt 0.443270 0.285917
vt 0.443105 0.286534
vt 0.443366 0.275956
vt 0.442749 0.276121
vt 0.442914 0.275505
vt 0.131948 0.589847
vt 0.131833 0.589633
vt 0.131950 0.589633
vt 0.131940 0.590039
vt 0.131831 0.589847
vt 0.570067 0.047616
vt 0.570184 0.047781
vt 0.570067 0.047781
vt 0.570068 0.047414
vt 0.570185 0.047616
vt 0.570068 0.047198
vt 0.570185 0.047414
vt 0.570067 0.046996
vt 0.570185 0.047198
vt 0.570067 0.046831
vt 0.570185 0.046996
vt 0.580129 0.380266
vt 0.580229 0.380459
vt 0.580113 0.380458
vt 0.580135 0.380052
vt 0.580245 0.380267
vt 0.580129 0.379843
vt 0.580251 0.380053
vt 0.580113 0.379662
vt 0.580245 0.379844
vt 0.570067 0.068725
vt 0.570184 0.068890
vt 0.570067 0.068890
vt 0.570067 0.068523
vt 0.570184 0.068725
vt 0.570067 0.068308
vt 0.570184 0.068523
vt 0.570067 0.068105
vt 0.570184 0.068308
vt 0.570067 0.067940
vt 0.570184 0.068105
vt 0.131948 0.589424
vt 0.131823 0.589243
vt 0.131940 0.589244
vt 0.131831 0.589423
vt 0.379929 0.018015
vt 0.379132 0.018014
vt 0.378994 0.017230
vt 0.380048 0.083876
vt 0.378920 0.083436
vt 0.379520 0.082941
vt 0.141680 0.589847
vt 0.141565 0.589633
vt 0.141682 0.589633
vt 0.141672 0.590039
vt 0.141563 0.589847
vt 0.570067 0.058171
vt 0.570184 0.058336
vt 0.570067 0.058336
vt 0.570068 0.057968
vt 0.570185 0.058171
vt 0.570068 0.057753
vt 0.570185 0.057968
vt 0.570067 0.057551
vt 0.570185 0.057753
vt 0.570067 0.057386
vt 0.570185 0.057551
vt 0.580129 0.390668
vt 0.580229 0.390860
vt 0.580113 0.390859
vt 0.580135 0.390454
vt 0.580245 0.390669
vt 0.580129 0.390244
vt 0.580251 0.390455
vt 0.580113 0.390064
vt 0.580245 0.390245
vt 0.570067 0.079280
vt 0.570184 0.079445
vt 0.570067 0.079445
vt 0.570067 0.079078
vt 0.570184 0.079280
vt 0.570067 0.078862
vt 0.570184 0.079078
vt 0.570067 0.078660
vt 0.570184 0.078862
vt 0.570067 0.078495
vt 0.570184 0.078660
vt 0.141680 0.589424
vt 0.141555 0.589243
vt 0.141672 0.589244
vt 0.141563 0.589423
vt 0.379743 0.027801
vt 0.379531 0.029003
vt 0.378920 0.028491
vt 0.379999 0.094783
vt 0.378953 0.094174
vt 0.379622 0.093777
vt 0.560101 0.432498
vt 0.559933 0.433503
vt 0.559933 0.432498
vt 0.560101 0.390057
vt 0.559933 0.391062
vt 0.559933 0.390057
vt 0.587700 0.702295
vt 0.587868 0.702078
vt 0.587868 0.702296
vt 0.559933 0.144479
vt 0.560151 0.145460
vt 0.559933 0.145460
vt 0.645900 0.702295
vt 0.646066 0.702079
vt 0.646066 0.702296
vt 0.257768 0.558080
vt 0.257551 0.557075
vt 0.257768 0.557075
vt 0.560101 0.443108
vt 0.559933 0.444113
vt 0.559933 0.443108
vt 0.560101 0.400667
vt 0.559933 0.401673
vt 0.559933 0.400667
vt 0.577928 0.702295
vt 0.578095 0.702078
vt 0.578095 0.702296
vt 0.559933 0.155066
vt 0.560151 0.156046
vt 0.559933 0.156046
vt 0.655671 0.702295
vt 0.655837 0.702079
vt 0.655837 0.702296
vt 0.267591 0.558080
vt 0.267373 0.557075
vt 0.267591 0.557075
vt 0.577696 0.600318
vt 0.577582 0.600127
vt 0.577699 0.600128
vt 0.577690 0.600490
vt 0.577579 0.600318
vt 0.358876 0.579410
vt 0.358993 0.579557
vt 0.358876 0.579557
vt 0.358877 0.579230
vt 0.358994 0.579410
vt 0.358877 0.579038
vt 0.358994 0.579230
vt 0.358876 0.578857
vt 0.358994 0.579038
vt 0.358876 0.578710
vt 0.358994 0.578857
vt 0.305643 0.600319
vt 0.305745 0.600491
vt 0.305629 0.600490
vt 0.305648 0.600128
vt 0.305759 0.600320
vt 0.305643 0.599941
vt 0.305764 0.600129
vt 0.305629 0.599780
vt 0.305759 0.599942
vt 0.378322 0.579410
vt 0.378439 0.579557
vt 0.378322 0.579557
vt 0.378322 0.579230
vt 0.378439 0.579410
vt 0.378322 0.579038
vt 0.378440 0.579230
vt 0.378322 0.578857
vt 0.378440 0.579038
vt 0.378322 0.578710
vt 0.378439 0.578857
vt 0.577696 0.599941
vt 0.577573 0.599780
vt 0.577690 0.599780
vt 0.577579 0.599940
vt 0.066901 0.390112
vt 0.067446 0.390568
vt 0.067090 0.391184
vt 0.352881 0.390178
vt 0.353119 0.390468
vt 0.352883 0.391136
vt 0.567966 0.600319
vt 0.567851 0.600127
vt 0.567968 0.600128
vt 0.567959 0.600490
vt 0.567849 0.600318
vt 0.368599 0.579410
vt 0.368716 0.579557
vt 0.368599 0.579557
vt 0.368600 0.579230
vt 0.368717 0.579410
vt 0.368600 0.579038
vt 0.368717 0.579230
vt 0.368599 0.578857
vt 0.368717 0.579038
vt 0.368599 0.578710
vt 0.368717 0.578857
vt 0.315383 0.600319
vt 0.315485 0.600491
vt 0.315369 0.600490
vt 0.315388 0.600128
vt 0.315499 0.600320
vt 0.315383 0.599941
vt 0.315504 0.600129
vt 0.315369 0.599780
vt 0.315499 0.599942
vt 0.388045 0.579410
vt 0.388162 0.579557
vt 0.388045 0.579557
vt 0.388045 0.579230
vt 0.388162 0.579410
vt 0.388045 0.579038
vt 0.388162 0.579230
vt 0.388045 0.578857
vt 0.388162 0.579038
vt 0.388045 0.578710
vt 0.388162 0.578857
vt 0.567966 0.599941
vt 0.567842 0.599780
vt 0.567959 0.599780
vt 0.567849 0.599940
vt 0.055853 0.391089
vt 0.055664 0.390762
vt 0.056019 0.390146
vt 0.363565 0.390178
vt 0.363803 0.390468
vt 0.363567 0.391136
vt 0.560101 0.453718
vt 0.559933 0.454724
vt 0.559933 0.453718
vt 0.560101 0.411278
vt 0.559933 0.412283
vt 0.559933 0.411278
vt 0.689315 0.074717
vt 0.689482 0.074433
vt 0.689482 0.074717
vt 0.549991 0.514980
vt 0.550276 0.515960
vt 0.549991 0.515961
vt 0.689315 0.094647
vt 0.689481 0.094364
vt 0.689481 0.094648
vt 0.172535 0.460029
vt 0.172250 0.459025
vt 0.172535 0.459025
vt 0.560101 0.464328
vt 0.559933 0.465334
vt 0.559933 0.464328
vt 0.560101 0.421888
vt 0.559933 0.422893
vt 0.559933 0.421888
vt 0.689315 0.064827
vt 0.689482 0.064543
vt 0.689482 0.064827
vt 0.549991 0.525566
vt 0.550276 0.526547
vt 0.549991 0.526547
vt 0.689315 0.104538
vt 0.689481 0.104255
vt 0.689481 0.104539
vt 0.162646 0.460030
vt 0.162361 0.459025
vt 0.162646 0.459025
vt 0.343378 0.732001
vt 0.343310 0.732087
vt 0.343327 0.732009
vt 0.209316 0.682198
vt 0.209383 0.682123
vt 0.209393 0.682174
vt 0.209472 0.682111
vt 0.209481 0.682153
vt 0.111211 0.810553
vt 0.111212 0.810625
vt 0.111182 0.810627
vt 0.111189 0.810718
vt 0.679472 0.660931
vt 0.679534 0.660984
vt 0.679466 0.660968
vt 0.679540 0.660941
vt 0.679623 0.661002
vt 0.679631 0.660950
vt 0.679694 0.661014
vt 0.343310 0.731919
vt 0.718865 0.703503
vt 0.718883 0.703417
vt 0.718907 0.703503
vt 0.209298 0.682079
vt 0.209304 0.682139
vt 0.209468 0.682068
vt 0.209530 0.682108
vt 0.111239 0.810625
vt 0.111218 0.810717
vt 0.679542 0.660897
vt 0.679706 0.660894
vt 0.679703 0.660954
vt 0.343358 0.731911
vt 0.343425 0.731991
vt 0.718798 0.703417
vt 0.718843 0.703417
vt 0.209298 0.682018
vt 0.209378 0.682071
vt 0.209468 0.682024
vt 0.209526 0.682034
vt 0.209526 0.682071
vt 0.323137 0.888782
vt 0.323165 0.888690
vt 0.323165 0.888782
vt 0.679472 0.660856
vt 0.679474 0.660893
vt 0.679540 0.660854
vt 0.679634 0.660898
vt 0.679703 0.660833
vt 0.718798 0.703589
vt 0.718843 0.703589
vt 0.718767 0.703503
vt 0.718818 0.703503
vt 0.209383 0.681966
vt 0.209378 0.682018
vt 0.209472 0.681981
vt 0.323107 0.888782
vt 0.323137 0.888690
vt 0.679534 0.660811
vt 0.679631 0.660845
vt 0.679623 0.660794
vt 0.199436 0.741879
vt 0.199405 0.741792
vt 0.199454 0.741792
vt 0.679702 0.670678
vt 0.679620 0.670635
vt 0.679693 0.670619
vt 0.679628 0.670687
vt 0.679530 0.670653
vt 0.679472 0.670701
vt 0.679466 0.670664
vt 0.179014 0.810715
vt 0.179050 0.810625
vt 0.179044 0.810717
vt 0.179020 0.810624
vt 0.179021 0.810553
vt 0.433512 0.692074
vt 0.433417 0.692105
vt 0.433425 0.692053
vt 0.433335 0.692103
vt 0.433344 0.692043
vt 0.199405 0.741965
vt 0.199454 0.741965
vt 0.199338 0.741879
vt 0.199385 0.741879
vt 0.679705 0.670739
vt 0.679630 0.670739
vt 0.679537 0.670696
vt 0.679539 0.670739
vt 0.178987 0.810713
vt 0.413015 0.741881
vt 0.412998 0.741797
vt 0.413028 0.741792
vt 0.433506 0.692117
vt 0.433415 0.692157
vt 0.433332 0.692162
vt 0.738287 0.426439
vt 0.738355 0.426524
vt 0.738309 0.426526
vt 0.679628 0.670792
vt 0.679472 0.670776
vt 0.679474 0.670739
vt 0.412994 0.741973
vt 0.412989 0.741885
vt 0.413022 0.741967
vt 0.412961 0.741890
vt 0.433504 0.692160
vt 0.433417 0.692209
vt 0.738355 0.426352
vt 0.738309 0.426354
vt 0.738336 0.426437
vt 0.738404 0.426523
vt 0.679693 0.670859
vt 0.679702 0.670799
vt 0.679620 0.670844
vt 0.679537 0.670783
vt 0.679466 0.670814
vt 0.412964 0.741980
vt 0.412931 0.741897
vt 0.412965 0.741803
vt 0.433506 0.692203
vt 0.433425 0.692260
vt 0.433344 0.692282
vt 0.433335 0.692222
vt 0.738404 0.426351
vt 0.102156 0.741879
vt 0.102088 0.741965
vt 0.102106 0.741878
vt 0.131693 0.681959
vt 0.131624 0.682022
vt 0.131616 0.681970
vt 0.131534 0.682032
vt 0.131527 0.681989
vt 0.131469 0.682007
vt 0.519664 0.741799
vt 0.519600 0.741875
vt 0.519634 0.741793
vt 0.519634 0.741969
vt 0.519600 0.741961
vt 0.296969 0.692121
vt 0.296890 0.692062
vt 0.296975 0.692078
vt 0.296882 0.692114
vt 0.296806 0.692044
vt 0.102088 0.741792
vt 0.102202 0.741881
vt 0.102136 0.741966
vt 0.131705 0.682078
vt 0.131702 0.682018
vt 0.131536 0.682076
vt 0.131474 0.682044
vt 0.519692 0.741805
vt 0.519630 0.741882
vt 0.519666 0.741975
vt 0.296967 0.692164
vt 0.296794 0.692164
vt 0.296797 0.692103
vt 0.102136 0.741794
vt 0.170176 0.741879
vt 0.170243 0.741965
vt 0.170198 0.741965
vt 0.131624 0.682126
vt 0.131626 0.682074
vt 0.131534 0.682119
vt 0.131474 0.682119
vt 0.131476 0.682082
vt 0.188683 0.810553
vt 0.188660 0.810646
vt 0.188655 0.810555
vt 0.519683 0.741892
vt 0.519657 0.741888
vt 0.296969 0.692207
vt 0.296879 0.692166
vt 0.296882 0.692218
vt 0.170243 0.741793
vt 0.170198 0.741792
vt 0.170223 0.741879
vt 0.170292 0.741965
vt 0.131693 0.682198
vt 0.131702 0.682139
vt 0.131527 0.682162
vt 0.188713 0.810551
vt 0.188688 0.810645
vt 0.188690 0.810715
vt 0.188655 0.810717
vt 0.296975 0.692250
vt 0.296806 0.692284
vt 0.296797 0.692224
vt 0.170292 0.741793
vt 0.014528 0.722075
vt 0.014460 0.722161
vt 0.014477 0.722075
vt 0.421877 0.682199
vt 0.421955 0.682135
vt 0.421960 0.682187
vt 0.422047 0.682174
vt 0.207990 0.810553
vt 0.207992 0.810623
vt 0.207962 0.810625
vt 0.207967 0.810717
vt 0.112086 0.681964
vt 0.112047 0.682021
vt 0.112049 0.681958
vt 0.112082 0.682118
vt 0.112031 0.682110
vt 0.112008 0.682185
vt 0.014460 0.721989
vt 0.014575 0.722075
vt 0.014508 0.722161
vt 0.421871 0.682139
vt 0.421955 0.682082
vt 0.422043 0.682130
vt 0.422043 0.682087
vt 0.422095 0.682126
vt 0.208020 0.810622
vt 0.207997 0.810715
vt 0.112133 0.682030
vt 0.112089 0.682027
vt 0.112134 0.682121
vt 0.112067 0.682194
vt 0.718749 0.004972
vt 0.718843 0.004935
vt 0.718841 0.004979
vt 0.014593 0.722161
vt 0.014553 0.722161
vt 0.421871 0.682078
vt 0.421960 0.682030
vt 0.694107 0.771396
vt 0.694057 0.771311
vt 0.694085 0.771317
vt 0.694107 0.771228
vt 0.112160 0.681964
vt 0.112123 0.681966
vt 0.112186 0.682118
vt 0.112127 0.682197
vt 0.718751 0.004884
vt 0.718751 0.004930
vt 0.718843 0.004886
vt 0.718914 0.004802
vt 0.718916 0.004852
vt 0.421889 0.681959
vt 0.421877 0.682018
vt 0.421970 0.681979
vt 0.422047 0.682043
vt 0.694040 0.771381
vt 0.694075 0.771389
vt 0.694027 0.771304
vt 0.694079 0.771222
vt 0.112218 0.682021
vt 0.112176 0.682027
vt 0.112237 0.682110
vt 0.112246 0.682185
vt 0.112186 0.682194
vt 0.718749 0.004835
vt 0.247139 0.143438
vt 0.249820 0.146622
vt 0.247139 0.146622
vt 0.249820 0.133834
vt 0.247139 0.130650
vt 0.249820 0.130650
vt 0.043791 0.285432
vt 0.044780 0.288537
vt 0.043791 0.288538
vt 0.304174 0.055511
vt 0.305161 0.058154
vt 0.304174 0.058162
vt 0.282417 0.168726
vt 0.281429 0.165544
vt 0.282417 0.165545
vt 0.304174 0.017713
vt 0.305161 0.020383
vt 0.304174 0.020387
vt 0.212098 0.254908
vt 0.214108 0.258092
vt 0.212098 0.258092
vt 0.202493 0.258092
vt 0.200482 0.254908
vt 0.202493 0.254908
vt 0.304174 0.029993
vt 0.304794 0.033098
vt 0.304174 0.033099
vt 0.368021 0.251517
vt 0.368640 0.253501
vt 0.368021 0.253506
vt 0.121589 0.302488
vt 0.120969 0.299306
vt 0.121589 0.299307
vt 0.368021 0.217817
vt 0.368640 0.219820
vt 0.368021 0.219822
vt 0.159944 0.270849
vt 0.161954 0.273195
vt 0.159944 0.273195
vt 0.150339 0.273195
vt 0.148328 0.270849
vt 0.150339 0.270849
vt 0.240728 0.352549
vt 0.241415 0.354837
vt 0.240728 0.354838
vt 0.368021 0.160384
vt 0.368707 0.162367
vt 0.368021 0.162372
vt 0.163026 0.354893
vt 0.162340 0.352548
vt 0.163026 0.352549
vt 0.368021 0.016488
vt 0.368707 0.018491
vt 0.368021 0.018493
vt 0.074751 0.270849
vt 0.076828 0.273262
vt 0.074751 0.273262
vt 0.065146 0.273262
vt 0.063068 0.270849
vt 0.065146 0.270849
vt 0.389746 0.062349
vt 0.389863 0.064703
vt 0.389746 0.064703
vt 0.218438 0.401930
vt 0.218556 0.403983
vt 0.218438 0.403984
vt 0.379038 0.236134
vt 0.378920 0.233722
vt 0.379038 0.233723
vt 0.053041 0.401930
vt 0.053158 0.404002
vt 0.053041 0.404002
vt 0.421822 0.084070
vt 0.421841 0.085997
vt 0.421822 0.085997
vt 0.421822 0.072539
vt 0.421843 0.074464
vt 0.421822 0.074465
vt 0.421844 0.037942
vt 0.421822 0.039869
vt 0.421822 0.037942
vt 0.421841 0.118647
vt 0.421822 0.120570
vt 0.421822 0.118648
vt 0.043351 0.956638
vt 0.043325 0.956665
vt 0.043325 0.956638
vt 0.951734 0.766258
vt 0.951760 0.766284
vt 0.951734 0.766284
vt 0.421822 0.095602
vt 0.421841 0.097529
vt 0.421822 0.097529
vt 0.421822 0.061007
vt 0.421843 0.062933
vt 0.421822 0.062933
vt 0.421844 0.049474
vt 0.421822 0.051401
vt 0.421822 0.049474
vt 0.421841 0.130175
vt 0.421822 0.132098
vt 0.421822 0.130176
vt 0.072243 0.956639
vt 0.072217 0.956665
vt 0.072217 0.956638
vt 0.951734 0.746996
vt 0.951760 0.747022
vt 0.951734 0.747022
vt 0.247158 0.232573
vt 0.247139 0.238934
vt 0.247139 0.232574
vt 0.247160 0.216575
vt 0.247139 0.222967
vt 0.247139 0.216574
vt 0.004802 0.254908
vt 0.004824 0.261242
vt 0.004802 0.261240
vt 0.014429 0.254911
vt 0.014449 0.261242
vt 0.014429 0.261244
vt 0.207074 0.956665
vt 0.207048 0.956638
vt 0.207074 0.956638
vt 0.216679 0.956665
vt 0.216705 0.956638
vt 0.216705 0.956665
vt 0.368194 0.136841
vt 0.368157 0.137707
vt 0.368154 0.136841
vt 0.282819 0.084528
vt 0.282703 0.085391
vt 0.282703 0.084528
vt 0.306302 0.671952
vt 0.306341 0.671836
vt 0.306341 0.671952
vt 0.400529 0.028547
vt 0.401391 0.028435
vt 0.401391 0.028551
vt 0.368061 0.138571
vt 0.368198 0.137707
vt 0.282818 0.085391
vt 0.282711 0.086264
vt 0.340289 0.436901
vt 0.340329 0.437016
vt 0.340289 0.437016
vt 0.282819 0.178332
vt 0.282710 0.179208
vt 0.282703 0.178333
vt 0.421862 0.298634
vt 0.421891 0.299500
vt 0.421822 0.298637
vt 0.282587 0.084529
vt 0.282471 0.085392
vt 0.282471 0.084529
vt 0.306302 0.672184
vt 0.306341 0.672068
vt 0.306341 0.672184
vt 0.400529 0.028779
vt 0.401391 0.028667
vt 0.401391 0.028783
vt 0.421862 0.300369
vt 0.421932 0.299497
vt 0.282587 0.085392
vt 0.282479 0.086265
vt 0.340289 0.437132
vt 0.340329 0.437248
vt 0.340289 0.437248
vt 0.282587 0.178334
vt 0.282479 0.179210
vt 0.282471 0.178335
vt 0.368194 0.112437
vt 0.368157 0.113302
vt 0.368154 0.112436
vt 0.491434 0.567952
vt 0.491550 0.568805
vt 0.491434 0.568806
vt 0.884080 0.209256
vt 0.884120 0.209372
vt 0.884080 0.209372
vt 0.400529 0.029010
vt 0.401391 0.028899
vt 0.401391 0.029014
vt 0.368061 0.114167
vt 0.368198 0.113302
vt 0.282355 0.085393
vt 0.282247 0.086266
vt 0.282239 0.085393
vt 0.340289 0.437364
vt 0.340329 0.437480
vt 0.340289 0.437480
vt 0.282356 0.178336
vt 0.282247 0.179212
vt 0.282240 0.178337
vt 0.277759 0.590120
vt 0.277719 0.589250
vt 0.277759 0.589243
vt 0.282132 0.083677
vt 0.282008 0.084532
vt 0.282016 0.083678
vt 0.620219 0.493566
vt 0.620258 0.493450
vt 0.620258 0.493566
vt 0.282131 0.180067
vt 0.282008 0.180903
vt 0.282015 0.180068
vt 0.349934 0.437597
vt 0.349973 0.437713
vt 0.349934 0.437713
vt 0.421862 0.253262
vt 0.421891 0.254128
vt 0.421822 0.253265
vt 0.329784 0.578711
vt 0.329900 0.579564
vt 0.329784 0.579565
vt 0.884080 0.218977
vt 0.884120 0.219093
vt 0.884080 0.219093
vt 0.400529 0.029242
vt 0.401391 0.029130
vt 0.401391 0.029246
vt 0.421862 0.254998
vt 0.421932 0.254125
vt 0.282124 0.085394
vt 0.282016 0.086267
vt 0.282008 0.085394
vt 0.340289 0.437596
vt 0.340329 0.437712
vt 0.340289 0.437712
vt 0.282124 0.178338
vt 0.282015 0.179214
vt 0.282008 0.178339
vt 0.325981 0.590120
vt 0.325942 0.589250
vt 0.325981 0.589243
vt 0.281900 0.083678
vt 0.281777 0.084533
vt 0.281784 0.083679
vt 0.620219 0.493798
vt 0.620258 0.493682
vt 0.620258 0.493798
vt 0.281899 0.180069
vt 0.281776 0.180905
vt 0.281783 0.180070
vt 0.349934 0.437829
vt 0.349973 0.437945
vt 0.349934 0.437945
vt 0.421862 0.275948
vt 0.421891 0.276814
vt 0.421822 0.275951
vt 0.339505 0.578711
vt 0.339620 0.579564
vt 0.339505 0.579565
vt 0.616811 0.702310
vt 0.616851 0.702194
vt 0.616851 0.702310
vt 0.400529 0.029473
vt 0.401391 0.029362
vt 0.401391 0.029478
vt 0.421862 0.277683
vt 0.421932 0.276811
vt 0.281892 0.085395
vt 0.281784 0.086268
vt 0.281776 0.085395
vt 0.340289 0.437828
vt 0.340329 0.437944
vt 0.340289 0.437944
vt 0.281892 0.178340
vt 0.281784 0.179216
vt 0.281776 0.178341
vt 0.306692 0.590120
vt 0.306653 0.589250
vt 0.306692 0.589243
vt 0.281668 0.083679
vt 0.281545 0.084534
vt 0.281553 0.083680
vt 0.620219 0.494030
vt 0.620258 0.493914
vt 0.620258 0.494030
vt 0.281668 0.180071
vt 0.281545 0.180907
vt 0.281552 0.180072
vt 0.349934 0.438061
vt 0.349973 0.438177
vt 0.349934 0.438177
vt 0.421862 0.309977
vt 0.421891 0.310842
vt 0.421822 0.309980
vt 0.310343 0.578711
vt 0.310458 0.579564
vt 0.310343 0.579565
vt 0.884080 0.228698
vt 0.884120 0.228814
vt 0.884080 0.228814
vt 0.400529 0.029705
vt 0.401391 0.029593
vt 0.401391 0.029709
vt 0.421862 0.311712
vt 0.421932 0.310840
vt 0.281660 0.085396
vt 0.281553 0.086269
vt 0.281545 0.085396
vt 0.340289 0.438060
vt 0.340329 0.438176
vt 0.340289 0.438176
vt 0.281661 0.178342
vt 0.281552 0.179218
vt 0.281545 0.178343
vt 0.757926 0.888764
vt 0.758000 0.888690
vt 0.758000 0.888764
vt 0.893836 0.218004
vt 0.893763 0.218078
vt 0.893763 0.218004
vt 0.864346 0.888764
vt 0.864419 0.888690
vt 0.864419 0.888764
vt 0.893836 0.150251
vt 0.893763 0.150324
vt 0.893763 0.150251
vt 0.767604 0.888690
vt 0.767678 0.888764
vt 0.767604 0.888764
vt 0.893836 0.227684
vt 0.893763 0.227757
vt 0.893763 0.227683
vt 0.777283 0.888690
vt 0.777356 0.888764
vt 0.777283 0.888764
vt 0.893835 0.237363
vt 0.893763 0.237436
vt 0.893763 0.237362
vt 0.786961 0.888764
vt 0.787035 0.888690
vt 0.787035 0.888764
vt 0.874097 0.888764
vt 0.874024 0.888690
vt 0.874097 0.888690
vt 0.893763 0.159930
vt 0.893835 0.160004
vt 0.893763 0.160003
vt 0.893835 0.169609
vt 0.893763 0.169682
vt 0.893763 0.169609
vt 0.883702 0.888764
vt 0.883776 0.888690
vt 0.883776 0.888764
vt 0.893836 0.004876
vt 0.893763 0.004802
vt 0.893836 0.004803
vt 0.893763 0.014555
vt 0.893836 0.014481
vt 0.893836 0.014555
vt 0.893835 0.179288
vt 0.893763 0.179361
vt 0.893763 0.179288
vt 0.893763 0.024160
vt 0.893836 0.024234
vt 0.893763 0.024234
vt 0.893835 0.188967
vt 0.893763 0.189040
vt 0.893763 0.188967
vt 0.680499 0.888764
vt 0.680572 0.888690
vt 0.680572 0.888764
vt 0.661215 0.888764
vt 0.661142 0.888690
vt 0.661215 0.888690
vt 0.796640 0.888764
vt 0.796713 0.888690
vt 0.796713 0.888764
vt 0.893836 0.111535
vt 0.893763 0.111608
vt 0.893763 0.111534
vt 0.690177 0.888764
vt 0.690251 0.888690
vt 0.690251 0.888764
vt 0.893836 0.247042
vt 0.893763 0.247115
vt 0.893763 0.247041
vt 0.699855 0.888764
vt 0.699929 0.888690
vt 0.699929 0.888764
vt 0.893835 0.198646
vt 0.893763 0.198719
vt 0.893763 0.198646
vt 0.709534 0.888690
vt 0.709607 0.888764
vt 0.709534 0.888764
vt 0.806318 0.888764
vt 0.806392 0.888690
vt 0.806392 0.888764
vt 0.815997 0.888690
vt 0.816070 0.888764
vt 0.815997 0.888764
vt 0.719286 0.888764
vt 0.719212 0.888690
vt 0.719286 0.888690
vt 0.825675 0.888764
vt 0.825749 0.888690
vt 0.825749 0.888764
vt 0.893836 0.033913
vt 0.893763 0.033839
vt 0.893836 0.033839
vt 0.893763 0.043591
vt 0.893836 0.043518
vt 0.893836 0.043591
vt 0.893835 0.121214
vt 0.893763 0.121287
vt 0.893763 0.121213
vt 0.835353 0.888690
vt 0.835427 0.888764
vt 0.835353 0.888764
vt 0.893835 0.130893
vt 0.893763 0.130966
vt 0.893763 0.130892
vt 0.728891 0.888764
vt 0.728964 0.888690
vt 0.728964 0.888764
vt 0.670894 0.888764
vt 0.670820 0.888690
vt 0.670894 0.888690
vt 0.845032 0.888764
vt 0.845106 0.888690
vt 0.845106 0.888764
vt 0.893836 0.140572
vt 0.893763 0.140645
vt 0.893763 0.140571
vt 0.738569 0.888764
vt 0.738643 0.888690
vt 0.738643 0.888764
vt 0.893836 0.256721
vt 0.893763 0.256794
vt 0.893763 0.256720
vt 0.748248 0.888764
vt 0.748321 0.888690
vt 0.748321 0.888764
vt 0.893835 0.208325
vt 0.893763 0.208398
vt 0.893763 0.208325
vt 0.854998 0.830264
vt 0.855075 0.830327
vt 0.854999 0.830327
vt 0.121348 0.800779
vt 0.121272 0.800729
vt 0.121347 0.800729
vt 0.121348 0.800843
vt 0.121273 0.800779
vt 0.121347 0.800897
vt 0.121273 0.800843
vt 0.855000 0.752585
vt 0.855074 0.752645
vt 0.854998 0.752645
vt 0.854998 0.752523
vt 0.855075 0.752585
vt 0.595890 0.800850
vt 0.595965 0.800892
vt 0.595889 0.800893
vt 0.595890 0.800788
vt 0.595965 0.800850
vt 0.595889 0.800729
vt 0.595965 0.800787
vt 0.855074 0.830384
vt 0.854998 0.830385
vt 0.699338 0.430342
vt 0.699239 0.430413
vt 0.699178 0.430225
vt 0.699338 0.332215
vt 0.699300 0.332267
vt 0.699140 0.332151
vt 0.845294 0.160998
vt 0.845372 0.160945
vt 0.845373 0.160994
vt 0.796798 0.465402
vt 0.796716 0.465371
vt 0.796797 0.465352
vt 0.796798 0.465466
vt 0.796717 0.465410
vt 0.796716 0.465501
vt 0.796717 0.465460
vt 0.829382 0.839995
vt 0.829460 0.840039
vt 0.829381 0.840055
vt 0.829460 0.839945
vt 0.829461 0.839993
vt 0.101901 0.800850
vt 0.101981 0.800871
vt 0.101901 0.800892
vt 0.101901 0.800787
vt 0.101981 0.800838
vt 0.101981 0.800744
vt 0.101981 0.800789
vt 0.845372 0.161038
vt 0.845293 0.161056
vt 0.699338 0.371402
vt 0.699300 0.371518
vt 0.699140 0.371402
vt 0.728524 0.181931
vt 0.728554 0.181841
vt 0.728648 0.181841
vt 0.718800 0.604701
vt 0.718749 0.604986
vt 0.718749 0.604701
vt 0.718799 0.624480
vt 0.718749 0.624765
vt 0.718749 0.624480
vt 0.689315 0.592352
vt 0.689365 0.591963
vt 0.689365 0.592352
vt 0.624448 0.641587
vt 0.624726 0.641197
vt 0.624726 0.641588
vt 0.689315 0.642177
vt 0.689365 0.641788
vt 0.689365 0.642178
vt 0.639870 0.577842
vt 0.640154 0.577452
vt 0.640154 0.577842
vt 0.458065 0.917891
vt 0.458015 0.917949
vt 0.458015 0.917891
vt 0.438755 0.917891
vt 0.438705 0.917950
vt 0.438705 0.917891
vt 0.689315 0.612342
vt 0.689365 0.611952
vt 0.689365 0.612342
vt 0.689315 0.314062
vt 0.689372 0.313672
vt 0.689372 0.314062
vt 0.689315 0.652172
vt 0.689365 0.651783
vt 0.689365 0.652173
vt 0.689315 0.284018
vt 0.689374 0.283627
vt 0.689374 0.284018
vt 0.854998 0.820538
vt 0.855075 0.820600
vt 0.854999 0.820601
vt 0.131030 0.800779
vt 0.130953 0.800729
vt 0.131028 0.800729
vt 0.131030 0.800843
vt 0.130954 0.800779
vt 0.131028 0.800897
vt 0.130954 0.800843
vt 0.855000 0.742858
vt 0.855074 0.742918
vt 0.854998 0.742918
vt 0.854998 0.742796
vt 0.855075 0.742858
vt 0.605570 0.800850
vt 0.605645 0.800892
vt 0.605570 0.800893
vt 0.605570 0.800788
vt 0.605646 0.800850
vt 0.605570 0.800729
vt 0.605646 0.800787
vt 0.855074 0.820658
vt 0.854998 0.820658
vt 0.699178 0.440206
vt 0.699140 0.440090
vt 0.699338 0.440090
vt 0.699239 0.341892
vt 0.699300 0.341912
vt 0.699239 0.342100
vt 0.845294 0.151272
vt 0.845372 0.151219
vt 0.845373 0.151268
vt 0.796798 0.475175
vt 0.796716 0.475144
vt 0.796797 0.475125
vt 0.796798 0.475239
vt 0.796717 0.475183
vt 0.796716 0.475274
vt 0.796717 0.475233
vt 0.845294 0.004865
vt 0.845372 0.004909
vt 0.845293 0.004924
vt 0.845372 0.004815
vt 0.845373 0.004863
vt 0.111587 0.800850
vt 0.111667 0.800871
vt 0.111586 0.800892
vt 0.111587 0.800787
vt 0.111667 0.800838
vt 0.111667 0.800744
vt 0.111667 0.800789
vt 0.845372 0.151313
vt 0.845293 0.151330
vt 0.699338 0.381214
vt 0.699300 0.381330
vt 0.699140 0.381214
vt 0.728648 0.191737
vt 0.728554 0.191737
vt 0.728524 0.191647
vt 0.718800 0.614591
vt 0.718749 0.614876
vt 0.718749 0.614591
vt 0.718800 0.634370
vt 0.718749 0.634655
vt 0.718749 0.634370
vt 0.689315 0.602347
vt 0.689365 0.601958
vt 0.689365 0.602347
vt 0.634331 0.641587
vt 0.634609 0.641197
vt 0.634609 0.641588
vt 0.689315 0.662167
vt 0.689365 0.661778
vt 0.689365 0.662168
vt 0.639870 0.587838
vt 0.640154 0.587447
vt 0.640154 0.587838
vt 0.467720 0.917891
vt 0.467670 0.917949
vt 0.467670 0.917891
vt 0.448410 0.917891
vt 0.448360 0.917949
vt 0.448360 0.917891
vt 0.689315 0.622337
vt 0.689365 0.621947
vt 0.689365 0.622337
vt 0.689315 0.324057
vt 0.689372 0.323667
vt 0.689372 0.324057
vt 0.689315 0.672162
vt 0.689365 0.671773
vt 0.689365 0.672163
vt 0.689315 0.294013
vt 0.689374 0.293623
vt 0.689374 0.294013
vt 0.718749 0.359904
vt 0.718802 0.359669
vt 0.718802 0.359903
vt 0.709051 0.282467
vt 0.709093 0.282231
vt 0.709093 0.282466
vt 0.708997 0.282467
vt 0.709051 0.282232
vt 0.708952 0.282466
vt 0.708997 0.282232
vt 0.718801 0.330244
vt 0.718851 0.330011
vt 0.718851 0.330245
vt 0.718749 0.330245
vt 0.718801 0.330010
vt 0.709054 0.401577
vt 0.709090 0.401343
vt 0.709090 0.401577
vt 0.709002 0.401577
vt 0.709054 0.401343
vt 0.708952 0.401577
vt 0.709002 0.401342
vt 0.718850 0.359670
vt 0.718850 0.359905
vt 0.718781 0.271272
vt 0.718749 0.271174
vt 0.718832 0.271114
vt 0.718781 0.232155
vt 0.718749 0.232058
vt 0.718832 0.231998
vt 0.054836 0.414820
vt 0.053932 0.413714
vt 0.054836 0.413714
vt 0.043422 0.413714
vt 0.044327 0.414820
vt 0.043422 0.414820
vt 0.145429 0.448014
vt 0.145713 0.449116
vt 0.145429 0.449117
vt 0.559933 0.358028
vt 0.560218 0.358910
vt 0.559933 0.358911
vt 0.452971 0.004805
vt 0.453255 0.005896
vt 0.452971 0.005898
vt 0.560218 0.176815
vt 0.559933 0.175911
vt 0.560218 0.175911
vt 0.198356 0.610989
vt 0.198332 0.610208
vt 0.198356 0.610214
vt 0.548570 0.600602
vt 0.548593 0.599781
vt 0.548593 0.600603
vt 0.610242 0.332888
vt 0.610265 0.332141
vt 0.610265 0.332879
vt 0.538939 0.600601
vt 0.538965 0.599781
vt 0.538965 0.600602
vt 0.951734 0.284520
vt 0.951763 0.284488
vt 0.951763 0.284517
vt 0.951763 0.255609
vt 0.951734 0.255576
vt 0.951763 0.255579
vt 0.610242 0.312150
vt 0.610267 0.311415
vt 0.610267 0.312157
vt 0.062716 0.611001
vt 0.062693 0.610208
vt 0.062716 0.610209
vt 0.620219 0.372340
vt 0.620242 0.371625
vt 0.620242 0.372331
vt 0.600228 0.587631
vt 0.600254 0.586841
vt 0.600254 0.587632
vt 0.951734 0.448303
vt 0.951763 0.448330
vt 0.951734 0.448332
vt 0.951763 0.274853
vt 0.951734 0.274880
vt 0.951734 0.274851
vt 0.610242 0.445633
vt 0.610267 0.444898
vt 0.610267 0.445625
vt 0.600250 0.283906
vt 0.600228 0.283099
vt 0.600250 0.283101
vt 0.402444 0.610974
vt 0.402421 0.610208
vt 0.402444 0.610215
vt 0.600228 0.252647
vt 0.600254 0.251843
vt 0.600254 0.252645
vt 0.951763 0.438695
vt 0.951734 0.438663
vt 0.951763 0.438666
vt 0.951734 0.265246
vt 0.951763 0.265214
vt 0.951763 0.265243
vt 0.649808 0.319974
vt 0.649833 0.319890
vt 0.649832 0.319971
vt 0.559933 0.557397
vt 0.559967 0.557320
vt 0.559961 0.557397
vt 0.559992 0.557324
vt 0.559987 0.557397
vt 0.669591 0.354714
vt 0.669618 0.354640
vt 0.669618 0.354711
vt 0.669645 0.354714
vt 0.035612 0.568223
vt 0.035647 0.568294
vt 0.035618 0.568295
vt 0.035640 0.568218
vt 0.035672 0.568295
vt 0.649780 0.319891
vt 0.649779 0.319972
vt 0.649809 0.319892
vt 0.649832 0.319811
vt 0.559939 0.557316
vt 0.559983 0.557247
vt 0.560008 0.557256
vt 0.669591 0.354641
vt 0.669618 0.354572
vt 0.669645 0.354641
vt 0.035595 0.568155
vt 0.035623 0.568145
vt 0.035665 0.568214
vt 0.649779 0.319812
vt 0.649808 0.319811
vt 0.649828 0.319738
vt 0.559957 0.557239
vt 0.560010 0.557183
vt 0.560033 0.557197
vt 0.669591 0.354571
vt 0.669619 0.354511
vt 0.669645 0.354571
vt 0.035570 0.568095
vt 0.035595 0.568081
vt 0.035647 0.568138
vt 0.649775 0.319739
vt 0.649804 0.319735
vt 0.649821 0.319674
vt 0.559986 0.557171
vt 0.560046 0.557132
vt 0.560065 0.557150
vt 0.669591 0.354508
vt 0.669620 0.354461
vt 0.669646 0.354508
vt 0.035537 0.568049
vt 0.035558 0.568030
vt 0.035617 0.568069
vt 0.649768 0.319674
vt 0.649797 0.319669
vt 0.649812 0.319622
vt 0.560025 0.557114
vt 0.560088 0.557096
vt 0.560102 0.557119
vt 0.669592 0.354455
vt 0.669621 0.354425
vt 0.669647 0.354455
vt 0.035500 0.568018
vt 0.035516 0.567994
vt 0.035577 0.568013
vt 0.649759 0.319623
vt 0.684880 0.712071
vt 0.684853 0.712127
vt 0.684853 0.712079
vt 0.560073 0.557073
vt 0.560135 0.557077
vt 0.560139 0.557104
vt 0.796716 0.553730
vt 0.796743 0.553692
vt 0.796743 0.553722
vt 0.796770 0.553730
vt 0.035463 0.568003
vt 0.035469 0.567976
vt 0.035528 0.567972
vt 0.684907 0.712127
vt 0.684907 0.712079
vt 0.684880 0.712184
vt 0.684880 0.712122
vt 0.560187 0.557051
vt 0.560129 0.557051
vt 0.560177 0.557104
vt 0.796716 0.553660
vt 0.796716 0.553697
vt 0.796770 0.553660
vt 0.796770 0.553697
vt 0.035426 0.568003
vt 0.035415 0.567950
vt 0.035473 0.567950
vt 0.684880 0.712247
vt 0.684853 0.712184
vt 0.560243 0.557073
vt 0.560183 0.557077
vt 0.560230 0.557096
vt 0.796716 0.553620
vt 0.796743 0.553659
vt 0.796770 0.553620
vt 0.035375 0.567994
vt 0.035422 0.567976
vt 0.035360 0.567972
vt 0.684907 0.712184
vt 0.684880 0.712307
vt 0.684853 0.712244
vt 0.560291 0.557114
vt 0.560272 0.557132
vt 0.560215 0.557119
vt 0.796716 0.553577
vt 0.796743 0.553623
vt 0.796770 0.553577
vt 0.035388 0.568018
vt 0.035334 0.568030
vt 0.035312 0.568013
vt 0.684907 0.712244
vt 0.684880 0.712361
vt 0.684853 0.712301
vt 0.560331 0.557171
vt 0.560308 0.557183
vt 0.560251 0.557150
vt 0.796716 0.553534
vt 0.796743 0.553583
vt 0.796770 0.553534
vt 0.035352 0.568049
vt 0.035299 0.568081
vt 0.035273 0.568069
vt 0.684907 0.712301
vt 0.659712 0.055872
vt 0.659683 0.055817
vt 0.659710 0.055809
vt 0.560361 0.557239
vt 0.560336 0.557247
vt 0.560284 0.557197
vt 0.669654 0.124492
vt 0.669637 0.124448
vt 0.669661 0.124440
vt 0.669601 0.124493
vt 0.669608 0.124441
vt 0.035321 0.568095
vt 0.035272 0.568145
vt 0.035245 0.568138
vt 0.659737 0.055817
vt 0.659713 0.055945
vt 0.659684 0.055878
vt 0.560379 0.557316
vt 0.560353 0.557320
vt 0.560309 0.557256
vt 0.669648 0.124555
vt 0.669630 0.124498
vt 0.669595 0.124556
vt 0.035296 0.568155
vt 0.035256 0.568218
vt 0.035228 0.568214
vt 0.659739 0.055878
vt 0.659714 0.056025
vt 0.659685 0.055949
vt 0.560385 0.557397
vt 0.560359 0.557397
vt 0.560325 0.557324
vt 0.669645 0.124625
vt 0.669624 0.124559
vt 0.669592 0.124626
vt 0.035281 0.568223
vt 0.035251 0.568294
vt 0.035223 0.568295
vt 0.659740 0.055949
vt 0.659686 0.056108
vt 0.659686 0.056027
vt 0.560353 0.557474
vt 0.560326 0.557470
vt 0.560331 0.557397
vt 0.669620 0.124698
vt 0.669621 0.124628
vt 0.035283 0.568368
vt 0.035277 0.568295
vt 0.035258 0.568371
vt 0.659741 0.056108
vt 0.659740 0.056027
vt 0.659714 0.056107
vt 0.659686 0.056187
vt 0.560379 0.557479
vt 0.560337 0.557547
vt 0.560310 0.557539
vt 0.669644 0.124697
vt 0.669621 0.124767
vt 0.669591 0.124698
vt 0.035300 0.568436
vt 0.035276 0.568444
vt 0.035230 0.568376
vt 0.659740 0.056187
vt 0.659714 0.056188
vt 0.659685 0.056260
vt 0.560362 0.557555
vt 0.560310 0.557611
vt 0.560285 0.557598
vt 0.669645 0.124767
vt 0.669625 0.124828
vt 0.669592 0.124768
vt 0.035325 0.568495
vt 0.035303 0.568507
vt 0.035249 0.568453
vt 0.659740 0.056260
vt 0.659713 0.056263
vt 0.659684 0.056324
vt 0.560333 0.557624
vt 0.560274 0.557662
vt 0.560253 0.557644
vt 0.669649 0.124831
vt 0.669630 0.124878
vt 0.669596 0.124832
vt 0.035358 0.568542
vt 0.035340 0.568559
vt 0.035278 0.568521
vt 0.659739 0.056324
vt 0.659712 0.056330
vt 0.659683 0.056374
vt 0.560293 0.557681
vt 0.560232 0.557698
vt 0.560216 0.557675
vt 0.669654 0.124883
vt 0.669636 0.124914
vt 0.669601 0.124884
vt 0.035395 0.568572
vt 0.035382 0.568595
vt 0.035318 0.568578
vt 0.659737 0.056375
vt 0.704192 0.712071
vt 0.704165 0.712128
vt 0.704165 0.712079
vt 0.560245 0.557722
vt 0.560185 0.557717
vt 0.560179 0.557690
vt 0.796716 0.534157
vt 0.796743 0.534119
vt 0.796743 0.534149
vt 0.796770 0.534157
vt 0.035432 0.568587
vt 0.035429 0.568613
vt 0.035367 0.568619
vt 0.704219 0.712128
vt 0.704219 0.712079
vt 0.704192 0.712184
vt 0.704192 0.712123
vt 0.560189 0.557744
vt 0.560137 0.557717
vt 0.560141 0.557690
vt 0.796716 0.534087
vt 0.796716 0.534124
vt 0.796770 0.534087
vt 0.796770 0.534124
vt 0.035470 0.568587
vt 0.035477 0.568613
vt 0.035423 0.568641
vt 0.704192 0.712247
vt 0.704165 0.712184
vt 0.560075 0.557722
vt 0.560131 0.557744
vt 0.560090 0.557698
vt 0.796716 0.534047
vt 0.796743 0.534087
vt 0.796770 0.534047
vt 0.035523 0.568595
vt 0.035536 0.568619
vt 0.035481 0.568641
vt 0.704219 0.712184
vt 0.704192 0.712307
vt 0.704165 0.712244
vt 0.560027 0.557681
vt 0.560048 0.557662
vt 0.560104 0.557675
vt 0.796716 0.534004
vt 0.796743 0.534050
vt 0.796770 0.534004
vt 0.035507 0.568572
vt 0.035565 0.568559
vt 0.035583 0.568578
vt 0.704219 0.712244
vt 0.704192 0.712361
vt 0.704165 0.712301
vt 0.559987 0.557624
vt 0.560012 0.557611
vt 0.560067 0.557644
vt 0.796716 0.533961
vt 0.796743 0.534010
vt 0.796770 0.533961
vt 0.035543 0.568542
vt 0.035600 0.568507
vt 0.035622 0.568521
vt 0.704219 0.712301
vt 0.649797 0.320126
vt 0.649812 0.320179
vt 0.649788 0.320187
vt 0.559958 0.557555
vt 0.559984 0.557547
vt 0.560035 0.557598
vt 0.669592 0.354847
vt 0.669621 0.354892
vt 0.669594 0.354900
vt 0.669647 0.354847
vt 0.669648 0.354900
vt 0.035574 0.568495
vt 0.035626 0.568444
vt 0.035650 0.568453
vt 0.649759 0.320180
vt 0.649803 0.320053
vt 0.649821 0.320119
vt 0.559939 0.557479
vt 0.559967 0.557474
vt 0.560009 0.557539
vt 0.669591 0.354784
vt 0.669620 0.354842
vt 0.669646 0.354784
vt 0.035599 0.568436
vt 0.035642 0.568371
vt 0.035667 0.568376
vt 0.649768 0.320120
vt 0.649828 0.320049
vt 0.559993 0.557470
vt 0.669619 0.354780
vt 0.035614 0.568368
vt 0.649774 0.320049
vt 0.639925 0.454957
vt 0.639949 0.454876
vt 0.639949 0.454955
vt 0.559933 0.536840
vt 0.559967 0.536765
vt 0.559961 0.536840
vt 0.559993 0.536770
vt 0.559987 0.536840
vt 0.498906 0.661920
vt 0.498934 0.661850
vt 0.498934 0.661919
vt 0.498960 0.661920
vt 0.005208 0.568217
vt 0.005243 0.568287
vt 0.005215 0.568288
vt 0.005237 0.568212
vt 0.005269 0.568288
vt 0.639896 0.454876
vt 0.639896 0.454956
vt 0.639925 0.454875
vt 0.639947 0.454798
vt 0.559939 0.536761
vt 0.559984 0.536694
vt 0.560009 0.536703
vt 0.498906 0.661849
vt 0.498934 0.661784
vt 0.498961 0.661849
vt 0.005191 0.568151
vt 0.005218 0.568142
vt 0.005262 0.568209
vt 0.639893 0.454799
vt 0.639922 0.454796
vt 0.639941 0.454728
vt 0.559958 0.536685
vt 0.560012 0.536631
vt 0.560035 0.536646
vt 0.498907 0.661781
vt 0.498935 0.661726
vt 0.498961 0.661781
vt 0.005165 0.568094
vt 0.005189 0.568079
vt 0.005242 0.568133
vt 0.639888 0.454729
vt 0.639917 0.454724
vt 0.639933 0.454668
vt 0.559988 0.536618
vt 0.560050 0.536581
vt 0.560069 0.536601
vt 0.498908 0.661721
vt 0.498937 0.661680
vt 0.498962 0.661722
vt 0.005131 0.568049
vt 0.005152 0.568029
vt 0.005211 0.568066
vt 0.639880 0.454669
vt 0.718776 0.014584
vt 0.718749 0.014638
vt 0.718749 0.014593
vt 0.560029 0.536563
vt 0.560094 0.536546
vt 0.560107 0.536570
vt 0.498909 0.661673
vt 0.498938 0.661649
vt 0.150823 0.741986
vt 0.150850 0.742027
vt 0.150823 0.742018
vt 0.005093 0.568018
vt 0.005107 0.567994
vt 0.005169 0.568011
vt 0.639870 0.454623
vt 0.639908 0.454662
vt 0.718776 0.014631
vt 0.718749 0.014692
vt 0.560080 0.536523
vt 0.560143 0.536528
vt 0.560147 0.536555
vt 0.150796 0.741993
vt 0.150823 0.741951
vt 0.150850 0.741993
vt 0.005053 0.568003
vt 0.005059 0.567976
vt 0.005119 0.567971
vt 0.718804 0.014692
vt 0.718804 0.014638
vt 0.718776 0.014689
vt 0.718749 0.014752
vt 0.560197 0.536502
vt 0.560137 0.536502
vt 0.560193 0.536528
vt 0.150796 0.741915
vt 0.150796 0.741955
vt 0.150850 0.741915
vt 0.150850 0.741955
vt 0.005009 0.567976
vt 0.005003 0.567950
vt 0.005062 0.567950
vt 0.718804 0.014752
vt 0.718776 0.014816
vt 0.718776 0.014753
vt 0.560254 0.536523
vt 0.560241 0.536546
vt 0.560187 0.536555
vt 0.150796 0.741873
vt 0.150823 0.741915
vt 0.150850 0.741873
vt 0.005013 0.568003
vt 0.004961 0.567994
vt 0.004946 0.567971
vt 0.718776 0.014874
vt 0.718749 0.014812
vt 0.560304 0.536563
vt 0.560286 0.536581
vt 0.560227 0.536570
vt 0.150796 0.741831
vt 0.150823 0.741877
vt 0.150850 0.741831
vt 0.004973 0.568018
vt 0.004917 0.568029
vt 0.004896 0.568011
vt 0.718804 0.014812
vt 0.659712 0.086404
vt 0.659683 0.086359
vt 0.659710 0.086351
vt 0.560346 0.536618
vt 0.560323 0.536631
vt 0.560265 0.536601
vt 0.150796 0.741792
vt 0.150823 0.741838
vt 0.246815 0.661648
vt 0.246779 0.661681
vt 0.246787 0.661640
vt 0.004936 0.568049
vt 0.004881 0.568079
vt 0.004856 0.568066
vt 0.659737 0.086359
vt 0.659713 0.086470
vt 0.659684 0.086411
vt 0.560377 0.536685
vt 0.560352 0.536694
vt 0.560299 0.536646
vt 0.246825 0.661735
vt 0.246807 0.661687
vt 0.246832 0.661680
vt 0.246772 0.661735
vt 0.004903 0.568094
vt 0.004853 0.568142
vt 0.004826 0.568133
vt 0.659739 0.086411
vt 0.659714 0.086546
vt 0.659685 0.086475
vt 0.560396 0.536761
vt 0.560370 0.536765
vt 0.560326 0.536703
vt 0.246820 0.661799
vt 0.246801 0.661740
vt 0.246767 0.661799
vt 0.004877 0.568151
vt 0.004836 0.568212
vt 0.004808 0.568209
vt 0.659740 0.086475
vt 0.659714 0.086626
vt 0.659686 0.086548
vt 0.560403 0.536840
vt 0.560376 0.536840
vt 0.560342 0.536770
vt 0.246818 0.661868
vt 0.246796 0.661802
vt 0.246765 0.661869
vt 0.004861 0.568217
vt 0.004831 0.568287
vt 0.004802 0.568288
vt 0.659741 0.086548
vt 0.659686 0.086707
vt 0.659686 0.086627
vt 0.560371 0.536915
vt 0.560343 0.536911
vt 0.560348 0.536840
vt 0.246794 0.661939
vt 0.246794 0.661870
vt 0.004863 0.568359
vt 0.004856 0.568288
vt 0.004838 0.568362
vt 0.659741 0.086707
vt 0.659741 0.086627
vt 0.659714 0.086708
vt 0.659685 0.086784
vt 0.560397 0.536920
vt 0.560353 0.536986
vt 0.560327 0.536977
vt 0.246818 0.661940
vt 0.246796 0.662005
vt 0.246765 0.661940
vt 0.004880 0.568425
vt 0.004856 0.568433
vt 0.004810 0.568368
vt 0.659740 0.086784
vt 0.659713 0.086787
vt 0.659684 0.086854
vt 0.560378 0.536995
vt 0.560325 0.537048
vt 0.560301 0.537035
vt 0.246820 0.662007
vt 0.246801 0.662063
vt 0.246767 0.662008
vt 0.004906 0.568483
vt 0.004885 0.568496
vt 0.004829 0.568443
vt 0.659739 0.086854
vt 0.659712 0.086859
vt 0.659683 0.086913
vt 0.560348 0.537062
vt 0.560288 0.537098
vt 0.560267 0.537080
vt 0.246825 0.662067
vt 0.246807 0.662110
vt 0.246772 0.662068
vt 0.004940 0.568528
vt 0.004923 0.568546
vt 0.004860 0.568510
vt 0.659737 0.086913
vt 0.315842 0.702078
vt 0.315815 0.702132
vt 0.315815 0.702087
vt 0.560306 0.537118
vt 0.560243 0.537134
vt 0.560229 0.537111
vt 0.796716 0.455747
vt 0.796743 0.455706
vt 0.796743 0.455738
vt 0.246814 0.662142
vt 0.246779 0.662117
vt 0.004979 0.568558
vt 0.004967 0.568581
vt 0.004902 0.568565
vt 0.315869 0.702132
vt 0.315869 0.702087
vt 0.315842 0.702125
vt 0.315815 0.702187
vt 0.560256 0.537158
vt 0.560195 0.537152
vt 0.560189 0.537126
vt 0.796716 0.455712
vt 0.796743 0.455671
vt 0.796770 0.455712
vt 0.005018 0.568573
vt 0.005015 0.568599
vt 0.004952 0.568605
vt 0.315869 0.702187
vt 0.315842 0.702247
vt 0.315842 0.702183
vt 0.560139 0.537179
vt 0.560199 0.537179
vt 0.560145 0.537152
vt 0.796716 0.455675
vt 0.796743 0.455635
vt 0.796770 0.455675
vt 0.005065 0.568599
vt 0.005069 0.568626
vt 0.005009 0.568626
vt 0.315842 0.702310
vt 0.315815 0.702246
vt 0.560082 0.537158
vt 0.560096 0.537134
vt 0.560149 0.537126
vt 0.796716 0.455593
vt 0.796716 0.455634
vt 0.796770 0.455593
vt 0.796770 0.455634
vt 0.005058 0.568573
vt 0.005113 0.568581
vt 0.005125 0.568605
vt 0.315869 0.702246
vt 0.315842 0.702368
vt 0.315815 0.702306
vt 0.560031 0.537118
vt 0.560052 0.537098
vt 0.560109 0.537111
vt 0.796716 0.455551
vt 0.796743 0.455597
vt 0.796770 0.455551
vt 0.005098 0.568558
vt 0.005157 0.568546
vt 0.005175 0.568565
vt 0.315869 0.702306
vt 0.315842 0.702417
vt 0.315815 0.702361
vt 0.559990 0.537062
vt 0.560014 0.537048
vt 0.560070 0.537080
vt 0.498908 0.662109
vt 0.498937 0.662143
vt 0.498909 0.662151
vt 0.498962 0.662110
vt 0.498964 0.662152
vt 0.005136 0.568528
vt 0.005194 0.568496
vt 0.005215 0.568510
vt 0.639870 0.455221
vt 0.639908 0.455177
vt 0.639898 0.455229
vt 0.639916 0.455112
vt 0.639933 0.455170
vt 0.559959 0.536995
vt 0.559985 0.536986
vt 0.560037 0.537035
vt 0.498907 0.662055
vt 0.498935 0.662103
vt 0.498961 0.662055
vt 0.005169 0.568483
vt 0.005221 0.568433
vt 0.005245 0.568443
vt 0.639880 0.455171
vt 0.639922 0.455037
vt 0.639941 0.455107
vt 0.559940 0.536920
vt 0.559967 0.536915
vt 0.560010 0.536977
vt 0.498906 0.661990
vt 0.498934 0.662050
vt 0.498961 0.661990
vt 0.005194 0.568425
vt 0.005238 0.568362
vt 0.005263 0.568368
vt 0.639888 0.455107
vt 0.639946 0.455034
vt 0.559993 0.536911
vt 0.498934 0.661987
vt 0.005210 0.568359
vt 0.639893 0.455034
vt 0.323570 0.651703
vt 0.323593 0.651625
vt 0.323594 0.651703
vt 0.559933 0.516314
vt 0.559967 0.516240
vt 0.559961 0.516313
vt 0.559993 0.516245
vt 0.559987 0.516314
vt 0.669591 0.625593
vt 0.669618 0.625526
vt 0.669618 0.625593
vt 0.669645 0.625593
vt 0.560356 0.547046
vt 0.560391 0.547114
vt 0.560362 0.547115
vt 0.560384 0.547041
vt 0.560416 0.547115
vt 0.323540 0.651625
vt 0.323541 0.651703
vt 0.323569 0.651623
vt 0.323589 0.651551
vt 0.559939 0.516236
vt 0.559985 0.516171
vt 0.560010 0.516181
vt 0.669591 0.625524
vt 0.669619 0.625465
vt 0.669645 0.625524
vt 0.560338 0.546982
vt 0.560365 0.546972
vt 0.560409 0.547037
vt 0.323536 0.651551
vt 0.323564 0.651547
vt 0.323582 0.651485
vt 0.559959 0.516162
vt 0.560015 0.516110
vt 0.560037 0.516125
vt 0.669591 0.625460
vt 0.669620 0.625412
vt 0.669646 0.625460
vt 0.560311 0.546926
vt 0.560335 0.546911
vt 0.560389 0.546963
vt 0.323528 0.651485
vt 0.323557 0.651479
vt 0.323572 0.651432
vt 0.559991 0.516096
vt 0.560053 0.516061
vt 0.560072 0.516081
vt 0.669592 0.625405
vt 0.669621 0.625371
vt 0.669647 0.625405
vt 0.560276 0.546882
vt 0.560296 0.546862
vt 0.560356 0.546897
vt 0.323519 0.651431
vt 0.402999 0.712071
vt 0.402972 0.712131
vt 0.402972 0.712078
vt 0.560034 0.516042
vt 0.560100 0.516027
vt 0.560112 0.516051
vt 0.548375 0.771423
vt 0.548402 0.771378
vt 0.548402 0.771416
vt 0.548429 0.771423
vt 0.560236 0.546852
vt 0.560250 0.546828
vt 0.560313 0.546843
vt 0.403027 0.712131
vt 0.403027 0.712078
vt 0.402999 0.712125
vt 0.402972 0.712190
vt 0.560086 0.516003
vt 0.560150 0.516009
vt 0.560154 0.516036
vt 0.548375 0.771383
vt 0.548402 0.771339
vt 0.548429 0.771383
vt 0.560194 0.546838
vt 0.560200 0.546810
vt 0.560261 0.546804
vt 0.403027 0.712190
vt 0.402999 0.712253
vt 0.402999 0.712188
vt 0.560206 0.515983
vt 0.560145 0.515983
vt 0.560202 0.516009
vt 0.548375 0.771297
vt 0.548375 0.771340
vt 0.548402 0.771299
vt 0.548429 0.771340
vt 0.560151 0.546838
vt 0.560148 0.546810
vt 0.560202 0.546784
vt 0.403027 0.712251
vt 0.402999 0.712316
vt 0.402972 0.712251
vt 0.560265 0.516003
vt 0.560253 0.516027
vt 0.560197 0.516036
vt 0.548375 0.771255
vt 0.548429 0.771255
vt 0.548429 0.771297
vt 0.560098 0.546828
vt 0.560083 0.546804
vt 0.560142 0.546784
vt 0.402999 0.712371
vt 0.402972 0.712310
vt 0.560318 0.516042
vt 0.560299 0.516061
vt 0.560239 0.516051
vt 0.548375 0.771215
vt 0.548402 0.771260
vt 0.548429 0.771215
vt 0.560109 0.546852
vt 0.560052 0.546862
vt 0.560032 0.546843
vt 0.403027 0.712310
vt 0.659712 0.167047
vt 0.659683 0.166998
vt 0.659710 0.166990
vt 0.560361 0.516096
vt 0.560339 0.516110
vt 0.560280 0.516081
vt 0.669655 0.374656
vt 0.669638 0.374620
vt 0.669663 0.374612
vt 0.669602 0.374656
vt 0.669609 0.374612
vt 0.560070 0.546882
vt 0.560014 0.546911
vt 0.559989 0.546897
vt 0.659737 0.166998
vt 0.659713 0.167116
vt 0.659684 0.167053
vt 0.560393 0.516162
vt 0.560369 0.516171
vt 0.560315 0.516125
vt 0.669649 0.374712
vt 0.669630 0.374662
vt 0.669596 0.374712
vt 0.560035 0.546926
vt 0.559985 0.546972
vt 0.559958 0.546963
vt 0.659739 0.167053
vt 0.659714 0.167193
vt 0.659685 0.167120
vt 0.560413 0.516236
vt 0.560387 0.516240
vt 0.560342 0.516181
vt 0.669645 0.374777
vt 0.669625 0.374716
vt 0.669592 0.374776
vt 0.560009 0.546982
vt 0.559967 0.547041
vt 0.559939 0.547037
vt 0.659740 0.167120
vt 0.659714 0.167273
vt 0.659686 0.167195
vt 0.560420 0.516314
vt 0.560394 0.516313
vt 0.560360 0.516245
vt 0.669644 0.374845
vt 0.669621 0.374778
vt 0.669591 0.374845
vt 0.559992 0.547046
vt 0.559962 0.547114
vt 0.559933 0.547115
vt 0.659741 0.167194
vt 0.659686 0.167351
vt 0.659686 0.167273
vt 0.560388 0.516386
vt 0.560360 0.516382
vt 0.560366 0.516314
vt 0.669621 0.374912
vt 0.669620 0.374845
vt 0.559993 0.547184
vt 0.559987 0.547115
vt 0.559968 0.547188
vt 0.659741 0.167351
vt 0.659741 0.167273
vt 0.659714 0.167353
vt 0.659685 0.167424
vt 0.560414 0.516392
vt 0.560370 0.516455
vt 0.560343 0.516447
vt 0.669645 0.374914
vt 0.669625 0.374974
vt 0.669592 0.374914
vt 0.560011 0.547248
vt 0.559987 0.547257
vt 0.559940 0.547193
vt 0.659740 0.167424
vt 0.659713 0.167428
vt 0.659684 0.167489
vt 0.560394 0.516466
vt 0.560340 0.516516
vt 0.560316 0.516502
vt 0.669649 0.374978
vt 0.669630 0.375028
vt 0.669596 0.374978
vt 0.560038 0.547304
vt 0.560017 0.547318
vt 0.559960 0.547267
vt 0.659739 0.167489
vt 0.659712 0.167495
vt 0.659683 0.167542
vt 0.560363 0.516531
vt 0.560301 0.516565
vt 0.560282 0.516546
vt 0.669655 0.375034
vt 0.669638 0.375070
vt 0.669602 0.375034
vt 0.560073 0.547348
vt 0.560056 0.547366
vt 0.559993 0.547333
vt 0.659737 0.167542
vt 0.412659 0.712071
vt 0.412631 0.712131
vt 0.412631 0.712078
vt 0.560320 0.516585
vt 0.560255 0.516599
vt 0.560242 0.516576
vt 0.538715 0.771423
vt 0.538743 0.771378
vt 0.538743 0.771415
vt 0.538770 0.771423
vt 0.560113 0.547377
vt 0.560102 0.547401
vt 0.560036 0.547387
vt 0.412686 0.712131
vt 0.412686 0.712078
vt 0.412659 0.712126
vt 0.412631 0.712190
vt 0.560268 0.516624
vt 0.560205 0.516617
vt 0.560199 0.516591
vt 0.538715 0.771383
vt 0.538743 0.771339
vt 0.538770 0.771383
vt 0.560155 0.547392
vt 0.560153 0.547419
vt 0.560088 0.547425
vt 0.412686 0.712190
vt 0.412659 0.712254
vt 0.412659 0.712188
vt 0.560147 0.516645
vt 0.560209 0.516645
vt 0.560153 0.516617
vt 0.538715 0.771298
vt 0.538715 0.771341
vt 0.538743 0.771300
vt 0.538770 0.771341
vt 0.560198 0.547392
vt 0.560204 0.547419
vt 0.560147 0.547446
vt 0.412686 0.712252
vt 0.412659 0.712316
vt 0.412631 0.712252
vt 0.560088 0.516624
vt 0.560102 0.516599
vt 0.560156 0.516591
vt 0.538715 0.771255
vt 0.538770 0.771255
vt 0.538770 0.771298
vt 0.560254 0.547401
vt 0.560266 0.547425
vt 0.560207 0.547446
vt 0.412659 0.712371
vt 0.412631 0.712311
vt 0.560036 0.516585
vt 0.560055 0.516565
vt 0.560114 0.516576
vt 0.538715 0.771215
vt 0.538743 0.771260
vt 0.538770 0.771215
vt 0.560240 0.547377
vt 0.560300 0.547366
vt 0.560317 0.547387
vt 0.412686 0.712311
vt 0.323557 0.651927
vt 0.323572 0.651976
vt 0.323547 0.651984
vt 0.559992 0.516531
vt 0.560016 0.516516
vt 0.560074 0.516546
vt 0.669592 0.625783
vt 0.669621 0.625820
vt 0.669594 0.625828
vt 0.669647 0.625783
vt 0.669648 0.625828
vt 0.560279 0.547348
vt 0.560338 0.547318
vt 0.560360 0.547333
vt 0.323519 0.651976
vt 0.323564 0.651859
vt 0.323582 0.651921
vt 0.559960 0.516466
vt 0.559986 0.516455
vt 0.560038 0.516502
vt 0.669591 0.625727
vt 0.669620 0.625777
vt 0.669646 0.625726
vt 0.560314 0.547304
vt 0.560367 0.547257
vt 0.560391 0.547267
vt 0.323528 0.651921
vt 0.323569 0.651783
vt 0.323589 0.651855
vt 0.559940 0.516392
vt 0.559968 0.516386
vt 0.560011 0.516447
vt 0.669591 0.625662
vt 0.669619 0.625723
vt 0.669645 0.625662
vt 0.560340 0.547248
vt 0.560385 0.547188
vt 0.560410 0.547193
vt 0.323536 0.651855
vt 0.323593 0.651781
vt 0.559994 0.516382
vt 0.669618 0.625660
vt 0.560357 0.547184
vt 0.323540 0.651781
vt 0.649817 0.005061
vt 0.649838 0.004987
vt 0.649841 0.005062
vt 0.559933 0.495818
vt 0.559967 0.495745
vt 0.559961 0.495817
vt 0.559993 0.495751
vt 0.559987 0.495818
vt 0.431700 0.682132
vt 0.431728 0.682070
vt 0.431728 0.682133
vt 0.431754 0.682132
vt 0.560373 0.526507
vt 0.560408 0.526573
vt 0.560379 0.526573
vt 0.560401 0.526501
vt 0.560433 0.526573
vt 0.649785 0.004987
vt 0.649788 0.005062
vt 0.649814 0.004984
vt 0.649832 0.004918
vt 0.559940 0.495741
vt 0.559986 0.495678
vt 0.560011 0.495689
vt 0.431700 0.682067
vt 0.431729 0.682014
vt 0.431755 0.682067
vt 0.560355 0.526444
vt 0.560381 0.526434
vt 0.560426 0.526497
vt 0.649779 0.004918
vt 0.649808 0.004912
vt 0.649823 0.004858
vt 0.559960 0.495669
vt 0.560017 0.495619
vt 0.560039 0.495635
vt 0.431701 0.682008
vt 0.431730 0.681966
vt 0.431756 0.682008
vt 0.560327 0.526390
vt 0.560351 0.526375
vt 0.560405 0.526424
vt 0.649770 0.004858
vt 0.699168 0.153123
vt 0.699140 0.153182
vt 0.699140 0.153131
vt 0.559993 0.495605
vt 0.560057 0.495571
vt 0.560075 0.495592
vt 0.728524 0.231006
vt 0.728552 0.230958
vt 0.728552 0.230998
vt 0.728579 0.231006
vt 0.560290 0.526347
vt 0.560310 0.526327
vt 0.560371 0.526360
vt 0.649759 0.004811
vt 0.649799 0.004851
vt 0.699168 0.153176
vt 0.699140 0.153241
vt 0.560038 0.495552
vt 0.560105 0.495538
vt 0.560117 0.495563
vt 0.728524 0.230965
vt 0.728552 0.230916
vt 0.728579 0.230965
vt 0.560249 0.526318
vt 0.560262 0.526293
vt 0.560326 0.526307
vt 0.699195 0.153241
vt 0.699195 0.153182
vt 0.699168 0.153237
vt 0.699140 0.153304
vt 0.560092 0.495514
vt 0.560158 0.495521
vt 0.560162 0.495548
vt 0.728524 0.230920
vt 0.728552 0.230873
vt 0.728579 0.230920
vt 0.560204 0.526303
vt 0.560210 0.526276
vt 0.560273 0.526269
vt 0.699195 0.153304
vt 0.699168 0.153303
vt 0.699140 0.153366
vt 0.560216 0.495494
vt 0.560153 0.495494
vt 0.560212 0.495521
vt 0.728524 0.230873
vt 0.728552 0.230831
vt 0.728579 0.230873
vt 0.560156 0.526276
vt 0.560150 0.526250
vt 0.560212 0.526250
vt 0.699195 0.153366
vt 0.699168 0.153430
vt 0.699168 0.153369
vt 0.560276 0.495514
vt 0.560265 0.495538
vt 0.560207 0.495548
vt 0.728524 0.230785
vt 0.728524 0.230828
vt 0.728579 0.230785
vt 0.728579 0.230828
vt 0.560159 0.526303
vt 0.560104 0.526293
vt 0.560090 0.526269
vt 0.699168 0.153482
vt 0.699140 0.153424
vt 0.560331 0.495552
vt 0.560313 0.495571
vt 0.560252 0.495563
vt 0.728524 0.230747
vt 0.728552 0.230791
vt 0.669642 0.254115
vt 0.669606 0.254140
vt 0.669614 0.254106
vt 0.560115 0.526318
vt 0.560057 0.526327
vt 0.560037 0.526307
vt 0.699195 0.153424
vt 0.669620 0.154357
vt 0.669591 0.154303
vt 0.669618 0.154296
vt 0.560376 0.495605
vt 0.560354 0.495619
vt 0.560294 0.495592
vt 0.669652 0.254188
vt 0.669634 0.254148
vt 0.669659 0.254141
vt 0.669598 0.254187
vt 0.560073 0.526347
vt 0.560017 0.526375
vt 0.559993 0.526360
vt 0.669645 0.154303
vt 0.669621 0.154428
vt 0.669592 0.154362
vt 0.560410 0.495669
vt 0.560385 0.495678
vt 0.560331 0.495635
vt 0.669647 0.254245
vt 0.669627 0.254193
vt 0.669593 0.254245
vt 0.560037 0.526390
vt 0.559987 0.526434
vt 0.559960 0.526424
vt 0.669647 0.154362
vt 0.669621 0.154505
vt 0.669593 0.154431
vt 0.560431 0.495741
vt 0.560405 0.495745
vt 0.560359 0.495689
vt 0.669644 0.254309
vt 0.669622 0.254248
vt 0.669591 0.254309
vt 0.560010 0.526444
vt 0.559968 0.526501
vt 0.559940 0.526497
vt 0.669648 0.154431
vt 0.669621 0.154584
vt 0.669594 0.154506
vt 0.560438 0.495818
vt 0.560411 0.495817
vt 0.560377 0.495751
vt 0.669644 0.254376
vt 0.669620 0.254310
vt 0.669591 0.254376
vt 0.559993 0.526507
vt 0.559962 0.526573
vt 0.559933 0.526573
vt 0.669648 0.154506
vt 0.669593 0.154657
vt 0.669594 0.154582
vt 0.560405 0.495888
vt 0.560378 0.495884
vt 0.560383 0.495818
vt 0.669622 0.254438
vt 0.669620 0.254374
vt 0.559993 0.526640
vt 0.559987 0.526573
vt 0.559969 0.526644
vt 0.669648 0.154657
vt 0.669648 0.154582
vt 0.669621 0.154661
vt 0.669592 0.154726
vt 0.560431 0.495894
vt 0.560386 0.495955
vt 0.560360 0.495946
vt 0.669646 0.254441
vt 0.669627 0.254495
vt 0.669593 0.254441
vt 0.560011 0.526702
vt 0.559988 0.526712
vt 0.559940 0.526650
vt 0.669647 0.154725
vt 0.669620 0.154731
vt 0.669591 0.154784
vt 0.560411 0.495966
vt 0.560356 0.496015
vt 0.560332 0.496000
vt 0.669652 0.254501
vt 0.669634 0.254544
vt 0.669598 0.254501
vt 0.560039 0.526756
vt 0.560019 0.526771
vt 0.559961 0.526722
vt 0.669645 0.154784
vt 0.699168 0.143159
vt 0.699140 0.143219
vt 0.699140 0.143167
vt 0.560378 0.496031
vt 0.560315 0.496062
vt 0.560296 0.496043
vt 0.728524 0.280125
vt 0.728552 0.280077
vt 0.728552 0.280117
vt 0.669643 0.254580
vt 0.669606 0.254551
vt 0.560076 0.526799
vt 0.560059 0.526819
vt 0.559995 0.526787
vt 0.699195 0.143219
vt 0.699195 0.143167
vt 0.699168 0.143212
vt 0.699140 0.143277
vt 0.560333 0.496083
vt 0.560267 0.496096
vt 0.560254 0.496072
vt 0.728524 0.280084
vt 0.728552 0.280035
vt 0.728579 0.280084
vt 0.560117 0.526828
vt 0.560107 0.526852
vt 0.560040 0.526839
vt 0.699195 0.143277
vt 0.699168 0.143274
vt 0.699140 0.143340
vt 0.560279 0.496121
vt 0.560215 0.496113
vt 0.560209 0.496087
vt 0.728524 0.280039
vt 0.728552 0.279992
vt 0.728579 0.280039
vt 0.560162 0.526843
vt 0.560159 0.526870
vt 0.560093 0.526877
vt 0.699195 0.143340
vt 0.699168 0.143340
vt 0.699140 0.143403
vt 0.560155 0.496141
vt 0.560218 0.496141
vt 0.560160 0.496113
vt 0.728524 0.279992
vt 0.728552 0.279950
vt 0.728579 0.279992
vt 0.560213 0.526870
vt 0.560216 0.526897
vt 0.560153 0.526897
vt 0.699195 0.143403
vt 0.699168 0.143467
vt 0.699168 0.143406
vt 0.560095 0.496121
vt 0.560107 0.496096
vt 0.560164 0.496087
vt 0.728524 0.279904
vt 0.728524 0.279947
vt 0.728579 0.279904
vt 0.728579 0.279947
vt 0.560207 0.526843
vt 0.560265 0.526852
vt 0.560276 0.526877
vt 0.699168 0.143518
vt 0.699140 0.143460
vt 0.560040 0.496083
vt 0.560059 0.496062
vt 0.560119 0.496072
vt 0.728524 0.279866
vt 0.728552 0.279910
vt 0.728579 0.279866
vt 0.560251 0.526828
vt 0.560313 0.526819
vt 0.560329 0.526839
vt 0.649759 0.005384
vt 0.649799 0.005347
vt 0.649787 0.005394
vt 0.649808 0.005287
vt 0.649823 0.005340
vt 0.559995 0.496031
vt 0.560018 0.496015
vt 0.560077 0.496043
vt 0.431701 0.682321
vt 0.431730 0.682361
vt 0.431702 0.682369
vt 0.431756 0.682321
vt 0.431757 0.682369
vt 0.560293 0.526799
vt 0.560353 0.526771
vt 0.560373 0.526787
vt 0.649770 0.005340
vt 0.649814 0.005216
vt 0.649832 0.005282
vt 0.559961 0.495966
vt 0.559987 0.495955
vt 0.560040 0.496000
vt 0.431700 0.682263
vt 0.431729 0.682316
vt 0.431755 0.682263
vt 0.560328 0.526756
vt 0.560383 0.526712
vt 0.560406 0.526722
vt 0.649779 0.005282
vt 0.649817 0.005140
vt 0.649838 0.005214
vt 0.559940 0.495894
vt 0.559968 0.495888
vt 0.560012 0.495946
vt 0.431700 0.682198
vt 0.431728 0.682260
vt 0.431754 0.682198
vt 0.560356 0.526702
vt 0.560401 0.526644
vt 0.560426 0.526650
vt 0.649785 0.005213
vt 0.649841 0.005139
vt 0.559994 0.495884
vt 0.431728 0.682198
vt 0.560373 0.526640
vt 0.649788 0.005139
vt 0.659735 0.349666
vt 0.659754 0.349598
vt 0.659759 0.349669
vt 0.559948 0.485502
vt 0.560001 0.485444
vt 0.559974 0.485509
vt 0.560024 0.485458
vt 0.560000 0.485518
vt 0.679467 0.331911
vt 0.679495 0.331856
vt 0.679494 0.331914
vt 0.679521 0.331911
vt 0.560389 0.505997
vt 0.560425 0.506061
vt 0.560396 0.506062
vt 0.560418 0.505992
vt 0.560450 0.506062
vt 0.659701 0.349598
vt 0.659706 0.349669
vt 0.659730 0.349593
vt 0.659746 0.349535
vt 0.559976 0.485432
vt 0.560039 0.485388
vt 0.560059 0.485406
vt 0.679467 0.331851
vt 0.679496 0.331805
vt 0.679522 0.331851
vt 0.560371 0.505937
vt 0.560398 0.505926
vt 0.560442 0.505987
vt 0.659693 0.349534
vt 0.267835 0.692044
vt 0.267808 0.692102
vt 0.267808 0.692053
vt 0.560017 0.485371
vt 0.560086 0.485342
vt 0.560102 0.485364
vt 0.679469 0.331798
vt 0.679497 0.331764
vt 0.679523 0.331798
vt 0.560342 0.505884
vt 0.560366 0.505868
vt 0.560421 0.505916
vt 0.659683 0.349482
vt 0.659722 0.349528
vt 0.267835 0.692094
vt 0.267808 0.692159
vt 0.560069 0.485321
vt 0.560140 0.485310
vt 0.560150 0.485335
vt 0.440048 0.722260
vt 0.440075 0.722208
vt 0.440075 0.722252
vt 0.440102 0.722260
vt 0.560305 0.505843
vt 0.560324 0.505822
vt 0.560386 0.505853
vt 0.267863 0.692159
vt 0.267863 0.692102
vt 0.267835 0.692154
vt 0.267808 0.692223
vt 0.560128 0.485285
vt 0.560197 0.485293
vt 0.560201 0.485321
vt 0.440048 0.722213
vt 0.440075 0.722161
vt 0.440102 0.722213
vt 0.560261 0.505814
vt 0.560275 0.505789
vt 0.560340 0.505801
vt 0.267863 0.692223
vt 0.267835 0.692220
vt 0.267808 0.692288
vt 0.560193 0.485267
vt 0.560255 0.485293
vt 0.560250 0.485321
vt 0.440048 0.722163
vt 0.440075 0.722115
vt 0.440102 0.722163
vt 0.560215 0.505799
vt 0.560220 0.505772
vt 0.560284 0.505765
vt 0.267863 0.692288
vt 0.267835 0.692289
vt 0.267808 0.692351
vt 0.560319 0.485286
vt 0.560258 0.485267
vt 0.560309 0.485310
vt 0.440048 0.722114
vt 0.440075 0.722071
vt 0.440102 0.722114
vt 0.560165 0.505772
vt 0.560159 0.505746
vt 0.560223 0.505746
vt 0.267863 0.692351
vt 0.267835 0.692414
vt 0.267835 0.692355
vt 0.560373 0.485322
vt 0.560356 0.485342
vt 0.560296 0.485335
vt 0.440048 0.722024
vt 0.440048 0.722067
vt 0.440102 0.722024
vt 0.440102 0.722067
vt 0.560167 0.505799
vt 0.560110 0.505789
vt 0.560097 0.505765
vt 0.120680 0.661692
vt 0.120650 0.661648
vt 0.120678 0.661640
vt 0.560417 0.485374
vt 0.560394 0.485388
vt 0.560337 0.485362
vt 0.440048 0.721989
vt 0.440075 0.722032
vt 0.443844 0.671845
vt 0.443808 0.671875
vt 0.443816 0.671836
vt 0.560120 0.505814
vt 0.560061 0.505822
vt 0.560042 0.505801
vt 0.120705 0.661648
vt 0.120681 0.661757
vt 0.120652 0.661699
vt 0.560446 0.485436
vt 0.560421 0.485444
vt 0.560371 0.485403
vt 0.443855 0.671925
vt 0.443837 0.671882
vt 0.443861 0.671876
vt 0.443802 0.671925
vt 0.560077 0.505843
vt 0.560019 0.505868
vt 0.559996 0.505853
vt 0.120707 0.661699
vt 0.120682 0.661830
vt 0.120653 0.661761
vt 0.560462 0.485507
vt 0.560435 0.485509
vt 0.560395 0.485454
vt 0.443851 0.671983
vt 0.443831 0.671929
vt 0.443798 0.671983
vt 0.560040 0.505884
vt 0.559988 0.505926
vt 0.559961 0.505916
vt 0.120708 0.661761
vt 0.120682 0.661906
vt 0.120654 0.661831
vt 0.560462 0.485581
vt 0.560436 0.485577
vt 0.560408 0.485512
vt 0.443849 0.672046
vt 0.443827 0.671985
vt 0.443796 0.672046
vt 0.560011 0.505937
vt 0.559968 0.505992
vt 0.559940 0.505987
vt 0.120709 0.661831
vt 0.120682 0.661982
vt 0.120654 0.661905
vt 0.560447 0.485655
vt 0.560422 0.485646
vt 0.560408 0.485575
vt 0.443851 0.672110
vt 0.443825 0.672046
vt 0.443798 0.672110
vt 0.559993 0.505997
vt 0.559962 0.506061
vt 0.559933 0.506062
vt 0.120709 0.661905
vt 0.120653 0.662050
vt 0.120654 0.661979
vt 0.560395 0.485711
vt 0.560371 0.485698
vt 0.560395 0.485639
vt 0.443831 0.672166
vt 0.443827 0.672107
vt 0.559993 0.506126
vt 0.559987 0.506062
vt 0.559969 0.506131
vt 0.120708 0.662049
vt 0.120709 0.661979
vt 0.120681 0.662055
vt 0.120652 0.662112
vt 0.560419 0.485724
vt 0.560357 0.485768
vt 0.560336 0.485751
vt 0.443855 0.672171
vt 0.443837 0.672218
vt 0.443802 0.672171
vt 0.560012 0.506186
vt 0.559988 0.506197
vt 0.559940 0.506137
vt 0.120707 0.662112
vt 0.120680 0.662119
vt 0.120650 0.662163
vt 0.560377 0.485786
vt 0.560310 0.485813
vt 0.560293 0.485792
vt 0.043527 0.722265
vt 0.043554 0.722217
vt 0.043554 0.722256
vt 0.443845 0.672260
vt 0.443808 0.672225
vt 0.560040 0.506239
vt 0.560020 0.506255
vt 0.559962 0.506208
vt 0.120705 0.662163
vt 0.345360 0.692043
vt 0.345333 0.692109
vt 0.345333 0.692051
vt 0.560326 0.485836
vt 0.560256 0.485845
vt 0.560244 0.485821
vt 0.043527 0.722224
vt 0.043554 0.722172
vt 0.043582 0.722224
vt 0.560078 0.506281
vt 0.560062 0.506301
vt 0.559997 0.506271
vt 0.345388 0.692109
vt 0.345388 0.692051
vt 0.345360 0.692104
vt 0.345333 0.692172
vt 0.560266 0.485871
vt 0.560199 0.485862
vt 0.560194 0.485836
vt 0.043527 0.722177
vt 0.043554 0.722126
vt 0.043582 0.722177
vt 0.560121 0.506309
vt 0.560112 0.506334
vt 0.560043 0.506322
vt 0.345388 0.692172
vt 0.345360 0.692170
vt 0.345333 0.692237
vt 0.560202 0.485889
vt 0.560142 0.485862
vt 0.560145 0.485836
vt 0.043527 0.722128
vt 0.043554 0.722080
vt 0.043582 0.722128
vt 0.560168 0.506324
vt 0.560166 0.506351
vt 0.560098 0.506359
vt 0.345388 0.692237
vt 0.345360 0.692239
vt 0.345333 0.692300
vt 0.560075 0.485871
vt 0.560137 0.485889
vt 0.560088 0.485845
vt 0.043527 0.722079
vt 0.043554 0.722036
vt 0.043582 0.722079
vt 0.560222 0.506351
vt 0.560224 0.506378
vt 0.560160 0.506378
vt 0.345388 0.692300
vt 0.345360 0.692363
vt 0.345360 0.692304
vt 0.560021 0.485834
vt 0.560040 0.485813
vt 0.560099 0.485822
vt 0.043527 0.721989
vt 0.043527 0.722032
vt 0.043582 0.721989
vt 0.043582 0.722032
vt 0.560216 0.506324
vt 0.560276 0.506334
vt 0.560286 0.506359
vt 0.345360 0.692410
vt 0.345333 0.692356
vt 0.559978 0.485783
vt 0.560002 0.485768
vt 0.560058 0.485794
vt 0.679469 0.332147
vt 0.679497 0.332178
vt 0.679470 0.332187
vt 0.679523 0.332147
vt 0.679524 0.332187
vt 0.560262 0.506309
vt 0.560325 0.506301
vt 0.560341 0.506322
vt 0.659683 0.349998
vt 0.659722 0.349955
vt 0.659711 0.350007
vt 0.659730 0.349891
vt 0.659746 0.349949
vt 0.559949 0.485720
vt 0.559975 0.485711
vt 0.560024 0.485754
vt 0.679467 0.332097
vt 0.679496 0.332141
vt 0.679522 0.332097
vt 0.560306 0.506281
vt 0.560367 0.506255
vt 0.560387 0.506271
vt 0.659693 0.349948
vt 0.659735 0.349819
vt 0.659754 0.349888
vt 0.559933 0.485650
vt 0.559961 0.485646
vt 0.560000 0.485703
vt 0.679467 0.332038
vt 0.679495 0.332093
vt 0.679521 0.332038
vt 0.560343 0.506239
vt 0.560398 0.506197
vt 0.560421 0.506208
vt 0.659701 0.349887
vt 0.659736 0.349743
vt 0.659759 0.349818
vt 0.559933 0.485575
vt 0.559961 0.485578
vt 0.559987 0.485644
vt 0.679467 0.331975
vt 0.679494 0.332037
vt 0.679521 0.331975
vt 0.560372 0.506186
vt 0.560418 0.506131
vt 0.560443 0.506137
vt 0.659706 0.349817
vt 0.659760 0.349744
vt 0.559987 0.485581
vt 0.679494 0.331976
vt 0.560390 0.506126
vt 0.659707 0.349743
vt 0.111804 0.761406
vt 0.111836 0.761607
vt 0.111804 0.761606
vt 0.806484 0.121947
vt 0.806445 0.122139
vt 0.806445 0.121944
vt 0.547369 0.800728
vt 0.547410 0.800928
vt 0.547369 0.800928
vt 0.806486 0.151236
vt 0.806445 0.151429
vt 0.806445 0.151235
vt 0.111769 0.761407
vt 0.111769 0.761607
vt 0.573450 0.908221
vt 0.573411 0.908233
vt 0.573387 0.908199
vt 0.563743 0.908166
vt 0.563783 0.908179
vt 0.563783 0.908219
vt 0.121475 0.761406
vt 0.121505 0.761610
vt 0.121475 0.761607
vt 0.780432 0.830165
vt 0.780465 0.830314
vt 0.780432 0.830327
vt 0.508649 0.800728
vt 0.508609 0.800931
vt 0.508609 0.800728
vt 0.835585 0.063131
vt 0.835623 0.063286
vt 0.835585 0.063293
vt 0.121441 0.761409
vt 0.121441 0.761609
vt 0.332596 0.917924
vt 0.332617 0.917891
vt 0.332651 0.917893
vt 0.255552 0.917952
vt 0.255521 0.917952
vt 0.255511 0.917914
vt 0.718817 0.310359
vt 0.718784 0.310628
vt 0.718784 0.310357
vt 0.728524 0.653253
vt 0.728563 0.653516
vt 0.728524 0.653519
vt 0.728566 0.348714
vt 0.728524 0.348984
vt 0.728524 0.348714
vt 0.728524 0.525326
vt 0.728566 0.525592
vt 0.728524 0.525593
vt 0.718749 0.310629
vt 0.718749 0.310359
vt 0.457637 0.908220
vt 0.457598 0.908233
vt 0.457573 0.908199
vt 0.467242 0.908200
vt 0.467306 0.908179
vt 0.467306 0.908220
vt 0.728557 0.485943
vt 0.728589 0.486189
vt 0.728557 0.486187
vt 0.777300 0.180590
vt 0.777262 0.180812
vt 0.777262 0.180597
vt 0.597438 0.741793
vt 0.597477 0.742037
vt 0.597438 0.742037
vt 0.777302 0.121895
vt 0.777262 0.122116
vt 0.777262 0.121896
vt 0.728524 0.485945
vt 0.728524 0.486189
vt 0.913175 0.614867
vt 0.913152 0.614899
vt 0.913116 0.614891
vt 0.913171 0.605184
vt 0.913171 0.605224
vt 0.913137 0.605234
vt 0.161076 0.254908
vt 0.159870 0.259097
vt 0.159870 0.254908
vt 0.150265 0.254908
vt 0.149058 0.259097
vt 0.149058 0.254908
vt 0.411202 0.110184
vt 0.412071 0.111384
vt 0.411202 0.111388
vt 0.270653 0.164057
vt 0.271525 0.168142
vt 0.270653 0.168144
vt 0.411202 0.167666
vt 0.412072 0.168852
vt 0.411202 0.168859
vt 0.271524 0.023035
vt 0.270653 0.018848
vt 0.271524 0.018849
vt 0.093737 0.315729
vt 0.092983 0.312881
vt 0.093737 0.312881
vt 0.072266 0.312881
vt 0.073020 0.315729
vt 0.072266 0.315729
vt 0.314766 0.097480
vt 0.315435 0.100318
vt 0.314766 0.100321
vt 0.025286 0.448014
vt 0.025956 0.448749
vt 0.025286 0.448750
vt 0.314766 0.198370
vt 0.315435 0.201181
vt 0.314766 0.201186
vt 0.443323 0.296893
vt 0.442654 0.296139
vt 0.443323 0.296139
vt 0.188537 0.368185
vt 0.188454 0.365337
vt 0.188537 0.365337
vt 0.178765 0.365337
vt 0.178849 0.368185
vt 0.178765 0.368185
vt 0.345913 0.232666
vt 0.346281 0.235506
vt 0.345913 0.235507
vt 0.689315 0.224110
vt 0.689397 0.223742
vt 0.689397 0.224110
vt 0.345913 0.257563
vt 0.346281 0.260376
vt 0.345913 0.260379
vt 0.689315 0.134222
vt 0.689399 0.133854
vt 0.689399 0.134222
vt 0.336308 0.278748
vt 0.335554 0.276235
vt 0.336308 0.276235
vt 0.335554 0.251999
vt 0.336308 0.254512
vt 0.335554 0.254512
vt 0.305707 0.339523
vt 0.306376 0.342027
vt 0.305707 0.342030
vt 0.035561 0.448014
vt 0.036231 0.448749
vt 0.035561 0.448750
vt 0.345913 0.157797
vt 0.346582 0.160276
vt 0.345913 0.160282
vt 0.443323 0.307252
vt 0.442654 0.306498
vt 0.443323 0.306498
vt 0.363429 0.380424
vt 0.363346 0.377910
vt 0.363429 0.377910
vt 0.353657 0.377910
vt 0.353741 0.380424
vt 0.353657 0.380424
vt 0.149131 0.365338
vt 0.149499 0.367844
vt 0.149131 0.367845
vt 0.689315 0.234084
vt 0.689397 0.233715
vt 0.689397 0.234084
vt 0.207831 0.365339
vt 0.208199 0.367822
vt 0.207831 0.367825
vt 0.689315 0.144196
vt 0.689399 0.143827
vt 0.689399 0.144196
vt 0.104096 0.315729
vt 0.103342 0.312881
vt 0.104096 0.312881
vt 0.082624 0.312881
vt 0.083378 0.315729
vt 0.082624 0.315729
vt 0.314766 0.109929
vt 0.315435 0.112768
vt 0.314766 0.112770
vt 0.045836 0.448014
vt 0.046506 0.448749
vt 0.045836 0.448750
vt 0.314766 0.210796
vt 0.315435 0.213607
vt 0.314766 0.213613
vt 0.443323 0.317611
vt 0.442654 0.316857
vt 0.443323 0.316857
vt 0.198226 0.368185
vt 0.198142 0.365337
vt 0.198226 0.365337
vt 0.169076 0.365337
vt 0.169160 0.368185
vt 0.169076 0.368185
vt 0.345913 0.245113
vt 0.346281 0.247953
vt 0.345913 0.247955
vt 0.689315 0.244057
vt 0.689397 0.243689
vt 0.689397 0.244057
vt 0.345913 0.269987
vt 0.346281 0.272800
vt 0.345913 0.272803
vt 0.689315 0.154169
vt 0.689399 0.153801
vt 0.689399 0.154169
vt 0.336308 0.290866
vt 0.335554 0.288353
vt 0.336308 0.288353
vt 0.335554 0.264117
vt 0.336308 0.266630
vt 0.335554 0.266630
vt 0.315981 0.339523
vt 0.316650 0.342027
vt 0.315981 0.342030
vt 0.056111 0.448014
vt 0.056781 0.448749
vt 0.056111 0.448750
vt 0.345913 0.169892
vt 0.346582 0.172372
vt 0.345913 0.172377
vt 0.443323 0.327970
vt 0.442654 0.327216
vt 0.443323 0.327217
vt 0.379004 0.007316
vt 0.378920 0.004802
vt 0.379004 0.004802
vt 0.343968 0.377910
vt 0.344052 0.380424
vt 0.343968 0.380424
vt 0.159103 0.365338
vt 0.159471 0.367844
vt 0.159103 0.367845
vt 0.689315 0.254031
vt 0.689397 0.253662
vt 0.689397 0.254031
vt 0.217804 0.365339
vt 0.218172 0.367822
vt 0.217804 0.367825
vt 0.689315 0.164143
vt 0.689399 0.163774
vt 0.689399 0.164142
vt 0.420700 0.732116
vt 0.420630 0.732040
vt 0.420708 0.732042
vt 0.140701 0.800806
vt 0.140650 0.800732
vt 0.140716 0.800728
vt 0.140650 0.800891
vt 0.140634 0.800809
vt 0.738290 0.024627
vt 0.738366 0.024693
vt 0.738287 0.024693
vt 0.738369 0.024543
vt 0.738369 0.024627
vt 0.738287 0.024478
vt 0.738290 0.024542
vt 0.893762 0.266485
vt 0.893824 0.266399
vt 0.893824 0.266484
vt 0.420708 0.731959
vt 0.420622 0.731902
vt 0.420700 0.731904
vt 0.420630 0.731957
vt 0.034403 0.692248
vt 0.034271 0.692249
vt 0.034225 0.692098
vt 0.689401 0.682001
vt 0.689401 0.681768
vt 0.689518 0.681866
vt 0.440082 0.732116
vt 0.440011 0.732040
vt 0.440089 0.732042
vt 0.150388 0.800806
vt 0.150337 0.800732
vt 0.150403 0.800728
vt 0.150337 0.800891
vt 0.150321 0.800809
vt 0.738290 0.034447
vt 0.738366 0.034513
vt 0.738287 0.034512
vt 0.738369 0.034362
vt 0.738369 0.034447
vt 0.738287 0.034298
vt 0.738290 0.034362
vt 0.893763 0.276175
vt 0.893824 0.276090
vt 0.893824 0.276174
vt 0.440089 0.731959
vt 0.440003 0.731902
vt 0.440082 0.731904
vt 0.440011 0.731957
vt 0.054043 0.692178
vt 0.053841 0.692176
vt 0.053927 0.692044
vt 0.044211 0.692224
vt 0.044149 0.692276
vt 0.044033 0.692223
vt 0.430391 0.732116
vt 0.430320 0.732040
vt 0.430398 0.732042
vt 0.160075 0.800806
vt 0.160024 0.800732
vt 0.160090 0.800728
vt 0.160024 0.800891
vt 0.160008 0.800809
vt 0.738290 0.044267
vt 0.738366 0.044332
vt 0.738287 0.044332
vt 0.738369 0.044182
vt 0.738369 0.044267
vt 0.738287 0.044117
vt 0.738290 0.044182
vt 0.893763 0.285865
vt 0.893824 0.285780
vt 0.893824 0.285865
vt 0.430398 0.731959
vt 0.430313 0.731902
vt 0.430391 0.731904
vt 0.430320 0.731957
vt 0.024464 0.692044
vt 0.024596 0.692096
vt 0.024464 0.692249
vt 0.689486 0.572472
vt 0.689359 0.572490
vt 0.689427 0.572267
vt 0.806524 0.004962
vt 0.806445 0.004883
vt 0.806524 0.004883
vt 0.489302 0.800808
vt 0.489251 0.800728
vt 0.489317 0.800729
vt 0.489251 0.800888
vt 0.489235 0.800808
vt 0.469038 0.732040
vt 0.469110 0.732115
vt 0.469032 0.732113
vt 0.469117 0.731958
vt 0.469117 0.732042
vt 0.469032 0.731902
vt 0.469038 0.731956
vt 0.004862 0.800728
vt 0.004821 0.800821
vt 0.004802 0.800739
vt 0.004862 0.800885
vt 0.004881 0.800811
vt 0.806445 0.004802
vt 0.806524 0.004802
vt 0.014634 0.692072
vt 0.014767 0.692071
vt 0.014813 0.692223
vt 0.689315 0.582202
vt 0.689359 0.582134
vt 0.689486 0.582153
vt 0.806524 0.024490
vt 0.806445 0.024412
vt 0.806524 0.024412
vt 0.498989 0.800808
vt 0.498938 0.800728
vt 0.499004 0.800729
vt 0.498938 0.800888
vt 0.498922 0.800808
vt 0.478729 0.732040
vt 0.478800 0.732115
vt 0.478722 0.732113
vt 0.478807 0.731958
vt 0.478807 0.732041
vt 0.478722 0.731902
vt 0.478729 0.731956
vt 0.796776 0.788488
vt 0.796735 0.788581
vt 0.796716 0.788498
vt 0.796776 0.788644
vt 0.796795 0.788571
vt 0.806445 0.024331
vt 0.806524 0.024331
vt 0.004802 0.692143
vt 0.005005 0.692143
vt 0.004920 0.692277
vt 0.063765 0.692043
vt 0.063765 0.692276
vt 0.063648 0.692178
vt 0.806524 0.014726
vt 0.806445 0.014648
vt 0.806524 0.014648
vt 0.479615 0.800808
vt 0.479564 0.800728
vt 0.479630 0.800729
vt 0.479564 0.800888
vt 0.479548 0.800808
vt 0.488419 0.732040
vt 0.488490 0.732115
vt 0.488412 0.732113
vt 0.488497 0.731958
vt 0.488497 0.732042
vt 0.488412 0.731902
vt 0.488419 0.731956
vt 0.014546 0.800728
vt 0.014505 0.800821
vt 0.014486 0.800739
vt 0.014546 0.800885
vt 0.014565 0.800811
vt 0.806445 0.014567
vt 0.806524 0.014567
vt 0.689413 0.632182
vt 0.689315 0.632080
vt 0.689500 0.631996
vt 0.073659 0.692177
vt 0.073573 0.692276
vt 0.073456 0.692178
vt 0.412157 0.212459
vt 0.411202 0.213565
vt 0.411202 0.212459
vt 0.412157 0.201748
vt 0.411202 0.202854
vt 0.411202 0.201748
vt 0.432311 0.184406
vt 0.433014 0.185356
vt 0.432311 0.185358
vt 0.421822 0.321321
vt 0.422525 0.322399
vt 0.421822 0.322400
vt 0.432311 0.227914
vt 0.433014 0.228853
vt 0.432311 0.228858
vt 0.422525 0.209687
vt 0.421822 0.208581
vt 0.422525 0.208582
vt 0.380076 0.116750
vt 0.378920 0.115477
vt 0.380076 0.115477
vt 0.378920 0.104599
vt 0.380076 0.105872
vt 0.378920 0.105872
vt 0.024455 0.557075
vt 0.024466 0.558345
vt 0.024455 0.558345
vt 0.265060 0.567950
vt 0.265072 0.569078
vt 0.265060 0.569078
vt 0.064192 0.557075
vt 0.064204 0.558334
vt 0.064192 0.558334
vt 0.065511 0.569105
vt 0.065500 0.567950
vt 0.065511 0.567950
vt 0.796716 0.778882
vt 0.796760 0.778721
vt 0.796760 0.778882
vt 0.748120 0.043941
vt 0.748155 0.043779
vt 0.748155 0.043940
vt 0.748076 0.043941
vt 0.748120 0.043780
vt 0.748039 0.043940
vt 0.748076 0.043780
vt 0.796759 0.749530
vt 0.796800 0.749370
vt 0.796800 0.749530
vt 0.796716 0.749530
vt 0.796759 0.749369
vt 0.748123 0.505215
vt 0.748153 0.505054
vt 0.748153 0.505215
vt 0.748080 0.505215
vt 0.748123 0.505054
vt 0.748039 0.505215
vt 0.748080 0.505054
vt 0.796800 0.778722
vt 0.796800 0.778883
vt 0.723661 0.741842
vt 0.723730 0.741792
vt 0.723799 0.741842
vt 0.713946 0.741923
vt 0.713920 0.741842
vt 0.713988 0.741792
vt 0.275661 0.869302
vt 0.275698 0.869297
vt 0.275697 0.869315
vt 0.534294 0.985571
vt 0.534273 0.985546
vt 0.534294 0.985546
vt 0.352791 0.869296
vt 0.352827 0.869303
vt 0.352791 0.869315
vt 0.275639 0.869271
vt 0.275673 0.869288
vt 0.932437 0.333656
vt 0.932460 0.333678
vt 0.932440 0.333678
vt 0.352817 0.869288
vt 0.352849 0.869272
vt 0.275639 0.869233
vt 0.275658 0.869265
vt 0.932437 0.333629
vt 0.932457 0.333656
vt 0.352833 0.869239
vt 0.352833 0.869266
vt 0.275673 0.869216
vt 0.275658 0.869238
vt 0.932440 0.333607
vt 0.932457 0.333629
vt 0.352817 0.869217
vt 0.352849 0.869234
vt 0.275661 0.869203
vt 0.275698 0.869208
vt 0.543919 0.985571
vt 0.543899 0.985546
vt 0.543919 0.985546
vt 0.352791 0.869208
vt 0.352827 0.869203
vt 0.634526 0.681958
vt 0.634499 0.682394
vt 0.634499 0.681958
vt 0.644157 0.681958
vt 0.644131 0.682394
vt 0.644131 0.681958
vt 0.091667 0.662208
vt 0.091694 0.661640
vt 0.091694 0.662208
vt 0.570067 0.442623
vt 0.570492 0.442054
vt 0.570492 0.442624
vt 0.082036 0.662208
vt 0.082062 0.661640
vt 0.082062 0.662209
vt 0.570067 0.401459
vt 0.570502 0.400889
vt 0.570502 0.401459
vt 0.266895 0.771376
vt 0.266940 0.771215
vt 0.266939 0.771375
vt 0.334893 0.771374
vt 0.334945 0.771215
vt 0.334935 0.771374
vt 0.334841 0.771215
vt 0.334894 0.771216
vt 0.140709 0.771375
vt 0.140760 0.771216
vt 0.140751 0.771376
vt 0.140656 0.771216
vt 0.140710 0.771215
vt 0.616427 0.771374
vt 0.616476 0.771215
vt 0.616465 0.771374
vt 0.616374 0.771215
vt 0.616430 0.771215
vt 0.266988 0.771216
vt 0.266979 0.771376
vt 0.459787 0.810584
vt 0.459820 0.810551
vt 0.459866 0.810551
vt 0.757783 0.316679
vt 0.757879 0.316639
vt 0.757919 0.316735
vt 0.305726 0.771376
vt 0.305772 0.771215
vt 0.305771 0.771375
vt 0.344602 0.771374
vt 0.344654 0.771215
vt 0.344644 0.771374
vt 0.344550 0.771215
vt 0.344603 0.771216
vt 0.150418 0.771375
vt 0.150469 0.771216
vt 0.150459 0.771376
vt 0.150374 0.771376
vt 0.150418 0.771215
vt 0.655254 0.771374
vt 0.655303 0.771215
vt 0.655292 0.771374
vt 0.655201 0.771215
vt 0.655257 0.771215
vt 0.305820 0.771216
vt 0.305811 0.771376
vt 0.469615 0.810584
vt 0.469615 0.810630
vt 0.469582 0.810663
vt 0.757783 0.326420
vt 0.757879 0.326380
vt 0.757919 0.326476
vt 0.315434 0.771376
vt 0.315480 0.771215
vt 0.315479 0.771375
vt 0.393148 0.771374
vt 0.393200 0.771215
vt 0.393190 0.771374
vt 0.393096 0.771215
vt 0.393148 0.771216
vt 0.179545 0.771375
vt 0.179596 0.771216
vt 0.179586 0.771376
vt 0.179492 0.771216
vt 0.179545 0.771215
vt 0.626134 0.771374
vt 0.626183 0.771215
vt 0.626172 0.771374
vt 0.626081 0.771215
vt 0.626137 0.771215
vt 0.315528 0.771216
vt 0.315519 0.771376
vt 0.479220 0.810584
vt 0.479252 0.810551
vt 0.479299 0.810551
vt 0.757783 0.336161
vt 0.757879 0.336121
vt 0.757919 0.336217
vt 0.276603 0.771376
vt 0.276648 0.771215
vt 0.276647 0.771375
vt 0.354311 0.771374
vt 0.354363 0.771215
vt 0.354353 0.771374
vt 0.354259 0.771215
vt 0.354312 0.771216
vt 0.160127 0.771375
vt 0.160178 0.771216
vt 0.160168 0.771376
vt 0.160083 0.771376
vt 0.160127 0.771215
vt 0.635841 0.771374
vt 0.635889 0.771215
vt 0.635878 0.771374
vt 0.635788 0.771215
vt 0.635843 0.771215
vt 0.276696 0.771216
vt 0.276687 0.771376
vt 0.489047 0.810584
vt 0.489047 0.810630
vt 0.489015 0.810663
vt 0.757783 0.345902
vt 0.757879 0.345862
vt 0.757919 0.345958
vt 0.286355 0.771375
vt 0.286301 0.771216
vt 0.286356 0.771215
vt 0.364063 0.771374
vt 0.364021 0.771216
vt 0.364073 0.771215
vt 0.363977 0.771374
vt 0.364021 0.771374
vt 0.169836 0.771375
vt 0.169887 0.771216
vt 0.169877 0.771376
vt 0.169783 0.771216
vt 0.169836 0.771215
vt 0.664998 0.771374
vt 0.664963 0.771215
vt 0.665009 0.771215
vt 0.664915 0.771374
vt 0.664960 0.771374
vt 0.286404 0.771216
vt 0.286395 0.771376
vt 0.498685 0.810551
vt 0.498764 0.810584
vt 0.498731 0.810663
vt 0.757919 0.355643
vt 0.757919 0.355699
vt 0.757783 0.355643
vt 0.296063 0.771375
vt 0.296009 0.771216
vt 0.296064 0.771215
vt 0.402899 0.771374
vt 0.402857 0.771216
vt 0.402909 0.771215
vt 0.402814 0.771374
vt 0.402857 0.771374
vt 0.189254 0.771375
vt 0.189304 0.771216
vt 0.189295 0.771376
vt 0.189200 0.771216
vt 0.189254 0.771215
vt 0.645585 0.771374
vt 0.645550 0.771215
vt 0.645596 0.771215
vt 0.645502 0.771374
vt 0.645547 0.771374
vt 0.296112 0.771216
vt 0.296103 0.771376
vt 0.440387 0.810663
vt 0.440354 0.810584
vt 0.440433 0.810551
vt 0.757879 0.365344
vt 0.757919 0.365384
vt 0.757783 0.365440
vt 0.257231 0.771375
vt 0.257177 0.771216
vt 0.257232 0.771215
vt 0.373772 0.771374
vt 0.373730 0.771216
vt 0.373782 0.771215
vt 0.373686 0.771374
vt 0.373730 0.771374
vt 0.198963 0.771375
vt 0.199013 0.771216
vt 0.199004 0.771376
vt 0.198909 0.771216
vt 0.198963 0.771215
vt 0.674705 0.771374
vt 0.674670 0.771215
vt 0.674716 0.771215
vt 0.674621 0.771374
vt 0.674667 0.771374
vt 0.257280 0.771216
vt 0.257271 0.771376
vt 0.508401 0.810551
vt 0.508480 0.810584
vt 0.508447 0.810663
vt 0.757783 0.375125
vt 0.757823 0.375085
vt 0.757879 0.375221
vt 0.325187 0.771375
vt 0.325133 0.771216
vt 0.325188 0.771215
vt 0.383481 0.771374
vt 0.383439 0.771216
vt 0.383491 0.771215
vt 0.383395 0.771374
vt 0.383439 0.771374
vt 0.131000 0.771375
vt 0.131051 0.771216
vt 0.131042 0.771376
vt 0.130947 0.771216
vt 0.131001 0.771215
vt 0.684411 0.771374
vt 0.684376 0.771215
vt 0.684422 0.771215
vt 0.684328 0.771374
vt 0.684373 0.771374
vt 0.325236 0.771216
vt 0.325227 0.771376
vt 0.450103 0.810663
vt 0.450071 0.810584
vt 0.450150 0.810551
vt 0.757783 0.384866
vt 0.757823 0.384826
vt 0.757879 0.384963
vt 0.422492 0.016820
vt 0.421822 0.015614
vt 0.422492 0.015614
vt 0.421822 0.004802
vt 0.422492 0.006009
vt 0.421822 0.006009
vt 0.240231 0.425406
vt 0.240757 0.426607
vt 0.240231 0.426609
vt 0.559933 0.165652
vt 0.560461 0.166305
vt 0.559933 0.166306
vt 0.270649 0.425408
vt 0.271176 0.426597
vt 0.270649 0.426601
vt 0.560461 0.113251
vt 0.559933 0.112580
vt 0.560461 0.112581
vt 0.217704 0.662125
vt 0.217757 0.661640
vt 0.217757 0.662125
vt 0.188667 0.662126
vt 0.188716 0.661640
vt 0.188716 0.662125
vt 0.188617 0.662125
vt 0.188667 0.661640
vt 0.198372 0.662125
vt 0.198420 0.661641
vt 0.198420 0.662126
vt 0.198321 0.662126
vt 0.198372 0.661640
vt 0.237116 0.662125
vt 0.237160 0.661640
vt 0.237160 0.662126
vt 0.237063 0.662126
vt 0.237116 0.661640
vt 0.217803 0.661641
vt 0.217803 0.662126
vt 0.777301 0.082956
vt 0.777354 0.082956
vt 0.777301 0.083086
vt 0.777354 0.073351
vt 0.777262 0.073313
vt 0.777301 0.073221
vt 0.492058 0.671836
vt 0.492046 0.672322
vt 0.492046 0.671836
vt 0.501674 0.671836
vt 0.501662 0.672322
vt 0.501662 0.671836
vt 0.689315 0.423241
vt 0.689327 0.422806
vt 0.689327 0.423241
vt 0.228740 0.589244
vt 0.229176 0.589717
vt 0.228740 0.589718
vt 0.689315 0.413201
vt 0.689327 0.412766
vt 0.689327 0.413201
vt 0.580549 0.442510
vt 0.580113 0.442024
vt 0.580549 0.442025
vt 0.767639 0.755493
vt 0.767527 0.755420
vt 0.767644 0.755420
vt 0.777262 0.366129
vt 0.777376 0.366162
vt 0.777264 0.366197
vt 0.777264 0.366052
vt 0.777375 0.366122
vt 0.728526 0.614181
vt 0.728633 0.614197
vt 0.728524 0.614239
vt 0.728526 0.614103
vt 0.728634 0.614163
vt 0.728633 0.614081
vt 0.728634 0.614117
vt 0.372439 0.791037
vt 0.372546 0.790970
vt 0.372545 0.791015
vt 0.372441 0.790961
vt 0.372545 0.790931
vt 0.767639 0.755347
vt 0.767524 0.755377
vt 0.689341 0.373493
vt 0.689408 0.373454
vt 0.689534 0.373526
vt 0.777317 0.034012
vt 0.777392 0.034056
vt 0.777278 0.034120
vt 0.777373 0.699483
vt 0.777263 0.699409
vt 0.777374 0.699411
vt 0.777376 0.200315
vt 0.777262 0.200282
vt 0.777374 0.200248
vt 0.777374 0.200392
vt 0.777264 0.200322
vt 0.091973 0.732039
vt 0.092064 0.732060
vt 0.091962 0.732099
vt 0.091973 0.731961
vt 0.092070 0.732024
vt 0.092064 0.731944
vt 0.092070 0.731978
vt 0.343410 0.790893
vt 0.343302 0.790960
vt 0.343304 0.790915
vt 0.343408 0.790970
vt 0.343304 0.791000
vt 0.777373 0.699337
vt 0.777262 0.699366
vt 0.689328 0.522556
vt 0.689315 0.522479
vt 0.689497 0.522412
vt 0.577538 0.771339
vt 0.577454 0.771324
vt 0.577454 0.771238
vt 0.004917 0.771361
vt 0.004806 0.771288
vt 0.004923 0.771288
vt 0.777264 0.336950
vt 0.777375 0.336875
vt 0.777376 0.336915
vt 0.777264 0.336805
vt 0.777262 0.336882
vt 0.728526 0.623983
vt 0.728633 0.624000
vt 0.728524 0.624041
vt 0.728526 0.623905
vt 0.728634 0.623965
vt 0.728633 0.623884
vt 0.728634 0.623919
vt 0.391866 0.790961
vt 0.391970 0.791015
vt 0.391863 0.791037
vt 0.391970 0.790931
vt 0.391971 0.790970
vt 0.004917 0.771215
vt 0.004802 0.771245
vt 0.689409 0.403161
vt 0.689342 0.403122
vt 0.689409 0.402939
vt 0.777391 0.004869
vt 0.777262 0.004890
vt 0.777292 0.004810
vt 0.777373 0.709234
vt 0.777263 0.709161
vt 0.777374 0.709162
vt 0.777374 0.209997
vt 0.777264 0.210071
vt 0.777262 0.210031
vt 0.777374 0.210141
vt 0.777376 0.210065
vt 0.101686 0.732039
vt 0.101777 0.732060
vt 0.101675 0.732099
vt 0.101686 0.731961
vt 0.101783 0.732024
vt 0.101777 0.731944
vt 0.101783 0.731978
vt 0.353120 0.790970
vt 0.353016 0.790915
vt 0.353122 0.790893
vt 0.353016 0.791000
vt 0.353015 0.790960
vt 0.777373 0.709088
vt 0.777262 0.709117
vt 0.689408 0.483086
vt 0.689341 0.483046
vt 0.689408 0.482864
vt 0.596937 0.771339
vt 0.596982 0.771215
vt 0.597037 0.771281
vt 0.767638 0.735991
vt 0.767527 0.735918
vt 0.767644 0.735918
vt 0.777262 0.346631
vt 0.777376 0.346664
vt 0.777264 0.346699
vt 0.777264 0.346554
vt 0.777375 0.346624
vt 0.728526 0.633785
vt 0.728633 0.633802
vt 0.728524 0.633843
vt 0.728526 0.633707
vt 0.728634 0.633767
vt 0.728633 0.633686
vt 0.728634 0.633722
vt 0.382151 0.791037
vt 0.382259 0.790970
vt 0.382257 0.791015
vt 0.382153 0.790961
vt 0.382257 0.790931
vt 0.767638 0.735844
vt 0.767524 0.735874
vt 0.689341 0.383322
vt 0.689408 0.383283
vt 0.689534 0.383355
vt 0.777391 0.024342
vt 0.777262 0.024363
vt 0.777292 0.024283
vt 0.777373 0.718986
vt 0.777263 0.718912
vt 0.777374 0.718913
vt 0.777376 0.219814
vt 0.777262 0.219781
vt 0.777374 0.219746
vt 0.777374 0.219891
vt 0.777264 0.219820
vt 0.111399 0.732039
vt 0.111489 0.732060
vt 0.111388 0.732099
vt 0.111399 0.731961
vt 0.111496 0.732024
vt 0.111489 0.731944
vt 0.111496 0.731978
vt 0.362834 0.790893
vt 0.362727 0.790961
vt 0.362728 0.790915
vt 0.362832 0.790970
vt 0.362728 0.791000
vt 0.777373 0.718839
vt 0.777262 0.718868
vt 0.689409 0.512559
vt 0.689535 0.512629
vt 0.689485 0.512766
vt 0.567833 0.771304
vt 0.567704 0.771281
vt 0.567759 0.771215
vt 0.767638 0.745742
vt 0.767527 0.745669
vt 0.767644 0.745669
vt 0.777264 0.356448
vt 0.777375 0.356373
vt 0.777376 0.356413
vt 0.777262 0.356380
vt 0.777376 0.356328
vt 0.728526 0.643587
vt 0.728633 0.643604
vt 0.728524 0.643645
vt 0.728526 0.643509
vt 0.728634 0.643570
vt 0.728633 0.643488
vt 0.728634 0.643524
vt 0.401578 0.790961
vt 0.401682 0.791015
vt 0.401576 0.791037
vt 0.401682 0.790931
vt 0.401683 0.790970
vt 0.767638 0.745596
vt 0.767524 0.745626
vt 0.689342 0.393295
vt 0.689315 0.393222
vt 0.689409 0.393112
vt 0.777391 0.014581
vt 0.777362 0.014662
vt 0.777278 0.014562
vt 0.777373 0.728737
vt 0.777263 0.728663
vt 0.777374 0.728665
vt 0.777374 0.229495
vt 0.777264 0.229570
vt 0.777262 0.229530
vt 0.777376 0.229563
vt 0.777262 0.229615
vt 0.121112 0.732039
vt 0.121202 0.732060
vt 0.121101 0.732099
vt 0.121112 0.731961
vt 0.121209 0.732024
vt 0.121202 0.731944
vt 0.121209 0.731978
vt 0.333696 0.790970
vt 0.333592 0.790915
vt 0.333698 0.790893
vt 0.333592 0.791000
vt 0.333590 0.790960
vt 0.777373 0.728591
vt 0.777262 0.728620
vt 0.689341 0.492874
vt 0.689315 0.492801
vt 0.689408 0.492691
vt 0.587247 0.771215
vt 0.587302 0.771281
vt 0.587173 0.771304
vt 0.718805 0.202841
vt 0.718753 0.202609
vt 0.718802 0.202608
vt 0.636295 0.702312
vt 0.636247 0.702079
vt 0.636286 0.702078
vt 0.636194 0.702313
vt 0.636251 0.702313
vt 0.636146 0.702312
vt 0.636197 0.702079
vt 0.718804 0.193002
vt 0.718849 0.192769
vt 0.718857 0.193003
vt 0.718755 0.192769
vt 0.718803 0.192768
vt 0.709098 0.073817
vt 0.709054 0.073582
vt 0.709087 0.073583
vt 0.709005 0.073817
vt 0.709060 0.073817
vt 0.708952 0.073817
vt 0.709005 0.073582
vt 0.718846 0.202609
vt 0.718856 0.202842
vt 0.708952 0.639326
vt 0.709094 0.639223
vt 0.709128 0.639326
vt 0.728601 0.172060
vt 0.728648 0.172076
vt 0.728601 0.172221
vt 0.212017 0.062519
vt 0.211619 0.064209
vt 0.211756 0.068937
vt 0.056826 0.085893
vt 0.211437 0.069233
vt 0.185617 0.237237
vt 0.184679 0.239717
vt 0.185431 0.237282
vt 0.184389 0.239582
vt 0.184295 0.236658
vt 0.183732 0.237074
vt 0.183975 0.239391
vt 0.610425 0.597428
vt 0.610242 0.597352
vt 0.610425 0.596874
vt 0.610426 0.301804
vt 0.610242 0.301701
vt 0.610426 0.301225
vt 0.008095 0.046742
vt 0.005956 0.046890
vt 0.005520 0.047538
vt 0.005355 0.047896
vt 0.005134 0.047863
vt 0.004968 0.047838
vt 0.004802 0.047813
vt 0.007667 0.065311
vt 0.004802 0.071291
vt 0.007606 0.071486
vt 0.031712 0.004802
vt 0.030854 0.006573
vt 0.029641 0.008590
vt 0.610242 0.576953
vt 0.610242 0.576271
vt 0.610307 0.576437
vt 0.028204 0.010061
vt 0.028093 0.010199
vt 0.185097 0.239916
vt 0.053281 0.088262
vt 0.027558 0.011337
vt 0.052511 0.088770
vt 0.052082 0.089131
vt 0.052062 0.089336
vt 0.051620 0.089650
vt 0.051603 0.089809
vt 0.335582 0.099818
vt 0.010325 0.005314
vt 0.010509 0.005546
vt 0.010720 0.005796
vt 0.021188 0.081091
vt 0.020941 0.087386
vt 0.021161 0.103247
vt 0.343476 0.355416
vt 0.343438 0.355582
vt 0.343438 0.352548
vt 0.129770 0.368104
vt 0.129740 0.368285
vt 0.129740 0.365337
vt 0.257350 0.368000
vt 0.257311 0.368190
vt 0.257311 0.365337
vt 0.276697 0.367924
vt 0.276615 0.368115
vt 0.276615 0.365337
vt 0.009283 0.009822
vt 0.007679 0.012446
vt 0.071878 0.023131
vt 0.071673 0.029190
vt 0.154980 0.078547
vt 0.154765 0.078562
vt 0.155191 0.078524
vt 0.158412 0.075804
vt 0.156034 0.078332
vt 0.157869 0.076918
vt 0.155462 0.078481
vt 0.155722 0.078423
vt 0.156767 0.077991
vt 0.156386 0.078193
vt 0.157519 0.077368
vt 0.157164 0.077708
vt 0.158167 0.076396
vt 0.158605 0.075140
vt 0.158817 0.073783
vt 0.158732 0.074490
vt 0.158605 0.072426
vt 0.158732 0.073076
vt 0.158167 0.071168
vt 0.158412 0.071762
vt 0.157519 0.070196
vt 0.157869 0.070646
vt 0.156767 0.069570
vt 0.157164 0.069855
vt 0.156034 0.069228
vt 0.156386 0.069367
vt 0.155722 0.069136
vt 0.154980 0.069011
vt 0.155191 0.069034
vt 0.154765 0.068995
vt 0.164935 0.218005
vt 0.234388 0.023238
vt 0.738287 0.387261
vt 0.738413 0.357776
vt 0.442654 0.231894
vt 0.452970 0.446842
vt 0.452970 0.134890
vt 0.154765 0.071476
vt 0.738287 0.377488
vt 0.738413 0.367548
vt 0.452970 0.124080
vt 0.004802 0.459024
vt 0.442654 0.264610
vt 0.116848 0.236725
vt 0.065896 0.240724
vt 0.014558 0.285431
vt 0.345913 0.094077
vt 0.281429 0.203797
vt 0.346048 0.210303
vt 0.292877 0.018495
vt 0.183877 0.289496
vt 0.024314 0.285431
vt 0.431912 0.771360
vt 0.281429 0.217673
vt 0.304495 0.791029
vt 0.112948 0.004828
vt 0.103342 0.069640
vt 0.180366 0.072724
vt 0.345913 0.017556
vt 0.152615 0.185359
vt 0.346060 0.058969
vt 0.190205 0.116930
vt 0.190322 0.084816
vt 0.180366 0.095364
vt 0.063137 0.761557
vt 0.162370 0.185359
vt 0.208618 0.771362
vt 0.100198 0.034028
vt 0.103343 0.092161
vt 0.180517 0.118004
vt 0.345913 0.030309
vt 0.180517 0.017838
vt 0.346063 0.007951
vt 0.180366 0.140645
vt 0.190322 0.107323
vt 0.180517 0.050083
vt 0.111702 0.771215
vt 0.180517 0.040478
vt 0.034103 0.761406
vt 0.237533 0.204076
vt 0.234388 0.185964
vt 0.281580 0.263572
vt 0.335990 0.339520
vt 0.281580 0.235820
vt 0.346060 0.046214
vt 0.064609 0.289640
vt 0.034069 0.285431
vt 0.004953 0.289702
vt 0.043708 0.761557
vt 0.281580 0.249696
vt 0.082600 0.771363
vt 0.247139 0.048178
vt 0.250272 0.019364
vt 0.345913 0.132311
vt 0.345913 0.081324
vt 0.345913 0.106830
vt 0.346063 0.071719
vt 0.123533 0.352548
vt 0.345913 0.282408
vt 0.345913 0.145051
vt 0.767641 0.647973
vt 0.345913 0.119570
vt 0.072859 0.761557
vt 0.124622 0.287871
vt 0.370013 0.436785
vt 0.679466 0.381787
vt 0.044454 0.459024
vt 0.679466 0.361907
vt 0.112948 0.027461
vt 0.124622 0.285433
vt 0.379953 0.436785
vt 0.679466 0.391727
vt 0.026321 0.132686
vt 0.679466 0.371847
vt 0.034849 0.460196
vt 0.094814 0.241099
vt 0.145102 0.236663
vt 0.139526 0.368120
vt 0.234847 0.270849
vt 0.270804 0.051244
vt 0.215488 0.275285
vt 0.259877 0.247343
vt 0.271342 0.004804
vt 0.590338 0.562152
vt 0.244602 0.270849
vt 0.225242 0.275285
vt 0.390332 0.328815
vt 0.390332 0.373481
vt 0.421972 0.221001
vt 0.620219 0.106380
vt 0.620368 0.117157
vt 0.264314 0.316567
vt 0.273994 0.316567
vt 0.295052 0.661640
vt 0.094158 0.285431
vt 0.314388 0.661640
vt 0.054385 0.289114
vt 0.738383 0.348150
vt 0.738400 0.210417
vt 0.738383 0.347973
vt 0.718749 0.693639
vt 0.423559 0.692043
vt 0.423727 0.692076
vt 0.217636 0.810551
vt 0.102167 0.682002
vt 0.102391 0.681959
vt 0.718749 0.693812
vt 0.189617 0.741879
vt 0.149891 0.810622
vt 0.092371 0.741798
vt 0.073081 0.681970
vt 0.738287 0.475558
vt 0.325904 0.692284
vt 0.092371 0.741970
vt 0.738287 0.054025
vt 0.806501 0.209961
vt 0.160553 0.741879
vt 0.092324 0.682186
vt 0.390875 0.888782
vt 0.199467 0.682199
vt 0.180012 0.741879
vt 0.732741 0.771382
vt 0.665608 0.712070
vt 0.404017 0.692043
vt 0.777286 0.141526
vt 0.014442 0.682004
vt 0.014667 0.681958
vt 0.665439 0.712091
vt 0.190205 0.062213
vt 0.180600 0.163259
vt 0.073278 0.172323
vt 0.570067 0.515902
vt 0.170761 0.104654
vt 0.570067 0.411064
vt 0.190205 0.039875
vt 0.190440 0.004802
vt 0.170761 0.082340
vt 0.570067 0.526278
vt 0.093993 0.172323
vt 0.570067 0.421440
vt 0.283272 0.033231
vt 0.283272 0.021280
vt 0.316321 0.148941
vt 0.195040 0.285431
vt 0.316322 0.186925
vt 0.113460 0.287775
vt 0.368657 0.006880
vt 0.354727 0.367414
vt 0.389746 0.202284
vt 0.294569 0.032048
vt 0.389746 0.213581
vt 0.253017 0.287507
vt 0.738344 0.279034
vt 0.738344 0.259586
vt 0.452971 0.015503
vt 0.384430 0.557075
vt 0.381656 0.448013
vt 0.519719 0.557075
vt 0.738287 0.288877
vt 0.738287 0.239899
vt 0.125772 0.448014
vt 0.394093 0.557075
vt 0.155318 0.448015
vt 0.529381 0.557075
vt 0.738344 0.298720
vt 0.738344 0.269429
vt 0.452971 0.026284
vt 0.403757 0.557075
vt 0.391474 0.448013
vt 0.539043 0.557075
vt 0.738287 0.308564
vt 0.738287 0.249742
vt 0.135600 0.448014
vt 0.413420 0.557075
vt 0.165144 0.448015
vt 0.548705 0.557075
vt 0.748097 0.387179
vt 0.748097 0.279344
vt 0.430752 0.448013
vt 0.423084 0.557075
vt 0.283443 0.448013
vt 0.559933 0.004802
vt 0.748039 0.397002
vt 0.748039 0.289167
vt 0.352194 0.448013
vt 0.432747 0.557075
vt 0.234332 0.448013
vt 0.559933 0.015580
vt 0.748097 0.406825
vt 0.748097 0.298990
vt 0.440572 0.448013
vt 0.442411 0.557075
vt 0.293265 0.448013
vt 0.559933 0.026358
vt 0.748039 0.416648
vt 0.748039 0.308813
vt 0.362015 0.448013
vt 0.452074 0.557075
vt 0.244154 0.448013
vt 0.559933 0.037136
vt 0.748097 0.377356
vt 0.748097 0.318636
vt 0.401292 0.448013
vt 0.461738 0.557075
vt 0.303087 0.448013
vt 0.559933 0.047914
vt 0.748039 0.426471
vt 0.748039 0.328459
vt 0.332553 0.448013
vt 0.471401 0.557075
vt 0.253976 0.448013
vt 0.559933 0.058691
vt 0.748097 0.436294
vt 0.748097 0.367751
vt 0.411112 0.448013
vt 0.481065 0.557075
vt 0.312909 0.448013
vt 0.559933 0.101802
vt 0.748039 0.446117
vt 0.748039 0.338282
vt 0.371835 0.448013
vt 0.490728 0.557075
vt 0.263799 0.448013
vt 0.559933 0.069469
vt 0.748097 0.455940
vt 0.748097 0.348105
vt 0.420932 0.448013
vt 0.500391 0.557075
vt 0.322731 0.448013
vt 0.559933 0.080247
vt 0.748039 0.465763
vt 0.748039 0.357928
vt 0.342374 0.448013
vt 0.510055 0.557075
vt 0.273621 0.448013
vt 0.559933 0.091025
vt 0.047740 0.064511
vt 0.029154 0.064511
vt 0.174757 0.218005
vt 0.046004 0.116587
vt 0.211222 0.164114
vt 0.036181 0.116587
vt 0.211222 0.033675
vt 0.200112 0.192362
vt 0.173367 0.195499
vt 0.238210 0.557075
vt 0.201216 0.004802
vt 0.218866 0.557075
vt 0.378920 0.212033
vt 0.378987 0.197469
vt 0.357468 0.017438
vt 0.669591 0.434807
vt 0.005271 0.365337
vt 0.669591 0.394754
vt 0.211222 0.052914
vt 0.211290 0.004802
vt 0.184143 0.195499
vt 0.247880 0.557075
vt 0.201216 0.023943
vt 0.228538 0.557075
vt 0.378920 0.224118
vt 0.378987 0.185384
vt 0.357468 0.029519
vt 0.669591 0.444881
vt 0.015344 0.365337
vt 0.669591 0.404827
vt 0.247139 0.070698
vt 0.004802 0.270849
vt 0.019008 0.180866
vt 0.270653 0.250564
vt 0.006107 0.172641
vt 0.201349 0.088704
vt 0.063909 0.226972
vt 0.442654 0.242788
vt 0.221935 0.097584
vt 0.247139 0.116370
vt 0.006107 0.181269
vt 0.201350 0.098315
vt 0.073664 0.218005
vt 0.442804 0.253699
vt 0.222086 0.079185
vt 0.247139 0.120898
vt 0.259877 0.213895
vt 0.270653 0.236006
vt 0.020999 0.180589
vt 0.270653 0.221447
vt 0.008098 0.172898
vt 0.211641 0.199319
vt 0.234388 0.103292
vt 0.401752 0.661640
vt 0.234388 0.149692
vt 0.259877 0.228613
vt 0.008098 0.181263
vt 0.024966 0.218005
vt 0.234388 0.076515
vt 0.411658 0.661640
vt 0.234539 0.167828
vt 0.259877 0.233152
vt 0.247139 0.035423
vt 0.250046 0.057793
vt 0.172782 0.355527
vt 0.335554 0.122506
vt 0.270804 0.066036
vt 0.335703 0.151605
vt 0.285771 0.302606
vt 0.304661 0.004803
vt 0.649910 0.300058
vt 0.335554 0.135406
vt 0.335703 0.164507
vt 0.230626 0.427112
vt 0.349507 0.427071
vt 0.421972 0.232315
vt 0.806528 0.385419
vt 0.806445 0.679096
vt 0.159528 0.114247
vt 0.159650 0.096405
vt 0.254441 0.270849
vt 0.174127 0.236658
vt 0.086433 0.275732
vt 0.154790 0.236658
vt 0.748097 0.200538
vt 0.748097 0.122168
vt 0.142225 0.425404
vt 0.432311 0.401972
vt 0.063654 0.425404
vt 0.053120 0.436785
vt 0.748039 0.210361
vt 0.748039 0.161462
vt 0.102942 0.425404
vt 0.432311 0.413151
vt 0.024365 0.425404
vt 0.062782 0.436785
vt 0.748097 0.220185
vt 0.748097 0.131992
vt 0.152045 0.425404
vt 0.014466 0.436785
vt 0.073476 0.425404
vt 0.101430 0.436785
vt 0.748039 0.230008
vt 0.748039 0.141815
vt 0.112763 0.425404
vt 0.024129 0.436785
vt 0.034187 0.425404
vt 0.072444 0.436785
vt 0.748097 0.239832
vt 0.748097 0.151639
vt 0.161864 0.425404
vt 0.033793 0.436785
vt 0.083298 0.425404
vt 0.082106 0.436785
vt 0.748039 0.249655
vt 0.748039 0.171286
vt 0.122583 0.425404
vt 0.043456 0.436785
vt 0.044010 0.425404
vt 0.091768 0.436785
vt 0.748097 0.259479
vt 0.748097 0.181109
vt 0.171684 0.425404
vt 0.432311 0.424331
vt 0.093120 0.425404
vt 0.111092 0.436785
vt 0.748039 0.269302
vt 0.748039 0.190933
vt 0.132404 0.425404
vt 0.004802 0.436785
vt 0.053832 0.425404
vt 0.120754 0.436785
vt 0.260882 0.175561
vt 0.260882 0.161733
vt 0.378920 0.060842
vt 0.064683 0.254908
vt 0.378920 0.071889
vt 0.247239 0.206968
vt 0.515302 0.937368
vt 0.197259 0.947033
vt 0.409291 0.937295
vt 0.139563 0.947033
vt 0.333269 0.879026
vt 0.333261 0.879010
vt 0.333261 0.878990
vt 0.333268 0.878971
vt 0.333298 0.878947
vt 0.333334 0.878971
vt 0.333314 0.878947
vt 0.333327 0.878955
vt 0.333335 0.878990
vt 0.333314 0.879026
vt 0.333282 0.879034
vt 0.874448 0.617096
vt 0.874462 0.617106
vt 0.874469 0.617122
vt 0.874462 0.617161
vt 0.874448 0.617177
vt 0.874432 0.617184
vt 0.874402 0.617174
vt 0.874394 0.617158
vt 0.874394 0.617138
vt 0.874402 0.617118
vt 0.874415 0.617103
vt 0.524915 0.937368
vt 0.206875 0.947033
vt 0.361225 0.937295
vt 0.149179 0.947033
vt 0.342947 0.879026
vt 0.342939 0.879010
vt 0.342939 0.878990
vt 0.342947 0.878971
vt 0.342976 0.878947
vt 0.342992 0.878947
vt 0.343005 0.878955
vt 0.343013 0.878991
vt 0.343005 0.879010
vt 0.342992 0.879026
vt 0.342960 0.879034
vt 0.874460 0.529647
vt 0.874447 0.529658
vt 0.874431 0.529659
vt 0.874415 0.529652
vt 0.874401 0.529637
vt 0.874394 0.529617
vt 0.874401 0.529580
vt 0.874431 0.529568
vt 0.874447 0.529575
vt 0.874460 0.529590
vt 0.874468 0.529630
vt 0.544141 0.937368
vt 0.216491 0.947033
vt 0.370838 0.937295
vt 0.158795 0.947033
vt 0.352625 0.879026
vt 0.352618 0.879010
vt 0.352618 0.878990
vt 0.352625 0.878971
vt 0.352654 0.878947
vt 0.352670 0.878947
vt 0.352684 0.878955
vt 0.352691 0.878991
vt 0.352684 0.879010
vt 0.352670 0.879026
vt 0.352638 0.879034
vt 0.874432 0.626789
vt 0.874448 0.626790
vt 0.874462 0.626800
vt 0.874469 0.626816
vt 0.874469 0.626836
vt 0.874462 0.626856
vt 0.874432 0.626879
vt 0.874402 0.626868
vt 0.874394 0.626852
vt 0.874394 0.626832
vt 0.874415 0.626797
vt 0.553754 0.937368
vt 0.226107 0.947033
vt 0.380451 0.937295
vt 0.168411 0.947033
vt 0.362303 0.879026
vt 0.362296 0.879010
vt 0.362296 0.878990
vt 0.362303 0.878971
vt 0.362316 0.878955
vt 0.362332 0.878947
vt 0.362362 0.878955
vt 0.362369 0.878991
vt 0.362362 0.879010
vt 0.362349 0.879026
vt 0.362316 0.879034
vt 0.874443 0.549051
vt 0.874427 0.549051
vt 0.874411 0.549042
vt 0.874394 0.549005
vt 0.874396 0.548985
vt 0.874405 0.548969
vt 0.874436 0.548960
vt 0.874468 0.549005
vt 0.874451 0.548969
vt 0.874463 0.548985
vt 0.874466 0.549026
vt 0.563367 0.937368
vt 0.235722 0.947033
vt 0.390064 0.937295
vt 0.178027 0.947033
vt 0.371981 0.879026
vt 0.371974 0.879010
vt 0.371974 0.878990
vt 0.371981 0.878971
vt 0.372011 0.878947
vt 0.372027 0.878947
vt 0.372040 0.878955
vt 0.372047 0.878991
vt 0.372040 0.879010
vt 0.372027 0.879026
vt 0.371994 0.879034
vt 0.874432 0.636484
vt 0.874448 0.636485
vt 0.874462 0.636494
vt 0.874469 0.636511
vt 0.874469 0.636530
vt 0.874462 0.636550
vt 0.874432 0.636573
vt 0.874402 0.636563
vt 0.874394 0.636546
vt 0.874394 0.636526
vt 0.874415 0.636492
vt 0.534528 0.937368
vt 0.245338 0.947033
vt 0.399677 0.937295
vt 0.187643 0.947033
vt 0.381659 0.879026
vt 0.381652 0.879010
vt 0.381652 0.878990
vt 0.381659 0.878971
vt 0.381689 0.878947
vt 0.381705 0.878947
vt 0.381718 0.878955
vt 0.381725 0.878991
vt 0.381718 0.879010
vt 0.381705 0.879026
vt 0.381673 0.879034
vt 0.874447 0.539353
vt 0.874431 0.539355
vt 0.874415 0.539348
vt 0.874394 0.539313
vt 0.874394 0.539293
vt 0.874401 0.539276
vt 0.874431 0.539264
vt 0.874468 0.539306
vt 0.874447 0.539271
vt 0.874461 0.539286
vt 0.874468 0.539326
vt 0.932437 0.401364
vt 0.932457 0.517329
vt 0.932438 0.469062
vt 0.932437 0.430391
vt 0.845330 0.180499
vt 0.845307 0.180485
vt 0.845293 0.180462
vt 0.845293 0.180435
vt 0.845307 0.180412
vt 0.845357 0.180398
vt 0.845394 0.180435
vt 0.845394 0.180462
vt 0.845380 0.180485
vt 0.845357 0.190104
vt 0.845380 0.190117
vt 0.845394 0.190140
vt 0.845380 0.190191
vt 0.845357 0.190204
vt 0.845330 0.190204
vt 0.845307 0.190191
vt 0.845293 0.190167
vt 0.845307 0.190117
vt 0.379591 0.151621
vt 0.379591 0.140240
vt 0.442654 0.435486
vt 0.379658 0.049503
vt 0.066386 0.448013
vt 0.255372 0.379685
vt 0.650061 0.360212
vt 0.650061 0.350272
vt 0.257824 0.671836
vt 0.669792 0.475112
vt 0.287074 0.671836
vt 0.669591 0.344812
vt 0.368021 0.065357
vt 0.369227 0.052871
vt 0.369158 0.229427
vt 0.390885 0.155753
vt 0.369159 0.240474
vt 0.389746 0.134188
vt 0.227380 0.869313
vt 0.140438 0.869191
vt 0.159701 0.869195
vt 0.864754 0.841342
vt 0.728567 0.407809
vt 0.728628 0.407812
vt 0.728672 0.407862
vt 0.728628 0.407972
vt 0.728567 0.407968
vt 0.728524 0.417696
vt 0.728524 0.417630
vt 0.728567 0.417581
vt 0.728671 0.417620
vt 0.728671 0.417686
vt 0.111440 0.869315
vt 0.121063 0.869314
vt 0.130773 0.869192
vt 0.265981 0.869194
vt 0.728524 0.398094
vt 0.728568 0.398044
vt 0.728629 0.398041
vt 0.728672 0.398151
vt 0.728568 0.398204
vt 0.728524 0.427389
vt 0.728567 0.427345
vt 0.728628 0.427349
vt 0.728671 0.427464
vt 0.728628 0.427508
vt 0.258082 0.692044
vt 0.219135 0.681959
vt 0.248356 0.692044
vt 0.335004 0.681959
vt 0.699300 0.420413
vt 0.699338 0.420465
vt 0.699338 0.420529
vt 0.699239 0.420601
vt 0.699178 0.420581
vt 0.699140 0.420529
vt 0.699178 0.420413
vt 0.699239 0.322474
vt 0.699178 0.322454
vt 0.699140 0.322403
vt 0.699178 0.322286
vt 0.699239 0.322267
vt 0.699300 0.322286
vt 0.699338 0.322403
vt 0.442807 0.157704
vt 0.442808 0.179186
vt 0.442805 0.147158
vt 0.368495 0.208209
vt 0.368194 0.208036
vt 0.368021 0.207735
vt 0.368021 0.207388
vt 0.368194 0.207088
vt 0.368495 0.206915
vt 0.368842 0.206915
vt 0.369315 0.207388
vt 0.369142 0.208036
vt 0.368842 0.197310
vt 0.368495 0.197310
vt 0.368194 0.197136
vt 0.368021 0.196489
vt 0.368194 0.196188
vt 0.368495 0.196015
vt 0.369315 0.196489
vt 0.369315 0.196836
vt 0.443164 0.210951
vt 0.401206 0.040382
vt 0.400920 0.040382
vt 0.400672 0.040239
vt 0.400529 0.039705
vt 0.400672 0.039457
vt 0.400920 0.039314
vt 0.401454 0.039457
vt 0.401597 0.039705
vt 0.401597 0.039991
vt 0.044246 0.557745
vt 0.034641 0.557075
vt 0.271284 0.578710
vt 0.590489 0.510800
vt 0.300738 0.578710
vt 0.590187 0.315630
vt 0.326255 0.339522
vt 0.286344 0.342703
vt 0.346040 0.223056
vt 0.295994 0.339520
vt 0.718916 0.320283
vt 0.718916 0.320354
vt 0.718867 0.320404
vt 0.718749 0.320356
vt 0.718798 0.320235
vt 0.634659 0.810629
vt 0.634627 0.810662
vt 0.634582 0.810663
vt 0.634550 0.810585
vt 0.634582 0.810552
vt 0.345913 0.219910
vt 0.286259 0.339520
vt 0.326382 0.342696
vt 0.296079 0.342703
vt 0.518196 0.810584
vt 0.518196 0.810630
vt 0.518164 0.810663
vt 0.518085 0.810630
vt 0.518085 0.810584
vt 0.482450 0.589761
vt 0.590559 0.076730
vt 0.590193 0.005314
vt 0.560414 0.589764
vt 0.442914 0.286534
vt 0.442749 0.286438
vt 0.442654 0.286273
vt 0.442654 0.286082
vt 0.442749 0.285917
vt 0.443105 0.285822
vt 0.443366 0.286082
vt 0.443366 0.286273
vt 0.443270 0.286438
vt 0.443105 0.275505
vt 0.443270 0.275600
vt 0.443366 0.275765
vt 0.443270 0.276121
vt 0.443105 0.276217
vt 0.442914 0.276217
vt 0.442654 0.275956
vt 0.442654 0.275765
vt 0.442749 0.275600
vt 0.131823 0.590039
vt 0.570184 0.046831
vt 0.580229 0.379663
vt 0.570184 0.067940
vt 0.379319 0.016958
vt 0.379531 0.016921
vt 0.379743 0.016958
vt 0.379929 0.017066
vt 0.380068 0.017231
vt 0.380141 0.017433
vt 0.380141 0.017648
vt 0.380068 0.017850
vt 0.379743 0.018122
vt 0.379531 0.018159
vt 0.379319 0.018122
vt 0.378994 0.017849
vt 0.378920 0.017647
vt 0.378920 0.017432
vt 0.379132 0.017065
vt 0.379912 0.083093
vt 0.380048 0.083260
vt 0.380120 0.083463
vt 0.380120 0.083677
vt 0.379912 0.084037
vt 0.379728 0.084140
vt 0.379520 0.084172
vt 0.379312 0.084130
vt 0.379129 0.084019
vt 0.378993 0.083853
vt 0.378920 0.083650
vt 0.378993 0.083237
vt 0.379129 0.083076
vt 0.379312 0.082973
vt 0.379728 0.082982
vt 0.141555 0.590039
vt 0.570184 0.057386
vt 0.580229 0.390064
vt 0.570184 0.078495
vt 0.378994 0.028074
vt 0.379132 0.027909
vt 0.379319 0.027802
vt 0.379531 0.027764
vt 0.379929 0.027909
vt 0.380068 0.028073
vt 0.380141 0.028275
vt 0.380141 0.028490
vt 0.380068 0.028693
vt 0.379929 0.028857
vt 0.379743 0.028965
vt 0.379319 0.028965
vt 0.379132 0.028858
vt 0.378994 0.028693
vt 0.378920 0.028276
vt 0.379986 0.093988
vt 0.380094 0.094174
vt 0.380134 0.094385
vt 0.380101 0.094597
vt 0.379840 0.094920
vt 0.379643 0.094994
vt 0.379432 0.094994
vt 0.379233 0.094920
vt 0.379069 0.094783
vt 0.378961 0.094597
vt 0.378920 0.094385
vt 0.379056 0.093988
vt 0.379215 0.093850
vt 0.379412 0.093777
vt 0.379822 0.093850
vt 0.560101 0.433503
vt 0.560101 0.391062
vt 0.587700 0.702078
vt 0.560151 0.144479
vt 0.645900 0.702078
vt 0.257551 0.558079
vt 0.560101 0.444113
vt 0.560101 0.401673
vt 0.577928 0.702078
vt 0.560151 0.155065
vt 0.655671 0.702078
vt 0.267373 0.558079
vt 0.577573 0.600490
vt 0.358993 0.578710
vt 0.305745 0.599781
vt 0.378439 0.578710
vt 0.066357 0.390570
vt 0.066423 0.390389
vt 0.066546 0.390242
vt 0.066712 0.390146
vt 0.067090 0.390146
vt 0.067257 0.390241
vt 0.067380 0.390388
vt 0.067446 0.390760
vt 0.067380 0.390941
vt 0.067257 0.391088
vt 0.066901 0.391218
vt 0.066712 0.391184
vt 0.066546 0.391089
vt 0.066423 0.390942
vt 0.066357 0.390762
vt 0.353152 0.390657
vt 0.353120 0.390846
vt 0.353026 0.391012
vt 0.352707 0.391201
vt 0.352520 0.391201
vt 0.352343 0.391136
vt 0.352200 0.391012
vt 0.352106 0.390846
vt 0.352073 0.390657
vt 0.352105 0.390468
vt 0.352198 0.390302
vt 0.352342 0.390178
vt 0.352518 0.390112
vt 0.352705 0.390112
vt 0.353025 0.390302
vt 0.567842 0.600490
vt 0.368716 0.578710
vt 0.315485 0.599781
vt 0.388162 0.578710
vt 0.055664 0.390570
vt 0.055730 0.390389
vt 0.055853 0.390242
vt 0.056208 0.390112
vt 0.056687 0.390388
vt 0.056397 0.390146
vt 0.056563 0.390241
vt 0.056752 0.390569
vt 0.056752 0.390761
vt 0.056687 0.390941
vt 0.056563 0.391088
vt 0.056397 0.391184
vt 0.056208 0.391218
vt 0.056019 0.391185
vt 0.055730 0.390942
vt 0.363836 0.390657
vt 0.363803 0.390846
vt 0.363710 0.391012
vt 0.363391 0.391201
vt 0.363203 0.391201
vt 0.363027 0.391136
vt 0.362883 0.391012
vt 0.362790 0.390846
vt 0.362757 0.390657
vt 0.362789 0.390468
vt 0.362882 0.390302
vt 0.363026 0.390178
vt 0.363202 0.390112
vt 0.363389 0.390112
vt 0.363709 0.390302
vt 0.560101 0.454724
vt 0.560101 0.412283
vt 0.689315 0.074432
vt 0.550276 0.514979
vt 0.689315 0.094363
vt 0.172250 0.460029
vt 0.560101 0.465334
vt 0.560101 0.422893
vt 0.689315 0.064542
vt 0.550276 0.525566
vt 0.689315 0.104253
vt 0.162361 0.460029
vt 0.343358 0.732079
vt 0.111246 0.810551
vt 0.111246 0.810716
vt 0.343403 0.731902
vt 0.718749 0.703417
vt 0.209304 0.681958
vt 0.209530 0.681996
vt 0.323107 0.888690
vt 0.679466 0.660819
vt 0.679694 0.660774
vt 0.718749 0.703589
vt 0.178987 0.810551
vt 0.199360 0.741793
vt 0.178992 0.810622
vt 0.199360 0.741965
vt 0.738388 0.426436
vt 0.679530 0.670826
vt 0.412931 0.741811
vt 0.433512 0.692246
vt 0.102179 0.741968
vt 0.102179 0.741795
vt 0.519696 0.741980
vt 0.170274 0.741879
vt 0.131616 0.682178
vt 0.131469 0.682156
vt 0.188718 0.810643
vt 0.296890 0.692270
vt 0.208025 0.810551
vt 0.014508 0.721989
vt 0.422095 0.682089
vt 0.208025 0.810713
vt 0.014618 0.722075
vt 0.718841 0.004834
vt 0.422056 0.682001
vt 0.694049 0.771215
vt 0.112197 0.681958
vt 0.249820 0.143438
vt 0.247139 0.133834
vt 0.044780 0.285431
vt 0.305161 0.055503
vt 0.281429 0.168725
vt 0.305161 0.017709
vt 0.214108 0.254908
vt 0.200482 0.258092
vt 0.304794 0.029992
vt 0.368640 0.251513
vt 0.120969 0.302488
vt 0.368640 0.217814
vt 0.161954 0.270849
vt 0.148328 0.273195
vt 0.241415 0.352548
vt 0.368707 0.160379
vt 0.162340 0.354892
vt 0.368707 0.016485
vt 0.076828 0.270849
vt 0.063068 0.273262
vt 0.389863 0.062348
vt 0.218556 0.401929
vt 0.378920 0.236134
vt 0.053158 0.401929
vt 0.421841 0.084070
vt 0.421843 0.072538
vt 0.421844 0.039869
vt 0.421841 0.120569
vt 0.043351 0.956665
vt 0.951760 0.766258
vt 0.421841 0.095602
vt 0.421843 0.061006
vt 0.421844 0.051402
vt 0.421841 0.132097
vt 0.072243 0.956665
vt 0.951760 0.746996
vt 0.247158 0.238932
vt 0.247160 0.222968
vt 0.004824 0.254910
vt 0.014449 0.254908
vt 0.207048 0.956664
vt 0.216679 0.956639
vt 0.306302 0.671836
vt 0.400529 0.028431
vt 0.368021 0.138571
vt 0.282826 0.086263
vt 0.340329 0.436900
vt 0.282826 0.179207
vt 0.306302 0.672068
vt 0.400529 0.028663
vt 0.421822 0.300372
vt 0.282595 0.086264
vt 0.340329 0.437132
vt 0.282594 0.179209
vt 0.491550 0.567951
vt 0.884120 0.209256
vt 0.400529 0.028894
vt 0.368021 0.114166
vt 0.282363 0.086265
vt 0.340329 0.437364
vt 0.282363 0.179211
vt 0.277719 0.590127
vt 0.282124 0.084531
vt 0.620219 0.493450
vt 0.282124 0.180902
vt 0.349973 0.437597
vt 0.329900 0.578710
vt 0.884120 0.218977
vt 0.400529 0.029126
vt 0.421822 0.255000
vt 0.282132 0.086266
vt 0.340329 0.437596
vt 0.282131 0.179213
vt 0.325942 0.590127
vt 0.281892 0.084532
vt 0.620219 0.493682
vt 0.281892 0.180904
vt 0.349973 0.437829
vt 0.339620 0.578710
vt 0.616811 0.702194
vt 0.400529 0.029358
vt 0.421822 0.277686
vt 0.281900 0.086267
vt 0.340329 0.437828
vt 0.281899 0.179215
vt 0.306653 0.590127
vt 0.281661 0.084533
vt 0.620219 0.493914
vt 0.281661 0.180906
vt 0.349973 0.438061
vt 0.310458 0.578710
vt 0.884120 0.228698
vt 0.400529 0.029589
vt 0.421822 0.311715
vt 0.281668 0.086268
vt 0.340329 0.438060
vt 0.281668 0.179217
vt 0.757926 0.888690
vt 0.893836 0.218078
vt 0.864346 0.888690
vt 0.893836 0.150325
vt 0.767678 0.888690
vt 0.893836 0.227757
vt 0.777356 0.888690
vt 0.893835 0.237436
vt 0.786961 0.888690
vt 0.874024 0.888764
vt 0.893835 0.159930
vt 0.893835 0.169683
vt 0.883702 0.888690
vt 0.893763 0.004876
vt 0.893763 0.014481
vt 0.893835 0.179362
vt 0.893836 0.024160
vt 0.893835 0.189041
vt 0.680499 0.888690
vt 0.661142 0.888764
vt 0.796640 0.888690
vt 0.893836 0.111609
vt 0.690177 0.888690
vt 0.893836 0.247115
vt 0.699855 0.888690
vt 0.893835 0.198720
vt 0.709607 0.888690
vt 0.806318 0.888690
vt 0.816070 0.888690
vt 0.719212 0.888764
vt 0.825675 0.888690
vt 0.893763 0.033912
vt 0.893763 0.043517
vt 0.893835 0.121288
vt 0.835427 0.888690
vt 0.893835 0.130967
vt 0.728891 0.888690
vt 0.670820 0.888764
vt 0.845032 0.888690
vt 0.893836 0.140646
vt 0.738569 0.888690
vt 0.893836 0.256794
vt 0.748248 0.888690
vt 0.893835 0.208399
vt 0.855074 0.830263
vt 0.121272 0.800897
vt 0.855074 0.752523
vt 0.595965 0.800728
vt 0.699300 0.430225
vt 0.699338 0.430277
vt 0.699300 0.430393
vt 0.699178 0.430393
vt 0.699140 0.430342
vt 0.699140 0.430277
vt 0.699239 0.430206
vt 0.699239 0.332287
vt 0.699178 0.332267
vt 0.699140 0.332215
vt 0.699178 0.332099
vt 0.699239 0.332079
vt 0.699300 0.332099
vt 0.699338 0.332151
vt 0.845293 0.160935
vt 0.796797 0.465520
vt 0.829381 0.839933
vt 0.101901 0.800728
vt 0.699239 0.371330
vt 0.699300 0.371350
vt 0.699338 0.371466
vt 0.699239 0.371538
vt 0.699178 0.371518
vt 0.699140 0.371466
vt 0.699178 0.371350
vt 0.728677 0.181931
vt 0.728648 0.181972
vt 0.728601 0.181987
vt 0.728554 0.181972
vt 0.728524 0.181882
vt 0.728601 0.181826
vt 0.728677 0.181882
vt 0.718800 0.604986
vt 0.718799 0.624765
vt 0.689315 0.591963
vt 0.624448 0.641197
vt 0.689315 0.641787
vt 0.639870 0.577452
vt 0.458065 0.917949
vt 0.438755 0.917950
vt 0.689315 0.611952
vt 0.689315 0.313672
vt 0.689315 0.651782
vt 0.689315 0.283627
vt 0.855074 0.820537
vt 0.130953 0.800897
vt 0.855074 0.742796
vt 0.605645 0.800728
vt 0.699300 0.440206
vt 0.699239 0.440226
vt 0.699140 0.440154
vt 0.699178 0.440038
vt 0.699239 0.440018
vt 0.699300 0.440038
vt 0.699338 0.440154
vt 0.699338 0.341964
vt 0.699338 0.342028
vt 0.699300 0.342080
vt 0.699178 0.342080
vt 0.699140 0.342028
vt 0.699140 0.341964
vt 0.699178 0.341912
vt 0.845293 0.151209
vt 0.796797 0.475293
vt 0.845293 0.004802
vt 0.111586 0.800728
vt 0.699239 0.381142
vt 0.699300 0.381162
vt 0.699338 0.381278
vt 0.699239 0.381350
vt 0.699178 0.381330
vt 0.699140 0.381278
vt 0.699178 0.381162
vt 0.728601 0.191592
vt 0.728648 0.191607
vt 0.728677 0.191647
vt 0.728677 0.191697
vt 0.728601 0.191753
vt 0.728524 0.191697
vt 0.728554 0.191607
vt 0.718800 0.614876
vt 0.718800 0.634655
vt 0.689315 0.601957
vt 0.634331 0.641197
vt 0.689315 0.661777
vt 0.639870 0.587448
vt 0.467720 0.917949
vt 0.448410 0.917949
vt 0.689315 0.621947
vt 0.689315 0.323667
vt 0.689315 0.671773
vt 0.689315 0.293623
vt 0.718749 0.359669
vt 0.708952 0.282231
vt 0.718749 0.330011
vt 0.708952 0.401343
vt 0.718915 0.271174
vt 0.718915 0.271228
vt 0.718883 0.271272
vt 0.718832 0.271288
vt 0.718749 0.271228
vt 0.718781 0.271131
vt 0.718883 0.271131
vt 0.718883 0.232014
vt 0.718915 0.232058
vt 0.718915 0.232112
vt 0.718883 0.232155
vt 0.718832 0.232172
vt 0.718749 0.232112
vt 0.718781 0.232014
vt 0.053932 0.414820
vt 0.044327 0.413714
vt 0.145713 0.448013
vt 0.560218 0.358028
vt 0.453255 0.004802
vt 0.559933 0.176815
vt 0.198332 0.610982
vt 0.548570 0.599780
vt 0.610242 0.332149
vt 0.538939 0.599780
vt 0.951734 0.284490
vt 0.951734 0.255606
vt 0.610242 0.311409
vt 0.062693 0.611000
vt 0.620219 0.371635
vt 0.600228 0.586840
vt 0.951763 0.448300
vt 0.951763 0.274883
vt 0.610242 0.444906
vt 0.600228 0.283905
vt 0.402421 0.610967
vt 0.600228 0.251845
vt 0.951734 0.438693
vt 0.951734 0.265216
vt 0.649787 0.319615
vt 0.669594 0.354417
vt 0.669648 0.354417
vt 0.684853 0.712353
vt 0.796743 0.553543
vt 0.684907 0.712353
vt 0.659710 0.056383
vt 0.669661 0.124922
vt 0.669608 0.124923
vt 0.704165 0.712353
vt 0.796743 0.533969
vt 0.704219 0.712353
vt 0.498964 0.661674
vt 0.498910 0.661640
vt 0.639898 0.454614
vt 0.718749 0.014867
vt 0.718804 0.014867
vt 0.150823 0.741801
vt 0.659710 0.086920
vt 0.246832 0.662116
vt 0.246786 0.662151
vt 0.796743 0.455558
vt 0.315869 0.702361
vt 0.315815 0.702408
vt 0.323547 0.651423
vt 0.669594 0.625362
vt 0.669648 0.625362
vt 0.402972 0.712363
vt 0.548402 0.771223
vt 0.403027 0.712363
vt 0.659710 0.167550
vt 0.669663 0.375078
vt 0.669609 0.375078
vt 0.412631 0.712363
vt 0.538743 0.771223
vt 0.412686 0.712363
vt 0.431702 0.681959
vt 0.431757 0.681958
vt 0.649787 0.004802
vt 0.699140 0.153473
vt 0.728552 0.230756
vt 0.699195 0.153473
vt 0.669618 0.154792
vt 0.669659 0.254551
vt 0.669614 0.254589
vt 0.699195 0.143460
vt 0.699140 0.143509
vt 0.728552 0.279874
vt 0.679470 0.331755
vt 0.679524 0.331755
vt 0.659711 0.349474
vt 0.267808 0.692407
vt 0.267863 0.692407
vt 0.440075 0.721998
vt 0.443861 0.672225
vt 0.120678 0.662172
vt 0.443817 0.672268
vt 0.043554 0.721996
vt 0.345388 0.692356
vt 0.345333 0.692401
vt 0.111836 0.761407
vt 0.806484 0.122142
vt 0.547410 0.800729
vt 0.806486 0.151430
vt 0.573411 0.908166
vt 0.573450 0.908180
vt 0.563743 0.908232
vt 0.563718 0.908199
vt 0.121505 0.761410
vt 0.780465 0.830152
vt 0.508649 0.800931
vt 0.835623 0.063124
vt 0.332651 0.917928
vt 0.332617 0.917947
vt 0.255536 0.917891
vt 0.255562 0.917914
vt 0.718817 0.310629
vt 0.728563 0.653250
vt 0.728566 0.348984
vt 0.728566 0.525325
vt 0.457598 0.908166
vt 0.457637 0.908179
vt 0.467267 0.908234
vt 0.467267 0.908166
vt 0.728589 0.485945
vt 0.777300 0.180806
vt 0.597477 0.741792
vt 0.777302 0.122114
vt 0.913116 0.614854
vt 0.913152 0.614839
vt 0.913116 0.605201
vt 0.913137 0.605170
vt 0.161076 0.259097
vt 0.150265 0.259097
vt 0.412071 0.110181
vt 0.271525 0.164055
vt 0.412072 0.167659
vt 0.270653 0.023034
vt 0.092983 0.315729
vt 0.073020 0.312881
vt 0.315435 0.097477
vt 0.025956 0.448013
vt 0.315435 0.198365
vt 0.442654 0.296892
vt 0.188454 0.368185
vt 0.178849 0.365337
vt 0.346281 0.232664
vt 0.689315 0.223741
vt 0.346281 0.257560
vt 0.689315 0.133854
vt 0.335554 0.278748
vt 0.336308 0.251999
vt 0.306376 0.339520
vt 0.036231 0.448013
vt 0.346582 0.157791
vt 0.442654 0.307251
vt 0.363346 0.380424
vt 0.353741 0.377910
vt 0.149499 0.365337
vt 0.689315 0.233715
vt 0.208199 0.365337
vt 0.689315 0.143827
vt 0.103342 0.315729
vt 0.083378 0.312881
vt 0.315435 0.109926
vt 0.046506 0.448013
vt 0.315435 0.210791
vt 0.442654 0.317610
vt 0.198142 0.368185
vt 0.169160 0.365337
vt 0.346281 0.245112
vt 0.689315 0.243689
vt 0.346281 0.269984
vt 0.689315 0.153801
vt 0.335554 0.290866
vt 0.336308 0.264117
vt 0.316650 0.339520
vt 0.056781 0.448013
vt 0.346582 0.169887
vt 0.442654 0.327969
vt 0.378920 0.007316
vt 0.344052 0.377910
vt 0.159471 0.365337
vt 0.689315 0.253662
vt 0.218172 0.365337
vt 0.689315 0.163774
vt 0.420622 0.732114
vt 0.140716 0.800887
vt 0.738366 0.024478
vt 0.893762 0.266400
vt 0.034271 0.692044
vt 0.034341 0.692043
vt 0.034403 0.692096
vt 0.034428 0.692176
vt 0.034341 0.692277
vt 0.034225 0.692179
vt 0.689518 0.681947
vt 0.689472 0.682000
vt 0.689340 0.681949
vt 0.689315 0.681868
vt 0.689340 0.681797
vt 0.689472 0.681795
vt 0.440003 0.732114
vt 0.150403 0.800887
vt 0.738366 0.034298
vt 0.893763 0.276090
vt 0.053997 0.692044
vt 0.054043 0.692097
vt 0.053997 0.692249
vt 0.053927 0.692277
vt 0.053865 0.692248
vt 0.053865 0.692096
vt 0.044079 0.692276
vt 0.044033 0.692142
vt 0.044211 0.692072
vt 0.044079 0.692071
vt 0.044149 0.692044
vt 0.044236 0.692143
vt 0.430313 0.732114
vt 0.160090 0.800887
vt 0.738366 0.044117
vt 0.893763 0.285781
vt 0.024534 0.692043
vt 0.024620 0.692176
vt 0.024596 0.692248
vt 0.024534 0.692277
vt 0.024418 0.692179
vt 0.024418 0.692098
vt 0.689427 0.572510
vt 0.689315 0.572422
vt 0.689315 0.572338
vt 0.689359 0.572277
vt 0.689486 0.572313
vt 0.689510 0.572394
vt 0.806445 0.004962
vt 0.489317 0.800888
vt 0.469110 0.731904
vt 0.004802 0.800895
vt 0.014767 0.692276
vt 0.014696 0.692277
vt 0.014634 0.692224
vt 0.014610 0.692144
vt 0.014696 0.692044
vt 0.014813 0.692142
vt 0.689427 0.582115
vt 0.689510 0.582230
vt 0.689486 0.582311
vt 0.689427 0.582358
vt 0.689359 0.582348
vt 0.689315 0.582286
vt 0.806445 0.024490
vt 0.499004 0.800888
vt 0.478800 0.731904
vt 0.796716 0.788655
vt 0.004850 0.692277
vt 0.004803 0.692224
vt 0.004848 0.692072
vt 0.004918 0.692044
vt 0.004980 0.692072
vt 0.004982 0.692224
vt 0.063648 0.692097
vt 0.063694 0.692044
vt 0.063827 0.692096
vt 0.063851 0.692176
vt 0.063827 0.692248
vt 0.063694 0.692249
vt 0.806445 0.014726
vt 0.479630 0.800888
vt 0.488490 0.731904
vt 0.014486 0.800895
vt 0.689349 0.632153
vt 0.689327 0.631996
vt 0.689379 0.631942
vt 0.689447 0.631942
vt 0.689512 0.632080
vt 0.689478 0.632153
vt 0.073456 0.692097
vt 0.073502 0.692044
vt 0.073573 0.692044
vt 0.073635 0.692096
vt 0.073635 0.692248
vt 0.073502 0.692249
vt 0.412157 0.213565
vt 0.412157 0.202854
vt 0.433014 0.184403
vt 0.422525 0.321320
vt 0.433014 0.227908
vt 0.421822 0.209686
vt 0.378920 0.116750
vt 0.380076 0.104599
vt 0.024466 0.557075
vt 0.265072 0.567950
vt 0.064204 0.557075
vt 0.065500 0.569105
vt 0.796716 0.778722
vt 0.748039 0.043779
vt 0.796716 0.749370
vt 0.748039 0.505054
vt 0.723772 0.741923
vt 0.723730 0.741937
vt 0.723688 0.741923
vt 0.723661 0.741887
vt 0.723688 0.741806
vt 0.723772 0.741806
vt 0.723799 0.741887
vt 0.714030 0.741806
vt 0.714057 0.741842
vt 0.714057 0.741887
vt 0.714030 0.741923
vt 0.713988 0.741937
vt 0.713920 0.741887
vt 0.713946 0.741806
vt 0.534273 0.985571
vt 0.932460 0.333607
vt 0.275697 0.869191
vt 0.543899 0.985571
vt 0.352791 0.869191
vt 0.634526 0.682394
vt 0.644157 0.682394
vt 0.091667 0.661640
vt 0.570067 0.442054
vt 0.082036 0.661640
vt 0.570067 0.400890
vt 0.266885 0.771216
vt 0.334850 0.771374
vt 0.140665 0.771376
vt 0.616382 0.771374
vt 0.459899 0.810584
vt 0.459820 0.810663
vt 0.459899 0.810630
vt 0.459866 0.810663
vt 0.459787 0.810630
vt 0.757879 0.316775
vt 0.757823 0.316775
vt 0.757783 0.316735
vt 0.757823 0.316639
vt 0.757919 0.316679
vt 0.305717 0.771216
vt 0.344559 0.771374
vt 0.150365 0.771216
vt 0.655208 0.771374
vt 0.469536 0.810663
vt 0.469536 0.810551
vt 0.469503 0.810630
vt 0.469503 0.810584
vt 0.469582 0.810551
vt 0.757879 0.326516
vt 0.757823 0.326516
vt 0.757783 0.326476
vt 0.757823 0.326380
vt 0.757919 0.326420
vt 0.315425 0.771216
vt 0.393104 0.771374
vt 0.179501 0.771376
vt 0.626089 0.771374
vt 0.479331 0.810584
vt 0.479252 0.810663
vt 0.479331 0.810630
vt 0.479299 0.810663
vt 0.479220 0.810630
vt 0.757879 0.336257
vt 0.757823 0.336257
vt 0.757783 0.336217
vt 0.757823 0.336121
vt 0.757919 0.336161
vt 0.276593 0.771216
vt 0.354268 0.771374
vt 0.160074 0.771216
vt 0.635795 0.771374
vt 0.488969 0.810663
vt 0.488969 0.810551
vt 0.488936 0.810630
vt 0.488936 0.810584
vt 0.489015 0.810551
vt 0.757879 0.345998
vt 0.757823 0.345998
vt 0.757783 0.345958
vt 0.757823 0.345862
vt 0.757919 0.345902
vt 0.286310 0.771376
vt 0.363968 0.771215
vt 0.169792 0.771376
vt 0.664907 0.771215
vt 0.498685 0.810663
vt 0.498652 0.810630
vt 0.498652 0.810584
vt 0.498731 0.810551
vt 0.498764 0.810630
vt 0.757879 0.355739
vt 0.757823 0.355739
vt 0.757783 0.355699
vt 0.757823 0.355603
vt 0.757879 0.355603
vt 0.296018 0.771376
vt 0.402805 0.771215
vt 0.189210 0.771376
vt 0.645494 0.771215
vt 0.440466 0.810584
vt 0.440466 0.810630
vt 0.440433 0.810663
vt 0.440354 0.810630
vt 0.440387 0.810551
vt 0.757919 0.365440
vt 0.757879 0.365480
vt 0.757823 0.365480
vt 0.757783 0.365384
vt 0.757823 0.365344
vt 0.257187 0.771376
vt 0.373677 0.771215
vt 0.198919 0.771376
vt 0.674614 0.771215
vt 0.508401 0.810663
vt 0.508369 0.810630
vt 0.508369 0.810584
vt 0.508447 0.810551
vt 0.508480 0.810630
vt 0.757879 0.375085
vt 0.757919 0.375125
vt 0.757919 0.375182
vt 0.757823 0.375221
vt 0.757783 0.375182
vt 0.325142 0.771376
vt 0.383386 0.771215
vt 0.130957 0.771376
vt 0.684321 0.771215
vt 0.450182 0.810584
vt 0.450182 0.810630
vt 0.450150 0.810663
vt 0.450071 0.810630
vt 0.450103 0.810551
vt 0.757879 0.384826
vt 0.757919 0.384866
vt 0.757919 0.384923
vt 0.757823 0.384963
vt 0.757783 0.384923
vt 0.421822 0.016820
vt 0.422492 0.004802
vt 0.240757 0.425404
vt 0.560461 0.165651
vt 0.271176 0.425404
vt 0.559933 0.113250
vt 0.217704 0.661640
vt 0.188617 0.661640
vt 0.198321 0.661641
vt 0.237063 0.661640
vt 0.777392 0.082994
vt 0.777392 0.083048
vt 0.777354 0.083086
vt 0.777262 0.083048
vt 0.777262 0.082994
vt 0.777354 0.073221
vt 0.777392 0.073259
vt 0.777392 0.073313
vt 0.777301 0.073351
vt 0.777262 0.073259
vt 0.492058 0.672322
vt 0.501674 0.672322
vt 0.689315 0.422806
vt 0.229176 0.589243
vt 0.689315 0.412766
vt 0.580113 0.442510
vt 0.767524 0.755463
vt 0.777376 0.366077
vt 0.728524 0.614042
vt 0.372439 0.790893
vt 0.689484 0.373467
vt 0.689534 0.373604
vt 0.689484 0.373664
vt 0.689408 0.373678
vt 0.689341 0.373639
vt 0.689315 0.373566
vt 0.777362 0.034020
vt 0.777392 0.034101
vt 0.777362 0.034136
vt 0.777317 0.034143
vt 0.777262 0.034077
vt 0.777278 0.034034
vt 0.777262 0.699452
vt 0.777262 0.200367
vt 0.091962 0.731902
vt 0.343410 0.791037
vt 0.689354 0.522412
vt 0.689426 0.522385
vt 0.689535 0.522479
vt 0.689521 0.522556
vt 0.689463 0.522606
vt 0.689386 0.522606
vt 0.577568 0.771258
vt 0.577568 0.771304
vt 0.577493 0.771347
vt 0.577438 0.771281
vt 0.577493 0.771215
vt 0.577538 0.771223
vt 0.004802 0.771331
vt 0.777376 0.336830
vt 0.728524 0.623844
vt 0.391863 0.790893
vt 0.689315 0.403049
vt 0.689342 0.402977
vt 0.689485 0.402953
vt 0.689485 0.403149
vt 0.689535 0.403013
vt 0.689535 0.403090
vt 0.777336 0.004802
vt 0.777376 0.004826
vt 0.777376 0.004912
vt 0.777336 0.004934
vt 0.777292 0.004926
vt 0.777262 0.004845
vt 0.777262 0.709203
vt 0.777262 0.210116
vt 0.101675 0.731902
vt 0.353122 0.791038
vt 0.689315 0.482973
vt 0.689341 0.482901
vt 0.689484 0.482879
vt 0.689534 0.482939
vt 0.689534 0.483016
vt 0.689484 0.483074
vt 0.597022 0.771324
vt 0.596982 0.771347
vt 0.596907 0.771304
vt 0.596907 0.771258
vt 0.596937 0.771223
vt 0.597022 0.771238
vt 0.767524 0.735960
vt 0.777376 0.346579
vt 0.728524 0.633646
vt 0.382151 0.790893
vt 0.689484 0.383296
vt 0.689534 0.383433
vt 0.689484 0.383493
vt 0.689408 0.383507
vt 0.689341 0.383468
vt 0.689315 0.383395
vt 0.777336 0.024275
vt 0.777376 0.024299
vt 0.777376 0.024385
vt 0.777336 0.024407
vt 0.777292 0.024399
vt 0.777262 0.024318
vt 0.777262 0.718954
vt 0.777262 0.219865
vt 0.111388 0.731902
vt 0.362834 0.791038
vt 0.689409 0.512780
vt 0.689342 0.512743
vt 0.689315 0.512671
vt 0.689342 0.512599
vt 0.689485 0.512571
vt 0.689535 0.512706
vt 0.567804 0.771223
vt 0.567833 0.771258
vt 0.567804 0.771339
vt 0.567759 0.771347
vt 0.567719 0.771324
vt 0.567719 0.771238
vt 0.767524 0.745712
vt 0.777264 0.356303
vt 0.728524 0.643448
vt 0.401576 0.790893
vt 0.689342 0.393150
vt 0.689485 0.393126
vt 0.689535 0.393186
vt 0.689535 0.393263
vt 0.689485 0.393322
vt 0.689409 0.393334
vt 0.777391 0.014627
vt 0.777317 0.014671
vt 0.777278 0.014648
vt 0.777262 0.014605
vt 0.777317 0.014539
vt 0.777362 0.014546
vt 0.777262 0.728706
vt 0.777374 0.229640
vt 0.121101 0.731902
vt 0.333698 0.791037
vt 0.689341 0.492729
vt 0.689484 0.492706
vt 0.689534 0.492766
vt 0.689534 0.492844
vt 0.689484 0.492902
vt 0.689408 0.492914
vt 0.587287 0.771238
vt 0.587287 0.771324
vt 0.587247 0.771347
vt 0.587202 0.771339
vt 0.587173 0.771258
vt 0.587202 0.771223
vt 0.718749 0.202842
vt 0.636156 0.702078
vt 0.718749 0.193003
vt 0.708960 0.073583
vt 0.709094 0.639372
vt 0.709040 0.639389
vt 0.708986 0.639372
vt 0.708952 0.639269
vt 0.708986 0.639223
vt 0.709040 0.639205
vt 0.709128 0.639269
vt 0.728677 0.172116
vt 0.728677 0.172166
vt 0.728648 0.172206
vt 0.728554 0.172206
vt 0.728524 0.172166
vt 0.728524 0.172116
vt 0.728554 0.172076
vn 0.0097 -0.0090 -0.9999
vn 0.0371 -0.0344 -0.9987
vn 0.0257 -0.0236 -0.9994
vn 0.0735 -0.0698 -0.9948
vn 0.0524 -0.0497 -0.9974
vn 0.1221 -0.1223 -0.9850
vn 0.0887 -0.0893 -0.9920
vn 0.1819 -0.1951 -0.9638
vn 0.1347 -0.1462 -0.9800
vn 0.2485 -0.2882 -0.9248
vn 0.1888 -0.2233 -0.9563
vn 0.3088 -0.3911 -0.8670
vn 0.2424 -0.3153 -0.9175
vn 0.3603 -0.5019 -0.7863
vn 0.2948 -0.4254 -0.8557
vn 0.3924 -0.6034 -0.6942
vn 0.3341 -0.5354 -0.7757
vn 0.4060 -0.6884 -0.6011
vn 0.3572 -0.6331 -0.6867
vn 0.4055 -0.7545 -0.5160
vn 0.3664 -0.7095 -0.6019
vn 0.3968 -0.8038 -0.4434
vn 0.3655 -0.7666 -0.5279
vn 0.3872 -0.8355 -0.3899
vn 0.3630 -0.7983 -0.4806
vn 0.3959 -0.8221 -0.4091
vn 0.3813 -0.7480 -0.5432
vn 0.3883 -0.7668 -0.5111
vn 0.3847 -0.7382 -0.5542
vn -0.0005 -0.0010 -1.0000
vn 0.0147 -0.0141 -0.9998
vn 0.0744 -0.0700 -0.9948
vn 0.1386 -0.1334 -0.9813
vn 0.2188 -0.2209 -0.9504
vn 0.3066 -0.3296 -0.8930
vn 0.3872 -0.4477 -0.8060
vn 0.4439 -0.5576 -0.7014
vn 0.4771 -0.6560 -0.5848
vn 0.4853 -0.7349 -0.4737
vn 0.4762 -0.7945 -0.3769
vn 0.4584 -0.8372 -0.2983
vn 0.4389 -0.8659 -0.2401
vn 0.4234 -0.8825 -0.2049
vn 0.4341 -0.8695 -0.2355
vn 0.4389 -0.8421 -0.3134
vn 0.0047 -0.0055 -1.0000
vn 0.0326 -0.0316 -0.9990
vn 0.1400 -0.1299 -0.9816
vn 0.2420 -0.2300 -0.9426
vn 0.3513 -0.3497 -0.8685
vn 0.4476 -0.4732 -0.7588
vn 0.5142 -0.5834 -0.6287
vn 0.5460 -0.6711 -0.5015
vn 0.5512 -0.7401 -0.3852
vn 0.5374 -0.7922 -0.2892
vn 0.5145 -0.8301 -0.2152
vn 0.4900 -0.8566 -0.1616
vn 0.4687 -0.8741 -0.1277
vn 0.4537 -0.8840 -0.1129
vn 0.4675 -0.8708 -0.1522
vn 0.4797 -0.8528 -0.2065
vn 0.0119 -0.0126 -0.9999
vn 0.0666 -0.0629 -0.9958
vn 0.1933 -0.1802 -0.9645
vn 0.3154 -0.3002 -0.9002
vn 0.4319 -0.4293 -0.7932
vn 0.5196 -0.5469 -0.6565
vn 0.5683 -0.6403 -0.5168
vn 0.5827 -0.7090 -0.3971
vn 0.5754 -0.7611 -0.2995
vn 0.5553 -0.8007 -0.2247
vn 0.5310 -0.8300 -0.1707
vn 0.5077 -0.8510 -0.1343
vn 0.4885 -0.8652 -0.1135
vn 0.4762 -0.8726 -0.1084
vn 0.4910 -0.8585 -0.1479
vn 0.5081 -0.8414 -0.1844
vn 0.0366 -0.0351 -0.9987
vn 0.0971 -0.0935 -0.9909
vn 0.2561 -0.2629 -0.9302
vn 0.3545 -0.3774 -0.8555
vn 0.4365 -0.4909 -0.7540
vn 0.4916 -0.5906 -0.6399
vn 0.5175 -0.6699 -0.5324
vn 0.5229 -0.7326 -0.4357
vn 0.5138 -0.7802 -0.3568
vn 0.4979 -0.8148 -0.2970
vn 0.4806 -0.8391 -0.2547
vn 0.4654 -0.8556 -0.2267
vn 0.4552 -0.8643 -0.2142
vn 0.4653 -0.8521 -0.2394
vn 0.4875 -0.8357 -0.2527
vn 0.1579 -0.1612 -0.9742
vn 0.2303 -0.2560 -0.9389
vn 0.3077 -0.3536 -0.8833
vn 0.3757 -0.4536 -0.8082
vn 0.4273 -0.5477 -0.7193
vn 0.4576 -0.6289 -0.6286
vn 0.4712 -0.6979 -0.5394
vn 0.4702 -0.7529 -0.4605
vn 0.4607 -0.7944 -0.3958
vn 0.4481 -0.8242 -0.3463
vn 0.4357 -0.8446 -0.3111
vn 0.4267 -0.8564 -0.2908
vn 0.4314 -0.8491 -0.3047
vn 0.4375 -0.8378 -0.3265
vn 0.0860 -0.0953 -0.9917
vn 0.1518 -0.1682 -0.9740
vn 0.3105 -0.3251 -0.8932
vn 0.3862 -0.4225 -0.8200
vn 0.4440 -0.5142 -0.7338
vn 0.4816 -0.5954 -0.6431
vn 0.4992 -0.6635 -0.5573
vn 0.5023 -0.7206 -0.4780
vn 0.4944 -0.7665 -0.4100
vn 0.4810 -0.8013 -0.3557
vn 0.4664 -0.8266 -0.3149
vn 0.4534 -0.8439 -0.2867
vn 0.4441 -0.8538 -0.2716
vn 0.4489 -0.8464 -0.2865
vn 0.4559 -0.8357 -0.3061
vn 0.0970 -0.1141 -0.9887
vn 0.2237 -0.2300 -0.9471
vn 0.4130 -0.4022 -0.8171
vn 0.4726 -0.4874 -0.7343
vn 0.5112 -0.5632 -0.6492
vn 0.5311 -0.6290 -0.5677
vn 0.5358 -0.6846 -0.4943
vn 0.5292 -0.7320 -0.4290
vn 0.5155 -0.7711 -0.3736
vn 0.4989 -0.8014 -0.3298
vn 0.4827 -0.8238 -0.2973
vn 0.4688 -0.8393 -0.2754
vn 0.4589 -0.8482 -0.2644
vn 0.4629 -0.8412 -0.2795
vn 0.4697 -0.8314 -0.2969
vn 0.1682 -0.1730 -0.9705
vn 0.3351 -0.3146 -0.8881
vn 0.5305 -0.4758 -0.7015
vn 0.5590 -0.5389 -0.6301
vn 0.5732 -0.5964 -0.5620
vn 0.5750 -0.6480 -0.4995
vn 0.5678 -0.6937 -0.4431
vn 0.5531 -0.7342 -0.3937
vn 0.5345 -0.7688 -0.3511
vn 0.5151 -0.7962 -0.3174
vn 0.4971 -0.8169 -0.2924
vn 0.4822 -0.8315 -0.2759
vn 0.4713 -0.8401 -0.2684
vn 0.4740 -0.8341 -0.2820
vn 0.4810 -0.8244 -0.2984
vn 0.2918 -0.2660 -0.9187
vn 0.4865 -0.4146 -0.7690
vn 0.5784 -0.5480 -0.6042
vn 0.5786 -0.5974 -0.5553
vn 0.5716 -0.6445 -0.5078
vn 0.5596 -0.6879 -0.4623
vn 0.5418 -0.7274 -0.4211
vn 0.5217 -0.7616 -0.3845
vn 0.5013 -0.7892 -0.3546
vn 0.4827 -0.8104 -0.3320
vn 0.4672 -0.8257 -0.3161
vn 0.4550 -0.8356 -0.3078
vn 0.4540 -0.8328 -0.3166
vn 0.5721 -0.4981 -0.6517
vn 0.5625 -0.5330 -0.6321
vn 0.5530 -0.5798 -0.5983
vn 0.5415 -0.6270 -0.5600
vn 0.5278 -0.6720 -0.5195
vn 0.5096 -0.7137 -0.4805
vn 0.4897 -0.7503 -0.4441
vn 0.4698 -0.7801 -0.4133
vn 0.4514 -0.8032 -0.3888
vn 0.4356 -0.8204 -0.3705
vn 0.4223 -0.8325 -0.3587
vn 0.4174 -0.8339 -0.3611
vn 0.4562 -0.8256 -0.3322
vn 0.5644 -0.4607 -0.6850
vn 0.5769 -0.4926 -0.6515
vn 0.6030 -0.5357 -0.5911
vn 0.5765 -0.5765 -0.5791
vn 0.5549 -0.6203 -0.5544
vn 0.5355 -0.6634 -0.5227
vn 0.5137 -0.7042 -0.4902
vn 0.4917 -0.7404 -0.4583
vn 0.4706 -0.7702 -0.4304
vn 0.4515 -0.7936 -0.4078
vn 0.4353 -0.8112 -0.3905
vn 0.4212 -0.8241 -0.3787
vn 0.4146 -0.8274 -0.3788
vn 0.4179 -0.8291 -0.3714
vn 0.5978 -0.4736 -0.6468
vn 0.6503 -0.5081 -0.5647
vn 0.6604 -0.5349 -0.5270
vn 0.6179 -0.5721 -0.5393
vn 0.5862 -0.6134 -0.5293
vn 0.5606 -0.6544 -0.5074
vn 0.5344 -0.6938 -0.4827
vn 0.5096 -0.7291 -0.4569
vn 0.4867 -0.7584 -0.4336
vn 0.4664 -0.7816 -0.4143
vn 0.4492 -0.7992 -0.3994
vn 0.4351 -0.8128 -0.3874
vn 0.4280 -0.8159 -0.3886
vn 0.4156 -0.8233 -0.3865
vn 0.6973 -0.5000 -0.5135
vn 0.7347 -0.5111 -0.4460
vn 0.6997 -0.5209 -0.4889
vn 0.6481 -0.5590 -0.5172
vn 0.6101 -0.6003 -0.5172
vn 0.5803 -0.6408 -0.5026
vn 0.5509 -0.6801 -0.4838
vn 0.5239 -0.7152 -0.4626
vn 0.4993 -0.7446 -0.4430
vn 0.4779 -0.7680 -0.4263
vn 0.4611 -0.7867 -0.4106
vn 0.4455 -0.7999 -0.4022
vn 0.4354 -0.8046 -0.4038
vn 0.4266 -0.8133 -0.3956
vn 0.7813 -0.5008 -0.3724
vn 0.7861 -0.4918 -0.3744
vn 0.7195 -0.5002 -0.4818
vn 0.6661 -0.5410 -0.5135
vn 0.6257 -0.5835 -0.5177
vn 0.5939 -0.6245 -0.5073
vn 0.5625 -0.6642 -0.4924
vn 0.5338 -0.6997 -0.4747
vn 0.5079 -0.7296 -0.4579
vn 0.4869 -0.7543 -0.4403
vn 0.4680 -0.7727 -0.4289
vn 0.4498 -0.7864 -0.4234
vn 0.4388 -0.7934 -0.4218
vn 0.4333 -0.8033 -0.4086
vn 0.8145 -0.4810 -0.3243
vn 0.8020 -0.4653 -0.3746
vn 0.6557 -0.5248 -0.5429
vn 0.6171 -0.5687 -0.5438
vn 0.5856 -0.6106 -0.5331
vn 0.5539 -0.6511 -0.5189
vn 0.5246 -0.6873 -0.5024
vn 0.4979 -0.7179 -0.4866
vn 0.4735 -0.7453 -0.4694
vn 0.4548 -0.7618 -0.4613
vn 0.4367 -0.7773 -0.4530
vn 0.4238 -0.7864 -0.4494
vn 0.4350 -0.7933 -0.4259
vn 0.7039 -0.4822 -0.5215
vn 0.5844 -0.5187 -0.6240
vn 0.5532 -0.5642 -0.6129
vn 0.5257 -0.6074 -0.5955
vn 0.4967 -0.6488 -0.5765
vn 0.4692 -0.6856 -0.5566
vn 0.4437 -0.7166 -0.5382
vn 0.4199 -0.7445 -0.5191
vn 0.4011 -0.7617 -0.5088
vn 0.3830 -0.7780 -0.4980
vn 0.3692 -0.7892 -0.4907
vn 0.4156 -0.7884 -0.4534
vn 0.7641 -0.4463 -0.4659
vn 0.6203 -0.4759 -0.6235
vn 0.5184 -0.5125 -0.6846
vn 0.4980 -0.5585 -0.6634
vn 0.4769 -0.6019 -0.6405
vn 0.4525 -0.6432 -0.6177
vn 0.4280 -0.6800 -0.5953
vn 0.4066 -0.7120 -0.5725
vn 0.3854 -0.7367 -0.5557
vn 0.3650 -0.7562 -0.5430
vn 0.3472 -0.7730 -0.5309
vn 0.3327 -0.7858 -0.5214
vn 0.3571 -0.7932 -0.4933
vn 0.6528 -0.4452 -0.6129
vn 0.5368 -0.4708 -0.7001
vn 0.5002 -0.5077 -0.7015
vn 0.4899 -0.5508 -0.6757
vn 0.4748 -0.5917 -0.6514
vn 0.4545 -0.6309 -0.6288
vn 0.4344 -0.6673 -0.6050
vn 0.4120 -0.6972 -0.5867
vn 0.3898 -0.7203 -0.5738
vn 0.3714 -0.7406 -0.5600
vn 0.3534 -0.7574 -0.5491
vn 0.3383 -0.7707 -0.5399
vn 0.3263 -0.7889 -0.5207
vn 0.5467 -0.4434 -0.7103
vn 0.5032 -0.4707 -0.7247
vn 0.4742 -0.5098 -0.7178
vn 0.4737 -0.5486 -0.6889
vn 0.4651 -0.5859 -0.6636
vn 0.4512 -0.6228 -0.6392
vn 0.4319 -0.6561 -0.6189
vn 0.4103 -0.6828 -0.6045
vn 0.3912 -0.7058 -0.5906
vn 0.3734 -0.7254 -0.5783
vn 0.3556 -0.7418 -0.5686
vn 0.3403 -0.7554 -0.5600
vn 0.3312 -0.7741 -0.5394
vn 0.5032 -0.4458 -0.7403
vn 0.4638 -0.4794 -0.7450
vn 0.4518 -0.5522 -0.7007
vn 0.4492 -0.5847 -0.6755
vn 0.4382 -0.6191 -0.6517
vn 0.4226 -0.6465 -0.6351
vn 0.4051 -0.6718 -0.6202
vn 0.3874 -0.6930 -0.6080
vn 0.3706 -0.7112 -0.5974
vn 0.3533 -0.7268 -0.5891
vn 0.3380 -0.7400 -0.5814
vn 0.3326 -0.7589 -0.5599
vn 0.4420 -0.5213 -0.7300
vn 0.4260 -0.5609 -0.7099
vn 0.4289 -0.5883 -0.6856
vn 0.4223 -0.6166 -0.6644
vn 0.4096 -0.6411 -0.6490
vn 0.3944 -0.6632 -0.6361
vn 0.3783 -0.6820 -0.6259
vn 0.3625 -0.6984 -0.6171
vn 0.3458 -0.7126 -0.6104
vn 0.3309 -0.7251 -0.6039
vn 0.3298 -0.7435 -0.5818
vn 0.3921 -0.5179 -0.7603
vn 0.4228 -0.4964 -0.7582
vn 0.4120 -0.5393 -0.7344
vn 0.3981 -0.5734 -0.7161
vn 0.4039 -0.5954 -0.6945
vn 0.4009 -0.6180 -0.6763
vn 0.3915 -0.6385 -0.6626
vn 0.3783 -0.6570 -0.6521
vn 0.3636 -0.6729 -0.6442
vn 0.3488 -0.6871 -0.6373
vn 0.3327 -0.6995 -0.6324
vn 0.3181 -0.7108 -0.6274
vn 0.3222 -0.7282 -0.6049
vn 0.3652 -0.5429 -0.7562
vn 0.3811 -0.5588 -0.7365
vn 0.3685 -0.5874 -0.7205
vn 0.3766 -0.6051 -0.7014
vn 0.3766 -0.6219 -0.6866
vn 0.3689 -0.6378 -0.6761
vn 0.3570 -0.6525 -0.6684
vn 0.3432 -0.6655 -0.6629
vn 0.3291 -0.6771 -0.6582
vn 0.3135 -0.6874 -0.6552
vn 0.2992 -0.6969 -0.6518
vn 0.3090 -0.7132 -0.6292
vn 0.3408 -0.5687 -0.7486
vn 0.3519 -0.5791 -0.7354
vn 0.3469 -0.6018 -0.7193
vn 0.3571 -0.6134 -0.7044
vn 0.3566 -0.6247 -0.6947
vn 0.3489 -0.6364 -0.6880
vn 0.3369 -0.6474 -0.6836
vn 0.3229 -0.6573 -0.6809
vn 0.3086 -0.6665 -0.6786
vn 0.2925 -0.6746 -0.6778
vn 0.2777 -0.6822 -0.6763
vn 0.2897 -0.6984 -0.6544
vn 0.3252 -0.5920 -0.7374
vn 0.3407 -0.6129 -0.7129
vn 0.3475 -0.6179 -0.7053
vn 0.3455 -0.6244 -0.7006
vn 0.3364 -0.6317 -0.6984
vn 0.3228 -0.6392 -0.6980
vn 0.3074 -0.6462 -0.6985
vn 0.2917 -0.6529 -0.6990
vn 0.2742 -0.6586 -0.7007
vn 0.2582 -0.6644 -0.7013
vn 0.2680 -0.6826 -0.6799
vn 0.3258 -0.6092 -0.7230
vn 0.3311 -0.5957 -0.7318
vn 0.3355 -0.6207 -0.7086
vn 0.3404 -0.6207 -0.7063
vn 0.3367 -0.6221 -0.7069
vn 0.3258 -0.6249 -0.7095
vn 0.3105 -0.6285 -0.7131
vn 0.2935 -0.6323 -0.7170
vn 0.2764 -0.6362 -0.7203
vn 0.2574 -0.6394 -0.7245
vn 0.2402 -0.6431 -0.7272
vn 0.2477 -0.6633 -0.7061
vn 0.3250 -0.6221 -0.7123
vn 0.3276 -0.6276 -0.7062
vn 0.3310 -0.6230 -0.7087
vn 0.3259 -0.6190 -0.7146
vn 0.3136 -0.6169 -0.7218
vn 0.2970 -0.6163 -0.7293
vn 0.2788 -0.6165 -0.7364
vn 0.2607 -0.6173 -0.7422
vn 0.2406 -0.6177 -0.7487
vn 0.2227 -0.6189 -0.7532
vn 0.2289 -0.6405 -0.7330
vn 0.3205 -0.6332 -0.7045
vn 0.3167 -0.6339 -0.7056
vn 0.3189 -0.6251 -0.7125
vn 0.3128 -0.6154 -0.7235
vn 0.2997 -0.6082 -0.7351
vn 0.2823 -0.6030 -0.7461
vn 0.2634 -0.5992 -0.7560
vn 0.2448 -0.5968 -0.7642
vn 0.2242 -0.5941 -0.7726
vn 0.2058 -0.5926 -0.7787
vn 0.2108 -0.6148 -0.7600
vn 0.3116 -0.6429 -0.6997
vn 0.3029 -0.6398 -0.7063
vn 0.3042 -0.6269 -0.7173
vn 0.2975 -0.6115 -0.7331
vn 0.2840 -0.5989 -0.7488
vn 0.2665 -0.5890 -0.7630
vn 0.2474 -0.5811 -0.7753
vn 0.2288 -0.5751 -0.7854
vn 0.2082 -0.5692 -0.7954
vn 0.1900 -0.5650 -0.8029
vn 0.1936 -0.5870 -0.7861
vn 0.2988 -0.6512 -0.6976
vn 0.2869 -0.6281 -0.7233
vn 0.2800 -0.6077 -0.7432
vn 0.2668 -0.5896 -0.7624
vn 0.2496 -0.5747 -0.7793
vn 0.2311 -0.5627 -0.7937
vn 0.2130 -0.5531 -0.8054
vn 0.1930 -0.5440 -0.8166
vn 0.1754 -0.5370 -0.8251
vn 0.1778 -0.5580 -0.8105
vn 0.2860 -0.6449 -0.7088
vn 0.2666 -0.6289 -0.7303
vn 0.2599 -0.6042 -0.7533
vn 0.2472 -0.5806 -0.7757
vn 0.2307 -0.5610 -0.7951
vn 0.2129 -0.5449 -0.8111
vn 0.1955 -0.5317 -0.8240
vn 0.1764 -0.5195 -0.8361
vn 0.1596 -0.5098 -0.8454
vn 0.1636 -0.5288 -0.8328
vn 0.2663 -0.6484 -0.7132
vn 0.2449 -0.6291 -0.7377
vn 0.2379 -0.6006 -0.7633
vn 0.2252 -0.5718 -0.7889
vn 0.2087 -0.5475 -0.8104
vn 0.1910 -0.5275 -0.8278
vn 0.1737 -0.5109 -0.8419
vn 0.1548 -0.4957 -0.8546
vn 0.1383 -0.4834 -0.8644
vn 0.1482 -0.5004 -0.8530
vn 0.2447 -0.6510 -0.7185
vn 0.2235 -0.6283 -0.7452
vn 0.2161 -0.5962 -0.7733
vn 0.2029 -0.5622 -0.8017
vn 0.1861 -0.5333 -0.8252
vn 0.1681 -0.5094 -0.8440
vn 0.1507 -0.4895 -0.8589
vn 0.1318 -0.4713 -0.8721
vn 0.1152 -0.4564 -0.8823
vn 0.1270 -0.4728 -0.8719
vn 0.2234 -0.6521 -0.7244
vn 0.2034 -0.6264 -0.7525
vn 0.1958 -0.5908 -0.7827
vn 0.1826 -0.5518 -0.8138
vn 0.1659 -0.5183 -0.8389
vn 0.1481 -0.4905 -0.8588
vn 0.1309 -0.4674 -0.8743
vn 0.1095 -0.4443 -0.8892
vn 0.0902 -0.4290 -0.8988
vn 0.1039 -0.4446 -0.8897
vn 0.2030 -0.6520 -0.7306
vn 0.1849 -0.6236 -0.7595
vn 0.1775 -0.5849 -0.7914
vn 0.1646 -0.5409 -0.8248
vn 0.1483 -0.5030 -0.8515
vn 0.1286 -0.4696 -0.8735
vn 0.1092 -0.4451 -0.8888
vn 0.0809 -0.4012 -0.9124
vn 0.0704 -0.3966 -0.9153
vn 0.0790 -0.4207 -0.9037
vn 0.1842 -0.6508 -0.7366
vn 0.1681 -0.6204 -0.7660
vn 0.1613 -0.5788 -0.7993
vn 0.1491 -0.5299 -0.8348
vn 0.1315 -0.4860 -0.8640
vn 0.1020 -0.4229 -0.9004
vn 0.0850 -0.3975 -0.9136
vn 0.0937 -0.4196 -0.9029
vn 0.0703 -0.3748 -0.9245
vn 0.0604 -0.3689 -0.9275
vn 0.1671 -0.6490 -0.7422
vn 0.1534 -0.6170 -0.7719
vn 0.1474 -0.5728 -0.8063
vn 0.1363 -0.5194 -0.8436
vn 0.1077 -0.4348 -0.8940
vn 0.1153 -0.4508 -0.8852
vn 0.0933 -0.4023 -0.9108
vn 0.0777 -0.3745 -0.9239
vn 0.0642 -0.3499 -0.9346
vn 0.0552 -0.3427 -0.9378
vn 0.1521 -0.6467 -0.7474
vn 0.1377 -0.6143 -0.7769
vn 0.1324 -0.5673 -0.8128
vn 0.1209 -0.5088 -0.8524
vn 0.1224 -0.4697 -0.8743
vn 0.0971 -0.4187 -0.9029
vn 0.0842 -0.3837 -0.9196
vn 0.0704 -0.3537 -0.9327
vn 0.0584 -0.3273 -0.9431
vn 0.0505 -0.3190 -0.9464
vn 0.1360 -0.6447 -0.7522
vn 0.1123 -0.5622 -0.8193
vn 0.0933 -0.4486 -0.8888
vn 0.1086 -0.4584 -0.8821
vn 0.0818 -0.4048 -0.9108
vn 0.0706 -0.3675 -0.9273
vn 0.0586 -0.3356 -0.9402
vn 0.0481 -0.3078 -0.9502
vn 0.0414 -0.2982 -0.9536
vn 0.1172 -0.6107 -0.7831
vn 0.0920 -0.5577 -0.8249
vn 0.1039 -0.4997 -0.8599
vn 0.0757 -0.4390 -0.8953
vn 0.0656 -0.3927 -0.9173
vn 0.0559 -0.3536 -0.9337
vn 0.0454 -0.3200 -0.9463
vn 0.0363 -0.2909 -0.9561
vn 0.0304 -0.2803 -0.9594
vn 0.0959 -0.6078 -0.7883
vn 0.0753 -0.5537 -0.8293
vn 0.0848 -0.4932 -0.8658
vn 0.0609 -0.4305 -0.9005
vn 0.0520 -0.3821 -0.9226
vn 0.0434 -0.3413 -0.9389
vn 0.0342 -0.3064 -0.9513
vn 0.0261 -0.2761 -0.9608
vn 0.0210 -0.2647 -0.9641
vn 0.0785 -0.6050 -0.7923
vn 0.0617 -0.5494 -0.8333
vn 0.0690 -0.4874 -0.8704
vn 0.0492 -0.4228 -0.9049
vn 0.0412 -0.3726 -0.9271
vn 0.0334 -0.3304 -0.9432
vn 0.0251 -0.2942 -0.9554
vn 0.0178 -0.2630 -0.9646
vn 0.0132 -0.2509 -0.9679
vn 0.0651 -0.6024 -0.7955
vn 0.0479 -0.4782 -0.8770
vn 0.0560 -0.4827 -0.8740
vn 0.0408 -0.4157 -0.9086
vn 0.0333 -0.3639 -0.9308
vn 0.0259 -0.3204 -0.9469
vn 0.0181 -0.2830 -0.9589
vn 0.0113 -0.2509 -0.9679
vn 0.0070 -0.2383 -0.9712
vn 0.0559 -0.5999 -0.7981
vn 0.0534 -0.5452 -0.8366
vn 0.0419 -0.4731 -0.8800
vn 0.0349 -0.4087 -0.9120
vn 0.0275 -0.3554 -0.9343
vn 0.0204 -0.3107 -0.9503
vn 0.0129 -0.2723 -0.9621
vn 0.0063 -0.2395 -0.9709
vn 0.0022 -0.2263 -0.9740
vn 0.0499 -0.5973 -0.8005
vn 0.0474 -0.5416 -0.8393
vn 0.0338 -0.4682 -0.8830
vn 0.0271 -0.4020 -0.9153
vn 0.0201 -0.3472 -0.9376
vn 0.0134 -0.3013 -0.9534
vn 0.0064 -0.2620 -0.9651
vn 0.0004 -0.2283 -0.9736
vn -0.0034 -0.2147 -0.9767
vn 0.0415 -0.5947 -0.8029
vn 0.0391 -0.5381 -0.8420
vn 0.0226 -0.4638 -0.8857
vn 0.0165 -0.3959 -0.9181
vn 0.0102 -0.3399 -0.9404
vn 0.0043 -0.2930 -0.9561
vn -0.0019 -0.2528 -0.9675
vn -0.0072 -0.2186 -0.9758
vn -0.0105 -0.2045 -0.9788
vn 0.0299 -0.5924 -0.8051
vn 0.0275 -0.5351 -0.8443
vn 0.0125 -0.4599 -0.8879
vn 0.0070 -0.3906 -0.9205
vn 0.0013 -0.3335 -0.9428
vn -0.0040 -0.2857 -0.9583
vn -0.0094 -0.2449 -0.9695
vn -0.0142 -0.2101 -0.9776
vn -0.0170 -0.1956 -0.9805
vn 0.0192 -0.5904 -0.8069
vn 0.0170 -0.5324 -0.8463
vn 0.0041 -0.4564 -0.8898
vn -0.0009 -0.3858 -0.9226
vn -0.0061 -0.3277 -0.9448
vn -0.0109 -0.2793 -0.9601
vn -0.0158 -0.2378 -0.9712
vn -0.0201 -0.2027 -0.9790
vn -0.0227 -0.1878 -0.9819
vn 0.0100 -0.5884 -0.8085
vn 0.0080 -0.5302 -0.8478
vn -0.0024 -0.4530 -0.8915
vn -0.0071 -0.3814 -0.9244
vn -0.0119 -0.3224 -0.9465
vn -0.0163 -0.2733 -0.9618
vn -0.0210 -0.2313 -0.9727
vn -0.0249 -0.1958 -0.9803
vn -0.0273 -0.1807 -0.9832
vn 0.0014 -0.5282 -0.8491
vn -0.0073 -0.4498 -0.8931
vn -0.0117 -0.3771 -0.9261
vn -0.0162 -0.3172 -0.9482
vn -0.0205 -0.2675 -0.9634
vn -0.0250 -0.2250 -0.9740
vn -0.0289 -0.1890 -0.9815
vn -0.0312 -0.1738 -0.9843
vn 0.0032 -0.5868 -0.8097
vn -0.0038 -0.5261 -0.8504
vn -0.0132 -0.4465 -0.8947
vn -0.0173 -0.3726 -0.9278
vn -0.0216 -0.3119 -0.9499
vn -0.0258 -0.2615 -0.9649
vn -0.0301 -0.2185 -0.9754
vn -0.0338 -0.1821 -0.9827
vn -0.0362 -0.1667 -0.9854
vn -0.0023 -0.5857 -0.8105
vn -0.0101 -0.5241 -0.8516
vn -0.0207 -0.4429 -0.8964
vn -0.0248 -0.3682 -0.9294
vn -0.0287 -0.3066 -0.9514
vn -0.0326 -0.2555 -0.9662
vn -0.0366 -0.2120 -0.9766
vn -0.0401 -0.1753 -0.9837
vn -0.0423 -0.1596 -0.9863
vn -0.0089 -0.5848 -0.8111
vn -0.0179 -0.5225 -0.8524
vn -0.0255 -0.5212 -0.8530
vn -0.0307 -0.3636 -0.9311
vn -0.0348 -0.3016 -0.9528
vn -0.0383 -0.2499 -0.9675
vn -0.0420 -0.2059 -0.9777
vn -0.0452 -0.1687 -0.9846
vn -0.0473 -0.1529 -0.9871
vn -0.0172 -0.5843 -0.8114
vn -0.0308 -0.5199 -0.8537
vn -0.0274 -0.4398 -0.8977
vn -0.0327 -0.4372 -0.8988
vn -0.0383 -0.2964 -0.9543
vn -0.0419 -0.2445 -0.9687
vn -0.0453 -0.2000 -0.9787
vn -0.0483 -0.1626 -0.9855
vn -0.0501 -0.1465 -0.9879
vn -0.0247 -0.5841 -0.8113
vn -0.0342 -0.5190 -0.8541
vn -0.0355 -0.4344 -0.9000
vn -0.0351 -0.3596 -0.9324
vn -0.0380 -0.3563 -0.9336
vn -0.0431 -0.2391 -0.9700
vn -0.0465 -0.1945 -0.9798
vn -0.0492 -0.1567 -0.9864
vn -0.0510 -0.1404 -0.9888
vn -0.0303 -0.5843 -0.8110
vn -0.0356 -0.5184 -0.8544
vn -0.0364 -0.4319 -0.9012
vn -0.0383 -0.3529 -0.9349
vn -0.0403 -0.2919 -0.9556
vn -0.0407 -0.2881 -0.9567
vn -0.0449 -0.1893 -0.9809
vn -0.0478 -0.1509 -0.9874
vn -0.0498 -0.1348 -0.9896
vn -0.0340 -0.5850 -0.8103
vn -0.0374 -0.5182 -0.8544
vn -0.0375 -0.4298 -0.9022
vn -0.0389 -0.3498 -0.9360
vn -0.0408 -0.2844 -0.9578
vn -0.0427 -0.2344 -0.9712
vn -0.0428 -0.2305 -0.9721
vn -0.0451 -0.1845 -0.9818
vn -0.0476 -0.1289 -0.9905
vn -0.0360 -0.5862 -0.8093
vn -0.0408 -0.5185 -0.8541
vn -0.0401 -0.4280 -0.9029
vn -0.0408 -0.3472 -0.9369
vn -0.0422 -0.2811 -0.9588
vn -0.0437 -0.2267 -0.9730
vn -0.0456 -0.1803 -0.9826
vn -0.0467 -0.1459 -0.9882
vn -0.0473 -0.1417 -0.9888
vn -0.0384 -0.5879 -0.8080
vn -0.0439 -0.5193 -0.8535
vn -0.0426 -0.4265 -0.9035
vn -0.0428 -0.3449 -0.9377
vn -0.0436 -0.2782 -0.9595
vn -0.0448 -0.2233 -0.9737
vn -0.0463 -0.1766 -0.9832
vn -0.0477 -0.1376 -0.9893
vn -0.0484 -0.1236 -0.9912
vn -0.0425 -0.5902 -0.8061
vn -0.0461 -0.5206 -0.8526
vn -0.0442 -0.4254 -0.9039
vn -0.0440 -0.3430 -0.9383
vn -0.0446 -0.2756 -0.9602
vn -0.0455 -0.2203 -0.9744
vn -0.0467 -0.1731 -0.9838
vn -0.0480 -0.1339 -0.9898
vn -0.0487 -0.1194 -0.9916
vn -0.0463 -0.5932 -0.8037
vn -0.0466 -0.5209 -0.8523
vn -0.0450 -0.4244 -0.9044
vn -0.0446 -0.3411 -0.9390
vn -0.0450 -0.2731 -0.9609
vn -0.0458 -0.2173 -0.9750
vn -0.0469 -0.1698 -0.9844
vn -0.0481 -0.1303 -0.9903
vn -0.0489 -0.1156 -0.9921
vn -0.0489 -0.5985 -0.7996
vn -0.0496 -0.6009 -0.7978
vn -0.0470 -0.5209 -0.8523
vn -0.0453 -0.4234 -0.9048
vn -0.0448 -0.3393 -0.9396
vn -0.0452 -0.2706 -0.9616
vn -0.0459 -0.2143 -0.9757
vn -0.0471 -0.1664 -0.9849
vn -0.0483 -0.1265 -0.9908
vn -0.0489 -0.1119 -0.9925
vn -0.0494 -0.6500 -0.7583
vn -0.0518 -0.6034 -0.7958
vn -0.0489 -0.5208 -0.8523
vn -0.0469 -0.4223 -0.9053
vn -0.0464 -0.3373 -0.9403
vn -0.0467 -0.2679 -0.9623
vn -0.0474 -0.2111 -0.9763
vn -0.0486 -0.1627 -0.9855
vn -0.0498 -0.1226 -0.9912
vn -0.0491 -0.1080 -0.9929
vn -0.0503 -0.6544 -0.7545
vn -0.0551 -0.6061 -0.7935
vn -0.0517 -0.5207 -0.8522
vn -0.0494 -0.4211 -0.9057
vn -0.0486 -0.3351 -0.9409
vn -0.0488 -0.2650 -0.9630
vn -0.0494 -0.2076 -0.9770
vn -0.0506 -0.1588 -0.9860
vn -0.0517 -0.1183 -0.9916
vn -0.0507 -0.1038 -0.9933
vn -0.0529 -0.6590 -0.7503
vn -0.0564 -0.6091 -0.7911
vn -0.0526 -0.5207 -0.8521
vn -0.0500 -0.4199 -0.9062
vn -0.0490 -0.3330 -0.9417
vn -0.0490 -0.2621 -0.9638
vn -0.0496 -0.2041 -0.9777
vn -0.0506 -0.1548 -0.9867
vn -0.0517 -0.1139 -0.9921
vn -0.0526 -0.0994 -0.9937
vn -0.0567 -0.6642 -0.7454
vn -0.0551 -0.6125 -0.7886
vn -0.0510 -0.5208 -0.8522
vn -0.0483 -0.4189 -0.9068
vn -0.0472 -0.3310 -0.9425
vn -0.0470 -0.2593 -0.9646
vn -0.0474 -0.2007 -0.9785
vn -0.0483 -0.1509 -0.9874
vn -0.0493 -0.1097 -0.9927
vn -0.0525 -0.0949 -0.9941
vn -0.0585 -0.6699 -0.7401
vn -0.0510 -0.6160 -0.7861
vn -0.0468 -0.5211 -0.8522
vn -0.0441 -0.4181 -0.9073
vn -0.0429 -0.3292 -0.9433
vn -0.0427 -0.2568 -0.9655
vn -0.0430 -0.1975 -0.9794
vn -0.0438 -0.1473 -0.9881
vn -0.0446 -0.1057 -0.9934
vn -0.0501 -0.0905 -0.9946
vn -0.0577 -0.6760 -0.7346
vn -0.0600 -0.6193 -0.7829
vn -0.0545 -0.5216 -0.8514
vn -0.0508 -0.4176 -0.9072
vn -0.0489 -0.3278 -0.9435
vn -0.0484 -0.2546 -0.9658
vn -0.0485 -0.1948 -0.9796
vn -0.0493 -0.1441 -0.9883
vn -0.0503 -0.1021 -0.9935
vn -0.0453 -0.0865 -0.9952
vn -0.0540 -0.6823 -0.7291
vn -0.0689 -0.6242 -0.7782
vn -0.0612 -0.5225 -0.8505
vn -0.0563 -0.4172 -0.9071
vn -0.0537 -0.3261 -0.9438
vn -0.0527 -0.2519 -0.9663
vn -0.0527 -0.1912 -0.9801
vn -0.0534 -0.1398 -0.9887
vn -0.0544 -0.0974 -0.9938
vn -0.0511 -0.0827 -0.9953
vn -0.0645 -0.6879 -0.7229
vn -0.0552 -0.6309 -0.7739
vn -0.0479 -0.5245 -0.8501
vn -0.0435 -0.4178 -0.9075
vn -0.0411 -0.3255 -0.9446
vn -0.0401 -0.2502 -0.9674
vn -0.0399 -0.1887 -0.9812
vn -0.0404 -0.1366 -0.9898
vn -0.0411 -0.0935 -0.9948
vn -0.0552 -0.0777 -0.9954
vn -0.0759 -0.6971 -0.7129
vn -0.0452 -0.6345 -0.7716
vn -0.0379 -0.5253 -0.8501
vn -0.0345 -0.4180 -0.9078
vn -0.0327 -0.3250 -0.9452
vn -0.0319 -0.2491 -0.9679
vn -0.0318 -0.1871 -0.9818
vn -0.0322 -0.1346 -0.9904
vn -0.0328 -0.0911 -0.9953
vn -0.0417 -0.0737 -0.9964
vn -0.0622 -0.7077 -0.7038
vn 0.0097 -0.0090 0.9999
vn 0.0371 -0.0344 0.9987
vn 0.0147 -0.0141 0.9998
vn 0.0257 -0.0236 0.9994
vn 0.0735 -0.0698 0.9948
vn 0.0524 -0.0497 0.9974
vn 0.1221 -0.1223 0.9850
vn 0.0887 -0.0893 0.9920
vn 0.1819 -0.1951 0.9638
vn 0.1347 -0.1462 0.9800
vn 0.2485 -0.2882 0.9248
vn 0.1888 -0.2233 0.9563
vn 0.3088 -0.3911 0.8670
vn 0.2424 -0.3153 0.9175
vn 0.3603 -0.5019 0.7863
vn 0.2948 -0.4254 0.8557
vn 0.3924 -0.6034 0.6942
vn 0.3341 -0.5354 0.7757
vn 0.4060 -0.6884 0.6011
vn 0.3572 -0.6331 0.6867
vn 0.4055 -0.7545 0.5160
vn 0.3664 -0.7095 0.6019
vn 0.3968 -0.8038 0.4434
vn 0.3655 -0.7666 0.5279
vn 0.3872 -0.8355 0.3899
vn 0.3630 -0.7983 0.4806
vn 0.3959 -0.8221 0.4091
vn 0.3813 -0.7480 0.5432
vn 0.3883 -0.7668 0.5111
vn 0.0013 -0.0020 1.0000
vn 0.0040 -0.0052 1.0000
vn 0.0744 -0.0700 0.9948
vn 0.0325 -0.0314 0.9990
vn 0.1386 -0.1334 0.9813
vn 0.2188 -0.2209 0.9504
vn 0.3066 -0.3296 0.8930
vn 0.3872 -0.4477 0.8060
vn 0.4439 -0.5576 0.7014
vn 0.4771 -0.6560 0.5848
vn 0.4853 -0.7349 0.4737
vn 0.4762 -0.7945 0.3769
vn 0.4584 -0.8372 0.2983
vn 0.4389 -0.8659 0.2401
vn 0.4234 -0.8825 0.2049
vn 0.4341 -0.8695 0.2355
vn 0.4389 -0.8421 0.3134
vn 0.0113 -0.0125 0.9999
vn 0.1400 -0.1299 0.9816
vn 0.0666 -0.0629 0.9958
vn 0.2420 -0.2300 0.9426
vn 0.3513 -0.3497 0.8685
vn 0.4476 -0.4732 0.7588
vn 0.5142 -0.5834 0.6287
vn 0.5460 -0.6711 0.5015
vn 0.5512 -0.7401 0.3852
vn 0.5374 -0.7922 0.2892
vn 0.5145 -0.8301 0.2152
vn 0.4900 -0.8566 0.1616
vn 0.4687 -0.8741 0.1277
vn 0.4537 -0.8840 0.1129
vn 0.4675 -0.8708 0.1522
vn 0.4797 -0.8528 0.2065
vn 0.0366 -0.0351 0.9987
vn 0.1933 -0.1802 0.9645
vn 0.0971 -0.0935 0.9909
vn 0.3154 -0.3002 0.9002
vn 0.4319 -0.4293 0.7932
vn 0.5196 -0.5469 0.6565
vn 0.5683 -0.6403 0.5168
vn 0.5827 -0.7090 0.3971
vn 0.5754 -0.7611 0.2995
vn 0.5553 -0.8007 0.2247
vn 0.5310 -0.8300 0.1707
vn 0.5077 -0.8510 0.1343
vn 0.4885 -0.8652 0.1135
vn 0.4762 -0.8726 0.1084
vn 0.4910 -0.8585 0.1479
vn 0.5081 -0.8414 0.1844
vn 0.0743 -0.0671 0.9950
vn 0.2561 -0.2629 0.9302
vn 0.1579 -0.1612 0.9742
vn 0.3545 -0.3774 0.8555
vn 0.4365 -0.4909 0.7540
vn 0.4916 -0.5906 0.6399
vn 0.5175 -0.6699 0.5324
vn 0.5229 -0.7326 0.4357
vn 0.5138 -0.7802 0.3568
vn 0.4979 -0.8148 0.2970
vn 0.4806 -0.8391 0.2547
vn 0.4654 -0.8556 0.2267
vn 0.4552 -0.8643 0.2142
vn 0.4653 -0.8521 0.2394
vn 0.4875 -0.8357 0.2527
vn 0.2303 -0.2560 0.9389
vn 0.1518 -0.1682 0.9740
vn 0.3077 -0.3536 0.8833
vn 0.3757 -0.4536 0.8082
vn 0.4273 -0.5477 0.7193
vn 0.4576 -0.6289 0.6286
vn 0.4712 -0.6979 0.5394
vn 0.4702 -0.7529 0.4605
vn 0.4607 -0.7944 0.3958
vn 0.4481 -0.8242 0.3463
vn 0.4357 -0.8446 0.3111
vn 0.4267 -0.8564 0.2908
vn 0.4314 -0.8491 0.3047
vn 0.4375 -0.8378 0.3265
vn 0.0860 -0.0953 0.9917
vn 0.0970 -0.1141 0.9887
vn 0.3105 -0.3251 0.8932
vn 0.2237 -0.2300 0.9471
vn 0.3862 -0.4225 0.8200
vn 0.4440 -0.5142 0.7338
vn 0.4816 -0.5954 0.6431
vn 0.4992 -0.6635 0.5573
vn 0.5023 -0.7206 0.4780
vn 0.4944 -0.7665 0.4100
vn 0.4810 -0.8013 0.3557
vn 0.4664 -0.8266 0.3149
vn 0.4534 -0.8439 0.2867
vn 0.4441 -0.8538 0.2716
vn 0.4489 -0.8464 0.2865
vn 0.4559 -0.8357 0.3061
vn 0.1682 -0.1730 0.9705
vn 0.4130 -0.4022 0.8171
vn 0.3351 -0.3146 0.8881
vn 0.4726 -0.4874 0.7343
vn 0.5112 -0.5632 0.6492
vn 0.5311 -0.6290 0.5677
vn 0.5358 -0.6846 0.4943
vn 0.5292 -0.7320 0.4290
vn 0.5155 -0.7711 0.3736
vn 0.4989 -0.8014 0.3298
vn 0.4827 -0.8238 0.2973
vn 0.4688 -0.8393 0.2754
vn 0.4589 -0.8482 0.2644
vn 0.4629 -0.8412 0.2795
vn 0.4697 -0.8314 0.2969
vn 0.2918 -0.2660 0.9187
vn 0.5305 -0.4758 0.7015
vn 0.4865 -0.4146 0.7690
vn 0.5590 -0.5389 0.6301
vn 0.5732 -0.5964 0.5620
vn 0.5750 -0.6480 0.4995
vn 0.5678 -0.6937 0.4431
vn 0.5531 -0.7342 0.3937
vn 0.5345 -0.7688 0.3511
vn 0.5151 -0.7962 0.3174
vn 0.4971 -0.8169 0.2924
vn 0.4822 -0.8315 0.2759
vn 0.4713 -0.8401 0.2684
vn 0.4740 -0.8341 0.2820
vn 0.4810 -0.8244 0.2984
vn 0.4722 -0.3892 0.7909
vn 0.5784 -0.5480 0.6042
vn 0.5721 -0.4981 0.6517
vn 0.5786 -0.5974 0.5553
vn 0.5716 -0.6445 0.5078
vn 0.5596 -0.6879 0.4623
vn 0.5418 -0.7274 0.4211
vn 0.5217 -0.7616 0.3845
vn 0.5013 -0.7892 0.3546
vn 0.4827 -0.8104 0.3320
vn 0.4672 -0.8257 0.3161
vn 0.4550 -0.8356 0.3078
vn 0.4540 -0.8328 0.3166
vn 0.4562 -0.8256 0.3322
vn 0.5625 -0.5330 0.6321
vn 0.5769 -0.4926 0.6515
vn 0.5530 -0.5798 0.5983
vn 0.5415 -0.6270 0.5600
vn 0.5278 -0.6720 0.5195
vn 0.5096 -0.7137 0.4805
vn 0.4897 -0.7503 0.4441
vn 0.4698 -0.7801 0.4133
vn 0.4514 -0.8032 0.3888
vn 0.4356 -0.8204 0.3705
vn 0.4223 -0.8325 0.3587
vn 0.4174 -0.8339 0.3611
vn 0.4179 -0.8291 0.3714
vn 0.5644 -0.4607 0.6850
vn 0.5978 -0.4736 0.6468
vn 0.6030 -0.5357 0.5911
vn 0.6503 -0.5081 0.5647
vn 0.5765 -0.5765 0.5791
vn 0.5549 -0.6203 0.5544
vn 0.5355 -0.6634 0.5227
vn 0.5137 -0.7042 0.4902
vn 0.4917 -0.7404 0.4583
vn 0.4706 -0.7702 0.4304
vn 0.4515 -0.7936 0.4078
vn 0.4353 -0.8112 0.3905
vn 0.4212 -0.8241 0.3787
vn 0.4146 -0.8274 0.3788
vn 0.4156 -0.8233 0.3865
vn 0.6973 -0.5000 0.5135
vn 0.6604 -0.5349 0.5270
vn 0.7347 -0.5111 0.4460
vn 0.6179 -0.5721 0.5393
vn 0.5862 -0.6134 0.5293
vn 0.5606 -0.6544 0.5074
vn 0.5344 -0.6938 0.4827
vn 0.5096 -0.7291 0.4569
vn 0.4867 -0.7584 0.4336
vn 0.4664 -0.7816 0.4143
vn 0.4492 -0.7992 0.3994
vn 0.4351 -0.8128 0.3874
vn 0.4280 -0.8159 0.3886
vn 0.4266 -0.8133 0.3956
vn 0.7813 -0.5008 0.3724
vn 0.6997 -0.5209 0.4889
vn 0.7861 -0.4918 0.3744
vn 0.6481 -0.5590 0.5172
vn 0.6101 -0.6003 0.5172
vn 0.5803 -0.6408 0.5026
vn 0.5509 -0.6801 0.4838
vn 0.5239 -0.7152 0.4626
vn 0.4993 -0.7446 0.4430
vn 0.4779 -0.7680 0.4263
vn 0.4611 -0.7867 0.4106
vn 0.4455 -0.7999 0.4022
vn 0.4354 -0.8046 0.4038
vn 0.4333 -0.8033 0.4086
vn 0.8145 -0.4810 0.3243
vn 0.7195 -0.5002 0.4818
vn 0.8020 -0.4653 0.3746
vn 0.6661 -0.5410 0.5135
vn 0.6257 -0.5835 0.5177
vn 0.5939 -0.6245 0.5073
vn 0.5625 -0.6642 0.4924
vn 0.5338 -0.6997 0.4747
vn 0.5079 -0.7296 0.4579
vn 0.4869 -0.7543 0.4403
vn 0.4680 -0.7727 0.4289
vn 0.4498 -0.7864 0.4234
vn 0.4388 -0.7934 0.4218
vn 0.4350 -0.7933 0.4259
vn 0.8153 -0.4557 0.3572
vn 0.6557 -0.5248 0.5429
vn 0.7039 -0.4822 0.5215
vn 0.6171 -0.5687 0.5438
vn 0.5856 -0.6106 0.5331
vn 0.5539 -0.6511 0.5189
vn 0.5246 -0.6873 0.5024
vn 0.4979 -0.7179 0.4866
vn 0.4735 -0.7453 0.4694
vn 0.4548 -0.7618 0.4613
vn 0.4367 -0.7773 0.4530
vn 0.4238 -0.7864 0.4494
vn 0.4156 -0.7884 0.4534
vn 0.5844 -0.5187 0.6240
vn 0.6203 -0.4759 0.6235
vn 0.5532 -0.5642 0.6129
vn 0.5257 -0.6074 0.5955
vn 0.4967 -0.6488 0.5765
vn 0.4692 -0.6856 0.5566
vn 0.4437 -0.7166 0.5382
vn 0.4199 -0.7445 0.5191
vn 0.4011 -0.7617 0.5088
vn 0.3830 -0.7780 0.4980
vn 0.3692 -0.7892 0.4907
vn 0.3571 -0.7932 0.4933
vn 0.7641 -0.4463 0.4659
vn 0.6528 -0.4452 0.6129
vn 0.5184 -0.5125 0.6846
vn 0.5368 -0.4708 0.7001
vn 0.4980 -0.5585 0.6634
vn 0.4769 -0.6019 0.6405
vn 0.4525 -0.6432 0.6177
vn 0.4280 -0.6800 0.5953
vn 0.4066 -0.7120 0.5725
vn 0.3854 -0.7367 0.5557
vn 0.3650 -0.7562 0.5430
vn 0.3472 -0.7730 0.5309
vn 0.3327 -0.7858 0.5214
vn 0.3263 -0.7889 0.5207
vn 0.5467 -0.4434 0.7103
vn 0.5002 -0.5077 0.7015
vn 0.5032 -0.4707 0.7247
vn 0.4899 -0.5508 0.6757
vn 0.4748 -0.5917 0.6514
vn 0.4545 -0.6309 0.6288
vn 0.4344 -0.6673 0.6050
vn 0.4120 -0.6972 0.5867
vn 0.3898 -0.7203 0.5738
vn 0.3714 -0.7406 0.5600
vn 0.3534 -0.7574 0.5491
vn 0.3383 -0.7707 0.5399
vn 0.3312 -0.7741 0.5394
vn 0.5032 -0.4458 0.7403
vn 0.4742 -0.5098 0.7178
vn 0.4638 -0.4794 0.7450
vn 0.4737 -0.5486 0.6889
vn 0.4651 -0.5859 0.6636
vn 0.4512 -0.6228 0.6392
vn 0.4319 -0.6561 0.6189
vn 0.4103 -0.6828 0.6045
vn 0.3912 -0.7058 0.5906
vn 0.3734 -0.7254 0.5783
vn 0.3556 -0.7418 0.5686
vn 0.3403 -0.7554 0.5600
vn 0.3326 -0.7589 0.5599
vn 0.4608 -0.4573 0.7606
vn 0.4518 -0.5522 0.7007
vn 0.4420 -0.5213 0.7300
vn 0.4492 -0.5847 0.6755
vn 0.4382 -0.6191 0.6517
vn 0.4226 -0.6465 0.6351
vn 0.4051 -0.6718 0.6202
vn 0.3874 -0.6930 0.6080
vn 0.3706 -0.7112 0.5974
vn 0.3533 -0.7268 0.5891
vn 0.3380 -0.7400 0.5814
vn 0.3298 -0.7435 0.5818
vn 0.4260 -0.5609 0.7099
vn 0.4120 -0.5393 0.7344
vn 0.4289 -0.5883 0.6856
vn 0.4223 -0.6166 0.6644
vn 0.4096 -0.6411 0.6490
vn 0.3944 -0.6632 0.6361
vn 0.3783 -0.6820 0.6259
vn 0.3625 -0.6984 0.6171
vn 0.3458 -0.7126 0.6104
vn 0.3309 -0.7251 0.6039
vn 0.3222 -0.7282 0.6049
vn 0.3921 -0.5179 0.7603
vn 0.3981 -0.5734 0.7161
vn 0.3811 -0.5588 0.7365
vn 0.4039 -0.5954 0.6945
vn 0.4009 -0.6180 0.6763
vn 0.3915 -0.6385 0.6626
vn 0.3783 -0.6570 0.6521
vn 0.3636 -0.6729 0.6442
vn 0.3488 -0.6871 0.6373
vn 0.3327 -0.6995 0.6324
vn 0.3181 -0.7108 0.6274
vn 0.3090 -0.7132 0.6292
vn 0.3652 -0.5429 0.7562
vn 0.3685 -0.5874 0.7205
vn 0.3519 -0.5791 0.7354
vn 0.3766 -0.6051 0.7014
vn 0.3766 -0.6219 0.6866
vn 0.3689 -0.6378 0.6761
vn 0.3570 -0.6525 0.6684
vn 0.3432 -0.6655 0.6629
vn 0.3291 -0.6771 0.6582
vn 0.3135 -0.6874 0.6552
vn 0.2992 -0.6969 0.6518
vn 0.2897 -0.6984 0.6544
vn 0.3408 -0.5687 0.7486
vn 0.3469 -0.6018 0.7193
vn 0.3311 -0.5957 0.7318
vn 0.3571 -0.6134 0.7044
vn 0.3566 -0.6247 0.6947
vn 0.3489 -0.6364 0.6880
vn 0.3369 -0.6474 0.6836
vn 0.3229 -0.6573 0.6809
vn 0.3086 -0.6665 0.6786
vn 0.2925 -0.6746 0.6778
vn 0.2777 -0.6822 0.6763
vn 0.2680 -0.6826 0.6799
vn 0.3252 -0.5920 0.7374
vn 0.3407 -0.6129 0.7129
vn 0.3475 -0.6179 0.7053
vn 0.3455 -0.6244 0.7006
vn 0.3364 -0.6317 0.6984
vn 0.3228 -0.6392 0.6980
vn 0.3074 -0.6462 0.6985
vn 0.2917 -0.6529 0.6990
vn 0.2742 -0.6586 0.7007
vn 0.2582 -0.6644 0.7013
vn 0.2477 -0.6633 0.7061
vn 0.3258 -0.6092 0.7230
vn 0.3355 -0.6207 0.7086
vn 0.3404 -0.6207 0.7063
vn 0.3367 -0.6221 0.7069
vn 0.3258 -0.6249 0.7095
vn 0.3105 -0.6285 0.7131
vn 0.2935 -0.6323 0.7170
vn 0.2764 -0.6362 0.7203
vn 0.2574 -0.6394 0.7245
vn 0.2402 -0.6431 0.7272
vn 0.2289 -0.6405 0.7330
vn 0.3250 -0.6221 0.7123
vn 0.3276 -0.6276 0.7062
vn 0.3310 -0.6230 0.7087
vn 0.3259 -0.6190 0.7146
vn 0.3136 -0.6169 0.7218
vn 0.2970 -0.6163 0.7293
vn 0.2788 -0.6165 0.7364
vn 0.2607 -0.6173 0.7422
vn 0.2406 -0.6177 0.7487
vn 0.2227 -0.6189 0.7532
vn 0.2108 -0.6148 0.7600
vn 0.3205 -0.6332 0.7045
vn 0.3167 -0.6339 0.7056
vn 0.3189 -0.6251 0.7125
vn 0.3128 -0.6154 0.7235
vn 0.2997 -0.6082 0.7351
vn 0.2823 -0.6030 0.7461
vn 0.2634 -0.5992 0.7560
vn 0.2448 -0.5968 0.7642
vn 0.2242 -0.5941 0.7726
vn 0.2058 -0.5926 0.7787
vn 0.1936 -0.5870 0.7861
vn 0.3116 -0.6429 0.6997
vn 0.3029 -0.6398 0.7063
vn 0.3042 -0.6269 0.7173
vn 0.2975 -0.6115 0.7331
vn 0.2840 -0.5989 0.7488
vn 0.2665 -0.5890 0.7630
vn 0.2474 -0.5811 0.7753
vn 0.2288 -0.5751 0.7854
vn 0.2082 -0.5692 0.7954
vn 0.1900 -0.5650 0.8029
vn 0.1778 -0.5580 0.8105
vn 0.2988 -0.6512 0.6976
vn 0.2869 -0.6281 0.7233
vn 0.2800 -0.6077 0.7432
vn 0.2668 -0.5896 0.7624
vn 0.2496 -0.5747 0.7793
vn 0.2311 -0.5627 0.7937
vn 0.2130 -0.5531 0.8054
vn 0.1930 -0.5440 0.8166
vn 0.1754 -0.5370 0.8251
vn 0.1636 -0.5288 0.8328
vn 0.2860 -0.6449 0.7088
vn 0.2666 -0.6289 0.7303
vn 0.2599 -0.6042 0.7533
vn 0.2472 -0.5806 0.7757
vn 0.2307 -0.5610 0.7951
vn 0.2129 -0.5449 0.8111
vn 0.1955 -0.5317 0.8240
vn 0.1764 -0.5195 0.8361
vn 0.1596 -0.5098 0.8454
vn 0.1482 -0.5004 0.8530
vn 0.2663 -0.6484 0.7132
vn 0.2449 -0.6291 0.7377
vn 0.2379 -0.6006 0.7633
vn 0.2252 -0.5718 0.7889
vn 0.2087 -0.5475 0.8104
vn 0.1910 -0.5275 0.8278
vn 0.1737 -0.5109 0.8419
vn 0.1548 -0.4957 0.8546
vn 0.1383 -0.4834 0.8644
vn 0.1270 -0.4728 0.8719
vn 0.2447 -0.6510 0.7185
vn 0.2235 -0.6283 0.7452
vn 0.2161 -0.5962 0.7733
vn 0.2029 -0.5622 0.8017
vn 0.1861 -0.5333 0.8252
vn 0.1681 -0.5094 0.8440
vn 0.1507 -0.4895 0.8589
vn 0.1318 -0.4713 0.8721
vn 0.1152 -0.4564 0.8823
vn 0.1039 -0.4446 0.8897
vn 0.2234 -0.6521 0.7244
vn 0.2034 -0.6264 0.7525
vn 0.1958 -0.5908 0.7827
vn 0.1826 -0.5518 0.8138
vn 0.1659 -0.5183 0.8389
vn 0.1481 -0.4905 0.8588
vn 0.1309 -0.4674 0.8743
vn 0.1095 -0.4443 0.8892
vn 0.0902 -0.4290 0.8988
vn 0.0790 -0.4207 0.9037
vn 0.2030 -0.6520 0.7306
vn 0.1849 -0.6236 0.7595
vn 0.1775 -0.5849 0.7914
vn 0.1646 -0.5409 0.8248
vn 0.1483 -0.5030 0.8515
vn 0.1286 -0.4696 0.8735
vn 0.1092 -0.4451 0.8888
vn 0.0937 -0.4196 0.9029
vn 0.0809 -0.4012 0.9124
vn 0.0704 -0.3966 0.9153
vn 0.1842 -0.6508 0.7366
vn 0.1681 -0.6204 0.7660
vn 0.1613 -0.5788 0.7993
vn 0.1491 -0.5299 0.8348
vn 0.1315 -0.4860 0.8640
vn 0.1153 -0.4508 0.8852
vn 0.1020 -0.4229 0.9004
vn 0.0850 -0.3975 0.9136
vn 0.0703 -0.3748 0.9245
vn 0.0604 -0.3689 0.9275
vn 0.1671 -0.6490 0.7422
vn 0.1534 -0.6170 0.7719
vn 0.1474 -0.5728 0.8063
vn 0.1363 -0.5194 0.8436
vn 0.1224 -0.4697 0.8743
vn 0.1077 -0.4348 0.8940
vn 0.0933 -0.4023 0.9108
vn 0.0777 -0.3745 0.9239
vn 0.0642 -0.3499 0.9346
vn 0.0552 -0.3427 0.9378
vn 0.1521 -0.6467 0.7474
vn 0.1377 -0.6143 0.7769
vn 0.1324 -0.5673 0.8128
vn 0.1209 -0.5088 0.8524
vn 0.1086 -0.4584 0.8821
vn 0.0971 -0.4187 0.9029
vn 0.0842 -0.3837 0.9196
vn 0.0704 -0.3537 0.9327
vn 0.0584 -0.3273 0.9431
vn 0.0505 -0.3190 0.9464
vn 0.1360 -0.6447 0.7522
vn 0.1123 -0.5622 0.8193
vn 0.1039 -0.4997 0.8599
vn 0.0933 -0.4486 0.8888
vn 0.0818 -0.4048 0.9108
vn 0.0706 -0.3675 0.9273
vn 0.0586 -0.3356 0.9402
vn 0.0481 -0.3078 0.9502
vn 0.0414 -0.2982 0.9536
vn 0.1172 -0.6107 0.7831
vn 0.0920 -0.5577 0.8249
vn 0.0848 -0.4932 0.8658
vn 0.0757 -0.4390 0.8953
vn 0.0656 -0.3927 0.9173
vn 0.0559 -0.3536 0.9337
vn 0.0454 -0.3200 0.9463
vn 0.0363 -0.2909 0.9561
vn 0.0304 -0.2803 0.9594
vn 0.0959 -0.6078 0.7883
vn 0.0753 -0.5537 0.8293
vn 0.0690 -0.4874 0.8704
vn 0.0609 -0.4305 0.9005
vn 0.0520 -0.3821 0.9226
vn 0.0434 -0.3413 0.9389
vn 0.0342 -0.3064 0.9513
vn 0.0261 -0.2761 0.9608
vn 0.0210 -0.2647 0.9641
vn 0.0785 -0.6050 0.7923
vn 0.0617 -0.5494 0.8333
vn 0.0560 -0.4827 0.8740
vn 0.0492 -0.4228 0.9049
vn 0.0412 -0.3726 0.9271
vn 0.0334 -0.3304 0.9432
vn 0.0251 -0.2942 0.9554
vn 0.0178 -0.2630 0.9646
vn 0.0132 -0.2509 0.9679
vn 0.0651 -0.6024 0.7955
vn 0.0479 -0.4782 0.8770
vn 0.0534 -0.5452 0.8366
vn 0.0408 -0.4157 0.9086
vn 0.0333 -0.3639 0.9308
vn 0.0259 -0.3204 0.9469
vn 0.0181 -0.2830 0.9589
vn 0.0113 -0.2509 0.9679
vn 0.0070 -0.2383 0.9712
vn 0.0559 -0.5999 0.7981
vn 0.0419 -0.4731 0.8800
vn 0.0474 -0.5416 0.8393
vn 0.0349 -0.4087 0.9120
vn 0.0275 -0.3554 0.9343
vn 0.0204 -0.3107 0.9503
vn 0.0129 -0.2723 0.9621
vn 0.0063 -0.2395 0.9709
vn 0.0022 -0.2263 0.9740
vn 0.0499 -0.5973 0.8005
vn 0.0338 -0.4682 0.8830
vn 0.0391 -0.5381 0.8420
vn 0.0271 -0.4020 0.9153
vn 0.0201 -0.3472 0.9376
vn 0.0134 -0.3013 0.9534
vn 0.0064 -0.2620 0.9651
vn 0.0004 -0.2283 0.9736
vn -0.0034 -0.2147 0.9767
vn 0.0415 -0.5947 0.8029
vn 0.0226 -0.4638 0.8857
vn 0.0275 -0.5351 0.8443
vn 0.0165 -0.3959 0.9181
vn 0.0102 -0.3399 0.9404
vn 0.0043 -0.2930 0.9561
vn -0.0019 -0.2528 0.9675
vn -0.0072 -0.2186 0.9758
vn -0.0105 -0.2045 0.9788
vn 0.0299 -0.5924 0.8051
vn 0.0125 -0.4599 0.8879
vn 0.0170 -0.5324 0.8463
vn 0.0070 -0.3906 0.9205
vn 0.0013 -0.3335 0.9428
vn -0.0040 -0.2857 0.9583
vn -0.0094 -0.2449 0.9695
vn -0.0142 -0.2101 0.9776
vn -0.0170 -0.1956 0.9805
vn 0.0192 -0.5904 0.8069
vn 0.0041 -0.4564 0.8898
vn 0.0080 -0.5302 0.8478
vn -0.0009 -0.3858 0.9226
vn -0.0061 -0.3277 0.9448
vn -0.0109 -0.2793 0.9601
vn -0.0158 -0.2378 0.9712
vn -0.0201 -0.2027 0.9790
vn -0.0227 -0.1878 0.9819
vn 0.0100 -0.5884 0.8085
vn -0.0024 -0.4530 0.8915
vn 0.0014 -0.5282 0.8491
vn -0.0071 -0.3814 0.9244
vn -0.0119 -0.3224 0.9465
vn -0.0163 -0.2733 0.9618
vn -0.0210 -0.2313 0.9727
vn -0.0249 -0.1958 0.9803
vn -0.0273 -0.1807 0.9832
vn 0.0032 -0.5868 0.8097
vn -0.0073 -0.4498 0.8931
vn -0.0038 -0.5261 0.8504
vn -0.0117 -0.3771 0.9261
vn -0.0162 -0.3172 0.9482
vn -0.0205 -0.2675 0.9634
vn -0.0250 -0.2250 0.9740
vn -0.0289 -0.1890 0.9815
vn -0.0312 -0.1738 0.9843
vn -0.0023 -0.5857 0.8105
vn -0.0132 -0.4465 0.8947
vn -0.0101 -0.5241 0.8516
vn -0.0173 -0.3726 0.9278
vn -0.0216 -0.3119 0.9499
vn -0.0258 -0.2615 0.9649
vn -0.0301 -0.2185 0.9754
vn -0.0338 -0.1821 0.9827
vn -0.0362 -0.1667 0.9854
vn -0.0089 -0.5848 0.8111
vn -0.0207 -0.4429 0.8964
vn -0.0179 -0.5225 0.8524
vn -0.0248 -0.3682 0.9294
vn -0.0287 -0.3066 0.9514
vn -0.0326 -0.2555 0.9662
vn -0.0366 -0.2120 0.9766
vn -0.0401 -0.1753 0.9837
vn -0.0423 -0.1596 0.9863
vn -0.0172 -0.5843 0.8114
vn -0.0255 -0.5212 0.8530
vn -0.0274 -0.4398 0.8977
vn -0.0307 -0.3636 0.9311
vn -0.0348 -0.3016 0.9528
vn -0.0383 -0.2499 0.9675
vn -0.0420 -0.2059 0.9777
vn -0.0452 -0.1687 0.9846
vn -0.0473 -0.1529 0.9871
vn -0.0247 -0.5841 0.8113
vn -0.0308 -0.5199 0.8537
vn -0.0327 -0.4372 0.8988
vn -0.0351 -0.3596 0.9324
vn -0.0383 -0.2964 0.9543
vn -0.0419 -0.2445 0.9687
vn -0.0453 -0.2000 0.9787
vn -0.0483 -0.1626 0.9855
vn -0.0501 -0.1465 0.9879
vn -0.0303 -0.5843 0.8110
vn -0.0342 -0.5190 0.8541
vn -0.0355 -0.4344 0.9000
vn -0.0380 -0.3563 0.9336
vn -0.0403 -0.2919 0.9556
vn -0.0431 -0.2391 0.9700
vn -0.0465 -0.1945 0.9798
vn -0.0492 -0.1567 0.9864
vn -0.0510 -0.1404 0.9888
vn -0.0340 -0.5850 0.8103
vn -0.0356 -0.5184 0.8544
vn -0.0364 -0.4319 0.9012
vn -0.0383 -0.3529 0.9349
vn -0.0407 -0.2881 0.9567
vn -0.0427 -0.2344 0.9712
vn -0.0449 -0.1893 0.9809
vn -0.0478 -0.1509 0.9874
vn -0.0498 -0.1348 0.9896
vn -0.0360 -0.5862 0.8093
vn -0.0374 -0.5182 0.8544
vn -0.0375 -0.4298 0.9022
vn -0.0389 -0.3498 0.9360
vn -0.0408 -0.2844 0.9578
vn -0.0428 -0.2305 0.9721
vn -0.0451 -0.1845 0.9818
vn -0.0467 -0.1459 0.9882
vn -0.0476 -0.1289 0.9905
vn -0.0384 -0.5879 0.8080
vn -0.0408 -0.5185 0.8541
vn -0.0401 -0.4280 0.9029
vn -0.0408 -0.3472 0.9369
vn -0.0422 -0.2811 0.9588
vn -0.0437 -0.2267 0.9730
vn -0.0456 -0.1803 0.9826
vn -0.0473 -0.1417 0.9888
vn -0.0484 -0.1236 0.9912
vn -0.0425 -0.5902 0.8061
vn -0.0439 -0.5193 0.8535
vn -0.0426 -0.4265 0.9035
vn -0.0428 -0.3449 0.9377
vn -0.0436 -0.2782 0.9595
vn -0.0448 -0.2233 0.9737
vn -0.0463 -0.1766 0.9832
vn -0.0477 -0.1376 0.9893
vn -0.0487 -0.1194 0.9916
vn -0.0463 -0.5932 0.8037
vn -0.0461 -0.5206 0.8526
vn -0.0442 -0.4254 0.9039
vn -0.0440 -0.3430 0.9383
vn -0.0446 -0.2756 0.9602
vn -0.0455 -0.2203 0.9744
vn -0.0467 -0.1731 0.9838
vn -0.0480 -0.1339 0.9898
vn -0.0489 -0.1156 0.9921
vn -0.0486 -0.5969 0.8008
vn -0.0466 -0.5209 0.8523
vn -0.0450 -0.4244 0.9044
vn -0.0446 -0.3411 0.9390
vn -0.0450 -0.2731 0.9609
vn -0.0458 -0.2173 0.9750
vn -0.0469 -0.1698 0.9844
vn -0.0481 -0.1303 0.9903
vn -0.0489 -0.1119 0.9925
vn -0.0489 -0.5985 0.7996
vn -0.0496 -0.6009 0.7978
vn -0.0470 -0.5209 0.8523
vn -0.0453 -0.4234 0.9048
vn -0.0448 -0.3393 0.9396
vn -0.0452 -0.2706 0.9616
vn -0.0459 -0.2143 0.9757
vn -0.0471 -0.1664 0.9849
vn -0.0483 -0.1265 0.9908
vn -0.0491 -0.1080 0.9929
vn -0.0494 -0.6500 0.7583
vn -0.0503 -0.6544 0.7545
vn -0.0518 -0.6034 0.7958
vn -0.0489 -0.5208 0.8523
vn -0.0469 -0.4223 0.9053
vn -0.0464 -0.3373 0.9403
vn -0.0467 -0.2679 0.9623
vn -0.0474 -0.2111 0.9763
vn -0.0486 -0.1627 0.9855
vn -0.0498 -0.1226 0.9912
vn -0.0507 -0.1038 0.9933
vn -0.0529 -0.6590 0.7503
vn -0.0551 -0.6061 0.7935
vn -0.0517 -0.5207 0.8522
vn -0.0494 -0.4211 0.9057
vn -0.0486 -0.3351 0.9409
vn -0.0488 -0.2650 0.9630
vn -0.0494 -0.2076 0.9770
vn -0.0506 -0.1588 0.9860
vn -0.0517 -0.1183 0.9916
vn -0.0526 -0.0994 0.9937
vn -0.0567 -0.6642 0.7454
vn -0.0564 -0.6091 0.7911
vn -0.0526 -0.5207 0.8521
vn -0.0500 -0.4199 0.9062
vn -0.0490 -0.3330 0.9417
vn -0.0490 -0.2621 0.9638
vn -0.0496 -0.2041 0.9777
vn -0.0506 -0.1548 0.9867
vn -0.0517 -0.1139 0.9921
vn -0.0525 -0.0949 0.9941
vn -0.0585 -0.6699 0.7401
vn -0.0551 -0.6125 0.7886
vn -0.0510 -0.5208 0.8522
vn -0.0483 -0.4189 0.9068
vn -0.0472 -0.3310 0.9425
vn -0.0470 -0.2593 0.9646
vn -0.0474 -0.2007 0.9785
vn -0.0483 -0.1509 0.9874
vn -0.0493 -0.1097 0.9927
vn -0.0501 -0.0905 0.9946
vn -0.0577 -0.6760 0.7346
vn -0.0510 -0.6160 0.7861
vn -0.0468 -0.5211 0.8522
vn -0.0441 -0.4181 0.9073
vn -0.0429 -0.3292 0.9433
vn -0.0427 -0.2568 0.9655
vn -0.0430 -0.1975 0.9794
vn -0.0438 -0.1473 0.9881
vn -0.0446 -0.1057 0.9934
vn -0.0453 -0.0865 0.9952
vn -0.0540 -0.6823 0.7291
vn -0.0600 -0.6193 0.7829
vn -0.0545 -0.5216 0.8514
vn -0.0508 -0.4176 0.9072
vn -0.0489 -0.3278 0.9435
vn -0.0484 -0.2546 0.9658
vn -0.0485 -0.1948 0.9796
vn -0.0493 -0.1441 0.9883
vn -0.0503 -0.1021 0.9935
vn -0.0511 -0.0827 0.9953
vn -0.0645 -0.6879 0.7229
vn -0.0689 -0.6242 0.7782
vn -0.0612 -0.5225 0.8505
vn -0.0563 -0.4172 0.9071
vn -0.0537 -0.3261 0.9438
vn -0.0527 -0.2519 0.9663
vn -0.0527 -0.1912 0.9801
vn -0.0534 -0.1398 0.9887
vn -0.0544 -0.0974 0.9938
vn -0.0552 -0.0777 0.9954
vn -0.0759 -0.6971 0.7129
vn -0.0552 -0.6309 0.7739
vn -0.0479 -0.5245 0.8501
vn -0.0435 -0.4178 0.9075
vn -0.0411 -0.3255 0.9446
vn -0.0401 -0.2502 0.9674
vn -0.0399 -0.1887 0.9812
vn -0.0404 -0.1366 0.9898
vn -0.0411 -0.0935 0.9948
vn -0.0417 -0.0737 0.9964
vn -0.0622 -0.7077 0.7038
vn -0.0452 -0.6345 0.7716
vn -0.0379 -0.5253 0.8501
vn -0.0345 -0.4180 0.9078
vn -0.0327 -0.3250 0.9452
vn -0.0319 -0.2491 0.9679
vn -0.0318 -0.1871 0.9818
vn -0.0322 -0.1346 0.9904
vn -0.0328 -0.0911 0.9953
vn -0.0333 -0.0713 0.9969
vn -0.0515 -0.7151 0.6971
vn -0.0000 -0.0000 -1.0000
vn -0.0723 0.1502 0.9860
vn -0.2762 0.4699 0.8384
vn -0.4943 0.8530 0.1677
vn -0.3378 0.5924 0.7314
vn -0.4576 0.8704 0.1816
vn -0.4810 0.8767 -0.0000
vn -0.4011 0.8797 0.2553
vn -0.4049 0.8648 0.2969
vn -0.4144 0.8805 0.2303
vn -0.4456 0.8610 0.2452
vn -0.4225 0.8807 0.2144
vn -0.4799 0.8530 0.2053
vn -0.4250 0.8813 0.2065
vn -0.5075 0.8431 0.1776
vn -0.4023 0.8899 0.2148
vn -0.4714 0.8577 0.2053
vn -0.3592 0.8992 0.2499
vn -0.4328 0.8722 0.2278
vn -0.3485 0.9004 0.2604
vn -0.4357 0.8715 0.2251
vn -0.3521 0.8995 0.2588
vn -0.4489 0.8658 0.2210
vn -0.3526 0.8986 0.2611
vn -0.4541 0.8625 0.2233
vn -0.3527 0.8966 0.2679
vn -0.4517 0.8634 0.2247
vn -0.4218 0.8735 0.2433
vn -0.3345 0.8992 0.2822
vn -0.3567 0.8906 0.2821
vn -0.2856 0.9094 0.3023
vn -0.3068 0.9033 0.3000
vn -0.2546 0.9101 0.3269
vn -0.2995 0.9024 0.3097
vn -0.2547 0.9081 0.3323
vn -0.2897 0.9021 0.3200
vn -0.2522 0.9066 0.3384
vn -0.2781 0.9020 0.3302
vn -0.2469 0.9056 0.3450
vn -0.4020 0.6696 0.6246
vn -0.2385 0.9050 0.3522
vn -0.3840 0.6651 0.6404
vn -0.3181 0.6723 0.6685
vn -0.3629 0.6612 0.6566
vn -0.2956 0.6670 0.6839
vn -0.3445 0.6556 0.6719
vn -0.2717 0.6599 0.7005
vn -0.3340 0.6463 0.6861
vn -0.2501 0.6492 0.7183
vn -0.3252 0.6337 0.7019
vn -0.2304 0.6349 0.7375
vn -0.3137 0.6188 0.7202
vn -0.2118 0.6176 0.7574
vn -0.2996 0.6018 0.7403
vn -0.1945 0.5981 0.7774
vn -0.2832 0.5833 0.7613
vn -0.1786 0.5771 0.7969
vn -0.2649 0.5637 0.7824
vn -0.1645 0.5555 0.8151
vn -0.2444 0.5439 0.8028
vn -0.1493 0.5340 0.8322
vn -0.2211 0.5242 0.8224
vn -0.1284 0.5124 0.8491
vn -0.1970 0.5038 0.8410
vn -0.1058 0.4901 0.8652
vn -0.1751 0.4822 0.8584
vn -0.0870 0.4671 0.8799
vn -0.1558 0.4599 0.8742
vn -0.0726 0.4441 0.8930
vn -0.1394 0.4375 0.8883
vn -0.0626 0.4218 0.9045
vn -0.1262 0.4159 0.9006
vn -0.0574 0.4009 0.9143
vn -0.1124 0.3958 0.9114
vn -0.0526 0.3822 0.9226
vn -0.0894 0.3722 0.9238
vn -0.0338 0.3635 0.9310
vn -0.0764 0.3511 0.9332
vn -0.0244 0.3497 0.9365
vn -0.0607 0.3391 0.9388
vn -0.0166 0.3376 0.9411
vn -0.0484 0.3282 0.9434
vn -0.0103 0.3267 0.9451
vn -0.0396 0.3180 0.9472
vn -0.0055 0.3165 0.9486
vn -0.0334 0.3081 0.9508
vn 0.0001 0.3064 0.9519
vn -0.0254 0.2987 0.9540
vn 0.0073 0.2972 0.9548
vn -0.0145 0.2905 0.9568
vn 0.0140 0.2891 0.9572
vn -0.0046 0.2834 0.9590
vn 0.0198 0.2821 0.9592
vn 0.0034 0.2770 0.9609
vn 0.0247 0.2758 0.9609
vn 0.0097 0.2711 0.9625
vn 0.0289 0.2699 0.9625
vn 0.0142 0.2653 0.9641
vn 0.0340 0.2641 0.9639
vn 0.0197 0.2595 0.9655
vn 0.0404 0.2583 0.9652
vn 0.0270 0.2540 0.9668
vn 0.0456 0.2528 0.9664
vn 0.0333 0.2489 0.9679
vn 0.0488 0.2478 0.9676
vn 0.0375 0.2442 0.9690
vn 0.0498 0.2432 0.9687
vn 0.0397 0.2400 0.9700
vn 0.0489 0.2391 0.9698
vn 0.0398 0.2361 0.9709
vn 0.0478 0.2353 0.9707
vn 0.0401 0.2328 0.9717
vn 0.0481 0.2321 0.9715
vn 0.0418 0.2300 0.9723
vn 0.0487 0.2295 0.9721
vn 0.0436 0.2278 0.9727
vn 0.0486 0.2266 0.9728
vn 0.0442 0.2266 0.9730
vn 0.0453 0.2255 0.9732
vn 0.0495 0.2240 0.9733
vn 0.0455 0.2237 0.9736
vn 0.0498 0.2222 0.9737
vn 0.0470 0.2218 0.9740
vn 0.0515 0.2202 0.9741
vn 0.0491 0.2198 0.9743
vn 0.0537 0.2182 0.9744
vn 0.0495 0.2178 0.9747
vn 0.0538 0.2163 0.9749
vn 0.0477 0.2159 0.9752
vn 0.0514 0.2146 0.9753
vn 0.0436 0.2144 0.9758
vn 0.0465 0.2133 0.9759
vn 0.0502 0.2130 0.9758
vn 0.0524 0.2122 0.9758
vn 0.0559 0.2121 0.9757
vn 0.0425 0.2119 0.9764
vn 0.0433 0.2122 0.9763
vn 0.0338 0.2122 0.9766
vn 0.0348 0.2126 0.9765
vn -0.5320 0.6842 -0.4988
vn -0.4765 0.8428 -0.2503
vn -0.3622 0.9279 -0.0883
vn -0.2762 0.4699 -0.8384
vn -0.4943 0.8530 -0.1677
vn -0.3378 0.5924 -0.7314
vn -0.4576 0.8704 -0.1816
vn -0.4011 0.8797 -0.2553
vn -0.4049 0.8648 -0.2969
vn -0.4144 0.8805 -0.2303
vn -0.4456 0.8610 -0.2452
vn -0.4225 0.8807 -0.2144
vn -0.4799 0.8530 -0.2053
vn -0.4250 0.8813 -0.2065
vn -0.5075 0.8431 -0.1776
vn -0.4023 0.8899 -0.2148
vn -0.4714 0.8577 -0.2053
vn -0.3592 0.8992 -0.2499
vn -0.4328 0.8722 -0.2278
vn -0.3485 0.9004 -0.2604
vn -0.4357 0.8715 -0.2251
vn -0.3521 0.8995 -0.2588
vn -0.4489 0.8658 -0.2210
vn -0.3526 0.8986 -0.2611
vn -0.4541 0.8625 -0.2233
vn -0.3527 0.8966 -0.2679
vn -0.4218 0.8735 -0.2433
vn -0.3345 0.8992 -0.2822
vn -0.3567 0.8906 -0.2821
vn -0.2856 0.9094 -0.3023
vn -0.3068 0.9033 -0.3000
vn -0.2546 0.9101 -0.3269
vn -0.2995 0.9024 -0.3097
vn -0.2547 0.9081 -0.3323
vn -0.2897 0.9021 -0.3200
vn -0.2522 0.9066 -0.3384
vn -0.2781 0.9020 -0.3302
vn -0.2469 0.9056 -0.3450
vn -0.4020 0.6696 -0.6246
vn -0.2385 0.9050 -0.3522
vn -0.3840 0.6651 -0.6404
vn -0.3181 0.6723 -0.6685
vn -0.3629 0.6612 -0.6566
vn -0.2956 0.6670 -0.6839
vn -0.3445 0.6556 -0.6719
vn -0.2717 0.6599 -0.7005
vn -0.3340 0.6463 -0.6861
vn -0.2501 0.6492 -0.7183
vn -0.3252 0.6337 -0.7019
vn -0.2304 0.6349 -0.7375
vn -0.3137 0.6188 -0.7202
vn -0.2118 0.6176 -0.7574
vn -0.2996 0.6018 -0.7403
vn -0.1945 0.5981 -0.7774
vn -0.2832 0.5833 -0.7613
vn -0.1786 0.5771 -0.7969
vn -0.2649 0.5637 -0.7824
vn -0.1645 0.5555 -0.8151
vn -0.2444 0.5439 -0.8028
vn -0.1493 0.5340 -0.8322
vn -0.2211 0.5242 -0.8224
vn -0.1284 0.5124 -0.8491
vn -0.1970 0.5038 -0.8410
vn -0.1058 0.4901 -0.8652
vn -0.1751 0.4822 -0.8584
vn -0.0870 0.4671 -0.8799
vn -0.1558 0.4599 -0.8742
vn -0.0726 0.4441 -0.8930
vn -0.1394 0.4375 -0.8883
vn -0.0626 0.4218 -0.9045
vn -0.1262 0.4159 -0.9006
vn -0.0574 0.4009 -0.9143
vn -0.1124 0.3958 -0.9114
vn -0.0526 0.3822 -0.9226
vn -0.0894 0.3722 -0.9238
vn -0.0388 0.3721 -0.9274
vn -0.0338 0.3635 -0.9310
vn -0.0764 0.3511 -0.9332
vn -0.0244 0.3497 -0.9365
vn -0.0607 0.3391 -0.9388
vn -0.0166 0.3376 -0.9411
vn -0.0484 0.3282 -0.9434
vn -0.0103 0.3267 -0.9451
vn -0.0396 0.3180 -0.9472
vn -0.0055 0.3165 -0.9486
vn -0.0334 0.3081 -0.9508
vn 0.0001 0.3064 -0.9519
vn -0.0254 0.2987 -0.9540
vn 0.0073 0.2972 -0.9548
vn -0.0145 0.2905 -0.9568
vn 0.0140 0.2891 -0.9572
vn -0.0046 0.2834 -0.9590
vn 0.0198 0.2821 -0.9592
vn 0.0034 0.2770 -0.9609
vn 0.0247 0.2758 -0.9609
vn 0.0097 0.2711 -0.9625
vn 0.0289 0.2699 -0.9625
vn 0.0142 0.2653 -0.9641
vn 0.0340 0.2641 -0.9639
vn 0.0197 0.2595 -0.9655
vn 0.0404 0.2583 -0.9652
vn 0.0270 0.2540 -0.9668
vn 0.0456 0.2528 -0.9664
vn 0.0333 0.2489 -0.9679
vn 0.0488 0.2478 -0.9676
vn 0.0375 0.2442 -0.9690
vn 0.0498 0.2432 -0.9687
vn 0.0397 0.2400 -0.9700
vn 0.0489 0.2391 -0.9698
vn 0.0398 0.2361 -0.9709
vn 0.0478 0.2353 -0.9707
vn 0.0401 0.2328 -0.9717
vn 0.0481 0.2321 -0.9715
vn 0.0418 0.2300 -0.9723
vn 0.0487 0.2295 -0.9721
vn 0.0436 0.2278 -0.9727
vn 0.0486 0.2266 -0.9728
vn 0.0453 0.2255 -0.9732
vn 0.0495 0.2240 -0.9733
vn 0.0455 0.2237 -0.9736
vn 0.0498 0.2222 -0.9737
vn 0.0470 0.2218 -0.9740
vn 0.0515 0.2202 -0.9741
vn 0.0491 0.2198 -0.9743
vn 0.0537 0.2182 -0.9744
vn 0.0495 0.2178 -0.9747
vn 0.0538 0.2163 -0.9749
vn 0.0477 0.2159 -0.9752
vn 0.0514 0.2146 -0.9753
vn 0.0436 0.2144 -0.9758
vn 0.0465 0.2133 -0.9759
vn 0.0502 0.2130 -0.9758
vn 0.0524 0.2122 -0.9758
vn 0.0559 0.2121 -0.9757
vn 0.0565 0.2116 -0.9757
vn 0.0425 0.2119 -0.9764
vn 0.0433 0.2122 -0.9763
vn 0.0338 0.2122 -0.9766
vn -1.0000 -0.0000 -0.0000
vn 1.0000 -0.0000 -0.0000
vn -0.0000 -1.0000 -0.0000
vn -0.0000 1.0000 -0.0000
vn -0.0000 -0.0000 1.0000
vn 0.2398 -0.0000 -0.9708
vn -0.2398 -0.0000 0.9708
vn -0.9708 -0.0000 -0.2398
vn 0.9708 -0.0000 0.2398
vn 0.0062 -0.0000 -1.0000
vn -0.0062 -0.0000 1.0000
vn -1.0000 -0.0000 -0.0062
vn 1.0000 -0.0000 0.0062
vn 0.0062 -0.0000 1.0000
vn -0.0062 -0.0000 -1.0000
vn 1.0000 -0.0000 -0.0062
vn -1.0000 -0.0000 0.0062
vn 0.2398 -0.0000 0.9708
vn -0.2398 -0.0000 -0.9708
vn 0.9708 -0.0000 -0.2398
vn -0.9708 -0.0000 0.2398
vn -0.0000 0.5935 -0.8048
vn 0.6375 0.4877 -0.5965
vn 0.6370 0.4575 -0.6204
vn 0.9829 0.1094 -0.1484
vn 0.9829 0.1166 -0.1426
vn 0.8705 -0.2921 0.3961
vn 0.3456 -0.5940 0.7265
vn 0.3452 -0.5570 0.7554
vn -0.3452 -0.5570 0.7554
vn -0.3456 -0.5940 0.7265
vn -0.8705 -0.2921 0.3961
vn -0.9829 0.1166 -0.1426
vn -0.9829 0.1094 -0.1484
vn -0.6375 0.4877 -0.5965
vn -0.6370 0.4575 -0.6204
vn -0.0000 0.7071 -0.7071
vn -0.0000 0.6330 -0.7742
vn 0.9829 0.1302 -0.1302
vn 0.8707 -0.3477 0.3477
vn 0.8707 -0.3113 0.3807
vn 0.3456 -0.6635 0.6635
vn -0.8707 -0.3477 0.3477
vn -0.8707 -0.3113 0.3807
vn -0.9829 0.1302 -0.1302
vn -0.6375 0.5448 -0.5448
vn -0.0000 0.7742 -0.6330
vn 0.6375 0.5448 -0.5448
vn 0.6375 0.5965 -0.4877
vn 0.9829 0.1426 -0.1166
vn 0.3456 -0.7265 0.5940
vn -0.3456 -0.6635 0.6635
vn -0.3456 -0.7265 0.5940
vn -0.9829 0.1426 -0.1166
vn -0.6375 0.5965 -0.4877
vn -0.0000 0.8048 -0.5935
vn 0.9829 0.1484 -0.1094
vn 0.8707 -0.3807 0.3113
vn 0.8705 -0.3962 0.2921
vn 0.3452 -0.7554 0.5570
vn -0.8705 -0.3962 0.2921
vn -0.8707 -0.3807 0.3113
vn -0.9829 0.1484 -0.1094
vn -0.0000 0.7742 0.6330
vn 0.6370 0.6204 0.4575
vn -0.0000 0.8048 0.5935
vn 0.6375 0.5965 0.4877
vn 0.9829 0.1484 0.1094
vn 0.9829 0.1426 0.1166
vn 0.8705 -0.3962 -0.2921
vn 0.8707 -0.3807 -0.3113
vn 0.3452 -0.7554 -0.5570
vn 0.3456 -0.7265 -0.5940
vn -0.3452 -0.7554 -0.5570
vn -0.8707 -0.3807 -0.3113
vn -0.8705 -0.3962 -0.2921
vn -0.9829 0.1426 0.1166
vn -0.9829 0.1484 0.1094
vn -0.6375 0.5965 0.4877
vn -0.6370 0.6204 0.4575
vn 0.6375 0.5448 0.5448
vn 0.9829 0.1302 0.1302
vn 0.8707 -0.3477 -0.3477
vn 0.3456 -0.6635 -0.6635
vn -0.3456 -0.7265 -0.5940
vn -0.3456 -0.6635 -0.6635
vn -0.8707 -0.3477 -0.3477
vn -0.9829 0.1302 0.1302
vn -0.6375 0.5448 0.5448
vn -0.0000 0.6330 0.7742
vn -0.0000 0.7071 0.7071
vn 0.6375 0.4877 0.5965
vn 0.9829 0.1166 0.1426
vn 0.8707 -0.3113 -0.3807
vn 0.3456 -0.5940 -0.7265
vn -0.8707 -0.3113 -0.3807
vn -0.9829 0.1166 0.1426
vn -0.6375 0.4877 0.5965
vn -0.0000 0.5935 0.8048
vn 0.9829 0.1094 0.1484
vn 0.8705 -0.2921 -0.3961
vn 0.3452 -0.5570 -0.7554
vn -0.3456 -0.5940 -0.7265
vn -0.3452 -0.5570 -0.7554
vn -0.8705 -0.2921 -0.3962
vn -0.9829 0.1094 0.1484
vn -0.0000 -0.5935 0.8048
vn 0.6375 -0.4877 0.5965
vn 0.6370 -0.4575 0.6204
vn 0.9829 -0.1094 0.1484
vn 0.9829 -0.1166 0.1426
vn 0.8705 0.2921 -0.3961
vn 0.8707 0.3113 -0.3807
vn 0.3452 0.5570 -0.7554
vn 0.3456 0.5940 -0.7265
vn -0.3452 0.5570 -0.7554
vn -0.8707 0.3113 -0.3807
vn -0.8705 0.2921 -0.3962
vn -0.9829 -0.1166 0.1426
vn -0.9829 -0.1094 0.1484
vn -0.6375 -0.4877 0.5965
vn -0.6370 -0.4575 0.6204
vn -0.0000 -0.6330 0.7742
vn 0.6375 -0.5448 0.5448
vn 0.9829 -0.1302 0.1302
vn 0.8707 0.3477 -0.3477
vn 0.3456 0.6635 -0.6635
vn -0.3456 0.5940 -0.7265
vn -0.3456 0.6635 -0.6635
vn -0.8707 0.3477 -0.3477
vn -0.9829 -0.1302 0.1302
vn -0.6375 -0.5448 0.5448
vn -0.0000 -0.7742 0.6330
vn -0.0000 -0.7071 0.7071
vn 0.6375 -0.5965 0.4877
vn 0.9829 -0.1426 0.1166
vn 0.8707 0.3807 -0.3113
vn 0.3456 0.7265 -0.5940
vn -0.8707 0.3807 -0.3113
vn -0.9829 -0.1426 0.1166
vn -0.6375 -0.5965 0.4877
vn 0.6370 -0.6204 0.4575
vn 0.9829 -0.1484 0.1094
vn 0.8705 0.3962 -0.2921
vn 0.3452 0.7554 -0.5570
vn -0.3456 0.7265 -0.5940
vn -0.3452 0.7554 -0.5570
vn -0.8705 0.3962 -0.2921
vn -0.9829 -0.1484 0.1094
vn -0.6370 -0.6204 0.4575
vn -0.0000 -0.8048 -0.5935
vn 0.6375 -0.5965 -0.4877
vn 0.6370 -0.6204 -0.4575
vn 0.9829 -0.1484 -0.1094
vn 0.8707 0.3807 0.3113
vn 0.8705 0.3962 0.2921
vn 0.3456 0.7265 0.5940
vn 0.3452 0.7554 0.5570
vn -0.3452 0.7554 0.5570
vn -0.3456 0.7265 0.5940
vn -0.8705 0.3962 0.2921
vn -0.8707 0.3807 0.3113
vn -0.9829 -0.1484 -0.1094
vn -0.6375 -0.5965 -0.4877
vn -0.6370 -0.6204 -0.4575
vn -0.0000 -0.7742 -0.6330
vn 0.6375 -0.5448 -0.5448
vn 0.9829 -0.1302 -0.1302
vn 0.9829 -0.1426 -0.1166
vn 0.8707 0.3477 0.3477
vn 0.3456 0.6635 0.6635
vn -0.8707 0.3477 0.3477
vn -0.9829 -0.1426 -0.1166
vn -0.9829 -0.1302 -0.1302
vn -0.6375 -0.5448 -0.5448
vn -0.0000 -0.6330 -0.7742
vn -0.0000 -0.7071 -0.7071
vn 0.6375 -0.4877 -0.5965
vn 0.9829 -0.1166 -0.1426
vn 0.3456 0.5940 0.7265
vn -0.3456 0.6635 0.6636
vn -0.3456 0.5940 0.7265
vn -0.9829 -0.1166 -0.1426
vn -0.6375 -0.4877 -0.5965
vn -0.0000 -0.5935 -0.8048
vn 0.9829 -0.1094 -0.1484
vn 0.8705 0.2921 0.3961
vn 0.8707 0.3113 0.3807
vn 0.3452 0.5570 0.7554
vn -0.8705 0.2921 0.3961
vn -0.8707 0.3113 0.3807
vn -0.9829 -0.1094 -0.1484
vn 0.0037 -0.0000 -1.0000
vn 0.0037 -0.0000 1.0000
vn 0.9914 0.1308 -0.0000
vn -0.9914 -0.1308 -0.0000
vn -0.0000 -0.0018 -1.0000
vn -0.0000 -0.0018 1.0000
vn 0.0136 -0.0000 -0.9999
vn -0.0136 -0.0000 0.9999
vn 0.0136 -0.0000 0.9999
vn -0.0136 -0.0000 -0.9999
vn 0.0148 -0.0000 -0.9999
vn 0.0148 -0.0000 0.9999
vn -0.2801 -0.3313 -0.9010
vn -0.5049 -0.5970 -0.6235
vn -0.6295 -0.7445 -0.2225
vn -0.6295 -0.7445 0.2225
vn -0.5049 -0.5970 0.6235
vn -0.6295 -0.7444 0.2225
vn -0.2801 -0.3313 0.9010
vn 0.2802 0.3313 0.9009
vn 0.2802 0.3313 0.9010
vn 0.5047 0.5970 0.6235
vn 0.6294 0.7445 0.2225
vn 0.6295 0.7445 -0.2225
vn 0.5047 0.5970 -0.6235
vn 0.2802 0.3313 -0.9010
vn 0.2802 0.3313 -0.9009
vn 0.7636 -0.6457 -0.0000
vn -0.7636 0.6457 -0.0000
vn 0.5047 0.5971 0.6235
vn 0.5047 0.5971 -0.6235
vn -0.5000 -0.0000 -0.8660
vn -0.8660 -0.0000 -0.5000
vn -0.8660 -0.0000 0.5000
vn -0.5000 -0.0000 0.8660
vn 0.5000 -0.0000 0.8660
vn 0.8660 -0.0000 0.5000
vn 0.8660 -0.0000 -0.5000
vn 0.5000 -0.0000 -0.8660
vn -0.3649 -0.4016 0.8400
vn -0.8809 -0.3853 0.2750
vn -0.8809 -0.3853 0.2749
vn -0.6742 0.0213 -0.7382
vn -0.8809 -0.1433 -0.4511
vn -0.8809 -0.1432 -0.4511
vn -0.0000 0.3162 -0.9487
vn -0.6742 0.0213 -0.7383
vn 0.3649 0.4016 -0.8400
vn 0.9535 0.2860 0.0953
vn 0.8809 0.3853 -0.2750
vn 0.6742 -0.0213 0.7382
vn 0.6742 -0.0213 0.7383
vn 0.3649 -0.1827 0.9130
vn -0.3015 0.9045 0.3015
vn 0.3015 -0.9045 -0.3015
vn -0.0000 0.3162 0.9487
vn -0.6742 0.0213 0.7383
vn -0.6742 0.0213 0.7382
vn -0.8809 -0.1433 0.4511
vn -0.8809 -0.3853 -0.2750
vn -0.3649 -0.4016 -0.8400
vn 0.6742 -0.0213 -0.7383
vn 0.3649 -0.1827 -0.9130
vn 0.9535 0.2860 -0.0953
vn 0.6742 -0.0213 -0.7382
vn 0.8809 0.3853 0.2750
vn 0.3649 0.4016 0.8400
vn -0.3015 0.9045 -0.3015
vn 0.3015 -0.9045 0.3015
vn -0.5878 -0.0000 -0.8090
vn -0.9511 -0.0000 -0.3090
vn -0.9511 -0.0000 0.3090
vn -0.5878 -0.0000 0.8090
vn 0.5878 -0.0000 0.8090
vn 0.9511 -0.0000 0.3090
vn 0.9511 -0.0000 -0.3090
vn 0.5878 -0.0000 -0.8090
vn -0.0000 0.6139 -0.7894
vn -0.3947 0.6139 -0.6836
vn -0.6836 0.6139 -0.3947
vn -0.7894 0.6139 -0.0000
vn -0.6836 0.6139 0.3947
vn -0.3947 0.6139 0.6836
vn -0.0000 0.6139 0.7894
vn 0.3947 0.6139 0.6836
vn 0.6836 0.6139 0.3947
vn 0.7894 0.6139 -0.0000
vn 0.6836 0.6139 -0.3947
vn 0.3947 0.6139 -0.6836
vn -0.1857 0.9285 -0.3216
vn -0.0000 0.9757 -0.2191
vn -0.0000 0.9285 -0.3714
vn -0.3216 0.9285 -0.1857
vn -0.1096 0.9757 -0.1898
vn -0.2191 0.9757 -0.0000
vn -0.1897 0.9757 -0.1096
vn -0.3216 0.9285 0.1857
vn -0.3714 0.9285 -0.0000
vn -0.1857 0.9285 0.3216
vn -0.1898 0.9757 0.1096
vn -0.0000 0.9285 0.3714
vn -0.1096 0.9757 0.1898
vn 0.1857 0.9285 0.3216
vn -0.0000 0.9757 0.2191
vn 0.3216 0.9285 0.1857
vn 0.1096 0.9757 0.1898
vn 0.2191 0.9757 -0.0000
vn 0.1897 0.9757 0.1096
vn 0.3216 0.9285 -0.1857
vn 0.3714 0.9285 -0.0000
vn 0.1857 0.9285 -0.3216
vn 0.1898 0.9757 -0.1096
vn 0.1096 0.9757 -0.1898
vn 0.0200 -0.7070 0.7070
vn 0.0200 -0.0000 0.9998
vn 0.0200 -0.9998 -0.0000
vn 0.0200 -0.7070 -0.7070
vn 0.0200 -0.0000 -0.9998
vn 0.0200 0.7070 -0.7070
vn 0.0200 0.9998 -0.0000
vn 0.0200 0.7070 0.7070
vn -0.0200 -0.7070 -0.7070
vn -0.0200 -0.0000 -0.9998
vn -0.0200 -0.9998 -0.0000
vn -0.0200 -0.7070 0.7070
vn -0.0200 -0.0000 0.9998
vn -0.0200 0.7070 0.7070
vn -0.0200 0.9998 -0.0000
vn -0.0200 0.7070 -0.7070
vn -0.0000 -0.3420 0.9397
vn -0.0000 -0.6428 0.7660
vn -0.0000 -0.8660 0.5000
vn -0.0000 -0.9848 0.1736
vn -0.0000 -0.9848 -0.1737
vn -0.0000 -0.9848 0.1737
vn -0.0000 -0.8660 -0.5000
vn -0.0000 -0.9848 -0.1736
vn -0.0000 -0.6428 -0.7660
vn -0.0000 -0.3420 -0.9397
vn -0.0000 0.3420 -0.9397
vn -0.0000 0.6428 -0.7660
vn -0.0000 0.8660 -0.5000
vn -0.0000 0.9848 -0.1736
vn -0.0000 0.9848 0.1737
vn -0.0000 0.9848 -0.1737
vn -0.0000 0.8660 0.5000
vn -0.0000 0.9848 0.1736
vn -0.0000 0.6428 0.7660
vn -0.0000 0.3420 0.9397
vn 0.7742 0.6330 -0.0000
vn 0.6204 0.4575 0.6370
vn 0.8048 0.5935 -0.0000
vn 0.1426 0.1166 0.9829
vn 0.1484 0.1094 0.9829
vn -0.3807 -0.3113 0.8707
vn -0.3961 -0.2921 0.8705
vn -0.7265 -0.5940 0.3456
vn -0.7554 -0.5570 0.3452
vn -0.7554 -0.5570 -0.3452
vn -0.7265 -0.5940 -0.3456
vn -0.3961 -0.2921 -0.8705
vn -0.3807 -0.3113 -0.8707
vn 0.1484 0.1094 -0.9829
vn 0.1426 0.1166 -0.9829
vn 0.6204 0.4575 -0.6370
vn 0.7071 0.7071 -0.0000
vn 0.5965 0.4877 0.6375
vn 0.5448 0.5448 0.6375
vn -0.3477 -0.3477 0.8707
vn -0.6635 -0.6635 0.3456
vn -0.3477 -0.3477 -0.8707
vn 0.5448 0.5448 -0.6375
vn 0.5965 0.4877 -0.6375
vn 0.4877 0.5965 0.6375
vn 0.1302 0.1302 0.9829
vn -0.3113 -0.3807 0.8707
vn -0.5940 -0.7265 0.3456
vn -0.6635 -0.6635 -0.3456
vn -0.5940 -0.7265 -0.3456
vn -0.3113 -0.3807 -0.8707
vn 0.1302 0.1302 -0.9829
vn 0.4877 0.5965 -0.6375
vn 0.5935 0.8048 -0.0000
vn 0.6330 0.7742 -0.0000
vn 0.1094 0.1484 0.9829
vn 0.1166 0.1426 0.9829
vn -0.2921 -0.3962 0.8705
vn -0.5570 -0.7554 0.3452
vn -0.2921 -0.3961 -0.8705
vn 0.1166 0.1426 -0.9829
vn 0.1094 0.1484 -0.9829
vn -0.5935 0.8048 -0.0000
vn -0.4877 0.5965 0.6375
vn -0.4575 0.6204 0.6370
vn -0.1094 0.1484 0.9829
vn -0.1166 0.1426 0.9829
vn 0.2921 -0.3962 0.8705
vn 0.5940 -0.7265 0.3456
vn 0.5570 -0.7554 0.3452
vn 0.5570 -0.7554 -0.3452
vn 0.5940 -0.7265 -0.3456
vn 0.2921 -0.3961 -0.8705
vn -0.1166 0.1426 -0.9829
vn -0.1094 0.1484 -0.9829
vn -0.4877 0.5965 -0.6375
vn -0.4575 0.6204 -0.6370
vn -0.7071 0.7071 -0.0000
vn -0.6330 0.7742 -0.0000
vn -0.5448 0.5448 0.6375
vn -0.1302 0.1302 0.9829
vn 0.3113 -0.3807 0.8707
vn 0.3477 -0.3477 0.8707
vn 0.6635 -0.6635 0.3456
vn 0.3477 -0.3477 -0.8707
vn 0.3113 -0.3807 -0.8707
vn -0.1302 0.1302 -0.9829
vn -0.5448 0.5448 -0.6375
vn -0.5965 0.4877 0.6375
vn -0.1426 0.1166 0.9829
vn 0.7265 -0.5940 0.3456
vn 0.6635 -0.6635 -0.3456
vn 0.7265 -0.5940 -0.3456
vn -0.1426 0.1166 -0.9829
vn -0.5965 0.4877 -0.6375
vn -0.7742 0.6330 -0.0000
vn -0.6204 0.4575 0.6370
vn -0.1484 0.1094 0.9829
vn 0.3807 -0.3113 0.8707
vn 0.7554 -0.5570 0.3452
vn 0.7554 -0.5570 -0.3452
vn 0.3807 -0.3113 -0.8707
vn -0.1484 0.1094 -0.9829
vn -0.6204 0.4575 -0.6370
vn -0.7742 -0.6330 -0.0000
vn -0.6204 -0.4575 0.6370
vn -0.8048 -0.5935 -0.0000
vn -0.1426 -0.1166 0.9829
vn -0.1484 -0.1094 0.9829
vn 0.3807 0.3113 0.8707
vn 0.3962 0.2921 0.8705
vn 0.7554 0.5570 0.3452
vn 0.7265 0.5940 0.3456
vn 0.7554 0.5570 -0.3452
vn 0.3807 0.3113 -0.8707
vn 0.3962 0.2921 -0.8705
vn -0.1484 -0.1094 -0.9829
vn -0.1426 -0.1166 -0.9829
vn -0.6204 -0.4575 -0.6370
vn -0.7071 -0.7071 -0.0000
vn -0.5965 -0.4877 0.6375
vn -0.5448 -0.5448 0.6375
vn 0.3477 0.3477 0.8707
vn 0.6635 0.6635 0.3456
vn 0.7265 0.5940 -0.3456
vn 0.3477 0.3477 -0.8707
vn -0.5448 -0.5448 -0.6375
vn -0.5965 -0.4877 -0.6375
vn -0.4877 -0.5965 0.6375
vn -0.1166 -0.1426 0.9829
vn -0.1302 -0.1302 0.9829
vn 0.3113 0.3807 0.8707
vn 0.5940 0.7265 0.3456
vn 0.6635 0.6635 -0.3456
vn 0.5940 0.7265 -0.3456
vn 0.3113 0.3807 -0.8707
vn -0.1302 -0.1302 -0.9829
vn -0.1166 -0.1426 -0.9829
vn -0.4877 -0.5965 -0.6375
vn -0.6330 -0.7742 -0.0000
vn -0.4575 -0.6204 0.6370
vn 0.2921 0.3961 0.8705
vn 0.5570 0.7554 0.3452
vn 0.2921 0.3961 -0.8705
vn -0.4575 -0.6204 -0.6370
vn 0.6330 -0.7742 -0.0000
vn 0.4575 -0.6204 0.6370
vn 0.5935 -0.8048 -0.0000
vn 0.1166 -0.1426 0.9829
vn 0.1094 -0.1484 0.9829
vn -0.2921 0.3962 0.8705
vn -0.5940 0.7265 0.3456
vn -0.5570 0.7554 0.3452
vn -0.5570 0.7554 -0.3452
vn -0.5940 0.7265 -0.3456
vn -0.2921 0.3961 -0.8705
vn 0.1166 -0.1426 -0.9829
vn 0.1094 -0.1484 -0.9829
vn 0.4575 -0.6204 -0.6370
vn 0.7071 -0.7071 -0.0000
vn 0.4877 -0.5965 0.6375
vn 0.1302 -0.1302 0.9829
vn -0.3113 0.3807 0.8707
vn -0.3477 0.3477 0.8707
vn -0.6635 0.6635 0.3456
vn -0.3477 0.3477 -0.8707
vn -0.3113 0.3807 -0.8707
vn 0.1302 -0.1302 -0.9829
vn 0.4877 -0.5965 -0.6375
vn 0.5965 -0.4877 0.6375
vn 0.5448 -0.5448 0.6375
vn 0.1426 -0.1166 0.9829
vn -0.7265 0.5940 0.3456
vn -0.6635 0.6635 -0.3456
vn -0.7265 0.5940 -0.3456
vn 0.1426 -0.1166 -0.9829
vn 0.5448 -0.5448 -0.6375
vn 0.5965 -0.4877 -0.6375
vn 0.7742 -0.6330 -0.0000
vn 0.6204 -0.4575 0.6370
vn 0.1484 -0.1094 0.9829
vn -0.3807 0.3113 0.8707
vn -0.3962 0.2921 0.8705
vn -0.7554 0.5570 0.3452
vn -0.3962 0.2921 -0.8705
vn -0.3807 0.3113 -0.8707
vn 0.1484 -0.1094 -0.9829
vn 0.6204 -0.4575 -0.6370
vn -0.7070 0.0246 0.7068
vn -0.7070 -0.0000 -0.7072
vn 0.7070 -0.0246 -0.7068
vn 0.7070 -0.0000 0.7072
vn 0.0174 0.9997 -0.0174
vn -0.0174 -0.9997 0.0174
vn -0.7010 0.1558 0.6959
vn -0.7010 0.0287 -0.7126
vn 0.7010 -0.1558 -0.6959
vn 0.7010 -0.0287 0.7126
vn 0.1310 0.9874 -0.0891
vn -0.1310 -0.9874 0.0891
vn -0.0131 -0.0000 0.9999
vn 0.1471 -0.0000 0.9891
vn -0.1471 -0.0000 -0.9891
vn 0.0131 -0.0000 -0.9999
vn -0.1607 -0.0000 0.9870
vn 0.1607 -0.0000 -0.9870
vn -0.0000 0.2800 -0.9600
vn -0.5643 0.2800 -0.7767
vn -0.9130 0.2800 -0.2966
vn -0.9130 0.2800 0.2967
vn -0.5643 0.2800 0.7767
vn -0.0000 0.2800 0.9600
vn 0.5643 0.2800 0.7767
vn 0.9130 0.2800 0.2966
vn 0.9130 0.2800 -0.2967
vn 0.5643 0.2800 -0.7767
vn -0.7070 -0.2869 -0.6464
vn -0.7070 0.2604 0.6576
vn 0.7070 0.2869 0.6465
vn 0.7070 0.2869 0.6464
vn 0.7070 -0.2604 -0.6576
vn 0.0204 -0.9219 0.3869
vn -0.0204 0.9219 -0.3869
vn -0.7069 -0.2978 -0.6415
vn -0.7070 -0.2978 -0.6415
vn -0.7069 0.2704 0.6535
vn -0.7070 0.2705 0.6535
vn 0.7070 0.2978 0.6415
vn 0.7069 -0.2704 -0.6535
vn 0.7070 -0.2705 -0.6535
vn 0.0211 -0.9155 0.4018
vn -0.0211 0.9155 -0.4017
vn -0.7069 0.2655 -0.6555
vn -0.7070 0.2655 -0.6555
vn -0.7070 -0.2925 0.6439
vn 0.7069 -0.2655 0.6555
vn 0.7070 -0.2655 0.6555
vn 0.7069 0.2925 -0.6440
vn 0.7070 0.2925 -0.6439
vn 0.0208 -0.9187 -0.3945
vn -0.0208 0.9187 0.3945
vn 0.9703 -0.2419 -0.0000
vn 0.7134 -0.0654 0.6977
vn 0.6948 -0.1732 0.6981
vn 0.3811 -0.0349 0.9239
vn 0.3713 -0.0926 0.9239
vn -0.3713 0.0926 0.9239
vn -0.3811 0.0350 0.9239
vn -0.6770 0.1688 0.7163
vn -0.9958 0.0915 -0.0000
vn -0.9703 0.2419 -0.0000
vn -0.6770 0.1688 -0.7164
vn -0.3811 0.0350 -0.9239
vn -0.3713 0.0926 -0.9239
vn 0.3811 -0.0349 -0.9239
vn 0.3713 -0.0926 -0.9239
vn 0.7134 -0.0654 -0.6977
vn 0.8965 -0.2235 -0.3826
vn 0.9958 -0.0913 -0.0000
vn 0.7154 0.0524 0.6967
vn 0.3816 0.0280 0.9239
vn -0.3816 -0.0279 0.9239
vn -0.9200 0.0845 0.3827
vn -0.9974 -0.0726 -0.0000
vn -0.9200 0.0845 -0.3827
vn -0.3816 -0.0279 -0.9239
vn 0.3816 0.0280 -0.9239
vn 0.7154 0.0524 -0.6967
vn 0.9973 0.0731 -0.0000
vn 0.6945 0.1870 0.6947
vn 0.3695 0.0995 0.9239
vn -0.3817 -0.0278 0.9239
vn -0.3695 -0.0993 0.9239
vn -0.9215 -0.0670 0.3826
vn -0.9659 -0.2591 -0.0000
vn -0.9215 -0.0670 -0.3826
vn -0.3695 -0.0993 -0.9239
vn -0.3817 -0.0278 -0.9239
vn 0.3695 0.0995 -0.9239
vn 0.6945 0.1870 -0.6947
vn 0.9656 0.2600 -0.0000
vn 0.6354 0.3433 0.6917
vn 0.3366 0.1819 0.9239
vn -0.3697 -0.0992 0.9238
vn -0.3368 -0.1815 0.9239
vn -0.8924 -0.2392 0.3826
vn -0.8808 -0.4735 -0.0000
vn -0.8924 -0.2392 -0.3826
vn -0.3368 -0.1815 -0.9239
vn -0.3697 -0.0992 -0.9238
vn 0.3366 0.1819 -0.9239
vn 0.6354 0.3433 -0.6917
vn 0.8799 0.4752 -0.0000
vn 0.5125 0.5139 0.6879
vn 0.2701 0.2709 0.9239
vn -0.3371 -0.1814 0.9238
vn -0.2705 -0.2705 0.9239
vn -0.8139 -0.4373 0.3825
vn -0.7084 -0.7058 -0.0000
vn -0.8139 -0.4373 -0.3825
vn -0.2705 -0.2705 -0.9239
vn -0.3371 -0.1814 -0.9238
vn 0.2701 0.2709 -0.9239
vn 0.5125 0.5139 -0.6879
vn 0.7063 0.7079 -0.0000
vn 0.3057 0.6614 0.6849
vn 0.1604 0.3473 0.9239
vn -0.2710 -0.2704 0.9238
vn -0.2872 -0.6190 0.7310
vn -0.6546 -0.6521 0.3825
vn -0.4211 -0.9070 -0.0000
vn -0.6546 -0.6521 -0.3825
vn -0.2872 -0.6190 -0.7310
vn -0.2710 -0.2704 -0.9238
vn 0.1604 0.3473 -0.9239
vn 0.3057 0.6614 -0.6849
vn 0.0555 0.9985 -0.0000
vn 0.4198 0.9076 -0.0000
vn 0.0406 0.7275 0.6849
vn -0.1610 -0.3472 0.9239
vn -0.0371 -0.6814 0.7310
vn -0.0371 -0.6814 -0.7310
vn -0.1610 -0.3472 -0.9239
vn 0.0406 0.7275 -0.6849
vn -0.2913 0.9566 -0.0000
vn -0.2113 0.6944 0.6879
vn 0.0214 0.3820 0.9239
vn 0.1123 -0.3660 0.9238
vn -0.0209 -0.3821 0.9239
vn 0.2719 -0.8831 0.3825
vn -0.0540 -0.9985 -0.0000
vn 0.2719 -0.8831 -0.3825
vn 0.1123 -0.3660 -0.9238
vn -0.0209 -0.3821 -0.9239
vn 0.0214 0.3820 -0.9239
vn -0.2113 0.6944 -0.6879
vn -0.5538 0.8327 -0.0000
vn -0.3998 0.6014 0.6917
vn -0.1113 0.3660 0.9239
vn 0.2125 -0.3184 0.9238
vn 0.1119 -0.3658 0.9239
vn 0.5133 -0.7682 0.3825
vn 0.2941 -0.9558 -0.0000
vn 0.5133 -0.7682 -0.3825
vn 0.1119 -0.3658 -0.9239
vn 0.2125 -0.3184 -0.9238
vn -0.1113 0.3660 -0.9239
vn -0.3998 0.6014 -0.6917
vn -0.7305 0.6829 -0.0000
vn -0.5254 0.4912 0.6948
vn -0.2118 0.3186 0.9239
vn 0.2799 -0.2611 0.9238
vn 0.2122 -0.3184 0.9239
vn 0.6757 -0.6302 0.3826
vn 0.5554 -0.8316 -0.0000
vn 0.6757 -0.6302 -0.3826
vn 0.2122 -0.3184 -0.9239
vn 0.2798 -0.2611 -0.9239
vn -0.2118 0.3186 -0.9239
vn -0.5254 0.4912 -0.6948
vn -0.8463 0.5327 -0.0000
vn -0.6071 0.3822 0.6967
vn -0.2795 0.2613 0.9239
vn 0.3240 -0.2037 0.9239
vn 0.2797 -0.2612 0.9239
vn 0.7821 -0.4918 0.3826
vn 0.7312 -0.6822 -0.0000
vn 0.7821 -0.4918 -0.3826
vn 0.2797 -0.2612 -0.9239
vn 0.3240 -0.2037 -0.9239
vn -0.2795 0.2613 -0.9239
vn -0.6071 0.3822 -0.6967
vn -0.9221 0.3869 -0.0000
vn -0.6605 0.2772 0.6978
vn -0.3238 0.2039 0.9239
vn 0.3529 -0.1480 0.9239
vn 0.3239 -0.2038 0.9239
vn 0.8520 -0.3573 0.3827
vn 0.8465 -0.5324 -0.0000
vn 0.8520 -0.3573 -0.3827
vn 0.3239 -0.2038 -0.9239
vn 0.3529 -0.1480 -0.9239
vn -0.3238 0.2039 -0.9239
vn -0.6606 0.2772 -0.6977
vn -0.6948 0.1732 0.6981
vn -0.3529 0.1481 0.9239
vn 0.8964 -0.2235 0.3827
vn 0.9222 -0.3868 -0.0000
vn 0.6770 -0.1688 -0.7164
vn -0.3529 0.1481 -0.9239
vn -0.6948 0.1732 -0.6981
vn -0.7134 0.0654 0.6977
vn -0.3811 0.0349 0.9239
vn 0.3811 -0.0350 0.9239
vn 0.9958 -0.0915 -0.0000
vn 0.6945 -0.0638 -0.7167
vn -0.3811 0.0349 -0.9239
vn -0.7134 0.0654 -0.6977
vn -0.9958 0.0913 -0.0000
vn -0.7154 -0.0524 0.6967
vn -0.3817 -0.0280 0.9239
vn 0.3816 0.0279 0.9239
vn 0.9200 -0.0845 0.3827
vn 0.9974 0.0726 -0.0000
vn 0.3816 0.0279 -0.9239
vn 0.3811 -0.0350 -0.9239
vn -0.3817 -0.0280 -0.9239
vn -0.7154 -0.0524 -0.6967
vn -0.9973 -0.0731 -0.0000
vn -0.6945 -0.1870 0.6948
vn -0.3695 -0.0995 0.9239
vn 0.3817 0.0278 0.9239
vn 0.3695 0.0993 0.9239
vn 0.9215 0.0670 0.3826
vn 0.9659 0.2591 -0.0000
vn 0.9215 0.0670 -0.3827
vn 0.3695 0.0993 -0.9239
vn 0.3817 0.0278 -0.9239
vn -0.3695 -0.0995 -0.9239
vn -0.6945 -0.1870 -0.6948
vn -0.9656 -0.2600 -0.0000
vn -0.6353 -0.3433 0.6917
vn -0.3366 -0.1819 0.9239
vn 0.3697 0.0992 0.9238
vn 0.3368 0.1815 0.9239
vn 0.8924 0.2392 0.3826
vn 0.8808 0.4735 -0.0000
vn 0.8924 0.2392 -0.3826
vn 0.3368 0.1815 -0.9239
vn 0.3697 0.0992 -0.9238
vn -0.3366 -0.1819 -0.9239
vn -0.6354 -0.3433 -0.6917
vn -0.8799 -0.4752 -0.0000
vn -0.5125 -0.5139 0.6879
vn -0.2701 -0.2709 0.9239
vn 0.3371 0.1814 0.9238
vn 0.2705 0.2705 0.9239
vn 0.8139 0.4373 0.3825
vn 0.7084 0.7058 -0.0000
vn 0.8139 0.4373 -0.3825
vn 0.2705 0.2705 -0.9239
vn 0.3371 0.1814 -0.9238
vn -0.2701 -0.2709 -0.9239
vn -0.5125 -0.5139 -0.6879
vn -0.7063 -0.7079 -0.0000
vn -0.3057 -0.6614 0.6849
vn -0.1604 -0.3473 0.9239
vn 0.2710 0.2704 0.9238
vn 0.2871 0.6190 0.7310
vn 0.6546 0.6521 0.3825
vn 0.4211 0.9070 -0.0000
vn 0.6546 0.6521 -0.3825
vn 0.2871 0.6190 -0.7310
vn 0.2710 0.2704 -0.9238
vn -0.1604 -0.3473 -0.9239
vn -0.3057 -0.6614 -0.6849
vn -0.0555 -0.9985 -0.0000
vn -0.4198 -0.9076 -0.0000
vn -0.0214 -0.3820 0.9239
vn 0.1610 0.3472 0.9239
vn 0.0371 0.6814 0.7310
vn 0.0371 0.6814 -0.7310
vn 0.1610 0.3472 -0.9239
vn -0.0214 -0.3820 -0.9239
vn 0.2913 -0.9566 -0.0000
vn -0.0405 -0.7275 0.6849
vn 0.2113 -0.6944 0.6879
vn -0.1123 0.3660 0.9238
vn 0.0209 0.3821 0.9239
vn -0.2719 0.8831 0.3825
vn 0.0540 0.9985 -0.0000
vn -0.2719 0.8831 -0.3824
vn -0.1123 0.3660 -0.9238
vn 0.0209 0.3821 -0.9239
vn 0.2113 -0.6944 -0.6879
vn -0.0405 -0.7275 -0.6849
vn 0.5538 -0.8327 -0.0000
vn 0.3998 -0.6014 0.6917
vn 0.1113 -0.3660 0.9239
vn -0.2125 0.3184 0.9238
vn -0.1119 0.3658 0.9239
vn -0.5133 0.7682 0.3825
vn -0.2941 0.9558 -0.0000
vn -0.5133 0.7682 -0.3825
vn -0.1119 0.3658 -0.9239
vn -0.2125 0.3184 -0.9238
vn 0.1113 -0.3660 -0.9239
vn 0.3998 -0.6014 -0.6917
vn 0.7305 -0.6829 -0.0000
vn 0.5254 -0.4912 0.6948
vn 0.2118 -0.3186 0.9239
vn -0.2799 0.2611 0.9238
vn -0.2122 0.3184 0.9239
vn -0.6757 0.6302 0.3826
vn -0.5554 0.8316 -0.0000
vn -0.6757 0.6302 -0.3826
vn -0.2122 0.3184 -0.9239
vn -0.2799 0.2611 -0.9238
vn 0.2118 -0.3187 -0.9239
vn 0.5254 -0.4912 -0.6948
vn 0.8463 -0.5327 -0.0000
vn 0.6071 -0.3822 0.6967
vn 0.2795 -0.2613 0.9239
vn -0.3240 0.2038 0.9239
vn -0.2797 0.2612 0.9239
vn -0.7821 0.4918 0.3827
vn -0.7312 0.6822 -0.0000
vn -0.7821 0.4918 -0.3827
vn -0.2797 0.2612 -0.9239
vn -0.3240 0.2038 -0.9239
vn 0.2795 -0.2613 -0.9239
vn 0.6071 -0.3822 -0.6967
vn 0.9221 -0.3869 -0.0000
vn 0.6606 -0.2772 0.6977
vn 0.3238 -0.2039 0.9239
vn -0.3529 0.1480 0.9239
vn -0.3239 0.2038 0.9239
vn -0.6431 0.2697 0.7167
vn -0.8465 0.5324 -0.0000
vn -0.6431 0.2697 -0.7167
vn -0.3239 0.2038 -0.9239
vn -0.3529 0.1480 -0.9239
vn 0.3238 -0.2039 -0.9239
vn 0.6606 -0.2772 -0.6977
vn 0.3529 -0.1481 0.9239
vn -0.9222 0.3868 -0.0000
vn 0.3529 -0.1481 -0.9239
vn 0.9925 -0.1219 -0.0000
vn 0.7163 0.0294 0.6971
vn 0.7113 -0.0873 0.6975
vn 0.3824 0.0157 0.9239
vn 0.3798 -0.0466 0.9239
vn -0.3798 0.0466 0.9239
vn -0.3824 -0.0157 0.9239
vn -0.9170 0.1126 0.3827
vn -0.9992 -0.0408 -0.0000
vn -0.9925 0.1219 -0.0000
vn -0.9170 0.1126 -0.3827
vn -0.3824 -0.0157 -0.9239
vn -0.3798 0.0466 -0.9239
vn 0.3824 0.0157 -0.9239
vn 0.7113 -0.0873 -0.6975
vn 0.3798 -0.0466 -0.9239
vn 0.7163 0.0294 -0.6971
vn 0.9992 0.0410 -0.0000
vn 0.7013 0.1534 0.6961
vn 0.3738 0.0818 0.9239
vn -0.3824 -0.0156 0.9239
vn -0.3738 -0.0817 0.9239
vn -0.9231 -0.0377 0.3827
vn -0.9770 -0.2133 -0.0000
vn -0.9231 -0.0377 -0.3827
vn -0.3738 -0.0817 -0.9239
vn -0.3824 -0.0156 -0.9239
vn 0.3738 0.0818 -0.9239
vn 0.7013 0.1534 -0.6961
vn 0.9769 0.2137 -0.0000
vn 0.6590 0.2891 0.6943
vn 0.3504 0.1538 0.9239
vn -0.3739 -0.0816 0.9239
vn -0.3505 -0.1536 0.9239
vn -0.9027 -0.1969 0.3826
vn -0.9161 -0.4009 -0.0000
vn -0.9027 -0.1969 -0.3826
vn -0.3505 -0.1536 -0.9239
vn -0.3739 -0.0816 -0.9239
vn 0.3504 0.1538 -0.9239
vn 0.6590 0.2891 -0.6943
vn 0.9158 0.4017 -0.0000
vn 0.5751 0.4369 0.6917
vn 0.3047 0.2315 0.9239
vn -0.3507 -0.1535 0.9238
vn -0.3049 -0.2312 0.9239
vn -0.8465 -0.3703 0.3826
vn -0.7973 -0.6035 -0.0000
vn -0.8465 -0.3703 -0.3826
vn -0.3049 -0.2312 -0.9239
vn -0.3507 -0.1535 -0.9238
vn 0.3047 0.2315 -0.9239
vn 0.5751 0.4369 -0.6917
vn 0.7963 0.6048 -0.0000
vn 0.4299 0.5840 0.6885
vn 0.2268 0.3082 0.9239
vn -0.3052 -0.2311 0.9238
vn -0.2271 -0.3079 0.9239
vn -0.7368 -0.5575 0.3826
vn -0.5947 -0.8040 -0.0000
vn -0.7368 -0.5575 -0.3825
vn -0.2271 -0.3079 -0.9239
vn -0.3052 -0.2311 -0.9238
vn 0.2268 0.3082 -0.9239
vn 0.4299 0.5840 -0.6885
vn 0.5930 0.8052 -0.0000
vn 0.2149 0.6950 0.6862
vn 0.1129 0.3656 0.9239
vn -0.2275 -0.3079 0.9238
vn -0.2026 -0.6533 0.7295
vn -0.5496 -0.7427 0.3825
vn -0.2964 -0.9550 -0.0000
vn -0.5496 -0.7427 -0.3825
vn -0.2026 -0.6533 -0.7295
vn -0.2275 -0.3079 -0.9238
vn 0.1129 0.3656 -0.9239
vn 0.2149 0.6950 -0.6862
vn 0.2955 0.9553 -0.0000
vn -0.0403 0.7263 0.6862
vn 0.0215 -0.3821 0.9239
vn -0.1133 -0.3655 0.9239
vn 0.0386 -0.6829 0.7295
vn 0.0386 -0.6829 -0.7295
vn 0.0215 -0.3821 -0.9239
vn -0.1133 -0.3655 -0.9239
vn -0.0403 0.7263 -0.6862
vn -0.3806 0.9247 -0.0000
vn -0.0556 0.9985 -0.0000
vn -0.2759 0.6707 0.6885
vn -0.0211 0.3820 0.9239
vn 0.1463 -0.3538 0.9238
vn 0.3536 -0.8536 0.3825
vn 0.0566 -0.9984 -0.0000
vn 0.3536 -0.8536 -0.3825
vn 0.1463 -0.3538 -0.9238
vn -0.0211 0.3820 -0.9239
vn -0.2759 0.6707 -0.6885
vn -0.6264 0.7795 -0.0000
vn -0.4523 0.5630 0.6917
vn -0.1455 0.3539 0.9239
vn 0.2402 -0.2981 0.9238
vn 0.1459 -0.3537 0.9239
vn 0.5800 -0.7192 0.3826
vn 0.3825 -0.9239 -0.0000
vn 0.5800 -0.7192 -0.3826
vn 0.1459 -0.3537 -0.9239
vn 0.2402 -0.2981 -0.9238
vn -0.1455 0.3539 -0.9239
vn -0.4523 0.5630 -0.6917
vn -0.7914 0.6113 -0.0000
vn -0.5695 0.4400 0.6944
vn -0.2396 0.2983 0.9239
vn 0.3031 -0.2337 0.9238
vn 0.2399 -0.2981 0.9239
vn 0.7317 -0.5640 0.3826
vn 0.6276 -0.7785 -0.0000
vn 0.7317 -0.5640 -0.3827
vn 0.2399 -0.2981 -0.9239
vn 0.3031 -0.2338 -0.9238
vn -0.2396 0.2983 -0.9239
vn -0.5695 0.4400 -0.6944
vn -0.8962 0.4437 -0.0000
vn -0.6434 0.3185 0.6961
vn -0.3028 0.2340 0.9239
vn 0.3431 -0.1697 0.9239
vn 0.3029 -0.2338 0.9239
vn 0.8282 -0.4095 0.3826
vn 0.7919 -0.6106 -0.0000
vn 0.8282 -0.4095 -0.3826
vn 0.3029 -0.2338 -0.9239
vn 0.3431 -0.1696 -0.9239
vn -0.3028 0.2340 -0.9239
vn -0.6434 0.3185 -0.6961
vn -0.9596 0.2815 -0.0000
vn -0.6879 0.2018 0.6971
vn -0.3429 0.1698 0.9239
vn 0.3672 -0.1077 0.9239
vn 0.3430 -0.1697 0.9239
vn 0.8866 -0.2599 0.3826
vn 0.8964 -0.4433 -0.0000
vn 0.8866 -0.2599 -0.3826
vn 0.3430 -0.1697 -0.9239
vn 0.3672 -0.1077 -0.9239
vn -0.3429 0.1698 -0.9239
vn -0.6879 0.2018 -0.6971
vn -0.7113 0.0873 0.6975
vn -0.3672 0.1077 0.9239
vn 0.9170 -0.1126 0.3827
vn 0.9596 -0.2813 -0.0000
vn 0.9170 -0.1126 -0.3827
vn -0.3672 0.1077 -0.9239
vn -0.7113 0.0873 -0.6975
vn -0.7163 -0.0294 0.6971
vn 0.9992 0.0408 -0.0000
vn -0.7163 -0.0294 -0.6971
vn -0.9992 -0.0410 -0.0000
vn -0.7013 -0.1534 0.6961
vn -0.3738 -0.0818 0.9239
vn 0.3824 0.0156 0.9239
vn 0.3738 0.0817 0.9239
vn 0.9231 0.0377 0.3827
vn 0.9770 0.2133 -0.0000
vn 0.9231 0.0377 -0.3827
vn 0.3738 0.0817 -0.9239
vn 0.3824 0.0156 -0.9239
vn -0.3738 -0.0818 -0.9239
vn -0.7013 -0.1534 -0.6962
vn -0.9769 -0.2137 -0.0000
vn -0.6590 -0.2891 0.6944
vn -0.3504 -0.1538 0.9239
vn 0.3739 0.0816 0.9239
vn 0.3505 0.1536 0.9239
vn 0.9027 0.1969 0.3826
vn 0.9161 0.4009 -0.0000
vn 0.9027 0.1969 -0.3826
vn 0.3505 0.1536 -0.9239
vn 0.3739 0.0816 -0.9239
vn -0.3504 -0.1538 -0.9239
vn -0.6590 -0.2891 -0.6944
vn -0.9158 -0.4017 -0.0000
vn -0.5751 -0.4369 0.6917
vn -0.3047 -0.2315 0.9239
vn 0.3506 0.1535 0.9238
vn 0.3049 0.2312 0.9239
vn 0.8465 0.3703 0.3826
vn 0.7973 0.6035 -0.0000
vn 0.8465 0.3703 -0.3826
vn 0.3049 0.2312 -0.9239
vn 0.3506 0.1535 -0.9238
vn -0.3047 -0.2315 -0.9239
vn -0.5751 -0.4369 -0.6917
vn -0.7963 -0.6048 -0.0000
vn -0.4299 -0.5840 0.6885
vn -0.2268 -0.3082 0.9239
vn 0.3052 0.2311 0.9238
vn 0.2271 0.3079 0.9239
vn 0.7368 0.5575 0.3826
vn 0.5947 0.8040 -0.0000
vn 0.7368 0.5575 -0.3826
vn 0.2271 0.3079 -0.9239
vn 0.3052 0.2311 -0.9238
vn -0.2268 -0.3082 -0.9239
vn -0.4299 -0.5840 -0.6885
vn -0.5930 -0.8052 -0.0000
vn -0.2149 -0.6950 0.6862
vn -0.1129 -0.3656 0.9239
vn 0.2275 0.3079 0.9238
vn 0.2026 0.6533 0.7295
vn 0.5496 0.7427 0.3825
vn 0.2965 0.9550 -0.0000
vn 0.5496 0.7427 -0.3825
vn 0.2026 0.6533 -0.7295
vn 0.2275 0.3079 -0.9238
vn -0.1129 -0.3656 -0.9239
vn -0.2149 -0.6950 -0.6862
vn 0.0556 -0.9985 -0.0000
vn -0.2955 -0.9553 -0.0000
vn 0.0403 -0.7263 0.6862
vn -0.0215 0.3821 0.9239
vn 0.1133 0.3655 0.9239
vn -0.0566 0.9984 -0.0000
vn -0.0215 0.3821 -0.9239
vn 0.1133 0.3655 -0.9239
vn 0.0403 -0.7263 -0.6862
vn 0.3806 -0.9248 -0.0000
vn 0.2759 -0.6707 0.6885
vn 0.0211 -0.3820 0.9239
vn -0.1463 0.3538 0.9238
vn -0.0386 0.6829 0.7295
vn -0.3536 0.8536 0.3825
vn -0.3536 0.8536 -0.3825
vn -0.0386 0.6829 -0.7295
vn -0.1463 0.3538 -0.9238
vn 0.0211 -0.3820 -0.9239
vn 0.2759 -0.6707 -0.6885
vn 0.6264 -0.7795 -0.0000
vn 0.4523 -0.5630 0.6917
vn 0.1455 -0.3539 0.9239
vn -0.2402 0.2981 0.9238
vn -0.1459 0.3537 0.9239
vn -0.5800 0.7192 0.3826
vn -0.3825 0.9239 -0.0000
vn -0.5800 0.7192 -0.3825
vn -0.1459 0.3537 -0.9239
vn -0.2402 0.2981 -0.9238
vn 0.1455 -0.3539 -0.9239
vn 0.4523 -0.5630 -0.6917
vn 0.7914 -0.6113 -0.0000
vn 0.5695 -0.4400 0.6944
vn 0.2396 -0.2983 0.9239
vn -0.3031 0.2337 0.9238
vn -0.2399 0.2981 0.9239
vn -0.7317 0.5640 0.3826
vn -0.6276 0.7785 -0.0000
vn -0.7317 0.5640 -0.3826
vn -0.2399 0.2981 -0.9239
vn -0.3031 0.2338 -0.9238
vn 0.2396 -0.2983 -0.9239
vn 0.5695 -0.4400 -0.6944
vn 0.8962 -0.4437 -0.0000
vn 0.6434 -0.3185 0.6962
vn 0.3028 -0.2340 0.9239
vn -0.3431 0.1696 0.9239
vn -0.3029 0.2338 0.9239
vn -0.8282 0.4095 0.3826
vn -0.7919 0.6106 -0.0000
vn -0.8282 0.4095 -0.3826
vn -0.3029 0.2338 -0.9239
vn -0.3431 0.1696 -0.9239
vn 0.3028 -0.2340 -0.9239
vn 0.6434 -0.3185 -0.6961
vn 0.9596 -0.2815 -0.0000
vn 0.6879 -0.2018 0.6972
vn 0.3429 -0.1698 0.9239
vn -0.3430 0.1697 0.9239
vn -0.8866 0.2599 0.3826
vn -0.8964 0.4433 -0.0000
vn -0.8866 0.2599 -0.3826
vn -0.3430 0.1697 -0.9239
vn 0.3429 -0.1698 -0.9239
vn 0.6879 -0.2018 -0.6971
vn -0.9596 0.2813 -0.0000
vn 0.7067 0.1241 0.6965
vn 0.7173 -0.0000 0.6968
vn 0.3769 0.0662 0.9239
vn 0.3827 -0.0000 0.9239
vn -0.3827 -0.0000 0.9239
vn -0.3769 -0.0662 0.9239
vn -0.9239 -0.0000 0.3827
vn -0.9849 -0.1728 -0.0000
vn -0.9239 -0.0000 -0.3827
vn -0.3769 -0.0662 -0.9239
vn -0.3827 -0.0000 -0.9239
vn 0.3769 0.0662 -0.9239
vn 0.7173 -0.0000 -0.6968
vn 0.3827 -0.0000 -0.9239
vn 0.7067 0.1241 -0.6965
vn 0.9849 0.1730 -0.0000
vn 0.6728 0.2519 0.6956
vn 0.3584 0.1342 0.9239
vn -0.3770 -0.0661 0.9239
vn -0.3584 -0.1341 0.9239
vn -0.9100 -0.1596 0.3827
vn -0.9367 -0.3502 -0.0000
vn -0.9100 -0.1596 -0.3827
vn -0.3584 -0.1341 -0.9239
vn -0.3770 -0.0661 -0.9239
vn 0.3584 0.1342 -0.9239
vn 0.6728 0.2519 -0.6956
vn 0.9365 0.3506 -0.0000
vn 0.6084 0.3850 0.6940
vn 0.3234 0.2046 0.9239
vn -0.3585 -0.1340 0.9239
vn -0.3234 -0.2045 0.9239
vn -0.8654 -0.3235 0.3826
vn -0.8455 -0.5340 -0.0000
vn -0.8654 -0.3235 -0.3826
vn -0.3234 -0.2045 -0.9239
vn -0.3585 -0.1340 -0.9239
vn 0.3234 0.2046 -0.9239
vn 0.6084 0.3850 -0.6940
vn 0.8451 0.5347 -0.0000
vn 0.5013 0.5198 0.6917
vn 0.2656 0.2755 0.9239
vn -0.3236 -0.2044 0.9239
vn -0.2658 -0.2752 0.9239
vn -0.7812 -0.4933 0.3826
vn -0.6952 -0.7188 -0.0000
vn -0.7812 -0.4933 -0.3826
vn -0.2658 -0.2752 -0.9239
vn -0.3236 -0.2044 -0.9238
vn 0.2656 0.2755 -0.9239
vn 0.5013 0.5198 -0.6917
vn 0.6943 0.7197 -0.0000
vn 0.3386 0.6406 0.6892
vn 0.1788 0.3383 0.9239
vn -0.2660 -0.2752 0.9238
vn -0.1791 -0.3381 0.9239
vn -0.6424 -0.6640 0.3826
vn -0.4688 -0.8833 -0.0000
vn -0.6424 -0.6640 -0.3826
vn -0.1791 -0.3381 -0.9239
vn -0.2661 -0.2752 -0.9238
vn 0.1788 0.3383 -0.9239
vn 0.3386 0.6406 -0.6892
vn 0.4675 0.8840 -0.0000
vn 0.1210 0.7162 0.6874
vn 0.0637 0.3773 0.9239
vn -0.1793 -0.3382 0.9238
vn -0.1146 -0.6758 0.7281
vn -0.4333 -0.8160 0.3826
vn -0.1673 -0.9859 -0.0000
vn -0.4333 -0.8160 -0.3826
vn -0.1146 -0.6758 -0.7281
vn -0.1793 -0.3382 -0.9238
vn 0.0637 0.3773 -0.9239
vn 0.1210 0.7162 -0.6874
vn -0.1666 0.9860 -0.0000
vn 0.1666 0.9860 -0.0000
vn -0.1210 0.7162 0.6874
vn 0.0640 -0.3773 0.9239
vn -0.0640 -0.3773 0.9239
vn 0.1146 -0.6758 0.7281
vn 0.1673 -0.9859 -0.0000
vn 0.1146 -0.6758 -0.7281
vn -0.0640 -0.3773 -0.9239
vn -0.0637 0.3773 -0.9239
vn -0.1210 0.7162 -0.6874
vn -0.4675 0.8840 -0.0000
vn -0.3386 0.6406 0.6892
vn -0.0637 0.3773 0.9239
vn 0.1793 -0.3382 0.9238
vn 0.4333 -0.8160 0.3826
vn 0.4333 -0.8160 -0.3826
vn 0.1793 -0.3382 -0.9238
vn 0.0640 -0.3773 -0.9239
vn -0.3386 0.6406 -0.6892
vn -0.6943 0.7197 -0.0000
vn -0.5013 0.5198 0.6917
vn -0.1788 0.3383 0.9239
vn 0.2661 -0.2752 0.9238
vn 0.1791 -0.3381 0.9239
vn 0.6424 -0.6640 0.3826
vn 0.4688 -0.8833 -0.0000
vn 0.6424 -0.6640 -0.3826
vn 0.1791 -0.3381 -0.9239
vn 0.2661 -0.2752 -0.9238
vn -0.1788 0.3383 -0.9239
vn -0.5013 0.5198 -0.6917
vn -0.8451 0.5347 -0.0000
vn -0.6084 0.3850 0.6940
vn -0.2656 0.2754 0.9239
vn 0.3236 -0.2044 0.9239
vn 0.2658 -0.2752 0.9239
vn 0.7812 -0.4933 0.3826
vn 0.6952 -0.7188 -0.0000
vn 0.7812 -0.4933 -0.3826
vn 0.2658 -0.2752 -0.9239
vn 0.3236 -0.2044 -0.9239
vn -0.2656 0.2754 -0.9239
vn -0.6084 0.3850 -0.6940
vn -0.9365 0.3506 -0.0000
vn -0.6728 0.2519 0.6956
vn -0.3233 0.2046 0.9239
vn 0.3585 -0.1340 0.9239
vn 0.3234 -0.2045 0.9239
vn 0.8654 -0.3235 0.3826
vn 0.8455 -0.5340 -0.0000
vn 0.8654 -0.3235 -0.3826
vn 0.3234 -0.2045 -0.9239
vn 0.3585 -0.1340 -0.9239
vn -0.3234 0.2046 -0.9239
vn -0.6728 0.2519 -0.6956
vn -0.9849 0.1730 -0.0000
vn -0.7067 0.1241 0.6965
vn -0.3584 0.1342 0.9239
vn 0.3770 -0.0661 0.9239
vn 0.3584 -0.1341 0.9239
vn 0.9100 -0.1596 0.3827
vn 0.9367 -0.3502 -0.0000
vn 0.6856 -0.1203 -0.7180
vn 0.3584 -0.1341 -0.9239
vn 0.3769 -0.0661 -0.9239
vn -0.3584 0.1342 -0.9239
vn -0.7067 0.1241 -0.6965
vn -0.7172 -0.0000 0.6968
vn -0.3769 0.0662 0.9239
vn 0.3769 -0.0662 0.9239
vn 0.6964 -0.0000 0.7177
vn 0.9849 -0.1728 -0.0000
vn 0.6964 -0.0000 -0.7177
vn -0.3769 0.0662 -0.9239
vn -0.7172 -0.0000 -0.6968
vn -0.7067 -0.1241 0.6965
vn 0.6856 0.1203 0.7180
vn 0.9849 0.1728 -0.0000
vn 0.6856 0.1203 -0.7180
vn -0.7067 -0.1241 -0.6965
vn -0.9849 -0.1730 -0.0000
vn -0.6728 -0.2519 0.6956
vn -0.3584 -0.1342 0.9239
vn 0.3770 0.0661 0.9239
vn 0.3584 0.1341 0.9239
vn 0.9367 0.3502 -0.0000
vn 0.3584 0.1341 -0.9239
vn 0.3769 0.0661 -0.9239
vn -0.3584 -0.1342 -0.9239
vn -0.6728 -0.2519 -0.6956
vn -0.9365 -0.3506 -0.0000
vn -0.6084 -0.3850 0.6940
vn -0.3234 -0.2046 0.9239
vn 0.3585 0.1340 0.9239
vn 0.3234 0.2045 0.9239
vn 0.8654 0.3235 0.3826
vn 0.8455 0.5340 -0.0000
vn 0.8654 0.3235 -0.3826
vn 0.3234 0.2045 -0.9239
vn 0.3585 0.1340 -0.9239
vn -0.3234 -0.2046 -0.9239
vn -0.6084 -0.3850 -0.6940
vn -0.8451 -0.5347 -0.0000
vn -0.5013 -0.5198 0.6917
vn -0.2656 -0.2754 0.9239
vn 0.3236 0.2044 0.9239
vn 0.2658 0.2752 0.9239
vn 0.7812 0.4933 0.3826
vn 0.6952 0.7188 -0.0000
vn 0.7812 0.4933 -0.3826
vn 0.2658 0.2752 -0.9239
vn 0.3236 0.2044 -0.9239
vn -0.2656 -0.2754 -0.9239
vn -0.5013 -0.5198 -0.6917
vn -0.6943 -0.7197 -0.0000
vn -0.3386 -0.6406 0.6892
vn -0.1788 -0.3383 0.9239
vn 0.2661 0.2752 0.9238
vn 0.1791 0.3381 0.9239
vn 0.6424 0.6640 0.3826
vn 0.4688 0.8833 -0.0000
vn 0.6424 0.6640 -0.3826
vn 0.1791 0.3381 -0.9239
vn 0.2661 0.2752 -0.9238
vn -0.1788 -0.3383 -0.9239
vn -0.3386 -0.6406 -0.6892
vn -0.4675 -0.8840 -0.0000
vn -0.1210 -0.7162 0.6874
vn -0.0637 -0.3773 0.9239
vn 0.1793 0.3382 0.9238
vn 0.1146 0.6758 0.7281
vn 0.4333 0.8160 0.3826
vn 0.1673 0.9859 -0.0000
vn 0.4333 0.8160 -0.3826
vn 0.1146 0.6758 -0.7281
vn 0.1793 0.3382 -0.9238
vn -0.0637 -0.3773 -0.9239
vn -0.1210 -0.7162 -0.6874
vn 0.1666 -0.9860 -0.0000
vn -0.1666 -0.9860 -0.0000
vn 0.1210 -0.7162 0.6874
vn -0.0640 0.3773 0.9239
vn 0.0640 0.3773 0.9239
vn -0.1146 0.6758 0.7281
vn -0.1673 0.9859 -0.0000
vn -0.1146 0.6758 -0.7281
vn 0.0640 0.3773 -0.9239
vn 0.0637 -0.3773 -0.9239
vn 0.1210 -0.7162 -0.6874
vn 0.4675 -0.8840 -0.0000
vn 0.3386 -0.6406 0.6892
vn 0.0637 -0.3773 0.9239
vn -0.1793 0.3382 0.9238
vn -0.4333 0.8160 0.3826
vn -0.4333 0.8160 -0.3826
vn -0.1793 0.3382 -0.9238
vn -0.0640 0.3773 -0.9239
vn 0.3386 -0.6406 -0.6892
vn 0.6943 -0.7197 -0.0000
vn 0.5013 -0.5198 0.6917
vn 0.1788 -0.3383 0.9239
vn -0.2661 0.2752 0.9238
vn -0.1791 0.3381 0.9239
vn -0.6424 0.6640 0.3826
vn -0.4688 0.8833 -0.0000
vn -0.6424 0.6640 -0.3826
vn -0.1791 0.3381 -0.9239
vn -0.2661 0.2752 -0.9238
vn 0.1788 -0.3383 -0.9239
vn 0.5013 -0.5198 -0.6917
vn 0.8451 -0.5347 -0.0000
vn 0.6084 -0.3850 0.6940
vn 0.2656 -0.2755 0.9239
vn -0.3236 0.2044 0.9239
vn -0.2658 0.2752 0.9239
vn -0.7812 0.4933 0.3826
vn -0.6952 0.7188 -0.0000
vn -0.7812 0.4933 -0.3826
vn -0.2658 0.2752 -0.9239
vn -0.3236 0.2044 -0.9238
vn 0.2656 -0.2755 -0.9239
vn 0.6084 -0.3850 -0.6940
vn 0.9365 -0.3506 -0.0000
vn 0.6728 -0.2519 0.6956
vn 0.3234 -0.2046 0.9239
vn -0.3585 0.1340 0.9239
vn -0.3234 0.2045 0.9239
vn -0.8654 0.3235 0.3826
vn -0.8455 0.5340 -0.0000
vn -0.8654 0.3235 -0.3826
vn -0.3234 0.2045 -0.9239
vn -0.3585 0.1340 -0.9239
vn 0.3234 -0.2046 -0.9239
vn 0.6728 -0.2519 -0.6956
vn 0.9849 -0.1730 -0.0000
vn 0.7067 -0.1241 0.6965
vn 0.3584 -0.1342 0.9239
vn -0.3770 0.0661 0.9239
vn -0.3584 0.1341 0.9239
vn -0.9100 0.1596 0.3827
vn -0.9367 0.3502 -0.0000
vn -0.9100 0.1596 -0.3827
vn -0.3584 0.1341 -0.9239
vn -0.3770 0.0661 -0.9239
vn 0.3584 -0.1342 -0.9239
vn 0.7067 -0.1241 -0.6965
vn -0.9849 0.1728 -0.0000
vn 0.3769 -0.0662 -0.9239
vn 0.9925 0.1219 -0.0000
vn 0.6845 0.2172 0.6959
vn 0.7126 0.0875 0.6961
vn 0.3648 0.1157 0.9239
vn 0.3798 0.0466 0.9239
vn -0.3798 -0.0466 0.9239
vn -0.3648 -0.1157 0.9239
vn -0.9170 -0.1126 0.3827
vn -0.9532 -0.3023 -0.0000
vn -0.9925 -0.1219 -0.0000
vn -0.6905 -0.0848 -0.7184
vn -0.3648 -0.1157 -0.9239
vn -0.3798 -0.0466 -0.9239
vn 0.3648 0.1157 -0.9239
vn 0.7126 0.0875 -0.6961
vn 0.3798 0.0466 -0.9239
vn 0.6845 0.2172 -0.6959
vn 0.9532 0.3024 -0.0000
vn 0.6303 0.3458 0.6951
vn 0.3355 0.1840 0.9239
vn -0.3355 -0.1840 0.9239
vn -0.8807 -0.2792 0.3827
vn -0.8769 -0.4806 -0.0000
vn -0.8807 -0.2792 -0.3827
vn -0.3355 -0.1840 -0.9239
vn 0.3355 0.1841 -0.9239
vn 0.6303 0.3458 -0.6951
vn 0.8768 0.4809 -0.0000
vn 0.5438 0.4724 0.6936
vn 0.2889 0.2510 0.9239
vn -0.3356 -0.1839 0.9239
vn -0.2890 -0.2508 0.9239
vn -0.8102 -0.4439 0.3827
vn -0.7554 -0.6552 -0.0000
vn -0.8102 -0.4439 -0.3827
vn -0.2890 -0.2508 -0.9239
vn -0.3356 -0.1839 -0.9239
vn 0.2889 0.2510 -0.9239
vn 0.5438 0.4724 -0.6936
vn 0.7550 0.6558 -0.0000
vn 0.4160 0.5902 0.6918
vn 0.2204 0.3128 0.9239
vn -0.2891 -0.2508 0.9239
vn -0.2206 -0.3126 0.9239
vn -0.6980 -0.6053 0.3826
vn -0.5770 -0.8167 -0.0000
vn -0.6980 -0.6053 -0.3826
vn -0.2206 -0.3126 -0.9239
vn -0.2891 -0.2508 -0.9239
vn 0.2204 0.3128 -0.9239
vn 0.4160 0.5902 -0.6918
vn 0.5762 0.8173 -0.0000
vn 0.2409 0.6828 0.6898
vn 0.1273 0.3609 0.9239
vn -0.2208 -0.3126 0.9239
vn -0.1275 -0.3608 0.9239
vn -0.5332 -0.7545 0.3826
vn -0.3338 -0.9427 -0.0000
vn -0.5332 -0.7545 -0.3826
vn -0.1275 -0.3608 -0.9239
vn -0.2208 -0.3126 -0.9239
vn 0.1273 0.3609 -0.9239
vn 0.2409 0.6828 -0.6898
vn 0.3328 0.9430 -0.0000
vn 0.0257 0.7248 0.6885
vn 0.0135 0.3824 0.9239
vn -0.1277 -0.3608 0.9239
vn -0.0247 -0.6864 0.7269
vn -0.3085 -0.8709 0.3826
vn -0.0360 -0.9994 -0.0000
vn -0.3085 -0.8709 -0.3826
vn -0.0247 -0.6864 -0.7269
vn -0.1277 -0.3608 -0.9239
vn 0.0135 0.3824 -0.9239
vn 0.0257 0.7248 -0.6885
vn 0.0355 0.9994 -0.0000
vn -0.2003 0.6971 0.6885
vn 0.1058 -0.3678 0.9239
vn -0.0137 -0.3824 0.9239
vn 0.2767 -0.9610 -0.0000
vn 0.1058 -0.3678 -0.9239
vn -0.0137 -0.3824 -0.9239
vn -0.2003 0.6971 -0.6885
vn -0.5510 0.8345 -0.0000
vn -0.2762 0.9611 -0.0000
vn -0.3989 0.6042 0.6898
vn -0.1056 0.3678 0.9239
vn 0.2112 -0.3192 0.9239
vn 0.1900 -0.6600 0.7269
vn 0.5100 -0.7704 0.3826
vn 0.5100 -0.7704 -0.3826
vn 0.1900 -0.6600 -0.7269
vn 0.2112 -0.3192 -0.9239
vn -0.1056 0.3678 -0.9239
vn -0.3989 0.6042 -0.6898
vn -0.7568 0.6536 -0.0000
vn -0.5465 0.4720 0.6918
vn -0.2108 0.3194 0.9239
vn 0.2899 -0.2499 0.9239
vn 0.2110 -0.3192 0.9239
vn 0.6999 -0.6031 0.3826
vn 0.5519 -0.8339 -0.0000
vn 0.6999 -0.6031 -0.3826
vn 0.2110 -0.3192 -0.9239
vn 0.2899 -0.2499 -0.9239
vn -0.2108 0.3194 -0.9239
vn -0.5465 0.4720 -0.6918
vn -0.8912 0.4536 -0.0000
vn -0.6419 0.3268 0.6936
vn -0.2896 0.2502 0.9239
vn 0.3412 -0.1734 0.9239
vn 0.2897 -0.2500 0.9239
vn 0.8237 -0.4184 0.3826
vn 0.7575 -0.6529 -0.0000
vn 0.8237 -0.4184 -0.3826
vn 0.2897 -0.2500 -0.9239
vn 0.3412 -0.1734 -0.9239
vn -0.2896 0.2502 -0.9239
vn -0.6419 0.3268 -0.6936
vn -0.9671 0.2545 -0.0000
vn -0.6953 0.1830 0.6950
vn -0.3410 0.1736 0.9239
vn 0.3702 -0.0973 0.9239
vn 0.3411 -0.1735 0.9239
vn 0.8936 -0.2347 0.3827
vn 0.8915 -0.4530 -0.0000
vn 0.8936 -0.2347 -0.3827
vn 0.3411 -0.1735 -0.9239
vn 0.3702 -0.0973 -0.9239
vn -0.3410 0.1736 -0.9239
vn -0.6953 0.1830 -0.6950
vn -0.9980 0.0629 -0.0000
vn -0.7167 0.0451 0.6959
vn -0.3701 0.0974 0.9239
vn 0.3820 -0.0240 0.9239
vn 0.3701 -0.0973 0.9239
vn 0.6940 -0.0436 0.7187
vn 0.9672 -0.2541 -0.0000
vn 0.6940 -0.0436 -0.7187
vn 0.3701 -0.0973 -0.9239
vn 0.3820 -0.0240 -0.9239
vn -0.3701 0.0974 -0.9239
vn -0.7167 0.0451 -0.6959
vn -0.7125 -0.0875 0.6962
vn -0.3819 0.0241 0.9239
vn 0.3799 0.0466 0.9239
vn 0.6905 0.0848 0.7184
vn 0.9980 -0.0627 -0.0000
vn 0.6905 0.0848 -0.7184
vn -0.3819 0.0241 -0.9239
vn -0.7125 -0.0875 -0.6962
vn -0.6845 -0.2172 0.6959
vn 0.6628 0.2102 0.7187
vn 0.9532 0.3023 -0.0000
vn 0.6628 0.2102 -0.7187
vn -0.6845 -0.2172 -0.6959
vn -0.9532 -0.3024 -0.0000
vn -0.6303 -0.3458 0.6951
vn -0.3355 -0.1841 0.9239
vn 0.8769 0.4806 -0.0000
vn 0.3355 0.1840 -0.9239
vn -0.3355 -0.1841 -0.9239
vn -0.6303 -0.3458 -0.6951
vn -0.8768 -0.4809 -0.0000
vn -0.5438 -0.4724 0.6936
vn -0.2889 -0.2510 0.9239
vn 0.3356 0.1839 0.9239
vn 0.2890 0.2508 0.9239
vn 0.8102 0.4439 0.3827
vn 0.7554 0.6552 -0.0000
vn 0.8102 0.4439 -0.3827
vn 0.2890 0.2508 -0.9239
vn 0.3356 0.1839 -0.9239
vn -0.2889 -0.2510 -0.9239
vn -0.5438 -0.4724 -0.6936
vn -0.7550 -0.6558 -0.0000
vn -0.4160 -0.5902 0.6918
vn -0.2204 -0.3128 0.9239
vn 0.2891 0.2508 0.9239
vn 0.2206 0.3126 0.9239
vn 0.6980 0.6053 0.3826
vn 0.5770 0.8167 -0.0000
vn 0.6980 0.6053 -0.3826
vn 0.2206 0.3126 -0.9239
vn 0.2891 0.2508 -0.9239
vn -0.2204 -0.3128 -0.9239
vn -0.4160 -0.5902 -0.6918
vn -0.5762 -0.8173 -0.0000
vn -0.2409 -0.6828 0.6898
vn -0.1273 -0.3609 0.9239
vn 0.2208 0.3126 0.9239
vn 0.1275 0.3608 0.9239
vn 0.5332 0.7545 0.3826
vn 0.3338 0.9427 -0.0000
vn 0.5332 0.7545 -0.3826
vn 0.1275 0.3608 -0.9239
vn 0.2208 0.3126 -0.9239
vn -0.1273 -0.3609 -0.9239
vn -0.2409 -0.6828 -0.6898
vn -0.3328 -0.9430 -0.0000
vn -0.0257 -0.7248 0.6885
vn -0.0135 -0.3824 0.9239
vn 0.1277 0.3608 0.9239
vn 0.0247 0.6864 0.7269
vn 0.3085 0.8709 0.3826
vn 0.0360 0.9994 -0.0000
vn 0.3085 0.8709 -0.3826
vn 0.0247 0.6864 -0.7269
vn 0.1277 0.3608 -0.9239
vn -0.0135 -0.3824 -0.9239
vn -0.0257 -0.7248 -0.6885
vn -0.0355 -0.9994 -0.0000
vn 0.2003 -0.6971 0.6885
vn -0.1058 0.3678 0.9239
vn 0.0137 0.3824 0.9239
vn -0.2767 0.9610 -0.0000
vn -0.1058 0.3678 -0.9239
vn 0.0137 0.3824 -0.9239
vn 0.2003 -0.6971 -0.6885
vn 0.5510 -0.8345 -0.0000
vn 0.2762 -0.9611 -0.0000
vn 0.3989 -0.6042 0.6898
vn 0.1056 -0.3678 0.9239
vn -0.2112 0.3192 0.9239
vn -0.1900 0.6600 0.7268
vn -0.5100 0.7704 0.3826
vn -0.5100 0.7704 -0.3826
vn -0.1900 0.6600 -0.7269
vn -0.2112 0.3192 -0.9239
vn 0.1056 -0.3678 -0.9239
vn 0.3989 -0.6042 -0.6898
vn 0.7568 -0.6536 -0.0000
vn 0.5465 -0.4720 0.6918
vn 0.2108 -0.3194 0.9239
vn -0.2899 0.2499 0.9239
vn -0.2110 0.3192 0.9239
vn -0.6999 0.6031 0.3826
vn -0.5519 0.8339 -0.0000
vn -0.6999 0.6031 -0.3826
vn -0.2110 0.3192 -0.9239
vn -0.2899 0.2499 -0.9239
vn 0.2108 -0.3194 -0.9239
vn 0.5465 -0.4721 -0.6918
vn 0.8912 -0.4536 -0.0000
vn 0.6419 -0.3268 0.6936
vn 0.2896 -0.2502 0.9239
vn -0.3412 0.1734 0.9239
vn -0.2897 0.2500 0.9239
vn -0.8237 0.4184 0.3826
vn -0.7575 0.6529 -0.0000
vn -0.8237 0.4184 -0.3826
vn -0.2897 0.2500 -0.9239
vn -0.3412 0.1734 -0.9239
vn 0.2896 -0.2502 -0.9239
vn 0.6419 -0.3268 -0.6936
vn 0.9671 -0.2545 -0.0000
vn 0.6953 -0.1830 0.6950
vn 0.3410 -0.1736 0.9239
vn -0.3701 0.0973 0.9239
vn -0.3411 0.1735 0.9239
vn -0.8936 0.2347 0.3827
vn -0.8915 0.4530 -0.0000
vn -0.8936 0.2347 -0.3827
vn -0.3411 0.1735 -0.9239
vn -0.3701 0.0973 -0.9239
vn 0.3410 -0.1736 -0.9239
vn 0.6953 -0.1830 -0.6950
vn 0.9980 -0.0629 -0.0000
vn 0.7167 -0.0451 0.6959
vn 0.3701 -0.0974 0.9239
vn -0.3820 0.0240 0.9239
vn -0.9221 0.0579 0.3827
vn -0.9672 0.2541 -0.0000
vn -0.6940 0.0436 -0.7187
vn -0.3820 0.0240 -0.9239
vn 0.3701 -0.0974 -0.9239
vn 0.7167 -0.0451 -0.6959
vn 0.3819 -0.0241 0.9239
vn -0.3819 0.0240 0.9239
vn -0.9980 0.0627 -0.0000
vn 0.3819 -0.0241 -0.9239
vn 0.9703 0.2419 -0.0000
vn 0.6500 0.3069 0.6952
vn 0.6972 0.1738 0.6954
vn 0.3460 0.1634 0.9239
vn 0.3713 0.0926 0.9239
vn -0.3713 -0.0926 0.9239
vn -0.3461 -0.1634 0.9239
vn -0.8964 -0.2235 0.3827
vn -0.9043 -0.4268 -0.0000
vn -0.9703 -0.2419 -0.0000
vn -0.8965 -0.2235 -0.3826
vn -0.3461 -0.1634 -0.9239
vn -0.3713 -0.0926 -0.9239
vn 0.3460 0.1634 -0.9239
vn 0.6972 0.1738 -0.6954
vn 0.3713 0.0926 -0.9239
vn 0.6500 0.3069 -0.6952
vn 0.9043 0.4269 -0.0000
vn 0.5746 0.4331 0.6945
vn 0.3056 0.2303 0.9239
vn -0.3461 -0.1633 0.9239
vn -0.3056 -0.2303 0.9239
vn -0.8355 -0.3943 0.3827
vn -0.7988 -0.6016 -0.0000
vn -0.8355 -0.3943 -0.3827
vn -0.3056 -0.2303 -0.9239
vn -0.3461 -0.1633 -0.9239
vn 0.3056 0.2303 -0.9239
vn 0.5746 0.4331 -0.6945
vn 0.7986 0.6019 -0.0000
vn 0.4666 0.5492 0.6934
vn 0.2477 0.2916 0.9239
vn -0.3057 -0.2303 0.9239
vn -0.2478 -0.2916 0.9239
vn -0.7380 -0.5558 0.3827
vn -0.6479 -0.7617 -0.0000
vn -0.7380 -0.5558 -0.3827
vn -0.2478 -0.2916 -0.9239
vn -0.3057 -0.2303 -0.9239
vn 0.2477 0.2916 -0.9239
vn 0.4666 0.5492 -0.6934
vn 0.6475 0.7621 -0.0000
vn 0.3213 0.6465 0.6919
vn 0.1703 0.3427 0.9239
vn -0.2480 -0.2915 0.9239
vn -0.1704 -0.3426 0.9239
vn -0.5987 -0.7037 0.3826
vn -0.4458 -0.8951 -0.0000
vn -0.5987 -0.7037 -0.3826
vn -0.1704 -0.3426 -0.9239
vn -0.2480 -0.2915 -0.9239
vn 0.1703 0.3427 -0.9239
vn 0.3213 0.6465 -0.6919
vn 0.4451 0.8955 -0.0000
vn 0.1388 0.7099 0.6904
vn 0.0734 0.3755 0.9239
vn -0.1706 -0.3426 0.9239
vn -0.0736 -0.3755 0.9239
vn -0.4120 -0.8270 0.3826
vn -0.1927 -0.9813 -0.0000
vn -0.4120 -0.8270 -0.3826
vn -0.0736 -0.3755 -0.9239
vn -0.1706 -0.3426 -0.9239
vn 0.0734 0.3755 -0.9239
vn 0.1388 0.7099 -0.6904
vn 0.1920 0.9814 -0.0000
vn -0.0693 0.7210 0.6895
vn -0.0366 0.3809 0.9239
vn -0.0737 -0.3756 0.9239
vn 0.0656 -0.6849 0.7257
vn -0.1781 -0.9066 0.3826
vn 0.0953 -0.9954 -0.0000
vn -0.1781 -0.9066 -0.3826
vn 0.0656 -0.6849 -0.7257
vn -0.0737 -0.3756 -0.9239
vn -0.0366 0.3809 -0.9239
vn -0.0693 0.7210 -0.6895
vn -0.0956 0.9954 -0.0000
vn -0.2773 0.6691 0.6895
vn 0.1466 -0.3535 0.9239
vn 0.0365 -0.3809 0.9239
vn 0.3831 -0.9237 -0.0000
vn 0.1466 -0.3535 -0.9239
vn 0.0365 -0.3809 -0.9239
vn -0.2773 0.6691 -0.6895
vn -0.6302 0.7764 -0.0000
vn -0.3829 0.9238 -0.0000
vn -0.4559 0.5617 0.6905
vn -0.1465 0.3535 0.9239
vn 0.2414 -0.2970 0.9239
vn 0.2636 -0.6356 0.7257
vn 0.5829 -0.7168 0.3826
vn 0.5829 -0.7168 -0.3826
vn 0.2636 -0.6356 -0.7257
vn 0.2414 -0.2970 -0.9239
vn -0.1465 0.3535 -0.9239
vn -0.4559 0.5617 -0.6905
vn -0.8134 0.5817 -0.0000
vn -0.5873 0.4200 0.6919
vn -0.2411 0.2971 0.9239
vn 0.3115 -0.2224 0.9239
vn 0.2412 -0.2970 0.9239
vn 0.7520 -0.5368 0.3826
vn 0.6308 -0.7760 -0.0000
vn 0.7520 -0.5368 -0.3826
vn 0.2412 -0.2970 -0.9239
vn 0.3115 -0.2224 -0.9239
vn -0.2411 0.2971 -0.9239
vn -0.5873 0.4200 -0.6919
vn -0.9295 0.3689 -0.0000
vn -0.6698 0.2659 0.6934
vn -0.3112 0.2226 0.9239
vn 0.3558 -0.1410 0.9239
vn 0.3113 -0.2225 0.9239
vn 0.8590 -0.3403 0.3826
vn 0.8138 -0.5811 -0.0000
vn 0.8590 -0.3403 -0.3826
vn 0.3113 -0.2225 -0.9239
vn 0.3558 -0.1410 -0.9239
vn -0.3112 0.2226 -0.9239
vn -0.6698 0.2659 -0.6934
vn -0.9877 0.1566 -0.0000
vn -0.7106 0.1127 0.6945
vn -0.3557 0.1412 0.9239
vn 0.3780 -0.0598 0.9239
vn 0.3557 -0.1411 0.9239
vn 0.9126 -0.1443 0.3826
vn 0.9297 -0.3684 -0.0000
vn 0.9126 -0.1443 -0.3826
vn 0.3557 -0.1411 -0.9239
vn 0.3780 -0.0598 -0.9239
vn -0.3557 0.1412 -0.9239
vn -0.7106 0.1127 -0.6945
vn -0.9989 -0.0476 -0.0000
vn -0.7180 -0.0342 0.6952
vn -0.3779 0.0599 0.9239
vn 0.3822 0.0183 0.9239
vn 0.3780 -0.0599 0.9239
vn 0.9228 0.0441 0.3826
vn 0.9877 -0.1562 -0.0000
vn 0.9228 0.0441 -0.3827
vn 0.3780 -0.0599 -0.9239
vn 0.3822 0.0183 -0.9239
vn -0.3779 0.0599 -0.9239
vn -0.7180 -0.0342 -0.6952
vn -0.6972 -0.1738 0.6955
vn -0.3823 -0.0182 0.9239
vn 0.3822 0.0182 0.9239
vn 0.8964 0.2235 0.3827
vn 0.9989 0.0477 -0.0000
vn 0.8964 0.2235 -0.3827
vn 0.3822 0.0182 -0.9239
vn -0.3823 -0.0182 -0.9239
vn -0.6972 -0.1738 -0.6955
vn -0.6500 -0.3069 0.6952
vn -0.3460 -0.1634 0.9239
vn 0.3461 0.1634 0.9239
vn 0.9043 0.4268 -0.0000
vn 0.3461 0.1633 -0.9239
vn -0.3460 -0.1634 -0.9239
vn -0.6500 -0.3069 -0.6952
vn -0.9043 -0.4269 -0.0000
vn -0.5745 -0.4331 0.6945
vn 0.3461 0.1633 0.9239
vn 0.8355 0.3943 0.3826
vn 0.7988 0.6016 -0.0000
vn 0.8355 0.3943 -0.3826
vn -0.5745 -0.4331 -0.6945
vn -0.7986 -0.6019 -0.0000
vn -0.4666 -0.5492 0.6933
vn -0.2477 -0.2916 0.9239
vn 0.3057 0.2303 0.9239
vn 0.2478 0.2916 0.9239
vn 0.7380 0.5558 0.3826
vn 0.6479 0.7617 -0.0000
vn 0.7380 0.5558 -0.3827
vn 0.2478 0.2916 -0.9239
vn 0.3057 0.2303 -0.9239
vn -0.4666 -0.5492 -0.6934
vn -0.6475 -0.7621 -0.0000
vn -0.3213 -0.6465 0.6919
vn -0.1703 -0.3427 0.9239
vn 0.2480 0.2915 0.9239
vn 0.1704 0.3426 0.9239
vn 0.5987 0.7037 0.3826
vn 0.4458 0.8951 -0.0000
vn 0.5987 0.7037 -0.3826
vn 0.1704 0.3426 -0.9239
vn 0.2480 0.2915 -0.9239
vn -0.1703 -0.3427 -0.9239
vn -0.3213 -0.6465 -0.6919
vn -0.4451 -0.8955 -0.0000
vn -0.1388 -0.7099 0.6904
vn -0.0734 -0.3755 0.9239
vn 0.1706 0.3426 0.9239
vn 0.0736 0.3755 0.9239
vn 0.4120 0.8270 0.3826
vn 0.1927 0.9813 -0.0000
vn 0.4120 0.8270 -0.3826
vn 0.0736 0.3755 -0.9239
vn 0.1706 0.3426 -0.9239
vn -0.0734 -0.3755 -0.9239
vn -0.1388 -0.7099 -0.6904
vn -0.1920 -0.9814 -0.0000
vn 0.0693 -0.7210 0.6895
vn 0.0366 -0.3809 0.9239
vn 0.0737 0.3756 0.9239
vn -0.0656 0.6849 0.7257
vn 0.1781 0.9066 0.3826
vn -0.0953 0.9954 -0.0000
vn 0.1781 0.9066 -0.3826
vn -0.0656 0.6849 -0.7257
vn 0.0737 0.3756 -0.9239
vn 0.0366 -0.3809 -0.9239
vn 0.0693 -0.7210 -0.6895
vn 0.0956 -0.9954 -0.0000
vn 0.2773 -0.6691 0.6895
vn -0.1466 0.3535 0.9239
vn -0.0365 0.3809 0.9239
vn -0.3831 0.9237 -0.0000
vn -0.1466 0.3535 -0.9239
vn -0.0365 0.3809 -0.9239
vn 0.2773 -0.6691 -0.6895
vn 0.6302 -0.7764 -0.0000
vn 0.3829 -0.9238 -0.0000
vn 0.4559 -0.5617 0.6905
vn 0.1465 -0.3535 0.9239
vn -0.2414 0.2970 0.9239
vn -0.2636 0.6356 0.7257
vn -0.5829 0.7168 0.3827
vn -0.5829 0.7168 -0.3826
vn -0.2636 0.6356 -0.7257
vn -0.2414 0.2970 -0.9239
vn 0.1465 -0.3535 -0.9239
vn 0.4559 -0.5617 -0.6905
vn 0.8134 -0.5817 -0.0000
vn 0.5873 -0.4200 0.6919
vn 0.2411 -0.2971 0.9239
vn -0.3115 0.2224 0.9239
vn -0.2412 0.2970 0.9239
vn -0.7520 0.5368 0.3826
vn -0.6308 0.7760 -0.0000
vn -0.7520 0.5368 -0.3826
vn -0.2412 0.2970 -0.9239
vn -0.3115 0.2224 -0.9239
vn 0.2411 -0.2971 -0.9239
vn 0.5873 -0.4200 -0.6919
vn 0.9295 -0.3689 -0.0000
vn 0.6698 -0.2659 0.6934
vn 0.3112 -0.2226 0.9239
vn -0.3558 0.1410 0.9239
vn -0.3113 0.2225 0.9239
vn -0.8590 0.3403 0.3826
vn -0.8138 0.5811 -0.0000
vn -0.8590 0.3403 -0.3826
vn -0.3113 0.2225 -0.9239
vn -0.3558 0.1410 -0.9239
vn 0.3112 -0.2226 -0.9239
vn 0.6698 -0.2659 -0.6933
vn 0.9877 -0.1566 -0.0000
vn 0.7106 -0.1127 0.6945
vn 0.3557 -0.1412 0.9239
vn -0.3780 0.0598 0.9239
vn -0.3557 0.1411 0.9239
vn -0.9126 0.1443 0.3826
vn -0.9297 0.3684 -0.0000
vn -0.9126 0.1443 -0.3826
vn -0.3557 0.1411 -0.9239
vn -0.3780 0.0598 -0.9239
vn 0.3557 -0.1412 -0.9239
vn 0.7106 -0.1127 -0.6945
vn 0.9989 0.0476 -0.0000
vn 0.7180 0.0342 0.6952
vn 0.3779 -0.0599 0.9239
vn -0.3822 -0.0183 0.9239
vn -0.9228 -0.0441 0.3827
vn -0.9877 0.1562 -0.0000
vn -0.9228 -0.0441 -0.3827
vn -0.3822 -0.0183 -0.9239
vn 0.3779 -0.0599 -0.9239
vn 0.7180 0.0342 -0.6952
vn -0.3822 -0.0182 0.9239
vn -0.9989 -0.0477 -0.0000
vn -0.3822 -0.0182 -0.9239
vn 0.3823 0.0182 -0.9239
vn -0.5689 0.1478 0.8090
vn -0.9205 0.2391 -0.3090
vn 0.9205 -0.2391 -0.3090
vn 0.5689 -0.1478 0.8090
vn 0.2514 0.9679 -0.0000
vn -0.2514 -0.9679 -0.0000
vn 0.4604 -0.3654 -0.8090
vn 0.7450 -0.5912 0.3090
vn 0.7449 -0.5912 0.3090
vn -0.7450 0.5912 0.3090
vn -0.7449 0.5912 0.3090
vn -0.4604 0.3654 -0.8090
vn 0.6216 0.7833 -0.0000
vn 0.6217 0.7833 -0.0000
vn -0.6216 -0.7833 -0.0000
vn -0.6217 -0.7833 -0.0000
vn -0.5801 -0.0946 0.8090
vn -0.9387 -0.1530 -0.3090
vn 0.9387 0.1530 -0.3090
vn 0.5801 0.0946 0.8090
vn -0.1609 0.9870 -0.0000
vn 0.1609 -0.9870 -0.0000
vn -0.5261 -0.2621 0.8090
vn -0.8513 -0.4240 -0.3090
vn 0.8513 0.4240 -0.3091
vn 0.8513 0.4240 -0.3090
vn 0.5261 0.2621 0.8090
vn -0.4458 0.8951 -0.0000
vn 0.4458 -0.8951 -0.0000
vn 0.4459 -0.8951 -0.0000
vn 0.7660 -0.3813 0.5175
vn 0.1736 -0.5842 0.7928
vn -0.5000 -0.5137 0.6972
vn 0.1737 -0.5842 0.7928
vn -0.9397 -0.2029 0.2753
vn -0.9397 0.2029 -0.2753
vn -0.5000 0.5137 -0.6972
vn 0.1737 0.5842 -0.7928
vn 0.7660 0.3813 -0.5175
vn 0.1736 0.5842 -0.7928
vn 0.7661 0.3813 -0.5175
vn -0.0000 0.8051 0.5932
vn -0.0000 -0.8051 -0.5932
vn -0.9397 -0.2029 0.2754
vn -0.7660 -0.3813 -0.5175
vn -0.1736 -0.5842 -0.7928
vn 0.5000 -0.5137 -0.6972
vn -0.1737 -0.5842 -0.7928
vn 0.9397 -0.2029 -0.2753
vn 0.9397 0.2029 0.2753
vn 0.5000 0.5137 0.6972
vn -0.1737 0.5842 0.7928
vn -0.7660 0.3813 0.5175
vn -0.1736 0.5842 0.7928
vn -0.7661 0.3813 0.5175
vn -0.0000 0.8051 -0.5932
vn -0.0000 -0.8051 0.5932
vn -0.2989 -0.4008 -0.8660
vn -0.1684 -0.4903 -0.8551
vn 0.5978 0.8016 -0.0000
vn 0.3248 0.9458 -0.0000
vn -0.1684 -0.4903 0.8551
vn -0.2989 -0.4008 0.8660
vn -0.4762 -0.1525 -0.8660
vn 0.9523 0.3051 -0.0000
vn -0.4762 -0.1525 0.8660
vn -0.4762 0.1525 -0.8660
vn 0.9523 -0.3051 -0.0000
vn -0.4762 0.1525 0.8660
vn -0.2989 0.4008 -0.8660
vn 0.5978 -0.8016 -0.0000
vn -0.2989 0.4008 0.8660
vn -0.1684 0.4903 -0.8551
vn 0.3248 -0.9458 -0.0000
vn -0.1684 0.4903 0.8551
vn -0.7046 -0.0839 -0.7046
vn -0.0000 -0.0839 -0.9965
vn -0.9965 -0.0839 -0.0000
vn -0.7046 -0.0839 0.7046
vn -0.0000 -0.0839 0.9965
vn 0.7046 -0.0839 0.7046
vn 0.9965 -0.0839 -0.0000
vn 0.7046 -0.0839 -0.7046
vn -0.7071 -0.0000 -0.7071
vn -0.7071 -0.0000 0.7071
vn 0.7071 -0.0000 0.7071
vn 0.7071 -0.0000 -0.7071
vn 0.7039 -0.6192 -0.3482
vn 0.9188 -0.0303 -0.3935
vn 0.1596 -0.9325 -0.3241
vn 0.7039 -0.6191 -0.3482
vn -0.4594 -0.8237 -0.3324
vn 0.1595 -0.9325 -0.3241
vn -0.8634 -0.3436 -0.3694
vn -0.8634 0.2831 -0.4176
vn -0.4594 0.7631 -0.4545
vn 0.1595 0.8719 -0.4629
vn 0.7039 0.5586 -0.4388
vn -0.0000 0.0767 0.9971
vn -0.0000 -0.0767 -0.9971
vn -0.7039 -0.6192 0.3482
vn -0.9188 -0.0303 0.3935
vn -0.1596 -0.9325 0.3241
vn -0.7039 -0.6191 0.3482
vn 0.4594 -0.8237 0.3324
vn -0.1595 -0.9325 0.3241
vn 0.8634 -0.3436 0.3694
vn 0.8634 0.2831 0.4176
vn 0.4594 0.7631 0.4545
vn -0.1595 0.8719 0.4629
vn -0.7039 0.5586 0.4388
vn -0.0000 0.0767 -0.9971
vn -0.0000 -0.0767 0.9971
vn 0.1596 0.8719 -0.4629
vn -0.1596 0.8719 0.4629
vn -0.0000 0.0499 -0.9988
vn -0.5871 0.0499 -0.8080
vn -0.9499 0.0499 -0.3086
vn -0.9499 0.0499 0.3086
vn -0.5871 0.0499 0.8080
vn -0.0000 0.0499 0.9988
vn 0.5871 0.0499 0.8080
vn 0.9499 0.0499 0.3086
vn 0.9499 0.0499 -0.3086
vn 0.5871 0.0499 -0.8080
vn 0.0743 -0.0671 -0.9950
vn 0.4722 -0.3892 -0.7909
vn 0.8153 -0.4557 -0.3572
vn 0.4608 -0.4573 -0.7606
vn -0.0486 -0.5969 -0.8008
vn -0.0333 -0.0713 -0.9969
vn -0.0515 -0.7151 -0.6971
vn 0.3847 -0.7382 0.5542
vn 0.4228 -0.4964 0.7582
vn -0.5320 0.6842 0.4988
vn -0.3622 0.9279 0.0883
vn -0.4765 0.8428 0.2503
vn -0.0388 0.3721 0.9274
vn 0.0565 0.2116 0.9757
vn -0.0723 0.1502 -0.9860
vn -0.4517 0.8634 -0.2247
vn 0.0442 0.2266 -0.9730
vn 0.0348 0.2126 -0.9765
vn 0.6370 0.6204 -0.4575
vn -0.3452 -0.7554 0.5570
vn -0.6370 0.6204 -0.4575
vn 0.6370 0.4575 0.6204
vn -0.6370 0.4575 0.6204
vn -0.0000 -0.8048 0.5935
vn 0.6370 -0.4575 -0.6204
vn -0.3452 0.5570 0.7554
vn -0.6370 -0.4575 -0.6204
vn 0.7636 -0.6457 -0.0001
vn 0.7637 -0.6456 0.0001
vn -0.7636 0.6457 0.0001
vn -0.7637 0.6456 -0.0000
vn -0.7637 0.6456 0.0001
vn -0.7635 0.6458 -0.0000
vn 0.7637 -0.6456 -0.0000
vn -0.7636 0.6456 0.0001
vn -0.0001 -1.0000 -0.0000
vn 0.0001 -1.0000 -0.0000
vn -0.0001 1.0000 -0.0000
vn 0.0001 1.0000 -0.0000
vn -0.8809 -0.1432 0.4511
vn -0.8809 -0.3853 -0.2749
vn 0.4575 0.6204 0.6370
vn -0.5570 -0.7554 -0.3452
vn 0.4575 0.6204 -0.6370
vn -0.8048 0.5935 -0.0000
vn 0.3962 -0.2921 0.8705
vn 0.3962 -0.2921 -0.8705
vn -0.5935 -0.8048 -0.0000
vn -0.1094 -0.1484 0.9829
vn 0.5570 0.7554 -0.3452
vn -0.1094 -0.1484 -0.9829
vn 0.8048 -0.5935 -0.0000
vn -0.7554 0.5570 -0.3452
vn 0.0211 -0.9155 0.4017
vn 0.9205 -0.2391 -0.3091
vn -0.0000 0.8050 0.5932
vn -0.0000 -0.8050 -0.5932
vn -0.0000 0.8050 -0.5932
vn -0.0000 -0.8050 0.5932
f 1/1/1 2/2/2 3/3/3
f 3/3/3 4/4/4 5/5/5
f 5/5/5 6/6/6 7/7/7
f 7/7/7 8/8/8 9/9/9
f 9/9/9 10/10/10 11/11/11
f 11/11/11 12/12/12 13/13/13
f 13/13/13 14/14/14 15/15/15
f 15/15/15 16/16/16 17/17/17
f 17/17/17 18/18/18 19/19/19
f 19/20/19 20/21/20 21/22/21
f 21/22/21 22/23/22 23/24/23
f 23/24/23 24/25/24 25/26/25
f 25/26/25 26/27/26 27/28/27
f 27/28/27 28/29/28 29/30/29
f 30/31/30 31/32/31 1/1/1
f 31/32/31 32/33/32 2/2/2
f 2/2/2 33/34/33 4/4/4
f 4/4/4 34/35/34 6/6/6
f 6/6/6 35/36/35 8/8/8
f 8/8/8 36/37/36 10/10/10
f 10/10/10 37/38/37 12/12/12
f 12/12/12 38/39/38 14/14/14
f 14/40/14 39/41/39 16/42/16
f 16/42/16 40/43/40 18/44/18
f 18/44/18 41/45/41 20/21/20
f 20/21/20 42/46/42 22/23/22
f 22/23/22 43/47/43 24/25/24
f 24/25/24 44/48/44 26/27/26
f 26/27/26 45/49/45 28/29/28
f 46/50/46 47/51/47 31/32/31
f 47/51/47 48/52/48 32/33/32
f 32/33/32 49/53/49 33/34/33
f 33/34/33 50/54/50 34/35/34
f 34/35/34 51/55/51 35/36/35
f 35/36/35 52/56/52 36/37/36
f 36/57/36 53/58/53 37/59/37
f 37/60/37 54/61/54 38/62/38
f 38/62/38 55/63/55 39/41/39
f 39/41/39 56/64/56 40/43/40
f 40/43/40 57/65/57 41/45/41
f 41/45/41 58/66/58 42/46/42
f 42/46/42 59/67/59 43/47/43
f 43/47/43 60/68/60 44/48/44
f 44/48/44 61/69/61 45/49/45
f 62/70/62 63/71/63 47/51/47
f 63/71/63 64/72/64 48/52/48
f 48/52/48 65/73/65 49/53/49
f 49/53/49 66/74/66 50/54/50
f 50/54/50 67/75/67 51/55/51
f 51/76/51 68/77/68 52/78/52
f 52/79/52 69/80/69 53/81/53
f 53/81/53 70/82/70 54/61/54
f 54/61/54 71/83/71 55/63/55
f 55/63/55 72/84/72 56/64/56
f 56/64/56 73/85/73 57/65/57
f 57/65/57 74/86/74 58/66/58
f 58/66/58 75/87/75 59/67/59
f 59/67/59 76/88/76 60/68/60
f 60/68/60 77/89/77 61/69/61
f 78/90/78 79/91/79 63/71/63
f 64/72/64 80/92/80 65/73/65
f 65/73/65 81/93/81 66/74/66
f 66/94/66 82/95/82 67/96/67
f 67/96/67 83/97/83 68/77/68
f 68/98/68 84/99/84 69/80/69
f 69/80/69 85/100/85 70/82/70
f 70/82/70 86/101/86 71/83/71
f 71/83/71 87/102/87 72/84/72
f 72/84/72 88/103/88 73/85/73
f 73/85/73 89/104/89 74/86/74
f 74/86/74 90/105/90 75/87/75
f 75/87/75 91/106/91 76/88/76
f 76/88/76 92/107/92 77/89/77
f 93/108/93 64/72/64 79/91/79
f 93/108/93 94/109/94 80/92/80
f 80/92/80 95/110/95 81/93/81
f 81/93/81 96/111/96 82/112/82
f 82/112/82 97/113/97 83/114/83
f 83/114/83 98/115/98 84/116/84
f 84/99/84 99/117/99 85/100/85
f 85/100/85 100/118/100 86/101/86
f 86/101/86 101/119/101 87/102/87
f 87/102/87 102/120/102 88/103/88
f 88/103/88 103/121/103 89/104/89
f 89/104/89 104/122/104 90/105/90
f 90/105/90 105/123/105 91/106/91
f 91/106/91 106/124/106 92/107/92
f 107/125/107 108/126/108 93/108/93
f 108/126/108 109/127/109 94/109/94
f 94/109/94 110/128/110 95/110/95
f 95/110/95 111/129/111 96/111/96
f 96/111/96 112/130/112 97/113/97
f 97/131/97 113/132/113 98/133/98
f 98/133/98 114/134/114 99/117/99
f 99/117/99 115/135/115 100/118/100
f 100/118/100 116/136/116 101/119/101
f 101/119/101 117/137/117 102/120/102
f 102/120/102 118/138/118 103/121/103
f 103/121/103 119/139/119 104/122/104
f 104/122/104 120/140/120 105/123/105
f 105/123/105 121/141/121 106/124/106
f 122/142/122 123/143/123 108/126/108
f 123/143/123 124/144/124 109/127/109
f 109/127/109 125/145/125 110/128/110
f 110/128/110 126/146/126 111/129/111
f 111/147/111 127/148/127 112/149/112
f 112/150/112 128/151/128 113/132/113
f 113/132/113 129/152/129 114/134/114
f 114/134/114 130/153/130 115/135/115
f 115/135/115 131/154/131 116/136/116
f 116/136/116 132/155/132 117/137/117
f 117/137/117 133/156/133 118/138/118
f 118/138/118 134/157/134 119/139/119
f 119/139/119 135/158/135 120/140/120
f 120/140/120 136/159/136 121/141/121
f 137/160/137 138/161/138 123/143/123
f 138/161/138 139/162/139 124/144/124
f 124/144/124 140/163/140 125/145/125
f 125/164/125 141/165/141 126/166/126
f 126/166/126 142/167/142 127/148/127
f 127/168/127 143/169/143 128/151/128
f 128/151/128 144/170/144 129/152/129
f 129/152/129 145/171/145 130/153/130
f 130/153/130 146/172/146 131/154/131
f 131/154/131 147/173/147 132/155/132
f 132/155/132 148/174/148 133/156/133
f 133/156/133 149/175/149 134/157/134
f 134/157/134 150/176/150 135/158/135
f 135/158/135 151/177/151 136/159/136
f 152/178/152 153/179/153 138/161/138
f 139/180/139 154/181/154 140/182/140
f 140/182/140 155/183/155 141/165/141
f 141/165/141 156/184/156 142/167/142
f 142/185/142 157/186/157 143/169/143
f 143/169/143 158/187/158 144/170/144
f 144/170/144 159/188/159 145/171/145
f 145/171/145 160/189/160 146/172/146
f 146/172/146 161/190/161 147/173/147
f 147/173/147 162/191/162 148/174/148
f 148/174/148 163/192/163 149/175/149
f 149/175/149 164/193/164 150/176/150
f 164/193/164 151/177/151 150/176/150
f 165/194/165 139/180/139 153/195/153
f 165/194/165 166/196/166 154/181/154
f 154/181/154 167/197/167 155/183/155
f 155/183/155 168/198/168 156/184/156
f 156/199/156 169/200/169 157/186/157
f 157/186/157 170/201/170 158/187/158
f 158/187/158 171/202/171 159/188/159
f 159/188/159 172/203/172 160/189/160
f 160/189/160 173/204/173 161/190/161
f 161/190/161 174/205/174 162/191/162
f 162/191/162 175/206/175 163/192/163
f 163/192/163 176/207/176 164/193/164
f 176/207/176 177/208/177 164/193/164
f 178/209/178 179/210/179 165/194/165
f 179/210/179 180/211/180 166/196/166
f 166/196/166 181/212/181 167/197/167
f 167/197/167 182/213/182 168/198/168
f 168/214/168 183/215/183 169/200/169
f 169/200/169 184/216/184 170/201/170
f 170/201/170 185/217/185 171/202/171
f 171/202/171 186/218/186 172/203/172
f 172/203/172 187/219/187 173/204/173
f 173/204/173 188/220/188 174/205/174
f 174/205/174 189/221/189 175/206/175
f 175/206/175 190/222/190 176/207/176
f 190/222/190 191/223/191 176/207/176
f 192/224/192 193/225/193 179/210/179
f 193/225/193 194/226/194 180/211/180
f 180/211/180 195/227/195 181/212/181
f 181/212/181 196/228/196 182/213/182
f 182/213/182 197/229/197 183/230/183
f 183/215/183 198/231/198 184/216/184
f 184/216/184 199/232/199 185/217/185
f 185/217/185 200/233/200 186/218/186
f 186/218/186 201/234/201 187/219/187
f 187/219/187 202/235/202 188/220/188
f 188/220/188 203/236/203 189/221/189
f 189/221/189 204/237/204 190/222/190
f 204/237/204 205/238/205 190/222/190
f 206/239/206 207/240/207 193/225/193
f 207/240/207 208/241/208 194/226/194
f 194/226/194 209/242/209 195/227/195
f 195/227/195 210/243/210 196/228/196
f 196/228/196 211/244/211 197/229/197
f 197/245/197 212/246/212 198/231/198
f 198/231/198 213/247/213 199/232/199
f 199/232/199 214/248/214 200/233/200
f 200/233/200 215/249/215 201/234/201
f 201/234/201 216/250/216 202/235/202
f 202/235/202 217/251/217 203/236/203
f 217/251/217 204/237/204 203/236/203
f 218/252/218 219/253/219 204/237/204
f 220/254/220 221/255/221 207/240/207
f 221/255/221 222/256/222 208/241/208
f 208/241/208 223/257/223 209/242/209
f 209/242/209 224/258/224 210/243/210
f 210/243/210 225/259/225 211/244/211
f 211/244/211 226/260/226 212/261/212
f 212/246/212 227/262/227 213/247/213
f 213/247/213 228/263/228 214/248/214
f 214/248/214 229/264/229 215/249/215
f 215/249/215 230/265/230 216/250/216
f 230/265/230 217/251/217 216/250/216
f 231/266/231 218/252/218 217/251/217
f 232/267/232 233/268/233 218/252/218
f 234/269/234 235/270/235 221/255/221
f 222/256/222 236/271/236 223/257/223
f 223/257/223 237/272/237 224/258/224
f 224/258/224 238/273/238 225/259/225
f 225/259/225 239/274/239 226/260/226
f 226/275/226 240/276/240 227/262/227
f 227/262/227 241/277/241 228/263/228
f 228/263/228 242/278/242 229/264/229
f 242/278/242 230/265/230 229/264/229
f 243/279/243 231/266/231 230/265/230
f 244/280/244 232/267/232 231/266/231
f 245/281/245 246/282/246 232/267/232
f 247/283/247 222/256/222 235/270/235
f 247/283/247 248/284/248 236/271/236
f 236/271/236 249/285/249 237/272/237
f 237/272/237 250/286/250 238/273/238
f 238/273/238 251/287/251 239/274/239
f 239/288/239 252/289/252 240/276/240
f 240/276/240 253/290/253 241/277/241
f 241/277/241 254/291/254 242/278/242
f 254/291/254 243/279/243 242/278/242
f 255/292/255 244/280/244 243/279/243
f 256/293/256 245/281/245 244/280/244
f 257/294/257 258/295/258 245/281/245
f 259/296/259 260/297/260 247/283/247
f 260/297/260 261/298/261 248/284/248
f 248/284/248 262/299/262 249/285/249
f 249/285/249 263/300/263 250/286/250
f 250/301/250 264/302/264 251/303/251
f 251/303/251 265/304/265 252/289/252
f 252/289/252 266/305/266 253/290/253
f 253/290/253 267/306/267 254/291/254
f 267/306/267 255/292/255 254/291/254
f 268/307/268 256/293/256 255/292/255
f 269/308/269 257/294/257 256/293/256
f 270/309/270 271/310/271 257/294/257
f 272/311/272 273/312/273 260/297/260
f 273/312/273 274/313/274 261/298/261
f 261/298/261 275/314/275 262/299/262
f 262/299/262 276/315/276 263/300/263
f 263/316/263 277/317/277 264/302/264
f 264/302/264 278/318/278 265/304/265
f 265/304/265 279/319/279 266/305/266
f 279/319/279 267/306/267 266/305/266
f 280/320/280 268/307/268 267/306/267
f 281/321/281 269/308/269 268/307/268
f 282/322/282 270/309/270 269/308/269
f 283/323/283 284/324/284 270/309/270
f 285/325/285 286/326/286 273/312/273
f 286/327/286 287/328/287 274/329/274
f 274/329/274 288/330/288 275/331/275
f 275/332/275 289/333/289 276/334/276
f 276/335/276 290/336/290 277/317/277
f 277/317/277 291/337/291 278/318/278
f 291/337/291 279/319/279 278/318/278
f 292/338/292 280/320/280 279/319/279
f 293/339/293 281/321/281 280/320/280
f 294/340/294 282/322/282 281/321/281
f 295/341/295 283/323/283 282/322/282
f 296/342/296 297/343/297 283/323/283
f 298/344/298 299/345/299 286/327/286
f 287/328/287 300/346/300 288/330/288
f 288/330/288 301/347/301 289/348/289
f 289/348/289 302/349/302 290/350/290
f 302/351/302 291/337/291 290/336/290
f 303/352/303 292/338/292 291/337/291
f 304/353/304 293/339/293 292/338/292
f 305/354/305 294/340/294 293/339/293
f 306/355/306 295/341/295 294/340/294
f 307/356/307 296/342/296 295/341/295
f 308/357/308 309/358/309 296/342/296
f 310/359/310 287/328/287 299/345/299
f 310/359/310 311/360/311 300/346/300
f 300/346/300 312/361/312 301/347/301
f 301/347/301 313/362/313 302/349/302
f 313/363/313 303/352/303 302/351/302
f 314/364/314 304/353/304 303/352/303
f 315/365/315 305/354/305 304/353/304
f 316/366/316 306/355/306 305/354/305
f 317/367/317 307/356/307 306/355/306
f 318/368/318 308/357/308 307/356/307
f 319/369/319 320/370/320 308/357/308
f 321/371/321 310/359/310 322/372/322
f 323/373/323 324/374/324 311/360/311
f 311/360/311 325/375/325 312/361/312
f 325/375/325 313/362/313 312/361/312
f 326/376/326 314/364/314 313/363/313
f 327/377/327 315/365/315 314/364/314
f 328/378/328 316/366/316 315/365/315
f 329/379/329 317/367/317 316/366/316
f 330/380/330 318/368/318 317/367/317
f 331/381/331 319/369/319 318/368/318
f 332/382/332 333/383/333 319/369/319
f 334/384/334 323/373/323 321/371/321
f 335/385/335 336/386/336 324/374/324
f 324/374/324 337/387/337 325/375/325
f 337/387/337 326/388/326 325/375/325
f 338/389/338 327/390/327 326/388/326
f 339/391/339 328/378/328 327/377/327
f 340/392/340 329/379/329 328/378/328
f 341/393/341 330/380/330 329/379/329
f 342/394/342 331/381/331 330/380/330
f 343/395/343 332/382/332 331/381/331
f 344/396/344 345/397/345 332/382/332
f 346/398/346 335/385/335 334/384/334
f 347/399/347 348/400/348 336/386/336
f 348/400/348 337/387/337 336/386/336
f 349/401/349 338/389/338 337/387/337
f 350/402/350 339/403/339 338/389/338
f 351/404/351 340/405/340 339/403/339
f 352/406/352 341/393/341 340/392/340
f 353/407/353 342/394/342 341/393/341
f 354/408/354 343/395/343 342/394/342
f 355/409/355 344/396/344 343/395/343
f 356/410/356 357/411/357 344/396/344
f 358/412/358 347/399/347 346/398/346
f 359/413/359 349/401/349 348/400/348
f 360/414/360 350/402/350 349/401/349
f 361/415/361 351/404/351 350/402/350
f 362/416/362 352/417/352 351/404/351
f 363/418/363 353/419/353 352/417/352
f 364/420/364 354/408/354 353/407/353
f 365/421/365 355/409/355 354/408/354
f 366/422/366 356/410/356 355/409/355
f 367/423/367 368/424/368 356/410/356
f 369/425/369 348/400/348 370/426/370
f 371/427/371 360/414/360 359/413/359
f 372/428/372 361/415/361 360/414/360
f 373/429/373 362/416/362 361/415/361
f 374/430/374 363/418/363 362/416/362
f 375/431/375 364/432/364 363/418/363
f 376/433/376 365/434/365 364/432/364
f 377/435/377 366/436/366 365/434/365
f 378/437/378 367/438/367 366/436/366
f 379/439/379 380/440/380 367/438/367
f 381/441/381 359/413/359 369/425/369
f 382/442/382 372/428/372 371/427/371
f 383/443/383 373/429/373 372/428/372
f 384/444/384 374/430/374 373/429/373
f 385/445/385 375/431/375 374/430/374
f 386/446/386 376/433/376 375/431/375
f 387/447/387 377/435/377 376/433/376
f 388/448/388 378/437/378 377/435/377
f 389/449/389 379/439/379 378/437/378
f 390/450/390 391/451/391 379/439/379
f 392/452/392 371/427/371 381/441/381
f 393/453/393 383/443/383 382/442/382
f 394/454/394 384/444/384 383/443/383
f 395/455/395 385/445/385 384/444/384
f 396/456/396 386/446/386 385/445/385
f 397/457/397 387/447/387 386/446/386
f 398/458/398 388/448/388 387/447/387
f 399/459/399 389/449/389 388/448/388
f 400/460/400 390/450/390 389/449/389
f 401/461/401 402/462/402 390/450/390
f 403/463/403 382/442/382 392/452/392
f 404/464/404 394/454/394 393/453/393
f 405/465/405 395/455/395 394/454/394
f 406/466/406 396/456/396 395/455/395
f 407/467/407 397/457/397 396/456/396
f 408/468/408 398/458/398 397/457/397
f 409/469/409 399/459/399 398/458/398
f 410/470/410 400/460/400 399/459/399
f 411/471/411 401/461/401 400/460/400
f 412/472/412 413/473/413 401/461/401
f 414/474/414 393/453/393 403/463/403
f 415/475/415 406/466/406 405/465/405
f 416/476/416 407/467/407 406/466/406
f 417/477/417 408/468/408 407/467/407
f 418/478/418 409/469/409 408/468/408
f 419/479/419 410/470/410 409/469/409
f 420/480/420 411/471/411 410/470/410
f 421/481/421 412/472/412 411/471/411
f 422/482/422 423/483/423 412/472/412
f 424/484/424 405/465/405 404/464/404
f 425/485/425 416/476/416 415/475/415
f 426/486/426 417/477/417 416/476/416
f 427/487/427 418/478/418 417/477/417
f 428/488/428 419/479/419 418/478/418
f 429/489/429 420/480/420 419/479/419
f 430/490/430 421/481/421 420/480/420
f 431/491/431 422/482/422 421/481/421
f 432/492/432 433/493/433 422/482/422
f 434/494/434 415/475/415 424/484/424
f 435/495/435 426/486/426 425/485/425
f 436/496/436 427/487/427 426/486/426
f 437/497/437 428/488/428 427/487/427
f 438/498/438 429/489/429 428/488/428
f 439/499/439 430/490/430 429/489/429
f 440/500/440 431/491/431 430/490/430
f 441/501/441 432/492/432 431/491/431
f 442/502/442 443/503/443 432/492/432
f 444/504/444 425/485/425 434/494/434
f 445/505/445 436/496/436 435/495/435
f 446/506/446 437/497/437 436/496/436
f 447/507/447 438/498/438 437/497/437
f 448/508/448 439/499/439 438/498/438
f 449/509/449 440/500/440 439/499/439
f 450/510/450 441/501/441 440/500/440
f 451/511/451 442/502/442 441/501/441
f 452/512/452 453/513/453 442/502/442
f 454/514/454 435/495/435 444/504/444
f 455/515/455 446/506/446 445/505/445
f 456/516/456 447/507/447 446/506/446
f 457/517/457 448/508/448 447/507/447
f 458/518/458 449/509/449 448/508/448
f 459/519/459 450/510/450 449/509/449
f 460/520/460 451/511/451 450/510/450
f 461/521/461 452/512/452 451/511/451
f 462/522/462 463/523/463 452/512/452
f 464/524/464 445/505/445 454/514/454
f 465/525/465 456/516/456 455/515/455
f 466/526/466 457/517/457 456/516/456
f 467/527/467 458/518/458 457/517/457
f 468/528/468 459/519/459 458/518/458
f 469/529/469 460/520/460 459/519/459
f 470/530/470 461/521/461 460/520/460
f 461/521/461 471/531/471 462/522/462
f 462/522/462 472/532/472 473/533/473
f 474/534/474 455/515/455 464/524/464
f 475/535/475 466/526/466 465/525/465
f 476/536/476 467/527/467 466/526/466
f 477/537/477 468/528/468 467/527/467
f 478/538/478 469/529/469 468/528/468
f 469/529/469 479/539/479 470/530/470
f 470/530/470 480/540/480 481/541/481
f 481/541/481 482/542/482 471/531/471
f 471/531/471 483/543/483 472/532/472
f 484/544/484 465/525/465 474/534/474
f 485/545/485 476/536/476 475/535/475
f 486/546/486 477/537/477 476/536/476
f 487/547/487 478/538/478 477/537/477
f 478/538/478 488/548/488 489/549/489
f 489/549/489 490/550/490 479/539/479
f 479/539/479 491/551/491 480/540/480
f 480/540/480 492/552/492 482/542/482
f 482/542/482 493/553/493 483/543/483
f 494/554/494 475/535/475 484/544/484
f 495/555/495 486/546/486 485/545/485
f 496/556/496 487/547/487 486/546/486
f 497/557/497 498/558/498 487/547/487
f 498/558/498 499/559/499 488/548/488
f 488/548/488 500/560/500 490/550/490
f 490/550/490 501/561/501 491/551/491
f 491/551/491 502/562/502 492/552/492
f 492/552/492 503/563/503 493/553/493
f 504/564/504 485/545/485 494/554/494
f 505/565/505 497/557/497 496/556/496
f 497/557/497 506/566/506 507/567/507
f 507/567/507 508/568/508 499/559/499
f 499/559/499 509/569/509 500/560/500
f 500/560/500 510/570/510 501/561/501
f 501/561/501 511/571/511 502/562/502
f 502/562/502 512/572/512 503/563/503
f 513/573/513 496/556/496 495/555/495
f 514/574/514 515/575/515 505/565/505
f 515/575/515 516/576/516 506/566/506
f 506/566/506 517/577/517 508/568/508
f 508/568/508 518/578/518 509/569/509
f 509/569/509 519/579/519 510/570/510
f 510/570/510 520/580/520 511/571/511
f 511/571/511 521/581/521 512/572/512
f 522/582/522 505/565/505 513/573/513
f 523/583/523 524/584/524 514/574/514
f 524/584/524 525/585/525 516/576/516
f 516/576/516 526/586/526 517/577/517
f 517/577/517 527/587/527 518/578/518
f 518/578/518 528/588/528 519/579/519
f 519/579/519 529/589/529 520/580/520
f 520/580/520 530/590/530 521/581/521
f 531/591/531 514/574/514 522/582/522
f 532/592/532 533/593/533 523/583/523
f 533/593/533 534/594/534 525/585/525
f 525/585/525 535/595/535 526/586/526
f 526/586/526 536/596/536 527/587/527
f 527/587/527 537/597/537 528/588/528
f 528/588/528 538/598/538 529/589/529
f 529/589/529 539/599/539 530/590/530
f 540/600/540 523/583/523 531/591/531
f 532/592/532 541/601/541 542/602/542
f 542/602/542 543/603/543 534/594/534
f 534/594/534 544/604/544 535/595/535
f 535/595/535 545/605/545 536/596/536
f 536/596/536 546/606/546 537/597/537
f 537/597/537 547/607/547 538/598/538
f 538/598/538 548/608/548 539/599/539
f 549/609/549 532/592/532 540/600/540
f 550/610/550 551/611/551 541/601/541
f 541/601/541 552/612/552 543/603/543
f 543/603/543 553/613/553 544/604/544
f 544/604/544 554/614/554 545/605/545
f 545/605/545 555/615/555 546/606/546
f 546/606/546 556/616/556 547/607/547
f 547/607/547 557/617/557 548/608/548
f 558/618/558 550/610/550 549/609/549
f 559/619/559 560/620/560 551/611/551
f 551/611/551 561/621/561 552/612/552
f 552/612/552 562/622/562 553/613/553
f 553/613/553 563/623/563 554/614/554
f 554/614/554 564/624/564 555/615/555
f 555/615/555 565/625/565 556/616/556
f 556/616/556 566/626/566 557/617/557
f 567/627/567 559/619/559 558/618/558
f 568/628/568 569/629/569 560/620/560
f 560/620/560 570/630/570 561/621/561
f 561/621/561 571/631/571 562/622/562
f 562/622/562 572/632/572 563/623/563
f 563/623/563 573/633/573 564/624/564
f 564/624/564 574/634/574 565/625/565
f 565/625/565 575/635/575 566/626/566
f 576/636/576 568/628/568 567/627/567
f 577/637/577 578/638/578 569/629/569
f 569/629/569 579/639/579 570/630/570
f 570/630/570 580/640/580 571/631/571
f 571/631/571 581/641/581 572/632/572
f 572/632/572 582/642/582 573/633/573
f 573/633/573 583/643/583 574/634/574
f 574/634/574 584/644/584 575/635/575
f 585/645/585 577/637/577 576/636/576
f 586/646/586 587/647/587 578/638/578
f 578/638/578 588/648/588 579/639/579
f 579/639/579 589/649/589 580/640/580
f 580/640/580 590/650/590 581/641/581
f 581/641/581 591/651/591 582/642/582
f 582/642/582 592/652/592 583/643/583
f 583/643/583 593/653/593 584/644/584
f 594/654/594 586/646/586 585/645/585
f 595/655/595 596/656/596 587/647/587
f 587/647/587 597/657/597 588/648/588
f 588/648/588 598/658/598 589/649/589
f 589/649/589 599/659/599 590/650/590
f 590/650/590 600/660/600 591/651/591
f 591/651/591 601/661/601 592/652/592
f 592/652/592 602/662/602 593/653/593
f 594/654/594 603/663/603 595/655/595
f 603/663/603 604/664/604 596/656/596
f 596/656/596 605/665/605 597/657/597
f 597/657/597 606/666/606 598/658/598
f 598/658/598 607/667/607 599/659/599
f 599/659/599 608/668/608 600/660/600
f 600/660/600 609/669/609 601/661/601
f 601/661/601 610/670/610 602/662/602
f 611/671/611 612/672/612 603/663/603
f 612/672/612 613/673/613 604/664/604
f 604/664/604 614/674/614 605/665/605
f 605/665/605 615/675/615 606/666/606
f 606/666/606 616/676/616 607/667/607
f 607/667/607 617/677/617 608/668/608
f 608/668/608 618/678/618 609/669/609
f 609/669/609 619/679/619 610/670/610
f 620/680/620 621/681/621 612/672/612
f 621/681/621 622/682/622 613/673/613
f 613/673/613 623/683/623 614/674/614
f 614/674/614 624/684/624 615/675/615
f 615/675/615 625/685/625 616/676/616
f 616/676/616 626/686/626 617/677/617
f 617/677/617 627/687/627 618/678/618
f 618/678/618 628/688/628 619/679/619
f 629/689/629 630/690/630 621/681/621
f 631/691/631 622/682/622 630/690/630
f 622/682/622 632/692/632 623/683/623
f 623/683/623 633/693/633 624/684/624
f 624/684/624 634/694/634 625/685/625
f 625/685/625 635/695/635 626/686/626
f 626/686/626 636/696/636 627/687/627
f 627/687/627 637/697/637 628/688/628
f 638/698/638 631/691/631 630/690/630
f 639/699/639 640/700/640 631/691/631
f 641/701/641 632/692/632 640/700/640
f 632/692/632 642/702/642 633/693/633
f 633/693/633 643/703/643 634/694/634
f 634/694/634 644/704/644 635/695/635
f 635/695/635 645/705/645 636/696/636
f 636/696/636 646/706/646 637/697/637
f 647/707/647 639/699/639 631/691/631
f 648/708/648 641/701/641 639/699/639
f 649/709/649 650/710/650 641/701/641
f 651/711/651 642/702/642 650/710/650
f 642/702/642 652/712/652 643/703/643
f 643/703/643 653/713/653 644/704/644
f 644/704/644 654/714/654 645/705/645
f 645/705/645 655/715/655 646/706/646
f 656/716/656 648/708/648 639/699/639
f 657/717/657 649/709/649 648/708/648
f 658/718/658 651/711/651 649/709/649
f 659/719/659 660/720/660 651/711/651
f 661/721/661 652/712/652 660/720/660
f 652/712/652 662/722/662 653/713/653
f 653/713/653 663/723/663 654/714/654
f 654/714/654 664/724/664 655/715/655
f 665/725/665 657/717/657 648/708/648
f 666/726/666 658/718/658 657/717/657
f 667/727/667 659/719/659 658/718/658
f 668/728/668 661/721/661 659/719/659
f 669/729/669 670/730/670 661/721/661
f 671/731/671 662/722/662 670/730/670
f 672/732/672 663/723/663 662/722/662
f 663/723/663 673/733/673 664/724/664
f 674/734/674 666/726/666 657/717/657
f 675/735/675 667/727/667 666/726/666
f 676/736/676 668/728/668 667/727/667
f 677/737/677 669/729/669 668/728/668
f 678/738/678 671/731/671 669/729/669
f 679/739/679 672/732/672 671/731/671
f 680/740/680 681/741/681 672/732/672
f 682/742/682 673/733/673 681/741/681
f 683/743/683 675/735/675 666/726/666
f 684/744/684 676/736/676 675/735/675
f 685/745/685 677/737/677 676/736/676
f 686/746/686 678/738/678 677/737/677
f 687/747/687 679/739/679 678/738/678
f 688/748/688 680/740/680 679/739/679
f 689/749/689 682/742/682 680/740/680
f 690/750/690 691/751/691 682/742/682
f 692/752/692 684/744/684 675/735/675
f 693/753/693 685/745/685 684/744/684
f 694/754/694 686/746/686 685/745/685
f 695/755/695 687/747/687 686/746/686
f 696/756/696 688/748/688 687/747/687
f 697/757/697 689/749/689 688/748/688
f 698/758/698 690/750/690 689/749/689
f 699/759/699 700/760/700 690/750/690
f 701/761/701 693/753/693 684/744/684
f 702/762/702 694/754/694 693/753/693
f 703/763/703 695/755/695 694/754/694
f 704/764/704 696/756/696 695/755/695
f 705/765/705 697/757/697 696/756/696
f 706/766/706 698/758/698 697/757/697
f 707/767/707 699/759/699 698/758/698
f 708/768/708 709/769/709 699/759/699
f 710/770/710 702/762/702 693/753/693
f 711/771/711 702/762/702 710/770/710
f 712/772/712 703/763/703 702/762/702
f 713/773/713 704/764/704 703/763/703
f 714/774/714 705/765/705 704/764/704
f 715/775/715 706/766/706 705/765/705
f 716/776/716 707/767/707 706/766/706
f 717/777/717 708/768/708 707/767/707
f 718/778/718 719/779/719 708/768/708
f 720/780/720 711/771/711 710/770/710
f 721/781/721 712/772/712 711/771/711
f 722/782/722 713/773/713 712/772/712
f 723/783/723 714/774/714 713/773/713
f 724/784/724 715/775/715 714/774/714
f 725/785/725 716/776/716 715/775/715
f 726/786/726 717/777/717 716/776/716
f 727/787/727 718/778/718 717/777/717
f 728/788/728 729/789/729 718/778/718
f 730/790/730 721/781/721 711/771/711
f 731/791/731 722/782/722 721/781/721
f 732/792/732 723/783/723 722/782/722
f 733/793/733 724/784/724 723/783/723
f 734/794/734 725/785/725 724/784/724
f 735/795/735 726/786/726 725/785/725
f 736/796/736 727/787/727 726/786/726
f 737/797/737 728/788/728 727/787/727
f 738/798/738 739/799/739 728/788/728
f 740/800/740 731/791/731 721/781/721
f 741/801/741 732/792/732 731/791/731
f 742/802/742 733/793/733 732/792/732
f 743/803/743 734/794/734 733/793/733
f 744/804/744 735/795/735 734/794/734
f 745/805/745 736/796/736 735/795/735
f 746/806/746 737/797/737 736/796/736
f 747/807/747 738/798/738 737/797/737
f 748/808/748 749/809/749 738/798/738
f 750/810/750 741/801/741 731/791/731
f 751/811/751 742/802/742 741/801/741
f 752/812/752 743/803/743 742/802/742
f 753/813/753 744/804/744 743/803/743
f 754/814/754 745/805/745 744/804/744
f 755/815/755 746/806/746 745/805/745
f 756/816/756 747/807/747 746/806/746
f 757/817/757 748/808/748 747/807/747
f 758/818/758 759/819/759 748/808/748
f 760/820/760 751/811/751 741/801/741
f 761/821/761 752/812/752 751/811/751
f 762/822/762 753/813/753 752/812/752
f 763/823/763 754/814/754 753/813/753
f 764/824/764 755/815/755 754/814/754
f 765/825/765 756/816/756 755/815/755
f 766/826/766 757/817/757 756/816/756
f 767/827/767 758/818/758 757/817/757
f 768/828/768 769/829/769 758/818/758
f 770/830/770 761/821/761 751/811/751
f 771/831/771 762/822/762 761/821/761
f 772/832/772 763/823/763 762/822/762
f 773/833/773 764/824/764 763/823/763
f 774/834/774 765/825/765 764/824/764
f 775/835/775 766/826/766 765/825/765
f 776/836/776 767/827/767 766/826/766
f 777/837/777 768/828/768 767/827/767
f 778/838/778 779/839/779 768/828/768
f 780/840/780 771/831/771 761/821/761
f 781/841/781 772/832/772 771/831/771
f 782/842/782 773/833/773 772/832/772
f 783/843/783 774/834/774 773/833/773
f 784/844/784 775/835/775 774/834/774
f 785/845/785 776/836/776 775/835/775
f 786/846/786 777/837/777 776/836/776
f 787/847/787 778/838/778 777/837/777
f 788/848/788 789/849/789 778/838/778
f 790/850/790 781/841/781 771/831/771
f 791/851/791 782/842/782 781/841/781
f 792/852/792 783/843/783 782/842/782
f 793/853/793 784/844/784 783/843/783
f 794/854/794 785/845/785 784/844/784
f 795/855/795 786/846/786 785/845/785
f 796/856/796 787/847/787 786/846/786
f 797/857/797 788/848/788 787/847/787
f 798/858/798 799/859/799 788/848/788
f 800/860/800 791/851/791 781/841/781
f 801/861/801 792/852/792 791/851/791
f 802/862/802 793/853/793 792/852/792
f 803/863/803 794/854/794 793/853/793
f 804/864/804 795/855/795 794/854/794
f 805/865/805 796/856/796 795/855/795
f 806/866/806 797/857/797 796/856/796
f 807/867/807 798/858/798 797/857/797
f 808/868/808 809/869/809 798/858/798
f 810/870/810 801/861/801 791/851/791
f 1/871/811 811/872/812 812/873/813
f 3/874/814 813/875/815 811/872/812
f 5/876/816 814/877/817 813/875/815
f 7/878/818 815/879/819 814/877/817
f 9/880/820 816/881/821 815/879/819
f 11/882/822 817/883/823 816/881/821
f 13/884/824 818/885/825 817/883/823
f 15/886/826 819/887/827 818/885/825
f 17/888/828 820/889/829 819/887/827
f 19/890/830 821/891/831 820/889/829
f 21/22/832 822/892/833 821/893/831
f 23/24/834 823/894/835 822/892/833
f 25/26/836 824/895/837 823/894/835
f 27/28/838 825/896/839 824/895/837
f 30/897/840 812/873/813 46/898/841
f 812/873/813 826/899/842 827/900/843
f 811/872/812 828/901/844 826/899/842
f 813/875/815 829/902/845 828/901/844
f 814/877/817 830/903/846 829/902/845
f 815/879/819 831/904/847 830/903/846
f 816/881/821 832/905/848 831/904/847
f 817/883/823 833/906/849 832/905/848
f 818/885/825 834/907/850 833/906/849
f 819/908/827 835/909/851 834/910/850
f 820/911/829 836/912/852 835/909/851
f 821/893/831 837/913/853 836/912/852
f 822/892/833 838/914/854 837/913/853
f 823/894/835 839/915/855 838/914/854
f 824/895/837 840/916/856 839/915/855
f 46/898/841 827/900/843 841/917/857
f 827/900/843 842/918/858 843/919/859
f 826/899/842 844/920/860 842/918/858
f 828/901/844 845/921/861 844/920/860
f 829/902/845 846/922/862 845/921/861
f 830/903/846 847/923/863 846/922/862
f 831/904/847 848/924/864 847/923/863
f 832/925/848 849/926/865 848/927/864
f 833/928/849 850/929/866 849/926/865
f 834/910/850 851/930/867 850/929/866
f 835/909/851 852/931/868 851/930/867
f 836/912/852 853/932/869 852/931/868
f 837/913/853 854/933/870 853/932/869
f 838/914/854 855/934/871 854/933/870
f 839/915/855 856/935/872 855/934/871
f 841/917/857 843/919/859 857/936/873
f 843/919/859 858/937/874 859/938/875
f 842/918/858 860/939/876 858/937/874
f 844/920/860 861/940/877 860/939/876
f 845/921/861 862/941/878 861/940/877
f 846/922/862 863/942/879 862/941/878
f 847/943/863 864/944/880 863/945/879
f 848/927/864 865/946/881 864/944/880
f 849/926/865 866/947/882 865/946/881
f 850/929/866 867/948/883 866/947/882
f 851/930/867 868/949/884 867/948/883
f 852/931/868 869/950/885 868/949/884
f 853/932/869 870/951/886 869/950/885
f 854/933/870 871/952/887 870/951/886
f 855/934/871 872/953/888 871/952/887
f 857/936/873 859/938/875 873/954/889
f 858/937/874 874/955/890 875/956/891
f 860/939/876 876/957/892 874/955/890
f 861/940/877 877/958/893 876/957/892
f 862/941/878 878/959/894 877/958/893
f 863/945/879 879/960/895 878/961/894
f 864/944/880 880/962/896 879/960/895
f 865/946/881 881/963/897 880/962/896
f 866/947/882 882/964/898 881/963/897
f 867/948/883 883/965/899 882/964/898
f 868/949/884 884/966/900 883/965/899
f 869/950/885 885/967/901 884/966/900
f 870/951/886 886/968/902 885/967/901
f 871/952/887 887/969/903 886/968/902
f 859/938/875 858/937/874 875/956/891
f 875/956/891 888/970/904 889/971/905
f 874/955/890 890/972/906 888/970/904
f 876/957/892 891/973/907 890/972/906
f 877/958/893 892/974/908 891/973/907
f 878/959/894 893/975/909 892/974/908
f 879/976/895 894/977/910 893/975/909
f 880/962/896 895/978/911 894/979/910
f 881/963/897 896/980/912 895/978/911
f 882/964/898 897/981/913 896/980/912
f 883/965/899 898/982/914 897/981/913
f 884/966/900 899/983/915 898/982/914
f 885/967/901 900/984/916 899/983/915
f 886/968/902 901/985/917 900/984/916
f 902/986/918 889/971/905 903/987/919
f 889/971/905 904/988/920 905/989/921
f 888/970/904 906/990/922 904/988/920
f 890/972/906 907/991/923 906/990/922
f 891/973/907 908/992/924 907/991/923
f 892/974/908 909/993/925 908/992/924
f 893/994/909 910/995/926 909/996/925
f 894/979/910 911/997/927 910/995/926
f 895/978/911 912/998/928 911/997/927
f 896/980/912 913/999/929 912/998/928
f 897/981/913 914/1000/930 913/999/929
f 898/982/914 915/1001/931 914/1000/930
f 899/983/915 916/1002/932 915/1001/931
f 900/984/916 917/1003/933 916/1002/932
f 903/987/919 905/989/921 918/1004/934
f 905/989/921 919/1005/935 920/1006/936
f 904/988/920 921/1007/937 919/1005/935
f 906/990/922 922/1008/938 921/1007/937
f 907/991/923 923/1009/939 922/1008/938
f 908/1010/924 924/1011/940 923/1012/939
f 909/996/925 925/1013/941 924/1011/940
f 910/995/926 926/1014/942 925/1013/941
f 911/997/927 927/1015/943 926/1014/942
f 912/998/928 928/1016/944 927/1015/943
f 913/999/929 929/1017/945 928/1016/944
f 914/1000/930 930/1018/946 929/1017/945
f 915/1001/931 931/1019/947 930/1018/946
f 916/1002/932 932/1020/948 931/1019/947
f 918/1004/934 920/1006/936 933/1021/949
f 920/1006/936 934/1022/950 935/1023/951
f 919/1005/935 936/1024/952 934/1022/950
f 921/1007/937 937/1025/953 936/1024/952
f 922/1008/938 938/1026/954 937/1025/953
f 923/1012/939 939/1027/955 938/1028/954
f 924/1011/940 940/1029/956 939/1027/955
f 925/1013/941 941/1030/957 940/1029/956
f 926/1014/942 942/1031/958 941/1030/957
f 927/1015/943 943/1032/959 942/1031/958
f 928/1016/944 944/1033/960 943/1032/959
f 929/1017/945 945/1034/961 944/1033/960
f 930/1018/946 946/1035/962 945/1034/961
f 931/1019/947 947/1036/963 946/1035/962
f 933/1021/949 935/1023/951 948/1037/964
f 934/1022/950 949/1038/965 950/1039/966
f 936/1024/952 951/1040/967 949/1038/965
f 937/1041/953 952/1042/968 951/1043/967
f 938/1028/954 953/1044/969 952/1042/968
f 939/1027/955 954/1045/970 953/1044/969
f 940/1029/956 955/1046/971 954/1045/970
f 941/1030/957 956/1047/972 955/1046/971
f 942/1031/958 957/1048/973 956/1047/972
f 943/1032/959 958/1049/974 957/1048/973
f 944/1033/960 959/1050/975 958/1049/974
f 945/1034/961 960/1051/976 959/1050/975
f 960/1051/976 947/1036/963 961/1052/977
f 935/1023/951 934/1022/950 950/1039/966
f 950/1039/966 962/1053/978 963/1054/979
f 949/1038/965 964/1055/980 962/1053/978
f 951/1040/967 965/1056/981 964/1055/980
f 952/1042/968 966/1057/982 965/1058/981
f 953/1044/969 967/1059/983 966/1057/982
f 954/1045/970 968/1060/984 967/1059/983
f 955/1046/971 969/1061/985 968/1060/984
f 956/1047/972 970/1062/986 969/1061/985
f 957/1048/973 971/1063/987 970/1062/986
f 958/1049/974 972/1064/988 971/1063/987
f 959/1050/975 973/1065/989 972/1064/988
f 973/1065/989 961/1052/977 974/1066/990
f 975/1067/991 963/1054/979 976/1068/992
f 963/1054/979 977/1069/993 978/1070/994
f 962/1053/978 979/1071/995 977/1069/993
f 964/1055/980 980/1072/996 979/1071/995
f 965/1058/981 981/1073/997 980/1074/996
f 966/1057/982 982/1075/998 981/1073/997
f 967/1059/983 983/1076/999 982/1075/998
f 968/1060/984 984/1077/1000 983/1076/999
f 969/1061/985 985/1078/1001 984/1077/1000
f 970/1062/986 986/1079/1002 985/1078/1001
f 971/1063/987 987/1080/1003 986/1079/1002
f 972/1064/988 988/1081/1004 987/1080/1003
f 988/1081/1004 974/1066/990 989/1082/1005
f 976/1068/992 978/1070/994 990/1083/1006
f 978/1084/994 991/1085/1007 992/1086/1008
f 977/1069/993 993/1087/1009 991/1088/1007
f 979/1071/995 994/1089/1010 993/1087/1009
f 980/1074/996 995/1090/1011 994/1091/1010
f 981/1073/997 996/1092/1012 995/1090/1011
f 982/1075/998 997/1093/1013 996/1092/1012
f 983/1076/999 998/1094/1014 997/1093/1013
f 984/1077/1000 999/1095/1015 998/1094/1014
f 985/1078/1001 1000/1096/1016 999/1095/1015
f 986/1079/1002 1001/1097/1017 1000/1096/1016
f 987/1080/1003 1002/1098/1018 1001/1097/1017
f 1002/1098/1018 989/1082/1005 1003/1099/1019
f 990/1100/1006 992/1086/1008 1004/1101/1020
f 992/1086/1008 1005/1102/1021 1006/1103/1022
f 991/1104/1007 1007/1105/1023 1005/1106/1021
f 993/1087/1009 1008/1107/1024 1007/1108/1023
f 994/1091/1010 1009/1109/1025 1008/1110/1024
f 995/1090/1011 1010/1111/1026 1009/1109/1025
f 996/1092/1012 1011/1112/1027 1010/1111/1026
f 997/1093/1013 1012/1113/1028 1011/1112/1027
f 998/1094/1014 1013/1114/1029 1012/1113/1028
f 999/1095/1015 1014/1115/1030 1013/1114/1029
f 1000/1096/1016 1015/1116/1031 1014/1115/1030
f 1015/1116/1031 1002/1098/1018 1016/1117/1032
f 1016/1117/1032 1003/1099/1019 1017/1118/1033
f 1004/1101/1020 1006/1103/1022 1018/1119/1034
f 1006/1103/1022 1019/1120/1035 1020/1121/1036
f 1005/1102/1021 1021/1122/1037 1019/1120/1035
f 1007/1108/1023 1022/1123/1038 1021/1124/1037
f 1008/1110/1024 1023/1125/1039 1022/1126/1038
f 1009/1109/1025 1024/1127/1040 1023/1125/1039
f 1010/1111/1026 1025/1128/1041 1024/1127/1040
f 1011/1112/1027 1026/1129/1042 1025/1128/1041
f 1012/1113/1028 1027/1130/1043 1026/1129/1042
f 1013/1114/1029 1028/1131/1044 1027/1130/1043
f 1028/1131/1044 1015/1116/1031 1029/1132/1045
f 1029/1132/1045 1016/1117/1032 1030/1133/1046
f 1030/1133/1046 1017/1118/1033 1031/1134/1047
f 1018/1119/1034 1020/1121/1036 1032/1135/1048
f 1019/1120/1035 1033/1136/1049 1034/1137/1050
f 1021/1124/1037 1035/1138/1051 1033/1139/1049
f 1022/1123/1038 1036/1140/1052 1035/1138/1051
f 1023/1125/1039 1037/1141/1053 1036/1142/1052
f 1024/1127/1040 1038/1143/1054 1037/1141/1053
f 1025/1128/1041 1039/1144/1055 1038/1143/1054
f 1026/1129/1042 1040/1145/1056 1039/1144/1055
f 1040/1145/1056 1028/1131/1044 1041/1146/1057
f 1041/1146/1057 1029/1132/1045 1042/1147/1058
f 1042/1147/1058 1030/1133/1046 1043/1148/1059
f 1043/1148/1059 1031/1134/1047 1044/1149/1060
f 1020/1121/1036 1019/1120/1035 1034/1137/1050
f 1034/1150/1050 1045/1151/1061 1046/1152/1062
f 1033/1139/1049 1047/1153/1063 1045/1151/1061
f 1035/1138/1051 1048/1154/1064 1047/1153/1063
f 1036/1140/1052 1049/1155/1065 1048/1154/1064
f 1037/1141/1053 1050/1156/1066 1049/1157/1065
f 1038/1143/1054 1051/1158/1067 1050/1156/1066
f 1039/1144/1055 1052/1159/1068 1051/1158/1067
f 1052/1159/1068 1041/1146/1057 1053/1160/1069
f 1053/1160/1069 1042/1147/1058 1054/1161/1070
f 1054/1161/1070 1043/1148/1059 1055/1162/1071
f 1055/1162/1071 1044/1149/1060 1056/1163/1072
f 1057/1164/1073 1046/1152/1062 1058/1165/1074
f 1046/1152/1062 1059/1166/1075 1060/1167/1076
f 1045/1151/1061 1061/1168/1077 1059/1166/1075
f 1047/1153/1063 1062/1169/1078 1061/1168/1077
f 1048/1154/1064 1063/1170/1079 1062/1169/1078
f 1049/1155/1065 1064/1171/1080 1063/1170/1079
f 1050/1156/1066 1065/1172/1081 1064/1173/1080
f 1051/1158/1067 1066/1174/1082 1065/1172/1081
f 1066/1174/1082 1053/1160/1069 1067/1175/1083
f 1067/1175/1083 1054/1161/1070 1068/1176/1084
f 1068/1176/1084 1055/1162/1071 1069/1177/1085
f 1069/1177/1085 1056/1163/1072 1070/1178/1086
f 1058/1165/1074 1060/1167/1076 1071/1179/1087
f 1060/1167/1076 1072/1180/1088 1073/1181/1089
f 1059/1166/1075 1074/1182/1090 1072/1180/1088
f 1061/1168/1077 1075/1183/1091 1074/1182/1090
f 1062/1169/1078 1076/1184/1092 1075/1183/1091
f 1063/1170/1079 1077/1185/1093 1076/1184/1092
f 1064/1173/1080 1078/1186/1094 1077/1187/1093
f 1078/1186/1094 1066/1174/1082 1079/1188/1095
f 1079/1188/1095 1067/1175/1083 1080/1189/1096
f 1080/1189/1096 1068/1176/1084 1081/1190/1097
f 1081/1190/1097 1069/1177/1085 1082/1191/1098
f 1082/1191/1098 1070/1178/1086 1083/1192/1099
f 1071/1179/1087 1073/1181/1089 1084/1193/1100
f 1073/1181/1089 1085/1194/1101 1086/1195/1102
f 1072/1180/1088 1087/1196/1103 1085/1194/1101
f 1074/1182/1090 1088/1197/1104 1087/1196/1103
f 1075/1183/1091 1089/1198/1105 1088/1197/1104
f 1076/1184/1092 1090/1199/1106 1089/1198/1105
f 1090/1199/1106 1078/1200/1094 1091/1201/1107
f 1091/1202/1107 1079/1188/1095 1092/1203/1108
f 1092/1203/1108 1080/1189/1096 1093/1204/1109
f 1093/1204/1109 1081/1190/1097 1094/1205/1110
f 1094/1205/1110 1082/1191/1098 1095/1206/1111
f 1095/1206/1111 1083/1192/1099 1096/1207/1112
f 1084/1193/1100 1086/1195/1102 1097/1208/1113
f 1085/1194/1101 1098/1209/1114 1099/1210/1115
f 1087/1196/1103 1100/1211/1116 1098/1209/1114
f 1088/1197/1104 1101/1212/1117 1100/1211/1116
f 1101/1212/1117 1090/1199/1106 1102/1213/1118
f 1102/1213/1118 1091/1201/1107 1103/1214/1119
f 1103/1215/1119 1092/1203/1108 1104/1216/1120
f 1104/1216/1120 1093/1204/1109 1105/1217/1121
f 1105/1217/1121 1094/1205/1110 1106/1218/1122
f 1106/1218/1122 1095/1206/1111 1107/1219/1123
f 1107/1219/1123 1096/1207/1112 1108/1220/1124
f 1086/1195/1102 1085/1194/1101 1099/1210/1115
f 1099/1210/1115 1109/1221/1125 1110/1222/1126
f 1098/1209/1114 1111/1223/1127 1109/1221/1125
f 1100/1211/1116 1112/1224/1128 1111/1223/1127
f 1112/1224/1128 1102/1213/1118 1113/1225/1129
f 1113/1225/1129 1103/1214/1119 1114/1226/1130
f 1114/1226/1130 1104/1227/1120 1115/1228/1131
f 1115/1229/1131 1105/1217/1121 1116/1230/1132
f 1116/1230/1132 1106/1218/1122 1117/1231/1133
f 1117/1231/1133 1107/1219/1123 1118/1232/1134
f 1118/1232/1134 1108/1220/1124 1119/1233/1135
f 1120/1234/1136 1099/1210/1115 1110/1222/1126
f 1110/1222/1126 1121/1235/1137 1122/1236/1138
f 1109/1221/1125 1123/1237/1139 1121/1235/1137
f 1123/1237/1139 1112/1224/1128 1124/1238/1140
f 1124/1238/1140 1113/1225/1129 1125/1239/1141
f 1125/1239/1141 1114/1226/1130 1126/1240/1142
f 1126/1240/1142 1115/1228/1131 1127/1241/1143
f 1127/1241/1143 1116/1242/1132 1128/1243/1144
f 1128/1243/1144 1117/1244/1133 1129/1245/1145
f 1129/1246/1145 1118/1232/1134 1130/1247/1146
f 1130/1247/1146 1119/1233/1135 1131/1248/1147
f 1132/1249/1148 1110/1222/1126 1122/1236/1138
f 1122/1236/1138 1133/1250/1149 1134/1251/1150
f 1121/1235/1137 1135/1252/1151 1133/1250/1149
f 1135/1252/1151 1124/1238/1140 1136/1253/1152
f 1136/1253/1152 1125/1239/1141 1137/1254/1153
f 1137/1254/1153 1126/1240/1142 1138/1255/1154
f 1138/1255/1154 1127/1241/1143 1139/1256/1155
f 1139/1256/1155 1128/1243/1144 1140/1257/1156
f 1140/1257/1156 1129/1245/1145 1141/1258/1157
f 1141/1258/1157 1130/1259/1146 1142/1260/1158
f 1142/1260/1158 1131/1261/1147 1143/1262/1159
f 1144/1263/1160 1122/1236/1138 1134/1251/1150
f 1134/1251/1150 1145/1264/1161 1146/1265/1162
f 1145/1264/1161 1135/1252/1151 1147/1266/1163
f 1147/1266/1163 1136/1253/1152 1148/1267/1164
f 1148/1267/1164 1137/1254/1153 1149/1268/1165
f 1149/1268/1165 1138/1255/1154 1150/1269/1166
f 1150/1269/1166 1139/1256/1155 1151/1270/1167
f 1151/1270/1167 1140/1257/1156 1152/1271/1168
f 1152/1271/1168 1141/1258/1157 1153/1272/1169
f 1153/1272/1169 1142/1260/1158 1154/1273/1170
f 1154/1273/1170 1143/1262/1159 1155/1274/1171
f 1156/1275/1172 1134/1251/1150 1146/1265/1162
f 1157/1276/1173 1147/1266/1163 1158/1277/1174
f 1158/1277/1174 1148/1267/1164 1159/1278/1175
f 1159/1278/1175 1149/1268/1165 1160/1279/1176
f 1160/1279/1176 1150/1269/1166 1161/1280/1177
f 1161/1280/1177 1151/1270/1167 1162/1281/1178
f 1162/1281/1178 1152/1271/1168 1163/1282/1179
f 1163/1282/1179 1153/1272/1169 1164/1283/1180
f 1164/1283/1180 1154/1273/1170 1165/1284/1181
f 1165/1284/1181 1155/1274/1171 1166/1285/1182
f 1145/1264/1161 1167/1286/1183 1146/1265/1162
f 1168/1287/1184 1158/1277/1174 1169/1288/1185
f 1169/1288/1185 1159/1278/1175 1170/1289/1186
f 1170/1289/1186 1160/1279/1176 1171/1290/1187
f 1171/1290/1187 1161/1280/1177 1172/1291/1188
f 1172/1291/1188 1162/1281/1178 1173/1292/1189
f 1173/1292/1189 1163/1282/1179 1174/1293/1190
f 1174/1293/1190 1164/1283/1180 1175/1294/1191
f 1175/1294/1191 1165/1284/1181 1176/1295/1192
f 1176/1295/1192 1166/1285/1182 1177/1296/1193
f 1178/1297/1194 1157/1276/1173 1168/1287/1184
f 1179/1298/1195 1169/1288/1185 1180/1299/1196
f 1180/1299/1196 1170/1289/1186 1181/1300/1197
f 1181/1300/1197 1171/1290/1187 1182/1301/1198
f 1182/1301/1198 1172/1291/1188 1183/1302/1199
f 1183/1302/1199 1173/1292/1189 1184/1303/1200
f 1184/1303/1200 1174/1293/1190 1185/1304/1201
f 1185/1304/1201 1175/1294/1191 1186/1305/1202
f 1186/1305/1202 1176/1295/1192 1187/1306/1203
f 1187/1306/1203 1177/1296/1193 1188/1307/1204
f 1189/1308/1205 1168/1287/1184 1179/1298/1195
f 1190/1309/1206 1180/1299/1196 1191/1310/1207
f 1191/1310/1207 1181/1300/1197 1192/1311/1208
f 1192/1311/1208 1182/1301/1198 1193/1312/1209
f 1193/1312/1209 1183/1302/1199 1194/1313/1210
f 1194/1313/1210 1184/1303/1200 1195/1314/1211
f 1195/1314/1211 1185/1304/1201 1196/1315/1212
f 1196/1315/1212 1186/1305/1202 1197/1316/1213
f 1197/1316/1213 1187/1306/1203 1198/1317/1214
f 1198/1317/1214 1188/1307/1204 1199/1318/1215
f 1200/1319/1216 1179/1298/1195 1190/1309/1206
f 1201/1320/1217 1191/1310/1207 1202/1321/1218
f 1202/1321/1218 1192/1311/1208 1203/1322/1219
f 1203/1322/1219 1193/1312/1209 1204/1323/1220
f 1204/1323/1220 1194/1313/1210 1205/1324/1221
f 1205/1324/1221 1195/1314/1211 1206/1325/1222
f 1206/1325/1222 1196/1315/1212 1207/1326/1223
f 1207/1326/1223 1197/1316/1213 1208/1327/1224
f 1208/1327/1224 1198/1317/1214 1209/1328/1225
f 1209/1328/1225 1199/1318/1215 1210/1329/1226
f 1211/1330/1227 1190/1309/1206 1201/1320/1217
f 1212/1331/1228 1203/1322/1219 1213/1332/1229
f 1213/1332/1229 1204/1323/1220 1214/1333/1230
f 1214/1333/1230 1205/1324/1221 1215/1334/1231
f 1215/1334/1231 1206/1325/1222 1216/1335/1232
f 1216/1335/1232 1207/1326/1223 1217/1336/1233
f 1217/1336/1233 1208/1327/1224 1218/1337/1234
f 1218/1337/1234 1209/1328/1225 1219/1338/1235
f 1219/1338/1235 1210/1329/1226 1220/1339/1236
f 1201/1320/1217 1202/1321/1218 1221/1340/1237
f 1222/1341/1238 1213/1332/1229 1223/1342/1239
f 1223/1342/1239 1214/1333/1230 1224/1343/1240
f 1224/1343/1240 1215/1334/1231 1225/1344/1241
f 1225/1344/1241 1216/1335/1232 1226/1345/1242
f 1226/1345/1242 1217/1336/1233 1227/1346/1243
f 1227/1346/1243 1218/1337/1234 1228/1347/1244
f 1228/1347/1244 1219/1338/1235 1229/1348/1245
f 1229/1348/1245 1220/1339/1236 1230/1349/1246
f 1231/1350/1247 1212/1331/1228 1222/1341/1238
f 1232/1351/1248 1223/1342/1239 1233/1352/1249
f 1233/1352/1249 1224/1343/1240 1234/1353/1250
f 1234/1353/1250 1225/1344/1241 1235/1354/1251
f 1235/1354/1251 1226/1345/1242 1236/1355/1252
f 1236/1355/1252 1227/1346/1243 1237/1356/1253
f 1237/1356/1253 1228/1347/1244 1238/1357/1254
f 1238/1357/1254 1229/1348/1245 1239/1358/1255
f 1239/1358/1255 1230/1349/1246 1240/1359/1256
f 1241/1360/1257 1222/1341/1238 1232/1351/1248
f 1242/1361/1258 1233/1352/1249 1243/1362/1259
f 1243/1362/1259 1234/1353/1250 1244/1363/1260
f 1244/1363/1260 1235/1354/1251 1245/1364/1261
f 1245/1364/1261 1236/1355/1252 1246/1365/1262
f 1246/1365/1262 1237/1356/1253 1247/1366/1263
f 1247/1366/1263 1238/1357/1254 1248/1367/1264
f 1248/1367/1264 1239/1358/1255 1249/1368/1265
f 1249/1368/1265 1240/1359/1256 1250/1369/1266
f 1251/1370/1267 1232/1351/1248 1242/1361/1258
f 1252/1371/1268 1243/1362/1259 1253/1372/1269
f 1253/1372/1269 1244/1363/1260 1254/1373/1270
f 1254/1373/1270 1245/1364/1261 1255/1374/1271
f 1255/1374/1271 1246/1365/1262 1256/1375/1272
f 1256/1375/1272 1247/1366/1263 1257/1376/1273
f 1257/1376/1273 1248/1367/1264 1258/1377/1274
f 1258/1377/1274 1249/1368/1265 1259/1378/1275
f 1259/1378/1275 1250/1369/1266 1260/1379/1276
f 1261/1380/1277 1242/1361/1258 1252/1371/1268
f 1262/1381/1278 1253/1372/1269 1263/1382/1279
f 1263/1382/1279 1254/1373/1270 1264/1383/1280
f 1264/1383/1280 1255/1374/1271 1265/1384/1281
f 1265/1384/1281 1256/1375/1272 1266/1385/1282
f 1266/1385/1282 1257/1376/1273 1267/1386/1283
f 1267/1386/1283 1258/1377/1274 1268/1387/1284
f 1258/1377/1274 1269/1388/1285 1268/1387/1284
f 1259/1378/1275 1270/1389/1286 1269/1388/1285
f 1271/1390/1287 1252/1371/1268 1262/1381/1278
f 1272/1391/1288 1263/1382/1279 1273/1392/1289
f 1273/1392/1289 1264/1383/1280 1274/1393/1290
f 1274/1393/1290 1265/1384/1281 1275/1394/1291
f 1275/1394/1291 1266/1385/1282 1276/1395/1292
f 1266/1385/1282 1277/1396/1293 1276/1395/1292
f 1267/1386/1283 1278/1397/1294 1277/1396/1293
f 1268/1387/1284 1279/1398/1295 1278/1397/1294
f 1269/1388/1285 1280/1399/1296 1279/1398/1295
f 1281/1400/1297 1262/1381/1278 1272/1391/1288
f 1282/1401/1298 1273/1392/1289 1283/1402/1299
f 1283/1402/1299 1274/1393/1290 1284/1403/1300
f 1284/1403/1300 1275/1394/1291 1285/1404/1301
f 1275/1394/1291 1286/1405/1302 1285/1404/1301
f 1276/1395/1292 1287/1406/1303 1286/1405/1302
f 1277/1396/1293 1288/1407/1304 1287/1406/1303
f 1278/1397/1294 1289/1408/1305 1288/1407/1304
f 1279/1398/1295 1290/1409/1306 1289/1408/1305
f 1291/1410/1307 1272/1391/1288 1282/1401/1298
f 1292/1411/1308 1283/1402/1299 1293/1412/1309
f 1293/1412/1309 1284/1403/1300 1294/1413/1310
f 1294/1413/1310 1285/1404/1301 1295/1414/1311
f 1285/1404/1301 1296/1415/1312 1295/1414/1311
f 1286/1405/1302 1297/1416/1313 1296/1415/1312
f 1287/1406/1303 1298/1417/1314 1297/1416/1313
f 1288/1407/1304 1299/1418/1315 1298/1417/1314
f 1289/1408/1305 1300/1419/1316 1299/1418/1315
f 1301/1420/1317 1282/1401/1298 1292/1411/1308
f 1302/1421/1318 1294/1413/1310 1303/1422/1319
f 1294/1413/1310 1304/1423/1320 1303/1422/1319
f 1295/1414/1311 1305/1424/1321 1304/1423/1320
f 1296/1415/1312 1306/1425/1322 1305/1424/1321
f 1297/1416/1313 1307/1426/1323 1306/1425/1322
f 1298/1417/1314 1308/1427/1324 1307/1426/1323
f 1299/1418/1315 1309/1428/1325 1308/1427/1324
f 1292/1411/1308 1293/1412/1309 1310/1429/1326
f 1311/1430/1327 1303/1422/1319 1312/1431/1328
f 1303/1422/1319 1313/1432/1329 1312/1431/1328
f 1304/1423/1320 1314/1433/1330 1313/1432/1329
f 1305/1424/1321 1315/1434/1331 1314/1433/1330
f 1306/1425/1322 1316/1435/1332 1315/1434/1331
f 1307/1426/1323 1317/1436/1333 1316/1435/1332
f 1308/1427/1324 1318/1437/1334 1317/1436/1333
f 1319/1438/1335 1302/1421/1318 1311/1430/1327
f 1320/1439/1336 1312/1431/1328 1321/1440/1337
f 1312/1431/1328 1322/1441/1338 1321/1440/1337
f 1313/1432/1329 1323/1442/1339 1322/1441/1338
f 1314/1433/1330 1324/1443/1340 1323/1442/1339
f 1315/1434/1331 1325/1444/1341 1324/1443/1340
f 1316/1435/1332 1326/1445/1342 1325/1444/1341
f 1317/1436/1333 1327/1446/1343 1326/1445/1342
f 1328/1447/1344 1311/1430/1327 1320/1439/1336
f 1329/1448/1345 1321/1440/1337 1330/1449/1346
f 1321/1440/1337 1331/1450/1347 1330/1449/1346
f 1322/1441/1338 1332/1451/1348 1331/1450/1347
f 1323/1442/1339 1333/1452/1349 1332/1451/1348
f 1324/1443/1340 1334/1453/1350 1333/1452/1349
f 1325/1444/1341 1335/1454/1351 1334/1453/1350
f 1326/1445/1342 1336/1455/1352 1335/1454/1351
f 1337/1456/1353 1320/1439/1336 1329/1448/1345
f 1329/1448/1345 1338/1457/1354 1339/1458/1355
f 1330/1449/1346 1340/1459/1356 1338/1457/1354
f 1331/1450/1347 1341/1460/1357 1340/1459/1356
f 1332/1451/1348 1342/1461/1358 1341/1460/1357
f 1333/1452/1349 1343/1462/1359 1342/1461/1358
f 1334/1453/1350 1344/1463/1360 1343/1462/1359
f 1335/1454/1351 1345/1464/1361 1344/1463/1360
f 1346/1465/1362 1329/1448/1345 1339/1458/1355
f 1339/1458/1355 1347/1466/1363 1348/1467/1364
f 1338/1457/1354 1349/1468/1365 1347/1466/1363
f 1340/1459/1356 1350/1469/1366 1349/1468/1365
f 1341/1460/1357 1351/1470/1367 1350/1469/1366
f 1342/1461/1358 1352/1471/1368 1351/1470/1367
f 1343/1462/1359 1353/1472/1369 1352/1471/1368
f 1344/1463/1360 1354/1473/1370 1353/1472/1369
f 1355/1474/1371 1339/1458/1355 1348/1467/1364
f 1348/1467/1364 1356/1475/1372 1357/1476/1373
f 1347/1466/1363 1358/1477/1374 1356/1475/1372
f 1349/1468/1365 1359/1478/1375 1358/1477/1374
f 1350/1469/1366 1360/1479/1376 1359/1478/1375
f 1351/1470/1367 1361/1480/1377 1360/1479/1376
f 1352/1471/1368 1362/1481/1378 1361/1480/1377
f 1353/1472/1369 1363/1482/1379 1362/1481/1378
f 1364/1483/1380 1348/1467/1364 1357/1476/1373
f 1357/1476/1373 1365/1484/1381 1366/1485/1382
f 1356/1475/1372 1367/1486/1383 1365/1484/1381
f 1358/1477/1374 1368/1487/1384 1367/1486/1383
f 1359/1478/1375 1369/1488/1385 1368/1487/1384
f 1360/1479/1376 1370/1489/1386 1369/1488/1385
f 1361/1480/1377 1371/1490/1387 1370/1489/1386
f 1362/1481/1378 1372/1491/1388 1371/1490/1387
f 1373/1492/1389 1357/1476/1373 1366/1485/1382
f 1366/1485/1382 1374/1493/1390 1375/1494/1391
f 1365/1484/1381 1376/1495/1392 1374/1493/1390
f 1367/1486/1383 1377/1496/1393 1376/1495/1392
f 1368/1487/1384 1378/1497/1394 1377/1496/1393
f 1369/1488/1385 1379/1498/1395 1378/1497/1394
f 1370/1489/1386 1380/1499/1396 1379/1498/1395
f 1371/1490/1387 1381/1500/1397 1380/1499/1396
f 1382/1501/1398 1366/1485/1382 1375/1494/1391
f 1375/1494/1391 1383/1502/1399 1384/1503/1400
f 1374/1493/1390 1385/1504/1401 1383/1502/1399
f 1376/1495/1392 1386/1505/1402 1385/1504/1401
f 1377/1496/1393 1387/1506/1403 1386/1505/1402
f 1378/1497/1394 1388/1507/1404 1387/1506/1403
f 1379/1498/1395 1389/1508/1405 1388/1507/1404
f 1380/1499/1396 1390/1509/1406 1389/1508/1405
f 1391/1510/1407 1375/1494/1391 1384/1503/1400
f 1384/1503/1400 1392/1511/1408 1393/1512/1409
f 1383/1502/1399 1394/1513/1410 1392/1511/1408
f 1385/1504/1401 1395/1514/1411 1394/1513/1410
f 1386/1505/1402 1396/1515/1412 1395/1514/1411
f 1387/1506/1403 1397/1516/1413 1396/1515/1412
f 1388/1507/1404 1398/1517/1414 1397/1516/1413
f 1389/1508/1405 1399/1518/1415 1398/1517/1414
f 1391/1510/1407 1393/1512/1409 1400/1519/1416
f 1393/1512/1409 1401/1520/1417 1402/1521/1418
f 1392/1511/1408 1403/1522/1419 1401/1520/1417
f 1394/1513/1410 1404/1523/1420 1403/1522/1419
f 1395/1514/1411 1405/1524/1421 1404/1523/1420
f 1396/1515/1412 1406/1525/1422 1405/1524/1421
f 1397/1516/1413 1407/1526/1423 1406/1525/1422
f 1398/1517/1414 1408/1527/1424 1407/1526/1423
f 1400/1519/1416 1402/1521/1418 1409/1528/1425
f 1402/1521/1418 1410/1529/1426 1411/1530/1427
f 1401/1520/1417 1412/1531/1428 1410/1529/1426
f 1403/1522/1419 1413/1532/1429 1412/1531/1428
f 1404/1523/1420 1414/1533/1430 1413/1532/1429
f 1405/1524/1421 1415/1534/1431 1414/1533/1430
f 1406/1525/1422 1416/1535/1432 1415/1534/1431
f 1407/1526/1423 1417/1536/1433 1416/1535/1432
f 1409/1528/1425 1411/1530/1427 1418/1537/1434
f 1411/1530/1427 1419/1538/1435 1420/1539/1436
f 1410/1529/1426 1421/1540/1437 1419/1538/1435
f 1412/1531/1428 1422/1541/1438 1421/1540/1437
f 1413/1532/1429 1423/1542/1439 1422/1541/1438
f 1414/1533/1430 1424/1543/1440 1423/1542/1439
f 1415/1534/1431 1425/1544/1441 1424/1543/1440
f 1416/1535/1432 1426/1545/1442 1425/1544/1441
f 1418/1537/1434 1420/1539/1436 1427/1546/1443
f 1428/1547/1444 1419/1538/1435 1429/1548/1445
f 1419/1538/1435 1430/1549/1446 1429/1548/1445
f 1421/1540/1437 1431/1550/1447 1430/1549/1446
f 1422/1541/1438 1432/1551/1448 1431/1550/1447
f 1423/1542/1439 1433/1552/1449 1432/1551/1448
f 1424/1543/1440 1434/1553/1450 1433/1552/1449
f 1425/1544/1441 1435/1554/1451 1434/1553/1450
f 1427/1546/1443 1428/1547/1444 1436/1555/1452
f 1437/1556/1453 1429/1548/1445 1438/1557/1454
f 1438/1557/1454 1430/1549/1446 1439/1558/1455
f 1430/1549/1446 1440/1559/1456 1439/1558/1455
f 1431/1550/1447 1441/1560/1457 1440/1559/1456
f 1432/1551/1448 1442/1561/1458 1441/1560/1457
f 1433/1552/1449 1443/1562/1459 1442/1561/1458
f 1434/1553/1450 1444/1563/1460 1443/1562/1459
f 1436/1555/1452 1437/1556/1453 1445/1564/1461
f 1446/1565/1462 1438/1557/1454 1447/1566/1463
f 1447/1566/1463 1439/1558/1455 1448/1567/1464
f 1448/1567/1464 1440/1559/1456 1449/1568/1465
f 1440/1559/1456 1450/1569/1466 1449/1568/1465
f 1441/1560/1457 1451/1570/1467 1450/1569/1466
f 1442/1561/1458 1452/1571/1468 1451/1570/1467
f 1443/1562/1459 1453/1572/1469 1452/1571/1468
f 1445/1564/1461 1446/1565/1462 1454/1573/1470
f 1455/1574/1471 1447/1566/1463 1456/1575/1472
f 1456/1575/1472 1448/1567/1464 1457/1576/1473
f 1457/1576/1473 1449/1568/1465 1458/1577/1474
f 1458/1577/1474 1450/1569/1466 1459/1578/1475
f 1450/1569/1466 1460/1579/1476 1459/1578/1475
f 1451/1570/1467 1461/1580/1477 1460/1579/1476
f 1452/1571/1468 1462/1581/1478 1461/1580/1477
f 1454/1573/1470 1455/1574/1471 1463/1582/1479
f 1464/1583/1480 1456/1575/1472 1465/1584/1481
f 1465/1584/1481 1457/1576/1473 1466/1585/1482
f 1466/1585/1482 1458/1577/1474 1467/1586/1483
f 1467/1586/1483 1459/1578/1475 1468/1587/1484
f 1468/1587/1484 1460/1579/1476 1469/1588/1485
f 1469/1588/1485 1461/1580/1477 1470/1589/1486
f 1461/1580/1477 1471/1590/1487 1470/1589/1486
f 1463/1582/1479 1464/1583/1480 1472/1591/1488
f 1473/1592/1489 1465/1584/1481 1474/1593/1490
f 1474/1593/1490 1466/1585/1482 1475/1594/1491
f 1475/1594/1491 1467/1586/1483 1476/1595/1492
f 1476/1595/1492 1468/1587/1484 1477/1596/1493
f 1477/1596/1493 1469/1588/1485 1478/1597/1494
f 1478/1597/1494 1470/1589/1486 1479/1598/1495
f 1479/1598/1495 1471/1590/1487 1480/1599/1496
f 1472/1591/1488 1473/1592/1489 1481/1600/1497
f 1482/1601/1498 1474/1593/1490 1483/1602/1499
f 1483/1602/1499 1475/1594/1491 1484/1603/1500
f 1484/1603/1500 1476/1595/1492 1485/1604/1501
f 1485/1604/1501 1477/1596/1493 1486/1605/1502
f 1486/1605/1502 1478/1597/1494 1487/1606/1503
f 1487/1606/1503 1479/1598/1495 1488/1607/1504
f 1488/1607/1504 1480/1599/1496 1489/1608/1505
f 1481/1600/1497 1482/1601/1498 1490/1609/1506
f 1491/1610/1507 1483/1602/1499 1492/1611/1508
f 1492/1611/1508 1484/1603/1500 1493/1612/1509
f 1493/1612/1509 1485/1604/1501 1494/1613/1510
f 1494/1613/1510 1486/1605/1502 1495/1614/1511
f 1495/1614/1511 1487/1606/1503 1496/1615/1512
f 1496/1615/1512 1488/1607/1504 1497/1616/1513
f 1497/1616/1513 1489/1608/1505 1498/1617/1514
f 1490/1609/1506 1491/1610/1507 1499/1618/1515
f 1500/1619/1516 1492/1611/1508 1501/1620/1517
f 1501/1620/1517 1493/1612/1509 1502/1621/1518
f 1502/1621/1518 1494/1613/1510 1503/1622/1519
f 1503/1622/1519 1495/1614/1511 1504/1623/1520
f 1504/1623/1520 1496/1615/1512 1505/1624/1521
f 1505/1624/1521 1497/1616/1513 1506/1625/1522
f 1506/1625/1522 1498/1617/1514 1507/1626/1523
f 1491/1610/1507 1500/1619/1516 1508/1627/1524
f 1509/1628/1525 1500/1619/1516 1510/1629/1526
f 1510/1629/1526 1501/1620/1517 1511/1630/1527
f 1511/1630/1527 1502/1621/1518 1512/1631/1528
f 1512/1631/1528 1503/1622/1519 1513/1632/1529
f 1513/1632/1529 1504/1623/1520 1514/1633/1530
f 1514/1633/1530 1505/1624/1521 1515/1634/1531
f 1515/1634/1531 1506/1625/1522 1516/1635/1532
f 1516/1635/1532 1507/1626/1523 1517/1636/1533
f 1518/1637/1534 1509/1628/1525 1519/1638/1535
f 1520/1639/1536 1510/1629/1526 1521/1640/1537
f 1521/1640/1537 1511/1630/1527 1522/1641/1538
f 1522/1641/1538 1512/1631/1528 1523/1642/1539
f 1523/1642/1539 1513/1632/1529 1524/1643/1540
f 1524/1643/1540 1514/1633/1530 1525/1644/1541
f 1525/1644/1541 1515/1634/1531 1526/1645/1542
f 1526/1645/1542 1516/1635/1532 1527/1646/1543
f 1527/1646/1543 1517/1636/1533 1528/1647/1544
f 1519/1638/1535 1520/1639/1536 1529/1648/1545
f 1530/1649/1546 1521/1640/1537 1531/1650/1547
f 1531/1650/1547 1522/1641/1538 1532/1651/1548
f 1532/1651/1548 1523/1642/1539 1533/1652/1549
f 1533/1652/1549 1524/1643/1540 1534/1653/1550
f 1534/1653/1550 1525/1644/1541 1535/1654/1551
f 1535/1654/1551 1526/1645/1542 1536/1655/1552
f 1536/1655/1552 1527/1646/1543 1537/1656/1553
f 1537/1656/1553 1528/1647/1544 1538/1657/1554
f 1529/1648/1545 1530/1649/1546 1539/1658/1555
f 1540/1659/1556 1531/1650/1547 1541/1660/1557
f 1541/1660/1557 1532/1651/1548 1542/1661/1558
f 1542/1661/1558 1533/1652/1549 1543/1662/1559
f 1543/1662/1559 1534/1653/1550 1544/1663/1560
f 1544/1663/1560 1535/1654/1551 1545/1664/1561
f 1545/1664/1561 1536/1655/1552 1546/1665/1562
f 1546/1665/1562 1537/1656/1553 1547/1666/1563
f 1547/1666/1563 1538/1657/1554 1548/1667/1564
f 1539/1658/1555 1540/1659/1556 1549/1668/1565
f 1550/1669/1566 1541/1660/1557 1551/1670/1567
f 1551/1670/1567 1542/1661/1558 1552/1671/1568
f 1552/1671/1568 1543/1662/1559 1553/1672/1569
f 1553/1672/1569 1544/1663/1560 1554/1673/1570
f 1554/1673/1570 1545/1664/1561 1555/1674/1571
f 1555/1674/1571 1546/1665/1562 1556/1675/1572
f 1556/1675/1572 1547/1666/1563 1557/1676/1573
f 1557/1676/1573 1548/1667/1564 1558/1677/1574
f 1549/1668/1565 1550/1669/1566 1559/1678/1575
f 1560/1679/1576 1551/1670/1567 1561/1680/1577
f 1561/1680/1577 1552/1671/1568 1562/1681/1578
f 1562/1681/1578 1553/1672/1569 1563/1682/1579
f 1563/1682/1579 1554/1673/1570 1564/1683/1580
f 1564/1683/1580 1555/1674/1571 1565/1684/1581
f 1565/1684/1581 1556/1675/1572 1566/1685/1582
f 1566/1685/1582 1557/1676/1573 1567/1686/1583
f 1567/1686/1583 1558/1677/1574 1568/1687/1584
f 1559/1678/1575 1560/1679/1576 1569/1688/1585
f 1570/1689/1586 1561/1680/1577 1571/1690/1587
f 1571/1690/1587 1562/1681/1578 1572/1691/1588
f 1572/1691/1588 1563/1682/1579 1573/1692/1589
f 1573/1692/1589 1564/1683/1580 1574/1693/1590
f 1574/1693/1590 1565/1684/1581 1575/1694/1591
f 1575/1694/1591 1566/1685/1582 1576/1695/1592
f 1576/1695/1592 1567/1686/1583 1577/1696/1593
f 1577/1696/1593 1568/1687/1584 1578/1697/1594
f 1569/1688/1585 1570/1689/1586 1579/1698/1595
f 1580/1699/1596 1571/1690/1587 1581/1700/1597
f 1581/1700/1597 1572/1691/1588 1582/1701/1598
f 1582/1701/1598 1573/1692/1589 1583/1702/1599
f 1583/1702/1599 1574/1693/1590 1584/1703/1600
f 1584/1703/1600 1575/1694/1591 1585/1704/1601
f 1585/1704/1601 1576/1695/1592 1586/1705/1602
f 1586/1705/1602 1577/1696/1593 1587/1706/1603
f 1587/1706/1603 1578/1697/1594 1588/1707/1604
f 1579/1698/1595 1580/1699/1596 1589/1708/1605
f 1590/1709/1606 1581/1700/1597 1591/1710/1607
f 1591/1710/1607 1582/1701/1598 1592/1711/1608
f 1592/1711/1608 1583/1702/1599 1593/1712/1609
f 1593/1712/1609 1584/1703/1600 1594/1713/1610
f 1594/1713/1610 1585/1704/1601 1595/1714/1611
f 1595/1714/1611 1586/1705/1602 1596/1715/1612
f 1596/1715/1612 1587/1706/1603 1597/1716/1613
f 1597/1716/1613 1588/1707/1604 1598/1717/1614
f 1589/1708/1605 1590/1709/1606 1599/1718/1615
f 1600/1719/1616 1591/1710/1607 1601/1720/1617
f 1601/1720/1617 1592/1711/1608 1602/1721/1618
f 1602/1721/1618 1593/1712/1609 1603/1722/1619
f 1603/1722/1619 1594/1713/1610 1604/1723/1620
f 1604/1723/1620 1595/1714/1611 1605/1724/1621
f 1605/1724/1621 1596/1715/1612 1606/1725/1622
f 1606/1725/1622 1597/1716/1613 1607/1726/1623
f 1607/1726/1623 1598/1717/1614 1608/1727/1624
f 1599/1718/1615 1600/1719/1616 1609/1728/1625
f 1610/1729/1626 1611/1730/1626 29/1731/1626
f 1612/1732/1626 1613/1733/1626 1611/1730/1626
f 1614/1734/1627 1615/1735/1627 1616/1736/1627
f 1616/1737/1628 1617/1738/1629 1618/1739/1630
f 1618/1740/1630 1619/1741/1631 1620/1742/1632
f 1620/1743/1632 1621/1744/1633 1622/1745/1634
f 1622/1745/1634 1623/1746/1635 1624/1747/1636
f 1624/1747/1636 1625/1748/1637 1626/1749/1638
f 1626/1749/1638 1627/1750/1639 1628/1751/1640
f 1628/1751/1640 1629/1752/1641 1630/1753/1642
f 1630/1753/1642 1631/1754/1643 1632/1755/1644
f 1632/1755/1644 1633/1756/1645 1634/1757/1646
f 1634/1757/1646 1635/1758/1647 1636/1759/1648
f 1636/1759/1648 1637/1760/1649 1638/1761/1650
f 1638/1761/1650 1639/1762/1651 1640/1763/1652
f 1639/1762/1651 1641/1764/1653 1640/1763/1652
f 1642/1765/1654 1643/1766/1655 1641/1764/1653
f 1644/1767/1656 1645/1768/1657 1643/1766/1655
f 1646/1769/1658 1647/1770/1659 1645/1768/1657
f 1648/1771/1660 1649/1772/1661 1647/1770/1659
f 1650/1773/1662 1651/1774/1663 1649/1772/1661
f 1652/1775/1664 1653/1776/1665 1651/1774/1663
f 1654/1777/1666 1655/1778/1667 1653/1776/1665
f 1656/1779/1668 1657/1780/1669 1655/1778/1667
f 1658/1781/1670 1659/1782/1671 1657/1780/1669
f 1660/1783/1672 1661/1784/1673 1659/1782/1671
f 1662/1785/1674 1663/1786/1675 1661/1784/1673
f 1664/1787/1676 1665/1788/1677 1663/1789/1675
f 1666/1790/1678 1667/1791/1679 1665/1788/1677
f 1668/1792/1680 1669/1793/1681 1667/1791/1679
f 1670/1794/1682 1671/1795/1683 1669/1793/1681
f 1672/1796/1684 1673/1797/1685 1671/1795/1683
f 1674/1798/1686 1675/1799/1687 1673/1797/1685
f 1676/1800/1688 1677/1801/1689 1675/1799/1687
f 1678/1802/1690 1679/1803/1691 1677/1801/1689
f 1680/1804/1692 1681/1805/1693 1679/1803/1691
f 1682/1806/1694 1683/1807/1695 1681/1805/1693
f 1684/1808/1696 1685/1809/1697 1683/1807/1695
f 1686/1810/1698 1687/1811/1699 1685/1809/1697
f 1688/1812/1700 1689/1813/1701 1687/1811/1699
f 1689/1813/1701 1690/1814/1702 1691/1815/1703
f 1691/1815/1703 1692/1816/1704 1693/1817/1705
f 1693/1817/1705 1694/1818/1706 1695/1819/1707
f 1695/1819/1707 1696/1820/1708 1697/1821/1709
f 1697/1821/1709 1698/1822/1710 1699/1823/1711
f 1699/1823/1711 1700/1824/1712 1701/1825/1713
f 1701/1825/1713 1702/1826/1714 1703/1827/1715
f 1703/1827/1715 1704/1828/1716 1705/1829/1717
f 1705/1829/1717 1706/1830/1718 1707/1831/1719
f 1707/1831/1719 1708/1832/1720 1709/1833/1721
f 1709/1833/1721 1710/1834/1722 1711/1835/1723
f 1711/1835/1723 1712/1836/1724 1713/1837/1725
f 1713/1837/1725 1714/1838/1726 1715/1839/1727
f 1715/1839/1727 1716/1840/1728 1717/1841/1729
f 1717/1841/1729 1718/1842/1730 1719/1843/1731
f 1719/1843/1731 1720/1844/1732 1721/1845/1733
f 1721/1845/1733 1722/1846/1734 1723/1847/1735
f 1723/1847/1735 1724/1848/1736 1725/1849/1737
f 1725/1849/1737 1726/1850/1738 1727/1851/1739
f 1727/1851/1739 1728/1852/1740 1729/1853/1741
f 1729/1853/1741 1730/1854/1742 1731/1855/1743
f 1730/1854/1742 1732/1856/1744 1731/1855/1743
f 1733/1857/1745 1734/1858/1746 1732/1856/1744
f 1735/1859/1747 1736/1860/1748 1734/1858/1746
f 1737/1861/1749 1738/1862/1750 1736/1860/1748
f 1739/1863/1751 1740/1864/1752 1738/1862/1750
f 1741/1865/1753 1742/1866/1754 1740/1864/1752
f 1743/1867/1755 1744/1868/1756 1742/1866/1754
f 1745/1869/1757 1746/1870/1758 1744/1868/1756
f 1747/1871/1759 1748/1872/1760 1746/1870/1758
f 1748/1872/1760 1749/1873/1761 1750/1874/1762
f 1750/1874/1762 1751/1875/1763 1752/1876/1764
f 1614/1877/1765 1753/1878/1766 1613/1879/1767
f 1616/1880/1768 1754/1881/1769 1753/1878/1766
f 1618/1882/1770 1755/1883/1771 1754/1881/1769
f 1620/1743/1632 1756/1884/1772 1755/1883/1771
f 1757/1885/1773 1758/1886/1774 1756/1884/1772
f 1759/1887/1775 1760/1888/1776 1758/1886/1774
f 1761/1889/1777 1762/1890/1778 1760/1888/1776
f 1763/1891/1779 1764/1892/1780 1762/1890/1778
f 1765/1893/1781 1766/1894/1782 1764/1892/1780
f 1767/1895/1783 1768/1896/1784 1766/1894/1782
f 1769/1897/1785 1770/1898/1786 1768/1896/1784
f 1771/1899/1787 1772/1900/1788 1770/1898/1786
f 1773/1901/1789 1774/1902/1790 1772/1900/1788
f 1774/1902/1790 1775/1903/1791 1776/1904/1792
f 1776/1904/1792 1777/1905/1793 1778/1906/1794
f 1778/1906/1794 1779/1907/1795 1780/1908/1796
f 1780/1908/1796 1781/1909/1797 1782/1910/1798
f 1782/1910/1798 1783/1911/1799 1784/1912/1800
f 1784/1912/1800 1785/1913/1801 1786/1914/1802
f 1786/1914/1802 1787/1915/1803 1788/1916/1804
f 1788/1916/1804 1789/1917/1805 1790/1918/1806
f 1790/1919/1806 1791/1920/1807 1792/1921/1808
f 1792/1921/1808 1793/1922/1809 1794/1923/1810
f 1794/1923/1810 1795/1924/1811 1796/1925/1812
f 1796/1925/1812 1797/1926/1813 1798/1927/1814
f 1798/1927/1814 1799/1928/1815 1800/1929/1816
f 1800/1929/1816 1801/1930/1817 1802/1931/1818
f 1802/1931/1818 1803/1932/1819 1804/1933/1820
f 1804/1933/1820 1805/1934/1821 1806/1935/1822
f 1806/1935/1822 1807/1936/1823 1808/1937/1824
f 1808/1937/1824 1809/1938/1825 1810/1939/1826
f 1810/1939/1826 1811/1940/1827 1812/1941/1828
f 1812/1941/1828 1813/1942/1829 1814/1943/1830
f 1814/1943/1830 1815/1944/1831 1816/1945/1832
f 1816/1945/1832 1817/1946/1833 1818/1947/1834
f 1818/1947/1834 1819/1948/1835 1820/1949/1836
f 1820/1949/1836 1821/1950/1837 1822/1951/1838
f 1822/1951/1838 1823/1952/1839 1824/1953/1840
f 1823/1952/1839 1825/1954/1841 1824/1953/1840
f 1826/1955/1842 1827/1956/1843 1825/1954/1841
f 1828/1957/1844 1829/1958/1845 1827/1956/1843
f 1830/1959/1846 1831/1960/1847 1829/1958/1845
f 1832/1961/1848 1833/1962/1849 1831/1960/1847
f 1834/1963/1850 1835/1964/1851 1833/1962/1849
f 1836/1965/1852 1837/1966/1853 1835/1964/1851
f 1838/1967/1854 1839/1968/1855 1837/1966/1853
f 1840/1969/1856 1841/1970/1857 1839/1968/1855
f 1842/1971/1858 1843/1972/1859 1841/1970/1857
f 1844/1973/1860 1845/1974/1861 1843/1972/1859
f 1846/1975/1862 1847/1976/1863 1845/1974/1861
f 1848/1977/1864 1849/1978/1865 1847/1976/1863
f 1850/1979/1866 1851/1980/1867 1849/1978/1865
f 1852/1981/1868 1853/1982/1869 1851/1980/1867
f 1854/1983/1870 1855/1984/1871 1853/1982/1869
f 1856/1985/1872 1857/1986/1873 1855/1984/1871
f 1858/1987/1874 1859/1988/1875 1857/1986/1873
f 1860/1989/1876 1861/1990/1877 1859/1988/1875
f 1862/1991/1878 1863/1992/1879 1861/1990/1877
f 1864/1993/1880 1865/1994/1881 1863/1992/1879
f 1865/1994/1881 1866/1995/1882 1867/1996/1883
f 1867/1996/1883 1868/1997/1884 1869/1998/1885
f 1869/1998/1885 1870/1999/1886 1871/2000/1887
f 1871/2000/1887 1872/2001/1888 1873/2002/1889
f 1873/2002/1889 1874/2003/1890 1875/2004/1891
f 1875/2004/1891 1876/2005/1892 1877/2006/1893
f 1877/2006/1893 1878/2007/1894 1879/2008/1895
f 1879/2008/1895 1880/2009/1896 1881/2010/1897
f 1881/2010/1897 1882/2011/1898 1883/2012/1899
f 1882/2011/1898 1884/2013/1900 1883/2012/1899
f 1885/2014/1901 1886/2015/1902 1884/2013/1900
f 1887/2016/1903 1888/2017/1903 806/2018/1903
f 1752/2019/1904 1889/2020/1904 1890/2021/1904
f 1889/2022/1904 1891/2023/1904 1886/2024/1904
f 1892/2025/1903 1888/2017/1903 1751/2026/1903
f 1893/2027/1905 1894/2028/1905 1895/2029/1905
f 1896/2030/1906 1891/2031/1906 1897/2032/1906
f 1898/2033/1907 1897/2034/1907 1894/2035/1907
f 1893/2036/1904 1896/2037/1904 1898/2038/1904
f 1895/2039/1626 1899/2040/1626 1893/2041/1626
f 1894/2042/1903 1891/2043/1903 1895/2044/1903
f 1900/2045/1905 1887/2046/1905 1901/2047/1905
f 1902/2048/1906 1903/2049/1906 1888/2050/1906
f 1904/2051/1907 1888/2052/1907 1887/2053/1907
f 1900/2054/1904 1902/2055/1904 1904/2056/1904
f 1901/2057/1626 1905/2058/1626 1900/2059/1626
f 1887/2016/1903 1903/2060/1903 1901/2061/1903
f 1906/2062/1908 1907/2063/1908 1908/2064/1908
f 1909/2065/1909 1910/2066/1909 1911/2067/1909
f 1911/2068/1905 1912/2069/1905 1906/2070/1905
f 1910/2071/1910 1907/2072/1910 1912/2073/1910
f 1913/2074/1906 1908/2075/1906 1907/2076/1906
f 1909/2077/1911 1906/2078/1911 1908/2079/1911
f 1914/2080/1908 1915/2081/1908 1916/2082/1908
f 1917/2083/1909 1918/2084/1909 1919/2085/1909
f 1919/2086/1905 1920/2087/1905 1914/2088/1905
f 1918/2089/1910 1915/2090/1910 1920/2091/1910
f 1921/2092/1906 1916/2093/1906 1915/2094/1906
f 1917/2095/1911 1914/2096/1911 1916/2097/1911
f 1922/2098/1912 1923/2099/1912 1924/2100/1912
f 1925/2101/1913 1926/2102/1913 1927/2103/1913
f 1927/2104/1905 1928/2105/1905 1922/2106/1905
f 1926/2107/1914 1923/2108/1914 1928/2109/1914
f 1923/2110/1906 1925/2111/1906 1924/2112/1906
f 1925/2113/1915 1922/2114/1915 1924/2115/1915
f 1929/2116/1912 1930/2117/1912 1931/2118/1912
f 1932/2119/1913 1933/2120/1913 1934/2121/1913
f 1934/2122/1905 1935/2123/1905 1929/2124/1905
f 1933/2125/1914 1930/2126/1914 1935/2127/1914
f 1930/2128/1906 1932/2129/1906 1931/2130/1906
f 1932/2131/1915 1929/2132/1915 1931/2133/1915
f 1936/2134/1916 1937/2135/1916 1938/2136/1916
f 1939/2137/1917 1940/2138/1917 1941/2139/1917
f 1936/2140/1905 1940/2141/1905 1942/2142/1905
f 1940/2143/1918 1937/2144/1918 1942/2145/1918
f 1943/2146/1906 1938/2147/1906 1937/2148/1906
f 1939/2149/1919 1936/2150/1919 1938/2151/1919
f 1944/2152/1916 1945/2153/1916 1946/2154/1916
f 1947/2155/1917 1948/2156/1917 1949/2157/1917
f 1944/2158/1905 1948/2159/1905 1950/2160/1905
f 1948/2161/1918 1945/2162/1918 1950/2163/1918
f 1951/2164/1906 1946/2165/1906 1945/2166/1906
f 1947/2167/1919 1944/2168/1919 1946/2169/1919
f 1952/2170/1920 1953/2171/1920 1954/2172/1920
f 1955/2173/1921 1956/2174/1921 1957/2175/1921
f 1957/2176/1905 1958/2177/1905 1952/2178/1905
f 1956/2179/1922 1953/2180/1922 1958/2181/1922
f 1959/2182/1906 1954/2183/1906 1953/2184/1906
f 1955/2185/1923 1952/2186/1923 1954/2187/1923
f 1960/2188/1920 1961/2189/1920 1962/2190/1920
f 1963/2191/1921 1964/2192/1921 1965/2193/1921
f 1965/2194/1905 1966/2195/1905 1960/2196/1905
f 1964/2197/1922 1961/2198/1922 1966/2199/1922
f 1967/2200/1906 1962/2201/1906 1961/2202/1906
f 1963/2203/1923 1960/2204/1923 1962/2205/1923
f 1968/2206/1904 1969/2207/1904 1970/2208/1904
f 1971/2209/1903 1972/2210/1903 1973/2211/1903
f 1973/2212/1905 1974/2213/1905 1968/2214/1905
f 1972/2215/1626 1969/2216/1626 1974/2217/1626
f 1975/2218/1906 1970/2219/1906 1969/2220/1906
f 1971/2221/1907 1968/2222/1907 1970/2223/1907
f 1976/2224/1904 1977/2225/1904 1978/2226/1904
f 1979/2227/1903 1980/2228/1903 1981/2229/1903
f 1981/2230/1905 1982/2231/1905 1976/2232/1905
f 1980/2233/1626 1977/2234/1626 1982/2235/1626
f 1983/2236/1906 1978/2237/1906 1977/2238/1906
f 1979/2239/1907 1976/2240/1907 1978/2241/1907
f 1984/2242/1904 1985/2243/1904 1986/2244/1904
f 1987/2245/1903 1988/2246/1903 1989/2247/1903
f 1989/2248/1905 1990/2249/1905 1984/2250/1905
f 1988/2251/1626 1985/2252/1626 1990/2253/1626
f 1991/2254/1906 1986/2255/1906 1985/2256/1906
f 1987/2257/1907 1984/2258/1907 1986/2259/1907
f 1992/2260/1904 1993/2261/1904 1994/2262/1904
f 1995/2263/1903 1996/2264/1903 1997/2265/1903
f 1997/2266/1905 1998/2267/1905 1992/2268/1905
f 1996/2269/1626 1993/2270/1626 1998/2271/1626
f 1999/2272/1906 1994/2273/1906 1993/2274/1906
f 1995/2275/1907 1992/2276/1907 1994/2277/1907
f 2000/2278/1903 2001/2279/1903 2002/2280/1903
f 2003/2281/1904 2004/2282/1904 2005/2283/1904
f 2005/2284/1905 2006/2285/1905 2000/2286/1905
f 2004/2287/1907 2001/2288/1907 2006/2289/1907
f 2007/2290/1906 2002/2291/1906 2001/2292/1906
f 2003/2293/1626 2000/2294/1626 2002/2295/1626
f 2008/2296/1903 2009/2297/1903 2010/2298/1903
f 2011/2299/1904 2012/2300/1904 2013/2301/1904
f 2013/2302/1905 2014/2303/1905 2008/2304/1905
f 2012/2305/1907 2009/2306/1907 2014/2307/1907
f 2015/2308/1906 2010/2309/1906 2009/2310/1906
f 2011/2311/1626 2008/2312/1626 2010/2313/1626
f 2016/2314/1903 2010/2315/1903 2001/2316/1903
f 2007/2317/1904 2017/2318/1904 2018/2319/1904
f 2018/2320/1905 2019/2321/1905 2016/2322/1905
f 2017/2323/1907 2010/2324/1907 2019/2325/1907
f 2011/2326/1906 2001/2292/1906 2010/2309/1906
f 2007/2327/1626 2016/2328/1626 2001/2329/1626
f 2020/2330/1905 2021/2331/1905 2022/2332/1905
f 2023/2333/1906 2024/2334/1906 2025/2335/1906
f 2026/2336/1907 2025/2337/1907 2021/2338/1907
f 2020/2339/1904 2023/2340/1904 2026/2341/1904
f 2022/2342/1626 2027/2343/1626 2020/2344/1626
f 2021/2345/1903 2024/2346/1903 2022/2347/1903
f 2028/2348/1924 2029/2349/1925 2030/2350/1926
f 2029/2351/1925 2031/2352/1927 2030/2353/1926
f 2032/2354/1928 2033/2355/1929 2031/2352/1927
f 2033/2356/1929 2034/2357/1930 2035/2358/1931
f 2034/2357/1930 2036/2359/1932 2035/2358/1931
f 2037/2360/1933 2038/2361/1934 2036/2362/1932
f 2038/2361/1934 2039/2363/1935 2040/2364/1936
f 2040/2364/1936 2041/2365/1937 2042/2366/1938
f 2041/2367/1937 2028/2348/1924 2042/2368/1938
f 2043/2369/1939 2029/2370/1925 2044/2371/1940
f 2029/2351/1925 2045/2372/1941 2032/2354/1928
f 2032/2354/1928 2046/2373/1942 2047/2374/1943
f 2046/2375/1942 2034/2357/1930 2047/2376/1943
f 2048/2377/1944 2037/2378/1933 2034/2357/1930
f 2037/2360/1933 2049/2379/1945 2050/2380/1946
f 2049/2379/1945 2039/2363/1935 2050/2380/1946
f 2051/2381/1947 2041/2365/1937 2039/2363/1935
f 2052/2382/1948 2044/2383/1940 2041/2367/1937
f 2053/2384/1949 2054/2385/1950 2043/2369/1939
f 2055/2386/1951 2045/2372/1941 2054/2387/1950
f 2056/2388/1952 2046/2373/1942 2045/2372/1941
f 2046/2375/1942 2057/2389/1953 2048/2377/1944
f 2057/2390/1953 2058/2391/1954 2048/2392/1944
f 2059/2393/1955 2049/2379/1945 2058/2394/1954
f 2049/2379/1945 2060/2395/1956 2051/2381/1947
f 2051/2381/1947 2061/2396/1957 2052/2397/1948
f 2052/2398/1948 2053/2384/1949 2043/2369/1939
f 2062/2399/1958 2055/2400/1951 2053/2384/1949
f 2055/2386/1951 2063/2401/1959 2056/2388/1952
f 2063/2401/1959 2064/2402/1960 2056/2388/1952
f 2065/2403/1961 2057/2390/1953 2064/2404/1960
f 2066/2405/1962 2059/2406/1955 2057/2390/1953
f 2059/2393/1955 2067/2407/1963 2068/2408/1964
f 2068/2408/1964 2069/2409/1965 2060/2395/1956
f 2069/2409/1965 2061/2396/1957 2060/2395/1956
f 2061/2410/1957 2062/2399/1958 2053/2384/1949
f 2070/2411/1966 2071/2412/1967 2072/2413/1968
f 2073/2414/1969 2074/2415/1970 2071/2416/1967
f 2075/2417/1971 2076/2418/1972 2074/2415/1970
f 2077/2419/1973 2078/2420/1974 2076/2418/1972
f 2079/2421/1975 2080/2422/1976 2078/2423/1974
f 2080/2422/1976 2081/2424/1977 2082/2425/1978
f 2082/2426/1978 2083/2427/1979 2084/2428/1980
f 2084/2428/1980 2085/2429/1981 2086/2430/1982
f 2086/2431/1982 2070/2411/1966 2072/2413/1968
f 2070/2411/1966 2087/2432/1983 2073/2433/1969
f 2073/2414/1969 2088/2434/1984 2075/2417/1971
f 2075/2417/1971 2089/2435/1985 2077/2419/1973
f 2077/2419/1973 2090/2436/1986 2079/2437/1975
f 2090/2438/1986 2091/2439/1987 2079/2421/1975
f 2092/2440/1988 2081/2441/1977 2091/2442/1987
f 2093/2443/1989 2083/2427/1979 2081/2444/1977
f 2094/2445/1990 2085/2429/1981 2083/2427/1979
f 2095/2446/1991 2070/2411/1966 2085/2447/1981
f 2096/2448/1992 2087/2449/1983 2097/2450/1993
f 2098/2451/1994 2088/2434/1984 2087/2452/1983
f 2099/2453/1995 2089/2435/1985 2088/2434/1984
f 2100/2454/1996 2090/2436/1986 2089/2435/1985
f 2101/2455/1997 2092/2440/1988 2090/2456/1986
f 2092/2440/1988 2102/2457/1998 2093/2458/1989
f 2093/2443/1989 2103/2459/1999 2094/2445/1990
f 2094/2445/1990 2104/2460/2000 2095/2461/1991
f 2095/2462/1991 2096/2448/1992 2097/2450/1993
f 2105/2463/2001 2098/2464/1994 2096/2448/1992
f 2098/2451/1994 2106/2465/2002 2099/2453/1995
f 2099/2453/1995 2107/2466/2003 2100/2454/1996
f 2100/2454/1996 2108/2467/2004 2101/2468/1997
f 2108/2469/2004 2109/2470/2005 2101/2455/1997
f 2110/2471/2006 2102/2457/1998 2109/2470/2005
f 2111/2472/2007 2103/2459/1999 2102/2473/1998
f 2112/2474/2008 2104/2460/2000 2103/2459/1999
f 2104/2475/2000 2105/2463/2001 2096/2448/1992
f 2113/2476/2009 2114/2477/2010 2115/2478/2011
f 2114/2479/2010 2116/2480/2012 2115/2481/2011
f 2117/2482/2013 2118/2483/2014 2116/2480/2012
f 2119/2484/2015 2120/2485/2016 2118/2483/2014
f 2121/2486/2017 2122/2487/2018 2120/2488/2016
f 2122/2487/2018 2123/2489/2019 2124/2490/2020
f 2124/2491/2020 2125/2492/2021 2126/2493/2022
f 2126/2493/2022 2127/2494/2023 2128/2495/2024
f 2127/2496/2023 2113/2476/2009 2128/2497/2024
f 2129/2498/2025 2130/2499/2026 2114/2477/2010
f 2114/2479/2010 2131/2500/2027 2117/2482/2013
f 2117/2482/2013 2132/2501/2028 2119/2484/2015
f 2119/2484/2015 2133/2502/2029 2121/2503/2017
f 2133/2504/2029 2134/2505/2030 2121/2486/2017
f 2135/2506/2031 2123/2507/2019 2134/2508/2030
f 2136/2509/2032 2125/2492/2021 2123/2507/2019
f 2137/2510/2033 2127/2494/2023 2125/2492/2021
f 2138/2511/2034 2129/2498/2025 2127/2496/2023
f 2139/2512/2035 2130/2513/2026 2140/2514/2036
f 2141/2515/2037 2131/2500/2027 2130/2516/2026
f 2142/2517/2038 2132/2501/2028 2131/2500/2027
f 2143/2518/2039 2133/2502/2029 2132/2501/2028
f 2144/2519/2040 2135/2520/2031 2133/2521/2029
f 2135/2506/2031 2145/2522/2041 2136/2509/2032
f 2136/2509/2032 2146/2523/2042 2137/2510/2033
f 2137/2510/2033 2147/2524/2043 2138/2525/2034
f 2138/2526/2034 2139/2512/2035 2140/2514/2036
f 2139/2512/2035 2148/2527/2044 2141/2528/2037
f 2141/2515/2037 2149/2529/2045 2142/2517/2038
f 2142/2517/2038 2150/2530/2046 2143/2518/2039
f 2143/2518/2039 2151/2531/2047 2144/2532/2040
f 2151/2533/2047 2152/2534/2048 2144/2519/2040
f 2153/2535/2049 2145/2522/2041 2152/2536/2048
f 2154/2537/2050 2146/2523/2042 2145/2522/2041
f 2155/2538/2051 2147/2524/2043 2146/2523/2042
f 2156/2539/2052 2139/2512/2035 2147/2540/2043
f 2157/2541/2053 2158/2542/2054 2159/2543/2055
f 2158/2544/2054 2160/2545/2056 2159/2546/2055
f 2160/2545/2056 2161/2547/2057 2162/2548/2058
f 2162/2549/2058 2163/2550/2059 2164/2551/2060
f 2163/2550/2059 2165/2552/2061 2164/2551/2060
f 2166/2553/2062 2167/2554/2063 2165/2555/2061
f 2168/2556/2064 2169/2557/2065 2167/2554/2063
f 2169/2557/2065 2170/2558/2066 2171/2559/2067
f 2170/2560/2066 2157/2541/2053 2171/2561/2067
f 2172/2562/2068 2173/2563/2069 2158/2542/2054
f 2158/2544/2054 2174/2564/2070 2175/2565/2071
f 2175/2565/2071 2176/2566/2072 2161/2547/2057
f 2176/2567/2072 2163/2550/2059 2161/2568/2057
f 2177/2569/2073 2166/2570/2062 2163/2550/2059
f 2166/2553/2062 2178/2571/2074 2168/2556/2064
f 2178/2571/2074 2179/2572/2075 2168/2556/2064
f 2180/2573/2076 2170/2558/2066 2179/2572/2075
f 2181/2574/2077 2172/2575/2068 2170/2576/2066
f 2182/2577/2078 2173/2578/2069 2183/2579/2079
f 2184/2580/2080 2174/2564/2070 2173/2581/2069
f 2185/2582/2081 2176/2566/2072 2174/2564/2070
f 2176/2583/2072 2186/2584/2082 2177/2585/2073
f 2186/2584/2082 2187/2586/2083 2177/2585/2073
f 2188/2587/2084 2178/2571/2074 2187/2588/2083
f 2178/2571/2074 2189/2589/2085 2180/2573/2076
f 2180/2573/2076 2190/2590/2086 2181/2591/2077
f 2190/2592/2086 2183/2579/2079 2181/2574/2077
f 2191/2593/2087 2184/2594/2080 2182/2577/2078
f 2184/2580/2080 2192/2595/2088 2185/2582/2081
f 2185/2582/2081 2193/2596/2089 2194/2597/2090
f 2193/2598/2089 2186/2584/2082 2194/2599/2090
f 2195/2600/2091 2188/2601/2084 2186/2584/2082
f 2188/2587/2084 2196/2602/2092 2197/2603/2093
f 2196/2602/2092 2189/2589/2085 2197/2603/2093
f 2198/2604/2094 2190/2590/2086 2189/2589/2085
f 2190/2592/2086 2191/2593/2087 2182/2577/2078
f 2199/2605/1905 2200/2606/1905 2201/2607/1905
f 2202/2608/1906 2203/2609/1906 2204/2610/1906
f 2205/2611/1907 2204/2612/1907 2200/2613/1907
f 2199/2614/1904 2202/2615/1904 2205/2616/1904
f 2201/2617/1626 2206/2618/1626 2199/2619/1626
f 2200/2620/1903 2203/2621/1903 2201/2622/1903
f 2207/2623/1905 2208/2624/1905 2209/2625/1905
f 2210/2626/1906 2211/2627/1906 2212/2628/1906
f 2213/2629/1907 2212/2630/1907 2208/2631/1907
f 2207/2632/1904 2210/2633/1904 2213/2634/1904
f 2209/2635/1626 2214/2636/1626 2207/2637/1626
f 2208/2638/1903 2211/2639/1903 2209/2640/1903
f 2215/2641/1905 2216/2642/1905 2217/2643/1905
f 2218/2644/1906 2219/2645/1906 2220/2646/1906
f 2221/2647/1907 2220/2648/1907 2216/2649/1907
f 2215/2650/1904 2218/2651/1904 2221/2652/1904
f 2217/2653/1626 2222/2654/1626 2215/2655/1626
f 2216/2656/1903 2219/2657/1903 2217/2658/1903
f 2223/2659/1905 2224/2660/1905 2225/2661/1905
f 2226/2662/1906 2227/2663/1906 2228/2664/1906
f 2229/2665/1907 2228/2666/1907 2224/2667/1907
f 2223/2668/1904 2226/2669/1904 2229/2670/1904
f 2225/2671/1626 2230/2672/1626 2223/2673/1626
f 2224/2674/1903 2227/2675/1903 2225/2676/1903
f 2231/2677/1905 2232/2678/1905 2233/2679/1905
f 2234/2680/1906 2235/2681/1906 2236/2682/1906
f 2237/2683/1908 2234/2684/1908 2232/2685/1908
f 2231/2686/1903 2238/2687/1903 2237/2688/1903
f 2233/2689/1909 2235/2690/1909 2231/2691/1909
f 2232/2692/1904 2236/2693/1904 2233/2694/1904
f 2239/2695/1905 2240/2696/1905 2241/2697/1905
f 2242/2698/1906 2243/2699/1906 2244/2700/1906
f 2240/2701/1921 2244/2702/1921 2241/2703/1921
f 2245/2704/1903 2242/2705/1903 2240/2706/1903
f 2239/2707/1920 2246/2708/1920 2245/2709/1920
f 2241/2710/1904 2243/2711/1904 2239/2712/1904
f 2247/2713/1905 2248/2714/1905 2249/2715/1905
f 2250/2716/1906 2251/2717/1906 2252/2718/1906
f 2253/2719/1908 2250/2720/1908 2248/2721/1908
f 2247/2722/1903 2254/2723/1903 2253/2724/1903
f 2249/2725/1909 2251/2726/1909 2247/2727/1909
f 2248/2728/1904 2252/2729/1904 2249/2730/1904
f 2255/2731/1905 2256/2732/1905 2257/2733/1905
f 2258/2734/1906 2259/2735/1906 2260/2736/1906
f 2256/2737/1921 2260/2738/1921 2257/2739/1921
f 2261/2740/1903 2258/2741/1903 2256/2742/1903
f 2255/2743/1920 2262/2744/1920 2261/2745/1920
f 2257/2746/1904 2259/2747/1904 2255/2748/1904
f 2263/2749/1905 2264/2750/1905 2265/2751/1905
f 2266/2752/1906 2267/2753/1906 2268/2754/1906
f 2269/2755/1912 2266/2756/1912 2264/2757/1912
f 2263/2758/1903 2270/2759/1903 2269/2760/1903
f 2265/2761/1913 2267/2762/1913 2263/2763/1913
f 2264/2764/1904 2268/2765/1904 2265/2766/1904
f 2271/2767/1905 2272/2768/1905 2273/2769/1905
f 2274/2770/1906 2275/2771/1906 2276/2772/1906
f 2272/2773/1917 2276/2774/1917 2273/2775/1917
f 2277/2776/1903 2274/2777/1903 2272/2778/1903
f 2271/2779/1916 2278/2780/1916 2277/2781/1916
f 2273/2782/1904 2275/2783/1904 2271/2784/1904
f 2279/2785/1905 2280/2786/1905 2281/2787/1905
f 2282/2788/1906 2283/2789/1906 2284/2790/1906
f 2285/2791/1912 2282/2792/1912 2280/2793/1912
f 2279/2794/1903 2286/2795/1903 2285/2796/1903
f 2281/2797/1913 2283/2798/1913 2279/2799/1913
f 2280/2800/1904 2284/2801/1904 2281/2802/1904
f 2287/2803/1905 2288/2804/1905 2289/2805/1905
f 2290/2806/1906 2291/2807/1906 2292/2808/1906
f 2288/2809/1917 2292/2810/1917 2289/2811/1917
f 2293/2812/1903 2290/2813/1903 2288/2814/1903
f 2287/2815/1916 2294/2816/1916 2293/2817/1916
f 2289/2818/1904 2291/2819/1904 2287/2820/1904
f 2295/2821/1905 2296/2822/1905 2297/2823/1905
f 2298/2824/1906 2299/2825/1906 2300/2826/1906
f 2301/2827/1912 2298/2828/1912 2296/2829/1912
f 2295/2830/1903 2302/2831/1903 2301/2832/1903
f 2297/2833/1913 2299/2834/1913 2295/2835/1913
f 2296/2836/1904 2300/2837/1904 2297/2838/1904
f 2303/2839/1905 2304/2840/1905 2305/2841/1905
f 2306/2842/1906 2307/2843/1906 2308/2844/1906
f 2304/2845/1917 2308/2846/1917 2305/2847/1917
f 2309/2848/1903 2306/2849/1903 2304/2850/1903
f 2303/2851/1916 2310/2852/1916 2309/2853/1916
f 2305/2854/1904 2307/2855/1904 2303/2856/1904
f 2311/2857/1905 2312/2858/1905 2313/2859/1905
f 2314/2860/1906 2315/2861/1906 2316/2862/1906
f 2317/2863/1912 2314/2864/1912 2312/2865/1912
f 2311/2866/1903 2318/2867/1903 2317/2868/1903
f 2313/2869/1913 2315/2870/1913 2311/2871/1913
f 2312/2872/1904 2316/2873/1904 2313/2874/1904
f 2319/2875/1905 2320/2876/1905 2321/2877/1905
f 2322/2878/1906 2323/2879/1906 2324/2880/1906
f 2320/2881/1917 2324/2882/1917 2321/2883/1917
f 2325/2884/1903 2322/2885/1903 2320/2886/1903
f 2319/2887/1916 2326/2888/1916 2325/2889/1916
f 2321/2890/1904 2323/2891/1904 2319/2892/1904
f 2327/2893/1905 2328/2894/1905 2329/2895/1905
f 2330/2896/1906 2331/2897/1906 2332/2898/1906
f 2333/2899/1912 2330/2900/1912 2328/2901/1912
f 2327/2902/1903 2334/2903/1903 2333/2904/1903
f 2329/2905/1913 2331/2906/1913 2327/2907/1913
f 2328/2908/1904 2332/2909/1904 2329/2910/1904
f 2335/2911/1905 2336/2912/1905 2337/2913/1905
f 2338/2914/1906 2339/2915/1906 2340/2916/1906
f 2336/2917/1917 2340/2918/1917 2337/2919/1917
f 2341/2920/1903 2338/2921/1903 2336/2922/1903
f 2335/2923/1916 2342/2924/1916 2341/2925/1916
f 2337/2926/1904 2339/2927/1904 2335/2928/1904
f 2343/2929/1905 2344/2930/1905 2345/2931/1905
f 2346/2932/1906 2347/2933/1906 2348/2934/1906
f 2349/2935/1904 2348/2936/1904 2344/2937/1904
f 2343/2938/2095 2346/2939/2095 2349/2940/2095
f 2345/2941/1903 2350/2942/1903 2343/2943/1903
f 2344/2944/2096 2347/2945/2096 2345/2946/2096
f 2351/2947/1905 2352/2948/1905 2353/2949/1905
f 2354/2950/1906 2355/2951/1906 2356/2952/1906
f 2357/2953/1907 2356/2954/1907 2352/2955/1907
f 2351/2956/1904 2354/2957/1904 2357/2958/1904
f 2353/2959/1626 2358/2960/1626 2351/2961/1626
f 2352/2962/1903 2355/2963/1903 2353/2964/1903
f 2359/2965/1905 2360/2966/1905 2361/2967/1905
f 2362/2968/1906 2363/2969/1906 2364/2970/1906
f 2365/2971/1907 2364/2972/1907 2360/2973/1907
f 2359/2974/1904 2362/2975/1904 2365/2976/1904
f 2361/2977/1626 2366/2978/1626 2359/2979/1626
f 2360/2980/1903 2363/2981/1903 2361/2982/1903
f 2367/2983/1905 2368/2984/1905 2369/2985/1905
f 2370/2986/1906 2371/2987/1906 2372/2988/1906
f 2373/2989/1907 2372/2990/1907 2368/2991/1907
f 2367/2992/1904 2370/2993/1904 2373/2994/1904
f 2369/2995/1626 2374/2996/1626 2367/2997/1626
f 2368/2998/1903 2371/2999/1903 2369/3000/1903
f 2375/3001/1905 2376/3002/1905 2377/3003/1905
f 2378/3004/1906 2379/3005/1906 2380/3006/1906
f 2381/3007/1907 2380/3008/1907 2376/3009/1907
f 2375/3010/1904 2378/3011/1904 2381/3012/1904
f 2377/3013/1626 2382/3014/1626 2375/3015/1626
f 2376/3016/1903 2379/3017/1903 2377/3018/1903
f 2383/3019/2097 2384/3020/2097 2385/3021/2097
f 2386/3022/2098 2387/3023/2098 2388/3024/2098
f 2388/3025/1905 2389/3026/1905 2383/3027/1905
f 2387/3028/2099 2384/3029/2099 2389/3030/2099
f 2390/3031/1906 2385/3032/1906 2384/3033/1906
f 2385/3034/2100 2388/3035/2100 2383/3036/2100
f 2384/3029/2101 2391/3037/2101 2392/3038/2101
f 2393/3039/2102 2394/3040/2102 2395/3041/2102
f 2389/3042/1905 2394/3043/1905 2391/3044/1905
f 2394/3045/1903 2392/3046/1903 2391/3047/1903
f 2396/3048/1906 2384/3049/1906 2392/3050/1906
f 2393/3051/2097 2389/3052/2097 2384/3020/2097
f 2385/3034/2103 2397/3053/2103 2383/3036/2103
f 2398/3054/2104 2399/3055/2104 2400/3056/2104
f 2383/3057/1905 2398/3058/1905 2400/3059/1905
f 2401/3060/1903 2398/3061/1903 2397/3062/1903
f 2385/3063/1906 2402/3064/1906 2401/3065/1906
f 2383/3019/2097 2399/3066/2097 2385/3021/2097
f 2403/3067/2097 2404/3068/2097 2405/3069/2097
f 2406/3070/2098 2407/3071/2098 2408/3072/2098
f 2408/3073/1905 2409/3074/1905 2403/3075/1905
f 2407/3076/2099 2404/3077/2099 2409/3078/2099
f 2410/3079/1906 2405/3080/1906 2404/3081/1906
f 2405/3082/2100 2408/3083/2100 2403/3084/2100
f 2404/3077/2101 2411/3085/2101 2412/3086/2101
f 2413/3087/2102 2414/3088/2102 2415/3089/2102
f 2409/3090/1905 2414/3091/1905 2411/3092/1905
f 2414/3093/1903 2412/3094/1903 2411/3095/1903
f 2416/3096/1906 2404/3097/1906 2412/3098/1906
f 2413/3099/2097 2409/3100/2097 2404/3068/2097
f 2405/3082/2103 2417/3101/2103 2403/3084/2103
f 2418/3102/2104 2419/3103/2104 2420/3104/2104
f 2403/3105/1905 2418/3106/1905 2420/3107/1905
f 2421/3108/1903 2418/3109/1903 2417/3110/1903
f 2405/3111/1906 2422/3112/1906 2421/3113/1906
f 2403/3067/2097 2419/3114/2097 2405/3069/2097
f 2391/3115/1903 2423/3116/1903 2412/3117/1903
f 2424/3118/1904 2425/3119/1904 2426/3120/1904
f 2426/3121/1905 2427/3122/1905 2391/3123/1905
f 2425/3124/1907 2423/3125/1907 2427/3126/1907
f 2428/3127/1906 2412/3128/1906 2423/3129/1906
f 2424/3130/1626 2391/3131/1626 2412/3132/1626
f 2429/3133/1903 2421/3134/1903 2430/3135/1903
f 2431/3136/1904 2432/3137/1904 2433/3138/1904
f 2433/3139/1905 2397/3140/1905 2429/3141/1905
f 2432/3142/1907 2421/3143/1907 2397/3144/1907
f 2434/3145/1906 2430/3146/1906 2421/3147/1906
f 2431/3148/1626 2429/3149/1626 2430/3150/1626
f 2435/3151/1903 2430/3152/1903 2423/3153/1903
f 2428/3154/1904 2436/3155/1904 2437/3156/1904
f 2437/3157/1905 2438/3158/1905 2435/3159/1905
f 2436/3160/1907 2430/3161/1907 2438/3162/1907
f 2431/3163/1906 2423/3129/1906 2430/3146/1906
f 2428/3164/1626 2435/3165/1626 2423/3166/1626
f 2439/3167/1905 2440/3168/1905 2441/3169/1905
f 2442/3170/1906 2443/3171/1906 2444/3172/1906
f 2445/3173/1904 2444/3174/1904 2440/3175/1904
f 2439/3176/2105 2442/3177/2105 2445/3178/2105
f 2441/3179/1903 2446/3180/1903 2439/3181/1903
f 2440/3182/2106 2443/3183/2106 2441/3184/2106
f 2447/3185/1905 2448/3186/1905 2449/3187/1905
f 2450/3188/1906 2451/3189/1906 2452/3190/1906
f 2453/3191/2101 2450/3192/2101 2448/3193/2101
f 2447/3194/1903 2454/3195/1903 2453/3196/1903
f 2449/3197/2102 2451/3198/2102 2447/3199/2102
f 2448/3200/1904 2452/3201/1904 2449/3202/1904
f 2455/3203/1905 2456/3204/1905 2457/3205/1905
f 2458/3206/1906 2459/3207/1906 2460/3208/1906
f 2456/3209/2104 2460/3210/2104 2457/3211/2104
f 2461/3212/1903 2458/3213/1903 2456/3214/1903
f 2455/3215/2103 2462/3216/2103 2461/3217/2103
f 2457/3218/1904 2459/3219/1904 2455/3220/1904
f 2463/3221/1905 2464/3222/1905 2465/3223/1905
f 2466/3224/1906 2467/3225/1906 2468/3226/1906
f 2469/3227/2101 2466/3228/2101 2464/3229/2101
f 2463/3230/1903 2470/3231/1903 2469/3232/1903
f 2465/3233/2102 2467/3234/2102 2463/3235/2102
f 2464/3236/1904 2468/3237/1904 2465/3238/1904
f 2471/3239/1905 2472/3240/1905 2473/3241/1905
f 2474/3242/1906 2475/3243/1906 2476/3244/1906
f 2472/3245/2104 2476/3246/2104 2473/3247/2104
f 2477/3248/1903 2474/3249/1903 2472/3250/1903
f 2471/3251/2103 2478/3252/2103 2477/3253/2103
f 2473/3254/1904 2475/3255/1904 2471/3256/1904
f 2479/3257/1905 2480/3258/1905 2481/3259/1905
f 2482/3260/1906 2483/3261/1906 2484/3262/1906
f 2485/3263/2101 2482/3264/2101 2480/3265/2101
f 2479/3266/1903 2486/3267/1903 2485/3268/1903
f 2481/3269/2102 2483/3270/2102 2479/3271/2102
f 2480/3272/1904 2484/3273/1904 2481/3274/1904
f 2487/3275/1905 2488/3276/1905 2489/3277/1905
f 2490/3278/1906 2491/3279/1906 2492/3280/1906
f 2488/3281/2104 2492/3282/2104 2489/3283/2104
f 2493/3284/1903 2490/3285/1903 2488/3286/1903
f 2487/3287/2103 2494/3288/2103 2493/3289/2103
f 2489/3290/1904 2491/3291/1904 2487/3292/1904
f 2495/3293/1905 2496/3294/1905 2497/3295/1905
f 2498/3296/1906 2499/3297/1906 2500/3298/1906
f 2501/3299/2101 2498/3300/2101 2496/3301/2101
f 2495/3302/1903 2502/3303/1903 2501/3304/1903
f 2497/3305/2102 2499/3306/2102 2495/3307/2102
f 2496/3308/1904 2500/3309/1904 2497/3310/1904
f 2503/3311/1905 2504/3312/1905 2505/3313/1905
f 2506/3314/1906 2507/3315/1906 2508/3316/1906
f 2504/3317/2104 2508/3318/2104 2505/3319/2104
f 2509/3320/1903 2506/3321/1903 2504/3322/1903
f 2503/3323/2103 2510/3324/2103 2509/3325/2103
f 2505/3326/1904 2507/3327/1904 2503/3328/1904
f 2511/3329/1905 2512/3330/1905 2513/3331/1905
f 2514/3332/1906 2515/3333/1906 2516/3334/1906
f 2517/3335/1907 2516/3336/1907 2512/3337/1907
f 2511/3338/1904 2514/3339/1904 2517/3340/1904
f 2513/3341/1626 2518/3342/1626 2511/3343/1626
f 2512/3344/1903 2515/3345/1903 2513/3346/1903
f 2519/3347/2107 2520/3348/1626 2521/3349/1626
f 2522/3350/2108 2523/3351/2107 2519/3347/2107
f 2522/3352/2108 2524/3353/2109 2525/3354/2108
f 2526/3355/2110 2524/3353/2109 2527/3356/2109
f 2528/3357/2111 2529/3358/2112 2526/3355/2110
f 2528/3359/2111 2530/3360/2113 2531/3361/2111
f 2532/3362/2113 2533/3363/1907 2530/3360/2113
f 2534/3364/1907 2535/3365/2114 2533/3363/1907
f 2536/3366/2115 2537/3367/2116 2535/3365/2114
f 2538/3368/2117 2537/3369/2116 2539/3370/2116
f 2540/3371/2118 2541/3372/2117 2538/3368/2117
f 2540/3371/2118 2542/3373/2119 2543/3374/2118
f 2544/3375/2120 2542/3376/2119 2545/3377/2119
f 2521/3349/1626 2546/3378/2121 2544/3375/2120
f 2526/3379/2122 2522/3380/2122 2538/3381/2122
f 2546/3382/2123 2524/3383/2123 2533/3384/2123
f 2547/3385/2107 2548/3386/1626 2549/3387/1626
f 2550/3388/2108 2551/3389/2107 2547/3385/2107
f 2550/3390/2108 2552/3391/2109 2553/3392/2108
f 2554/3393/2110 2552/3391/2109 2555/3394/2109
f 2556/3395/2111 2557/3396/2112 2554/3393/2110
f 2556/3397/2111 2558/3398/2113 2559/3399/2111
f 2560/3400/2113 2561/3401/1907 2558/3398/2113
f 2562/3402/1907 2563/3403/2114 2561/3401/1907
f 2564/3404/2115 2565/3405/2116 2563/3403/2114
f 2566/3406/2117 2565/3407/2116 2567/3408/2124
f 2568/3409/2118 2569/3410/2117 2566/3406/2117
f 2568/3409/2118 2570/3411/2119 2571/3412/2118
f 2572/3413/2120 2570/3414/2119 2573/3415/2119
f 2549/3387/1626 2574/3416/2121 2572/3413/2120
f 2566/3417/2122 2560/3418/2122 2550/3419/2122
f 2559/3420/2123 2561/3421/2123 2571/3422/2123
f 2575/3423/2107 2576/3424/1626 2577/3425/1626
f 2578/3426/2108 2579/3427/2107 2575/3423/2107
f 2578/3428/2108 2580/3429/2109 2581/3430/2108
f 2582/3431/2110 2580/3429/2109 2583/3432/2109
f 2584/3433/2111 2585/3434/2112 2582/3431/2110
f 2584/3435/2111 2586/3436/2113 2587/3437/2111
f 2588/3438/2113 2589/3439/1907 2586/3436/2113
f 2590/3440/1907 2591/3441/2114 2589/3439/1907
f 2592/3442/2115 2593/3443/2116 2591/3441/2114
f 2594/3444/2117 2593/3445/2116 2595/3446/2116
f 2596/3447/2118 2597/3448/2117 2594/3444/2117
f 2596/3447/2118 2598/3449/2119 2599/3450/2118
f 2600/3451/2120 2598/3452/2119 2601/3453/2119
f 2577/3425/1626 2602/3454/2121 2600/3451/2120
f 2594/3455/2122 2588/3456/2122 2578/3457/2122
f 2587/3458/2123 2589/3459/2123 2599/3460/2123
f 2603/3461/2107 2604/3462/1626 2605/3463/1626
f 2606/3464/2108 2607/3465/2107 2603/3461/2107
f 2606/3466/2108 2608/3467/2109 2609/3468/2108
f 2610/3469/2110 2608/3467/2109 2611/3470/2109
f 2612/3471/2111 2613/3472/2112 2610/3469/2110
f 2612/3473/2111 2614/3474/2113 2615/3475/2111
f 2616/3476/2113 2617/3477/1907 2614/3474/2113
f 2618/3478/1907 2619/3479/2114 2617/3477/1907
f 2620/3480/2115 2621/3481/2116 2619/3479/2114
f 2622/3482/2117 2621/3483/2116 2623/3484/2124
f 2624/3485/2118 2625/3486/2117 2622/3482/2117
f 2624/3485/2118 2626/3487/2119 2627/3488/2118
f 2628/3489/2120 2626/3490/2119 2629/3491/2125
f 2605/3463/1626 2630/3492/2121 2628/3489/2120
f 2620/3493/2122 2616/3494/2122 2606/3495/2122
f 2630/3496/2123 2608/3497/2123 2617/3498/2123
f 2631/3499/2107 2632/3500/1626 2633/3501/1626
f 2634/3502/2108 2635/3503/2107 2631/3499/2107
f 2634/3504/2108 2636/3505/2109 2637/3506/2108
f 2638/3507/2110 2636/3505/2109 2639/3508/2109
f 2640/3509/2111 2641/3510/2110 2638/3507/2110
f 2640/3511/2111 2642/3512/2113 2643/3513/2111
f 2644/3514/2113 2645/3515/1907 2642/3512/2113
f 2646/3516/1907 2647/3517/2114 2645/3515/1907
f 2648/3518/2115 2649/3519/2116 2647/3517/2114
f 2650/3520/2117 2649/3521/2116 2651/3522/2116
f 2652/3523/2118 2653/3524/2117 2650/3520/2117
f 2652/3523/2118 2654/3525/2119 2655/3526/2118
f 2656/3527/2120 2654/3528/2119 2657/3529/2119
f 2633/3501/1626 2658/3530/2121 2656/3527/2120
f 2650/3531/2122 2644/3532/2122 2634/3533/2122
f 2643/3534/2123 2645/3535/2123 2655/3536/2123
f 2659/3537/2107 2660/3538/1626 2661/3539/1626
f 2662/3540/2108 2663/3541/2107 2659/3537/2107
f 2662/3542/2108 2664/3543/2109 2665/3544/2108
f 2666/3545/2110 2664/3543/2109 2667/3546/2109
f 2668/3547/2111 2669/3548/2112 2666/3545/2110
f 2668/3549/2111 2670/3550/2113 2671/3551/2111
f 2672/3552/2113 2673/3553/1907 2670/3550/2113
f 2674/3554/1907 2675/3555/2114 2673/3553/1907
f 2676/3556/2115 2677/3557/2116 2675/3555/2114
f 2678/3558/2117 2677/3559/2116 2679/3560/2116
f 2680/3561/2118 2681/3562/2117 2678/3558/2117
f 2680/3561/2118 2682/3563/2119 2683/3564/2118
f 2684/3565/2120 2682/3566/2119 2685/3567/2119
f 2661/3539/1626 2686/3568/2121 2684/3565/2120
f 2678/3569/2122 2672/3570/2122 2662/3571/2122
f 2686/3572/2123 2664/3573/2123 2673/3574/2123
f 2687/3575/2126 2688/3576/1626 2689/3577/1626
f 2690/3578/2127 2691/3579/2126 2687/3575/2126
f 2692/3580/1903 2693/3581/2127 2690/3582/2127
f 2694/3583/2128 2695/3584/1903 2692/3580/1903
f 2696/3585/2129 2697/3586/2128 2694/3583/2128
f 2698/3587/1907 2699/3588/2129 2696/3589/2129
f 2700/3590/2130 2701/3591/1907 2698/3587/1907
f 2702/3592/2131 2703/3593/2130 2700/3590/2130
f 2704/3594/1904 2705/3595/2131 2702/3596/2131
f 2706/3597/2132 2707/3598/1904 2704/3594/1904
f 2708/3599/2133 2709/3600/2132 2706/3597/2132
f 2689/3577/1626 2710/3601/2133 2708/3602/2133
f 2698/3603/1905 2694/3604/1905 2689/3605/1905
f 2707/3606/1906 2710/3607/1906 2695/3608/1906
f 2711/3609/1905 2712/3610/1905 2713/3611/1905
f 2714/3612/1906 2715/3613/1906 2716/3614/1906
f 2717/3615/1907 2716/3616/1907 2712/3617/1907
f 2711/3618/1904 2714/3619/1904 2717/3620/1904
f 2713/3621/1626 2718/3622/1626 2711/3623/1626
f 2712/3624/1903 2715/3625/1903 2713/3626/1903
f 2719/3627/1905 2720/3628/1905 2721/3629/1905
f 2722/3630/1906 2723/3631/1906 2724/3632/1906
f 2725/3633/1907 2724/3634/1907 2720/3635/1907
f 2719/3636/1904 2722/3637/1904 2725/3638/1904
f 2721/3639/1626 2726/3640/1626 2719/3641/1626
f 2720/3642/1903 2723/3643/1903 2721/3644/1903
f 2727/3645/1905 2728/3646/1905 2729/3647/1905
f 2730/3648/1906 2731/3649/1906 2732/3650/1906
f 2733/3651/1907 2732/3652/1907 2728/3653/1907
f 2727/3654/1904 2730/3655/1904 2733/3656/1904
f 2729/3657/1626 2734/3658/1626 2727/3659/1626
f 2728/3660/1903 2731/3661/1903 2729/3662/1903
f 2735/3663/2134 2736/3664/2134 2737/3665/2134
f 2735/3666/2135 2738/3667/2135 2739/3668/2136
f 2740/3669/2137 2738/3667/2138 2741/3670/2139
f 2742/3671/2140 2743/3672/2141 2740/3673/2137
f 2742/3671/2140 2744/3674/2142 2745/3675/2140
f 2746/3676/2143 2744/3677/2144 2747/3678/2144
f 2746/3676/2143 2748/3679/2145 2749/3680/2143
f 2750/3681/2146 2736/3664/2147 2748/3682/2145
f 2735/3683/2148 2737/3684/2148 2742/3685/2148
f 2749/3686/2149 2748/3687/2149 2743/3688/2149
f 2751/3689/2150 2752/3690/2151 2753/3691/2150
f 2754/3692/2152 2755/3693/2153 2752/3694/2151
f 2756/3695/2154 2755/3693/2154 2757/3696/2154
f 2756/3697/2155 2758/3698/2155 2759/3699/2155
f 2760/3700/2156 2758/3698/2157 2761/3701/2157
f 2762/3702/2158 2763/3703/2159 2760/3704/2156
f 2762/3702/2158 2764/3705/2160 2765/3706/2158
f 2751/3689/2150 2764/3707/2161 2766/3708/2161
f 2761/3709/2162 2757/3710/2162 2751/3711/2162
f 2765/3712/2163 2764/3713/2163 2759/3714/2163
f 2767/3715/2164 2768/3716/1626 2769/3717/1626
f 2770/3718/2165 2771/3719/2164 2767/3720/2164
f 2772/3721/2166 2773/3722/2165 2770/3718/2165
f 2774/3723/2167 2775/3724/2166 2772/3721/2166
f 2776/3725/1907 2777/3726/2167 2774/3727/2167
f 2778/3728/2168 2779/3729/1907 2776/3725/1907
f 2780/3730/2169 2781/3731/2168 2778/3732/2168
f 2782/3733/2170 2783/3734/2169 2780/3730/2169
f 2784/3735/2171 2785/3736/2170 2782/3733/2170
f 2769/3717/1626 2786/3737/2171 2784/3738/2171
f 2778/3739/1905 2770/3740/1905 2769/3741/1905
f 2775/3742/1906 2783/3743/1906 2786/3744/1906
f 2787/3745/2126 2788/3746/1626 2789/3747/1626
f 2790/3748/2127 2791/3749/2126 2787/3745/2126
f 2792/3750/1903 2793/3751/2127 2790/3752/2127
f 2794/3753/2128 2795/3754/1903 2792/3750/1903
f 2796/3755/2129 2797/3756/2128 2794/3753/2128
f 2798/3757/1907 2799/3758/2129 2796/3759/2129
f 2800/3760/2130 2801/3761/1907 2798/3757/1907
f 2802/3762/2131 2803/3763/2130 2800/3760/2130
f 2804/3764/1904 2805/3765/2131 2802/3766/2131
f 2806/3767/2132 2807/3768/1904 2804/3764/1904
f 2808/3769/2133 2809/3770/2132 2806/3767/2132
f 2789/3747/1626 2810/3771/2133 2808/3772/2133
f 2794/3773/1905 2790/3774/1905 2789/3775/1905
f 2795/3776/1906 2803/3777/1906 2810/3778/1906
f 2788/3746/2172 2811/3779/2173 2812/3780/2172
f 2791/3749/2173 2813/3781/2174 2811/3779/2173
f 2793/3751/2174 2814/3782/2175 2813/3783/2174
f 2797/3756/2176 2814/3782/2175 2795/3754/2175
f 2799/3784/2177 2815/3785/2176 2797/3756/2176
f 2801/3761/2178 2816/3786/2177 2799/3758/2177
f 2801/3761/2178 2817/3787/2179 2818/3788/2178
f 2805/3789/2180 2817/3790/2179 2803/3777/2179
f 2805/3765/2180 2819/3791/2181 2820/3792/2180
f 2809/3770/2182 2819/3791/2181 2807/3768/2181
f 2809/3770/2182 2821/3793/2183 2822/3794/2182
f 2788/3746/2172 2821/3795/2183 2810/3771/2183
f 2819/3796/1905 2816/3797/1905 2811/3798/1905
f 2811/3799/2184 2823/3800/2185 2812/3801/2186
f 2813/3802/2187 2824/3803/2188 2811/3799/2184
f 2813/3802/2187 2825/3804/2189 2826/3805/2190
f 2815/3806/2191 2825/3804/2189 2814/3807/2192
f 2816/3808/2193 2827/3809/2194 2815/3806/2191
f 2818/3810/2195 2828/3811/2196 2816/3808/2193
f 2817/3790/2197 2829/3812/2198 2818/3810/2195
f 2820/3813/2199 2830/3814/2200 2817/3790/2197
f 2820/3813/2199 2831/3815/2201 2832/3816/2202
f 2822/3817/2203 2831/3815/2201 2819/3818/2204
f 2821/3819/2205 2833/3820/2206 2822/3817/2203
f 2812/3801/2186 2834/3821/2207 2821/3819/2205
f 2825/3804/2189 2830/3814/2200 2834/3821/2207
f 2835/3822/1905 2836/3823/1905 2837/3824/1905
f 2838/3825/1906 2839/3826/1906 2840/3827/1906
f 2841/3828/1907 2840/3829/1907 2836/3830/1907
f 2835/3831/1904 2838/3832/1904 2841/3833/1904
f 2837/3834/1626 2842/3835/1626 2835/3836/1626
f 2836/3837/1903 2839/3838/1903 2837/3839/1903
f 2843/3840/2208 2844/3841/2209 2845/3842/2209
f 2846/3843/2210 2847/3844/2208 2843/3845/2208
f 2848/3846/2211 2849/3847/2210 2846/3843/2210
f 2848/3848/2211 2850/3849/2212 2851/3850/2211
f 2852/3851/2213 2850/3849/2212 2853/3852/2212
f 2854/3853/2214 2855/3854/2213 2852/3855/2213
f 2856/3856/2215 2857/3857/2214 2854/3853/2214
f 2856/3858/2215 2844/3841/2209 2858/3859/2215
f 2846/3860/1904 2853/3861/1904 2854/3862/1904
f 2857/3863/1904 2858/3864/1904 2851/3865/1904
f 2848/3848/2216 2859/3866/2217 2853/3852/2217
f 2846/3843/2218 2860/3867/2216 2848/3846/2216
f 2843/3845/2219 2861/3868/2218 2846/3843/2218
f 2843/3840/2219 2862/3869/2220 2863/3870/2219
f 2856/3858/2221 2862/3869/2220 2845/3842/2220
f 2854/3853/2222 2864/3871/2221 2856/3856/2221
f 2852/3855/2223 2865/3872/2222 2854/3853/2222
f 2852/3851/2223 2859/3866/2217 2866/3873/2223
f 2865/3874/1903 2866/3875/1903 2863/3876/1903
f 2867/3877/2126 2868/3878/1626 2869/3879/1626
f 2870/3880/2127 2871/3881/2126 2867/3877/2126
f 2872/3882/1903 2873/3883/2127 2870/3884/2127
f 2874/3885/2128 2875/3886/1903 2872/3882/1903
f 2876/3887/2129 2877/3888/2128 2874/3885/2128
f 2878/3889/1907 2879/3890/2129 2876/3891/2129
f 2880/3892/2130 2881/3893/1907 2878/3889/1907
f 2882/3894/2131 2883/3895/2130 2880/3892/2130
f 2884/3896/1904 2885/3897/2131 2882/3898/2131
f 2886/3899/2132 2887/3900/1904 2884/3896/1904
f 2888/3901/2133 2889/3902/2132 2886/3899/2132
f 2869/3879/1626 2890/3903/2133 2888/3904/2133
f 2878/3905/1905 2874/3906/1905 2869/3907/1905
f 2875/3908/1906 2883/3909/1906 2890/3910/1906
f 2891/3911/2224 2892/3912/1907 2893/3913/1907
f 2894/3914/2225 2895/3915/2224 2891/3911/2224
f 2896/3916/2226 2897/3917/2225 2894/3918/2225
f 2898/3919/2227 2899/3920/2226 2896/3916/2226
f 2900/3921/2228 2901/3922/2229 2898/3919/2227
f 2902/3923/2230 2903/3924/2231 2900/3921/2228
f 2904/3925/2232 2905/3926/2230 2902/3923/2230
f 2906/3927/2233 2907/3928/2232 2904/3929/2232
f 2908/3930/1626 2909/3931/2233 2906/3927/2233
f 2910/3932/2234 2911/3933/1626 2908/3930/1626
f 2912/3934/2235 2913/3935/2234 2910/3932/2234
f 2914/3936/2236 2915/3937/2235 2912/3938/2235
f 2916/3939/2237 2917/3940/2236 2914/3936/2236
f 2918/3941/2238 2919/3942/2239 2916/3939/2237
f 2920/3943/2240 2921/3944/2241 2918/3941/2238
f 2922/3945/2242 2923/3946/2240 2920/3943/2240
f 2924/3947/2243 2925/3948/2242 2922/3949/2242
f 2893/3913/1907 2926/3950/2243 2924/3947/2243
f 2910/3951/1903 2902/3952/1903 2894/3953/1903
f 2899/3954/1904 2915/3955/1904 2923/3956/1904
f 2927/3957/2224 2928/3958/1907 2929/3959/1907
f 2930/3960/2225 2931/3961/2224 2927/3957/2224
f 2932/3962/2226 2933/3963/2225 2930/3964/2225
f 2934/3965/2227 2935/3966/2226 2932/3962/2226
f 2936/3967/2231 2937/3968/2229 2934/3965/2227
f 2938/3969/2230 2939/3970/2231 2936/3967/2231
f 2940/3971/2232 2941/3972/2230 2938/3969/2230
f 2942/3973/2233 2943/3974/2232 2940/3975/2232
f 2944/3976/1626 2945/3977/2233 2942/3973/2233
f 2946/3978/2234 2947/3979/1626 2944/3976/1626
f 2948/3980/2235 2949/3981/2234 2946/3978/2234
f 2950/3982/2236 2951/3983/2235 2948/3984/2235
f 2952/3985/2237 2953/3986/2236 2950/3982/2236
f 2954/3987/2241 2955/3988/2239 2952/3985/2237
f 2956/3989/2240 2957/3990/2241 2954/3987/2241
f 2958/3991/2242 2959/3992/2240 2956/3989/2240
f 2960/3993/2243 2961/3994/2242 2958/3995/2242
f 2929/3959/1907 2962/3996/2243 2960/3993/2243
f 2954/3997/1903 2938/3998/1903 2930/3999/1903
f 2935/4000/1904 2951/4001/1904 2959/4002/1904
f 2963/4003/1905 2964/4004/1905 2965/4005/1905
f 2966/4006/1906 2967/4007/1906 2968/4008/1906
f 2969/4009/1907 2968/4010/1907 2964/4011/1907
f 2963/4012/1904 2966/4013/1904 2969/4014/1904
f 2965/4015/1626 2970/4016/1626 2963/4017/1626
f 2964/4018/1903 2967/4019/1903 2965/4020/1903
f 2971/4021/1905 2972/4022/1905 2973/4023/1905
f 2974/4024/1906 2975/4025/1906 2976/4026/1906
f 2977/4027/1907 2976/4028/1907 2972/4029/1907
f 2971/4030/1904 2974/4031/1904 2977/4032/1904
f 2973/4033/1626 2978/4034/1626 2971/4035/1626
f 2972/4036/1903 2975/4037/1903 2973/4038/1903
f 2979/4039/2224 2980/4040/1907 2981/4041/1907
f 2982/4042/2225 2983/4043/2224 2979/4039/2224
f 2984/4044/2226 2985/4045/2225 2982/4046/2225
f 2986/4047/2227 2987/4048/2226 2984/4044/2226
f 2988/4049/2231 2989/4050/2227 2986/4047/2227
f 2990/4051/2230 2991/4052/2231 2988/4049/2231
f 2992/4053/2232 2993/4054/2230 2990/4051/2230
f 2994/4055/2233 2995/4056/2232 2992/4057/2232
f 2996/4058/1626 2997/4059/2233 2994/4055/2233
f 2998/4060/2234 2999/4061/1626 2996/4058/1626
f 3000/4062/2235 3001/4063/2234 2998/4060/2234
f 3002/4064/2236 3003/4065/2235 3000/4066/2235
f 3004/4067/2237 3005/4068/2236 3002/4064/2236
f 3006/4069/2241 3007/4070/2237 3004/4067/2237
f 3008/4071/2240 3009/4072/2241 3006/4069/2241
f 3010/4073/2242 3011/4074/2240 3008/4071/2240
f 3012/4075/2243 3013/4076/2242 3010/4077/2242
f 2981/4041/1907 3014/4078/2243 3012/4075/2243
f 3006/4079/1903 2998/4080/1903 2990/4081/1903
f 3011/4082/1904 3014/4083/1904 2987/4084/1904
f 3015/4085/2224 3016/4086/1907 3017/4087/1907
f 3018/4088/2225 3019/4089/2224 3015/4085/2224
f 3020/4090/2226 3021/4091/2225 3018/4092/2225
f 3022/4093/2227 3023/4094/2226 3020/4090/2226
f 3024/4095/2231 3025/4096/2227 3022/4093/2227
f 3026/4097/2230 3027/4098/2231 3024/4095/2231
f 3028/4099/2232 3029/4100/2230 3026/4097/2230
f 3030/4101/2233 3031/4102/2232 3028/4103/2232
f 3032/4104/1626 3033/4105/2233 3030/4101/2233
f 3034/4106/2234 3035/4107/1626 3032/4104/1626
f 3036/4108/2235 3037/4109/2234 3034/4106/2234
f 3038/4110/2236 3039/4111/2235 3036/4112/2235
f 3040/4113/2237 3041/4114/2236 3038/4110/2236
f 3042/4115/2241 3043/4116/2237 3040/4113/2237
f 3044/4117/2240 3045/4118/2241 3042/4115/2241
f 3046/4119/2242 3047/4120/2240 3044/4117/2240
f 3048/4121/2243 3049/4122/2242 3046/4123/2242
f 3017/4087/1907 3050/4124/2243 3048/4121/2243
f 3018/4125/1903 3017/4126/1903 3042/4127/1903
f 3047/4128/1904 3050/4129/1904 3023/4130/1904
f 3051/4131/1905 3052/4132/1905 3053/4133/1905
f 3054/4134/1906 3055/4135/1906 3056/4136/1906
f 3057/4137/1907 3056/4138/1907 3052/4139/1907
f 3051/4140/1904 3054/4141/1904 3057/4142/1904
f 3053/4143/1626 3058/4144/1626 3051/4145/1626
f 3052/4146/1903 3055/4147/1903 3053/4148/1903
f 3059/4149/1905 3060/4150/1905 3061/4151/1905
f 3062/4152/1906 3063/4153/1906 3064/4154/1906
f 3065/4155/1907 3064/4156/1907 3060/4157/1907
f 3059/4158/1904 3062/4159/1904 3065/4160/1904
f 3061/4161/1626 3066/4162/1626 3059/4163/1626
f 3060/4164/1903 3063/4165/1903 3061/4166/1903
f 3067/4167/2244 3068/4168/2245 3069/4169/2246
f 3068/4170/2245 3070/4171/2247 3071/4172/2248
f 3071/4172/2248 3072/4173/2249 3073/4174/2250
f 3073/4175/2250 3074/4176/2251 3075/4177/2252
f 3074/4176/2251 3076/4178/2253 3075/4177/2252
f 3077/4179/2254 3078/4180/2255 3076/4181/2253
f 3079/4182/2256 3080/4183/2257 3078/4180/2255
f 3081/4184/2258 3082/4185/2259 3080/4183/2257
f 3082/4186/2259 3067/4167/2244 3069/4169/2246
f 3083/4187/2260 3084/4188/2261 3067/4189/2244
f 3085/4190/2262 3070/4171/2247 3084/4191/2261
f 3070/4171/2247 3086/4192/2263 3072/4173/2249
f 3086/4192/2263 3074/4193/2251 3072/4173/2249
f 3087/4194/2264 3077/4195/2254 3074/4176/2251
f 3077/4179/2254 3088/4196/2265 3079/4182/2256
f 3088/4196/2265 3081/4184/2258 3079/4182/2256
f 3081/4184/2258 3089/4197/2266 3090/4198/2267
f 3090/4199/2267 3083/4200/2260 3067/4167/2244
f 3083/4187/2260 3091/4201/2268 3085/4202/2262
f 3091/4203/2268 3092/4204/2269 3085/4190/2262
f 3092/4204/2269 3093/4205/2270 3086/4192/2263
f 3086/4192/2263 3094/4206/2271 3087/4207/2264
f 3094/4208/2271 3095/4209/2272 3087/4210/2264
f 3096/4211/2273 3088/4196/2265 3095/4212/2272
f 3097/4213/2274 3098/4214/2275 3088/4196/2265
f 3098/4214/2275 3099/4215/2276 3089/4197/2266
f 3099/4216/2276 3083/4187/2260 3089/4217/2266
f 3100/4218/2277 3091/4201/2268 3101/4219/2278
f 3091/4203/2268 3102/4220/2279 3103/4221/2280
f 3103/4221/2280 3104/4222/2281 3093/4205/2270
f 3104/4222/2281 3094/4206/2271 3093/4205/2270
f 3105/4223/2282 3096/4224/2273 3094/4208/2271
f 3096/4211/2273 3106/4225/2283 3097/4213/2274
f 3106/4225/2283 3107/4226/2284 3097/4213/2274
f 3108/4227/2285 3099/4215/2276 3107/4226/2284
f 3099/4216/2276 3100/4218/2277 3101/4219/2278
f 3109/4228/2286 3110/4229/2287 3111/4230/2288
f 3110/4231/2287 3112/4232/2289 3111/4233/2288
f 3113/4234/2290 3114/4235/2291 3112/4232/2289
f 3114/4235/2291 3115/4236/2292 3116/4237/2293
f 3115/4238/2292 3117/4239/2294 3116/4240/2293
f 3118/4241/2295 3119/4242/2296 3117/4239/2294
f 3119/4243/2296 3120/4244/2297 3121/4245/2298
f 3121/4245/2298 3122/4246/2299 3123/4247/2300
f 3122/4248/2299 3109/4228/2286 3123/4249/2300
f 3124/4250/2301 3110/4229/2287 3125/4251/2302
f 3126/4252/2303 3113/4234/2290 3110/4231/2287
f 3127/4253/2304 3128/4254/2305 3113/4234/2290
f 3129/4255/2306 3115/4236/2292 3128/4254/2305
f 3130/4256/2307 3118/4241/2295 3115/4238/2292
f 3118/4257/2295 3131/4258/2308 3132/4259/2309
f 3132/4260/2309 3133/4261/2310 3120/4244/2297
f 3120/4244/2297 3134/4262/2311 3122/4246/2299
f 3122/4248/2299 3124/4250/2301 3125/4251/2302
f 3124/4263/2301 3135/4264/2312 3126/4265/2303
f 3126/4252/2303 3136/4266/2313 3127/4253/2304
f 3136/4266/2313 3129/4255/2306 3127/4253/2304
f 3129/4255/2306 3137/4267/2314 3130/4268/2307
f 3137/4269/2314 3138/4270/2315 3130/4271/2307
f 3139/4272/2316 3131/4258/2308 3138/4270/2315
f 3131/4273/2308 3140/4274/2317 3133/4261/2310
f 3140/4274/2317 3134/4262/2311 3133/4261/2310
f 3141/4275/2318 3124/4263/2301 3134/4276/2311
f 3142/4277/2319 3143/4278/2320 3135/4264/2312
f 3143/4279/2320 3136/4266/2313 3135/4280/2312
f 3144/4281/2321 3145/4282/2322 3136/4266/2313
f 3145/4282/2322 3146/4283/2323 3137/4267/2314
f 3146/4284/2323 3139/4272/2316 3137/4269/2314
f 3147/4285/2324 3148/4286/2325 3139/4272/2316
f 3148/4287/2325 3149/4288/2326 3140/4274/2317
f 3140/4274/2317 3150/4289/2327 3141/4290/2318
f 3150/4291/2327 3142/4277/2319 3141/4275/2318
f 3151/4292/2328 3152/4293/2329 3153/4294/2330
f 3152/4295/2329 3154/4296/2331 3155/4297/2332
f 3155/4297/2332 3156/4298/2333 3157/4299/2334
f 3156/4298/2333 3158/4300/2335 3157/4299/2334
f 3159/4301/2336 3160/4302/2337 3158/4303/2335
f 3160/4302/2337 3161/4304/2338 3162/4305/2339
f 3161/4306/2338 3163/4307/2340 3162/4308/2339
f 3164/4309/2341 3165/4310/2342 3163/4307/2340
f 3165/4311/2342 3151/4292/2328 3153/4294/2330
f 3166/4312/2343 3167/4313/2344 3151/4292/2328
f 3168/4314/2345 3154/4296/2331 3167/4315/2344
f 3154/4296/2331 3169/4316/2346 3156/4298/2333
f 3169/4316/2346 3159/4317/2336 3156/4298/2333
f 3170/4318/2347 3171/4319/2348 3159/4301/2336
f 3171/4319/2348 3172/4320/2349 3161/4304/2338
f 3172/4321/2349 3164/4309/2341 3161/4306/2338
f 3164/4309/2341 3173/4322/2350 3174/4323/2351
f 3174/4324/2351 3166/4312/2343 3151/4292/2328
f 3166/4325/2343 3175/4326/2352 3168/4327/2345
f 3168/4314/2345 3176/4328/2353 3177/4329/2354
f 3177/4329/2354 3178/4330/2355 3169/4316/2346
f 3169/4316/2346 3179/4331/2356 3170/4332/2347
f 3179/4333/2356 3180/4334/2357 3170/4335/2347
f 3181/4336/2358 3172/4320/2349 3180/4337/2357
f 3182/4338/2359 3183/4339/2360 3172/4321/2349
f 3184/4340/2361 3173/4322/2350 3183/4339/2360
f 3185/4341/2362 3166/4325/2343 3173/4342/2350
f 3186/4343/2363 3187/4344/2364 3175/4326/2352
f 3187/4345/2364 3176/4328/2353 3175/4346/2352
f 3176/4328/2353 3188/4347/2365 3178/4330/2355
f 3188/4347/2365 3179/4331/2356 3178/4330/2355
f 3189/4348/2366 3181/4349/2358 3179/4333/2356
f 3181/4349/2358 3190/4350/2367 3182/4351/2359
f 3190/4352/2367 3184/4340/2361 3182/4338/2359
f 3184/4340/2361 3191/4353/2368 3185/4354/2362
f 3191/4355/2368 3186/4343/2363 3185/4341/2362
f 3192/4356/2369 3193/4357/2370 3194/4358/2371
f 3193/4359/2370 3195/4360/2372 3196/4361/2373
f 3195/4360/2372 3197/4362/2374 3196/4361/2373
f 3197/4363/2374 3198/4364/2375 3199/4365/2376
f 3198/4364/2375 3200/4366/2377 3199/4365/2376
f 3201/4367/2378 3202/4368/2379 3200/4369/2377
f 3202/4368/2379 3203/4370/2380 3204/4371/2381
f 3203/4370/2380 3205/4372/2382 3204/4371/2381
f 3205/4373/2382 3192/4356/2369 3194/4358/2371
f 3206/4374/2383 3207/4375/2384 3192/4356/2369
f 3207/4376/2384 3208/4377/2385 3195/4360/2372
f 3208/4377/2385 3209/4378/2386 3195/4360/2372
f 3210/4379/2387 3198/4380/2375 3209/4378/2386
f 3211/4381/2388 3201/4382/2378 3198/4364/2375
f 3201/4367/2378 3212/4383/2389 3213/4384/2390
f 3213/4384/2390 3214/4385/2391 3203/4370/2380
f 3214/4385/2391 3215/4386/2392 3203/4370/2380
f 3215/4387/2392 3206/4388/2383 3192/4389/2369
f 3206/4374/2383 3216/4390/2393 3217/4391/2394
f 3217/4392/2394 3218/4393/2395 3208/4377/2385
f 3218/4393/2395 3210/4379/2387 3208/4377/2385
f 3210/4394/2387 3219/4395/2396 3211/4396/2388
f 3219/4395/2396 3220/4397/2397 3211/4396/2388
f 3221/4398/2398 3212/4383/2389 3220/4399/2397
f 3212/4383/2389 3222/4400/2399 3214/4385/2391
f 3222/4400/2399 3223/4401/2400 3214/4385/2391
f 3224/4402/2401 3206/4388/2383 3223/4403/2400
f 3225/4404/2402 3226/4405/2403 3216/4406/2393
f 3226/4407/2403 3218/4393/2395 3216/4408/2393
f 3227/4409/2404 3228/4410/2405 3218/4393/2395
f 3229/4411/2406 3219/4395/2396 3228/4412/2405
f 3230/4413/2407 3221/4414/2398 3219/4395/2396
f 3221/4398/2398 3231/4415/2408 3232/4416/2409
f 3232/4416/2409 3233/4417/2410 3222/4400/2399
f 3222/4400/2399 3234/4418/2411 3224/4419/2401
f 3234/4420/2411 3225/4404/2402 3224/4402/2401
f 3235/4421/1905 3236/4422/1905 3237/4423/1905
f 3238/4424/1906 3239/4425/1906 3240/4426/1906
f 3241/4427/1904 3240/4428/1904 3236/4429/1904
f 3235/4430/1626 3238/4431/1626 3241/4432/1626
f 3237/4433/1903 3242/4434/1903 3235/4435/1903
f 3236/4436/1907 3239/4437/1907 3237/4438/1907
f 3243/4439/1905 3244/4440/1905 3245/4441/1905
f 3246/4442/1906 3247/4443/1906 3248/4444/1906
f 3249/4445/1904 3248/4446/1904 3244/4447/1904
f 3243/4448/1626 3246/4449/1626 3249/4450/1626
f 3245/4451/1903 3250/4452/1903 3243/4453/1903
f 3244/4454/1907 3247/4455/1907 3245/4456/1907
f 3251/4457/1905 3252/4458/1905 3253/4459/1905
f 3254/4460/1906 3255/4461/1906 3256/4462/1906
f 3257/4463/1904 3256/4464/1904 3252/4465/1904
f 3251/4466/1626 3254/4467/1626 3257/4468/1626
f 3253/4469/1903 3258/4470/1903 3251/4471/1903
f 3252/4472/1907 3255/4473/1907 3253/4474/1907
f 3259/4475/1905 3260/4476/1905 3261/4477/1905
f 3262/4478/1906 3263/4479/1906 3264/4480/1906
f 3265/4481/1904 3264/4482/1904 3260/4483/1904
f 3259/4484/1626 3262/4485/1626 3265/4486/1626
f 3261/4487/1903 3266/4488/1903 3259/4489/1903
f 3260/4490/1907 3263/4491/1907 3261/4492/1907
f 3267/4493/2412 3268/4494/2412 3269/4495/2412
f 3270/4496/2413 3271/4497/2413 3268/4498/2413
f 3272/4499/2414 3271/4500/2414 3273/4501/2414
f 3267/4502/2415 3274/4503/2415 3272/4504/2415
f 3272/4505/2416 3270/4506/2416 3267/4507/2416
f 3268/4508/2417 3274/4509/2417 3269/4510/2417
f 3275/4511/2412 3276/4512/2412 3277/4513/2412
f 3278/4514/2413 3279/4515/2413 3276/4516/2413
f 3280/4517/2414 3279/4518/2414 3281/4519/2414
f 3275/4520/2415 3282/4521/2415 3280/4522/2415
f 3280/4523/2416 3278/4524/2416 3275/4525/2416
f 3276/4526/2417 3282/4527/2417 3277/4528/2417
f 3283/4529/2418 3284/4530/2418 3285/4531/2418
f 3286/4532/2419 3287/4533/2419 3283/4534/2419
f 3286/4535/2420 3288/4536/2420 3289/4537/2420
f 3290/4538/2421 3284/4539/2421 3288/4540/2421
f 3286/4541/2422 3285/4542/2422 3290/4543/2422
f 3284/4544/2423 3289/4545/2423 3288/4546/2423
f 3291/4547/1906 3292/4548/1906 3293/4549/1906
f 3294/4550/2424 3292/4551/2424 3293/4552/2424
f 3295/4553/1904 3296/4554/1904 3292/4555/1904
f 3291/4556/2424 3297/4557/2424 3295/4558/2424
f 3298/4559/1906 3292/4548/1906 3295/4560/1906
f 3296/4561/2425 3299/4562/2425 3292/4551/2425
f 3300/4563/1903 3298/4564/1903 3299/4565/1903
f 3301/4566/2426 3295/4567/2426 3298/4568/2426
f 3302/4569/1906 3303/4570/1906 3304/4571/1906
f 3305/4572/2424 3303/4573/2424 3304/4574/2424
f 3306/4575/1904 3307/4576/1904 3303/4577/1904
f 3302/4578/2424 3308/4579/2424 3306/4580/2424
f 3309/4581/1906 3303/4570/1906 3306/4582/1906
f 3307/4583/2425 3310/4584/2425 3303/4573/2425
f 3311/4585/1903 3309/4586/1903 3310/4587/1903
f 3312/4588/2426 3306/4589/2426 3309/4590/2426
f 3313/4591/1906 3314/4592/1906 3315/4593/1906
f 3314/4594/2427 3316/4595/2427 3315/4596/2427
f 3317/4597/1903 3318/4598/1903 3314/4599/1903
f 3313/4600/2424 3319/4601/2424 3318/4602/2424
f 3320/4603/1906 3314/4592/1906 3318/4604/1906
f 3317/4605/2425 3321/4606/2425 3314/4607/2425
f 3322/4608/1903 3320/4609/1903 3321/4610/1903
f 3323/4611/2426 3318/4612/2426 3320/4613/2426
f 3324/4614/1905 3325/4615/1905 3326/4616/1905
f 3327/4617/2428 3325/4618/2428 3328/4619/2428
f 3326/4620/1904 3329/4621/1904 3325/4622/1904
f 3330/4623/2429 3324/4624/2429 3326/4625/2429
f 3331/4626/1904 3328/4627/1904 3324/4628/1904
f 3326/4629/1906 3332/4630/1906 3325/4631/1906
f 3332/4632/2427 3329/4633/2427 3325/4634/2427
f 3333/4635/1903 3334/4636/1903 3332/4637/1903
f 3326/4638/2424 3335/4639/2424 3334/4640/2424
f 3336/4641/1906 3332/4630/1906 3334/4642/1906
f 3333/4643/2425 3337/4644/2425 3332/4645/2425
f 3338/4646/1903 3336/4647/1903 3337/4648/1903
f 3339/4649/2426 3334/4650/2426 3336/4651/2426
f 3340/4652/1905 3341/4653/1905 3342/4654/1905
f 3343/4655/2428 3341/4656/2428 3344/4657/2428
f 3342/4658/1904 3345/4659/1904 3341/4660/1904
f 3346/4661/2429 3340/4662/2429 3342/4663/2429
f 3347/4664/1904 3344/4665/1904 3340/4666/1904
f 3342/4667/1906 3348/4668/1906 3341/4669/1906
f 3348/4670/2427 3345/4671/2427 3341/4672/2427
f 3349/4673/1904 3350/4674/1904 3348/4675/1904
f 3342/4676/2424 3351/4677/2424 3349/4678/2424
f 3352/4679/1906 3348/4668/1906 3349/4680/1906
f 3350/4681/2425 3353/4682/2425 3348/4683/2425
f 3354/4684/1903 3352/4685/1903 3353/4686/1903
f 3355/4687/2426 3349/4688/2426 3352/4689/2426
f 3356/4690/1905 3357/4691/1905 3358/4692/1905
f 3359/4693/2428 3357/4694/2428 3360/4695/2428
f 3358/4696/1904 3361/4697/1904 3357/4698/1904
f 3362/4699/2429 3356/4700/2429 3358/4701/2429
f 3363/4702/1904 3360/4703/1904 3356/4704/1904
f 3358/4705/1906 3364/4706/1906 3357/4707/1906
f 3364/4708/2427 3361/4709/2427 3357/4710/2427
f 3365/4711/1903 3366/4712/1903 3364/4713/1903
f 3358/4714/2424 3367/4715/2424 3366/4716/2424
f 3368/4717/1906 3364/4706/1906 3366/4718/1906
f 3365/4719/2425 3369/4720/2425 3364/4721/2425
f 3370/4722/1903 3368/4723/1903 3369/4724/1903
f 3371/4725/2426 3366/4726/2426 3368/4727/2426
f 3372/4728/1907 3373/4729/1907 3374/4730/1907
f 3375/4731/1626 3376/4732/1626 3377/4733/1626
f 3378/4734/1907 3379/4735/1907 3380/4736/1907
f 3381/4737/1626 3382/4738/1626 3383/4739/1626
f 3384/4740/1907 3385/4741/1907 3386/4742/1907
f 3387/4743/1626 3388/4744/1626 3389/4745/1626
f 3390/4746/1907 3391/4747/1907 3392/4748/1907
f 3393/4749/1626 3394/4750/1626 3395/4751/1626
f 3396/4752/1907 3397/4753/1907 3398/4754/1907
f 3399/4755/1907 3400/4756/1907 3401/4757/1907
f 3402/4758/1626 3403/4759/1626 3404/4760/1626
f 3405/4761/1626 3406/4762/1626 3407/4763/1626
f 3408/4764/1907 3409/4765/1907 3410/4766/1907
f 3411/4767/1907 3412/4768/1907 3413/4769/1907
f 3414/4770/1907 3415/4771/1907 3416/4772/1907
f 3417/4773/1626 3418/4774/1626 3419/4775/1626
f 3420/4776/1907 3421/4777/1907 3422/4778/1907
f 3423/4779/1626 3424/4780/1626 3425/4781/1626
f 3426/4782/1907 3427/4783/1907 3428/4784/1907
f 3429/4785/1907 3430/4786/1907 3431/4787/1907
f 3432/4788/1907 3433/4789/1907 3434/4790/1907
f 3435/4791/1626 3436/4792/1626 3437/4793/1626
f 3438/4794/1907 3439/4795/1907 3440/4796/1907
f 3441/4797/1626 3442/4798/1626 3443/4799/1626
f 3444/4800/1907 3445/4801/1907 3446/4802/1907
f 3447/4803/1626 3448/4804/1626 3449/4805/1626
f 3450/4806/1907 3451/4807/1907 3452/4808/1907
f 3453/4809/1907 3454/4810/1907 3455/4811/1907
f 3456/4812/1907 3457/4813/1907 3458/4814/1907
f 3459/4815/1907 3460/4816/1907 3461/4817/1907
f 3462/4818/1907 3463/4819/1907 3464/4820/1907
f 3465/4821/1907 3466/4822/1907 3467/4823/1907
f 3468/4824/1907 3469/4825/1907 3470/4826/1907
f 3471/4827/1626 3472/4828/1626 3473/4829/1626
f 3474/4830/1907 3475/4831/1907 3476/4832/1907
f 3477/4833/1626 3478/4834/1626 3479/4835/1626
f 3480/4836/1907 3481/4837/1907 3482/4838/1907
f 3483/4839/1907 3484/4840/1907 3485/4841/1907
f 3486/4842/1907 3487/4843/1907 3488/4844/1907
f 3489/4845/1626 3490/4846/1626 3491/4847/1626
f 3492/4848/1907 3493/4849/1907 3494/4850/1907
f 3495/4851/1626 3496/4852/1626 3497/4853/1626
f 3498/4854/1907 3499/4855/1907 3500/4856/1907
f 3501/4857/1626 3502/4858/1626 3503/4859/1626
f 3504/4860/2164 3505/4861/1626 3506/4862/1626
f 3507/4863/2165 3508/4864/2164 3504/4865/2164
f 3509/4866/2166 3510/4867/2165 3507/4863/2165
f 3511/4868/2167 3512/4869/2166 3509/4866/2166
f 3513/4870/1907 3514/4871/2167 3511/4872/2167
f 3515/4873/2168 3516/4874/1907 3513/4870/1907
f 3517/4875/2169 3518/4876/2168 3515/4877/2168
f 3519/4878/2170 3520/4879/2169 3517/4875/2169
f 3521/4880/2171 3522/4881/2170 3519/4878/2170
f 3506/4862/1626 3523/4882/2171 3521/4883/2171
f 3519/4884/1905 3515/4885/1905 3507/4886/1905
f 3522/4887/1906 3523/4888/1906 3512/4889/1906
f 3524/4890/2430 3525/4891/2431 3526/4892/2430
f 3527/4893/2432 3525/4894/2431 3528/4895/2431
f 3529/4896/2433 3530/4897/2432 3527/4893/2432
f 3529/4896/2433 3531/4898/2434 3532/4899/2433
f 3533/4900/2435 3531/4901/2434 3534/4902/2434
f 3533/4900/2435 3535/4903/2436 3536/4904/2435
f 3537/4905/2437 3535/4906/2436 3538/4907/2436
f 3539/4908/2438 3540/4909/2437 3537/4905/2437
f 3539/4908/2438 3541/4910/2439 3542/4911/2438
f 3524/4890/2430 3541/4912/2439 3543/4913/2439
f 3539/4914/1905 3538/4915/1905 3527/4916/1905
f 3532/4917/1906 3536/4918/1906 3540/4919/1906
f 3544/4920/1905 3545/4921/1905 3546/4922/1905
f 3547/4923/1906 3548/4924/1906 3549/4925/1906
f 3550/4926/1907 3549/4927/1907 3545/4928/1907
f 3544/4929/1904 3547/4930/1904 3550/4931/1904
f 3546/4932/1626 3551/4933/1626 3544/4934/1626
f 3545/4935/1903 3548/4936/1903 3546/4937/1903
f 3552/4938/1905 3553/4939/1905 3554/4940/1905
f 3555/4941/1906 3556/4942/1906 3557/4943/1906
f 3558/4944/1907 3557/4945/1907 3553/4946/1907
f 3552/4947/1904 3555/4948/1904 3558/4949/1904
f 3554/4950/1626 3559/4951/1626 3552/4952/1626
f 3553/4953/1903 3556/4954/1903 3554/4955/1903
f 3560/4956/2164 3561/4957/1626 3562/4958/1626
f 3563/4959/2165 3564/4960/2164 3560/4961/2164
f 3565/4962/2166 3566/4963/2165 3563/4959/2165
f 3567/4964/2167 3568/4965/2166 3565/4962/2166
f 3569/4966/1907 3570/4967/2167 3567/4968/2167
f 3571/4969/2168 3572/4970/1907 3569/4966/1907
f 3573/4971/2169 3574/4972/2168 3571/4973/2168
f 3575/4974/2170 3576/4975/2169 3573/4971/2169
f 3577/4976/2171 3578/4977/2170 3575/4974/2170
f 3562/4958/1626 3579/4978/2171 3577/4979/2171
f 3575/4980/1905 3571/4981/1905 3563/4982/1905
f 3578/4983/1906 3579/4984/1906 3568/4985/1906
f 3580/4986/2430 3581/4987/2431 3582/4988/2430
f 3583/4989/2432 3581/4990/2431 3584/4991/2431
f 3585/4992/2433 3586/4993/2432 3583/4989/2432
f 3585/4992/2433 3587/4994/2434 3588/4995/2433
f 3589/4996/2435 3587/4997/2434 3590/4998/2434
f 3589/4996/2435 3591/4999/2436 3592/5000/2435
f 3593/5001/2437 3591/5002/2436 3594/5003/2436
f 3595/5004/2438 3596/5005/2437 3593/5001/2437
f 3595/5004/2438 3597/5006/2439 3598/5007/2438
f 3580/4986/2430 3597/5008/2439 3599/5009/2439
f 3595/5010/1905 3594/5011/1905 3583/5012/1905
f 3588/5013/1906 3592/5014/1906 3596/5015/1906
f 3600/5016/1905 3601/5017/1905 3602/5018/1905
f 3603/5019/1906 3604/5020/1906 3605/5021/1906
f 3606/5022/1907 3605/5023/1907 3601/5024/1907
f 3600/5025/1904 3603/5026/1904 3606/5027/1904
f 3602/5028/1626 3607/5029/1626 3600/5030/1626
f 3601/5031/1903 3604/5032/1903 3602/5033/1903
f 3608/5034/1905 3609/5035/1905 3610/5036/1905
f 3611/5037/1906 3612/5038/1906 3613/5039/1906
f 3614/5040/1907 3613/5041/1907 3609/5042/1907
f 3608/5043/1904 3611/5044/1904 3614/5045/1904
f 3610/5046/1626 3615/5047/1626 3608/5048/1626
f 3609/5049/1903 3612/5050/1903 3610/5051/1903
f 3616/5052/2164 3617/5053/1626 3618/5054/1626
f 3619/5055/2165 3620/5056/2164 3616/5057/2164
f 3621/5058/2166 3622/5059/2165 3619/5055/2165
f 3623/5060/2167 3624/5061/2166 3621/5058/2166
f 3625/5062/1907 3626/5063/2167 3623/5064/2167
f 3627/5065/2168 3628/5066/1907 3625/5062/1907
f 3629/5067/2169 3630/5068/2168 3627/5069/2168
f 3631/5070/2170 3632/5071/2169 3629/5067/2169
f 3633/5072/2171 3634/5073/2170 3631/5070/2170
f 3618/5054/1626 3635/5074/2171 3633/5075/2171
f 3627/5076/1905 3623/5077/1905 3619/5078/1905
f 3628/5079/1906 3632/5080/1906 3635/5081/1906
f 3636/5082/1905 3637/5083/1905 3638/5084/1905
f 3639/5085/1906 3640/5086/1906 3641/5087/1906
f 3642/5088/1907 3641/5089/1907 3637/5090/1907
f 3636/5091/1904 3639/5092/1904 3642/5093/1904
f 3638/5094/1626 3643/5095/1626 3636/5096/1626
f 3637/5097/1903 3640/5098/1903 3638/5099/1903
f 3644/5100/2440 3645/5101/2440 3646/5102/2440
f 3647/5103/2441 3645/5104/2441 3648/5105/2441
f 3649/5106/2442 3650/5107/2443 3647/5108/2442
f 3644/5109/2444 3651/5110/2444 3649/5111/2444
f 3649/5112/2445 3648/5113/2445 3644/5114/2445
f 3645/5115/2446 3651/5116/2446 3646/5117/2446
f 3652/5118/2447 3653/5119/2448 3654/5120/2447
f 3652/5121/2449 3655/5122/2450 3656/5123/2450
f 3657/5124/2451 3655/5125/2451 3658/5126/2451
f 3654/5127/2452 3659/5128/2453 3657/5129/2452
f 3658/5130/2454 3654/5131/2454 3657/5132/2454
f 3653/5133/2455 3655/5134/2455 3659/5135/2455
f 3660/5136/2456 3661/5137/2457 3662/5138/2456
f 3660/5139/2458 3663/5140/2458 3664/5141/2458
f 3665/5142/2459 3666/5143/2460 3663/5144/2460
f 3662/5145/2461 3666/5146/2462 3667/5147/2461
f 3667/5148/2463 3660/5149/2463 3662/5150/2463
f 3664/5151/2464 3666/5152/2464 3661/5153/2464
f 3668/5154/2465 3669/5155/2466 3670/5156/2467
f 3670/5157/2467 3671/5158/2468 3672/5159/2469
f 3672/5159/2470 3673/5160/2471 3674/5161/2472
f 3674/5162/2472 3675/5163/2473 3676/5164/2474
f 3675/5163/2473 3677/5165/2475 3676/5164/2474
f 3678/5166/2476 3679/5167/2477 3677/5168/2475
f 3680/5169/2478 3681/5170/2479 3679/5167/2479
f 3682/5171/2480 3668/5154/2465 3681/5172/2481
f 3683/5173/2482 3684/5174/2483 3669/5155/2466
f 3669/5175/2466 3685/5176/2484 3671/5158/2468
f 3671/5158/2471 3686/5177/2485 3673/5160/2471
f 3673/5178/2486 3687/5179/2487 3675/5163/2473
f 3687/5179/2487 3678/5180/2488 3675/5163/2473
f 3688/5181/2489 3680/5169/2476 3678/5166/2476
f 3689/5182/2490 3682/5183/2480 3680/5169/2478
f 3690/5184/2491 3683/5173/2482 3682/5171/2480
f 3691/5185/2492 3692/5186/2493 3684/5174/2483
f 3684/5187/2483 3693/5188/2494 3685/5176/2484
f 3685/5176/2495 3694/5189/2496 3686/5177/2485
f 3686/5190/2497 3695/5191/2498 3687/5179/2487
f 3695/5191/2498 3688/5192/2499 3687/5179/2487
f 3696/5193/2500 3689/5182/2501 3688/5181/2489
f 3697/5194/2502 3690/5195/2491 3689/5182/2490
f 3698/5196/2503 3691/5185/2492 3690/5184/2491
f 3699/5197/2504 3700/5198/2505 3692/5186/2493
f 3692/5199/2493 3701/5200/2506 3693/5188/2494
f 3693/5188/2507 3702/5201/2508 3694/5189/2496
f 3694/5202/2509 3703/5203/2510 3695/5191/2498
f 3703/5203/2510 3696/5204/2511 3695/5191/2498
f 3704/5205/2512 3697/5194/2513 3696/5193/2500
f 3705/5206/2514 3698/5207/2503 3697/5194/2502
f 3706/5208/2515 3699/5197/2504 3698/5196/2503
f 3707/5209/2516 3708/5210/2517 3700/5198/2505
f 3700/5211/2505 3709/5212/2518 3701/5200/2506
f 3701/5200/2519 3710/5213/2520 3702/5201/2508
f 3702/5214/2521 3711/5215/2522 3703/5203/2510
f 3711/5215/2522 3704/5216/2523 3703/5203/2510
f 3712/5217/2524 3705/5206/2525 3704/5205/2512
f 3713/5218/2526 3706/5219/2515 3705/5206/2514
f 3714/5220/2527 3707/5209/2516 3706/5208/2515
f 3715/5221/2528 3716/5222/2529 3708/5223/2517
f 3708/5224/2517 3717/5225/2530 3709/5212/2518
f 3709/5212/2531 3718/5226/2532 3710/5213/2520
f 3710/5227/2533 3719/5228/2534 3711/5229/2522
f 3719/5228/2534 3712/5230/2535 3711/5229/2522
f 3720/5231/2536 3713/5218/2537 3712/5217/2524
f 3721/5232/2538 3714/5233/2527 3713/5218/2526
f 3722/5234/2539 3715/5221/2528 3714/5235/2527
f 3723/5236/2540 3716/5222/2529 3724/5237/2541
f 3725/5238/2542 3717/5225/2530 3716/5239/2529
f 3717/5225/2543 3726/5240/2544 3718/5226/2532
f 3726/5241/2544 3719/5228/2534 3718/5242/2532
f 3719/5228/2534 3727/5243/2545 3720/5244/2536
f 3727/5245/2545 3721/5232/2546 3720/5231/2536
f 3721/5232/2538 3728/5246/2547 3722/5247/2539
f 3722/5234/2539 3723/5236/2540 3724/5237/2541
f 3729/5248/2548 3725/5249/2542 3723/5236/2540
f 3730/5250/2549 3731/5251/2550 3725/5238/2542
f 3732/5252/2551 3726/5240/2544 3731/5251/2552
f 3733/5253/2553 3734/5254/2554 3726/5241/2544
f 3734/5254/2554 3735/5255/2555 3727/5243/2545
f 3727/5245/2545 3736/5256/2556 3737/5257/2557
f 3737/5257/2558 3738/5258/2559 3728/5246/2547
f 3728/5259/2547 3729/5248/2548 3723/5236/2540
f 3739/5260/2560 3730/5261/2549 3729/5248/2548
f 3740/5262/2561 3732/5252/2562 3730/5250/2549
f 3741/5263/2563 3733/5264/2564 3732/5252/2551
f 3742/5265/2565 3743/5266/2566 3733/5253/2553
f 3743/5266/2566 3744/5267/2567 3735/5255/2555
f 3735/5268/2568 3745/5269/2569 3736/5256/2556
f 3736/5256/2570 3746/5270/2571 3738/5258/2559
f 3738/5271/2559 3739/5260/2560 3729/5248/2548
f 3747/5272/2572 3740/5273/2561 3739/5260/2560
f 3748/5274/2573 3741/5263/2574 3740/5262/2561
f 3749/5275/2575 3742/5276/2576 3741/5263/2563
f 3750/5277/2577 3751/5278/2578 3742/5265/2565
f 3751/5278/2578 3752/5279/2579 3744/5267/2567
f 3744/5280/2580 3753/5281/2581 3745/5269/2569
f 3745/5269/2582 3754/5282/2583 3746/5270/2571
f 3746/5283/2571 3747/5272/2572 3739/5260/2560
f 3755/5284/2584 3748/5285/2573 3747/5286/2572
f 3756/5287/2585 3749/5275/2586 3748/5274/2573
f 3757/5288/2587 3750/5289/2588 3749/5275/2575
f 3758/5290/2589 3759/5291/2590 3750/5292/2577
f 3759/5291/2590 3760/5293/2591 3752/5294/2579
f 3752/5295/2592 3761/5296/2593 3753/5281/2581
f 3753/5281/2594 3762/5297/2595 3754/5282/2583
f 3754/5298/2583 3755/5284/2584 3747/5286/2572
f 3763/5299/2596 3756/5300/2585 3755/5284/2584
f 3764/5301/2597 3757/5288/2598 3756/5287/2585
f 3765/5302/2599 3758/5303/2600 3757/5288/2587
f 3766/5304/2601 3767/5305/2602 3758/5290/2589
f 3767/5305/2602 3768/5306/2603 3760/5293/2591
f 3760/5307/2604 3769/5308/2605 3761/5296/2593
f 3761/5296/2606 3770/5309/2607 3762/5297/2595
f 3762/5310/2595 3763/5299/2596 3755/5284/2584
f 3771/5311/2474 3764/5312/2597 3763/5299/2596
f 3772/5313/2608 3765/5302/2609 3764/5301/2597
f 3773/5314/2469 3766/5315/2599 3765/5302/2599
f 3774/5316/2610 3775/5317/2611 3766/5304/2601
f 3775/5317/2611 3776/5318/2612 3768/5306/2603
f 3768/5319/2605 3777/5320/2479 3769/5308/2605
f 3769/5308/2613 3778/5321/2614 3770/5309/2607
f 3770/5322/2607 3771/5311/2474 3763/5299/2596
f 3771/5311/2474 3779/5323/2615 3772/5324/2608
f 3772/5313/2608 3780/5325/2616 3773/5314/2470
f 3773/5314/2469 3781/5326/2617 3774/5327/2469
f 3774/5316/2610 3782/5328/2618 3783/5329/2465
f 3782/5328/2618 3776/5318/2612 3783/5329/2465
f 3784/5330/2619 3777/5320/2479 3776/5331/2612
f 3785/5332/2620 3778/5321/2614 3777/5320/2477
f 3786/5333/2621 3771/5311/2474 3778/5334/2614
f 3787/5335/2622 3788/5336/2623 3779/5323/2615
f 3779/5337/2615 3789/5338/2624 3780/5325/2616
f 3780/5325/2617 3790/5339/2625 3781/5326/2617
f 3781/5340/2626 3791/5341/2627 3782/5328/2618
f 3791/5341/2627 3784/5342/2619 3782/5328/2618
f 3792/5343/2628 3785/5332/2629 3784/5330/2619
f 3793/5344/2630 3786/5345/2621 3785/5332/2620
f 3794/5346/2631 3787/5335/2622 3786/5333/2621
f 3795/5347/2632 3796/5348/2633 3788/5336/2623
f 3788/5349/2623 3797/5350/2634 3789/5338/2624
f 3789/5338/2635 3798/5351/2636 3790/5339/2625
f 3790/5352/2637 3799/5353/2638 3791/5341/2627
f 3799/5353/2638 3792/5354/2639 3791/5341/2627
f 3800/5355/2640 3793/5344/2641 3792/5343/2628
f 3801/5356/2642 3794/5357/2631 3793/5344/2630
f 3802/5358/2643 3795/5347/2632 3794/5346/2631
f 3803/5359/2644 3804/5360/2645 3796/5348/2633
f 3796/5361/2633 3805/5362/2646 3797/5350/2634
f 3797/5350/2647 3806/5363/2648 3798/5351/2636
f 3798/5364/2649 3807/5365/2650 3799/5353/2638
f 3807/5365/2650 3800/5366/2651 3799/5353/2638
f 3808/5367/2652 3801/5356/2653 3800/5355/2640
f 3809/5368/2654 3802/5369/2643 3801/5356/2642
f 3810/5370/2655 3803/5359/2644 3802/5358/2643
f 3811/5371/2656 3812/5372/2657 3804/5360/2645
f 3804/5373/2645 3813/5374/2658 3805/5362/2646
f 3805/5362/2659 3814/5375/2660 3806/5363/2648
f 3806/5376/2661 3815/5377/2662 3807/5365/2650
f 3815/5377/2662 3808/5378/2663 3807/5365/2650
f 3816/5379/2664 3809/5368/2665 3808/5367/2652
f 3817/5380/2666 3810/5381/2655 3809/5368/2654
f 3818/5382/2667 3811/5371/2656 3810/5370/2655
f 3819/5383/2668 3820/5384/2669 3812/5385/2657
f 3812/5386/2657 3821/5387/2670 3813/5374/2658
f 3813/5374/2671 3822/5388/2672 3814/5375/2660
f 3814/5389/2673 3823/5390/2674 3815/5391/2662
f 3823/5390/2674 3816/5392/2675 3815/5391/2662
f 3824/5393/2676 3817/5380/2677 3816/5379/2664
f 3825/5394/2678 3818/5395/2667 3817/5380/2666
f 3826/5396/2679 3819/5383/2668 3818/5397/2667
f 3827/5398/2680 3820/5384/2669 3828/5399/2681
f 3820/5400/2669 3829/5401/2682 3821/5387/2670
f 3821/5387/2683 3830/5402/2684 3822/5388/2672
f 3830/5403/2684 3823/5390/2674 3822/5404/2672
f 3823/5390/2674 3831/5405/2685 3824/5406/2676
f 3831/5407/2685 3825/5394/2686 3824/5393/2676
f 3832/5408/2687 3826/5409/2679 3825/5394/2678
f 3826/5396/2679 3827/5398/2680 3828/5399/2681
f 3833/5410/2688 3834/5411/2689 3827/5398/2680
f 3835/5412/2690 3829/5401/2682 3834/5413/2689
f 3836/5414/2691 3830/5402/2684 3829/5401/2692
f 3837/5415/2693 3838/5416/2694 3830/5403/2684
f 3838/5416/2694 3839/5417/2695 3831/5405/2685
f 3831/5407/2685 3840/5418/2696 3832/5408/2697
f 3832/5408/2687 3841/5419/2698 3842/5420/2699
f 3842/5421/2699 3833/5410/2688 3827/5398/2680
f 3843/5422/2700 3835/5423/2690 3833/5410/2688
f 3844/5424/2701 3836/5414/2702 3835/5412/2690
f 3845/5425/2703 3837/5426/2704 3836/5414/2691
f 3846/5427/2705 3847/5428/2706 3837/5415/2693
f 3847/5428/2706 3848/5429/2707 3839/5417/2695
f 3839/5430/2708 3849/5431/2709 3840/5418/2696
f 3840/5418/2710 3850/5432/2711 3841/5419/2698
f 3841/5433/2698 3843/5422/2700 3833/5410/2688
f 3851/5434/2712 3844/5435/2701 3843/5422/2700
f 3852/5436/2713 3845/5425/2714 3844/5424/2701
f 3853/5437/2715 3846/5438/2716 3845/5425/2703
f 3854/5439/2717 3855/5440/2718 3846/5427/2705
f 3855/5440/2718 3856/5441/2719 3848/5429/2707
f 3848/5442/2720 3857/5443/2721 3849/5431/2709
f 3849/5431/2722 3858/5444/2723 3850/5432/2711
f 3850/5445/2711 3851/5434/2712 3843/5422/2700
f 3859/5446/2724 3852/5447/2713 3851/5448/2712
f 3860/5449/2725 3853/5437/2726 3852/5436/2713
f 3861/5450/2727 3854/5451/2728 3853/5437/2715
f 3862/5452/2729 3863/5453/2730 3854/5454/2717
f 3863/5453/2730 3864/5455/2731 3856/5456/2719
f 3856/5457/2732 3865/5458/2733 3857/5443/2721
f 3857/5443/2734 3866/5459/2735 3858/5444/2723
f 3858/5460/2723 3859/5446/2724 3851/5448/2712
f 3867/5461/2736 3860/5462/2725 3859/5446/2724
f 3868/5463/2737 3861/5450/2738 3860/5449/2725
f 3869/5464/2739 3862/5465/2740 3861/5450/2727
f 3870/5466/2741 3871/5467/2742 3862/5452/2729
f 3871/5467/2742 3872/5468/2743 3864/5455/2731
f 3864/5469/2744 3873/5470/2745 3865/5458/2733
f 3865/5458/2746 3874/5471/2747 3866/5459/2735
f 3866/5472/2735 3867/5461/2736 3859/5446/2724
f 3668/5154/2465 3868/5473/2737 3867/5461/2736
f 3670/5157/2467 3869/5464/2748 3868/5463/2737
f 3672/5159/2470 3870/5474/2741 3869/5464/2739
f 3674/5162/2472 3875/5475/2749 3870/5466/2741
f 3875/5475/2749 3677/5165/2475 3872/5468/2743
f 3872/5476/2743 3679/5167/2477 3873/5470/2745
f 3873/5470/2750 3681/5170/2479 3874/5471/2747
f 3874/5477/2747 3668/5154/2465 3867/5461/2736
f 3876/5478/2751 3877/5479/2752 3878/5480/2753
f 3878/5481/2753 3879/5482/2754 3880/5483/2755
f 3880/5483/2756 3881/5484/2757 3882/5485/2756
f 3882/5486/2758 3883/5487/2759 3884/5488/2760
f 3883/5487/2759 3885/5489/2761 3884/5488/2760
f 3886/5490/2762 3887/5491/2763 3885/5492/2763
f 3888/5493/2764 3889/5494/2765 3887/5491/2766
f 3890/5495/2767 3876/5478/2751 3889/5496/2765
f 3891/5497/2768 3892/5498/2769 3877/5479/2752
f 3877/5499/2752 3893/5500/2770 3879/5482/2754
f 3879/5482/2771 3894/5501/2772 3881/5484/2757
f 3881/5502/2773 3895/5503/2774 3883/5487/2759
f 3895/5503/2774 3886/5504/2775 3883/5487/2759
f 3896/5505/2776 3888/5493/2777 3886/5490/2762
f 3897/5506/2778 3890/5507/2767 3888/5493/2764
f 3898/5508/2779 3891/5497/2768 3890/5495/2767
f 3899/5509/2780 3900/5510/2781 3892/5498/2769
f 3892/5511/2769 3901/5512/2782 3893/5500/2770
f 3893/5500/2783 3902/5513/2784 3894/5501/2772
f 3894/5514/2785 3903/5515/2786 3895/5503/2774
f 3903/5515/2786 3896/5516/2787 3895/5503/2774
f 3904/5517/2788 3897/5506/2789 3896/5505/2776
f 3905/5518/2790 3898/5519/2779 3897/5506/2778
f 3906/5520/2791 3899/5509/2780 3898/5508/2779
f 3907/5521/2792 3908/5522/2793 3900/5510/2781
f 3900/5523/2781 3909/5524/2794 3901/5512/2782
f 3901/5512/2795 3910/5525/2796 3902/5513/2784
f 3902/5526/2797 3911/5527/2798 3903/5515/2786
f 3911/5527/2798 3904/5528/2799 3903/5515/2786
f 3912/5529/2800 3905/5518/2801 3904/5517/2788
f 3913/5530/2802 3906/5531/2791 3905/5518/2790
f 3914/5532/2803 3907/5521/2792 3906/5520/2791
f 3915/5533/2804 3916/5534/2805 3908/5535/2793
f 3908/5536/2793 3917/5537/2806 3909/5524/2794
f 3909/5524/2807 3918/5538/2808 3910/5525/2796
f 3910/5539/2809 3919/5540/2810 3911/5527/2798
f 3919/5541/2810 3912/5542/2811 3911/5543/2798
f 3920/5544/2812 3913/5530/2813 3912/5529/2800
f 3921/5545/2814 3914/5546/2803 3913/5530/2802
f 3922/5547/2815 3915/5548/2804 3914/5532/2803
f 3923/5549/2816 3924/5550/2817 3916/5534/2805
f 3916/5551/2805 3925/5552/2818 3917/5537/2806
f 3917/5537/2819 3926/5553/2820 3918/5538/2808
f 3918/5554/2821 3927/5555/2822 3919/5541/2810
f 3927/5555/2822 3920/5556/2823 3919/5541/2810
f 3928/5557/2824 3921/5545/2825 3920/5544/2812
f 3929/5558/2826 3922/5559/2815 3921/5545/2814
f 3930/5560/2827 3923/5549/2816 3922/5561/2815
f 3931/5562/2828 3932/5563/2829 3924/5550/2817
f 3932/5564/2829 3925/5552/2818 3924/5565/2817
f 3933/5566/2830 3926/5553/2820 3925/5552/2831
f 3934/5567/2832 3927/5555/2822 3926/5568/2820
f 3927/5555/2822 3935/5569/2833 3928/5570/2824
f 3928/5557/2824 3936/5571/2834 3929/5558/2835
f 3929/5558/2826 3937/5572/2836 3930/5573/2827
f 3937/5574/2836 3931/5562/2828 3930/5560/2827
f 3938/5575/2837 3932/5563/2829 3939/5576/2838
f 3940/5577/2839 3933/5566/2840 3932/5564/2829
f 3941/5578/2841 3934/5579/2832 3933/5566/2830
f 3942/5580/2842 3943/5581/2843 3934/5567/2832
f 3943/5581/2843 3944/5582/2844 3935/5569/2833
f 3935/5583/2833 3945/5584/2845 3936/5571/2834
f 3936/5571/2846 3946/5585/2847 3937/5572/2836
f 3937/5574/2836 3938/5575/2837 3939/5576/2838
f 3947/5586/2848 3940/5587/2839 3938/5575/2837
f 3948/5588/2849 3941/5578/2850 3940/5577/2839
f 3949/5589/2851 3942/5590/2852 3941/5578/2841
f 3950/5591/2853 3951/5592/2854 3942/5580/2842
f 3951/5592/2854 3952/5593/2855 3944/5582/2844
f 3944/5594/2856 3953/5595/2857 3945/5584/2845
f 3945/5584/2858 3954/5596/2859 3946/5585/2847
f 3946/5597/2847 3947/5586/2848 3938/5575/2837
f 3955/5598/2860 3948/5599/2849 3947/5600/2848
f 3956/5601/2861 3949/5589/2862 3948/5588/2849
f 3957/5602/2863 3950/5603/2864 3949/5589/2851
f 3958/5604/2865 3959/5605/2866 3950/5591/2853
f 3959/5606/2866 3960/5607/2867 3952/5608/2855
f 3952/5609/2868 3961/5610/2869 3953/5595/2857
f 3953/5595/2870 3962/5611/2871 3954/5596/2859
f 3954/5612/2859 3955/5598/2860 3947/5600/2848
f 3963/5613/2872 3956/5614/2861 3955/5598/2860
f 3964/5615/2873 3957/5602/2874 3956/5601/2861
f 3965/5616/2875 3958/5617/2876 3957/5602/2863
f 3966/5618/2877 3967/5619/2878 3958/5620/2865
f 3967/5619/2878 3968/5621/2879 3960/5607/2867
f 3960/5622/2880 3969/5623/2881 3961/5610/2869
f 3961/5610/2882 3970/5624/2883 3962/5611/2871
f 3962/5625/2871 3963/5613/2872 3955/5598/2860
f 3971/5626/2884 3964/5627/2873 3963/5613/2872
f 3972/5628/2885 3965/5616/2886 3964/5615/2873
f 3973/5629/2887 3966/5630/2888 3965/5616/2875
f 3974/5631/2889 3975/5632/2890 3966/5618/2877
f 3975/5632/2890 3976/5633/2891 3968/5621/2879
f 3968/5634/2892 3977/5635/2893 3969/5623/2881
f 3969/5623/2894 3978/5636/2895 3970/5624/2883
f 3970/5637/2883 3971/5626/2884 3963/5613/2872
f 3979/5638/2760 3972/5639/2885 3971/5626/2884
f 3980/5640/2896 3973/5629/2897 3972/5628/2885
f 3981/5641/2755 3974/5642/2887 3973/5629/2887
f 3982/5643/2898 3983/5644/2899 3974/5631/2889
f 3983/5644/2899 3984/5645/2900 3976/5633/2891
f 3976/5646/2893 3985/5647/2766 3977/5635/2893
f 3977/5635/2901 3986/5648/2902 3978/5636/2895
f 3978/5649/2895 3979/5638/2760 3971/5626/2884
f 3979/5638/2760 3987/5650/2903 3980/5651/2896
f 3980/5640/2896 3988/5652/2757 3981/5641/2756
f 3981/5641/2755 3989/5653/2754 3982/5654/2755
f 3982/5643/2898 3990/5655/2904 3991/5656/2751
f 3990/5655/2904 3984/5645/2900 3991/5656/2751
f 3992/5657/2764 3985/5647/2766 3984/5658/2766
f 3993/5659/2762 3986/5648/2902 3985/5647/2763
f 3994/5660/2905 3979/5638/2760 3986/5661/2902
f 3995/5662/2906 3996/5663/2907 3987/5650/2903
f 3987/5664/2903 3997/5665/2908 3988/5652/2757
f 3988/5652/2909 3998/5666/2910 3989/5653/2754
f 3989/5667/2911 3999/5668/2912 3990/5655/2904
f 3999/5668/2912 3992/5669/2913 3990/5655/2904
f 4000/5670/2914 3993/5659/2915 3992/5657/2764
f 4001/5671/2916 3994/5672/2905 3993/5659/2762
f 4002/5673/2917 3995/5662/2906 3994/5660/2905
f 4003/5674/2918 4004/5675/2919 3996/5663/2907
f 3996/5676/2907 4005/5677/2920 3997/5665/2908
f 3997/5665/2921 4006/5678/2922 3998/5666/2910
f 3998/5679/2923 4007/5680/2924 3999/5668/2912
f 4007/5680/2924 4000/5681/2925 3999/5668/2912
f 4008/5682/2926 4001/5671/2927 4000/5670/2914
f 4009/5683/2928 4002/5684/2917 4001/5671/2916
f 4010/5685/2929 4003/5674/2918 4002/5673/2917
f 4011/5686/2930 4012/5687/2931 4004/5675/2919
f 4004/5688/2919 4013/5689/2932 4005/5677/2920
f 4005/5677/2933 4014/5690/2934 4006/5678/2922
f 4006/5691/2935 4015/5692/2936 4007/5680/2924
f 4015/5692/2936 4008/5693/2937 4007/5680/2924
f 4016/5694/2938 4009/5683/2939 4008/5682/2926
f 4017/5695/2940 4010/5696/2929 4009/5683/2928
f 4018/5697/2941 4011/5686/2930 4010/5685/2929
f 4019/5698/2942 4020/5699/2943 4012/5700/2931
f 4012/5701/2931 4021/5702/2944 4013/5689/2932
f 4013/5689/2945 4022/5703/2946 4014/5690/2934
f 4014/5704/2947 4023/5705/2948 4015/5706/2936
f 4023/5707/2948 4016/5708/2949 4015/5692/2936
f 4024/5709/2950 4017/5695/2951 4016/5694/2938
f 4025/5710/2952 4018/5711/2941 4017/5695/2940
f 4026/5712/2953 4019/5698/2942 4018/5713/2941
f 4027/5714/2954 4028/5715/2955 4020/5699/2943
f 4020/5716/2943 4029/5717/2956 4021/5702/2944
f 4021/5702/2957 4030/5718/2958 4022/5703/2946
f 4022/5719/2959 4031/5720/2960 4023/5705/2948
f 4031/5720/2960 4024/5721/2961 4023/5705/2948
f 4032/5722/2962 4025/5710/2963 4024/5709/2950
f 4033/5723/2964 4026/5724/2953 4025/5710/2952
f 4034/5725/2965 4027/5714/2954 4026/5712/2953
f 4035/5726/2966 4028/5715/2955 4036/5727/2967
f 4037/5728/2968 4029/5717/2956 4028/5729/2955
f 4038/5730/2969 4030/5718/2958 4029/5717/2970
f 4030/5731/2958 4039/5732/2971 4031/5720/2960
f 4039/5732/2971 4032/5733/2962 4031/5720/2960
f 4032/5722/2962 4040/5734/2972 4033/5723/2973
f 4033/5723/2964 4041/5735/2974 4034/5736/2965
f 4034/5725/2965 4035/5726/2966 4036/5727/2967
f 4042/5737/2975 4037/5738/2968 4035/5726/2966
f 4043/5739/2976 4038/5730/2977 4037/5728/2968
f 4044/5740/2978 4045/5741/2979 4038/5730/2969
f 4046/5742/2980 4039/5732/2971 4045/5743/2979
f 4039/5732/2971 4047/5744/2981 4048/5745/2982
f 4048/5746/2982 4049/5747/2983 4040/5734/2972
f 4040/5734/2984 4050/5748/2985 4041/5735/2974
f 4041/5749/2974 4042/5737/2975 4035/5726/2966
f 4051/5750/2986 4043/5751/2976 4042/5737/2975
f 4052/5752/2987 4044/5740/2988 4043/5739/2976
f 4053/5753/2989 4046/5754/2990 4044/5740/2978
f 4054/5755/2991 4055/5756/2992 4046/5742/2980
f 4055/5756/2992 4056/5757/2993 4047/5744/2981
f 4047/5758/2994 4057/5759/2995 4049/5747/2983
f 4049/5747/2996 4058/5760/2997 4050/5748/2985
f 4050/5761/2985 4051/5750/2986 4042/5737/2975
f 4059/5762/2998 4052/5763/2987 4051/5750/2986
f 4060/5764/2999 4053/5753/3000 4052/5752/2987
f 4061/5765/3001 4054/5766/3002 4053/5753/2989
f 4062/5767/3003 4063/5768/3004 4054/5769/2991
f 4063/5768/3004 4064/5770/3005 4056/5771/2993
f 4056/5772/3006 4065/5773/3007 4057/5759/2995
f 4057/5759/3008 4066/5774/3009 4058/5760/2997
f 4058/5775/2997 4059/5776/2998 4051/5777/2986
f 4067/5778/3010 4060/5779/2999 4059/5776/2998
f 4068/5780/3011 4061/5765/3012 4060/5764/2999
f 4069/5781/3013 4062/5782/3014 4061/5765/3001
f 4070/5783/3015 4071/5784/3016 4062/5767/3003
f 4071/5784/3016 4072/5785/3017 4064/5770/3005
f 4064/5786/3018 4073/5787/3019 4065/5773/3007
f 4065/5773/3020 4074/5788/3021 4066/5774/3009
f 4066/5789/3009 4067/5778/3010 4059/5776/2998
f 4075/5790/3022 4068/5791/3011 4067/5778/3010
f 4076/5792/3023 4069/5781/3024 4068/5780/3011
f 4077/5793/2897 4070/5794/3025 4069/5781/3013
f 4078/5795/3026 4079/5796/3027 4070/5783/3015
f 4079/5796/3027 4080/5797/3028 4072/5785/3017
f 4072/5798/3029 4081/5799/2901 4073/5787/3019
f 4073/5787/3030 4082/5800/3031 4074/5788/3021
f 4074/5801/3021 4075/5790/3022 4067/5778/3010
f 3876/5478/2751 4076/5802/3023 4075/5790/3022
f 3878/5481/2753 4077/5793/2887 4076/5792/3023
f 3880/5483/2756 4078/5803/2897 4077/5793/2897
f 3882/5486/2758 4083/5804/3032 4078/5795/3026
f 4083/5804/3032 3885/5489/2761 4080/5797/3028
f 4080/5805/2901 3887/5491/2763 4081/5799/2901
f 4081/5799/2893 3889/5494/2765 4082/5800/3031
f 4082/5806/3031 3876/5478/2751 4075/5790/3022
f 4084/5807/1904 4085/5808/3033 4086/5809/3034
f 4086/5810/3034 4087/5811/3035 4088/5812/3036
f 4088/5812/3037 4089/5813/3038 4090/5814/3037
f 4090/5815/3039 4091/5816/3040 4092/5817/1903
f 4091/5816/3040 4093/5818/3041 4092/5817/1903
f 4094/5819/3042 4095/5820/3043 4093/5821/3043
f 4096/5822/3044 4097/5823/3045 4095/5820/3046
f 4098/5824/3047 4084/5807/1904 4097/5825/3045
f 4099/5826/3048 4100/5827/3049 4085/5808/3033
f 4085/5828/3033 4101/5829/3050 4087/5811/3035
f 4087/5811/3051 4102/5830/3052 4089/5813/3038
f 4089/5831/3053 4103/5832/3054 4091/5816/3040
f 4103/5832/3054 4094/5833/3055 4091/5816/3040
f 4104/5834/3056 4096/5822/3057 4094/5819/3042
f 4105/5835/3058 4098/5836/3047 4096/5822/3044
f 4106/5837/3059 4099/5826/3048 4098/5824/3047
f 4107/5838/3060 4108/5839/3061 4100/5827/3049
f 4100/5840/3049 4109/5841/3062 4101/5829/3050
f 4101/5829/3063 4110/5842/3064 4102/5830/3052
f 4102/5843/3065 4111/5844/3066 4103/5832/3054
f 4111/5844/3066 4104/5845/3067 4103/5832/3054
f 4112/5846/3068 4105/5835/3069 4104/5834/3056
f 4113/5847/3070 4106/5848/3059 4105/5835/3058
f 4114/5849/3071 4107/5838/3060 4106/5837/3059
f 4115/5850/3072 4116/5851/3073 4108/5839/3061
f 4108/5852/3061 4117/5853/3074 4109/5841/3062
f 4109/5841/3075 4118/5854/3076 4110/5842/3064
f 4110/5855/3077 4119/5856/3078 4111/5844/3066
f 4119/5856/3078 4112/5857/3079 4111/5844/3066
f 4120/5858/3080 4113/5847/3081 4112/5846/3068
f 4121/5859/3082 4114/5860/3071 4113/5847/3070
f 4122/5861/3083 4115/5850/3072 4114/5849/3071
f 4123/5862/3084 4124/5863/3085 4116/5864/3073
f 4116/5865/3073 4125/5866/3086 4117/5853/3074
f 4117/5853/3087 4126/5867/3088 4118/5854/3076
f 4118/5868/3089 4127/5869/3090 4119/5870/3078
f 4127/5869/3090 4120/5871/3091 4119/5870/3078
f 4128/5872/3092 4121/5859/3093 4120/5858/3080
f 4129/5873/3094 4122/5874/3083 4121/5859/3082
f 4130/5875/3095 4123/5862/3084 4122/5876/3083
f 4131/5877/3096 4132/5878/3097 4124/5863/3085
f 4124/5879/3085 4133/5880/3098 4125/5866/3086
f 4125/5866/3099 4134/5881/3100 4126/5867/3088
f 4126/5882/3101 4135/5883/3102 4127/5869/3090
f 4135/5883/3102 4128/5884/3103 4127/5869/3090
f 4136/5885/3104 4129/5873/3105 4128/5872/3092
f 4137/5886/3106 4130/5887/3095 4129/5873/3094
f 4138/5888/3107 4131/5877/3096 4130/5875/3095
f 4139/5889/3108 4132/5878/3097 4140/5890/3109
f 4141/5891/3110 4133/5880/3098 4132/5892/3097
f 4142/5893/3111 4134/5881/3100 4133/5880/3112
f 4143/5894/3113 4135/5883/3102 4134/5895/3100
f 4144/5896/3114 4136/5897/3104 4135/5883/3102
f 4145/5898/3115 4137/5886/3116 4136/5885/3104
f 4146/5899/3117 4138/5900/3107 4137/5886/3106
f 4147/5901/3118 4140/5890/3109 4138/5888/3107
f 4148/5902/3119 4141/5903/3110 4139/5889/3108
f 4149/5904/3120 4142/5893/3121 4141/5891/3110
f 4150/5905/3122 4143/5906/3113 4142/5893/3111
f 4151/5907/3123 4144/5896/3114 4143/5894/3113
f 4144/5896/3114 4152/5908/3124 4145/5909/3115
f 4145/5898/3115 4153/5910/3125 4146/5899/3126
f 4146/5899/3117 4154/5911/3127 4147/5912/3118
f 4147/5901/3118 4148/5902/3119 4139/5889/3108
f 4155/5913/3128 4149/5914/3120 4148/5902/3119
f 4156/5915/3129 4150/5905/3130 4149/5904/3120
f 4157/5916/3131 4151/5917/3132 4150/5905/3122
f 4158/5918/3133 4159/5919/3134 4151/5907/3123
f 4159/5919/3134 4160/5920/3135 4152/5908/3124
f 4152/5921/3136 4161/5922/3137 4153/5910/3125
f 4153/5910/3138 4162/5923/3139 4154/5911/3127
f 4154/5924/3127 4155/5913/3128 4148/5902/3119
f 4163/5925/3140 4156/5926/3129 4155/5927/3128
f 4164/5928/3141 4157/5916/3142 4156/5915/3129
f 4165/5929/3143 4158/5930/3144 4157/5916/3131
f 4166/5931/3145 4167/5932/3146 4158/5933/3133
f 4167/5932/3146 4168/5934/3147 4160/5935/3135
f 4160/5936/3148 4169/5937/3149 4161/5922/3137
f 4161/5922/3150 4170/5938/3151 4162/5923/3139
f 4162/5939/3139 4163/5925/3140 4155/5927/3128
f 4171/5940/3152 4164/5941/3141 4163/5925/3140
f 4172/5942/3153 4165/5929/3154 4164/5928/3141
f 4173/5943/3155 4166/5944/3156 4165/5929/3143
f 4174/5945/3157 4175/5946/3158 4166/5931/3145
f 4175/5946/3158 4176/5947/3159 4168/5934/3147
f 4168/5948/3160 4177/5949/3161 4169/5937/3149
f 4169/5937/3162 4178/5950/3163 4170/5938/3151
f 4170/5951/3151 4171/5940/3152 4163/5925/3140
f 4179/5952/3164 4172/5953/3153 4171/5940/3152
f 4180/5954/3165 4173/5943/3166 4172/5942/3153
f 4181/5955/3167 4174/5956/3168 4173/5943/3155
f 4182/5957/3169 4183/5958/3170 4174/5945/3157
f 4183/5958/3170 4184/5959/3171 4176/5947/3159
f 4176/5960/3172 4185/5961/3173 4177/5949/3161
f 4177/5949/3174 4186/5962/3175 4178/5950/3163
f 4178/5963/3163 4179/5952/3164 4171/5940/3152
f 4187/5964/1903 4180/5965/3165 4179/5952/3164
f 4188/5966/3176 4181/5955/3177 4180/5954/3165
f 4189/5967/3036 4182/5968/3178 4181/5955/3167
f 4190/5969/3179 4191/5970/3180 4182/5957/3169
f 4191/5970/3180 4192/5971/3181 4184/5959/3171
f 4184/5972/3171 4193/5973/3046 4185/5961/3173
f 4185/5961/3182 4194/5974/3183 4186/5962/3175
f 4186/5975/3175 4187/5964/1903 4179/5952/3164
f 4187/5964/1903 4195/5976/3184 4188/5977/3176
f 4188/5966/3176 4196/5978/3038 4189/5967/3037
f 4189/5967/3036 4197/5979/3185 4190/5980/3179
f 4190/5969/3179 4198/5981/3186 4199/5982/1904
f 4198/5981/3186 4192/5971/3181 4199/5982/1904
f 4200/5983/3187 4193/5973/3046 4192/5984/3181
f 4201/5985/3042 4194/5974/3183 4193/5973/3043
f 4202/5986/3188 4187/5964/1903 4194/5987/3183
f 4203/5988/3189 4204/5989/3190 4195/5976/3184
f 4195/5990/3184 4205/5991/3191 4196/5978/3038
f 4196/5978/3192 4206/5992/3193 4197/5979/3185
f 4197/5993/3185 4207/5994/3194 4198/5981/3186
f 4207/5994/3194 4200/5995/3187 4198/5981/3186
f 4208/5996/3195 4201/5985/3196 4200/5983/3187
f 4209/5997/3197 4202/5998/3188 4201/5985/3042
f 4210/5999/3198 4203/5988/3189 4202/5986/3188
f 4211/6000/3199 4212/6001/3200 4204/5989/3190
f 4204/6002/3190 4213/6003/3201 4205/5991/3191
f 4205/5991/3202 4214/6004/3203 4206/5992/3193
f 4206/6005/3204 4215/6006/3205 4207/5994/3194
f 4215/6006/3205 4208/6007/3206 4207/5994/3194
f 4216/6008/3207 4209/5997/3208 4208/5996/3195
f 4217/6009/3209 4210/6010/3198 4209/5997/3197
f 4218/6011/3210 4211/6000/3199 4210/5999/3198
f 4219/6012/3211 4220/6013/3212 4212/6001/3200
f 4212/6014/3200 4221/6015/3213 4213/6003/3201
f 4213/6003/3214 4222/6016/3215 4214/6004/3203
f 4214/6017/3216 4223/6018/3217 4215/6006/3205
f 4223/6018/3217 4216/6019/3218 4215/6006/3205
f 4224/6020/3219 4217/6009/3220 4216/6008/3207
f 4225/6021/3221 4218/6022/3210 4217/6009/3209
f 4226/6023/3222 4219/6012/3211 4218/6011/3210
f 4227/6024/3223 4228/6025/3224 4220/6026/3212
f 4220/6027/3212 4229/6028/3225 4221/6015/3213
f 4221/6015/3226 4230/6029/3227 4222/6016/3215
f 4222/6030/3228 4231/6031/3229 4223/6032/3217
f 4231/6031/3229 4224/6033/3230 4223/6032/3217
f 4232/6034/3231 4225/6021/3232 4224/6020/3219
f 4233/6035/3233 4226/6036/3222 4225/6021/3221
f 4234/6037/3234 4227/6024/3223 4226/6038/3222
f 4235/6039/3235 4236/6040/3236 4228/6025/3224
f 4228/6041/3224 4237/6042/3237 4229/6028/3225
f 4229/6028/3238 4238/6043/3239 4230/6029/3227
f 4230/6044/3240 4239/6045/3241 4231/6031/3229
f 4239/6045/3241 4232/6046/3242 4231/6031/3229
f 4240/6047/3243 4233/6035/3244 4232/6034/3231
f 4241/6048/3245 4234/6049/3234 4233/6035/3233
f 4242/6050/3246 4235/6039/3235 4234/6037/3234
f 4243/6051/3247 4236/6040/3236 4244/6052/3248
f 4245/6053/3249 4237/6042/3237 4236/6054/3236
f 4246/6055/3250 4238/6043/3239 4237/6042/3251
f 4247/6056/3252 4239/6045/3241 4238/6057/3239
f 4248/6058/3253 4240/6059/3243 4239/6045/3241
f 4249/6060/3254 4241/6048/3255 4240/6047/3243
f 4250/6061/3256 4242/6062/3246 4241/6048/3245
f 4251/6063/3257 4244/6052/3248 4242/6050/3246
f 4252/6064/3258 4245/6065/3249 4243/6051/3247
f 4253/6066/3259 4246/6055/3260 4245/6053/3249
f 4254/6067/3261 4247/6068/3252 4246/6055/3250
f 4255/6069/3262 4248/6058/3253 4247/6056/3252
f 4248/6058/3253 4256/6070/3263 4249/6071/3254
f 4249/6060/3254 4257/6072/3264 4250/6061/3265
f 4250/6061/3256 4258/6073/3266 4251/6074/3257
f 4251/6063/3257 4252/6064/3258 4243/6051/3247
f 4259/6075/3267 4253/6076/3259 4252/6064/3258
f 4260/6077/3268 4254/6067/3269 4253/6066/3259
f 4261/6078/3270 4255/6079/3271 4254/6067/3261
f 4262/6080/3272 4263/6081/3273 4255/6069/3262
f 4263/6081/3273 4264/6082/3274 4256/6070/3263
f 4256/6083/3275 4265/6084/3276 4257/6072/3264
f 4257/6072/3277 4266/6085/3278 4258/6073/3266
f 4258/6086/3266 4259/6075/3267 4252/6064/3258
f 4267/6087/3279 4260/6088/3268 4259/6089/3267
f 4268/6090/3280 4261/6078/3281 4260/6077/3268
f 4269/6091/3282 4262/6092/3283 4261/6078/3270
f 4270/6093/3284 4271/6094/3285 4262/6095/3272
f 4271/6094/3285 4272/6096/3286 4264/6097/3274
f 4264/6098/3287 4273/6099/3288 4265/6084/3276
f 4265/6084/3289 4274/6100/3290 4266/6085/3278
f 4266/6101/3278 4267/6087/3279 4259/6089/3267
f 4275/6102/3291 4268/6103/3280 4267/6087/3279
f 4276/6104/3292 4269/6091/3293 4268/6090/3280
f 4277/6105/3294 4270/6106/3295 4269/6091/3282
f 4278/6107/3296 4279/6108/3297 4270/6093/3284
f 4279/6108/3297 4280/6109/3298 4272/6096/3286
f 4272/6110/3299 4281/6111/3300 4273/6099/3288
f 4273/6099/3301 4282/6112/3302 4274/6100/3290
f 4274/6113/3290 4275/6102/3291 4267/6087/3279
f 4283/6114/3303 4276/6115/3292 4275/6102/3291
f 4284/6116/3304 4277/6105/3305 4276/6104/3292
f 4285/6117/3306 4278/6118/3307 4277/6105/3294
f 4286/6119/3308 4287/6120/3309 4278/6107/3296
f 4287/6120/3309 4288/6121/3310 4280/6109/3298
f 4280/6122/3311 4289/6123/3312 4281/6111/3300
f 4281/6111/3313 4290/6124/3314 4282/6112/3302
f 4282/6125/3302 4283/6114/3303 4275/6102/3291
f 4084/5807/1904 4284/6126/3304 4283/6114/3303
f 4086/5810/3034 4285/6117/3178 4284/6116/3304
f 4088/5812/3037 4286/6127/3177 4285/6117/3306
f 4090/5815/3039 4291/6128/3315 4286/6119/3308
f 4291/6128/3315 4093/5818/3041 4288/6121/3310
f 4288/6129/3182 4095/5820/3043 4289/6123/3312
f 4289/6123/3316 4097/5823/3045 4290/6124/3314
f 4290/6130/3314 4084/5807/1904 4283/6114/3303
f 4292/6131/3317 4293/6132/3318 4294/6133/3319
f 4294/6134/3319 4295/6135/3320 4296/6136/3321
f 4296/6136/3322 4297/6137/3323 4298/6138/3322
f 4298/6139/3324 4299/6140/3325 4300/6141/3326
f 4299/6140/3325 4301/6142/3327 4300/6141/3326
f 4302/6143/3328 4303/6144/3329 4301/6145/3327
f 4304/6146/3330 4305/6147/3331 4303/6144/3332
f 4306/6148/3333 4292/6131/3317 4305/6149/3331
f 4307/6150/3334 4308/6151/3335 4293/6132/3318
f 4293/6152/3318 4309/6153/3336 4295/6135/3320
f 4295/6135/3323 4310/6154/3337 4297/6137/3323
f 4297/6155/3338 4311/6156/3339 4299/6140/3325
f 4311/6156/3339 4302/6157/3340 4299/6140/3325
f 4312/6158/3341 4304/6146/3328 4302/6143/3328
f 4313/6159/3342 4306/6160/3333 4304/6146/3330
f 4314/6161/3343 4307/6150/3334 4306/6148/3333
f 4315/6162/3344 4316/6163/3345 4308/6151/3335
f 4308/6164/3335 4317/6165/3346 4309/6153/3336
f 4309/6153/3347 4318/6166/3348 4310/6154/3337
f 4310/6167/3349 4319/6168/3350 4311/6156/3339
f 4319/6168/3350 4312/6169/3351 4311/6156/3339
f 4320/6170/3352 4313/6159/3353 4312/6158/3341
f 4321/6171/3354 4314/6172/3343 4313/6159/3342
f 4322/6173/3355 4315/6162/3344 4314/6161/3343
f 4323/6174/3356 4324/6175/3357 4316/6176/3345
f 4316/6177/3345 4325/6178/3358 4317/6165/3346
f 4317/6165/3359 4326/6179/3360 4318/6166/3348
f 4318/6180/3361 4327/6181/3362 4319/6182/3350
f 4327/6181/3362 4320/6183/3363 4319/6182/3350
f 4328/6184/3364 4321/6171/3365 4320/6170/3352
f 4329/6185/3366 4322/6186/3355 4321/6171/3354
f 4330/6187/3367 4323/6188/3356 4322/6173/3355
f 4331/6189/3368 4332/6190/3369 4324/6175/3357
f 4324/6191/3357 4333/6192/3370 4325/6178/3358
f 4325/6178/3371 4334/6193/3372 4326/6179/3360
f 4326/6194/3373 4335/6195/3374 4327/6181/3362
f 4335/6195/3374 4328/6196/3375 4327/6181/3362
f 4336/6197/3376 4329/6185/3377 4328/6184/3364
f 4337/6198/3378 4330/6199/3367 4329/6185/3366
f 4338/6200/3379 4331/6189/3368 4330/6201/3367
f 4339/6202/3380 4340/6203/3381 4332/6190/3369
f 4332/6204/3369 4341/6205/3382 4333/6192/3370
f 4333/6192/3383 4342/6206/3384 4334/6193/3372
f 4334/6207/3385 4343/6208/3386 4335/6195/3374
f 4343/6208/3386 4336/6209/3387 4335/6195/3374
f 4344/6210/3388 4337/6198/3389 4336/6197/3376
f 4345/6211/3390 4338/6212/3379 4337/6198/3378
f 4346/6213/3391 4339/6202/3380 4338/6200/3379
f 4347/6214/3392 4348/6215/3393 4340/6203/3381
f 4348/6216/3393 4341/6205/3382 4340/6217/3381
f 4349/6218/3394 4342/6206/3384 4341/6205/3395
f 4342/6219/3384 4350/6220/3396 4343/6208/3386
f 4350/6220/3396 4344/6221/3388 4343/6208/3386
f 4344/6210/3388 4351/6222/3397 4345/6211/3398
f 4345/6211/3390 4352/6223/3399 4346/6224/3391
f 4352/6225/3399 4347/6214/3392 4346/6213/3391
f 4353/6226/3400 4348/6215/3393 4354/6227/3401
f 4355/6228/3402 4349/6218/3403 4348/6216/3393
f 4356/6229/3404 4357/6230/3405 4349/6218/3394
f 4358/6231/3406 4350/6220/3396 4357/6232/3405
f 4350/6220/3396 4359/6233/3407 4360/6234/3408
f 4360/6235/3408 4361/6236/3409 4351/6222/3397
f 4351/6222/3410 4362/6237/3411 4352/6223/3399
f 4352/6225/3399 4353/6226/3400 4354/6227/3401
f 4363/6238/3412 4355/6239/3402 4353/6226/3400
f 4364/6240/3413 4356/6229/3414 4355/6228/3402
f 4365/6241/3415 4358/6242/3416 4356/6229/3404
f 4366/6243/3417 4367/6244/3418 4358/6231/3406
f 4367/6245/3418 4368/6246/3419 4359/6247/3407
f 4359/6248/3420 4369/6249/3421 4361/6236/3409
f 4361/6236/3422 4370/6250/3423 4362/6237/3411
f 4362/6251/3411 4363/6238/3412 4353/6226/3400
f 4371/6252/3424 4364/6253/3413 4363/6254/3412
f 4372/6255/3425 4365/6241/3426 4364/6240/3413
f 4373/6256/3427 4366/6257/3428 4365/6241/3415
f 4374/6258/3429 4375/6259/3430 4366/6260/3417
f 4375/6259/3430 4376/6261/3431 4368/6246/3419
f 4368/6262/3432 4377/6263/3433 4369/6249/3421
f 4369/6249/3434 4378/6264/3435 4370/6250/3423
f 4370/6265/3423 4371/6252/3424 4363/6254/3412
f 4379/6266/3436 4372/6267/3425 4371/6252/3424
f 4380/6268/3437 4373/6256/3438 4372/6255/3425
f 4381/6269/3439 4374/6270/3440 4373/6256/3427
f 4382/6271/3441 4383/6272/3442 4374/6258/3429
f 4383/6272/3442 4384/6273/3443 4376/6261/3431
f 4376/6274/3444 4385/6275/3445 4377/6263/3433
f 4377/6263/3446 4386/6276/3447 4378/6264/3435
f 4378/6277/3435 4379/6266/3436 4371/6252/3424
f 4387/6278/3448 4380/6279/3437 4379/6266/3436
f 4388/6280/3449 4381/6269/3450 4380/6268/3437
f 4389/6281/3451 4382/6282/3452 4381/6269/3439
f 4390/6283/3453 4391/6284/3454 4382/6271/3441
f 4391/6284/3454 4392/6285/3455 4384/6273/3443
f 4384/6286/3456 4393/6287/3457 4385/6275/3445
f 4385/6275/3458 4394/6288/3459 4386/6276/3447
f 4386/6289/3447 4387/6278/3448 4379/6266/3436
f 4395/6290/3326 4388/6291/3449 4387/6278/3448
f 4396/6292/3460 4389/6281/3461 4388/6280/3449
f 4397/6293/3462 4390/6294/3453 4389/6281/3451
f 4398/6295/3463 4399/6296/3464 4390/6283/3453
f 4399/6296/3464 4400/6297/3465 4392/6285/3455
f 4392/6298/3455 4401/6299/3332 4393/6287/3457
f 4393/6287/3466 4402/6300/3467 4394/6288/3459
f 4394/6301/3459 4395/6290/3326 4387/6278/3448
f 4395/6290/3326 4403/6302/3468 4396/6303/3460
f 4396/6292/3460 4404/6304/3323 4397/6293/3322
f 4397/6293/3462 4405/6305/3469 4398/6306/3463
f 4398/6295/3463 4406/6307/3470 4407/6308/3317
f 4406/6307/3470 4400/6297/3465 4407/6308/3317
f 4408/6309/3471 4401/6299/3332 4400/6310/3465
f 4409/6311/3328 4402/6300/3467 4401/6299/3329
f 4410/6312/3472 4395/6290/3326 4402/6313/3467
f 4411/6314/3473 4412/6315/3474 4403/6302/3468
f 4403/6316/3468 4413/6317/3475 4404/6304/3323
f 4404/6304/3320 4414/6318/3336 4405/6305/3469
f 4405/6319/3469 4415/6320/3476 4406/6307/3470
f 4415/6320/3476 4408/6321/3471 4406/6307/3470
f 4416/6322/3477 4409/6311/3330 4408/6309/3471
f 4417/6323/3478 4410/6324/3472 4409/6311/3328
f 4418/6325/3479 4411/6314/3473 4410/6312/3472
f 4419/6326/3480 4420/6327/3481 4412/6315/3474
f 4412/6328/3474 4421/6329/3482 4413/6317/3475
f 4413/6317/3483 4422/6330/3484 4414/6318/3336
f 4414/6331/3485 4423/6332/3486 4415/6320/3476
f 4423/6332/3486 4416/6333/3487 4415/6320/3476
f 4424/6334/3488 4417/6323/3489 4416/6322/3477
f 4425/6335/3490 4418/6336/3479 4417/6323/3478
f 4426/6337/3491 4419/6326/3480 4418/6325/3479
f 4427/6338/3492 4428/6339/3493 4420/6340/3481
f 4420/6341/3481 4429/6342/3494 4421/6329/3482
f 4421/6329/3495 4430/6343/3496 4422/6330/3484
f 4422/6344/3497 4431/6345/3498 4423/6346/3486
f 4431/6347/3498 4424/6348/3499 4423/6332/3486
f 4432/6349/3500 4425/6335/3501 4424/6334/3488
f 4433/6350/3502 4426/6351/3491 4425/6335/3490
f 4434/6352/3503 4427/6338/3492 4426/6353/3491
f 4435/6354/3504 4436/6355/3505 4428/6339/3493
f 4428/6356/3493 4437/6357/3506 4429/6342/3494
f 4429/6342/3507 4438/6358/3508 4430/6343/3496
f 4430/6359/3509 4439/6360/3510 4431/6345/3498
f 4439/6360/3510 4432/6361/3511 4431/6345/3498
f 4440/6362/3512 4433/6350/3513 4432/6349/3500
f 4441/6363/3514 4434/6364/3503 4433/6350/3502
f 4442/6365/3515 4435/6354/3504 4434/6352/3503
f 4443/6366/3516 4444/6367/3517 4436/6355/3505
f 4436/6368/3505 4445/6369/3518 4437/6357/3506
f 4437/6357/3519 4446/6370/3520 4438/6358/3508
f 4438/6371/3521 4447/6372/3522 4439/6360/3510
f 4447/6372/3522 4440/6373/3523 4439/6360/3510
f 4448/6374/3524 4441/6363/3525 4440/6362/3512
f 4449/6375/3526 4442/6376/3515 4441/6363/3514
f 4450/6377/3527 4443/6366/3516 4442/6365/3515
f 4451/6378/3528 4452/6379/3529 4444/6367/3517
f 4452/6380/3529 4445/6369/3518 4444/6381/3517
f 4453/6382/3530 4446/6370/3520 4445/6369/3531
f 4446/6383/3520 4454/6384/3532 4447/6372/3522
f 4454/6384/3532 4448/6385/3524 4447/6372/3522
f 4448/6374/3524 4455/6386/3533 4449/6375/3534
f 4449/6375/3526 4456/6387/3535 4450/6388/3527
f 4456/6389/3535 4451/6378/3528 4450/6377/3527
f 4457/6390/3536 4452/6379/3529 4458/6391/3537
f 4459/6392/3538 4453/6382/3539 4452/6380/3529
f 4460/6393/3540 4461/6394/3541 4453/6382/3530
f 4462/6395/3542 4454/6384/3532 4461/6396/3541
f 4454/6384/3532 4463/6397/3543 4464/6398/3544
f 4464/6399/3544 4465/6400/3545 4455/6386/3533
f 4455/6386/3546 4466/6401/3547 4456/6387/3535
f 4456/6389/3535 4457/6390/3536 4458/6391/3537
f 4467/6402/3548 4459/6403/3538 4457/6390/3536
f 4468/6404/3549 4460/6393/3550 4459/6392/3538
f 4469/6405/3551 4462/6406/3552 4460/6393/3540
f 4470/6407/3553 4471/6408/3554 4462/6395/3542
f 4471/6408/3554 4472/6409/3555 4463/6397/3543
f 4463/6410/3556 4473/6411/3557 4465/6400/3545
f 4465/6400/3558 4474/6412/3559 4466/6401/3547
f 4466/6413/3547 4467/6414/3548 4457/6415/3536
f 4475/6416/3560 4468/6417/3549 4467/6414/3548
f 4476/6418/3561 4469/6405/3562 4468/6404/3549
f 4477/6419/3563 4470/6420/3564 4469/6405/3551
f 4478/6421/3565 4479/6422/3566 4470/6423/3553
f 4479/6422/3566 4480/6424/3567 4472/6425/3555
f 4472/6426/3568 4481/6427/3569 4473/6411/3557
f 4473/6411/3570 4482/6428/3571 4474/6412/3559
f 4474/6429/3559 4475/6416/3560 4467/6414/3548
f 4483/6430/3572 4476/6431/3561 4475/6416/3560
f 4484/6432/3573 4477/6419/3574 4476/6418/3561
f 4485/6433/3575 4478/6434/3576 4477/6419/3563
f 4486/6435/3577 4487/6436/3578 4478/6421/3565
f 4487/6436/3578 4488/6437/3579 4480/6424/3567
f 4480/6438/3580 4489/6439/3581 4481/6427/3569
f 4481/6427/3582 4490/6440/3583 4482/6428/3571
f 4482/6441/3571 4483/6430/3572 4475/6416/3560
f 4491/6442/3584 4484/6443/3573 4483/6430/3572
f 4492/6444/3585 4485/6433/3586 4484/6432/3573
f 4493/6445/3587 4486/6446/3575 4485/6433/3575
f 4494/6447/3588 4495/6448/3589 4486/6435/3577
f 4495/6448/3589 4496/6449/3590 4488/6437/3579
f 4488/6450/3581 4497/6451/3591 4489/6439/3581
f 4489/6439/3592 4498/6452/3593 4490/6440/3583
f 4490/6453/3583 4491/6442/3584 4483/6430/3572
f 4292/6131/3317 4492/6454/3585 4491/6442/3584
f 4294/6134/3319 4493/6445/3594 4492/6444/3585
f 4296/6136/3322 4494/6455/3595 4493/6445/3587
f 4298/6139/3324 4499/6456/3596 4494/6447/3588
f 4499/6456/3596 4301/6142/3327 4496/6449/3590
f 4496/6457/3590 4303/6144/3329 4497/6451/3591
f 4497/6451/3597 4305/6147/3331 4498/6452/3593
f 4498/6458/3593 4292/6131/3317 4491/6442/3584
f 4500/6459/3598 4501/6460/3599 4502/6461/3600
f 4502/6462/3600 4503/6463/3601 4504/6464/3602
f 4504/6464/3603 4505/6465/3604 4506/6466/3603
f 4506/6467/3605 4507/6468/3606 4508/6469/3607
f 4507/6468/3606 4509/6470/3608 4508/6469/3607
f 4510/6471/3609 4511/6472/3610 4509/6473/3610
f 4512/6474/3611 4513/6475/3612 4511/6472/3613
f 4514/6476/3614 4500/6459/3598 4513/6477/3612
f 4515/6478/3615 4516/6479/3616 4501/6460/3599
f 4501/6480/3599 4517/6481/3617 4503/6463/3601
f 4503/6463/3618 4518/6482/3619 4505/6465/3604
f 4505/6483/3620 4519/6484/3621 4507/6468/3606
f 4519/6484/3621 4510/6485/3622 4507/6468/3606
f 4520/6486/3623 4512/6474/3624 4510/6471/3609
f 4521/6487/3625 4514/6488/3614 4512/6474/3611
f 4522/6489/3626 4515/6478/3615 4514/6476/3614
f 4523/6490/3627 4524/6491/3628 4516/6492/3616
f 4516/6493/3616 4525/6494/3629 4517/6481/3617
f 4517/6481/3630 4526/6495/3631 4518/6482/3619
f 4518/6496/3632 4527/6497/3633 4519/6484/3621
f 4527/6497/3633 4520/6498/3634 4519/6484/3621
f 4528/6499/3635 4521/6487/3636 4520/6486/3623
f 4529/6500/3637 4522/6501/3626 4521/6487/3625
f 4530/6502/3638 4523/6503/3627 4522/6489/3626
f 4531/6504/3639 4532/6505/3640 4524/6491/3628
f 4524/6506/3628 4533/6507/3641 4525/6494/3629
f 4525/6494/3642 4534/6508/3643 4526/6495/3631
f 4526/6509/3644 4535/6510/3645 4527/6511/3633
f 4535/6510/3645 4528/6512/3646 4527/6511/3633
f 4536/6513/3647 4529/6500/3648 4528/6499/3635
f 4537/6514/3649 4530/6515/3638 4529/6500/3637
f 4538/6516/3650 4531/6504/3639 4530/6517/3638
f 4539/6518/3651 4540/6519/3652 4532/6505/3640
f 4532/6520/3640 4541/6521/3653 4533/6507/3641
f 4533/6507/3654 4542/6522/3655 4534/6508/3643
f 4534/6523/3656 4543/6524/3657 4535/6510/3645
f 4543/6524/3657 4536/6525/3658 4535/6510/3645
f 4544/6526/3659 4537/6514/3660 4536/6513/3647
f 4545/6527/3661 4538/6528/3650 4537/6514/3649
f 4546/6529/3662 4539/6518/3651 4538/6516/3650
f 4547/6530/3663 4548/6531/3664 4540/6519/3652
f 4540/6532/3652 4549/6533/3665 4541/6521/3653
f 4541/6521/3666 4550/6534/3667 4542/6522/3655
f 4542/6535/3668 4551/6536/3669 4543/6524/3657
f 4551/6536/3669 4544/6537/3670 4543/6524/3657
f 4552/6538/3671 4545/6527/3672 4544/6526/3659
f 4553/6539/3673 4546/6540/3662 4545/6527/3661
f 4554/6541/3674 4547/6530/3663 4546/6529/3662
f 4555/6542/3675 4556/6543/3676 4548/6531/3664
f 4556/6544/3676 4549/6533/3665 4548/6545/3664
f 4557/6546/3677 4550/6534/3667 4549/6533/3678
f 4550/6547/3667 4558/6548/3679 4551/6536/3669
f 4558/6548/3679 4552/6549/3671 4551/6536/3669
f 4552/6538/3671 4559/6550/3680 4553/6539/3681
f 4553/6539/3673 4560/6551/3682 4554/6552/3674
f 4560/6553/3682 4555/6542/3675 4554/6541/3674
f 4561/6554/3683 4556/6543/3676 4562/6555/3684
f 4563/6556/3685 4557/6546/3686 4556/6544/3676
f 4564/6557/3687 4565/6558/3688 4557/6546/3677
f 4566/6559/3689 4558/6548/3679 4565/6560/3688
f 4558/6548/3679 4567/6561/3690 4568/6562/3691
f 4568/6563/3691 4569/6564/3692 4559/6550/3680
f 4559/6550/3693 4570/6565/3694 4560/6551/3682
f 4560/6553/3682 4561/6554/3683 4562/6555/3684
f 4571/6566/3695 4563/6567/3685 4561/6568/3683
f 4572/6569/3696 4564/6557/3697 4563/6556/3685
f 4573/6570/3698 4566/6571/3699 4564/6557/3687
f 4574/6572/3700 4575/6573/3701 4566/6559/3689
f 4575/6574/3701 4576/6575/3702 4567/6576/3690
f 4567/6577/3703 4577/6578/3704 4569/6564/3692
f 4569/6564/3705 4578/6579/3706 4570/6565/3694
f 4570/6580/3694 4571/6566/3695 4561/6568/3683
f 4579/6581/3707 4572/6582/3696 4571/6566/3695
f 4580/6583/3708 4573/6570/3709 4572/6569/3696
f 4581/6584/3710 4574/6585/3711 4573/6570/3698
f 4582/6586/3712 4583/6587/3713 4574/6588/3700
f 4583/6587/3713 4584/6589/3714 4576/6575/3702
f 4576/6590/3715 4585/6591/3716 4577/6578/3704
f 4577/6578/3717 4586/6592/3718 4578/6579/3706
f 4578/6593/3706 4579/6581/3707 4571/6566/3695
f 4587/6594/3719 4580/6595/3708 4579/6581/3707
f 4588/6596/3720 4581/6584/3721 4580/6583/3708
f 4589/6597/3722 4582/6598/3723 4581/6584/3710
f 4590/6599/3724 4591/6600/3725 4582/6586/3712
f 4591/6600/3725 4592/6601/3726 4584/6589/3714
f 4584/6602/3727 4593/6603/3728 4585/6591/3716
f 4585/6591/3729 4594/6604/3730 4586/6592/3718
f 4586/6605/3718 4587/6594/3719 4579/6581/3707
f 4595/6606/3731 4588/6607/3720 4587/6594/3719
f 4596/6608/3732 4589/6597/3733 4588/6596/3720
f 4597/6609/3734 4590/6610/3735 4589/6597/3722
f 4598/6611/3736 4599/6612/3737 4590/6599/3724
f 4599/6612/3737 4600/6613/3738 4592/6601/3726
f 4592/6614/3739 4601/6615/3740 4593/6603/3728
f 4593/6603/3741 4602/6616/3742 4594/6604/3730
f 4594/6617/3730 4595/6606/3731 4587/6594/3719
f 4603/6618/3607 4596/6619/3732 4595/6606/3731
f 4604/6620/3743 4597/6609/3744 4596/6608/3732
f 4605/6621/3602 4598/6622/3745 4597/6609/3734
f 4606/6623/3746 4607/6624/3747 4598/6611/3736
f 4607/6624/3747 4608/6625/3748 4600/6613/3738
f 4600/6626/3749 4609/6627/3613 4601/6615/3740
f 4601/6615/3750 4610/6628/3751 4602/6616/3742
f 4602/6629/3742 4603/6618/3607 4595/6606/3731
f 4603/6618/3607 4611/6630/3752 4604/6631/3743
f 4604/6620/3743 4612/6632/3753 4605/6621/3603
f 4605/6621/3602 4613/6633/3754 4606/6634/3602
f 4606/6623/3746 4614/6635/3755 4615/6636/3598
f 4614/6635/3755 4608/6625/3748 4615/6636/3598
f 4616/6637/3756 4609/6627/3613 4608/6638/3613
f 4617/6639/3757 4610/6628/3751 4609/6627/3610
f 4618/6640/3758 4603/6618/3607 4610/6641/3751
f 4619/6642/3759 4620/6643/3760 4611/6630/3752
f 4611/6644/3752 4621/6645/3619 4612/6632/3753
f 4612/6632/3761 4622/6646/3617 4613/6633/3754
f 4613/6647/3762 4623/6648/3763 4614/6635/3755
f 4623/6648/3763 4616/6649/3764 4614/6635/3755
f 4624/6650/3625 4617/6639/3756 4616/6637/3756
f 4625/6651/3623 4618/6652/3758 4617/6639/3757
f 4626/6653/3765 4619/6642/3759 4618/6640/3758
f 4627/6654/3766 4628/6655/3767 4620/6643/3760
f 4620/6656/3760 4629/6657/3768 4621/6645/3619
f 4621/6645/3769 4630/6658/3770 4622/6646/3617
f 4622/6659/3771 4631/6660/3772 4623/6661/3763
f 4631/6662/3772 4624/6663/3773 4623/6648/3763
f 4632/6664/3774 4625/6651/3775 4624/6650/3625
f 4633/6665/3635 4626/6666/3765 4625/6651/3623
f 4634/6667/3776 4627/6654/3766 4626/6653/3765
f 4635/6668/3777 4636/6669/3778 4628/6670/3767
f 4628/6671/3767 4637/6672/3779 4629/6657/3768
f 4629/6657/3780 4638/6673/3781 4630/6658/3770
f 4630/6674/3782 4639/6675/3783 4631/6660/3772
f 4639/6675/3783 4632/6676/3784 4631/6660/3772
f 4640/6677/3785 4633/6665/3786 4632/6664/3774
f 4641/6678/3787 4634/6679/3776 4633/6665/3635
f 4642/6680/3788 4635/6668/3777 4634/6681/3776
f 4643/6682/3789 4644/6683/3790 4636/6669/3778
f 4636/6684/3778 4645/6685/3791 4637/6672/3779
f 4637/6672/3792 4646/6686/3793 4638/6673/3781
f 4638/6687/3794 4647/6688/3795 4639/6675/3783
f 4647/6688/3795 4640/6689/3796 4639/6675/3783
f 4648/6690/3797 4641/6678/3798 4640/6677/3785
f 4649/6691/3799 4642/6692/3788 4641/6678/3787
f 4650/6693/3800 4643/6682/3789 4642/6680/3788
f 4651/6694/3801 4652/6695/3802 4644/6683/3790
f 4644/6696/3790 4653/6697/3803 4645/6685/3791
f 4645/6685/3804 4654/6698/3805 4646/6686/3793
f 4646/6699/3806 4655/6700/3807 4647/6688/3795
f 4655/6700/3807 4648/6701/3808 4647/6688/3795
f 4656/6702/3809 4649/6691/3810 4648/6690/3797
f 4657/6703/3811 4650/6704/3800 4649/6691/3799
f 4658/6705/3812 4651/6694/3801 4650/6693/3800
f 4659/6706/3813 4660/6707/3814 4652/6695/3802
f 4660/6708/3814 4653/6697/3803 4652/6709/3802
f 4661/6710/3815 4654/6698/3805 4653/6697/3816
f 4654/6711/3805 4662/6712/3817 4655/6700/3807
f 4662/6712/3817 4656/6713/3809 4655/6700/3807
f 4656/6702/3809 4663/6714/3818 4657/6703/3819
f 4657/6703/3811 4664/6715/3820 4658/6716/3812
f 4664/6717/3820 4659/6706/3813 4658/6705/3812
f 4665/6718/3821 4660/6707/3814 4666/6719/3822
f 4667/6720/3823 4661/6710/3824 4660/6708/3814
f 4668/6721/3825 4669/6722/3826 4661/6710/3815
f 4670/6723/3827 4662/6712/3817 4669/6724/3826
f 4662/6712/3817 4671/6725/3828 4672/6726/3829
f 4672/6727/3829 4673/6728/3830 4663/6714/3818
f 4663/6714/3831 4674/6729/3832 4664/6715/3820
f 4664/6717/3820 4665/6718/3821 4666/6719/3822
f 4675/6730/3833 4667/6731/3823 4665/6718/3821
f 4676/6732/3834 4668/6721/3835 4667/6720/3823
f 4677/6733/3836 4670/6734/3837 4668/6721/3825
f 4678/6735/3838 4679/6736/3839 4670/6737/3827
f 4679/6736/3839 4680/6738/3840 4671/6739/3828
f 4671/6740/3841 4681/6741/3842 4673/6728/3830
f 4673/6728/3843 4682/6742/3844 4674/6729/3832
f 4674/6743/3832 4675/6744/3833 4665/6745/3821
f 4683/6746/3845 4676/6747/3834 4675/6744/3833
f 4684/6748/3846 4677/6733/3847 4676/6732/3834
f 4685/6749/3848 4678/6750/3849 4677/6733/3836
f 4686/6751/3850 4687/6752/3851 4678/6735/3838
f 4687/6752/3851 4688/6753/3852 4680/6738/3840
f 4680/6754/3853 4689/6755/3854 4681/6741/3842
f 4681/6741/3855 4690/6756/3856 4682/6742/3844
f 4682/6757/3844 4683/6746/3845 4675/6744/3833
f 4691/6758/3857 4684/6759/3846 4683/6746/3845
f 4692/6760/3858 4685/6749/3859 4684/6748/3846
f 4693/6761/3860 4686/6762/3861 4685/6749/3848
f 4694/6763/3862 4695/6764/3863 4686/6751/3850
f 4695/6764/3863 4696/6765/3864 4688/6753/3852
f 4688/6766/3865 4697/6767/3866 4689/6755/3854
f 4689/6755/3867 4698/6768/3868 4690/6756/3856
f 4690/6769/3856 4691/6758/3857 4683/6746/3845
f 4699/6770/3869 4692/6771/3858 4691/6758/3857
f 4700/6772/3870 4693/6761/3871 4692/6760/3858
f 4701/6773/3872 4694/6774/3733 4693/6761/3860
f 4702/6775/3873 4703/6776/3874 4694/6763/3862
f 4703/6776/3874 4704/6777/3875 4696/6765/3864
f 4696/6778/3741 4705/6779/3876 4697/6767/3866
f 4697/6767/3877 4706/6780/3878 4698/6768/3868
f 4698/6781/3868 4699/6770/3869 4691/6758/3857
f 4500/6459/3598 4700/6782/3870 4699/6770/3869
f 4502/6462/3600 4701/6773/3745 4700/6772/3870
f 4504/6464/3603 4702/6783/3879 4701/6773/3872
f 4506/6467/3605 4707/6784/3880 4702/6775/3873
f 4707/6784/3880 4509/6470/3608 4704/6777/3875
f 4704/6785/3881 4511/6472/3610 4705/6779/3876
f 4705/6779/3882 4513/6475/3612 4706/6780/3878
f 4706/6786/3878 4500/6459/3598 4699/6770/3869
f 4708/6787/3883 4709/6788/3883 4710/6789/3883
f 4711/6790/3884 4709/6791/3884 4712/6792/3884
f 4711/6793/1626 4713/6794/1626 4714/6795/1626
f 4715/6796/3885 4713/6797/3885 4716/6798/3885
f 4715/6799/3886 4710/6789/3886 4717/6800/3886
f 4716/6801/3887 4711/6802/3887 4712/6803/3887
f 4709/6804/3888 4714/6805/3888 4713/6806/3888
f 4718/6807/3889 4719/6808/3889 4720/6809/3889
f 4721/6810/3890 4722/6811/3891 4719/6812/3891
f 4723/6813/1907 4722/6814/1907 4724/6815/1907
f 4723/6816/3892 4725/6817/3893 4726/6818/3893
f 4727/6819/3894 4720/6809/3894 4725/6820/3894
f 4724/6821/3895 4721/6822/3895 4718/6823/3896
f 4722/6824/3897 4726/6825/3897 4725/6826/3898
f 4728/6827/3899 4729/6828/3899 4730/6829/3899
f 4728/6830/3900 4731/6831/3900 4732/6832/3900
f 4733/6833/1626 4731/6834/1626 4734/6835/1626
f 4733/6836/3901 4735/6837/3901 4736/6838/3901
f 4730/6829/3902 4735/6839/3902 4737/6840/3902
f 4734/6841/3903 4728/6842/3903 4730/6843/3903
f 4732/6844/3904 4736/6845/3904 4735/6846/3904
f 4738/6847/3905 4739/6848/3905 4740/6849/3905
f 4741/6850/3906 4739/6851/3906 4742/6852/3906
f 4741/6853/1626 4743/6854/1626 4744/6855/1626
f 4745/6856/3907 4743/6857/3908 4746/6858/3907
f 4745/6859/3909 4740/6849/3909 4747/6860/3909
f 4741/6861/3910 4742/6862/3910 4738/6863/3910
f 4739/6864/3911 4744/6865/3912 4743/6866/3911
f 4748/6867/1905 4749/6868/1905 4750/6869/1905
f 4751/6870/1906 4752/6871/1906 4753/6872/1906
f 4754/6873/1907 4753/6874/1907 4749/6875/1907
f 4748/6876/1904 4751/6877/1904 4754/6878/1904
f 4750/6879/1626 4755/6880/1626 4748/6881/1626
f 4749/6882/1903 4752/6883/1903 4750/6884/1903
f 4756/6885/1905 4757/6886/1905 4758/6887/1905
f 4759/6888/1906 4760/6889/1906 4761/6890/1906
f 4762/6891/1907 4761/6892/1907 4757/6893/1907
f 4756/6894/1904 4759/6895/1904 4762/6896/1904
f 4758/6897/1626 4763/6898/1626 4756/6899/1626
f 4757/6900/1903 4760/6901/1903 4758/6902/1903
f 4764/6903/1905 4765/6904/1905 4766/6905/1905
f 4767/6906/1906 4768/6907/1906 4769/6908/1906
f 4770/6909/1907 4769/6910/1907 4765/6911/1907
f 4764/6912/1904 4767/6913/1904 4770/6914/1904
f 4766/6915/1626 4771/6916/1626 4764/6917/1626
f 4765/6918/1903 4768/6919/1903 4766/6920/1903
f 4772/6921/1905 4773/6922/1905 4774/6923/1905
f 4775/6924/1906 4776/6925/1906 4777/6926/1906
f 4778/6927/1907 4777/6928/1907 4773/6929/1907
f 4772/6930/1904 4775/6931/1904 4778/6932/1904
f 4774/6933/1626 4779/6934/1626 4772/6935/1626
f 4773/6936/1903 4776/6937/1903 4774/6938/1903
f 4780/6939/1905 4781/6940/1905 4782/6941/1905
f 4783/6942/1906 4784/6943/1906 4785/6944/1906
f 4786/6945/1907 4785/6946/1907 4781/6947/1907
f 4780/6948/1904 4783/6949/1904 4786/6950/1904
f 4782/6951/1626 4787/6952/1626 4780/6953/1626
f 4781/6954/1903 4784/6955/1903 4782/6956/1903
f 4788/6957/1905 4789/6958/1905 4790/6959/1905
f 4791/6960/1906 4792/6961/1906 4793/6962/1906
f 4794/6963/1907 4793/6964/1907 4789/6965/1907
f 4788/6966/1904 4791/6967/1904 4794/6968/1904
f 4790/6969/1626 4795/6970/1626 4788/6971/1626
f 4789/6972/1903 4792/6973/1903 4790/6974/1903
f 4796/6975/1905 4797/6976/1905 4798/6977/1905
f 4799/6978/1906 4800/6979/1906 4801/6980/1906
f 4802/6981/1907 4801/6982/1907 4797/6983/1907
f 4796/6984/1904 4799/6985/1904 4802/6986/1904
f 4798/6987/1626 4803/6988/1626 4796/6989/1626
f 4797/6990/1903 4800/6991/1903 4798/6992/1903
f 4804/6993/1905 4805/6994/1905 4806/6995/1905
f 4807/6996/1906 4808/6997/1906 4809/6998/1906
f 4810/6999/1907 4809/7000/1907 4805/7001/1907
f 4804/7002/1904 4807/7003/1904 4810/7004/1904
f 4806/7005/1626 4811/7006/1626 4804/7007/1626
f 4805/7008/1903 4808/7009/1903 4806/7010/1903
f 4812/7011/1905 4813/7012/1905 4814/7013/1905
f 4815/7014/1906 4816/7015/1906 4817/7016/1906
f 4818/7017/1907 4817/7018/1907 4813/7019/1907
f 4812/7020/1904 4815/7021/1904 4818/7022/1904
f 4814/7023/1626 4819/7024/1626 4812/7025/1626
f 4813/7026/1903 4816/7027/1903 4814/7028/1903
f 4820/7029/3913 4821/7030/1904 4822/7031/1904
f 4823/7032/3914 4824/7033/3913 4820/7034/3913
f 4823/7032/3914 4825/7035/3915 4826/7036/3916
f 4827/7037/3917 4825/7038/3915 4828/7039/3915
f 4827/7037/3917 4829/7040/3918 4830/7041/3917
f 4831/7042/3919 4829/7040/3918 4832/7043/3918
f 4831/7044/3919 4833/7045/3920 4834/7046/3919
f 4835/7047/3921 4833/7048/3920 4836/7049/3922
f 4822/7031/1904 4837/7050/3923 4835/7047/3921
f 4832/7051/3924 4828/7052/3924 4820/7053/3924
f 4824/7054/3925 4829/7055/3925 4833/7056/3925
f 4838/7057/3913 4839/7058/1904 4840/7059/1904
f 4841/7060/3914 4842/7061/3913 4838/7062/3913
f 4841/7060/3914 4843/7063/3915 4844/7064/3916
f 4845/7065/3917 4843/7066/3915 4846/7067/3915
f 4845/7065/3917 4847/7068/3918 4848/7069/3917
f 4849/7070/3919 4847/7068/3918 4850/7071/3918
f 4849/7072/3919 4851/7073/3920 4852/7074/3919
f 4853/7075/3921 4851/7076/3920 4854/7077/3922
f 4840/7059/1904 4855/7078/3923 4853/7075/3921
f 4854/7079/3924 4846/7080/3924 4838/7081/3924
f 4851/7082/3925 4855/7083/3925 4842/7084/3925
f 4856/7085/3913 4857/7086/1904 4858/7087/1904
f 4859/7088/3914 4860/7089/3913 4856/7090/3913
f 4859/7088/3914 4861/7091/3915 4862/7092/3916
f 4863/7093/3917 4861/7094/3915 4864/7095/3915
f 4863/7093/3917 4865/7096/3918 4866/7097/3926
f 4867/7098/3919 4865/7096/3918 4868/7099/3918
f 4867/7100/3919 4869/7101/3920 4870/7102/3919
f 4871/7103/3921 4869/7104/3920 4872/7105/3922
f 4858/7087/1904 4873/7106/3923 4871/7103/3921
f 4858/7107/3924 4872/7108/3924 4864/7109/3924
f 4873/7110/3925 4860/7111/3925 4865/7112/3925
f 4874/7113/3927 4875/7114/1903 4876/7115/1903
f 4877/7116/3928 4878/7117/3927 4874/7118/3927
f 4877/7116/3928 4879/7119/3929 4880/7120/3930
f 4881/7121/3931 4879/7122/3929 4882/7123/3929
f 4881/7121/3931 4883/7124/3932 4884/7125/3931
f 4885/7126/3933 4883/7124/3932 4886/7127/3932
f 4885/7128/3933 4887/7129/3934 4888/7130/3933
f 4889/7131/3935 4887/7129/3934 4890/7132/3936
f 4876/7115/1903 4891/7133/3937 4889/7134/3935
f 4886/7135/3938 4882/7136/3938 4874/7137/3938
f 4887/7138/3939 4891/7139/3939 4878/7140/3939
f 4892/7141/3927 4893/7142/1903 4894/7143/1903
f 4895/7144/3928 4896/7145/3927 4892/7146/3927
f 4895/7144/3928 4897/7147/3929 4898/7148/3930
f 4899/7149/3931 4897/7150/3929 4900/7151/3929
f 4899/7149/3931 4901/7152/3932 4902/7153/3931
f 4903/7154/3933 4901/7152/3932 4904/7155/3932
f 4903/7156/3933 4905/7157/3934 4906/7158/3933
f 4907/7159/3935 4905/7157/3934 4908/7160/3936
f 4894/7143/1903 4909/7161/3937 4907/7162/3935
f 4908/7163/3938 4900/7164/3938 4892/7165/3938
f 4896/7166/3939 4901/7167/3939 4905/7168/3939
f 4910/7169/3927 4911/7170/1903 4912/7171/1903
f 4913/7172/3928 4914/7173/3927 4910/7174/3927
f 4913/7172/3928 4915/7175/3929 4916/7176/3930
f 4917/7177/3931 4915/7178/3929 4918/7179/3929
f 4917/7177/3931 4919/7180/3932 4920/7181/3931
f 4921/7182/3933 4919/7180/3932 4922/7183/3932
f 4921/7184/3933 4923/7185/3934 4924/7186/3933
f 4925/7187/3935 4923/7185/3934 4926/7188/3936
f 4912/7171/1903 4927/7189/3937 4925/7190/3935
f 4912/7191/3938 4926/7192/3938 4918/7193/3938
f 4915/7194/3939 4919/7195/3939 4923/7196/3939
f 4928/7197/1905 4929/7198/1905 4930/7199/1905
f 4931/7200/1906 4932/7201/1906 4933/7202/1906
f 4934/7203/1907 4933/7204/1907 4929/7205/1907
f 4928/7206/1904 4931/7207/1904 4934/7208/1904
f 4930/7209/1626 4935/7210/1626 4928/7211/1626
f 4929/7212/1903 4932/7213/1903 4930/7214/1903
f 4936/7215/1905 4937/7216/1905 4938/7217/1905
f 4939/7218/1906 4940/7219/1906 4941/7220/1906
f 4942/7221/1907 4941/7222/1907 4937/7223/1907
f 4936/7224/1904 4939/7225/1904 4942/7226/1904
f 4938/7227/1626 4943/7228/1626 4936/7229/1626
f 4937/7230/1903 4940/7231/1903 4938/7232/1903
f 4944/7233/2164 4945/7234/1626 4946/7235/1626
f 4947/7236/2165 4948/7237/2164 4944/7238/2164
f 4949/7239/2166 4950/7240/2165 4947/7236/2165
f 4951/7241/2167 4952/7242/2166 4949/7239/2166
f 4953/7243/1907 4954/7244/2167 4951/7245/2167
f 4955/7246/2168 4956/7247/1907 4953/7243/1907
f 4957/7248/2169 4958/7249/2168 4955/7250/2168
f 4959/7251/2170 4960/7252/2169 4957/7248/2169
f 4961/7253/2171 4962/7254/2170 4959/7251/2170
f 4946/7235/1626 4963/7255/2171 4961/7256/2171
f 4955/7257/1905 4951/7258/1905 4947/7259/1905
f 4956/7260/1906 4960/7261/1906 4963/7262/1906
f 4964/7263/3940 4965/7264/3941 4966/7265/3941
f 4967/7266/3942 4968/7267/3943 4965/7268/3943
f 4968/7269/3944 4964/7270/3945 4966/7271/3944
f 4969/7272/3946 4967/7273/3940 4964/7263/3940
f 4970/7274/3947 4971/7275/3942 4967/7276/3942
f 4971/7277/3945 4969/7278/3948 4964/7270/3945
f 4972/7279/3949 4970/7280/3946 4969/7272/3946
f 4973/7281/3950 4974/7282/3947 4970/7274/3947
f 4975/7283/3951 4969/7278/3948 4974/7284/3948
f 4972/7279/3949 4976/7285/3952 4973/7286/3949
f 4976/7287/3953 4975/7288/3950 4973/7281/3950
f 4977/7289/3954 4972/7290/3951 4975/7283/3951
f 4978/7291/3952 4979/7292/3955 4976/7285/3952
f 4979/7293/3956 4977/7294/3953 4976/7295/3953
f 4980/7296/3957 4978/7297/3954 4977/7289/3954
f 4981/7298/1905 4982/7299/1905 4983/7300/1905
f 4984/7301/1906 4985/7302/1906 4986/7303/1906
f 4987/7304/1907 4986/7305/1907 4982/7306/1907
f 4981/7307/1904 4984/7308/1904 4987/7309/1904
f 4983/7310/1626 4988/7311/1626 4981/7312/1626
f 4982/7313/1903 4985/7314/1903 4983/7315/1903
f 4989/7316/3958 4990/7317/3959 4991/7318/3959
f 4992/7319/3960 4993/7320/3958 4989/7321/3958
f 4992/7319/3960 4994/7322/3961 4995/7323/3960
f 4996/7324/3962 4994/7325/3961 4997/7326/3961
f 4996/7324/3962 4998/7327/3963 4999/7328/3962
f 5000/7329/3964 4998/7330/3963 5001/7331/3963
f 5000/7329/3964 5002/7332/3965 5003/7333/3964
f 4991/7318/3959 5002/7334/3965 5004/7335/3965
f 4992/7336/1905 4989/7337/1905 4991/7338/1905
f 4994/7339/1906 4998/7340/1906 5002/7341/1906
f 5005/7342/3958 5006/7343/3959 5007/7344/3959
f 5008/7345/3960 5009/7346/3958 5005/7347/3958
f 5008/7345/3960 5010/7348/3961 5011/7349/3960
f 5012/7350/3962 5010/7351/3961 5013/7352/3961
f 5014/7353/3963 5015/7354/3962 5012/7350/3962
f 5016/7355/3964 5017/7356/3963 5014/7357/3963
f 5016/7355/3964 5018/7358/3965 5019/7359/3964
f 5007/7344/3959 5018/7360/3965 5020/7361/3965
f 5008/7362/1905 5005/7363/1905 5007/7364/1905
f 5010/7365/1906 5017/7366/1906 5018/7367/1906
f 5021/7368/3958 5022/7369/3959 5023/7370/3959
f 5024/7371/3960 5025/7372/3958 5021/7373/3958
f 5024/7371/3960 5026/7374/3961 5027/7375/3960
f 5028/7376/3962 5026/7377/3961 5029/7378/3961
f 5028/7376/3962 5030/7379/3963 5031/7380/3962
f 5032/7381/3964 5030/7382/3963 5033/7383/3963
f 5032/7381/3964 5034/7384/3965 5035/7385/3964
f 5023/7370/3959 5034/7386/3965 5036/7387/3965
f 5024/7388/1905 5021/7389/1905 5023/7390/1905
f 5026/7391/1906 5030/7392/1906 5034/7393/1906
f 5037/7394/3958 5038/7395/3959 5039/7396/3959
f 5040/7397/3960 5041/7398/3958 5037/7399/3958
f 5040/7397/3960 5042/7400/3961 5043/7401/3960
f 5044/7402/3962 5042/7403/3961 5045/7404/3961
f 5046/7405/3963 5047/7406/3962 5044/7402/3962
f 5048/7407/3964 5049/7408/3963 5046/7409/3963
f 5048/7407/3964 5050/7410/3965 5051/7411/3964
f 5039/7396/3959 5050/7412/3965 5052/7413/3965
f 5040/7414/1905 5037/7415/1905 5039/7416/1905
f 5042/7417/1906 5049/7418/1906 5050/7419/1906
f 5053/7420/3959 5054/7421/3958 5055/7422/3959
f 5056/7423/3958 5057/7424/3960 5054/7425/3958
f 5058/7426/3961 5057/7424/3960 5059/7427/3960
f 5060/7428/3962 5061/7429/3961 5058/7430/3961
f 5060/7428/3962 5062/7431/3963 5063/7432/3962
f 5064/7433/3963 5065/7434/3964 5062/7435/3963
f 5066/7436/3965 5065/7434/3964 5067/7437/3964
f 5053/7420/3959 5068/7438/3965 5066/7439/3965
f 5060/7440/1905 5059/7441/1905 5053/7442/1905
f 5065/7443/1906 5068/7444/1906 5061/7445/1906
f 5069/7446/3959 5070/7447/3958 5071/7448/3959
f 5072/7449/3958 5073/7450/3960 5070/7451/3958
f 5074/7452/3961 5073/7450/3960 5075/7453/3960
f 5076/7454/3962 5077/7455/3961 5074/7456/3961
f 5076/7454/3962 5078/7457/3963 5079/7458/3962
f 5080/7459/3963 5081/7460/3964 5078/7461/3963
f 5082/7462/3965 5081/7460/3964 5083/7463/3964
f 5069/7446/3959 5084/7464/3965 5082/7465/3965
f 5076/7466/1905 5075/7467/1905 5069/7468/1905
f 5081/7469/1906 5084/7470/1906 5077/7471/1906
f 5085/7472/3959 5086/7473/3958 5087/7474/3959
f 5088/7475/3958 5089/7476/3960 5086/7477/3958
f 5090/7478/3961 5089/7476/3960 5091/7479/3960
f 5092/7480/3962 5093/7481/3961 5090/7482/3961
f 5092/7480/3962 5094/7483/3963 5095/7484/3962
f 5096/7485/3963 5097/7486/3964 5094/7487/3963
f 5098/7488/3965 5097/7486/3964 5099/7489/3964
f 5085/7472/3959 5100/7490/3965 5098/7491/3965
f 5092/7492/1905 5091/7493/1905 5085/7494/1905
f 5097/7495/1906 5100/7496/1906 5093/7497/1906
f 5101/7498/3959 5102/7499/3958 5103/7500/3959
f 5104/7501/3958 5105/7502/3960 5102/7503/3958
f 5106/7504/3961 5105/7502/3960 5107/7505/3960
f 5108/7506/3962 5109/7507/3961 5106/7508/3961
f 5108/7506/3962 5110/7509/3963 5111/7510/3962
f 5112/7511/3963 5113/7512/3964 5110/7513/3963
f 5114/7514/3965 5113/7512/3964 5115/7515/3964
f 5101/7498/3959 5116/7516/3965 5114/7517/3965
f 5108/7518/1905 5107/7519/1905 5101/7520/1905
f 5113/7521/1906 5116/7522/1906 5109/7523/1906
f 5117/7524/1905 5118/7525/1905 5119/7526/1905
f 5120/7527/1906 5121/7528/1906 5122/7529/1906
f 5123/7530/1907 5122/7531/1907 5118/7532/1907
f 5117/7533/1904 5120/7534/1904 5123/7535/1904
f 5119/7536/1626 5124/7537/1626 5117/7538/1626
f 5118/7539/1903 5121/7540/1903 5119/7541/1903
f 5125/7542/3966 5126/7543/1626 5127/7544/1626
f 5128/7545/3041 5129/7546/3966 5125/7547/3966
f 5130/7548/3967 5131/7549/3039 5128/7545/3039
f 5132/7550/1907 5133/7551/3967 5130/7552/3967
f 5134/7553/3968 5135/7554/1907 5132/7550/1907
f 5136/7555/1904 5137/7556/3968 5134/7557/3968
f 5138/7558/3969 5139/7559/1904 5136/7555/1904
f 5127/7544/1626 5140/7560/3969 5138/7561/3969
f 5125/7562/1905 5127/7563/1905 5132/7564/1905
f 5133/7565/1906 5137/7566/1906 5140/7567/1906
f 5141/7568/1905 5142/7569/1905 5143/7570/1905
f 5144/7571/1906 5145/7572/1906 5146/7573/1906
f 5147/7574/1907 5146/7575/1907 5142/7576/1907
f 5141/7577/1904 5144/7578/1904 5147/7579/1904
f 5143/7580/1626 5148/7581/1626 5141/7582/1626
f 5142/7583/1903 5145/7584/1903 5143/7585/1903
f 5149/7586/3970 5150/7587/3971 5151/7588/3971
f 5152/7589/3972 5153/7590/3973 5149/7591/3970
f 5154/7592/3974 5155/7593/3975 5152/7589/3972
f 5156/7594/3976 5157/7595/3974 5154/7596/3974
f 5158/7597/3977 5159/7598/3976 5156/7594/3976
f 5158/7597/3977 5160/7599/3978 5161/7600/3977
f 5162/7601/3978 5163/7602/3979 5160/7603/3978
f 5164/7604/3979 5165/7605/3980 5163/7602/3979
f 5166/7606/3980 5150/7587/3971 5165/7607/3980
f 5149/7608/3981 5151/7609/3981 5164/7610/3981
f 5165/7611/3982 5153/7612/3982 5161/7613/3982
f 5167/7614/3983 5168/7615/3984 5169/7616/3984
f 5170/7617/3985 5171/7618/3986 5167/7619/3983
f 5172/7620/3987 5173/7621/3988 5170/7617/3985
f 5174/7622/3989 5175/7623/3987 5172/7624/3987
f 5176/7625/3990 5177/7626/3989 5174/7622/3989
f 5176/7625/3990 5178/7627/3991 5179/7628/3990
f 5180/7629/3991 5181/7630/3992 5178/7631/3991
f 5182/7632/3992 5183/7633/3993 5181/7630/3992
f 5184/7634/3993 5168/7615/3984 5183/7635/3993
f 5170/7636/3994 5167/7637/3994 5182/7638/3994
f 5171/7639/3995 5175/7640/3995 5179/7641/3995
f 5185/7642/3973 5186/7643/3971 5187/7644/3971
f 5185/7645/3973 5188/7646/3972 5189/7647/3973
f 5190/7648/3974 5188/7646/3972 5191/7649/3972
f 5192/7650/3976 5193/7651/3974 5190/7652/3974
f 5194/7653/3977 5195/7654/3976 5192/7650/3976
f 5194/7653/3977 5196/7655/3978 5197/7656/3977
f 5198/7657/3996 5196/7658/3978 5199/7659/3978
f 5198/7657/3996 5200/7660/3980 5201/7661/3996
f 5202/7662/3980 5186/7643/3971 5200/7663/3980
f 5191/7664/3981 5185/7665/3981 5198/7666/3981
f 5189/7667/3982 5197/7668/3982 5201/7669/3982
f 5203/7670/3986 5204/7671/3984 5205/7672/3984
f 5203/7673/3986 5206/7674/3985 5207/7675/3986
f 5208/7676/3987 5206/7674/3985 5209/7677/3985
f 5210/7678/3989 5211/7679/3987 5208/7680/3987
f 5212/7681/3990 5213/7682/3989 5210/7678/3989
f 5212/7681/3990 5214/7683/3991 5215/7684/3990
f 5216/7685/3997 5214/7686/3991 5217/7687/3991
f 5216/7685/3997 5218/7688/3993 5219/7689/3997
f 5220/7690/3993 5204/7671/3984 5218/7691/3993
f 5209/7692/3994 5203/7693/3994 5216/7694/3994
f 5207/7695/3995 5215/7696/3995 5219/7697/3995
f 5221/7698/3970 5222/7699/3971 5223/7700/3971
f 5224/7701/3975 5225/7702/3973 5221/7703/3970
f 5226/7704/3974 5227/7705/3975 5224/7701/3975
f 5228/7706/3976 5229/7707/3974 5226/7708/3974
f 5230/7709/3977 5231/7710/3976 5228/7706/3976
f 5230/7709/3977 5232/7711/3978 5233/7712/3977
f 5234/7713/3978 5235/7714/3979 5232/7715/3978
f 5236/7716/3979 5237/7717/3980 5235/7714/3979
f 5238/7718/3980 5222/7699/3971 5237/7719/3980
f 5221/7720/3981 5223/7721/3981 5236/7722/3981
f 5225/7723/3982 5233/7724/3982 5235/7725/3982
f 5239/7726/3983 5240/7727/3984 5241/7728/3984
f 5242/7729/3988 5243/7730/3986 5239/7731/3983
f 5244/7732/3987 5245/7733/3988 5242/7729/3988
f 5246/7734/3989 5247/7735/3987 5244/7736/3987
f 5248/7737/3990 5249/7738/3989 5246/7734/3989
f 5248/7737/3990 5250/7739/3991 5251/7740/3990
f 5252/7741/3991 5253/7742/3992 5250/7743/3991
f 5254/7744/3992 5255/7745/3993 5253/7742/3992
f 5256/7746/3993 5240/7727/3984 5255/7747/3993
f 5248/7748/3994 5244/7749/3994 5239/7750/3994
f 5243/7751/3995 5251/7752/3995 5253/7753/3995
f 5257/7754/3973 5258/7755/3971 5259/7756/3971
f 5257/7757/3973 5260/7758/3972 5261/7759/3973
f 5262/7760/3972 5263/7761/3974 5260/7758/3972
f 5264/7762/3976 5263/7763/3974 5265/7764/3974
f 5266/7765/3977 5267/7766/3976 5264/7762/3976
f 5266/7765/3977 5268/7767/3978 5269/7768/3977
f 5270/7769/3979 5268/7770/3978 5271/7771/3978
f 5270/7769/3979 5272/7772/3980 5273/7773/3996
f 5274/7774/3980 5258/7755/3971 5272/7775/3980
f 5257/7776/3981 5259/7777/3981 5270/7778/3981
f 5272/7779/3982 5261/7780/3982 5269/7781/3982
f 5275/7782/3986 5276/7783/3984 5277/7784/3984
f 5275/7785/3986 5278/7786/3985 5279/7787/3986
f 5280/7788/3985 5281/7789/3987 5278/7786/3985
f 5282/7790/3989 5281/7791/3987 5283/7792/3987
f 5284/7793/3990 5285/7794/3989 5282/7790/3989
f 5284/7793/3990 5286/7795/3991 5287/7796/3990
f 5288/7797/3992 5286/7798/3991 5289/7799/3991
f 5288/7797/3992 5290/7800/3993 5291/7801/3997
f 5292/7802/3993 5276/7783/3984 5290/7803/3993
f 5275/7804/3994 5277/7805/3994 5288/7806/3994
f 5290/7807/3995 5279/7808/3995 5287/7809/3995
f 5293/7810/3998 5294/7811/3999 5295/7812/3998
f 5296/7813/3999 5297/7814/4000 5294/7815/3999
f 5298/7816/4001 5297/7814/4000 5299/7817/4000
f 5300/7818/4002 5301/7819/4001 5298/7816/4001
f 5302/7820/4003 5303/7821/4002 5300/7822/4002
f 5302/7820/4003 5304/7823/4004 5305/7824/4003
f 5306/7825/4004 5307/7826/4005 5304/7827/4004
f 5308/7828/4006 5307/7826/4005 5309/7829/4005
f 5310/7830/4007 5311/7831/4006 5308/7828/4006
f 5293/7810/3998 5312/7832/4007 5310/7833/4007
f 5306/7834/1905 5299/7835/1905 5293/7836/1905
f 5311/7837/1906 5312/7838/1906 5301/7839/1906
f 1/1/1 31/32/31 2/2/2
f 3/3/3 2/2/2 4/4/4
f 5/5/5 4/4/4 6/6/6
f 7/7/7 6/6/6 8/8/8
f 9/9/9 8/8/8 10/10/10
f 11/11/11 10/10/10 12/12/12
f 13/13/13 12/12/12 14/14/14
f 15/15/15 14/14/14 16/16/16
f 17/17/17 16/16/16 18/18/18
f 19/19/19 18/18/18 20/7840/20
f 21/22/21 20/21/20 22/23/22
f 23/24/23 22/23/22 24/25/24
f 25/26/25 24/25/24 26/27/26
f 27/28/27 26/27/26 28/29/28
f 30/31/30 46/50/46 31/32/31
f 31/32/31 47/51/47 32/33/32
f 2/2/2 32/33/32 33/34/33
f 4/4/4 33/34/33 34/35/34
f 6/6/6 34/35/34 35/36/35
f 8/8/8 35/36/35 36/37/36
f 10/10/10 36/37/36 37/38/37
f 12/12/12 37/38/37 38/39/38
f 14/40/14 38/62/38 39/41/39
f 16/42/16 39/41/39 40/43/40
f 18/44/18 40/43/40 41/45/41
f 20/21/20 41/45/41 42/46/42
f 22/23/22 42/46/42 43/47/43
f 24/25/24 43/47/43 44/48/44
f 26/27/26 44/48/44 45/49/45
f 46/50/46 62/70/62 47/51/47
f 47/51/47 63/71/63 48/52/48
f 32/33/32 48/52/48 49/53/49
f 33/34/33 49/53/49 50/54/50
f 34/35/34 50/54/50 51/55/51
f 35/36/35 51/55/51 52/56/52
f 36/37/36 52/56/52 53/7841/53
f 37/60/37 53/81/53 54/61/54
f 38/62/38 54/61/54 55/63/55
f 39/41/39 55/63/55 56/64/56
f 40/43/40 56/64/56 57/65/57
f 41/45/41 57/65/57 58/66/58
f 42/46/42 58/66/58 59/67/59
f 43/47/43 59/67/59 60/68/60
f 44/48/44 60/68/60 61/69/61
f 62/70/62 78/90/78 63/71/63
f 63/71/63 79/91/79 64/72/64
f 48/52/48 64/72/64 65/73/65
f 49/53/49 65/73/65 66/74/66
f 50/54/50 66/74/66 67/75/67
f 51/76/51 67/96/67 68/77/68
f 52/79/52 68/98/68 69/80/69
f 53/81/53 69/80/69 70/82/70
f 54/61/54 70/82/70 71/83/71
f 55/63/55 71/83/71 72/84/72
f 56/64/56 72/84/72 73/85/73
f 57/65/57 73/85/73 74/86/74
f 58/66/58 74/86/74 75/87/75
f 59/67/59 75/87/75 76/88/76
f 60/68/60 76/88/76 77/89/77
f 78/90/78 5313/7842/4008 79/91/79
f 64/72/64 93/108/93 80/92/80
f 65/73/65 80/92/80 81/93/81
f 66/74/66 81/93/81 82/112/82
f 67/96/67 82/95/82 83/97/83
f 68/98/68 83/7843/83 84/99/84
f 69/80/69 84/99/84 85/100/85
f 70/82/70 85/100/85 86/101/86
f 71/83/71 86/101/86 87/102/87
f 72/84/72 87/102/87 88/103/88
f 73/85/73 88/103/88 89/104/89
f 74/86/74 89/104/89 90/105/90
f 75/87/75 90/105/90 91/106/91
f 76/88/76 91/106/91 92/107/92
f 79/91/79 5313/7842/4008 107/125/107
f 107/125/107 93/108/93 79/91/79
f 93/108/93 108/126/108 94/109/94
f 80/92/80 94/109/94 95/110/95
f 81/93/81 95/110/95 96/111/96
f 82/112/82 96/111/96 97/113/97
f 83/114/83 97/113/97 98/115/98
f 84/99/84 98/133/98 99/117/99
f 85/100/85 99/117/99 100/118/100
f 86/101/86 100/118/100 101/119/101
f 87/102/87 101/119/101 102/120/102
f 88/103/88 102/120/102 103/121/103
f 89/104/89 103/121/103 104/122/104
f 90/105/90 104/122/104 105/123/105
f 91/106/91 105/123/105 106/124/106
f 107/125/107 122/142/122 108/126/108
f 108/126/108 123/143/123 109/127/109
f 94/109/94 109/127/109 110/128/110
f 95/110/95 110/128/110 111/129/111
f 96/111/96 111/129/111 112/130/112
f 97/131/97 112/150/112 113/132/113
f 98/133/98 113/132/113 114/134/114
f 99/117/99 114/134/114 115/135/115
f 100/118/100 115/135/115 116/136/116
f 101/119/101 116/136/116 117/137/117
f 102/120/102 117/137/117 118/138/118
f 103/121/103 118/138/118 119/139/119
f 104/122/104 119/139/119 120/140/120
f 105/123/105 120/140/120 121/141/121
f 122/142/122 137/160/137 123/143/123
f 123/143/123 138/161/138 124/144/124
f 109/127/109 124/144/124 125/145/125
f 110/128/110 125/145/125 126/146/126
f 111/147/111 126/166/126 127/148/127
f 112/150/112 127/168/127 128/151/128
f 113/132/113 128/151/128 129/152/129
f 114/134/114 129/152/129 130/153/130
f 115/135/115 130/153/130 131/154/131
f 116/136/116 131/154/131 132/155/132
f 117/137/117 132/155/132 133/156/133
f 118/138/118 133/156/133 134/157/134
f 119/139/119 134/157/134 135/158/135
f 120/140/120 135/158/135 136/159/136
f 137/160/137 152/178/152 138/161/138
f 138/161/138 153/179/153 139/162/139
f 124/144/124 139/162/139 140/163/140
f 125/164/125 140/182/140 141/165/141
f 126/166/126 141/165/141 142/167/142
f 127/168/127 142/185/142 143/169/143
f 128/151/128 143/169/143 144/170/144
f 129/152/129 144/170/144 145/171/145
f 130/153/130 145/171/145 146/172/146
f 131/154/131 146/172/146 147/173/147
f 132/155/132 147/173/147 148/174/148
f 133/156/133 148/174/148 149/175/149
f 134/157/134 149/175/149 150/176/150
f 135/158/135 150/176/150 151/177/151
f 152/178/152 5314/7844/4009 153/179/153
f 139/180/139 165/194/165 154/181/154
f 140/182/140 154/181/154 155/183/155
f 141/165/141 155/183/155 156/184/156
f 142/167/142 156/184/156 157/7845/157
f 143/169/143 157/186/157 158/187/158
f 144/170/144 158/187/158 159/188/159
f 145/171/145 159/188/159 160/189/160
f 146/172/146 160/189/160 161/190/161
f 147/173/147 161/190/161 162/191/162
f 148/174/148 162/191/162 163/192/163
f 149/175/149 163/192/163 164/193/164
f 164/193/164 177/208/177 151/177/151
f 153/195/153 5314/7846/4009 178/209/178
f 178/209/178 165/194/165 153/195/153
f 165/194/165 179/210/179 166/196/166
f 154/181/154 166/196/166 167/197/167
f 155/183/155 167/197/167 168/198/168
f 156/184/156 168/198/168 169/7847/169
f 157/186/157 169/200/169 170/201/170
f 158/187/158 170/201/170 171/202/171
f 159/188/159 171/202/171 172/203/172
f 160/189/160 172/203/172 173/204/173
f 161/190/161 173/204/173 174/205/174
f 162/191/162 174/205/174 175/206/175
f 163/192/163 175/206/175 176/207/176
f 176/207/176 191/223/191 177/208/177
f 178/209/178 192/224/192 179/210/179
f 179/210/179 193/225/193 180/211/180
f 166/196/166 180/211/180 181/212/181
f 167/197/167 181/212/181 182/213/182
f 168/198/168 182/213/182 183/230/183
f 169/200/169 183/215/183 184/216/184
f 170/201/170 184/216/184 185/217/185
f 171/202/171 185/217/185 186/218/186
f 172/203/172 186/218/186 187/219/187
f 173/204/173 187/219/187 188/220/188
f 174/205/174 188/220/188 189/221/189
f 175/206/175 189/221/189 190/222/190
f 190/222/190 205/238/205 191/223/191
f 192/224/192 206/239/206 193/225/193
f 193/225/193 207/240/207 194/226/194
f 180/211/180 194/226/194 195/227/195
f 181/212/181 195/227/195 196/228/196
f 182/213/182 196/228/196 197/229/197
f 183/215/183 197/245/197 198/231/198
f 184/216/184 198/231/198 199/232/199
f 185/217/185 199/232/199 200/233/200
f 186/218/186 200/233/200 201/234/201
f 187/219/187 201/234/201 202/235/202
f 188/220/188 202/235/202 203/236/203
f 189/221/189 203/236/203 204/237/204
f 204/237/204 219/253/219 205/238/205
f 206/239/206 220/254/220 207/240/207
f 207/240/207 221/255/221 208/241/208
f 194/226/194 208/241/208 209/242/209
f 195/227/195 209/242/209 210/243/210
f 196/228/196 210/243/210 211/244/211
f 197/229/197 211/244/211 212/261/212
f 198/231/198 212/246/212 213/247/213
f 199/232/199 213/247/213 214/248/214
f 200/233/200 214/248/214 215/249/215
f 201/234/201 215/249/215 216/250/216
f 202/235/202 216/250/216 217/251/217
f 217/251/217 218/252/218 204/237/204
f 218/252/218 233/268/233 219/253/219
f 220/254/220 234/269/234 221/255/221
f 221/255/221 235/270/235 222/256/222
f 208/241/208 222/256/222 223/257/223
f 209/242/209 223/257/223 224/258/224
f 210/243/210 224/258/224 225/259/225
f 211/244/211 225/259/225 226/260/226
f 212/246/212 226/275/226 227/262/227
f 213/247/213 227/262/227 228/263/228
f 214/248/214 228/263/228 229/264/229
f 215/249/215 229/264/229 230/265/230
f 230/265/230 231/266/231 217/251/217
f 231/266/231 232/267/232 218/252/218
f 232/267/232 246/282/246 233/268/233
f 234/269/234 5315/7848/4010 235/270/235
f 222/256/222 247/283/247 236/271/236
f 223/257/223 236/271/236 237/272/237
f 224/258/224 237/272/237 238/273/238
f 225/259/225 238/273/238 239/274/239
f 226/260/226 239/274/239 240/7849/240
f 227/262/227 240/276/240 241/277/241
f 228/263/228 241/277/241 242/278/242
f 242/278/242 243/279/243 230/265/230
f 243/279/243 244/280/244 231/266/231
f 244/280/244 245/281/245 232/267/232
f 245/281/245 258/295/258 246/282/246
f 235/270/235 5315/7848/4010 259/296/259
f 259/296/259 247/283/247 235/270/235
f 247/283/247 260/297/260 248/284/248
f 236/271/236 248/284/248 249/285/249
f 237/272/237 249/285/249 250/286/250
f 238/273/238 250/286/250 251/287/251
f 239/288/239 251/303/251 252/289/252
f 240/276/240 252/289/252 253/290/253
f 241/277/241 253/290/253 254/291/254
f 254/291/254 255/292/255 243/279/243
f 255/292/255 256/293/256 244/280/244
f 256/293/256 257/294/257 245/281/245
f 257/294/257 271/310/271 258/295/258
f 259/296/259 272/311/272 260/297/260
f 260/297/260 273/312/273 261/298/261
f 248/284/248 261/298/261 262/299/262
f 249/285/249 262/299/262 263/300/263
f 250/301/250 263/316/263 264/302/264
f 251/303/251 264/302/264 265/304/265
f 252/289/252 265/304/265 266/305/266
f 253/290/253 266/305/266 267/306/267
f 267/306/267 268/307/268 255/292/255
f 268/307/268 269/308/269 256/293/256
f 269/308/269 270/309/270 257/294/257
f 270/309/270 284/324/284 271/310/271
f 272/311/272 285/325/285 273/312/273
f 273/312/273 286/326/286 274/313/274
f 261/298/261 274/313/274 275/314/275
f 262/299/262 275/314/275 276/315/276
f 263/300/263 276/315/276 277/7850/277
f 264/302/264 277/317/277 278/318/278
f 265/304/265 278/318/278 279/319/279
f 279/319/279 280/320/280 267/306/267
f 280/320/280 281/321/281 268/307/268
f 281/321/281 282/322/282 269/308/269
f 282/322/282 283/323/283 270/309/270
f 283/323/283 297/343/297 284/324/284
f 285/325/285 298/7851/298 286/326/286
f 286/327/286 299/345/299 287/328/287
f 274/329/274 287/328/287 288/330/288
f 275/7852/275 288/7853/288 289/7854/289
f 276/7855/276 289/7856/289 290/7857/290
f 277/317/277 290/336/290 291/337/291
f 291/337/291 292/338/292 279/319/279
f 292/338/292 293/339/293 280/320/280
f 293/339/293 294/340/294 281/321/281
f 294/340/294 295/341/295 282/322/282
f 295/341/295 296/342/296 283/323/283
f 296/342/296 309/358/309 297/343/297
f 298/344/298 5316/7858/4011 299/345/299
f 287/328/287 310/359/310 300/346/300
f 288/330/288 300/346/300 301/347/301
f 289/348/289 301/347/301 302/349/302
f 302/351/302 303/352/303 291/337/291
f 303/352/303 304/353/304 292/338/292
f 304/353/304 305/354/305 293/339/293
f 305/354/305 306/355/306 294/340/294
f 306/355/306 307/356/307 295/341/295
f 307/356/307 308/357/308 296/342/296
f 308/357/308 320/370/320 309/358/309
f 299/345/299 5316/7858/4011 322/372/322
f 322/372/322 310/359/310 299/345/299
f 310/359/310 323/373/323 311/360/311
f 300/346/300 311/360/311 312/361/312
f 301/347/301 312/361/312 313/362/313
f 313/363/313 314/364/314 303/352/303
f 314/364/314 315/365/315 304/353/304
f 315/365/315 316/366/316 305/354/305
f 316/366/316 317/367/317 306/355/306
f 317/367/317 318/368/318 307/356/307
f 318/368/318 319/369/319 308/357/308
f 319/369/319 333/383/333 320/370/320
f 321/371/321 323/373/323 310/359/310
f 323/373/323 335/385/335 324/374/324
f 311/360/311 324/374/324 325/375/325
f 325/375/325 326/388/326 313/362/313
f 326/388/326 327/390/327 314/7859/314
f 327/377/327 328/378/328 315/365/315
f 328/378/328 329/379/329 316/366/316
f 329/379/329 330/380/330 317/367/317
f 330/380/330 331/381/331 318/368/318
f 331/381/331 332/382/332 319/369/319
f 332/382/332 345/397/345 333/383/333
f 334/384/334 335/385/335 323/373/323
f 335/385/335 347/399/347 336/386/336
f 324/374/324 336/386/336 337/387/337
f 337/387/337 338/389/338 326/388/326
f 338/389/338 339/403/339 327/390/327
f 339/391/339 340/392/340 328/378/328
f 340/392/340 341/393/341 329/379/329
f 341/393/341 342/394/342 330/380/330
f 342/394/342 343/395/343 331/381/331
f 343/395/343 344/396/344 332/382/332
f 344/396/344 357/411/357 345/397/345
f 346/398/346 347/399/347 335/385/335
f 347/399/347 370/426/370 348/400/348
f 348/400/348 349/401/349 337/387/337
f 349/401/349 350/402/350 338/389/338
f 350/402/350 351/404/351 339/403/339
f 351/404/351 352/417/352 340/405/340
f 352/417/352 353/419/353 341/7860/341
f 353/407/353 354/408/354 342/394/342
f 354/408/354 355/409/355 343/395/343
f 355/409/355 356/410/356 344/396/344
f 356/410/356 368/424/368 357/411/357
f 358/412/358 370/426/370 347/399/347
f 359/413/359 360/414/360 349/401/349
f 360/414/360 361/415/361 350/402/350
f 361/415/361 362/416/362 351/404/351
f 362/416/362 363/418/363 352/417/352
f 363/418/363 364/432/364 353/419/353
f 364/432/364 365/434/365 354/7861/354
f 365/434/365 366/436/366 355/7862/355
f 366/436/366 367/438/367 356/7863/356
f 367/438/367 380/440/380 368/7864/368
f 370/426/370 358/412/358 369/425/369
f 369/425/369 359/413/359 348/400/348
f 371/427/371 372/428/372 360/414/360
f 372/428/372 373/429/373 361/415/361
f 373/429/373 374/430/374 362/416/362
f 374/430/374 375/431/375 363/418/363
f 375/431/375 376/433/376 364/432/364
f 376/433/376 377/435/377 365/434/365
f 377/435/377 378/437/378 366/436/366
f 378/437/378 379/439/379 367/438/367
f 379/439/379 391/451/391 380/440/380
f 381/441/381 371/427/371 359/413/359
f 382/442/382 383/443/383 372/428/372
f 383/443/383 384/444/384 373/429/373
f 384/444/384 385/445/385 374/430/374
f 385/445/385 386/446/386 375/431/375
f 386/446/386 387/447/387 376/433/376
f 387/447/387 388/448/388 377/435/377
f 388/448/388 389/449/389 378/437/378
f 389/449/389 390/450/390 379/439/379
f 390/450/390 402/462/402 391/451/391
f 392/452/392 382/442/382 371/427/371
f 393/453/393 394/454/394 383/443/383
f 394/454/394 395/455/395 384/444/384
f 395/455/395 396/456/396 385/445/385
f 396/456/396 397/457/397 386/446/386
f 397/457/397 398/458/398 387/447/387
f 398/458/398 399/459/399 388/448/388
f 399/459/399 400/460/400 389/449/389
f 400/460/400 401/461/401 390/450/390
f 401/461/401 413/473/413 402/462/402
f 403/463/403 393/453/393 382/442/382
f 404/464/404 405/465/405 394/454/394
f 405/465/405 406/466/406 395/455/395
f 406/466/406 407/467/407 396/456/396
f 407/467/407 408/468/408 397/457/397
f 408/468/408 409/469/409 398/458/398
f 409/469/409 410/470/410 399/459/399
f 410/470/410 411/471/411 400/460/400
f 411/471/411 412/472/412 401/461/401
f 412/472/412 423/483/423 413/473/413
f 414/474/414 404/464/404 393/453/393
f 415/475/415 416/476/416 406/466/406
f 416/476/416 417/477/417 407/467/407
f 417/477/417 418/478/418 408/468/408
f 418/478/418 419/479/419 409/469/409
f 419/479/419 420/480/420 410/470/410
f 420/480/420 421/481/421 411/471/411
f 421/481/421 422/482/422 412/472/412
f 422/482/422 433/493/433 423/483/423
f 404/464/404 414/474/414 424/484/424
f 424/484/424 415/475/415 405/465/405
f 425/485/425 426/486/426 416/476/416
f 426/486/426 427/487/427 417/477/417
f 427/487/427 428/488/428 418/478/418
f 428/488/428 429/489/429 419/479/419
f 429/489/429 430/490/430 420/480/420
f 430/490/430 431/491/431 421/481/421
f 431/491/431 432/492/432 422/482/422
f 432/492/432 443/503/443 433/493/433
f 434/494/434 425/485/425 415/475/415
f 435/495/435 436/496/436 426/486/426
f 436/496/436 437/497/437 427/487/427
f 437/497/437 438/498/438 428/488/428
f 438/498/438 439/499/439 429/489/429
f 439/499/439 440/500/440 430/490/430
f 440/500/440 441/501/441 431/491/431
f 441/501/441 442/502/442 432/492/432
f 442/502/442 453/513/453 443/503/443
f 444/504/444 435/495/435 425/485/425
f 445/505/445 446/506/446 436/496/436
f 446/506/446 447/507/447 437/497/437
f 447/507/447 448/508/448 438/498/438
f 448/508/448 449/509/449 439/499/439
f 449/509/449 450/510/450 440/500/440
f 450/510/450 451/511/451 441/501/441
f 451/511/451 452/512/452 442/502/442
f 452/512/452 463/523/463 453/513/453
f 454/514/454 445/505/445 435/495/435
f 455/515/455 456/516/456 446/506/446
f 456/516/456 457/517/457 447/507/447
f 457/517/457 458/518/458 448/508/448
f 458/518/458 459/519/459 449/509/449
f 459/519/459 460/520/460 450/510/450
f 460/520/460 461/521/461 451/511/451
f 461/521/461 462/522/462 452/512/452
f 462/522/462 473/533/473 463/523/463
f 464/524/464 455/515/455 445/505/445
f 465/525/465 466/526/466 456/516/456
f 466/526/466 467/527/467 457/517/457
f 467/527/467 468/528/468 458/518/458
f 468/528/468 469/529/469 459/519/459
f 469/529/469 470/530/470 460/520/460
f 470/530/470 481/541/481 461/521/461
f 461/521/461 481/541/481 471/531/471
f 462/522/462 471/531/471 472/532/472
f 474/534/474 465/525/465 455/515/455
f 475/535/475 476/536/476 466/526/466
f 476/536/476 477/537/477 467/527/467
f 477/537/477 478/538/478 468/528/468
f 478/538/478 489/549/489 469/529/469
f 469/529/469 489/549/489 479/539/479
f 470/530/470 479/539/479 480/540/480
f 481/541/481 480/540/480 482/542/482
f 471/531/471 482/542/482 483/543/483
f 484/544/484 475/535/475 465/525/465
f 485/545/485 486/546/486 476/536/476
f 486/546/486 487/547/487 477/537/477
f 487/547/487 498/558/498 478/538/478
f 478/538/478 498/558/498 488/548/488
f 489/549/489 488/548/488 490/550/490
f 479/539/479 490/550/490 491/551/491
f 480/540/480 491/551/491 492/552/492
f 482/542/482 492/552/492 493/553/493
f 494/554/494 485/545/485 475/535/475
f 495/555/495 496/556/496 486/546/486
f 496/556/496 497/557/497 487/547/487
f 497/557/497 507/567/507 498/558/498
f 498/558/498 507/567/507 499/559/499
f 488/548/488 499/559/499 500/560/500
f 490/550/490 500/560/500 501/561/501
f 491/551/491 501/561/501 502/562/502
f 492/552/492 502/562/502 503/563/503
f 504/564/504 495/555/495 485/545/485
f 505/565/505 515/575/515 497/557/497
f 497/557/497 515/575/515 506/566/506
f 507/567/507 506/566/506 508/568/508
f 499/559/499 508/568/508 509/569/509
f 500/560/500 509/569/509 510/570/510
f 501/561/501 510/570/510 511/571/511
f 502/562/502 511/571/511 512/572/512
f 495/555/495 504/564/504 513/573/513
f 513/573/513 505/565/505 496/556/496
f 514/574/514 524/584/524 515/575/515
f 515/575/515 524/584/524 516/576/516
f 506/566/506 516/576/516 517/577/517
f 508/568/508 517/577/517 518/578/518
f 509/569/509 518/578/518 519/579/519
f 510/570/510 519/579/519 520/580/520
f 511/571/511 520/580/520 521/581/521
f 522/582/522 514/574/514 505/565/505
f 523/583/523 533/593/533 524/584/524
f 524/584/524 533/593/533 525/585/525
f 516/576/516 525/585/525 526/586/526
f 517/577/517 526/586/526 527/587/527
f 518/578/518 527/587/527 528/588/528
f 519/579/519 528/588/528 529/589/529
f 520/580/520 529/589/529 530/590/530
f 531/591/531 523/583/523 514/574/514
f 532/592/532 542/602/542 533/593/533
f 533/593/533 542/602/542 534/594/534
f 525/585/525 534/594/534 535/595/535
f 526/586/526 535/595/535 536/596/536
f 527/587/527 536/596/536 537/597/537
f 528/588/528 537/597/537 538/598/538
f 529/589/529 538/598/538 539/599/539
f 540/600/540 532/592/532 523/583/523
f 532/592/532 550/610/550 541/601/541
f 542/602/542 541/601/541 543/603/543
f 534/594/534 543/603/543 544/604/544
f 535/595/535 544/604/544 545/605/545
f 536/596/536 545/605/545 546/606/546
f 537/597/537 546/606/546 547/607/547
f 538/598/538 547/607/547 548/608/548
f 549/609/549 550/610/550 532/592/532
f 550/610/550 559/619/559 551/611/551
f 541/601/541 551/611/551 552/612/552
f 543/603/543 552/612/552 553/613/553
f 544/604/544 553/613/553 554/614/554
f 545/605/545 554/614/554 555/615/555
f 546/606/546 555/615/555 556/616/556
f 547/607/547 556/616/556 557/617/557
f 558/618/558 559/619/559 550/610/550
f 559/619/559 568/628/568 560/620/560
f 551/611/551 560/620/560 561/621/561
f 552/612/552 561/621/561 562/622/562
f 553/613/553 562/622/562 563/623/563
f 554/614/554 563/623/563 564/624/564
f 555/615/555 564/624/564 565/625/565
f 556/616/556 565/625/565 566/626/566
f 567/627/567 568/628/568 559/619/559
f 568/628/568 577/637/577 569/629/569
f 560/620/560 569/629/569 570/630/570
f 561/621/561 570/630/570 571/631/571
f 562/622/562 571/631/571 572/632/572
f 563/623/563 572/632/572 573/633/573
f 564/624/564 573/633/573 574/634/574
f 565/625/565 574/634/574 575/635/575
f 576/636/576 577/637/577 568/628/568
f 577/637/577 586/646/586 578/638/578
f 569/629/569 578/638/578 579/639/579
f 570/630/570 579/639/579 580/640/580
f 571/631/571 580/640/580 581/641/581
f 572/632/572 581/641/581 582/642/582
f 573/633/573 582/642/582 583/643/583
f 574/634/574 583/643/583 584/644/584
f 585/645/585 586/646/586 577/637/577
f 586/646/586 595/655/595 587/647/587
f 578/638/578 587/647/587 588/648/588
f 579/639/579 588/648/588 589/649/589
f 580/640/580 589/649/589 590/650/590
f 581/641/581 590/650/590 591/651/591
f 582/642/582 591/651/591 592/652/592
f 583/643/583 592/652/592 593/653/593
f 594/654/594 595/655/595 586/646/586
f 595/655/595 603/663/603 596/656/596
f 587/647/587 596/656/596 597/657/597
f 588/648/588 597/657/597 598/658/598
f 589/649/589 598/658/598 599/659/599
f 590/650/590 599/659/599 600/660/600
f 591/651/591 600/660/600 601/661/601
f 592/652/592 601/661/601 602/662/602
f 594/654/594 611/671/611 603/663/603
f 603/663/603 612/672/612 604/664/604
f 596/656/596 604/664/604 605/665/605
f 597/657/597 605/665/605 606/666/606
f 598/658/598 606/666/606 607/667/607
f 599/659/599 607/667/607 608/668/608
f 600/660/600 608/668/608 609/669/609
f 601/661/601 609/669/609 610/670/610
f 611/671/611 620/680/620 612/672/612
f 612/672/612 621/681/621 613/673/613
f 604/664/604 613/673/613 614/674/614
f 605/665/605 614/674/614 615/675/615
f 606/666/606 615/675/615 616/676/616
f 607/667/607 616/676/616 617/677/617
f 608/668/608 617/677/617 618/678/618
f 609/669/609 618/678/618 619/679/619
f 620/680/620 629/689/629 621/681/621
f 621/681/621 630/690/630 622/682/622
f 613/673/613 622/682/622 623/683/623
f 614/674/614 623/683/623 624/684/624
f 615/675/615 624/684/624 625/685/625
f 616/676/616 625/685/625 626/686/626
f 617/677/617 626/686/626 627/687/627
f 618/678/618 627/687/627 628/688/628
f 629/689/629 638/698/638 630/690/630
f 631/691/631 640/700/640 622/682/622
f 622/682/622 640/700/640 632/692/632
f 623/683/623 632/692/632 633/693/633
f 624/684/624 633/693/633 634/694/634
f 625/685/625 634/694/634 635/695/635
f 626/686/626 635/695/635 636/696/636
f 627/687/627 636/696/636 637/697/637
f 638/698/638 647/707/647 631/691/631
f 639/699/639 641/701/641 640/700/640
f 641/701/641 650/710/650 632/692/632
f 632/692/632 650/710/650 642/702/642
f 633/693/633 642/702/642 643/703/643
f 634/694/634 643/703/643 644/704/644
f 635/695/635 644/704/644 645/705/645
f 636/696/636 645/705/645 646/706/646
f 647/707/647 656/716/656 639/699/639
f 648/708/648 649/709/649 641/701/641
f 649/709/649 651/711/651 650/710/650
f 651/711/651 660/720/660 642/702/642
f 642/702/642 660/720/660 652/712/652
f 643/703/643 652/712/652 653/713/653
f 644/704/644 653/713/653 654/714/654
f 645/705/645 654/714/654 655/715/655
f 656/716/656 665/725/665 648/708/648
f 657/717/657 658/718/658 649/709/649
f 658/718/658 659/719/659 651/711/651
f 659/719/659 661/721/661 660/720/660
f 661/721/661 670/730/670 652/712/652
f 652/712/652 670/730/670 662/722/662
f 653/713/653 662/722/662 663/723/663
f 654/714/654 663/723/663 664/724/664
f 665/725/665 674/734/674 657/717/657
f 666/726/666 667/727/667 658/718/658
f 667/727/667 668/728/668 659/719/659
f 668/728/668 669/729/669 661/721/661
f 669/729/669 671/731/671 670/730/670
f 671/731/671 672/732/672 662/722/662
f 672/732/672 681/741/681 663/723/663
f 663/723/663 681/741/681 673/733/673
f 674/734/674 683/743/683 666/726/666
f 675/735/675 676/736/676 667/727/667
f 676/736/676 677/737/677 668/728/668
f 677/737/677 678/738/678 669/729/669
f 678/738/678 679/739/679 671/731/671
f 679/739/679 680/740/680 672/732/672
f 680/740/680 682/742/682 681/741/681
f 682/742/682 691/751/691 673/733/673
f 683/743/683 692/752/692 675/735/675
f 684/744/684 685/745/685 676/736/676
f 685/745/685 686/746/686 677/737/677
f 686/746/686 687/747/687 678/738/678
f 687/747/687 688/748/688 679/739/679
f 688/748/688 689/749/689 680/740/680
f 689/749/689 690/750/690 682/742/682
f 690/750/690 700/760/700 691/751/691
f 692/752/692 701/761/701 684/744/684
f 693/753/693 694/754/694 685/745/685
f 694/754/694 695/755/695 686/746/686
f 695/755/695 696/756/696 687/747/687
f 696/756/696 697/757/697 688/748/688
f 697/757/697 698/758/698 689/749/689
f 698/758/698 699/759/699 690/750/690
f 699/759/699 709/769/709 700/760/700
f 701/761/701 5317/7865/4012 693/753/693
f 702/762/702 703/763/703 694/754/694
f 703/763/703 704/764/704 695/755/695
f 704/764/704 705/765/705 696/756/696
f 705/765/705 706/766/706 697/757/697
f 706/766/706 707/767/707 698/758/698
f 707/767/707 708/768/708 699/759/699
f 708/768/708 719/779/719 709/769/709
f 693/753/693 5317/7865/4012 710/770/710
f 5317/7865/4012 720/780/720 710/770/710
f 711/771/711 712/772/712 702/762/702
f 712/772/712 713/773/713 703/763/703
f 713/773/713 714/774/714 704/764/704
f 714/774/714 715/775/715 705/765/705
f 715/775/715 716/776/716 706/766/706
f 716/776/716 717/777/717 707/767/707
f 717/777/717 718/778/718 708/768/708
f 718/778/718 729/789/729 719/779/719
f 720/780/720 730/790/730 711/771/711
f 721/781/721 722/782/722 712/772/712
f 722/782/722 723/783/723 713/773/713
f 723/783/723 724/784/724 714/774/714
f 724/784/724 725/785/725 715/775/715
f 725/785/725 726/786/726 716/776/716
f 726/786/726 727/787/727 717/777/717
f 727/787/727 728/788/728 718/778/718
f 728/788/728 739/799/739 729/789/729
f 730/790/730 740/800/740 721/781/721
f 731/791/731 732/792/732 722/782/722
f 732/792/732 733/793/733 723/783/723
f 733/793/733 734/794/734 724/784/724
f 734/794/734 735/795/735 725/785/725
f 735/795/735 736/796/736 726/786/726
f 736/796/736 737/797/737 727/787/727
f 737/797/737 738/798/738 728/788/728
f 738/798/738 749/809/749 739/799/739
f 740/800/740 750/810/750 731/791/731
f 741/801/741 742/802/742 732/792/732
f 742/802/742 743/803/743 733/793/733
f 743/803/743 744/804/744 734/794/734
f 744/804/744 745/805/745 735/795/735
f 745/805/745 746/806/746 736/796/736
f 746/806/746 747/807/747 737/797/737
f 747/807/747 748/808/748 738/798/738
f 748/808/748 759/819/759 749/809/749
f 750/810/750 760/820/760 741/801/741
f 751/811/751 752/812/752 742/802/742
f 752/812/752 753/813/753 743/803/743
f 753/813/753 754/814/754 744/804/744
f 754/814/754 755/815/755 745/805/745
f 755/815/755 756/816/756 746/806/746
f 756/816/756 757/817/757 747/807/747
f 757/817/757 758/818/758 748/808/748
f 758/818/758 769/829/769 759/819/759
f 760/820/760 770/830/770 751/811/751
f 761/821/761 762/822/762 752/812/752
f 762/822/762 763/823/763 753/813/753
f 763/823/763 764/824/764 754/814/754
f 764/824/764 765/825/765 755/815/755
f 765/825/765 766/826/766 756/816/756
f 766/826/766 767/827/767 757/817/757
f 767/827/767 768/828/768 758/818/758
f 768/828/768 779/839/779 769/829/769
f 770/830/770 780/840/780 761/821/761
f 771/831/771 772/832/772 762/822/762
f 772/832/772 773/833/773 763/823/763
f 773/833/773 774/834/774 764/824/764
f 774/834/774 775/835/775 765/825/765
f 775/835/775 776/836/776 766/826/766
f 776/836/776 777/837/777 767/827/767
f 777/837/777 778/838/778 768/828/768
f 778/838/778 789/849/789 779/839/779
f 780/840/780 790/850/790 771/831/771
f 781/841/781 782/842/782 772/832/772
f 782/842/782 783/843/783 773/833/773
f 783/843/783 784/844/784 774/834/774
f 784/844/784 785/845/785 775/835/775
f 785/845/785 786/846/786 776/836/776
f 786/846/786 787/847/787 777/837/777
f 787/847/787 788/848/788 778/838/778
f 788/848/788 799/859/799 789/849/789
f 790/850/790 800/860/800 781/841/781
f 791/851/791 792/852/792 782/842/782
f 792/852/792 793/853/793 783/843/783
f 793/853/793 794/854/794 784/844/784
f 794/854/794 795/855/795 785/845/785
f 795/855/795 796/856/796 786/846/786
f 796/856/796 797/857/797 787/847/787
f 797/857/797 798/858/798 788/848/788
f 798/858/798 809/869/809 799/859/799
f 800/860/800 810/870/810 791/851/791
f 801/861/801 802/862/802 792/852/792
f 802/862/802 803/863/803 793/853/793
f 803/863/803 804/864/804 794/854/794
f 804/864/804 805/865/805 795/855/795
f 805/865/805 806/866/806 796/856/796
f 806/866/806 807/867/807 797/857/797
f 807/867/807 808/868/808 798/858/798
f 808/868/808 5318/7866/4013 809/869/809
f 810/870/810 5319/7867/4014 801/861/801
f 1/871/811 3/874/814 811/872/812
f 3/874/814 5/876/816 813/875/815
f 5/876/816 7/878/818 814/877/817
f 7/878/818 9/880/820 815/879/819
f 9/880/820 11/882/822 816/881/821
f 11/882/822 13/884/824 817/883/823
f 13/884/824 15/886/826 818/885/825
f 15/886/826 17/888/828 819/887/827
f 17/888/828 19/890/830 820/889/829
f 19/890/830 21/7868/832 821/891/831
f 21/22/832 23/24/834 822/892/833
f 23/24/834 25/26/836 823/894/835
f 25/26/836 27/28/838 824/895/837
f 27/28/838 29/30/4015 825/896/839
f 30/897/840 1/871/811 812/873/813
f 812/873/813 811/872/812 826/899/842
f 811/872/812 813/875/815 828/901/844
f 813/875/815 814/877/817 829/902/845
f 814/877/817 815/879/819 830/903/846
f 815/879/819 816/881/821 831/904/847
f 816/881/821 817/883/823 832/905/848
f 817/883/823 818/885/825 833/906/849
f 818/885/825 819/887/827 834/907/850
f 819/908/827 820/911/829 835/909/851
f 820/911/829 821/893/831 836/912/852
f 821/893/831 822/892/833 837/913/853
f 822/892/833 823/894/835 838/914/854
f 823/894/835 824/895/837 839/915/855
f 824/895/837 825/896/839 840/916/856
f 46/898/841 812/873/813 827/900/843
f 827/900/843 826/899/842 842/918/858
f 826/899/842 828/901/844 844/920/860
f 828/901/844 829/902/845 845/921/861
f 829/902/845 830/903/846 846/922/862
f 830/903/846 831/904/847 847/923/863
f 831/904/847 832/905/848 848/924/864
f 832/925/848 833/928/849 849/926/865
f 833/928/849 834/910/850 850/929/866
f 834/910/850 835/909/851 851/930/867
f 835/909/851 836/912/852 852/931/868
f 836/912/852 837/913/853 853/932/869
f 837/913/853 838/914/854 854/933/870
f 838/914/854 839/915/855 855/934/871
f 839/915/855 840/916/856 856/935/872
f 841/917/857 827/900/843 843/919/859
f 843/919/859 842/918/858 858/937/874
f 842/918/858 844/920/860 860/939/876
f 844/920/860 845/921/861 861/940/877
f 845/921/861 846/922/862 862/941/878
f 846/922/862 847/923/863 863/942/879
f 847/943/863 848/927/864 864/944/880
f 848/927/864 849/926/865 865/946/881
f 849/926/865 850/929/866 866/947/882
f 850/929/866 851/930/867 867/948/883
f 851/930/867 852/931/868 868/949/884
f 852/931/868 853/932/869 869/950/885
f 853/932/869 854/933/870 870/951/886
f 854/933/870 855/934/871 871/952/887
f 855/934/871 856/935/872 872/953/888
f 857/936/873 843/919/859 859/938/875
f 858/937/874 860/939/876 874/955/890
f 860/939/876 861/940/877 876/957/892
f 861/940/877 862/941/878 877/958/893
f 862/941/878 863/942/879 878/959/894
f 863/945/879 864/944/880 879/960/895
f 864/944/880 865/946/881 880/962/896
f 865/946/881 866/947/882 881/963/897
f 866/947/882 867/948/883 882/964/898
f 867/948/883 868/949/884 883/965/899
f 868/949/884 869/950/885 884/966/900
f 869/950/885 870/951/886 885/967/901
f 870/951/886 871/952/887 886/968/902
f 871/952/887 872/953/888 887/969/903
f 875/956/891 902/986/918 859/938/875
f 902/986/918 873/954/889 859/938/875
f 875/956/891 874/955/890 888/970/904
f 874/955/890 876/957/892 890/972/906
f 876/957/892 877/958/893 891/973/907
f 877/958/893 878/959/894 892/974/908
f 878/959/894 879/976/895 893/975/909
f 879/976/895 880/7869/896 894/977/910
f 880/962/896 881/963/897 895/978/911
f 881/963/897 882/964/898 896/980/912
f 882/964/898 883/965/899 897/981/913
f 883/965/899 884/966/900 898/982/914
f 884/966/900 885/967/901 899/983/915
f 885/967/901 886/968/902 900/984/916
f 886/968/902 887/969/903 901/985/917
f 902/986/918 875/956/891 889/971/905
f 889/971/905 888/970/904 904/988/920
f 888/970/904 890/972/906 906/990/922
f 890/972/906 891/973/907 907/991/923
f 891/973/907 892/974/908 908/992/924
f 892/974/908 893/975/909 909/993/925
f 893/994/909 894/979/910 910/995/926
f 894/979/910 895/978/911 911/997/927
f 895/978/911 896/980/912 912/998/928
f 896/980/912 897/981/913 913/999/929
f 897/981/913 898/982/914 914/1000/930
f 898/982/914 899/983/915 915/1001/931
f 899/983/915 900/984/916 916/1002/932
f 900/984/916 901/985/917 917/1003/933
f 903/987/919 889/971/905 905/989/921
f 905/989/921 904/988/920 919/1005/935
f 904/988/920 906/990/922 921/1007/937
f 906/990/922 907/991/923 922/1008/938
f 907/991/923 908/992/924 923/1009/939
f 908/1010/924 909/996/925 924/1011/940
f 909/996/925 910/995/926 925/1013/941
f 910/995/926 911/997/927 926/1014/942
f 911/997/927 912/998/928 927/1015/943
f 912/998/928 913/999/929 928/1016/944
f 913/999/929 914/1000/930 929/1017/945
f 914/1000/930 915/1001/931 930/1018/946
f 915/1001/931 916/1002/932 931/1019/947
f 916/1002/932 917/1003/933 932/1020/948
f 918/1004/934 905/989/921 920/1006/936
f 920/1006/936 919/1005/935 934/1022/950
f 919/1005/935 921/1007/937 936/1024/952
f 921/1007/937 922/1008/938 937/1025/953
f 922/1008/938 923/1009/939 938/1026/954
f 923/1012/939 924/1011/940 939/1027/955
f 924/1011/940 925/1013/941 940/1029/956
f 925/1013/941 926/1014/942 941/1030/957
f 926/1014/942 927/1015/943 942/1031/958
f 927/1015/943 928/1016/944 943/1032/959
f 928/1016/944 929/1017/945 944/1033/960
f 929/1017/945 930/1018/946 945/1034/961
f 930/1018/946 931/1019/947 946/1035/962
f 931/1019/947 932/1020/948 947/1036/963
f 933/1021/949 920/1006/936 935/1023/951
f 934/1022/950 936/1024/952 949/1038/965
f 936/1024/952 937/1025/953 951/1040/967
f 937/1041/953 938/1028/954 952/1042/968
f 938/1028/954 939/1027/955 953/1044/969
f 939/1027/955 940/1029/956 954/1045/970
f 940/1029/956 941/1030/957 955/1046/971
f 941/1030/957 942/1031/958 956/1047/972
f 942/1031/958 943/1032/959 957/1048/973
f 943/1032/959 944/1033/960 958/1049/974
f 944/1033/960 945/1034/961 959/1050/975
f 945/1034/961 946/1035/962 960/1051/976
f 960/1051/976 946/1035/962 947/1036/963
f 950/1039/966 975/1067/991 935/1023/951
f 975/1067/991 948/1037/964 935/1023/951
f 950/1039/966 949/1038/965 962/1053/978
f 949/1038/965 951/1040/967 964/1055/980
f 951/1040/967 952/7870/968 965/1056/981
f 952/1042/968 953/1044/969 966/1057/982
f 953/1044/969 954/1045/970 967/1059/983
f 954/1045/970 955/1046/971 968/1060/984
f 955/1046/971 956/1047/972 969/1061/985
f 956/1047/972 957/1048/973 970/1062/986
f 957/1048/973 958/1049/974 971/1063/987
f 958/1049/974 959/1050/975 972/1064/988
f 959/1050/975 960/1051/976 973/1065/989
f 973/1065/989 960/1051/976 961/1052/977
f 975/1067/991 950/1039/966 963/1054/979
f 963/1054/979 962/1053/978 977/1069/993
f 962/1053/978 964/1055/980 979/1071/995
f 964/1055/980 965/1056/981 980/1072/996
f 965/1058/981 966/1057/982 981/1073/997
f 966/1057/982 967/1059/983 982/1075/998
f 967/1059/983 968/1060/984 983/1076/999
f 968/1060/984 969/1061/985 984/1077/1000
f 969/1061/985 970/1062/986 985/1078/1001
f 970/1062/986 971/1063/987 986/1079/1002
f 971/1063/987 972/1064/988 987/1080/1003
f 972/1064/988 973/1065/989 988/1081/1004
f 988/1081/1004 973/1065/989 974/1066/990
f 976/1068/992 963/1054/979 978/1070/994
f 978/1070/994 977/1069/993 991/1088/1007
f 977/1069/993 979/1071/995 993/1087/1009
f 979/1071/995 980/1072/996 994/1089/1010
f 980/1074/996 981/1073/997 995/1090/1011
f 981/1073/997 982/1075/998 996/1092/1012
f 982/1075/998 983/1076/999 997/1093/1013
f 983/1076/999 984/1077/1000 998/1094/1014
f 984/1077/1000 985/1078/1001 999/1095/1015
f 985/1078/1001 986/1079/1002 1000/1096/1016
f 986/1079/1002 987/1080/1003 1001/1097/1017
f 987/1080/1003 988/1081/1004 1002/1098/1018
f 1002/1098/1018 988/1081/1004 989/1082/1005
f 990/1100/1006 978/1084/994 992/1086/1008
f 992/7871/1008 991/7872/1007 1005/7873/1021
f 991/1088/1007 993/1087/1009 1007/1108/1023
f 993/1087/1009 994/1089/1010 1008/1107/1024
f 994/1091/1010 995/1090/1011 1009/1109/1025
f 995/1090/1011 996/1092/1012 1010/1111/1026
f 996/1092/1012 997/1093/1013 1011/1112/1027
f 997/1093/1013 998/1094/1014 1012/1113/1028
f 998/1094/1014 999/1095/1015 1013/1114/1029
f 999/1095/1015 1000/1096/1016 1014/1115/1030
f 1000/1096/1016 1001/1097/1017 1015/1116/1031
f 1015/1116/1031 1001/1097/1017 1002/1098/1018
f 1016/1117/1032 1002/1098/1018 1003/1099/1019
f 1004/1101/1020 992/1086/1008 1006/1103/1022
f 1006/1103/1022 1005/1102/1021 1019/1120/1035
f 1005/7874/1021 1007/1108/1023 1021/1124/1037
f 1007/1108/1023 1008/1107/1024 1022/1123/1038
f 1008/1110/1024 1009/1109/1025 1023/1125/1039
f 1009/1109/1025 1010/1111/1026 1024/1127/1040
f 1010/1111/1026 1011/1112/1027 1025/1128/1041
f 1011/1112/1027 1012/1113/1028 1026/1129/1042
f 1012/1113/1028 1013/1114/1029 1027/1130/1043
f 1013/1114/1029 1014/1115/1030 1028/1131/1044
f 1028/1131/1044 1014/1115/1030 1015/1116/1031
f 1029/1132/1045 1015/1116/1031 1016/1117/1032
f 1030/1133/1046 1016/1117/1032 1017/1118/1033
f 1018/1119/1034 1006/1103/1022 1020/1121/1036
f 1019/7875/1035 1021/1124/1037 1033/1139/1049
f 1021/1124/1037 1022/1123/1038 1035/1138/1051
f 1022/1126/1038 1023/1125/1039 1036/1142/1052
f 1023/1125/1039 1024/1127/1040 1037/1141/1053
f 1024/1127/1040 1025/1128/1041 1038/1143/1054
f 1025/1128/1041 1026/1129/1042 1039/1144/1055
f 1026/1129/1042 1027/1130/1043 1040/1145/1056
f 1040/1145/1056 1027/1130/1043 1028/1131/1044
f 1041/1146/1057 1028/1131/1044 1029/1132/1045
f 1042/1147/1058 1029/1132/1045 1030/1133/1046
f 1043/1148/1059 1030/1133/1046 1031/1134/1047
f 1034/1137/1050 1057/7876/1073 1020/1121/1036
f 1057/7876/1073 1032/1135/1048 1020/1121/1036
f 1034/1150/1050 1033/1139/1049 1045/1151/1061
f 1033/1139/1049 1035/1138/1051 1047/1153/1063
f 1035/1138/1051 1036/1140/1052 1048/1154/1064
f 1036/1142/1052 1037/1141/1053 1049/1157/1065
f 1037/1141/1053 1038/1143/1054 1050/1156/1066
f 1038/1143/1054 1039/1144/1055 1051/1158/1067
f 1039/1144/1055 1040/1145/1056 1052/1159/1068
f 1052/1159/1068 1040/1145/1056 1041/1146/1057
f 1053/1160/1069 1041/1146/1057 1042/1147/1058
f 1054/1161/1070 1042/1147/1058 1043/1148/1059
f 1055/1162/1071 1043/1148/1059 1044/1149/1060
f 1057/1164/1073 1034/1150/1050 1046/1152/1062
f 1046/1152/1062 1045/1151/1061 1059/1166/1075
f 1045/1151/1061 1047/1153/1063 1061/1168/1077
f 1047/1153/1063 1048/1154/1064 1062/1169/1078
f 1048/1154/1064 1049/1155/1065 1063/1170/1079
f 1049/1157/1065 1050/1156/1066 1064/1173/1080
f 1050/1156/1066 1051/1158/1067 1065/1172/1081
f 1051/1158/1067 1052/1159/1068 1066/1174/1082
f 1066/1174/1082 1052/1159/1068 1053/1160/1069
f 1067/1175/1083 1053/1160/1069 1054/1161/1070
f 1068/1176/1084 1054/1161/1070 1055/1162/1071
f 1069/1177/1085 1055/1162/1071 1056/1163/1072
f 1058/1165/1074 1046/1152/1062 1060/1167/1076
f 1060/1167/1076 1059/1166/1075 1072/1180/1088
f 1059/1166/1075 1061/1168/1077 1074/1182/1090
f 1061/1168/1077 1062/1169/1078 1075/1183/1091
f 1062/1169/1078 1063/1170/1079 1076/1184/1092
f 1063/1170/1079 1064/1171/1080 1077/1185/1093
f 1064/1173/1080 1065/1172/1081 1078/1186/1094
f 1078/1186/1094 1065/1172/1081 1066/1174/1082
f 1079/1188/1095 1066/1174/1082 1067/1175/1083
f 1080/1189/1096 1067/1175/1083 1068/1176/1084
f 1081/1190/1097 1068/1176/1084 1069/1177/1085
f 1082/1191/1098 1069/1177/1085 1070/1178/1086
f 1071/1179/1087 1060/1167/1076 1073/1181/1089
f 1073/1181/1089 1072/1180/1088 1085/1194/1101
f 1072/1180/1088 1074/1182/1090 1087/1196/1103
f 1074/1182/1090 1075/1183/1091 1088/1197/1104
f 1075/1183/1091 1076/1184/1092 1089/1198/1105
f 1076/1184/1092 1077/1185/1093 1090/1199/1106
f 1090/7877/1106 1077/1187/1093 1078/1186/1094
f 1091/1202/1107 1078/1186/1094 1079/1188/1095
f 1092/1203/1108 1079/1188/1095 1080/1189/1096
f 1093/1204/1109 1080/1189/1096 1081/1190/1097
f 1094/1205/1110 1081/1190/1097 1082/1191/1098
f 1095/1206/1111 1082/1191/1098 1083/1192/1099
f 1084/1193/1100 1073/1181/1089 1086/1195/1102
f 1085/1194/1101 1087/1196/1103 1098/1209/1114
f 1087/1196/1103 1088/1197/1104 1100/1211/1116
f 1088/1197/1104 1089/1198/1105 1101/1212/1117
f 1101/1212/1117 1089/1198/1105 1090/1199/1106
f 1102/1213/1118 1090/1199/1106 1091/1201/1107
f 1103/1215/1119 1091/1202/1107 1092/1203/1108
f 1104/1216/1120 1092/1203/1108 1093/1204/1109
f 1105/1217/1121 1093/1204/1109 1094/1205/1110
f 1106/1218/1122 1094/1205/1110 1095/1206/1111
f 1107/1219/1123 1095/1206/1111 1096/1207/1112
f 1099/1210/1115 5320/7878/4016 1086/1195/1102
f 5320/7878/4016 1097/1208/1113 1086/1195/1102
f 1099/1210/1115 1098/1209/1114 1109/1221/1125
f 1098/1209/1114 1100/1211/1116 1111/1223/1127
f 1100/1211/1116 1101/1212/1117 1112/1224/1128
f 1112/1224/1128 1101/1212/1117 1102/1213/1118
f 1113/1225/1129 1102/1213/1118 1103/1214/1119
f 1114/7879/1130 1103/1215/1119 1104/1216/1120
f 1115/1229/1131 1104/1216/1120 1105/1217/1121
f 1116/1230/1132 1105/1217/1121 1106/1218/1122
f 1117/1231/1133 1106/1218/1122 1107/1219/1123
f 1118/1232/1134 1107/1219/1123 1108/1220/1124
f 1120/1234/1136 5320/7878/4016 1099/1210/1115
f 1110/1222/1126 1109/1221/1125 1121/1235/1137
f 1109/1221/1125 1111/1223/1127 1123/1237/1139
f 1123/1237/1139 1111/1223/1127 1112/1224/1128
f 1124/1238/1140 1112/1224/1128 1113/1225/1129
f 1125/1239/1141 1113/1225/1129 1114/1226/1130
f 1126/1240/1142 1114/1226/1130 1115/1228/1131
f 1127/7880/1143 1115/1229/1131 1116/1230/1132
f 1128/7881/1144 1116/1230/1132 1117/1231/1133
f 1129/1246/1145 1117/1231/1133 1118/1232/1134
f 1130/1247/1146 1118/1232/1134 1119/1233/1135
f 1132/1249/1148 1120/1234/1136 1110/1222/1126
f 1122/1236/1138 1121/1235/1137 1133/1250/1149
f 1121/1235/1137 1123/1237/1139 1135/1252/1151
f 1135/1252/1151 1123/1237/1139 1124/1238/1140
f 1136/1253/1152 1124/1238/1140 1125/1239/1141
f 1137/1254/1153 1125/1239/1141 1126/1240/1142
f 1138/1255/1154 1126/1240/1142 1127/1241/1143
f 1139/1256/1155 1127/1241/1143 1128/1243/1144
f 1140/1257/1156 1128/1243/1144 1129/1245/1145
f 1141/7882/1157 1129/1246/1145 1130/1247/1146
f 1142/7883/1158 1130/1247/1146 1131/1248/1147
f 1144/1263/1160 1132/1249/1148 1122/1236/1138
f 1134/1251/1150 1133/1250/1149 1145/1264/1161
f 1145/1264/1161 1133/1250/1149 1135/1252/1151
f 1147/1266/1163 1135/1252/1151 1136/1253/1152
f 1148/1267/1164 1136/1253/1152 1137/1254/1153
f 1149/1268/1165 1137/1254/1153 1138/1255/1154
f 1150/1269/1166 1138/1255/1154 1139/1256/1155
f 1151/1270/1167 1139/1256/1155 1140/1257/1156
f 1152/1271/1168 1140/1257/1156 1141/1258/1157
f 1153/1272/1169 1141/1258/1157 1142/1260/1158
f 1154/1273/1170 1142/1260/1158 1143/1262/1159
f 1156/1275/1172 1144/1263/1160 1134/1251/1150
f 1157/1276/1173 1145/1264/1161 1147/1266/1163
f 1158/1277/1174 1147/1266/1163 1148/1267/1164
f 1159/1278/1175 1148/1267/1164 1149/1268/1165
f 1160/1279/1176 1149/1268/1165 1150/1269/1166
f 1161/1280/1177 1150/1269/1166 1151/1270/1167
f 1162/1281/1178 1151/1270/1167 1152/1271/1168
f 1163/1282/1179 1152/1271/1168 1153/1272/1169
f 1164/1283/1180 1153/1272/1169 1154/1273/1170
f 1165/1284/1181 1154/1273/1170 1155/1274/1171
f 1157/1276/1173 1167/1286/1183 1145/1264/1161
f 1167/1286/1183 1156/1275/1172 1146/1265/1162
f 1168/1287/1184 1157/1276/1173 1158/1277/1174
f 1169/1288/1185 1158/1277/1174 1159/1278/1175
f 1170/1289/1186 1159/1278/1175 1160/1279/1176
f 1171/1290/1187 1160/1279/1176 1161/1280/1177
f 1172/1291/1188 1161/1280/1177 1162/1281/1178
f 1173/1292/1189 1162/1281/1178 1163/1282/1179
f 1174/1293/1190 1163/1282/1179 1164/1283/1180
f 1175/1294/1191 1164/1283/1180 1165/1284/1181
f 1176/1295/1192 1165/1284/1181 1166/1285/1182
f 1178/1297/1194 1167/1286/1183 1157/1276/1173
f 1179/1298/1195 1168/1287/1184 1169/1288/1185
f 1180/1299/1196 1169/1288/1185 1170/1289/1186
f 1181/1300/1197 1170/1289/1186 1171/1290/1187
f 1182/1301/1198 1171/1290/1187 1172/1291/1188
f 1183/1302/1199 1172/1291/1188 1173/1292/1189
f 1184/1303/1200 1173/1292/1189 1174/1293/1190
f 1185/1304/1201 1174/1293/1190 1175/1294/1191
f 1186/1305/1202 1175/1294/1191 1176/1295/1192
f 1187/1306/1203 1176/1295/1192 1177/1296/1193
f 1189/1308/1205 1178/1297/1194 1168/1287/1184
f 1190/1309/1206 1179/1298/1195 1180/1299/1196
f 1191/1310/1207 1180/1299/1196 1181/1300/1197
f 1192/1311/1208 1181/1300/1197 1182/1301/1198
f 1193/1312/1209 1182/1301/1198 1183/1302/1199
f 1194/1313/1210 1183/1302/1199 1184/1303/1200
f 1195/1314/1211 1184/1303/1200 1185/1304/1201
f 1196/1315/1212 1185/1304/1201 1186/1305/1202
f 1197/1316/1213 1186/1305/1202 1187/1306/1203
f 1198/1317/1214 1187/1306/1203 1188/1307/1204
f 1200/1319/1216 1189/1308/1205 1179/1298/1195
f 1201/1320/1217 1190/1309/1206 1191/1310/1207
f 1202/1321/1218 1191/1310/1207 1192/1311/1208
f 1203/1322/1219 1192/1311/1208 1193/1312/1209
f 1204/1323/1220 1193/1312/1209 1194/1313/1210
f 1205/1324/1221 1194/1313/1210 1195/1314/1211
f 1206/1325/1222 1195/1314/1211 1196/1315/1212
f 1207/1326/1223 1196/1315/1212 1197/1316/1213
f 1208/1327/1224 1197/1316/1213 1198/1317/1214
f 1209/1328/1225 1198/1317/1214 1199/1318/1215
f 1211/1330/1227 1200/1319/1216 1190/1309/1206
f 1212/1331/1228 1202/1321/1218 1203/1322/1219
f 1213/1332/1229 1203/1322/1219 1204/1323/1220
f 1214/1333/1230 1204/1323/1220 1205/1324/1221
f 1215/1334/1231 1205/1324/1221 1206/1325/1222
f 1216/1335/1232 1206/1325/1222 1207/1326/1223
f 1217/1336/1233 1207/1326/1223 1208/1327/1224
f 1218/1337/1234 1208/1327/1224 1209/1328/1225
f 1219/1338/1235 1209/1328/1225 1210/1329/1226
f 1212/1331/1228 1221/1340/1237 1202/1321/1218
f 1221/1340/1237 1211/1330/1227 1201/1320/1217
f 1222/1341/1238 1212/1331/1228 1213/1332/1229
f 1223/1342/1239 1213/1332/1229 1214/1333/1230
f 1224/1343/1240 1214/1333/1230 1215/1334/1231
f 1225/1344/1241 1215/1334/1231 1216/1335/1232
f 1226/1345/1242 1216/1335/1232 1217/1336/1233
f 1227/1346/1243 1217/1336/1233 1218/1337/1234
f 1228/1347/1244 1218/1337/1234 1219/1338/1235
f 1229/1348/1245 1219/1338/1235 1220/1339/1236
f 1231/1350/1247 1221/1340/1237 1212/1331/1228
f 1232/1351/1248 1222/1341/1238 1223/1342/1239
f 1233/1352/1249 1223/1342/1239 1224/1343/1240
f 1234/1353/1250 1224/1343/1240 1225/1344/1241
f 1235/1354/1251 1225/1344/1241 1226/1345/1242
f 1236/1355/1252 1226/1345/1242 1227/1346/1243
f 1237/1356/1253 1227/1346/1243 1228/1347/1244
f 1238/1357/1254 1228/1347/1244 1229/1348/1245
f 1239/1358/1255 1229/1348/1245 1230/1349/1246
f 1241/1360/1257 1231/1350/1247 1222/1341/1238
f 1242/1361/1258 1232/1351/1248 1233/1352/1249
f 1243/1362/1259 1233/1352/1249 1234/1353/1250
f 1244/1363/1260 1234/1353/1250 1235/1354/1251
f 1245/1364/1261 1235/1354/1251 1236/1355/1252
f 1246/1365/1262 1236/1355/1252 1237/1356/1253
f 1247/1366/1263 1237/1356/1253 1238/1357/1254
f 1248/1367/1264 1238/1357/1254 1239/1358/1255
f 1249/1368/1265 1239/1358/1255 1240/1359/1256
f 1251/1370/1267 1241/1360/1257 1232/1351/1248
f 1252/1371/1268 1242/1361/1258 1243/1362/1259
f 1253/1372/1269 1243/1362/1259 1244/1363/1260
f 1254/1373/1270 1244/1363/1260 1245/1364/1261
f 1255/1374/1271 1245/1364/1261 1246/1365/1262
f 1256/1375/1272 1246/1365/1262 1247/1366/1263
f 1257/1376/1273 1247/1366/1263 1248/1367/1264
f 1258/1377/1274 1248/1367/1264 1249/1368/1265
f 1259/1378/1275 1249/1368/1265 1250/1369/1266
f 1261/1380/1277 1251/1370/1267 1242/1361/1258
f 1262/1381/1278 1252/1371/1268 1253/1372/1269
f 1263/1382/1279 1253/1372/1269 1254/1373/1270
f 1264/1383/1280 1254/1373/1270 1255/1374/1271
f 1265/1384/1281 1255/1374/1271 1256/1375/1272
f 1266/1385/1282 1256/1375/1272 1257/1376/1273
f 1267/1386/1283 1257/1376/1273 1258/1377/1274
f 1258/1377/1274 1259/1378/1275 1269/1388/1285
f 1259/1378/1275 1260/1379/1276 1270/1389/1286
f 1271/1390/1287 1261/1380/1277 1252/1371/1268
f 1272/1391/1288 1262/1381/1278 1263/1382/1279
f 1273/1392/1289 1263/1382/1279 1264/1383/1280
f 1274/1393/1290 1264/1383/1280 1265/1384/1281
f 1275/1394/1291 1265/1384/1281 1266/1385/1282
f 1266/1385/1282 1267/1386/1283 1277/1396/1293
f 1267/1386/1283 1268/1387/1284 1278/1397/1294
f 1268/1387/1284 1269/1388/1285 1279/1398/1295
f 1269/1388/1285 1270/1389/1286 1280/1399/1296
f 1281/1400/1297 1271/1390/1287 1262/1381/1278
f 1282/1401/1298 1272/1391/1288 1273/1392/1289
f 1283/1402/1299 1273/1392/1289 1274/1393/1290
f 1284/1403/1300 1274/1393/1290 1275/1394/1291
f 1275/1394/1291 1276/1395/1292 1286/1405/1302
f 1276/1395/1292 1277/1396/1293 1287/1406/1303
f 1277/1396/1293 1278/1397/1294 1288/1407/1304
f 1278/1397/1294 1279/1398/1295 1289/1408/1305
f 1279/1398/1295 1280/1399/1296 1290/1409/1306
f 1291/1410/1307 1281/1400/1297 1272/1391/1288
f 1292/1411/1308 1282/1401/1298 1283/1402/1299
f 1293/1412/1309 1283/1402/1299 1284/1403/1300
f 1294/1413/1310 1284/1403/1300 1285/1404/1301
f 1285/1404/1301 1286/1405/1302 1296/1415/1312
f 1286/1405/1302 1287/1406/1303 1297/1416/1313
f 1287/1406/1303 1288/1407/1304 1298/1417/1314
f 1288/1407/1304 1289/1408/1305 1299/1418/1315
f 1289/1408/1305 1290/1409/1306 1300/1419/1316
f 1301/1420/1317 1291/1410/1307 1282/1401/1298
f 1302/1421/1318 1293/1412/1309 1294/1413/1310
f 1294/1413/1310 1295/1414/1311 1304/1423/1320
f 1295/1414/1311 1296/1415/1312 1305/1424/1321
f 1296/1415/1312 1297/1416/1313 1306/1425/1322
f 1297/1416/1313 1298/1417/1314 1307/1426/1323
f 1298/1417/1314 1299/1418/1315 1308/1427/1324
f 1299/1418/1315 1300/1419/1316 1309/1428/1325
f 1302/1421/1318 1310/1429/1326 1293/1412/1309
f 1310/1429/1326 1301/1420/1317 1292/1411/1308
f 1311/1430/1327 1302/1421/1318 1303/1422/1319
f 1303/1422/1319 1304/1423/1320 1313/1432/1329
f 1304/1423/1320 1305/1424/1321 1314/1433/1330
f 1305/1424/1321 1306/1425/1322 1315/1434/1331
f 1306/1425/1322 1307/1426/1323 1316/1435/1332
f 1307/1426/1323 1308/1427/1324 1317/1436/1333
f 1308/1427/1324 1309/1428/1325 1318/1437/1334
f 1319/1438/1335 1310/1429/1326 1302/1421/1318
f 1320/1439/1336 1311/1430/1327 1312/1431/1328
f 1312/1431/1328 1313/1432/1329 1322/1441/1338
f 1313/1432/1329 1314/1433/1330 1323/1442/1339
f 1314/1433/1330 1315/1434/1331 1324/1443/1340
f 1315/1434/1331 1316/1435/1332 1325/1444/1341
f 1316/1435/1332 1317/1436/1333 1326/1445/1342
f 1317/1436/1333 1318/1437/1334 1327/1446/1343
f 1328/1447/1344 1319/1438/1335 1311/1430/1327
f 1329/1448/1345 1320/1439/1336 1321/1440/1337
f 1321/1440/1337 1322/1441/1338 1331/1450/1347
f 1322/1441/1338 1323/1442/1339 1332/1451/1348
f 1323/1442/1339 1324/1443/1340 1333/1452/1349
f 1324/1443/1340 1325/1444/1341 1334/1453/1350
f 1325/1444/1341 1326/1445/1342 1335/1454/1351
f 1326/1445/1342 1327/1446/1343 1336/1455/1352
f 1337/1456/1353 1328/1447/1344 1320/1439/1336
f 1329/1448/1345 1330/1449/1346 1338/1457/1354
f 1330/1449/1346 1331/1450/1347 1340/1459/1356
f 1331/1450/1347 1332/1451/1348 1341/1460/1357
f 1332/1451/1348 1333/1452/1349 1342/1461/1358
f 1333/1452/1349 1334/1453/1350 1343/1462/1359
f 1334/1453/1350 1335/1454/1351 1344/1463/1360
f 1335/1454/1351 1336/1455/1352 1345/1464/1361
f 1346/1465/1362 1337/1456/1353 1329/1448/1345
f 1339/1458/1355 1338/1457/1354 1347/1466/1363
f 1338/1457/1354 1340/1459/1356 1349/1468/1365
f 1340/1459/1356 1341/1460/1357 1350/1469/1366
f 1341/1460/1357 1342/1461/1358 1351/1470/1367
f 1342/1461/1358 1343/1462/1359 1352/1471/1368
f 1343/1462/1359 1344/1463/1360 1353/1472/1369
f 1344/1463/1360 1345/1464/1361 1354/1473/1370
f 1355/1474/1371 1346/1465/1362 1339/1458/1355
f 1348/1467/1364 1347/1466/1363 1356/1475/1372
f 1347/1466/1363 1349/1468/1365 1358/1477/1374
f 1349/1468/1365 1350/1469/1366 1359/1478/1375
f 1350/1469/1366 1351/1470/1367 1360/1479/1376
f 1351/1470/1367 1352/1471/1368 1361/1480/1377
f 1352/1471/1368 1353/1472/1369 1362/1481/1378
f 1353/1472/1369 1354/1473/1370 1363/1482/1379
f 1364/1483/1380 1355/1474/1371 1348/1467/1364
f 1357/1476/1373 1356/1475/1372 1365/1484/1381
f 1356/1475/1372 1358/1477/1374 1367/1486/1383
f 1358/1477/1374 1359/1478/1375 1368/1487/1384
f 1359/1478/1375 1360/1479/1376 1369/1488/1385
f 1360/1479/1376 1361/1480/1377 1370/1489/1386
f 1361/1480/1377 1362/1481/1378 1371/1490/1387
f 1362/1481/1378 1363/1482/1379 1372/1491/1388
f 1373/1492/1389 1364/1483/1380 1357/1476/1373
f 1366/1485/1382 1365/1484/1381 1374/1493/1390
f 1365/1484/1381 1367/1486/1383 1376/1495/1392
f 1367/1486/1383 1368/1487/1384 1377/1496/1393
f 1368/1487/1384 1369/1488/1385 1378/1497/1394
f 1369/1488/1385 1370/1489/1386 1379/1498/1395
f 1370/1489/1386 1371/1490/1387 1380/1499/1396
f 1371/1490/1387 1372/1491/1388 1381/1500/1397
f 1382/1501/1398 1373/1492/1389 1366/1485/1382
f 1375/1494/1391 1374/1493/1390 1383/1502/1399
f 1374/1493/1390 1376/1495/1392 1385/1504/1401
f 1376/1495/1392 1377/1496/1393 1386/1505/1402
f 1377/1496/1393 1378/1497/1394 1387/1506/1403
f 1378/1497/1394 1379/1498/1395 1388/1507/1404
f 1379/1498/1395 1380/1499/1396 1389/1508/1405
f 1380/1499/1396 1381/1500/1397 1390/1509/1406
f 1391/1510/1407 1382/1501/1398 1375/1494/1391
f 1384/1503/1400 1383/1502/1399 1392/1511/1408
f 1383/1502/1399 1385/1504/1401 1394/1513/1410
f 1385/1504/1401 1386/1505/1402 1395/1514/1411
f 1386/1505/1402 1387/1506/1403 1396/1515/1412
f 1387/1506/1403 1388/1507/1404 1397/1516/1413
f 1388/1507/1404 1389/1508/1405 1398/1517/1414
f 1389/1508/1405 1390/1509/1406 1399/1518/1415
f 1391/1510/1407 1384/1503/1400 1393/1512/1409
f 1393/1512/1409 1392/1511/1408 1401/1520/1417
f 1392/1511/1408 1394/1513/1410 1403/1522/1419
f 1394/1513/1410 1395/1514/1411 1404/1523/1420
f 1395/1514/1411 1396/1515/1412 1405/1524/1421
f 1396/1515/1412 1397/1516/1413 1406/1525/1422
f 1397/1516/1413 1398/1517/1414 1407/1526/1423
f 1398/1517/1414 1399/1518/1415 1408/1527/1424
f 1400/1519/1416 1393/1512/1409 1402/1521/1418
f 1402/1521/1418 1401/1520/1417 1410/1529/1426
f 1401/1520/1417 1403/1522/1419 1412/1531/1428
f 1403/1522/1419 1404/1523/1420 1413/1532/1429
f 1404/1523/1420 1405/1524/1421 1414/1533/1430
f 1405/1524/1421 1406/1525/1422 1415/1534/1431
f 1406/1525/1422 1407/1526/1423 1416/1535/1432
f 1407/1526/1423 1408/1527/1424 1417/1536/1433
f 1409/1528/1425 1402/1521/1418 1411/1530/1427
f 1411/1530/1427 1410/1529/1426 1419/1538/1435
f 1410/1529/1426 1412/1531/1428 1421/1540/1437
f 1412/1531/1428 1413/1532/1429 1422/1541/1438
f 1413/1532/1429 1414/1533/1430 1423/1542/1439
f 1414/1533/1430 1415/1534/1431 1424/1543/1440
f 1415/1534/1431 1416/1535/1432 1425/1544/1441
f 1416/1535/1432 1417/1536/1433 1426/1545/1442
f 1418/1537/1434 1411/1530/1427 1420/1539/1436
f 1428/1547/1444 1420/1539/1436 1419/1538/1435
f 1419/1538/1435 1421/1540/1437 1430/1549/1446
f 1421/1540/1437 1422/1541/1438 1431/1550/1447
f 1422/1541/1438 1423/1542/1439 1432/1551/1448
f 1423/1542/1439 1424/1543/1440 1433/1552/1449
f 1424/1543/1440 1425/1544/1441 1434/1553/1450
f 1425/1544/1441 1426/1545/1442 1435/1554/1451
f 1427/1546/1443 1420/1539/1436 1428/1547/1444
f 1437/1556/1453 1428/1547/1444 1429/1548/1445
f 1438/1557/1454 1429/1548/1445 1430/1549/1446
f 1430/1549/1446 1431/1550/1447 1440/1559/1456
f 1431/1550/1447 1432/1551/1448 1441/1560/1457
f 1432/1551/1448 1433/1552/1449 1442/1561/1458
f 1433/1552/1449 1434/1553/1450 1443/1562/1459
f 1434/1553/1450 1435/1554/1451 1444/1563/1460
f 1436/1555/1452 1428/1547/1444 1437/1556/1453
f 1446/1565/1462 1437/1556/1453 1438/1557/1454
f 1447/1566/1463 1438/1557/1454 1439/1558/1455
f 1448/1567/1464 1439/1558/1455 1440/1559/1456
f 1440/1559/1456 1441/1560/1457 1450/1569/1466
f 1441/1560/1457 1442/1561/1458 1451/1570/1467
f 1442/1561/1458 1443/1562/1459 1452/1571/1468
f 1443/1562/1459 1444/1563/1460 1453/1572/1469
f 1445/1564/1461 1437/1556/1453 1446/1565/1462
f 1455/1574/1471 1446/1565/1462 1447/1566/1463
f 1456/1575/1472 1447/1566/1463 1448/1567/1464
f 1457/1576/1473 1448/1567/1464 1449/1568/1465
f 1458/1577/1474 1449/1568/1465 1450/1569/1466
f 1450/1569/1466 1451/1570/1467 1460/1579/1476
f 1451/1570/1467 1452/1571/1468 1461/1580/1477
f 1452/1571/1468 1453/1572/1469 1462/1581/1478
f 1454/1573/1470 1446/1565/1462 1455/1574/1471
f 1464/1583/1480 1455/1574/1471 1456/1575/1472
f 1465/1584/1481 1456/1575/1472 1457/1576/1473
f 1466/1585/1482 1457/1576/1473 1458/1577/1474
f 1467/1586/1483 1458/1577/1474 1459/1578/1475
f 1468/1587/1484 1459/1578/1475 1460/1579/1476
f 1469/1588/1485 1460/1579/1476 1461/1580/1477
f 1461/1580/1477 1462/1581/1478 1471/1590/1487
f 1463/1582/1479 1455/1574/1471 1464/1583/1480
f 1473/1592/1489 1464/1583/1480 1465/1584/1481
f 1474/1593/1490 1465/1584/1481 1466/1585/1482
f 1475/1594/1491 1466/1585/1482 1467/1586/1483
f 1476/1595/1492 1467/1586/1483 1468/1587/1484
f 1477/1596/1493 1468/1587/1484 1469/1588/1485
f 1478/1597/1494 1469/1588/1485 1470/1589/1486
f 1479/1598/1495 1470/1589/1486 1471/1590/1487
f 1472/1591/1488 1464/1583/1480 1473/1592/1489
f 1482/1601/1498 1473/1592/1489 1474/1593/1490
f 1483/1602/1499 1474/1593/1490 1475/1594/1491
f 1484/1603/1500 1475/1594/1491 1476/1595/1492
f 1485/1604/1501 1476/1595/1492 1477/1596/1493
f 1486/1605/1502 1477/1596/1493 1478/1597/1494
f 1487/1606/1503 1478/1597/1494 1479/1598/1495
f 1488/1607/1504 1479/1598/1495 1480/1599/1496
f 1481/1600/1497 1473/1592/1489 1482/1601/1498
f 1491/1610/1507 1482/1601/1498 1483/1602/1499
f 1492/1611/1508 1483/1602/1499 1484/1603/1500
f 1493/1612/1509 1484/1603/1500 1485/1604/1501
f 1494/1613/1510 1485/1604/1501 1486/1605/1502
f 1495/1614/1511 1486/1605/1502 1487/1606/1503
f 1496/1615/1512 1487/1606/1503 1488/1607/1504
f 1497/1616/1513 1488/1607/1504 1489/1608/1505
f 1490/1609/1506 1482/1601/1498 1491/1610/1507
f 1500/1619/1516 1491/1610/1507 1492/1611/1508
f 1501/1620/1517 1492/1611/1508 1493/1612/1509
f 1502/1621/1518 1493/1612/1509 1494/1613/1510
f 1503/1622/1519 1494/1613/1510 1495/1614/1511
f 1504/1623/1520 1495/1614/1511 1496/1615/1512
f 1505/1624/1521 1496/1615/1512 1497/1616/1513
f 1506/1625/1522 1497/1616/1513 1498/1617/1514
f 1508/1627/1524 1518/1637/1534 1499/1618/1515
f 1499/1618/1515 1491/1610/1507 1508/1627/1524
f 1509/1628/1525 1508/1627/1524 1500/1619/1516
f 1510/1629/1526 1500/1619/1516 1501/1620/1517
f 1511/1630/1527 1501/1620/1517 1502/1621/1518
f 1512/1631/1528 1502/1621/1518 1503/1622/1519
f 1513/1632/1529 1503/1622/1519 1504/1623/1520
f 1514/1633/1530 1504/1623/1520 1505/1624/1521
f 1515/1634/1531 1505/1624/1521 1506/1625/1522
f 1516/1635/1532 1506/1625/1522 1507/1626/1523
f 1518/1637/1534 1508/1627/1524 1509/1628/1525
f 1520/1639/1536 1509/1628/1525 1510/1629/1526
f 1521/1640/1537 1510/1629/1526 1511/1630/1527
f 1522/1641/1538 1511/1630/1527 1512/1631/1528
f 1523/1642/1539 1512/1631/1528 1513/1632/1529
f 1524/1643/1540 1513/1632/1529 1514/1633/1530
f 1525/1644/1541 1514/1633/1530 1515/1634/1531
f 1526/1645/1542 1515/1634/1531 1516/1635/1532
f 1527/1646/1543 1516/1635/1532 1517/1636/1533
f 1519/1638/1535 1509/1628/1525 1520/1639/1536
f 1530/1649/1546 1520/1639/1536 1521/1640/1537
f 1531/1650/1547 1521/1640/1537 1522/1641/1538
f 1532/1651/1548 1522/1641/1538 1523/1642/1539
f 1533/1652/1549 1523/1642/1539 1524/1643/1540
f 1534/1653/1550 1524/1643/1540 1525/1644/1541
f 1535/1654/1551 1525/1644/1541 1526/1645/1542
f 1536/1655/1552 1526/1645/1542 1527/1646/1543
f 1537/1656/1553 1527/1646/1543 1528/1647/1544
f 1529/1648/1545 1520/1639/1536 1530/1649/1546
f 1540/1659/1556 1530/1649/1546 1531/1650/1547
f 1541/1660/1557 1531/1650/1547 1532/1651/1548
f 1542/1661/1558 1532/1651/1548 1533/1652/1549
f 1543/1662/1559 1533/1652/1549 1534/1653/1550
f 1544/1663/1560 1534/1653/1550 1535/1654/1551
f 1545/1664/1561 1535/1654/1551 1536/1655/1552
f 1546/1665/1562 1536/1655/1552 1537/1656/1553
f 1547/1666/1563 1537/1656/1553 1538/1657/1554
f 1539/1658/1555 1530/1649/1546 1540/1659/1556
f 1550/1669/1566 1540/1659/1556 1541/1660/1557
f 1551/1670/1567 1541/1660/1557 1542/1661/1558
f 1552/1671/1568 1542/1661/1558 1543/1662/1559
f 1553/1672/1569 1543/1662/1559 1544/1663/1560
f 1554/1673/1570 1544/1663/1560 1545/1664/1561
f 1555/1674/1571 1545/1664/1561 1546/1665/1562
f 1556/1675/1572 1546/1665/1562 1547/1666/1563
f 1557/1676/1573 1547/1666/1563 1548/1667/1564
f 1549/1668/1565 1540/1659/1556 1550/1669/1566
f 1560/1679/1576 1550/1669/1566 1551/1670/1567
f 1561/1680/1577 1551/1670/1567 1552/1671/1568
f 1562/1681/1578 1552/1671/1568 1553/1672/1569
f 1563/1682/1579 1553/1672/1569 1554/1673/1570
f 1564/1683/1580 1554/1673/1570 1555/1674/1571
f 1565/1684/1581 1555/1674/1571 1556/1675/1572
f 1566/1685/1582 1556/1675/1572 1557/1676/1573
f 1567/1686/1583 1557/1676/1573 1558/1677/1574
f 1559/1678/1575 1550/1669/1566 1560/1679/1576
f 1570/1689/1586 1560/1679/1576 1561/1680/1577
f 1571/1690/1587 1561/1680/1577 1562/1681/1578
f 1572/1691/1588 1562/1681/1578 1563/1682/1579
f 1573/1692/1589 1563/1682/1579 1564/1683/1580
f 1574/1693/1590 1564/1683/1580 1565/1684/1581
f 1575/1694/1591 1565/1684/1581 1566/1685/1582
f 1576/1695/1592 1566/1685/1582 1567/1686/1583
f 1577/1696/1593 1567/1686/1583 1568/1687/1584
f 1569/1688/1585 1560/1679/1576 1570/1689/1586
f 1580/1699/1596 1570/1689/1586 1571/1690/1587
f 1581/1700/1597 1571/1690/1587 1572/1691/1588
f 1582/1701/1598 1572/1691/1588 1573/1692/1589
f 1583/1702/1599 1573/1692/1589 1574/1693/1590
f 1584/1703/1600 1574/1693/1590 1575/1694/1591
f 1585/1704/1601 1575/1694/1591 1576/1695/1592
f 1586/1705/1602 1576/1695/1592 1577/1696/1593
f 1587/1706/1603 1577/1696/1593 1578/1697/1594
f 1579/1698/1595 1570/1689/1586 1580/1699/1596
f 1590/1709/1606 1580/1699/1596 1581/1700/1597
f 1591/1710/1607 1581/1700/1597 1582/1701/1598
f 1592/1711/1608 1582/1701/1598 1583/1702/1599
f 1593/1712/1609 1583/1702/1599 1584/1703/1600
f 1594/1713/1610 1584/1703/1600 1585/1704/1601
f 1595/1714/1611 1585/1704/1601 1586/1705/1602
f 1596/1715/1612 1586/1705/1602 1587/1706/1603
f 1597/1716/1613 1587/1706/1603 1588/1707/1604
f 1589/1708/1605 1580/1699/1596 1590/1709/1606
f 1600/1719/1616 1590/1709/1606 1591/1710/1607
f 1601/1720/1617 1591/1710/1607 1592/1711/1608
f 1602/1721/1618 1592/1711/1608 1593/1712/1609
f 1603/1722/1619 1593/1712/1609 1594/1713/1610
f 1604/1723/1620 1594/1713/1610 1595/1714/1611
f 1605/1724/1621 1595/1714/1611 1596/1715/1612
f 1606/1725/1622 1596/1715/1612 1597/1716/1613
f 1607/1726/1623 1597/1716/1613 1598/1717/1614
f 1599/1718/1615 1590/1709/1606 1600/1719/1616
f 1610/1729/1626 1612/1732/1626 1611/1730/1626
f 1612/1732/1626 1614/7884/1626 1613/1733/1626
f 1614/1877/4017 1613/1879/4018 1615/7885/4019
f 1616/1880/1628 1615/7885/4019 1617/7886/1629
f 1618/1882/1630 1617/7886/1629 1619/7887/1631
f 1620/1743/1632 1619/7887/1631 1621/1744/1633
f 1622/1745/1634 1621/1744/1633 1623/1746/1635
f 1624/1747/1636 1623/1746/1635 1625/1748/1637
f 1626/1749/1638 1625/1748/1637 1627/1750/1639
f 1628/1751/1640 1627/1750/1639 1629/1752/1641
f 1630/1753/1642 1629/1752/1641 1631/1754/1643
f 1632/1755/1644 1631/1754/1643 1633/1756/1645
f 1634/1757/1646 1633/1756/1645 1635/1758/1647
f 1636/1759/1648 1635/1758/1647 1637/1760/1649
f 1638/1761/1650 1637/1760/1649 1639/1762/1651
f 1639/1762/1651 1642/1765/1654 1641/1764/1653
f 1642/1765/1654 1644/1767/1656 1643/1766/1655
f 1644/1767/1656 1646/1769/1658 1645/1768/1657
f 1646/1769/1658 1648/1771/1660 1647/1770/1659
f 1648/1771/1660 1650/1773/1662 1649/1772/1661
f 1650/1773/1662 1652/1775/1664 1651/1774/1663
f 1652/1775/1664 1654/1777/1666 1653/1776/1665
f 1654/1777/1666 1656/1779/1668 1655/1778/1667
f 1656/1779/1668 1658/1781/1670 1657/1780/1669
f 1658/1781/1670 1660/1783/1672 1659/1782/1671
f 1660/1783/1672 1662/1785/1674 1661/1784/1673
f 1662/7888/1674 1664/1787/1676 1663/1789/1675
f 1664/1787/1676 1666/1790/1678 1665/1788/1677
f 1666/1790/1678 1668/1792/1680 1667/1791/1679
f 1668/1792/1680 1670/1794/1682 1669/1793/1681
f 1670/1794/1682 1672/1796/1684 1671/1795/1683
f 1672/1796/1684 1674/1798/1686 1673/1797/1685
f 1674/1798/1686 1676/1800/1688 1675/1799/1687
f 1676/1800/1688 1678/1802/1690 1677/1801/1689
f 1678/1802/1690 1680/1804/1692 1679/1803/1691
f 1680/1804/1692 1682/1806/1694 1681/1805/1693
f 1682/1806/1694 1684/1808/1696 1683/1807/1695
f 1684/1808/1696 1686/1810/1698 1685/1809/1697
f 1686/1810/1698 1688/1812/1700 1687/1811/1699
f 1688/1812/1700 5321/7889/4020 1689/1813/1701
f 1689/1813/1701 5321/7889/4020 1690/1814/1702
f 1691/1815/1703 1690/1814/1702 1692/1816/1704
f 1693/1817/1705 1692/1816/1704 1694/1818/1706
f 1695/1819/1707 1694/1818/1706 1696/1820/1708
f 1697/1821/1709 1696/1820/1708 1698/1822/1710
f 1699/1823/1711 1698/1822/1710 1700/1824/1712
f 1701/1825/1713 1700/1824/1712 1702/1826/1714
f 1703/1827/1715 1702/1826/1714 1704/1828/1716
f 1705/1829/1717 1704/1828/1716 1706/1830/1718
f 1707/1831/1719 1706/1830/1718 1708/1832/1720
f 1709/1833/1721 1708/1832/1720 1710/1834/1722
f 1711/1835/1723 1710/1834/1722 1712/1836/1724
f 1713/1837/1725 1712/1836/1724 1714/1838/1726
f 1715/1839/1727 1714/1838/1726 1716/1840/1728
f 1717/1841/1729 1716/1840/1728 1718/1842/1730
f 1719/1843/1731 1718/1842/1730 1720/1844/1732
f 1721/1845/1733 1720/1844/1732 1722/1846/1734
f 1723/1847/1735 1722/1846/1734 1724/1848/1736
f 1725/1849/1737 1724/1848/1736 1726/1850/1738
f 1727/1851/1739 1726/1850/1738 1728/1852/1740
f 1729/1853/1741 1728/1852/1740 1730/1854/1742
f 1730/1854/1742 1733/1857/1745 1732/1856/1744
f 1733/1857/1745 1735/1859/1747 1734/1858/1746
f 1735/1859/1747 1737/1861/1749 1736/1860/1748
f 1737/1861/1749 1739/1863/1751 1738/1862/1750
f 1739/1863/1751 1741/1865/1753 1740/1864/1752
f 1741/1865/1753 1743/1867/1755 1742/1866/1754
f 1743/1867/1755 1745/1869/1757 1744/1868/1756
f 1745/1869/1757 1747/1871/1759 1746/1870/1758
f 1747/1871/1759 5322/7890/4021 1748/1872/1760
f 1748/1872/1760 5322/7890/4021 1749/1873/1761
f 1750/1874/1762 1749/1873/1761 1751/1875/1763
f 1614/7891/4022 1616/7892/4022 1753/7893/4022
f 1616/7894/1768 1618/7895/1770 1754/7896/1769
f 1618/7897/1770 1620/7898/1632 1755/7899/1771
f 1620/7900/1632 1757/7901/1773 1756/7902/1772
f 1757/1885/1773 1759/1887/1775 1758/1886/1774
f 1759/1887/1775 1761/1889/1777 1760/1888/1776
f 1761/1889/1777 1763/1891/1779 1762/1890/1778
f 1763/1891/1779 1765/1893/1781 1764/1892/1780
f 1765/1893/1781 1767/1895/1783 1766/1894/1782
f 1767/1895/1783 1769/1897/1785 1768/1896/1784
f 1769/1897/1785 1771/1899/1787 1770/1898/1786
f 1771/1899/1787 1773/1901/1789 1772/1900/1788
f 1773/1901/1789 5323/7903/4023 1774/1902/1790
f 1774/1902/1790 5323/7903/4023 1775/1903/1791
f 1776/1904/1792 1775/1903/1791 1777/1905/1793
f 1778/1906/1794 1777/1905/1793 1779/1907/1795
f 1780/1908/1796 1779/1907/1795 1781/1909/1797
f 1782/1910/1798 1781/1909/1797 1783/1911/1799
f 1784/1912/1800 1783/1911/1799 1785/1913/1801
f 1786/1914/1802 1785/1913/1801 1787/1915/1803
f 1788/1916/1804 1787/1915/1803 1789/1917/1805
f 1790/1918/1806 1789/1917/1805 1791/7904/1807
f 1792/1921/1808 1791/1920/1807 1793/1922/1809
f 1794/1923/1810 1793/1922/1809 1795/1924/1811
f 1796/1925/1812 1795/1924/1811 1797/1926/1813
f 1798/1927/1814 1797/1926/1813 1799/1928/1815
f 1800/1929/1816 1799/1928/1815 1801/1930/1817
f 1802/1931/1818 1801/1930/1817 1803/1932/1819
f 1804/1933/1820 1803/1932/1819 1805/1934/1821
f 1806/1935/1822 1805/1934/1821 1807/1936/1823
f 1808/1937/1824 1807/1936/1823 1809/1938/1825
f 1810/1939/1826 1809/1938/1825 1811/1940/1827
f 1812/1941/1828 1811/1940/1827 1813/1942/1829
f 1814/1943/1830 1813/1942/1829 1815/1944/1831
f 1816/1945/1832 1815/1944/1831 1817/1946/1833
f 1818/1947/1834 1817/1946/1833 1819/1948/1835
f 1820/1949/1836 1819/1948/1835 1821/1950/1837
f 1822/1951/1838 1821/1950/1837 1823/1952/1839
f 1823/1952/1839 1826/1955/1842 1825/1954/1841
f 1826/1955/1842 1828/1957/1844 1827/1956/1843
f 1828/1957/1844 1830/1959/1846 1829/1958/1845
f 1830/1959/1846 1832/1961/1848 1831/1960/1847
f 1832/1961/1848 1834/1963/1850 1833/1962/1849
f 1834/1963/1850 1836/1965/1852 1835/1964/1851
f 1836/1965/1852 1838/1967/1854 1837/1966/1853
f 1838/1967/1854 1840/1969/1856 1839/1968/1855
f 1840/1969/1856 1842/1971/1858 1841/1970/1857
f 1842/1971/1858 1844/1973/1860 1843/1972/1859
f 1844/1973/1860 1846/1975/1862 1845/1974/1861
f 1846/1975/1862 1848/1977/1864 1847/1976/1863
f 1848/1977/1864 1850/1979/1866 1849/1978/1865
f 1850/1979/1866 1852/1981/1868 1851/1980/1867
f 1852/1981/1868 1854/1983/1870 1853/1982/1869
f 1854/1983/1870 1856/1985/1872 1855/1984/1871
f 1856/1985/1872 1858/1987/1874 1857/1986/1873
f 1858/1987/1874 1860/1989/1876 1859/1988/1875
f 1860/1989/1876 1862/1991/1878 1861/1990/1877
f 1862/1991/1878 1864/1993/1880 1863/1992/1879
f 1864/1993/1880 5324/7905/4024 1865/1994/1881
f 1865/1994/1881 5324/7905/4024 1866/1995/1882
f 1867/1996/1883 1866/1995/1882 1868/1997/1884
f 1869/1998/1885 1868/1997/1884 1870/1999/1886
f 1871/2000/1887 1870/1999/1886 1872/2001/1888
f 1873/2002/1889 1872/2001/1888 1874/2003/1890
f 1875/2004/1891 1874/2003/1890 1876/2005/1892
f 1877/2006/1893 1876/2005/1892 1878/2007/1894
f 1879/2008/1895 1878/2007/1894 1880/2009/1896
f 1881/2010/1897 1880/2009/1896 1882/2011/1898
f 1882/2011/1898 1885/2014/1901 1884/2013/1900
f 1885/2014/1901 1890/7906/4025 1886/2015/1902
f 1607/7907/1903 1608/7908/1903 1891/2043/1903
f 1607/7907/1903 1891/2043/1903 1606/7909/1903
f 1891/2043/1903 1895/2044/1903 5325/7910/1903
f 1603/7911/1903 1891/2043/1903 5326/7912/1903
f 1605/7913/1903 1606/7909/1903 1891/2043/1903
f 1603/7911/1903 1604/7914/1903 1891/2043/1903
f 1604/7914/1903 1605/7913/1903 1891/2043/1903
f 1601/7915/1903 1602/7916/1903 5327/7917/1903
f 1602/7916/1903 1603/7911/1903 5327/7917/1903
f 5327/7917/1903 1600/7918/1903 1601/7915/1903
f 5328/7919/1903 5326/7912/1903 1891/2043/1903
f 5326/7912/1903 5327/7917/1903 1603/7911/1903
f 5329/7920/1903 5325/7910/1903 1895/2044/1903
f 5325/7910/1903 5328/7919/1903 1891/2043/1903
f 5330/7921/1903 5331/7922/1903 1895/2044/1903
f 5331/7922/1903 5329/7920/1903 1895/2044/1903
f 5332/7923/1903 5333/7924/1903 1895/2044/1903
f 5333/7924/1903 5330/7921/1903 1895/2044/1903
f 5334/7925/1903 5335/7926/1903 1895/2044/1903
f 5335/7926/1903 5332/7923/1903 1895/2044/1903
f 5336/7927/1903 5337/7928/1903 1895/2044/1903
f 5337/7928/1903 5334/7925/1903 1895/2044/1903
f 802/7929/1903 801/7930/1903 1887/2016/1903
f 801/7930/1903 5336/7927/1903 1895/2044/1903
f 1887/2016/1903 801/7930/1903 1895/2044/1903
f 804/7931/1903 803/7932/1903 1887/2016/1903
f 803/7932/1903 802/7929/1903 1887/2016/1903
f 806/2018/1903 805/7933/1903 1887/2016/1903
f 805/7933/1903 804/7931/1903 1887/2016/1903
f 808/7934/1903 807/7935/1903 1888/2017/1903
f 807/7935/1903 806/2018/1903 1888/2017/1903
f 1888/2017/1903 5318/7936/1903 808/7934/1903
f 1752/2019/1904 1892/7937/1904 1889/2020/1904
f 1889/2022/1904 1895/7938/1904 1891/2023/1904
f 1892/2025/1903 1887/2016/1903 1888/2017/1903
f 1893/2027/1905 1898/7939/1905 1894/2028/1905
f 1896/2030/1906 1899/7940/1906 1891/2031/1906
f 1898/2033/1907 1896/7941/1907 1897/2034/1907
f 1893/2036/1904 1899/7942/1904 1896/2037/1904
f 1895/2039/1626 1891/7943/1626 1899/2040/1626
f 1894/2042/1903 1897/7944/1903 1891/2043/1903
f 1900/2045/1905 1904/7945/1905 1887/2046/1905
f 1902/2048/1906 1905/7946/1906 1903/2049/1906
f 1904/2051/1907 1902/7947/1907 1888/2052/1907
f 1900/2054/1904 1905/7948/1904 1902/2055/1904
f 1901/2057/1626 1903/7949/1626 1905/2058/1626
f 1887/2016/1903 1888/2017/1903 1903/2060/1903
f 1906/2062/1908 1912/7950/1908 1907/2063/1908
f 1909/2065/1909 1913/7951/1909 1910/2066/1909
f 1911/2068/1905 1910/7952/1905 1912/2069/1905
f 1910/2071/1910 1913/7953/1910 1907/2072/1910
f 1913/2074/1906 1909/7954/1906 1908/2075/1906
f 1909/2077/1911 1911/7955/1911 1906/2078/1911
f 1914/2080/1908 1920/7956/1908 1915/2081/1908
f 1917/2083/1909 1921/7957/1909 1918/2084/1909
f 1919/2086/1905 1918/7958/1905 1920/2087/1905
f 1918/2089/1910 1921/7959/1910 1915/2090/1910
f 1921/2092/1906 1917/7960/1906 1916/2093/1906
f 1917/2095/1911 1919/7961/1911 1914/2096/1911
f 1922/2098/1912 1928/7962/1912 1923/2099/1912
f 1925/2101/1913 5338/7963/1913 1926/2102/1913
f 1927/2104/1905 1926/7964/1905 1928/2105/1905
f 1926/2107/1914 5338/7965/1914 1923/2108/1914
f 1923/2110/1906 5338/7966/1906 1925/2111/1906
f 1925/2113/1915 1927/7967/1915 1922/2114/1915
f 1929/2116/1912 1935/7968/1912 1930/2117/1912
f 1932/2119/1913 5339/7969/1913 1933/2120/1913
f 1934/2122/1905 1933/7970/1905 1935/2123/1905
f 1933/2125/1914 5339/7971/1914 1930/2126/1914
f 1930/2128/1906 5339/7972/1906 1932/2129/1906
f 1932/2131/1915 1934/7973/1915 1929/2132/1915
f 1936/2134/1916 1942/7974/1916 1937/2135/1916
f 1939/2137/1917 1943/7975/1917 1940/2138/1917
f 1936/2140/1905 1941/7976/1905 1940/2141/1905
f 1940/2143/1918 1943/7977/1918 1937/2144/1918
f 1943/2146/1906 1939/7978/1906 1938/2147/1906
f 1939/2149/1919 1941/7979/1919 1936/2150/1919
f 1944/2152/1916 1950/7980/1916 1945/2153/1916
f 1947/2155/1917 1951/7981/1917 1948/2156/1917
f 1944/2158/1905 1949/7982/1905 1948/2159/1905
f 1948/2161/1918 1951/7983/1918 1945/2162/1918
f 1951/2164/1906 1947/7984/1906 1946/2165/1906
f 1947/2167/1919 1949/7985/1919 1944/2168/1919
f 1952/2170/1920 1958/7986/1920 1953/2171/1920
f 1955/2173/1921 1959/7987/1921 1956/2174/1921
f 1957/2176/1905 1956/7988/1905 1958/2177/1905
f 1956/2179/1922 1959/7989/1922 1953/2180/1922
f 1959/2182/1906 1955/7990/1906 1954/2183/1906
f 1955/2185/1923 1957/7991/1923 1952/2186/1923
f 1960/2188/1920 1966/7992/1920 1961/2189/1920
f 1963/2191/1921 1967/7993/1921 1964/2192/1921
f 1965/2194/1905 1964/7994/1905 1966/2195/1905
f 1964/2197/1922 1967/7995/1922 1961/2198/1922
f 1967/2200/1906 1963/7996/1906 1962/2201/1906
f 1963/2203/1923 1965/7997/1923 1960/2204/1923
f 1968/2206/1904 1974/7998/1904 1969/2207/1904
f 1971/2209/1903 1975/7999/1903 1972/2210/1903
f 1973/2212/1905 1972/8000/1905 1974/2213/1905
f 1972/2215/1626 1975/8001/1626 1969/2216/1626
f 1975/2218/1906 1971/8002/1906 1970/2219/1906
f 1971/2221/1907 1973/8003/1907 1968/2222/1907
f 1976/2224/1904 1982/8004/1904 1977/2225/1904
f 1979/2227/1903 1983/8005/1903 1980/2228/1903
f 1981/2230/1905 1980/8006/1905 1982/2231/1905
f 1980/2233/1626 1983/8007/1626 1977/2234/1626
f 1983/2236/1906 1979/8008/1906 1978/2237/1906
f 1979/2239/1907 1981/8009/1907 1976/2240/1907
f 1984/2242/1904 1990/8010/1904 1985/2243/1904
f 1987/2245/1903 1991/8011/1903 1988/2246/1903
f 1989/2248/1905 1988/8012/1905 1990/2249/1905
f 1988/2251/1626 1991/8013/1626 1985/2252/1626
f 1991/2254/1906 1987/8014/1906 1986/2255/1906
f 1987/2257/1907 1989/8015/1907 1984/2258/1907
f 1992/2260/1904 1998/8016/1904 1993/2261/1904
f 1995/2263/1903 1999/8017/1903 1996/2264/1903
f 1997/2266/1905 1996/8018/1905 1998/2267/1905
f 1996/2269/1626 1999/8019/1626 1993/2270/1626
f 1999/2272/1906 1995/8020/1906 1994/2273/1906
f 1995/2275/1907 1997/8021/1907 1992/2276/1907
f 2000/2278/1903 2006/8022/1903 2001/2279/1903
f 2003/2281/1904 2007/8023/1904 2004/2282/1904
f 2005/2284/1905 2004/8024/1905 2006/2285/1905
f 2004/2287/1907 2007/8025/1907 2001/2288/1907
f 2007/2290/1906 2003/8026/1906 2002/2291/1906
f 2003/2293/1626 2005/8027/1626 2000/2294/1626
f 2008/2296/1903 2014/8028/1903 2009/2297/1903
f 2011/2299/1904 2015/8029/1904 2012/2300/1904
f 2013/2302/1905 2012/8030/1905 2014/2303/1905
f 2012/2305/1907 2015/8031/1907 2009/2306/1907
f 2015/2308/1906 2011/2326/1906 2010/2309/1906
f 2011/2311/1626 2013/8032/1626 2008/2312/1626
f 2016/2314/1903 2019/8033/1903 2010/2315/1903
f 2007/2317/1904 2011/8034/1904 2017/2318/1904
f 2018/2320/1905 2017/8035/1905 2019/2321/1905
f 2017/2323/1907 2011/8036/1907 2010/2324/1907
f 2011/2326/1906 2007/2290/1906 2001/2292/1906
f 2007/2327/1626 2018/8037/1626 2016/2328/1626
f 2020/2330/1905 2026/8038/1905 2021/2331/1905
f 2023/2333/1906 2027/8039/1906 2024/2334/1906
f 2026/2336/1907 2023/8040/1907 2025/2337/1907
f 2020/2339/1904 2027/8041/1904 2023/2340/1904
f 2022/2342/1626 2024/8042/1626 2027/2343/1626
f 2021/2345/1903 2025/8043/1903 2024/2346/1903
f 2028/2348/1924 2044/2383/1940 2029/2349/1925
f 2029/2351/1925 2032/2354/1928 2031/2352/1927
f 2032/2354/1928 2047/2374/1943 2033/2355/1929
f 2033/2356/1929 2047/2376/1943 2034/2357/1930
f 2034/2357/1930 2037/2378/1933 2036/2359/1932
f 2037/2360/1933 2050/2380/1946 2038/2361/1934
f 2038/2361/1934 2050/2380/1946 2039/2363/1935
f 2040/2364/1936 2039/2363/1935 2041/2365/1937
f 2041/2367/1937 2044/2383/1940 2028/2348/1924
f 2043/2369/1939 2054/2385/1950 2029/2370/1925
f 2029/2351/1925 2054/2387/1950 2045/2372/1941
f 2032/2354/1928 2045/2372/1941 2046/2373/1942
f 2046/2375/1942 2048/2377/1944 2034/2357/1930
f 2048/2377/1944 2058/8044/1954 2037/2378/1933
f 2037/2360/1933 2058/2394/1954 2049/2379/1945
f 2049/2379/1945 2051/2381/1947 2039/2363/1935
f 2051/2381/1947 2052/2397/1948 2041/2365/1937
f 2052/2382/1948 2043/8045/1939 2044/2383/1940
f 2053/2384/1949 2055/2400/1951 2054/2385/1950
f 2055/2386/1951 2056/2388/1952 2045/2372/1941
f 2056/2388/1952 2064/2402/1960 2046/2373/1942
f 2046/2375/1942 2064/8046/1960 2057/2389/1953
f 2057/2390/1953 2059/2406/1955 2058/2391/1954
f 2059/2393/1955 2068/2408/1964 2049/2379/1945
f 2049/2379/1945 2068/2408/1964 2060/2395/1956
f 2051/2381/1947 2060/2395/1956 2061/2396/1957
f 2052/2398/1948 2061/2410/1957 2053/2384/1949
f 2062/2399/1958 5340/8047/4026 2055/2400/1951
f 2055/2386/1951 5340/8048/4026 2063/2401/1959
f 2063/2401/1959 2065/8049/1961 2064/2402/1960
f 2065/2403/1961 2066/2405/1962 2057/2390/1953
f 2066/2405/1962 5341/8050/4027 2059/2406/1955
f 2059/2393/1955 5341/8051/4027 2067/2407/1963
f 2068/2408/1964 2067/2407/1963 2069/2409/1965
f 2069/2409/1965 5342/8052/4028 2061/2396/1957
f 2061/2410/1957 5342/8053/4028 2062/2399/1958
f 2070/2411/1966 2073/2433/1969 2071/2412/1967
f 2073/2414/1969 2075/2417/1971 2074/2415/1970
f 2075/2417/1971 2077/2419/1973 2076/2418/1972
f 2077/2419/1973 2079/2437/1975 2078/2420/1974
f 2079/2421/1975 2091/2439/1987 2080/2422/1976
f 2080/2422/1976 2091/2439/1987 2081/2424/1977
f 2082/2426/1978 2081/2444/1977 2083/2427/1979
f 2084/2428/1980 2083/2427/1979 2085/2429/1981
f 2086/2431/1982 2085/2447/1981 2070/2411/1966
f 2070/2411/1966 2097/8054/1993 2087/2432/1983
f 2073/2414/1969 2087/2452/1983 2088/2434/1984
f 2075/2417/1971 2088/2434/1984 2089/2435/1985
f 2077/2419/1973 2089/2435/1985 2090/2436/1986
f 2090/2438/1986 2092/8055/1988 2091/2439/1987
f 2092/2440/1988 2093/2458/1989 2081/2441/1977
f 2093/2443/1989 2094/2445/1990 2083/2427/1979
f 2094/2445/1990 2095/2461/1991 2085/2429/1981
f 2095/2446/1991 2097/8054/1993 2070/2411/1966
f 2096/2448/1992 2098/2464/1994 2087/2449/1983
f 2098/2451/1994 2099/2453/1995 2088/2434/1984
f 2099/2453/1995 2100/2454/1996 2089/2435/1985
f 2100/2454/1996 2101/2468/1997 2090/2436/1986
f 2101/2455/1997 2109/2470/2005 2092/2440/1988
f 2092/2440/1988 2109/2470/2005 2102/2457/1998
f 2093/2443/1989 2102/2473/1998 2103/2459/1999
f 2094/2445/1990 2103/2459/1999 2104/2460/2000
f 2095/2462/1991 2104/2475/2000 2096/2448/1992
f 2105/2463/2001 5343/8056/4029 2098/2464/1994
f 2098/2451/1994 5343/8057/4029 2106/2465/2002
f 2099/2453/1995 2106/2465/2002 2107/2466/2003
f 2100/2454/1996 2107/2466/2003 2108/2467/2004
f 2108/2469/2004 2110/2471/2006 2109/2470/2005
f 2110/2471/2006 2111/8058/2007 2102/2457/1998
f 2111/2472/2007 2112/2474/2008 2103/2459/1999
f 2112/2474/2008 5344/8059/4030 2104/2460/2000
f 2104/2475/2000 5344/8060/4030 2105/2463/2001
f 2113/2476/2009 2129/2498/2025 2114/2477/2010
f 2114/2479/2010 2117/2482/2013 2116/2480/2012
f 2117/2482/2013 2119/2484/2015 2118/2483/2014
f 2119/2484/2015 2121/2503/2017 2120/2485/2016
f 2121/2486/2017 2134/2505/2030 2122/2487/2018
f 2122/2487/2018 2134/2505/2030 2123/2489/2019
f 2124/2491/2020 2123/2507/2019 2125/2492/2021
f 2126/2493/2022 2125/2492/2021 2127/2494/2023
f 2127/2496/2023 2129/2498/2025 2113/2476/2009
f 2129/2498/2025 2140/8061/2036 2130/2499/2026
f 2114/2479/2010 2130/2516/2026 2131/2500/2027
f 2117/2482/2013 2131/2500/2027 2132/2501/2028
f 2119/2484/2015 2132/2501/2028 2133/2502/2029
f 2133/2504/2029 2135/8062/2031 2134/2505/2030
f 2135/2506/2031 2136/2509/2032 2123/2507/2019
f 2136/2509/2032 2137/2510/2033 2125/2492/2021
f 2137/2510/2033 2138/2525/2034 2127/2494/2023
f 2138/2511/2034 2140/8061/2036 2129/2498/2025
f 2139/2512/2035 2141/2528/2037 2130/2513/2026
f 2141/2515/2037 2142/2517/2038 2131/2500/2027
f 2142/2517/2038 2143/2518/2039 2132/2501/2028
f 2143/2518/2039 2144/2532/2040 2133/2502/2029
f 2144/2519/2040 2152/2534/2048 2135/2520/2031
f 2135/2506/2031 2152/2536/2048 2145/2522/2041
f 2136/2509/2032 2145/2522/2041 2146/2523/2042
f 2137/2510/2033 2146/2523/2042 2147/2524/2043
f 2138/2526/2034 2147/2540/2043 2139/2512/2035
f 2139/2512/2035 5345/8063/4031 2148/2527/2044
f 2141/2515/2037 2148/8064/2044 2149/2529/2045
f 2142/2517/2038 2149/2529/2045 2150/2530/2046
f 2143/2518/2039 2150/2530/2046 2151/2531/2047
f 2151/2533/2047 2153/8065/2049 2152/2534/2048
f 2153/2535/2049 2154/2537/2050 2145/2522/2041
f 2154/2537/2050 2155/2538/2051 2146/2523/2042
f 2155/2538/2051 2156/8066/2052 2147/2524/2043
f 2156/2539/2052 5345/8063/4031 2139/2512/2035
f 2157/2541/2053 2172/2562/2068 2158/2542/2054
f 2158/2544/2054 2175/2565/2071 2160/2545/2056
f 2160/2545/2056 2175/2565/2071 2161/2547/2057
f 2162/2549/2058 2161/2568/2057 2163/2550/2059
f 2163/2550/2059 2166/2570/2062 2165/2552/2061
f 2166/2553/2062 2168/2556/2064 2167/2554/2063
f 2168/2556/2064 2179/2572/2075 2169/2557/2065
f 2169/2557/2065 2179/2572/2075 2170/2558/2066
f 2170/2560/2066 2172/2562/2068 2157/2541/2053
f 2172/2562/2068 2183/8067/2079 2173/2563/2069
f 2158/2544/2054 2173/2581/2069 2174/2564/2070
f 2175/2565/2071 2174/2564/2070 2176/2566/2072
f 2176/2567/2072 2177/2569/2073 2163/2550/2059
f 2177/2569/2073 2187/8068/2083 2166/2570/2062
f 2166/2553/2062 2187/2588/2083 2178/2571/2074
f 2178/2571/2074 2180/2573/2076 2179/2572/2075
f 2180/2573/2076 2181/2591/2077 2170/2558/2066
f 2181/2574/2077 2183/2579/2079 2172/2575/2068
f 2182/2577/2078 2184/2594/2080 2173/2578/2069
f 2184/2580/2080 2185/2582/2081 2174/2564/2070
f 2185/2582/2081 2194/2597/2090 2176/2566/2072
f 2176/2583/2072 2194/2599/2090 2186/2584/2082
f 2186/2584/2082 2188/2601/2084 2187/2586/2083
f 2188/2587/2084 2197/2603/2093 2178/2571/2074
f 2178/2571/2074 2197/2603/2093 2189/2589/2085
f 2180/2573/2076 2189/2589/2085 2190/2590/2086
f 2190/2592/2086 2182/2577/2078 2183/2579/2079
f 2191/2593/2087 5346/8069/4032 2184/2594/2080
f 2184/2580/2080 5346/8070/4032 2192/2595/2088
f 2185/2582/2081 2192/2595/2088 2193/2596/2089
f 2193/2598/2089 2195/2600/2091 2186/2584/2082
f 2195/2600/2091 5347/8071/4033 2188/2601/2084
f 2188/2587/2084 5347/8072/4033 2196/2602/2092
f 2196/2602/2092 2198/2604/2094 2189/2589/2085
f 2198/2604/2094 5348/8073/4034 2190/2590/2086
f 2190/2592/2086 5348/8074/4034 2191/2593/2087
f 2199/2605/1905 2205/8075/1905 2200/2606/1905
f 2202/2608/1906 2206/8076/1906 2203/2609/1906
f 2205/2611/1907 2202/8077/1907 2204/2612/1907
f 2199/2614/1904 2206/8078/1904 2202/2615/1904
f 2201/2617/1626 2203/8079/1626 2206/2618/1626
f 2200/2620/1903 2204/8080/1903 2203/2621/1903
f 2207/2623/1905 2213/8081/1905 2208/2624/1905
f 2210/2626/1906 2214/8082/1906 2211/2627/1906
f 2213/2629/1907 2210/8083/1907 2212/2630/1907
f 2207/2632/1904 2214/8084/1904 2210/2633/1904
f 2209/2635/1626 2211/8085/1626 2214/2636/1626
f 2208/2638/1903 2212/8086/1903 2211/2639/1903
f 2215/2641/1905 2221/8087/1905 2216/2642/1905
f 2218/2644/1906 2222/8088/1906 2219/2645/1906
f 2221/2647/1907 2218/8089/1907 2220/2648/1907
f 2215/2650/1904 2222/8090/1904 2218/2651/1904
f 2217/2653/1626 2219/8091/1626 2222/2654/1626
f 2216/2656/1903 2220/8092/1903 2219/2657/1903
f 2223/2659/1905 2229/8093/1905 2224/2660/1905
f 2226/2662/1906 2230/8094/1906 2227/2663/1906
f 2229/2665/1907 2226/8095/1907 2228/2666/1907
f 2223/2668/1904 2230/8096/1904 2226/2669/1904
f 2225/2671/1626 2227/8097/1626 2230/2672/1626
f 2224/2674/1903 2228/8098/1903 2227/2675/1903
f 2231/2677/1905 2237/8099/1905 2232/2678/1905
f 2234/2680/1906 2238/8100/1906 2235/2681/1906
f 2237/2683/1908 2238/8101/1908 2234/2684/1908
f 2231/2686/1903 2235/8102/1903 2238/2687/1903
f 2233/2689/1909 2236/8103/1909 2235/2690/1909
f 2232/2692/1904 2234/8104/1904 2236/2693/1904
f 2239/2695/1905 2245/8105/1905 2240/2696/1905
f 2242/2698/1906 2246/8106/1906 2243/2699/1906
f 2240/2701/1921 2242/8107/1921 2244/2702/1921
f 2245/2704/1903 2246/8108/1903 2242/2705/1903
f 2239/2707/1920 2243/8109/1920 2246/2708/1920
f 2241/2710/1904 2244/8110/1904 2243/2711/1904
f 2247/2713/1905 2253/8111/1905 2248/2714/1905
f 2250/2716/1906 2254/8112/1906 2251/2717/1906
f 2253/2719/1908 2254/8113/1908 2250/2720/1908
f 2247/2722/1903 2251/8114/1903 2254/2723/1903
f 2249/2725/1909 2252/8115/1909 2251/2726/1909
f 2248/2728/1904 2250/8116/1904 2252/2729/1904
f 2255/2731/1905 2261/8117/1905 2256/2732/1905
f 2258/2734/1906 2262/8118/1906 2259/2735/1906
f 2256/2737/1921 2258/8119/1921 2260/2738/1921
f 2261/2740/1903 2262/8120/1903 2258/2741/1903
f 2255/2743/1920 2259/8121/1920 2262/2744/1920
f 2257/2746/1904 2260/8122/1904 2259/2747/1904
f 2263/2749/1905 2269/8123/1905 2264/2750/1905
f 2266/2752/1906 2270/8124/1906 2267/2753/1906
f 2269/2755/1912 2270/8125/1912 2266/2756/1912
f 2263/2758/1903 2267/8126/1903 2270/2759/1903
f 2265/2761/1913 2268/8127/1913 2267/2762/1913
f 2264/2764/1904 2266/8128/1904 2268/2765/1904
f 2271/2767/1905 2277/8129/1905 2272/2768/1905
f 2274/2770/1906 2278/8130/1906 2275/2771/1906
f 2272/2773/1917 2274/8131/1917 2276/2774/1917
f 2277/2776/1903 2278/8132/1903 2274/2777/1903
f 2271/2779/1916 2275/8133/1916 2278/2780/1916
f 2273/2782/1904 2276/8134/1904 2275/2783/1904
f 2279/2785/1905 2285/8135/1905 2280/2786/1905
f 2282/2788/1906 2286/8136/1906 2283/2789/1906
f 2285/2791/1912 2286/8137/1912 2282/2792/1912
f 2279/2794/1903 2283/8138/1903 2286/2795/1903
f 2281/2797/1913 2284/8139/1913 2283/2798/1913
f 2280/2800/1904 2282/8140/1904 2284/2801/1904
f 2287/2803/1905 2293/8141/1905 2288/2804/1905
f 2290/2806/1906 2294/8142/1906 2291/2807/1906
f 2288/2809/1917 2290/8143/1917 2292/2810/1917
f 2293/2812/1903 2294/8144/1903 2290/2813/1903
f 2287/2815/1916 2291/8145/1916 2294/2816/1916
f 2289/2818/1904 2292/8146/1904 2291/2819/1904
f 2295/2821/1905 2301/8147/1905 2296/2822/1905
f 2298/2824/1906 2302/8148/1906 2299/2825/1906
f 2301/2827/1912 2302/8149/1912 2298/2828/1912
f 2295/2830/1903 2299/8150/1903 2302/2831/1903
f 2297/2833/1913 2300/8151/1913 2299/2834/1913
f 2296/2836/1904 2298/8152/1904 2300/2837/1904
f 2303/2839/1905 2309/8153/1905 2304/2840/1905
f 2306/2842/1906 2310/8154/1906 2307/2843/1906
f 2304/2845/1917 2306/8155/1917 2308/2846/1917
f 2309/2848/1903 2310/8156/1903 2306/2849/1903
f 2303/2851/1916 2307/8157/1916 2310/2852/1916
f 2305/2854/1904 2308/8158/1904 2307/2855/1904
f 2311/2857/1905 2317/8159/1905 2312/2858/1905
f 2314/2860/1906 2318/8160/1906 2315/2861/1906
f 2317/2863/1912 2318/8161/1912 2314/2864/1912
f 2311/2866/1903 2315/8162/1903 2318/2867/1903
f 2313/2869/1913 2316/8163/1913 2315/2870/1913
f 2312/2872/1904 2314/8164/1904 2316/2873/1904
f 2319/2875/1905 2325/8165/1905 2320/2876/1905
f 2322/2878/1906 2326/8166/1906 2323/2879/1906
f 2320/2881/1917 2322/8167/1917 2324/2882/1917
f 2325/2884/1903 2326/8168/1903 2322/2885/1903
f 2319/2887/1916 2323/8169/1916 2326/2888/1916
f 2321/2890/1904 2324/8170/1904 2323/2891/1904
f 2327/2893/1905 2333/8171/1905 2328/2894/1905
f 2330/2896/1906 2334/8172/1906 2331/2897/1906
f 2333/2899/1912 2334/8173/1912 2330/2900/1912
f 2327/2902/1903 2331/8174/1903 2334/2903/1903
f 2329/2905/1913 2332/8175/1913 2331/2906/1913
f 2328/2908/1904 2330/8176/1904 2332/2909/1904
f 2335/2911/1905 2341/8177/1905 2336/2912/1905
f 2338/2914/1906 2342/8178/1906 2339/2915/1906
f 2336/2917/1917 2338/8179/1917 2340/2918/1917
f 2341/2920/1903 2342/8180/1903 2338/2921/1903
f 2335/2923/1916 2339/8181/1916 2342/2924/1916
f 2337/2926/1904 2340/8182/1904 2339/2927/1904
f 2343/2929/1905 2349/8183/1905 2344/2930/1905
f 2346/2932/1906 2350/8184/1906 2347/2933/1906
f 2349/2935/1904 2346/8185/1904 2348/2936/1904
f 2343/2938/2095 2350/8186/2095 2346/2939/2095
f 2345/2941/1903 2347/8187/1903 2350/2942/1903
f 2344/2944/2096 2348/8188/2096 2347/2945/2096
f 2351/2947/1905 2357/8189/1905 2352/2948/1905
f 2354/2950/1906 2358/8190/1906 2355/2951/1906
f 2357/2953/1907 2354/8191/1907 2356/2954/1907
f 2351/2956/1904 2358/8192/1904 2354/2957/1904
f 2353/2959/1626 2355/8193/1626 2358/2960/1626
f 2352/2962/1903 2356/8194/1903 2355/2963/1903
f 2359/2965/1905 2365/8195/1905 2360/2966/1905
f 2362/2968/1906 2366/8196/1906 2363/2969/1906
f 2365/2971/1907 2362/8197/1907 2364/2972/1907
f 2359/2974/1904 2366/8198/1904 2362/2975/1904
f 2361/2977/1626 2363/8199/1626 2366/2978/1626
f 2360/2980/1903 2364/8200/1903 2363/2981/1903
f 2367/2983/1905 2373/8201/1905 2368/2984/1905
f 2370/2986/1906 2374/8202/1906 2371/2987/1906
f 2373/2989/1907 2370/8203/1907 2372/2990/1907
f 2367/2992/1904 2374/8204/1904 2370/2993/1904
f 2369/2995/1626 2371/8205/1626 2374/2996/1626
f 2368/2998/1903 2372/8206/1903 2371/2999/1903
f 2375/3001/1905 2381/8207/1905 2376/3002/1905
f 2378/3004/1906 2382/8208/1906 2379/3005/1906
f 2381/3007/1907 2378/8209/1907 2380/3008/1907
f 2375/3010/1904 2382/8210/1904 2378/3011/1904
f 2377/3013/1626 2379/8211/1626 2382/3014/1626
f 2376/3016/1903 2380/8212/1903 2379/3017/1903
f 2383/3019/2097 2389/3052/2097 2384/3020/2097
f 2386/3022/2098 2390/8213/2098 2387/3023/2098
f 2388/3025/1905 2387/8214/1905 2389/3026/1905
f 2387/3028/2099 2390/8215/2099 2384/3029/2099
f 2390/3031/1906 2386/8216/1906 2385/3032/1906
f 2385/3034/2100 2386/8217/2100 2388/3035/2100
f 2384/3029/2101 2389/3030/2101 2391/3037/2101
f 2393/3039/2102 2396/8218/2102 2394/3040/2102
f 2389/3042/1905 2395/8219/1905 2394/3043/1905
f 2394/3045/1903 2396/8220/1903 2392/3046/1903
f 2396/3048/1906 2393/8221/1906 2384/3049/1906
f 2393/3051/2097 2395/8222/2097 2389/3052/2097
f 2385/3034/2103 2401/8223/2103 2397/3053/2103
f 2398/3054/2104 2402/8224/2104 2399/3055/2104
f 2383/3057/1905 2397/8225/1905 2398/3058/1905
f 2401/3060/1903 2402/8226/1903 2398/3061/1903
f 2385/3063/1906 2399/8227/1906 2402/3064/1906
f 2383/3019/2097 2400/8228/2097 2399/3066/2097
f 2403/3067/2097 2409/3100/2097 2404/3068/2097
f 2406/3070/2098 2410/8229/2098 2407/3071/2098
f 2408/3073/1905 2407/8230/1905 2409/3074/1905
f 2407/3076/2099 2410/8231/2099 2404/3077/2099
f 2410/3079/1906 2406/8232/1906 2405/3080/1906
f 2405/3082/2100 2406/8233/2100 2408/3083/2100
f 2404/3077/2101 2409/3078/2101 2411/3085/2101
f 2413/3087/2102 2416/8234/2102 2414/3088/2102
f 2409/3090/1905 2415/8235/1905 2414/3091/1905
f 2414/3093/1903 2416/8236/1903 2412/3094/1903
f 2416/3096/1906 2413/8237/1906 2404/3097/1906
f 2413/3099/2097 2415/8238/2097 2409/3100/2097
f 2405/3082/2103 2421/8239/2103 2417/3101/2103
f 2418/3102/2104 2422/8240/2104 2419/3103/2104
f 2403/3105/1905 2417/8241/1905 2418/3106/1905
f 2421/3108/1903 2422/8242/1903 2418/3109/1903
f 2405/3111/1906 2419/8243/1906 2422/3112/1906
f 2403/3067/2097 2420/8244/2097 2419/3114/2097
f 2391/3115/1903 2427/8245/1903 2423/3116/1903
f 2424/3118/1904 2428/8246/1904 2425/3119/1904
f 2426/3121/1905 2425/8247/1905 2427/3122/1905
f 2425/3124/1907 2428/8248/1907 2423/3125/1907
f 2428/3127/1906 2424/8249/1906 2412/3128/1906
f 2424/3130/1626 2426/8250/1626 2391/3131/1626
f 2429/3133/1903 2397/8251/1903 2421/3134/1903
f 2431/3136/1904 2434/8252/1904 2432/3137/1904
f 2433/3139/1905 2432/8253/1905 2397/3140/1905
f 2432/3142/1907 2434/8254/1907 2421/3143/1907
f 2434/3145/1906 2431/3163/1906 2430/3146/1906
f 2431/3148/1626 2433/8255/1626 2429/3149/1626
f 2435/3151/1903 2438/8256/1903 2430/3152/1903
f 2428/3154/1904 2431/8257/1904 2436/3155/1904
f 2437/3157/1905 2436/8258/1905 2438/3158/1905
f 2436/3160/1907 2431/8259/1907 2430/3161/1907
f 2431/3163/1906 2428/3127/1906 2423/3129/1906
f 2428/3164/1626 2437/8260/1626 2435/3165/1626
f 2439/3167/1905 2445/8261/1905 2440/3168/1905
f 2442/3170/1906 2446/8262/1906 2443/3171/1906
f 2445/3173/1904 2442/8263/1904 2444/3174/1904
f 2439/3176/2105 2446/8264/2105 2442/3177/2105
f 2441/3179/1903 2443/8265/1903 2446/3180/1903
f 2440/3182/2106 2444/8266/2106 2443/3183/2106
f 2447/3185/1905 2453/8267/1905 2448/3186/1905
f 2450/3188/1906 2454/8268/1906 2451/3189/1906
f 2453/3191/2101 2454/8269/2101 2450/3192/2101
f 2447/3194/1903 2451/8270/1903 2454/3195/1903
f 2449/3197/2102 2452/8271/2102 2451/3198/2102
f 2448/3200/1904 2450/8272/1904 2452/3201/1904
f 2455/3203/1905 2461/8273/1905 2456/3204/1905
f 2458/3206/1906 2462/8274/1906 2459/3207/1906
f 2456/3209/2104 2458/8275/2104 2460/3210/2104
f 2461/3212/1903 2462/8276/1903 2458/3213/1903
f 2455/3215/2103 2459/8277/2103 2462/3216/2103
f 2457/3218/1904 2460/8278/1904 2459/3219/1904
f 2463/3221/1905 2469/8279/1905 2464/3222/1905
f 2466/3224/1906 2470/8280/1906 2467/3225/1906
f 2469/3227/2101 2470/8281/2101 2466/3228/2101
f 2463/3230/1903 2467/8282/1903 2470/3231/1903
f 2465/3233/2102 2468/8283/2102 2467/3234/2102
f 2464/3236/1904 2466/8284/1904 2468/3237/1904
f 2471/3239/1905 2477/8285/1905 2472/3240/1905
f 2474/3242/1906 2478/8286/1906 2475/3243/1906
f 2472/3245/2104 2474/8287/2104 2476/3246/2104
f 2477/3248/1903 2478/8288/1903 2474/3249/1903
f 2471/3251/2103 2475/8289/2103 2478/3252/2103
f 2473/3254/1904 2476/8290/1904 2475/3255/1904
f 2479/3257/1905 2485/8291/1905 2480/3258/1905
f 2482/3260/1906 2486/8292/1906 2483/3261/1906
f 2485/3263/2101 2486/8293/2101 2482/3264/2101
f 2479/3266/1903 2483/8294/1903 2486/3267/1903
f 2481/3269/2102 2484/8295/2102 2483/3270/2102
f 2480/3272/1904 2482/8296/1904 2484/3273/1904
f 2487/3275/1905 2493/8297/1905 2488/3276/1905
f 2490/3278/1906 2494/8298/1906 2491/3279/1906
f 2488/3281/2104 2490/8299/2104 2492/3282/2104
f 2493/3284/1903 2494/8300/1903 2490/3285/1903
f 2487/3287/2103 2491/8301/2103 2494/3288/2103
f 2489/3290/1904 2492/8302/1904 2491/3291/1904
f 2495/3293/1905 2501/8303/1905 2496/3294/1905
f 2498/3296/1906 2502/8304/1906 2499/3297/1906
f 2501/3299/2101 2502/8305/2101 2498/3300/2101
f 2495/3302/1903 2499/8306/1903 2502/3303/1903
f 2497/3305/2102 2500/8307/2102 2499/3306/2102
f 2496/3308/1904 2498/8308/1904 2500/3309/1904
f 2503/3311/1905 2509/8309/1905 2504/3312/1905
f 2506/3314/1906 2510/8310/1906 2507/3315/1906
f 2504/3317/2104 2506/8311/2104 2508/3318/2104
f 2509/3320/1903 2510/8312/1903 2506/3321/1903
f 2503/3323/2103 2507/8313/2103 2510/3324/2103
f 2505/3326/1904 2508/8314/1904 2507/3327/1904
f 2511/3329/1905 2517/8315/1905 2512/3330/1905
f 2514/3332/1906 2518/8316/1906 2515/3333/1906
f 2517/3335/1907 2514/8317/1907 2516/3336/1907
f 2511/3338/1904 2518/8318/1904 2514/3339/1904
f 2513/3341/1626 2515/8319/1626 2518/3342/1626
f 2512/3344/1903 2516/8320/1903 2515/3345/1903
f 2519/3347/2107 2523/3351/2107 2520/3348/1626
f 2522/3350/2108 2525/8321/2108 2523/3351/2107
f 2522/3352/2108 2527/3356/2109 2524/3353/2109
f 2526/3355/2110 2529/3358/2112 2524/3353/2109
f 2528/3357/2111 2531/8322/2111 2529/3358/2112
f 2528/3359/2111 2532/3362/2113 2530/3360/2113
f 2532/3362/2113 2534/3364/1907 2533/3363/1907
f 2534/3364/1907 2536/3366/2115 2535/3365/2114
f 2536/3366/2115 2539/8323/2116 2537/3367/2116
f 2538/3368/2117 2541/3372/2117 2537/3369/2116
f 2540/3371/2118 2543/3374/2118 2541/3372/2117
f 2540/3371/2118 2545/8324/2119 2542/3373/2119
f 2544/3375/2120 2546/3378/2121 2542/3376/2119
f 2521/3349/1626 2520/3348/1626 2546/3378/2121
f 2521/8325/2122 2544/8326/4035 2545/8327/2122
f 2545/8327/2122 2540/8328/2122 2538/3381/2122
f 2538/3381/2122 2539/8329/2122 2532/8330/2122
f 2539/8329/2122 2536/8331/2122 2532/8330/2122
f 2536/8331/2122 2534/8332/2122 2532/8330/2122
f 2532/8330/2122 2528/8333/4036 2526/3379/2122
f 2526/3379/2122 2527/8334/2122 2522/3380/2122
f 2522/3380/2122 2519/8335/4035 2521/8325/2122
f 2521/8325/2122 2545/8327/2122 2522/3380/2122
f 2545/8327/2122 2538/3381/2122 2522/3380/2122
f 2532/8330/2122 2526/3379/2122 2538/3381/2122
f 2546/3382/2123 2520/8336/4037 2523/8337/2123
f 2523/8337/2123 2525/8338/2123 2546/3382/2123
f 2525/8338/2123 2524/3383/2123 2546/3382/2123
f 2524/3383/2123 2529/8339/4038 2531/8340/2123
f 2531/8340/2123 2530/8341/2123 2524/3383/2123
f 2530/8341/2123 2533/3384/2123 2524/3383/2123
f 2533/3384/2123 2535/8342/4039 2537/8343/2123
f 2537/8343/2123 2541/8344/2123 2533/3384/2123
f 2541/8344/2123 2543/8345/2123 2533/3384/2123
f 2543/8345/2123 2542/8346/4040 2546/3382/2123
f 2543/8345/2123 2546/3382/2123 2533/3384/2123
f 2547/3385/2107 2551/3389/2107 2548/3386/1626
f 2550/3388/2108 2553/8347/2108 2551/3389/2107
f 2550/3390/2108 2555/3394/2109 2552/3391/2109
f 2554/3393/2110 2557/3396/2112 2552/3391/2109
f 2556/3395/2111 2559/8348/2111 2557/3396/2112
f 2556/3397/2111 2560/3400/2113 2558/3398/2113
f 2560/3400/2113 2562/3402/1907 2561/3401/1907
f 2562/3402/1907 2564/3404/2115 2563/3403/2114
f 2564/3404/2115 2567/8349/2124 2565/3405/2116
f 2566/3406/2117 2569/3410/2117 2565/3407/2116
f 2568/3409/2118 2571/3412/2118 2569/3410/2117
f 2568/3409/2118 2573/8350/2119 2570/3411/2119
f 2572/3413/2120 2574/3416/2121 2570/3414/2119
f 2549/3387/1626 2548/3386/1626 2574/3416/2121
f 2549/8351/2122 2572/8352/4035 2573/8353/2122
f 2573/8353/2122 2568/8354/2122 2566/3417/2122
f 2566/3417/2122 2567/8355/2122 2560/3418/2122
f 2567/8355/2122 2564/8356/2122 2560/3418/2122
f 2564/8356/2122 2562/8357/2122 2560/3418/2122
f 2560/3418/2122 2556/8358/2122 2550/3419/2122
f 2556/8358/2122 2554/8359/4041 2550/3419/2122
f 2554/8359/4041 2555/8360/2122 2550/3419/2122
f 2550/3419/2122 2547/8361/4035 2549/8351/2122
f 2549/8351/2122 2573/8353/2122 2550/3419/2122
f 2573/8353/2122 2566/3417/2122 2550/3419/2122
f 2574/8362/2123 2548/8363/4042 2551/8364/2123
f 2551/8364/2123 2553/8365/4040 2552/8366/2123
f 2552/8366/2123 2557/8367/4038 2559/3420/2123
f 2559/3420/2123 2558/8368/4038 2561/3421/2123
f 2561/3421/2123 2563/8369/2123 2571/3422/2123
f 2563/8369/2123 2565/8370/2123 2571/3422/2123
f 2565/8370/2123 2569/8371/4038 2571/3422/2123
f 2571/3422/2123 2570/8372/2123 2552/8366/2123
f 2570/8372/2123 2574/8362/2123 2552/8366/2123
f 2574/8362/2123 2551/8364/2123 2552/8366/2123
f 2552/8366/2123 2559/3420/2123 2571/3422/2123
f 2575/3423/2107 2579/3427/2107 2576/3424/1626
f 2578/3426/2108 2581/8373/2108 2579/3427/2107
f 2578/3428/2108 2583/3432/2109 2580/3429/2109
f 2582/3431/2110 2585/3434/2112 2580/3429/2109
f 2584/3433/2111 2587/8374/2111 2585/3434/2112
f 2584/3435/2111 2588/3438/2113 2586/3436/2113
f 2588/3438/2113 2590/3440/1907 2589/3439/1907
f 2590/3440/1907 2592/3442/2115 2591/3441/2114
f 2592/3442/2115 2595/8375/2116 2593/3443/2116
f 2594/3444/2117 2597/3448/2117 2593/3445/2116
f 2596/3447/2118 2599/3450/2118 2597/3448/2117
f 2596/3447/2118 2601/8376/2119 2598/3449/2119
f 2600/3451/2120 2602/3454/2121 2598/3452/2119
f 2577/3425/1626 2576/3424/1626 2602/3454/2121
f 2577/8377/2122 2600/8378/4035 2601/8379/2122
f 2601/8379/2122 2596/8380/2122 2594/3455/2122
f 2594/3455/2122 2595/8381/2122 2588/3456/2122
f 2595/8381/2122 2592/8382/2122 2588/3456/2122
f 2592/8382/2122 2590/8383/2122 2588/3456/2122
f 2588/3456/2122 2584/8384/2122 2578/3457/2122
f 2584/8384/2122 2582/8385/4041 2578/3457/2122
f 2582/8385/4041 2583/8386/2122 2578/3457/2122
f 2578/3457/2122 2575/8387/4035 2577/8377/2122
f 2577/8377/2122 2601/8379/2122 2578/3457/2122
f 2601/8379/2122 2594/3455/2122 2578/3457/2122
f 2602/8388/2123 2576/8389/4042 2579/8390/2123
f 2579/8390/2123 2581/8391/2123 2602/8388/2123
f 2581/8391/2123 2580/8392/2123 2602/8388/2123
f 2580/8392/2123 2585/8393/4038 2587/3458/2123
f 2587/3458/2123 2586/8394/4038 2589/3459/2123
f 2589/3459/2123 2591/8395/2123 2599/3460/2123
f 2591/8395/2123 2593/8396/2123 2599/3460/2123
f 2593/8396/2123 2597/8397/4038 2599/3460/2123
f 2599/3460/2123 2598/8398/2123 2580/8392/2123
f 2598/8398/2123 2602/8388/2123 2580/8392/2123
f 2580/8392/2123 2587/3458/2123 2599/3460/2123
f 2603/3461/2107 2607/3465/2107 2604/3462/1626
f 2606/3464/2108 2609/8399/2108 2607/3465/2107
f 2606/3466/2108 2611/3470/2109 2608/3467/2109
f 2610/3469/2110 2613/3472/2112 2608/3467/2109
f 2612/3471/2111 2615/8400/2111 2613/3472/2112
f 2612/3473/2111 2616/3476/2113 2614/3474/2113
f 2616/3476/2113 2618/3478/1907 2617/3477/1907
f 2618/3478/1907 2620/3480/2115 2619/3479/2114
f 2620/3480/2115 2623/8401/2124 2621/3481/2116
f 2622/3482/2117 2625/3486/2117 2621/3483/2116
f 2624/3485/2118 2627/3488/2118 2625/3486/2117
f 2624/3485/2118 2629/8402/2125 2626/3487/2119
f 2628/3489/2120 2630/3492/2121 2626/3490/2119
f 2605/3463/1626 2604/3462/1626 2630/3492/2121
f 2605/8403/2122 2628/8404/4035 2629/8405/2122
f 2629/8405/2122 2624/8406/2122 2622/8407/2122
f 2622/8407/2122 2623/8408/4041 2620/3493/2122
f 2620/3493/2122 2618/8409/2122 2616/3494/2122
f 2616/3494/2122 2612/8410/2122 2606/3495/2122
f 2612/8410/2122 2610/8411/4041 2606/3495/2122
f 2610/8411/4041 2611/8412/2122 2606/3495/2122
f 2606/3495/2122 2603/8413/4035 2605/8403/2122
f 2605/8403/2122 2629/8405/2122 2606/3495/2122
f 2629/8405/2122 2622/8407/2122 2606/3495/2122
f 2622/8407/2122 2620/3493/2122 2606/3495/2122
f 2630/3496/2123 2604/8414/4042 2607/8415/2123
f 2607/8415/2123 2609/8416/2123 2630/3496/2123
f 2609/8416/2123 2608/3497/2123 2630/3496/2123
f 2608/3497/2123 2613/8417/4038 2615/8418/2123
f 2615/8418/2123 2614/8419/4038 2617/3498/2123
f 2617/3498/2123 2619/8420/2123 2627/8421/2123
f 2619/8420/2123 2621/8422/2123 2627/8421/2123
f 2621/8422/2123 2625/8423/4038 2627/8421/2123
f 2627/8421/2123 2626/8424/4040 2630/3496/2123
f 2608/3497/2123 2615/8418/2123 2617/3498/2123
f 2627/8421/2123 2630/3496/2123 2617/3498/2123
f 2631/3499/2107 2635/3503/2107 2632/3500/1626
f 2634/3502/2108 2637/8425/2108 2635/3503/2107
f 2634/3504/2108 2639/3508/2109 2636/3505/2109
f 2638/3507/2110 2641/3510/2110 2636/3505/2109
f 2640/3509/2111 2643/8426/2111 2641/3510/2110
f 2640/3511/2111 2644/3514/2113 2642/3512/2113
f 2644/3514/2113 2646/3516/1907 2645/3515/1907
f 2646/3516/1907 2648/3518/2115 2647/3517/2114
f 2648/3518/2115 2651/8427/2116 2649/3519/2116
f 2650/3520/2117 2653/3524/2117 2649/3521/2116
f 2652/3523/2118 2655/3526/2118 2653/3524/2117
f 2652/3523/2118 2657/8428/2119 2654/3525/2119
f 2656/3527/2120 2658/3530/2121 2654/3528/2119
f 2633/3501/1626 2632/3500/1626 2658/3530/2121
f 2633/8429/2122 2656/8430/4035 2657/8431/2122
f 2657/8431/2122 2652/8432/2122 2650/3531/2122
f 2650/3531/2122 2651/8433/2122 2644/3532/2122
f 2651/8433/2122 2648/8434/2122 2644/3532/2122
f 2648/8434/2122 2646/8435/2122 2644/3532/2122
f 2644/3532/2122 2640/8436/2122 2634/3533/2122
f 2640/8436/2122 2638/8437/4041 2634/3533/2122
f 2638/8437/4041 2639/8438/2122 2634/3533/2122
f 2634/3533/2122 2631/8439/4035 2633/8429/2122
f 2633/8429/2122 2657/8431/2122 2634/3533/2122
f 2657/8431/2122 2650/3531/2122 2634/3533/2122
f 2658/8440/2123 2632/8441/4042 2635/8442/2123
f 2635/8442/2123 2637/8443/2123 2658/8440/2123
f 2637/8443/2123 2636/8444/2123 2658/8440/2123
f 2636/8444/2123 2641/8445/4038 2643/3534/2123
f 2643/3534/2123 2642/8446/4038 2645/3535/2123
f 2645/3535/2123 2647/8447/2123 2655/3536/2123
f 2647/8447/2123 2649/8448/2123 2655/3536/2123
f 2649/8448/2123 2653/8449/4038 2655/3536/2123
f 2655/3536/2123 2654/8450/2123 2636/8444/2123
f 2654/8450/2123 2658/8440/2123 2636/8444/2123
f 2636/8444/2123 2643/3534/2123 2655/3536/2123
f 2659/3537/2107 2663/3541/2107 2660/3538/1626
f 2662/3540/2108 2665/8451/2108 2663/3541/2107
f 2662/3542/2108 2667/3546/2109 2664/3543/2109
f 2666/3545/2110 2669/3548/2112 2664/3543/2109
f 2668/3547/2111 2671/8452/2111 2669/3548/2112
f 2668/3549/2111 2672/3552/2113 2670/3550/2113
f 2672/3552/2113 2674/3554/1907 2673/3553/1907
f 2674/3554/1907 2676/3556/2115 2675/3555/2114
f 2676/3556/2115 2679/8453/2116 2677/3557/2116
f 2678/3558/2117 2681/3562/2117 2677/3559/2116
f 2680/3561/2118 2683/3564/2118 2681/3562/2117
f 2680/3561/2118 2685/8454/2119 2682/3563/2119
f 2684/3565/2120 2686/3568/2121 2682/3566/2119
f 2661/3539/1626 2660/3538/1626 2686/3568/2121
f 2661/8455/2122 2684/8456/4035 2685/8457/2122
f 2685/8457/2122 2680/8458/2122 2678/3569/2122
f 2678/3569/2122 2679/8459/2122 2672/3570/2122
f 2679/8459/2122 2676/8460/2122 2672/3570/2122
f 2676/8460/2122 2674/8461/2122 2672/3570/2122
f 2672/3570/2122 2668/8462/2122 2662/3571/2122
f 2668/8462/2122 2666/8463/4041 2662/3571/2122
f 2666/8463/4041 2667/8464/2122 2662/3571/2122
f 2662/3571/2122 2659/8465/4035 2661/8455/2122
f 2661/8455/2122 2685/8457/2122 2662/3571/2122
f 2685/8457/2122 2678/3569/2122 2662/3571/2122
f 2686/3572/2123 2660/8466/4042 2663/8467/2123
f 2663/8467/2123 2665/8468/2123 2686/3572/2123
f 2665/8468/2123 2664/3573/2123 2686/3572/2123
f 2664/3573/2123 2669/8469/4038 2671/8470/2123
f 2671/8470/2123 2670/8471/4038 2673/3574/2123
f 2673/3574/2123 2675/8472/2123 2683/8473/2123
f 2675/8472/2123 2677/8474/2123 2683/8473/2123
f 2677/8474/2123 2681/8475/4038 2683/8473/2123
f 2683/8473/2123 2682/8476/4040 2686/3572/2123
f 2664/3573/2123 2671/8470/2123 2673/3574/2123
f 2683/8473/2123 2686/3572/2123 2673/3574/2123
f 2687/3575/2126 2691/3579/2126 2688/3576/1626
f 2690/3578/2127 2693/8477/2127 2691/3579/2126
f 2692/3580/1903 2695/3584/1903 2693/3581/2127
f 2694/3583/2128 2697/3586/2128 2695/3584/1903
f 2696/3585/2129 2699/8478/2129 2697/3586/2128
f 2698/3587/1907 2701/3591/1907 2699/3588/2129
f 2700/3590/2130 2703/3593/2130 2701/3591/1907
f 2702/3592/2131 2705/8479/2131 2703/3593/2130
f 2704/3594/1904 2707/3598/1904 2705/3595/2131
f 2706/3597/2132 2709/3600/2132 2707/3598/1904
f 2708/3599/2133 2710/8480/2133 2709/3600/2132
f 2689/3577/1626 2688/3576/1626 2710/3601/2133
f 2689/3605/1905 2708/8481/4043 2706/8482/1905
f 2706/8482/1905 2704/8483/1905 2689/3605/1905
f 2704/8483/1905 2702/8484/1905 2689/3605/1905
f 2702/8484/1905 2700/8485/4043 2698/3603/1905
f 2698/3603/1905 2696/8486/4044 2694/3604/1905
f 2694/3604/1905 2692/8487/1905 2689/3605/1905
f 2692/8487/1905 2690/8488/1905 2689/3605/1905
f 2690/8488/1905 2687/8489/4044 2689/3605/1905
f 2702/8484/1905 2698/3603/1905 2689/3605/1905
f 2710/3607/1906 2688/8490/1906 2695/3608/1906
f 2688/8490/1906 2691/8491/1906 2695/3608/1906
f 2691/8491/1906 2693/8492/1906 2695/3608/1906
f 2695/3608/1906 2697/8493/4045 2699/8494/1906
f 2699/8494/1906 2701/8495/1906 2695/3608/1906
f 2701/8495/1906 2703/8496/1906 2695/3608/1906
f 2703/8496/1906 2705/8497/1906 2707/3606/1906
f 2707/3606/1906 2709/8498/4046 2710/3607/1906
f 2703/8496/1906 2707/3606/1906 2695/3608/1906
f 2711/3609/1905 2717/8499/1905 2712/3610/1905
f 2714/3612/1906 2718/8500/1906 2715/3613/1906
f 2717/3615/1907 2714/8501/1907 2716/3616/1907
f 2711/3618/1904 2718/8502/1904 2714/3619/1904
f 2713/3621/1626 2715/8503/1626 2718/3622/1626
f 2712/3624/1903 2716/8504/1903 2715/3625/1903
f 2719/3627/1905 2725/8505/1905 2720/3628/1905
f 2722/3630/1906 2726/8506/1906 2723/3631/1906
f 2725/3633/1907 2722/8507/1907 2724/3634/1907
f 2719/3636/1904 2726/8508/1904 2722/3637/1904
f 2721/3639/1626 2723/8509/1626 2726/3640/1626
f 2720/3642/1903 2724/8510/1903 2723/3643/1903
f 2727/3645/1905 2733/8511/1905 2728/3646/1905
f 2730/3648/1906 2734/8512/1906 2731/3649/1906
f 2733/3651/1907 2730/8513/1907 2732/3652/1907
f 2727/3654/1904 2734/8514/1904 2730/3655/1904
f 2729/3657/1626 2731/8515/1626 2734/3658/1626
f 2728/3660/1903 2732/8516/1903 2731/3661/1903
f 2735/3663/2134 2739/8517/2134 2736/3664/2134
f 2735/3666/2135 2741/3670/2135 2738/3667/2135
f 2740/3669/2137 2743/8518/2141 2738/3667/2138
f 2742/3671/2140 2745/3675/2140 2743/3672/2141
f 2742/3671/2140 2747/8519/2142 2744/3674/2142
f 2746/3676/2143 2749/3680/2143 2744/3677/2144
f 2746/3676/2143 2750/8520/2146 2748/3679/2145
f 2750/3681/2146 2737/3665/2147 2736/3664/2147
f 2737/3684/2148 2750/8521/2148 2746/8522/2148
f 2746/8522/2148 2747/8523/2148 2737/3684/2148
f 2747/8523/2148 2742/3685/2148 2737/3684/2148
f 2742/3685/2148 2740/8524/2148 2741/8525/2148
f 2741/8525/2148 2735/3683/2148 2742/3685/2148
f 2748/3687/2149 2736/8526/2149 2743/3688/2149
f 2736/8526/2149 2739/8527/2149 2743/3688/2149
f 2739/8527/2149 2738/8528/2149 2743/3688/2149
f 2743/3688/2149 2745/8529/2149 2744/8530/2149
f 2744/8530/2149 2749/3686/2149 2743/3688/2149
f 2751/3689/2150 2754/8531/2152 2752/3690/2151
f 2754/3692/2152 2757/3696/4047 2755/3693/2153
f 2756/3695/2154 2759/8532/4048 2755/3693/2154
f 2756/3697/2155 2761/3701/2155 2758/3698/2155
f 2760/3700/2156 2763/8533/2159 2758/3698/2157
f 2762/3702/2158 2765/3706/2158 2763/3703/2159
f 2762/3702/2158 2766/8534/2160 2764/3705/2160
f 2751/3689/2150 2753/3691/2150 2764/3707/2161
f 2751/3711/2162 2766/8535/2162 2761/3709/2162
f 2766/8535/2162 2762/8536/2162 2761/3709/2162
f 2762/8536/2162 2760/8537/2162 2761/3709/2162
f 2761/3709/2162 2756/8538/2162 2757/3710/2162
f 2757/3710/2162 2754/8539/2162 2751/3711/2162
f 2764/3713/2163 2753/8540/2163 2752/8541/2163
f 2752/8541/2163 2755/8542/2163 2764/3713/2163
f 2755/8542/2163 2759/3714/2163 2764/3713/2163
f 2759/3714/2163 2758/8543/2163 2763/8544/2163
f 2763/8544/2163 2765/3712/2163 2759/3714/2163
f 2767/3715/2164 2771/8545/2164 2768/3716/1626
f 2770/3718/2165 2773/3722/2165 2771/3719/2164
f 2772/3721/2166 2775/3724/2166 2773/3722/2165
f 2774/3723/2167 2777/8546/2167 2775/3724/2166
f 2776/3725/1907 2779/3729/1907 2777/3726/2167
f 2778/3728/2168 2781/8547/2168 2779/3729/1907
f 2780/3730/2169 2783/3734/2169 2781/3731/2168
f 2782/3733/2170 2785/3736/2170 2783/3734/2169
f 2784/3735/2171 2786/8548/2171 2785/3736/2170
f 2769/3717/1626 2768/3716/1626 2786/3737/2171
f 2769/3741/1905 2784/8549/1905 2782/8550/1905
f 2782/8550/1905 2780/8551/1905 2769/3741/1905
f 2780/8551/1905 2778/3739/1905 2769/3741/1905
f 2778/3739/1905 2776/8552/1905 2770/3740/1905
f 2776/8552/1905 2774/8553/1905 2770/3740/1905
f 2774/8553/1905 2772/8554/1905 2770/3740/1905
f 2770/3740/1905 2767/8555/1905 2769/3741/1905
f 2786/3744/1906 2768/8556/1906 2775/3742/1906
f 2768/8556/1906 2771/8557/1906 2775/3742/1906
f 2771/8557/1906 2773/8558/1906 2775/3742/1906
f 2775/3742/1906 2777/8559/1906 2779/8560/1906
f 2779/8560/1906 2781/8561/1906 2783/3743/1906
f 2783/3743/1906 2785/8562/1906 2786/3744/1906
f 2775/3742/1906 2779/8560/1906 2783/3743/1906
f 2787/3745/2126 2791/3749/2126 2788/3746/1626
f 2790/3748/2127 2793/8563/2127 2791/3749/2126
f 2792/3750/1903 2795/3754/1903 2793/3751/2127
f 2794/3753/2128 2797/3756/2128 2795/3754/1903
f 2796/3755/2129 2799/3784/2129 2797/3756/2128
f 2798/3757/1907 2801/3761/1907 2799/3758/2129
f 2800/3760/2130 2803/3763/2130 2801/3761/1907
f 2802/3762/2131 2805/8564/2131 2803/3763/2130
f 2804/3764/1904 2807/3768/1904 2805/3765/2131
f 2806/3767/2132 2809/3770/2132 2807/3768/1904
f 2808/3769/2133 2810/8565/2133 2809/3770/2132
f 2789/3747/1626 2788/3746/1626 2810/3771/2133
f 2789/3775/1905 2808/8566/1905 2806/8567/1905
f 2806/8567/1905 2804/8568/1905 2802/8569/1905
f 2802/8569/1905 2800/8570/1905 2798/8571/1905
f 2798/8571/1905 2796/8572/1905 2794/3773/1905
f 2794/3773/1905 2792/8573/1905 2790/3774/1905
f 2790/3774/1905 2787/8574/1905 2789/3775/1905
f 2789/3775/1905 2806/8567/1905 2794/3773/1905
f 2806/8567/1905 2802/8569/1905 2794/3773/1905
f 2802/8569/1905 2798/8571/1905 2794/3773/1905
f 2810/3778/1906 2788/8575/1906 2795/3776/1906
f 2788/8575/1906 2791/8576/1906 2795/3776/1906
f 2791/8576/1906 2793/8577/1906 2795/3776/1906
f 2795/3776/1906 2797/8578/1906 2803/3777/1906
f 2797/8578/1906 2799/8579/1906 2803/3777/1906
f 2799/8579/1906 2801/8580/1906 2803/3777/1906
f 2803/3777/1906 2805/3789/1906 2807/8581/1906
f 2807/8581/1906 2809/8582/1906 2803/3777/1906
f 2809/8582/1906 2810/3778/1906 2803/3777/1906
f 2788/3746/2172 2791/3749/2173 2811/3779/2173
f 2791/3749/2173 2793/8563/2174 2813/3781/2174
f 2793/3751/2174 2795/3754/2175 2814/3782/2175
f 2797/3756/2176 2815/3785/2176 2814/3782/2175
f 2799/3784/2177 2816/8583/2177 2815/3785/2176
f 2801/3761/2178 2818/3788/2178 2816/3786/2177
f 2801/3761/2178 2803/3763/2179 2817/3787/2179
f 2805/3789/2180 2820/3813/2180 2817/3790/2179
f 2805/3765/2180 2807/3768/2181 2819/3791/2181
f 2809/3770/2182 2822/3794/2182 2819/3791/2181
f 2809/3770/2182 2810/8565/2183 2821/3793/2183
f 2788/3746/2172 2812/3780/2172 2821/3795/2183
f 2811/3798/1905 2812/8584/1905 2821/8585/1905
f 2821/8585/1905 2822/8586/1905 2811/3798/1905
f 2822/8586/1905 2819/3796/1905 2811/3798/1905
f 2819/3796/1905 2820/8587/1905 2816/3797/1905
f 2820/8587/1905 2817/8588/1905 2816/3797/1905
f 2817/8588/1905 2818/8589/1905 2816/3797/1905
f 2816/3797/1905 2815/8590/1905 2814/8591/1905
f 2814/8591/1905 2813/8592/1905 2816/3797/1905
f 2813/8592/1905 2811/3798/1905 2816/3797/1905
f 2811/3799/2184 2824/3803/2188 2823/3800/2185
f 2813/3802/2187 2826/3805/2190 2824/3803/2188
f 2813/3802/2187 2814/3807/2192 2825/3804/2189
f 2815/3806/2191 2827/3809/2194 2825/3804/2189
f 2816/3808/2193 2828/3811/2196 2827/3809/2194
f 2818/3810/2195 2829/3812/2198 2828/3811/2196
f 2817/3790/2197 2830/3814/2200 2829/3812/2198
f 2820/3813/2199 2832/3816/2202 2830/3814/2200
f 2820/3813/2199 2819/3818/2204 2831/3815/2201
f 2822/3817/2203 2833/3820/2206 2831/3815/2201
f 2821/3819/2205 2834/3821/2207 2833/3820/2206
f 2812/3801/2186 2823/3800/2185 2834/3821/2207
f 2834/3821/2207 2823/3800/2185 2824/3803/2188
f 2824/3803/2188 2826/3805/2190 2834/3821/2207
f 2826/3805/2190 2825/3804/2189 2834/3821/2207
f 2825/3804/2189 2827/3809/2194 2830/3814/2200
f 2827/3809/2194 2828/3811/2196 2830/3814/2200
f 2828/3811/2196 2829/3812/2198 2830/3814/2200
f 2830/3814/2200 2832/3816/2202 2834/3821/2207
f 2832/3816/2202 2831/3815/2201 2834/3821/2207
f 2831/3815/2201 2833/3820/2206 2834/3821/2207
f 2835/3822/1905 2841/8593/1905 2836/3823/1905
f 2838/3825/1906 2842/8594/1906 2839/3826/1906
f 2841/3828/1907 2838/8595/1907 2840/3829/1907
f 2835/3831/1904 2842/8596/1904 2838/3832/1904
f 2837/3834/1626 2839/8597/1626 2842/3835/1626
f 2836/3837/1903 2840/8598/1903 2839/3838/1903
f 2843/3840/2208 2847/8599/2208 2844/3841/2209
f 2846/3843/2210 2849/3847/2210 2847/3844/2208
f 2848/3846/2211 2851/8600/2211 2849/3847/2210
f 2848/3848/2211 2853/3852/2212 2850/3849/2212
f 2852/3851/2213 2855/8601/2213 2850/3849/2212
f 2854/3853/2214 2857/3857/2214 2855/3854/2213
f 2856/3856/2215 2858/8602/2215 2857/3857/2214
f 2856/3858/2215 2845/3842/2209 2844/3841/2209
f 2854/3862/1904 2856/8603/1904 2845/8604/1904
f 2845/8604/1904 2843/8605/1904 2846/3860/1904
f 2846/3860/1904 2848/8606/1904 2853/3861/1904
f 2853/3861/1904 2852/8607/1904 2854/3862/1904
f 2854/3862/1904 2845/8604/1904 2846/3860/1904
f 2858/3864/1904 2844/8608/1904 2847/8609/1904
f 2847/8609/1904 2849/8610/1904 2858/3864/1904
f 2849/8610/1904 2851/3865/1904 2858/3864/1904
f 2851/3865/1904 2850/8611/1904 2855/8612/1904
f 2855/8612/1904 2857/3863/1904 2851/3865/1904
f 2848/3848/2216 2860/8613/2216 2859/3866/2217
f 2846/3843/2218 2861/3868/2218 2860/3867/2216
f 2843/3845/2219 2863/8614/2219 2861/3868/2218
f 2843/3840/2219 2845/3842/2220 2862/3869/2220
f 2856/3858/2221 2864/8615/2221 2862/3869/2220
f 2854/3853/2222 2865/3872/2222 2864/3871/2221
f 2852/3855/2223 2866/8616/2223 2865/3872/2222
f 2852/3851/2223 2853/3852/2217 2859/3866/2217
f 2866/3875/1903 2859/8617/1903 2860/8618/1903
f 2860/8618/1903 2861/8619/1903 2866/3875/1903
f 2861/8619/1903 2863/3876/1903 2866/3875/1903
f 2863/3876/1903 2862/8620/1903 2864/8621/1903
f 2864/8621/1903 2865/3874/1903 2863/3876/1903
f 2867/3877/2126 2871/3881/2126 2868/3878/1626
f 2870/3880/2127 2873/8622/2127 2871/3881/2126
f 2872/3882/1903 2875/3886/1903 2873/3883/2127
f 2874/3885/2128 2877/3888/2128 2875/3886/1903
f 2876/3887/2129 2879/8623/2129 2877/3888/2128
f 2878/3889/1907 2881/3893/1907 2879/3890/2129
f 2880/3892/2130 2883/3895/2130 2881/3893/1907
f 2882/3894/2131 2885/8624/2131 2883/3895/2130
f 2884/3896/1904 2887/3900/1904 2885/3897/2131
f 2886/3899/2132 2889/3902/2132 2887/3900/1904
f 2888/3901/2133 2890/8625/2133 2889/3902/2132
f 2869/3879/1626 2868/3878/1626 2890/3903/2133
f 2869/3907/1905 2888/8626/1905 2886/8627/1905
f 2886/8627/1905 2884/8628/1905 2869/3907/1905
f 2884/8628/1905 2882/8629/1905 2869/3907/1905
f 2882/8629/1905 2880/8630/1905 2878/3905/1905
f 2878/3905/1905 2876/8631/1905 2874/3906/1905
f 2874/3906/1905 2872/8632/1905 2869/3907/1905
f 2872/8632/1905 2870/8633/1905 2869/3907/1905
f 2870/8633/1905 2867/8634/1905 2869/3907/1905
f 2882/8629/1905 2878/3905/1905 2869/3907/1905
f 2890/3910/1906 2868/8635/1906 2871/8636/1906
f 2871/8636/1906 2873/8637/1906 2875/3908/1906
f 2875/3908/1906 2877/8638/1906 2879/8639/1906
f 2879/8639/1906 2881/8640/1906 2883/3909/1906
f 2883/3909/1906 2885/8641/1906 2887/8642/1906
f 2887/8642/1906 2889/8643/1906 2890/3910/1906
f 2890/3910/1906 2871/8636/1906 2875/3908/1906
f 2875/3908/1906 2879/8639/1906 2883/3909/1906
f 2883/3909/1906 2887/8642/1906 2890/3910/1906
f 2891/3911/2224 2895/3915/2224 2892/3912/1907
f 2894/3914/2225 2897/8644/2225 2895/3915/2224
f 2896/3916/2226 2899/3920/2226 2897/3917/2225
f 2898/3919/2227 2901/3922/2229 2899/3920/2226
f 2900/3921/2228 2903/3924/2231 2901/3922/2229
f 2902/3923/2230 2905/3926/2230 2903/3924/2231
f 2904/3925/2232 2907/8645/2232 2905/3926/2230
f 2906/3927/2233 2909/3931/2233 2907/3928/2232
f 2908/3930/1626 2911/3933/1626 2909/3931/2233
f 2910/3932/2234 2913/3935/2234 2911/3933/1626
f 2912/3934/2235 2915/8646/2235 2913/3935/2234
f 2914/3936/2236 2917/3940/2236 2915/3937/2235
f 2916/3939/2237 2919/3942/2239 2917/3940/2236
f 2918/3941/2238 2921/3944/2241 2919/3942/2239
f 2920/3943/2240 2923/3946/2240 2921/3944/2241
f 2922/3945/2242 2925/8647/2242 2923/3946/2240
f 2924/3947/2243 2926/3950/2243 2925/3948/2242
f 2893/3913/1907 2892/3912/1907 2926/3950/2243
f 2893/8648/1903 2924/8649/1903 2922/8650/1903
f 2922/8650/1903 2920/8651/1903 2893/8648/1903
f 2920/8651/1903 2918/8652/1903 2893/8648/1903
f 2918/8652/1903 2916/8653/1903 2914/8654/1903
f 2914/8654/1903 2912/8655/1903 2910/3951/1903
f 2910/3951/1903 2908/8656/1903 2906/8657/1903
f 2906/8657/1903 2904/8658/1903 2902/3952/1903
f 2902/3952/1903 2900/8659/1903 2898/8660/1903
f 2898/8660/1903 2896/8661/1903 2902/3952/1903
f 2896/8661/1903 2894/3953/1903 2902/3952/1903
f 2894/3953/1903 2891/8662/1903 2918/8652/1903
f 2891/8662/1903 2893/8648/1903 2918/8652/1903
f 2918/8652/1903 2914/8654/1903 2910/3951/1903
f 2910/3951/1903 2906/8657/1903 2902/3952/1903
f 2918/8652/1903 2910/3951/1903 2894/3953/1903
f 2926/8663/1904 2892/8664/1904 2895/8665/1904
f 2895/8665/1904 2897/8666/1904 2899/3954/1904
f 2899/3954/1904 2901/8667/1904 2903/8668/1904
f 2903/8668/1904 2905/8669/1904 2899/3954/1904
f 2905/8669/1904 2907/8670/1904 2899/3954/1904
f 2907/8670/1904 2909/8671/1904 2911/8672/1904
f 2911/8672/1904 2913/8673/1904 2915/3955/1904
f 2915/3955/1904 2917/8674/1904 2923/3956/1904
f 2917/8674/1904 2919/8675/1904 2923/3956/1904
f 2919/8675/1904 2921/8676/1904 2923/3956/1904
f 2923/3956/1904 2925/8677/1904 2926/8663/1904
f 2926/8663/1904 2895/8665/1904 2899/3954/1904
f 2907/8670/1904 2911/8672/1904 2899/3954/1904
f 2911/8672/1904 2915/3955/1904 2899/3954/1904
f 2923/3956/1904 2926/8663/1904 2899/3954/1904
f 2927/3957/2224 2931/3961/2224 2928/3958/1907
f 2930/3960/2225 2933/8678/2225 2931/3961/2224
f 2932/3962/2226 2935/3966/2226 2933/3963/2225
f 2934/3965/2227 2937/3968/2229 2935/3966/2226
f 2936/3967/2231 2939/3970/2231 2937/3968/2229
f 2938/3969/2230 2941/3972/2230 2939/3970/2231
f 2940/3971/2232 2943/8679/2232 2941/3972/2230
f 2942/3973/2233 2945/3977/2233 2943/3974/2232
f 2944/3976/1626 2947/3979/1626 2945/3977/2233
f 2946/3978/2234 2949/3981/2234 2947/3979/1626
f 2948/3980/2235 2951/8680/2235 2949/3981/2234
f 2950/3982/2236 2953/3986/2236 2951/3983/2235
f 2952/3985/2237 2955/3988/2239 2953/3986/2236
f 2954/3987/2241 2957/3990/2241 2955/3988/2239
f 2956/3989/2240 2959/3992/2240 2957/3990/2241
f 2958/3991/2242 2961/8681/2242 2959/3992/2240
f 2960/3993/2243 2962/3996/2243 2961/3994/2242
f 2929/3959/1907 2928/3958/1907 2962/3996/2243
f 2929/8682/1903 2960/8683/1903 2958/8684/1903
f 2958/8684/1903 2956/8685/1903 2929/8682/1903
f 2956/8685/1903 2954/3997/1903 2929/8682/1903
f 2954/3997/1903 2952/8686/1903 2950/8687/1903
f 2950/8687/1903 2948/8688/1903 2946/8689/1903
f 2946/8689/1903 2944/8690/1903 2942/8691/1903
f 2942/8691/1903 2940/8692/1903 2938/3998/1903
f 2938/3998/1903 2936/8693/1903 2934/8694/1903
f 2934/8694/1903 2932/8695/1903 2938/3998/1903
f 2932/8695/1903 2930/3999/1903 2938/3998/1903
f 2930/3999/1903 2927/8696/1903 2954/3997/1903
f 2927/8696/1903 2929/8682/1903 2954/3997/1903
f 2954/3997/1903 2950/8687/1903 2938/3998/1903
f 2950/8687/1903 2946/8689/1903 2938/3998/1903
f 2946/8689/1903 2942/8691/1903 2938/3998/1903
f 2962/8697/1904 2928/8698/1904 2931/8699/1904
f 2931/8699/1904 2933/8700/1904 2935/4000/1904
f 2935/4000/1904 2937/8701/1904 2939/8702/1904
f 2939/8702/1904 2941/8703/1904 2935/4000/1904
f 2941/8703/1904 2943/8704/1904 2935/4000/1904
f 2943/8704/1904 2945/8705/1904 2947/8706/1904
f 2947/8706/1904 2949/8707/1904 2951/4001/1904
f 2951/4001/1904 2953/8708/1904 2959/4002/1904
f 2953/8708/1904 2955/8709/1904 2959/4002/1904
f 2955/8709/1904 2957/8710/1904 2959/4002/1904
f 2959/4002/1904 2961/8711/1904 2962/8697/1904
f 2962/8697/1904 2931/8699/1904 2935/4000/1904
f 2943/8704/1904 2947/8706/1904 2935/4000/1904
f 2947/8706/1904 2951/4001/1904 2935/4000/1904
f 2959/4002/1904 2962/8697/1904 2935/4000/1904
f 2963/4003/1905 2969/8712/1905 2964/4004/1905
f 2966/4006/1906 2970/8713/1906 2967/4007/1906
f 2969/4009/1907 2966/8714/1907 2968/4010/1907
f 2963/4012/1904 2970/8715/1904 2966/4013/1904
f 2965/4015/1626 2967/8716/1626 2970/4016/1626
f 2964/4018/1903 2968/8717/1903 2967/4019/1903
f 2971/4021/1905 2977/8718/1905 2972/4022/1905
f 2974/4024/1906 2978/8719/1906 2975/4025/1906
f 2977/4027/1907 2974/8720/1907 2976/4028/1907
f 2971/4030/1904 2978/8721/1904 2974/4031/1904
f 2973/4033/1626 2975/8722/1626 2978/4034/1626
f 2972/4036/1903 2976/8723/1903 2975/4037/1903
f 2979/4039/2224 2983/4043/2224 2980/4040/1907
f 2982/4042/2225 2985/8724/2225 2983/4043/2224
f 2984/4044/2226 2987/4048/2226 2985/4045/2225
f 2986/4047/2227 2989/4050/2227 2987/4048/2226
f 2988/4049/2231 2991/4052/2231 2989/4050/2227
f 2990/4051/2230 2993/4054/2230 2991/4052/2231
f 2992/4053/2232 2995/8725/2232 2993/4054/2230
f 2994/4055/2233 2997/4059/2233 2995/4056/2232
f 2996/4058/1626 2999/4061/1626 2997/4059/2233
f 2998/4060/2234 3001/4063/2234 2999/4061/1626
f 3000/4062/2235 3003/8726/2235 3001/4063/2234
f 3002/4064/2236 3005/4068/2236 3003/4065/2235
f 3004/4067/2237 3007/4070/2237 3005/4068/2236
f 3006/4069/2241 3009/4072/2241 3007/4070/2237
f 3008/4071/2240 3011/4074/2240 3009/4072/2241
f 3010/4073/2242 3013/8727/2242 3011/4074/2240
f 3012/4075/2243 3014/4078/2243 3013/4076/2242
f 2981/4041/1907 2980/4040/1907 3014/4078/2243
f 2981/8728/1903 3012/8729/1903 3010/8730/1903
f 3010/8730/1903 3008/8731/1903 3006/4079/1903
f 3006/4079/1903 3004/8732/1903 2998/4080/1903
f 3004/8732/1903 3002/8733/1903 2998/4080/1903
f 3002/8733/1903 3000/8734/1903 2998/4080/1903
f 2998/4080/1903 2996/8735/1903 2990/4081/1903
f 2996/8735/1903 2994/8736/1903 2990/4081/1903
f 2994/8736/1903 2992/8737/1903 2990/4081/1903
f 2990/4081/1903 2988/8738/1903 2986/8739/1903
f 2986/8739/1903 2984/8740/1903 2982/8741/1903
f 2982/8741/1903 2979/8742/1903 2981/8728/1903
f 2981/8728/1903 3010/8730/1903 3006/4079/1903
f 2990/4081/1903 2986/8739/1903 3006/4079/1903
f 2986/8739/1903 2982/8741/1903 3006/4079/1903
f 2982/8741/1903 2981/8728/1903 3006/4079/1903
f 3014/4083/1904 2980/8743/1904 2987/4084/1904
f 2980/8743/1904 2983/8744/1904 2987/4084/1904
f 2983/8744/1904 2985/8745/1904 2987/4084/1904
f 2987/4084/1904 2989/8746/1904 2991/8747/1904
f 2991/8747/1904 2993/8748/1904 2995/8749/1904
f 2995/8749/1904 2997/8750/1904 2999/8751/1904
f 2999/8751/1904 3001/8752/1904 3003/8753/1904
f 3003/8753/1904 3005/8754/1904 3007/8755/1904
f 3007/8755/1904 3009/8756/1904 3011/4082/1904
f 3011/4082/1904 3013/8757/1904 3014/4083/1904
f 2987/4084/1904 2991/8747/1904 3003/8753/1904
f 2991/8747/1904 2995/8749/1904 3003/8753/1904
f 2995/8749/1904 2999/8751/1904 3003/8753/1904
f 3003/8753/1904 3007/8755/1904 2987/4084/1904
f 3007/8755/1904 3011/4082/1904 2987/4084/1904
f 3015/4085/2224 3019/4089/2224 3016/4086/1907
f 3018/4088/2225 3021/8758/2225 3019/4089/2224
f 3020/4090/2226 3023/4094/2226 3021/4091/2225
f 3022/4093/2227 3025/4096/2227 3023/4094/2226
f 3024/4095/2231 3027/4098/2231 3025/4096/2227
f 3026/4097/2230 3029/4100/2230 3027/4098/2231
f 3028/4099/2232 3031/8759/2232 3029/4100/2230
f 3030/4101/2233 3033/4105/2233 3031/4102/2232
f 3032/4104/1626 3035/4107/1626 3033/4105/2233
f 3034/4106/2234 3037/4109/2234 3035/4107/1626
f 3036/4108/2235 3039/8760/2235 3037/4109/2234
f 3038/4110/2236 3041/4114/2236 3039/4111/2235
f 3040/4113/2237 3043/4116/2237 3041/4114/2236
f 3042/4115/2241 3045/4118/2241 3043/4116/2237
f 3044/4117/2240 3047/4120/2240 3045/4118/2241
f 3046/4119/2242 3049/8761/2242 3047/4120/2240
f 3048/4121/2243 3050/4124/2243 3049/4122/2242
f 3017/4087/1907 3016/4086/1907 3050/4124/2243
f 3017/4126/1903 3048/8762/1903 3046/8763/1903
f 3046/8763/1903 3044/8764/1903 3042/4127/1903
f 3042/4127/1903 3040/8765/1903 3034/8766/1903
f 3040/8765/1903 3038/8767/1903 3034/8766/1903
f 3038/8767/1903 3036/8768/1903 3034/8766/1903
f 3034/8766/1903 3032/8769/1903 3030/8770/1903
f 3030/8770/1903 3028/8771/1903 3026/8772/1903
f 3026/8772/1903 3024/8773/1903 3022/8774/1903
f 3022/8774/1903 3020/8775/1903 3018/4125/1903
f 3018/4125/1903 3015/8776/1903 3017/4126/1903
f 3017/4126/1903 3046/8763/1903 3042/4127/1903
f 3034/8766/1903 3030/8770/1903 3042/4127/1903
f 3030/8770/1903 3026/8772/1903 3042/4127/1903
f 3026/8772/1903 3022/8774/1903 3042/4127/1903
f 3022/8774/1903 3018/4125/1903 3042/4127/1903
f 3050/4129/1904 3016/8777/1904 3023/4130/1904
f 3016/8777/1904 3019/8778/1904 3023/4130/1904
f 3019/8778/1904 3021/8779/1904 3023/4130/1904
f 3023/4130/1904 3025/8780/1904 3027/8781/1904
f 3027/8781/1904 3029/8782/1904 3031/8783/1904
f 3031/8783/1904 3033/8784/1904 3035/8785/1904
f 3035/8785/1904 3037/8786/1904 3039/8787/1904
f 3039/8787/1904 3041/8788/1904 3043/8789/1904
f 3043/8789/1904 3045/8790/1904 3047/4128/1904
f 3047/4128/1904 3049/8791/1904 3050/4129/1904
f 3023/4130/1904 3027/8781/1904 3039/8787/1904
f 3027/8781/1904 3031/8783/1904 3039/8787/1904
f 3031/8783/1904 3035/8785/1904 3039/8787/1904
f 3039/8787/1904 3043/8789/1904 3023/4130/1904
f 3043/8789/1904 3047/4128/1904 3023/4130/1904
f 3051/4131/1905 3057/8792/1905 3052/4132/1905
f 3054/4134/1906 3058/8793/1906 3055/4135/1906
f 3057/4137/1907 3054/8794/1907 3056/4138/1907
f 3051/4140/1904 3058/8795/1904 3054/4141/1904
f 3053/4143/1626 3055/8796/1626 3058/4144/1626
f 3052/4146/1903 3056/8797/1903 3055/4147/1903
f 3059/4149/1905 3065/8798/1905 3060/4150/1905
f 3062/4152/1906 3066/8799/1906 3063/4153/1906
f 3065/4155/1907 3062/8800/1907 3064/4156/1907
f 3059/4158/1904 3066/8801/1904 3062/4159/1904
f 3061/4161/1626 3063/8802/1626 3066/4162/1626
f 3060/4164/1903 3064/8803/1903 3063/4165/1903
f 3067/4167/2244 3084/8804/2261 3068/4168/2245
f 3068/4170/2245 3084/4191/2261 3070/4171/2247
f 3071/4172/2248 3070/4171/2247 3072/4173/2249
f 3073/4175/2250 3072/8805/2249 3074/4176/2251
f 3074/4176/2251 3077/4195/2254 3076/4178/2253
f 3077/4179/2254 3079/4182/2256 3078/4180/2255
f 3079/4182/2256 3081/4184/2258 3080/4183/2257
f 3081/4184/2258 3090/4198/2267 3082/4185/2259
f 3082/4186/2259 3090/4199/2267 3067/4167/2244
f 3083/4187/2260 3085/4202/2262 3084/4188/2261
f 3085/4190/2262 3092/4204/2269 3070/4171/2247
f 3070/4171/2247 3092/4204/2269 3086/4192/2263
f 3086/4192/2263 3087/4207/2264 3074/4193/2251
f 3087/4194/2264 3095/8806/2272 3077/4195/2254
f 3077/4179/2254 3095/4212/2272 3088/4196/2265
f 3088/4196/2265 3098/4214/2275 3081/4184/2258
f 3081/4184/2258 3098/4214/2275 3089/4197/2266
f 3090/4199/2267 3089/8807/2266 3083/4200/2260
f 3083/4187/2260 3101/4219/2278 3091/4201/2268
f 3091/4203/2268 3103/4221/2280 3092/4204/2269
f 3092/4204/2269 3103/4221/2280 3093/4205/2270
f 3086/4192/2263 3093/4205/2270 3094/4206/2271
f 3094/4208/2271 3096/4224/2273 3095/4209/2272
f 3096/4211/2273 3097/4213/2274 3088/4196/2265
f 3097/4213/2274 3107/4226/2284 3098/4214/2275
f 3098/4214/2275 3107/4226/2284 3099/4215/2276
f 3099/4216/2276 3101/4219/2278 3083/4187/2260
f 3100/4218/2277 5349/8808/4049 3091/4201/2268
f 3091/4203/2268 5349/8809/4049 3102/4220/2279
f 3103/4221/2280 3102/4220/2279 3104/4222/2281
f 3104/4222/2281 3105/8810/2282 3094/4206/2271
f 3105/4223/2282 5350/8811/4050 3096/4224/2273
f 3096/4211/2273 5350/8812/4050 3106/4225/2283
f 3106/4225/2283 3108/4227/2285 3107/4226/2284
f 3108/4227/2285 5351/8813/4051 3099/4215/2276
f 3099/4216/2276 5351/8814/4051 3100/4218/2277
f 3109/4228/2286 3125/4251/2302 3110/4229/2287
f 3110/4231/2287 3113/4234/2290 3112/4232/2289
f 3113/4234/2290 3128/4254/2305 3114/4235/2291
f 3114/4235/2291 3128/4254/2305 3115/4236/2292
f 3115/4238/2292 3118/4241/2295 3117/4239/2294
f 3118/4241/2295 3132/8815/2309 3119/4242/2296
f 3119/4243/2296 3132/4260/2309 3120/4244/2297
f 3121/4245/2298 3120/4244/2297 3122/4246/2299
f 3122/4248/2299 3125/4251/2302 3109/4228/2286
f 3124/4250/2301 3126/8816/2303 3110/4229/2287
f 3126/4252/2303 3127/4253/2304 3113/4234/2290
f 3127/4253/2304 3129/4255/2306 3128/4254/2305
f 3129/4255/2306 3130/4268/2307 3115/4236/2292
f 3130/4256/2307 3138/8817/2315 3118/4241/2295
f 3118/4257/2295 3138/4270/2315 3131/4258/2308
f 3132/4260/2309 3131/4273/2308 3133/4261/2310
f 3120/4244/2297 3133/4261/2310 3134/4262/2311
f 3122/4248/2299 3134/8818/2311 3124/4250/2301
f 3124/4263/2301 3142/4277/2319 3135/4264/2312
f 3126/4252/2303 3135/4280/2312 3136/4266/2313
f 3136/4266/2313 3145/4282/2322 3129/4255/2306
f 3129/4255/2306 3145/4282/2322 3137/4267/2314
f 3137/4269/2314 3139/4272/2316 3138/4270/2315
f 3139/4272/2316 3148/4286/2325 3131/4258/2308
f 3131/4273/2308 3148/4287/2325 3140/4274/2317
f 3140/4274/2317 3141/4290/2318 3134/4262/2311
f 3141/4275/2318 3142/4277/2319 3124/4263/2301
f 3142/4277/2319 5352/8819/4052 3143/4278/2320
f 3143/4279/2320 3144/4281/2321 3136/4266/2313
f 3144/4281/2321 5353/8820/4053 3145/4282/2322
f 3145/4282/2322 5353/8820/4053 3146/4283/2323
f 3146/4284/2323 3147/4285/2324 3139/4272/2316
f 3147/4285/2324 5354/8821/4054 3148/4286/2325
f 3148/4287/2325 5354/8822/4054 3149/4288/2326
f 3140/4274/2317 3149/4288/2326 3150/4289/2327
f 3150/4291/2327 5352/8819/4052 3142/4277/2319
f 3151/4292/2328 3167/4313/2344 3152/4293/2329
f 3152/4295/2329 3167/4315/2344 3154/4296/2331
f 3155/4297/2332 3154/4296/2331 3156/4298/2333
f 3156/4298/2333 3159/4317/2336 3158/4300/2335
f 3159/4301/2336 3171/4319/2348 3160/4302/2337
f 3160/4302/2337 3171/4319/2348 3161/4304/2338
f 3161/4306/2338 3164/4309/2341 3163/4307/2340
f 3164/4309/2341 3174/4323/2351 3165/4310/2342
f 3165/4311/2342 3174/4324/2351 3151/4292/2328
f 3166/4312/2343 3168/8823/2345 3167/4313/2344
f 3168/4314/2345 3177/4329/2354 3154/4296/2331
f 3154/4296/2331 3177/4329/2354 3169/4316/2346
f 3169/4316/2346 3170/4332/2347 3159/4317/2336
f 3170/4318/2347 3180/4337/2357 3171/4319/2348
f 3171/4319/2348 3180/4337/2357 3172/4320/2349
f 3172/4321/2349 3183/4339/2360 3164/4309/2341
f 3164/4309/2341 3183/4339/2360 3173/4322/2350
f 3174/4324/2351 3173/8824/2350 3166/4312/2343
f 3166/4325/2343 3186/4343/2363 3175/4326/2352
f 3168/4314/2345 3175/4346/2352 3176/4328/2353
f 3177/4329/2354 3176/4328/2353 3178/4330/2355
f 3169/4316/2346 3178/4330/2355 3179/4331/2356
f 3179/4333/2356 3181/4349/2358 3180/4334/2357
f 3181/4336/2358 3182/8825/2359 3172/4320/2349
f 3182/4338/2359 3184/4340/2361 3183/4339/2360
f 3184/4340/2361 3185/4354/2362 3173/4322/2350
f 3185/4341/2362 3186/4343/2363 3166/4325/2343
f 3186/4343/2363 5355/8826/4055 3187/4344/2364
f 3187/4345/2364 5356/8827/4056 3176/4328/2353
f 3176/4328/2353 5356/8827/4056 3188/4347/2365
f 3188/4347/2365 3189/8828/2366 3179/4331/2356
f 3189/4348/2366 5357/8829/4057 3181/4349/2358
f 3181/4349/2358 5357/8829/4057 3190/4350/2367
f 3190/4352/2367 5358/8830/4058 3184/4340/2361
f 3184/4340/2361 5358/8830/4058 3191/4353/2368
f 3191/4355/2368 5355/8826/4055 3186/4343/2363
f 3192/4356/2369 3207/4375/2384 3193/4357/2370
f 3193/4359/2370 3207/4376/2384 3195/4360/2372
f 3195/4360/2372 3209/4378/2386 3197/4362/2374
f 3197/4363/2374 3209/8831/2386 3198/4364/2375
f 3198/4364/2375 3201/4382/2378 3200/4366/2377
f 3201/4367/2378 3213/4384/2390 3202/4368/2379
f 3202/4368/2379 3213/4384/2390 3203/4370/2380
f 3203/4370/2380 3215/4386/2392 3205/4372/2382
f 3205/4373/2382 3215/8832/2392 3192/4356/2369
f 3206/4374/2383 3217/4391/2394 3207/4375/2384
f 3207/4376/2384 3217/4392/2394 3208/4377/2385
f 3208/4377/2385 3210/4379/2387 3209/4378/2386
f 3210/4379/2387 3211/8833/2388 3198/4380/2375
f 3211/4381/2388 3220/8834/2397 3201/4382/2378
f 3201/4367/2378 3220/4399/2397 3212/4383/2389
f 3213/4384/2390 3212/4383/2389 3214/4385/2391
f 3214/4385/2391 3223/4401/2400 3215/4386/2392
f 3215/4387/2392 3223/4403/2400 3206/4388/2383
f 3206/4374/2383 3225/8835/2402 3216/4390/2393
f 3217/4392/2394 3216/4408/2393 3218/4393/2395
f 3218/4393/2395 3228/4410/2405 3210/4379/2387
f 3210/4394/2387 3228/4412/2405 3219/4395/2396
f 3219/4395/2396 3221/4414/2398 3220/4397/2397
f 3221/4398/2398 3232/4416/2409 3212/4383/2389
f 3212/4383/2389 3232/4416/2409 3222/4400/2399
f 3222/4400/2399 3224/4419/2401 3223/4401/2400
f 3224/4402/2401 3225/4404/2402 3206/4388/2383
f 3225/4404/2402 5359/8836/4059 3226/4405/2403
f 3226/4407/2403 3227/4409/2404 3218/4393/2395
f 3227/4409/2404 3229/8837/2406 3228/4410/2405
f 3229/4411/2406 3230/4413/2407 3219/4395/2396
f 3230/4413/2407 5360/8838/4060 3221/4414/2398
f 3221/4398/2398 5360/8839/4060 3231/4415/2408
f 3232/4416/2409 3231/4415/2408 3233/4417/2410
f 3222/4400/2399 3233/4417/2410 3234/4418/2411
f 3234/4420/2411 5359/8836/4059 3225/4404/2402
f 3235/4421/1905 3241/8840/1905 3236/4422/1905
f 3238/4424/1906 3242/8841/1906 3239/4425/1906
f 3241/4427/1904 3238/8842/1904 3240/4428/1904
f 3235/4430/1626 3242/8843/1626 3238/4431/1626
f 3237/4433/1903 3239/8844/1903 3242/4434/1903
f 3236/4436/1907 3240/8845/1907 3239/4437/1907
f 3243/4439/1905 3249/8846/1905 3244/4440/1905
f 3246/4442/1906 3250/8847/1906 3247/4443/1906
f 3249/4445/1904 3246/8848/1904 3248/4446/1904
f 3243/4448/1626 3250/8849/1626 3246/4449/1626
f 3245/4451/1903 3247/8850/1903 3250/4452/1903
f 3244/4454/1907 3248/8851/1907 3247/4455/1907
f 3251/4457/1905 3257/8852/1905 3252/4458/1905
f 3254/4460/1906 3258/8853/1906 3255/4461/1906
f 3257/4463/1904 3254/8854/1904 3256/4464/1904
f 3251/4466/1626 3258/8855/1626 3254/4467/1626
f 3253/4469/1903 3255/8856/1903 3258/4470/1903
f 3252/4472/1907 3256/8857/1907 3255/4473/1907
f 3259/4475/1905 3265/8858/1905 3260/4476/1905
f 3262/4478/1906 3266/8859/1906 3263/4479/1906
f 3265/4481/1904 3262/8860/1904 3264/4482/1904
f 3259/4484/1626 3266/8861/1626 3262/4485/1626
f 3261/4487/1903 3263/8862/1903 3266/4488/1903
f 3260/4490/1907 3264/8863/1907 3263/4491/1907
f 3267/4493/2412 3270/8864/2412 3268/4494/2412
f 3270/4496/2413 3273/8865/2413 3271/4497/2413
f 3272/4499/2414 3274/8866/2414 3271/4500/2414
f 3267/4502/2415 3269/8867/2415 3274/4503/2415
f 3272/4505/2416 3273/8868/2416 3270/4506/2416
f 3268/4508/2417 3271/8869/2417 3274/4509/2417
f 3275/4511/2412 3278/8870/2412 3276/4512/2412
f 3278/4514/2413 3281/8871/2413 3279/4515/2413
f 3280/4517/2414 3282/8872/2414 3279/4518/2414
f 3275/4520/2415 3277/8873/2415 3282/4521/2415
f 3280/4523/2416 3281/8874/2416 3278/4524/2416
f 3276/4526/2417 3279/8875/2417 3282/4527/2417
f 3283/4529/2418 3287/8876/2418 3284/4530/2418
f 3286/4532/2419 3289/8877/2419 3287/4533/2419
f 3286/4535/2420 3290/8878/2420 3288/4536/2420
f 3290/4538/2421 3285/8879/2421 3284/4539/2421
f 3286/4541/2422 3283/8880/2422 3285/4542/2422
f 3284/4544/2423 3287/8881/2423 3289/4545/2423
f 3291/4547/1906 3295/4560/1906 3292/4548/1906
f 3294/4550/2424 3296/4561/2424 3292/4551/2424
f 3295/4553/1904 3297/8882/1904 3296/4554/1904
f 3291/4556/2424 5361/8883/2424 3297/4557/2424
f 3298/4559/1906 3299/8884/1906 3292/4548/1906
f 3296/4561/2425 3300/8885/2425 3299/4562/2425
f 3300/4563/1903 3301/8886/1903 3298/4564/1903
f 3301/4566/2426 3297/8887/2426 3295/4567/2426
f 3302/4569/1906 3306/4582/1906 3303/4570/1906
f 3305/4572/2424 3307/4583/2424 3303/4573/2424
f 3306/4575/1904 3308/8888/1904 3307/4576/1904
f 3302/4578/2424 5362/8889/2424 3308/4579/2424
f 3309/4581/1906 3310/8890/1906 3303/4570/1906
f 3307/4583/2425 3311/8891/2425 3310/4584/2425
f 3311/4585/1903 3312/8892/1903 3309/4586/1903
f 3312/4588/2426 3308/8893/2426 3306/4589/2426
f 3313/4591/1906 3318/4604/1906 3314/4592/1906
f 3314/4594/2427 3317/8894/2427 3316/4595/2427
f 3317/4597/1903 3319/8895/1903 3318/4598/1903
f 3313/4600/2424 5363/8896/2424 3319/4601/2424
f 3320/4603/1906 3321/8897/1906 3314/4592/1906
f 3317/4605/2425 3322/8898/2425 3321/4606/2425
f 3322/4608/1903 3323/8899/1903 3320/4609/1903
f 3323/4611/2426 3319/8900/2426 3318/4612/2426
f 3324/4614/1905 3328/8901/1905 3325/4615/1905
f 3327/4617/2428 3329/8902/2428 3325/4618/2428
f 3326/4620/1904 3330/8903/1904 3329/4621/1904
f 3330/4623/2429 3331/8904/2429 3324/4624/2429
f 3331/4626/1904 3327/8905/1904 3328/4627/1904
f 3326/4629/1906 3334/4642/1906 3332/4630/1906
f 3332/4632/2427 3333/8906/2427 3329/4633/2427
f 3333/4635/1903 3335/8907/1903 3334/4636/1903
f 3326/4638/2424 3330/8908/2424 3335/4639/2424
f 3336/4641/1906 3337/8909/1906 3332/4630/1906
f 3333/4643/2425 3338/8910/2425 3337/4644/2425
f 3338/4646/1903 3339/8911/1903 3336/4647/1903
f 3339/4649/2426 3335/8912/2426 3334/4650/2426
f 3340/4652/1905 3344/8913/1905 3341/4653/1905
f 3343/4655/2428 3345/8914/2428 3341/4656/2428
f 3342/4658/1904 3346/8915/1904 3345/4659/1904
f 3346/4661/2429 3347/8916/2429 3340/4662/2429
f 3347/4664/1904 3343/8917/1904 3344/4665/1904
f 3342/4667/1906 3349/4680/1906 3348/4668/1906
f 3348/4670/2427 3350/8918/2427 3345/4671/2427
f 3349/4673/1904 3351/8919/1904 3350/4674/1904
f 3342/4676/2424 3346/8920/2424 3351/4677/2424
f 3352/4679/1906 3353/8921/1906 3348/4668/1906
f 3350/4681/2425 3354/8922/2425 3353/4682/2425
f 3354/4684/1903 3355/8923/1903 3352/4685/1903
f 3355/4687/2426 3351/8924/2426 3349/4688/2426
f 3356/4690/1905 3360/8925/1905 3357/4691/1905
f 3359/4693/2428 3361/8926/2428 3357/4694/2428
f 3358/4696/1904 3362/8927/1904 3361/4697/1904
f 3362/4699/2429 3363/8928/2429 3356/4700/2429
f 3363/4702/1904 3359/8929/1904 3360/4703/1904
f 3358/4705/1906 3366/4718/1906 3364/4706/1906
f 3364/4708/2427 3365/8930/2427 3361/4709/2427
f 3365/4711/1903 3367/8931/1903 3366/4712/1903
f 3358/4714/2424 3362/8932/2424 3367/4715/2424
f 3368/4717/1906 3369/8933/1906 3364/4706/1906
f 3365/4719/2425 3370/8934/2425 3369/4720/2425
f 3370/4722/1903 3371/8935/1903 3368/4723/1903
f 3371/4725/2426 3367/8936/2426 3366/4726/2426
f 3372/4728/1907 5364/8937/1907 3373/4729/1907
f 3375/4731/1626 5365/8938/1626 3376/4732/1626
f 3378/4734/1907 5366/8939/1907 3379/4735/1907
f 3381/4737/1626 5367/8940/1626 3382/4738/1626
f 3384/4740/1907 5368/8941/1907 3385/4741/1907
f 3387/4743/1626 5369/8942/1626 3388/4744/1626
f 3390/4746/1907 5370/8943/1907 3391/4747/1907
f 3393/4749/1626 5371/8944/1626 3394/4750/1626
f 3396/4752/1907 5372/8945/1907 3397/4753/1907
f 3399/4755/1907 5373/8946/1907 3400/4756/1907
f 3402/4758/1626 5374/8947/1626 3403/4759/1626
f 3405/4761/1626 5375/8948/1626 3406/4762/1626
f 3408/4764/1907 5376/8949/1907 3409/4765/1907
f 3411/4767/1907 5377/8950/1907 3412/4768/1907
f 3414/4770/1907 5378/8951/1907 3415/4771/1907
f 3417/4773/1626 5379/8952/1626 3418/4774/1626
f 3420/4776/1907 5380/8953/1907 3421/4777/1907
f 3423/4779/1626 5381/8954/1626 3424/4780/1626
f 3426/4782/1907 5382/8955/1907 3427/4783/1907
f 3429/4785/1907 5383/8956/1907 3430/4786/1907
f 3432/4788/1907 5384/8957/1907 3433/4789/1907
f 3435/4791/1626 5385/8958/1626 3436/4792/1626
f 3438/4794/1907 5386/8959/1907 3439/4795/1907
f 3441/4797/1626 5387/8960/1626 3442/4798/1626
f 3444/4800/1907 5388/8961/1907 3445/4801/1907
f 3447/4803/1626 5389/8962/1626 3448/4804/1626
f 3450/4806/1907 5390/8963/1907 3451/4807/1907
f 3453/4809/1907 5391/8964/1907 3454/4810/1907
f 3456/4812/1907 5392/8965/1907 3457/4813/1907
f 3459/4815/1907 5393/8966/1907 3460/4816/1907
f 3462/4818/1907 5394/8967/1907 3463/4819/1907
f 3465/4821/1907 5395/8968/1907 3466/4822/1907
f 3468/4824/1907 5396/8969/1907 3469/4825/1907
f 3471/4827/1626 5397/8970/1626 3472/4828/1626
f 3474/4830/1907 5398/8971/1907 3475/4831/1907
f 3477/4833/1626 5399/8972/1626 3478/4834/1626
f 3480/4836/1907 5400/8973/1907 3481/4837/1907
f 3483/4839/1907 5401/8974/1907 3484/4840/1907
f 3486/4842/1907 5402/8975/1907 3487/4843/1907
f 3489/4845/1626 5403/8976/1626 3490/4846/1626
f 3492/4848/1907 5404/8977/1907 3493/4849/1907
f 3495/4851/1626 5405/8978/1626 3496/4852/1626
f 3498/4854/1907 5406/8979/1907 3499/4855/1907
f 3501/4857/1626 5407/8980/1626 3502/4858/1626
f 3504/4860/2164 3508/8981/2164 3505/4861/1626
f 3507/4863/2165 3510/4867/2165 3508/4864/2164
f 3509/4866/2166 3512/4869/2166 3510/4867/2165
f 3511/4868/2167 3514/8982/2167 3512/4869/2166
f 3513/4870/1907 3516/4874/1907 3514/4871/2167
f 3515/4873/2168 3518/8983/2168 3516/4874/1907
f 3517/4875/2169 3520/4879/2169 3518/4876/2168
f 3519/4878/2170 3522/4881/2170 3520/4879/2169
f 3521/4880/2171 3523/8984/2171 3522/4881/2170
f 3506/4862/1626 3505/4861/1626 3523/4882/2171
f 3506/8985/1905 3521/8986/1905 3519/4884/1905
f 3519/4884/1905 3517/8987/1905 3515/4885/1905
f 3515/4885/1905 3513/8988/1905 3511/8989/1905
f 3511/8989/1905 3509/8990/1905 3515/4885/1905
f 3509/8990/1905 3507/4886/1905 3515/4885/1905
f 3507/4886/1905 3504/8991/1905 3506/8985/1905
f 3506/8985/1905 3519/4884/1905 3507/4886/1905
f 3523/4888/1906 3505/8992/1906 3508/8993/1906
f 3508/8993/1906 3510/8994/1906 3523/4888/1906
f 3510/8994/1906 3512/4889/1906 3523/4888/1906
f 3512/4889/1906 3514/8995/1906 3516/8996/1906
f 3516/8996/1906 3518/8997/1906 3512/4889/1906
f 3518/8997/1906 3520/8998/1906 3512/4889/1906
f 3520/8998/1906 3522/4887/1906 3512/4889/1906
f 3524/4890/2430 3528/8999/2431 3525/4891/2431
f 3527/4893/2432 3530/4897/2432 3525/4894/2431
f 3529/4896/2433 3532/4899/2433 3530/4897/2432
f 3529/4896/2433 3534/9000/2434 3531/4898/2434
f 3533/4900/2435 3536/4904/2435 3531/4901/2434
f 3533/4900/2435 3538/9001/2436 3535/4903/2436
f 3537/4905/2437 3540/4909/2437 3535/4906/2436
f 3539/4908/2438 3542/4911/2438 3540/4909/2437
f 3539/4908/2438 3543/9002/2439 3541/4910/2439
f 3524/4890/2430 3526/4892/2430 3541/4912/2439
f 3524/9003/1905 3543/9004/1905 3539/4914/1905
f 3539/4914/1905 3537/9005/1905 3538/4915/1905
f 3538/4915/1905 3533/9006/1905 3534/9007/1905
f 3534/9007/1905 3529/9008/1905 3538/4915/1905
f 3529/9008/1905 3527/4916/1905 3538/4915/1905
f 3527/4916/1905 3528/9009/1905 3524/9003/1905
f 3524/9003/1905 3539/4914/1905 3527/4916/1905
f 3541/9010/1906 3526/9011/1906 3525/9012/1906
f 3525/9012/1906 3530/9013/1906 3541/9010/1906
f 3530/9013/1906 3532/4917/1906 3541/9010/1906
f 3532/4917/1906 3531/9014/1906 3536/4918/1906
f 3536/4918/1906 3535/9015/1906 3540/4919/1906
f 3540/4919/1906 3542/9016/1906 3532/4917/1906
f 3542/9016/1906 3541/9010/1906 3532/4917/1906
f 3544/4920/1905 3550/9017/1905 3545/4921/1905
f 3547/4923/1906 3551/9018/1906 3548/4924/1906
f 3550/4926/1907 3547/9019/1907 3549/4927/1907
f 3544/4929/1904 3551/9020/1904 3547/4930/1904
f 3546/4932/1626 3548/9021/1626 3551/4933/1626
f 3545/4935/1903 3549/9022/1903 3548/4936/1903
f 3552/4938/1905 3558/9023/1905 3553/4939/1905
f 3555/4941/1906 3559/9024/1906 3556/4942/1906
f 3558/4944/1907 3555/9025/1907 3557/4945/1907
f 3552/4947/1904 3559/9026/1904 3555/4948/1904
f 3554/4950/1626 3556/9027/1626 3559/4951/1626
f 3553/4953/1903 3557/9028/1903 3556/4954/1903
f 3560/4956/2164 3564/9029/2164 3561/4957/1626
f 3563/4959/2165 3566/4963/2165 3564/4960/2164
f 3565/4962/2166 3568/4965/2166 3566/4963/2165
f 3567/4964/2167 3570/9030/2167 3568/4965/2166
f 3569/4966/1907 3572/4970/1907 3570/4967/2167
f 3571/4969/2168 3574/9031/2168 3572/4970/1907
f 3573/4971/2169 3576/4975/2169 3574/4972/2168
f 3575/4974/2170 3578/4977/2170 3576/4975/2169
f 3577/4976/2171 3579/9032/2171 3578/4977/2170
f 3562/4958/1626 3561/4957/1626 3579/4978/2171
f 3562/9033/1905 3577/9034/1905 3575/4980/1905
f 3575/4980/1905 3573/9035/1905 3571/4981/1905
f 3571/4981/1905 3569/9036/1905 3567/9037/1905
f 3567/9037/1905 3565/9038/1905 3571/4981/1905
f 3565/9038/1905 3563/4982/1905 3571/4981/1905
f 3563/4982/1905 3560/9039/1905 3562/9033/1905
f 3562/9033/1905 3575/4980/1905 3563/4982/1905
f 3579/4984/1906 3561/9040/1906 3564/9041/1906
f 3564/9041/1906 3566/9042/1906 3579/4984/1906
f 3566/9042/1906 3568/4985/1906 3579/4984/1906
f 3568/4985/1906 3570/9043/1906 3572/9044/1906
f 3572/9044/1906 3574/9045/1906 3568/4985/1906
f 3574/9045/1906 3576/9046/1906 3568/4985/1906
f 3576/9046/1906 3578/4983/1906 3568/4985/1906
f 3580/4986/2430 3584/9047/2431 3581/4987/2431
f 3583/4989/2432 3586/4993/2432 3581/4990/2431
f 3585/4992/2433 3588/4995/2433 3586/4993/2432
f 3585/4992/2433 3590/9048/2434 3587/4994/2434
f 3589/4996/2435 3592/5000/2435 3587/4997/2434
f 3589/4996/2435 3594/9049/2436 3591/4999/2436
f 3593/5001/2437 3596/5005/2437 3591/5002/2436
f 3595/5004/2438 3598/5007/2438 3596/5005/2437
f 3595/5004/2438 3599/9050/2439 3597/5006/2439
f 3580/4986/2430 3582/4988/2430 3597/5008/2439
f 3580/9051/1905 3599/9052/1905 3595/5010/1905
f 3595/5010/1905 3593/9053/1905 3594/5011/1905
f 3594/5011/1905 3589/9054/1905 3590/9055/1905
f 3590/9055/1905 3585/9056/1905 3594/5011/1905
f 3585/9056/1905 3583/5012/1905 3594/5011/1905
f 3583/5012/1905 3584/9057/1905 3580/9051/1905
f 3580/9051/1905 3595/5010/1905 3583/5012/1905
f 3597/9058/1906 3582/9059/1906 3581/9060/1906
f 3581/9060/1906 3586/9061/1906 3597/9058/1906
f 3586/9061/1906 3588/5013/1906 3597/9058/1906
f 3588/5013/1906 3587/9062/1906 3592/5014/1906
f 3592/5014/1906 3591/9063/1906 3596/5015/1906
f 3596/5015/1906 3598/9064/1906 3588/5013/1906
f 3598/9064/1906 3597/9058/1906 3588/5013/1906
f 3600/5016/1905 3606/9065/1905 3601/5017/1905
f 3603/5019/1906 3607/9066/1906 3604/5020/1906
f 3606/5022/1907 3603/9067/1907 3605/5023/1907
f 3600/5025/1904 3607/9068/1904 3603/5026/1904
f 3602/5028/1626 3604/9069/1626 3607/5029/1626
f 3601/5031/1903 3605/9070/1903 3604/5032/1903
f 3608/5034/1905 3614/9071/1905 3609/5035/1905
f 3611/5037/1906 3615/9072/1906 3612/5038/1906
f 3614/5040/1907 3611/9073/1907 3613/5041/1907
f 3608/5043/1904 3615/9074/1904 3611/5044/1904
f 3610/5046/1626 3612/9075/1626 3615/5047/1626
f 3609/5049/1903 3613/9076/1903 3612/5050/1903
f 3616/5052/2164 3620/9077/2164 3617/5053/1626
f 3619/5055/2165 3622/5059/2165 3620/5056/2164
f 3621/5058/2166 3624/5061/2166 3622/5059/2165
f 3623/5060/2167 3626/9078/2167 3624/5061/2166
f 3625/5062/1907 3628/5066/1907 3626/5063/2167
f 3627/5065/2168 3630/9079/2168 3628/5066/1907
f 3629/5067/2169 3632/5071/2169 3630/5068/2168
f 3631/5070/2170 3634/5073/2170 3632/5071/2169
f 3633/5072/2171 3635/9080/2171 3634/5073/2170
f 3618/5054/1626 3617/5053/1626 3635/5074/2171
f 3618/9081/1905 3633/9082/1905 3627/5076/1905
f 3633/9082/1905 3631/9083/1905 3627/5076/1905
f 3631/9083/1905 3629/9084/1905 3627/5076/1905
f 3627/5076/1905 3625/9085/1905 3623/5077/1905
f 3623/5077/1905 3621/9086/1905 3619/5078/1905
f 3619/5078/1905 3616/9087/1905 3627/5076/1905
f 3616/9087/1905 3618/9081/1905 3627/5076/1905
f 3635/5081/1906 3617/9088/1906 3620/9089/1906
f 3620/9089/1906 3622/9090/1906 3624/9091/1906
f 3624/9091/1906 3626/9092/1906 3628/5079/1906
f 3628/5079/1906 3630/9093/1906 3632/5080/1906
f 3632/5080/1906 3634/9094/1906 3635/5081/1906
f 3635/5081/1906 3620/9089/1906 3624/9091/1906
f 3624/9091/1906 3628/5079/1906 3635/5081/1906
f 3636/5082/1905 3642/9095/1905 3637/5083/1905
f 3639/5085/1906 3643/9096/1906 3640/5086/1906
f 3642/5088/1907 3639/9097/1907 3641/5089/1907
f 3636/5091/1904 3643/9098/1904 3639/5092/1904
f 3638/5094/1626 3640/9099/1626 3643/5095/1626
f 3637/5097/1903 3641/9100/1903 3640/5098/1903
f 3644/5100/2440 3648/9101/2440 3645/5101/2440
f 3647/5103/2441 3650/9102/2441 3645/5104/2441
f 3649/5106/2442 3651/9103/2443 3650/5107/2443
f 3644/5109/2444 3646/9104/2444 3651/5110/2444
f 3649/5112/2445 3647/9105/2445 3648/5113/2445
f 3645/5115/2446 3650/9106/2446 3651/5116/2446
f 3652/5118/2447 3656/9107/2448 3653/5119/2448
f 3652/5121/2449 3658/9108/2449 3655/5122/2450
f 3657/5124/2451 3659/9109/2451 3655/5125/2451
f 3654/5127/2452 3653/9110/2453 3659/5128/2453
f 3658/5130/2454 3652/9111/4061 3654/5131/2454
f 3653/5133/2455 3656/9112/2455 3655/5134/2455
f 3660/5136/2456 3664/9113/2457 3661/5137/2457
f 3660/5139/2458 3665/9114/2458 3663/5140/2458
f 3665/5142/2459 3667/9115/2459 3666/5143/2460
f 3662/5145/2461 3661/9116/2462 3666/5146/2462
f 3667/5148/2463 3665/9117/2463 3660/5149/2463
f 3664/5151/2464 3663/9118/2464 3666/5152/2464
f 3668/5154/2465 3683/5173/2482 3669/5155/2466
f 3670/5157/2467 3669/5175/2466 3671/5158/2468
f 3672/5159/2470 3671/5158/2471 3673/5160/2471
f 3674/5162/2472 3673/5178/2486 3675/5163/2473
f 3675/5163/2473 3678/5180/2488 3677/5165/2475
f 3678/5166/2476 3680/5169/2476 3679/5167/2477
f 3680/5169/2478 3682/5183/2480 3681/5170/2479
f 3682/5171/2480 3683/5173/2482 3668/5154/2465
f 3683/5173/2482 3691/5185/2492 3684/5174/2483
f 3669/5175/2466 3684/5187/2483 3685/5176/2484
f 3671/5158/2471 3685/5176/2495 3686/5177/2485
f 3673/5178/2486 3686/5190/2497 3687/5179/2487
f 3687/5179/2487 3688/5192/2499 3678/5180/2488
f 3688/5181/2489 3689/5182/2501 3680/5169/2476
f 3689/5182/2490 3690/5195/2491 3682/5183/2480
f 3690/5184/2491 3691/5185/2492 3683/5173/2482
f 3691/5185/2492 3699/5197/2504 3692/5186/2493
f 3684/5187/2483 3692/5199/2493 3693/5188/2494
f 3685/5176/2495 3693/5188/2507 3694/5189/2496
f 3686/5190/2497 3694/5202/2509 3695/5191/2498
f 3695/5191/2498 3696/5204/2511 3688/5192/2499
f 3696/5193/2500 3697/5194/2513 3689/5182/2501
f 3697/5194/2502 3698/5207/2503 3690/5195/2491
f 3698/5196/2503 3699/5197/2504 3691/5185/2492
f 3699/5197/2504 3707/5209/2516 3700/5198/2505
f 3692/5199/2493 3700/5211/2505 3701/5200/2506
f 3693/5188/2507 3701/5200/2519 3702/5201/2508
f 3694/5202/2509 3702/5214/2521 3703/5203/2510
f 3703/5203/2510 3704/5216/2523 3696/5204/2511
f 3704/5205/2512 3705/5206/2525 3697/5194/2513
f 3705/5206/2514 3706/5219/2515 3698/5207/2503
f 3706/5208/2515 3707/5209/2516 3699/5197/2504
f 3707/5209/2516 3715/9119/2528 3708/5210/2517
f 3700/5211/2505 3708/5224/2517 3709/5212/2518
f 3701/5200/2519 3709/5212/2531 3710/5213/2520
f 3702/5214/2521 3710/9120/2533 3711/5215/2522
f 3711/5215/2522 3712/9121/2535 3704/5216/2523
f 3712/5217/2524 3713/5218/2537 3705/5206/2525
f 3713/5218/2526 3714/5233/2527 3706/5219/2515
f 3714/5220/2527 3715/9119/2528 3707/5209/2516
f 3715/5221/2528 3724/5237/2541 3716/5222/2529
f 3708/5224/2517 3716/5239/2529 3717/5225/2530
f 3709/5212/2531 3717/5225/2543 3718/5226/2532
f 3710/5227/2533 3718/5242/2532 3719/5228/2534
f 3719/5228/2534 3720/5244/2536 3712/5230/2535
f 3720/5231/2536 3721/5232/2546 3713/5218/2537
f 3721/5232/2538 3722/5247/2539 3714/5233/2527
f 3722/5234/2539 3724/5237/2541 3715/5221/2528
f 3723/5236/2540 3725/5249/2542 3716/5222/2529
f 3725/5238/2542 3731/5251/2550 3717/5225/2530
f 3717/5225/2543 3731/5251/2552 3726/5240/2544
f 3726/5241/2544 3734/5254/2554 3719/5228/2534
f 3719/5228/2534 3734/5254/2554 3727/5243/2545
f 3727/5245/2545 3737/5257/2557 3721/5232/2546
f 3721/5232/2538 3737/5257/2558 3728/5246/2547
f 3722/5234/2539 3728/5259/2547 3723/5236/2540
f 3729/5248/2548 3730/5261/2549 3725/5249/2542
f 3730/5250/2549 3732/5252/2562 3731/5251/2550
f 3732/5252/2551 3733/5264/2564 3726/5240/2544
f 3733/5253/2553 3743/5266/2566 3734/5254/2554
f 3734/5254/2554 3743/5266/2566 3735/5255/2555
f 3727/5245/2545 3735/5268/2568 3736/5256/2556
f 3737/5257/2558 3736/5256/2570 3738/5258/2559
f 3728/5259/2547 3738/5271/2559 3729/5248/2548
f 3739/5260/2560 3740/5273/2561 3730/5261/2549
f 3740/5262/2561 3741/5263/2574 3732/5252/2562
f 3741/5263/2563 3742/5276/2576 3733/5264/2564
f 3742/5265/2565 3751/5278/2578 3743/5266/2566
f 3743/5266/2566 3751/5278/2578 3744/5267/2567
f 3735/5268/2568 3744/5280/2580 3745/5269/2569
f 3736/5256/2570 3745/5269/2582 3746/5270/2571
f 3738/5271/2559 3746/5283/2571 3739/5260/2560
f 3747/5272/2572 3748/9122/2573 3740/5273/2561
f 3748/5274/2573 3749/5275/2586 3741/5263/2574
f 3749/5275/2575 3750/5289/2588 3742/5276/2576
f 3750/5277/2577 3759/9123/2590 3751/5278/2578
f 3751/5278/2578 3759/9123/2590 3752/5279/2579
f 3744/5280/2580 3752/5295/2592 3753/5281/2581
f 3745/5269/2582 3753/5281/2594 3754/5282/2583
f 3746/5283/2571 3754/9124/2583 3747/5272/2572
f 3755/5284/2584 3756/5300/2585 3748/5285/2573
f 3756/5287/2585 3757/5288/2598 3749/5275/2586
f 3757/5288/2587 3758/5303/2600 3750/5289/2588
f 3758/5290/2589 3767/5305/2602 3759/5291/2590
f 3759/5291/2590 3767/5305/2602 3760/5293/2591
f 3752/5295/2592 3760/5307/2604 3761/5296/2593
f 3753/5281/2594 3761/5296/2606 3762/5297/2595
f 3754/5298/2583 3762/5310/2595 3755/5284/2584
f 3763/5299/2596 3764/5312/2597 3756/5300/2585
f 3764/5301/2597 3765/5302/2609 3757/5288/2598
f 3765/5302/2599 3766/5315/2599 3758/5303/2600
f 3766/5304/2601 3775/5317/2611 3767/5305/2602
f 3767/5305/2602 3775/5317/2611 3768/5306/2603
f 3760/5307/2604 3768/5319/2605 3769/5308/2605
f 3761/5296/2606 3769/5308/2613 3770/5309/2607
f 3762/5310/2595 3770/5322/2607 3763/5299/2596
f 3771/5311/2474 3772/5324/2608 3764/5312/2597
f 3772/5313/2608 3773/5314/2470 3765/5302/2609
f 3773/5314/2469 3774/5327/2469 3766/5315/2599
f 3774/5316/2610 3783/5329/2465 3775/5317/2611
f 3775/5317/2611 3783/5329/2465 3776/5318/2612
f 3768/5319/2605 3776/5331/2612 3777/5320/2479
f 3769/5308/2613 3777/5320/2477 3778/5321/2614
f 3770/5322/2607 3778/5334/2614 3771/5311/2474
f 3771/5311/2474 3787/5335/2622 3779/5323/2615
f 3772/5313/2608 3779/5337/2615 3780/5325/2616
f 3773/5314/2469 3780/5325/2617 3781/5326/2617
f 3774/5316/2610 3781/5340/2626 3782/5328/2618
f 3782/5328/2618 3784/5342/2619 3776/5318/2612
f 3784/5330/2619 3785/5332/2629 3777/5320/2479
f 3785/5332/2620 3786/5345/2621 3778/5321/2614
f 3786/5333/2621 3787/5335/2622 3771/5311/2474
f 3787/5335/2622 3795/5347/2632 3788/5336/2623
f 3779/5337/2615 3788/5349/2623 3789/5338/2624
f 3780/5325/2617 3789/5338/2635 3790/5339/2625
f 3781/5340/2626 3790/5352/2637 3791/5341/2627
f 3791/5341/2627 3792/5354/2639 3784/5342/2619
f 3792/5343/2628 3793/5344/2641 3785/5332/2629
f 3793/5344/2630 3794/5357/2631 3786/5345/2621
f 3794/5346/2631 3795/5347/2632 3787/5335/2622
f 3795/5347/2632 3803/5359/2644 3796/5348/2633
f 3788/5349/2623 3796/5361/2633 3797/5350/2634
f 3789/5338/2635 3797/5350/2647 3798/5351/2636
f 3790/5352/2637 3798/5364/2649 3799/5353/2638
f 3799/5353/2638 3800/5366/2651 3792/5354/2639
f 3800/5355/2640 3801/5356/2653 3793/5344/2641
f 3801/5356/2642 3802/5369/2643 3794/5357/2631
f 3802/5358/2643 3803/5359/2644 3795/5347/2632
f 3803/5359/2644 3811/5371/2656 3804/5360/2645
f 3796/5361/2633 3804/5373/2645 3805/5362/2646
f 3797/5350/2647 3805/5362/2659 3806/5363/2648
f 3798/5364/2649 3806/5376/2661 3807/5365/2650
f 3807/5365/2650 3808/5378/2663 3800/5366/2651
f 3808/5367/2652 3809/5368/2665 3801/5356/2653
f 3809/5368/2654 3810/5381/2655 3802/5369/2643
f 3810/5370/2655 3811/5371/2656 3803/5359/2644
f 3811/5371/2656 3819/9125/2668 3812/5372/2657
f 3804/5373/2645 3812/5386/2657 3813/5374/2658
f 3805/5362/2659 3813/5374/2671 3814/5375/2660
f 3806/5376/2661 3814/9126/2673 3815/5377/2662
f 3815/5377/2662 3816/9127/2675 3808/5378/2663
f 3816/5379/2664 3817/5380/2677 3809/5368/2665
f 3817/5380/2666 3818/5395/2667 3810/5381/2655
f 3818/5382/2667 3819/9125/2668 3811/5371/2656
f 3819/5383/2668 3828/5399/2681 3820/5384/2669
f 3812/5386/2657 3820/5400/2669 3821/5387/2670
f 3813/5374/2671 3821/5387/2683 3822/5388/2672
f 3814/5389/2673 3822/5404/2672 3823/5390/2674
f 3823/5390/2674 3824/5406/2676 3816/5392/2675
f 3824/5393/2676 3825/5394/2686 3817/5380/2677
f 3825/5394/2678 3826/5409/2679 3818/5395/2667
f 3826/5396/2679 3828/5399/2681 3819/5383/2668
f 3827/5398/2680 3834/5411/2689 3820/5384/2669
f 3820/5400/2669 3834/5413/2689 3829/5401/2682
f 3821/5387/2683 3829/5401/2692 3830/5402/2684
f 3830/5403/2684 3838/5416/2694 3823/5390/2674
f 3823/5390/2674 3838/5416/2694 3831/5405/2685
f 3831/5407/2685 3832/5408/2697 3825/5394/2686
f 3832/5408/2687 3842/5420/2699 3826/5409/2679
f 3826/5396/2679 3842/5421/2699 3827/5398/2680
f 3833/5410/2688 3835/5423/2690 3834/5411/2689
f 3835/5412/2690 3836/5414/2702 3829/5401/2682
f 3836/5414/2691 3837/5426/2704 3830/5402/2684
f 3837/5415/2693 3847/5428/2706 3838/5416/2694
f 3838/5416/2694 3847/5428/2706 3839/5417/2695
f 3831/5407/2685 3839/5430/2708 3840/5418/2696
f 3832/5408/2687 3840/5418/2710 3841/5419/2698
f 3842/5421/2699 3841/5433/2698 3833/5410/2688
f 3843/5422/2700 3844/5435/2701 3835/5423/2690
f 3844/5424/2701 3845/5425/2714 3836/5414/2702
f 3845/5425/2703 3846/5438/2716 3837/5426/2704
f 3846/5427/2705 3855/5440/2718 3847/5428/2706
f 3847/5428/2706 3855/5440/2718 3848/5429/2707
f 3839/5430/2708 3848/5442/2720 3849/5431/2709
f 3840/5418/2710 3849/5431/2722 3850/5432/2711
f 3841/5433/2698 3850/5445/2711 3843/5422/2700
f 3851/5434/2712 3852/9128/2713 3844/5435/2701
f 3852/5436/2713 3853/5437/2726 3845/5425/2714
f 3853/5437/2715 3854/5451/2728 3846/5438/2716
f 3854/5439/2717 3863/9129/2730 3855/5440/2718
f 3855/5440/2718 3863/9129/2730 3856/5441/2719
f 3848/5442/2720 3856/5457/2732 3857/5443/2721
f 3849/5431/2722 3857/5443/2734 3858/5444/2723
f 3850/5445/2711 3858/9130/2723 3851/5434/2712
f 3859/5446/2724 3860/5462/2725 3852/5447/2713
f 3860/5449/2725 3861/5450/2738 3853/5437/2726
f 3861/5450/2727 3862/5465/2740 3854/5451/2728
f 3862/5452/2729 3871/5467/2742 3863/5453/2730
f 3863/5453/2730 3871/5467/2742 3864/5455/2731
f 3856/5457/2732 3864/5469/2744 3865/5458/2733
f 3857/5443/2734 3865/5458/2746 3866/5459/2735
f 3858/5460/2723 3866/5472/2735 3859/5446/2724
f 3867/5461/2736 3868/5473/2737 3860/5462/2725
f 3868/5463/2737 3869/5464/2748 3861/5450/2738
f 3869/5464/2739 3870/5474/2741 3862/5465/2740
f 3870/5466/2741 3875/5475/2749 3871/5467/2742
f 3871/5467/2742 3875/5475/2749 3872/5468/2743
f 3864/5469/2744 3872/5476/2743 3873/5470/2745
f 3865/5458/2746 3873/5470/2750 3874/5471/2747
f 3866/5472/2735 3874/5477/2747 3867/5461/2736
f 3668/5154/2465 3670/5156/2467 3868/5473/2737
f 3670/5157/2467 3672/5159/2469 3869/5464/2748
f 3672/5159/2470 3674/5161/2472 3870/5474/2741
f 3674/5162/2472 3676/5164/2474 3875/5475/2749
f 3875/5475/2749 3676/5164/2474 3677/5165/2475
f 3872/5476/2743 3677/5168/2475 3679/5167/2477
f 3873/5470/2750 3679/5167/2479 3681/5170/2479
f 3874/5477/2747 3681/5172/2481 3668/5154/2465
f 3876/5478/2751 3891/5497/2768 3877/5479/2752
f 3878/5481/2753 3877/5499/2752 3879/5482/2754
f 3880/5483/2756 3879/5482/2771 3881/5484/2757
f 3882/5486/2758 3881/5502/2773 3883/5487/2759
f 3883/5487/2759 3886/5504/2775 3885/5489/2761
f 3886/5490/2762 3888/5493/2777 3887/5491/2763
f 3888/5493/2764 3890/5507/2767 3889/5494/2765
f 3890/5495/2767 3891/5497/2768 3876/5478/2751
f 3891/5497/2768 3899/5509/2780 3892/5498/2769
f 3877/5499/2752 3892/5511/2769 3893/5500/2770
f 3879/5482/2771 3893/5500/2783 3894/5501/2772
f 3881/5502/2773 3894/5514/2785 3895/5503/2774
f 3895/5503/2774 3896/5516/2787 3886/5504/2775
f 3896/5505/2776 3897/5506/2789 3888/5493/2777
f 3897/5506/2778 3898/5519/2779 3890/5507/2767
f 3898/5508/2779 3899/5509/2780 3891/5497/2768
f 3899/5509/2780 3907/5521/2792 3900/5510/2781
f 3892/5511/2769 3900/5523/2781 3901/5512/2782
f 3893/5500/2783 3901/5512/2795 3902/5513/2784
f 3894/5514/2785 3902/5526/2797 3903/5515/2786
f 3903/5515/2786 3904/5528/2799 3896/5516/2787
f 3904/5517/2788 3905/5518/2801 3897/5506/2789
f 3905/5518/2790 3906/5531/2791 3898/5519/2779
f 3906/5520/2791 3907/5521/2792 3899/5509/2780
f 3907/5521/2792 3915/5548/2804 3908/5522/2793
f 3900/5523/2781 3908/5536/2793 3909/5524/2794
f 3901/5512/2795 3909/5524/2807 3910/5525/2796
f 3902/5526/2797 3910/5539/2809 3911/5527/2798
f 3911/5527/2798 3912/9131/2811 3904/5528/2799
f 3912/5529/2800 3913/5530/2813 3905/5518/2801
f 3913/5530/2802 3914/5546/2803 3906/5531/2791
f 3914/5532/2803 3915/5548/2804 3907/5521/2792
f 3915/5533/2804 3923/5549/2816 3916/5534/2805
f 3908/5536/2793 3916/5551/2805 3917/5537/2806
f 3909/5524/2807 3917/5537/2819 3918/5538/2808
f 3910/5539/2809 3918/9132/2821 3919/5540/2810
f 3919/5541/2810 3920/5556/2823 3912/5542/2811
f 3920/5544/2812 3921/5545/2825 3913/5530/2813
f 3921/5545/2814 3922/5559/2815 3914/5546/2803
f 3922/5547/2815 3923/9133/2816 3915/5548/2804
f 3923/5549/2816 3931/5562/2828 3924/5550/2817
f 3916/5551/2805 3924/5565/2817 3925/5552/2818
f 3917/5537/2819 3925/5552/2831 3926/5553/2820
f 3918/5554/2821 3926/5568/2820 3927/5555/2822
f 3927/5555/2822 3928/5570/2824 3920/5556/2823
f 3928/5557/2824 3929/5558/2835 3921/5545/2825
f 3929/5558/2826 3930/5573/2827 3922/5559/2815
f 3930/5560/2827 3931/5562/2828 3923/5549/2816
f 3931/5562/2828 3939/5576/2838 3932/5563/2829
f 3932/5564/2829 3933/5566/2840 3925/5552/2818
f 3933/5566/2830 3934/5579/2832 3926/5553/2820
f 3934/5567/2832 3943/5581/2843 3927/5555/2822
f 3927/5555/2822 3943/5581/2843 3935/5569/2833
f 3928/5557/2824 3935/5583/2833 3936/5571/2834
f 3929/5558/2826 3936/5571/2846 3937/5572/2836
f 3937/5574/2836 3939/5576/2838 3931/5562/2828
f 3938/5575/2837 3940/5587/2839 3932/5563/2829
f 3940/5577/2839 3941/5578/2850 3933/5566/2840
f 3941/5578/2841 3942/5590/2852 3934/5579/2832
f 3942/5580/2842 3951/5592/2854 3943/5581/2843
f 3943/5581/2843 3951/5592/2854 3944/5582/2844
f 3935/5583/2833 3944/5594/2856 3945/5584/2845
f 3936/5571/2846 3945/5584/2858 3946/5585/2847
f 3937/5574/2836 3946/5597/2847 3938/5575/2837
f 3947/5586/2848 3948/9134/2849 3940/5587/2839
f 3948/5588/2849 3949/5589/2862 3941/5578/2850
f 3949/5589/2851 3950/5603/2864 3942/5590/2852
f 3950/5591/2853 3959/5605/2866 3951/5592/2854
f 3951/5592/2854 3959/5605/2866 3952/5593/2855
f 3944/5594/2856 3952/5609/2868 3953/5595/2857
f 3945/5584/2858 3953/5595/2870 3954/5596/2859
f 3946/5597/2847 3954/9135/2859 3947/5586/2848
f 3955/5598/2860 3956/5614/2861 3948/5599/2849
f 3956/5601/2861 3957/5602/2874 3949/5589/2862
f 3957/5602/2863 3958/5617/2876 3950/5603/2864
f 3958/5604/2865 3967/9136/2878 3959/5605/2866
f 3959/5606/2866 3967/5619/2878 3960/5607/2867
f 3952/5609/2868 3960/5622/2880 3961/5610/2869
f 3953/5595/2870 3961/5610/2882 3962/5611/2871
f 3954/5612/2859 3962/5625/2871 3955/5598/2860
f 3963/5613/2872 3964/5627/2873 3956/5614/2861
f 3964/5615/2873 3965/5616/2886 3957/5602/2874
f 3965/5616/2875 3966/5630/2888 3958/5617/2876
f 3966/5618/2877 3975/5632/2890 3967/5619/2878
f 3967/5619/2878 3975/5632/2890 3968/5621/2879
f 3960/5622/2880 3968/5634/2892 3969/5623/2881
f 3961/5610/2882 3969/5623/2894 3970/5624/2883
f 3962/5625/2871 3970/5637/2883 3963/5613/2872
f 3971/5626/2884 3972/5639/2885 3964/5627/2873
f 3972/5628/2885 3973/5629/2897 3965/5616/2886
f 3973/5629/2887 3974/5642/2887 3966/5630/2888
f 3974/5631/2889 3983/5644/2899 3975/5632/2890
f 3975/5632/2890 3983/5644/2899 3976/5633/2891
f 3968/5634/2892 3976/5646/2893 3977/5635/2893
f 3969/5623/2894 3977/5635/2901 3978/5636/2895
f 3970/5637/2883 3978/5649/2895 3971/5626/2884
f 3979/5638/2760 3980/5651/2896 3972/5639/2885
f 3980/5640/2896 3981/5641/2756 3973/5629/2897
f 3981/5641/2755 3982/5654/2755 3974/5642/2887
f 3982/5643/2898 3991/5656/2751 3983/5644/2899
f 3983/5644/2899 3991/5656/2751 3984/5645/2900
f 3976/5646/2893 3984/5658/2766 3985/5647/2766
f 3977/5635/2901 3985/5647/2763 3986/5648/2902
f 3978/5649/2895 3986/5661/2902 3979/5638/2760
f 3979/5638/2760 3995/5662/2906 3987/5650/2903
f 3980/5640/2896 3987/5664/2903 3988/5652/2757
f 3981/5641/2755 3988/5652/2909 3989/5653/2754
f 3982/5643/2898 3989/5667/2911 3990/5655/2904
f 3990/5655/2904 3992/5669/2913 3984/5645/2900
f 3992/5657/2764 3993/5659/2915 3985/5647/2766
f 3993/5659/2762 3994/5672/2905 3986/5648/2902
f 3994/5660/2905 3995/5662/2906 3979/5638/2760
f 3995/5662/2906 4003/5674/2918 3996/5663/2907
f 3987/5664/2903 3996/5676/2907 3997/5665/2908
f 3988/5652/2909 3997/5665/2921 3998/5666/2910
f 3989/5667/2911 3998/5679/2923 3999/5668/2912
f 3999/5668/2912 4000/5681/2925 3992/5669/2913
f 4000/5670/2914 4001/5671/2927 3993/5659/2915
f 4001/5671/2916 4002/5684/2917 3994/5672/2905
f 4002/5673/2917 4003/5674/2918 3995/5662/2906
f 4003/5674/2918 4011/5686/2930 4004/5675/2919
f 3996/5676/2907 4004/5688/2919 4005/5677/2920
f 3997/5665/2921 4005/5677/2933 4006/5678/2922
f 3998/5679/2923 4006/5691/2935 4007/5680/2924
f 4007/5680/2924 4008/5693/2937 4000/5681/2925
f 4008/5682/2926 4009/5683/2939 4001/5671/2927
f 4009/5683/2928 4010/5696/2929 4002/5684/2917
f 4010/5685/2929 4011/5686/2930 4003/5674/2918
f 4011/5686/2930 4019/9137/2942 4012/5687/2931
f 4004/5688/2919 4012/5701/2931 4013/5689/2932
f 4005/5677/2933 4013/5689/2945 4014/5690/2934
f 4006/5691/2935 4014/9138/2947 4015/5692/2936
f 4015/5692/2936 4016/5708/2949 4008/5693/2937
f 4016/5694/2938 4017/5695/2951 4009/5683/2939
f 4017/5695/2940 4018/5711/2941 4010/5696/2929
f 4018/5697/2941 4019/9137/2942 4011/5686/2930
f 4019/5698/2942 4027/5714/2954 4020/5699/2943
f 4012/5701/2931 4020/5716/2943 4021/5702/2944
f 4013/5689/2945 4021/5702/2957 4022/5703/2946
f 4014/5704/2947 4022/5719/2959 4023/5705/2948
f 4023/5707/2948 4024/9139/2961 4016/5708/2949
f 4024/5709/2950 4025/5710/2963 4017/5695/2951
f 4025/5710/2952 4026/5724/2953 4018/5711/2941
f 4026/5712/2953 4027/5714/2954 4019/5698/2942
f 4027/5714/2954 4036/5727/2967 4028/5715/2955
f 4020/5716/2943 4028/5729/2955 4029/5717/2956
f 4021/5702/2957 4029/5717/2970 4030/5718/2958
f 4022/5719/2959 4030/5731/2958 4031/5720/2960
f 4031/5720/2960 4032/5733/2962 4024/5721/2961
f 4032/5722/2962 4033/5723/2973 4025/5710/2963
f 4033/5723/2964 4034/5736/2965 4026/5724/2953
f 4034/5725/2965 4036/5727/2967 4027/5714/2954
f 4035/5726/2966 4037/5738/2968 4028/5715/2955
f 4037/5728/2968 4038/5730/2977 4029/5717/2956
f 4038/5730/2969 4045/5741/2979 4030/5718/2958
f 4030/5731/2958 4045/5743/2979 4039/5732/2971
f 4039/5732/2971 4048/5745/2982 4032/5733/2962
f 4032/5722/2962 4048/5746/2982 4040/5734/2972
f 4033/5723/2964 4040/5734/2984 4041/5735/2974
f 4034/5725/2965 4041/5749/2974 4035/5726/2966
f 4042/5737/2975 4043/5751/2976 4037/5738/2968
f 4043/5739/2976 4044/5740/2988 4038/5730/2977
f 4044/5740/2978 4046/5754/2990 4045/5741/2979
f 4046/5742/2980 4055/5756/2992 4039/5732/2971
f 4039/5732/2971 4055/5756/2992 4047/5744/2981
f 4048/5746/2982 4047/5758/2994 4049/5747/2983
f 4040/5734/2984 4049/5747/2996 4050/5748/2985
f 4041/5749/2974 4050/5761/2985 4042/5737/2975
f 4051/5750/2986 4052/5763/2987 4043/5751/2976
f 4052/5752/2987 4053/5753/3000 4044/5740/2988
f 4053/5753/2989 4054/5766/3002 4046/5754/2990
f 4054/5755/2991 4063/9140/3004 4055/5756/2992
f 4055/5756/2992 4063/9140/3004 4056/5757/2993
f 4047/5758/2994 4056/5772/3006 4057/5759/2995
f 4049/5747/2996 4057/5759/3008 4058/5760/2997
f 4050/5761/2985 4058/9141/2997 4051/5750/2986
f 4059/5762/2998 4060/9142/2999 4052/5763/2987
f 4060/5764/2999 4061/5765/3012 4053/5753/3000
f 4061/5765/3001 4062/5782/3014 4054/5766/3002
f 4062/5767/3003 4071/5784/3016 4063/5768/3004
f 4063/5768/3004 4071/5784/3016 4064/5770/3005
f 4056/5772/3006 4064/5786/3018 4065/5773/3007
f 4057/5759/3008 4065/5773/3020 4066/5774/3009
f 4058/5775/2997 4066/5789/3009 4059/5776/2998
f 4067/5778/3010 4068/5791/3011 4060/5779/2999
f 4068/5780/3011 4069/5781/3024 4061/5765/3012
f 4069/5781/3013 4070/5794/3025 4062/5782/3014
f 4070/5783/3015 4079/5796/3027 4071/5784/3016
f 4071/5784/3016 4079/5796/3027 4072/5785/3017
f 4064/5786/3018 4072/5798/3029 4073/5787/3019
f 4065/5773/3020 4073/5787/3030 4074/5788/3021
f 4066/5789/3009 4074/5801/3021 4067/5778/3010
f 4075/5790/3022 4076/5802/3023 4068/5791/3011
f 4076/5792/3023 4077/5793/2887 4069/5781/3024
f 4077/5793/2897 4078/5803/2897 4070/5794/3025
f 4078/5795/3026 4083/5804/3032 4079/5796/3027
f 4079/5796/3027 4083/5804/3032 4080/5797/3028
f 4072/5798/3029 4080/5805/2901 4081/5799/2901
f 4073/5787/3030 4081/5799/2893 4082/5800/3031
f 4074/5801/3021 4082/5806/3031 4075/5790/3022
f 3876/5478/2751 3878/5480/2753 4076/5802/3023
f 3878/5481/2753 3880/5483/2755 4077/5793/2887
f 3880/5483/2756 3882/5485/2756 4078/5803/2897
f 3882/5486/2758 3884/5488/2760 4083/5804/3032
f 4083/5804/3032 3884/5488/2760 3885/5489/2761
f 4080/5805/2901 3885/5492/2763 3887/5491/2763
f 4081/5799/2893 3887/5491/2766 3889/5494/2765
f 4082/5806/3031 3889/5496/2765 3876/5478/2751
f 4084/5807/1904 4099/5826/3048 4085/5808/3033
f 4086/5810/3034 4085/5828/3033 4087/5811/3035
f 4088/5812/3037 4087/5811/3051 4089/5813/3038
f 4090/5815/3039 4089/5831/3053 4091/5816/3040
f 4091/5816/3040 4094/5833/3055 4093/5818/3041
f 4094/5819/3042 4096/5822/3057 4095/5820/3043
f 4096/5822/3044 4098/5836/3047 4097/5823/3045
f 4098/5824/3047 4099/5826/3048 4084/5807/1904
f 4099/5826/3048 4107/5838/3060 4100/5827/3049
f 4085/5828/3033 4100/5840/3049 4101/5829/3050
f 4087/5811/3051 4101/5829/3063 4102/5830/3052
f 4089/5831/3053 4102/5843/3065 4103/5832/3054
f 4103/5832/3054 4104/5845/3067 4094/5833/3055
f 4104/5834/3056 4105/5835/3069 4096/5822/3057
f 4105/5835/3058 4106/5848/3059 4098/5836/3047
f 4106/5837/3059 4107/5838/3060 4099/5826/3048
f 4107/5838/3060 4115/5850/3072 4108/5839/3061
f 4100/5840/3049 4108/5852/3061 4109/5841/3062
f 4101/5829/3063 4109/5841/3075 4110/5842/3064
f 4102/5843/3065 4110/5855/3077 4111/5844/3066
f 4111/5844/3066 4112/5857/3079 4104/5845/3067
f 4112/5846/3068 4113/5847/3081 4105/5835/3069
f 4113/5847/3070 4114/5860/3071 4106/5848/3059
f 4114/5849/3071 4115/5850/3072 4107/5838/3060
f 4115/5850/3072 4123/9143/3084 4116/5851/3073
f 4108/5852/3061 4116/5865/3073 4117/5853/3074
f 4109/5841/3075 4117/5853/3087 4118/5854/3076
f 4110/5855/3077 4118/9144/3089 4119/5856/3078
f 4119/5856/3078 4120/9145/3091 4112/5857/3079
f 4120/5858/3080 4121/5859/3093 4113/5847/3081
f 4121/5859/3082 4122/5874/3083 4114/5860/3071
f 4122/5861/3083 4123/9143/3084 4115/5850/3072
f 4123/5862/3084 4131/5877/3096 4124/5863/3085
f 4116/5865/3073 4124/5879/3085 4125/5866/3086
f 4117/5853/3087 4125/5866/3099 4126/5867/3088
f 4118/5868/3089 4126/5882/3101 4127/5869/3090
f 4127/5869/3090 4128/5884/3103 4120/5871/3091
f 4128/5872/3092 4129/5873/3105 4121/5859/3093
f 4129/5873/3094 4130/5887/3095 4122/5874/3083
f 4130/5875/3095 4131/5877/3096 4123/5862/3084
f 4131/5877/3096 4140/5890/3109 4132/5878/3097
f 4124/5879/3085 4132/5892/3097 4133/5880/3098
f 4125/5866/3099 4133/5880/3112 4134/5881/3100
f 4126/5882/3101 4134/5895/3100 4135/5883/3102
f 4135/5883/3102 4136/5897/3104 4128/5884/3103
f 4136/5885/3104 4137/5886/3116 4129/5873/3105
f 4137/5886/3106 4138/5900/3107 4130/5887/3095
f 4138/5888/3107 4140/5890/3109 4131/5877/3096
f 4139/5889/3108 4141/5903/3110 4132/5878/3097
f 4141/5891/3110 4142/5893/3121 4133/5880/3098
f 4142/5893/3111 4143/5906/3113 4134/5881/3100
f 4143/5894/3113 4144/5896/3114 4135/5883/3102
f 4144/5896/3114 4145/5909/3115 4136/5897/3104
f 4145/5898/3115 4146/5899/3126 4137/5886/3116
f 4146/5899/3117 4147/5912/3118 4138/5900/3107
f 4147/5901/3118 4139/5889/3108 4140/5890/3109
f 4148/5902/3119 4149/5914/3120 4141/5903/3110
f 4149/5904/3120 4150/5905/3130 4142/5893/3121
f 4150/5905/3122 4151/5917/3132 4143/5906/3113
f 4151/5907/3123 4159/5919/3134 4144/5896/3114
f 4144/5896/3114 4159/5919/3134 4152/5908/3124
f 4145/5898/3115 4152/5921/3136 4153/5910/3125
f 4146/5899/3117 4153/5910/3138 4154/5911/3127
f 4147/5901/3118 4154/5924/3127 4148/5902/3119
f 4155/5913/3128 4156/9146/3129 4149/5914/3120
f 4156/5915/3129 4157/5916/3142 4150/5905/3130
f 4157/5916/3131 4158/5930/3144 4151/5917/3132
f 4158/5918/3133 4167/9147/3146 4159/5919/3134
f 4159/5919/3134 4167/9147/3146 4160/5920/3135
f 4152/5921/3136 4160/5936/3148 4161/5922/3137
f 4153/5910/3138 4161/5922/3150 4162/5923/3139
f 4154/5924/3127 4162/9148/3139 4155/5913/3128
f 4163/5925/3140 4164/5941/3141 4156/5926/3129
f 4164/5928/3141 4165/5929/3154 4157/5916/3142
f 4165/5929/3143 4166/5944/3156 4158/5930/3144
f 4166/5931/3145 4175/5946/3158 4167/5932/3146
f 4167/5932/3146 4175/5946/3158 4168/5934/3147
f 4160/5936/3148 4168/5948/3160 4169/5937/3149
f 4161/5922/3150 4169/5937/3162 4170/5938/3151
f 4162/5939/3139 4170/5951/3151 4163/5925/3140
f 4171/5940/3152 4172/5953/3153 4164/5941/3141
f 4172/5942/3153 4173/5943/3166 4165/5929/3154
f 4173/5943/3155 4174/5956/3168 4166/5944/3156
f 4174/5945/3157 4183/5958/3170 4175/5946/3158
f 4175/5946/3158 4183/5958/3170 4176/5947/3159
f 4168/5948/3160 4176/5960/3172 4177/5949/3161
f 4169/5937/3162 4177/5949/3174 4178/5950/3163
f 4170/5951/3151 4178/5963/3163 4171/5940/3152
f 4179/5952/3164 4180/5965/3165 4172/5953/3153
f 4180/5954/3165 4181/5955/3177 4173/5943/3166
f 4181/5955/3167 4182/5968/3178 4174/5956/3168
f 4182/5957/3169 4191/5970/3180 4183/5958/3170
f 4183/5958/3170 4191/5970/3180 4184/5959/3171
f 4176/5960/3172 4184/5972/3171 4185/5961/3173
f 4177/5949/3174 4185/5961/3182 4186/5962/3175
f 4178/5963/3163 4186/5975/3175 4179/5952/3164
f 4187/5964/1903 4188/5977/3176 4180/5965/3165
f 4188/5966/3176 4189/5967/3037 4181/5955/3177
f 4189/5967/3036 4190/5980/3179 4182/5968/3178
f 4190/5969/3179 4199/5982/1904 4191/5970/3180
f 4191/5970/3180 4199/5982/1904 4192/5971/3181
f 4184/5972/3171 4192/5984/3181 4193/5973/3046
f 4185/5961/3182 4193/5973/3043 4194/5974/3183
f 4186/5975/3175 4194/5987/3183 4187/5964/1903
f 4187/5964/1903 4203/5988/3189 4195/5976/3184
f 4188/5966/3176 4195/5990/3184 4196/5978/3038
f 4189/5967/3036 4196/5978/3192 4197/5979/3185
f 4190/5969/3179 4197/5993/3185 4198/5981/3186
f 4198/5981/3186 4200/5995/3187 4192/5971/3181
f 4200/5983/3187 4201/5985/3196 4193/5973/3046
f 4201/5985/3042 4202/5998/3188 4194/5974/3183
f 4202/5986/3188 4203/5988/3189 4187/5964/1903
f 4203/5988/3189 4211/6000/3199 4204/5989/3190
f 4195/5990/3184 4204/6002/3190 4205/5991/3191
f 4196/5978/3192 4205/5991/3202 4206/5992/3193
f 4197/5993/3185 4206/6005/3204 4207/5994/3194
f 4207/5994/3194 4208/6007/3206 4200/5995/3187
f 4208/5996/3195 4209/5997/3208 4201/5985/3196
f 4209/5997/3197 4210/6010/3198 4202/5998/3188
f 4210/5999/3198 4211/6000/3199 4203/5988/3189
f 4211/6000/3199 4219/6012/3211 4212/6001/3200
f 4204/6002/3190 4212/6014/3200 4213/6003/3201
f 4205/5991/3202 4213/6003/3214 4214/6004/3203
f 4206/6005/3204 4214/6017/3216 4215/6006/3205
f 4215/6006/3205 4216/6019/3218 4208/6007/3206
f 4216/6008/3207 4217/6009/3220 4209/5997/3208
f 4217/6009/3209 4218/6022/3210 4210/6010/3198
f 4218/6011/3210 4219/6012/3211 4211/6000/3199
f 4219/6012/3211 4227/9149/3223 4220/6013/3212
f 4212/6014/3200 4220/6027/3212 4221/6015/3213
f 4213/6003/3214 4221/6015/3226 4222/6016/3215
f 4214/6017/3216 4222/9150/3228 4223/6018/3217
f 4223/6018/3217 4224/9151/3230 4216/6019/3218
f 4224/6020/3219 4225/6021/3232 4217/6009/3220
f 4225/6021/3221 4226/6036/3222 4218/6022/3210
f 4226/6023/3222 4227/9149/3223 4219/6012/3211
f 4227/6024/3223 4235/6039/3235 4228/6025/3224
f 4220/6027/3212 4228/6041/3224 4229/6028/3225
f 4221/6015/3226 4229/6028/3238 4230/6029/3227
f 4222/6030/3228 4230/6044/3240 4231/6031/3229
f 4231/6031/3229 4232/6046/3242 4224/6033/3230
f 4232/6034/3231 4233/6035/3244 4225/6021/3232
f 4233/6035/3233 4234/6049/3234 4226/6036/3222
f 4234/6037/3234 4235/6039/3235 4227/6024/3223
f 4235/6039/3235 4244/6052/3248 4236/6040/3236
f 4228/6041/3224 4236/6054/3236 4237/6042/3237
f 4229/6028/3238 4237/6042/3251 4238/6043/3239
f 4230/6044/3240 4238/6057/3239 4239/6045/3241
f 4239/6045/3241 4240/6059/3243 4232/6046/3242
f 4240/6047/3243 4241/6048/3255 4233/6035/3244
f 4241/6048/3245 4242/6062/3246 4234/6049/3234
f 4242/6050/3246 4244/6052/3248 4235/6039/3235
f 4243/6051/3247 4245/6065/3249 4236/6040/3236
f 4245/6053/3249 4246/6055/3260 4237/6042/3237
f 4246/6055/3250 4247/6068/3252 4238/6043/3239
f 4247/6056/3252 4248/6058/3253 4239/6045/3241
f 4248/6058/3253 4249/6071/3254 4240/6059/3243
f 4249/6060/3254 4250/6061/3265 4241/6048/3255
f 4250/6061/3256 4251/6074/3257 4242/6062/3246
f 4251/6063/3257 4243/6051/3247 4244/6052/3248
f 4252/6064/3258 4253/6076/3259 4245/6065/3249
f 4253/6066/3259 4254/6067/3269 4246/6055/3260
f 4254/6067/3261 4255/6079/3271 4247/6068/3252
f 4255/6069/3262 4263/6081/3273 4248/6058/3253
f 4248/6058/3253 4263/6081/3273 4256/6070/3263
f 4249/6060/3254 4256/6083/3275 4257/6072/3264
f 4250/6061/3256 4257/6072/3277 4258/6073/3266
f 4251/6063/3257 4258/6086/3266 4252/6064/3258
f 4259/6075/3267 4260/9152/3268 4253/6076/3259
f 4260/6077/3268 4261/6078/3281 4254/6067/3269
f 4261/6078/3270 4262/6092/3283 4255/6079/3271
f 4262/6080/3272 4271/9153/3285 4263/6081/3273
f 4263/6081/3273 4271/9153/3285 4264/6082/3274
f 4256/6083/3275 4264/6098/3287 4265/6084/3276
f 4257/6072/3277 4265/6084/3289 4266/6085/3278
f 4258/6086/3266 4266/9154/3278 4259/6075/3267
f 4267/6087/3279 4268/6103/3280 4260/6088/3268
f 4268/6090/3280 4269/6091/3293 4261/6078/3281
f 4269/6091/3282 4270/6106/3295 4262/6092/3283
f 4270/6093/3284 4279/6108/3297 4271/6094/3285
f 4271/6094/3285 4279/6108/3297 4272/6096/3286
f 4264/6098/3287 4272/6110/3299 4273/6099/3288
f 4265/6084/3289 4273/6099/3301 4274/6100/3290
f 4266/6101/3278 4274/6113/3290 4267/6087/3279
f 4275/6102/3291 4276/6115/3292 4268/6103/3280
f 4276/6104/3292 4277/6105/3305 4269/6091/3293
f 4277/6105/3294 4278/6118/3307 4270/6106/3295
f 4278/6107/3296 4287/6120/3309 4279/6108/3297
f 4279/6108/3297 4287/6120/3309 4280/6109/3298
f 4272/6110/3299 4280/6122/3311 4281/6111/3300
f 4273/6099/3301 4281/6111/3313 4282/6112/3302
f 4274/6113/3290 4282/6125/3302 4275/6102/3291
f 4283/6114/3303 4284/6126/3304 4276/6115/3292
f 4284/6116/3304 4285/6117/3178 4277/6105/3305
f 4285/6117/3306 4286/6127/3177 4278/6118/3307
f 4286/6119/3308 4291/6128/3315 4287/6120/3309
f 4287/6120/3309 4291/6128/3315 4288/6121/3310
f 4280/6122/3311 4288/6129/3182 4289/6123/3312
f 4281/6111/3313 4289/6123/3316 4290/6124/3314
f 4282/6125/3302 4290/6130/3314 4283/6114/3303
f 4084/5807/1904 4086/5809/3034 4284/6126/3304
f 4086/5810/3034 4088/5812/3036 4285/6117/3178
f 4088/5812/3037 4090/5814/3037 4286/6127/3177
f 4090/5815/3039 4092/5817/1903 4291/6128/3315
f 4291/6128/3315 4092/5817/1903 4093/5818/3041
f 4288/6129/3182 4093/5821/3043 4095/5820/3043
f 4289/6123/3316 4095/5820/3046 4097/5823/3045
f 4290/6130/3314 4097/5825/3045 4084/5807/1904
f 4292/6131/3317 4307/6150/3334 4293/6132/3318
f 4294/6134/3319 4293/6152/3318 4295/6135/3320
f 4296/6136/3322 4295/6135/3323 4297/6137/3323
f 4298/6139/3324 4297/6155/3338 4299/6140/3325
f 4299/6140/3325 4302/6157/3340 4301/6142/3327
f 4302/6143/3328 4304/6146/3328 4303/6144/3329
f 4304/6146/3330 4306/6160/3333 4305/6147/3331
f 4306/6148/3333 4307/6150/3334 4292/6131/3317
f 4307/6150/3334 4315/6162/3344 4308/6151/3335
f 4293/6152/3318 4308/6164/3335 4309/6153/3336
f 4295/6135/3323 4309/6153/3347 4310/6154/3337
f 4297/6155/3338 4310/6167/3349 4311/6156/3339
f 4311/6156/3339 4312/6169/3351 4302/6157/3340
f 4312/6158/3341 4313/6159/3353 4304/6146/3328
f 4313/6159/3342 4314/6172/3343 4306/6160/3333
f 4314/6161/3343 4315/6162/3344 4307/6150/3334
f 4315/6162/3344 4323/6188/3356 4316/6163/3345
f 4308/6164/3335 4316/6177/3345 4317/6165/3346
f 4309/6153/3347 4317/6165/3359 4318/6166/3348
f 4310/6167/3349 4318/9155/3361 4319/6168/3350
f 4319/6168/3350 4320/9156/3363 4312/6169/3351
f 4320/6170/3352 4321/6171/3365 4313/6159/3353
f 4321/6171/3354 4322/6186/3355 4314/6172/3343
f 4322/6173/3355 4323/6188/3356 4315/6162/3344
f 4323/6174/3356 4331/6189/3368 4324/6175/3357
f 4316/6177/3345 4324/6191/3357 4325/6178/3358
f 4317/6165/3359 4325/6178/3371 4326/6179/3360
f 4318/6180/3361 4326/6194/3373 4327/6181/3362
f 4327/6181/3362 4328/6196/3375 4320/6183/3363
f 4328/6184/3364 4329/6185/3377 4321/6171/3365
f 4329/6185/3366 4330/6199/3367 4322/6186/3355
f 4330/6187/3367 4331/9157/3368 4323/6188/3356
f 4331/6189/3368 4339/6202/3380 4332/6190/3369
f 4324/6191/3357 4332/6204/3369 4333/6192/3370
f 4325/6178/3371 4333/6192/3383 4334/6193/3372
f 4326/6194/3373 4334/6207/3385 4335/6195/3374
f 4335/6195/3374 4336/6209/3387 4328/6196/3375
f 4336/6197/3376 4337/6198/3389 4329/6185/3377
f 4337/6198/3378 4338/6212/3379 4330/6199/3367
f 4338/6200/3379 4339/6202/3380 4331/6189/3368
f 4339/6202/3380 4347/6214/3392 4340/6203/3381
f 4332/6204/3369 4340/6217/3381 4341/6205/3382
f 4333/6192/3383 4341/6205/3395 4342/6206/3384
f 4334/6207/3385 4342/6219/3384 4343/6208/3386
f 4343/6208/3386 4344/6221/3388 4336/6209/3387
f 4344/6210/3388 4345/6211/3398 4337/6198/3389
f 4345/6211/3390 4346/6224/3391 4338/6212/3379
f 4346/6213/3391 4347/6214/3392 4339/6202/3380
f 4347/6214/3392 4354/6227/3401 4348/6215/3393
f 4348/6216/3393 4349/6218/3403 4341/6205/3382
f 4349/6218/3394 4357/6230/3405 4342/6206/3384
f 4342/6219/3384 4357/6232/3405 4350/6220/3396
f 4350/6220/3396 4360/6234/3408 4344/6221/3388
f 4344/6210/3388 4360/6235/3408 4351/6222/3397
f 4345/6211/3390 4351/6222/3410 4352/6223/3399
f 4352/6225/3399 4354/6227/3401 4347/6214/3392
f 4353/6226/3400 4355/6239/3402 4348/6215/3393
f 4355/6228/3402 4356/6229/3414 4349/6218/3403
f 4356/6229/3404 4358/6242/3416 4357/6230/3405
f 4358/6231/3406 4367/6244/3418 4350/6220/3396
f 4350/6220/3396 4367/6244/3418 4359/6233/3407
f 4360/6235/3408 4359/6248/3420 4361/6236/3409
f 4351/6222/3410 4361/6236/3422 4362/6237/3411
f 4352/6225/3399 4362/6251/3411 4353/6226/3400
f 4363/6238/3412 4364/9158/3413 4355/6239/3402
f 4364/6240/3413 4365/6241/3426 4356/6229/3414
f 4365/6241/3415 4366/6257/3428 4358/6242/3416
f 4366/6243/3417 4375/9159/3430 4367/6244/3418
f 4367/6245/3418 4375/6259/3430 4368/6246/3419
f 4359/6248/3420 4368/6262/3432 4369/6249/3421
f 4361/6236/3422 4369/6249/3434 4370/6250/3423
f 4362/6251/3411 4370/9160/3423 4363/6238/3412
f 4371/6252/3424 4372/6267/3425 4364/6253/3413
f 4372/6255/3425 4373/6256/3438 4365/6241/3426
f 4373/6256/3427 4374/6270/3440 4366/6257/3428
f 4374/6258/3429 4383/6272/3442 4375/6259/3430
f 4375/6259/3430 4383/6272/3442 4376/6261/3431
f 4368/6262/3432 4376/6274/3444 4377/6263/3433
f 4369/6249/3434 4377/6263/3446 4378/6264/3435
f 4370/6265/3423 4378/6277/3435 4371/6252/3424
f 4379/6266/3436 4380/6279/3437 4372/6267/3425
f 4380/6268/3437 4381/6269/3450 4373/6256/3438
f 4381/6269/3439 4382/6282/3452 4374/6270/3440
f 4382/6271/3441 4391/6284/3454 4383/6272/3442
f 4383/6272/3442 4391/6284/3454 4384/6273/3443
f 4376/6274/3444 4384/6286/3456 4385/6275/3445
f 4377/6263/3446 4385/6275/3458 4386/6276/3447
f 4378/6277/3435 4386/6289/3447 4379/6266/3436
f 4387/6278/3448 4388/6291/3449 4380/6279/3437
f 4388/6280/3449 4389/6281/3461 4381/6269/3450
f 4389/6281/3451 4390/6294/3453 4382/6282/3452
f 4390/6283/3453 4399/6296/3464 4391/6284/3454
f 4391/6284/3454 4399/6296/3464 4392/6285/3455
f 4384/6286/3456 4392/6298/3455 4393/6287/3457
f 4385/6275/3458 4393/6287/3466 4394/6288/3459
f 4386/6289/3447 4394/6301/3459 4387/6278/3448
f 4395/6290/3326 4396/6303/3460 4388/6291/3449
f 4396/6292/3460 4397/6293/3322 4389/6281/3461
f 4397/6293/3462 4398/6306/3463 4390/6294/3453
f 4398/6295/3463 4407/6308/3317 4399/6296/3464
f 4399/6296/3464 4407/6308/3317 4400/6297/3465
f 4392/6298/3455 4400/6310/3465 4401/6299/3332
f 4393/6287/3466 4401/6299/3329 4402/6300/3467
f 4394/6301/3459 4402/6313/3467 4395/6290/3326
f 4395/6290/3326 4411/6314/3473 4403/6302/3468
f 4396/6292/3460 4403/6316/3468 4404/6304/3323
f 4397/6293/3462 4404/6304/3320 4405/6305/3469
f 4398/6295/3463 4405/6319/3469 4406/6307/3470
f 4406/6307/3470 4408/6321/3471 4400/6297/3465
f 4408/6309/3471 4409/6311/3330 4401/6299/3332
f 4409/6311/3328 4410/6324/3472 4402/6300/3467
f 4410/6312/3472 4411/6314/3473 4395/6290/3326
f 4411/6314/3473 4419/6326/3480 4412/6315/3474
f 4403/6316/3468 4412/6328/3474 4413/6317/3475
f 4404/6304/3320 4413/6317/3483 4414/6318/3336
f 4405/6319/3469 4414/6331/3485 4415/6320/3476
f 4415/6320/3476 4416/6333/3487 4408/6321/3471
f 4416/6322/3477 4417/6323/3489 4409/6311/3330
f 4417/6323/3478 4418/6336/3479 4410/6324/3472
f 4418/6325/3479 4419/6326/3480 4411/6314/3473
f 4419/6326/3480 4427/9161/3492 4420/6327/3481
f 4412/6328/3474 4420/6341/3481 4421/6329/3482
f 4413/6317/3483 4421/6329/3495 4422/6330/3484
f 4414/6331/3485 4422/9162/3497 4423/6332/3486
f 4423/6332/3486 4424/6348/3499 4416/6333/3487
f 4424/6334/3488 4425/6335/3501 4417/6323/3489
f 4425/6335/3490 4426/6351/3491 4418/6336/3479
f 4426/6337/3491 4427/9161/3492 4419/6326/3480
f 4427/6338/3492 4435/6354/3504 4428/6339/3493
f 4420/6341/3481 4428/6356/3493 4429/6342/3494
f 4421/6329/3495 4429/6342/3507 4430/6343/3496
f 4422/6344/3497 4430/6359/3509 4431/6345/3498
f 4431/6347/3498 4432/9163/3511 4424/6348/3499
f 4432/6349/3500 4433/6350/3513 4425/6335/3501
f 4433/6350/3502 4434/6364/3503 4426/6351/3491
f 4434/6352/3503 4435/6354/3504 4427/6338/3492
f 4435/6354/3504 4443/6366/3516 4436/6355/3505
f 4428/6356/3493 4436/6368/3505 4437/6357/3506
f 4429/6342/3507 4437/6357/3519 4438/6358/3508
f 4430/6359/3509 4438/6371/3521 4439/6360/3510
f 4439/6360/3510 4440/6373/3523 4432/6361/3511
f 4440/6362/3512 4441/6363/3525 4433/6350/3513
f 4441/6363/3514 4442/6376/3515 4434/6364/3503
f 4442/6365/3515 4443/6366/3516 4435/6354/3504
f 4443/6366/3516 4451/6378/3528 4444/6367/3517
f 4436/6368/3505 4444/6381/3517 4445/6369/3518
f 4437/6357/3519 4445/6369/3531 4446/6370/3520
f 4438/6371/3521 4446/6383/3520 4447/6372/3522
f 4447/6372/3522 4448/6385/3524 4440/6373/3523
f 4448/6374/3524 4449/6375/3534 4441/6363/3525
f 4449/6375/3526 4450/6388/3527 4442/6376/3515
f 4450/6377/3527 4451/6378/3528 4443/6366/3516
f 4451/6378/3528 4458/6391/3537 4452/6379/3529
f 4452/6380/3529 4453/6382/3539 4445/6369/3518
f 4453/6382/3530 4461/6394/3541 4446/6370/3520
f 4446/6383/3520 4461/6396/3541 4454/6384/3532
f 4454/6384/3532 4464/6398/3544 4448/6385/3524
f 4448/6374/3524 4464/6399/3544 4455/6386/3533
f 4449/6375/3526 4455/6386/3546 4456/6387/3535
f 4456/6389/3535 4458/6391/3537 4451/6378/3528
f 4457/6390/3536 4459/6403/3538 4452/6379/3529
f 4459/6392/3538 4460/6393/3550 4453/6382/3539
f 4460/6393/3540 4462/6406/3552 4461/6394/3541
f 4462/6395/3542 4471/6408/3554 4454/6384/3532
f 4454/6384/3532 4471/6408/3554 4463/6397/3543
f 4464/6399/3544 4463/6410/3556 4465/6400/3545
f 4455/6386/3546 4465/6400/3558 4466/6401/3547
f 4456/6389/3535 4466/9164/3547 4457/6390/3536
f 4467/6402/3548 4468/9165/3549 4459/6403/3538
f 4468/6404/3549 4469/6405/3562 4460/6393/3550
f 4469/6405/3551 4470/6420/3564 4462/6406/3552
f 4470/6407/3553 4479/9166/3566 4471/6408/3554
f 4471/6408/3554 4479/9166/3566 4472/6409/3555
f 4463/6410/3556 4472/6426/3568 4473/6411/3557
f 4465/6400/3558 4473/6411/3570 4474/6412/3559
f 4466/6413/3547 4474/6429/3559 4467/6414/3548
f 4475/6416/3560 4476/6431/3561 4468/6417/3549
f 4476/6418/3561 4477/6419/3574 4469/6405/3562
f 4477/6419/3563 4478/6434/3576 4470/6420/3564
f 4478/6421/3565 4487/6436/3578 4479/6422/3566
f 4479/6422/3566 4487/6436/3578 4480/6424/3567
f 4472/6426/3568 4480/6438/3580 4481/6427/3569
f 4473/6411/3570 4481/6427/3582 4482/6428/3571
f 4474/6429/3559 4482/6441/3571 4475/6416/3560
f 4483/6430/3572 4484/6443/3573 4476/6431/3561
f 4484/6432/3573 4485/6433/3586 4477/6419/3574
f 4485/6433/3575 4486/6446/3575 4478/6434/3576
f 4486/6435/3577 4495/6448/3589 4487/6436/3578
f 4487/6436/3578 4495/6448/3589 4488/6437/3579
f 4480/6438/3580 4488/6450/3581 4489/6439/3581
f 4481/6427/3582 4489/6439/3592 4490/6440/3583
f 4482/6441/3571 4490/6453/3583 4483/6430/3572
f 4491/6442/3584 4492/6454/3585 4484/6443/3573
f 4492/6444/3585 4493/6445/3594 4485/6433/3586
f 4493/6445/3587 4494/6455/3595 4486/6446/3575
f 4494/6447/3588 4499/6456/3596 4495/6448/3589
f 4495/6448/3589 4499/6456/3596 4496/6449/3590
f 4488/6450/3581 4496/6457/3590 4497/6451/3591
f 4489/6439/3592 4497/6451/3597 4498/6452/3593
f 4490/6453/3583 4498/6458/3593 4491/6442/3584
f 4292/6131/3317 4294/6133/3319 4492/6454/3585
f 4294/6134/3319 4296/6136/3321 4493/6445/3594
f 4296/6136/3322 4298/6138/3322 4494/6455/3595
f 4298/6139/3324 4300/6141/3326 4499/6456/3596
f 4499/6456/3596 4300/6141/3326 4301/6142/3327
f 4496/6457/3590 4301/6145/3327 4303/6144/3329
f 4497/6451/3597 4303/6144/3332 4305/6147/3331
f 4498/6458/3593 4305/6149/3331 4292/6131/3317
f 4500/6459/3598 4515/6478/3615 4501/6460/3599
f 4502/6462/3600 4501/6480/3599 4503/6463/3601
f 4504/6464/3603 4503/6463/3618 4505/6465/3604
f 4506/6467/3605 4505/6483/3620 4507/6468/3606
f 4507/6468/3606 4510/6485/3622 4509/6470/3608
f 4510/6471/3609 4512/6474/3624 4511/6472/3610
f 4512/6474/3611 4514/6488/3614 4513/6475/3612
f 4514/6476/3614 4515/6478/3615 4500/6459/3598
f 4515/6478/3615 4523/6503/3627 4516/6479/3616
f 4501/6480/3599 4516/6493/3616 4517/6481/3617
f 4503/6463/3618 4517/6481/3630 4518/6482/3619
f 4505/6483/3620 4518/6496/3632 4519/6484/3621
f 4519/6484/3621 4520/6498/3634 4510/6485/3622
f 4520/6486/3623 4521/6487/3636 4512/6474/3624
f 4521/6487/3625 4522/6501/3626 4514/6488/3614
f 4522/6489/3626 4523/6503/3627 4515/6478/3615
f 4523/6490/3627 4531/6504/3639 4524/6491/3628
f 4516/6493/3616 4524/6506/3628 4525/6494/3629
f 4517/6481/3630 4525/6494/3642 4526/6495/3631
f 4518/6496/3632 4526/9167/3644 4527/6497/3633
f 4527/6497/3633 4528/9168/3646 4520/6498/3634
f 4528/6499/3635 4529/6500/3648 4521/6487/3636
f 4529/6500/3637 4530/6515/3638 4522/6501/3626
f 4530/6502/3638 4531/9169/3639 4523/6503/3627
f 4531/6504/3639 4539/6518/3651 4532/6505/3640
f 4524/6506/3628 4532/6520/3640 4533/6507/3641
f 4525/6494/3642 4533/6507/3654 4534/6508/3643
f 4526/6509/3644 4534/6523/3656 4535/6510/3645
f 4535/6510/3645 4536/6525/3658 4528/6512/3646
f 4536/6513/3647 4537/6514/3660 4529/6500/3648
f 4537/6514/3649 4538/6528/3650 4530/6515/3638
f 4538/6516/3650 4539/6518/3651 4531/6504/3639
f 4539/6518/3651 4547/6530/3663 4540/6519/3652
f 4532/6520/3640 4540/6532/3652 4541/6521/3653
f 4533/6507/3654 4541/6521/3666 4542/6522/3655
f 4534/6523/3656 4542/6535/3668 4543/6524/3657
f 4543/6524/3657 4544/6537/3670 4536/6525/3658
f 4544/6526/3659 4545/6527/3672 4537/6514/3660
f 4545/6527/3661 4546/6540/3662 4538/6528/3650
f 4546/6529/3662 4547/6530/3663 4539/6518/3651
f 4547/6530/3663 4555/6542/3675 4548/6531/3664
f 4540/6532/3652 4548/6545/3664 4549/6533/3665
f 4541/6521/3666 4549/6533/3678 4550/6534/3667
f 4542/6535/3668 4550/6547/3667 4551/6536/3669
f 4551/6536/3669 4552/6549/3671 4544/6537/3670
f 4552/6538/3671 4553/6539/3681 4545/6527/3672
f 4553/6539/3673 4554/6552/3674 4546/6540/3662
f 4554/6541/3674 4555/6542/3675 4547/6530/3663
f 4555/6542/3675 4562/6555/3684 4556/6543/3676
f 4556/6544/3676 4557/6546/3686 4549/6533/3665
f 4557/6546/3677 4565/6558/3688 4550/6534/3667
f 4550/6547/3667 4565/6560/3688 4558/6548/3679
f 4558/6548/3679 4568/6562/3691 4552/6549/3671
f 4552/6538/3671 4568/6563/3691 4559/6550/3680
f 4553/6539/3673 4559/6550/3693 4560/6551/3682
f 4560/6553/3682 4562/6555/3684 4555/6542/3675
f 4561/6554/3683 4563/9170/3685 4556/6543/3676
f 4563/6556/3685 4564/6557/3697 4557/6546/3686
f 4564/6557/3687 4566/6571/3699 4565/6558/3688
f 4566/6559/3689 4575/6573/3701 4558/6548/3679
f 4558/6548/3679 4575/6573/3701 4567/6561/3690
f 4568/6563/3691 4567/6577/3703 4569/6564/3692
f 4559/6550/3693 4569/6564/3705 4570/6565/3694
f 4560/6553/3682 4570/9171/3694 4561/6554/3683
f 4571/6566/3695 4572/6582/3696 4563/6567/3685
f 4572/6569/3696 4573/6570/3709 4564/6557/3697
f 4573/6570/3698 4574/6585/3711 4566/6571/3699
f 4574/6572/3700 4583/9172/3713 4575/6573/3701
f 4575/6574/3701 4583/6587/3713 4576/6575/3702
f 4567/6577/3703 4576/6590/3715 4577/6578/3704
f 4569/6564/3705 4577/6578/3717 4578/6579/3706
f 4570/6580/3694 4578/6593/3706 4571/6566/3695
f 4579/6581/3707 4580/6595/3708 4572/6582/3696
f 4580/6583/3708 4581/6584/3721 4573/6570/3709
f 4581/6584/3710 4582/6598/3723 4574/6585/3711
f 4582/6586/3712 4591/6600/3725 4583/6587/3713
f 4583/6587/3713 4591/6600/3725 4584/6589/3714
f 4576/6590/3715 4584/6602/3727 4585/6591/3716
f 4577/6578/3717 4585/6591/3729 4586/6592/3718
f 4578/6593/3706 4586/6605/3718 4579/6581/3707
f 4587/6594/3719 4588/6607/3720 4580/6595/3708
f 4588/6596/3720 4589/6597/3733 4581/6584/3721
f 4589/6597/3722 4590/6610/3735 4582/6598/3723
f 4590/6599/3724 4599/6612/3737 4591/6600/3725
f 4591/6600/3725 4599/6612/3737 4592/6601/3726
f 4584/6602/3727 4592/6614/3739 4593/6603/3728
f 4585/6591/3729 4593/6603/3741 4594/6604/3730
f 4586/6605/3718 4594/6617/3730 4587/6594/3719
f 4595/6606/3731 4596/6619/3732 4588/6607/3720
f 4596/6608/3732 4597/6609/3744 4589/6597/3733
f 4597/6609/3734 4598/6622/3745 4590/6610/3735
f 4598/6611/3736 4607/6624/3747 4599/6612/3737
f 4599/6612/3737 4607/6624/3747 4600/6613/3738
f 4592/6614/3739 4600/6626/3749 4601/6615/3740
f 4593/6603/3741 4601/6615/3750 4602/6616/3742
f 4594/6617/3730 4602/6629/3742 4595/6606/3731
f 4603/6618/3607 4604/6631/3743 4596/6619/3732
f 4604/6620/3743 4605/6621/3603 4597/6609/3744
f 4605/6621/3602 4606/6634/3602 4598/6622/3745
f 4606/6623/3746 4615/6636/3598 4607/6624/3747
f 4607/6624/3747 4615/6636/3598 4608/6625/3748
f 4600/6626/3749 4608/6638/3613 4609/6627/3613
f 4601/6615/3750 4609/6627/3610 4610/6628/3751
f 4602/6629/3742 4610/6641/3751 4603/6618/3607
f 4603/6618/3607 4619/6642/3759 4611/6630/3752
f 4604/6620/3743 4611/6644/3752 4612/6632/3753
f 4605/6621/3602 4612/6632/3761 4613/6633/3754
f 4606/6623/3746 4613/6647/3762 4614/6635/3755
f 4614/6635/3755 4616/6649/3764 4608/6625/3748
f 4616/6637/3756 4617/6639/3756 4609/6627/3613
f 4617/6639/3757 4618/6652/3758 4610/6628/3751
f 4618/6640/3758 4619/6642/3759 4603/6618/3607
f 4619/6642/3759 4627/6654/3766 4620/6643/3760
f 4611/6644/3752 4620/6656/3760 4621/6645/3619
f 4612/6632/3761 4621/6645/3769 4622/6646/3617
f 4613/6647/3762 4622/9173/3771 4623/6648/3763
f 4623/6648/3763 4624/6663/3773 4616/6649/3764
f 4624/6650/3625 4625/6651/3775 4617/6639/3756
f 4625/6651/3623 4626/6666/3765 4618/6652/3758
f 4626/6653/3765 4627/6654/3766 4619/6642/3759
f 4627/6654/3766 4635/9174/3777 4628/6655/3767
f 4620/6656/3760 4628/6671/3767 4629/6657/3768
f 4621/6645/3769 4629/6657/3780 4630/6658/3770
f 4622/6659/3771 4630/6674/3782 4631/6660/3772
f 4631/6662/3772 4632/9175/3784 4624/6663/3773
f 4632/6664/3774 4633/6665/3786 4625/6651/3775
f 4633/6665/3635 4634/6679/3776 4626/6666/3765
f 4634/6667/3776 4635/9174/3777 4627/6654/3766
f 4635/6668/3777 4643/6682/3789 4636/6669/3778
f 4628/6671/3767 4636/6684/3778 4637/6672/3779
f 4629/6657/3780 4637/6672/3792 4638/6673/3781
f 4630/6674/3782 4638/6687/3794 4639/6675/3783
f 4639/6675/3783 4640/6689/3796 4632/6676/3784
f 4640/6677/3785 4641/6678/3798 4633/6665/3786
f 4641/6678/3787 4642/6692/3788 4634/6679/3776
f 4642/6680/3788 4643/6682/3789 4635/6668/3777
f 4643/6682/3789 4651/6694/3801 4644/6683/3790
f 4636/6684/3778 4644/6696/3790 4645/6685/3791
f 4637/6672/3792 4645/6685/3804 4646/6686/3793
f 4638/6687/3794 4646/6699/3806 4647/6688/3795
f 4647/6688/3795 4648/6701/3808 4640/6689/3796
f 4648/6690/3797 4649/6691/3810 4641/6678/3798
f 4649/6691/3799 4650/6704/3800 4642/6692/3788
f 4650/6693/3800 4651/6694/3801 4643/6682/3789
f 4651/6694/3801 4659/6706/3813 4652/6695/3802
f 4644/6696/3790 4652/6709/3802 4653/6697/3803
f 4645/6685/3804 4653/6697/3816 4654/6698/3805
f 4646/6699/3806 4654/6711/3805 4655/6700/3807
f 4655/6700/3807 4656/6713/3809 4648/6701/3808
f 4656/6702/3809 4657/6703/3819 4649/6691/3810
f 4657/6703/3811 4658/6716/3812 4650/6704/3800
f 4658/6705/3812 4659/6706/3813 4651/6694/3801
f 4659/6706/3813 4666/6719/3822 4660/6707/3814
f 4660/6708/3814 4661/6710/3824 4653/6697/3803
f 4661/6710/3815 4669/6722/3826 4654/6698/3805
f 4654/6711/3805 4669/6724/3826 4662/6712/3817
f 4662/6712/3817 4672/6726/3829 4656/6713/3809
f 4656/6702/3809 4672/6727/3829 4663/6714/3818
f 4657/6703/3811 4663/6714/3831 4664/6715/3820
f 4664/6717/3820 4666/6719/3822 4659/6706/3813
f 4665/6718/3821 4667/6731/3823 4660/6707/3814
f 4667/6720/3823 4668/6721/3835 4661/6710/3824
f 4668/6721/3825 4670/6734/3837 4669/6722/3826
f 4670/6723/3827 4679/9176/3839 4662/6712/3817
f 4662/6712/3817 4679/9176/3839 4671/6725/3828
f 4672/6727/3829 4671/6740/3841 4673/6728/3830
f 4663/6714/3831 4673/6728/3843 4674/6729/3832
f 4664/6717/3820 4674/9177/3832 4665/6718/3821
f 4675/6730/3833 4676/9178/3834 4667/6731/3823
f 4676/6732/3834 4677/6733/3847 4668/6721/3835
f 4677/6733/3836 4678/6750/3849 4670/6734/3837
f 4678/6735/3838 4687/6752/3851 4679/6736/3839
f 4679/6736/3839 4687/6752/3851 4680/6738/3840
f 4671/6740/3841 4680/6754/3853 4681/6741/3842
f 4673/6728/3843 4681/6741/3855 4682/6742/3844
f 4674/6743/3832 4682/6757/3844 4675/6744/3833
f 4683/6746/3845 4684/6759/3846 4676/6747/3834
f 4684/6748/3846 4685/6749/3859 4677/6733/3847
f 4685/6749/3848 4686/6762/3861 4678/6750/3849
f 4686/6751/3850 4695/6764/3863 4687/6752/3851
f 4687/6752/3851 4695/6764/3863 4688/6753/3852
f 4680/6754/3853 4688/6766/3865 4689/6755/3854
f 4681/6741/3855 4689/6755/3867 4690/6756/3856
f 4682/6757/3844 4690/6769/3856 4683/6746/3845
f 4691/6758/3857 4692/6771/3858 4684/6759/3846
f 4692/6760/3858 4693/6761/3871 4685/6749/3859
f 4693/6761/3860 4694/6774/3733 4686/6762/3861
f 4694/6763/3862 4703/6776/3874 4695/6764/3863
f 4695/6764/3863 4703/6776/3874 4696/6765/3864
f 4688/6766/3865 4696/6778/3741 4697/6767/3866
f 4689/6755/3867 4697/6767/3877 4698/6768/3868
f 4690/6769/3856 4698/6781/3868 4691/6758/3857
f 4699/6770/3869 4700/6782/3870 4692/6771/3858
f 4700/6772/3870 4701/6773/3745 4693/6761/3871
f 4701/6773/3872 4702/6783/3879 4694/6774/3733
f 4702/6775/3873 4707/6784/3880 4703/6776/3874
f 4703/6776/3874 4707/6784/3880 4704/6777/3875
f 4696/6778/3741 4704/6785/3881 4705/6779/3876
f 4697/6767/3877 4705/6779/3882 4706/6780/3878
f 4698/6781/3868 4706/6786/3878 4699/6770/3869
f 4500/6459/3598 4502/6461/3600 4700/6782/3870
f 4502/6462/3600 4504/6464/3602 4701/6773/3745
f 4504/6464/3603 4506/6466/3603 4702/6783/3879
f 4506/6467/3605 4508/6469/3607 4707/6784/3880
f 4707/6784/3880 4508/6469/3607 4509/6470/3608
f 4704/6785/3881 4509/6473/3610 4511/6472/3610
f 4705/6779/3882 4511/6472/3613 4513/6475/3612
f 4706/6786/3878 4513/6477/3612 4500/6459/3598
f 4708/6787/3883 4712/9179/3883 4709/6788/3883
f 4711/6790/3884 4714/9180/3884 4709/6791/3884
f 4711/6793/1626 4716/9181/1626 4713/6794/1626
f 4715/6796/3885 4717/9182/4062 4713/6797/3885
f 4715/6799/3886 4708/6787/3886 4710/6789/3886
f 4708/9183/3887 4715/9184/3887 4712/6803/3887
f 4715/9184/3887 4716/6801/3887 4712/6803/3887
f 4717/9185/3888 4710/9186/3888 4713/6806/3888
f 4710/9186/3888 4709/6804/3888 4713/6806/3888
f 4718/6807/3889 4721/9187/3889 4719/6808/3889
f 4721/6810/3890 4724/9188/3890 4722/6811/3891
f 4723/6813/1907 4726/9189/1907 4722/6814/1907
f 4723/6816/3892 4727/9190/3892 4725/6817/3893
f 4727/6819/3894 4718/6807/3894 4720/6809/3894
f 4718/6823/3896 4727/9191/3896 4723/9192/3896
f 4723/9192/3896 4724/6821/3895 4718/6823/3896
f 4725/6826/3898 4720/9193/3898 4719/9194/3898
f 4719/9194/3898 4722/6824/3897 4725/6826/3898
f 4728/6827/3899 4732/9195/3899 4729/6828/3899
f 4728/6830/3900 4734/9196/3900 4731/6831/3900
f 4733/6833/1626 4736/9197/1626 4731/6834/1626
f 4733/6836/3901 4737/9198/3901 4735/6837/3901
f 4730/6829/3902 4729/6828/3902 4735/6839/3902
f 4730/6843/3903 4737/9199/3903 4733/9200/3903
f 4733/9200/3903 4734/6841/3903 4730/6843/3903
f 4735/6846/3904 4729/9201/3904 4732/6844/3904
f 4732/6844/3904 4731/9202/3904 4736/6845/3904
f 4738/6847/3905 4742/9203/3905 4739/6848/3905
f 4741/6850/3906 4744/9204/3906 4739/6851/3906
f 4741/6853/1626 4746/9205/1626 4743/6854/1626
f 4745/6856/3907 4747/9206/3908 4743/6857/3908
f 4745/6859/3909 4738/6847/3909 4740/6849/3909
f 4738/6863/3910 4745/9207/3910 4746/9208/3910
f 4746/9208/3910 4741/6861/3910 4738/6863/3910
f 4747/9209/3911 4740/9210/3911 4743/6866/3911
f 4740/9210/3911 4739/6864/3911 4743/6866/3911
f 4748/6867/1905 4754/9211/1905 4749/6868/1905
f 4751/6870/1906 4755/9212/1906 4752/6871/1906
f 4754/6873/1907 4751/9213/1907 4753/6874/1907
f 4748/6876/1904 4755/9214/1904 4751/6877/1904
f 4750/6879/1626 4752/9215/1626 4755/6880/1626
f 4749/6882/1903 4753/9216/1903 4752/6883/1903
f 4756/6885/1905 4762/9217/1905 4757/6886/1905
f 4759/6888/1906 4763/9218/1906 4760/6889/1906
f 4762/6891/1907 4759/9219/1907 4761/6892/1907
f 4756/6894/1904 4763/9220/1904 4759/6895/1904
f 4758/6897/1626 4760/9221/1626 4763/6898/1626
f 4757/6900/1903 4761/9222/1903 4760/6901/1903
f 4764/6903/1905 4770/9223/1905 4765/6904/1905
f 4767/6906/1906 4771/9224/1906 4768/6907/1906
f 4770/6909/1907 4767/9225/1907 4769/6910/1907
f 4764/6912/1904 4771/9226/1904 4767/6913/1904
f 4766/6915/1626 4768/9227/1626 4771/6916/1626
f 4765/6918/1903 4769/9228/1903 4768/6919/1903
f 4772/6921/1905 4778/9229/1905 4773/6922/1905
f 4775/6924/1906 4779/9230/1906 4776/6925/1906
f 4778/6927/1907 4775/9231/1907 4777/6928/1907
f 4772/6930/1904 4779/9232/1904 4775/6931/1904
f 4774/6933/1626 4776/9233/1626 4779/6934/1626
f 4773/6936/1903 4777/9234/1903 4776/6937/1903
f 4780/6939/1905 4786/9235/1905 4781/6940/1905
f 4783/6942/1906 4787/9236/1906 4784/6943/1906
f 4786/6945/1907 4783/9237/1907 4785/6946/1907
f 4780/6948/1904 4787/9238/1904 4783/6949/1904
f 4782/6951/1626 4784/9239/1626 4787/6952/1626
f 4781/6954/1903 4785/9240/1903 4784/6955/1903
f 4788/6957/1905 4794/9241/1905 4789/6958/1905
f 4791/6960/1906 4795/9242/1906 4792/6961/1906
f 4794/6963/1907 4791/9243/1907 4793/6964/1907
f 4788/6966/1904 4795/9244/1904 4791/6967/1904
f 4790/6969/1626 4792/9245/1626 4795/6970/1626
f 4789/6972/1903 4793/9246/1903 4792/6973/1903
f 4796/6975/1905 4802/9247/1905 4797/6976/1905
f 4799/6978/1906 4803/9248/1906 4800/6979/1906
f 4802/6981/1907 4799/9249/1907 4801/6982/1907
f 4796/6984/1904 4803/9250/1904 4799/6985/1904
f 4798/6987/1626 4800/9251/1626 4803/6988/1626
f 4797/6990/1903 4801/9252/1903 4800/6991/1903
f 4804/6993/1905 4810/9253/1905 4805/6994/1905
f 4807/6996/1906 4811/9254/1906 4808/6997/1906
f 4810/6999/1907 4807/9255/1907 4809/7000/1907
f 4804/7002/1904 4811/9256/1904 4807/7003/1904
f 4806/7005/1626 4808/9257/1626 4811/7006/1626
f 4805/7008/1903 4809/9258/1903 4808/7009/1903
f 4812/7011/1905 4818/9259/1905 4813/7012/1905
f 4815/7014/1906 4819/9260/1906 4816/7015/1906
f 4818/7017/1907 4815/9261/1907 4817/7018/1907
f 4812/7020/1904 4819/9262/1904 4815/7021/1904
f 4814/7023/1626 4816/9263/1626 4819/7024/1626
f 4813/7026/1903 4817/9264/1903 4816/7027/1903
f 4820/7029/3913 4824/9265/3913 4821/7030/1904
f 4823/7032/3914 4826/7036/3916 4824/7033/3913
f 4823/7032/3914 4828/9266/3915 4825/7035/3915
f 4827/7037/3917 4830/7041/3917 4825/7038/3915
f 4827/7037/3917 4832/7043/3918 4829/7040/3918
f 4831/7042/3919 4834/9267/3919 4829/7040/3918
f 4831/7044/3919 4836/9268/3922 4833/7045/3920
f 4835/7047/3921 4837/7050/3923 4833/7048/3920
f 4822/7031/1904 4821/7030/1904 4837/7050/3923
f 4822/9269/3924 4835/9270/3924 4820/7053/3924
f 4835/9270/3924 4836/9271/3924 4820/7053/3924
f 4836/9271/3924 4831/9272/3924 4832/7051/3924
f 4832/7051/3924 4827/9273/3924 4828/7052/3924
f 4828/7052/3924 4823/9274/4063 4820/7053/3924
f 4836/9271/3924 4832/7051/3924 4820/7053/3924
f 4837/9275/3925 4821/9276/3925 4824/7054/3925
f 4824/7054/3925 4826/9277/3925 4829/7055/3925
f 4826/9277/3925 4825/9278/3925 4829/7055/3925
f 4825/9278/3925 4830/9279/3925 4829/7055/3925
f 4829/7055/3925 4834/9280/3925 4833/7056/3925
f 4833/7056/3925 4837/9275/3925 4824/7054/3925
f 4838/7057/3913 4842/9281/3913 4839/7058/1904
f 4841/7060/3914 4844/7064/3916 4842/7061/3913
f 4841/7060/3914 4846/9282/3915 4843/7063/3915
f 4845/7065/3917 4848/7069/3917 4843/7066/3915
f 4845/7065/3917 4850/7071/3918 4847/7068/3918
f 4849/7070/3919 4852/9283/3919 4847/7068/3918
f 4849/7072/3919 4854/9284/3922 4851/7073/3920
f 4853/7075/3921 4855/7078/3923 4851/7076/3920
f 4840/7059/1904 4839/7058/1904 4855/7078/3923
f 4840/9285/3924 4853/9286/3924 4838/7081/3924
f 4853/9286/3924 4854/7079/3924 4838/7081/3924
f 4854/7079/3924 4849/9287/3924 4850/9288/3924
f 4850/9288/3924 4845/9289/3924 4846/7080/3924
f 4846/7080/3924 4841/9290/4063 4838/7081/3924
f 4854/7079/3924 4850/9288/3924 4846/7080/3924
f 4855/7083/3925 4839/9291/3925 4842/7084/3925
f 4842/7084/3925 4844/9292/3925 4847/9293/3925
f 4844/9292/3925 4843/9294/3925 4847/9293/3925
f 4843/9294/3925 4848/9295/3925 4847/9293/3925
f 4847/9293/3925 4852/9296/3925 4842/7084/3925
f 4852/9296/3925 4851/7082/3925 4842/7084/3925
f 4856/7085/3913 4860/9297/3913 4857/7086/1904
f 4859/7088/3914 4862/7092/3916 4860/7089/3913
f 4859/7088/3914 4864/9298/3915 4861/7091/3915
f 4863/7093/3917 4866/7097/3926 4861/7094/3915
f 4863/7093/3917 4868/7099/3918 4865/7096/3918
f 4867/7098/3919 4870/9299/3919 4865/7096/3918
f 4867/7100/3919 4872/9300/3922 4869/7101/3920
f 4871/7103/3921 4873/7106/3923 4869/7104/3920
f 4858/7087/1904 4857/7086/1904 4873/7106/3923
f 4858/7107/3924 4871/9301/3924 4872/7108/3924
f 4872/7108/3924 4867/9302/3924 4868/9303/4063
f 4868/9303/4063 4863/9304/3924 4872/7108/3924
f 4863/9304/3924 4864/7109/3924 4872/7108/3924
f 4864/7109/3924 4859/9305/3924 4856/9306/3924
f 4856/9306/3924 4858/7107/3924 4864/7109/3924
f 4873/7110/3925 4857/9307/3925 4860/7111/3925
f 4860/7111/3925 4862/9308/4064 4861/9309/4064
f 4861/9309/4064 4866/9310/3925 4860/7111/3925
f 4866/9310/3925 4865/7112/3925 4860/7111/3925
f 4865/7112/3925 4870/9311/4064 4869/9312/3925
f 4869/9312/3925 4873/7110/3925 4865/7112/3925
f 4874/7113/3927 4878/9313/3927 4875/7114/1903
f 4877/7116/3928 4880/7120/3930 4878/7117/3927
f 4877/7116/3928 4882/9314/3929 4879/7119/3929
f 4881/7121/3931 4884/7125/3931 4879/7122/3929
f 4881/7121/3931 4886/7127/3932 4883/7124/3932
f 4885/7126/3933 4888/9315/3933 4883/7124/3932
f 4885/7128/3933 4890/7132/3936 4887/7129/3934
f 4889/7131/3935 4891/9316/3937 4887/7129/3934
f 4876/7115/1903 4875/7114/1903 4891/7133/3937
f 4876/9317/3938 4889/9318/3938 4874/7137/3938
f 4889/9318/3938 4890/9319/3938 4874/7137/3938
f 4890/9319/3938 4885/9320/3938 4886/7135/3938
f 4886/7135/3938 4881/9321/3938 4882/7136/3938
f 4882/7136/3938 4877/9322/4065 4874/7137/3938
f 4890/9319/3938 4886/7135/3938 4874/7137/3938
f 4891/7139/3939 4875/9323/3939 4878/7140/3939
f 4878/7140/3939 4880/9324/4066 4879/9325/4066
f 4879/9325/4066 4884/9326/3939 4878/7140/3939
f 4884/9326/3939 4883/9327/3939 4878/7140/3939
f 4883/9327/3939 4888/9328/3939 4878/7140/3939
f 4888/9328/3939 4887/7138/3939 4878/7140/3939
f 4892/7141/3927 4896/9329/3927 4893/7142/1903
f 4895/7144/3928 4898/7148/3930 4896/7145/3927
f 4895/7144/3928 4900/9330/3929 4897/7147/3929
f 4899/7149/3931 4902/7153/3931 4897/7150/3929
f 4899/7149/3931 4904/7155/3932 4901/7152/3932
f 4903/7154/3933 4906/9331/3933 4901/7152/3932
f 4903/7156/3933 4908/7160/3936 4905/7157/3934
f 4907/7159/3935 4909/9332/3937 4905/7157/3934
f 4894/7143/1903 4893/7142/1903 4909/7161/3937
f 4894/9333/3938 4907/9334/3938 4892/7165/3938
f 4907/9334/3938 4908/7163/3938 4892/7165/3938
f 4908/7163/3938 4903/9335/3938 4904/9336/3938
f 4904/9336/3938 4899/9337/3938 4908/7163/3938
f 4899/9337/3938 4900/7164/3938 4908/7163/3938
f 4900/7164/3938 4895/9338/4065 4892/7165/3938
f 4909/9339/3939 4893/9340/3939 4896/7166/3939
f 4896/7166/3939 4898/9341/4066 4897/9342/3939
f 4897/9342/3939 4902/9343/3939 4901/7167/3939
f 4901/7167/3939 4906/9344/3939 4905/7168/3939
f 4905/7168/3939 4909/9339/3939 4896/7166/3939
f 4896/7166/3939 4897/9342/3939 4901/7167/3939
f 4910/7169/3927 4914/9345/3927 4911/7170/1903
f 4913/7172/3928 4916/7176/3930 4914/7173/3927
f 4913/7172/3928 4918/9346/3929 4915/7175/3929
f 4917/7177/3931 4920/7181/3931 4915/7178/3929
f 4917/7177/3931 4922/7183/3932 4919/7180/3932
f 4921/7182/3933 4924/9347/3933 4919/7180/3932
f 4921/7184/3933 4926/7188/3936 4923/7185/3934
f 4925/7187/3935 4927/9348/3937 4923/7185/3934
f 4912/7171/1903 4911/7170/1903 4927/7189/3937
f 4912/7191/3938 4925/9349/3938 4926/7192/3938
f 4926/7192/3938 4921/9350/3938 4922/9351/4065
f 4922/9351/4065 4917/9352/3938 4926/7192/3938
f 4917/9352/3938 4918/7193/3938 4926/7192/3938
f 4918/7193/3938 4913/9353/3938 4910/9354/3938
f 4910/9354/3938 4912/7191/3938 4918/7193/3938
f 4927/9355/3939 4911/9356/3939 4923/7196/3939
f 4911/9356/3939 4914/9357/3939 4923/7196/3939
f 4914/9357/3939 4916/9358/4066 4915/7194/3939
f 4915/7194/3939 4920/9359/3939 4919/7195/3939
f 4919/7195/3939 4924/9360/3939 4923/7196/3939
f 4914/9357/3939 4915/7194/3939 4923/7196/3939
f 4928/7197/1905 4934/9361/1905 4929/7198/1905
f 4931/7200/1906 4935/9362/1906 4932/7201/1906
f 4934/7203/1907 4931/9363/1907 4933/7204/1907
f 4928/7206/1904 4935/9364/1904 4931/7207/1904
f 4930/7209/1626 4932/9365/1626 4935/7210/1626
f 4929/7212/1903 4933/9366/1903 4932/7213/1903
f 4936/7215/1905 4942/9367/1905 4937/7216/1905
f 4939/7218/1906 4943/9368/1906 4940/7219/1906
f 4942/7221/1907 4939/9369/1907 4941/7222/1907
f 4936/7224/1904 4943/9370/1904 4939/7225/1904
f 4938/7227/1626 4940/9371/1626 4943/7228/1626
f 4937/7230/1903 4941/9372/1903 4940/7231/1903
f 4944/7233/2164 4948/9373/2164 4945/7234/1626
f 4947/7236/2165 4950/7240/2165 4948/7237/2164
f 4949/7239/2166 4952/7242/2166 4950/7240/2165
f 4951/7241/2167 4954/9374/2167 4952/7242/2166
f 4953/7243/1907 4956/7247/1907 4954/7244/2167
f 4955/7246/2168 4958/9375/2168 4956/7247/1907
f 4957/7248/2169 4960/7252/2169 4958/7249/2168
f 4959/7251/2170 4962/7254/2170 4960/7252/2169
f 4961/7253/2171 4963/9376/2171 4962/7254/2170
f 4946/7235/1626 4945/7234/1626 4963/7255/2171
f 4946/9377/1905 4961/9378/1905 4955/7257/1905
f 4961/9378/1905 4959/9379/1905 4955/7257/1905
f 4959/9379/1905 4957/9380/1905 4955/7257/1905
f 4955/7257/1905 4953/9381/1905 4951/7258/1905
f 4951/7258/1905 4949/9382/1905 4947/7259/1905
f 4947/7259/1905 4944/9383/1905 4955/7257/1905
f 4944/9383/1905 4946/9377/1905 4955/7257/1905
f 4963/7262/1906 4945/9384/1906 4948/9385/1906
f 4948/9385/1906 4950/9386/1906 4952/9387/1906
f 4952/9387/1906 4954/9388/1906 4956/7260/1906
f 4956/7260/1906 4958/9389/1906 4960/7261/1906
f 4960/7261/1906 4962/9390/1906 4963/7262/1906
f 4963/7262/1906 4948/9385/1906 4952/9387/1906
f 4952/9387/1906 4956/7260/1906 4963/7262/1906
f 4964/7263/3940 4967/7273/3940 4965/7264/3941
f 4967/7266/3942 4971/9391/3942 4968/7267/3943
f 4968/7269/3944 4971/7277/3945 4964/7270/3945
f 4969/7272/3946 4970/7280/3946 4967/7273/3940
f 4970/7274/3947 4974/7282/3947 4971/7275/3942
f 4971/7277/3945 4974/7284/3948 4969/7278/3948
f 4972/7279/3949 4973/7286/3949 4970/7280/3946
f 4973/7281/3950 4975/7288/3950 4974/7282/3947
f 4975/7283/3951 4972/7290/3951 4969/7278/3948
f 4972/7279/3949 4978/7291/3952 4976/7285/3952
f 4976/7287/3953 4977/9392/3953 4975/7288/3950
f 4977/7289/3954 4978/7297/3954 4972/7290/3951
f 4978/7291/3952 5408/9393/3955 4979/7292/3955
f 4979/7293/3956 4980/9394/3956 4977/7294/3953
f 4980/7296/3957 5408/9395/3957 4978/7297/3954
f 4981/7298/1905 4987/9396/1905 4982/7299/1905
f 4984/7301/1906 4988/9397/1906 4985/7302/1906
f 4987/7304/1907 4984/9398/1907 4986/7305/1907
f 4981/7307/1904 4988/9399/1904 4984/7308/1904
f 4983/7310/1626 4985/9400/1626 4988/7311/1626
f 4982/7313/1903 4986/9401/1903 4985/7314/1903
f 4989/7316/3958 4993/9402/3958 4990/7317/3959
f 4992/7319/3960 4995/7323/3960 4993/7320/3958
f 4992/7319/3960 4997/9403/3961 4994/7322/3961
f 4996/7324/3962 4999/7328/3962 4994/7325/3961
f 4996/7324/3962 5001/9404/3963 4998/7327/3963
f 5000/7329/3964 5003/7333/3964 4998/7330/3963
f 5000/7329/3964 5004/9405/3965 5002/7332/3965
f 4991/7318/3959 4990/7317/3959 5002/7334/3965
f 4991/7338/1905 5004/9406/1905 4996/9407/1905
f 5004/9406/1905 5000/9408/1905 4996/9407/1905
f 5000/9408/1905 5001/9409/1905 4996/9407/1905
f 4996/9407/1905 4997/9410/1905 4991/7338/1905
f 4997/9410/1905 4992/7336/1905 4991/7338/1905
f 5002/7341/1906 4990/9411/1906 4993/9412/1906
f 4993/9412/1906 4995/9413/1906 4994/7339/1906
f 4994/7339/1906 4999/9414/1906 4998/7340/1906
f 4998/7340/1906 5003/9415/1906 5002/7341/1906
f 5002/7341/1906 4993/9412/1906 4994/7339/1906
f 5005/7342/3958 5009/9416/3958 5006/7343/3959
f 5008/7345/3960 5011/7349/3960 5009/7346/3958
f 5008/7345/3960 5013/9417/3961 5010/7348/3961
f 5012/7350/3962 5015/7354/3962 5010/7351/3961
f 5014/7353/3963 5017/9418/3963 5015/7354/3962
f 5016/7355/3964 5019/7359/3964 5017/7356/3963
f 5016/7355/3964 5020/9419/3965 5018/7358/3965
f 5007/7344/3959 5006/7343/3959 5018/7360/3965
f 5007/7364/1905 5020/9420/1905 5012/9421/1905
f 5020/9420/1905 5016/9422/1905 5012/9421/1905
f 5016/9422/1905 5014/9423/1905 5012/9421/1905
f 5012/9421/1905 5013/9424/1905 5007/7364/1905
f 5013/9424/1905 5008/7362/1905 5007/7364/1905
f 5018/7367/1906 5006/9425/1906 5009/9426/1906
f 5009/9426/1906 5011/9427/1906 5010/7365/1906
f 5010/7365/1906 5015/9428/1906 5017/7366/1906
f 5017/7366/1906 5019/9429/1906 5018/7367/1906
f 5018/7367/1906 5009/9426/1906 5010/7365/1906
f 5021/7368/3958 5025/9430/3958 5022/7369/3959
f 5024/7371/3960 5027/7375/3960 5025/7372/3958
f 5024/7371/3960 5029/9431/3961 5026/7374/3961
f 5028/7376/3962 5031/7380/3962 5026/7377/3961
f 5028/7376/3962 5033/9432/3963 5030/7379/3963
f 5032/7381/3964 5035/7385/3964 5030/7382/3963
f 5032/7381/3964 5036/9433/3965 5034/7384/3965
f 5023/7370/3959 5022/7369/3959 5034/7386/3965
f 5023/7390/1905 5036/9434/1905 5028/9435/1905
f 5036/9434/1905 5032/9436/1905 5028/9435/1905
f 5032/9436/1905 5033/9437/1905 5028/9435/1905
f 5028/9435/1905 5029/9438/1905 5023/7390/1905
f 5029/9438/1905 5024/7388/1905 5023/7390/1905
f 5034/7393/1906 5022/9439/1906 5025/9440/1906
f 5025/9440/1906 5027/9441/1906 5026/7391/1906
f 5026/7391/1906 5031/9442/1906 5030/7392/1906
f 5030/7392/1906 5035/9443/1906 5034/7393/1906
f 5034/7393/1906 5025/9440/1906 5026/7391/1906
f 5037/7394/3958 5041/9444/3958 5038/7395/3959
f 5040/7397/3960 5043/7401/3960 5041/7398/3958
f 5040/7397/3960 5045/9445/3961 5042/7400/3961
f 5044/7402/3962 5047/7406/3962 5042/7403/3961
f 5046/7405/3963 5049/9446/3963 5047/7406/3962
f 5048/7407/3964 5051/7411/3964 5049/7408/3963
f 5048/7407/3964 5052/9447/3965 5050/7410/3965
f 5039/7396/3959 5038/7395/3959 5050/7412/3965
f 5039/7416/1905 5052/9448/1905 5044/9449/1905
f 5052/9448/1905 5048/9450/1905 5044/9449/1905
f 5048/9450/1905 5046/9451/1905 5044/9449/1905
f 5044/9449/1905 5045/9452/1905 5039/7416/1905
f 5045/9452/1905 5040/7414/1905 5039/7416/1905
f 5050/7419/1906 5038/9453/1906 5041/9454/1906
f 5041/9454/1906 5043/9455/1906 5042/7417/1906
f 5042/7417/1906 5047/9456/1906 5049/7418/1906
f 5049/7418/1906 5051/9457/1906 5050/7419/1906
f 5050/7419/1906 5041/9454/1906 5042/7417/1906
f 5053/7420/3959 5056/9458/3958 5054/7421/3958
f 5056/7423/3958 5059/7427/3960 5057/7424/3960
f 5058/7426/3961 5061/9459/3961 5057/7424/3960
f 5060/7428/3962 5063/7432/3962 5061/7429/3961
f 5060/7428/3962 5064/9460/3963 5062/7431/3963
f 5064/7433/3963 5067/7437/3964 5065/7434/3964
f 5066/7436/3965 5068/9461/3965 5065/7434/3964
f 5053/7420/3959 5055/7422/3959 5068/7438/3965
f 5053/7442/1905 5066/9462/1905 5067/9463/1905
f 5067/9463/1905 5064/9464/1905 5060/7440/1905
f 5060/7440/1905 5058/9465/1905 5059/7441/1905
f 5059/7441/1905 5056/9466/1905 5053/7442/1905
f 5053/7442/1905 5067/9463/1905 5060/7440/1905
f 5068/7444/1906 5055/9467/1906 5054/9468/1906
f 5054/9468/1906 5057/9469/1906 5068/7444/1906
f 5057/9469/1906 5061/7445/1906 5068/7444/1906
f 5061/7445/1906 5063/9470/1906 5062/9471/1906
f 5062/9471/1906 5065/7443/1906 5061/7445/1906
f 5069/7446/3959 5072/9472/3958 5070/7447/3958
f 5072/7449/3958 5075/7453/3960 5073/7450/3960
f 5074/7452/3961 5077/9473/3961 5073/7450/3960
f 5076/7454/3962 5079/7458/3962 5077/7455/3961
f 5076/7454/3962 5080/9474/3963 5078/7457/3963
f 5080/7459/3963 5083/7463/3964 5081/7460/3964
f 5082/7462/3965 5084/9475/3965 5081/7460/3964
f 5069/7446/3959 5071/7448/3959 5084/7464/3965
f 5069/7468/1905 5082/9476/1905 5083/9477/1905
f 5083/9477/1905 5080/9478/1905 5076/7466/1905
f 5076/7466/1905 5074/9479/1905 5075/7467/1905
f 5075/7467/1905 5072/9480/1905 5069/7468/1905
f 5069/7468/1905 5083/9477/1905 5076/7466/1905
f 5084/7470/1906 5071/9481/1906 5070/9482/1906
f 5070/9482/1906 5073/9483/1906 5084/7470/1906
f 5073/9483/1906 5077/7471/1906 5084/7470/1906
f 5077/7471/1906 5079/9484/1906 5078/9485/1906
f 5078/9485/1906 5081/7469/1906 5077/7471/1906
f 5085/7472/3959 5088/9486/3958 5086/7473/3958
f 5088/7475/3958 5091/7479/3960 5089/7476/3960
f 5090/7478/3961 5093/9487/3961 5089/7476/3960
f 5092/7480/3962 5095/7484/3962 5093/7481/3961
f 5092/7480/3962 5096/9488/3963 5094/7483/3963
f 5096/7485/3963 5099/7489/3964 5097/7486/3964
f 5098/7488/3965 5100/9489/3965 5097/7486/3964
f 5085/7472/3959 5087/7474/3959 5100/7490/3965
f 5085/7494/1905 5098/9490/1905 5099/9491/1905
f 5099/9491/1905 5096/9492/1905 5092/7492/1905
f 5092/7492/1905 5090/9493/1905 5091/7493/1905
f 5091/7493/1905 5088/9494/1905 5085/7494/1905
f 5085/7494/1905 5099/9491/1905 5092/7492/1905
f 5100/7496/1906 5087/9495/1906 5086/9496/1906
f 5086/9496/1906 5089/9497/1906 5100/7496/1906
f 5089/9497/1906 5093/7497/1906 5100/7496/1906
f 5093/7497/1906 5095/9498/1906 5094/9499/1906
f 5094/9499/1906 5097/7495/1906 5093/7497/1906
f 5101/7498/3959 5104/9500/3958 5102/7499/3958
f 5104/7501/3958 5107/7505/3960 5105/7502/3960
f 5106/7504/3961 5109/9501/3961 5105/7502/3960
f 5108/7506/3962 5111/7510/3962 5109/7507/3961
f 5108/7506/3962 5112/9502/3963 5110/7509/3963
f 5112/7511/3963 5115/7515/3964 5113/7512/3964
f 5114/7514/3965 5116/9503/3965 5113/7512/3964
f 5101/7498/3959 5103/7500/3959 5116/7516/3965
f 5101/7520/1905 5114/9504/1905 5115/9505/1905
f 5115/9505/1905 5112/9506/1905 5108/7518/1905
f 5108/7518/1905 5106/9507/1905 5107/7519/1905
f 5107/7519/1905 5104/9508/1905 5101/7520/1905
f 5101/7520/1905 5115/9505/1905 5108/7518/1905
f 5116/7522/1906 5103/9509/1906 5102/9510/1906
f 5102/9510/1906 5105/9511/1906 5116/7522/1906
f 5105/9511/1906 5109/7523/1906 5116/7522/1906
f 5109/7523/1906 5111/9512/1906 5110/9513/1906
f 5110/9513/1906 5113/7521/1906 5109/7523/1906
f 5117/7524/1905 5123/9514/1905 5118/7525/1905
f 5120/7527/1906 5124/9515/1906 5121/7528/1906
f 5123/7530/1907 5120/9516/1907 5122/7531/1907
f 5117/7533/1904 5124/9517/1904 5120/7534/1904
f 5119/7536/1626 5121/9518/1626 5124/7537/1626
f 5118/7539/1903 5122/9519/1903 5121/7540/1903
f 5125/7542/3966 5129/9520/3966 5126/7543/1626
f 5128/7545/3041 5131/7549/3041 5129/7546/3966
f 5130/7548/3967 5133/9521/3967 5131/7549/3039
f 5132/7550/1907 5135/7554/1907 5133/7551/3967
f 5134/7553/3968 5137/9522/3968 5135/7554/1907
f 5136/7555/1904 5139/7559/1904 5137/7556/3968
f 5138/7558/3969 5140/9523/3969 5139/7559/1904
f 5127/7544/1626 5126/7543/1626 5140/7560/3969
f 5127/7563/1905 5138/9524/1905 5136/9525/1905
f 5136/9525/1905 5134/9526/1905 5127/7563/1905
f 5134/9526/1905 5132/7564/1905 5127/7563/1905
f 5132/7564/1905 5130/9527/1905 5128/9528/1905
f 5128/9528/1905 5125/7562/1905 5132/7564/1905
f 5140/7567/1906 5126/9529/1906 5129/9530/1906
f 5129/9530/1906 5131/9531/1906 5133/7565/1906
f 5133/7565/1906 5135/9532/1906 5137/7566/1906
f 5137/7566/1906 5139/9533/1906 5140/7567/1906
f 5140/7567/1906 5129/9530/1906 5133/7565/1906
f 5141/7568/1905 5147/9534/1905 5142/7569/1905
f 5144/7571/1906 5148/9535/1906 5145/7572/1906
f 5147/7574/1907 5144/9536/1907 5146/7575/1907
f 5141/7577/1904 5148/9537/1904 5144/7578/1904
f 5143/7580/1626 5145/9538/1626 5148/7581/1626
f 5142/7583/1903 5146/9539/1903 5145/7584/1903
f 5149/7586/3970 5153/9540/3973 5150/7587/3971
f 5152/7589/3972 5155/7593/3975 5153/7590/3973
f 5154/7592/3974 5157/9541/3974 5155/7593/3975
f 5156/7594/3976 5159/7598/3976 5157/7595/3974
f 5158/7597/3977 5161/7600/3977 5159/7598/3976
f 5158/7597/3977 5162/9542/3978 5160/7599/3978
f 5162/7601/3978 5164/7604/3979 5163/7602/3979
f 5164/7604/3979 5166/9543/3980 5165/7605/3980
f 5166/7606/3980 5151/7588/3971 5150/7587/3971
f 5151/7609/3981 5166/9544/3981 5164/7610/3981
f 5164/7610/3981 5162/9545/3981 5158/9546/3981
f 5158/9546/3981 5156/9547/3981 5164/7610/3981
f 5156/9547/3981 5154/9548/3981 5164/7610/3981
f 5154/9548/3981 5152/9549/3981 5164/7610/3981
f 5152/9549/3981 5149/7608/3981 5164/7610/3981
f 5165/7611/3982 5150/9550/3982 5153/7612/3982
f 5153/7612/3982 5155/9551/3982 5157/9552/3982
f 5157/9552/3982 5159/9553/3982 5153/7612/3982
f 5159/9553/3982 5161/7613/3982 5153/7612/3982
f 5161/7613/3982 5160/9554/3982 5163/9555/3982
f 5163/9555/3982 5165/7611/3982 5161/7613/3982
f 5167/7614/3983 5171/9556/3986 5168/7615/3984
f 5170/7617/3985 5173/7621/3988 5171/7618/3986
f 5172/7620/3987 5175/9557/3987 5173/7621/3988
f 5174/7622/3989 5177/7626/3989 5175/7623/3987
f 5176/7625/3990 5179/7628/3990 5177/7626/3989
f 5176/7625/3990 5180/9558/3991 5178/7627/3991
f 5180/7629/3991 5182/7632/3992 5181/7630/3992
f 5182/7632/3992 5184/9559/3993 5183/7633/3993
f 5184/7634/3993 5169/7616/3984 5168/7615/3984
f 5169/9560/3994 5184/9561/3994 5167/7637/3994
f 5184/9561/3994 5182/7638/3994 5167/7637/3994
f 5182/7638/3994 5180/9562/3994 5176/9563/3994
f 5176/9563/3994 5174/9564/3994 5182/7638/3994
f 5174/9564/3994 5172/9565/3994 5182/7638/3994
f 5172/9565/3994 5170/7636/3994 5182/7638/3994
f 5183/9566/3995 5168/9567/3995 5171/7639/3995
f 5171/7639/3995 5173/9568/3995 5175/7640/3995
f 5175/7640/3995 5177/9569/3995 5179/7641/3995
f 5179/7641/3995 5178/9570/3995 5181/9571/3995
f 5181/9571/3995 5183/9566/3995 5179/7641/3995
f 5183/9566/3995 5171/7639/3995 5179/7641/3995
f 5185/7642/3973 5189/9572/3973 5186/7643/3971
f 5185/7645/3973 5191/7649/3972 5188/7646/3972
f 5190/7648/3974 5193/9573/3974 5188/7646/3972
f 5192/7650/3976 5195/7654/3976 5193/7651/3974
f 5194/7653/3977 5197/7656/3977 5195/7654/3976
f 5194/7653/3977 5199/9574/3978 5196/7655/3978
f 5198/7657/3996 5201/7661/3996 5196/7658/3978
f 5198/7657/3996 5202/9575/3980 5200/7660/3980
f 5202/7662/3980 5187/7644/3971 5186/7643/3971
f 5187/9576/3981 5202/9577/3981 5185/7665/3981
f 5202/9577/3981 5198/7666/3981 5185/7665/3981
f 5198/7666/3981 5199/9578/3981 5190/9579/3981
f 5199/9578/3981 5194/9580/3981 5190/9579/3981
f 5194/9580/3981 5192/9581/3981 5190/9579/3981
f 5190/9579/3981 5191/7664/3981 5198/7666/3981
f 5200/9582/3982 5186/9583/3982 5201/7669/3982
f 5186/9583/3982 5189/7667/3982 5201/7669/3982
f 5189/7667/3982 5188/9584/3982 5193/9585/3982
f 5193/9585/3982 5195/9586/3982 5189/7667/3982
f 5195/9586/3982 5197/7668/3982 5189/7667/3982
f 5197/7668/3982 5196/9587/3982 5201/7669/3982
f 5203/7670/3986 5207/9588/3986 5204/7671/3984
f 5203/7673/3986 5209/7677/3985 5206/7674/3985
f 5208/7676/3987 5211/9589/3987 5206/7674/3985
f 5210/7678/3989 5213/7682/3989 5211/7679/3987
f 5212/7681/3990 5215/7684/3990 5213/7682/3989
f 5212/7681/3990 5217/9590/3991 5214/7683/3991
f 5216/7685/3997 5219/7689/3997 5214/7686/3991
f 5216/7685/3997 5220/9591/3993 5218/7688/3993
f 5220/7690/3993 5205/7672/3984 5204/7671/3984
f 5205/9592/3994 5220/9593/3994 5203/7693/3994
f 5220/9593/3994 5216/7694/3994 5203/7693/3994
f 5216/7694/3994 5217/9594/3994 5212/9595/3994
f 5212/9595/3994 5210/9596/3994 5216/7694/3994
f 5210/9596/3994 5208/9597/3994 5216/7694/3994
f 5208/9597/3994 5209/7692/3994 5216/7694/3994
f 5218/9598/3995 5204/9599/3995 5219/7697/3995
f 5204/9599/3995 5207/7695/3995 5219/7697/3995
f 5207/7695/3995 5206/9600/3995 5215/7696/3995
f 5206/9600/3995 5211/9601/3995 5215/7696/3995
f 5211/9601/3995 5213/9602/3995 5215/7696/3995
f 5215/7696/3995 5214/9603/3995 5219/7697/3995
f 5221/7698/3970 5225/9604/3973 5222/7699/3971
f 5224/7701/3975 5227/7705/3975 5225/7702/3973
f 5226/7704/3974 5229/9605/3974 5227/7705/3975
f 5228/7706/3976 5231/7710/3976 5229/7707/3974
f 5230/7709/3977 5233/7712/3977 5231/7710/3976
f 5230/7709/3977 5234/9606/3978 5232/7711/3978
f 5234/7713/3978 5236/7716/3979 5235/7714/3979
f 5236/7716/3979 5238/9607/3980 5237/7717/3980
f 5238/7718/3980 5223/7700/3971 5222/7699/3971
f 5223/7721/3981 5238/9608/3981 5236/7722/3981
f 5236/7722/3981 5234/9609/3981 5230/9610/3981
f 5230/9610/3981 5228/9611/3981 5236/7722/3981
f 5228/9611/3981 5226/9612/3981 5236/7722/3981
f 5226/9612/3981 5224/9613/3981 5236/7722/3981
f 5224/9613/3981 5221/7720/3981 5236/7722/3981
f 5237/9614/3982 5222/9615/3982 5235/7725/3982
f 5222/9615/3982 5225/7723/3982 5235/7725/3982
f 5225/7723/3982 5227/9616/3982 5229/9617/3982
f 5229/9617/3982 5231/9618/3982 5225/7723/3982
f 5231/9618/3982 5233/7724/3982 5225/7723/3982
f 5233/7724/3982 5232/9619/3982 5235/7725/3982
f 5239/7726/3983 5243/9620/3986 5240/7727/3984
f 5242/7729/3988 5245/7733/3988 5243/7730/3986
f 5244/7732/3987 5247/9621/3987 5245/7733/3988
f 5246/7734/3989 5249/7738/3989 5247/7735/3987
f 5248/7737/3990 5251/7740/3990 5249/7738/3989
f 5248/7737/3990 5252/9622/3991 5250/7739/3991
f 5252/7741/3991 5254/7744/3992 5253/7742/3992
f 5254/7744/3992 5256/9623/3993 5255/7745/3993
f 5256/7746/3993 5241/7728/3984 5240/7727/3984
f 5241/9624/3994 5256/9625/3994 5254/9626/3994
f 5254/9626/3994 5252/9627/3994 5248/7748/3994
f 5248/7748/3994 5246/9628/3994 5244/7749/3994
f 5244/7749/3994 5242/9629/3994 5239/7750/3994
f 5239/7750/3994 5241/9624/3994 5254/9626/3994
f 5254/9626/3994 5248/7748/3994 5239/7750/3994
f 5255/9630/3995 5240/9631/3995 5253/7753/3995
f 5240/9631/3995 5243/7751/3995 5253/7753/3995
f 5243/7751/3995 5245/9632/3995 5247/9633/3995
f 5247/9633/3995 5249/9634/3995 5243/7751/3995
f 5249/9634/3995 5251/7752/3995 5243/7751/3995
f 5251/7752/3995 5250/9635/3995 5253/7753/3995
f 5257/7754/3973 5261/9636/3973 5258/7755/3971
f 5257/7757/3973 5262/7760/3972 5260/7758/3972
f 5262/7760/3972 5265/9637/3974 5263/7761/3974
f 5264/7762/3976 5267/7766/3976 5263/7763/3974
f 5266/7765/3977 5269/7768/3977 5267/7766/3976
f 5266/7765/3977 5271/9638/3978 5268/7767/3978
f 5270/7769/3979 5273/7773/3996 5268/7770/3978
f 5270/7769/3979 5274/9639/3980 5272/7772/3980
f 5274/7774/3980 5259/7756/3971 5258/7755/3971
f 5259/7777/3981 5274/9640/3981 5270/7778/3981
f 5270/7778/3981 5271/9641/3981 5266/9642/3981
f 5266/9642/3981 5264/9643/3981 5270/7778/3981
f 5264/9643/3981 5265/9644/3981 5270/7778/3981
f 5265/9644/3981 5262/9645/3981 5270/7778/3981
f 5262/9645/3981 5257/7776/3981 5270/7778/3981
f 5272/7779/3982 5258/9646/3982 5261/7780/3982
f 5261/7780/3982 5260/9647/3982 5263/9648/3982
f 5263/9648/3982 5267/9649/3982 5261/7780/3982
f 5267/9649/3982 5269/7781/3982 5261/7780/3982
f 5269/7781/3982 5268/9650/3982 5273/9651/3982
f 5273/9651/3982 5272/7779/3982 5269/7781/3982
f 5275/7782/3986 5279/9652/3986 5276/7783/3984
f 5275/7785/3986 5280/7788/3985 5278/7786/3985
f 5280/7788/3985 5283/9653/3987 5281/7789/3987
f 5282/7790/3989 5285/7794/3989 5281/7791/3987
f 5284/7793/3990 5287/7796/3990 5285/7794/3989
f 5284/7793/3990 5289/9654/3991 5286/7795/3991
f 5288/7797/3992 5291/7801/3997 5286/7798/3991
f 5288/7797/3992 5292/9655/3993 5290/7800/3993
f 5292/7802/3993 5277/7784/3984 5276/7783/3984
f 5277/7805/3994 5292/9656/3994 5288/7806/3994
f 5288/7806/3994 5289/9657/3994 5284/9658/3994
f 5284/9658/3994 5282/9659/3994 5288/7806/3994
f 5282/9659/3994 5283/9660/3994 5288/7806/3994
f 5283/9660/3994 5280/9661/3994 5288/7806/3994
f 5280/9661/3994 5275/7804/3994 5288/7806/3994
f 5290/7807/3995 5276/9662/3995 5279/7808/3995
f 5279/7808/3995 5278/9663/3995 5281/9664/3995
f 5281/9664/3995 5285/9665/3995 5279/7808/3995
f 5285/9665/3995 5287/7809/3995 5279/7808/3995
f 5287/7809/3995 5286/9666/3995 5291/9667/3995
f 5291/9667/3995 5290/7807/3995 5287/7809/3995
f 5293/7810/3998 5296/9668/3999 5294/7811/3999
f 5296/7813/3999 5299/7817/4000 5297/7814/4000
f 5298/7816/4001 5301/7819/4001 5297/7814/4000
f 5300/7818/4002 5303/9669/4002 5301/7819/4001
f 5302/7820/4003 5305/7824/4003 5303/7821/4002
f 5302/7820/4003 5306/9670/4004 5304/7823/4004
f 5306/7825/4004 5309/7829/4005 5307/7826/4005
f 5308/7828/4006 5311/7831/4006 5307/7826/4005
f 5310/7830/4007 5312/9671/4007 5311/7831/4006
f 5293/7810/3998 5295/7812/3998 5312/7832/4007
f 5293/7836/1905 5310/9672/1905 5308/9673/1905
f 5308/9673/1905 5309/9674/1905 5293/7836/1905
f 5309/9674/1905 5306/7834/1905 5293/7836/1905
f 5306/7834/1905 5302/9675/1905 5299/7835/1905
f 5302/9675/1905 5300/9676/1905 5299/7835/1905
f 5300/9676/1905 5298/9677/1905 5299/7835/1905
f 5299/7835/1905 5296/9678/1905 5293/7836/1905
f 5312/7838/1906 5295/9679/1906 5294/9680/1906
f 5294/9680/1906 5297/9681/1906 5312/7838/1906
f 5297/9681/1906 5301/7839/1906 5312/7838/1906
f 5301/7839/1906 5303/9682/1906 5305/9683/1906
f 5305/9683/1906 5304/9684/1906 5301/7839/1906
f 5304/9684/1906 5307/9685/1906 5301/7839/1906
f 5307/9685/1906 5311/7837/1906 5301/7839/1906
