# JIB VI - the wood_trim parts, as a standalone mesh.
#
# One file per material rather than one library addressed with `#group`:
# selecting a group recentres it on its own bounding box, which takes a
# model apart when the library IS one model. A whole-file import keeps
# the authored coordinates. See loom_asset/src/mesh.rs:268.
v 9.535000 2.750000 0.000000
v 9.461848 2.733790 -0.029186
v 9.461848 2.733790 0.000000
v 9.354880 2.701554 0.000000
v 9.354880 2.701554 -0.085375
v 9.229874 2.654383 -0.068624
v 9.229874 2.654383 -0.168624
v 9.091494 2.595329 -0.178681
v 9.091494 2.595329 -0.278681
v 8.942235 2.534084 -0.304484
v 8.942235 2.534084 -0.404484
v 8.783692 2.490641 -0.399209
v 8.783692 2.490641 -0.499209
v 8.616987 2.441726 -0.508275
v 8.616987 2.441726 -0.608275
v 8.442961 2.388679 -0.630891
v 8.442961 2.388679 -0.730891
v 8.262269 2.333209 -0.765876
v 8.262269 2.333209 -0.865876
v 8.075442 2.277389 -0.911664
v 8.075442 2.277389 -1.011664
v 7.882917 2.233151 -1.037485
v 7.882917 2.233151 -1.137485
v 7.685063 2.192942 -1.160523
v 7.685063 2.192942 -1.260523
v 7.482195 2.151999 -1.292516
v 7.482195 2.151999 -1.392516
v 7.274587 2.110729 -1.430665
v 7.274587 2.110729 -1.530665
v 7.062479 2.069577 -1.571761
v 7.062479 2.069577 -1.671762
v 6.846083 2.029022 -1.712194
v 6.846083 2.029022 -1.812194
v 6.625590 1.992662 -1.837621
v 6.625590 1.992662 -1.937621
v 6.401168 1.965168 -1.934380
v 6.401168 1.965168 -2.034380
v 6.172974 1.937690 -2.033622
v 6.172974 1.937690 -2.133622
v 5.941146 1.910430 -2.133857
v 5.941146 1.910430 -2.233857
v 5.705814 1.883599 -2.233462
v 5.705814 1.883599 -2.333462
v 5.467094 1.857424 -2.330683
v 5.467094 1.857424 -2.430682
v 5.225096 1.832142 -2.423633
v 5.225096 1.832142 -2.523633
v 4.979920 1.808003 -2.510303
v 4.979920 1.808003 -2.610303
v 4.731659 1.785263 -2.588621
v 4.731659 1.785263 -2.688621
v 4.480401 1.763882 -2.659001
v 4.480401 1.763882 -2.759001
v 4.226226 1.743769 -2.722578
v 4.226226 1.743769 -2.822578
v 3.969210 1.724908 -2.779914
v 3.969210 1.724908 -2.879914
v 3.709425 1.707278 -2.831632
v 3.709425 1.707278 -2.931633
v 3.446939 1.690850 -2.878420
v 3.446939 1.690850 -2.978420
v 3.181814 1.675592 -2.921022
v 3.181814 1.675592 -3.021022
v 2.914110 1.661463 -2.960244
v 2.914110 1.661463 -3.060244
v 2.643885 1.648930 -2.994931
v 2.643885 1.648930 -3.094931
v 2.371192 1.638470 -3.023017
v 2.371192 1.638470 -3.123017
v 2.096081 1.629613 -3.045521
v 2.096081 1.629613 -3.145520
v 1.818602 1.621852 -3.063560
v 1.818602 1.621852 -3.163560
v 1.538801 1.614650 -3.078323
v 1.538801 1.614650 -3.178323
v 1.256721 1.607442 -3.091061
v 1.256721 1.607442 -3.191061
v 0.972406 1.599635 -3.103091
v 0.972406 1.599635 -3.203091
v 0.685895 1.591361 -3.113346
v 0.685895 1.591361 -3.213346
v 0.397227 1.583134 -3.120471
v 0.397227 1.583134 -3.220471
v 0.106438 1.575062 -3.124884
v 0.106438 1.575062 -3.224884
v -0.186435 1.567262 -3.127024
v -0.186435 1.567262 -3.227025
v -0.481358 1.559851 -3.127355
v -0.778300 1.552954 -3.226361
v -0.481358 1.559851 -3.227355
v -1.077227 1.546624 -3.224288
v -0.778300 1.552954 -3.126361
v -1.378111 1.540620 -3.220221
v -1.077227 1.546624 -3.124288
v -1.680922 1.535015 -3.214223
v -1.378111 1.540620 -3.120221
v -1.985631 1.529943 -3.206538
v -1.680922 1.535015 -3.114223
v -2.292212 1.525537 -3.197426
v -1.985631 1.529943 -3.106538
v -2.600637 1.521940 -3.187155
v -2.292212 1.525537 -3.097426
v -2.910883 1.519293 -3.175917
v -2.600637 1.521940 -3.087155
v -3.222924 1.517652 -3.162784
v -2.910883 1.519293 -3.075917
v -3.536735 1.516914 -3.147878
v -3.222924 1.517652 -3.062784
v -3.852296 1.516958 -3.131799
v -3.536735 1.516914 -3.047878
v -4.169582 1.517660 -3.115169
v -3.852296 1.516958 -3.031799
v -4.488573 1.518888 -3.098631
v -4.169582 1.517660 -3.015169
v -4.809247 1.520532 -3.082788
v -4.488573 1.518888 -2.998631
v -5.131584 1.522861 -3.067153
v -4.809247 1.520532 -2.982789
v -5.455564 1.525880 -3.051439
v -5.131584 1.522861 -2.967154
v -5.781169 1.529451 -3.035645
v -5.455564 1.525880 -2.951439
v -6.108378 1.533429 -3.019774
v -5.781169 1.529451 -2.935645
v -6.437176 1.537664 -3.003825
v -6.108378 1.533429 -2.919774
v -6.767542 1.542128 -2.987664
v -6.437176 1.537664 -2.903826
v -7.099461 1.547426 -2.970585
v -6.767542 1.542128 -2.887664
v -7.432915 1.553272 -2.953095
v -7.099461 1.547426 -2.870585
v -7.767888 1.559182 -2.935943
v -7.432915 1.553272 -2.853095
v -8.104365 1.564661 -2.919898
v -7.767888 1.559182 -2.835943
v -8.442329 1.569199 -2.905750
v -8.104365 1.564661 -2.819898
v -8.781767 1.574544 -2.885448
v -8.442329 1.569199 -2.805750
v -9.122662 1.577964 -2.868254
v -8.781767 1.574544 -2.785447
v -9.465000 1.580000 -2.856960
v -9.122662 1.577964 -2.768255
v 9.461848 2.733790 0.029186
v 9.229874 2.654383 0.068624
v 9.354880 2.701554 0.085375
v 9.091494 2.595329 0.178681
v 9.229874 2.654383 0.168624
v 8.942235 2.534084 0.304484
v 9.091494 2.595329 0.278681
v 8.783692 2.490641 0.399209
v 8.942235 2.534084 0.404484
v 8.616987 2.441726 0.508275
v 8.783692 2.490641 0.499209
v 8.442961 2.388679 0.630891
v 8.616987 2.441726 0.608275
v 8.262269 2.333209 0.765876
v 8.442961 2.388679 0.730891
v 8.075442 2.277389 0.911664
v 8.262269 2.333209 0.865876
v 7.882917 2.233151 1.037485
v 8.075442 2.277389 1.011664
v 7.685063 2.192942 1.160523
v 7.882917 2.233151 1.137485
v 7.482195 2.151999 1.292516
v 7.685063 2.192942 1.260523
v 7.274587 2.110729 1.430665
v 7.482195 2.151999 1.392516
v 7.062479 2.069577 1.571761
v 7.274587 2.110729 1.530665
v 6.846083 2.029022 1.712194
v 7.062479 2.069577 1.671762
v 6.625590 1.992662 1.837621
v 6.846083 2.029022 1.812194
v 6.401168 1.965168 1.934380
v 6.625590 1.992662 1.937621
v 6.172974 1.937690 2.033622
v 6.401168 1.965168 2.034380
v 5.941146 1.910430 2.133857
v 6.172974 1.937690 2.133622
v 5.705814 1.883599 2.233462
v 5.941146 1.910430 2.233857
v 5.467094 1.857424 2.330683
v 5.705814 1.883599 2.333462
v 5.225096 1.832142 2.423633
v 5.467094 1.857424 2.430682
v 4.979920 1.808003 2.510303
v 5.225096 1.832142 2.523633
v 4.731659 1.785263 2.588621
v 4.979920 1.808003 2.610303
v 4.480401 1.763882 2.659001
v 4.731659 1.785263 2.688621
v 4.226226 1.743769 2.722578
v 4.480401 1.763882 2.759001
v 3.969210 1.724908 2.779914
v 4.226226 1.743769 2.822578
v 3.709425 1.707278 2.831632
v 3.969210 1.724908 2.879914
v 3.446939 1.690850 2.878420
v 3.709425 1.707278 2.931633
v 3.181814 1.675592 2.921022
v 3.446939 1.690850 2.978420
v 2.914110 1.661463 2.960244
v 3.181814 1.675592 3.021022
v 2.643885 1.648930 2.994931
v 2.914110 1.661463 3.060244
v 2.371192 1.638470 3.023017
v 2.643885 1.648930 3.094931
v 2.096081 1.629613 3.045521
v 2.371192 1.638470 3.123017
v 1.818602 1.621852 3.063560
v 2.096081 1.629613 3.145520
v 1.538801 1.614650 3.078323
v 1.818602 1.621852 3.163560
v 1.256721 1.607442 3.091061
v 1.538801 1.614650 3.178323
v 0.972406 1.599635 3.103091
v 1.256721 1.607442 3.191061
v 0.685895 1.591361 3.113346
v 0.972406 1.599635 3.203091
v 0.397227 1.583134 3.120471
v 0.685895 1.591361 3.213346
v 0.106438 1.575062 3.124884
v 0.397227 1.583134 3.220471
v -0.186435 1.567262 3.127024
v 0.106438 1.575062 3.224884
v -0.481358 1.559851 3.127355
v -0.186435 1.567262 3.227025
v -0.778300 1.552954 3.226361
v -0.481358 1.559851 3.227355
v -0.778300 1.552954 3.126361
v -1.077227 1.546624 3.224288
v -1.077227 1.546624 3.124288
v -1.378111 1.540620 3.220221
v -1.378111 1.540620 3.120221
v -1.680922 1.535015 3.214223
v -1.680922 1.535015 3.114223
v -1.985631 1.529943 3.206538
v -1.985631 1.529943 3.106538
v -2.292212 1.525537 3.197426
v -2.292212 1.525537 3.097426
v -2.600637 1.521940 3.187155
v -2.600637 1.521940 3.087155
v -2.910883 1.519293 3.175917
v -2.910883 1.519293 3.075917
v -3.222924 1.517652 3.162784
v -3.222924 1.517652 3.062784
v -3.536735 1.516914 3.147878
v -3.536735 1.516914 3.047878
v -3.852296 1.516958 3.131799
v -3.852296 1.516958 3.031799
v -4.169582 1.517660 3.115169
v -4.169582 1.517660 3.015169
v -4.488573 1.518888 3.098631
v -4.488573 1.518888 2.998631
v -4.809247 1.520532 3.082788
v -4.809247 1.520532 2.982789
v -5.131584 1.522861 3.067153
v -5.131584 1.522861 2.967154
v -5.455564 1.525880 3.051439
v -5.455564 1.525880 2.951439
v -5.781169 1.529451 3.035645
v -5.781169 1.529451 2.935645
v -6.108378 1.533429 3.019774
v -6.108378 1.533429 2.919774
v -6.437176 1.537664 3.003825
v -6.437176 1.537664 2.903826
v -6.767542 1.542128 2.987664
v -6.767542 1.542128 2.887664
v -7.099461 1.547426 2.970585
v -7.099461 1.547426 2.870585
v -7.432915 1.553272 2.953095
v -7.432915 1.553272 2.853095
v -7.767888 1.559182 2.935943
v -7.767888 1.559182 2.835943
v -8.104365 1.564661 2.919898
v -8.104365 1.564661 2.819898
v -8.442329 1.569199 2.905750
v -8.442329 1.569199 2.805750
v -8.781767 1.574544 2.885448
v -8.781767 1.574544 2.785447
v -9.122662 1.577964 2.868254
v -9.122662 1.577964 2.768255
v -9.465000 1.580000 2.856960
v -9.365000 1.580000 2.756960
v -9.465000 1.580000 -1.450000
v -9.365000 1.580000 -2.756960
v -9.465000 1.580000 -2.250000
v -9.365000 1.580000 -2.171245
v -9.505000 0.280000 -1.850000
v -9.505000 0.860000 1.850000
v -9.505000 0.860000 -1.850000
v -9.365000 0.810000 -2.325000
v -9.465000 0.810000 -1.375000
v -9.465000 0.810000 -2.325000
v -9.365000 0.860000 -1.375000
v -9.465000 0.860000 -2.325000
v -9.465000 0.860000 -1.375000
v -9.365000 0.810000 -1.375000
v -9.365000 0.860000 -2.325000
v -6.275000 0.620000 1.130000
v -6.165000 2.600000 1.130000
v -6.275000 2.600000 1.130000
v -6.275000 2.600000 1.095000
v -6.165000 0.620000 1.095000
v -6.275000 0.620000 1.095000
v -6.165000 0.620000 1.130000
v -6.165000 2.600000 1.095000
v -6.165000 2.600000 0.110000
v -6.275000 0.620000 0.110000
v -6.275000 2.600000 0.110000
v -6.165000 0.620000 0.145000
v -6.275000 2.600000 0.145000
v -6.275000 0.620000 0.145000
v -6.165000 0.620000 0.110000
v -6.165000 2.600000 0.145000
v -6.275000 2.635000 0.110000
v -6.275000 2.635000 1.130000
v -6.165000 2.635000 1.130000
v -6.165000 2.635000 0.110000
v -6.369973 0.720000 1.233511
v -6.350000 2.270000 1.219000
v -6.350000 0.720000 1.219000
v -6.362344 0.720000 1.256989
v -6.369973 2.270000 1.233511
v -6.337657 0.720000 1.256989
v -6.362344 2.270000 1.256989
v -6.330028 0.720000 1.233511
v -6.337657 2.270000 1.256989
v -6.330028 2.270000 1.233511
v -6.369973 0.720000 1.373511
v -6.350000 2.040000 1.359000
v -6.350000 0.720000 1.359000
v -6.362344 0.720000 1.396989
v -6.369973 2.040000 1.373511
v -6.337657 0.720000 1.396989
v -6.362344 2.040000 1.396989
v -6.330028 0.720000 1.373511
v -6.337657 2.040000 1.396989
v -6.330028 2.040000 1.373511
v 2.735000 0.620000 -1.361251
v -4.865000 0.620000 -0.841251
v -4.865000 0.620000 -1.361251
v 2.735000 1.060000 -0.841251
v -4.865000 1.060000 -1.361251
v -4.865000 1.060000 -0.841251
v 2.735000 0.620000 -0.841251
v 2.735000 1.060000 -1.361251
v 1.310000 1.370000 -0.841251
v 0.310000 1.370000 -0.461251
v 0.310000 1.370000 -0.841251
v 1.310000 1.410000 -0.461251
v 0.310000 1.410000 -0.841251
v 0.310000 1.410000 -0.461251
v 1.310000 1.370000 -0.461251
v 1.310000 1.410000 -0.841251
v -1.790000 1.370000 -0.841251
v -2.790000 1.370000 -0.461251
v -2.790000 1.370000 -0.841251
v -1.790000 1.410000 -0.461251
v -2.790000 1.410000 -0.841251
v -2.790000 1.410000 -0.461251
v -1.790000 1.370000 -0.461251
v -1.790000 1.410000 -0.841251
v 2.735000 0.620000 0.841251
v -4.865000 0.620000 1.361251
v -4.865000 0.620000 0.841251
v 2.735000 1.060000 1.361251
v -4.865000 1.060000 0.841251
v -4.865000 1.060000 1.361251
v 2.735000 0.620000 1.361251
v 2.735000 1.060000 0.841251
v 1.310000 1.370000 0.461251
v 0.310000 1.370000 0.841251
v 0.310000 1.370000 0.461251
v 1.310000 1.410000 0.841251
v 0.310000 1.410000 0.461251
v 0.310000 1.410000 0.841251
v 1.310000 1.370000 0.841251
v 1.310000 1.410000 0.461251
v -1.790000 1.370000 0.461251
v -2.790000 1.370000 0.841251
v -2.790000 1.370000 0.461251
v -1.790000 1.410000 0.841251
v -2.790000 1.410000 0.461251
v -2.790000 1.410000 0.841251
v -1.790000 1.370000 0.841251
v -1.790000 1.410000 0.461251
v 1.335000 2.880000 -1.438884
v 3.595000 2.880000 -0.880561
v 1.335000 2.880000 1.438884
v 1.335000 2.950000 1.438884
v 3.595000 2.950000 0.880561
v 1.335000 2.950000 -1.438884
v 3.595000 2.950000 -0.880561
v -6.225000 2.880000 -1.486002
v -6.225000 2.880000 1.486002
v -6.225000 2.950000 -1.486002
v -6.225000 2.950000 1.486002
v 3.595000 2.880000 0.880561
v 3.595000 2.110000 -0.880561
v 1.335000 2.180000 -1.438884
v 3.595000 2.180000 -0.880561
v 3.578211 2.180000 -0.812604
v 1.318211 2.110000 -1.370927
v 3.578211 2.110000 -0.812604
v 1.335000 2.110000 -1.438884
v 1.318211 2.180000 -1.370927
v -6.225000 2.180000 -1.486002
v 1.334563 2.180000 -1.368886
v -6.225437 2.110000 -1.416003
v 1.334563 2.110000 -1.368886
v -6.225000 2.110000 -1.486002
v -6.225437 2.180000 -1.416003
v -6.225000 2.180000 0.055000
v -6.155000 2.180000 -1.486002
v -6.155000 2.110000 0.055000
v -6.155000 2.110000 -1.486002
v -6.225000 2.110000 0.055000
v -6.155000 2.180000 0.055000
v -6.225000 2.110000 1.185000
v -6.225000 2.180000 1.486002
v -6.225000 2.180000 1.185000
v -6.155000 2.180000 1.185000
v -6.155000 2.110000 1.486002
v -6.155000 2.110000 1.185000
v -6.225000 2.110000 1.486002
v -6.155000 2.180000 1.486002
v 1.335000 2.180000 1.438884
v -6.225437 2.180000 1.416003
v 1.334563 2.110000 1.368886
v -6.225437 2.110000 1.416003
v 1.335000 2.110000 1.438884
v 3.595000 2.180000 0.880561
v 1.318211 2.180000 1.370927
v 3.578211 2.110000 0.812604
v 1.318211 2.110000 1.370927
v 3.595000 2.110000 0.880561
v 3.578211 2.180000 0.812604
v 3.525000 2.180000 0.880561
v 3.525000 2.110000 -0.880561
v 3.525000 2.110000 0.880561
v 3.525000 2.180000 -0.880561
v 3.585000 2.110000 -0.705679
v 3.649000 2.110000 0.705679
v 3.585000 2.110000 0.705679
v 3.649000 2.180000 -0.705679
v 3.585000 2.180000 0.705679
v 3.649000 2.180000 0.705679
v 3.649000 2.110000 -0.705679
v 3.585000 2.180000 -0.705679
v 3.585000 2.880000 -0.705679
v 3.649000 2.880000 0.705679
v 3.585000 2.880000 0.705679
v 3.649000 2.950000 -0.705679
v 3.585000 2.950000 0.705679
v 3.649000 2.950000 0.705679
v 3.649000 2.880000 -0.705679
v 3.585000 2.950000 -0.705679
v 4.085000 4.130908 -2.771174
v -6.815000 4.170000 -2.790000
v 4.085000 4.170000 -2.790000
v 4.085000 4.121253 -2.728874
v -6.815000 4.130908 -2.771174
v 4.085000 4.148306 -2.694952
v -6.815000 4.121253 -2.728874
v 4.085000 4.191694 -2.694952
v -6.815000 4.148306 -2.694952
v 4.085000 4.218747 -2.728874
v -6.815000 4.191694 -2.694952
v 4.085000 4.209092 -2.771174
v -6.815000 4.218747 -2.728874
v -6.815000 4.209092 -2.771174
v 4.085000 4.130908 2.708826
v -6.815000 4.170000 2.690000
v 4.085000 4.170000 2.690000
v 4.085000 4.121253 2.751126
v -6.815000 4.130908 2.708826
v 4.085000 4.148306 2.785048
v -6.815000 4.121253 2.751126
v 4.085000 4.191694 2.785048
v -6.815000 4.148306 2.785048
v 4.085000 4.218747 2.751126
v -6.815000 4.191694 2.785048
v 4.085000 4.209092 2.708826
v -6.815000 4.218747 2.751126
v -6.815000 4.209092 2.708826
v 4.146175 4.130908 2.700000
v 4.165000 4.170000 -2.700000
v 4.165000 4.170000 2.700000
v 4.103874 4.121253 2.700000
v 4.146175 4.130908 -2.700000
v 4.069952 4.148306 2.700000
v 4.103874 4.121253 -2.700000
v 4.069952 4.191694 2.700000
v 4.069952 4.148306 -2.700000
v 4.103874 4.218747 2.700000
v 4.069952 4.191694 -2.700000
v 4.146175 4.209092 2.700000
v 4.103874 4.218747 -2.700000
v 4.146175 4.209092 -2.700000
v -6.813826 4.130908 2.700000
v -6.795000 4.170000 -0.690000
v -6.795000 4.170000 2.700000
v -6.856126 4.121253 2.700000
v -6.813826 4.130908 -0.690000
v -6.890049 4.148306 2.700000
v -6.856126 4.121253 -0.690000
v -6.890049 4.191694 2.700000
v -6.890049 4.148306 -0.690000
v -6.856126 4.218747 2.700000
v -6.890049 4.191694 -0.690000
v -6.813826 4.209092 2.700000
v -6.856126 4.218747 -0.690000
v -6.813826 4.209092 -0.690000
v -6.813826 4.130908 -1.410000
v -6.795000 4.170000 -2.700000
v -6.795000 4.170000 -1.410000
v -6.856126 4.121253 -1.410000
v -6.813826 4.130908 -2.700000
v -6.890049 4.148306 -1.410000
v -6.856126 4.121253 -2.700000
v -6.890049 4.191694 -1.410000
v -6.890049 4.148306 -2.700000
v -6.856126 4.218747 -1.410000
v -6.890049 4.191694 -2.700000
v -6.813826 4.209092 -1.410000
v -6.856126 4.218747 -2.700000
v -6.813826 4.209092 -2.700000
v -2.275000 3.100000 1.250000
v -2.165000 5.000000 1.250000
v -2.275000 5.000000 1.250000
v -2.275000 5.000000 1.215000
v -2.165000 3.100000 1.215000
v -2.275000 3.100000 1.215000
v -2.165000 3.100000 1.250000
v -2.165000 5.000000 1.215000
v -2.165000 5.000000 0.230000
v -2.275000 3.100000 0.230000
v -2.275000 5.000000 0.230000
v -2.165000 3.100000 0.265000
v -2.275000 5.000000 0.265000
v -2.275000 3.100000 0.265000
v -2.165000 3.100000 0.230000
v -2.165000 5.000000 0.265000
v -2.275000 5.035000 0.230000
v -2.275000 5.035000 1.250000
v -2.165000 5.035000 1.250000
v -2.165000 5.035000 0.230000
v 3.048172 3.700000 1.475502
v 3.027056 3.860000 -1.475791
v 3.027056 3.860000 1.475791
v 2.972056 3.860000 1.475791
v 2.993172 3.700000 -1.475502
v 2.993172 3.700000 1.475502
v 3.048172 3.700000 -1.475502
v 2.972056 3.860000 -1.475791
v 2.982056 3.860000 -1.490405
v -2.265000 3.700000 -1.562000
v -2.265000 3.860000 -1.562000
v 2.982056 3.860000 -1.445405
v -2.265000 3.700000 -1.517000
v 3.003172 3.700000 -1.445117
v 3.003172 3.700000 -1.490116
v -2.265000 3.860000 -1.517000
v 2.982056 3.860000 1.490405
v -2.265000 3.700000 1.562000
v 3.003172 3.700000 1.490116
v -2.265000 3.700000 1.517000
v 2.982056 3.860000 1.445405
v 3.003172 3.700000 1.445117
v -2.265000 3.860000 1.562000
v -2.265000 3.860000 1.517000
v -2.310000 3.860000 1.250000
v -2.310000 3.700000 1.593000
v -2.310000 3.860000 1.593000
v -2.255000 3.700000 1.250000
v -2.255000 3.860000 1.593000
v -2.255000 3.700000 1.593000
v -2.310000 3.700000 1.250000
v -2.255000 3.860000 1.250000
v -2.310000 3.860000 -1.593000
v -2.310000 3.700000 0.230000
v -2.310000 3.860000 0.230000
v -2.255000 3.700000 -1.593000
v -2.255000 3.860000 0.230000
v -2.255000 3.700000 0.230000
v -2.310000 3.700000 -1.593000
v -2.255000 3.860000 -1.593000
v 2.902995 4.800000 1.477483
v 2.881878 4.960000 -1.477772
v 2.881878 4.960000 1.477772
v 2.826878 4.960000 1.477772
v 2.847995 4.800000 -1.477483
v 2.847995 4.800000 1.477483
v 2.902995 4.800000 -1.477483
v 2.826878 4.960000 -1.477772
v 2.836878 4.960000 -1.492386
v -2.265000 4.800000 -1.562000
v -2.265000 4.960000 -1.562000
v 2.836878 4.960000 -1.447386
v -2.265000 4.800000 -1.517000
v 2.857995 4.800000 -1.447098
v 2.857995 4.800000 -1.492097
v -2.265000 4.960000 -1.517000
v 2.836878 4.960000 1.492386
v -2.265000 4.800000 1.562000
v 2.857995 4.800000 1.492097
v -2.265000 4.800000 1.517000
v 2.836878 4.960000 1.447386
v 2.857995 4.800000 1.447098
v -2.265000 4.960000 1.562000
v -2.265000 4.960000 1.517000
v -2.310000 4.960000 1.250000
v -2.310000 4.800000 1.593000
v -2.310000 4.960000 1.593000
v -2.255000 4.800000 1.250000
v -2.255000 4.960000 1.593000
v -2.255000 4.800000 1.593000
v -2.310000 4.800000 1.250000
v -2.255000 4.960000 1.250000
v -2.310000 4.960000 -1.593000
v -2.310000 4.800000 0.230000
v -2.310000 4.960000 0.230000
v -2.255000 4.800000 -1.593000
v -2.255000 4.960000 0.230000
v -2.255000 4.800000 0.230000
v -2.310000 4.800000 -1.593000
v -2.255000 4.960000 -1.593000
v 2.284137 3.960000 -1.260000
v 2.264137 3.960000 1.260000
v 2.264137 3.960000 -1.260000
v 2.284137 4.020000 1.260000
v 2.264137 4.020000 -1.260000
v 2.264137 4.020000 1.260000
v 2.284137 3.960000 1.260000
v 2.284137 4.020000 -1.260000
v 2.275000 3.780000 0.560000
v 1.335000 3.780000 1.360000
v 1.335000 3.780000 0.560000
v 2.275000 3.840000 1.360000
v 1.335000 3.840000 0.560000
v 1.335000 3.840000 1.360000
v 2.275000 3.780000 1.360000
v 2.275000 3.840000 0.560000
v 6.600000 5.600000 0.526258
v 6.510000 5.600000 0.560258
v 6.510000 5.600000 0.526258
v 6.600000 5.800000 0.560258
v 6.510000 5.800000 0.526258
v 6.510000 5.800000 0.560258
v 6.600000 5.600000 0.560258
v 6.600000 5.800000 0.526258
v 6.580000 4.420000 0.546258
v 6.490000 4.420000 0.580258
v 6.490000 4.420000 0.546258
v 6.580000 4.680000 0.580258
v 6.490000 4.680000 0.546258
v 6.490000 4.680000 0.580258
v 6.580000 4.420000 0.580258
v 6.580000 4.680000 0.546258
v -8.465000 1.090000 -1.270000
v -9.225000 1.090000 1.270000
v -9.225000 1.090000 -1.270000
v -8.465000 1.140000 1.270000
v -9.225000 1.140000 -1.270000
v -9.225000 1.140000 1.270000
v -8.465000 1.090000 1.270000
v -8.465000 1.140000 -1.270000
v -3.035000 3.480000 -2.640000
v -4.695000 3.480000 -2.170000
v -4.695000 3.480000 -2.640000
v -3.035000 3.530000 -2.170000
v -4.695000 3.530000 -2.640000
v -4.695000 3.530000 -2.170000
v -3.035000 3.480000 -2.170000
v -3.035000 3.530000 -2.640000
v -5.035000 3.480000 -2.640000
v -6.495000 3.480000 -2.170000
v -6.495000 3.480000 -2.640000
v -5.035000 3.530000 -2.170000
v -6.495000 3.530000 -2.640000
v -6.495000 3.530000 -2.170000
v -5.035000 3.480000 -2.170000
v -5.035000 3.530000 -2.640000
v -3.035000 3.480000 2.170000
v -4.695000 3.480000 2.640000
v -4.695000 3.480000 2.170000
v -3.035000 3.530000 2.640000
v -4.695000 3.530000 2.170000
v -4.695000 3.530000 2.640000
v -3.035000 3.480000 2.640000
v -3.035000 3.530000 2.170000
v -5.035000 3.480000 2.170000
v -6.495000 3.480000 2.640000
v -6.495000 3.480000 2.170000
v -5.035000 3.530000 2.640000
v -6.495000 3.530000 2.170000
v -6.495000 3.530000 2.640000
v -5.035000 3.480000 2.640000
v -5.035000 3.530000 2.170000
v -2.621999 3.279804 -0.549993
v -2.608000 3.539347 -0.576987
v -2.605000 3.279347 -0.566987
v -2.608000 3.540653 -0.543013
v -2.624999 3.539804 -0.559992
v -2.588001 3.280196 -0.550008
v -2.605000 3.280653 -0.533013
v -2.591001 3.540196 -0.560008
v -2.621999 3.279804 -0.664993
v -2.608000 3.539347 -0.691987
v -2.605000 3.279347 -0.681987
v -2.608000 3.540653 -0.658013
v -2.624999 3.539804 -0.674993
v -2.588001 3.280196 -0.665008
v -2.605000 3.280653 -0.648013
v -2.591001 3.540196 -0.675008
v -2.605000 3.279347 -0.796987
v -2.624999 3.539804 -0.789993
v -2.608000 3.539347 -0.806987
v -2.621999 3.279804 -0.779992
v -2.608000 3.540653 -0.773013
v -2.588001 3.280196 -0.780007
v -2.605000 3.280653 -0.763013
v -2.591001 3.540196 -0.790008
v -2.621999 3.279804 -0.894992
v -2.608000 3.539347 -0.921987
v -2.605000 3.279347 -0.911987
v -2.608000 3.540653 -0.888013
v -2.624999 3.539804 -0.904992
v -2.588001 3.280196 -0.895007
v -2.605000 3.280653 -0.878013
v -2.591001 3.540196 -0.905007
v -2.621999 3.279804 -1.009992
v -2.608000 3.539347 -1.036987
v -2.605000 3.279347 -1.026987
v -2.608000 3.540653 -1.003013
v -2.624999 3.539804 -1.019992
v -2.588001 3.280196 -1.010008
v -2.605000 3.280653 -0.993013
v -2.591001 3.540196 -1.020007
v -2.621999 3.279804 -1.124992
v -2.608000 3.539347 -1.151987
v -2.605000 3.279347 -1.141987
v -2.608000 3.540653 -1.118013
v -2.624999 3.539804 -1.134992
v -2.588001 3.280196 -1.125008
v -2.605000 3.280653 -1.108013
v -2.591001 3.540196 -1.135008
v -2.621999 3.279804 -1.239992
v -2.608000 3.539347 -1.266987
v -2.605000 3.279347 -1.256987
v -2.608000 3.540653 -1.233013
v -2.624999 3.539804 -1.249992
v -2.588001 3.280196 -1.240008
v -2.605000 3.280653 -1.223013
v -2.591001 3.540196 -1.250008
v -2.621999 3.279804 -1.354993
v -2.608000 3.539347 -1.381987
v -2.605000 3.279347 -1.371987
v -2.608000 3.540653 -1.348013
v -2.624999 3.539804 -1.364992
v -2.588001 3.280196 -1.355008
v -2.605000 3.280653 -1.338013
v -2.591001 3.540196 -1.365008
v -6.563014 3.098570 2.314129
v -6.645000 4.360000 2.301000
v -6.545000 3.100000 2.301000
v -6.656133 4.359117 2.335371
v -6.663013 4.358571 2.314129
v -6.533867 3.100883 2.335371
v -6.556133 3.099116 2.335371
v -6.626987 4.361430 2.314129
v -6.633867 4.360884 2.335371
v -6.526987 3.101429 2.314129
v -6.545000 3.100000 1.901000
v -6.633044 4.399028 1.914129
v -6.615000 4.400000 1.901000
v -6.556152 3.099399 1.935371
v -6.563044 3.099028 1.914129
v -6.603848 4.400600 1.935371
v -6.626152 4.399400 1.935371
v -6.526956 3.100971 1.914129
v -6.533848 3.100600 1.935371
v -6.596956 4.400972 1.914129
v -6.545000 3.100000 -2.339000
v -6.672999 4.338403 -2.325871
v -6.655000 4.340000 -2.339000
v -6.556124 3.099013 -2.304629
v -6.562999 3.098403 -2.325871
v -6.533876 3.100987 -2.304629
v -6.666124 4.339013 -2.304629
v -6.527001 3.101597 -2.325871
v -6.643876 4.340987 -2.304629
v -6.637001 4.341597 -2.325871
v 2.275000 3.840000 1.332000
v 1.335000 3.840000 1.332000
v 2.275000 3.862000 1.360000
v 1.335000 3.862000 1.332000
v 1.335000 3.862000 1.360000
v 2.275000 3.862000 1.332000
v 2.247000 3.840000 1.360000
v 2.247000 3.840000 0.560000
v 2.247000 3.862000 0.560000
v 2.247000 3.862000 1.360000
v 2.275000 3.862000 0.560000
v 1.363000 3.840000 0.560000
v 1.363000 3.862000 1.360000
v 1.335000 3.862000 0.560000
v 1.363000 3.840000 1.360000
v 1.363000 3.862000 0.560000
v 2.175000 3.420000 0.570000
v 1.435000 3.420000 0.600000
v 1.435000 3.420000 0.570000
v 2.175000 3.540000 0.600000
v 1.435000 3.540000 0.570000
v 1.435000 3.540000 0.600000
v 2.175000 3.420000 0.600000
v 2.175000 3.540000 0.570000
v 2.175000 3.600000 0.570000
v 1.435000 3.600000 0.600000
v 1.435000 3.600000 0.570000
v 2.175000 3.720000 0.600000
v 1.435000 3.720000 0.570000
v 1.435000 3.720000 0.600000
v 2.175000 3.600000 0.600000
v 2.175000 3.720000 0.570000
v -2.031883 3.152432 -0.905748
v -1.825000 4.278729 -0.997955
v -2.015000 3.148729 -0.917955
v -1.835435 4.282774 -0.965598
v -1.841883 4.282432 -0.985748
v -2.004566 3.149283 -0.885350
v -2.025434 3.152774 -0.885598
v -1.998117 3.146783 -0.905348
v -1.814566 4.279283 -0.965351
v -1.808117 4.276783 -0.985348
v -1.935000 3.130000 -0.970000
v -2.095000 3.130000 -0.830000
v -2.095000 3.130000 -0.970000
v -1.935000 3.180000 -0.830000
v -2.095000 3.180000 -0.970000
v -2.095000 3.180000 -0.830000
v -1.935000 3.130000 -0.830000
v -1.935000 3.180000 -0.970000
v 2.285000 1.815348 3.140539
v 2.220149 2.173291 3.153563
v 2.237000 2.175349 3.136539
v 2.285000 1.815726 3.174537
v 2.268149 1.813291 3.157563
v 2.301851 1.817784 3.157513
v 2.237000 2.175726 3.170537
v 2.253851 2.177784 3.153513
v 1.168149 1.783301 -3.221044
v 1.137000 2.145736 -3.234018
v 1.185000 1.785736 -3.238018
v 1.185000 1.785359 -3.204020
v 1.120149 2.143301 -3.217044
v 1.201851 1.787794 -3.220994
v 1.137000 2.145359 -3.200020
v 1.153851 2.147794 -3.216994
v 0.068220 1.751752 -3.252043
v 0.026500 2.114668 -3.265012
v 0.085000 1.754668 -3.269012
v 0.085000 1.754290 -3.235014
v 0.009720 2.111753 -3.248043
v 0.043280 2.117205 -3.247983
v 0.026500 2.114290 -3.231014
v 0.101780 1.757205 -3.251983
v 0.085000 1.754290 3.235014
v 0.041047 2.113208 3.248027
v 0.058000 2.114290 3.231014
v 0.068047 1.753208 3.252027
v 0.058000 2.114668 3.265012
v 0.101952 1.755750 3.251999
v 0.085000 1.754668 3.269012
v 0.074952 2.115750 3.247999
v -1.031953 1.726638 -3.251782
v -1.042000 2.088098 -3.264767
v -1.015000 1.728098 -3.268767
v -1.015000 1.727720 -3.234769
v -1.058953 2.086638 -3.247782
v -1.025048 2.089180 -3.247754
v -1.042000 2.087720 -3.230769
v -0.998048 1.729181 -3.251754
v -1.015000 1.727720 3.234769
v -1.069409 2.086148 3.247787
v -1.052500 2.087720 3.230769
v -1.031909 1.726148 3.251787
v -1.052500 2.088098 3.264767
v -0.998092 1.729670 3.251748
v -1.015000 1.728098 3.268767
v -1.035592 2.089670 3.247748
v -2.131909 1.706230 -3.229765
v -2.152500 2.068180 -3.242744
v -2.115000 1.708180 -3.246745
v -2.115000 1.707802 -3.212747
v -2.169409 2.066230 -3.225765
v -2.135592 2.069752 -3.225726
v -2.152500 2.067802 -3.208746
v -2.098092 1.709752 -3.229726
v -2.115000 1.707802 3.212747
v -2.179851 2.065744 3.225770
v -2.163000 2.067802 3.208746
v -2.131851 1.705745 3.229771
v -2.163000 2.068180 3.242744
v -2.098149 1.710238 3.229721
v -2.115000 1.708180 3.246745
v -2.146149 2.070238 3.225720
v -3.215000 1.697493 3.173042
v -3.290280 2.054955 3.186071
v -3.273500 2.057493 3.169042
v -3.231780 1.694955 3.190071
v -3.273500 2.057871 3.203040
v -3.198220 1.700408 3.190011
v -3.215000 1.697871 3.207040
v -3.256720 2.060408 3.186011
v -4.331780 1.695437 -3.134499
v -4.373500 2.058352 -3.147467
v -4.315000 1.698352 -3.151467
v -4.315000 1.697974 -3.117469
v -4.390280 2.055437 -3.130499
v -4.356720 2.060889 -3.130438
v -4.373500 2.057974 -3.113469
v -4.298220 1.700889 -3.134438
v -5.431952 1.704199 -3.080320
v -5.442000 2.065659 -3.093305
v -5.415000 1.705659 -3.097305
v -5.415000 1.705281 -3.063307
v -5.458953 2.064199 -3.076320
v -5.425048 2.066741 -3.076292
v -5.442000 2.065281 -3.059307
v -5.398047 1.706741 -3.080292
v -5.415000 1.705281 3.063307
v -5.469409 2.063709 3.076326
v -5.452500 2.065281 3.059307
v -5.431909 1.703709 3.080326
v -5.452500 2.065659 3.093305
v -5.398091 1.707231 3.080287
v -5.415000 1.705659 3.097305
v -5.435592 2.067231 3.076287
v -6.531909 1.716924 -3.026970
v -6.552500 2.078874 -3.039949
v -6.515000 1.718874 -3.043950
v -6.515000 1.718496 -3.009952
v -6.569409 2.076924 -3.022970
v -6.535592 2.080446 -3.022931
v -6.552500 2.078496 -3.005951
v -6.498092 1.720446 -3.026931
v -6.515000 1.718496 3.009952
v -6.579851 2.076438 3.022975
v -6.563000 2.078496 3.005951
v -6.531851 1.716438 3.026976
v -6.563000 2.078874 3.039949
v -6.498149 1.720931 3.026926
v -6.515000 1.718874 3.043950
v -6.546149 2.080932 3.022925
v -7.615000 1.736700 -2.987571
v -7.679851 2.094265 -2.966597
v -7.663000 2.096700 -2.983571
v -7.615000 1.736322 -2.953573
v -7.631851 1.734265 -2.970597
v -7.598149 1.738758 -2.970546
v -7.663000 2.096322 -2.949573
v -7.646149 2.098758 -2.966547
v -7.615000 1.736322 2.953573
v -7.690280 2.093785 2.966602
v -7.673500 2.096322 2.949573
v -7.631780 1.733785 2.970602
v -7.673500 2.096700 2.983571
v -7.598220 1.739238 2.970541
v -7.615000 1.736700 2.987571
v -7.656720 2.099237 2.966541
v -8.731953 1.752321 2.916424
v -8.742001 2.113404 2.895411
v -8.715000 1.753404 2.899410
v -8.742001 2.113781 2.929409
v -8.758953 2.112321 2.912424
v -8.698048 1.754864 2.916395
v -8.715000 1.753781 2.933408
v -8.725048 2.114864 2.912395
v 2.518012 0.701401 1.357389
v 2.547000 1.019705 1.320462
v 2.535000 0.699706 1.340462
v 2.535000 0.701826 1.374396
v 2.530012 1.021400 1.337389
v 2.551988 0.700131 1.357469
v 2.547000 1.021826 1.354396
v 2.563988 1.020131 1.337469
v 2.018008 0.690803 1.440920
v 2.044600 1.009235 1.403985
v 2.035000 0.689235 1.423985
v 2.035000 0.691356 1.457919
v 2.027607 1.010803 1.420920
v 2.061592 1.009788 1.420984
v 2.044600 1.011356 1.437919
v 2.051992 0.689788 1.440984
v 1.518017 0.683875 1.644428
v 1.549400 1.002053 1.607508
v 1.535000 0.682053 1.627508
v 1.535000 0.684174 1.661442
v 1.532417 1.003875 1.624428
v 1.566383 1.002352 1.624523
v 1.549400 1.004174 1.641442
v 1.551983 0.682352 1.644523
v -9.465000 1.580000 -2.756960
v -9.465000 1.580000 2.756960
v -9.365000 1.580000 -1.399247
v -9.505000 0.280000 1.850000
v 1.334563 2.180000 1.368886
vt 0.010210 0.004802
vt 0.010258 0.004925
vt 0.010210 0.004925
vt 0.010210 0.005104
vt 0.010353 0.005104
vt 0.010325 0.005314
vt 0.010492 0.005314
vt 0.010509 0.005546
vt 0.010676 0.005546
vt 0.010720 0.005796
vt 0.010887 0.005796
vt 0.010878 0.006062
vt 0.011046 0.006062
vt 0.011061 0.006342
vt 0.011229 0.006342
vt 0.011267 0.006633
vt 0.011434 0.006633
vt 0.011493 0.006936
vt 0.011660 0.006936
vt 0.011737 0.007249
vt 0.011905 0.007249
vt 0.011948 0.007572
vt 0.012116 0.007572
vt 0.012154 0.007904
vt 0.012322 0.007904
vt 0.012375 0.008244
vt 0.012543 0.008244
vt 0.012607 0.008592
vt 0.012774 0.008592
vt 0.012843 0.008947
vt 0.013011 0.008947
vt 0.013078 0.009310
vt 0.013246 0.009310
vt 0.013289 0.009680
vt 0.013456 0.009680
vt 0.013451 0.010056
vt 0.013618 0.010056
vt 0.013617 0.010438
vt 0.013785 0.010438
vt 0.013785 0.010827
vt 0.013953 0.010827
vt 0.013952 0.011221
vt 0.014119 0.011221
vt 0.014115 0.011621
vt 0.014282 0.011621
vt 0.014271 0.012027
vt 0.014438 0.012027
vt 0.014416 0.012438
vt 0.014583 0.012438
vt 0.014547 0.012854
vt 0.014715 0.012854
vt 0.014665 0.013275
vt 0.014832 0.013275
vt 0.014771 0.013701
vt 0.014939 0.013701
vt 0.014868 0.014131
vt 0.015035 0.014131
vt 0.014954 0.014567
vt 0.015122 0.014567
vt 0.015033 0.015006
vt 0.015200 0.015006
vt 0.015104 0.015451
vt 0.015272 0.015451
vt 0.015170 0.015899
vt 0.015337 0.015899
vt 0.015228 0.016352
vt 0.015395 0.016352
vt 0.015275 0.016809
vt 0.015442 0.016809
vt 0.015313 0.017270
vt 0.015480 0.017270
vt 0.015343 0.017735
vt 0.015510 0.017735
vt 0.015368 0.018204
vt 0.015535 0.018204
vt 0.015389 0.018676
vt 0.015556 0.018676
vt 0.015409 0.019153
vt 0.015577 0.019153
vt 0.015426 0.019633
vt 0.015594 0.019633
vt 0.015438 0.020117
vt 0.015606 0.020117
vt 0.015446 0.020604
vt 0.015613 0.020604
vt 0.015449 0.021095
vt 0.015617 0.021095
vt 0.015450 0.021589
vt 0.015616 0.022086
vt 0.015617 0.021589
vt 0.015612 0.022587
vt 0.015448 0.022086
vt 0.015605 0.023091
vt 0.015445 0.022587
vt 0.015595 0.023599
vt 0.015438 0.023091
vt 0.015582 0.024109
vt 0.015428 0.023599
vt 0.015567 0.024623
vt 0.015415 0.024109
vt 0.015550 0.025140
vt 0.015400 0.024623
vt 0.015531 0.025659
vt 0.015382 0.025140
vt 0.015509 0.026182
vt 0.015364 0.025659
vt 0.015484 0.026708
vt 0.015342 0.026182
vt 0.015457 0.027237
vt 0.015317 0.026708
vt 0.015429 0.027768
vt 0.015290 0.027237
vt 0.015402 0.028303
vt 0.015262 0.027768
vt 0.015375 0.028840
vt 0.015234 0.028303
vt 0.015349 0.029380
vt 0.015207 0.028840
vt 0.015323 0.029923
vt 0.015181 0.029380
vt 0.015296 0.030469
vt 0.015155 0.029923
vt 0.015269 0.031017
vt 0.015129 0.030469
vt 0.015243 0.031568
vt 0.015102 0.031017
vt 0.015216 0.032121
vt 0.015075 0.031568
vt 0.015187 0.032677
vt 0.015048 0.032121
vt 0.015158 0.033236
vt 0.015019 0.032677
vt 0.015129 0.033797
vt 0.014990 0.033236
vt 0.015102 0.034361
vt 0.014961 0.033797
vt 0.015078 0.034927
vt 0.014935 0.034361
vt 0.015044 0.035496
vt 0.014911 0.034927
vt 0.015016 0.036067
vt 0.014877 0.035496
vt 0.014997 0.036641
vt 0.014848 0.036067
vt 0.010161 0.004925
vt 0.010095 0.005314
vt 0.010066 0.005104
vt 0.009910 0.005546
vt 0.009927 0.005314
vt 0.009699 0.005796
vt 0.009743 0.005546
vt 0.009541 0.006062
vt 0.009532 0.005796
vt 0.009358 0.006342
vt 0.009373 0.006062
vt 0.009153 0.006633
vt 0.009190 0.006342
vt 0.008926 0.006936
vt 0.008985 0.006633
vt 0.008682 0.007249
vt 0.008759 0.006936
vt 0.008471 0.007572
vt 0.008515 0.007249
vt 0.008265 0.007904
vt 0.008304 0.007572
vt 0.008044 0.008244
vt 0.008098 0.007904
vt 0.007813 0.008592
vt 0.007877 0.008244
vt 0.007576 0.008947
vt 0.007645 0.008592
vt 0.007341 0.009310
vt 0.007409 0.008947
vt 0.007131 0.009680
vt 0.007173 0.009310
vt 0.006969 0.010056
vt 0.006963 0.009680
vt 0.006802 0.010438
vt 0.006801 0.010056
vt 0.006634 0.010827
vt 0.006635 0.010438
vt 0.006468 0.011221
vt 0.006467 0.010827
vt 0.006305 0.011621
vt 0.006300 0.011221
vt 0.006149 0.012027
vt 0.006137 0.011621
vt 0.006004 0.012438
vt 0.005981 0.012027
vt 0.005873 0.012854
vt 0.005836 0.012438
vt 0.005755 0.013275
vt 0.005705 0.012854
vt 0.005648 0.013701
vt 0.005587 0.013275
vt 0.005552 0.014131
vt 0.005481 0.013701
vt 0.005465 0.014567
vt 0.005385 0.014131
vt 0.005387 0.015006
vt 0.005298 0.014567
vt 0.005316 0.015451
vt 0.005219 0.015006
vt 0.005250 0.015899
vt 0.005148 0.015451
vt 0.005192 0.016352
vt 0.005082 0.015899
vt 0.005145 0.016809
vt 0.005024 0.016352
vt 0.005107 0.017270
vt 0.004977 0.016809
vt 0.005077 0.017735
vt 0.004940 0.017270
vt 0.005052 0.018204
vt 0.004909 0.017735
vt 0.005031 0.018676
vt 0.004885 0.018204
vt 0.005011 0.019153
vt 0.004863 0.018676
vt 0.004993 0.019633
vt 0.004843 0.019153
vt 0.004982 0.020117
vt 0.004826 0.019633
vt 0.004974 0.020604
vt 0.004814 0.020117
vt 0.004971 0.021095
vt 0.004807 0.020604
vt 0.004970 0.021589
vt 0.004803 0.021095
vt 0.004804 0.022086
vt 0.004802 0.021589
vt 0.004972 0.022086
vt 0.004808 0.022587
vt 0.004975 0.022587
vt 0.004814 0.023091
vt 0.004982 0.023091
vt 0.004824 0.023599
vt 0.004992 0.023599
vt 0.004837 0.024109
vt 0.005005 0.024109
vt 0.004853 0.024623
vt 0.005020 0.024623
vt 0.004870 0.025140
vt 0.005037 0.025140
vt 0.004889 0.025659
vt 0.005056 0.025659
vt 0.004911 0.026182
vt 0.005078 0.026182
vt 0.004936 0.026708
vt 0.005103 0.026708
vt 0.004963 0.027237
vt 0.005130 0.027237
vt 0.004990 0.027768
vt 0.005158 0.027768
vt 0.005018 0.028303
vt 0.005186 0.028303
vt 0.005045 0.028840
vt 0.005212 0.028840
vt 0.005071 0.029380
vt 0.005238 0.029380
vt 0.005097 0.029923
vt 0.005265 0.029923
vt 0.005124 0.030469
vt 0.005291 0.030469
vt 0.005150 0.031017
vt 0.005318 0.031017
vt 0.005177 0.031568
vt 0.005345 0.031568
vt 0.005204 0.032121
vt 0.005372 0.032121
vt 0.005233 0.032677
vt 0.005400 0.032677
vt 0.005262 0.033236
vt 0.005430 0.033236
vt 0.005291 0.033797
vt 0.005458 0.033797
vt 0.005318 0.034361
vt 0.005485 0.034361
vt 0.005341 0.034927
vt 0.005509 0.034927
vt 0.005375 0.035496
vt 0.005543 0.035496
vt 0.005404 0.036067
vt 0.005572 0.036067
vt 0.005423 0.036641
vt 0.226177 0.236826
vt 0.226010 0.243874
vt 0.226010 0.236658
vt 0.084987 0.460006
vt 0.084820 0.459156
vt 0.084987 0.459025
vt 0.216405 0.236659
vt 0.215433 0.242853
vt 0.215433 0.236658
vt 0.290721 0.425404
vt 0.290553 0.426995
vt 0.290553 0.425404
vt 0.280948 0.425404
vt 0.280781 0.426995
vt 0.280781 0.425404
vt 0.442654 0.233182
vt 0.442821 0.233099
vt 0.442821 0.233183
vt 0.432311 0.379571
vt 0.432395 0.381124
vt 0.432311 0.381124
vt 0.442654 0.265898
vt 0.442819 0.265816
vt 0.442819 0.265900
vt 0.432395 0.262287
vt 0.432312 0.260697
vt 0.432395 0.260697
vt 0.081978 0.329684
vt 0.081795 0.326371
vt 0.081978 0.326372
vt 0.314442 0.326313
vt 0.314625 0.329627
vt 0.314442 0.329626
vt 0.324888 0.800728
vt 0.324830 0.800913
vt 0.324830 0.800728
vt 0.266912 0.342837
vt 0.266970 0.339520
vt 0.266970 0.342838
vt 0.295898 0.800728
vt 0.295839 0.800913
vt 0.295839 0.800728
vt 0.247644 0.339520
vt 0.247585 0.342836
vt 0.247585 0.339520
vt 0.091766 0.326372
vt 0.091583 0.329684
vt 0.091583 0.326371
vt 0.304654 0.329624
vt 0.304837 0.326313
vt 0.304837 0.329625
vt 0.344215 0.800913
vt 0.344157 0.800728
vt 0.344215 0.800728
vt 0.276574 0.339520
vt 0.276632 0.342838
vt 0.276574 0.342837
vt 0.305561 0.800913
vt 0.305503 0.800728
vt 0.305561 0.800728
vt 0.257307 0.342836
vt 0.257249 0.339520
vt 0.257307 0.339520
vt 0.300326 0.425404
vt 0.300384 0.427112
vt 0.300326 0.427112
vt 0.432311 0.105759
vt 0.432370 0.107426
vt 0.432311 0.107426
vt 0.421822 0.164331
vt 0.422006 0.166040
vt 0.421822 0.166040
vt 0.091583 0.326313
vt 0.421822 0.141703
vt 0.422006 0.143412
vt 0.421822 0.143412
vt 0.081795 0.326312
vt 0.081978 0.326313
vt 0.295775 0.380505
vt 0.295812 0.377910
vt 0.295812 0.380504
vt 0.265714 0.380506
vt 0.265753 0.377911
vt 0.265753 0.380507
vt 0.286129 0.380503
vt 0.286170 0.377911
vt 0.286170 0.380503
vt 0.197359 0.380507
vt 0.197395 0.377911
vt 0.197395 0.380508
vt 0.197328 0.380508
vt 0.197359 0.377910
vt 0.486603 0.908166
vt 0.486643 0.908179
vt 0.486643 0.908220
vt 0.496272 0.908233
vt 0.496248 0.908200
vt 0.496272 0.908166
vt 0.400529 0.052197
vt 0.400565 0.049987
vt 0.400565 0.052196
vt 0.400529 0.007013
vt 0.400568 0.004803
vt 0.400568 0.007013
vt 0.400529 0.018826
vt 0.400570 0.016618
vt 0.400570 0.018826
vt 0.342432 0.392324
vt 0.342468 0.390113
vt 0.342468 0.392324
vt 0.342401 0.392324
vt 0.342432 0.390112
vt 0.505940 0.908166
vt 0.505980 0.908179
vt 0.505980 0.908220
vt 0.476911 0.908220
vt 0.476911 0.908179
vt 0.476950 0.908166
vt 0.052427 0.185057
vt 0.051556 0.172323
vt 0.052427 0.172323
vt 0.030604 0.172323
vt 0.031475 0.185057
vt 0.030604 0.185057
vt 0.082883 0.172326
vt 0.083619 0.185026
vt 0.082883 0.185029
vt 0.432311 0.358660
vt 0.433049 0.359509
vt 0.432311 0.359510
vt 0.169255 0.104666
vt 0.169991 0.117251
vt 0.169255 0.117257
vt 0.433048 0.306238
vt 0.432312 0.305366
vt 0.433048 0.305367
vt 0.390383 0.283660
vt 0.389746 0.281985
vt 0.390383 0.281985
vt 0.389746 0.236863
vt 0.390383 0.238539
vt 0.389746 0.238539
vt 0.368889 0.425404
vt 0.368956 0.427075
vt 0.368889 0.427075
vt 0.639870 0.516037
vt 0.639937 0.516658
vt 0.639870 0.516658
vt 0.432311 0.117032
vt 0.432378 0.118688
vt 0.432311 0.118688
vt 0.363099 0.631579
vt 0.363032 0.630943
vt 0.363099 0.630943
vt 0.390383 0.294941
vt 0.389746 0.293265
vt 0.390383 0.293265
vt 0.389746 0.248144
vt 0.390383 0.249819
vt 0.389746 0.249819
vt 0.397904 0.425404
vt 0.397971 0.427075
vt 0.397904 0.427075
vt 0.639870 0.526263
vt 0.639937 0.526884
vt 0.639870 0.526884
vt 0.432312 0.128294
vt 0.432378 0.129950
vt 0.432312 0.129951
vt 0.372771 0.631579
vt 0.372704 0.630943
vt 0.372771 0.630943
vt 0.062903 0.185057
vt 0.062032 0.172323
vt 0.062903 0.172323
vt 0.041080 0.172323
vt 0.041951 0.185057
vt 0.041080 0.185057
vt 0.169255 0.082346
vt 0.169991 0.095046
vt 0.169255 0.095049
vt 0.432311 0.369116
vt 0.433049 0.369965
vt 0.432311 0.369966
vt 0.103598 0.172329
vt 0.104334 0.184914
vt 0.103598 0.184920
vt 0.433048 0.316714
vt 0.432312 0.315843
vt 0.433048 0.315843
vt 0.390383 0.306221
vt 0.389746 0.304545
vt 0.390383 0.304545
vt 0.389746 0.259424
vt 0.390383 0.261100
vt 0.389746 0.261100
vt 0.378561 0.425404
vt 0.378628 0.427075
vt 0.378561 0.427075
vt 0.639870 0.536489
vt 0.639937 0.537110
vt 0.639870 0.537110
vt 0.432311 0.139556
vt 0.432378 0.141212
vt 0.432311 0.141213
vt 0.382443 0.631579
vt 0.382376 0.630943
vt 0.382443 0.630943
vt 0.390383 0.317501
vt 0.389746 0.315826
vt 0.390383 0.315826
vt 0.389746 0.270704
vt 0.390383 0.272380
vt 0.389746 0.272380
vt 0.388233 0.425404
vt 0.388300 0.427075
vt 0.388233 0.427075
vt 0.639870 0.546715
vt 0.639937 0.547336
vt 0.639870 0.547337
vt 0.432311 0.150818
vt 0.432378 0.152474
vt 0.432311 0.152475
vt 0.392114 0.631579
vt 0.392048 0.630943
vt 0.392114 0.630943
vt 0.009703 0.093758
vt 0.008768 0.097544
vt 0.004881 0.093758
vt 0.070230 0.042616
vt 0.071165 0.038829
vt 0.075051 0.042616
vt 0.169292 0.069130
vt 0.169372 0.072734
vt 0.169255 0.072735
vt 0.169255 0.056617
vt 0.169409 0.069129
vt 0.014675 0.275826
vt 0.014558 0.270849
vt 0.014675 0.270849
vt 0.169296 0.008645
vt 0.169372 0.021286
vt 0.169255 0.021287
vt 0.169255 0.004802
vt 0.169413 0.008645
vt 0.077416 0.365337
vt 0.077533 0.368216
vt 0.077416 0.368216
vt 0.169256 0.047011
vt 0.169409 0.043405
vt 0.169373 0.047010
vt 0.304291 0.120945
vt 0.304174 0.124660
vt 0.304174 0.120947
vt 0.292877 0.115173
vt 0.292994 0.111272
vt 0.292994 0.115173
vt 0.101465 0.810669
vt 0.101578 0.810551
vt 0.101578 0.810668
vt 0.292877 0.101668
vt 0.292994 0.097767
vt 0.292994 0.101668
vt 0.067811 0.365442
vt 0.067694 0.365337
vt 0.067811 0.365337
vt 0.169292 0.043406
vt 0.169372 0.030891
vt 0.101762 0.195499
vt 0.101645 0.208130
vt 0.101645 0.195500
vt 0.072680 0.208166
vt 0.072563 0.195499
vt 0.072680 0.195499
vt 0.368138 0.287601
vt 0.368021 0.287484
vt 0.368138 0.287484
vt 0.043396 0.208166
vt 0.043513 0.195499
vt 0.043513 0.208166
vt 0.004917 0.810551
vt 0.004802 0.810668
vt 0.004802 0.810551
vt 0.368021 0.290064
vt 0.207117 0.377910
vt 0.207000 0.380430
vt 0.207000 0.377911
vt 0.368138 0.275297
vt 0.368021 0.277879
vt 0.368021 0.275297
vt 0.806445 0.366075
vt 0.806562 0.365958
vt 0.806562 0.366075
vt 0.368138 0.263110
vt 0.368021 0.265692
vt 0.368021 0.263110
vt 0.169373 0.031007
vt 0.169255 0.030893
vt 0.659800 0.116743
vt 0.659683 0.117247
vt 0.659683 0.116743
vt 0.659800 0.339376
vt 0.659683 0.339869
vt 0.659683 0.339377
vt 0.659800 0.106634
vt 0.659683 0.107138
vt 0.659683 0.106634
vt 0.154765 0.140219
vt 0.154882 0.140336
vt 0.154765 0.140336
vt 0.659800 0.096525
vt 0.659683 0.097029
vt 0.659683 0.096525
vt 0.806561 0.600783
vt 0.806445 0.600899
vt 0.806445 0.600782
vt 0.154923 0.127695
vt 0.111484 0.195499
vt 0.111367 0.208037
vt 0.111367 0.195500
vt 0.062958 0.195499
vt 0.062840 0.208166
vt 0.062840 0.195499
vt 0.806445 0.786472
vt 0.806559 0.786355
vt 0.806559 0.786472
vt 0.053118 0.195499
vt 0.053236 0.208166
vt 0.053118 0.208166
vt 0.659683 0.117130
vt 0.659800 0.117247
vt 0.154806 0.127695
vt 0.154882 0.123852
vt 0.292877 0.142167
vt 0.292994 0.138284
vt 0.292994 0.142167
vt 0.292994 0.124778
vt 0.292877 0.128678
vt 0.292877 0.124778
vt 0.067693 0.368099
vt 0.067811 0.368216
vt 0.067694 0.368216
vt 0.292994 0.084262
vt 0.292877 0.088162
vt 0.292877 0.084262
vt 0.806559 0.727726
vt 0.806445 0.727842
vt 0.806445 0.727725
vt 0.333716 0.355497
vt 0.333833 0.352548
vt 0.333833 0.355497
vt 0.323994 0.355499
vt 0.324111 0.352548
vt 0.324111 0.355499
vt 0.169255 0.046895
vt 0.314272 0.355499
vt 0.314389 0.352548
vt 0.314389 0.355499
vt 0.154882 0.123969
vt 0.154765 0.123852
vt 0.389746 0.074308
vt 0.389853 0.076672
vt 0.389746 0.076672
vt 0.389853 0.088642
vt 0.389746 0.086277
vt 0.389853 0.086277
vt 0.389746 0.166537
vt 0.389863 0.168844
vt 0.389746 0.168845
vt 0.391818 0.810668
vt 0.391924 0.810552
vt 0.391924 0.810669
vt 0.389863 0.007166
vt 0.389746 0.004802
vt 0.389863 0.004803
vt 0.333593 0.810668
vt 0.333700 0.810552
vt 0.333700 0.810669
vt 0.389746 0.098247
vt 0.389853 0.100611
vt 0.389746 0.100611
vt 0.389853 0.112581
vt 0.389746 0.110216
vt 0.389853 0.110216
vt 0.389746 0.178450
vt 0.389863 0.180757
vt 0.389746 0.180757
vt 0.401529 0.810668
vt 0.401635 0.810552
vt 0.401635 0.810669
vt 0.389863 0.019134
vt 0.389746 0.016771
vt 0.389863 0.016771
vt 0.343305 0.810668
vt 0.343412 0.810552
vt 0.343412 0.810669
vt 0.125699 0.050729
vt 0.125766 0.032675
vt 0.125766 0.050734
vt 0.084863 0.134850
vt 0.084934 0.116588
vt 0.084934 0.134850
vt 0.084806 0.134850
vt 0.084863 0.116588
vt 0.125771 0.115831
vt 0.125699 0.134050
vt 0.125699 0.115831
vt 0.055665 0.116587
vt 0.055609 0.134850
vt 0.055609 0.116588
vt 0.055736 0.116587
vt 0.055665 0.134850
vt 0.125829 0.032670
vt 0.125829 0.050728
vt 0.728682 0.044082
vt 0.728682 0.044154
vt 0.728626 0.044197
vt 0.507908 0.722034
vt 0.507851 0.722152
vt 0.507749 0.722071
vt 0.125699 0.078398
vt 0.125766 0.060344
vt 0.125766 0.078402
vt 0.075131 0.134850
vt 0.075201 0.116588
vt 0.075201 0.134850
vt 0.075074 0.134850
vt 0.075131 0.116588
vt 0.125771 0.088007
vt 0.125699 0.106226
vt 0.125699 0.088007
vt 0.065398 0.116587
vt 0.065341 0.134850
vt 0.065341 0.116588
vt 0.065469 0.116587
vt 0.065398 0.134850
vt 0.125829 0.060339
vt 0.125829 0.078397
vt 0.728626 0.034432
vt 0.728556 0.034417
vt 0.728524 0.034353
vt 0.498112 0.722005
vt 0.498112 0.722136
vt 0.497985 0.722107
vt 0.221935 0.069573
vt 0.222001 0.060752
vt 0.222001 0.069580
vt 0.034628 0.227053
vt 0.034698 0.218005
vt 0.034698 0.227053
vt 0.034571 0.227053
vt 0.034628 0.218005
vt 0.106603 0.227047
vt 0.106676 0.218006
vt 0.106676 0.227047
vt 0.044360 0.218005
vt 0.044303 0.227053
vt 0.044303 0.218005
vt 0.044431 0.218005
vt 0.044360 0.227053
vt 0.222066 0.060745
vt 0.222066 0.069573
vt 0.537057 0.722034
vt 0.537057 0.722107
vt 0.537000 0.722152
vt 0.663000 0.722069
vt 0.662898 0.722152
vt 0.662842 0.722035
vt 0.259877 0.056199
vt 0.259943 0.050664
vt 0.259943 0.056206
vt 0.181074 0.260588
vt 0.181145 0.254908
vt 0.181145 0.260588
vt 0.181017 0.260588
vt 0.181074 0.254908
vt 0.223713 0.260585
vt 0.223786 0.254908
vt 0.223786 0.260585
vt 0.190807 0.254908
vt 0.190750 0.260588
vt 0.190750 0.254908
vt 0.190877 0.254908
vt 0.190807 0.260588
vt 0.260008 0.050657
vt 0.260008 0.056199
vt 0.527262 0.722136
vt 0.527191 0.722152
vt 0.527134 0.722107
vt 0.672706 0.721989
vt 0.672763 0.722107
vt 0.672636 0.722134
vt 0.384125 0.392222
vt 0.384191 0.390119
vt 0.384191 0.392228
vt 0.077108 0.392274
vt 0.077178 0.390112
vt 0.077178 0.392274
vt 0.077050 0.392274
vt 0.077108 0.390112
vt 0.400529 0.263196
vt 0.400601 0.261036
vt 0.400601 0.263196
vt 0.086840 0.390112
vt 0.086783 0.392274
vt 0.086783 0.390112
vt 0.086911 0.390112
vt 0.086840 0.392274
vt 0.384256 0.390112
vt 0.384256 0.392221
vt 0.546821 0.722034
vt 0.546821 0.722107
vt 0.546764 0.722152
vt 0.682526 0.722105
vt 0.682399 0.722136
vt 0.682399 0.722006
vt 0.335738 0.216494
vt 0.335554 0.213315
vt 0.335738 0.213316
vt 0.187551 0.339520
vt 0.187733 0.342701
vt 0.187551 0.342699
vt 0.353879 0.800728
vt 0.353820 0.800913
vt 0.353820 0.800728
vt 0.024129 0.355732
vt 0.024187 0.352548
vt 0.024187 0.355732
vt 0.334552 0.800728
vt 0.334493 0.800913
vt 0.334493 0.800728
vt 0.014525 0.352548
vt 0.014466 0.355730
vt 0.014466 0.352548
vt 0.335736 0.226158
vt 0.335554 0.229336
vt 0.335554 0.226157
vt 0.177762 0.342698
vt 0.177946 0.339521
vt 0.177946 0.342699
vt 0.363542 0.800913
vt 0.363484 0.800728
vt 0.363542 0.800728
vt 0.033791 0.352548
vt 0.033849 0.355732
vt 0.033791 0.355732
vt 0.315225 0.800913
vt 0.315166 0.800728
vt 0.315225 0.800728
vt 0.004861 0.355730
vt 0.004802 0.352548
vt 0.004861 0.352548
vt 0.309989 0.425404
vt 0.310048 0.427112
vt 0.309989 0.427112
vt 0.432311 0.094486
vt 0.432370 0.096154
vt 0.432311 0.096154
vt 0.421822 0.175645
vt 0.422006 0.177354
vt 0.421822 0.177354
vt 0.335554 0.226099
vt 0.421822 0.153017
vt 0.422006 0.154726
vt 0.421822 0.154726
vt 0.335554 0.213256
vt 0.335738 0.213257
vt 0.270653 0.211842
vt 0.270921 0.207009
vt 0.270921 0.211834
vt 0.270653 0.154449
vt 0.270920 0.149509
vt 0.270920 0.154450
vt 0.053371 0.275794
vt 0.053463 0.270849
vt 0.053463 0.275794
vt 0.708952 0.431262
vt 0.709043 0.431004
vt 0.709043 0.431274
vt 0.043674 0.275795
vt 0.043766 0.270849
vt 0.043766 0.275795
vt 0.708952 0.450777
vt 0.709044 0.451035
vt 0.708952 0.451047
vt 0.096998 0.226681
vt 0.096730 0.218008
vt 0.096998 0.218005
vt 0.014943 0.218039
vt 0.014675 0.226803
vt 0.014675 0.218005
vt 0.222010 0.211675
vt 0.221935 0.202849
vt 0.222010 0.202847
vt 0.718749 0.123786
vt 0.718825 0.123518
vt 0.718825 0.123786
vt 0.234388 0.048511
vt 0.234464 0.039719
vt 0.234464 0.048512
vt 0.718823 0.064174
vt 0.718749 0.064440
vt 0.718749 0.064172
vt 0.005070 0.218040
vt 0.004802 0.226819
vt 0.004802 0.218005
vt 0.054036 0.218007
vt 0.054304 0.226716
vt 0.054036 0.226753
vt 0.234388 0.013630
vt 0.234464 0.004803
vt 0.234464 0.013631
vt 0.718749 0.133391
vt 0.718825 0.133659
vt 0.718749 0.133659
vt 0.234388 0.058118
vt 0.234464 0.066909
vt 0.234388 0.066910
vt 0.718823 0.104038
vt 0.718749 0.103768
vt 0.718823 0.103770
vt 0.285883 0.599780
vt 0.286151 0.600355
vt 0.285883 0.600354
vt 0.587304 0.599780
vt 0.587572 0.600341
vt 0.587304 0.600341
vt 0.649759 0.178603
vt 0.649851 0.179178
vt 0.649759 0.179178
vt 0.024283 0.712071
vt 0.024374 0.712339
vt 0.024283 0.712338
vt 0.649759 0.158244
vt 0.649851 0.158819
vt 0.649759 0.158819
vt 0.709044 0.668924
vt 0.708952 0.668656
vt 0.709044 0.668657
vt 0.216697 0.339520
vt 0.216965 0.342573
vt 0.216697 0.342572
vt 0.345913 0.181982
vt 0.346181 0.184962
vt 0.345913 0.184962
vt 0.192084 0.352548
vt 0.192176 0.355603
vt 0.192084 0.355603
vt 0.014587 0.712071
vt 0.014678 0.712339
vt 0.014587 0.712338
vt 0.182387 0.352548
vt 0.182479 0.355603
vt 0.182387 0.355603
vt 0.709044 0.678797
vt 0.708952 0.678529
vt 0.709044 0.678530
vt 0.270653 0.197404
vt 0.270921 0.192565
vt 0.270921 0.197396
vt 0.270653 0.139901
vt 0.270920 0.134954
vt 0.270920 0.139902
vt 0.033977 0.275800
vt 0.034069 0.270849
vt 0.034069 0.275800
vt 0.708952 0.421374
vt 0.709043 0.421116
vt 0.709043 0.421387
vt 0.024280 0.275801
vt 0.024372 0.270849
vt 0.024372 0.275801
vt 0.708952 0.440891
vt 0.709044 0.441149
vt 0.708952 0.441161
vt 0.222203 0.193205
vt 0.221935 0.184773
vt 0.222203 0.184770
vt 0.222203 0.134193
vt 0.221935 0.142714
vt 0.221935 0.134159
vt 0.004878 0.245242
vt 0.004802 0.236659
vt 0.004878 0.236658
vt 0.718749 0.143532
vt 0.718825 0.143264
vt 0.718825 0.143532
vt 0.024121 0.245207
vt 0.024196 0.236659
vt 0.024196 0.245208
vt 0.718823 0.074049
vt 0.718749 0.074315
vt 0.718749 0.074047
vt 0.222203 0.116018
vt 0.221935 0.124554
vt 0.221935 0.115983
vt 0.221935 0.152320
vt 0.222203 0.160788
vt 0.221935 0.160825
vt 0.234388 0.222265
vt 0.234464 0.213682
vt 0.234464 0.222266
vt 0.718749 0.153137
vt 0.718825 0.153405
vt 0.718749 0.153405
vt 0.033801 0.236659
vt 0.033877 0.245207
vt 0.033801 0.245208
vt 0.718823 0.113913
vt 0.718749 0.113643
vt 0.718823 0.113645
vt 0.295756 0.599780
vt 0.296024 0.600355
vt 0.295756 0.600354
vt 0.600228 0.004803
vt 0.600496 0.005363
vt 0.600228 0.005364
vt 0.649759 0.188783
vt 0.649851 0.189357
vt 0.649759 0.189357
vt 0.033979 0.712071
vt 0.034070 0.712339
vt 0.033979 0.712338
vt 0.649759 0.168423
vt 0.649851 0.168998
vt 0.649759 0.168998
vt 0.709044 0.688670
vt 0.708952 0.688402
vt 0.709044 0.688402
vt 0.226570 0.339520
vt 0.226838 0.342573
vt 0.226570 0.342572
vt 0.345913 0.194568
vt 0.346181 0.197548
vt 0.345913 0.197548
vt 0.211478 0.352548
vt 0.211570 0.355603
vt 0.211478 0.355603
vt 0.043675 0.712071
vt 0.043766 0.712339
vt 0.043675 0.712338
vt 0.201781 0.352548
vt 0.201873 0.355603
vt 0.201781 0.355603
vt 0.709044 0.659051
vt 0.708952 0.658783
vt 0.709044 0.658784
vt 0.145122 0.285431
vt 0.145089 0.289653
vt 0.145089 0.285431
vt 0.154761 0.285431
vt 0.154727 0.289653
vt 0.154727 0.285431
vt 0.284248 0.908267
vt 0.284281 0.908166
vt 0.284281 0.908267
vt 0.164365 0.285431
vt 0.164466 0.289550
vt 0.164365 0.289551
vt 0.293886 0.908267
vt 0.293919 0.908166
vt 0.293919 0.908267
vt 0.247239 0.206968
vt 0.247139 0.202748
vt 0.247239 0.202748
vt 0.294972 0.354123
vt 0.293631 0.352548
vt 0.294972 0.352548
vt 0.282686 0.352548
vt 0.284027 0.354123
vt 0.282686 0.354123
vt 0.432312 0.162080
vt 0.432412 0.163651
vt 0.432312 0.163651
vt 0.442654 0.359260
vt 0.442754 0.360568
vt 0.442654 0.360568
vt 0.432311 0.326320
vt 0.432412 0.327876
vt 0.432311 0.327877
vt 0.442791 0.168651
vt 0.442690 0.167311
vt 0.442791 0.167312
vt 0.809451 0.830303
vt 0.809394 0.830152
vt 0.809451 0.830152
vt 0.790070 0.830152
vt 0.790127 0.830303
vt 0.790070 0.830303
vt 0.679466 0.431774
vt 0.679617 0.431440
vt 0.679617 0.431775
vt 0.451307 0.702413
vt 0.451362 0.702078
vt 0.451362 0.702413
vt 0.679466 0.481440
vt 0.679616 0.481107
vt 0.679616 0.481442
vt 0.383387 0.702413
vt 0.383444 0.702078
vt 0.383444 0.702413
vt 0.819113 0.830303
vt 0.819056 0.830152
vt 0.819113 0.830152
vt 0.799732 0.830152
vt 0.799789 0.830303
vt 0.799732 0.830303
vt 0.139989 0.662074
vt 0.140139 0.661640
vt 0.140139 0.662075
vt 0.679466 0.312071
vt 0.679522 0.311636
vt 0.679522 0.312071
vt 0.178863 0.662075
vt 0.179012 0.661641
vt 0.179012 0.662076
vt 0.679466 0.144073
vt 0.679523 0.143637
vt 0.679523 0.144073
vt 0.107395 0.254908
vt 0.106121 0.259164
vt 0.106121 0.254908
vt 0.096516 0.254908
vt 0.095243 0.259164
vt 0.095243 0.254908
vt 0.452970 0.319482
vt 0.453054 0.320752
vt 0.452970 0.320752
vt 0.135400 0.285431
vt 0.135484 0.289583
vt 0.135400 0.289583
vt 0.452970 0.372263
vt 0.453054 0.373521
vt 0.452970 0.373522
vt 0.281605 0.155939
vt 0.281521 0.151686
vt 0.281605 0.151686
vt 0.244241 0.315662
vt 0.243454 0.312881
vt 0.244241 0.312881
vt 0.233061 0.312881
vt 0.233849 0.315662
vt 0.233061 0.315662
vt 0.286302 0.365337
vt 0.286385 0.368111
vt 0.286302 0.368112
vt 0.044357 0.599780
vt 0.044441 0.600548
vt 0.044357 0.600549
vt 0.334713 0.365337
vt 0.334797 0.368087
vt 0.334713 0.368087
vt 0.590271 0.459940
vt 0.590187 0.459153
vt 0.590271 0.459153
vt 0.157765 0.341966
vt 0.156977 0.339520
vt 0.157765 0.339520
vt 0.136193 0.339520
vt 0.136980 0.341966
vt 0.136193 0.341966
vt 0.378920 0.269854
vt 0.379004 0.272294
vt 0.378920 0.272294
vt 0.054046 0.599780
vt 0.054130 0.600548
vt 0.054046 0.600549
vt 0.378920 0.317986
vt 0.379004 0.320404
vt 0.378920 0.320404
vt 0.590271 0.470332
vt 0.590187 0.469545
vt 0.590271 0.469545
vt 0.254633 0.315662
vt 0.253846 0.312881
vt 0.254633 0.312881
vt 0.222669 0.312881
vt 0.223456 0.315662
vt 0.222669 0.315662
vt 0.295990 0.365337
vt 0.296074 0.368111
vt 0.295990 0.368112
vt 0.063735 0.599780
vt 0.063818 0.600548
vt 0.063735 0.600549
vt 0.344402 0.365337
vt 0.344486 0.368087
vt 0.344402 0.368087
vt 0.590271 0.480724
vt 0.590187 0.479937
vt 0.590271 0.479937
vt 0.168157 0.341966
vt 0.167370 0.339520
vt 0.168157 0.339520
vt 0.146585 0.339520
vt 0.147372 0.341966
vt 0.146585 0.341966
vt 0.378920 0.281899
vt 0.379004 0.284339
vt 0.378920 0.284340
vt 0.073423 0.599780
vt 0.073507 0.600548
vt 0.073423 0.600549
vt 0.378920 0.305961
vt 0.379004 0.308379
vt 0.378920 0.308380
vt 0.590271 0.491116
vt 0.590187 0.490329
vt 0.590271 0.490329
vt 0.344773 0.682395
vt 0.344806 0.681958
vt 0.344806 0.682394
vt 0.518473 0.682395
vt 0.518444 0.681959
vt 0.518473 0.681960
vt 0.441362 0.682395
vt 0.441392 0.681959
vt 0.441392 0.682392
vt 0.296449 0.682395
vt 0.296483 0.681959
vt 0.296483 0.682395
vt 0.942088 0.043425
vt 0.942129 0.043384
vt 0.942129 0.043425
vt 0.611600 0.937335
vt 0.611560 0.937295
vt 0.611600 0.937295
vt 0.392960 0.682395
vt 0.392992 0.681959
vt 0.392992 0.682395
vt 0.528108 0.682395
vt 0.528078 0.681959
vt 0.528108 0.681960
vt 0.470268 0.682395
vt 0.470298 0.681959
vt 0.470298 0.682393
vt 0.257893 0.682395
vt 0.257927 0.681959
vt 0.257927 0.682395
vt 0.942089 0.053070
vt 0.942129 0.053029
vt 0.942129 0.053070
vt 0.621205 0.937335
vt 0.621245 0.937295
vt 0.621245 0.937335
vt 0.402629 0.682394
vt 0.402597 0.681959
vt 0.402629 0.681958
vt 0.537742 0.682395
vt 0.537713 0.681959
vt 0.537742 0.681960
vt 0.450997 0.682395
vt 0.451027 0.681959
vt 0.451027 0.682393
vt 0.267532 0.682395
vt 0.267566 0.681959
vt 0.267566 0.682395
vt 0.942088 0.062715
vt 0.942129 0.062675
vt 0.942129 0.062715
vt 0.630890 0.937335
vt 0.630850 0.937295
vt 0.630890 0.937295
vt 0.354410 0.682395
vt 0.354443 0.681959
vt 0.354443 0.682395
vt 0.547377 0.682395
vt 0.547347 0.681959
vt 0.547377 0.681960
vt 0.479903 0.682395
vt 0.479933 0.681959
vt 0.479933 0.682392
vt 0.306088 0.682395
vt 0.306122 0.681958
vt 0.306122 0.682394
vt 0.942088 0.072360
vt 0.942129 0.072320
vt 0.942129 0.072360
vt 0.640495 0.937335
vt 0.640536 0.937295
vt 0.640536 0.937335
vt 0.412234 0.682395
vt 0.412267 0.681958
vt 0.412267 0.682394
vt 0.585914 0.682395
vt 0.585885 0.681958
vt 0.585914 0.681960
vt 0.460632 0.682395
vt 0.460663 0.681959
vt 0.460663 0.682392
vt 0.315726 0.682395
vt 0.315761 0.681959
vt 0.315761 0.682395
vt 0.942089 0.082005
vt 0.942129 0.081965
vt 0.942129 0.082005
vt 0.650181 0.937335
vt 0.650141 0.937295
vt 0.650181 0.937295
vt 0.364048 0.682395
vt 0.364080 0.681958
vt 0.364080 0.682394
vt 0.557011 0.682395
vt 0.556982 0.681959
vt 0.557011 0.681960
vt 0.489538 0.682395
vt 0.489568 0.681959
vt 0.489568 0.682392
vt 0.325365 0.682395
vt 0.325399 0.681958
vt 0.325399 0.682394
vt 0.942089 0.091650
vt 0.942129 0.091610
vt 0.942129 0.091650
vt 0.573020 0.937335
vt 0.572980 0.937295
vt 0.573020 0.937295
vt 0.373685 0.682395
vt 0.373717 0.681959
vt 0.373717 0.682395
vt 0.566645 0.682395
vt 0.566616 0.681959
vt 0.566645 0.681960
vt 0.499173 0.682395
vt 0.499204 0.681959
vt 0.499204 0.682393
vt 0.277171 0.682395
vt 0.277205 0.681959
vt 0.277205 0.682395
vt 0.942089 0.101296
vt 0.942129 0.101255
vt 0.942129 0.101296
vt 0.582625 0.937335
vt 0.582665 0.937295
vt 0.582665 0.937335
vt 0.383322 0.682395
vt 0.383355 0.681959
vt 0.383355 0.682395
vt 0.576280 0.682395
vt 0.576250 0.681959
vt 0.576280 0.681960
vt 0.508809 0.682395
vt 0.508839 0.681959
vt 0.508839 0.682392
vt 0.286810 0.682395
vt 0.286844 0.681959
vt 0.286844 0.682395
vt 0.942089 0.110941
vt 0.942129 0.110900
vt 0.942129 0.110941
vt 0.659826 0.937336
vt 0.659786 0.937295
vt 0.659826 0.937295
vt 0.411202 0.237005
vt 0.411235 0.234888
vt 0.411235 0.237005
vt 0.411238 0.295253
vt 0.411202 0.293147
vt 0.411238 0.293148
vt 0.411202 0.225283
vt 0.411239 0.223170
vt 0.411239 0.225284
vt 0.411262 0.123104
vt 0.411230 0.120993
vt 0.411262 0.120994
vt 0.411202 0.123105
vt 0.411230 0.123103
vt 0.913137 0.711752
vt 0.913116 0.711722
vt 0.913137 0.711692
vt 0.913173 0.702075
vt 0.913137 0.702087
vt 0.913116 0.702057
vt 0.033795 0.404108
vt 0.033762 0.401930
vt 0.033795 0.401929
vt 0.043400 0.404103
vt 0.043436 0.401930
vt 0.043436 0.404103
vt 0.024157 0.404106
vt 0.024119 0.401929
vt 0.024157 0.401929
vt 0.400557 0.063979
vt 0.400589 0.061803
vt 0.400589 0.063980
vt 0.400529 0.061803
vt 0.400557 0.061802
vt 0.913138 0.692422
vt 0.913116 0.692392
vt 0.913138 0.692361
vt 0.913116 0.682726
vt 0.913138 0.682696
vt 0.913173 0.682708
vt 0.004836 0.415798
vt 0.004802 0.413715
vt 0.004836 0.413714
vt 0.033781 0.415785
vt 0.033817 0.413715
vt 0.033817 0.415786
vt 0.411202 0.398942
vt 0.411239 0.396861
vt 0.411239 0.398942
vt 0.411230 0.271926
vt 0.411262 0.269851
vt 0.411262 0.271928
vt 0.411202 0.269852
vt 0.411230 0.269849
vt 0.913116 0.731053
vt 0.913138 0.731023
vt 0.913173 0.731034
vt 0.913116 0.721406
vt 0.913151 0.721357
vt 0.913173 0.721388
vt 0.180397 0.438360
vt 0.180350 0.436785
vt 0.180397 0.436785
vt 0.170698 0.436785
vt 0.170745 0.438360
vt 0.170698 0.438360
vt 0.432412 0.162080
vt 0.432449 0.163651
vt 0.442754 0.360522
vt 0.442791 0.360568
vt 0.289755 0.436785
vt 0.289792 0.438342
vt 0.289755 0.438342
vt 0.442690 0.168651
vt 0.442654 0.168604
vt 0.442690 0.168604
vt 0.453017 0.113135
vt 0.452971 0.114475
vt 0.452971 0.113135
vt 0.453017 0.080299
vt 0.452971 0.081639
vt 0.452971 0.080299
vt 0.432449 0.162127
vt 0.432412 0.162127
vt 0.442754 0.359260
vt 0.168573 0.937295
vt 0.168610 0.937342
vt 0.168573 0.937342
vt 0.453007 0.255643
vt 0.452971 0.254304
vt 0.453007 0.254304
vt 0.453017 0.091244
vt 0.452971 0.092584
vt 0.452971 0.091244
vt 0.453017 0.102189
vt 0.452971 0.103530
vt 0.452971 0.102189
vt 0.432412 0.163604
vt 0.452971 0.393526
vt 0.453007 0.394834
vt 0.452971 0.394834
vt 0.178215 0.937295
vt 0.178252 0.937342
vt 0.178215 0.937342
vt 0.442654 0.167311
vt 0.550041 0.505374
vt 0.549991 0.504135
vt 0.550041 0.504135
vt 0.549991 0.471600
vt 0.550042 0.472840
vt 0.549991 0.472840
vt 0.442654 0.337576
vt 0.442854 0.338812
vt 0.442654 0.338813
vt 0.796716 0.494938
vt 0.796765 0.494737
vt 0.796765 0.494938
vt 0.076653 0.448015
vt 0.076854 0.449239
vt 0.076653 0.449241
vt 0.585750 0.791094
vt 0.585801 0.790893
vt 0.585801 0.791094
vt 0.550042 0.494530
vt 0.549991 0.493290
vt 0.550042 0.493290
vt 0.549991 0.482445
vt 0.550042 0.483685
vt 0.549991 0.483685
vt 0.442654 0.348418
vt 0.442854 0.349654
vt 0.442654 0.349655
vt 0.796716 0.504744
vt 0.796765 0.504543
vt 0.796765 0.504744
vt 0.086459 0.448015
vt 0.086660 0.449239
vt 0.086459 0.449241
vt 0.595406 0.791094
vt 0.595456 0.790893
vt 0.595456 0.791094
vt 0.410615 0.415639
vt 0.410646 0.413714
vt 0.410646 0.415638
vt 0.421856 0.109040
vt 0.421822 0.107136
vt 0.421856 0.107134
vt 0.421822 0.028337
vt 0.421857 0.026425
vt 0.421857 0.028337
vt 0.381672 0.415615
vt 0.381702 0.413715
vt 0.381702 0.415612
vt 0.381645 0.413714
vt 0.381672 0.413718
vt 0.361602 0.917948
vt 0.361569 0.917937
vt 0.361569 0.917902
vt 0.371282 0.917936
vt 0.371248 0.917947
vt 0.371227 0.917919
vt 0.248018 0.672104
vt 0.247783 0.671836
vt 0.248018 0.671836
vt 0.237944 0.671836
vt 0.238179 0.672104
vt 0.237944 0.672104
vt 0.617033 0.712071
vt 0.617117 0.712338
vt 0.617033 0.712338
vt 0.728524 0.299590
vt 0.728608 0.299818
vt 0.728524 0.299819
vt 0.626722 0.712071
vt 0.626806 0.712336
vt 0.626722 0.712336
vt 0.728608 0.093662
vt 0.728524 0.093428
vt 0.728608 0.093428
vt 0.649792 0.631890
vt 0.649759 0.631282
vt 0.649792 0.631282
vt 0.564705 0.652024
vt 0.564735 0.651428
vt 0.564735 0.652028
vt 0.284971 0.652032
vt 0.285001 0.651423
vt 0.285001 0.652030
vt 0.072266 0.652029
vt 0.072300 0.651423
vt 0.072300 0.652026
vt 0.929845 0.937335
vt 0.929885 0.937296
vt 0.929885 0.937336
vt 0.669471 0.937295
vt 0.669431 0.937336
vt 0.669431 0.937296
vt 0.649759 0.611463
vt 0.649792 0.610854
vt 0.649792 0.611462
vt 0.593609 0.652024
vt 0.593638 0.651428
vt 0.593638 0.652028
vt 0.246423 0.652032
vt 0.246453 0.651423
vt 0.246453 0.652031
vt 0.150078 0.652026
vt 0.150044 0.651426
vt 0.150078 0.651423
vt 0.852726 0.937335
vt 0.852686 0.937296
vt 0.852726 0.937295
vt 0.679116 0.937336
vt 0.679076 0.937295
vt 0.679116 0.937295
vt 0.649759 0.430014
vt 0.649792 0.429403
vt 0.649792 0.430013
vt 0.545437 0.652023
vt 0.545466 0.651429
vt 0.545466 0.652029
vt 0.649789 0.591034
vt 0.649759 0.590425
vt 0.649789 0.590424
vt 0.053022 0.652026
vt 0.052988 0.651427
vt 0.053022 0.651423
vt 0.942129 0.004843
vt 0.942089 0.004803
vt 0.942129 0.004802
vt 0.862331 0.937335
vt 0.862371 0.937296
vt 0.862371 0.937336
vt 0.371783 0.652028
vt 0.371751 0.651424
vt 0.371783 0.651423
vt 0.659712 0.015577
vt 0.659683 0.014972
vt 0.659712 0.014975
vt 0.506898 0.652029
vt 0.506928 0.651423
vt 0.506928 0.652027
vt 0.256058 0.652028
vt 0.256092 0.651423
vt 0.256092 0.652026
vt 0.688721 0.937335
vt 0.688761 0.937295
vt 0.688761 0.937335
vt 0.698366 0.937335
vt 0.698406 0.937295
vt 0.698406 0.937335
vt 0.352476 0.652029
vt 0.352508 0.651423
vt 0.352508 0.652027
vt 0.659683 0.035992
vt 0.659712 0.035394
vt 0.659712 0.035995
vt 0.487658 0.652027
vt 0.487627 0.651425
vt 0.487658 0.651423
vt 0.304275 0.652026
vt 0.304241 0.651425
vt 0.304275 0.651423
vt 0.708011 0.937335
vt 0.708051 0.937295
vt 0.708051 0.937335
vt 0.717696 0.937335
vt 0.717656 0.937295
vt 0.717696 0.937295
vt 0.198268 0.652030
vt 0.198236 0.651424
vt 0.198268 0.651423
vt 0.612907 0.652028
vt 0.612877 0.651423
vt 0.612907 0.651427
vt 0.477992 0.652030
vt 0.478023 0.651423
vt 0.478023 0.652028
vt 0.169320 0.652029
vt 0.169354 0.651423
vt 0.169354 0.652026
vt 0.727301 0.937336
vt 0.727341 0.937296
vt 0.727341 0.937336
vt 0.736986 0.937335
vt 0.736946 0.937295
vt 0.736986 0.937295
vt 0.178959 0.652030
vt 0.178992 0.651423
vt 0.178992 0.652029
vt 0.632146 0.652024
vt 0.632176 0.651427
vt 0.632176 0.652028
vt 0.449082 0.652029
vt 0.449052 0.651425
vt 0.449082 0.651423
vt 0.217544 0.652026
vt 0.217510 0.651426
vt 0.217544 0.651423
vt 0.746591 0.937336
vt 0.746631 0.937295
vt 0.746631 0.937335
vt 0.592310 0.937336
vt 0.592270 0.937295
vt 0.592310 0.937295
vt 0.004835 0.652032
vt 0.004802 0.651424
vt 0.004835 0.651423
vt 0.574369 0.652028
vt 0.574340 0.651423
vt 0.574369 0.651428
vt 0.294606 0.652032
vt 0.294636 0.651423
vt 0.294636 0.652030
vt 0.081905 0.652029
vt 0.081939 0.651423
vt 0.081939 0.652026
vt 0.871976 0.937335
vt 0.872016 0.937295
vt 0.872016 0.937336
vt 0.756276 0.937295
vt 0.756236 0.937336
vt 0.756236 0.937295
vt 0.649792 0.470870
vt 0.649759 0.470259
vt 0.649792 0.470259
vt 0.526197 0.652029
vt 0.526168 0.651423
vt 0.526197 0.651429
vt 0.014440 0.652035
vt 0.014470 0.651423
vt 0.014470 0.652033
vt 0.033710 0.652030
vt 0.033744 0.651423
vt 0.033744 0.652026
vt 0.881621 0.937335
vt 0.881661 0.937296
vt 0.881661 0.937336
vt 0.891306 0.937335
vt 0.891266 0.937296
vt 0.891306 0.937295
vt 0.649759 0.440231
vt 0.649792 0.439619
vt 0.649792 0.440230
vt 0.555071 0.652023
vt 0.555101 0.651429
vt 0.555101 0.652029
vt 0.649789 0.580817
vt 0.649759 0.580209
vt 0.649789 0.580207
vt 0.062661 0.652026
vt 0.062627 0.651427
vt 0.062661 0.651423
vt 0.942129 0.014488
vt 0.942089 0.014448
vt 0.942129 0.014448
vt 0.942088 0.024133
vt 0.942128 0.024094
vt 0.942128 0.024134
vt 0.342839 0.652029
vt 0.342871 0.651423
vt 0.342871 0.652027
vt 0.659683 0.046202
vt 0.659712 0.045603
vt 0.659712 0.046205
vt 0.497293 0.652027
vt 0.497263 0.651425
vt 0.497293 0.651423
vt 0.313880 0.652028
vt 0.313914 0.651424
vt 0.313914 0.652026
vt 0.765881 0.937336
vt 0.765921 0.937295
vt 0.765921 0.937335
vt 0.775566 0.937336
vt 0.775526 0.937295
vt 0.775566 0.937295
vt 0.207905 0.652030
vt 0.207873 0.651424
vt 0.207905 0.651423
vt 0.622541 0.652028
vt 0.622512 0.651423
vt 0.622541 0.651427
vt 0.468357 0.652030
vt 0.468388 0.651423
vt 0.468388 0.652028
vt 0.188597 0.652029
vt 0.188631 0.651423
vt 0.188631 0.652026
vt 0.785171 0.937336
vt 0.785211 0.937295
vt 0.785211 0.937335
vt 0.794856 0.937295
vt 0.794816 0.937336
vt 0.794816 0.937295
vt 0.159683 0.652030
vt 0.159715 0.651423
vt 0.159715 0.652029
vt 0.641781 0.652024
vt 0.641810 0.651427
vt 0.641810 0.652028
vt 0.439447 0.652029
vt 0.439417 0.651425
vt 0.439447 0.651423
vt 0.227183 0.652026
vt 0.227149 0.651426
vt 0.227183 0.651423
vt 0.601915 0.937336
vt 0.601955 0.937295
vt 0.601955 0.937335
vt 0.804501 0.937336
vt 0.804461 0.937295
vt 0.804501 0.937295
vt 0.649792 0.621676
vt 0.649759 0.621068
vt 0.649792 0.621068
vt 0.584004 0.652028
vt 0.583974 0.651423
vt 0.584004 0.651428
vt 0.275336 0.652032
vt 0.275366 0.651423
vt 0.275366 0.652030
vt 0.091543 0.652029
vt 0.091578 0.651423
vt 0.091578 0.652026
vt 0.900910 0.937335
vt 0.900950 0.937295
vt 0.900950 0.937336
vt 0.910595 0.937295
vt 0.910555 0.937336
vt 0.910555 0.937295
vt 0.649792 0.601248
vt 0.649759 0.600641
vt 0.649792 0.600640
vt 0.603243 0.652024
vt 0.603273 0.651428
vt 0.603273 0.652028
vt 0.236788 0.652032
vt 0.236818 0.651423
vt 0.236818 0.652031
vt 0.140439 0.652026
vt 0.140405 0.651426
vt 0.140439 0.651423
vt 0.814146 0.937335
vt 0.814106 0.937295
vt 0.814146 0.937295
vt 0.823791 0.937336
vt 0.823751 0.937295
vt 0.823791 0.937296
vt 0.649792 0.460653
vt 0.649759 0.460043
vt 0.649792 0.460042
vt 0.535832 0.652029
vt 0.535802 0.651423
vt 0.535832 0.651429
vt 0.024075 0.652035
vt 0.024105 0.651423
vt 0.024105 0.652033
vt 0.043349 0.652030
vt 0.043383 0.651423
vt 0.043383 0.652027
vt 0.942089 0.033779
vt 0.942129 0.033739
vt 0.942129 0.033779
vt 0.833436 0.937335
vt 0.833396 0.937296
vt 0.833436 0.937295
vt 0.362113 0.652029
vt 0.362146 0.651423
vt 0.362146 0.652028
vt 0.659712 0.025786
vt 0.659683 0.025181
vt 0.659712 0.025184
vt 0.516533 0.652029
vt 0.516563 0.651423
vt 0.516563 0.652027
vt 0.265697 0.652028
vt 0.265731 0.651423
vt 0.265731 0.652026
vt 0.920200 0.937295
vt 0.920240 0.937335
vt 0.920200 0.937335
vt 0.843081 0.937295
vt 0.843041 0.937336
vt 0.843041 0.937295
vt 0.557698 0.662177
vt 0.557730 0.661640
vt 0.557730 0.662177
vt 0.634859 0.662177
vt 0.634889 0.661640
vt 0.634889 0.662177
vt 0.625224 0.662176
vt 0.625254 0.661640
vt 0.625254 0.662173
vt 0.450686 0.662178
vt 0.450652 0.661640
vt 0.450686 0.661640
vt 0.942129 0.168832
vt 0.942089 0.168792
vt 0.942129 0.168792
vt 0.942089 0.178477
vt 0.942129 0.178437
vt 0.942129 0.178477
vt 0.567335 0.662177
vt 0.567367 0.661640
vt 0.567367 0.662177
vt 0.654129 0.662177
vt 0.654158 0.661640
vt 0.654158 0.662177
vt 0.644524 0.662173
vt 0.644494 0.661643
vt 0.644524 0.661640
vt 0.460291 0.662177
vt 0.460325 0.661640
vt 0.460325 0.662178
vt 0.942129 0.139890
vt 0.942089 0.139849
vt 0.942129 0.139849
vt 0.942088 0.159187
vt 0.942129 0.159146
vt 0.942129 0.159187
vt 0.548060 0.662177
vt 0.548093 0.661640
vt 0.548093 0.662177
vt 0.615589 0.662178
vt 0.615619 0.661640
vt 0.615619 0.662177
vt 0.605984 0.662174
vt 0.605954 0.661643
vt 0.605984 0.661640
vt 0.441048 0.662178
vt 0.441014 0.661640
vt 0.441048 0.661641
vt 0.942129 0.188122
vt 0.942089 0.188082
vt 0.942129 0.188082
vt 0.942089 0.197767
vt 0.942129 0.197727
vt 0.942129 0.197767
vt 0.014829 0.036641
vt 0.005591 0.036641
vt 0.226177 0.243789
vt 0.084820 0.460173
vt 0.216405 0.242854
vt 0.290721 0.426995
vt 0.280948 0.426995
vt 0.442654 0.233098
vt 0.432395 0.379571
vt 0.442654 0.265815
vt 0.432312 0.262287
vt 0.081795 0.329683
vt 0.314625 0.326314
vt 0.324888 0.800913
vt 0.266912 0.339520
vt 0.295898 0.800913
vt 0.247644 0.342836
vt 0.091766 0.329686
vt 0.304654 0.326313
vt 0.344157 0.800913
vt 0.276632 0.339520
vt 0.305503 0.800913
vt 0.257249 0.342836
vt 0.300384 0.425404
vt 0.432370 0.105759
vt 0.422006 0.164331
vt 0.091766 0.326314
vt 0.422006 0.141703
vt 0.295775 0.377911
vt 0.265714 0.377910
vt 0.286129 0.377910
vt 0.197328 0.377911
vt 0.486603 0.908233
vt 0.486579 0.908200
vt 0.496311 0.908179
vt 0.496311 0.908220
vt 0.400529 0.049988
vt 0.400529 0.004802
vt 0.400529 0.016618
vt 0.342401 0.390113
vt 0.505940 0.908233
vt 0.505916 0.908200
vt 0.476974 0.908200
vt 0.476950 0.908233
vt 0.051556 0.185057
vt 0.031475 0.172323
vt 0.083619 0.172323
vt 0.433049 0.358659
vt 0.169991 0.104660
vt 0.432312 0.306237
vt 0.389746 0.283660
vt 0.390383 0.236863
vt 0.368956 0.425404
vt 0.639937 0.516036
vt 0.432378 0.117031
vt 0.363032 0.631579
vt 0.389746 0.294941
vt 0.390383 0.248144
vt 0.397971 0.425404
vt 0.639937 0.526263
vt 0.432378 0.128293
vt 0.372704 0.631579
vt 0.062032 0.185057
vt 0.041951 0.172323
vt 0.169991 0.082343
vt 0.433049 0.369115
vt 0.104334 0.172323
vt 0.432312 0.316713
vt 0.389746 0.306221
vt 0.390383 0.259424
vt 0.378628 0.425404
vt 0.639937 0.536489
vt 0.432378 0.139555
vt 0.382376 0.631579
vt 0.389746 0.317501
vt 0.390383 0.270704
vt 0.388300 0.425404
vt 0.639937 0.546715
vt 0.432378 0.150818
vt 0.392048 0.631579
vt 0.005817 0.097544
vt 0.004802 0.081091
vt 0.009782 0.081091
vt 0.074116 0.038829
vt 0.075130 0.055282
vt 0.070151 0.055282
vt 0.169372 0.056616
vt 0.014558 0.275826
vt 0.169372 0.004802
vt 0.077533 0.365337
vt 0.304291 0.124658
vt 0.292877 0.111272
vt 0.101465 0.810552
vt 0.292877 0.097767
vt 0.067693 0.365442
vt 0.101762 0.208130
vt 0.072563 0.208166
vt 0.368021 0.287601
vt 0.043396 0.195499
vt 0.004917 0.810669
vt 0.368138 0.290064
vt 0.207117 0.380430
vt 0.368138 0.277879
vt 0.806445 0.365958
vt 0.368138 0.265692
vt 0.169256 0.031009
vt 0.659800 0.339869
vt 0.659800 0.107138
vt 0.154882 0.140219
vt 0.659800 0.097029
vt 0.806561 0.600900
vt 0.111484 0.208036
vt 0.062958 0.208166
vt 0.806445 0.786355
vt 0.053236 0.195499
vt 0.659800 0.117130
vt 0.292877 0.138283
vt 0.292994 0.128678
vt 0.067811 0.368098
vt 0.292994 0.088162
vt 0.806559 0.727843
vt 0.333716 0.352548
vt 0.323994 0.352548
vt 0.169372 0.046894
vt 0.314272 0.352548
vt 0.154765 0.123969
vt 0.389853 0.074308
vt 0.389746 0.088642
vt 0.389863 0.166537
vt 0.391818 0.810551
vt 0.389746 0.007166
vt 0.333593 0.810551
vt 0.389853 0.098247
vt 0.389746 0.112581
vt 0.389863 0.178450
vt 0.401529 0.810551
vt 0.389746 0.019134
vt 0.343305 0.810551
vt 0.125699 0.032671
vt 0.084806 0.116587
vt 0.125771 0.134050
vt 0.055736 0.134850
vt 0.728556 0.044180
vt 0.728524 0.044114
vt 0.728556 0.044051
vt 0.728626 0.044036
vt 0.507908 0.722107
vt 0.507780 0.722136
vt 0.507780 0.722005
vt 0.507851 0.721989
vt 0.125699 0.060340
vt 0.075074 0.116587
vt 0.125771 0.106226
vt 0.065469 0.134850
vt 0.728556 0.034288
vt 0.728626 0.034270
vt 0.728682 0.034314
vt 0.728682 0.034385
vt 0.498144 0.722071
vt 0.498041 0.722152
vt 0.497985 0.722034
vt 0.498041 0.721989
vt 0.221935 0.060745
vt 0.034571 0.218005
vt 0.106603 0.218005
vt 0.044431 0.227053
vt 0.536929 0.722136
vt 0.536898 0.722070
vt 0.536929 0.722005
vt 0.537000 0.721989
vt 0.662968 0.722135
vt 0.662842 0.722107
vt 0.662898 0.721989
vt 0.662968 0.722004
vt 0.259877 0.050657
vt 0.181017 0.254908
vt 0.223713 0.254908
vt 0.190877 0.260588
vt 0.527134 0.722034
vt 0.527191 0.721989
vt 0.527262 0.722005
vt 0.527293 0.722071
vt 0.672763 0.722035
vt 0.672706 0.722151
vt 0.672604 0.722069
vt 0.672636 0.722004
vt 0.384125 0.390113
vt 0.077050 0.390112
vt 0.400529 0.261036
vt 0.086911 0.392274
vt 0.546693 0.722136
vt 0.546662 0.722070
vt 0.546693 0.722005
vt 0.546764 0.721989
vt 0.682470 0.722151
vt 0.682368 0.722071
vt 0.682470 0.721989
vt 0.682526 0.722033
vt 0.335554 0.216493
vt 0.187733 0.339521
vt 0.353879 0.800913
vt 0.024129 0.352548
vt 0.334552 0.800913
vt 0.014525 0.355730
vt 0.335736 0.229338
vt 0.177762 0.339520
vt 0.363484 0.800913
vt 0.033849 0.352548
vt 0.315166 0.800913
vt 0.004802 0.355730
vt 0.310048 0.425404
vt 0.432370 0.094486
vt 0.422006 0.175645
vt 0.335736 0.226100
vt 0.422006 0.153017
vt 0.270653 0.207018
vt 0.270653 0.149507
vt 0.053371 0.270849
vt 0.708952 0.430991
vt 0.043674 0.270849
vt 0.709044 0.450765
vt 0.096730 0.226718
vt 0.014943 0.226801
vt 0.221935 0.211676
vt 0.718749 0.123518
vt 0.234388 0.039718
vt 0.718823 0.064442
vt 0.005070 0.226818
vt 0.054304 0.218005
vt 0.234388 0.004802
vt 0.718825 0.133391
vt 0.234464 0.058117
vt 0.718749 0.104036
vt 0.286151 0.599780
vt 0.587572 0.599780
vt 0.649851 0.178603
vt 0.024374 0.712071
vt 0.649851 0.158244
vt 0.708952 0.668924
vt 0.216965 0.339520
vt 0.346181 0.181982
vt 0.192176 0.352548
vt 0.014678 0.712071
vt 0.182479 0.352548
vt 0.708952 0.678797
vt 0.270653 0.192573
vt 0.270653 0.134952
vt 0.033977 0.270849
vt 0.708952 0.421104
vt 0.024280 0.270849
vt 0.709044 0.440879
vt 0.221935 0.193243
vt 0.222203 0.142712
vt 0.004802 0.245243
vt 0.718749 0.143264
vt 0.024121 0.236658
vt 0.718823 0.074317
vt 0.222203 0.124553
vt 0.222203 0.152319
vt 0.234388 0.213681
vt 0.718825 0.153137
vt 0.033877 0.236658
vt 0.718749 0.113911
vt 0.296024 0.599780
vt 0.600496 0.004802
vt 0.649851 0.188783
vt 0.034070 0.712071
vt 0.649851 0.168423
vt 0.708952 0.688670
vt 0.226838 0.339520
vt 0.346181 0.194567
vt 0.211570 0.352548
vt 0.043766 0.712071
vt 0.201873 0.352548
vt 0.708952 0.659051
vt 0.145122 0.289653
vt 0.154761 0.289653
vt 0.284248 0.908166
vt 0.164466 0.285431
vt 0.293886 0.908166
vt 0.247139 0.206968
vt 0.293631 0.354123
vt 0.284027 0.352548
vt 0.432412 0.326319
vt 0.809394 0.830303
vt 0.790127 0.830152
vt 0.679466 0.431439
vt 0.451307 0.702078
vt 0.679466 0.481106
vt 0.383387 0.702078
vt 0.819056 0.830303
vt 0.799789 0.830152
vt 0.139989 0.661640
vt 0.679466 0.311636
vt 0.178863 0.661640
vt 0.679466 0.143637
vt 0.107395 0.259164
vt 0.096516 0.259164
vt 0.453054 0.319482
vt 0.135484 0.285431
vt 0.453054 0.372262
vt 0.281521 0.155939
vt 0.243454 0.315662
vt 0.233849 0.312881
vt 0.286385 0.365337
vt 0.044441 0.599780
vt 0.334797 0.365337
vt 0.590187 0.459940
vt 0.156977 0.341966
vt 0.136980 0.339520
vt 0.379004 0.269853
vt 0.054130 0.599780
vt 0.379004 0.317985
vt 0.590187 0.470332
vt 0.253846 0.315662
vt 0.223456 0.312881
vt 0.296074 0.365337
vt 0.063818 0.599780
vt 0.344486 0.365337
vt 0.590187 0.480724
vt 0.167370 0.341966
vt 0.147372 0.339520
vt 0.379004 0.281899
vt 0.073507 0.599780
vt 0.379004 0.305961
vt 0.590187 0.491116
vt 0.344773 0.681959
vt 0.518444 0.682394
vt 0.441362 0.681961
vt 0.296449 0.681959
vt 0.942088 0.043384
vt 0.611560 0.937335
vt 0.392960 0.681959
vt 0.528078 0.682394
vt 0.470268 0.681961
vt 0.257893 0.681959
vt 0.942089 0.053029
vt 0.621205 0.937295
vt 0.402597 0.682395
vt 0.537713 0.682394
vt 0.450997 0.681961
vt 0.267532 0.681959
vt 0.942088 0.062675
vt 0.630850 0.937335
vt 0.354410 0.681959
vt 0.547347 0.682394
vt 0.479903 0.681961
vt 0.306088 0.681959
vt 0.942088 0.072320
vt 0.640495 0.937295
vt 0.412234 0.681959
vt 0.585885 0.682394
vt 0.460632 0.681961
vt 0.315726 0.681959
vt 0.942089 0.081965
vt 0.650141 0.937335
vt 0.364048 0.681959
vt 0.556982 0.682394
vt 0.489538 0.681961
vt 0.325365 0.681959
vt 0.942089 0.091610
vt 0.572980 0.937335
vt 0.373685 0.681959
vt 0.566616 0.682394
vt 0.499173 0.681961
vt 0.277171 0.681959
vt 0.942089 0.101255
vt 0.582625 0.937295
vt 0.383322 0.681959
vt 0.576250 0.682394
vt 0.508809 0.681961
vt 0.286810 0.681959
vt 0.942089 0.110900
vt 0.659786 0.937335
vt 0.411202 0.234889
vt 0.411202 0.295252
vt 0.411202 0.223170
vt 0.411202 0.120995
vt 0.913173 0.711703
vt 0.913173 0.711741
vt 0.913137 0.702027
vt 0.913173 0.702038
vt 0.033762 0.404109
vt 0.043400 0.401929
vt 0.024119 0.404106
vt 0.400529 0.063980
vt 0.913173 0.692373
vt 0.913173 0.692410
vt 0.913173 0.682745
vt 0.913138 0.682756
vt 0.004802 0.415799
vt 0.033781 0.413714
vt 0.411202 0.396860
vt 0.411202 0.271928
vt 0.913173 0.731072
vt 0.913138 0.731083
vt 0.913151 0.721418
vt 0.913116 0.721369
vt 0.180350 0.438360
vt 0.170745 0.436785
vt 0.432449 0.162080
vt 0.442791 0.360522
vt 0.289792 0.436785
vt 0.442654 0.168651
vt 0.453017 0.114475
vt 0.453017 0.081639
vt 0.442791 0.359260
vt 0.168610 0.937295
vt 0.452971 0.255643
vt 0.453017 0.092584
vt 0.453017 0.103530
vt 0.432449 0.163604
vt 0.453007 0.393526
vt 0.178252 0.937295
vt 0.549991 0.505374
vt 0.550042 0.471600
vt 0.442854 0.337575
vt 0.796716 0.494737
vt 0.076854 0.448013
vt 0.585750 0.790893
vt 0.549991 0.494530
vt 0.550042 0.482445
vt 0.442854 0.348417
vt 0.796716 0.504543
vt 0.086660 0.448013
vt 0.595406 0.790893
vt 0.410615 0.413714
vt 0.421822 0.109042
vt 0.421822 0.026425
vt 0.381645 0.415611
vt 0.361602 0.917891
vt 0.361622 0.917920
vt 0.371248 0.917891
vt 0.371282 0.917901
vt 0.247783 0.672104
vt 0.238179 0.671836
vt 0.617117 0.712071
vt 0.728608 0.299590
vt 0.626806 0.712071
vt 0.728524 0.093662
vt 0.649759 0.631891
vt 0.564705 0.651423
vt 0.284971 0.651425
vt 0.072266 0.651426
vt 0.929845 0.937295
vt 0.669471 0.937335
vt 0.649759 0.610855
vt 0.593609 0.651423
vt 0.246423 0.651425
vt 0.150044 0.652029
vt 0.852686 0.937336
vt 0.679076 0.937335
vt 0.649759 0.429403
vt 0.545437 0.651423
vt 0.649759 0.591035
vt 0.052988 0.652030
vt 0.942089 0.004843
vt 0.862331 0.937295
vt 0.371751 0.652029
vt 0.659683 0.015574
vt 0.506898 0.651425
vt 0.256058 0.651425
vt 0.688721 0.937295
vt 0.698366 0.937295
vt 0.352476 0.651425
vt 0.659683 0.035391
vt 0.487627 0.652029
vt 0.304241 0.652028
vt 0.708011 0.937295
vt 0.717656 0.937335
vt 0.198236 0.652030
vt 0.612877 0.652024
vt 0.477992 0.651425
vt 0.169320 0.651426
vt 0.727301 0.937295
vt 0.736946 0.937336
vt 0.178959 0.651424
vt 0.632146 0.651423
vt 0.449052 0.652030
vt 0.217510 0.652029
vt 0.746591 0.937295
vt 0.592270 0.937335
vt 0.004802 0.652032
vt 0.574340 0.652024
vt 0.294606 0.651425
vt 0.081905 0.651426
vt 0.871976 0.937295
vt 0.756276 0.937335
vt 0.649759 0.470870
vt 0.526168 0.652023
vt 0.014440 0.651425
vt 0.033710 0.651427
vt 0.881621 0.937295
vt 0.891266 0.937336
vt 0.649759 0.439620
vt 0.555071 0.651423
vt 0.649759 0.580819
vt 0.062627 0.652030
vt 0.942089 0.014489
vt 0.942088 0.024093
vt 0.342839 0.651425
vt 0.659683 0.045600
vt 0.497263 0.652029
vt 0.313880 0.651425
vt 0.765881 0.937295
vt 0.775526 0.937335
vt 0.207873 0.652030
vt 0.622512 0.652024
vt 0.468357 0.651425
vt 0.188597 0.651426
vt 0.785171 0.937295
vt 0.794856 0.937335
vt 0.159683 0.651425
vt 0.641781 0.651423
vt 0.439417 0.652030
vt 0.227149 0.652029
vt 0.601915 0.937295
vt 0.804461 0.937335
vt 0.649759 0.621677
vt 0.583974 0.652024
vt 0.275336 0.651425
vt 0.091543 0.651426
vt 0.900910 0.937295
vt 0.910595 0.937335
vt 0.649759 0.601249
vt 0.603243 0.651423
vt 0.236788 0.651425
vt 0.140405 0.652029
vt 0.814106 0.937336
vt 0.823751 0.937335
vt 0.649759 0.460654
vt 0.535802 0.652023
vt 0.024075 0.651425
vt 0.043349 0.651427
vt 0.942089 0.033739
vt 0.833396 0.937336
vt 0.362113 0.651424
vt 0.659683 0.025783
vt 0.516533 0.651425
vt 0.265697 0.651425
vt 0.920240 0.937295
vt 0.843081 0.937335
vt 0.557698 0.661640
vt 0.634859 0.661640
vt 0.625224 0.661643
vt 0.450652 0.662177
vt 0.942089 0.168832
vt 0.942089 0.178437
vt 0.567335 0.661640
vt 0.654129 0.661640
vt 0.644494 0.662176
vt 0.460291 0.661640
vt 0.942089 0.139890
vt 0.942088 0.159146
vt 0.548060 0.661640
vt 0.615589 0.661640
vt 0.605954 0.662177
vt 0.441014 0.662177
vt 0.942089 0.188122
vt 0.942089 0.197727
vn -0.2163 0.9763 -0.0000
vn -0.2620 0.9651 -0.0000
vn -0.2526 0.9676 -0.0000
vn -0.3622 0.9279 0.0883
vn -0.3312 0.9436 -0.0000
vn -0.4765 0.8428 0.2503
vn -0.3801 0.9249 -0.0000
vn -0.4943 0.8530 0.1677
vn -0.3834 0.9236 -0.0000
vn -0.4576 0.8704 0.1816
vn -0.2996 0.9540 -0.0000
vn -0.4011 0.8797 0.2553
vn -0.2759 0.9612 -0.0000
vn -0.4144 0.8805 0.2303
vn -0.2884 0.9575 -0.0000
vn -0.4225 0.8807 0.2144
vn -0.2929 0.9561 -0.0000
vn -0.4250 0.8813 0.2065
vn -0.4023 0.8899 0.2148
vn -0.2429 0.9700 -0.0000
vn -0.3592 0.8992 0.2499
vn -0.2071 0.9783 -0.0000
vn -0.3485 0.9004 0.2604
vn -0.1983 0.9801 -0.0000
vn -0.3521 0.8995 0.2588
vn -0.1959 0.9806 -0.0000
vn -0.3526 0.8986 0.2611
vn -0.1919 0.9814 -0.0000
vn -0.3527 0.8966 0.2679
vn -0.1862 0.9825 -0.0000
vn -0.3345 0.8992 0.2822
vn -0.1697 0.9855 -0.0000
vn -0.2856 0.9094 0.3023
vn -0.1360 0.9907 -0.0000
vn -0.2546 0.9101 0.3269
vn -0.1203 0.9927 -0.0000
vn -0.2547 0.9081 0.3323
vn -0.1178 0.9930 -0.0000
vn -0.2522 0.9066 0.3384
vn -0.1146 0.9934 -0.0000
vn -0.2469 0.9056 0.3450
vn -0.1106 0.9939 -0.0000
vn -0.2385 0.9050 0.3522
vn -0.1058 0.9944 -0.0000
vn -0.1016 0.9948 -0.0000
vn -0.1003 0.9950 -0.0000
vn -0.0953 0.9955 -0.0000
vn -0.0939 0.9956 -0.0000
vn -0.0886 0.9961 -0.0000
vn -0.0874 0.9962 -0.0000
vn -0.0823 0.9966 -0.0000
vn -0.0813 0.9967 -0.0000
vn -0.0765 0.9971 -0.0000
vn -0.0756 0.9971 -0.0000
vn -0.0708 0.9975 -0.0000
vn -0.0701 0.9975 -0.0000
vn -0.0654 0.9979 -0.0000
vn -0.0648 0.9979 -0.0000
vn -0.0602 0.9982 -0.0000
vn -0.0597 0.9982 -0.0000
vn -0.0553 0.9985 -0.0000
vn -0.0549 0.9985 -0.0000
vn -0.0498 0.9988 -0.0000
vn -0.0492 0.9988 -0.0000
vn -0.0426 0.9991 -0.0000
vn -0.0420 0.9991 -0.0000
vn -0.0354 0.9994 -0.0000
vn -0.0351 0.9994 -0.0000
vn -0.0302 0.9995 -0.0000
vn -0.0300 0.9996 -0.0000
vn -0.0269 0.9996 -0.0000
vn -0.0268 0.9996 -0.0000
vn -0.0256 0.9997 -0.0000
vn -0.0265 0.9996 -0.0000
vn -0.0281 0.9996 -0.0000
vn -0.0282 0.9996 -0.0000
vn -0.0287 0.9996 -0.0000
vn -0.0272 0.9996 -0.0000
vn -0.0259 0.9997 -0.0000
vn -0.0242 0.9997 -0.0000
vn -0.0222 0.9998 -0.0000
vn -0.0206 0.9998 -0.0000
vn -0.0192 0.9998 -0.0000
vn -0.0176 0.9998 -0.0000
vn -0.0155 0.9999 -0.0000
vn -0.0130 0.9999 -0.0000
vn -0.0101 0.9999 -0.0000
vn -0.0069 1.0000 -0.0000
vn -0.0038 1.0000 -0.0000
vn -0.0011 1.0000 -0.0000
vn 0.0011 1.0000 -0.0000
vn 0.0030 1.0000 -0.0000
vn 0.0012 1.0000 -0.0000
vn 0.0045 1.0000 -0.0000
vn 0.0031 1.0000 -0.0000
vn 0.0061 1.0000 -0.0000
vn 0.0082 1.0000 -0.0000
vn 0.0062 1.0000 -0.0000
vn 0.0101 0.9999 -0.0000
vn 0.0083 1.0000 -0.0000
vn 0.0115 0.9999 -0.0000
vn 0.0102 0.9999 -0.0000
vn 0.0125 0.9999 -0.0000
vn 0.0116 0.9999 -0.0000
vn 0.0132 0.9999 -0.0000
vn 0.0147 0.9999 -0.0000
vn 0.0167 0.9999 -0.0000
vn 0.0148 0.9999 -0.0000
vn 0.0176 0.9998 -0.0000
vn 0.0168 0.9999 -0.0000
vn 0.0170 0.9999 -0.0000
vn 0.0149 0.9999 -0.0000
vn 0.0169 0.9999 -0.0000
vn 0.0145 0.9999 -0.0000
vn 0.0130 0.9999 -0.0000
vn 0.0146 0.9999 -0.0000
vn 0.0080 1.0000 -0.0000
vn 0.0128 0.9999 -0.0000
vn 0.0059 1.0000 -0.0000
vn 0.0079 1.0000 -0.0000
vn -0.3622 0.9279 -0.0883
vn -0.4765 0.8428 -0.2503
vn -0.4943 0.8530 -0.1677
vn -0.4576 0.8704 -0.1816
vn -0.4011 0.8797 -0.2553
vn -0.4144 0.8805 -0.2303
vn -0.4225 0.8807 -0.2144
vn -0.4250 0.8813 -0.2065
vn -0.4023 0.8899 -0.2148
vn -0.3592 0.8992 -0.2499
vn -0.3485 0.9004 -0.2604
vn -0.3521 0.8995 -0.2588
vn -0.3526 0.8986 -0.2611
vn -0.3527 0.8966 -0.2679
vn -0.3345 0.8992 -0.2822
vn -0.2856 0.9094 -0.3023
vn -0.2546 0.9101 -0.3269
vn -0.2547 0.9081 -0.3323
vn -0.2522 0.9066 -0.3384
vn -0.2469 0.9056 -0.3450
vn -0.2385 0.9050 -0.3522
vn -0.0000 1.0000 -0.0000
vn -1.0000 -0.0000 -0.0000
vn -0.0000 -1.0000 -0.0000
vn -0.0000 -0.0000 1.0000
vn 1.0000 -0.0000 -0.0000
vn -0.0000 -0.0000 -1.0000
vn -0.5878 -0.0000 -0.8090
vn -0.9511 -0.0000 0.3090
vn -0.9510 -0.0000 0.3090
vn 0.9510 -0.0000 0.3090
vn 0.9511 -0.0000 0.3090
vn 0.5878 -0.0000 -0.8090
vn 0.1239 -0.0000 -0.9923
vn 0.2398 -0.0000 -0.9708
vn 0.0062 -0.0000 -1.0000
vn 0.1239 -0.0000 0.9923
vn 0.0062 -0.0000 1.0000
vn 0.2398 -0.0000 0.9708
vn -0.2398 -0.0000 0.9708
vn -0.9708 -0.0000 -0.2398
vn 0.9708 -0.0000 0.2398
vn -0.0062 -0.0000 1.0000
vn -1.0000 -0.0000 -0.0062
vn 1.0000 -0.0000 0.0062
vn -0.0062 -0.0000 -1.0000
vn 1.0000 -0.0000 -0.0062
vn -1.0000 -0.0000 0.0062
vn -0.2398 -0.0000 -0.9708
vn 0.9708 -0.0000 -0.2398
vn -0.9708 -0.0000 0.2398
vn -0.0000 -0.4339 -0.9010
vn -0.0000 -0.9749 -0.2225
vn -0.0000 -0.7818 0.6235
vn -0.0000 0.7818 0.6235
vn -0.0000 0.9749 -0.2225
vn -0.0000 0.4339 -0.9010
vn 0.9010 -0.4339 -0.0000
vn 0.2225 -0.9749 -0.0000
vn -0.6235 -0.7818 -0.0000
vn -0.6235 0.7818 -0.0000
vn 0.2225 0.9749 -0.0000
vn 0.9010 0.4339 -0.0000
vn 0.9914 0.1308 -0.0000
vn -0.9914 -0.1308 -0.0000
vn -0.0000 -0.0018 -1.0000
vn -0.0000 -0.0018 1.0000
vn 0.0136 -0.0000 -0.9999
vn -0.0136 -0.0000 0.9999
vn 0.0136 -0.0000 0.9999
vn -0.0136 -0.0000 -0.9999
vn -0.7071 -0.0353 -0.7063
vn -0.7071 0.0190 0.7069
vn 0.7071 0.0353 0.7063
vn 0.7071 -0.0190 -0.7069
vn 0.0115 -0.9992 0.0384
vn -0.0115 0.9992 -0.0384
vn -0.5859 -0.0465 -0.8090
vn -0.5860 -0.0465 -0.8090
vn -0.9481 -0.0752 0.3091
vn -0.9481 -0.0752 0.3090
vn 0.9481 0.0752 0.3090
vn 0.5859 0.0465 -0.8090
vn 0.0791 -0.9969 -0.0000
vn -0.0791 0.9969 -0.0000
vn -0.5869 -0.0316 -0.8090
vn -0.9497 -0.0511 0.3091
vn -0.9497 -0.0511 0.3090
vn 0.9497 0.0511 0.3091
vn 0.9497 0.0511 0.3090
vn 0.5870 0.0316 -0.8090
vn 0.0538 -0.9986 -0.0000
vn -0.0538 0.9986 -0.0000
vn -0.5855 -0.0519 -0.8090
vn -0.9474 -0.0840 0.3090
vn -0.9473 -0.0840 0.3090
vn 0.9474 0.0840 0.3090
vn 0.9473 0.0840 0.3091
vn 0.5855 0.0519 -0.8090
vn 0.0884 -0.9961 -0.0000
vn -0.0884 0.9961 -0.0000
vn -0.5797 0.0399 -0.8139
vn -0.9380 0.1787 0.2971
vn -0.0000 0.0706 0.9975
vn 0.9380 -0.1351 0.3194
vn 0.5797 -0.1541 -0.8001
vn -0.1654 -0.9838 0.0696
vn 0.1654 0.9838 -0.0697
vn -0.7009 -0.1013 -0.7060
vn -0.7009 -0.0856 0.7081
vn 0.7009 0.1013 0.7060
vn 0.7009 0.0856 -0.7081
vn 0.1321 -0.9912 0.0110
vn 0.1322 -0.9912 0.0110
vn -0.1321 0.9912 -0.0110
vn -0.7009 -0.0856 -0.7081
vn -0.7009 -0.1013 0.7060
vn 0.7009 0.0856 0.7081
vn 0.7009 0.1013 -0.7060
vn 0.1321 -0.9912 -0.0110
vn -0.1322 0.9912 0.0110
vn -0.6980 -0.1055 -0.7083
vn -0.6980 -0.1213 0.7058
vn 0.6980 0.1055 0.7083
vn 0.6980 0.1213 -0.7058
vn 0.1604 -0.9870 -0.0110
vn -0.1604 0.9870 0.0110
vn -0.7051 -0.0607 -0.7065
vn -0.7051 -0.0450 0.7076
vn 0.7051 0.0607 0.7065
vn 0.7051 0.0450 -0.7076
vn 0.0748 -0.9971 0.0111
vn -0.0748 0.9971 -0.0111
vn -0.7051 -0.0450 -0.7077
vn -0.7051 -0.0607 0.7065
vn 0.7051 0.0450 0.7076
vn 0.7051 0.0607 -0.7065
vn 0.0748 -0.9971 -0.0111
vn -0.0748 0.9971 0.0111
vn -0.7033 -0.0811 -0.7063
vn -0.7033 -0.0654 0.7079
vn 0.7033 0.0811 0.7062
vn 0.7033 0.0654 -0.7079
vn 0.1036 -0.9946 0.0110
vn -0.1036 0.9946 -0.0110
vn -0.7033 -0.0654 -0.7079
vn -0.7033 -0.0811 0.7063
vn 0.7033 0.0654 0.7079
vn 0.7033 0.0811 -0.7063
vn 0.1036 -0.9946 -0.0110
vn -0.1036 0.9946 0.0110
vn -0.1322 0.9912 -0.0110
vn -0.6979 -0.1213 -0.7058
vn -0.6980 -0.1213 -0.7058
vn -0.6980 -0.1055 0.7083
vn 0.6979 0.1213 0.7058
vn 0.6980 0.1213 0.7058
vn 0.6980 0.1055 -0.7083
vn 0.1604 -0.9870 0.0110
vn -0.1604 0.9870 -0.0110
vn -0.6980 -0.1056 -0.7083
vn -0.6979 -0.1213 0.7058
vn 0.6980 0.1056 0.7083
vn -0.7051 -0.0450 -0.7076
vn 0.7051 0.0450 0.7077
vn -0.7033 -0.0811 -0.7062
vn 0.7033 0.0811 0.7063
vn -0.1036 0.9946 -0.0111
vn -0.7033 -0.0811 0.7062
vn 0.7033 0.0811 -0.7062
vn 0.1322 -0.9912 -0.0110
vn -0.1321 0.9912 0.0110
vn -0.6979 -0.1055 0.7083
vn 0.6980 0.1056 -0.7083
vn -0.7052 -0.0607 -0.7065
vn 0.7051 0.0450 -0.7077
vn -0.7066 -0.0177 -0.7074
vn -0.7066 0.0705 0.7041
vn 0.7066 0.0177 0.7074
vn 0.7066 -0.0705 -0.7041
vn -0.0374 -0.9974 0.0623
vn 0.0374 0.9974 -0.0623
vn -0.7068 -0.0230 -0.7070
vn -0.7068 0.0652 0.7044
vn 0.7068 0.0230 0.7071
vn 0.7068 0.0230 0.7070
vn 0.7068 -0.0652 -0.7044
vn -0.0299 -0.9976 0.0624
vn 0.0299 0.9976 -0.0624
vn -0.7064 -0.0124 -0.7077
vn -0.7064 0.0758 0.7037
vn -0.7064 0.0758 0.7038
vn 0.7064 0.0124 0.7077
vn 0.7064 -0.0758 -0.7038
vn 0.7064 -0.0758 -0.7037
vn -0.0449 -0.9970 0.0623
vn 0.0449 0.9970 -0.0623
vn -0.0790 0.9969 -0.0000
vn 0.0883 -0.9961 -0.0000
vn -0.0883 0.9961 -0.0000
vn -0.1654 -0.9838 0.0697
f 1/1/1 2/2/2 3/3/3
f 2/2/2 4/4/4 3/3/3
f 5/5/5 6/6/6 4/4/4
f 7/7/7 8/8/8 6/6/6
f 9/9/9 10/10/10 8/8/8
f 11/11/11 12/12/12 10/10/10
f 13/13/13 14/14/14 12/12/12
f 15/15/15 16/16/16 14/14/14
f 17/17/17 18/18/18 16/16/16
f 19/19/15 20/20/19 18/18/18
f 21/21/20 22/22/21 20/20/19
f 23/23/22 24/24/23 22/22/21
f 25/25/24 26/26/25 24/24/23
f 27/27/26 28/28/27 26/26/25
f 29/29/28 30/30/29 28/28/27
f 31/31/30 32/32/31 30/30/29
f 33/33/32 34/34/33 32/32/31
f 35/35/34 36/36/35 34/34/33
f 37/37/36 38/38/37 36/36/35
f 39/39/38 40/40/39 38/38/37
f 41/41/40 42/42/41 40/40/39
f 43/43/42 44/44/43 42/42/41
f 45/45/44 46/46/45 44/44/43
f 47/47/46 48/48/47 46/46/45
f 49/49/48 50/50/49 48/48/47
f 51/51/50 52/52/51 50/50/49
f 53/53/52 54/54/53 52/52/51
f 55/55/54 56/56/55 54/54/53
f 57/57/56 58/58/57 56/56/55
f 59/59/58 60/60/59 58/58/57
f 61/61/60 62/62/61 60/60/59
f 63/63/62 64/64/63 62/62/61
f 65/65/64 66/66/65 64/64/63
f 67/67/66 68/68/67 66/66/65
f 69/69/68 70/70/69 68/68/67
f 71/71/70 72/72/71 70/70/69
f 73/73/72 74/74/73 72/72/71
f 75/75/73 76/76/74 74/74/73
f 77/77/74 78/78/75 76/76/74
f 79/79/76 80/80/77 78/78/75
f 81/81/77 82/82/75 80/80/77
f 83/83/75 84/84/78 82/82/75
f 85/85/78 86/86/79 84/84/78
f 87/87/79 88/88/80 86/86/79
f 89/89/81 88/88/80 90/90/80
f 91/91/82 92/92/81 89/89/81
f 93/93/83 94/94/82 91/91/82
f 95/95/84 96/96/83 93/93/83
f 97/97/85 98/98/84 95/95/84
f 99/99/86 100/100/85 97/97/85
f 101/101/87 102/102/86 99/99/86
f 103/103/88 104/104/87 101/101/87
f 105/105/89 106/106/88 103/103/88
f 107/107/90 108/108/89 105/105/89
f 109/109/91 110/110/90 107/107/90
f 111/111/92 112/112/93 109/109/91
f 113/113/94 114/114/95 111/111/92
f 115/115/96 116/116/94 113/113/94
f 117/117/97 118/118/98 115/115/96
f 119/119/99 120/120/100 117/117/97
f 121/121/101 122/122/102 119/119/99
f 123/123/103 124/124/104 121/121/101
f 125/125/105 126/126/103 123/123/103
f 127/127/106 128/128/105 125/125/105
f 129/129/107 130/130/108 127/127/106
f 131/131/109 132/132/110 129/129/107
f 133/133/111 134/134/109 131/131/109
f 135/135/112 136/136/113 133/133/111
f 137/137/114 138/138/108 135/135/112
f 139/139/115 140/140/116 137/137/114
f 141/141/117 142/142/118 139/139/115
f 143/143/119 144/144/120 141/141/117
f 1/1/1 3/3/3 145/145/2
f 4/4/121 145/145/2 3/3/3
f 146/146/122 147/147/5 4/4/121
f 148/148/123 149/149/7 146/146/122
f 150/150/124 151/151/9 148/148/123
f 152/152/125 153/153/11 150/150/124
f 154/154/126 155/155/13 152/152/125
f 156/156/127 157/157/15 154/154/126
f 158/158/128 159/159/17 156/156/127
f 160/160/129 161/161/15 158/158/128
f 162/162/130 163/163/20 160/160/129
f 164/164/131 165/165/22 162/162/130
f 166/166/132 167/167/24 164/164/131
f 168/168/133 169/169/26 166/166/132
f 170/170/134 171/171/28 168/168/133
f 172/172/135 173/173/30 170/170/134
f 174/174/136 175/175/32 172/172/135
f 176/176/137 177/177/34 174/174/136
f 178/178/138 179/179/36 176/176/137
f 180/180/139 181/181/38 178/178/138
f 182/182/140 183/183/40 180/180/139
f 184/184/141 185/185/42 182/182/140
f 186/186/45 187/187/44 184/184/141
f 188/188/47 189/189/46 186/186/45
f 190/190/49 191/191/48 188/188/47
f 192/192/51 193/193/50 190/190/49
f 194/194/53 195/195/52 192/192/51
f 196/196/55 197/197/54 194/194/53
f 198/198/57 199/199/56 196/196/55
f 200/200/59 201/201/58 198/198/57
f 202/202/61 203/203/60 200/200/59
f 204/204/63 205/205/62 202/202/61
f 206/206/65 207/207/64 204/204/63
f 208/208/67 209/209/66 206/206/65
f 210/210/69 211/211/68 208/208/67
f 212/212/71 213/213/70 210/210/69
f 214/214/73 215/215/72 212/212/71
f 216/216/74 217/217/73 214/214/73
f 218/218/75 219/219/74 216/216/74
f 220/220/77 221/221/76 218/218/75
f 222/222/75 223/223/77 220/220/77
f 224/224/78 225/225/75 222/222/75
f 226/226/79 227/227/78 224/224/78
f 228/228/80 229/229/79 226/226/79
f 228/228/80 230/230/81 231/231/80
f 232/232/81 233/233/82 230/230/81
f 234/234/82 235/235/83 233/233/82
f 236/236/83 237/237/84 235/235/83
f 238/238/84 239/239/85 237/237/84
f 240/240/85 241/241/86 239/239/85
f 242/242/86 243/243/87 241/241/86
f 244/244/87 245/245/88 243/243/87
f 246/246/88 247/247/89 245/245/88
f 248/248/89 249/249/90 247/247/89
f 250/250/90 251/251/91 249/249/90
f 252/252/93 253/253/92 251/251/91
f 254/254/95 255/255/94 253/253/92
f 256/256/94 257/257/96 255/255/94
f 258/258/98 259/259/97 257/257/96
f 260/260/100 261/261/99 259/259/97
f 262/262/102 263/263/101 261/261/99
f 264/264/104 265/265/103 263/263/101
f 266/266/103 267/267/105 265/265/103
f 268/268/105 269/269/106 267/267/105
f 270/270/108 271/271/107 269/269/106
f 272/272/110 273/273/109 271/271/107
f 274/274/109 275/275/111 273/273/109
f 276/276/113 277/277/112 275/275/111
f 278/278/108 279/279/114 277/277/112
f 280/280/116 281/281/115 279/279/114
f 282/282/118 283/283/117 281/281/115
f 284/284/120 285/285/119 283/283/117
f 286/286/142 287/287/142 285/288/142
f 288/289/142 289/290/142 290/291/142
f 291/292/143 292/293/143 293/294/143
f 294/295/144 295/296/144 296/297/144
f 297/298/142 298/299/142 299/300/142
f 300/301/145 299/302/145 295/303/145
f 294/304/146 297/305/146 300/306/146
f 296/307/147 301/308/147 294/309/147
f 295/310/143 298/311/143 296/312/143
f 302/313/145 303/314/145 304/315/145
f 305/316/147 306/317/147 307/318/147
f 307/319/144 308/320/144 302/321/144
f 306/322/146 303/323/146 308/324/146
f 309/325/142 304/326/142 303/327/142
f 305/328/143 302/329/143 304/330/143
f 310/331/147 311/332/147 312/333/147
f 313/334/145 314/335/145 315/336/145
f 316/337/144 315/338/144 311/339/144
f 310/340/146 313/341/146 316/342/146
f 312/343/142 317/344/142 310/345/142
f 311/346/143 314/347/143 312/348/143
f 318/349/143 304/350/143 319/351/143
f 310/352/146 320/353/146 303/354/146
f 312/355/144 303/356/144 304/357/144
f 318/358/147 310/331/147 312/333/147
f 319/359/142 321/360/142 318/361/142
f 304/315/145 320/362/145 319/363/145
f 322/364/148 323/365/148 324/366/148
f 325/367/149 326/368/150 322/369/149
f 327/370/145 328/371/145 325/372/145
f 329/373/151 330/374/152 327/375/151
f 324/376/153 331/377/153 329/373/153
f 325/378/144 322/379/144 324/380/144
f 326/381/142 328/382/142 330/383/142
f 332/384/148 333/385/148 334/386/148
f 335/387/149 336/388/150 332/389/149
f 337/390/145 338/391/145 335/392/145
f 339/393/151 340/394/152 337/395/151
f 334/396/153 341/397/153 339/393/153
f 335/398/144 332/399/144 334/400/144
f 336/401/142 338/402/142 340/403/142
f 342/404/144 343/405/144 344/406/144
f 345/407/142 346/408/142 347/409/142
f 348/410/145 347/411/145 343/412/145
f 342/413/146 345/414/146 348/415/146
f 344/416/147 349/417/147 342/418/147
f 343/419/143 346/420/143 344/421/143
f 350/422/144 351/423/144 352/424/144
f 353/425/142 354/426/142 355/427/142
f 356/428/145 355/429/145 351/430/145
f 350/431/146 353/432/146 356/433/146
f 352/434/147 357/435/147 350/436/147
f 351/437/143 354/438/143 352/439/143
f 358/440/144 359/441/144 360/442/144
f 361/443/142 362/444/142 363/445/142
f 364/446/145 363/447/145 359/448/145
f 358/449/146 361/450/146 364/451/146
f 360/452/147 365/453/147 358/454/147
f 359/455/143 362/456/143 360/457/143
f 366/458/144 367/459/144 368/460/144
f 369/461/142 370/462/142 371/463/142
f 372/464/145 371/465/145 367/466/145
f 366/467/146 369/468/146 372/469/146
f 368/470/147 373/471/147 366/472/147
f 367/473/143 370/474/143 368/475/143
f 374/476/144 375/477/144 376/478/144
f 377/479/142 378/480/142 379/481/142
f 380/482/145 379/483/145 375/484/145
f 374/485/146 377/486/146 380/487/146
f 376/488/147 381/489/147 374/490/147
f 375/491/143 378/492/143 376/493/143
f 382/494/144 383/495/144 384/496/144
f 385/497/142 386/498/142 387/499/142
f 388/500/145 387/501/145 383/502/145
f 382/503/146 385/504/146 388/505/146
f 384/506/147 389/507/147 382/508/147
f 383/509/143 386/510/143 384/511/143
f 390/512/144 391/513/144 392/514/144
f 393/515/142 394/516/142 395/517/142
f 390/518/154 396/519/155 391/520/155
f 397/521/156 395/522/154 390/518/154
f 398/523/143 399/524/143 397/525/143
f 392/526/157 400/527/158 398/528/158
f 401/529/159 393/530/157 392/526/157
f 391/531/146 394/532/146 401/533/146
f 402/534/155 403/535/155 404/536/155
f 405/537/160 406/538/160 407/539/160
f 407/540/144 408/541/144 402/542/144
f 406/543/161 403/544/161 408/545/161
f 409/546/142 404/547/142 403/548/142
f 405/549/162 402/550/162 404/551/162
f 408/552/156 410/553/156 403/535/156
f 411/554/163 412/555/163 413/556/163
f 408/557/144 412/558/144 414/559/144
f 412/560/164 410/561/164 414/562/164
f 415/563/142 403/564/142 410/565/142
f 411/566/165 408/567/165 403/568/165
f 414/562/143 416/569/143 410/561/143
f 417/570/146 418/571/146 419/572/146
f 419/573/144 420/574/144 414/575/144
f 418/576/145 416/577/145 420/578/145
f 421/579/142 410/580/142 416/581/142
f 417/582/147 414/583/147 410/553/147
f 422/584/143 423/585/143 424/586/143
f 425/587/146 426/588/146 427/589/146
f 427/590/144 428/591/144 422/592/144
f 426/593/145 423/594/145 428/595/145
f 429/596/142 424/597/142 423/598/142
f 425/599/147 422/600/147 424/601/147
f 428/595/158 430/602/158 423/594/158
f 431/603/166 432/604/166 433/605/166
f 433/606/144 434/607/144 428/608/144
f 432/609/167 430/610/167 434/611/167
f 430/612/142 431/613/142 423/614/142
f 431/615/168 428/616/168 423/585/168
f 434/617/159 435/618/159 430/602/159
f 436/619/169 437/620/169 438/621/169
f 438/622/144 439/623/144 434/624/144
f 437/625/170 435/626/170 439/627/170
f 440/628/142 430/629/142 435/630/142
f 436/631/171 434/632/171 430/633/171
f 439/627/146 404/551/146 435/626/146
f 441/634/143 442/635/143 443/636/143
f 443/637/144 402/638/144 439/639/144
f 442/640/147 404/536/147 402/534/147
f 444/641/142 435/642/142 404/643/142
f 441/644/145 439/645/145 435/618/145
f 445/646/144 446/647/144 447/648/144
f 448/649/142 449/650/142 450/651/142
f 451/652/146 450/653/146 446/654/146
f 445/655/147 448/656/147 451/657/147
f 447/658/143 452/659/143 445/660/143
f 446/661/145 449/662/145 447/663/145
f 453/664/144 454/665/144 455/666/144
f 456/667/142 457/668/142 458/669/142
f 459/670/146 458/671/146 454/672/146
f 453/673/147 456/674/147 459/675/147
f 455/676/143 460/677/143 453/678/143
f 454/679/145 457/680/145 455/681/145
f 461/682/172 462/683/172 463/684/172
f 464/685/173 465/686/173 461/687/173
f 466/688/174 467/689/174 464/685/174
f 468/690/145 469/691/145 466/692/145
f 470/693/175 471/694/175 468/695/175
f 472/696/176 473/697/176 470/693/176
f 463/684/177 474/698/177 472/699/177
f 466/700/146 464/701/146 461/702/146
f 474/703/143 465/704/143 469/705/143
f 475/706/172 476/707/172 477/708/172
f 478/709/173 479/710/173 475/711/173
f 480/712/174 481/713/174 478/709/174
f 482/714/145 483/715/145 480/716/145
f 484/717/175 485/718/175 482/719/175
f 486/720/176 487/721/176 484/717/176
f 477/708/177 488/722/177 486/723/177
f 480/724/146 478/725/146 475/726/146
f 488/727/143 479/728/143 483/729/143
f 489/730/178 490/731/178 491/732/178
f 492/733/179 493/734/179 489/735/179
f 494/736/180 495/737/180 492/733/180
f 496/738/143 497/739/143 494/740/143
f 498/741/181 499/742/181 496/743/181
f 500/744/182 501/745/182 498/741/182
f 491/732/183 502/746/183 500/747/183
f 494/748/145 492/749/145 489/750/145
f 502/751/147 493/752/147 497/753/147
f 503/754/178 504/755/178 505/756/178
f 506/757/179 507/758/179 503/759/179
f 508/760/180 509/761/180 506/757/180
f 510/762/143 511/763/143 508/764/143
f 512/765/181 513/766/181 510/767/181
f 514/768/182 515/769/182 512/765/182
f 505/756/183 516/770/183 514/771/183
f 508/772/145 506/773/145 503/774/145
f 516/775/147 507/776/147 511/777/147
f 517/778/178 518/779/178 519/780/178
f 520/781/179 521/782/179 517/783/179
f 522/784/180 523/785/180 520/781/180
f 524/786/143 525/787/143 522/788/143
f 526/789/181 527/790/181 524/791/181
f 528/792/182 529/793/182 526/789/182
f 519/780/183 530/794/183 528/795/183
f 522/796/145 520/797/145 517/798/145
f 530/799/147 521/800/147 525/801/147
f 531/802/145 532/803/145 533/804/145
f 534/805/147 535/806/147 536/807/147
f 536/808/144 537/809/144 531/810/144
f 535/811/146 532/812/146 537/813/146
f 538/814/142 533/815/142 532/816/142
f 534/817/143 531/818/143 533/819/143
f 539/820/147 540/821/147 541/822/147
f 542/823/145 543/824/145 544/825/145
f 545/826/144 544/827/144 540/828/144
f 539/829/146 542/830/146 545/831/146
f 541/832/142 546/833/142 539/834/142
f 540/835/143 543/836/143 541/837/143
f 547/838/143 533/839/143 548/840/143
f 539/841/146 549/842/146 532/843/146
f 541/844/144 532/845/144 533/846/144
f 547/847/147 539/820/147 541/822/147
f 548/848/142 550/849/142 547/850/142
f 533/804/145 549/851/145 548/852/145
f 551/853/184 552/854/184 553/855/184
f 554/856/185 555/857/185 556/858/185
f 556/859/144 557/860/144 551/861/144
f 555/862/186 552/863/186 557/864/186
f 558/865/142 553/866/142 552/867/142
f 553/868/187 556/869/187 551/870/187
f 559/871/188 560/872/188 561/873/188
f 562/874/189 563/875/189 564/876/189
f 565/877/144 563/878/144 560/879/144
f 563/880/143 561/881/143 560/882/143
f 566/883/142 559/884/142 561/885/142
f 562/886/184 565/887/184 559/888/184
f 567/889/190 568/890/190 569/891/190
f 570/892/191 571/893/191 572/894/191
f 569/895/144 570/896/144 572/897/144
f 573/898/143 570/899/143 568/900/143
f 567/901/142 574/902/142 573/903/142
f 569/904/184 571/905/184 567/906/184
f 575/907/143 576/908/143 577/909/143
f 578/910/146 579/911/146 580/912/146
f 581/913/144 580/914/144 576/915/144
f 575/916/147 578/917/147 581/918/147
f 577/919/142 582/920/142 575/921/142
f 576/922/145 579/923/145 577/924/145
f 583/925/143 584/926/143 585/927/143
f 586/928/146 587/929/146 588/930/146
f 589/931/144 588/932/144 584/933/144
f 583/934/147 586/935/147 589/936/147
f 585/937/142 590/938/142 583/939/142
f 584/940/145 587/941/145 585/942/145
f 591/943/184 592/944/184 593/945/184
f 594/946/185 595/947/185 596/948/185
f 596/949/144 597/950/144 591/951/144
f 595/952/186 592/953/186 597/954/186
f 598/955/142 593/956/142 592/957/142
f 593/958/187 596/959/187 591/960/187
f 599/961/188 600/962/188 601/963/188
f 602/964/189 603/965/189 604/966/189
f 605/967/144 603/968/144 600/969/144
f 603/970/143 601/971/143 600/972/143
f 606/973/142 599/974/142 601/975/142
f 602/976/184 605/977/184 599/978/184
f 607/979/190 608/980/190 609/981/190
f 610/982/191 611/983/191 612/984/191
f 609/985/144 610/986/144 612/987/144
f 613/988/143 610/989/143 608/990/143
f 607/991/142 614/992/142 613/993/142
f 609/994/184 611/995/184 607/996/184
f 615/997/143 616/998/143 617/999/143
f 618/1000/146 619/1001/146 620/1002/146
f 621/1003/144 620/1004/144 616/1005/144
f 615/1006/147 618/1007/147 621/1008/147
f 617/1009/142 622/1010/142 615/1011/142
f 616/1012/145 619/1013/145 617/1014/145
f 623/1015/143 624/1016/143 625/1017/143
f 626/1018/146 627/1019/146 628/1020/146
f 629/1021/144 628/1022/144 624/1023/144
f 623/1024/147 626/1025/147 629/1026/147
f 625/1027/142 630/1028/142 623/1029/142
f 624/1030/145 627/1031/145 625/1032/145
f 631/1033/144 632/1034/144 633/1035/144
f 634/1036/142 635/1037/142 636/1038/142
f 637/1039/145 636/1040/145 632/1041/145
f 631/1042/146 634/1043/146 637/1044/146
f 633/1045/147 638/1046/147 631/1047/147
f 632/1048/143 635/1049/143 633/1050/143
f 639/1051/144 640/1052/144 641/1053/144
f 642/1054/142 643/1055/142 644/1056/142
f 645/1057/145 644/1058/145 640/1059/145
f 639/1060/146 642/1061/146 645/1062/146
f 641/1063/147 646/1064/147 639/1065/147
f 640/1066/143 643/1067/143 641/1068/143
f 647/1069/144 648/1070/144 649/1071/144
f 650/1072/142 651/1073/142 652/1074/142
f 653/1075/145 652/1076/145 648/1077/145
f 647/1078/146 650/1079/146 653/1080/146
f 649/1081/147 654/1082/147 647/1083/147
f 648/1084/143 651/1085/143 649/1086/143
f 655/1087/144 656/1088/144 657/1089/144
f 658/1090/142 659/1091/142 660/1092/142
f 661/1093/145 660/1094/145 656/1095/145
f 655/1096/146 658/1097/146 661/1098/146
f 657/1099/147 662/1100/147 655/1101/147
f 656/1102/143 659/1103/143 657/1104/143
f 663/1105/144 664/1106/144 665/1107/144
f 666/1108/142 667/1109/142 668/1110/142
f 669/1111/145 668/1112/145 664/1113/145
f 663/1114/146 666/1115/146 669/1116/146
f 665/1117/147 670/1118/147 663/1119/147
f 664/1120/143 667/1121/143 665/1122/143
f 671/1123/144 672/1124/144 673/1125/144
f 674/1126/142 675/1127/142 676/1128/142
f 677/1129/145 676/1130/145 672/1131/145
f 671/1132/146 674/1133/146 677/1134/146
f 673/1135/147 678/1136/147 671/1137/147
f 672/1138/143 675/1139/143 673/1140/143
f 679/1141/144 680/1142/144 681/1143/144
f 682/1144/142 683/1145/142 684/1146/142
f 685/1147/145 684/1148/145 680/1149/145
f 679/1150/146 682/1151/146 685/1152/146
f 681/1153/147 686/1154/147 679/1155/147
f 680/1156/143 683/1157/143 681/1158/143
f 687/1159/144 688/1160/144 689/1161/144
f 690/1162/142 691/1163/142 692/1164/142
f 693/1165/145 692/1166/145 688/1167/145
f 687/1168/146 690/1169/146 693/1170/146
f 689/1171/147 694/1172/147 687/1173/147
f 688/1174/143 691/1175/143 689/1176/143
f 695/1177/144 696/1178/144 697/1179/144
f 698/1180/142 699/1181/142 700/1182/142
f 701/1183/145 700/1184/145 696/1185/145
f 695/1186/146 698/1187/146 701/1188/146
f 697/1189/147 702/1190/147 695/1191/147
f 696/1192/143 699/1193/143 697/1194/143
f 703/1195/192 704/1196/192 705/1197/192
f 703/1198/193 706/1199/193 707/1200/193
f 708/1201/194 706/1202/194 709/1203/194
f 705/1204/195 710/1205/195 708/1206/195
f 708/1207/196 703/1208/196 705/1209/196
f 707/1210/197 710/1211/197 704/1212/197
f 711/1213/192 712/1214/192 713/1215/192
f 711/1216/193 714/1217/193 715/1218/193
f 716/1219/194 714/1220/194 717/1221/194
f 713/1222/195 718/1223/195 716/1224/195
f 716/1225/196 711/1226/196 713/1227/196
f 715/1228/197 718/1229/197 712/1230/197
f 719/1231/192 720/1232/192 721/1233/192
f 722/1234/193 723/1235/193 720/1236/193
f 724/1237/194 723/1238/194 725/1239/194
f 719/1240/195 726/1241/195 724/1242/195
f 724/1243/196 722/1244/196 719/1245/196
f 720/1246/197 726/1247/197 721/1248/197
f 727/1249/192 728/1250/192 729/1251/192
f 727/1252/193 730/1253/193 731/1254/193
f 732/1255/194 730/1256/194 733/1257/194
f 729/1258/195 734/1259/195 732/1260/195
f 732/1261/196 727/1262/196 729/1263/196
f 731/1264/197 734/1265/197 728/1266/197
f 735/1267/192 736/1268/192 737/1269/192
f 735/1270/193 738/1271/193 739/1272/193
f 740/1273/194 738/1274/194 741/1275/194
f 737/1276/195 742/1277/195 740/1278/195
f 740/1279/196 735/1280/196 737/1281/196
f 739/1282/197 742/1283/197 736/1284/197
f 743/1285/192 744/1286/192 745/1287/192
f 743/1288/193 746/1289/193 747/1290/193
f 748/1291/194 746/1292/194 749/1293/194
f 745/1294/195 750/1295/195 748/1296/195
f 748/1297/196 743/1298/196 745/1299/196
f 747/1300/197 750/1301/197 744/1302/197
f 751/1303/192 752/1304/192 753/1305/192
f 751/1306/193 754/1307/193 755/1308/193
f 756/1309/194 754/1310/194 757/1311/194
f 753/1312/195 758/1313/195 756/1314/195
f 756/1315/196 751/1316/196 753/1317/196
f 755/1318/197 758/1319/197 752/1320/197
f 759/1321/192 760/1322/192 761/1323/192
f 759/1324/193 762/1325/193 763/1326/193
f 764/1327/194 762/1328/194 765/1329/194
f 761/1330/195 766/1331/195 764/1332/195
f 764/1333/196 759/1334/196 761/1335/196
f 763/1336/197 766/1337/197 760/1338/197
f 767/1339/198 768/1340/199 769/1341/198
f 767/1342/200 770/1343/201 771/1344/201
f 772/1345/145 770/1346/145 773/1347/145
f 772/1348/202 774/1349/202 775/1350/202
f 769/1351/203 774/1349/203 776/1352/203
f 772/1353/204 773/1354/204 767/1355/204
f 771/1356/205 770/1357/205 775/1358/205
f 777/1359/206 778/1360/206 779/1361/206
f 780/1362/207 778/1363/208 781/1364/207
f 780/1365/145 782/1366/145 783/1367/145
f 784/1368/209 782/1369/210 785/1370/209
f 784/1368/211 779/1371/211 786/1372/211
f 785/1373/212 780/1374/212 781/1375/212
f 783/1376/213 782/1377/213 786/1378/213
f 787/1379/214 788/1380/214 789/1381/214
f 790/1382/215 788/1383/216 791/1384/215
f 792/1385/145 793/1386/145 790/1387/145
f 794/1388/217 795/1389/218 792/1390/217
f 794/1388/219 789/1391/219 796/1392/219
f 792/1393/220 790/1394/220 791/1395/220
f 788/1396/221 795/1397/221 796/1398/221
f 797/1399/144 644/1400/144 798/1401/144
f 799/1402/142 800/1403/142 801/1404/142
f 642/1405/145 801/1406/145 644/1058/145
f 797/1407/146 799/1408/146 642/1061/146
f 798/1409/147 802/1410/147 797/1411/147
f 644/1412/143 800/1413/143 798/1414/143
f 646/1415/144 803/1416/144 804/1417/144
f 799/1418/142 805/1419/142 806/1420/142
f 642/1405/145 806/1421/145 803/1422/145
f 646/1423/146 799/1408/146 642/1061/146
f 804/1424/147 807/1425/147 646/1426/147
f 803/1427/143 805/1428/143 804/1429/143
f 808/1430/144 644/1431/144 643/1432/144
f 809/1433/142 810/1434/142 801/1435/142
f 811/1436/145 801/1406/145 644/1058/145
f 808/1437/146 809/1438/146 811/1439/146
f 643/1440/147 812/1441/147 808/1442/147
f 644/1412/143 810/1443/143 643/1067/143
f 813/1444/144 814/1445/144 815/1446/144
f 816/1447/142 817/1448/142 818/1449/142
f 819/1450/145 818/1451/145 814/1452/145
f 813/1453/146 816/1454/146 819/1455/146
f 815/1456/147 820/1457/147 813/1458/147
f 814/1459/143 817/1460/143 815/1461/143
f 821/1462/144 822/1463/144 823/1464/144
f 824/1465/142 825/1466/142 826/1467/142
f 827/1468/145 826/1469/145 822/1470/145
f 821/1471/146 824/1472/146 827/1473/146
f 823/1474/147 828/1475/147 821/1476/147
f 822/1477/143 825/1478/143 823/1479/143
f 829/1480/222 830/1481/222 831/1482/222
f 829/1483/223 832/1484/223 833/1485/223
f 834/1486/224 832/1487/224 835/1488/224
f 836/1489/225 837/1490/225 834/1491/225
f 836/1489/226 830/1492/226 838/1493/226
f 834/1494/227 835/1495/227 829/1496/227
f 833/1497/228 832/1498/228 837/1499/228
f 839/1500/144 840/1501/144 841/1502/144
f 842/1503/142 843/1504/142 844/1505/142
f 845/1506/145 844/1507/145 840/1508/145
f 839/1509/146 842/1510/146 845/1511/146
f 841/1512/147 846/1513/147 839/1514/147
f 840/1515/143 843/1516/143 841/1517/143
f 847/1518/229 848/1519/229 849/1520/229
f 850/1521/230 848/1522/230 851/1523/230
f 852/1524/231 853/1525/231 850/1526/231
f 847/1527/232 854/1528/232 852/1529/232
f 852/1530/233 851/1531/233 847/1532/234
f 849/1533/235 853/1534/235 854/1535/235
f 855/1536/236 856/1537/236 857/1538/236
f 858/1539/237 859/1540/237 855/1541/237
f 860/1542/238 861/1543/238 858/1544/238
f 860/1545/239 856/1546/239 862/1547/239
f 860/1548/240 855/1549/240 857/1550/240
f 856/1551/241 861/1552/241 862/1553/241
f 863/1554/242 864/1555/242 865/1556/242
f 866/1557/243 867/1558/243 863/1559/243
f 866/1560/244 868/1561/244 869/1562/244
f 870/1563/245 864/1564/245 868/1565/245
f 870/1566/246 863/1567/246 865/1568/246
f 867/1569/247 868/1570/247 864/1571/247
f 871/1572/248 872/1573/248 873/1574/248
f 874/1575/249 875/1576/249 872/1577/249
f 876/1578/250 875/1579/250 877/1580/250
f 871/1581/251 878/1582/251 876/1583/251
f 876/1584/252 874/1585/252 871/1586/252
f 872/1587/253 878/1588/253 873/1589/253
f 879/1590/254 880/1591/254 881/1592/254
f 882/1593/255 883/1594/255 879/1595/255
f 882/1596/256 884/1597/256 885/1598/256
f 886/1599/257 880/1600/257 884/1601/257
f 886/1602/258 879/1603/258 881/1604/258
f 883/1605/259 884/1606/259 880/1607/259
f 887/1608/260 888/1609/260 889/1610/260
f 890/1611/261 891/1612/261 888/1613/261
f 892/1614/262 891/1615/262 893/1616/262
f 887/1617/263 894/1618/263 892/1619/263
f 892/1620/264 890/1621/264 887/1622/264
f 888/1623/265 894/1624/265 889/1625/265
f 895/1626/266 896/1627/266 897/1628/266
f 898/1629/267 899/1630/267 895/1631/267
f 898/1632/268 900/1633/268 901/1634/268
f 902/1635/269 896/1636/269 900/1637/269
f 898/1638/270 897/1639/270 902/1640/270
f 896/1641/271 901/1642/271 900/1643/271
f 903/1644/229 904/1645/229 905/1646/229
f 906/1647/230 907/1648/230 904/1649/230
f 908/1650/231 907/1651/231 909/1652/231
f 903/1653/232 910/1654/232 908/1655/232
f 908/1656/234 906/1657/234 903/1658/234
f 905/1659/235 907/1660/235 910/1661/272
f 911/1662/273 912/1663/274 913/1664/274
f 914/1665/275 915/1666/275 912/1667/275
f 916/1668/276 915/1669/277 917/1670/276
f 911/1671/278 918/1672/278 916/1673/278
f 916/1674/279 914/1675/279 911/1676/279
f 912/1677/280 918/1678/280 913/1679/280
f 919/1680/242 920/1681/281 921/1682/242
f 922/1683/243 923/1684/282 919/1685/243
f 922/1686/244 924/1687/283 925/1688/283
f 926/1689/245 920/1690/245 924/1691/245
f 926/1692/246 919/1693/246 921/1694/246
f 923/1695/247 924/1696/247 920/1697/247
f 927/1698/254 928/1699/284 929/1700/254
f 930/1701/255 931/1702/255 927/1703/255
f 930/1704/285 932/1705/285 933/1706/285
f 929/1707/257 932/1708/257 934/1709/257
f 930/1710/258 929/1711/258 934/1712/258
f 928/1713/259 933/1714/259 932/1715/259
f 935/1716/260 936/1717/286 937/1718/286
f 938/1719/261 939/1720/261 936/1721/261
f 940/1722/287 939/1723/262 941/1724/287
f 935/1725/263 942/1726/263 940/1727/263
f 941/1728/264 935/1729/264 940/1730/264
f 937/1731/265 939/1732/265 942/1733/288
f 943/1734/266 944/1735/266 945/1736/266
f 946/1737/267 947/1738/289 943/1739/267
f 946/1740/268 948/1741/268 949/1742/268
f 950/1743/269 944/1744/290 948/1745/290
f 946/1746/270 945/1747/270 950/1748/270
f 944/1749/271 949/1750/271 948/1751/271
f 951/1752/229 952/1753/229 953/1754/229
f 954/1755/230 955/1756/230 952/1757/230
f 956/1758/231 955/1759/231 957/1760/231
f 951/1761/232 958/1762/232 956/1763/232
f 956/1764/233 954/1765/233 951/1766/233
f 953/1767/272 955/1768/272 958/1769/235
f 959/1770/236 960/1771/236 961/1772/236
f 962/1773/237 960/1774/237 963/1775/237
f 964/1776/238 965/1777/238 962/1778/238
f 964/1779/239 961/1780/239 966/1781/239
f 964/1782/291 963/1783/291 959/1784/291
f 961/1785/292 965/1786/292 966/1787/241
f 967/1788/274 968/1789/273 969/1790/273
f 970/1791/293 971/1792/275 968/1793/275
f 972/1794/277 971/1795/277 973/1796/277
f 967/1797/278 974/1798/294 972/1799/278
f 972/1800/279 970/1801/279 967/1802/279
f 968/1803/280 974/1804/280 969/1805/280
f 975/1806/295 976/1807/248 977/1808/295
f 975/1809/249 978/1810/249 979/1811/249
f 980/1812/250 978/1813/250 981/1814/250
f 977/1815/251 982/1816/296 980/1817/251
f 981/1818/252 977/1819/252 980/1820/252
f 976/1821/253 978/1822/253 982/1823/253
f 983/1824/297 984/1825/297 985/1826/297
f 986/1827/298 987/1828/298 983/1829/298
f 988/1830/299 989/1831/299 986/1832/299
f 988/1833/300 984/1834/300 990/1835/300
f 988/1836/301 983/1837/301 985/1838/301
f 987/1839/302 990/1840/302 984/1841/302
f 991/1842/303 992/1843/303 993/1844/303
f 994/1845/304 995/1846/304 991/1847/304
f 994/1848/305 996/1849/306 997/1850/306
f 993/1851/307 996/1852/307 998/1853/307
f 998/1854/308 991/1855/308 993/1856/308
f 995/1857/309 996/1858/309 992/1859/309
f 999/1860/310 1000/1861/310 1001/1862/310
f 1002/1863/311 1003/1864/312 999/1865/311
f 1002/1866/313 1004/1867/313 1005/1868/313
f 1006/1869/314 1000/1870/315 1004/1871/315
f 1006/1872/316 999/1873/316 1001/1874/316
f 1003/1875/317 1004/1876/317 1000/1877/317
f 2/2/2 5/5/5 4/4/4
f 5/5/5 7/7/7 6/6/6
f 7/7/7 9/9/9 8/8/8
f 9/9/9 11/11/11 10/10/10
f 11/11/11 13/13/13 12/12/12
f 13/13/13 15/15/15 14/14/14
f 15/15/15 17/17/17 16/16/16
f 17/17/17 19/19/15 18/18/18
f 19/19/15 21/21/20 20/20/19
f 21/21/20 23/23/22 22/22/21
f 23/23/22 25/25/24 24/24/23
f 25/25/24 27/27/26 26/26/25
f 27/27/26 29/29/28 28/28/27
f 29/29/28 31/31/30 30/30/29
f 31/31/30 33/33/32 32/32/31
f 33/33/32 35/35/34 34/34/33
f 35/35/34 37/37/36 36/36/35
f 37/37/36 39/39/38 38/38/37
f 39/39/38 41/41/40 40/40/39
f 41/41/40 43/43/42 42/42/41
f 43/43/42 45/45/44 44/44/43
f 45/45/44 47/47/46 46/46/45
f 47/47/46 49/49/48 48/48/47
f 49/49/48 51/51/50 50/50/49
f 51/51/50 53/53/52 52/52/51
f 53/53/52 55/55/54 54/54/53
f 55/55/54 57/57/56 56/56/55
f 57/57/56 59/59/58 58/58/57
f 59/59/58 61/61/60 60/60/59
f 61/61/60 63/63/62 62/62/61
f 63/63/62 65/65/64 64/64/63
f 65/65/64 67/67/66 66/66/65
f 67/67/66 69/69/68 68/68/67
f 69/69/68 71/71/70 70/70/69
f 71/71/70 73/73/72 72/72/71
f 73/73/72 75/75/73 74/74/73
f 75/75/73 77/77/74 76/76/74
f 77/77/74 79/79/76 78/78/75
f 79/79/76 81/81/77 80/80/77
f 81/81/77 83/83/75 82/82/75
f 83/83/75 85/85/78 84/84/78
f 85/85/78 87/87/79 86/86/79
f 87/87/79 90/90/80 88/88/80
f 89/89/81 92/92/81 88/88/80
f 91/91/82 94/94/82 92/92/81
f 93/93/83 96/96/83 94/94/82
f 95/95/84 98/98/84 96/96/83
f 97/97/85 100/100/85 98/98/84
f 99/99/86 102/102/86 100/100/85
f 101/101/87 104/104/87 102/102/86
f 103/103/88 106/106/88 104/104/87
f 105/105/89 108/108/89 106/106/88
f 107/107/90 110/110/90 108/108/89
f 109/109/91 112/112/93 110/110/90
f 111/111/92 114/114/95 112/112/93
f 113/113/94 116/116/94 114/114/95
f 115/115/96 118/118/98 116/116/94
f 117/117/97 120/120/100 118/118/98
f 119/119/99 122/122/102 120/120/100
f 121/121/101 124/124/104 122/122/102
f 123/123/103 126/126/103 124/124/104
f 125/125/105 128/128/105 126/126/103
f 127/127/106 130/130/108 128/128/105
f 129/129/107 132/132/110 130/130/108
f 131/131/109 134/134/109 132/132/110
f 133/133/111 136/136/113 134/134/109
f 135/135/112 138/138/108 136/136/113
f 137/137/114 140/140/116 138/138/108
f 139/139/115 142/142/118 140/140/116
f 141/141/117 144/144/120 142/142/118
f 143/143/119 1007/1878/119 144/144/120
f 4/4/121 147/147/5 145/145/2
f 146/146/122 149/149/7 147/147/5
f 148/148/123 151/151/9 149/149/7
f 150/150/124 153/153/11 151/151/9
f 152/152/125 155/155/13 153/153/11
f 154/154/126 157/157/15 155/155/13
f 156/156/127 159/159/17 157/157/15
f 158/158/128 161/161/15 159/159/17
f 160/160/129 163/163/20 161/161/15
f 162/162/130 165/165/22 163/163/20
f 164/164/131 167/167/24 165/165/22
f 166/166/132 169/169/26 167/167/24
f 168/168/133 171/171/28 169/169/26
f 170/170/134 173/173/30 171/171/28
f 172/172/135 175/175/32 173/173/30
f 174/174/136 177/177/34 175/175/32
f 176/176/137 179/179/36 177/177/34
f 178/178/138 181/181/38 179/179/36
f 180/180/139 183/183/40 181/181/38
f 182/182/140 185/185/42 183/183/40
f 184/184/141 187/187/44 185/185/42
f 186/186/45 189/189/46 187/187/44
f 188/188/47 191/191/48 189/189/46
f 190/190/49 193/193/50 191/191/48
f 192/192/51 195/195/52 193/193/50
f 194/194/53 197/197/54 195/195/52
f 196/196/55 199/199/56 197/197/54
f 198/198/57 201/201/58 199/199/56
f 200/200/59 203/203/60 201/201/58
f 202/202/61 205/205/62 203/203/60
f 204/204/63 207/207/64 205/205/62
f 206/206/65 209/209/66 207/207/64
f 208/208/67 211/211/68 209/209/66
f 210/210/69 213/213/70 211/211/68
f 212/212/71 215/215/72 213/213/70
f 214/214/73 217/217/73 215/215/72
f 216/216/74 219/219/74 217/217/73
f 218/218/75 221/221/76 219/219/74
f 220/220/77 223/223/77 221/221/76
f 222/222/75 225/225/75 223/223/77
f 224/224/78 227/227/78 225/225/75
f 226/226/79 229/229/79 227/227/78
f 228/228/80 231/231/80 229/229/79
f 228/228/80 232/232/81 230/230/81
f 232/232/81 234/234/82 233/233/82
f 234/234/82 236/236/83 235/235/83
f 236/236/83 238/238/84 237/237/84
f 238/238/84 240/240/85 239/239/85
f 240/240/85 242/242/86 241/241/86
f 242/242/86 244/244/87 243/243/87
f 244/244/87 246/246/88 245/245/88
f 246/246/88 248/248/89 247/247/89
f 248/248/89 250/250/90 249/249/90
f 250/250/90 252/252/93 251/251/91
f 252/252/93 254/254/95 253/253/92
f 254/254/95 256/256/94 255/255/94
f 256/256/94 258/258/98 257/257/96
f 258/258/98 260/260/100 259/259/97
f 260/260/100 262/262/102 261/261/99
f 262/262/102 264/264/104 263/263/101
f 264/264/104 266/266/103 265/265/103
f 266/266/103 268/268/105 267/267/105
f 268/268/105 270/270/108 269/269/106
f 270/270/108 272/272/110 271/271/107
f 272/272/110 274/274/109 273/273/109
f 274/274/109 276/276/113 275/275/111
f 276/276/113 278/278/108 277/277/112
f 278/278/108 280/280/116 279/279/114
f 280/280/116 282/282/118 281/281/115
f 282/282/118 284/284/120 283/283/117
f 284/284/120 1008/1879/119 285/285/119
f 286/286/142 1009/1880/142 287/287/142
f 288/289/142 143/1881/142 289/290/142
f 291/292/143 1010/1882/143 292/293/143
f 294/295/144 300/1883/144 295/296/144
f 297/298/142 301/1884/142 298/299/142
f 300/301/145 297/1885/145 299/302/145
f 294/304/146 301/1886/146 297/305/146
f 296/307/147 298/1887/147 301/308/147
f 295/310/143 299/1888/143 298/311/143
f 302/313/145 308/1889/145 303/314/145
f 305/316/147 309/1890/147 306/317/147
f 307/319/144 306/1891/144 308/320/144
f 306/322/146 309/1892/146 303/323/146
f 309/325/142 305/1893/142 304/326/142
f 305/328/143 307/1894/143 302/329/143
f 310/331/147 316/1895/147 311/332/147
f 313/334/145 317/1896/145 314/335/145
f 316/337/144 313/1897/144 315/338/144
f 310/340/146 317/1898/146 313/341/146
f 312/343/142 314/1899/142 317/344/142
f 311/346/143 315/1900/143 314/347/143
f 318/349/143 312/1901/143 304/350/143
f 310/352/146 321/1902/146 320/353/146
f 312/355/144 310/1903/144 303/356/144
f 318/358/147 321/1904/147 310/331/147
f 319/359/142 320/1905/142 321/360/142
f 304/315/145 303/314/145 320/362/145
f 322/364/148 326/1906/148 323/365/148
f 325/367/149 328/1907/150 326/368/150
f 327/370/145 330/1908/145 328/371/145
f 329/373/151 331/377/152 330/374/152
f 324/376/153 323/1909/153 331/377/153
f 324/380/144 329/1910/144 327/1911/144
f 327/1911/144 325/378/144 324/380/144
f 331/1912/142 323/1913/142 330/383/142
f 323/1913/142 326/381/142 330/383/142
f 332/384/148 336/1914/148 333/385/148
f 335/387/149 338/1915/150 336/388/150
f 337/390/145 340/1916/145 338/391/145
f 339/393/151 341/397/152 340/394/152
f 334/396/153 333/1917/153 341/397/153
f 334/400/144 339/1918/144 337/1919/144
f 337/1919/144 335/398/144 334/400/144
f 341/1920/142 333/1921/142 340/403/142
f 333/1921/142 336/401/142 340/403/142
f 342/404/144 348/1922/144 343/405/144
f 345/407/142 349/1923/142 346/408/142
f 348/410/145 345/1924/145 347/411/145
f 342/413/146 349/1925/146 345/414/146
f 344/416/147 346/1926/147 349/417/147
f 343/419/143 347/1927/143 346/420/143
f 350/422/144 356/1928/144 351/423/144
f 353/425/142 357/1929/142 354/426/142
f 356/428/145 353/1930/145 355/429/145
f 350/431/146 357/1931/146 353/432/146
f 352/434/147 354/1932/147 357/435/147
f 351/437/143 355/1933/143 354/438/143
f 358/440/144 364/1934/144 359/441/144
f 361/443/142 365/1935/142 362/444/142
f 364/446/145 361/1936/145 363/447/145
f 358/449/146 365/1937/146 361/450/146
f 360/452/147 362/1938/147 365/453/147
f 359/455/143 363/1939/143 362/456/143
f 366/458/144 372/1940/144 367/459/144
f 369/461/142 373/1941/142 370/462/142
f 372/464/145 369/1942/145 371/465/145
f 366/467/146 373/1943/146 369/468/146
f 368/470/147 370/1944/147 373/471/147
f 367/473/143 371/1945/143 370/474/143
f 374/476/144 380/1946/144 375/477/144
f 377/479/142 381/1947/142 378/480/142
f 380/482/145 377/1948/145 379/483/145
f 374/485/146 381/1949/146 377/486/146
f 376/488/147 378/1950/147 381/489/147
f 375/491/143 379/1951/143 378/492/143
f 382/494/144 388/1952/144 383/495/144
f 385/497/142 389/1953/142 386/498/142
f 388/500/145 385/1954/145 387/501/145
f 382/503/146 389/1955/146 385/504/146
f 384/506/147 386/1956/147 389/507/147
f 383/509/143 387/1957/143 386/510/143
f 391/513/144 401/1958/144 392/514/144
f 392/514/144 398/1959/144 397/1960/144
f 397/1960/144 390/512/144 392/514/144
f 394/516/142 396/1961/142 395/517/142
f 395/517/142 399/1962/142 400/1963/142
f 400/1963/142 393/515/142 395/517/142
f 390/518/154 395/522/154 396/519/155
f 397/521/156 399/1964/156 395/522/154
f 398/523/143 400/1965/143 399/524/143
f 392/526/157 393/530/157 400/527/158
f 401/529/159 394/1966/159 393/530/157
f 391/531/146 396/1967/146 394/532/146
f 402/534/155 408/552/155 403/535/155
f 405/537/160 409/1968/160 406/538/160
f 407/540/144 406/1969/144 408/541/144
f 406/543/161 409/1970/161 403/544/161
f 409/546/142 405/1971/142 404/547/142
f 405/549/162 407/1972/162 402/550/162
f 408/552/156 414/583/156 410/553/156
f 411/554/163 415/1973/163 412/555/163
f 408/557/144 413/1974/144 412/558/144
f 412/560/164 415/1975/164 410/561/164
f 415/563/142 411/1976/142 403/564/142
f 411/566/165 413/1977/165 408/567/165
f 414/562/143 420/1978/143 416/569/143
f 417/570/146 421/1979/146 418/571/146
f 419/573/144 418/1980/144 420/574/144
f 418/576/145 421/1981/145 416/577/145
f 421/579/142 417/1982/142 410/580/142
f 417/582/147 419/1983/147 414/583/147
f 422/584/143 428/616/143 423/585/143
f 425/587/146 429/1984/146 426/588/146
f 427/590/144 426/1985/144 428/591/144
f 426/593/145 429/1986/145 423/594/145
f 429/596/142 425/1987/142 424/597/142
f 425/599/147 427/1988/147 422/600/147
f 428/595/158 434/617/158 430/602/158
f 431/603/166 1011/1989/166 432/604/166
f 433/606/144 432/1990/144 434/607/144
f 432/609/167 1011/1991/167 430/610/167
f 430/612/142 1011/1992/142 431/613/142
f 431/615/168 433/1993/168 428/616/168
f 434/617/159 439/645/159 435/618/159
f 436/619/169 440/1994/169 437/620/169
f 438/622/144 437/1995/144 439/623/144
f 437/625/170 440/1996/170 435/626/170
f 440/628/142 436/1997/142 430/629/142
f 436/631/171 438/1998/171 434/632/171
f 439/627/146 402/550/146 404/551/146
f 441/634/143 444/1999/143 442/635/143
f 443/637/144 442/2000/144 402/638/144
f 442/640/147 444/2001/147 404/536/147
f 444/641/142 441/2002/142 435/642/142
f 441/644/145 443/2003/145 439/645/145
f 445/646/144 451/2004/144 446/647/144
f 448/649/142 452/2005/142 449/650/142
f 451/652/146 448/2006/146 450/653/146
f 445/655/147 452/2007/147 448/656/147
f 447/658/143 449/2008/143 452/659/143
f 446/661/145 450/2009/145 449/662/145
f 453/664/144 459/2010/144 454/665/144
f 456/667/142 460/2011/142 457/668/142
f 459/670/146 456/2012/146 458/671/146
f 453/673/147 460/2013/147 456/674/147
f 455/676/143 457/2014/143 460/677/143
f 454/679/145 458/2015/145 457/680/145
f 461/682/172 465/2016/172 462/683/172
f 464/685/173 467/689/173 465/686/173
f 466/688/174 469/2017/174 467/689/174
f 468/690/145 471/2018/145 469/691/145
f 470/693/175 473/697/175 471/694/175
f 472/696/176 474/2019/176 473/697/176
f 463/684/177 462/683/177 474/698/177
f 463/2020/146 472/2021/146 461/702/146
f 472/2021/146 470/2022/146 461/702/146
f 470/2022/146 468/2023/146 461/702/146
f 468/2023/146 466/700/146 461/702/146
f 474/703/143 462/2024/143 465/704/143
f 465/704/143 467/2025/143 469/705/143
f 469/705/143 471/2026/143 473/2027/143
f 473/2027/143 474/703/143 469/705/143
f 475/706/172 479/2028/172 476/707/172
f 478/709/173 481/713/173 479/710/173
f 480/712/174 483/2029/174 481/713/174
f 482/714/145 485/2030/145 483/715/145
f 484/717/175 487/721/175 485/718/175
f 486/720/176 488/2031/176 487/721/176
f 477/708/177 476/707/177 488/722/177
f 477/2032/146 486/2033/146 475/726/146
f 486/2033/146 484/2034/146 475/726/146
f 484/2034/146 482/2035/146 475/726/146
f 482/2035/146 480/724/146 475/726/146
f 488/727/143 476/2036/143 479/728/143
f 479/728/143 481/2037/143 483/729/143
f 483/729/143 485/2038/143 487/2039/143
f 487/2039/143 488/727/143 483/729/143
f 489/730/178 493/2040/178 490/731/178
f 492/733/179 495/737/179 493/734/179
f 494/736/180 497/2041/180 495/737/180
f 496/738/143 499/2042/143 497/739/143
f 498/741/181 501/745/181 499/742/181
f 500/744/182 502/2043/182 501/745/182
f 491/732/183 490/731/183 502/746/183
f 491/2044/145 500/2045/145 489/750/145
f 500/2045/145 498/2046/145 489/750/145
f 498/2046/145 496/2047/145 489/750/145
f 496/2047/145 494/748/145 489/750/145
f 502/751/147 490/2048/147 493/752/147
f 493/752/147 495/2049/147 497/753/147
f 497/753/147 499/2050/147 501/2051/147
f 501/2051/147 502/751/147 497/753/147
f 503/754/178 507/2052/178 504/755/178
f 506/757/179 509/761/179 507/758/179
f 508/760/180 511/2053/180 509/761/180
f 510/762/143 513/2054/143 511/763/143
f 512/765/181 515/769/181 513/766/181
f 514/768/182 516/2055/182 515/769/182
f 505/756/183 504/755/183 516/770/183
f 505/2056/145 514/2057/145 503/774/145
f 514/2057/145 512/2058/145 503/774/145
f 512/2058/145 510/2059/145 503/774/145
f 510/2059/145 508/772/145 503/774/145
f 516/775/147 504/2060/147 507/776/147
f 507/776/147 509/2061/147 511/777/147
f 511/777/147 513/2062/147 515/2063/147
f 515/2063/147 516/775/147 511/777/147
f 517/778/178 521/2064/178 518/779/178
f 520/781/179 523/785/179 521/782/179
f 522/784/180 525/2065/180 523/785/180
f 524/786/143 527/2066/143 525/787/143
f 526/789/181 529/793/181 527/790/181
f 528/792/182 530/2067/182 529/793/182
f 519/780/183 518/779/183 530/794/183
f 519/2068/145 528/2069/145 517/798/145
f 528/2069/145 526/2070/145 517/798/145
f 526/2070/145 524/2071/145 517/798/145
f 524/2071/145 522/796/145 517/798/145
f 530/799/147 518/2072/147 521/800/147
f 521/800/147 523/2073/147 525/801/147
f 525/801/147 527/2074/147 529/2075/147
f 529/2075/147 530/799/147 525/801/147
f 531/802/145 537/2076/145 532/803/145
f 534/805/147 538/2077/147 535/806/147
f 536/808/144 535/2078/144 537/809/144
f 535/811/146 538/2079/146 532/812/146
f 538/814/142 534/2080/142 533/815/142
f 534/817/143 536/2081/143 531/818/143
f 539/820/147 545/2082/147 540/821/147
f 542/823/145 546/2083/145 543/824/145
f 545/826/144 542/2084/144 544/827/144
f 539/829/146 546/2085/146 542/830/146
f 541/832/142 543/2086/142 546/833/142
f 540/835/143 544/2087/143 543/836/143
f 547/838/143 541/2088/143 533/839/143
f 539/841/146 550/2089/146 549/842/146
f 541/844/144 539/2090/144 532/845/144
f 547/847/147 550/2091/147 539/820/147
f 548/848/142 549/2092/142 550/849/142
f 533/804/145 532/803/145 549/851/145
f 551/853/184 557/2093/184 552/854/184
f 554/856/185 558/2094/185 555/857/185
f 556/859/144 555/2095/144 557/860/144
f 555/862/186 558/2096/186 552/863/186
f 558/865/142 554/2097/142 553/866/142
f 553/868/187 554/2098/187 556/869/187
f 559/871/188 565/2099/188 560/872/188
f 562/874/189 566/2100/189 563/875/189
f 565/877/144 564/2101/144 563/878/144
f 563/880/143 566/2102/143 561/881/143
f 566/883/142 562/2103/142 559/884/142
f 562/886/184 564/2104/184 565/887/184
f 567/889/190 573/2105/190 568/890/190
f 570/892/191 574/2106/191 571/893/191
f 569/895/144 568/2107/144 570/896/144
f 573/898/143 574/2108/143 570/899/143
f 567/901/142 571/2109/142 574/902/142
f 569/904/184 572/2110/184 571/905/184
f 575/907/143 581/2111/143 576/908/143
f 578/910/146 582/2112/146 579/911/146
f 581/913/144 578/2113/144 580/914/144
f 575/916/147 582/2114/147 578/917/147
f 577/919/142 579/2115/142 582/920/142
f 576/922/145 580/2116/145 579/923/145
f 583/925/143 589/2117/143 584/926/143
f 586/928/146 590/2118/146 587/929/146
f 589/931/144 586/2119/144 588/932/144
f 583/934/147 590/2120/147 586/935/147
f 585/937/142 587/2121/142 590/938/142
f 584/940/145 588/2122/145 587/941/145
f 591/943/184 597/2123/184 592/944/184
f 594/946/185 598/2124/185 595/947/185
f 596/949/144 595/2125/144 597/950/144
f 595/952/186 598/2126/186 592/953/186
f 598/955/142 594/2127/142 593/956/142
f 593/958/187 594/2128/187 596/959/187
f 599/961/188 605/2129/188 600/962/188
f 602/964/189 606/2130/189 603/965/189
f 605/967/144 604/2131/144 603/968/144
f 603/970/143 606/2132/143 601/971/143
f 606/973/142 602/2133/142 599/974/142
f 602/976/184 604/2134/184 605/977/184
f 607/979/190 613/2135/190 608/980/190
f 610/982/191 614/2136/191 611/983/191
f 609/985/144 608/2137/144 610/986/144
f 613/988/143 614/2138/143 610/989/143
f 607/991/142 611/2139/142 614/992/142
f 609/994/184 612/2140/184 611/995/184
f 615/997/143 621/2141/143 616/998/143
f 618/1000/146 622/2142/146 619/1001/146
f 621/1003/144 618/2143/144 620/1004/144
f 615/1006/147 622/2144/147 618/1007/147
f 617/1009/142 619/2145/142 622/1010/142
f 616/1012/145 620/2146/145 619/1013/145
f 623/1015/143 629/2147/143 624/1016/143
f 626/1018/146 630/2148/146 627/1019/146
f 629/1021/144 626/2149/144 628/1022/144
f 623/1024/147 630/2150/147 626/1025/147
f 625/1027/142 627/2151/142 630/1028/142
f 624/1030/145 628/2152/145 627/1031/145
f 631/1033/144 637/2153/144 632/1034/144
f 634/1036/142 638/2154/142 635/1037/142
f 637/1039/145 634/2155/145 636/1040/145
f 631/1042/146 638/2156/146 634/1043/146
f 633/1045/147 635/2157/147 638/1046/147
f 632/1048/143 636/2158/143 635/1049/143
f 639/1051/144 645/2159/144 640/1052/144
f 642/1054/142 646/2160/142 643/1055/142
f 645/1057/145 642/1405/145 644/1058/145
f 639/1060/146 646/1423/146 642/1061/146
f 641/1063/147 643/2161/147 646/1064/147
f 640/1066/143 644/1412/143 643/1067/143
f 647/1069/144 653/2162/144 648/1070/144
f 650/1072/142 654/2163/142 651/1073/142
f 653/1075/145 650/2164/145 652/1076/145
f 647/1078/146 654/2165/146 650/1079/146
f 649/1081/147 651/2166/147 654/1082/147
f 648/1084/143 652/2167/143 651/1085/143
f 655/1087/144 661/2168/144 656/1088/144
f 658/1090/142 662/2169/142 659/1091/142
f 661/1093/145 658/2170/145 660/1094/145
f 655/1096/146 662/2171/146 658/1097/146
f 657/1099/147 659/2172/147 662/1100/147
f 656/1102/143 660/2173/143 659/1103/143
f 663/1105/144 669/2174/144 664/1106/144
f 666/1108/142 670/2175/142 667/1109/142
f 669/1111/145 666/2176/145 668/1112/145
f 663/1114/146 670/2177/146 666/1115/146
f 665/1117/147 667/2178/147 670/1118/147
f 664/1120/143 668/2179/143 667/1121/143
f 671/1123/144 677/2180/144 672/1124/144
f 674/1126/142 678/2181/142 675/1127/142
f 677/1129/145 674/2182/145 676/1130/145
f 671/1132/146 678/2183/146 674/1133/146
f 673/1135/147 675/2184/147 678/1136/147
f 672/1138/143 676/2185/143 675/1139/143
f 679/1141/144 685/2186/144 680/1142/144
f 682/1144/142 686/2187/142 683/1145/142
f 685/1147/145 682/2188/145 684/1148/145
f 679/1150/146 686/2189/146 682/1151/146
f 681/1153/147 683/2190/147 686/1154/147
f 680/1156/143 684/2191/143 683/1157/143
f 687/1159/144 693/2192/144 688/1160/144
f 690/1162/142 694/2193/142 691/1163/142
f 693/1165/145 690/2194/145 692/1166/145
f 687/1168/146 694/2195/146 690/1169/146
f 689/1171/147 691/2196/147 694/1172/147
f 688/1174/143 692/2197/143 691/1175/143
f 695/1177/144 701/2198/144 696/1178/144
f 698/1180/142 702/2199/142 699/1181/142
f 701/1183/145 698/2200/145 700/1184/145
f 695/1186/146 702/2201/146 698/1187/146
f 697/1189/147 699/2202/147 702/1190/147
f 696/1192/143 700/2203/143 699/1193/143
f 703/1195/192 707/2204/192 704/1196/192
f 703/1198/193 709/2205/193 706/1199/193
f 708/1201/194 710/2206/194 706/1202/194
f 705/1204/195 704/2207/195 710/1205/195
f 708/1207/196 709/2208/196 703/1208/196
f 707/1210/197 706/2209/197 710/1211/197
f 711/1213/192 715/2210/192 712/1214/192
f 711/1216/193 717/2211/193 714/1217/193
f 716/1219/194 718/2212/194 714/1220/194
f 713/1222/195 712/2213/195 718/1223/195
f 716/1225/196 717/2214/196 711/1226/196
f 715/1228/197 714/2215/197 718/1229/197
f 719/1231/192 722/2216/192 720/1232/192
f 722/1234/193 725/2217/193 723/1235/193
f 724/1237/194 726/2218/194 723/1238/194
f 719/1240/195 721/2219/195 726/1241/195
f 724/1243/196 725/2220/196 722/1244/196
f 720/1246/197 723/2221/197 726/1247/197
f 727/1249/192 731/2222/192 728/1250/192
f 727/1252/193 733/2223/193 730/1253/193
f 732/1255/194 734/2224/194 730/1256/194
f 729/1258/195 728/2225/195 734/1259/195
f 732/1261/196 733/2226/196 727/1262/196
f 731/1264/197 730/2227/197 734/1265/197
f 735/1267/192 739/2228/192 736/1268/192
f 735/1270/193 741/2229/193 738/1271/193
f 740/1273/194 742/2230/194 738/1274/194
f 737/1276/195 736/2231/195 742/1277/195
f 740/1279/196 741/2232/196 735/1280/196
f 739/1282/197 738/2233/197 742/1283/197
f 743/1285/192 747/2234/192 744/1286/192
f 743/1288/193 749/2235/193 746/1289/193
f 748/1291/194 750/2236/194 746/1292/194
f 745/1294/195 744/2237/195 750/1295/195
f 748/1297/196 749/2238/196 743/1298/196
f 747/1300/197 746/2239/197 750/1301/197
f 751/1303/192 755/2240/192 752/1304/192
f 751/1306/193 757/2241/193 754/1307/193
f 756/1309/194 758/2242/194 754/1310/194
f 753/1312/195 752/2243/195 758/1313/195
f 756/1315/196 757/2244/196 751/1316/196
f 755/1318/197 754/2245/197 758/1319/197
f 759/1321/192 763/2246/192 760/1322/192
f 759/1324/193 765/2247/193 762/1325/193
f 764/1327/194 766/2248/194 762/1328/194
f 761/1330/195 760/2249/195 766/1331/195
f 764/1333/196 765/2250/196 759/1334/196
f 763/1336/197 762/2251/197 766/1337/197
f 767/1339/198 771/2252/199 768/1340/199
f 767/1342/200 773/2253/200 770/1343/201
f 772/1345/145 775/2254/145 770/1346/145
f 772/1348/202 776/1352/202 774/1349/202
f 769/1351/203 768/2255/203 774/1349/203
f 769/2256/204 776/2257/204 767/1355/204
f 776/2257/204 772/1353/204 767/1355/204
f 774/2258/318 768/2259/205 775/1358/205
f 768/2259/205 771/1356/205 775/1358/205
f 777/1359/206 781/2260/206 778/1360/206
f 780/1362/207 783/2261/208 778/1363/208
f 780/1365/145 785/2262/145 782/1366/145
f 784/1368/209 786/1372/210 782/1369/210
f 784/1368/211 777/2263/211 779/1371/211
f 777/2264/212 784/2265/212 781/1375/212
f 784/2265/212 785/1373/212 781/1375/212
f 786/1378/213 779/2266/213 778/2267/213
f 778/2267/213 783/1376/213 786/1378/213
f 787/1379/214 791/2268/214 788/1380/214
f 790/1382/215 793/2269/216 788/1383/216
f 792/1385/145 795/2270/145 793/1386/145
f 794/1388/217 796/1392/218 795/1389/218
f 794/1388/219 787/2271/219 789/1391/219
f 787/2272/319 794/2273/220 791/1395/220
f 794/2273/220 792/1393/220 791/1395/220
f 796/1398/221 789/2274/320 788/1396/221
f 788/1396/221 793/2275/221 795/1397/221
f 797/1399/144 642/2276/144 644/1400/144
f 799/1402/142 802/2277/142 800/1403/142
f 642/1405/145 799/2278/145 801/1406/145
f 797/1407/146 802/2279/146 799/1408/146
f 798/1409/147 800/2280/147 802/1410/147
f 644/1412/143 801/2281/143 800/1413/143
f 646/1415/144 642/2282/144 803/1416/144
f 799/1418/142 807/2283/142 805/1419/142
f 642/1405/145 799/2278/145 806/1421/145
f 646/1423/146 807/2284/146 799/1408/146
f 804/1424/147 805/2285/147 807/1425/147
f 803/1427/143 806/2286/143 805/1428/143
f 808/1430/144 811/2287/144 644/1431/144
f 809/1433/142 812/2288/142 810/1434/142
f 811/1436/145 809/2289/145 801/1406/145
f 808/1437/146 812/2290/146 809/1438/146
f 643/1440/147 810/2291/147 812/1441/147
f 644/1412/143 801/2281/143 810/1443/143
f 813/1444/144 819/2292/144 814/1445/144
f 816/1447/142 820/2293/142 817/1448/142
f 819/1450/145 816/2294/145 818/1451/145
f 813/1453/146 820/2295/146 816/1454/146
f 815/1456/147 817/2296/147 820/1457/147
f 814/1459/143 818/2297/143 817/1460/143
f 821/1462/144 827/2298/144 822/1463/144
f 824/1465/142 828/2299/142 825/1466/142
f 827/1468/145 824/2300/145 826/1469/145
f 821/1471/146 828/2301/146 824/1472/146
f 823/1474/147 825/2302/147 828/1475/147
f 822/1477/143 826/2303/143 825/1478/143
f 829/1480/222 833/2304/222 830/1481/222
f 829/1483/223 835/2305/223 832/1484/223
f 834/1486/224 837/2306/224 832/1487/224
f 836/1489/225 838/1493/225 837/1490/225
f 836/1489/226 831/2307/226 830/1492/226
f 831/2308/321 836/2309/227 829/1496/227
f 836/2309/227 834/1494/227 829/1496/227
f 838/2310/228 830/2311/228 837/1499/228
f 830/2311/228 833/1497/228 837/1499/228
f 839/1500/144 845/2312/144 840/1501/144
f 842/1503/142 846/2313/142 843/1504/142
f 845/1506/145 842/2314/145 844/1507/145
f 839/1509/146 846/2315/146 842/1510/146
f 841/1512/147 843/2316/147 846/1513/147
f 840/1515/143 844/2317/143 843/1516/143
f 847/1518/229 851/2318/229 848/1519/229
f 850/1521/230 853/2319/230 848/1522/230
f 852/1524/231 854/2320/231 853/1525/231
f 847/1527/232 849/2321/232 854/1528/232
f 852/1530/233 850/2322/233 851/1531/233
f 849/1533/235 848/2323/272 853/1534/235
f 855/1536/236 859/2324/236 856/1537/236
f 858/1539/237 861/2325/237 859/1540/237
f 860/1542/238 862/2326/238 861/1543/238
f 860/1545/239 857/2327/239 856/1546/239
f 860/1548/240 858/2328/240 855/1549/240
f 856/1551/241 859/2329/241 861/1552/241
f 863/1554/242 867/2330/242 864/1555/242
f 866/1557/243 869/2331/243 867/1558/243
f 866/1560/244 870/2332/244 868/1561/244
f 870/1563/245 865/2333/245 864/1564/245
f 870/1566/246 866/2334/246 863/1567/246
f 867/1569/247 869/2335/247 868/1570/247
f 871/1572/248 874/2336/248 872/1573/248
f 874/1575/249 877/2337/249 875/1576/249
f 876/1578/250 878/2338/250 875/1579/250
f 871/1581/251 873/2339/251 878/1582/251
f 876/1584/252 877/2340/252 874/1585/252
f 872/1587/253 875/2341/253 878/1588/253
f 879/1590/254 883/2342/254 880/1591/254
f 882/1593/255 885/2343/255 883/1594/255
f 882/1596/256 886/2344/256 884/1597/256
f 886/1599/257 881/2345/257 880/1600/257
f 886/1602/258 882/2346/258 879/1603/258
f 883/1605/259 885/2347/259 884/1606/259
f 887/1608/260 890/2348/260 888/1609/260
f 890/1611/261 893/2349/261 891/1612/261
f 892/1614/262 894/2350/262 891/1615/262
f 887/1617/263 889/2351/263 894/1618/263
f 892/1620/264 893/2352/264 890/1621/264
f 888/1623/265 891/2353/265 894/1624/265
f 895/1626/266 899/2354/266 896/1627/266
f 898/1629/267 901/2355/267 899/1630/267
f 898/1632/268 902/2356/268 900/1633/268
f 902/1635/269 897/2357/269 896/1636/269
f 898/1638/270 895/2358/270 897/1639/270
f 896/1641/271 899/2359/271 901/1642/271
f 903/1644/229 906/2360/229 904/1645/229
f 906/1647/230 909/2361/230 907/1648/230
f 908/1650/231 910/2362/231 907/1651/231
f 903/1653/232 905/2363/232 910/1654/232
f 908/1656/234 909/2364/234 906/1657/234
f 905/1659/235 904/2365/235 907/1660/235
f 911/1662/273 914/2366/273 912/1663/274
f 914/1665/275 917/2367/275 915/1666/275
f 916/1668/276 918/2368/277 915/1669/277
f 911/1671/278 913/2369/278 918/1672/278
f 916/1674/279 917/2370/279 914/1675/279
f 912/1677/280 915/2371/280 918/1678/280
f 919/1680/242 923/2372/281 920/1681/281
f 922/1683/243 925/2373/282 923/1684/282
f 922/1686/244 926/2374/244 924/1687/283
f 926/1689/245 921/2375/245 920/1690/245
f 926/1692/246 922/2376/246 919/1693/246
f 923/1695/247 925/2377/247 924/1696/247
f 927/1698/254 931/2378/284 928/1699/284
f 930/1701/255 933/2379/255 931/1702/255
f 930/1704/285 934/2380/285 932/1705/285
f 929/1707/257 928/2381/257 932/1708/257
f 930/1710/258 927/2382/258 929/1711/258
f 928/1713/259 931/2383/259 933/1714/259
f 935/1716/260 938/2384/260 936/1717/286
f 938/1719/261 941/2385/261 939/1720/261
f 940/1722/287 942/2386/262 939/1723/262
f 935/1725/263 937/2387/263 942/1726/263
f 941/1728/264 938/2388/264 935/1729/264
f 937/1731/265 936/2389/265 939/1732/265
f 943/1734/266 947/2390/266 944/1735/266
f 946/1737/267 949/2391/289 947/1738/289
f 946/1740/268 950/2392/268 948/1741/268
f 950/1743/269 945/2393/269 944/1744/290
f 946/1746/270 943/2394/270 945/1747/270
f 944/1749/271 947/2395/271 949/1750/271
f 951/1752/229 954/2396/229 952/1753/229
f 954/1755/230 957/2397/230 955/1756/230
f 956/1758/231 958/2398/231 955/1759/231
f 951/1761/232 953/2399/232 958/1762/232
f 956/1764/233 957/2400/234 954/1765/233
f 953/1767/272 952/2401/272 955/1768/272
f 959/1770/236 963/2402/236 960/1771/236
f 962/1773/237 965/2403/237 960/1774/237
f 964/1776/238 966/2404/238 965/1777/238
f 964/1779/239 959/2405/239 961/1780/239
f 964/1782/291 962/2406/291 963/1783/291
f 961/1785/292 960/2407/292 965/1786/292
f 967/1788/274 970/2408/274 968/1789/273
f 970/1791/293 973/2409/293 971/1792/275
f 972/1794/277 974/2410/277 971/1795/277
f 967/1797/278 969/2411/294 974/1798/294
f 972/1800/279 973/2412/279 970/1801/279
f 968/1803/280 971/2413/280 974/1804/280
f 975/1806/295 979/2414/248 976/1807/248
f 975/1809/249 981/2415/249 978/1810/249
f 980/1812/250 982/2416/250 978/1813/250
f 977/1815/251 976/2417/296 982/1816/296
f 981/1818/252 975/2418/252 977/1819/252
f 976/1821/253 979/2419/253 978/1822/253
f 983/1824/297 987/2420/297 984/1825/297
f 986/1827/298 989/2421/298 987/1828/298
f 988/1830/299 990/2422/299 989/1831/299
f 988/1833/300 985/2423/300 984/1834/300
f 988/1836/301 986/2424/301 983/1837/301
f 987/1839/302 989/2425/302 990/1840/302
f 991/1842/303 995/2426/303 992/1843/303
f 994/1845/304 997/2427/304 995/1846/304
f 994/1848/305 998/2428/305 996/1849/306
f 993/1851/307 992/2429/307 996/1852/307
f 998/1854/308 994/2430/308 991/1855/308
f 995/1857/309 997/2431/309 996/1858/309
f 999/1860/310 1003/2432/310 1000/1861/310
f 1002/1863/311 1005/2433/312 1003/1864/312
f 1002/1866/313 1006/2434/313 1004/1867/313
f 1006/1869/314 1001/2435/314 1000/1870/315
f 1006/1872/316 1002/2436/316 999/1873/316
f 1003/1875/317 1005/2437/317 1004/1876/317
