# JIB VI — the metal parts, as a standalone mesh.
#
# One file per material rather than one library addressed with `#group`:
# selecting a group recentres it on its own bounding box, which takes a
# model apart when the library IS one model. A whole-file import keeps
# the authored coordinates. See loom_asset/src/mesh.rs:268.
v 3.796029 0.735625 -2.083143
v 3.835000 2.950000 -2.105644
v 3.835000 0.735625 -2.105644
v 3.796029 0.735625 -2.038143
v 3.796029 2.950000 -2.083143
v 3.835000 0.735625 -2.015643
v 3.796029 2.950000 -2.038143
v 3.873971 0.735625 -2.038143
v 3.835000 2.950000 -2.015643
v 3.873971 0.735625 -2.083143
v 3.873971 2.950000 -2.038143
v 3.873971 2.950000 -2.083143
v 3.796029 0.735625 2.038143
v 3.835000 2.950000 2.015643
v 3.835000 0.735625 2.015643
v 3.796029 0.735625 2.083143
v 3.796029 2.950000 2.038143
v 3.835000 0.735625 2.105644
v 3.796029 2.950000 2.083143
v 3.873971 0.735625 2.083143
v 3.835000 2.950000 2.105644
v 3.873971 0.735625 2.038143
v 3.873971 2.950000 2.083143
v 3.873971 2.950000 2.038143
v 1.646029 0.665123 -2.671493
v 1.685000 2.565123 -2.693993
v 1.685000 0.665123 -2.693993
v 1.646029 0.665123 -2.626493
v 1.646029 2.565123 -2.671493
v 1.685000 0.665123 -2.603993
v 1.646029 2.565123 -2.626493
v 1.723971 0.665123 -2.626493
v 1.685000 2.565123 -2.603993
v 1.723971 0.665123 -2.671493
v 1.723971 2.565123 -2.626493
v 1.723971 2.565123 -2.671493
v 1.646029 2.565649 -2.671487
v 1.685000 2.951051 -2.684988
v 1.685000 2.566174 -2.693981
v 1.646029 2.949474 -2.617506
v 1.646029 2.950526 -2.662494
v 1.685000 2.564072 -2.604006
v 1.646029 2.564597 -2.626499
v 1.723971 2.949474 -2.617506
v 1.685000 2.948949 -2.595012
v 1.723971 2.565649 -2.671487
v 1.723971 2.564597 -2.626499
v 1.723971 2.950526 -2.662494
v 1.646029 0.665123 2.626493
v 1.685000 2.565123 2.603993
v 1.685000 0.665123 2.603993
v 1.646029 0.665123 2.671493
v 1.646029 2.565123 2.626493
v 1.685000 0.665123 2.693993
v 1.646029 2.565123 2.671493
v 1.723971 0.665123 2.671493
v 1.685000 2.565123 2.693993
v 1.723971 0.665123 2.626493
v 1.723971 2.565123 2.671493
v 1.723971 2.565123 2.626493
v 1.685000 2.564072 2.604006
v 1.646029 2.949474 2.617506
v 1.685000 2.948949 2.595012
v 1.646029 2.565649 2.671487
v 1.646029 2.564597 2.626499
v 1.685000 2.951051 2.684988
v 1.646029 2.950526 2.662494
v 1.723971 2.565649 2.671487
v 1.685000 2.566174 2.693981
v 1.723971 2.949474 2.617506
v 1.723971 2.950526 2.662494
v 1.723971 2.564597 2.626499
v -0.503971 0.630160 -2.882486
v -0.465000 2.530160 -2.904986
v -0.465000 0.630160 -2.904986
v -0.503971 0.630160 -2.837486
v -0.503971 2.530160 -2.882486
v -0.465000 0.630160 -2.814986
v -0.503971 2.530160 -2.837486
v -0.426029 0.630160 -2.837486
v -0.465000 2.530160 -2.814986
v -0.426029 0.630160 -2.882486
v -0.426029 2.530160 -2.837486
v -0.426029 2.530160 -2.882486
v -0.510000 2.530160 -2.859986
v -0.487500 2.931913 -2.605481
v -0.510000 2.950000 -2.640000
v -0.442500 2.512073 -2.825467
v -0.487500 2.512073 -2.825467
v -0.420000 2.530160 -2.859986
v -0.442500 2.931913 -2.605481
v -0.442500 2.548248 -2.894506
v -0.420000 2.950000 -2.640000
v -0.487500 2.548248 -2.894506
v -0.442500 2.968087 -2.674520
v -0.487500 2.968087 -2.674520
v -0.503971 0.630160 2.837486
v -0.465000 2.530160 2.814986
v -0.465000 0.630160 2.814986
v -0.503971 0.630160 2.882486
v -0.503971 2.530160 2.837486
v -0.465000 0.630160 2.904986
v -0.503971 2.530160 2.882486
v -0.426029 0.630160 2.882486
v -0.465000 2.530160 2.904986
v -0.426029 0.630160 2.837486
v -0.426029 2.530160 2.882486
v -0.426029 2.530160 2.837486
v -0.420000 2.530160 2.859986
v -0.442500 2.931913 2.605481
v -0.420000 2.950000 2.640000
v -0.487500 2.512073 2.825467
v -0.442500 2.512073 2.825467
v -0.510000 2.530160 2.859986
v -0.487500 2.931913 2.605481
v -0.487500 2.548248 2.894506
v -0.510000 2.950000 2.640000
v -0.442500 2.548248 2.894506
v -0.487500 2.968087 2.674520
v -0.442500 2.968087 2.674520
v -2.653971 0.604200 -2.904495
v -2.615000 2.504200 -2.926995
v -2.615000 0.604200 -2.926995
v -2.653971 0.604200 -2.859494
v -2.653971 2.504200 -2.904495
v -2.615000 0.604200 -2.836994
v -2.653971 2.504200 -2.859494
v -2.576029 0.604200 -2.859494
v -2.615000 2.504200 -2.836994
v -2.576029 0.604200 -2.904495
v -2.576029 2.504200 -2.859494
v -2.576029 2.504200 -2.904495
v -2.637500 2.485608 -2.847744
v -2.660000 2.950000 -2.640000
v -2.660000 2.504200 -2.881994
v -2.592500 2.485608 -2.847744
v -2.637500 2.931408 -2.605750
v -2.570000 2.504200 -2.881994
v -2.592500 2.931408 -2.605750
v -2.592500 2.522792 -2.916245
v -2.570000 2.950000 -2.640000
v -2.637500 2.522792 -2.916245
v -2.592500 2.968592 -2.674250
v -2.637500 2.968592 -2.674250
v -2.653971 0.604200 2.859494
v -2.615000 2.504200 2.836994
v -2.615000 0.604200 2.836994
v -2.653971 0.604200 2.904495
v -2.653971 2.504200 2.859494
v -2.615000 0.604200 2.926995
v -2.653971 2.504200 2.904495
v -2.576029 0.604200 2.904495
v -2.615000 2.504200 2.926995
v -2.576029 0.604200 2.859494
v -2.576029 2.504200 2.904495
v -2.576029 2.504200 2.859494
v -2.592500 2.485608 2.847744
v -2.570000 2.950000 2.640000
v -2.570000 2.504200 2.881994
v -2.637500 2.485608 2.847744
v -2.592500 2.931408 2.605750
v -2.660000 2.504200 2.881994
v -2.637500 2.931408 2.605750
v -2.637500 2.522792 2.916245
v -2.660000 2.950000 2.640000
v -2.592500 2.522792 2.916245
v -2.637500 2.968592 2.674250
v -2.592500 2.968592 2.674250
v -4.803971 0.604651 -2.836456
v -4.765000 2.504652 -2.858956
v -4.765000 0.604651 -2.858956
v -4.803971 0.604651 -2.791456
v -4.803971 2.504652 -2.836456
v -4.765000 0.604651 -2.768956
v -4.803971 2.504652 -2.791456
v -4.726029 0.604651 -2.791456
v -4.765000 2.504652 -2.768956
v -4.726029 0.604651 -2.836456
v -4.726029 2.504652 -2.791456
v -4.726029 2.504652 -2.836456
v -4.765000 2.521024 -2.855872
v -4.803971 2.958186 -2.660958
v -4.765000 2.966373 -2.681916
v -4.803971 2.512838 -2.834914
v -4.803971 2.941814 -2.619042
v -4.803971 2.496465 -2.792998
v -4.765000 2.933627 -2.598084
v -4.726029 2.496465 -2.792998
v -4.765000 2.488279 -2.772040
v -4.726029 2.512838 -2.834914
v -4.726029 2.941814 -2.619042
v -4.726029 2.958186 -2.660958
v -4.803971 0.604651 2.791456
v -4.765000 2.504652 2.768956
v -4.765000 0.604651 2.768956
v -4.803971 0.604651 2.836456
v -4.803971 2.504652 2.791456
v -4.765000 0.604651 2.858956
v -4.803971 2.504652 2.836456
v -4.726029 0.604651 2.836456
v -4.765000 2.504652 2.858956
v -4.726029 0.604651 2.791456
v -4.726029 2.504652 2.836456
v -4.726029 2.504652 2.791456
v -4.803971 2.496465 2.792998
v -4.765000 2.933627 2.598084
v -4.765000 2.488279 2.772040
v -4.803971 2.512838 2.834914
v -4.803971 2.941814 2.619042
v -4.765000 2.521024 2.855872
v -4.803971 2.958186 2.660958
v -4.726029 2.958186 2.660958
v -4.765000 2.966373 2.681916
v -4.726029 2.512838 2.834914
v -4.726029 2.941814 2.619042
v -4.726029 2.496465 2.792998
v 4.077206 3.400000 -2.725500
v 4.085000 4.170000 -2.739000
v 4.085000 3.400000 -2.739000
v 4.092794 3.400000 -2.725500
v 4.077206 4.170000 -2.725500
v 4.092794 4.170000 -2.725500
v 3.967105 3.400000 -2.725500
v 3.974899 4.170000 -2.739000
v 3.974899 3.400000 -2.739000
v 3.982693 3.400000 -2.725500
v 3.967105 4.170000 -2.725500
v 3.982693 4.170000 -2.725500
v 3.857004 3.400000 -2.725500
v 3.864798 4.170000 -2.739000
v 3.864798 3.400000 -2.739000
v 3.872592 3.400000 -2.725500
v 3.857004 4.170000 -2.725500
v 3.872592 4.170000 -2.725500
v 3.746903 3.400000 -2.725500
v 3.754697 4.170000 -2.739000
v 3.754697 3.400000 -2.739000
v 3.762491 3.400000 -2.725500
v 3.746903 4.170000 -2.725500
v 3.762491 4.170000 -2.725500
v 3.636802 3.400000 -2.725500
v 3.644596 4.170000 -2.739000
v 3.644596 3.400000 -2.739000
v 3.652390 3.400000 -2.725500
v 3.636802 4.170000 -2.725500
v 3.652390 4.170000 -2.725500
v 3.526701 3.400000 -2.725500
v 3.534495 4.170000 -2.739000
v 3.534495 3.400000 -2.739000
v 3.542289 3.400000 -2.725500
v 3.526701 4.170000 -2.725500
v 3.542289 4.170000 -2.725500
v 3.416600 3.400000 -2.725500
v 3.424394 4.170000 -2.739000
v 3.424394 3.400000 -2.739000
v 3.432188 3.400000 -2.725500
v 3.416600 4.170000 -2.725500
v 3.432188 4.170000 -2.725500
v 3.306499 3.400000 -2.725500
v 3.314293 4.170000 -2.739000
v 3.314293 3.400000 -2.739000
v 3.322087 3.400000 -2.725500
v 3.306499 4.170000 -2.725500
v 3.322087 4.170000 -2.725500
v 3.196398 3.400000 -2.725500
v 3.204192 4.170000 -2.739000
v 3.204192 3.400000 -2.739000
v 3.211986 3.400000 -2.725500
v 3.196398 4.170000 -2.725500
v 3.211986 4.170000 -2.725500
v 3.086297 3.400000 -2.725500
v 3.094091 4.170000 -2.739000
v 3.094091 3.400000 -2.739000
v 3.101885 3.400000 -2.725500
v 3.086297 4.170000 -2.725500
v 3.101885 4.170000 -2.725500
v 2.976196 3.400000 -2.725500
v 2.983990 4.170000 -2.739000
v 2.983990 3.400000 -2.739000
v 2.991784 3.400000 -2.725500
v 2.976196 4.170000 -2.725500
v 2.991784 4.170000 -2.725500
v 2.866095 3.400000 -2.725500
v 2.873889 4.170000 -2.739000
v 2.873889 3.400000 -2.739000
v 2.881683 3.400000 -2.725500
v 2.866095 4.170000 -2.725500
v 2.881683 4.170000 -2.725500
v 2.755994 3.400000 -2.725500
v 2.763788 4.170000 -2.739000
v 2.763788 3.400000 -2.739000
v 2.771582 3.400000 -2.725500
v 2.755994 4.170000 -2.725500
v 2.771582 4.170000 -2.725500
v 2.645893 3.400000 -2.725500
v 2.653687 4.170000 -2.739000
v 2.653687 3.400000 -2.739000
v 2.661481 3.400000 -2.725500
v 2.645893 4.170000 -2.725500
v 2.661481 4.170000 -2.725500
v 2.535792 3.400000 -2.725500
v 2.543586 4.170000 -2.739000
v 2.543586 3.400000 -2.739000
v 2.551380 3.400000 -2.725500
v 2.535792 4.170000 -2.725500
v 2.551380 4.170000 -2.725500
v 2.425691 3.400000 -2.725500
v 2.433485 4.170000 -2.739000
v 2.433485 3.400000 -2.739000
v 2.441279 3.400000 -2.725500
v 2.425691 4.170000 -2.725500
v 2.441279 4.170000 -2.725500
v 2.315590 3.400000 -2.725500
v 2.323384 4.170000 -2.739000
v 2.323384 3.400000 -2.739000
v 2.331178 3.400000 -2.725500
v 2.315590 4.170000 -2.725500
v 2.331178 4.170000 -2.725500
v 2.205489 3.400000 -2.725500
v 2.213283 4.170000 -2.739000
v 2.213283 3.400000 -2.739000
v 2.221077 3.400000 -2.725500
v 2.205489 4.170000 -2.725500
v 2.221077 4.170000 -2.725500
v 2.095388 3.400000 -2.725500
v 2.103182 4.170000 -2.739000
v 2.103182 3.400000 -2.739000
v 2.110976 3.400000 -2.725500
v 2.095388 4.170000 -2.725500
v 2.110976 4.170000 -2.725500
v 1.985287 3.400000 -2.725500
v 1.993081 4.170000 -2.739000
v 1.993081 3.400000 -2.739000
v 2.000875 3.400000 -2.725500
v 1.985287 4.170000 -2.725500
v 2.000875 4.170000 -2.725500
v 1.875186 3.400000 -2.725500
v 1.882980 4.170000 -2.739000
v 1.882980 3.400000 -2.739000
v 1.890774 3.400000 -2.725500
v 1.875186 4.170000 -2.725500
v 1.890774 4.170000 -2.725500
v 1.765085 3.400000 -2.725500
v 1.772879 4.170000 -2.739000
v 1.772879 3.400000 -2.739000
v 1.780673 3.400000 -2.725500
v 1.765085 4.170000 -2.725500
v 1.780673 4.170000 -2.725500
v 1.654984 3.400000 -2.725500
v 1.662778 4.170000 -2.739000
v 1.662778 3.400000 -2.739000
v 1.670572 3.400000 -2.725500
v 1.654984 4.170000 -2.725500
v 1.670572 4.170000 -2.725500
v 1.544883 3.400000 -2.725500
v 1.552677 4.170000 -2.739000
v 1.552677 3.400000 -2.739000
v 1.560471 3.400000 -2.725500
v 1.544883 4.170000 -2.725500
v 1.560471 4.170000 -2.725500
v 1.434782 3.400000 -2.725500
v 1.442576 4.170000 -2.739000
v 1.442576 3.400000 -2.739000
v 1.450370 3.400000 -2.725500
v 1.434782 4.170000 -2.725500
v 1.450370 4.170000 -2.725500
v 1.324681 3.400000 -2.725500
v 1.332475 4.170000 -2.739000
v 1.332475 3.400000 -2.739000
v 1.340269 3.400000 -2.725500
v 1.324681 4.170000 -2.725500
v 1.340269 4.170000 -2.725500
v 1.214580 3.400000 -2.725500
v 1.222374 4.170000 -2.739000
v 1.222374 3.400000 -2.739000
v 1.230168 3.400000 -2.725500
v 1.214580 4.170000 -2.725500
v 1.230168 4.170000 -2.725500
v 1.104479 3.400000 -2.725500
v 1.112273 4.170000 -2.739000
v 1.112273 3.400000 -2.739000
v 1.120067 3.400000 -2.725500
v 1.104479 4.170000 -2.725500
v 1.120067 4.170000 -2.725500
v 0.994378 3.400000 -2.725500
v 1.002172 4.170000 -2.739000
v 1.002172 3.400000 -2.739000
v 1.009966 3.400000 -2.725500
v 0.994378 4.170000 -2.725500
v 1.009966 4.170000 -2.725500
v 0.884277 3.400000 -2.725500
v 0.892071 4.170000 -2.739000
v 0.892071 3.400000 -2.739000
v 0.899865 3.400000 -2.725500
v 0.884277 4.170000 -2.725500
v 0.899865 4.170000 -2.725500
v 0.774176 3.400000 -2.725500
v 0.781970 4.170000 -2.739000
v 0.781970 3.400000 -2.739000
v 0.789764 3.400000 -2.725500
v 0.774176 4.170000 -2.725500
v 0.789764 4.170000 -2.725500
v 0.664075 3.400000 -2.725500
v 0.671869 4.170000 -2.739000
v 0.671869 3.400000 -2.739000
v 0.679663 3.400000 -2.725500
v 0.664075 4.170000 -2.725500
v 0.679663 4.170000 -2.725500
v 0.553974 3.400000 -2.725500
v 0.561768 4.170000 -2.739000
v 0.561768 3.400000 -2.739000
v 0.569562 3.400000 -2.725500
v 0.553974 4.170000 -2.725500
v 0.569562 4.170000 -2.725500
v 0.443873 3.400000 -2.725500
v 0.451667 4.170000 -2.739000
v 0.451667 3.400000 -2.739000
v 0.459461 3.400000 -2.725500
v 0.443873 4.170000 -2.725500
v 0.459461 4.170000 -2.725500
v 0.333772 3.400000 -2.725500
v 0.341566 4.170000 -2.739000
v 0.341566 3.400000 -2.739000
v 0.349360 3.400000 -2.725500
v 0.333772 4.170000 -2.725500
v 0.349360 4.170000 -2.725500
v 0.223671 3.400000 -2.725500
v 0.231465 4.170000 -2.739000
v 0.231465 3.400000 -2.739000
v 0.239259 3.400000 -2.725500
v 0.223671 4.170000 -2.725500
v 0.239259 4.170000 -2.725500
v 0.113570 3.400000 -2.725500
v 0.121364 4.170000 -2.739000
v 0.121364 3.400000 -2.739000
v 0.129158 3.400000 -2.725500
v 0.113570 4.170000 -2.725500
v 0.129158 4.170000 -2.725500
v 0.003469 3.400000 -2.725500
v 0.011263 4.170000 -2.739000
v 0.011263 3.400000 -2.739000
v 0.019058 3.400000 -2.725500
v 0.003469 4.170000 -2.725500
v 0.019058 4.170000 -2.725500
v -0.106632 3.400000 -2.725500
v -0.098838 4.170000 -2.739000
v -0.098838 3.400000 -2.739000
v -0.091044 3.400000 -2.725500
v -0.106632 4.170000 -2.725500
v -0.091044 4.170000 -2.725500
v -0.216733 3.400000 -2.725500
v -0.208939 4.170000 -2.739000
v -0.208939 3.400000 -2.739000
v -0.201144 3.400000 -2.725500
v -0.216733 4.170000 -2.725500
v -0.201144 4.170000 -2.725500
v -0.326834 3.400000 -2.725500
v -0.319040 4.170000 -2.739000
v -0.319040 3.400000 -2.739000
v -0.311246 3.400000 -2.725500
v -0.326834 4.170000 -2.725500
v -0.311246 4.170000 -2.725500
v -0.436935 3.400000 -2.725500
v -0.429141 4.170000 -2.739000
v -0.429141 3.400000 -2.739000
v -0.421346 3.400000 -2.725500
v -0.436935 4.170000 -2.725500
v -0.421346 4.170000 -2.725500
v -0.547036 3.400000 -2.725500
v -0.539242 4.170000 -2.739000
v -0.539242 3.400000 -2.739000
v -0.531448 3.400000 -2.725500
v -0.547036 4.170000 -2.725500
v -0.531448 4.170000 -2.725500
v -0.657137 3.400000 -2.725500
v -0.649343 4.170000 -2.739000
v -0.649343 3.400000 -2.739000
v -0.641548 3.400000 -2.725500
v -0.657137 4.170000 -2.725500
v -0.641548 4.170000 -2.725500
v -0.767238 3.400000 -2.725500
v -0.759444 4.170000 -2.739000
v -0.759444 3.400000 -2.739000
v -0.751650 3.400000 -2.725500
v -0.767238 4.170000 -2.725500
v -0.751650 4.170000 -2.725500
v -0.877339 3.400000 -2.725500
v -0.869545 4.170000 -2.739000
v -0.869545 3.400000 -2.739000
v -0.861750 3.400000 -2.725500
v -0.877339 4.170000 -2.725500
v -0.861750 4.170000 -2.725500
v -0.987440 3.400000 -2.725500
v -0.979646 4.170000 -2.739000
v -0.979646 3.400000 -2.739000
v -0.971851 3.400000 -2.725500
v -0.987440 4.170000 -2.725500
v -0.971851 4.170000 -2.725500
v -1.097541 3.400000 -2.725500
v -1.089747 4.170000 -2.739000
v -1.089747 3.400000 -2.739000
v -1.081953 3.400000 -2.725500
v -1.097541 4.170000 -2.725500
v -1.081953 4.170000 -2.725500
v -1.207642 3.400000 -2.725500
v -1.199848 4.170000 -2.739000
v -1.199848 3.400000 -2.739000
v -1.192053 3.400000 -2.725500
v -1.207642 4.170000 -2.725500
v -1.192053 4.170000 -2.725500
v -1.317743 3.400000 -2.725500
v -1.309949 4.170000 -2.739000
v -1.309949 3.400000 -2.739000
v -1.302155 3.400000 -2.725500
v -1.317743 4.170000 -2.725500
v -1.302155 4.170000 -2.725500
v -1.427844 3.400000 -2.725500
v -1.420050 4.170000 -2.739000
v -1.420050 3.400000 -2.739000
v -1.412255 3.400000 -2.725500
v -1.427844 4.170000 -2.725500
v -1.412255 4.170000 -2.725500
v -1.537945 3.400000 -2.725500
v -1.530151 4.170000 -2.739000
v -1.530151 3.400000 -2.739000
v -1.522357 3.400000 -2.725500
v -1.537945 4.170000 -2.725500
v -1.522357 4.170000 -2.725500
v -1.648046 3.400000 -2.725500
v -1.640252 4.170000 -2.739000
v -1.640252 3.400000 -2.739000
v -1.632457 3.400000 -2.725500
v -1.648046 4.170000 -2.725500
v -1.632457 4.170000 -2.725500
v -1.758147 3.400000 -2.725500
v -1.750353 4.170000 -2.739000
v -1.750353 3.400000 -2.739000
v -1.742559 3.400000 -2.725500
v -1.758147 4.170000 -2.725500
v -1.742559 4.170000 -2.725500
v -1.868248 3.400000 -2.725500
v -1.860454 4.170000 -2.739000
v -1.860454 3.400000 -2.739000
v -1.852659 3.400000 -2.725500
v -1.868248 4.170000 -2.725500
v -1.852659 4.170000 -2.725500
v -1.978349 3.400000 -2.725500
v -1.970555 4.170000 -2.739000
v -1.970555 3.400000 -2.739000
v -1.962761 3.400000 -2.725500
v -1.978349 4.170000 -2.725500
v -1.962761 4.170000 -2.725500
v -2.088450 3.400000 -2.725500
v -2.080656 4.170000 -2.739000
v -2.080656 3.400000 -2.739000
v -2.072861 3.400000 -2.725500
v -2.088450 4.170000 -2.725500
v -2.072861 4.170000 -2.725500
v -2.198551 3.400000 -2.725500
v -2.190757 4.170000 -2.739000
v -2.190757 3.400000 -2.739000
v -2.182963 3.400000 -2.725500
v -2.198551 4.170000 -2.725500
v -2.182963 4.170000 -2.725500
v -2.308652 3.400000 -2.725500
v -2.300858 4.170000 -2.739000
v -2.300858 3.400000 -2.739000
v -2.293064 3.400000 -2.725500
v -2.308652 4.170000 -2.725500
v -2.293064 4.170000 -2.725500
v -2.418753 3.400000 -2.725500
v -2.410959 4.170000 -2.739000
v -2.410959 3.400000 -2.739000
v -2.403165 3.400000 -2.725500
v -2.418753 4.170000 -2.725500
v -2.403165 4.170000 -2.725500
v -2.528854 3.400000 -2.725500
v -2.521060 4.170000 -2.739000
v -2.521060 3.400000 -2.739000
v -2.513266 3.400000 -2.725500
v -2.528854 4.170000 -2.725500
v -2.513266 4.170000 -2.725500
v -2.638955 3.400000 -2.725500
v -2.631161 4.170000 -2.739000
v -2.631161 3.400000 -2.739000
v -2.623367 3.400000 -2.725500
v -2.638955 4.170000 -2.725500
v -2.623367 4.170000 -2.725500
v -2.749056 3.400000 -2.725500
v -2.741262 4.170000 -2.739000
v -2.741262 3.400000 -2.739000
v -2.733468 3.400000 -2.725500
v -2.749056 4.170000 -2.725500
v -2.733468 4.170000 -2.725500
v -2.859157 3.400000 -2.725500
v -2.851363 4.170000 -2.739000
v -2.851363 3.400000 -2.739000
v -2.843569 3.400000 -2.725500
v -2.859157 4.170000 -2.725500
v -2.843569 4.170000 -2.725500
v -2.969258 3.400000 -2.725500
v -2.961464 4.170000 -2.739000
v -2.961464 3.400000 -2.739000
v -2.953670 3.400000 -2.725500
v -2.969258 4.170000 -2.725500
v -2.953670 4.170000 -2.725500
v -3.079359 3.400000 -2.725500
v -3.071565 4.170000 -2.739000
v -3.071565 3.400000 -2.739000
v -3.063771 3.400000 -2.725500
v -3.079359 4.170000 -2.725500
v -3.063771 4.170000 -2.725500
v -3.189460 3.400000 -2.725500
v -3.181666 4.170000 -2.739000
v -3.181666 3.400000 -2.739000
v -3.173872 3.400000 -2.725500
v -3.189460 4.170000 -2.725500
v -3.173872 4.170000 -2.725500
v -3.299561 3.400000 -2.725500
v -3.291767 4.170000 -2.739000
v -3.291767 3.400000 -2.739000
v -3.283973 3.400000 -2.725500
v -3.299561 4.170000 -2.725500
v -3.283973 4.170000 -2.725500
v -3.409662 3.400000 -2.725500
v -3.401868 4.170000 -2.739000
v -3.401868 3.400000 -2.739000
v -3.394074 3.400000 -2.725500
v -3.409662 4.170000 -2.725500
v -3.394074 4.170000 -2.725500
v -3.519763 3.400000 -2.725500
v -3.511969 4.170000 -2.739000
v -3.511969 3.400000 -2.739000
v -3.504175 3.400000 -2.725500
v -3.519763 4.170000 -2.725500
v -3.504175 4.170000 -2.725500
v -3.629864 3.400000 -2.725500
v -3.622070 4.170000 -2.739000
v -3.622070 3.400000 -2.739000
v -3.614276 3.400000 -2.725500
v -3.629864 4.170000 -2.725500
v -3.614276 4.170000 -2.725500
v -3.739965 3.400000 -2.725500
v -3.732171 4.170000 -2.739000
v -3.732171 3.400000 -2.739000
v -3.724377 3.400000 -2.725500
v -3.739965 4.170000 -2.725500
v -3.724377 4.170000 -2.725500
v -3.850066 3.400000 -2.725500
v -3.842272 4.170000 -2.739000
v -3.842272 3.400000 -2.739000
v -3.834478 3.400000 -2.725500
v -3.850066 4.170000 -2.725500
v -3.834478 4.170000 -2.725500
v -3.960167 3.400000 -2.725500
v -3.952373 4.170000 -2.739000
v -3.952373 3.400000 -2.739000
v -3.944578 3.400000 -2.725500
v -3.960167 4.170000 -2.725500
v -3.944578 4.170000 -2.725500
v -4.070268 3.400000 -2.725500
v -4.062473 4.170000 -2.739000
v -4.062473 3.400000 -2.739000
v -4.054679 3.400000 -2.725500
v -4.070268 4.170000 -2.725500
v -4.054679 4.170000 -2.725500
v -4.180368 3.400000 -2.725500
v -4.172574 4.170000 -2.739000
v -4.172574 3.400000 -2.739000
v -4.164780 3.400000 -2.725500
v -4.180368 4.170000 -2.725500
v -4.164780 4.170000 -2.725500
v -4.290470 3.400000 -2.725500
v -4.282676 4.170000 -2.739000
v -4.282676 3.400000 -2.739000
v -4.274881 3.400000 -2.725500
v -4.290470 4.170000 -2.725500
v -4.274881 4.170000 -2.725500
v -4.400571 3.400000 -2.725500
v -4.392776 4.170000 -2.739000
v -4.392776 3.400000 -2.739000
v -4.384982 3.400000 -2.725500
v -4.400571 4.170000 -2.725500
v -4.384982 4.170000 -2.725500
v -4.510672 3.400000 -2.725500
v -4.502877 4.170000 -2.739000
v -4.502877 3.400000 -2.739000
v -4.495083 3.400000 -2.725500
v -4.510672 4.170000 -2.725500
v -4.495083 4.170000 -2.725500
v -4.620772 3.400000 -2.725500
v -4.612978 4.170000 -2.739000
v -4.612978 3.400000 -2.739000
v -4.605184 3.400000 -2.725500
v -4.620772 4.170000 -2.725500
v -4.605184 4.170000 -2.725500
v -4.730874 3.400000 -2.725500
v -4.723080 4.170000 -2.739000
v -4.723080 3.400000 -2.739000
v -4.715285 3.400000 -2.725500
v -4.730874 4.170000 -2.725500
v -4.715285 4.170000 -2.725500
v -4.840975 3.400000 -2.725500
v -4.833180 4.170000 -2.739000
v -4.833180 3.400000 -2.739000
v -4.825386 3.400000 -2.725500
v -4.840975 4.170000 -2.725500
v -4.825386 4.170000 -2.725500
v -4.951076 3.400000 -2.725500
v -4.943281 4.170000 -2.739000
v -4.943281 3.400000 -2.739000
v -4.935487 3.400000 -2.725500
v -4.951076 4.170000 -2.725500
v -4.935487 4.170000 -2.725500
v -5.061177 3.400000 -2.725500
v -5.053383 4.170000 -2.739000
v -5.053383 3.400000 -2.739000
v -5.045588 3.400000 -2.725500
v -5.061177 4.170000 -2.725500
v -5.045588 4.170000 -2.725500
v -5.171278 3.400000 -2.725500
v -5.163484 4.170000 -2.739000
v -5.163484 3.400000 -2.739000
v -5.155689 3.400000 -2.725500
v -5.171278 4.170000 -2.725500
v -5.155689 4.170000 -2.725500
v -5.281379 3.400000 -2.725500
v -5.273584 4.170000 -2.739000
v -5.273584 3.400000 -2.739000
v -5.265790 3.400000 -2.725500
v -5.281379 4.170000 -2.725500
v -5.265790 4.170000 -2.725500
v -5.391479 3.400000 -2.725500
v -5.383685 4.170000 -2.739000
v -5.383685 3.400000 -2.739000
v -5.375891 3.400000 -2.725500
v -5.391479 4.170000 -2.725500
v -5.375891 4.170000 -2.725500
v -5.501581 3.400000 -2.725500
v -5.493787 4.170000 -2.739000
v -5.493787 3.400000 -2.739000
v -5.485992 3.400000 -2.725500
v -5.501581 4.170000 -2.725500
v -5.485992 4.170000 -2.725500
v -5.611682 3.400000 -2.725500
v -5.603888 4.170000 -2.739000
v -5.603888 3.400000 -2.739000
v -5.596093 3.400000 -2.725500
v -5.611682 4.170000 -2.725500
v -5.596093 4.170000 -2.725500
v -5.721783 3.400000 -2.725500
v -5.713988 4.170000 -2.739000
v -5.713988 3.400000 -2.739000
v -5.706194 3.400000 -2.725500
v -5.721783 4.170000 -2.725500
v -5.706194 4.170000 -2.725500
v -5.831883 3.400000 -2.725500
v -5.824089 4.170000 -2.739000
v -5.824089 3.400000 -2.739000
v -5.816295 3.400000 -2.725500
v -5.831883 4.170000 -2.725500
v -5.816295 4.170000 -2.725500
v -5.941985 3.400000 -2.725500
v -5.934191 4.170000 -2.739000
v -5.934191 3.400000 -2.739000
v -5.926396 3.400000 -2.725500
v -5.941985 4.170000 -2.725500
v -5.926396 4.170000 -2.725500
v -6.052086 3.400000 -2.725500
v -6.044291 4.170000 -2.739000
v -6.044291 3.400000 -2.739000
v -6.036497 3.400000 -2.725500
v -6.052086 4.170000 -2.725500
v -6.036497 4.170000 -2.725500
v -6.162187 3.400000 -2.725500
v -6.154392 4.170000 -2.739000
v -6.154392 3.400000 -2.739000
v -6.146598 3.400000 -2.725500
v -6.162187 4.170000 -2.725500
v -6.146598 4.170000 -2.725500
v -6.272288 3.400000 -2.725500
v -6.264494 4.170000 -2.739000
v -6.264494 3.400000 -2.739000
v -6.256700 3.400000 -2.725500
v -6.272288 4.170000 -2.725500
v -6.256700 4.170000 -2.725500
v -6.382389 3.400000 -2.725500
v -6.374595 4.170000 -2.739000
v -6.374595 3.400000 -2.739000
v -6.366800 3.400000 -2.725500
v -6.382389 4.170000 -2.725500
v -6.366800 4.170000 -2.725500
v -6.492490 3.400000 -2.725500
v -6.484695 4.170000 -2.739000
v -6.484695 3.400000 -2.739000
v -6.476901 3.400000 -2.725500
v -6.492490 4.170000 -2.725500
v -6.476901 4.170000 -2.725500
v -6.602591 3.400000 -2.725500
v -6.594796 4.170000 -2.739000
v -6.594796 3.400000 -2.739000
v -6.587002 3.400000 -2.725500
v -6.602591 4.170000 -2.725500
v -6.587002 4.170000 -2.725500
v -6.712692 3.400000 -2.725500
v -6.704898 4.170000 -2.739000
v -6.704898 3.400000 -2.739000
v -6.697104 3.400000 -2.725500
v -6.712692 4.170000 -2.725500
v -6.697104 4.170000 -2.725500
v -6.822793 3.400000 -2.725500
v -6.814999 4.170000 -2.739000
v -6.814999 3.400000 -2.739000
v -6.807204 3.400000 -2.725500
v -6.822793 4.170000 -2.725500
v -6.807204 4.170000 -2.725500
v 4.085000 3.647943 -2.722000
v -6.815000 3.661800 -2.746000
v 4.085000 3.661800 -2.746000
v 4.085000 3.675656 -2.722000
v -6.815000 3.647943 -2.722000
v -6.815000 3.675656 -2.722000
v 4.085000 3.902044 -2.722000
v -6.815000 3.915900 -2.746000
v 4.085000 3.915900 -2.746000
v 4.085000 3.929756 -2.722000
v -6.815000 3.902044 -2.722000
v -6.815000 3.929756 -2.722000
v 4.085000 4.126143 -2.722000
v -6.815000 4.140000 -2.746000
v 4.085000 4.140000 -2.746000
v 4.085000 4.153856 -2.722000
v -6.815000 4.126143 -2.722000
v -6.815000 4.153856 -2.722000
v 4.077206 3.400000 2.734500
v 4.085000 4.170000 2.721000
v 4.085000 3.400000 2.721000
v 4.092794 3.400000 2.734500
v 4.077206 4.170000 2.734500
v 4.092794 4.170000 2.734500
v 3.967105 3.400000 2.734500
v 3.974899 4.170000 2.721000
v 3.974899 3.400000 2.721000
v 3.982693 3.400000 2.734500
v 3.967105 4.170000 2.734500
v 3.982693 4.170000 2.734500
v 3.857004 3.400000 2.734500
v 3.864798 4.170000 2.721000
v 3.864798 3.400000 2.721000
v 3.872592 3.400000 2.734500
v 3.857004 4.170000 2.734500
v 3.872592 4.170000 2.734500
v 3.746903 3.400000 2.734500
v 3.754697 4.170000 2.721000
v 3.754697 3.400000 2.721000
v 3.762491 3.400000 2.734500
v 3.746903 4.170000 2.734500
v 3.762491 4.170000 2.734500
v 3.636802 3.400000 2.734500
v 3.644596 4.170000 2.721000
v 3.644596 3.400000 2.721000
v 3.652390 3.400000 2.734500
v 3.636802 4.170000 2.734500
v 3.652390 4.170000 2.734500
v 3.526701 3.400000 2.734500
v 3.534495 4.170000 2.721000
v 3.534495 3.400000 2.721000
v 3.542289 3.400000 2.734500
v 3.526701 4.170000 2.734500
v 3.542289 4.170000 2.734500
v 3.416600 3.400000 2.734500
v 3.424394 4.170000 2.721000
v 3.424394 3.400000 2.721000
v 3.432188 3.400000 2.734500
v 3.416600 4.170000 2.734500
v 3.432188 4.170000 2.734500
v 3.306499 3.400000 2.734500
v 3.314293 4.170000 2.721000
v 3.314293 3.400000 2.721000
v 3.322087 3.400000 2.734500
v 3.306499 4.170000 2.734500
v 3.322087 4.170000 2.734500
v 3.196398 3.400000 2.734500
v 3.204192 4.170000 2.721000
v 3.204192 3.400000 2.721000
v 3.211986 3.400000 2.734500
v 3.196398 4.170000 2.734500
v 3.211986 4.170000 2.734500
v 3.086297 3.400000 2.734500
v 3.094091 4.170000 2.721000
v 3.094091 3.400000 2.721000
v 3.101885 3.400000 2.734500
v 3.086297 4.170000 2.734500
v 3.101885 4.170000 2.734500
v 2.976196 3.400000 2.734500
v 2.983990 4.170000 2.721000
v 2.983990 3.400000 2.721000
v 2.991784 3.400000 2.734500
v 2.976196 4.170000 2.734500
v 2.991784 4.170000 2.734500
v 2.866095 3.400000 2.734500
v 2.873889 4.170000 2.721000
v 2.873889 3.400000 2.721000
v 2.881683 3.400000 2.734500
v 2.866095 4.170000 2.734500
v 2.881683 4.170000 2.734500
v 2.755994 3.400000 2.734500
v 2.763788 4.170000 2.721000
v 2.763788 3.400000 2.721000
v 2.771582 3.400000 2.734500
v 2.755994 4.170000 2.734500
v 2.771582 4.170000 2.734500
v 2.645893 3.400000 2.734500
v 2.653687 4.170000 2.721000
v 2.653687 3.400000 2.721000
v 2.661481 3.400000 2.734500
v 2.645893 4.170000 2.734500
v 2.661481 4.170000 2.734500
v 2.535792 3.400000 2.734500
v 2.543586 4.170000 2.721000
v 2.543586 3.400000 2.721000
v 2.551380 3.400000 2.734500
v 2.535792 4.170000 2.734500
v 2.551380 4.170000 2.734500
v 2.425691 3.400000 2.734500
v 2.433485 4.170000 2.721000
v 2.433485 3.400000 2.721000
v 2.441279 3.400000 2.734500
v 2.425691 4.170000 2.734500
v 2.441279 4.170000 2.734500
v 2.315590 3.400000 2.734500
v 2.323384 4.170000 2.721000
v 2.323384 3.400000 2.721000
v 2.331178 3.400000 2.734500
v 2.315590 4.170000 2.734500
v 2.331178 4.170000 2.734500
v 2.205489 3.400000 2.734500
v 2.213283 4.170000 2.721000
v 2.213283 3.400000 2.721000
v 2.221077 3.400000 2.734500
v 2.205489 4.170000 2.734500
v 2.221077 4.170000 2.734500
v 2.095388 3.400000 2.734500
v 2.103182 4.170000 2.721000
v 2.103182 3.400000 2.721000
v 2.110976 3.400000 2.734500
v 2.095388 4.170000 2.734500
v 2.110976 4.170000 2.734500
v 1.985287 3.400000 2.734500
v 1.993081 4.170000 2.721000
v 1.993081 3.400000 2.721000
v 2.000875 3.400000 2.734500
v 1.985287 4.170000 2.734500
v 2.000875 4.170000 2.734500
v 1.875186 3.400000 2.734500
v 1.882980 4.170000 2.721000
v 1.882980 3.400000 2.721000
v 1.890774 3.400000 2.734500
v 1.875186 4.170000 2.734500
v 1.890774 4.170000 2.734500
v 1.765085 3.400000 2.734500
v 1.772879 4.170000 2.721000
v 1.772879 3.400000 2.721000
v 1.780673 3.400000 2.734500
v 1.765085 4.170000 2.734500
v 1.780673 4.170000 2.734500
v 1.654984 3.400000 2.734500
v 1.662778 4.170000 2.721000
v 1.662778 3.400000 2.721000
v 1.670572 3.400000 2.734500
v 1.654984 4.170000 2.734500
v 1.670572 4.170000 2.734500
v 1.544883 3.400000 2.734500
v 1.552677 4.170000 2.721000
v 1.552677 3.400000 2.721000
v 1.560471 3.400000 2.734500
v 1.544883 4.170000 2.734500
v 1.560471 4.170000 2.734500
v 1.434782 3.400000 2.734500
v 1.442576 4.170000 2.721000
v 1.442576 3.400000 2.721000
v 1.450370 3.400000 2.734500
v 1.434782 4.170000 2.734500
v 1.450370 4.170000 2.734500
v 1.324681 3.400000 2.734500
v 1.332475 4.170000 2.721000
v 1.332475 3.400000 2.721000
v 1.340269 3.400000 2.734500
v 1.324681 4.170000 2.734500
v 1.340269 4.170000 2.734500
v 1.214580 3.400000 2.734500
v 1.222374 4.170000 2.721000
v 1.222374 3.400000 2.721000
v 1.230168 3.400000 2.734500
v 1.214580 4.170000 2.734500
v 1.230168 4.170000 2.734500
v 1.104479 3.400000 2.734500
v 1.112273 4.170000 2.721000
v 1.112273 3.400000 2.721000
v 1.120067 3.400000 2.734500
v 1.104479 4.170000 2.734500
v 1.120067 4.170000 2.734500
v 0.994378 3.400000 2.734500
v 1.002172 4.170000 2.721000
v 1.002172 3.400000 2.721000
v 1.009966 3.400000 2.734500
v 0.994378 4.170000 2.734500
v 1.009966 4.170000 2.734500
v 0.884277 3.400000 2.734500
v 0.892071 4.170000 2.721000
v 0.892071 3.400000 2.721000
v 0.899865 3.400000 2.734500
v 0.884277 4.170000 2.734500
v 0.899865 4.170000 2.734500
v 0.774176 3.400000 2.734500
v 0.781970 4.170000 2.721000
v 0.781970 3.400000 2.721000
v 0.789764 3.400000 2.734500
v 0.774176 4.170000 2.734500
v 0.789764 4.170000 2.734500
v 0.664075 3.400000 2.734500
v 0.671869 4.170000 2.721000
v 0.671869 3.400000 2.721000
v 0.679663 3.400000 2.734500
v 0.664075 4.170000 2.734500
v 0.679663 4.170000 2.734500
v 0.553974 3.400000 2.734500
v 0.561768 4.170000 2.721000
v 0.561768 3.400000 2.721000
v 0.569562 3.400000 2.734500
v 0.553974 4.170000 2.734500
v 0.569562 4.170000 2.734500
v 0.443873 3.400000 2.734500
v 0.451667 4.170000 2.721000
v 0.451667 3.400000 2.721000
v 0.459461 3.400000 2.734500
v 0.443873 4.170000 2.734500
v 0.459461 4.170000 2.734500
v 0.333772 3.400000 2.734500
v 0.341566 4.170000 2.721000
v 0.341566 3.400000 2.721000
v 0.349360 3.400000 2.734500
v 0.333772 4.170000 2.734500
v 0.349360 4.170000 2.734500
v 0.223671 3.400000 2.734500
v 0.231465 4.170000 2.721000
v 0.231465 3.400000 2.721000
v 0.239259 3.400000 2.734500
v 0.223671 4.170000 2.734500
v 0.239259 4.170000 2.734500
v 0.113570 3.400000 2.734500
v 0.121364 4.170000 2.721000
v 0.121364 3.400000 2.721000
v 0.129158 3.400000 2.734500
v 0.113570 4.170000 2.734500
v 0.129158 4.170000 2.734500
v 0.003469 3.400000 2.734500
v 0.011263 4.170000 2.721000
v 0.011263 3.400000 2.721000
v 0.019058 3.400000 2.734500
v 0.003469 4.170000 2.734500
v 0.019058 4.170000 2.734500
v -0.106632 3.400000 2.734500
v -0.098838 4.170000 2.721000
v -0.098838 3.400000 2.721000
v -0.091044 3.400000 2.734500
v -0.106632 4.170000 2.734500
v -0.091044 4.170000 2.734500
v -0.216733 3.400000 2.734500
v -0.208939 4.170000 2.721000
v -0.208939 3.400000 2.721000
v -0.201144 3.400000 2.734500
v -0.216733 4.170000 2.734500
v -0.201144 4.170000 2.734500
v -0.326834 3.400000 2.734500
v -0.319040 4.170000 2.721000
v -0.319040 3.400000 2.721000
v -0.311246 3.400000 2.734500
v -0.326834 4.170000 2.734500
v -0.311246 4.170000 2.734500
v -0.436935 3.400000 2.734500
v -0.429141 4.170000 2.721000
v -0.429141 3.400000 2.721000
v -0.421346 3.400000 2.734500
v -0.436935 4.170000 2.734500
v -0.421346 4.170000 2.734500
v -0.547036 3.400000 2.734500
v -0.539242 4.170000 2.721000
v -0.539242 3.400000 2.721000
v -0.531448 3.400000 2.734500
v -0.547036 4.170000 2.734500
v -0.531448 4.170000 2.734500
v -0.657137 3.400000 2.734500
v -0.649343 4.170000 2.721000
v -0.649343 3.400000 2.721000
v -0.641548 3.400000 2.734500
v -0.657137 4.170000 2.734500
v -0.641548 4.170000 2.734500
v -0.767238 3.400000 2.734500
v -0.759444 4.170000 2.721000
v -0.759444 3.400000 2.721000
v -0.751650 3.400000 2.734500
v -0.767238 4.170000 2.734500
v -0.751650 4.170000 2.734500
v -0.877339 3.400000 2.734500
v -0.869545 4.170000 2.721000
v -0.869545 3.400000 2.721000
v -0.861750 3.400000 2.734500
v -0.877339 4.170000 2.734500
v -0.861750 4.170000 2.734500
v -0.987440 3.400000 2.734500
v -0.979646 4.170000 2.721000
v -0.979646 3.400000 2.721000
v -0.971851 3.400000 2.734500
v -0.987440 4.170000 2.734500
v -0.971851 4.170000 2.734500
v -1.097541 3.400000 2.734500
v -1.089747 4.170000 2.721000
v -1.089747 3.400000 2.721000
v -1.081953 3.400000 2.734500
v -1.097541 4.170000 2.734500
v -1.081953 4.170000 2.734500
v -1.207642 3.400000 2.734500
v -1.199848 4.170000 2.721000
v -1.199848 3.400000 2.721000
v -1.192053 3.400000 2.734500
v -1.207642 4.170000 2.734500
v -1.192053 4.170000 2.734500
v -1.317743 3.400000 2.734500
v -1.309949 4.170000 2.721000
v -1.309949 3.400000 2.721000
v -1.302155 3.400000 2.734500
v -1.317743 4.170000 2.734500
v -1.302155 4.170000 2.734500
v -1.427844 3.400000 2.734500
v -1.420050 4.170000 2.721000
v -1.420050 3.400000 2.721000
v -1.412255 3.400000 2.734500
v -1.427844 4.170000 2.734500
v -1.412255 4.170000 2.734500
v -1.537945 3.400000 2.734500
v -1.530151 4.170000 2.721000
v -1.530151 3.400000 2.721000
v -1.522357 3.400000 2.734500
v -1.537945 4.170000 2.734500
v -1.522357 4.170000 2.734500
v -1.648046 3.400000 2.734500
v -1.640252 4.170000 2.721000
v -1.640252 3.400000 2.721000
v -1.632457 3.400000 2.734500
v -1.648046 4.170000 2.734500
v -1.632457 4.170000 2.734500
v -1.758147 3.400000 2.734500
v -1.750353 4.170000 2.721000
v -1.750353 3.400000 2.721000
v -1.742559 3.400000 2.734500
v -1.758147 4.170000 2.734500
v -1.742559 4.170000 2.734500
v -1.868248 3.400000 2.734500
v -1.860454 4.170000 2.721000
v -1.860454 3.400000 2.721000
v -1.852659 3.400000 2.734500
v -1.868248 4.170000 2.734500
v -1.852659 4.170000 2.734500
v -1.978349 3.400000 2.734500
v -1.970555 4.170000 2.721000
v -1.970555 3.400000 2.721000
v -1.962761 3.400000 2.734500
v -1.978349 4.170000 2.734500
v -1.962761 4.170000 2.734500
v -2.088450 3.400000 2.734500
v -2.080656 4.170000 2.721000
v -2.080656 3.400000 2.721000
v -2.072861 3.400000 2.734500
v -2.088450 4.170000 2.734500
v -2.072861 4.170000 2.734500
v -2.198551 3.400000 2.734500
v -2.190757 4.170000 2.721000
v -2.190757 3.400000 2.721000
v -2.182963 3.400000 2.734500
v -2.198551 4.170000 2.734500
v -2.182963 4.170000 2.734500
v -2.308652 3.400000 2.734500
v -2.300858 4.170000 2.721000
v -2.300858 3.400000 2.721000
v -2.293064 3.400000 2.734500
v -2.308652 4.170000 2.734500
v -2.293064 4.170000 2.734500
v -2.418753 3.400000 2.734500
v -2.410959 4.170000 2.721000
v -2.410959 3.400000 2.721000
v -2.403165 3.400000 2.734500
v -2.418753 4.170000 2.734500
v -2.403165 4.170000 2.734500
v -2.528854 3.400000 2.734500
v -2.521060 4.170000 2.721000
v -2.521060 3.400000 2.721000
v -2.513266 3.400000 2.734500
v -2.528854 4.170000 2.734500
v -2.513266 4.170000 2.734500
v -2.638955 3.400000 2.734500
v -2.631161 4.170000 2.721000
v -2.631161 3.400000 2.721000
v -2.623367 3.400000 2.734500
v -2.638955 4.170000 2.734500
v -2.623367 4.170000 2.734500
v -2.749056 3.400000 2.734500
v -2.741262 4.170000 2.721000
v -2.741262 3.400000 2.721000
v -2.733468 3.400000 2.734500
v -2.749056 4.170000 2.734500
v -2.733468 4.170000 2.734500
v -2.859157 3.400000 2.734500
v -2.851363 4.170000 2.721000
v -2.851363 3.400000 2.721000
v -2.843569 3.400000 2.734500
v -2.859157 4.170000 2.734500
v -2.843569 4.170000 2.734500
v -2.969258 3.400000 2.734500
v -2.961464 4.170000 2.721000
v -2.961464 3.400000 2.721000
v -2.953670 3.400000 2.734500
v -2.969258 4.170000 2.734500
v -2.953670 4.170000 2.734500
v -3.079359 3.400000 2.734500
v -3.071565 4.170000 2.721000
v -3.071565 3.400000 2.721000
v -3.063771 3.400000 2.734500
v -3.079359 4.170000 2.734500
v -3.063771 4.170000 2.734500
v -3.189460 3.400000 2.734500
v -3.181666 4.170000 2.721000
v -3.181666 3.400000 2.721000
v -3.173872 3.400000 2.734500
v -3.189460 4.170000 2.734500
v -3.173872 4.170000 2.734500
v -3.299561 3.400000 2.734500
v -3.291767 4.170000 2.721000
v -3.291767 3.400000 2.721000
v -3.283973 3.400000 2.734500
v -3.299561 4.170000 2.734500
v -3.283973 4.170000 2.734500
v -3.409662 3.400000 2.734500
v -3.401868 4.170000 2.721000
v -3.401868 3.400000 2.721000
v -3.394074 3.400000 2.734500
v -3.409662 4.170000 2.734500
v -3.394074 4.170000 2.734500
v -3.519763 3.400000 2.734500
v -3.511969 4.170000 2.721000
v -3.511969 3.400000 2.721000
v -3.504175 3.400000 2.734500
v -3.519763 4.170000 2.734500
v -3.504175 4.170000 2.734500
v -3.629864 3.400000 2.734500
v -3.622070 4.170000 2.721000
v -3.622070 3.400000 2.721000
v -3.614276 3.400000 2.734500
v -3.629864 4.170000 2.734500
v -3.614276 4.170000 2.734500
v -3.739965 3.400000 2.734500
v -3.732171 4.170000 2.721000
v -3.732171 3.400000 2.721000
v -3.724377 3.400000 2.734500
v -3.739965 4.170000 2.734500
v -3.724377 4.170000 2.734500
v -3.850066 3.400000 2.734500
v -3.842272 4.170000 2.721000
v -3.842272 3.400000 2.721000
v -3.834478 3.400000 2.734500
v -3.850066 4.170000 2.734500
v -3.834478 4.170000 2.734500
v -3.960167 3.400000 2.734500
v -3.952373 4.170000 2.721000
v -3.952373 3.400000 2.721000
v -3.944578 3.400000 2.734500
v -3.960167 4.170000 2.734500
v -3.944578 4.170000 2.734500
v -4.070268 3.400000 2.734500
v -4.062473 4.170000 2.721000
v -4.062473 3.400000 2.721000
v -4.054679 3.400000 2.734500
v -4.070268 4.170000 2.734500
v -4.054679 4.170000 2.734500
v -4.180368 3.400000 2.734500
v -4.172574 4.170000 2.721000
v -4.172574 3.400000 2.721000
v -4.164780 3.400000 2.734500
v -4.180368 4.170000 2.734500
v -4.164780 4.170000 2.734500
v -4.290470 3.400000 2.734500
v -4.282676 4.170000 2.721000
v -4.282676 3.400000 2.721000
v -4.274881 3.400000 2.734500
v -4.290470 4.170000 2.734500
v -4.274881 4.170000 2.734500
v -4.400571 3.400000 2.734500
v -4.392776 4.170000 2.721000
v -4.392776 3.400000 2.721000
v -4.384982 3.400000 2.734500
v -4.400571 4.170000 2.734500
v -4.384982 4.170000 2.734500
v -4.510672 3.400000 2.734500
v -4.502877 4.170000 2.721000
v -4.502877 3.400000 2.721000
v -4.495083 3.400000 2.734500
v -4.510672 4.170000 2.734500
v -4.495083 4.170000 2.734500
v -4.620772 3.400000 2.734500
v -4.612978 4.170000 2.721000
v -4.612978 3.400000 2.721000
v -4.605184 3.400000 2.734500
v -4.620772 4.170000 2.734500
v -4.605184 4.170000 2.734500
v -4.730874 3.400000 2.734500
v -4.723080 4.170000 2.721000
v -4.723080 3.400000 2.721000
v -4.715285 3.400000 2.734500
v -4.730874 4.170000 2.734500
v -4.715285 4.170000 2.734500
v -4.840975 3.400000 2.734500
v -4.833180 4.170000 2.721000
v -4.833180 3.400000 2.721000
v -4.825386 3.400000 2.734500
v -4.840975 4.170000 2.734500
v -4.825386 4.170000 2.734500
v -4.951076 3.400000 2.734500
v -4.943281 4.170000 2.721000
v -4.943281 3.400000 2.721000
v -4.935487 3.400000 2.734500
v -4.951076 4.170000 2.734500
v -4.935487 4.170000 2.734500
v -5.061177 3.400000 2.734500
v -5.053383 4.170000 2.721000
v -5.053383 3.400000 2.721000
v -5.045588 3.400000 2.734500
v -5.061177 4.170000 2.734500
v -5.045588 4.170000 2.734500
v -5.171278 3.400000 2.734500
v -5.163484 4.170000 2.721000
v -5.163484 3.400000 2.721000
v -5.155689 3.400000 2.734500
v -5.171278 4.170000 2.734500
v -5.155689 4.170000 2.734500
v -5.281379 3.400000 2.734500
v -5.273584 4.170000 2.721000
v -5.273584 3.400000 2.721000
v -5.265790 3.400000 2.734500
v -5.281379 4.170000 2.734500
v -5.265790 4.170000 2.734500
v -5.391479 3.400000 2.734500
v -5.383685 4.170000 2.721000
v -5.383685 3.400000 2.721000
v -5.375891 3.400000 2.734500
v -5.391479 4.170000 2.734500
v -5.375891 4.170000 2.734500
v -5.501581 3.400000 2.734500
v -5.493787 4.170000 2.721000
v -5.493787 3.400000 2.721000
v -5.485992 3.400000 2.734500
v -5.501581 4.170000 2.734500
v -5.485992 4.170000 2.734500
v -5.611682 3.400000 2.734500
v -5.603888 4.170000 2.721000
v -5.603888 3.400000 2.721000
v -5.596093 3.400000 2.734500
v -5.611682 4.170000 2.734500
v -5.596093 4.170000 2.734500
v -5.721783 3.400000 2.734500
v -5.713988 4.170000 2.721000
v -5.713988 3.400000 2.721000
v -5.706194 3.400000 2.734500
v -5.721783 4.170000 2.734500
v -5.706194 4.170000 2.734500
v -5.831883 3.400000 2.734500
v -5.824089 4.170000 2.721000
v -5.824089 3.400000 2.721000
v -5.816295 3.400000 2.734500
v -5.831883 4.170000 2.734500
v -5.816295 4.170000 2.734500
v -5.941985 3.400000 2.734500
v -5.934191 4.170000 2.721000
v -5.934191 3.400000 2.721000
v -5.926396 3.400000 2.734500
v -5.941985 4.170000 2.734500
v -5.926396 4.170000 2.734500
v -6.052086 3.400000 2.734500
v -6.044291 4.170000 2.721000
v -6.044291 3.400000 2.721000
v -6.036497 3.400000 2.734500
v -6.052086 4.170000 2.734500
v -6.036497 4.170000 2.734500
v -6.162187 3.400000 2.734500
v -6.154392 4.170000 2.721000
v -6.154392 3.400000 2.721000
v -6.146598 3.400000 2.734500
v -6.162187 4.170000 2.734500
v -6.146598 4.170000 2.734500
v -6.272288 3.400000 2.734500
v -6.264494 4.170000 2.721000
v -6.264494 3.400000 2.721000
v -6.256700 3.400000 2.734500
v -6.272288 4.170000 2.734500
v -6.256700 4.170000 2.734500
v -6.382389 3.400000 2.734500
v -6.374595 4.170000 2.721000
v -6.374595 3.400000 2.721000
v -6.366800 3.400000 2.734500
v -6.382389 4.170000 2.734500
v -6.366800 4.170000 2.734500
v -6.492490 3.400000 2.734500
v -6.484695 4.170000 2.721000
v -6.484695 3.400000 2.721000
v -6.476901 3.400000 2.734500
v -6.492490 4.170000 2.734500
v -6.476901 4.170000 2.734500
v -6.602591 3.400000 2.734500
v -6.594796 4.170000 2.721000
v -6.594796 3.400000 2.721000
v -6.587002 3.400000 2.734500
v -6.602591 4.170000 2.734500
v -6.587002 4.170000 2.734500
v -6.712692 3.400000 2.734500
v -6.704898 4.170000 2.721000
v -6.704898 3.400000 2.721000
v -6.697104 3.400000 2.734500
v -6.712692 4.170000 2.734500
v -6.697104 4.170000 2.734500
v -6.822793 3.400000 2.734500
v -6.814999 4.170000 2.721000
v -6.814999 3.400000 2.721000
v -6.807204 3.400000 2.734500
v -6.822793 4.170000 2.734500
v -6.807204 4.170000 2.734500
v 4.085000 3.647943 2.738000
v -6.815000 3.661800 2.714000
v 4.085000 3.661800 2.714000
v 4.085000 3.675656 2.738000
v -6.815000 3.647943 2.738000
v -6.815000 3.675656 2.738000
v 4.085000 3.902044 2.738000
v -6.815000 3.915900 2.714000
v 4.085000 3.915900 2.714000
v 4.085000 3.929756 2.738000
v -6.815000 3.902044 2.738000
v -6.815000 3.929756 2.738000
v 4.085000 4.126143 2.738000
v -6.815000 4.140000 2.714000
v 4.085000 4.140000 2.714000
v 4.085000 4.153856 2.738000
v -6.815000 4.126143 2.738000
v -6.815000 4.153856 2.738000
v 4.107206 3.400000 2.704500
v 4.115000 4.170000 2.691000
v 4.115000 3.400000 2.691000
v 4.122795 3.400000 2.704500
v 4.107206 4.170000 2.704500
v 4.122795 4.170000 2.704500
v 4.107206 3.400000 2.594296
v 4.115000 4.170000 2.580796
v 4.115000 3.400000 2.580796
v 4.122795 3.400000 2.594296
v 4.107206 4.170000 2.594296
v 4.122795 4.170000 2.594296
v 4.107206 3.400000 2.484092
v 4.115000 4.170000 2.470592
v 4.115000 3.400000 2.470592
v 4.122795 3.400000 2.484092
v 4.107206 4.170000 2.484092
v 4.122795 4.170000 2.484092
v 4.107206 3.400000 2.373888
v 4.115000 4.170000 2.360388
v 4.115000 3.400000 2.360388
v 4.122795 3.400000 2.373888
v 4.107206 4.170000 2.373888
v 4.122795 4.170000 2.373888
v 4.107206 3.400000 2.263684
v 4.115000 4.170000 2.250184
v 4.115000 3.400000 2.250184
v 4.122795 3.400000 2.263684
v 4.107206 4.170000 2.263684
v 4.122795 4.170000 2.263684
v 4.107206 3.400000 2.153480
v 4.115000 4.170000 2.139980
v 4.115000 3.400000 2.139980
v 4.122795 3.400000 2.153480
v 4.107206 4.170000 2.153480
v 4.122795 4.170000 2.153480
v 4.107206 3.400000 2.043275
v 4.115000 4.170000 2.029775
v 4.115000 3.400000 2.029775
v 4.122795 3.400000 2.043275
v 4.107206 4.170000 2.043275
v 4.122795 4.170000 2.043275
v 4.107206 3.400000 1.933071
v 4.115000 4.170000 1.919572
v 4.115000 3.400000 1.919572
v 4.122795 3.400000 1.933071
v 4.107206 4.170000 1.933071
v 4.122795 4.170000 1.933071
v 4.107206 3.400000 1.822867
v 4.115000 4.170000 1.809367
v 4.115000 3.400000 1.809367
v 4.122795 3.400000 1.822867
v 4.107206 4.170000 1.822867
v 4.122795 4.170000 1.822867
v 4.107206 3.400000 1.712663
v 4.115000 4.170000 1.699163
v 4.115000 3.400000 1.699163
v 4.122795 3.400000 1.712663
v 4.107206 4.170000 1.712663
v 4.122795 4.170000 1.712663
v 4.107206 3.400000 1.602459
v 4.115000 4.170000 1.588959
v 4.115000 3.400000 1.588959
v 4.122795 3.400000 1.602459
v 4.107206 4.170000 1.602459
v 4.122795 4.170000 1.602459
v 4.107206 3.400000 1.492255
v 4.115000 4.170000 1.478755
v 4.115000 3.400000 1.478755
v 4.122795 3.400000 1.492255
v 4.107206 4.170000 1.492255
v 4.122795 4.170000 1.492255
v 4.107206 3.400000 1.382051
v 4.115000 4.170000 1.368551
v 4.115000 3.400000 1.368551
v 4.122795 3.400000 1.382051
v 4.107206 4.170000 1.382051
v 4.122795 4.170000 1.382051
v 4.107206 3.400000 1.271847
v 4.115000 4.170000 1.258347
v 4.115000 3.400000 1.258347
v 4.122795 3.400000 1.271847
v 4.107206 4.170000 1.271847
v 4.122795 4.170000 1.271847
v 4.107206 3.400000 1.161643
v 4.115000 4.170000 1.148143
v 4.115000 3.400000 1.148143
v 4.122795 3.400000 1.161643
v 4.107206 4.170000 1.161643
v 4.122795 4.170000 1.161643
v 4.107206 3.400000 1.051439
v 4.115000 4.170000 1.037939
v 4.115000 3.400000 1.037939
v 4.122795 3.400000 1.051439
v 4.107206 4.170000 1.051439
v 4.122795 4.170000 1.051439
v 4.107206 3.400000 0.941235
v 4.115000 4.170000 0.927735
v 4.115000 3.400000 0.927735
v 4.122795 3.400000 0.941235
v 4.107206 4.170000 0.941235
v 4.122795 4.170000 0.941235
v 4.107206 3.400000 0.831031
v 4.115000 4.170000 0.817531
v 4.115000 3.400000 0.817531
v 4.122795 3.400000 0.831031
v 4.107206 4.170000 0.831031
v 4.122795 4.170000 0.831031
v 4.107206 3.400000 0.720826
v 4.115000 4.170000 0.707326
v 4.115000 3.400000 0.707326
v 4.122795 3.400000 0.720826
v 4.107206 4.170000 0.720826
v 4.122795 4.170000 0.720826
v 4.107206 3.400000 0.610622
v 4.115000 4.170000 0.597122
v 4.115000 3.400000 0.597122
v 4.122795 3.400000 0.610622
v 4.107206 4.170000 0.610622
v 4.122795 4.170000 0.610622
v 4.107206 3.400000 0.500418
v 4.115000 4.170000 0.486918
v 4.115000 3.400000 0.486918
v 4.122795 3.400000 0.500418
v 4.107206 4.170000 0.500418
v 4.122795 4.170000 0.500418
v 4.107206 3.400000 0.390214
v 4.115000 4.170000 0.376714
v 4.115000 3.400000 0.376714
v 4.122795 3.400000 0.390214
v 4.107206 4.170000 0.390214
v 4.122795 4.170000 0.390214
v 4.107206 3.400000 0.280010
v 4.115000 4.170000 0.266510
v 4.115000 3.400000 0.266510
v 4.122795 3.400000 0.280010
v 4.107206 4.170000 0.280010
v 4.122795 4.170000 0.280010
v 4.107206 3.400000 0.169806
v 4.115000 4.170000 0.156306
v 4.115000 3.400000 0.156306
v 4.122795 3.400000 0.169806
v 4.107206 4.170000 0.169806
v 4.122795 4.170000 0.169806
v 4.107206 3.400000 0.059602
v 4.115000 4.170000 0.046102
v 4.115000 3.400000 0.046102
v 4.122795 3.400000 0.059602
v 4.107206 4.170000 0.059602
v 4.122795 4.170000 0.059602
v 4.107206 3.400000 -0.050602
v 4.115000 4.170000 -0.064102
v 4.115000 3.400000 -0.064102
v 4.122795 3.400000 -0.050602
v 4.107206 4.170000 -0.050602
v 4.122795 4.170000 -0.050602
v 4.107206 3.400000 -0.160806
v 4.115000 4.170000 -0.174306
v 4.115000 3.400000 -0.174306
v 4.122795 3.400000 -0.160806
v 4.107206 4.170000 -0.160806
v 4.122795 4.170000 -0.160806
v 4.107206 3.400000 -0.271010
v 4.115000 4.170000 -0.284510
v 4.115000 3.400000 -0.284510
v 4.122795 3.400000 -0.271010
v 4.107206 4.170000 -0.271010
v 4.122795 4.170000 -0.271010
v 4.107206 3.400000 -0.381214
v 4.115000 4.170000 -0.394714
v 4.115000 3.400000 -0.394714
v 4.122795 3.400000 -0.381214
v 4.107206 4.170000 -0.381214
v 4.122795 4.170000 -0.381214
v 4.107206 3.400000 -0.491419
v 4.115000 4.170000 -0.504919
v 4.115000 3.400000 -0.504919
v 4.122795 3.400000 -0.491419
v 4.107206 4.170000 -0.491419
v 4.122795 4.170000 -0.491419
v 4.107206 3.400000 -0.601623
v 4.115000 4.170000 -0.615122
v 4.115000 3.400000 -0.615122
v 4.122795 3.400000 -0.601623
v 4.107206 4.170000 -0.601623
v 4.122795 4.170000 -0.601623
v 4.107206 3.400000 -0.711827
v 4.115000 4.170000 -0.725326
v 4.115000 3.400000 -0.725326
v 4.122795 3.400000 -0.711827
v 4.107206 4.170000 -0.711827
v 4.122795 4.170000 -0.711827
v 4.107206 3.400000 -0.822031
v 4.115000 4.170000 -0.835531
v 4.115000 3.400000 -0.835531
v 4.122795 3.400000 -0.822031
v 4.107206 4.170000 -0.822031
v 4.122795 4.170000 -0.822031
v 4.107206 3.400000 -0.932235
v 4.115000 4.170000 -0.945735
v 4.115000 3.400000 -0.945735
v 4.122795 3.400000 -0.932235
v 4.107206 4.170000 -0.932235
v 4.122795 4.170000 -0.932235
v 4.107206 3.400000 -1.042439
v 4.115000 4.170000 -1.055939
v 4.115000 3.400000 -1.055939
v 4.122795 3.400000 -1.042439
v 4.107206 4.170000 -1.042439
v 4.122795 4.170000 -1.042439
v 4.107206 3.400000 -1.152643
v 4.115000 4.170000 -1.166143
v 4.115000 3.400000 -1.166143
v 4.122795 3.400000 -1.152643
v 4.107206 4.170000 -1.152643
v 4.122795 4.170000 -1.152643
v 4.107206 3.400000 -1.262847
v 4.115000 4.170000 -1.276347
v 4.115000 3.400000 -1.276347
v 4.122795 3.400000 -1.262847
v 4.107206 4.170000 -1.262847
v 4.122795 4.170000 -1.262847
v 4.107206 3.400000 -1.373051
v 4.115000 4.170000 -1.386551
v 4.115000 3.400000 -1.386551
v 4.122795 3.400000 -1.373051
v 4.107206 4.170000 -1.373051
v 4.122795 4.170000 -1.373051
v 4.107206 3.400000 -1.483255
v 4.115000 4.170000 -1.496755
v 4.115000 3.400000 -1.496755
v 4.122795 3.400000 -1.483255
v 4.107206 4.170000 -1.483255
v 4.122795 4.170000 -1.483255
v 4.107206 3.400000 -1.593459
v 4.115000 4.170000 -1.606959
v 4.115000 3.400000 -1.606959
v 4.122795 3.400000 -1.593459
v 4.107206 4.170000 -1.593459
v 4.122795 4.170000 -1.593459
v 4.107206 3.400000 -1.703663
v 4.115000 4.170000 -1.717163
v 4.115000 3.400000 -1.717163
v 4.122795 3.400000 -1.703663
v 4.107206 4.170000 -1.703663
v 4.122795 4.170000 -1.703663
v 4.107206 3.400000 -1.813867
v 4.115000 4.170000 -1.827367
v 4.115000 3.400000 -1.827367
v 4.122795 3.400000 -1.813867
v 4.107206 4.170000 -1.813867
v 4.122795 4.170000 -1.813867
v 4.107206 3.400000 -1.924071
v 4.115000 4.170000 -1.937571
v 4.115000 3.400000 -1.937571
v 4.122795 3.400000 -1.924071
v 4.107206 4.170000 -1.924071
v 4.122795 4.170000 -1.924071
v 4.107206 3.400000 -2.034276
v 4.115000 4.170000 -2.047776
v 4.115000 3.400000 -2.047776
v 4.122795 3.400000 -2.034276
v 4.107206 4.170000 -2.034276
v 4.122795 4.170000 -2.034276
v 4.107206 3.400000 -2.144480
v 4.115000 4.170000 -2.157980
v 4.115000 3.400000 -2.157980
v 4.122795 3.400000 -2.144480
v 4.107206 4.170000 -2.144480
v 4.122795 4.170000 -2.144480
v 4.107206 3.400000 -2.254684
v 4.115000 4.170000 -2.268184
v 4.115000 3.400000 -2.268184
v 4.122795 3.400000 -2.254684
v 4.107206 4.170000 -2.254684
v 4.122795 4.170000 -2.254684
v 4.107206 3.400000 -2.364888
v 4.115000 4.170000 -2.378388
v 4.115000 3.400000 -2.378388
v 4.122795 3.400000 -2.364888
v 4.107206 4.170000 -2.364888
v 4.122795 4.170000 -2.364888
v 4.107206 3.400000 -2.475092
v 4.115000 4.170000 -2.488592
v 4.115000 3.400000 -2.488592
v 4.122795 3.400000 -2.475092
v 4.107206 4.170000 -2.475092
v 4.122795 4.170000 -2.475092
v 4.107206 3.400000 -2.585296
v 4.115000 4.170000 -2.598796
v 4.115000 3.400000 -2.598796
v 4.122795 3.400000 -2.585296
v 4.107206 4.170000 -2.585296
v 4.122795 4.170000 -2.585296
v 4.107206 3.400000 -2.695500
v 4.115000 4.170000 -2.709000
v 4.115000 3.400000 -2.709000
v 4.122795 3.400000 -2.695500
v 4.107206 4.170000 -2.695500
v 4.122795 4.170000 -2.695500
v 4.107000 3.647943 2.700000
v 4.131000 3.661800 -2.700000
v 4.131000 3.661800 2.700000
v 4.107000 3.675656 2.700000
v 4.107000 3.647943 -2.700000
v 4.107000 3.675656 -2.700000
v 4.107000 3.902044 2.700000
v 4.131000 3.915900 -2.700000
v 4.131000 3.915900 2.700000
v 4.107000 3.929756 2.700000
v 4.107000 3.902044 -2.700000
v 4.107000 3.929756 -2.700000
v 4.107000 4.126143 2.700000
v 4.131000 4.140000 -2.700000
v 4.131000 4.140000 2.700000
v 4.107000 4.153856 2.700000
v 4.107000 4.126143 -2.700000
v 4.107000 4.153856 -2.700000
v -6.852795 3.400000 2.704500
v -6.845000 4.170000 2.691000
v -6.845000 3.400000 2.691000
v -6.837206 3.400000 2.704500
v -6.852795 4.170000 2.704500
v -6.837206 4.170000 2.704500
v -6.852795 3.400000 2.594296
v -6.845000 4.170000 2.580796
v -6.845000 3.400000 2.580796
v -6.837206 3.400000 2.594296
v -6.852795 4.170000 2.594296
v -6.837206 4.170000 2.594296
v -6.852795 3.400000 2.484092
v -6.845000 4.170000 2.470592
v -6.845000 3.400000 2.470592
v -6.837206 3.400000 2.484092
v -6.852795 4.170000 2.484092
v -6.837206 4.170000 2.484092
v -6.852795 3.400000 2.373888
v -6.845000 4.170000 2.360388
v -6.845000 3.400000 2.360388
v -6.837206 3.400000 2.373888
v -6.852795 4.170000 2.373888
v -6.837206 4.170000 2.373888
v -6.852795 3.400000 2.263684
v -6.845000 4.170000 2.250184
v -6.845000 3.400000 2.250184
v -6.837206 3.400000 2.263684
v -6.852795 4.170000 2.263684
v -6.837206 4.170000 2.263684
v -6.852795 3.400000 2.153480
v -6.845000 4.170000 2.139980
v -6.845000 3.400000 2.139980
v -6.837206 3.400000 2.153480
v -6.852795 4.170000 2.153480
v -6.837206 4.170000 2.153480
v -6.852795 3.400000 2.043275
v -6.845000 4.170000 2.029775
v -6.845000 3.400000 2.029775
v -6.837206 3.400000 2.043275
v -6.852795 4.170000 2.043275
v -6.837206 4.170000 2.043275
v -6.852795 3.400000 1.933071
v -6.845000 4.170000 1.919572
v -6.845000 3.400000 1.919572
v -6.837206 3.400000 1.933071
v -6.852795 4.170000 1.933071
v -6.837206 4.170000 1.933071
v -6.852795 3.400000 1.822867
v -6.845000 4.170000 1.809367
v -6.845000 3.400000 1.809367
v -6.837206 3.400000 1.822867
v -6.852795 4.170000 1.822867
v -6.837206 4.170000 1.822867
v -6.852795 3.400000 1.712663
v -6.845000 4.170000 1.699163
v -6.845000 3.400000 1.699163
v -6.837206 3.400000 1.712663
v -6.852795 4.170000 1.712663
v -6.837206 4.170000 1.712663
v -6.852795 3.400000 1.602459
v -6.845000 4.170000 1.588959
v -6.845000 3.400000 1.588959
v -6.837206 3.400000 1.602459
v -6.852795 4.170000 1.602459
v -6.837206 4.170000 1.602459
v -6.852795 3.400000 1.492255
v -6.845000 4.170000 1.478755
v -6.845000 3.400000 1.478755
v -6.837206 3.400000 1.492255
v -6.852795 4.170000 1.492255
v -6.837206 4.170000 1.492255
v -6.852795 3.400000 1.382051
v -6.845000 4.170000 1.368551
v -6.845000 3.400000 1.368551
v -6.837206 3.400000 1.382051
v -6.852795 4.170000 1.382051
v -6.837206 4.170000 1.382051
v -6.852795 3.400000 1.271847
v -6.845000 4.170000 1.258347
v -6.845000 3.400000 1.258347
v -6.837206 3.400000 1.271847
v -6.852795 4.170000 1.271847
v -6.837206 4.170000 1.271847
v -6.852795 3.400000 1.161643
v -6.845000 4.170000 1.148143
v -6.845000 3.400000 1.148143
v -6.837206 3.400000 1.161643
v -6.852795 4.170000 1.161643
v -6.837206 4.170000 1.161643
v -6.852795 3.400000 1.051439
v -6.845000 4.170000 1.037939
v -6.845000 3.400000 1.037939
v -6.837206 3.400000 1.051439
v -6.852795 4.170000 1.051439
v -6.837206 4.170000 1.051439
v -6.852795 3.400000 0.941235
v -6.845000 4.170000 0.927735
v -6.845000 3.400000 0.927735
v -6.837206 3.400000 0.941235
v -6.852795 4.170000 0.941235
v -6.837206 4.170000 0.941235
v -6.852795 3.400000 0.831031
v -6.845000 4.170000 0.817531
v -6.845000 3.400000 0.817531
v -6.837206 3.400000 0.831031
v -6.852795 4.170000 0.831031
v -6.837206 4.170000 0.831031
v -6.852795 3.400000 0.720826
v -6.845000 4.170000 0.707326
v -6.845000 3.400000 0.707326
v -6.837206 3.400000 0.720826
v -6.852795 4.170000 0.720826
v -6.837206 4.170000 0.720826
v -6.852795 3.400000 0.610622
v -6.845000 4.170000 0.597122
v -6.845000 3.400000 0.597122
v -6.837206 3.400000 0.610622
v -6.852795 4.170000 0.610622
v -6.837206 4.170000 0.610622
v -6.852795 3.400000 0.500418
v -6.845000 4.170000 0.486918
v -6.845000 3.400000 0.486918
v -6.837206 3.400000 0.500418
v -6.852795 4.170000 0.500418
v -6.837206 4.170000 0.500418
v -6.852795 3.400000 0.390214
v -6.845000 4.170000 0.376714
v -6.845000 3.400000 0.376714
v -6.837206 3.400000 0.390214
v -6.852795 4.170000 0.390214
v -6.837206 4.170000 0.390214
v -6.852795 3.400000 0.280010
v -6.845000 4.170000 0.266510
v -6.845000 3.400000 0.266510
v -6.837206 3.400000 0.280010
v -6.852795 4.170000 0.280010
v -6.837206 4.170000 0.280010
v -6.852795 3.400000 0.169806
v -6.845000 4.170000 0.156306
v -6.845000 3.400000 0.156306
v -6.837206 3.400000 0.169806
v -6.852795 4.170000 0.169806
v -6.837206 4.170000 0.169806
v -6.852795 3.400000 0.059602
v -6.845000 4.170000 0.046102
v -6.845000 3.400000 0.046102
v -6.837206 3.400000 0.059602
v -6.852795 4.170000 0.059602
v -6.837206 4.170000 0.059602
v -6.852795 3.400000 -0.050602
v -6.845000 4.170000 -0.064102
v -6.845000 3.400000 -0.064102
v -6.837206 3.400000 -0.050602
v -6.852795 4.170000 -0.050602
v -6.837206 4.170000 -0.050602
v -6.852795 3.400000 -0.160806
v -6.845000 4.170000 -0.174306
v -6.845000 3.400000 -0.174306
v -6.837206 3.400000 -0.160806
v -6.852795 4.170000 -0.160806
v -6.837206 4.170000 -0.160806
v -6.852795 3.400000 -0.271010
v -6.845000 4.170000 -0.284510
v -6.845000 3.400000 -0.284510
v -6.837206 3.400000 -0.271010
v -6.852795 4.170000 -0.271010
v -6.837206 4.170000 -0.271010
v -6.852795 3.400000 -0.381214
v -6.845000 4.170000 -0.394714
v -6.845000 3.400000 -0.394714
v -6.837206 3.400000 -0.381214
v -6.852795 4.170000 -0.381214
v -6.837206 4.170000 -0.381214
v -6.852795 3.400000 -0.491419
v -6.845000 4.170000 -0.504919
v -6.845000 3.400000 -0.504919
v -6.837206 3.400000 -0.491419
v -6.852795 4.170000 -0.491419
v -6.837206 4.170000 -0.491419
v -6.852795 3.400000 -0.601623
v -6.845000 4.170000 -0.615122
v -6.845000 3.400000 -0.615122
v -6.837206 3.400000 -0.601623
v -6.852795 4.170000 -0.601623
v -6.837206 4.170000 -0.601623
v -6.852795 3.400000 -0.711827
v -6.845000 4.170000 -0.725326
v -6.845000 3.400000 -0.725326
v -6.837206 3.400000 -0.711827
v -6.852795 4.170000 -0.711827
v -6.837206 4.170000 -0.711827
v -6.852795 3.400000 -0.822031
v -6.845000 4.170000 -0.835531
v -6.845000 3.400000 -0.835531
v -6.837206 3.400000 -0.822031
v -6.852795 4.170000 -0.822031
v -6.837206 4.170000 -0.822031
v -6.852795 3.400000 -0.932235
v -6.845000 4.170000 -0.945735
v -6.845000 3.400000 -0.945735
v -6.837206 3.400000 -0.932235
v -6.852795 4.170000 -0.932235
v -6.837206 4.170000 -0.932235
v -6.852795 3.400000 -1.042439
v -6.845000 4.170000 -1.055939
v -6.845000 3.400000 -1.055939
v -6.837206 3.400000 -1.042439
v -6.852795 4.170000 -1.042439
v -6.837206 4.170000 -1.042439
v -6.852795 3.400000 -1.152643
v -6.845000 4.170000 -1.166143
v -6.845000 3.400000 -1.166143
v -6.837206 3.400000 -1.152643
v -6.852795 4.170000 -1.152643
v -6.837206 4.170000 -1.152643
v -6.852795 3.400000 -1.262847
v -6.845000 4.170000 -1.276347
v -6.845000 3.400000 -1.276347
v -6.837206 3.400000 -1.262847
v -6.852795 4.170000 -1.262847
v -6.837206 4.170000 -1.262847
v -6.852795 3.400000 -1.373051
v -6.845000 4.170000 -1.386551
v -6.845000 3.400000 -1.386551
v -6.837206 3.400000 -1.373051
v -6.852795 4.170000 -1.373051
v -6.837206 4.170000 -1.373051
v -6.852795 3.400000 -1.483255
v -6.845000 4.170000 -1.496755
v -6.845000 3.400000 -1.496755
v -6.837206 3.400000 -1.483255
v -6.852795 4.170000 -1.483255
v -6.837206 4.170000 -1.483255
v -6.852795 3.400000 -1.593459
v -6.845000 4.170000 -1.606959
v -6.845000 3.400000 -1.606959
v -6.837206 3.400000 -1.593459
v -6.852795 4.170000 -1.593459
v -6.837206 4.170000 -1.593459
v -6.852795 3.400000 -1.703663
v -6.845000 4.170000 -1.717163
v -6.845000 3.400000 -1.717163
v -6.837206 3.400000 -1.703663
v -6.852795 4.170000 -1.703663
v -6.837206 4.170000 -1.703663
v -6.852795 3.400000 -1.813867
v -6.845000 4.170000 -1.827367
v -6.845000 3.400000 -1.827367
v -6.837206 3.400000 -1.813867
v -6.852795 4.170000 -1.813867
v -6.837206 4.170000 -1.813867
v -6.852795 3.400000 -1.924071
v -6.845000 4.170000 -1.937571
v -6.845000 3.400000 -1.937571
v -6.837206 3.400000 -1.924071
v -6.852795 4.170000 -1.924071
v -6.837206 4.170000 -1.924071
v -6.852795 3.400000 -2.034276
v -6.845000 4.170000 -2.047776
v -6.845000 3.400000 -2.047776
v -6.837206 3.400000 -2.034276
v -6.852795 4.170000 -2.034276
v -6.837206 4.170000 -2.034276
v -6.852795 3.400000 -2.144480
v -6.845000 4.170000 -2.157980
v -6.845000 3.400000 -2.157980
v -6.837206 3.400000 -2.144480
v -6.852795 4.170000 -2.144480
v -6.837206 4.170000 -2.144480
v -6.852795 3.400000 -2.254684
v -6.845000 4.170000 -2.268184
v -6.845000 3.400000 -2.268184
v -6.837206 3.400000 -2.254684
v -6.852795 4.170000 -2.254684
v -6.837206 4.170000 -2.254684
v -6.852795 3.400000 -2.364888
v -6.845000 4.170000 -2.378388
v -6.845000 3.400000 -2.378388
v -6.837206 3.400000 -2.364888
v -6.852795 4.170000 -2.364888
v -6.837206 4.170000 -2.364888
v -6.852795 3.400000 -2.475092
v -6.845000 4.170000 -2.488592
v -6.845000 3.400000 -2.488592
v -6.837206 3.400000 -2.475092
v -6.852795 4.170000 -2.475092
v -6.837206 4.170000 -2.475092
v -6.852795 3.400000 -2.585296
v -6.845000 4.170000 -2.598796
v -6.845000 3.400000 -2.598796
v -6.837206 3.400000 -2.585296
v -6.852795 4.170000 -2.585296
v -6.837206 4.170000 -2.585296
v -6.852795 3.400000 -2.695500
v -6.845000 4.170000 -2.709000
v -6.845000 3.400000 -2.709000
v -6.837206 3.400000 -2.695500
v -6.852795 4.170000 -2.695500
v -6.837206 4.170000 -2.695500
v -6.853000 3.647943 2.700000
v -6.829000 3.661800 -2.700000
v -6.829000 3.661800 2.700000
v -6.853000 3.675656 2.700000
v -6.853000 3.647943 -2.700000
v -6.853000 3.675656 -2.700000
v -6.853000 3.902044 2.700000
v -6.829000 3.915900 -2.700000
v -6.829000 3.915900 2.700000
v -6.853000 3.929756 2.700000
v -6.853000 3.902044 -2.700000
v -6.853000 3.929756 -2.700000
v -6.853000 4.126143 2.700000
v -6.829000 4.140000 -2.700000
v -6.829000 4.140000 2.700000
v -6.853000 4.153856 2.700000
v -6.853000 4.126143 -2.700000
v -6.853000 4.153856 -2.700000
v 0.291699 5.180000 -0.025000
v 0.335000 8.300000 -0.050000
v 0.335000 5.180000 -0.050000
v 0.291699 5.180000 0.025000
v 0.291699 8.300000 -0.025000
v 0.335000 5.180000 0.050000
v 0.291699 8.300000 0.025000
v 0.378301 5.180000 0.025000
v 0.335000 8.300000 0.050000
v 0.378301 5.180000 -0.025000
v 0.378301 8.300000 0.025000
v 0.378301 8.300000 -0.025000
v 0.355000 6.615359 0.850000
v 0.375000 6.650000 -0.850000
v 0.375000 6.650000 0.850000
v 0.315000 6.615359 0.850000
v 0.355000 6.615359 -0.850000
v 0.295000 6.650000 0.850000
v 0.315000 6.615359 -0.850000
v 0.315000 6.684641 0.850000
v 0.295000 6.650000 -0.850000
v 0.355000 6.684641 0.850000
v 0.315000 6.684641 -0.850000
v 0.355000 6.684641 -0.850000
v -0.899641 5.180000 -0.820000
v -0.865000 7.800000 -0.840000
v -0.865000 5.180000 -0.840000
v -0.899641 5.180000 -0.780000
v -0.899641 7.800000 -0.820000
v -0.865000 5.180000 -0.760000
v -0.899641 7.800000 -0.780000
v -0.830359 5.180000 -0.780000
v -0.865000 7.800000 -0.760000
v -0.830359 5.180000 -0.820000
v -0.830359 7.800000 -0.780000
v -0.830359 7.800000 -0.820000
v -0.899641 5.180000 0.780000
v -0.865000 7.800000 0.760000
v -0.865000 5.180000 0.760000
v -0.899641 5.180000 0.820000
v -0.899641 7.800000 0.780000
v -0.865000 5.180000 0.840000
v -0.899641 7.800000 0.820000
v -0.830359 5.180000 0.820000
v -0.865000 7.800000 0.840000
v -0.830359 5.180000 0.780000
v -0.830359 7.800000 0.820000
v -0.830359 7.800000 0.780000
v 2.265718 5.180000 -0.040000
v 2.335000 5.850000 -0.080000
v 2.335000 5.180000 -0.080000
v 2.265718 5.180000 0.040000
v 2.265718 5.850000 -0.040000
v 2.335000 5.180000 0.080000
v 2.265718 5.850000 0.040000
v 2.404282 5.180000 0.040000
v 2.335000 5.850000 0.080000
v 2.404282 5.180000 -0.040000
v 2.404282 5.850000 0.040000
v 2.404282 5.850000 -0.040000
v 1.324378 5.180000 -0.035000
v 1.385000 5.720000 -0.070000
v 1.385000 5.180000 -0.070000
v 1.324378 5.180000 0.035000
v 1.324378 5.720000 -0.035000
v 1.385000 5.180000 0.070000
v 1.324378 5.720000 0.035000
v 1.445622 5.180000 0.035000
v 1.385000 5.720000 0.070000
v 1.445622 5.180000 -0.035000
v 1.445622 5.720000 0.035000
v 1.445622 5.720000 -0.035000
v -7.750000 0.774019 -0.800000
v -7.735000 0.800000 -1.300000
v -7.735000 0.800000 -0.800000
v -7.780000 0.774019 -0.800000
v -7.750000 0.774019 -1.300000
v -7.795001 0.800000 -0.800000
v -7.780000 0.774019 -1.300000
v -7.780000 0.825981 -0.800000
v -7.795001 0.800000 -1.300000
v -7.750000 0.825981 -0.800000
v -7.780000 0.825981 -1.300000
v -7.750000 0.825981 -1.300000
v -7.600000 1.154019 -0.800000
v -7.585000 1.180000 -1.300000
v -7.585000 1.180000 -0.800000
v -7.630000 1.154019 -0.800000
v -7.600000 1.154019 -1.300000
v -7.645000 1.180000 -0.800000
v -7.630000 1.154019 -1.300000
v -7.630000 1.205981 -0.800000
v -7.645000 1.180000 -1.300000
v -7.600000 1.205981 -0.800000
v -7.630000 1.205981 -1.300000
v -7.600000 1.205981 -1.300000
v -7.450000 1.534019 -0.800000
v -7.435000 1.560000 -1.300000
v -7.435000 1.560000 -0.800000
v -7.480000 1.534019 -0.800000
v -7.450000 1.534019 -1.300000
v -7.495000 1.560000 -0.800000
v -7.480000 1.534019 -1.300000
v -7.480000 1.585981 -0.800000
v -7.495000 1.560000 -1.300000
v -7.450000 1.585981 -0.800000
v -7.480000 1.585981 -1.300000
v -7.450000 1.585981 -1.300000
v -7.300000 1.914019 -0.800000
v -7.285000 1.940000 -1.300000
v -7.285000 1.940000 -0.800000
v -7.330000 1.914019 -0.800000
v -7.300000 1.914019 -1.300000
v -7.345000 1.940000 -0.800000
v -7.330000 1.914019 -1.300000
v -7.330000 1.965981 -0.800000
v -7.345000 1.940000 -1.300000
v -7.300000 1.965981 -0.800000
v -7.330000 1.965981 -1.300000
v -7.300000 1.965981 -1.300000
v -7.150000 2.294019 -0.800000
v -7.135000 2.320000 -1.300000
v -7.135000 2.320000 -0.800000
v -7.180000 2.294019 -0.800000
v -7.150000 2.294019 -1.300000
v -7.195000 2.320000 -0.800000
v -7.180000 2.294019 -1.300000
v -7.180000 2.345981 -0.800000
v -7.195000 2.320000 -1.300000
v -7.150000 2.345981 -0.800000
v -7.180000 2.345981 -1.300000
v -7.150000 2.345981 -1.300000
v -7.000000 2.674019 -0.800000
v -6.985000 2.700000 -1.300000
v -6.985000 2.700000 -0.800000
v -7.030000 2.674019 -0.800000
v -7.000000 2.674019 -1.300000
v -7.045001 2.700000 -0.800000
v -7.030000 2.674019 -1.300000
v -7.030000 2.725981 -0.800000
v -7.045001 2.700000 -1.300000
v -7.000000 2.725981 -0.800000
v -7.030000 2.725981 -1.300000
v -7.000000 2.725981 -1.300000
v -6.850000 3.054019 -0.800000
v -6.835000 3.080000 -1.300000
v -6.835000 3.080000 -0.800000
v -6.880000 3.054019 -0.800000
v -6.850000 3.054019 -1.300000
v -6.895000 3.080000 -0.800000
v -6.880000 3.054019 -1.300000
v -6.880000 3.105981 -0.800000
v -6.895000 3.080000 -1.300000
v -6.850000 3.105981 -0.800000
v -6.880000 3.105981 -1.300000
v -6.850000 3.105981 -1.300000
v -7.765000 0.720000 -0.845000
v -6.901564 3.173486 -0.822500
v -6.865000 3.160000 -0.845000
v -7.801564 0.733486 -0.777500
v -7.801564 0.733486 -0.822500
v -7.765000 0.720000 -0.755000
v -6.901564 3.173486 -0.777500
v -7.728437 0.706514 -0.777500
v -6.865000 3.160000 -0.755000
v -7.728437 0.706514 -0.822500
v -6.828437 3.146514 -0.777500
v -6.828437 3.146514 -0.822500
v -7.765000 0.720000 -1.345000
v -6.901564 3.173486 -1.322500
v -6.865000 3.160000 -1.345000
v -7.801564 0.733486 -1.277500
v -7.801564 0.733486 -1.322500
v -7.765000 0.720000 -1.255000
v -6.901564 3.173486 -1.277500
v -7.728437 0.706514 -1.277500
v -6.865000 3.160000 -1.255000
v -7.728437 0.706514 -1.322500
v -6.828437 3.146514 -1.277500
v -6.828437 3.146514 -1.322500
v 5.825000 0.871995 0.903258
v 5.935000 6.300000 0.793258
v 5.935000 0.871995 0.793258
v 5.935000 0.871995 1.013258
v 5.825000 6.300000 0.903258
v 6.045000 0.871995 0.903258
v 5.935000 6.300000 1.013258
v 6.045000 6.300000 0.903258
v 5.977682 6.200000 0.976765
v 6.555000 6.115000 0.543258
v 6.597682 6.200000 0.616765
v 5.935000 6.115000 0.903258
v 6.512318 6.200000 0.469751
v 5.935000 6.285000 0.903258
v 5.892318 6.200000 0.829751
v 6.555000 6.285000 0.543258
v 6.468397 6.140000 0.593258
v 6.555000 5.820000 0.643258
v 6.555000 6.140000 0.643258
v 6.468397 6.140000 0.493258
v 6.468397 5.820000 0.593258
v 6.555000 6.140000 0.443258
v 6.468397 5.820000 0.493258
v 6.641603 6.140000 0.493258
v 6.555000 5.820000 0.443258
v 6.641603 6.140000 0.593258
v 6.641603 5.820000 0.493258
v 6.641603 5.820000 0.593258
v 5.920375 6.000000 0.881761
v 3.756094 3.054862 2.401372
v 3.720375 3.070000 2.378503
v 5.928531 6.015138 0.923383
v 5.956094 5.984862 0.904630
v 3.728531 3.085138 2.420125
v 6.536390 6.096651 0.532012
v 7.635000 1.188753 0.240220
v 6.555000 6.098547 0.565210
v 7.653609 1.195009 0.207562
v 7.616390 1.186857 0.207022
v 6.573609 6.104802 0.532552
v -6.460000 4.100000 2.720000
v -6.415000 5.840000 2.675000
v -6.415000 4.100000 2.675000
v -6.415000 4.100000 2.765000
v -6.460000 5.840000 2.720000
v -6.370000 4.100000 2.720000
v -6.415000 5.840000 2.765000
v -6.370000 5.840000 2.720000
v -2.965000 -1.421890 0.075000
v -4.365000 -1.607843 0.075000
v -2.965000 -1.521890 0.075000
v -2.965000 -1.421890 -0.075000
v -4.365000 -1.607843 -0.075000
v -4.365000 -1.327843 -0.075000
v -2.965000 -1.521890 -0.075000
v -4.365000 -1.327843 0.075000
v -5.565000 -1.583995 0.075000
v -5.565000 -1.583995 -0.075000
v -5.565000 -1.223995 -0.075000
v -5.565000 -1.223995 0.075000
v -6.465000 -1.435024 0.075000
v -6.465000 -1.435024 -0.075000
v -6.465000 -1.135024 -0.075000
v -6.465000 -1.135024 0.075000
v -5.860618 -1.182286 -0.027500
v -7.815000 -1.315024 -0.055000
v -5.865000 -1.134856 -0.055000
v -5.860618 -1.182286 0.027500
v -7.810618 -1.362453 -0.027500
v -7.815000 -1.315024 0.055000
v -7.810618 -1.362453 0.027500
v -5.865000 -1.134856 0.055000
v -7.819382 -1.267594 0.027500
v -5.869382 -1.087427 -0.027500
v -5.869382 -1.087427 0.027500
v -7.819382 -1.267594 -0.027500
v -7.765000 -1.406948 -0.091924
v -8.025001 -1.315024 -0.130000
v -7.765000 -1.315024 -0.130000
v -7.765000 -1.445024 -0.000000
v -8.025001 -1.406948 -0.091924
v -7.765000 -1.406948 0.091924
v -8.025001 -1.445024 -0.000000
v -7.765000 -1.315024 0.130000
v -8.025001 -1.406948 0.091924
v -7.765000 -1.223100 0.091924
v -8.025001 -1.315024 0.130000
v -7.765000 -1.185024 0.000000
v -8.025001 -1.223100 0.091924
v -7.765000 -1.223100 -0.091924
v -8.025001 -1.185024 0.000000
v -8.025001 -1.223100 -0.091924
v -7.997000 -1.315024 -0.280000
v -7.877000 -1.315024 -0.120000
v -7.837000 -1.315024 -0.400000
v -7.853000 -1.315024 -0.120000
v -7.973001 -1.315024 -0.280000
v -7.813000 -1.315024 -0.400000
v -7.973001 -1.315024 -0.120000
v -7.997000 -1.315024 -0.120000
v -7.837000 -1.020575 0.110000
v -7.997000 -1.211101 0.060000
v -7.997000 -1.020575 0.230000
v -7.813000 -1.020575 0.110000
v -7.973001 -1.211101 0.060000
v -7.853000 -1.211101 0.060000
v -7.877000 -1.211101 0.060000
v -7.973001 -1.020575 0.230000
v -7.837000 -1.609472 0.110000
v -7.997000 -1.418947 0.060000
v -7.877000 -1.418947 0.060000
v -7.973001 -1.418947 0.060000
v -7.813000 -1.609472 0.110000
v -7.853000 -1.418947 0.060000
v -7.997000 -1.609472 0.230000
v -7.973001 -1.609472 0.230000
v -8.585000 -0.968327 0.055000
v -8.265000 -1.615024 0.055000
v -8.265000 -1.002497 0.055000
v -8.265000 -1.615024 -0.055000
v -8.585000 -0.968327 -0.055000
v -8.265000 -1.002497 -0.055000
v -8.585000 -1.655024 0.055000
v -8.865000 -1.555024 0.055000
v -8.865000 -1.555024 -0.055000
v -8.865000 -0.924767 -0.055000
v -8.585000 -1.655024 -0.055000
v -8.865000 -0.924767 0.055000
v 8.304731 2.311892 -0.757928
v 8.355000 2.665240 -0.884194
v 8.335000 2.305240 -0.774194
v 8.304731 2.322120 -0.724455
v 8.324731 2.671892 -0.867928
v 8.355000 2.685696 -0.817249
v 8.324731 2.682120 -0.834455
v 8.335000 2.325696 -0.707249
v 8.385268 2.679044 -0.833516
v 8.365269 2.319044 -0.723516
v 8.385268 2.668816 -0.866988
v 8.365269 2.308816 -0.756988
v 8.304731 2.322120 0.724455
v 8.355000 2.685696 0.817249
v 8.335000 2.325696 0.707249
v 8.324731 2.671892 0.867928
v 8.324731 2.682120 0.834455
v 8.304731 2.311892 0.757928
v 8.355000 2.665240 0.884194
v 8.335000 2.305240 0.774194
v 8.385268 2.668816 0.866988
v 8.365269 2.319044 0.723516
v 8.365269 2.308816 0.756988
v 8.385268 2.679044 0.833516
v 7.104732 2.039934 -1.570938
v 7.155000 2.393282 -1.697204
v 7.135000 2.033282 -1.587204
v 7.104732 2.050161 -1.537466
v 7.124732 2.399934 -1.680938
v 7.155000 2.413737 -1.630260
v 7.124732 2.410161 -1.647466
v 7.135000 2.053737 -1.520259
v 7.185268 2.407085 -1.646526
v 7.165268 2.047085 -1.536526
v 7.185268 2.396858 -1.679998
v 7.165268 2.036858 -1.569998
v 7.104732 2.050161 1.537466
v 7.155000 2.413737 1.630260
v 7.135000 2.053737 1.520259
v 7.124732 2.399934 1.680938
v 7.124732 2.410161 1.647466
v 7.104732 2.039934 1.570938
v 7.155000 2.393282 1.697204
v 7.135000 2.033282 1.587204
v 7.185268 2.396858 1.679998
v 7.165268 2.047085 1.536526
v 7.165268 2.036858 1.569998
v 7.185268 2.407085 1.646526
v 5.904732 1.866142 -2.183699
v 5.955000 2.219490 -2.309966
v 5.935000 1.859490 -2.199965
v 5.924732 2.236370 -2.260227
v 5.924732 2.226142 -2.293700
v 5.904732 1.876369 -2.150227
v 5.955000 2.239945 -2.243021
v 5.935000 1.879945 -2.133021
v 5.985268 2.233294 -2.259287
v 5.965268 1.863066 -2.182759
v 5.965268 1.873293 -2.149287
v 5.985268 2.223066 -2.292759
v 5.904732 1.876369 2.150227
v 5.955000 2.239945 2.243021
v 5.935000 1.879945 2.133021
v 5.904732 1.866142 2.183699
v 5.924732 2.236370 2.260227
v 5.955000 2.219490 2.309966
v 5.924732 2.226142 2.293700
v 5.935000 1.859490 2.199965
v 5.985268 2.223066 2.292759
v 5.965268 1.863066 2.182759
v 5.985268 2.233294 2.259287
v 5.965268 1.873293 2.149287
v 4.704731 1.741982 -2.634838
v 4.755000 2.095330 -2.761104
v 4.735000 1.735330 -2.651104
v 4.724731 2.112209 -2.711365
v 4.724731 2.101982 -2.744838
v 4.704731 1.752209 -2.601365
v 4.755000 2.115785 -2.694159
v 4.735000 1.755785 -2.584159
v 4.785268 2.109133 -2.710425
v 4.765268 1.738906 -2.633898
v 4.765268 1.749133 -2.600425
v 4.785268 2.098906 -2.743897
v 4.704731 1.752209 2.601365
v 4.755000 2.115785 2.694159
v 4.735000 1.755785 2.584159
v 4.704731 1.741982 2.634838
v 4.724731 2.112209 2.711365
v 4.755000 2.095330 2.761104
v 4.724731 2.101982 2.744838
v 4.735000 1.735330 2.651104
v 4.785268 2.098906 2.743897
v 4.765268 1.738906 2.633898
v 4.785268 2.109133 2.710425
v 4.765268 1.749133 2.600425
v 3.504732 1.652635 -2.910486
v 3.555000 2.005984 -3.036752
v 3.535000 1.645984 -2.926752
v 3.524732 2.022863 -2.987014
v 3.524732 2.012635 -3.020486
v 3.504732 1.662863 -2.877014
v 3.555000 2.026439 -2.969808
v 3.535000 1.666439 -2.859808
v 3.585268 2.019787 -2.986074
v 3.565268 1.649559 -2.909546
v 3.565268 1.659787 -2.876074
v 3.585268 2.009559 -3.019546
v 3.504732 1.662863 2.877014
v 3.555000 2.026439 2.969808
v 3.535000 1.666439 2.859808
v 3.504732 1.652635 2.910486
v 3.524732 2.022863 2.987014
v 3.555000 2.005984 3.036752
v 3.524732 2.012635 3.020486
v 3.535000 1.645984 2.926752
v 3.585268 2.009559 3.019546
v 3.565268 1.649559 2.909546
v 3.585268 2.019787 2.986074
v 3.565268 1.659787 2.876074
v 2.304732 1.593643 -3.073491
v 2.355000 1.946991 -3.199757
v 2.335000 1.586991 -3.089757
v 2.324732 1.963871 -3.150019
v 2.324732 1.953643 -3.183491
v 2.335000 1.607447 -3.022813
v 2.304732 1.603871 -3.040019
v 2.385268 1.960795 -3.149079
v 2.355000 1.967447 -3.132813
v 2.365268 1.590567 -3.072551
v 2.365268 1.600795 -3.039079
v 2.385268 1.950567 -3.182551
v 2.335000 1.607447 3.022813
v 2.324732 1.963871 3.150019
v 2.355000 1.967447 3.132813
v 2.304732 1.593643 3.073491
v 2.304732 1.603871 3.040019
v 2.355000 1.946991 3.199757
v 2.324732 1.953643 3.183491
v 2.365268 1.590567 3.072551
v 2.335000 1.586991 3.089757
v 2.385268 1.960795 3.149079
v 2.385268 1.950567 3.182551
v 2.365268 1.600795 3.039079
v 1.104732 1.560625 -3.143438
v 1.155000 1.913973 -3.269704
v 1.135000 1.553973 -3.159704
v 1.124732 1.930853 -3.219965
v 1.124732 1.920625 -3.253438
v 1.135000 1.574429 -3.092759
v 1.104732 1.570853 -3.109965
v 1.185268 1.927777 -3.219025
v 1.155000 1.934429 -3.202759
v 1.165268 1.557549 -3.142498
v 1.165268 1.567777 -3.109025
v 1.185268 1.917549 -3.252498
v 1.135000 1.574429 3.092759
v 1.124732 1.930853 3.219965
v 1.155000 1.934429 3.202759
v 1.104732 1.560625 3.143438
v 1.104732 1.570853 3.109965
v 1.155000 1.913973 3.269704
v 1.124732 1.920625 3.253438
v 1.165268 1.557549 3.142498
v 1.135000 1.553973 3.159704
v 1.185268 1.927777 3.219025
v 1.185268 1.917549 3.252498
v 1.165268 1.567777 3.109025
v -0.095268 1.526873 -3.173591
v -0.045000 1.880221 -3.299857
v -0.065000 1.520221 -3.189857
v -0.075268 1.897101 -3.250119
v -0.075268 1.886873 -3.283591
v -0.065000 1.540677 -3.122913
v -0.095268 1.537101 -3.140119
v -0.014732 1.894025 -3.249179
v -0.045000 1.900677 -3.232913
v -0.034732 1.523797 -3.172651
v -0.034732 1.534025 -3.139179
v -0.014732 1.883797 -3.282651
v -0.065000 1.540677 3.122913
v -0.075268 1.897101 3.250119
v -0.045000 1.900677 3.232913
v -0.095268 1.526873 3.173591
v -0.095268 1.537101 3.140119
v -0.045000 1.880221 3.299857
v -0.075268 1.886873 3.283591
v -0.034732 1.523797 3.172651
v -0.065000 1.520221 3.189857
v -0.014732 1.894025 3.249179
v -0.014732 1.883797 3.282651
v -0.034732 1.534025 3.139179
v -1.295268 1.499257 -3.169193
v -1.245000 1.852605 -3.295459
v -1.265000 1.492605 -3.185459
v -1.275268 1.869484 -3.245720
v -1.275268 1.859257 -3.279192
v -1.265000 1.513060 -3.118514
v -1.295268 1.509484 -3.135720
v -1.214732 1.866408 -3.244780
v -1.245000 1.873060 -3.228514
v -1.234732 1.496181 -3.168252
v -1.234732 1.506408 -3.134780
v -1.214732 1.856181 -3.278252
v -1.265000 1.513060 3.118514
v -1.275268 1.869484 3.245720
v -1.245000 1.873060 3.228514
v -1.295268 1.499257 3.169193
v -1.295268 1.509484 3.135720
v -1.245000 1.852605 3.295459
v -1.275268 1.859257 3.279192
v -1.234732 1.496181 3.168252
v -1.265000 1.492605 3.185459
v -1.214732 1.866408 3.244780
v -1.214732 1.856181 3.278252
v -1.234732 1.506408 3.134780
v -2.495268 1.479835 -3.138996
v -2.445000 1.833183 -3.265262
v -2.465000 1.473183 -3.155262
v -2.475268 1.850062 -3.215523
v -2.475268 1.839835 -3.248996
v -2.465000 1.493638 -3.088317
v -2.495268 1.490062 -3.105524
v -2.414732 1.846986 -3.214583
v -2.445000 1.853638 -3.198317
v -2.434732 1.476759 -3.138056
v -2.434732 1.486986 -3.104584
v -2.414732 1.836759 -3.248056
v -2.465000 1.493638 3.088317
v -2.475268 1.850062 3.215523
v -2.445000 1.853638 3.198317
v -2.495268 1.479835 3.138996
v -2.495268 1.490062 3.105524
v -2.445000 1.833183 3.265262
v -2.475268 1.839835 3.248996
v -2.434732 1.476759 3.138056
v -2.465000 1.473183 3.155262
v -2.414732 1.846986 3.214583
v -2.414732 1.836759 3.248056
v -2.434732 1.486986 3.104584
v -3.695268 1.473269 -3.088645
v -3.645000 1.826617 -3.214911
v -3.665000 1.466617 -3.104911
v -3.675268 1.843496 -3.165172
v -3.675268 1.833269 -3.198645
v -3.665000 1.487072 -3.037966
v -3.695268 1.483496 -3.055172
v -3.614732 1.840420 -3.164232
v -3.645000 1.847072 -3.147966
v -3.634732 1.470193 -3.087704
v -3.634732 1.480420 -3.054232
v -3.614732 1.830193 -3.197705
v -3.665000 1.487072 3.037966
v -3.675268 1.843496 3.165172
v -3.645000 1.847072 3.147966
v -3.695268 1.473269 3.088645
v -3.695268 1.483496 3.055172
v -3.645000 1.826617 3.214911
v -3.675268 1.833269 3.198645
v -3.634732 1.470193 3.087704
v -3.665000 1.466617 3.104911
v -3.614732 1.840420 3.164232
v -3.614732 1.830193 3.197705
v -3.634732 1.480420 3.054232
v -4.895268 1.477305 -3.027290
v -4.845000 1.830653 -3.153557
v -4.865000 1.470653 -3.043556
v -4.875268 1.847532 -3.103818
v -4.875268 1.837305 -3.137290
v -4.865000 1.491108 -2.976612
v -4.895268 1.487532 -2.993818
v -4.814732 1.844456 -3.102878
v -4.845000 1.851108 -3.086612
v -4.834732 1.474229 -3.026350
v -4.834732 1.484456 -2.992878
v -4.814732 1.834229 -3.136350
v -4.865000 1.491108 2.976612
v -4.875268 1.847532 3.103818
v -4.845000 1.851108 3.086612
v -4.895268 1.477305 3.027290
v -4.895268 1.487532 2.993818
v -4.845000 1.830653 3.153557
v -4.875268 1.837305 3.137290
v -4.834732 1.474229 3.026350
v -4.865000 1.470653 3.043556
v -4.814732 1.844456 3.102878
v -4.814732 1.834229 3.136350
v -4.834732 1.484456 2.992878
v -6.095268 1.489309 -2.969084
v -6.045000 1.842657 -3.095350
v -6.065000 1.482657 -2.985350
v -6.075268 1.859536 -3.045612
v -6.075268 1.849309 -3.079084
v -6.065000 1.503112 -2.918406
v -6.095268 1.499536 -2.935612
v -6.014732 1.856460 -3.044672
v -6.045000 1.863112 -3.028406
v -6.034732 1.486233 -2.968144
v -6.034732 1.496460 -2.934672
v -6.014732 1.846233 -3.078144
v -6.065000 1.503112 2.918406
v -6.075268 1.859536 3.045612
v -6.045000 1.863112 3.028406
v -6.095268 1.489309 2.969084
v -6.095268 1.499536 2.935612
v -6.045000 1.842657 3.095350
v -6.075268 1.849309 3.079084
v -6.034732 1.486233 2.968144
v -6.065000 1.482657 2.985350
v -6.014732 1.856460 3.044672
v -6.014732 1.846233 3.078144
v -6.034732 1.496460 2.934672
v -7.295269 1.506717 -2.909104
v -7.245000 1.860065 -3.035370
v -7.265000 1.500065 -2.925370
v -7.275269 1.876945 -2.985631
v -7.275269 1.866717 -3.019104
v -7.265000 1.520520 -2.858425
v -7.295269 1.516945 -2.875632
v -7.214732 1.873869 -2.984691
v -7.245000 1.880520 -2.968425
v -7.234732 1.503641 -2.908164
v -7.234732 1.513869 -2.874691
v -7.214732 1.863641 -3.018164
v -7.265000 1.520520 2.858425
v -7.275269 1.876945 2.985631
v -7.245000 1.880520 2.968425
v -7.295269 1.506717 2.909104
v -7.295269 1.516945 2.875632
v -7.245000 1.860065 3.035370
v -7.275269 1.866717 3.019104
v -7.234732 1.503641 2.908164
v -7.265000 1.500065 2.925370
v -7.214732 1.873869 2.984691
v -7.214732 1.863641 3.018164
v -7.234732 1.513869 2.874691
v -8.495269 1.525881 -2.852097
v -8.445000 1.879229 -2.978363
v -8.465000 1.519229 -2.868363
v -8.495269 1.536108 -2.818624
v -8.475268 1.885881 -2.962097
v -8.445000 1.899684 -2.911418
v -8.475268 1.896109 -2.928624
v -8.465000 1.539684 -2.801418
v -8.414731 1.893032 -2.927684
v -8.434731 1.533032 -2.817684
v -8.414731 1.882805 -2.961157
v -8.434731 1.522805 -2.851156
v -8.495269 1.536108 2.818624
v -8.445000 1.899684 2.911418
v -8.465000 1.539684 2.801418
v -8.475268 1.885881 2.962097
v -8.475268 1.896109 2.928624
v -8.495269 1.525881 2.852097
v -8.445000 1.879229 2.978363
v -8.465000 1.519229 2.868363
v -8.414731 1.882805 2.961157
v -8.434731 1.533032 2.817684
v -8.434731 1.522805 2.851156
v -8.414731 1.893032 2.927684
vt 0.054440 0.578671
vt 0.054682 0.564529
vt 0.054682 0.578640
vt 0.105554 0.578898
vt 0.105832 0.564529
vt 0.105832 0.578899
vt 0.023315 0.578778
vt 0.023560 0.564549
vt 0.023560 0.578798
vt 0.023055 0.578795
vt 0.023315 0.564529
vt 0.136485 0.578899
vt 0.136761 0.564529
vt 0.136761 0.578898
vt 0.054945 0.564553
vt 0.054945 0.578664
vt 0.886274 0.631393
vt 0.886021 0.631247
vt 0.886021 0.630955
vt 0.886021 0.725583
vt 0.886274 0.725437
vt 0.886527 0.725874
vt 0.070132 0.578671
vt 0.070374 0.564529
vt 0.070374 0.578640
vt 0.121020 0.578898
vt 0.121298 0.564529
vt 0.121298 0.578899
vt 0.039008 0.578778
vt 0.039253 0.564549
vt 0.039253 0.578798
vt 0.038748 0.578795
vt 0.039008 0.564529
vt 0.151949 0.578899
vt 0.152225 0.564529
vt 0.152225 0.578898
vt 0.070637 0.564553
vt 0.070637 0.578664
vt 0.886527 0.552390
vt 0.886274 0.552536
vt 0.886021 0.552390
vt 0.886274 0.804293
vt 0.886527 0.804439
vt 0.886274 0.804877
vt 0.427607 0.576667
vt 0.427849 0.564529
vt 0.427849 0.576636
vt 0.579613 0.044205
vt 0.579892 0.031876
vt 0.579892 0.044205
vt 0.302327 0.576755
vt 0.302572 0.564549
vt 0.302572 0.576775
vt 0.302067 0.576772
vt 0.302327 0.564529
vt 0.579613 0.346895
vt 0.579889 0.334565
vt 0.579889 0.346894
vt 0.428112 0.564553
vt 0.428112 0.576660
vt 0.886274 0.615621
vt 0.886021 0.615475
vt 0.886021 0.615183
vt 0.886274 0.756979
vt 0.886527 0.757125
vt 0.886274 0.757563
vt 0.853010 0.270246
vt 0.853252 0.267769
vt 0.853252 0.270211
vt 0.476512 0.866752
vt 0.476234 0.864254
vt 0.476512 0.864253
vt 0.853270 0.217206
vt 0.853515 0.214739
vt 0.853515 0.217223
vt 0.853010 0.214736
vt 0.853270 0.214722
vt 0.507163 0.866752
vt 0.507439 0.864254
vt 0.507439 0.866752
vt 0.853515 0.270238
vt 0.853515 0.267796
vt 0.886274 0.662351
vt 0.886527 0.662790
vt 0.886021 0.662789
vt 0.886274 0.867378
vt 0.886527 0.867524
vt 0.886527 0.867816
vt 0.443299 0.576667
vt 0.443541 0.564529
vt 0.443541 0.576636
vt 0.579613 0.071722
vt 0.579892 0.059393
vt 0.579892 0.071722
vt 0.318019 0.576755
vt 0.318265 0.564549
vt 0.318265 0.576775
vt 0.317760 0.576772
vt 0.318019 0.564529
vt 0.579613 0.456963
vt 0.579889 0.444633
vt 0.579889 0.456963
vt 0.443804 0.564553
vt 0.443804 0.576660
vt 0.886527 0.568161
vt 0.886274 0.568307
vt 0.886021 0.568161
vt 0.886274 0.772750
vt 0.886527 0.772896
vt 0.886274 0.773334
vt 0.853252 0.252555
vt 0.853010 0.250118
vt 0.853252 0.250091
vt 0.460769 0.866751
vt 0.461047 0.864254
vt 0.461047 0.866752
vt 0.853515 0.234904
vt 0.853270 0.232410
vt 0.853515 0.232435
vt 0.853010 0.234900
vt 0.853270 0.234880
vt 0.491976 0.866752
vt 0.491700 0.864254
vt 0.491976 0.864253
vt 0.853515 0.250112
vt 0.853515 0.252576
vt 0.886021 0.678561
vt 0.886021 0.678269
vt 0.886274 0.678123
vt 0.886021 0.851752
vt 0.886274 0.851607
vt 0.886527 0.851753
vt 0.506067 0.576667
vt 0.506308 0.564529
vt 0.506308 0.576636
vt 0.579613 0.099239
vt 0.579892 0.086910
vt 0.579892 0.099240
vt 0.333712 0.576755
vt 0.333957 0.564549
vt 0.333957 0.576775
vt 0.333452 0.576772
vt 0.333712 0.564529
vt 0.579613 0.374412
vt 0.579889 0.362082
vt 0.579889 0.374412
vt 0.506571 0.564553
vt 0.506571 0.576660
vt 0.886527 0.583932
vt 0.886274 0.584078
vt 0.886021 0.583932
vt 0.886021 0.741354
vt 0.886274 0.741208
vt 0.886527 0.741646
vt 0.183099 0.848826
vt 0.182895 0.845809
vt 0.183099 0.845780
vt 0.853010 0.114858
vt 0.853302 0.111965
vt 0.853302 0.114852
vt 0.230221 0.848821
vt 0.230420 0.845812
vt 0.230420 0.848853
vt 0.229936 0.848831
vt 0.230221 0.845780
vt 0.600982 0.866679
vt 0.601273 0.864253
vt 0.601273 0.866662
vt 0.183382 0.848836
vt 0.183382 0.845790
vt 0.672948 0.899642
vt 0.672948 0.899934
vt 0.672724 0.900079
vt 0.751249 0.899604
vt 0.751249 0.899869
vt 0.751002 0.900025
vt 0.458991 0.576667
vt 0.459233 0.564529
vt 0.459233 0.576636
vt 0.579613 0.126757
vt 0.579892 0.114427
vt 0.579892 0.126757
vt 0.349404 0.576755
vt 0.349650 0.564549
vt 0.349650 0.576775
vt 0.349145 0.576772
vt 0.349404 0.564529
vt 0.579613 0.401929
vt 0.579889 0.389599
vt 0.579889 0.401929
vt 0.459496 0.564553
vt 0.459496 0.576660
vt 0.886021 0.536618
vt 0.886021 0.536326
vt 0.886274 0.536180
vt 0.886527 0.694040
vt 0.886527 0.694332
vt 0.886021 0.694332
vt 0.245892 0.848852
vt 0.245607 0.845802
vt 0.245892 0.845812
vt 0.853010 0.063112
vt 0.853301 0.060172
vt 0.853301 0.063119
vt 0.198773 0.848853
vt 0.199056 0.845799
vt 0.199056 0.848843
vt 0.198569 0.848823
vt 0.198773 0.845810
vt 0.413326 0.866771
vt 0.413618 0.864263
vt 0.413618 0.866782
vt 0.246091 0.848820
vt 0.246091 0.845780
vt 0.735078 0.899654
vt 0.735323 0.899495
vt 0.735568 0.899603
vt 0.719644 0.900026
vt 0.719398 0.899870
vt 0.719644 0.899495
vt 0.474683 0.576667
vt 0.474925 0.564529
vt 0.474925 0.576636
vt 0.579613 0.154274
vt 0.579892 0.141945
vt 0.579892 0.154274
vt 0.365097 0.576755
vt 0.365342 0.564549
vt 0.365342 0.576775
vt 0.364837 0.576772
vt 0.365097 0.564529
vt 0.579613 0.429446
vt 0.579889 0.417116
vt 0.579889 0.429446
vt 0.475187 0.564553
vt 0.475187 0.576660
vt 0.886021 0.505075
vt 0.886021 0.504783
vt 0.886274 0.504637
vt 0.886021 0.709812
vt 0.886274 0.709665
vt 0.886527 0.710103
vt 0.835804 0.803330
vt 0.836008 0.800042
vt 0.836008 0.803300
vt 0.805820 0.848858
vt 0.806111 0.845780
vt 0.806111 0.848852
vt 0.023553 0.849032
vt 0.023752 0.845812
vt 0.023752 0.849065
vt 0.023268 0.849042
vt 0.023553 0.845780
vt 0.853010 0.478936
vt 0.853301 0.476371
vt 0.853301 0.478919
vt 0.836291 0.800052
vt 0.836291 0.803310
vt 0.766923 0.899868
vt 0.766679 0.900029
vt 0.766436 0.899923
vt 0.704210 0.899637
vt 0.704210 0.899929
vt 0.703767 0.899937
vt 0.490375 0.576667
vt 0.490616 0.564529
vt 0.490616 0.576636
vt 0.579613 0.181791
vt 0.579892 0.169462
vt 0.579892 0.181791
vt 0.380790 0.576755
vt 0.381035 0.564549
vt 0.381035 0.576775
vt 0.380530 0.576772
vt 0.380790 0.564529
vt 0.579613 0.291860
vt 0.579889 0.279531
vt 0.579889 0.291860
vt 0.490879 0.564553
vt 0.490879 0.576660
vt 0.886527 0.520847
vt 0.886274 0.520993
vt 0.886021 0.520847
vt 0.886274 0.788522
vt 0.886527 0.788668
vt 0.886274 0.789105
vt 0.038940 0.849054
vt 0.039224 0.845813
vt 0.039224 0.849064
vt 0.559525 0.848918
vt 0.559817 0.845786
vt 0.559817 0.848925
vt 0.007798 0.849066
vt 0.008081 0.845800
vt 0.008081 0.849055
vt 0.007594 0.849035
vt 0.007798 0.845811
vt 0.853010 0.304982
vt 0.853302 0.302325
vt 0.853302 0.304992
vt 0.039424 0.845780
vt 0.039424 0.849031
vt 0.688135 0.899935
vt 0.688135 0.899643
vt 0.688357 0.899495
vt 0.782110 0.899658
vt 0.782353 0.899495
vt 0.782595 0.899869
vt 0.521758 0.576667
vt 0.522000 0.564529
vt 0.522000 0.576636
vt 0.579613 0.209308
vt 0.579892 0.196979
vt 0.579892 0.209309
vt 0.396482 0.576755
vt 0.396727 0.564549
vt 0.396727 0.576775
vt 0.396222 0.576772
vt 0.396482 0.564529
vt 0.579613 0.264343
vt 0.579889 0.252013
vt 0.579889 0.264343
vt 0.522263 0.564553
vt 0.522263 0.576660
vt 0.886527 0.647018
vt 0.886274 0.647164
vt 0.886021 0.647018
vt 0.886274 0.820064
vt 0.886527 0.820210
vt 0.886274 0.820648
vt 0.135353 0.848886
vt 0.135140 0.845780
vt 0.135353 0.845801
vt 0.135140 0.848864
vt 0.134861 0.845789
vt 0.214749 0.848792
vt 0.214504 0.845818
vt 0.214749 0.845780
vt 0.214244 0.848798
vt 0.214504 0.848830
vt 0.821299 0.848861
vt 0.821577 0.845790
vt 0.821577 0.848871
vt 0.853010 0.408688
vt 0.853275 0.406127
vt 0.853275 0.408754
vt 0.547102 0.899941
vt 0.547102 0.899653
vt 0.547580 0.899625
vt 0.562768 0.899626
vt 0.563006 0.899495
vt 0.563244 0.899941
vt 0.537450 0.576667
vt 0.537692 0.564529
vt 0.537692 0.576636
vt 0.579613 0.236826
vt 0.579892 0.224497
vt 0.579892 0.236826
vt 0.412175 0.576755
vt 0.412420 0.564549
vt 0.412420 0.576775
vt 0.411915 0.576772
vt 0.412175 0.564529
vt 0.579613 0.319377
vt 0.579889 0.307048
vt 0.579889 0.319377
vt 0.537955 0.564553
vt 0.537955 0.576660
vt 0.886527 0.599704
vt 0.886274 0.599850
vt 0.886021 0.599704
vt 0.886274 0.835835
vt 0.886527 0.835981
vt 0.886274 0.836419
vt 0.167204 0.848831
vt 0.167445 0.845809
vt 0.167445 0.848861
vt 0.790352 0.848862
vt 0.790632 0.845789
vt 0.790632 0.848872
vt 0.853271 0.010314
vt 0.853515 0.007671
vt 0.853515 0.010391
vt 0.853010 0.007657
vt 0.853271 0.007594
vt 0.837042 0.848860
vt 0.836764 0.845790
vt 0.837042 0.845780
vt 0.167708 0.848838
vt 0.167708 0.845786
vt 0.594327 0.900068
vt 0.594088 0.899940
vt 0.594088 0.899654
vt 0.641628 0.899628
vt 0.641628 0.899900
vt 0.641123 0.899907
vt 0.713505 0.396090
vt 0.713604 0.391093
vt 0.713604 0.396090
vt 0.634345 0.770122
vt 0.634446 0.765168
vt 0.634446 0.770122
vt 0.038167 0.649059
vt 0.038266 0.644062
vt 0.038266 0.649059
vt 0.871237 0.915530
vt 0.871237 0.915631
vt 0.871149 0.915580
vt 0.695056 0.977067
vt 0.694968 0.977118
vt 0.694968 0.977017
vt 0.744078 0.517195
vt 0.744177 0.512199
vt 0.744177 0.517195
vt 0.359228 0.830592
vt 0.359329 0.825638
vt 0.359329 0.830592
vt 0.053454 0.649059
vt 0.053553 0.644062
vt 0.053553 0.649059
vt 0.145156 0.946440
vt 0.145156 0.946541
vt 0.145069 0.946490
vt 0.963510 0.282889
vt 0.963422 0.282838
vt 0.963510 0.282788
vt 0.713505 0.416274
vt 0.713604 0.411277
vt 0.713604 0.416274
vt 0.038171 0.810449
vt 0.038272 0.805495
vt 0.038272 0.810449
vt 0.068741 0.649059
vt 0.068840 0.644062
vt 0.068840 0.649059
vt 0.160431 0.946490
vt 0.160344 0.946541
vt 0.160344 0.946440
vt 0.496482 0.992356
vt 0.496394 0.992406
vt 0.496394 0.992305
vt 0.713505 0.436458
vt 0.713604 0.431462
vt 0.713604 0.436458
vt 0.053459 0.810449
vt 0.053560 0.805495
vt 0.053560 0.810449
vt 0.084027 0.689427
vt 0.084127 0.684430
vt 0.084127 0.689427
vt 0.948235 0.175768
vt 0.948235 0.175869
vt 0.948147 0.175818
vt 0.978785 0.817935
vt 0.978697 0.817986
vt 0.978697 0.817885
vt 0.744078 0.537380
vt 0.744177 0.532383
vt 0.744177 0.537379
vt 0.068747 0.810449
vt 0.068848 0.805495
vt 0.068848 0.810449
vt 0.084027 0.649059
vt 0.084127 0.644062
vt 0.084127 0.649059
vt 0.948235 0.665002
vt 0.948235 0.665103
vt 0.948147 0.665052
vt 0.511757 0.992356
vt 0.511669 0.992406
vt 0.511669 0.992305
vt 0.313328 0.709611
vt 0.313427 0.704614
vt 0.313427 0.709611
vt 0.007594 0.830592
vt 0.007695 0.825638
vt 0.007695 0.830592
vt 0.573202 0.669243
vt 0.573301 0.664246
vt 0.573301 0.669243
vt 0.948235 0.191056
vt 0.948235 0.191158
vt 0.948147 0.191107
vt 0.710331 0.977017
vt 0.710331 0.977118
vt 0.710243 0.977067
vt 0.713505 0.456643
vt 0.713604 0.451646
vt 0.713604 0.456643
vt 0.022882 0.830592
vt 0.022983 0.825638
vt 0.022983 0.830592
vt 0.588489 0.669243
vt 0.588588 0.664246
vt 0.588588 0.669243
vt 0.893544 0.931151
vt 0.893632 0.931202
vt 0.893544 0.931252
vt 0.963510 0.940296
vt 0.963422 0.940246
vt 0.963510 0.940195
vt 0.328614 0.709611
vt 0.328713 0.704614
vt 0.328713 0.709611
vt 0.038171 0.830592
vt 0.038272 0.825638
vt 0.038272 0.830592
vt 0.603775 0.669243
vt 0.603875 0.664246
vt 0.603875 0.669243
vt 0.908907 0.931202
vt 0.908819 0.931252
vt 0.908819 0.931151
vt 0.963510 0.955484
vt 0.963510 0.955585
vt 0.963422 0.955534
vt 0.713505 0.476827
vt 0.713604 0.471830
vt 0.713604 0.476827
vt 0.084036 0.810449
vt 0.084137 0.805495
vt 0.084137 0.810449
vt 0.698219 0.174064
vt 0.698318 0.169067
vt 0.698318 0.174064
vt 0.932960 0.007594
vt 0.932960 0.007695
vt 0.932872 0.007644
vt 0.465931 0.961728
vt 0.465931 0.961829
vt 0.465843 0.961779
vt 0.713505 0.497011
vt 0.713604 0.492014
vt 0.713604 0.497011
vt 0.099324 0.810449
vt 0.099425 0.805495
vt 0.099425 0.810449
vt 0.698219 0.194248
vt 0.698318 0.189251
vt 0.698318 0.194248
vt 0.175619 0.946440
vt 0.175706 0.946490
vt 0.175619 0.946541
vt 0.359007 0.992356
vt 0.358919 0.992406
vt 0.358919 0.992305
vt 0.713505 0.517195
vt 0.713604 0.512199
vt 0.713604 0.517195
vt 0.114613 0.810449
vt 0.114714 0.805495
vt 0.114714 0.810449
vt 0.099314 0.689427
vt 0.099413 0.684430
vt 0.099413 0.689427
vt 0.190981 0.946440
vt 0.190981 0.946541
vt 0.190894 0.946490
vt 0.978785 0.175767
vt 0.978785 0.175869
vt 0.978697 0.175818
vt 0.744078 0.557564
vt 0.744177 0.552567
vt 0.744177 0.557564
vt 0.129901 0.810449
vt 0.130002 0.805495
vt 0.130002 0.810449
vt 0.114601 0.689427
vt 0.114700 0.684430
vt 0.114700 0.689427
vt 0.206256 0.946440
vt 0.206256 0.946541
vt 0.206169 0.946490
vt 0.978785 0.833224
vt 0.978697 0.833274
vt 0.978697 0.833173
vt 0.713505 0.537380
vt 0.713604 0.532383
vt 0.713604 0.537379
vt 0.145190 0.810449
vt 0.145291 0.805495
vt 0.145291 0.810449
vt 0.099314 0.649059
vt 0.099413 0.644062
vt 0.099413 0.649059
vt 0.221531 0.946440
vt 0.221531 0.946541
vt 0.221444 0.946490
vt 0.374282 0.992356
vt 0.374194 0.992406
vt 0.374194 0.992305
vt 0.744078 0.577748
vt 0.744177 0.572751
vt 0.744177 0.577748
vt 0.160478 0.810449
vt 0.160579 0.805495
vt 0.160579 0.810449
vt 0.114601 0.649059
vt 0.114700 0.644062
vt 0.114700 0.649059
vt 0.932960 0.022882
vt 0.932960 0.022983
vt 0.932872 0.022933
vt 0.978785 0.848512
vt 0.978697 0.848563
vt 0.978697 0.848462
vt 0.744078 0.597932
vt 0.744177 0.592935
vt 0.744177 0.597932
vt 0.175767 0.810449
vt 0.175868 0.805495
vt 0.175868 0.810449
vt 0.129887 0.649059
vt 0.129987 0.644062
vt 0.129987 0.649059
vt 0.932960 0.038221
vt 0.932872 0.038272
vt 0.932872 0.038171
vt 0.978785 0.863801
vt 0.978697 0.863851
vt 0.978697 0.863750
vt 0.713505 0.557564
vt 0.713604 0.552567
vt 0.713604 0.557564
vt 0.191055 0.810449
vt 0.191156 0.805495
vt 0.191156 0.810449
vt 0.619062 0.669243
vt 0.619161 0.664246
vt 0.619161 0.669243
vt 0.932960 0.053510
vt 0.932872 0.053561
vt 0.932872 0.053459
vt 0.978785 0.879089
vt 0.978697 0.879140
vt 0.978697 0.879039
vt 0.713505 0.577748
vt 0.713604 0.572751
vt 0.713604 0.577748
vt 0.206343 0.810449
vt 0.206444 0.805495
vt 0.206444 0.810449
vt 0.634349 0.669243
vt 0.634448 0.664246
vt 0.634448 0.669243
vt 0.932872 0.068748
vt 0.932960 0.068799
vt 0.932872 0.068849
vt 0.978785 0.894378
vt 0.978697 0.894428
vt 0.978697 0.894327
vt 0.343900 0.709611
vt 0.343999 0.704614
vt 0.343999 0.709611
vt 0.221632 0.810449
vt 0.221733 0.805495
vt 0.221733 0.810449
vt 0.698219 0.214432
vt 0.698318 0.209435
vt 0.698318 0.214432
vt 0.236719 0.946440
vt 0.236806 0.946490
vt 0.236719 0.946541
vt 0.978785 0.191106
vt 0.978697 0.191157
vt 0.978697 0.191056
vt 0.359187 0.709611
vt 0.359285 0.704614
vt 0.359285 0.709611
vt 0.236920 0.810449
vt 0.237021 0.805495
vt 0.237021 0.810449
vt 0.649635 0.669243
vt 0.649735 0.664246
vt 0.649735 0.669243
vt 0.917597 0.909618
vt 0.917685 0.909669
vt 0.917597 0.909720
vt 0.978785 0.206395
vt 0.978697 0.206446
vt 0.978697 0.206344
vt 0.374473 0.709611
vt 0.374572 0.704614
vt 0.374572 0.709611
vt 0.282786 0.790306
vt 0.282887 0.785352
vt 0.282887 0.790307
vt 0.145174 0.649059
vt 0.145273 0.644062
vt 0.145273 0.649059
vt 0.917685 0.007644
vt 0.917597 0.007695
vt 0.917597 0.007594
vt 0.963510 0.298076
vt 0.963510 0.298177
vt 0.963422 0.298127
vt 0.744078 0.618116
vt 0.744177 0.613120
vt 0.744177 0.618116
vt 0.789939 0.173691
vt 0.790040 0.168737
vt 0.790040 0.173692
vt 0.129887 0.689427
vt 0.129987 0.684430
vt 0.129987 0.689427
vt 0.932960 0.084087
vt 0.932872 0.084138
vt 0.932872 0.084037
vt 0.481206 0.961829
vt 0.481118 0.961779
vt 0.481206 0.961728
vt 0.744078 0.638301
vt 0.744177 0.633304
vt 0.744177 0.638300
vt 0.789939 0.193834
vt 0.790040 0.188880
vt 0.790040 0.193834
vt 0.160461 0.649059
vt 0.160560 0.644062
vt 0.160560 0.649059
vt 0.252081 0.946440
vt 0.252081 0.946541
vt 0.251994 0.946490
vt 0.963510 0.313365
vt 0.963510 0.313466
vt 0.963422 0.313415
vt 0.713505 0.597932
vt 0.713604 0.592935
vt 0.713604 0.597932
vt 0.789939 0.213977
vt 0.790040 0.209023
vt 0.790040 0.213977
vt 0.175747 0.649059
vt 0.175847 0.644062
vt 0.175847 0.649059
vt 0.007594 0.931151
vt 0.007681 0.931202
vt 0.007594 0.931252
vt 0.496480 0.961829
vt 0.496393 0.961779
vt 0.496480 0.961728
vt 0.713505 0.618116
vt 0.713604 0.613120
vt 0.713604 0.618116
vt 0.789939 0.234119
vt 0.790040 0.229165
vt 0.790040 0.234120
vt 0.145174 0.689427
vt 0.145273 0.684430
vt 0.145273 0.689427
vt 0.917597 0.313365
vt 0.917685 0.313416
vt 0.917597 0.313466
vt 0.007681 0.977017
vt 0.007681 0.977118
vt 0.007594 0.977067
vt 0.713505 0.638301
vt 0.713604 0.633304
vt 0.713604 0.638300
vt 0.789939 0.254262
vt 0.790040 0.249308
vt 0.790040 0.254263
vt 0.698219 0.234616
vt 0.698318 0.229620
vt 0.698318 0.234616
vt 0.932960 0.099325
vt 0.932960 0.099426
vt 0.932873 0.099376
vt 0.022956 0.977017
vt 0.022956 0.977118
vt 0.022869 0.977067
vt 0.713505 0.658485
vt 0.713604 0.653488
vt 0.713604 0.658485
vt 0.789939 0.274405
vt 0.790040 0.269451
vt 0.790040 0.274406
vt 0.667645 0.012590
vt 0.667744 0.007594
vt 0.667744 0.012590
vt 0.022956 0.931151
vt 0.022956 0.931252
vt 0.022869 0.931202
vt 0.963510 0.328653
vt 0.963510 0.328754
vt 0.963422 0.328704
vt 0.713505 0.678669
vt 0.713604 0.673672
vt 0.713604 0.678669
vt 0.789939 0.294548
vt 0.790040 0.289594
vt 0.790040 0.294549
vt 0.698219 0.254800
vt 0.698318 0.249804
vt 0.698318 0.254800
vt 0.932960 0.114664
vt 0.932872 0.114715
vt 0.932872 0.114614
vt 0.963510 0.343942
vt 0.963510 0.344043
vt 0.963422 0.343992
vt 0.389759 0.709611
vt 0.389858 0.704614
vt 0.389858 0.709611
vt 0.789939 0.314691
vt 0.790040 0.309737
vt 0.790040 0.314691
vt 0.698219 0.274985
vt 0.698318 0.269988
vt 0.698318 0.274985
vt 0.267356 0.946490
vt 0.267269 0.946541
vt 0.267269 0.946440
vt 0.038231 0.977067
vt 0.038144 0.977118
vt 0.038144 0.977017
vt 0.405045 0.709611
vt 0.405144 0.704614
vt 0.405144 0.709611
vt 0.252209 0.810449
vt 0.252310 0.805495
vt 0.252310 0.810449
vt 0.667645 0.032775
vt 0.667745 0.027778
vt 0.667745 0.032775
vt 0.038144 0.931151
vt 0.038231 0.931202
vt 0.038144 0.931252
vt 0.053506 0.977017
vt 0.053506 0.977118
vt 0.053419 0.977067
vt 0.420331 0.709611
vt 0.420430 0.704614
vt 0.420430 0.709611
vt 0.789939 0.334834
vt 0.790040 0.329879
vt 0.790040 0.334834
vt 0.191034 0.649059
vt 0.191133 0.644062
vt 0.191133 0.649059
vt 0.932960 0.129953
vt 0.932872 0.130003
vt 0.932872 0.129902
vt 0.511755 0.961829
vt 0.511668 0.961779
vt 0.511755 0.961728
vt 0.713505 0.698853
vt 0.713604 0.693856
vt 0.713604 0.698853
vt 0.267497 0.810449
vt 0.267598 0.805495
vt 0.267598 0.810449
vt 0.206321 0.649059
vt 0.206420 0.644062
vt 0.206420 0.649059
vt 0.053419 0.931151
vt 0.053506 0.931201
vt 0.053419 0.931252
vt 0.527032 0.992356
vt 0.526944 0.992406
vt 0.526944 0.992305
vt 0.007594 0.729795
vt 0.007693 0.724799
vt 0.007693 0.729795
vt 0.282786 0.810449
vt 0.282887 0.805495
vt 0.282887 0.810449
vt 0.160461 0.689427
vt 0.160560 0.684430
vt 0.160560 0.689427
vt 0.932872 0.145191
vt 0.932960 0.145241
vt 0.932872 0.145292
vt 0.725606 0.977118
vt 0.725518 0.977067
vt 0.725606 0.977017
vt 0.744078 0.658485
vt 0.744177 0.653488
vt 0.744177 0.658485
vt 0.298074 0.810449
vt 0.298175 0.805495
vt 0.298175 0.810449
vt 0.175747 0.689427
vt 0.175847 0.684430
vt 0.175847 0.689427
vt 0.282631 0.946440
vt 0.282631 0.946541
vt 0.282544 0.946490
vt 0.978785 0.909666
vt 0.978697 0.909717
vt 0.978697 0.909616
vt 0.744078 0.678669
vt 0.744177 0.673672
vt 0.744177 0.678669
vt 0.313362 0.810449
vt 0.313464 0.805495
vt 0.313464 0.810449
vt 0.221608 0.649059
vt 0.221707 0.644062
vt 0.221707 0.649059
vt 0.932960 0.160530
vt 0.932872 0.160580
vt 0.932872 0.160479
vt 0.978785 0.924955
vt 0.978697 0.925005
vt 0.978697 0.924904
vt 0.022880 0.729795
vt 0.022979 0.724799
vt 0.022979 0.729795
vt 0.328651 0.810449
vt 0.328752 0.805495
vt 0.328752 0.810449
vt 0.698219 0.295169
vt 0.698318 0.290172
vt 0.698318 0.295169
vt 0.932960 0.175768
vt 0.932960 0.175869
vt 0.932872 0.175818
vt 0.527030 0.961829
vt 0.526943 0.961779
vt 0.527030 0.961728
vt 0.435618 0.709611
vt 0.435717 0.704614
vt 0.435717 0.709611
vt 0.343939 0.810449
vt 0.344040 0.805495
vt 0.344040 0.810449
vt 0.698219 0.315353
vt 0.698318 0.310356
vt 0.698318 0.315353
vt 0.068694 0.931151
vt 0.068781 0.931202
vt 0.068694 0.931252
vt 0.978785 0.940243
vt 0.978697 0.940294
vt 0.978697 0.940193
vt 0.450904 0.709611
vt 0.451003 0.704614
vt 0.451003 0.709611
vt 0.359228 0.810449
vt 0.359329 0.805495
vt 0.359329 0.810449
vt 0.667645 0.052959
vt 0.667744 0.047962
vt 0.667744 0.052959
vt 0.297906 0.946440
vt 0.297906 0.946541
vt 0.297819 0.946490
vt 0.978785 0.221684
vt 0.978697 0.221734
vt 0.978697 0.221633
vt 0.466190 0.709611
vt 0.466289 0.704614
vt 0.466289 0.709611
vt 0.374516 0.810449
vt 0.374617 0.805495
vt 0.374617 0.810449
vt 0.698219 0.335537
vt 0.698318 0.330540
vt 0.698318 0.335537
vt 0.932872 0.191056
vt 0.932960 0.191107
vt 0.932872 0.191158
vt 0.068781 0.977118
vt 0.068694 0.977067
vt 0.068781 0.977017
vt 0.038166 0.729795
vt 0.038265 0.724799
vt 0.038265 0.729795
vt 0.389805 0.810449
vt 0.389906 0.805495
vt 0.389906 0.810449
vt 0.191034 0.689427
vt 0.191133 0.684430
vt 0.191133 0.689427
vt 0.084056 0.931202
vt 0.083969 0.931252
vt 0.083969 0.931151
vt 0.084056 0.977118
vt 0.083969 0.977067
vt 0.084056 0.977017
vt 0.481476 0.709611
vt 0.481575 0.704614
vt 0.481575 0.709611
vt 0.405093 0.810449
vt 0.405194 0.805495
vt 0.405194 0.810449
vt 0.236894 0.649059
vt 0.236994 0.644062
vt 0.236994 0.649059
vt 0.932960 0.206345
vt 0.932960 0.206446
vt 0.932872 0.206396
vt 0.542305 0.961728
vt 0.542305 0.961829
vt 0.542218 0.961779
vt 0.053452 0.729795
vt 0.053551 0.724799
vt 0.053551 0.729795
vt 0.420382 0.810449
vt 0.420483 0.805495
vt 0.420483 0.810449
vt 0.252181 0.649059
vt 0.252280 0.644062
vt 0.252280 0.649059
vt 0.313181 0.946440
vt 0.313181 0.946541
vt 0.313094 0.946490
vt 0.978785 0.955532
vt 0.978697 0.955583
vt 0.978697 0.955482
vt 0.744078 0.698853
vt 0.744177 0.693856
vt 0.744177 0.698853
vt 0.435670 0.810449
vt 0.435771 0.805495
vt 0.435771 0.810449
vt 0.267468 0.649059
vt 0.267567 0.644062
vt 0.267567 0.649059
vt 0.099331 0.931151
vt 0.099331 0.931252
vt 0.099244 0.931202
vt 0.978785 0.236972
vt 0.978697 0.237023
vt 0.978697 0.236921
vt 0.744078 0.719037
vt 0.744177 0.714041
vt 0.744177 0.719037
vt 0.053459 0.830592
vt 0.053560 0.825638
vt 0.053560 0.830592
vt 0.206321 0.689427
vt 0.206420 0.684430
vt 0.206420 0.689427
vt 0.328456 0.946440
vt 0.328456 0.946541
vt 0.328369 0.946490
vt 0.978785 0.970820
vt 0.978697 0.970871
vt 0.978697 0.970770
vt 0.068739 0.729795
vt 0.068837 0.724799
vt 0.068837 0.729795
vt 0.068747 0.830592
vt 0.068848 0.825638
vt 0.068848 0.830592
vt 0.698219 0.355721
vt 0.698318 0.350725
vt 0.698318 0.355721
vt 0.932960 0.221634
vt 0.932960 0.221735
vt 0.932872 0.221684
vt 0.963510 0.359230
vt 0.963510 0.359332
vt 0.963422 0.359281
vt 0.084025 0.729795
vt 0.084124 0.724799
vt 0.084124 0.729795
vt 0.450958 0.810449
vt 0.451059 0.805495
vt 0.451059 0.810449
vt 0.698219 0.375905
vt 0.698318 0.370909
vt 0.698318 0.375905
vt 0.114606 0.931202
vt 0.114519 0.931252
vt 0.114519 0.931151
vt 0.963510 0.374620
vt 0.963422 0.374570
vt 0.963510 0.374519
vt 0.099311 0.729795
vt 0.099410 0.724799
vt 0.099410 0.729795
vt 0.466247 0.810449
vt 0.466348 0.805495
vt 0.466348 0.810449
vt 0.667645 0.073143
vt 0.667745 0.068146
vt 0.667745 0.073143
vt 0.932872 0.236922
vt 0.932960 0.236973
vt 0.932872 0.237023
vt 0.389557 0.992356
vt 0.389469 0.992406
vt 0.389469 0.992305
vt 0.496763 0.709611
vt 0.496861 0.704614
vt 0.496861 0.709611
vt 0.789939 0.354976
vt 0.790040 0.350022
vt 0.790040 0.354977
vt 0.667645 0.093327
vt 0.667744 0.088330
vt 0.667744 0.093327
vt 0.932960 0.252211
vt 0.932960 0.252312
vt 0.932872 0.252261
vt 0.740881 0.977067
vt 0.740793 0.977118
vt 0.740793 0.977017
vt 0.512049 0.709611
vt 0.512148 0.704614
vt 0.512148 0.709611
vt 0.789939 0.375119
vt 0.790040 0.370165
vt 0.790040 0.375120
vt 0.635229 0.324980
vt 0.635329 0.319983
vt 0.635329 0.324980
vt 0.932960 0.267499
vt 0.932960 0.267600
vt 0.932872 0.267550
vt 0.099331 0.977017
vt 0.099331 0.977118
vt 0.099244 0.977067
vt 0.114597 0.729795
vt 0.114696 0.724799
vt 0.114696 0.729795
vt 0.789939 0.395262
vt 0.790040 0.390308
vt 0.790040 0.395263
vt 0.221608 0.689427
vt 0.221707 0.684430
vt 0.221707 0.689427
vt 0.129794 0.931151
vt 0.129881 0.931202
vt 0.129794 0.931252
vt 0.963510 0.389909
vt 0.963422 0.389858
vt 0.963510 0.389808
vt 0.527335 0.709611
vt 0.527434 0.704614
vt 0.527434 0.709611
vt 0.789939 0.415405
vt 0.790040 0.410451
vt 0.790040 0.415405
vt 0.236894 0.689427
vt 0.236994 0.684430
vt 0.236994 0.689427
vt 0.932960 0.282788
vt 0.932960 0.282889
vt 0.932872 0.282838
vt 0.978785 0.252261
vt 0.978697 0.252311
vt 0.978697 0.252210
vt 0.129884 0.729795
vt 0.129982 0.724799
vt 0.129982 0.729795
vt 0.789939 0.435548
vt 0.790040 0.430594
vt 0.790040 0.435548
vt 0.282754 0.649059
vt 0.282854 0.644062
vt 0.282854 0.649059
vt 0.932872 0.298076
vt 0.932960 0.298127
vt 0.932872 0.298178
vt 0.114606 0.977017
vt 0.114606 0.977118
vt 0.114519 0.977067
vt 0.145170 0.729795
vt 0.145269 0.724799
vt 0.145269 0.729795
vt 0.789939 0.455690
vt 0.790040 0.450736
vt 0.790040 0.455691
vt 0.252181 0.689427
vt 0.252280 0.684430
vt 0.252280 0.689427
vt 0.343731 0.946440
vt 0.343731 0.946541
vt 0.343644 0.946490
vt 0.756156 0.977067
vt 0.756068 0.977118
vt 0.756068 0.977017
vt 0.007594 0.749980
vt 0.007693 0.744983
vt 0.007693 0.749980
vt 0.789939 0.475833
vt 0.790040 0.470879
vt 0.790040 0.475834
vt 0.298041 0.649059
vt 0.298140 0.644062
vt 0.298140 0.649059
vt 0.359006 0.946440
vt 0.359006 0.946541
vt 0.358919 0.946490
vt 0.771431 0.977067
vt 0.771343 0.977118
vt 0.771343 0.977017
vt 0.160456 0.729795
vt 0.160555 0.724799
vt 0.160555 0.729795
vt 0.789939 0.495976
vt 0.790040 0.491022
vt 0.790040 0.495977
vt 0.698219 0.396090
vt 0.698318 0.391093
vt 0.698318 0.396090
vt 0.145069 0.931151
vt 0.145156 0.931202
vt 0.145069 0.931252
vt 0.786706 0.977067
vt 0.786618 0.977118
vt 0.786618 0.977017
vt 0.542621 0.709611
vt 0.542720 0.704614
vt 0.542720 0.709611
vt 0.789939 0.516119
vt 0.790040 0.511165
vt 0.790040 0.516120
vt 0.698219 0.416274
vt 0.698318 0.411277
vt 0.698318 0.416274
vt 0.917597 0.328654
vt 0.917685 0.328704
vt 0.917597 0.328755
vt 0.963510 0.405096
vt 0.963510 0.405197
vt 0.963422 0.405147
vt 0.175742 0.729795
vt 0.175841 0.724799
vt 0.175841 0.729795
vt 0.481535 0.810449
vt 0.481636 0.805495
vt 0.481636 0.810449
vt 0.698219 0.436458
vt 0.698318 0.431461
vt 0.698318 0.436458
vt 0.917685 0.343993
vt 0.917597 0.344043
vt 0.917597 0.343942
vt 0.129881 0.977017
vt 0.129881 0.977118
vt 0.129794 0.977067
vt 0.191029 0.729795
vt 0.191127 0.724799
vt 0.191127 0.729795
vt 0.496824 0.810449
vt 0.496925 0.805495
vt 0.496925 0.810449
vt 0.667645 0.113511
vt 0.667745 0.108515
vt 0.667745 0.113511
vt 0.374281 0.946440
vt 0.374281 0.946541
vt 0.374194 0.946490
vt 0.963510 0.420486
vt 0.963422 0.420435
vt 0.963510 0.420385
vt 0.557907 0.709611
vt 0.558006 0.704614
vt 0.558006 0.709611
vt 0.512112 0.810449
vt 0.512213 0.805495
vt 0.512213 0.810449
vt 0.313328 0.649059
vt 0.313427 0.644062
vt 0.313427 0.649059
vt 0.948235 0.206345
vt 0.948235 0.206446
vt 0.948147 0.206396
vt 0.007681 0.992356
vt 0.007594 0.992406
vt 0.007594 0.992305
vt 0.573194 0.709611
vt 0.573292 0.704614
vt 0.573292 0.709611
vt 0.527401 0.810449
vt 0.527502 0.805495
vt 0.527502 0.810449
vt 0.267468 0.689427
vt 0.267567 0.684430
vt 0.267567 0.689427
vt 0.948235 0.221633
vt 0.948235 0.221735
vt 0.948147 0.221684
vt 0.978785 0.267549
vt 0.978697 0.267600
vt 0.978697 0.267499
vt 0.588480 0.709611
vt 0.588579 0.704614
vt 0.588579 0.709611
vt 0.542689 0.810449
vt 0.542790 0.805495
vt 0.542790 0.810449
vt 0.282754 0.689427
vt 0.282854 0.684430
vt 0.282854 0.689427
vt 0.932873 0.313365
vt 0.932960 0.313416
vt 0.932873 0.313466
vt 0.404832 0.992356
vt 0.404744 0.992406
vt 0.404744 0.992305
vt 0.022880 0.749980
vt 0.022979 0.744983
vt 0.022979 0.749980
vt 0.557978 0.810449
vt 0.558079 0.805495
vt 0.558079 0.810449
vt 0.298041 0.689427
vt 0.298140 0.684430
vt 0.298140 0.689427
vt 0.932960 0.328653
vt 0.932960 0.328755
vt 0.932872 0.328704
vt 0.801981 0.977118
vt 0.801894 0.977067
vt 0.801981 0.977017
vt 0.038166 0.749980
vt 0.038265 0.744983
vt 0.038265 0.749980
vt 0.573266 0.810449
vt 0.573367 0.805495
vt 0.573367 0.810449
vt 0.328615 0.649059
vt 0.328714 0.644062
vt 0.328714 0.649059
vt 0.948235 0.236922
vt 0.948235 0.237023
vt 0.948147 0.236973
vt 0.963510 0.435774
vt 0.963422 0.435724
vt 0.963510 0.435673
vt 0.053452 0.749980
vt 0.053551 0.744983
vt 0.053551 0.749980
vt 0.588554 0.810449
vt 0.588655 0.805495
vt 0.588655 0.810449
vt 0.698219 0.456642
vt 0.698318 0.451645
vt 0.698318 0.456642
vt 0.389556 0.946440
vt 0.389556 0.946541
vt 0.389469 0.946490
vt 0.557580 0.961728
vt 0.557580 0.961829
vt 0.557493 0.961779
vt 0.068739 0.749980
vt 0.068837 0.744983
vt 0.068837 0.749980
vt 0.603843 0.810449
vt 0.603944 0.805495
vt 0.603944 0.810449
vt 0.667645 0.133695
vt 0.667744 0.128699
vt 0.667744 0.133695
vt 0.404831 0.946490
vt 0.404744 0.946541
vt 0.404744 0.946440
vt 0.572855 0.961829
vt 0.572768 0.961779
vt 0.572855 0.961728
vt 0.603766 0.709611
vt 0.603865 0.704614
vt 0.603865 0.709611
vt 0.619131 0.810449
vt 0.619232 0.805495
vt 0.619232 0.810449
vt 0.698219 0.476826
vt 0.698318 0.471830
vt 0.698318 0.476826
vt 0.948235 0.252211
vt 0.948235 0.252312
vt 0.948147 0.252261
vt 0.420107 0.992356
vt 0.420019 0.992406
vt 0.420019 0.992305
vt 0.206315 0.729795
vt 0.206414 0.724799
vt 0.206414 0.729795
vt 0.634420 0.810449
vt 0.634521 0.805495
vt 0.634521 0.810449
vt 0.698219 0.497010
vt 0.698318 0.492014
vt 0.698318 0.497010
vt 0.420107 0.946440
vt 0.420107 0.946541
vt 0.420019 0.946490
vt 0.022956 0.992356
vt 0.022869 0.992406
vt 0.022869 0.992305
vt 0.221601 0.729795
vt 0.221700 0.724799
vt 0.221700 0.729795
vt 0.649708 0.810449
vt 0.649809 0.805495
vt 0.649809 0.810449
vt 0.635229 0.345164
vt 0.635329 0.340167
vt 0.635329 0.345164
vt 0.932872 0.343942
vt 0.932960 0.343993
vt 0.932872 0.344043
vt 0.435382 0.992356
vt 0.435294 0.992406
vt 0.435294 0.992305
vt 0.619052 0.709611
vt 0.619151 0.704614
vt 0.619151 0.709611
vt 0.664997 0.810449
vt 0.665098 0.805495
vt 0.665098 0.810449
vt 0.313328 0.689427
vt 0.313427 0.684430
vt 0.313427 0.689427
vt 0.435381 0.946440
vt 0.435381 0.946541
vt 0.435294 0.946490
vt 0.817256 0.977118
vt 0.817169 0.977067
vt 0.817256 0.977017
vt 0.236887 0.729795
vt 0.236986 0.724799
vt 0.236986 0.729795
vt 0.789939 0.536262
vt 0.790040 0.531308
vt 0.790040 0.536262
vt 0.328615 0.689427
vt 0.328714 0.684430
vt 0.328714 0.689427
vt 0.948147 0.267499
vt 0.948235 0.267550
vt 0.948147 0.267600
vt 0.038231 0.992356
vt 0.038144 0.992406
vt 0.038144 0.992305
vt 0.634338 0.709611
vt 0.634437 0.704614
vt 0.634437 0.709611
vt 0.084036 0.830592
vt 0.084137 0.825638
vt 0.084137 0.830592
vt 0.343901 0.689427
vt 0.344001 0.684430
vt 0.344001 0.689427
vt 0.932960 0.359281
vt 0.932872 0.359332
vt 0.932872 0.359231
vt 0.588130 0.961728
vt 0.588130 0.961829
vt 0.588043 0.961779
vt 0.084025 0.749980
vt 0.084124 0.744983
vt 0.084124 0.749980
vt 0.099324 0.830592
vt 0.099425 0.825638
vt 0.099425 0.830592
vt 0.359188 0.689427
vt 0.359287 0.684430
vt 0.359287 0.689427
vt 0.450656 0.946440
vt 0.450656 0.946541
vt 0.450569 0.946490
vt 0.832531 0.977118
vt 0.832444 0.977067
vt 0.832531 0.977017
vt 0.099311 0.749980
vt 0.099410 0.744983
vt 0.099410 0.749980
vt 0.114613 0.830592
vt 0.114714 0.825638
vt 0.114714 0.830592
vt 0.698219 0.517195
vt 0.698318 0.512198
vt 0.698318 0.517195
vt 0.948147 0.282788
vt 0.948235 0.282838
vt 0.948147 0.282889
vt 0.145156 0.977017
vt 0.145156 0.977118
vt 0.145068 0.977067
vt 0.114597 0.749980
vt 0.114696 0.744983
vt 0.114696 0.749980
vt 0.680285 0.810449
vt 0.680386 0.805495
vt 0.680386 0.810449
vt 0.667645 0.153880
vt 0.667745 0.148883
vt 0.667745 0.153880
vt 0.160431 0.931202
vt 0.160344 0.931252
vt 0.160344 0.931151
vt 0.948235 0.879041
vt 0.948235 0.879142
vt 0.948147 0.879092
vt 0.129884 0.749980
vt 0.129982 0.744983
vt 0.129982 0.749980
vt 0.695574 0.810449
vt 0.695675 0.805495
vt 0.695675 0.810449
vt 0.698219 0.537379
vt 0.698318 0.532382
vt 0.698318 0.537379
vt 0.465844 0.946440
vt 0.465932 0.946490
vt 0.465844 0.946541
vt 0.053506 0.992356
vt 0.053419 0.992406
vt 0.053419 0.992305
vt 0.649625 0.709611
vt 0.649724 0.704614
vt 0.649724 0.709611
vt 0.789939 0.556405
vt 0.790040 0.551450
vt 0.790040 0.556405
vt 0.698219 0.557563
vt 0.698318 0.552566
vt 0.698318 0.557563
vt 0.917597 0.022882
vt 0.917685 0.022933
vt 0.917597 0.022983
vt 0.948235 0.894330
vt 0.948235 0.894431
vt 0.948147 0.894380
vt 0.664911 0.709611
vt 0.665010 0.704614
vt 0.665010 0.709611
vt 0.649633 0.770122
vt 0.649734 0.765168
vt 0.649734 0.770122
vt 0.698219 0.577747
vt 0.698318 0.572750
vt 0.698318 0.577747
vt 0.932960 0.374519
vt 0.932960 0.374620
vt 0.932872 0.374570
vt 0.603405 0.961728
vt 0.603405 0.961829
vt 0.603318 0.961779
vt 0.252173 0.729795
vt 0.252272 0.724799
vt 0.252272 0.729795
vt 0.664922 0.770122
vt 0.665023 0.765168
vt 0.665023 0.770122
vt 0.374475 0.689427
vt 0.374574 0.684430
vt 0.374574 0.689427
vt 0.175706 0.931151
vt 0.175706 0.931252
vt 0.175619 0.931202
vt 0.160431 0.977118
vt 0.160344 0.977067
vt 0.160431 0.977017
vt 0.267460 0.729795
vt 0.267559 0.724799
vt 0.267559 0.729795
vt 0.680210 0.770122
vt 0.680311 0.765168
vt 0.680311 0.770122
vt 0.389761 0.689427
vt 0.389861 0.684430
vt 0.389861 0.689427
vt 0.190894 0.931151
vt 0.190981 0.931202
vt 0.190894 0.931252
vt 0.618680 0.961829
vt 0.618593 0.961779
vt 0.618680 0.961728
vt 0.282746 0.729795
vt 0.282845 0.724799
vt 0.282845 0.729795
vt 0.695498 0.770122
vt 0.695599 0.765168
vt 0.695599 0.770122
vt 0.405048 0.689427
vt 0.405147 0.684430
vt 0.405147 0.689427
vt 0.917685 0.359231
vt 0.917685 0.359332
vt 0.917597 0.359281
vt 0.542307 0.992356
vt 0.542219 0.992406
vt 0.542219 0.992305
vt 0.680197 0.709611
vt 0.680296 0.704614
vt 0.680296 0.709611
vt 0.710787 0.770122
vt 0.710888 0.765168
vt 0.710888 0.770122
vt 0.635229 0.365348
vt 0.635329 0.360352
vt 0.635329 0.365348
vt 0.481207 0.946440
vt 0.481207 0.946541
vt 0.481119 0.946490
vt 0.963510 0.451063
vt 0.963422 0.451012
vt 0.963510 0.450962
vt 0.298032 0.729795
vt 0.298131 0.724799
vt 0.298131 0.729795
vt 0.726075 0.770122
vt 0.726176 0.765168
vt 0.726176 0.770122
vt 0.635229 0.385532
vt 0.635329 0.380536
vt 0.635329 0.385532
vt 0.917597 0.374519
vt 0.917685 0.374570
vt 0.917597 0.374620
vt 0.190981 0.961728
vt 0.190981 0.961829
vt 0.190893 0.961779
vt 0.313318 0.729795
vt 0.313417 0.724799
vt 0.313417 0.729795
vt 0.741364 0.770122
vt 0.741465 0.765168
vt 0.741465 0.770122
vt 0.343901 0.649059
vt 0.344001 0.644062
vt 0.344001 0.649059
vt 0.917685 0.389858
vt 0.917597 0.389909
vt 0.917597 0.389808
vt 0.633955 0.961728
vt 0.633955 0.961829
vt 0.633868 0.961779
vt 0.328605 0.729795
vt 0.328703 0.724799
vt 0.328703 0.729795
vt 0.756652 0.770122
vt 0.756753 0.765168
vt 0.756753 0.770122
vt 0.698219 0.597931
vt 0.698318 0.592934
vt 0.698318 0.597931
vt 0.206169 0.931151
vt 0.206256 0.931202
vt 0.206169 0.931252
vt 0.649230 0.961728
vt 0.649230 0.961829
vt 0.649143 0.961779
vt 0.145170 0.749980
vt 0.145269 0.744983
vt 0.145269 0.749980
vt 0.774650 0.012548
vt 0.774751 0.007594
vt 0.774751 0.012549
vt 0.359188 0.649059
vt 0.359287 0.644062
vt 0.359287 0.649059
vt 0.221444 0.931151
vt 0.221531 0.931202
vt 0.221444 0.931252
vt 0.664505 0.961728
vt 0.664505 0.961829
vt 0.664418 0.961779
vt 0.343891 0.729795
vt 0.343990 0.724799
vt 0.343990 0.729795
vt 0.774650 0.032691
vt 0.774751 0.027737
vt 0.774751 0.032692
vt 0.374475 0.649059
vt 0.374574 0.644062
vt 0.374574 0.649059
vt 0.917685 0.038221
vt 0.917597 0.038272
vt 0.917597 0.038171
vt 0.679780 0.961829
vt 0.679693 0.961779
vt 0.679780 0.961728
vt 0.359177 0.729795
vt 0.359276 0.724799
vt 0.359276 0.729795
vt 0.774650 0.052834
vt 0.774751 0.047880
vt 0.774751 0.052835
vt 0.667645 0.174064
vt 0.667745 0.169067
vt 0.667745 0.174064
vt 0.886424 0.915530
vt 0.886512 0.915580
vt 0.886424 0.915631
vt 0.068781 0.992356
vt 0.068694 0.992406
vt 0.068694 0.992305
vt 0.374463 0.729795
vt 0.374562 0.724799
vt 0.374562 0.729795
vt 0.774650 0.072977
vt 0.774751 0.068023
vt 0.774751 0.072978
vt 0.420335 0.689427
vt 0.420434 0.684430
vt 0.420434 0.689427
vt 0.932960 0.389858
vt 0.932872 0.389909
vt 0.932872 0.389808
vt 0.695055 0.961829
vt 0.694968 0.961779
vt 0.695055 0.961728
vt 0.695483 0.709611
vt 0.695582 0.704614
vt 0.695582 0.709611
vt 0.774650 0.093120
vt 0.774751 0.088166
vt 0.774751 0.093120
vt 0.435621 0.689427
vt 0.435721 0.684430
vt 0.435721 0.689427
vt 0.496482 0.946490
vt 0.496394 0.946541
vt 0.496394 0.946440
vt 0.206256 0.961728
vt 0.206256 0.961829
vt 0.206168 0.961779
vt 0.713505 0.012590
vt 0.713604 0.007594
vt 0.713604 0.012590
vt 0.774650 0.113263
vt 0.774751 0.108308
vt 0.774751 0.113263
vt 0.450908 0.689427
vt 0.451007 0.684430
vt 0.451007 0.689427
vt 0.917597 0.053459
vt 0.917685 0.053510
vt 0.917597 0.053561
vt 0.963510 0.466250
vt 0.963510 0.466351
vt 0.963422 0.466301
vt 0.389750 0.729795
vt 0.389848 0.724799
vt 0.389848 0.729795
vt 0.774650 0.133405
vt 0.774751 0.128451
vt 0.774751 0.133406
vt 0.466195 0.689427
vt 0.466294 0.684430
vt 0.466294 0.689427
vt 0.932872 0.405096
vt 0.932960 0.405147
vt 0.932872 0.405198
vt 0.221531 0.961829
vt 0.221443 0.961779
vt 0.221531 0.961728
vt 0.405036 0.729795
vt 0.405135 0.724799
vt 0.405135 0.729795
vt 0.774650 0.153548
vt 0.774751 0.148594
vt 0.774751 0.153549
vt 0.389761 0.649059
vt 0.389861 0.644062
vt 0.389861 0.649059
vt 0.932960 0.420385
vt 0.932960 0.420486
vt 0.932872 0.420435
vt 0.710330 0.961728
vt 0.710330 0.961829
vt 0.710243 0.961779
vt 0.160456 0.749980
vt 0.160555 0.744983
vt 0.160555 0.749980
vt 0.774650 0.173691
vt 0.774751 0.168737
vt 0.774751 0.173692
vt 0.405048 0.649059
vt 0.405147 0.644062
vt 0.405147 0.649059
vt 0.948147 0.298076
vt 0.948235 0.298127
vt 0.948147 0.298178
vt 0.847806 0.977067
vt 0.847719 0.977118
vt 0.847719 0.977017
vt 0.175742 0.749980
vt 0.175841 0.744983
vt 0.175841 0.749980
vt 0.774650 0.193834
vt 0.774751 0.188880
vt 0.774751 0.193834
vt 0.420335 0.649059
vt 0.420434 0.644062
vt 0.420434 0.649059
vt 0.917597 0.068748
vt 0.917685 0.068799
vt 0.917597 0.068849
vt 0.863081 0.977067
vt 0.862993 0.977118
vt 0.862993 0.977017
vt 0.191029 0.749980
vt 0.191127 0.744983
vt 0.191127 0.749980
vt 0.774650 0.213977
vt 0.774751 0.209023
vt 0.774751 0.213977
vt 0.698219 0.618115
vt 0.698318 0.613119
vt 0.698318 0.618115
vt 0.932960 0.435724
vt 0.932872 0.435775
vt 0.932872 0.435673
vt 0.948235 0.909618
vt 0.948235 0.909719
vt 0.948147 0.909669
vt 0.713505 0.032775
vt 0.713604 0.027778
vt 0.713604 0.032775
vt 0.774650 0.234119
vt 0.774751 0.229165
vt 0.774751 0.234120
vt 0.698219 0.638300
vt 0.698318 0.633303
vt 0.698318 0.638300
vt 0.932960 0.450962
vt 0.932960 0.451063
vt 0.932872 0.451013
vt 0.236806 0.961829
vt 0.236718 0.961779
vt 0.236806 0.961728
vt 0.713505 0.052959
vt 0.713604 0.047962
vt 0.713604 0.052959
vt 0.774650 0.254262
vt 0.774751 0.249308
vt 0.774751 0.254263
vt 0.635229 0.405717
vt 0.635329 0.400720
vt 0.635329 0.405717
vt 0.917685 0.405147
vt 0.917597 0.405198
vt 0.917597 0.405096
vt 0.175706 0.977017
vt 0.175706 0.977118
vt 0.175618 0.977067
vt 0.713505 0.073143
vt 0.713604 0.068146
vt 0.713604 0.073143
vt 0.774650 0.274405
vt 0.774751 0.269451
vt 0.774751 0.274406
vt 0.635229 0.425901
vt 0.635329 0.420904
vt 0.635329 0.425901
vt 0.236806 0.931151
vt 0.236806 0.931252
vt 0.236719 0.931202
vt 0.948235 0.924907
vt 0.948235 0.925008
vt 0.948147 0.924957
vt 0.420322 0.729795
vt 0.420421 0.724799
vt 0.420421 0.729795
vt 0.774650 0.294548
vt 0.774751 0.289594
vt 0.774751 0.294549
vt 0.635229 0.446085
vt 0.635329 0.441088
vt 0.635329 0.446085
vt 0.917685 0.420436
vt 0.917597 0.420486
vt 0.917597 0.420385
vt 0.948235 0.817988
vt 0.948147 0.817937
vt 0.948235 0.817887
vt 0.713505 0.093327
vt 0.713604 0.088330
vt 0.713604 0.093327
vt 0.298074 0.790306
vt 0.298175 0.785352
vt 0.298175 0.790307
vt 0.481482 0.689427
vt 0.481581 0.684430
vt 0.481581 0.689427
vt 0.252081 0.931151
vt 0.252081 0.931252
vt 0.251994 0.931202
vt 0.252081 0.961829
vt 0.251993 0.961779
vt 0.252081 0.961728
vt 0.435608 0.729795
vt 0.435707 0.724799
vt 0.435707 0.729795
vt 0.313363 0.790306
vt 0.313464 0.785352
vt 0.313464 0.790307
vt 0.496768 0.689427
vt 0.496868 0.684430
vt 0.496868 0.689427
vt 0.840599 0.915530
vt 0.840687 0.915580
vt 0.840599 0.915631
vt 0.084056 0.992356
vt 0.083969 0.992406
vt 0.083969 0.992305
vt 0.418249 0.179428
vt 0.418093 0.250155
vt 0.418093 0.179427
vt 0.402905 0.007594
vt 0.402727 0.078242
vt 0.402727 0.007595
vt 0.038437 0.428385
vt 0.038281 0.499080
vt 0.038281 0.428383
vt 0.748707 0.915530
vt 0.748707 0.915709
vt 0.748560 0.915620
vt 0.687349 0.915703
vt 0.687195 0.915623
vt 0.687349 0.915529
vt 0.402883 0.265101
vt 0.402727 0.335828
vt 0.402727 0.265100
vt 0.402905 0.093429
vt 0.402727 0.164077
vt 0.402727 0.093430
vt 0.053780 0.428385
vt 0.053624 0.499080
vt 0.053624 0.428383
vt 0.794730 0.915608
vt 0.794576 0.915702
vt 0.794576 0.915530
vt 0.656667 0.915620
vt 0.656518 0.915709
vt 0.656518 0.915530
vt 0.418249 0.265345
vt 0.418093 0.336072
vt 0.418093 0.265344
vt 0.402905 0.179265
vt 0.402727 0.249913
vt 0.402727 0.179266
vt 0.069123 0.428385
vt 0.068967 0.499080
vt 0.068967 0.428383
vt 0.763895 0.915529
vt 0.764048 0.915623
vt 0.763895 0.915702
vt 0.733373 0.915530
vt 0.733373 0.915703
vt 0.733219 0.915610
vt 0.450895 0.729795
vt 0.450993 0.724799
vt 0.450993 0.729795
vt 0.328651 0.790306
vt 0.328752 0.785352
vt 0.328752 0.790307
vt 0.512055 0.689427
vt 0.512154 0.684430
vt 0.512154 0.689427
vt 0.511757 0.946490
vt 0.511669 0.946541
vt 0.511669 0.946440
vt 0.725605 0.961728
vt 0.725605 0.961829
vt 0.725518 0.961779
vt 0.466181 0.729795
vt 0.466280 0.724799
vt 0.466280 0.729795
vt 0.129901 0.830592
vt 0.130002 0.825638
vt 0.130002 0.830592
vt 0.435621 0.649059
vt 0.435721 0.644062
vt 0.435721 0.649059
vt 0.267269 0.931151
vt 0.267356 0.931202
vt 0.267269 0.931252
vt 0.978785 0.282838
vt 0.978697 0.282888
vt 0.978697 0.282787
vt 0.481467 0.729795
vt 0.481566 0.724799
vt 0.481566 0.729795
vt 0.145190 0.830592
vt 0.145291 0.825638
vt 0.145291 0.830592
vt 0.450908 0.649059
vt 0.451007 0.644062
vt 0.451007 0.649059
vt 0.527032 0.946440
vt 0.527032 0.946541
vt 0.526944 0.946490
vt 0.740880 0.961728
vt 0.740880 0.961829
vt 0.740793 0.961779
vt 0.496753 0.729795
vt 0.496852 0.724799
vt 0.496852 0.729795
vt 0.160478 0.830592
vt 0.160579 0.825638
vt 0.160579 0.830592
vt 0.698219 0.658484
vt 0.698318 0.653487
vt 0.698318 0.658484
vt 0.542219 0.946440
vt 0.542307 0.946490
vt 0.542219 0.946541
vt 0.756155 0.961728
vt 0.756155 0.961829
vt 0.756068 0.961779
vt 0.206315 0.749980
vt 0.206414 0.744983
vt 0.206414 0.749980
vt 0.710862 0.810449
vt 0.710963 0.805495
vt 0.710963 0.810450
vt 0.667645 0.194248
vt 0.667744 0.189251
vt 0.667744 0.194248
vt 0.557582 0.946440
vt 0.557582 0.946541
vt 0.557494 0.946490
vt 0.771430 0.961728
vt 0.771430 0.961829
vt 0.771343 0.961779
vt 0.221601 0.749980
vt 0.221700 0.744983
vt 0.221700 0.749980
vt 0.726150 0.810449
vt 0.726251 0.805495
vt 0.726251 0.810449
vt 0.667645 0.214432
vt 0.667745 0.209435
vt 0.667745 0.214432
vt 0.948235 0.313415
vt 0.948147 0.313466
vt 0.948147 0.313365
vt 0.450657 0.992356
vt 0.450569 0.992406
vt 0.450569 0.992305
vt 0.236887 0.749980
vt 0.236986 0.744983
vt 0.236986 0.749980
vt 0.741439 0.810449
vt 0.741540 0.805495
vt 0.741540 0.810449
vt 0.698219 0.678668
vt 0.698318 0.673671
vt 0.698318 0.678668
vt 0.948147 0.328653
vt 0.948235 0.328704
vt 0.948147 0.328755
vt 0.978785 0.298126
vt 0.978697 0.298177
vt 0.978697 0.298075
vt 0.252173 0.749980
vt 0.252272 0.744983
vt 0.252272 0.749980
vt 0.756727 0.810449
vt 0.756828 0.805495
vt 0.756828 0.810449
vt 0.466195 0.649059
vt 0.466294 0.644062
vt 0.466294 0.649059
vt 0.948235 0.680290
vt 0.948235 0.680391
vt 0.948147 0.680341
vt 0.963510 0.481640
vt 0.963422 0.481589
vt 0.963510 0.481539
vt 0.252173 0.770164
vt 0.252272 0.765167
vt 0.252272 0.770164
vt 0.772016 0.810449
vt 0.772117 0.805495
vt 0.772117 0.810449
vt 0.527342 0.689427
vt 0.527441 0.684430
vt 0.527441 0.689427
vt 0.948235 0.343942
vt 0.948235 0.344043
vt 0.948147 0.343993
vt 0.190981 0.977118
vt 0.190893 0.977067
vt 0.190981 0.977017
vt 0.267460 0.749980
vt 0.267559 0.744983
vt 0.267559 0.749980
vt 0.787304 0.810449
vt 0.787405 0.805495
vt 0.787405 0.810449
vt 0.542628 0.689427
vt 0.542728 0.684430
vt 0.542728 0.689427
vt 0.948235 0.359281
vt 0.948147 0.359332
vt 0.948147 0.359231
vt 0.099331 0.992356
vt 0.099244 0.992406
vt 0.099244 0.992305
vt 0.512039 0.729795
vt 0.512138 0.724799
vt 0.512138 0.729795
vt 0.802593 0.810449
vt 0.802694 0.805495
vt 0.802694 0.810449
vt 0.557915 0.689427
vt 0.558014 0.684430
vt 0.558014 0.689427
vt 0.948235 0.374519
vt 0.948235 0.374620
vt 0.948147 0.374570
vt 0.978785 0.313364
vt 0.978785 0.313465
vt 0.978697 0.313415
vt 0.527326 0.729795
vt 0.527424 0.724799
vt 0.527424 0.729795
vt 0.820516 0.012548
vt 0.820617 0.007594
vt 0.820617 0.012549
vt 0.573202 0.689427
vt 0.573301 0.684430
vt 0.573301 0.689427
vt 0.572857 0.946440
vt 0.572857 0.946541
vt 0.572769 0.946490
vt 0.114606 0.992356
vt 0.114519 0.992406
vt 0.114519 0.992305
vt 0.542612 0.729795
vt 0.542711 0.724799
vt 0.542711 0.729795
vt 0.820515 0.032691
vt 0.820616 0.027737
vt 0.820616 0.032692
vt 0.007594 0.709611
vt 0.007693 0.704615
vt 0.007693 0.709611
vt 0.588044 0.946440
vt 0.588132 0.946490
vt 0.588044 0.946541
vt 0.978785 0.328703
vt 0.978697 0.328754
vt 0.978697 0.328653
vt 0.557898 0.729795
vt 0.557997 0.724799
vt 0.557997 0.729795
vt 0.820516 0.052834
vt 0.820617 0.047880
vt 0.820617 0.052835
vt 0.667645 0.234616
vt 0.667745 0.229620
vt 0.667745 0.234616
vt 0.282631 0.931151
vt 0.282631 0.931252
vt 0.282544 0.931202
vt 0.963510 0.496827
vt 0.963510 0.496929
vt 0.963422 0.496878
vt 0.282746 0.749980
vt 0.282845 0.744983
vt 0.282845 0.749980
vt 0.820516 0.072977
vt 0.820617 0.068023
vt 0.820617 0.072978
vt 0.022880 0.709611
vt 0.022980 0.704614
vt 0.022980 0.709611
vt 0.948235 0.389808
vt 0.948235 0.389909
vt 0.948147 0.389858
vt 0.557582 0.992356
vt 0.557494 0.992406
vt 0.557494 0.992305
vt 0.267460 0.770164
vt 0.267559 0.765167
vt 0.267559 0.770164
vt 0.820515 0.093120
vt 0.820616 0.088166
vt 0.820616 0.093120
vt 0.667645 0.254800
vt 0.667744 0.249804
vt 0.667744 0.254800
vt 0.948235 0.405147
vt 0.948147 0.405197
vt 0.948147 0.405096
vt 0.206256 0.977118
vt 0.206168 0.977067
vt 0.206256 0.977017
vt 0.298032 0.749980
vt 0.298131 0.744983
vt 0.298131 0.749980
vt 0.820516 0.113263
vt 0.820617 0.108308
vt 0.820617 0.113263
vt 0.635229 0.466269
vt 0.635329 0.461272
vt 0.635329 0.466269
vt 0.948235 0.420385
vt 0.948235 0.420486
vt 0.948147 0.420435
vt 0.221531 0.977017
vt 0.221531 0.977118
vt 0.221443 0.977067
vt 0.313318 0.749980
vt 0.313417 0.744983
vt 0.313417 0.749980
vt 0.820516 0.133405
vt 0.820617 0.128451
vt 0.820617 0.133406
vt 0.588489 0.689427
vt 0.588588 0.684430
vt 0.588588 0.689427
vt 0.948235 0.695579
vt 0.948235 0.695680
vt 0.948147 0.695629
vt 0.978785 0.343992
vt 0.978697 0.344042
vt 0.978697 0.343941
vt 0.328605 0.749980
vt 0.328703 0.744983
vt 0.328703 0.749980
vt 0.820516 0.153548
vt 0.820617 0.148594
vt 0.820617 0.153549
vt 0.481482 0.649059
vt 0.481581 0.644062
vt 0.481581 0.649059
vt 0.603319 0.946440
vt 0.603407 0.946490
vt 0.603319 0.946541
vt 0.129881 0.992356
vt 0.129794 0.992406
vt 0.129794 0.992305
vt 0.343891 0.749980
vt 0.343990 0.744983
vt 0.343990 0.749980
vt 0.343939 0.790306
vt 0.344040 0.785352
vt 0.344040 0.790307
vt 0.496768 0.649059
vt 0.496868 0.644062
vt 0.496868 0.649059
vt 0.932872 0.466251
vt 0.932960 0.466301
vt 0.932872 0.466352
vt 0.978785 0.359280
vt 0.978697 0.359331
vt 0.978697 0.359230
vt 0.573184 0.729795
vt 0.573283 0.724799
vt 0.573283 0.729795
vt 0.789939 0.576547
vt 0.790040 0.571593
vt 0.790040 0.576548
vt 0.603775 0.689427
vt 0.603875 0.684430
vt 0.603875 0.689427
vt 0.932960 0.481590
vt 0.932872 0.481640
vt 0.932872 0.481539
vt 0.786705 0.961829
vt 0.786617 0.961779
vt 0.786705 0.961728
vt 0.359177 0.749980
vt 0.359276 0.744983
vt 0.359276 0.749980
vt 0.789939 0.596690
vt 0.790040 0.591736
vt 0.790040 0.596691
vt 0.512055 0.649059
vt 0.512154 0.644062
vt 0.512154 0.649059
vt 0.618682 0.946440
vt 0.618682 0.946541
vt 0.618594 0.946490
vt 0.963510 0.512116
vt 0.963510 0.512217
vt 0.963422 0.512167
vt 0.588470 0.729795
vt 0.588569 0.724799
vt 0.588569 0.729795
vt 0.789939 0.616833
vt 0.790040 0.611879
vt 0.790040 0.616834
vt 0.667645 0.274985
vt 0.667745 0.269988
vt 0.667745 0.274985
vt 0.633957 0.946440
vt 0.633957 0.946541
vt 0.633869 0.946490
vt 0.963510 0.527506
vt 0.963422 0.527455
vt 0.963510 0.527404
vt 0.603757 0.729795
vt 0.603855 0.724799
vt 0.603855 0.729795
vt 0.789939 0.636976
vt 0.790040 0.632022
vt 0.790040 0.636976
vt 0.038167 0.709611
vt 0.038266 0.704614
vt 0.038266 0.709611
vt 0.948235 0.435724
vt 0.948147 0.435775
vt 0.948147 0.435673
vt 0.978785 0.374569
vt 0.978697 0.374619
vt 0.978697 0.374518
vt 0.374463 0.749980
vt 0.374562 0.744983
vt 0.374562 0.749980
vt 0.789939 0.657119
vt 0.790040 0.652165
vt 0.790040 0.657119
vt 0.053454 0.709611
vt 0.053553 0.704614
vt 0.053553 0.709611
vt 0.948235 0.451013
vt 0.948147 0.451063
vt 0.948147 0.450962
vt 0.878356 0.977067
vt 0.878268 0.977118
vt 0.878268 0.977017
vt 0.282746 0.770164
vt 0.282845 0.765167
vt 0.282845 0.770164
vt 0.789939 0.677261
vt 0.790040 0.672307
vt 0.790040 0.677262
vt 0.667645 0.295169
vt 0.667744 0.290172
vt 0.667744 0.295169
vt 0.649232 0.946440
vt 0.649232 0.946541
vt 0.649144 0.946490
vt 0.893631 0.977067
vt 0.893543 0.977118
vt 0.893543 0.977017
vt 0.298032 0.770164
vt 0.298131 0.765167
vt 0.298131 0.770164
vt 0.789939 0.697404
vt 0.790040 0.692450
vt 0.790040 0.697405
vt 0.619062 0.689427
vt 0.619161 0.684430
vt 0.619161 0.689427
vt 0.664419 0.946440
vt 0.664507 0.946490
vt 0.664419 0.946541
vt 0.963510 0.542794
vt 0.963422 0.542744
vt 0.963510 0.542693
vt 0.389750 0.749980
vt 0.389848 0.744983
vt 0.389848 0.749980
vt 0.789939 0.717547
vt 0.790040 0.712593
vt 0.790040 0.717548
vt 0.634349 0.689427
vt 0.634448 0.684430
vt 0.634448 0.689427
vt 0.679782 0.946440
vt 0.679782 0.946541
vt 0.679694 0.946490
vt 0.267356 0.961829
vt 0.267268 0.961779
vt 0.267356 0.961728
vt 0.405036 0.749980
vt 0.405135 0.744983
vt 0.405135 0.749980
vt 0.820516 0.173691
vt 0.820617 0.168737
vt 0.820617 0.173692
vt 0.649635 0.689427
vt 0.649735 0.684430
vt 0.649735 0.689427
vt 0.694969 0.946440
vt 0.695057 0.946490
vt 0.694969 0.946541
vt 0.908906 0.977118
vt 0.908818 0.977067
vt 0.908906 0.977017
vt 0.619043 0.729795
vt 0.619142 0.724799
vt 0.619142 0.729795
vt 0.789939 0.737690
vt 0.790040 0.732736
vt 0.790040 0.737691
vt 0.527342 0.649059
vt 0.527441 0.644062
vt 0.527441 0.649059
vt 0.710244 0.946440
vt 0.710332 0.946490
vt 0.710244 0.946541
vt 0.145156 0.992356
vt 0.145069 0.992406
vt 0.145069 0.992305
vt 0.634329 0.729795
vt 0.634428 0.724799
vt 0.634428 0.729795
vt 0.820516 0.193834
vt 0.820617 0.188880
vt 0.820617 0.193834
vt 0.542628 0.649059
vt 0.542728 0.644062
vt 0.542728 0.649059
vt 0.932872 0.496828
vt 0.932960 0.496878
vt 0.932872 0.496929
vt 0.963510 0.558083
vt 0.963422 0.558032
vt 0.963510 0.557982
vt 0.420322 0.749980
vt 0.420421 0.744983
vt 0.420421 0.749980
vt 0.820516 0.213977
vt 0.820617 0.209023
vt 0.820617 0.213977
vt 0.068741 0.709611
vt 0.068840 0.704615
vt 0.068840 0.709611
vt 0.948235 0.710867
vt 0.948235 0.710968
vt 0.948147 0.710918
vt 0.572857 0.992356
vt 0.572769 0.992406
vt 0.572769 0.992305
vt 0.435608 0.749980
vt 0.435707 0.744983
vt 0.435707 0.749980
vt 0.789939 0.757833
vt 0.790040 0.752879
vt 0.790040 0.757833
vt 0.084027 0.709611
vt 0.084127 0.704614
vt 0.084127 0.709611
vt 0.725607 0.946490
vt 0.725519 0.946541
vt 0.725519 0.946440
vt 0.963510 0.573270
vt 0.963510 0.573371
vt 0.963422 0.573321
vt 0.450895 0.749980
vt 0.450993 0.744983
vt 0.450993 0.749980
vt 0.359228 0.790306
vt 0.359329 0.785352
vt 0.359329 0.790307
vt 0.667645 0.315353
vt 0.667744 0.310356
vt 0.667744 0.315353
vt 0.740882 0.946440
vt 0.740882 0.946541
vt 0.740794 0.946490
vt 0.963510 0.588559
vt 0.963510 0.588660
vt 0.963422 0.588609
vt 0.466181 0.749980
vt 0.466280 0.744983
vt 0.466280 0.749980
vt 0.374516 0.790306
vt 0.374617 0.785352
vt 0.374617 0.790307
vt 0.099314 0.709611
vt 0.099413 0.704615
vt 0.099413 0.709611
vt 0.948147 0.466250
vt 0.948235 0.466301
vt 0.948147 0.466352
vt 0.963510 0.603948
vt 0.963422 0.603898
vt 0.963510 0.603847
vt 0.481467 0.749980
vt 0.481566 0.744983
vt 0.481566 0.749980
vt 0.389805 0.790306
vt 0.389906 0.785352
vt 0.389906 0.790307
vt 0.667645 0.335537
vt 0.667744 0.330540
vt 0.667744 0.335537
vt 0.932872 0.512116
vt 0.932960 0.512167
vt 0.932872 0.512217
vt 0.160431 0.992356
vt 0.160344 0.992406
vt 0.160344 0.992305
vt 0.496753 0.749980
vt 0.496852 0.744983
vt 0.496852 0.749980
vt 0.405093 0.790306
vt 0.405194 0.785352
vt 0.405194 0.790307
vt 0.557915 0.649059
vt 0.558014 0.644062
vt 0.558014 0.649059
vt 0.932873 0.527405
vt 0.932960 0.527455
vt 0.932873 0.527506
vt 0.963510 0.619136
vt 0.963510 0.619237
vt 0.963422 0.619186
vt 0.512039 0.749980
vt 0.512138 0.744983
vt 0.512138 0.749980
vt 0.420382 0.790306
vt 0.420483 0.785352
vt 0.420483 0.790307
vt 0.664922 0.689427
vt 0.665021 0.684430
vt 0.665021 0.689427
vt 0.948235 0.481590
vt 0.948147 0.481640
vt 0.948147 0.481539
vt 0.978785 0.389857
vt 0.978697 0.389908
vt 0.978697 0.389807
vt 0.313318 0.770164
vt 0.313417 0.765167
vt 0.313417 0.770164
vt 0.435670 0.790306
vt 0.435771 0.785352
vt 0.435771 0.790307
vt 0.680209 0.689427
vt 0.680308 0.684430
vt 0.680308 0.689427
vt 0.756157 0.946440
vt 0.756157 0.946541
vt 0.756069 0.946490
vt 0.963510 0.634424
vt 0.963510 0.634525
vt 0.963422 0.634475
vt 0.649615 0.729795
vt 0.649714 0.724799
vt 0.649714 0.729795
vt 0.450958 0.790306
vt 0.451060 0.785352
vt 0.451060 0.790307
vt 0.573202 0.649059
vt 0.573301 0.644062
vt 0.573301 0.649059
vt 0.771432 0.946490
vt 0.771344 0.946541
vt 0.771344 0.946440
vt 0.236806 0.977118
vt 0.236718 0.977067
vt 0.236806 0.977017
vt 0.664902 0.729795
vt 0.665000 0.724799
vt 0.665000 0.729795
vt 0.466247 0.790306
vt 0.466348 0.785352
vt 0.466348 0.790307
vt 0.667645 0.355721
vt 0.667744 0.350725
vt 0.667744 0.355721
vt 0.932960 0.542693
vt 0.932960 0.542794
vt 0.932872 0.542744
vt 0.175706 0.992356
vt 0.175619 0.992406
vt 0.175619 0.992305
vt 0.527326 0.749980
vt 0.527424 0.744983
vt 0.527424 0.749980
vt 0.481535 0.790306
vt 0.481636 0.785352
vt 0.481636 0.790307
vt 0.667645 0.375905
vt 0.667745 0.370909
vt 0.667745 0.375905
vt 0.786707 0.946440
vt 0.786707 0.946541
vt 0.786619 0.946490
vt 0.190981 0.992356
vt 0.190894 0.992406
vt 0.190894 0.992305
vt 0.542612 0.749980
vt 0.542711 0.744983
vt 0.542711 0.749980
vt 0.789939 0.777976
vt 0.790040 0.773021
vt 0.790040 0.777976
vt 0.114601 0.709611
vt 0.114700 0.704614
vt 0.114700 0.709611
vt 0.801982 0.946440
vt 0.801982 0.946541
vt 0.801894 0.946490
vt 0.206256 0.992356
vt 0.206169 0.992406
vt 0.206169 0.992305
vt 0.680188 0.729795
vt 0.680287 0.724799
vt 0.680287 0.729795
vt 0.805227 0.012548
vt 0.805328 0.007594
vt 0.805328 0.012549
vt 0.129887 0.709611
vt 0.129987 0.704614
vt 0.129987 0.709611
vt 0.817257 0.946440
vt 0.817257 0.946541
vt 0.817169 0.946490
vt 0.465932 0.992356
vt 0.465844 0.992406
vt 0.465844 0.992305
vt 0.557898 0.749980
vt 0.557997 0.744983
vt 0.557997 0.749980
vt 0.805227 0.032691
vt 0.805328 0.027737
vt 0.805328 0.032692
vt 0.145174 0.709611
vt 0.145273 0.704614
vt 0.145273 0.709611
vt 0.948235 0.496878
vt 0.948147 0.496929
vt 0.948147 0.496828
vt 0.252081 0.977017
vt 0.252081 0.977118
vt 0.251993 0.977067
vt 0.573184 0.749980
vt 0.573283 0.744983
vt 0.573283 0.749980
vt 0.805227 0.052834
vt 0.805328 0.047880
vt 0.805328 0.052835
vt 0.588489 0.649059
vt 0.588588 0.644062
vt 0.588588 0.649059
vt 0.948235 0.726156
vt 0.948235 0.726257
vt 0.948147 0.726206
vt 0.924181 0.977118
vt 0.924093 0.977067
vt 0.924181 0.977017
vt 0.588470 0.749980
vt 0.588569 0.744983
vt 0.588569 0.749980
vt 0.820516 0.234119
vt 0.820617 0.229165
vt 0.820617 0.234120
vt 0.603775 0.649059
vt 0.603875 0.644062
vt 0.603875 0.649059
vt 0.297906 0.931151
vt 0.297906 0.931252
vt 0.297819 0.931202
vt 0.978785 0.405146
vt 0.978697 0.405196
vt 0.978697 0.405095
vt 0.603757 0.749980
vt 0.603856 0.744983
vt 0.603856 0.749980
vt 0.820516 0.254262
vt 0.820617 0.249308
vt 0.820617 0.254263
vt 0.619062 0.649059
vt 0.619161 0.644062
vt 0.619161 0.649059
vt 0.313094 0.931151
vt 0.313181 0.931202
vt 0.313094 0.931252
vt 0.939456 0.977118
vt 0.939368 0.977067
vt 0.939456 0.977017
vt 0.328605 0.770164
vt 0.328703 0.765167
vt 0.328703 0.770164
vt 0.820516 0.274405
vt 0.820617 0.269451
vt 0.820617 0.274406
vt 0.698219 0.012590
vt 0.698318 0.007594
vt 0.698318 0.012590
vt 0.932960 0.557982
vt 0.932960 0.558083
vt 0.932872 0.558032
vt 0.948235 0.940195
vt 0.948235 0.940296
vt 0.948147 0.940246
vt 0.619043 0.749980
vt 0.619142 0.744983
vt 0.619142 0.749980
vt 0.820516 0.294548
vt 0.820617 0.289594
vt 0.820617 0.294549
vt 0.698219 0.032775
vt 0.698318 0.027778
vt 0.698318 0.032775
vt 0.832532 0.946490
vt 0.832444 0.946541
vt 0.832444 0.946440
vt 0.963510 0.649713
vt 0.963510 0.649814
vt 0.963422 0.649763
vt 0.695474 0.729795
vt 0.695573 0.724799
vt 0.695573 0.729795
vt 0.820516 0.314691
vt 0.820617 0.309737
vt 0.820617 0.314691
vt 0.667645 0.396090
vt 0.667744 0.391093
vt 0.667744 0.396090
vt 0.932960 0.573321
vt 0.932872 0.573371
vt 0.932872 0.573270
vt 0.978785 0.420434
vt 0.978697 0.420485
vt 0.978697 0.420384
vt 0.710760 0.729795
vt 0.710859 0.724799
vt 0.710859 0.729795
vt 0.820516 0.334834
vt 0.820617 0.329879
vt 0.820617 0.334834
vt 0.160461 0.709611
vt 0.160560 0.704614
vt 0.160560 0.709611
vt 0.847807 0.946490
vt 0.847719 0.946541
vt 0.847719 0.946440
vt 0.801980 0.961829
vt 0.801892 0.961779
vt 0.801980 0.961728
vt 0.728792 0.012590
vt 0.728890 0.007594
vt 0.728890 0.012590
vt 0.820516 0.354976
vt 0.820617 0.350022
vt 0.820617 0.354977
vt 0.667645 0.416274
vt 0.667744 0.411277
vt 0.667744 0.416274
vt 0.862994 0.946440
vt 0.863082 0.946490
vt 0.862994 0.946541
vt 0.954731 0.977067
vt 0.954643 0.977118
vt 0.954643 0.977017
vt 0.728792 0.032775
vt 0.728890 0.027778
vt 0.728890 0.032775
vt 0.820516 0.375119
vt 0.820617 0.370165
vt 0.820617 0.375120
vt 0.175747 0.709611
vt 0.175847 0.704615
vt 0.175847 0.709611
vt 0.328369 0.931151
vt 0.328456 0.931202
vt 0.328369 0.931252
vt 0.978785 0.435723
vt 0.978697 0.435773
vt 0.978697 0.435672
vt 0.634329 0.749980
vt 0.634428 0.744983
vt 0.634428 0.749980
vt 0.820516 0.395262
vt 0.820617 0.390308
vt 0.820617 0.395263
vt 0.667645 0.436458
vt 0.667744 0.431461
vt 0.667744 0.436458
vt 0.948235 0.512116
vt 0.948235 0.512217
vt 0.948147 0.512167
vt 0.963510 0.665001
vt 0.963510 0.665102
vt 0.963422 0.665052
vt 0.343891 0.770164
vt 0.343990 0.765167
vt 0.343990 0.770164
vt 0.820516 0.415405
vt 0.820617 0.410451
vt 0.820617 0.415405
vt 0.698219 0.052959
vt 0.698318 0.047962
vt 0.698318 0.052959
vt 0.878357 0.946440
vt 0.878357 0.946541
vt 0.878269 0.946490
vt 0.978785 0.451011
vt 0.978697 0.451062
vt 0.978697 0.450961
vt 0.359177 0.770164
vt 0.359276 0.765167
vt 0.359276 0.770164
vt 0.175767 0.830592
vt 0.175868 0.825638
vt 0.175868 0.830592
vt 0.634349 0.649059
vt 0.634448 0.644062
vt 0.634448 0.649059
vt 0.932960 0.588559
vt 0.932960 0.588660
vt 0.932872 0.588610
vt 0.963510 0.680290
vt 0.963510 0.680391
vt 0.963422 0.680340
vt 0.649615 0.749980
vt 0.649714 0.744983
vt 0.649714 0.749980
vt 0.191055 0.830592
vt 0.191156 0.825638
vt 0.191156 0.830592
vt 0.652358 0.012590
vt 0.652458 0.007594
vt 0.652458 0.012590
vt 0.948235 0.527405
vt 0.948235 0.527506
vt 0.948147 0.527455
vt 0.221531 0.992356
vt 0.221444 0.992406
vt 0.221444 0.992305
vt 0.664902 0.749980
vt 0.665000 0.744983
vt 0.665000 0.749980
vt 0.206343 0.830592
vt 0.206444 0.825638
vt 0.206444 0.830592
vt 0.652358 0.032775
vt 0.652458 0.027778
vt 0.652458 0.032775
vt 0.948235 0.542693
vt 0.948235 0.542794
vt 0.948147 0.542744
vt 0.978785 0.466300
vt 0.978697 0.466350
vt 0.978697 0.466249
vt 0.680188 0.749980
vt 0.680287 0.744983
vt 0.680287 0.749980
vt 0.221632 0.830592
vt 0.221733 0.825638
vt 0.221733 0.830592
vt 0.191034 0.709611
vt 0.191133 0.704615
vt 0.191133 0.709611
vt 0.893632 0.946490
vt 0.893544 0.946541
vt 0.893544 0.946440
vt 0.481207 0.992356
vt 0.481119 0.992406
vt 0.481119 0.992305
vt 0.695474 0.749980
vt 0.695573 0.744983
vt 0.695573 0.749980
vt 0.236920 0.830592
vt 0.237021 0.825638
vt 0.237021 0.830592
vt 0.206321 0.709611
vt 0.206420 0.704614
vt 0.206420 0.709611
vt 0.908819 0.946440
vt 0.908907 0.946490
vt 0.908819 0.946541
vt 0.267356 0.977017
vt 0.267356 0.977118
vt 0.267268 0.977067
vt 0.728792 0.052959
vt 0.728890 0.047962
vt 0.728890 0.052959
vt 0.252209 0.830592
vt 0.252310 0.825638
vt 0.252310 0.830592
vt 0.667645 0.456642
vt 0.667744 0.451645
vt 0.667744 0.456642
vt 0.948235 0.557982
vt 0.948235 0.558083
vt 0.948147 0.558032
vt 0.963510 0.695578
vt 0.963510 0.695680
vt 0.963422 0.695629
vt 0.710760 0.749980
vt 0.710859 0.744983
vt 0.710859 0.749980
vt 0.267497 0.830592
vt 0.267598 0.825638
vt 0.267598 0.830592
vt 0.667645 0.476826
vt 0.667745 0.471830
vt 0.667745 0.476826
vt 0.948235 0.573270
vt 0.948235 0.573371
vt 0.948147 0.573321
vt 0.963510 0.710968
vt 0.963422 0.710918
vt 0.963510 0.710867
vt 0.726046 0.749980
vt 0.726145 0.744983
vt 0.726145 0.749980
vt 0.282786 0.830592
vt 0.282887 0.825638
vt 0.282887 0.830592
vt 0.667645 0.497010
vt 0.667744 0.492014
vt 0.667744 0.497010
vt 0.924182 0.946440
vt 0.924182 0.946541
vt 0.924094 0.946490
vt 0.236806 0.992356
vt 0.236719 0.992406
vt 0.236719 0.992305
vt 0.741333 0.749980
vt 0.741431 0.744983
vt 0.741431 0.749980
vt 0.298074 0.830592
vt 0.298175 0.825638
vt 0.298175 0.830592
vt 0.652358 0.052959
vt 0.652458 0.047962
vt 0.652458 0.052959
vt 0.948235 0.741444
vt 0.948235 0.741545
vt 0.948147 0.741495
vt 0.978785 0.481538
vt 0.978785 0.481639
vt 0.978697 0.481588
vt 0.374463 0.770164
vt 0.374562 0.765167
vt 0.374562 0.770164
vt 0.313362 0.830592
vt 0.313464 0.825638
vt 0.313464 0.830592
vt 0.698219 0.073143
vt 0.698318 0.068146
vt 0.698318 0.073143
vt 0.948235 0.802598
vt 0.948235 0.802700
vt 0.948147 0.802649
vt 0.282631 0.977017
vt 0.282631 0.977118
vt 0.282543 0.977067
vt 0.389750 0.770164
vt 0.389848 0.765167
vt 0.389848 0.770164
vt 0.328651 0.830592
vt 0.328752 0.825638
vt 0.328752 0.830592
vt 0.652358 0.073143
vt 0.652458 0.068146
vt 0.652458 0.073143
vt 0.948235 0.007644
vt 0.948147 0.007695
vt 0.948147 0.007594
vt 0.297906 0.977118
vt 0.297818 0.977067
vt 0.297906 0.977017
vt 0.759364 0.012590
vt 0.759463 0.007594
vt 0.759463 0.012590
vt 0.343939 0.830592
vt 0.344040 0.825638
vt 0.344040 0.830592
vt 0.698219 0.093327
vt 0.698318 0.088330
vt 0.698318 0.093327
vt 0.932872 0.603847
vt 0.932960 0.603898
vt 0.932872 0.603949
vt 0.313181 0.977017
vt 0.313181 0.977118
vt 0.313093 0.977067
vt 0.728792 0.073143
vt 0.728890 0.068146
vt 0.728890 0.073143
vt 0.805227 0.072977
vt 0.805328 0.068023
vt 0.805328 0.072978
vt 0.698219 0.113511
vt 0.698318 0.108515
vt 0.698318 0.113511
vt 0.948235 0.588559
vt 0.948235 0.588660
vt 0.948147 0.588609
vt 0.963510 0.726155
vt 0.963510 0.726257
vt 0.963422 0.726206
vt 0.759364 0.032775
vt 0.759463 0.027778
vt 0.759463 0.032775
vt 0.820516 0.435548
vt 0.820617 0.430594
vt 0.820617 0.435548
vt 0.221608 0.709611
vt 0.221707 0.704614
vt 0.221707 0.709611
vt 0.948235 0.603898
vt 0.948147 0.603949
vt 0.948147 0.603847
vt 0.978785 0.496877
vt 0.978697 0.496927
vt 0.978697 0.496826
vt 0.759364 0.052959
vt 0.759463 0.047962
vt 0.759463 0.052959
vt 0.820516 0.455690
vt 0.820617 0.450736
vt 0.820617 0.455691
vt 0.667645 0.517195
vt 0.667745 0.512198
vt 0.667745 0.517195
vt 0.948235 0.619186
vt 0.948147 0.619237
vt 0.948147 0.619136
vt 0.252081 0.992356
vt 0.251994 0.992406
vt 0.251994 0.992305
vt 0.728792 0.093327
vt 0.728890 0.088330
vt 0.728890 0.093327
vt 0.820516 0.475833
vt 0.820617 0.470879
vt 0.820617 0.475834
vt 0.236894 0.709611
vt 0.236994 0.704614
vt 0.236994 0.709611
vt 0.948235 0.756733
vt 0.948235 0.756834
vt 0.948147 0.756783
vt 0.328456 0.977118
vt 0.328368 0.977067
vt 0.328456 0.977017
vt 0.759364 0.073143
vt 0.759463 0.068146
vt 0.759463 0.073143
vt 0.820516 0.495976
vt 0.820617 0.491022
vt 0.820617 0.495977
vt 0.667645 0.537379
vt 0.667745 0.532382
vt 0.667745 0.537379
vt 0.948235 0.772072
vt 0.948147 0.772122
vt 0.948147 0.772021
vt 0.267357 0.992356
vt 0.267269 0.992406
vt 0.267269 0.992305
vt 0.744078 0.456643
vt 0.744177 0.451646
vt 0.744177 0.456643
vt 0.805227 0.093120
vt 0.805328 0.088166
vt 0.805328 0.093120
vt 0.635229 0.486453
vt 0.635329 0.481457
vt 0.635329 0.486453
vt 0.343644 0.931151
vt 0.343731 0.931202
vt 0.343644 0.931252
vt 0.963510 0.741545
vt 0.963422 0.741495
vt 0.963510 0.741444
vt 0.728792 0.113511
vt 0.728890 0.108515
vt 0.728890 0.113511
vt 0.805227 0.113263
vt 0.805328 0.108308
vt 0.805328 0.113263
vt 0.652358 0.093327
vt 0.652458 0.088330
vt 0.652458 0.093327
vt 0.917597 0.435674
vt 0.917685 0.435724
vt 0.917597 0.435775
vt 0.978785 0.512165
vt 0.978697 0.512216
vt 0.978697 0.512115
vt 0.759364 0.093327
vt 0.759463 0.088330
vt 0.759463 0.093327
vt 0.774650 0.314691
vt 0.774751 0.309737
vt 0.774751 0.314691
vt 0.652358 0.113511
vt 0.652458 0.108515
vt 0.652458 0.113511
vt 0.948235 0.022882
vt 0.948235 0.022983
vt 0.948147 0.022933
vt 0.282631 0.961829
vt 0.282543 0.961779
vt 0.282631 0.961728
vt 0.759364 0.113511
vt 0.759463 0.108515
vt 0.759463 0.113511
vt 0.774650 0.334834
vt 0.774751 0.329879
vt 0.774751 0.334834
vt 0.652358 0.133695
vt 0.652458 0.128699
vt 0.652458 0.133695
vt 0.359006 0.931202
vt 0.358919 0.931252
vt 0.358919 0.931151
vt 0.963510 0.756783
vt 0.963422 0.756834
vt 0.963422 0.756733
vt 0.405036 0.770164
vt 0.405135 0.765167
vt 0.405135 0.770164
vt 0.774650 0.354976
vt 0.774751 0.350022
vt 0.774751 0.354977
vt 0.652358 0.153880
vt 0.652458 0.148883
vt 0.652458 0.153880
vt 0.374282 0.931202
vt 0.374194 0.931252
vt 0.374194 0.931151
vt 0.343731 0.977067
vt 0.343643 0.977118
vt 0.343643 0.977017
vt 0.759364 0.133696
vt 0.759463 0.128699
vt 0.759463 0.133696
vt 0.774650 0.375119
vt 0.774751 0.370165
vt 0.774751 0.375120
vt 0.667645 0.557563
vt 0.667745 0.552566
vt 0.667745 0.557563
vt 0.932872 0.619136
vt 0.932960 0.619186
vt 0.932872 0.619237
vt 0.359006 0.977118
vt 0.358918 0.977067
vt 0.359006 0.977017
vt 0.759364 0.153880
vt 0.759463 0.148883
vt 0.759463 0.153880
vt 0.774650 0.395262
vt 0.774751 0.390308
vt 0.774751 0.395263
vt 0.667645 0.577747
vt 0.667744 0.572750
vt 0.667744 0.577747
vt 0.389557 0.931202
vt 0.389469 0.931252
vt 0.389469 0.931151
vt 0.817255 0.961728
vt 0.817255 0.961829
vt 0.817167 0.961779
vt 0.713505 0.113511
vt 0.713604 0.108515
vt 0.713604 0.113511
vt 0.774650 0.415405
vt 0.774751 0.410451
vt 0.774751 0.415405
vt 0.667645 0.597931
vt 0.667745 0.592934
vt 0.667745 0.597931
vt 0.932872 0.634424
vt 0.932960 0.634475
vt 0.932872 0.634526
vt 0.297906 0.961728
vt 0.297906 0.961829
vt 0.297818 0.961779
vt 0.713505 0.133696
vt 0.713604 0.128699
vt 0.713604 0.133696
vt 0.774650 0.435548
vt 0.774751 0.430594
vt 0.774751 0.435548
vt 0.667645 0.618115
vt 0.667744 0.613119
vt 0.667744 0.618115
vt 0.404831 0.931151
vt 0.404831 0.931252
vt 0.404744 0.931202
vt 0.282632 0.992356
vt 0.282544 0.992406
vt 0.282544 0.992305
vt 0.713505 0.153880
vt 0.713604 0.148883
vt 0.713604 0.153880
vt 0.774650 0.455690
vt 0.774751 0.450736
vt 0.774751 0.455691
vt 0.667645 0.638300
vt 0.667745 0.633303
vt 0.667745 0.638300
vt 0.932872 0.649713
vt 0.932960 0.649764
vt 0.932872 0.649814
vt 0.978785 0.527454
vt 0.978697 0.527504
vt 0.978697 0.527403
vt 0.744078 0.476827
vt 0.744177 0.471830
vt 0.744177 0.476827
vt 0.774650 0.475833
vt 0.774751 0.470879
vt 0.774751 0.475834
vt 0.652359 0.174064
vt 0.652458 0.169067
vt 0.652458 0.174064
vt 0.948147 0.038171
vt 0.948235 0.038221
vt 0.948147 0.038272
vt 0.297907 0.992356
vt 0.297819 0.992406
vt 0.297819 0.992305
vt 0.420322 0.770164
vt 0.420421 0.765167
vt 0.420421 0.770164
vt 0.774650 0.495976
vt 0.774751 0.491022
vt 0.774751 0.495977
vt 0.652358 0.194248
vt 0.652458 0.189251
vt 0.652458 0.194248
vt 0.917685 0.084087
vt 0.917597 0.084138
vt 0.917597 0.084037
vt 0.007681 0.961728
vt 0.007681 0.961829
vt 0.007594 0.961779
vt 0.435608 0.770164
vt 0.435707 0.765167
vt 0.435707 0.770164
vt 0.774650 0.516119
vt 0.774751 0.511165
vt 0.774751 0.516120
vt 0.652359 0.214432
vt 0.652458 0.209435
vt 0.652458 0.214432
vt 0.420019 0.931151
vt 0.420106 0.931202
vt 0.420019 0.931252
vt 0.832530 0.961829
vt 0.832442 0.961779
vt 0.832530 0.961728
vt 0.728792 0.133696
vt 0.728890 0.128699
vt 0.728890 0.133696
vt 0.774650 0.536262
vt 0.774751 0.531308
vt 0.774751 0.536262
vt 0.652358 0.234616
vt 0.652458 0.229620
vt 0.652458 0.234616
vt 0.435381 0.931151
vt 0.435381 0.931252
vt 0.435294 0.931202
vt 0.963510 0.772072
vt 0.963422 0.772122
vt 0.963422 0.772021
vt 0.450895 0.770164
vt 0.450993 0.765167
vt 0.450993 0.770164
vt 0.805227 0.133405
vt 0.805328 0.128451
vt 0.805328 0.133406
vt 0.652358 0.254800
vt 0.652458 0.249804
vt 0.652458 0.254800
vt 0.948235 0.053459
vt 0.948235 0.053561
vt 0.948147 0.053510
vt 0.022956 0.961829
vt 0.022869 0.961779
vt 0.022956 0.961728
vt 0.713505 0.174064
vt 0.713604 0.169067
vt 0.713604 0.174064
vt 0.805227 0.153548
vt 0.805328 0.148594
vt 0.805328 0.153549
vt 0.667645 0.658484
vt 0.667744 0.653487
vt 0.667744 0.658484
vt 0.948235 0.068748
vt 0.948235 0.068849
vt 0.948147 0.068799
vt 0.978785 0.007644
vt 0.978697 0.007695
vt 0.978697 0.007594
vt 0.759364 0.174064
vt 0.759463 0.169067
vt 0.759463 0.174064
vt 0.805227 0.173691
vt 0.805328 0.168737
vt 0.805328 0.173692
vt 0.682932 0.012590
vt 0.683031 0.007594
vt 0.683031 0.012590
vt 0.450569 0.931151
vt 0.450656 0.931202
vt 0.450569 0.931252
vt 0.374281 0.977067
vt 0.374193 0.977118
vt 0.374193 0.977017
vt 0.759364 0.194248
vt 0.759463 0.189251
vt 0.759463 0.194248
vt 0.805227 0.193834
vt 0.805328 0.188880
vt 0.805328 0.193834
vt 0.682932 0.032775
vt 0.683031 0.027778
vt 0.683031 0.032775
vt 0.917685 0.451013
vt 0.917597 0.451063
vt 0.917597 0.450962
vt 0.389556 0.977017
vt 0.389556 0.977118
vt 0.389468 0.977067
vt 0.759364 0.214432
vt 0.759463 0.209436
vt 0.759463 0.214432
vt 0.805227 0.213977
vt 0.805328 0.209023
vt 0.805328 0.213977
vt 0.682932 0.052959
vt 0.683031 0.047962
vt 0.683031 0.052959
vt 0.948235 0.634424
vt 0.948235 0.634526
vt 0.948147 0.634475
vt 0.038231 0.961728
vt 0.038231 0.961829
vt 0.038144 0.961779
vt 0.759364 0.234617
vt 0.759463 0.229620
vt 0.759463 0.234617
vt 0.805227 0.234119
vt 0.805328 0.229165
vt 0.805328 0.234120
vt 0.652358 0.274985
vt 0.652458 0.269988
vt 0.652458 0.274985
vt 0.932960 0.665052
vt 0.932873 0.665103
vt 0.932873 0.665002
vt 0.404831 0.977118
vt 0.404743 0.977067
vt 0.404831 0.977017
vt 0.744078 0.497011
vt 0.744177 0.492014
vt 0.744177 0.497011
vt 0.805227 0.254262
vt 0.805328 0.249308
vt 0.805328 0.254263
vt 0.652358 0.295169
vt 0.652458 0.290172
vt 0.652458 0.295169
vt 0.932960 0.680290
vt 0.932960 0.680391
vt 0.932872 0.680341
vt 0.313181 0.961829
vt 0.313093 0.961779
vt 0.313181 0.961728
vt 0.728792 0.153880
vt 0.728890 0.148883
vt 0.728890 0.153880
vt 0.805227 0.274405
vt 0.805328 0.269451
vt 0.805328 0.274406
vt 0.698219 0.133695
vt 0.698318 0.128699
vt 0.698318 0.133695
vt 0.465844 0.931151
vt 0.465931 0.931202
vt 0.465844 0.931252
vt 0.948235 0.833176
vt 0.948235 0.833277
vt 0.948147 0.833226
vt 0.728792 0.174064
vt 0.728890 0.169067
vt 0.728890 0.174064
vt 0.805227 0.294548
vt 0.805328 0.289594
vt 0.805328 0.294549
vt 0.652358 0.315353
vt 0.652458 0.310356
vt 0.652458 0.315353
vt 0.481119 0.931151
vt 0.481207 0.931202
vt 0.481119 0.931252
vt 0.588132 0.992356
vt 0.588044 0.992406
vt 0.588044 0.992305
vt 0.728792 0.194248
vt 0.728890 0.189251
vt 0.728890 0.194248
vt 0.496824 0.790306
vt 0.496925 0.785352
vt 0.496925 0.790307
vt 0.652358 0.335537
vt 0.652458 0.330540
vt 0.652458 0.335537
vt 0.496482 0.931202
vt 0.496394 0.931252
vt 0.496394 0.931151
vt 0.948235 0.848464
vt 0.948235 0.848565
vt 0.948148 0.848515
vt 0.466181 0.770164
vt 0.466280 0.765167
vt 0.466280 0.770164
vt 0.512112 0.790306
vt 0.512213 0.785352
vt 0.512213 0.790307
vt 0.682932 0.073143
vt 0.683031 0.068146
vt 0.683031 0.073143
vt 0.511757 0.931202
vt 0.511669 0.931252
vt 0.511669 0.931151
vt 0.978785 0.542742
vt 0.978697 0.542793
vt 0.978697 0.542692
vt 0.759364 0.254801
vt 0.759463 0.249804
vt 0.759463 0.254801
vt 0.527401 0.790306
vt 0.527502 0.785352
vt 0.527502 0.790307
vt 0.252181 0.709611
vt 0.252280 0.704614
vt 0.252280 0.709611
vt 0.527032 0.931202
vt 0.526944 0.931252
vt 0.526944 0.931151
vt 0.948235 0.863854
vt 0.948147 0.863803
vt 0.948235 0.863752
vt 0.713505 0.194248
vt 0.713604 0.189251
vt 0.713604 0.194248
vt 0.527326 0.770122
vt 0.527427 0.765168
vt 0.527427 0.770122
vt 0.682932 0.093327
vt 0.683031 0.088330
vt 0.683031 0.093327
vt 0.917597 0.466251
vt 0.917685 0.466301
vt 0.917597 0.466352
vt 0.328456 0.961728
vt 0.328456 0.961829
vt 0.328368 0.961779
vt 0.418249 0.007595
vt 0.418093 0.078322
vt 0.418093 0.007594
vt 0.387461 0.093430
vt 0.387282 0.164078
vt 0.387282 0.093431
vt 0.084467 0.428385
vt 0.084311 0.499080
vt 0.084311 0.428383
vt 0.779236 0.915530
vt 0.779389 0.915623
vt 0.779236 0.915702
vt 0.702690 0.915703
vt 0.702536 0.915623
vt 0.702690 0.915529
vt 0.007750 0.428384
vt 0.007594 0.499111
vt 0.007594 0.428383
vt 0.387461 0.179265
vt 0.387282 0.249913
vt 0.387282 0.179266
vt 0.099810 0.428385
vt 0.099654 0.499080
vt 0.099654 0.428383
vt 0.825412 0.915608
vt 0.825258 0.915702
vt 0.825258 0.915529
vt 0.672008 0.915703
vt 0.671854 0.915623
vt 0.672008 0.915529
vt 0.418249 0.093511
vt 0.418093 0.164239
vt 0.418093 0.093510
vt 0.387461 0.265101
vt 0.387282 0.335749
vt 0.387282 0.265102
vt 0.023093 0.428385
vt 0.022937 0.499080
vt 0.022937 0.428383
vt 0.810071 0.915608
vt 0.809917 0.915702
vt 0.809917 0.915530
vt 0.718031 0.915529
vt 0.718031 0.915703
vt 0.717877 0.915610
vt 0.713505 0.214432
vt 0.713604 0.209436
vt 0.713604 0.214432
vt 0.805227 0.314691
vt 0.805328 0.309737
vt 0.805328 0.314691
vt 0.652358 0.355721
vt 0.652458 0.350725
vt 0.652458 0.355721
vt 0.917685 0.481539
vt 0.917685 0.481640
vt 0.917597 0.481590
vt 0.978785 0.022933
vt 0.978697 0.022983
vt 0.978697 0.022882
vt 0.728792 0.214432
vt 0.728890 0.209436
vt 0.728890 0.214432
vt 0.820516 0.516119
vt 0.820617 0.511165
vt 0.820617 0.516120
vt 0.652358 0.375905
vt 0.652458 0.370909
vt 0.652458 0.375905
vt 0.542307 0.931151
vt 0.542307 0.931252
vt 0.542219 0.931202
vt 0.053506 0.961728
vt 0.053506 0.961829
vt 0.053419 0.961779
vt 0.728792 0.234617
vt 0.728890 0.229620
vt 0.728890 0.234617
vt 0.820516 0.536262
vt 0.820617 0.531308
vt 0.820617 0.536262
vt 0.652358 0.396090
vt 0.652458 0.391093
vt 0.652458 0.396090
vt 0.932960 0.695629
vt 0.932872 0.695680
vt 0.932872 0.695579
vt 0.313182 0.992356
vt 0.313094 0.992406
vt 0.313094 0.992305
vt 0.728792 0.254801
vt 0.728890 0.249804
vt 0.728890 0.254801
vt 0.820516 0.556405
vt 0.820617 0.551450
vt 0.820617 0.556405
vt 0.652358 0.416274
vt 0.652458 0.411277
vt 0.652458 0.416274
vt 0.932960 0.710918
vt 0.932872 0.710968
vt 0.932872 0.710867
vt 0.420106 0.977067
vt 0.420018 0.977118
vt 0.420018 0.977017
vt 0.728792 0.274985
vt 0.728890 0.269988
vt 0.728890 0.274985
vt 0.789939 0.133405
vt 0.790040 0.128451
vt 0.790040 0.133406
vt 0.652358 0.436458
vt 0.652458 0.431461
vt 0.652458 0.436458
vt 0.557494 0.931151
vt 0.557582 0.931202
vt 0.557494 0.931252
vt 0.978785 0.558031
vt 0.978697 0.558081
vt 0.978697 0.557980
vt 0.728792 0.295169
vt 0.728890 0.290172
vt 0.728890 0.295169
vt 0.789939 0.153548
vt 0.790040 0.148594
vt 0.790040 0.153549
vt 0.652358 0.456642
vt 0.652458 0.451645
vt 0.652458 0.456642
vt 0.572857 0.931202
vt 0.572769 0.931252
vt 0.572769 0.931151
vt 0.068781 0.961728
vt 0.068781 0.961829
vt 0.068694 0.961779
vt 0.728792 0.315353
vt 0.728890 0.310357
vt 0.728890 0.315353
vt 0.820516 0.576547
vt 0.820617 0.571593
vt 0.820617 0.576548
vt 0.652358 0.476826
vt 0.652458 0.471830
vt 0.652458 0.476826
vt 0.917685 0.496878
vt 0.917598 0.496929
vt 0.917598 0.496828
vt 0.963510 0.787411
vt 0.963422 0.787360
vt 0.963510 0.787310
vt 0.728792 0.335538
vt 0.728890 0.330541
vt 0.728890 0.335537
vt 0.820516 0.596690
vt 0.820617 0.591736
vt 0.820617 0.596691
vt 0.698219 0.153880
vt 0.698318 0.148883
vt 0.698318 0.153880
vt 0.917597 0.512116
vt 0.917685 0.512167
vt 0.917597 0.512217
vt 0.084056 0.961728
vt 0.084056 0.961829
vt 0.083969 0.961779
vt 0.728792 0.355722
vt 0.728890 0.350725
vt 0.728890 0.355722
vt 0.820515 0.616833
vt 0.820617 0.611879
vt 0.820617 0.616834
vt 0.635229 0.506637
vt 0.635329 0.501641
vt 0.635329 0.506637
vt 0.917597 0.527405
vt 0.917685 0.527455
vt 0.917597 0.527506
vt 0.978785 0.573319
vt 0.978697 0.573370
vt 0.978697 0.573269
vt 0.728792 0.375906
vt 0.728890 0.370909
vt 0.728890 0.375906
vt 0.820516 0.636976
vt 0.820617 0.632022
vt 0.820617 0.636976
vt 0.635229 0.284612
vt 0.635329 0.279615
vt 0.635329 0.284612
vt 0.917597 0.542693
vt 0.917685 0.542744
vt 0.917597 0.542795
vt 0.963510 0.802699
vt 0.963422 0.802649
vt 0.963510 0.802598
vt 0.728792 0.396090
vt 0.728890 0.391093
vt 0.728890 0.396090
vt 0.820516 0.657119
vt 0.820617 0.652165
vt 0.820617 0.657119
vt 0.682932 0.113511
vt 0.683031 0.108515
vt 0.683031 0.113511
vt 0.917597 0.099325
vt 0.917685 0.099376
vt 0.917597 0.099426
vt 0.847805 0.961728
vt 0.847805 0.961829
vt 0.847717 0.961779
vt 0.728792 0.416274
vt 0.728890 0.411278
vt 0.728890 0.416274
vt 0.820515 0.677261
vt 0.820616 0.672307
vt 0.820616 0.677262
vt 0.682932 0.133695
vt 0.683031 0.128699
vt 0.683031 0.133695
vt 0.588132 0.931151
vt 0.588132 0.931252
vt 0.588044 0.931202
vt 0.863080 0.961829
vt 0.862992 0.961779
vt 0.863080 0.961728
vt 0.759364 0.274985
vt 0.759463 0.269988
vt 0.759463 0.274985
vt 0.542689 0.790306
vt 0.542790 0.785352
vt 0.542790 0.790307
vt 0.652358 0.497010
vt 0.652458 0.492014
vt 0.652458 0.497010
vt 0.917685 0.558033
vt 0.917597 0.558083
vt 0.917597 0.557982
vt 0.978785 0.588608
vt 0.978697 0.588658
vt 0.978697 0.588557
vt 0.759364 0.295169
vt 0.759463 0.290172
vt 0.759463 0.295169
vt 0.557978 0.790306
vt 0.558079 0.785352
vt 0.558079 0.790307
vt 0.682932 0.153880
vt 0.683031 0.148883
vt 0.683031 0.153880
vt 0.917685 0.573321
vt 0.917597 0.573372
vt 0.917597 0.573270
vt 0.099331 0.961728
vt 0.099331 0.961829
vt 0.099244 0.961779
vt 0.759364 0.315353
vt 0.759463 0.310357
vt 0.759463 0.315353
vt 0.573266 0.790306
vt 0.573367 0.785352
vt 0.573367 0.790307
vt 0.682932 0.174064
vt 0.683031 0.169067
vt 0.683031 0.174064
vt 0.932960 0.726156
vt 0.932960 0.726257
vt 0.932872 0.726206
vt 0.435381 0.977067
vt 0.435293 0.977118
vt 0.435293 0.977017
vt 0.759364 0.335538
vt 0.759463 0.330541
vt 0.759463 0.335537
vt 0.588554 0.790306
vt 0.588655 0.785352
vt 0.588655 0.790307
vt 0.652358 0.517195
vt 0.652458 0.512198
vt 0.652458 0.517195
vt 0.917685 0.588609
vt 0.917597 0.588660
vt 0.917597 0.588559
vt 0.878355 0.961829
vt 0.878267 0.961779
vt 0.878355 0.961728
vt 0.759364 0.355722
vt 0.759463 0.350725
vt 0.759463 0.355722
vt 0.603843 0.790306
vt 0.603944 0.785352
vt 0.603944 0.790307
vt 0.682932 0.194248
vt 0.683031 0.189251
vt 0.683031 0.194248
vt 0.917597 0.603848
vt 0.917685 0.603898
vt 0.917597 0.603949
vt 0.978785 0.603896
vt 0.978697 0.603947
vt 0.978697 0.603846
vt 0.759364 0.375906
vt 0.759463 0.370909
vt 0.759463 0.375906
vt 0.619131 0.790306
vt 0.619232 0.785352
vt 0.619232 0.790307
vt 0.682932 0.214432
vt 0.683031 0.209435
vt 0.683031 0.214432
vt 0.948235 0.084087
vt 0.948147 0.084138
vt 0.948147 0.084037
vt 0.978785 0.619185
vt 0.978697 0.619235
vt 0.978697 0.619134
vt 0.759364 0.396090
vt 0.759463 0.391093
vt 0.759463 0.396090
vt 0.805227 0.334834
vt 0.805328 0.329879
vt 0.805328 0.334834
vt 0.682932 0.234616
vt 0.683031 0.229620
vt 0.683031 0.234616
vt 0.603407 0.931202
vt 0.603319 0.931252
vt 0.603319 0.931151
vt 0.893630 0.961829
vt 0.893542 0.961779
vt 0.893630 0.961728
vt 0.759364 0.416274
vt 0.759463 0.411277
vt 0.759463 0.416274
vt 0.805227 0.354976
vt 0.805328 0.350022
vt 0.805328 0.354977
vt 0.682932 0.254800
vt 0.683031 0.249804
vt 0.683031 0.254800
vt 0.917685 0.619136
vt 0.917685 0.619237
vt 0.917597 0.619187
vt 0.908905 0.961829
vt 0.908817 0.961779
vt 0.908905 0.961728
vt 0.759364 0.436458
vt 0.759463 0.431462
vt 0.759463 0.436458
vt 0.805227 0.375119
vt 0.805328 0.370165
vt 0.805328 0.375120
vt 0.682932 0.274985
vt 0.683031 0.269988
vt 0.683031 0.274985
vt 0.618594 0.931151
vt 0.618682 0.931202
vt 0.618594 0.931252
vt 0.343731 0.961829
vt 0.343643 0.961779
vt 0.343731 0.961728
vt 0.759364 0.456643
vt 0.759463 0.451646
vt 0.759463 0.456643
vt 0.805227 0.395262
vt 0.805328 0.390308
vt 0.805328 0.395263
vt 0.682932 0.295169
vt 0.683031 0.290172
vt 0.683031 0.295169
vt 0.917685 0.634475
vt 0.917597 0.634526
vt 0.917597 0.634425
vt 0.978785 0.634473
vt 0.978697 0.634524
vt 0.978697 0.634423
vt 0.759364 0.476827
vt 0.759463 0.471830
vt 0.759463 0.476827
vt 0.805227 0.415405
vt 0.805328 0.410451
vt 0.805328 0.415405
vt 0.682932 0.315353
vt 0.683031 0.310356
vt 0.683031 0.315353
vt 0.917685 0.649764
vt 0.917597 0.649814
vt 0.917597 0.649713
vt 0.924180 0.961728
vt 0.924180 0.961829
vt 0.924092 0.961779
vt 0.759364 0.497011
vt 0.759463 0.492014
vt 0.759463 0.497011
vt 0.805227 0.435548
vt 0.805328 0.430594
vt 0.805328 0.435548
vt 0.682932 0.335537
vt 0.683031 0.330540
vt 0.683031 0.335537
vt 0.917597 0.114614
vt 0.917685 0.114664
vt 0.917597 0.114715
vt 0.939455 0.961829
vt 0.939367 0.961779
vt 0.939455 0.961728
vt 0.759364 0.517195
vt 0.759463 0.512199
vt 0.759463 0.517195
vt 0.805227 0.455690
vt 0.805328 0.450736
vt 0.805328 0.455691
vt 0.682932 0.355721
vt 0.683031 0.350725
vt 0.683031 0.355721
vt 0.917597 0.665002
vt 0.917685 0.665052
vt 0.917597 0.665103
vt 0.963510 0.007594
vt 0.963510 0.007695
vt 0.963422 0.007644
vt 0.759364 0.537380
vt 0.759463 0.532383
vt 0.759463 0.537379
vt 0.805227 0.475833
vt 0.805328 0.470879
vt 0.805328 0.475834
vt 0.682932 0.375905
vt 0.683031 0.370909
vt 0.683031 0.375905
vt 0.917685 0.680290
vt 0.917685 0.680391
vt 0.917597 0.680341
vt 0.963510 0.817988
vt 0.963422 0.817937
vt 0.963510 0.817887
vt 0.759364 0.557564
vt 0.759463 0.552567
vt 0.759463 0.557564
vt 0.805227 0.495976
vt 0.805328 0.491022
vt 0.805328 0.495977
vt 0.682932 0.396090
vt 0.683031 0.391093
vt 0.683031 0.396090
vt 0.917685 0.695579
vt 0.917685 0.695680
vt 0.917597 0.695629
vt 0.963510 0.022983
vt 0.963422 0.022933
vt 0.963510 0.022882
vt 0.713505 0.234617
vt 0.713604 0.229620
vt 0.713604 0.234617
vt 0.805227 0.516119
vt 0.805328 0.511165
vt 0.805328 0.516120
vt 0.652358 0.537379
vt 0.652458 0.532382
vt 0.652458 0.537379
vt 0.917685 0.710867
vt 0.917685 0.710968
vt 0.917597 0.710918
vt 0.114606 0.961728
vt 0.114606 0.961829
vt 0.114519 0.961779
vt 0.728792 0.436458
vt 0.728890 0.431462
vt 0.728890 0.436458
vt 0.805227 0.536262
vt 0.805328 0.531308
vt 0.805328 0.536262
vt 0.652358 0.557563
vt 0.652458 0.552566
vt 0.652458 0.557563
vt 0.932960 0.741444
vt 0.932960 0.741545
vt 0.932872 0.741495
vt 0.978785 0.649762
vt 0.978697 0.649812
vt 0.978697 0.649711
vt 0.728792 0.456643
vt 0.728890 0.451646
vt 0.728890 0.456643
vt 0.805227 0.556405
vt 0.805328 0.551450
vt 0.805328 0.556405
vt 0.652358 0.577747
vt 0.652458 0.572750
vt 0.652458 0.577747
vt 0.932960 0.756733
vt 0.932960 0.756834
vt 0.932872 0.756783
vt 0.978785 0.665050
vt 0.978697 0.665101
vt 0.978697 0.665000
vt 0.728792 0.476827
vt 0.728890 0.471830
vt 0.728890 0.476827
vt 0.805227 0.576547
vt 0.805328 0.571593
vt 0.805328 0.576548
vt 0.652358 0.597931
vt 0.652458 0.592934
vt 0.652458 0.597931
vt 0.917597 0.129902
vt 0.917685 0.129953
vt 0.917597 0.130003
vt 0.963510 0.038272
vt 0.963422 0.038221
vt 0.963510 0.038171
vt 0.728792 0.497011
vt 0.728890 0.492014
vt 0.728890 0.497011
vt 0.805227 0.596690
vt 0.805328 0.591736
vt 0.805328 0.596691
vt 0.652358 0.618115
vt 0.652458 0.613119
vt 0.652458 0.618115
vt 0.917685 0.726156
vt 0.917685 0.726257
vt 0.917597 0.726206
vt 0.450656 0.977118
vt 0.450568 0.977067
vt 0.450656 0.977017
vt 0.728792 0.517195
vt 0.728890 0.512199
vt 0.728890 0.517195
vt 0.805227 0.616833
vt 0.805328 0.611879
vt 0.805328 0.616834
vt 0.652358 0.638300
vt 0.652458 0.633303
vt 0.652458 0.638300
vt 0.932960 0.772072
vt 0.932873 0.772122
vt 0.932873 0.772021
vt 0.963510 0.053560
vt 0.963422 0.053510
vt 0.963510 0.053459
vt 0.728792 0.537380
vt 0.728890 0.532383
vt 0.728890 0.537379
vt 0.820516 0.697404
vt 0.820617 0.692450
vt 0.820617 0.697405
vt 0.007594 0.669243
vt 0.007693 0.664246
vt 0.007693 0.669243
vt 0.932873 0.787310
vt 0.932960 0.787360
vt 0.932873 0.787411
vt 0.963510 0.068849
vt 0.963422 0.068798
vt 0.963510 0.068748
vt 0.728792 0.557564
vt 0.728890 0.552567
vt 0.728890 0.557564
vt 0.820516 0.717547
vt 0.820617 0.712593
vt 0.820617 0.717548
vt 0.022880 0.669243
vt 0.022980 0.664246
vt 0.022980 0.669243
vt 0.932872 0.802598
vt 0.932960 0.802649
vt 0.932872 0.802700
vt 0.963510 0.084138
vt 0.963422 0.084087
vt 0.963510 0.084036
vt 0.728792 0.577748
vt 0.728890 0.572751
vt 0.728890 0.577748
vt 0.820516 0.737690
vt 0.820617 0.732736
vt 0.820617 0.737691
vt 0.038167 0.669243
vt 0.038266 0.664246
vt 0.038266 0.669243
vt 0.633957 0.931202
vt 0.633869 0.931252
vt 0.633869 0.931151
vt 0.129881 0.961728
vt 0.129881 0.961829
vt 0.129794 0.961779
vt 0.713505 0.254801
vt 0.713604 0.249804
vt 0.713604 0.254801
vt 0.820516 0.757833
vt 0.820617 0.752879
vt 0.820617 0.757833
vt 0.053454 0.669243
vt 0.053553 0.664246
vt 0.053553 0.669243
vt 0.932960 0.817938
vt 0.932872 0.817988
vt 0.932872 0.817887
vt 0.978785 0.680339
vt 0.978697 0.680389
vt 0.978697 0.680288
vt 0.759364 0.577748
vt 0.759463 0.572751
vt 0.759463 0.577748
vt 0.820516 0.777976
vt 0.820617 0.773021
vt 0.820617 0.777976
vt 0.068741 0.669243
vt 0.068840 0.664246
vt 0.068840 0.669243
vt 0.649232 0.931202
vt 0.649144 0.931252
vt 0.649144 0.931151
vt 0.359006 0.961728
vt 0.359006 0.961829
vt 0.358918 0.961779
vt 0.728792 0.597932
vt 0.728890 0.592935
vt 0.728890 0.597932
vt 0.805227 0.636976
vt 0.805328 0.632022
vt 0.805328 0.636976
vt 0.084027 0.669243
vt 0.084127 0.664246
vt 0.084127 0.669243
vt 0.917685 0.741444
vt 0.917685 0.741546
vt 0.917597 0.741495
vt 0.963510 0.833276
vt 0.963422 0.833226
vt 0.963510 0.833175
vt 0.728792 0.618116
vt 0.728890 0.613120
vt 0.728890 0.618116
vt 0.805227 0.657119
vt 0.805328 0.652165
vt 0.805328 0.657119
vt 0.099314 0.669243
vt 0.099413 0.664246
vt 0.099413 0.669243
vt 0.932960 0.833176
vt 0.932960 0.833277
vt 0.932872 0.833226
vt 0.963510 0.099325
vt 0.963510 0.099426
vt 0.963422 0.099376
vt 0.728792 0.638301
vt 0.728890 0.633304
vt 0.728890 0.638300
vt 0.774650 0.556405
vt 0.774751 0.551450
vt 0.774751 0.556405
vt 0.114601 0.669243
vt 0.114700 0.664246
vt 0.114700 0.669243
vt 0.917685 0.756784
vt 0.917597 0.756834
vt 0.917597 0.756733
vt 0.978785 0.038221
vt 0.978697 0.038272
vt 0.978697 0.038171
vt 0.713505 0.274985
vt 0.713604 0.269988
vt 0.713604 0.274985
vt 0.805227 0.677261
vt 0.805328 0.672307
vt 0.805328 0.677262
vt 0.129887 0.669243
vt 0.129987 0.664246
vt 0.129987 0.669243
vt 0.917685 0.772072
vt 0.917597 0.772123
vt 0.917597 0.772021
vt 0.145156 0.961829
vt 0.145069 0.961779
vt 0.145156 0.961728
vt 0.728792 0.658485
vt 0.728890 0.653488
vt 0.728890 0.658485
vt 0.805227 0.697404
vt 0.805328 0.692450
vt 0.805328 0.697405
vt 0.145174 0.669243
vt 0.145273 0.664246
vt 0.145273 0.669243
vt 0.664507 0.931202
vt 0.664419 0.931252
vt 0.664419 0.931151
vt 0.978785 0.053510
vt 0.978697 0.053560
vt 0.978697 0.053459
vt 0.481467 0.770164
vt 0.481566 0.765167
vt 0.481566 0.770164
vt 0.805227 0.717547
vt 0.805328 0.712593
vt 0.805328 0.717548
vt 0.160461 0.669243
vt 0.160560 0.664246
vt 0.160560 0.669243
vt 0.932872 0.848464
vt 0.932960 0.848515
vt 0.932872 0.848565
vt 0.963510 0.114715
vt 0.963422 0.114664
vt 0.963510 0.114614
vt 0.759364 0.597932
vt 0.759463 0.592935
vt 0.759463 0.597932
vt 0.805227 0.737690
vt 0.805328 0.732736
vt 0.805328 0.737691
vt 0.175747 0.669243
vt 0.175847 0.664246
vt 0.175847 0.669243
vt 0.917597 0.787310
vt 0.917685 0.787361
vt 0.917597 0.787411
vt 0.978785 0.695627
vt 0.978697 0.695678
vt 0.978697 0.695577
vt 0.759364 0.618116
vt 0.759463 0.613120
vt 0.759463 0.618116
vt 0.805227 0.757833
vt 0.805328 0.752879
vt 0.805328 0.757833
vt 0.191034 0.669243
vt 0.191133 0.664246
vt 0.191133 0.669243
vt 0.917685 0.802599
vt 0.917685 0.802700
vt 0.917597 0.802649
vt 0.978785 0.068798
vt 0.978697 0.068849
vt 0.978697 0.068748
vt 0.759364 0.638301
vt 0.759463 0.633304
vt 0.759463 0.638300
vt 0.805227 0.777976
vt 0.805328 0.773021
vt 0.805328 0.777976
vt 0.635229 0.526821
vt 0.635329 0.521825
vt 0.635329 0.526822
vt 0.932872 0.863753
vt 0.932960 0.863803
vt 0.932872 0.863854
vt 0.978785 0.084087
vt 0.978697 0.084137
vt 0.978697 0.084036
vt 0.728792 0.678669
vt 0.728890 0.673672
vt 0.728890 0.678669
vt 0.007594 0.810449
vt 0.007695 0.805495
vt 0.007695 0.810449
vt 0.635229 0.547006
vt 0.635329 0.542009
vt 0.635329 0.547006
vt 0.917597 0.817887
vt 0.917685 0.817938
vt 0.917597 0.817988
vt 0.160431 0.961728
vt 0.160431 0.961829
vt 0.160344 0.961779
vt 0.759364 0.658485
vt 0.759463 0.653488
vt 0.759463 0.658485
vt 0.820516 0.798118
vt 0.820617 0.793164
vt 0.820617 0.798119
vt 0.682932 0.416274
vt 0.683031 0.411277
vt 0.683031 0.416274
vt 0.932872 0.879041
vt 0.932960 0.879092
vt 0.932872 0.879142
vt 0.978785 0.099375
vt 0.978697 0.099426
vt 0.978697 0.099325
vt 0.759364 0.678669
vt 0.759463 0.673672
vt 0.759463 0.678669
vt 0.022882 0.810449
vt 0.022983 0.805495
vt 0.022983 0.810449
vt 0.682932 0.436458
vt 0.683031 0.431461
vt 0.683031 0.436458
vt 0.948235 0.099325
vt 0.948235 0.099426
vt 0.948147 0.099376
vt 0.963510 0.129902
vt 0.963510 0.130003
vt 0.963422 0.129953
vt 0.503192 0.344012
vt 0.503349 0.308970
vt 0.503349 0.344012
vt 0.291958 0.514299
vt 0.291778 0.547688
vt 0.291778 0.514299
vt 0.038427 0.514299
vt 0.038274 0.549341
vt 0.038274 0.514299
vt 0.518593 0.915530
vt 0.518593 0.915708
vt 0.518437 0.915618
vt 0.579962 0.915707
vt 0.579808 0.915615
vt 0.579962 0.915530
vt 0.503192 0.193324
vt 0.503349 0.158282
vt 0.503349 0.193323
vt 0.261223 0.514299
vt 0.261043 0.547688
vt 0.261043 0.514299
vt 0.053767 0.514299
vt 0.053614 0.549341
vt 0.053614 0.514299
vt 0.503095 0.915530
vt 0.503250 0.915617
vt 0.503095 0.915708
vt 0.641331 0.915616
vt 0.641176 0.915706
vt 0.641176 0.915530
vt 0.503192 0.243553
vt 0.503349 0.208511
vt 0.503349 0.243553
vt 0.307325 0.514299
vt 0.307145 0.547688
vt 0.307145 0.514299
vt 0.069107 0.514299
vt 0.068955 0.549341
vt 0.068955 0.514299
vt 0.487907 0.915620
vt 0.487753 0.915709
vt 0.487753 0.915530
vt 0.610646 0.915707
vt 0.610492 0.915615
vt 0.610646 0.915529
vt 0.728792 0.698853
vt 0.728890 0.693856
vt 0.728890 0.698853
vt 0.774650 0.576547
vt 0.774751 0.571593
vt 0.774751 0.576548
vt 0.682932 0.456642
vt 0.683031 0.451645
vt 0.683031 0.456642
vt 0.932872 0.894330
vt 0.932960 0.894380
vt 0.932872 0.894431
vt 0.978785 0.114664
vt 0.978697 0.114714
vt 0.978697 0.114613
vt 0.728792 0.719037
vt 0.728890 0.714041
vt 0.728890 0.719037
vt 0.774650 0.596690
vt 0.774751 0.591736
vt 0.774751 0.596691
vt 0.682932 0.476826
vt 0.683031 0.471830
vt 0.683031 0.476826
vt 0.679782 0.931202
vt 0.679694 0.931252
vt 0.679694 0.931151
vt 0.374281 0.961829
vt 0.374193 0.961779
vt 0.374281 0.961728
vt 0.744078 0.012590
vt 0.744177 0.007594
vt 0.744177 0.012590
vt 0.774650 0.616833
vt 0.774751 0.611879
vt 0.774751 0.616834
vt 0.682932 0.497010
vt 0.683031 0.492014
vt 0.683031 0.497010
vt 0.932960 0.909618
vt 0.932960 0.909719
vt 0.932872 0.909669
vt 0.328457 0.992356
vt 0.328369 0.992406
vt 0.328369 0.992305
vt 0.496753 0.770164
vt 0.496852 0.765167
vt 0.496852 0.770164
vt 0.774650 0.636976
vt 0.774751 0.632022
vt 0.774751 0.636976
vt 0.682932 0.517195
vt 0.683031 0.512198
vt 0.683031 0.517195
vt 0.695057 0.931202
vt 0.694969 0.931252
vt 0.694969 0.931151
vt 0.978785 0.129952
vt 0.978697 0.130003
vt 0.978697 0.129902
vt 0.744078 0.032775
vt 0.744177 0.027778
vt 0.744177 0.032775
vt 0.774650 0.657119
vt 0.774751 0.652165
vt 0.774751 0.657119
vt 0.682932 0.537379
vt 0.683031 0.532382
vt 0.683031 0.537379
vt 0.710332 0.931151
vt 0.710332 0.931252
vt 0.710244 0.931202
vt 0.963510 0.848464
vt 0.963510 0.848565
vt 0.963422 0.848514
vt 0.744078 0.052959
vt 0.744177 0.047962
vt 0.744177 0.052959
vt 0.774650 0.677261
vt 0.774751 0.672307
vt 0.774751 0.677262
vt 0.682932 0.557563
vt 0.683031 0.552566
vt 0.683031 0.557563
vt 0.725607 0.931202
vt 0.725519 0.931252
vt 0.725519 0.931151
vt 0.389556 0.961728
vt 0.389556 0.961829
vt 0.389468 0.961779
vt 0.744078 0.073143
vt 0.744177 0.068146
vt 0.744177 0.073143
vt 0.774650 0.697404
vt 0.774751 0.692450
vt 0.774751 0.697405
vt 0.682932 0.577747
vt 0.683031 0.572750
vt 0.683031 0.577747
vt 0.740882 0.931151
vt 0.740882 0.931252
vt 0.740794 0.931202
vt 0.404831 0.961829
vt 0.404743 0.961779
vt 0.404831 0.961728
vt 0.744078 0.093327
vt 0.744177 0.088330
vt 0.744177 0.093327
vt 0.774650 0.717547
vt 0.774751 0.712593
vt 0.774751 0.717548
vt 0.682932 0.597931
vt 0.683031 0.592934
vt 0.683031 0.597931
vt 0.948235 0.114664
vt 0.948147 0.114715
vt 0.948147 0.114614
vt 0.978785 0.145241
vt 0.978697 0.145291
vt 0.978697 0.145190
vt 0.759364 0.698853
vt 0.759463 0.693856
vt 0.759463 0.698853
vt 0.774650 0.737690
vt 0.774751 0.732736
vt 0.774751 0.737691
vt 0.682932 0.618115
vt 0.683031 0.613119
vt 0.683031 0.618115
vt 0.917685 0.145241
vt 0.917597 0.145292
vt 0.917597 0.145191
vt 0.465931 0.977118
vt 0.465843 0.977067
vt 0.465931 0.977017
vt 0.759364 0.719037
vt 0.759463 0.714041
vt 0.759463 0.719037
vt 0.774650 0.757833
vt 0.774751 0.752879
vt 0.774751 0.757833
vt 0.682932 0.638300
vt 0.683031 0.633303
vt 0.683031 0.638300
vt 0.756157 0.931151
vt 0.756157 0.931252
vt 0.756069 0.931202
vt 0.978785 0.710916
vt 0.978697 0.710966
vt 0.978697 0.710865
vt 0.744078 0.113511
vt 0.744177 0.108515
vt 0.744177 0.113511
vt 0.007594 0.790306
vt 0.007695 0.785352
vt 0.007695 0.790307
vt 0.682932 0.658484
vt 0.683031 0.653487
vt 0.683031 0.658484
vt 0.917685 0.160530
vt 0.917597 0.160581
vt 0.917597 0.160479
vt 0.963510 0.145292
vt 0.963422 0.145241
vt 0.963510 0.145191
vt 0.512039 0.770164
vt 0.512138 0.765167
vt 0.512138 0.770164
vt 0.022882 0.790306
vt 0.022983 0.785352
vt 0.022983 0.790307
vt 0.007594 0.689427
vt 0.007693 0.684430
vt 0.007693 0.689427
vt 0.917685 0.833176
vt 0.917685 0.833277
vt 0.917597 0.833226
vt 0.978785 0.726204
vt 0.978697 0.726255
vt 0.978697 0.726154
vt 0.759364 0.739222
vt 0.759463 0.734225
vt 0.759463 0.739222
vt 0.634420 0.790306
vt 0.634521 0.785352
vt 0.634521 0.790307
vt 0.022880 0.689427
vt 0.022980 0.684430
vt 0.022980 0.689427
vt 0.932960 0.924907
vt 0.932960 0.925008
vt 0.932872 0.924957
vt 0.978785 0.741493
vt 0.978697 0.741543
vt 0.978697 0.741442
vt 0.713505 0.295169
vt 0.713604 0.290172
vt 0.713604 0.295169
vt 0.649708 0.790306
vt 0.649809 0.785352
vt 0.649809 0.790307
vt 0.206321 0.669243
vt 0.206420 0.664246
vt 0.206420 0.669243
vt 0.771344 0.931151
vt 0.771432 0.931202
vt 0.771344 0.931252
vt 0.481206 0.977067
vt 0.481118 0.977118
vt 0.481118 0.977017
vt 0.744078 0.133696
vt 0.744177 0.128699
vt 0.744177 0.133696
vt 0.664997 0.790306
vt 0.665098 0.785352
vt 0.665098 0.790307
vt 0.221608 0.669243
vt 0.221707 0.664246
vt 0.221707 0.669243
vt 0.007594 0.946440
vt 0.007681 0.946490
vt 0.007594 0.946541
vt 0.496481 0.977067
vt 0.496393 0.977118
vt 0.496393 0.977017
vt 0.744078 0.153880
vt 0.744177 0.148883
vt 0.744177 0.153880
vt 0.680285 0.790306
vt 0.680386 0.785352
vt 0.680386 0.790307
vt 0.236894 0.669243
vt 0.236994 0.664246
vt 0.236994 0.669243
vt 0.917685 0.175819
vt 0.917597 0.175869
vt 0.917597 0.175768
vt 0.343732 0.992356
vt 0.343644 0.992406
vt 0.343644 0.992305
vt 0.744078 0.174064
vt 0.744177 0.169067
vt 0.744177 0.174064
vt 0.695574 0.790306
vt 0.695675 0.785352
vt 0.695675 0.790307
vt 0.252181 0.669243
vt 0.252280 0.664246
vt 0.252280 0.669243
vt 0.917685 0.191107
vt 0.917598 0.191158
vt 0.917598 0.191056
vt 0.978785 0.160529
vt 0.978697 0.160580
vt 0.978697 0.160479
vt 0.744078 0.194248
vt 0.744177 0.189251
vt 0.744177 0.194248
vt 0.710862 0.790306
vt 0.710963 0.785352
vt 0.710963 0.790307
vt 0.267468 0.669243
vt 0.267567 0.664246
vt 0.267567 0.669243
vt 0.917597 0.206345
vt 0.917685 0.206396
vt 0.917597 0.206446
vt 0.420106 0.961728
vt 0.420106 0.961829
vt 0.420018 0.961779
vt 0.713505 0.315353
vt 0.713604 0.310357
vt 0.713604 0.315353
vt 0.726150 0.790306
vt 0.726251 0.785352
vt 0.726251 0.790307
vt 0.282754 0.669243
vt 0.282854 0.664246
vt 0.282854 0.669243
vt 0.948235 0.129902
vt 0.948235 0.130003
vt 0.948147 0.129953
vt 0.511756 0.977067
vt 0.511668 0.977118
vt 0.511668 0.977017
vt 0.713505 0.335538
vt 0.713604 0.330541
vt 0.713604 0.335537
vt 0.741439 0.790306
vt 0.741540 0.785352
vt 0.741540 0.790307
vt 0.298041 0.669243
vt 0.298140 0.664246
vt 0.298140 0.669243
vt 0.786707 0.931202
vt 0.786619 0.931252
vt 0.786619 0.931151
vt 0.527031 0.977067
vt 0.526943 0.977118
vt 0.526943 0.977017
vt 0.744078 0.214432
vt 0.744177 0.209436
vt 0.744177 0.214432
vt 0.756727 0.790306
vt 0.756828 0.785352
vt 0.756828 0.790307
vt 0.313328 0.669243
vt 0.313427 0.664246
vt 0.313427 0.669243
vt 0.022956 0.946440
vt 0.022956 0.946541
vt 0.022869 0.946490
vt 0.963510 0.863853
vt 0.963422 0.863803
vt 0.963510 0.863752
vt 0.744078 0.234617
vt 0.744177 0.229620
vt 0.744177 0.234617
vt 0.772016 0.790306
vt 0.772117 0.785352
vt 0.772117 0.790307
vt 0.328615 0.669243
vt 0.328714 0.664246
vt 0.328714 0.669243
vt 0.038231 0.946490
vt 0.038144 0.946541
vt 0.038144 0.946440
vt 0.435381 0.961728
vt 0.435381 0.961829
vt 0.435293 0.961779
vt 0.744078 0.254801
vt 0.744177 0.249804
vt 0.744177 0.254801
vt 0.789939 0.012548
vt 0.790040 0.007594
vt 0.790040 0.012549
vt 0.343901 0.669243
vt 0.344001 0.664246
vt 0.344001 0.669243
vt 0.917685 0.848464
vt 0.917685 0.848565
vt 0.917597 0.848515
vt 0.542306 0.977067
vt 0.542218 0.977118
vt 0.542218 0.977017
vt 0.713505 0.355722
vt 0.713604 0.350725
vt 0.713604 0.355722
vt 0.789939 0.032691
vt 0.790040 0.027737
vt 0.790040 0.032692
vt 0.359188 0.669243
vt 0.359287 0.664246
vt 0.359287 0.669243
vt 0.948147 0.145191
vt 0.948235 0.145241
vt 0.948147 0.145292
vt 0.978785 0.756781
vt 0.978697 0.756832
vt 0.978697 0.756731
vt 0.744078 0.274985
vt 0.744177 0.269988
vt 0.744177 0.274985
vt 0.542614 0.770122
vt 0.542715 0.765168
vt 0.542715 0.770122
vt 0.374475 0.669243
vt 0.374574 0.664246
vt 0.374574 0.669243
vt 0.053506 0.946490
vt 0.053419 0.946541
vt 0.053419 0.946440
vt 0.963510 0.160479
vt 0.963510 0.160580
vt 0.963422 0.160530
vt 0.744078 0.295169
vt 0.744177 0.290172
vt 0.744177 0.295169
vt 0.557902 0.770122
vt 0.558003 0.765168
vt 0.558003 0.770122
vt 0.389761 0.669243
vt 0.389861 0.664246
vt 0.389861 0.669243
vt 0.801982 0.931202
vt 0.801894 0.931252
vt 0.801894 0.931151
vt 0.557581 0.977118
vt 0.557493 0.977067
vt 0.557581 0.977017
vt 0.744078 0.315353
vt 0.744177 0.310357
vt 0.744177 0.315353
vt 0.573191 0.770122
vt 0.573292 0.765168
vt 0.573292 0.770122
vt 0.635229 0.567190
vt 0.635329 0.562193
vt 0.635329 0.567190
vt 0.917597 0.863753
vt 0.917685 0.863803
vt 0.917597 0.863854
vt 0.963510 0.175768
vt 0.963510 0.175869
vt 0.963422 0.175818
vt 0.744078 0.335538
vt 0.744177 0.330541
vt 0.744177 0.335537
vt 0.588479 0.770122
vt 0.588580 0.765168
vt 0.588580 0.770122
vt 0.635229 0.587374
vt 0.635329 0.582377
vt 0.635329 0.587374
vt 0.948235 0.649713
vt 0.948235 0.649814
vt 0.948147 0.649763
vt 0.963510 0.191157
vt 0.963422 0.191107
vt 0.963510 0.191056
vt 0.007594 0.770164
vt 0.007693 0.765167
vt 0.007693 0.770164
vt 0.603768 0.770122
vt 0.603869 0.765168
vt 0.603869 0.770122
vt 0.635229 0.607558
vt 0.635329 0.602561
vt 0.635329 0.607558
vt 0.948147 0.160479
vt 0.948235 0.160530
vt 0.948147 0.160580
vt 0.963510 0.206345
vt 0.963510 0.206446
vt 0.963422 0.206395
vt 0.022880 0.770164
vt 0.022979 0.765167
vt 0.022979 0.770164
vt 0.619056 0.770122
vt 0.619157 0.765168
vt 0.619157 0.770122
vt 0.635229 0.627742
vt 0.635329 0.622746
vt 0.635329 0.627742
vt 0.917685 0.221684
vt 0.917597 0.221735
vt 0.917597 0.221634
vt 0.572856 0.977067
vt 0.572768 0.977118
vt 0.572768 0.977017
vt 0.038166 0.770164
vt 0.038265 0.765167
vt 0.038265 0.770164
vt 0.038171 0.790306
vt 0.038272 0.785352
vt 0.038272 0.790307
vt 0.007594 0.649059
vt 0.007693 0.644062
vt 0.007693 0.649059
vt 0.068781 0.946440
vt 0.068781 0.946541
vt 0.068694 0.946490
vt 0.963510 0.221735
vt 0.963422 0.221684
vt 0.963510 0.221633
vt 0.053452 0.770164
vt 0.053551 0.765167
vt 0.053551 0.770164
vt 0.053459 0.790306
vt 0.053560 0.785352
vt 0.053560 0.790307
vt 0.405048 0.669243
vt 0.405147 0.664246
vt 0.405147 0.669243
vt 0.948147 0.787310
vt 0.948235 0.787360
vt 0.948147 0.787411
vt 0.963510 0.879142
vt 0.963422 0.879091
vt 0.963510 0.879041
vt 0.068739 0.770164
vt 0.068837 0.765167
vt 0.068837 0.770164
vt 0.068747 0.790306
vt 0.068849 0.785352
vt 0.068849 0.790307
vt 0.022880 0.649059
vt 0.022980 0.644062
vt 0.022980 0.649059
vt 0.084056 0.946440
vt 0.084056 0.946541
vt 0.083969 0.946490
vt 0.588131 0.977067
vt 0.588043 0.977118
vt 0.588043 0.977017
vt 0.084025 0.770164
vt 0.084124 0.765167
vt 0.084124 0.770164
vt 0.084036 0.790306
vt 0.084137 0.785352
vt 0.084137 0.790307
vt 0.635229 0.304796
vt 0.635329 0.299799
vt 0.635329 0.304796
vt 0.901787 0.915580
vt 0.901699 0.915631
vt 0.901699 0.915529
vt 0.963510 0.236922
vt 0.963510 0.237023
vt 0.963422 0.236973
vt 0.099311 0.770164
vt 0.099410 0.765167
vt 0.099410 0.770164
vt 0.099324 0.790306
vt 0.099425 0.785352
vt 0.099425 0.790307
vt 0.038167 0.689427
vt 0.038266 0.684430
vt 0.038266 0.689427
vt 0.817169 0.931151
vt 0.817257 0.931202
vt 0.817169 0.931252
vt 0.978785 0.772070
vt 0.978697 0.772120
vt 0.978697 0.772019
vt 0.114597 0.770164
vt 0.114696 0.765167
vt 0.114696 0.770164
vt 0.114613 0.790306
vt 0.114714 0.785352
vt 0.114714 0.790307
vt 0.053454 0.689427
vt 0.053553 0.684430
vt 0.053553 0.689427
vt 0.917685 0.236973
vt 0.917597 0.237023
vt 0.917597 0.236922
vt 0.963510 0.894431
vt 0.963422 0.894380
vt 0.963510 0.894329
vt 0.129884 0.770164
vt 0.129982 0.765167
vt 0.129982 0.770164
vt 0.129901 0.790306
vt 0.130002 0.785352
vt 0.130002 0.790307
vt 0.068741 0.689427
vt 0.068840 0.684430
vt 0.068840 0.689427
vt 0.832532 0.931202
vt 0.832445 0.931252
vt 0.832445 0.931151
vt 0.175706 0.961728
vt 0.175706 0.961829
vt 0.175618 0.961779
vt 0.145170 0.770164
vt 0.145269 0.765167
vt 0.145269 0.770164
vt 0.145190 0.790306
vt 0.145291 0.785352
vt 0.145291 0.790307
vt 0.420335 0.669243
vt 0.420434 0.664246
vt 0.420434 0.669243
vt 0.847719 0.931151
vt 0.847807 0.931202
vt 0.847719 0.931252
vt 0.450656 0.961728
vt 0.450656 0.961829
vt 0.450568 0.961779
vt 0.160456 0.770164
vt 0.160555 0.765167
vt 0.160555 0.770164
vt 0.160478 0.790306
vt 0.160579 0.785352
vt 0.160579 0.790307
vt 0.435621 0.669243
vt 0.435721 0.664246
vt 0.435721 0.669243
vt 0.917685 0.879041
vt 0.917685 0.879142
vt 0.917597 0.879092
vt 0.978785 0.787358
vt 0.978697 0.787409
vt 0.978697 0.787308
vt 0.175742 0.770164
vt 0.175841 0.765167
vt 0.175841 0.770164
vt 0.175767 0.790306
vt 0.175868 0.785352
vt 0.175868 0.790307
vt 0.450908 0.669243
vt 0.451007 0.664246
vt 0.451007 0.669243
vt 0.099331 0.946490
vt 0.099244 0.946541
vt 0.099244 0.946440
vt 0.963510 0.909719
vt 0.963422 0.909668
vt 0.963510 0.909618
vt 0.191029 0.770164
vt 0.191127 0.765167
vt 0.191127 0.770164
vt 0.191055 0.790306
vt 0.191156 0.785352
vt 0.191156 0.790307
vt 0.466195 0.669243
vt 0.466294 0.664246
vt 0.466294 0.669243
vt 0.917597 0.252211
vt 0.917685 0.252261
vt 0.917597 0.252312
vt 0.963510 0.925008
vt 0.963422 0.924957
vt 0.963510 0.924907
vt 0.206315 0.770164
vt 0.206414 0.765167
vt 0.206414 0.770164
vt 0.206343 0.790306
vt 0.206444 0.785352
vt 0.206444 0.790307
vt 0.481482 0.669243
vt 0.481581 0.664246
vt 0.481581 0.669243
vt 0.114606 0.946440
vt 0.114606 0.946541
vt 0.114519 0.946490
vt 0.603406 0.977067
vt 0.603318 0.977118
vt 0.603318 0.977017
vt 0.221601 0.770164
vt 0.221700 0.765167
vt 0.221700 0.770164
vt 0.221632 0.790306
vt 0.221733 0.785352
vt 0.221733 0.790307
vt 0.496768 0.669243
vt 0.496868 0.664246
vt 0.496868 0.669243
vt 0.862994 0.931151
vt 0.863082 0.931202
vt 0.862994 0.931252
vt 0.978785 0.802647
vt 0.978697 0.802697
vt 0.978697 0.802596
vt 0.236887 0.770164
vt 0.236986 0.765167
vt 0.236986 0.770164
vt 0.236920 0.790306
vt 0.237021 0.785352
vt 0.237021 0.790307
vt 0.512055 0.669243
vt 0.512154 0.664246
vt 0.512154 0.669243
vt 0.855962 0.915580
vt 0.855874 0.915631
vt 0.855874 0.915530
vt 0.618681 0.977067
vt 0.618593 0.977118
vt 0.618593 0.977017
vt 0.744078 0.355722
vt 0.744177 0.350725
vt 0.744177 0.355722
vt 0.252209 0.790306
vt 0.252310 0.785352
vt 0.252310 0.790307
vt 0.527342 0.669243
vt 0.527441 0.664246
vt 0.527441 0.669243
vt 0.917685 0.267550
vt 0.917598 0.267601
vt 0.917598 0.267499
vt 0.633956 0.977067
vt 0.633868 0.977118
vt 0.633868 0.977017
vt 0.744078 0.375906
vt 0.744177 0.370909
vt 0.744177 0.375906
vt 0.789939 0.052834
vt 0.790040 0.047880
vt 0.790040 0.052835
vt 0.267468 0.709611
vt 0.267567 0.704614
vt 0.267567 0.709611
vt 0.917685 0.282788
vt 0.917685 0.282889
vt 0.917597 0.282838
vt 0.649231 0.977067
vt 0.649143 0.977118
vt 0.649143 0.977017
vt 0.744078 0.396090
vt 0.744177 0.391093
vt 0.744177 0.396090
vt 0.789939 0.072977
vt 0.790040 0.068023
vt 0.790040 0.072978
vt 0.282754 0.709611
vt 0.282854 0.704614
vt 0.282854 0.709611
vt 0.917597 0.298076
vt 0.917685 0.298127
vt 0.917597 0.298178
vt 0.963510 0.252211
vt 0.963510 0.252312
vt 0.963422 0.252261
vt 0.713505 0.375906
vt 0.713604 0.370909
vt 0.713604 0.375906
vt 0.789939 0.093120
vt 0.790040 0.088166
vt 0.790040 0.093120
vt 0.298041 0.709611
vt 0.298140 0.704614
vt 0.298140 0.709611
vt 0.917685 0.894330
vt 0.917685 0.894431
vt 0.917597 0.894380
vt 0.664506 0.977067
vt 0.664418 0.977118
vt 0.664418 0.977017
vt 0.744078 0.416274
vt 0.744177 0.411277
vt 0.744177 0.416274
vt 0.267497 0.790306
vt 0.267598 0.785352
vt 0.267598 0.790307
vt 0.542628 0.669243
vt 0.542728 0.664246
vt 0.542728 0.669243
vt 0.129881 0.946490
vt 0.129794 0.946541
vt 0.129794 0.946440
vt 0.679781 0.977067
vt 0.679693 0.977118
vt 0.679693 0.977017
vt 0.744078 0.436458
vt 0.744177 0.431462
vt 0.744177 0.436458
vt 0.789939 0.113263
vt 0.790040 0.108308
vt 0.790040 0.113263
vt 0.557915 0.669243
vt 0.558014 0.664246
vt 0.558014 0.669243
vt 0.878357 0.931151
vt 0.878357 0.931252
vt 0.878269 0.931201
vt 0.963510 0.267499
vt 0.963510 0.267600
vt 0.963422 0.267550
vt 0.503192 0.394242
vt 0.503349 0.359200
vt 0.503349 0.394242
vt 0.230489 0.514299
vt 0.230309 0.547688
vt 0.230309 0.514299
vt 0.503345 0.459659
vt 0.503192 0.494701
vt 0.503192 0.459659
vt 0.533936 0.915529
vt 0.533936 0.915708
vt 0.533780 0.915618
vt 0.564621 0.915707
vt 0.564466 0.915615
vt 0.564621 0.915530
vt 0.503193 0.293783
vt 0.503349 0.258741
vt 0.503349 0.293783
vt 0.245856 0.514299
vt 0.245676 0.547688
vt 0.245676 0.514299
vt 0.007747 0.514300
vt 0.007594 0.549341
vt 0.007594 0.514299
vt 0.549279 0.915530
vt 0.549279 0.915708
vt 0.549123 0.915618
vt 0.595304 0.915707
vt 0.595150 0.915615
vt 0.595304 0.915530
vt 0.503192 0.444472
vt 0.503349 0.409429
vt 0.503349 0.444471
vt 0.276591 0.514299
vt 0.276411 0.547688
vt 0.276411 0.514299
vt 0.023087 0.514300
vt 0.022934 0.549341
vt 0.022934 0.514299
vt 0.472566 0.915620
vt 0.472411 0.915709
vt 0.472411 0.915530
vt 0.625988 0.915707
vt 0.625834 0.915615
vt 0.625988 0.915530
vt 0.537655 0.251681
vt 0.537924 0.231765
vt 0.537924 0.251647
vt 0.537655 0.287115
vt 0.537965 0.266869
vt 0.537965 0.287115
vt 0.537944 0.216555
vt 0.538217 0.196501
vt 0.538217 0.216578
vt 0.537655 0.216574
vt 0.537944 0.196478
vt 0.537656 0.322549
vt 0.537962 0.302303
vt 0.537962 0.322549
vt 0.538216 0.231792
vt 0.538216 0.251673
vt 0.886021 0.218196
vt 0.886021 0.217872
vt 0.886302 0.217710
vt 0.886302 0.233546
vt 0.886583 0.233708
vt 0.886302 0.234195
vt 0.285840 0.595731
vt 0.285615 0.606120
vt 0.285615 0.595689
vt 0.238859 0.606720
vt 0.239119 0.595689
vt 0.239119 0.606720
vt 0.269978 0.595689
vt 0.269753 0.606239
vt 0.269753 0.595728
vt 0.270203 0.595728
vt 0.269978 0.606200
vt 0.254566 0.595689
vt 0.254306 0.606720
vt 0.254306 0.595689
vt 0.285390 0.606162
vt 0.285390 0.595731
vt 0.860330 0.899885
vt 0.860330 0.899626
vt 0.860553 0.899495
vt 0.875963 0.899628
vt 0.876185 0.899495
vt 0.876407 0.899877
vt 0.560629 0.269334
vt 0.560844 0.252611
vt 0.560844 0.269306
vt 0.560629 0.333433
vt 0.560877 0.316432
vt 0.560877 0.333434
vt 0.560860 0.141553
vt 0.561078 0.124712
vt 0.561078 0.141571
vt 0.560629 0.141568
vt 0.560860 0.124694
vt 0.560629 0.397813
vt 0.560875 0.380811
vt 0.560875 0.397812
vt 0.561078 0.252632
vt 0.561078 0.269327
vt 0.798007 0.900014
vt 0.797782 0.899884
vt 0.797782 0.899625
vt 0.829281 0.899495
vt 0.829506 0.899625
vt 0.829281 0.900014
vt 0.560629 0.301244
vt 0.560844 0.284521
vt 0.560844 0.301217
vt 0.560629 0.365623
vt 0.560877 0.348621
vt 0.560877 0.365623
vt 0.560860 0.173617
vt 0.561079 0.156776
vt 0.561079 0.173635
vt 0.560629 0.173633
vt 0.560860 0.156758
vt 0.560629 0.430002
vt 0.560875 0.413000
vt 0.560875 0.430002
vt 0.561078 0.284542
vt 0.561078 0.301238
vt 0.813644 0.900014
vt 0.813419 0.899884
vt 0.813419 0.899625
vt 0.844918 0.899495
vt 0.845143 0.899625
vt 0.844918 0.900014
vt 0.635229 0.208390
vt 0.635659 0.204065
vt 0.635659 0.208334
vt 0.421681 0.829985
vt 0.422176 0.825637
vt 0.422176 0.829985
vt 0.635691 0.188841
vt 0.636127 0.184566
vt 0.636127 0.188878
vt 0.635229 0.188872
vt 0.635691 0.184530
vt 0.437364 0.829985
vt 0.437854 0.825637
vt 0.437854 0.829985
vt 0.636126 0.204108
vt 0.636126 0.208377
vt 0.587231 0.882778
vt 0.587231 0.882259
vt 0.587681 0.881999
vt 0.619187 0.882778
vt 0.619187 0.882259
vt 0.619636 0.881999
vt 0.835804 0.341423
vt 0.836180 0.337934
vt 0.836180 0.341375
vt 0.835804 0.431934
vt 0.836237 0.428430
vt 0.836237 0.431935
vt 0.836208 0.322714
vt 0.836590 0.319271
vt 0.836590 0.322746
vt 0.835804 0.322741
vt 0.836208 0.319240
vt 0.835804 0.450626
vt 0.836233 0.447122
vt 0.836233 0.450626
vt 0.836589 0.337971
vt 0.836589 0.341412
vt 0.886808 0.008275
vt 0.886415 0.008502
vt 0.886021 0.008275
vt 0.886415 0.023690
vt 0.886808 0.023917
vt 0.886415 0.024598
vt 0.451190 0.845811
vt 0.451022 0.848848
vt 0.451022 0.845780
vt 0.590386 0.849024
vt 0.590581 0.845780
vt 0.590581 0.849024
vt 0.372307 0.845780
vt 0.372139 0.848901
vt 0.372139 0.845809
vt 0.372476 0.845809
vt 0.372307 0.848871
vt 0.682873 0.845780
vt 0.682678 0.849024
vt 0.682678 0.845780
vt 0.450853 0.848879
vt 0.450853 0.845811
vt 0.179006 0.915917
vt 0.178838 0.915819
vt 0.178838 0.915625
vt 0.256455 0.915630
vt 0.256621 0.915530
vt 0.256788 0.915816
vt 0.482240 0.845811
vt 0.482071 0.848848
vt 0.482071 0.845780
vt 0.575004 0.849024
vt 0.575199 0.845780
vt 0.575199 0.849024
vt 0.325733 0.845780
vt 0.325565 0.848901
vt 0.325565 0.845809
vt 0.325902 0.845809
vt 0.325733 0.848871
vt 0.698255 0.845780
vt 0.698060 0.849024
vt 0.698060 0.845780
vt 0.481902 0.848879
vt 0.481902 0.845811
vt 0.163483 0.915917
vt 0.163316 0.915819
vt 0.163316 0.915625
vt 0.287496 0.915630
vt 0.287662 0.915530
vt 0.287829 0.915816
vt 0.466715 0.845811
vt 0.466547 0.848848
vt 0.466547 0.845780
vt 0.605768 0.849024
vt 0.605963 0.845780
vt 0.605963 0.849024
vt 0.387831 0.845780
vt 0.387663 0.848901
vt 0.387663 0.845809
vt 0.388000 0.845809
vt 0.387831 0.848871
vt 0.775165 0.845780
vt 0.774970 0.849024
vt 0.774970 0.845780
vt 0.466378 0.848879
vt 0.466378 0.845811
vt 0.132438 0.915917
vt 0.132270 0.915819
vt 0.132270 0.915625
vt 0.303184 0.915529
vt 0.303353 0.915626
vt 0.303184 0.915911
vt 0.497764 0.845811
vt 0.497596 0.848848
vt 0.497596 0.845780
vt 0.621150 0.849024
vt 0.621345 0.845780
vt 0.621345 0.849024
vt 0.341258 0.845780
vt 0.341089 0.848901
vt 0.341089 0.845809
vt 0.341427 0.845809
vt 0.341258 0.848871
vt 0.713637 0.845780
vt 0.713442 0.849024
vt 0.713442 0.845780
vt 0.497427 0.848879
vt 0.497427 0.845811
vt 0.147961 0.915917
vt 0.147793 0.915819
vt 0.147793 0.915625
vt 0.240934 0.915630
vt 0.241101 0.915530
vt 0.241267 0.915816
vt 0.528813 0.845812
vt 0.528645 0.848848
vt 0.528645 0.845780
vt 0.667296 0.849024
vt 0.667491 0.845780
vt 0.667491 0.849024
vt 0.403356 0.845780
vt 0.403188 0.848901
vt 0.403188 0.845809
vt 0.403525 0.845809
vt 0.403356 0.848871
vt 0.729019 0.845780
vt 0.728824 0.849024
vt 0.728824 0.845780
vt 0.528476 0.848879
vt 0.528476 0.845811
vt 0.210223 0.915818
vt 0.210054 0.915915
vt 0.209885 0.915819
vt 0.334233 0.915530
vt 0.334402 0.915626
vt 0.334233 0.915911
vt 0.513289 0.845811
vt 0.513120 0.848848
vt 0.513120 0.845780
vt 0.636532 0.849024
vt 0.636727 0.845780
vt 0.636727 0.849024
vt 0.356782 0.845780
vt 0.356614 0.848901
vt 0.356614 0.845810
vt 0.356951 0.845809
vt 0.356782 0.848871
vt 0.744401 0.845780
vt 0.744206 0.849024
vt 0.744206 0.845780
vt 0.512952 0.848879
vt 0.512952 0.845811
vt 0.225747 0.915818
vt 0.225579 0.915915
vt 0.225410 0.915819
vt 0.318709 0.915529
vt 0.318877 0.915626
vt 0.318709 0.915911
vt 0.544338 0.845812
vt 0.544170 0.848848
vt 0.544170 0.845780
vt 0.651914 0.849024
vt 0.652109 0.845780
vt 0.652109 0.849024
vt 0.418881 0.845780
vt 0.418712 0.848901
vt 0.418712 0.845809
vt 0.419050 0.845809
vt 0.418881 0.848871
vt 0.759783 0.845780
vt 0.759588 0.849024
vt 0.759588 0.845780
vt 0.544001 0.848879
vt 0.544001 0.845811
vt 0.194698 0.915818
vt 0.194529 0.915915
vt 0.194361 0.915819
vt 0.271975 0.915629
vt 0.272142 0.915530
vt 0.272308 0.915816
vt 0.560861 0.205502
vt 0.560629 0.188850
vt 0.560861 0.188823
vt 0.560630 0.461173
vt 0.560906 0.445189
vt 0.560906 0.461142
vt 0.560895 0.077499
vt 0.561133 0.060732
vt 0.561133 0.077517
vt 0.560629 0.077512
vt 0.560895 0.060714
vt 0.560630 0.523504
vt 0.560904 0.507532
vt 0.560904 0.523471
vt 0.561131 0.205519
vt 0.561131 0.188840
vt 0.610251 0.899897
vt 0.610003 0.900051
vt 0.609755 0.899927
vt 0.578666 0.899495
vt 0.578900 0.899641
vt 0.578900 0.899933
vt 0.560861 0.237396
vt 0.560629 0.220744
vt 0.560861 0.220717
vt 0.560630 0.492344
vt 0.560906 0.476360
vt 0.560906 0.492314
vt 0.560895 0.109489
vt 0.561133 0.092722
vt 0.561133 0.109506
vt 0.560629 0.109501
vt 0.560895 0.092704
vt 0.007594 0.580501
vt 0.007868 0.564529
vt 0.007868 0.580468
vt 0.561131 0.237413
vt 0.561131 0.220734
vt 0.625687 0.900050
vt 0.625439 0.899897
vt 0.625439 0.899619
vt 0.656816 0.899617
vt 0.657064 0.899495
vt 0.657312 0.899649
vt 0.461410 0.433858
vt 0.462307 0.398633
vt 0.462307 0.433857
vt 0.462159 0.143285
vt 0.462836 0.108454
vt 0.462836 0.143382
vt 0.461410 0.143373
vt 0.462159 0.108357
vt 0.461410 0.278449
vt 0.462318 0.243226
vt 0.462318 0.278449
vt 0.492887 0.883009
vt 0.491877 0.881999
vt 0.492887 0.881999
vt 0.476690 0.881999
vt 0.475681 0.883009
vt 0.475681 0.882000
vt 0.635229 0.260284
vt 0.635855 0.264216
vt 0.635229 0.264427
vt 0.469572 0.829511
vt 0.468909 0.825865
vt 0.469572 0.825637
vt 0.165754 0.627425
vt 0.166316 0.622789
vt 0.166316 0.627439
vt 0.165213 0.627440
vt 0.165754 0.622775
vt 0.886635 0.071868
vt 0.886021 0.072785
vt 0.886021 0.072119
vt 0.886021 0.056681
vt 0.886794 0.055893
vt 0.886794 0.056666
vt 0.854133 0.042919
vt 0.853588 0.044933
vt 0.853588 0.042874
vt 0.554618 0.864254
vt 0.554000 0.866330
vt 0.554000 0.864253
vt 0.853547 0.025578
vt 0.853010 0.027687
vt 0.853010 0.025647
vt 0.854131 0.025632
vt 0.853547 0.027618
vt 0.585795 0.864253
vt 0.585181 0.866330
vt 0.585181 0.864254
vt 0.853010 0.044971
vt 0.853010 0.042912
vt 0.024712 0.882972
vt 0.024151 0.883297
vt 0.023589 0.882973
vt 0.870254 0.852272
vt 0.870816 0.852596
vt 0.870816 0.853245
vt 0.518639 0.316448
vt 0.518908 0.341145
vt 0.518639 0.341176
vt 0.537931 0.038736
vt 0.537655 0.061807
vt 0.537655 0.038779
vt 0.518639 0.469592
vt 0.518893 0.492934
vt 0.518639 0.492994
vt 0.349589 0.915608
vt 0.349786 0.915530
vt 0.349786 0.915802
vt 0.365079 0.915783
vt 0.364973 0.915530
vt 0.365187 0.915530
vt 0.343967 0.514334
vt 0.343802 0.546405
vt 0.343802 0.514299
vt 0.393454 0.514300
vt 0.393701 0.545842
vt 0.393454 0.545843
vt 0.359155 0.514299
vt 0.359316 0.546214
vt 0.359155 0.546172
vt 0.380585 0.915654
vt 0.380375 0.915777
vt 0.380375 0.915529
vt 0.395982 0.915530
vt 0.395982 0.915777
vt 0.395772 0.915655
vt 0.038479 0.606981
vt 0.038846 0.595689
vt 0.038846 0.606980
vt 0.579920 0.529329
vt 0.580197 0.518172
vt 0.580197 0.529368
vt 0.579613 0.529365
vt 0.579920 0.518132
vt 0.022921 0.606980
vt 0.023292 0.595689
vt 0.023292 0.606980
vt 0.054745 0.915943
vt 0.054332 0.915530
vt 0.054745 0.915530
vt 0.070345 0.915942
vt 0.069932 0.915530
vt 0.070345 0.915530
vt 0.430245 0.537047
vt 0.432175 0.528093
vt 0.430887 0.537095
vt 0.450226 0.537002
vt 0.448314 0.528049
vt 0.450095 0.527929
vt 0.519615 0.365454
vt 0.518639 0.356363
vt 0.519613 0.356363
vt 0.519613 0.394255
vt 0.518640 0.403317
vt 0.518640 0.394255
vt 0.430378 0.527958
vt 0.432653 0.520329
vt 0.447841 0.520297
vt 0.450129 0.520143
vt 0.519616 0.373239
vt 0.518642 0.365454
vt 0.519613 0.403316
vt 0.518640 0.411078
vt 0.430343 0.520156
vt 0.432171 0.514443
vt 0.448319 0.514427
vt 0.450226 0.514299
vt 0.519613 0.379068
vt 0.518642 0.373239
vt 0.519613 0.411078
vt 0.518640 0.416898
vt 0.886670 0.039785
vt 0.886021 0.040705
vt 0.886021 0.039785
vt 0.853938 0.423942
vt 0.853010 0.425888
vt 0.853010 0.423941
vt 0.219186 0.564535
vt 0.218848 0.577231
vt 0.218848 0.564542
vt 0.286880 0.564529
vt 0.286523 0.577196
vt 0.286523 0.564529
vt 0.202780 0.564532
vt 0.203110 0.577236
vt 0.202780 0.577231
vt 0.203110 0.564537
vt 0.203393 0.577228
vt 0.271335 0.564529
vt 0.270978 0.577214
vt 0.270978 0.564529
vt 0.218580 0.577218
vt 0.218580 0.564529
vt 0.886637 0.153298
vt 0.886637 0.153635
vt 0.886329 0.153813
vt 0.886021 0.137424
vt 0.886315 0.137239
vt 0.886609 0.137410
vt 0.854182 0.389182
vt 0.853549 0.390874
vt 0.853549 0.389191
vt 0.853608 0.372291
vt 0.853010 0.373975
vt 0.853010 0.372288
vt 0.854203 0.372288
vt 0.853608 0.373978
vt 0.853634 0.355415
vt 0.853010 0.357092
vt 0.853010 0.355407
vt 0.854193 0.355400
vt 0.853634 0.357101
vt 0.853606 0.285433
vt 0.853010 0.287127
vt 0.853010 0.285441
vt 0.854203 0.285441
vt 0.853606 0.287119
vt 0.853010 0.390848
vt 0.853010 0.389165
vt 0.854060 0.148373
vt 0.853445 0.148349
vt 0.853010 0.147879
vt 0.853010 0.131176
vt 0.853448 0.130066
vt 0.854505 0.130484
vt 0.854082 0.198507
vt 0.853164 0.199425
vt 0.853164 0.197589
vt 0.854082 0.182248
vt 0.853164 0.181330
vt 0.854082 0.180412
vt 0.633703 0.992305
vt 0.853010 0.181352
vt 0.853311 0.182358
vt 0.853157 0.182380
vt 0.853928 0.180434
vt 0.853010 0.199403
vt 0.853010 0.197567
vt 0.008401 0.882682
vt 0.007594 0.883623
vt 0.007594 0.881999
vt 0.850154 0.864354
vt 0.851183 0.865622
vt 0.850406 0.865622
vt 0.648890 0.992305
vt 0.851385 0.864253
vt 0.851339 0.865622
vt 0.886021 0.105879
vt 0.886115 0.104706
vt 0.886115 0.106004
vt 0.334421 0.882105
vt 0.335102 0.883046
vt 0.334989 0.883152
vt 0.870678 0.802207
vt 0.869692 0.800888
vt 0.870468 0.800921
vt 0.381964 0.882044
vt 0.380885 0.883168
vt 0.381188 0.882000
vt 0.664077 0.992305
vt 0.886021 0.185216
vt 0.886177 0.186322
vt 0.886021 0.186316
vt 0.886021 0.088097
vt 0.886115 0.089270
vt 0.886021 0.089395
vt 0.870623 0.800928
vt 0.870834 0.802213
vt 0.599963 0.124905
vt 0.597889 0.129053
vt 0.597889 0.125112
vt 0.601772 0.148856
vt 0.599701 0.144764
vt 0.601772 0.144953
vt 0.836519 0.226703
vt 0.835804 0.224624
vt 0.836518 0.224624
vt 0.836518 0.243700
vt 0.835804 0.245769
vt 0.835804 0.243701
vt 0.601778 0.128692
vt 0.599963 0.129324
vt 0.597889 0.148528
vt 0.597889 0.144512
vt 0.836518 0.228512
vt 0.835806 0.226703
vt 0.836518 0.245769
vt 0.835804 0.247576
vt 0.547169 0.829612
vt 0.546494 0.825637
vt 0.547169 0.825637
vt 0.453722 0.825638
vt 0.453042 0.829727
vt 0.453042 0.825637
vt 0.853010 0.514188
vt 0.853199 0.511770
vt 0.853199 0.514201
vt 0.869692 0.062940
vt 0.869910 0.060499
vt 0.869910 0.062943
vt 0.632432 0.866537
vt 0.632245 0.864253
vt 0.632432 0.864306
vt 0.632245 0.866485
vt 0.632040 0.864294
vt 0.869908 0.732837
vt 0.869692 0.730428
vt 0.869908 0.730417
vt 0.853403 0.511759
vt 0.853403 0.514190
vt 0.902372 0.258178
vt 0.902184 0.258286
vt 0.901995 0.258168
vt 0.901995 0.179749
vt 0.902183 0.179632
vt 0.902371 0.179741
vt 0.116807 0.866677
vt 0.116973 0.864274
vt 0.116973 0.866698
vt 0.116590 0.864262
vt 0.116807 0.864253
vt 0.163696 0.866665
vt 0.163504 0.864274
vt 0.163696 0.864253
vt 0.163504 0.866685
vt 0.163302 0.864256
vt 0.869692 0.327454
vt 0.869908 0.325013
vt 0.869908 0.327457
vt 0.087216 0.884168
vt 0.087424 0.882042
vt 0.087424 0.884211
vt 0.902184 0.070606
vt 0.901995 0.070497
vt 0.901995 0.070271
vt 0.901995 0.695706
vt 0.902187 0.695586
vt 0.902379 0.695687
vt 0.853010 0.602352
vt 0.853199 0.599934
vt 0.853199 0.602365
vt 0.869692 0.080575
vt 0.869910 0.078133
vt 0.869910 0.080577
vt 0.663591 0.866537
vt 0.663404 0.864253
vt 0.663591 0.864306
vt 0.663404 0.866485
vt 0.663199 0.864294
vt 0.869908 0.750455
vt 0.869692 0.748045
vt 0.869908 0.748035
vt 0.853403 0.599923
vt 0.853403 0.602354
vt 0.901995 0.883433
vt 0.901995 0.883216
vt 0.902192 0.883111
vt 0.901995 0.195390
vt 0.902183 0.195272
vt 0.902371 0.195381
vt 0.085665 0.866677
vt 0.085832 0.864274
vt 0.085832 0.866698
vt 0.085448 0.864262
vt 0.085665 0.864253
vt 0.194856 0.866665
vt 0.194665 0.864274
vt 0.194856 0.864253
vt 0.194665 0.866685
vt 0.194463 0.864256
vt 0.869692 0.397992
vt 0.869908 0.395551
vt 0.869908 0.397995
vt 0.164192 0.884168
vt 0.164400 0.882042
vt 0.164400 0.884211
vt 0.902388 0.664663
vt 0.901995 0.664671
vt 0.902192 0.664341
vt 0.038752 0.915850
vt 0.038948 0.915530
vt 0.039144 0.915860
vt 0.853010 0.725781
vt 0.853199 0.723363
vt 0.853199 0.725795
vt 0.869910 0.027675
vt 0.869692 0.025228
vt 0.869910 0.025231
vt 0.648012 0.866537
vt 0.647825 0.864253
vt 0.648012 0.864306
vt 0.647825 0.866485
vt 0.647620 0.864294
vt 0.869692 0.574288
vt 0.869908 0.571858
vt 0.869908 0.574278
vt 0.853403 0.723352
vt 0.853403 0.725784
vt 0.902388 0.899062
vt 0.901995 0.899054
vt 0.902192 0.898733
vt 0.902183 0.242193
vt 0.902371 0.242302
vt 0.902183 0.242646
vt 0.853227 0.813129
vt 0.853394 0.810727
vt 0.853394 0.813150
vt 0.853010 0.813138
vt 0.853227 0.810706
vt 0.319500 0.866665
vt 0.319308 0.864274
vt 0.319500 0.864253
vt 0.319308 0.866685
vt 0.319107 0.864256
vt 0.869908 0.415629
vt 0.869692 0.413182
vt 0.869908 0.413185
vt 0.179588 0.884169
vt 0.179796 0.882042
vt 0.179796 0.884211
vt 0.901995 0.101777
vt 0.901995 0.101551
vt 0.902373 0.101541
vt 0.901995 0.492730
vt 0.901995 0.492503
vt 0.902183 0.492394
vt 0.853010 0.549453
vt 0.853199 0.547035
vt 0.853199 0.549467
vt 0.869910 0.010041
vt 0.869692 0.007594
vt 0.869910 0.007596
vt 0.757069 0.866537
vt 0.756882 0.864253
vt 0.757069 0.864306
vt 0.756882 0.866485
vt 0.756677 0.864294
vt 0.869692 0.591906
vt 0.869908 0.589476
vt 0.869908 0.591896
vt 0.853403 0.547024
vt 0.853403 0.549456
vt 0.902187 0.555377
vt 0.901995 0.555274
vt 0.901995 0.555052
vt 0.901995 0.617780
vt 0.901995 0.617559
vt 0.902187 0.617457
vt 0.853227 0.848393
vt 0.853394 0.845991
vt 0.853394 0.848414
vt 0.853010 0.848402
vt 0.853227 0.845970
vt 0.350661 0.866665
vt 0.350469 0.864274
vt 0.350661 0.864253
vt 0.350469 0.866685
vt 0.350268 0.864256
vt 0.869908 0.292189
vt 0.869692 0.289742
vt 0.869908 0.289745
vt 0.118007 0.884168
vt 0.118215 0.882042
vt 0.118215 0.884211
vt 0.901995 0.164336
vt 0.901995 0.164110
vt 0.902373 0.164100
vt 0.085728 0.915530
vt 0.085924 0.915643
vt 0.085924 0.915860
vt 0.853010 0.672883
vt 0.853199 0.670465
vt 0.853199 0.672897
vt 0.869910 0.098212
vt 0.869692 0.095765
vt 0.869910 0.095768
vt 0.834967 0.866537
vt 0.834780 0.864253
vt 0.834967 0.864306
vt 0.834780 0.866485
vt 0.834575 0.864294
vt 0.869692 0.609524
vt 0.869908 0.607094
vt 0.869908 0.609513
vt 0.853403 0.670454
vt 0.853403 0.672886
vt 0.902187 0.539744
vt 0.901995 0.539642
vt 0.901995 0.539420
vt 0.901995 0.586297
vt 0.902187 0.586195
vt 0.902380 0.586537
vt 0.101236 0.866677
vt 0.101402 0.864274
vt 0.101402 0.866698
vt 0.101019 0.866686
vt 0.101236 0.864253
vt 0.288339 0.866665
vt 0.288147 0.864274
vt 0.288339 0.864253
vt 0.288147 0.866685
vt 0.287946 0.864256
vt 0.869908 0.274554
vt 0.869692 0.272107
vt 0.869908 0.272110
vt 0.241169 0.884168
vt 0.241377 0.882042
vt 0.241377 0.884211
vt 0.902187 0.461566
vt 0.901995 0.461446
vt 0.902187 0.461121
vt 0.902187 0.742921
vt 0.901995 0.742598
vt 0.902379 0.742579
vt 0.853010 0.690516
vt 0.853199 0.688098
vt 0.853199 0.690529
vt 0.869910 0.115846
vt 0.869692 0.113399
vt 0.869910 0.113402
vt 0.678984 0.866485
vt 0.679171 0.864306
vt 0.679171 0.866537
vt 0.678779 0.864293
vt 0.678984 0.864253
vt 0.869692 0.627141
vt 0.869908 0.624711
vt 0.869908 0.627131
vt 0.853403 0.690518
vt 0.853403 0.688087
vt 0.902184 0.367311
vt 0.902372 0.367656
vt 0.901995 0.367645
vt 0.901995 0.211030
vt 0.902183 0.210913
vt 0.902371 0.211022
vt 0.007977 0.866698
vt 0.007811 0.864253
vt 0.007977 0.864274
vt 0.007594 0.866686
vt 0.007811 0.866677
vt 0.226017 0.866665
vt 0.225826 0.864274
vt 0.226017 0.864253
vt 0.225624 0.866668
vt 0.225826 0.866685
vt 0.869908 0.309823
vt 0.869692 0.307376
vt 0.869908 0.307379
vt 0.256564 0.884168
vt 0.256772 0.882042
vt 0.256772 0.884211
vt 0.901995 0.649049
vt 0.901995 0.648831
vt 0.902192 0.648719
vt 0.902187 0.711216
vt 0.902379 0.711318
vt 0.902187 0.711659
vt 0.853010 0.567086
vt 0.853199 0.564668
vt 0.853199 0.567100
vt 0.869910 0.133480
vt 0.869692 0.131033
vt 0.869910 0.131036
vt 0.772461 0.866485
vt 0.772649 0.864306
vt 0.772649 0.866537
vt 0.772256 0.864294
vt 0.772461 0.864253
vt 0.869692 0.644759
vt 0.869908 0.642329
vt 0.869908 0.644749
vt 0.853403 0.567089
vt 0.853403 0.564657
vt 0.902372 0.305097
vt 0.902184 0.305205
vt 0.901995 0.305087
vt 0.901995 0.820953
vt 0.902191 0.820622
vt 0.902387 0.820943
vt 0.023548 0.866698
vt 0.023382 0.864253
vt 0.023548 0.864274
vt 0.023165 0.866686
vt 0.023382 0.866677
vt 0.210437 0.866665
vt 0.210245 0.864274
vt 0.210437 0.864254
vt 0.210044 0.866668
vt 0.210245 0.866685
vt 0.869908 0.433264
vt 0.869692 0.430817
vt 0.869908 0.430820
vt 0.271959 0.884168
vt 0.272167 0.882042
vt 0.272167 0.884211
vt 0.902184 0.086245
vt 0.901995 0.086137
vt 0.901995 0.085911
vt 0.023369 0.915530
vt 0.023565 0.915643
vt 0.023565 0.915860
vt 0.853010 0.708148
vt 0.853199 0.705731
vt 0.853199 0.708162
vt 0.869910 0.204017
vt 0.869692 0.201570
vt 0.869910 0.201573
vt 0.725723 0.866485
vt 0.725910 0.864306
vt 0.725910 0.866537
vt 0.725518 0.864294
vt 0.725723 0.864253
vt 0.869692 0.768083
vt 0.869908 0.765652
vt 0.869908 0.768072
vt 0.853403 0.708151
vt 0.853403 0.705720
vt 0.902372 0.320737
vt 0.902184 0.320845
vt 0.901995 0.320726
vt 0.902191 0.836245
vt 0.902387 0.836348
vt 0.902387 0.836566
vt 0.039119 0.866698
vt 0.038953 0.864253
vt 0.039119 0.864274
vt 0.038735 0.866686
vt 0.038953 0.866677
vt 0.257178 0.866665
vt 0.256986 0.864274
vt 0.257178 0.864253
vt 0.256785 0.866668
vt 0.256986 0.866685
vt 0.869908 0.503801
vt 0.869692 0.501354
vt 0.869908 0.501357
vt 0.148797 0.884168
vt 0.149005 0.882042
vt 0.149005 0.884211
vt 0.902187 0.430301
vt 0.901995 0.430181
vt 0.902187 0.429856
vt 0.101308 0.915530
vt 0.101504 0.915643
vt 0.101504 0.915860
vt 0.853010 0.743414
vt 0.853199 0.740996
vt 0.853199 0.743428
vt 0.869910 0.221651
vt 0.869692 0.219205
vt 0.869910 0.219207
vt 0.788041 0.866485
vt 0.788228 0.864306
vt 0.788228 0.866537
vt 0.787836 0.864294
vt 0.788041 0.864253
vt 0.869692 0.662377
vt 0.869908 0.659947
vt 0.869908 0.662366
vt 0.853403 0.743417
vt 0.853403 0.740985
vt 0.902372 0.336377
vt 0.902184 0.336484
vt 0.901995 0.336366
vt 0.902191 0.851867
vt 0.902387 0.851971
vt 0.902387 0.852188
vt 0.148115 0.866698
vt 0.147949 0.864253
vt 0.148115 0.864274
vt 0.147732 0.866686
vt 0.147949 0.866677
vt 0.303920 0.866665
vt 0.303728 0.864274
vt 0.303920 0.864253
vt 0.303527 0.866668
vt 0.303728 0.866685
vt 0.869908 0.521436
vt 0.869692 0.518989
vt 0.869908 0.518992
vt 0.287355 0.884169
vt 0.287563 0.882042
vt 0.287563 0.884211
vt 0.901995 0.117417
vt 0.901995 0.117191
vt 0.902373 0.117181
vt 0.902187 0.758108
vt 0.902379 0.758209
vt 0.902187 0.758551
vt 0.853010 0.619984
vt 0.853199 0.617567
vt 0.853199 0.619998
vt 0.869910 0.239286
vt 0.869692 0.236839
vt 0.869910 0.236841
vt 0.803621 0.866485
vt 0.803808 0.864306
vt 0.803808 0.866537
vt 0.803416 0.864294
vt 0.803621 0.864253
vt 0.869692 0.539053
vt 0.869908 0.536623
vt 0.869908 0.539043
vt 0.853403 0.619987
vt 0.853403 0.617556
vt 0.902372 0.289458
vt 0.902184 0.289566
vt 0.901995 0.289447
vt 0.901995 0.602149
vt 0.901995 0.601928
vt 0.902187 0.601826
vt 0.054690 0.866698
vt 0.054523 0.864253
vt 0.054690 0.864274
vt 0.054306 0.866686
vt 0.054523 0.866677
vt 0.335081 0.866665
vt 0.334889 0.864274
vt 0.335081 0.864253
vt 0.334688 0.866668
vt 0.334889 0.866685
vt 0.869908 0.345092
vt 0.869692 0.342645
vt 0.869908 0.342648
vt 0.302750 0.884168
vt 0.302958 0.882042
vt 0.302958 0.884211
vt 0.901995 0.133057
vt 0.901995 0.132830
vt 0.902373 0.132820
vt 0.902187 0.773739
vt 0.902379 0.773840
vt 0.902187 0.774182
vt 0.853010 0.637617
vt 0.853199 0.635199
vt 0.853199 0.637631
vt 0.869910 0.151114
vt 0.869692 0.148668
vt 0.869910 0.148670
vt 0.741302 0.866485
vt 0.741489 0.864306
vt 0.741489 0.866537
vt 0.741097 0.864293
vt 0.741302 0.864253
vt 0.869692 0.785700
vt 0.869908 0.783270
vt 0.869908 0.785690
vt 0.853403 0.637620
vt 0.853403 0.635189
vt 0.902372 0.273818
vt 0.902184 0.273926
vt 0.901995 0.273807
vt 0.902387 0.867593
vt 0.902387 0.867810
vt 0.901995 0.867820
vt 0.853394 0.830782
vt 0.853227 0.828338
vt 0.853394 0.828359
vt 0.853010 0.830770
vt 0.853227 0.830761
vt 0.241598 0.866665
vt 0.241406 0.864274
vt 0.241598 0.864253
vt 0.241205 0.866668
vt 0.241406 0.866685
vt 0.869908 0.450898
vt 0.869692 0.448451
vt 0.869908 0.448454
vt 0.194983 0.884168
vt 0.195191 0.882042
vt 0.195191 0.884211
vt 0.902187 0.414669
vt 0.901995 0.414549
vt 0.902187 0.414223
vt 0.901995 0.726967
vt 0.902187 0.726847
vt 0.902379 0.726948
vt 0.853010 0.655250
vt 0.853199 0.652832
vt 0.853199 0.655264
vt 0.869910 0.256920
vt 0.869692 0.254473
vt 0.869910 0.254476
vt 0.694563 0.866485
vt 0.694751 0.864306
vt 0.694751 0.866537
vt 0.694358 0.864294
vt 0.694563 0.864253
vt 0.869692 0.556671
vt 0.869908 0.554241
vt 0.869908 0.556660
vt 0.853403 0.655253
vt 0.853403 0.652821
vt 0.902372 0.352016
vt 0.902184 0.352124
vt 0.901995 0.352006
vt 0.901995 0.633411
vt 0.901995 0.633189
vt 0.902187 0.633088
vt 0.853394 0.777886
vt 0.853227 0.775442
vt 0.853394 0.775463
vt 0.853010 0.777874
vt 0.853227 0.777865
vt 0.272759 0.866665
vt 0.272567 0.864274
vt 0.272759 0.864253
vt 0.272366 0.866668
vt 0.272567 0.866685
vt 0.869908 0.362726
vt 0.869692 0.360279
vt 0.869908 0.360282
vt 0.210378 0.884168
vt 0.210586 0.882042
vt 0.210586 0.884211
vt 0.902379 0.445831
vt 0.902187 0.445934
vt 0.901995 0.445814
vt 0.901995 0.789490
vt 0.902187 0.789369
vt 0.902379 0.789471
vt 0.853010 0.584719
vt 0.853199 0.582301
vt 0.853199 0.584733
vt 0.869910 0.168749
vt 0.869692 0.166302
vt 0.869910 0.166305
vt 0.710143 0.866485
vt 0.710330 0.864306
vt 0.710330 0.866537
vt 0.709938 0.864294
vt 0.710143 0.864253
vt 0.869692 0.679994
vt 0.869908 0.677564
vt 0.869908 0.679984
vt 0.853403 0.584722
vt 0.853403 0.582290
vt 0.902184 0.383403
vt 0.901995 0.383285
vt 0.902184 0.382951
vt 0.902183 0.227006
vt 0.901995 0.226670
vt 0.902371 0.226662
vt 0.853394 0.795518
vt 0.853227 0.793074
vt 0.853394 0.793095
vt 0.853010 0.795506
vt 0.853227 0.795497
vt 0.366242 0.866665
vt 0.366050 0.864274
vt 0.366242 0.864253
vt 0.365849 0.866668
vt 0.366050 0.866685
vt 0.869908 0.468532
vt 0.869692 0.466085
vt 0.869908 0.466089
vt 0.225774 0.884168
vt 0.225981 0.882042
vt 0.225981 0.884211
vt 0.901995 0.680076
vt 0.902192 0.679963
vt 0.902388 0.680286
vt 0.116691 0.915850
vt 0.116887 0.915530
vt 0.117083 0.915860
vt 0.853010 0.531820
vt 0.853199 0.529403
vt 0.853199 0.531834
vt 0.869910 0.186383
vt 0.869692 0.183936
vt 0.869910 0.183939
vt 0.819200 0.866485
vt 0.819387 0.864306
vt 0.819387 0.866537
vt 0.818995 0.864294
vt 0.819200 0.864253
vt 0.869692 0.697612
vt 0.869908 0.695182
vt 0.869908 0.697602
vt 0.853403 0.531823
vt 0.853403 0.529392
vt 0.902187 0.524112
vt 0.901995 0.524010
vt 0.901995 0.523787
vt 0.902191 0.805000
vt 0.902387 0.805104
vt 0.902387 0.805321
vt 0.132544 0.866698
vt 0.132378 0.864253
vt 0.132544 0.864274
vt 0.132161 0.866686
vt 0.132378 0.866677
vt 0.381822 0.866665
vt 0.381630 0.864274
vt 0.381822 0.864253
vt 0.381429 0.866668
vt 0.381630 0.866685
vt 0.869908 0.486167
vt 0.869692 0.483720
vt 0.869908 0.483723
vt 0.133402 0.884168
vt 0.133610 0.882042
vt 0.133610 0.884211
vt 0.902184 0.148805
vt 0.901995 0.148696
vt 0.901995 0.148470
vt 0.902371 0.477098
vt 0.901995 0.477089
vt 0.902183 0.476754
vt 0.853010 0.496555
vt 0.853199 0.494137
vt 0.853199 0.496569
vt 0.869692 0.045306
vt 0.869910 0.042865
vt 0.869910 0.045309
vt 0.616853 0.866537
vt 0.616665 0.864253
vt 0.616853 0.864306
vt 0.616665 0.866485
vt 0.616460 0.864294
vt 0.869908 0.715219
vt 0.869692 0.712810
vt 0.869908 0.712799
vt 0.853403 0.494126
vt 0.853403 0.496558
vt 0.902187 0.508480
vt 0.901995 0.508377
vt 0.901995 0.508155
vt 0.901995 0.570888
vt 0.901995 0.570666
vt 0.902187 0.570564
vt 0.070094 0.866677
vt 0.070261 0.864274
vt 0.070261 0.866698
vt 0.069877 0.864262
vt 0.070094 0.864253
vt 0.179276 0.866665
vt 0.179084 0.864274
vt 0.179276 0.864253
vt 0.179084 0.866685
vt 0.178883 0.864256
vt 0.869692 0.380357
vt 0.869908 0.377917
vt 0.869908 0.380361
vt 0.102611 0.884168
vt 0.102819 0.882042
vt 0.102819 0.884211
vt 0.902379 0.398933
vt 0.902187 0.399036
vt 0.901995 0.398916
vt 0.007790 0.915530
vt 0.007986 0.915643
vt 0.007986 0.915860
vt 0.054440 0.564560
vt 0.105554 0.564529
vt 0.023055 0.564546
vt 0.136485 0.564529
vt 0.886274 0.630809
vt 0.886527 0.630955
vt 0.886527 0.631247
vt 0.886527 0.725583
vt 0.886274 0.726021
vt 0.886021 0.725875
vt 0.070132 0.564560
vt 0.121020 0.564529
vt 0.038748 0.564546
vt 0.151949 0.564529
vt 0.886021 0.552098
vt 0.886274 0.551952
vt 0.886527 0.552098
vt 0.886527 0.804731
vt 0.886021 0.804731
vt 0.886021 0.804439
vt 0.427607 0.564560
vt 0.579613 0.031875
vt 0.302067 0.564546
vt 0.579613 0.334565
vt 0.886274 0.615037
vt 0.886527 0.615183
vt 0.886527 0.615475
vt 0.886527 0.757417
vt 0.886021 0.757417
vt 0.886021 0.757125
vt 0.853010 0.267804
vt 0.476234 0.866752
vt 0.853010 0.217220
vt 0.507163 0.864253
vt 0.886021 0.662497
vt 0.886527 0.662498
vt 0.886274 0.662935
vt 0.886274 0.867962
vt 0.886021 0.867815
vt 0.886021 0.867524
vt 0.443299 0.564560
vt 0.579613 0.059393
vt 0.317760 0.564546
vt 0.579613 0.444634
vt 0.886021 0.567869
vt 0.886274 0.567723
vt 0.886527 0.567869
vt 0.886527 0.773188
vt 0.886021 0.773188
vt 0.886021 0.772896
vt 0.853010 0.252582
vt 0.460769 0.864253
vt 0.853010 0.232431
vt 0.491700 0.866752
vt 0.886527 0.678269
vt 0.886527 0.678561
vt 0.886274 0.678707
vt 0.886527 0.852045
vt 0.886274 0.852190
vt 0.886021 0.852044
vt 0.506067 0.564560
vt 0.579613 0.086910
vt 0.333452 0.564546
vt 0.579613 0.362082
vt 0.886021 0.583640
vt 0.886274 0.583494
vt 0.886527 0.583640
vt 0.886527 0.741354
vt 0.886274 0.741792
vt 0.886021 0.741646
vt 0.182895 0.848855
vt 0.853010 0.111971
vt 0.229936 0.845790
vt 0.600982 0.864270
vt 0.672499 0.899932
vt 0.672499 0.899640
vt 0.672724 0.899495
vt 0.750756 0.899917
vt 0.750756 0.899652
vt 0.751002 0.899495
vt 0.458991 0.564560
vt 0.579613 0.114427
vt 0.349145 0.564546
vt 0.579613 0.389599
vt 0.886527 0.536326
vt 0.886527 0.536618
vt 0.886274 0.536764
vt 0.886274 0.694478
vt 0.886021 0.694040
vt 0.886274 0.693894
vt 0.245607 0.848842
vt 0.853010 0.060166
vt 0.198569 0.845780
vt 0.413326 0.864253
vt 0.735568 0.899869
vt 0.735323 0.900028
vt 0.735078 0.899920
vt 0.719398 0.899604
vt 0.719891 0.899651
vt 0.719891 0.899917
vt 0.474683 0.564560
vt 0.579613 0.141944
vt 0.364837 0.564546
vt 0.579613 0.417116
vt 0.886527 0.504783
vt 0.886527 0.505075
vt 0.886274 0.505221
vt 0.886527 0.709811
vt 0.886274 0.710249
vt 0.886021 0.710103
vt 0.835804 0.800071
vt 0.805820 0.845785
vt 0.023268 0.845790
vt 0.853010 0.476388
vt 0.766436 0.899656
vt 0.766679 0.899495
vt 0.766923 0.899601
vt 0.703988 0.900079
vt 0.703767 0.899645
vt 0.703988 0.899495
vt 0.490375 0.564560
vt 0.579613 0.169462
vt 0.380530 0.564546
vt 0.579613 0.279531
vt 0.886021 0.520555
vt 0.886274 0.520409
vt 0.886527 0.520555
vt 0.886527 0.788960
vt 0.886021 0.788959
vt 0.886021 0.788668
vt 0.038940 0.845803
vt 0.559525 0.845780
vt 0.007594 0.845780
vt 0.853010 0.302315
vt 0.688579 0.899640
vt 0.688579 0.899932
vt 0.688357 0.900079
vt 0.782595 0.899601
vt 0.782353 0.900032
vt 0.782110 0.899926
vt 0.521758 0.564560
vt 0.579613 0.196979
vt 0.396222 0.564546
vt 0.579613 0.252014
vt 0.886021 0.646726
vt 0.886274 0.646580
vt 0.886527 0.646726
vt 0.886527 0.820502
vt 0.886021 0.820502
vt 0.886021 0.820210
vt 0.134861 0.848873
vt 0.214244 0.845786
vt 0.821299 0.845780
vt 0.853010 0.406061
vt 0.547341 0.899495
vt 0.547580 0.899913
vt 0.547341 0.900071
vt 0.563244 0.899653
vt 0.563006 0.900072
vt 0.562768 0.899915
vt 0.537450 0.564560
vt 0.579613 0.224496
vt 0.411915 0.564546
vt 0.579613 0.307048
vt 0.886021 0.599412
vt 0.886274 0.599266
vt 0.886527 0.599412
vt 0.886527 0.836273
vt 0.886021 0.836273
vt 0.886021 0.835981
vt 0.167204 0.845780
vt 0.790352 0.845780
vt 0.853010 0.010377
vt 0.836764 0.848871
vt 0.594327 0.899495
vt 0.594567 0.899623
vt 0.594567 0.899909
vt 0.641376 0.900040
vt 0.641123 0.899634
vt 0.641376 0.899495
vt 0.713505 0.391093
vt 0.634345 0.765167
vt 0.038167 0.644062
vt 0.744078 0.512199
vt 0.359228 0.825637
vt 0.053454 0.644062
vt 0.713505 0.411278
vt 0.038171 0.805494
vt 0.068741 0.644062
vt 0.713505 0.431462
vt 0.053459 0.805494
vt 0.084027 0.684430
vt 0.744078 0.532383
vt 0.068747 0.805494
vt 0.084027 0.644062
vt 0.313328 0.704615
vt 0.007594 0.825637
vt 0.573202 0.664246
vt 0.713505 0.451646
vt 0.022882 0.825637
vt 0.588489 0.664246
vt 0.328614 0.704615
vt 0.038171 0.825637
vt 0.603775 0.664246
vt 0.713505 0.471830
vt 0.084036 0.805494
vt 0.698219 0.169067
vt 0.713505 0.492014
vt 0.099324 0.805494
vt 0.698219 0.189251
vt 0.713505 0.512199
vt 0.114613 0.805494
vt 0.099314 0.684430
vt 0.744078 0.552567
vt 0.129901 0.805494
vt 0.114601 0.684430
vt 0.713505 0.532383
vt 0.145190 0.805494
vt 0.099314 0.644062
vt 0.744078 0.572751
vt 0.160478 0.805494
vt 0.114601 0.644062
vt 0.744078 0.592935
vt 0.175767 0.805494
vt 0.129887 0.644062
vt 0.713505 0.552567
vt 0.191055 0.805494
vt 0.619062 0.664246
vt 0.713505 0.572751
vt 0.206343 0.805494
vt 0.634349 0.664246
vt 0.343900 0.704615
vt 0.221632 0.805494
vt 0.698219 0.209435
vt 0.359187 0.704615
vt 0.236920 0.805494
vt 0.649635 0.664246
vt 0.374473 0.704615
vt 0.282786 0.785351
vt 0.145174 0.644062
vt 0.744078 0.613120
vt 0.789939 0.168736
vt 0.129887 0.684430
vt 0.744078 0.633304
vt 0.789939 0.188879
vt 0.160461 0.644062
vt 0.713505 0.592935
vt 0.789939 0.209022
vt 0.175747 0.644062
vt 0.713505 0.613120
vt 0.789939 0.229165
vt 0.145174 0.684430
vt 0.713505 0.633304
vt 0.789939 0.249308
vt 0.698219 0.229620
vt 0.713505 0.653488
vt 0.789939 0.269450
vt 0.667645 0.007594
vt 0.713505 0.673672
vt 0.789939 0.289593
vt 0.698219 0.249804
vt 0.389759 0.704615
vt 0.789939 0.309736
vt 0.698219 0.269988
vt 0.405045 0.704615
vt 0.252209 0.805494
vt 0.667645 0.027778
vt 0.420331 0.704615
vt 0.789939 0.329879
vt 0.191034 0.644062
vt 0.713505 0.693856
vt 0.267497 0.805494
vt 0.206321 0.644062
vt 0.007594 0.724799
vt 0.282786 0.805494
vt 0.160461 0.684430
vt 0.744078 0.653488
vt 0.298074 0.805494
vt 0.175747 0.684430
vt 0.744078 0.673672
vt 0.313362 0.805494
vt 0.221608 0.644062
vt 0.022880 0.724799
vt 0.328651 0.805494
vt 0.698219 0.290172
vt 0.435618 0.704615
vt 0.343939 0.805494
vt 0.698219 0.310356
vt 0.450904 0.704615
vt 0.359228 0.805494
vt 0.667645 0.047962
vt 0.466190 0.704615
vt 0.374516 0.805494
vt 0.698219 0.330540
vt 0.038166 0.724799
vt 0.389805 0.805494
vt 0.191034 0.684430
vt 0.481476 0.704615
vt 0.405093 0.805494
vt 0.236894 0.644062
vt 0.053452 0.724799
vt 0.420382 0.805494
vt 0.252181 0.644062
vt 0.744078 0.693856
vt 0.435670 0.805494
vt 0.267468 0.644062
vt 0.744078 0.714041
vt 0.053459 0.825637
vt 0.206321 0.684430
vt 0.068739 0.724799
vt 0.068747 0.825637
vt 0.698219 0.350725
vt 0.084025 0.724799
vt 0.450958 0.805494
vt 0.698219 0.370909
vt 0.099311 0.724799
vt 0.466247 0.805494
vt 0.667645 0.068146
vt 0.496763 0.704614
vt 0.789939 0.350022
vt 0.667645 0.088330
vt 0.512049 0.704615
vt 0.789939 0.370164
vt 0.635229 0.319983
vt 0.114597 0.724799
vt 0.789939 0.390307
vt 0.221608 0.684430
vt 0.527335 0.704615
vt 0.789939 0.410450
vt 0.236894 0.684430
vt 0.129884 0.724799
vt 0.789939 0.430593
vt 0.282754 0.644062
vt 0.145170 0.724799
vt 0.789939 0.450736
vt 0.252181 0.684430
vt 0.007594 0.744983
vt 0.789939 0.470879
vt 0.298041 0.644062
vt 0.160456 0.724799
vt 0.789939 0.491021
vt 0.698219 0.391093
vt 0.542621 0.704615
vt 0.789939 0.511164
vt 0.698219 0.411277
vt 0.175742 0.724799
vt 0.481535 0.805494
vt 0.698219 0.431461
vt 0.191029 0.724799
vt 0.496824 0.805494
vt 0.667645 0.108515
vt 0.557907 0.704615
vt 0.512112 0.805494
vt 0.313328 0.644062
vt 0.573194 0.704615
vt 0.527401 0.805494
vt 0.267468 0.684430
vt 0.588480 0.704615
vt 0.542689 0.805494
vt 0.282754 0.684430
vt 0.022880 0.744983
vt 0.557978 0.805494
vt 0.298041 0.684430
vt 0.038166 0.744983
vt 0.573266 0.805494
vt 0.328615 0.644062
vt 0.053452 0.744983
vt 0.588554 0.805494
vt 0.698219 0.451645
vt 0.068739 0.744983
vt 0.603843 0.805494
vt 0.667645 0.128699
vt 0.603766 0.704615
vt 0.619131 0.805494
vt 0.698219 0.471830
vt 0.206315 0.724799
vt 0.634420 0.805494
vt 0.698219 0.492014
vt 0.221601 0.724799
vt 0.649708 0.805494
vt 0.635229 0.340167
vt 0.619052 0.704615
vt 0.664997 0.805494
vt 0.313328 0.684430
vt 0.236887 0.724799
vt 0.789939 0.531307
vt 0.328615 0.684430
vt 0.634338 0.704615
vt 0.084036 0.825637
vt 0.343901 0.684430
vt 0.084025 0.744983
vt 0.099324 0.825637
vt 0.359188 0.684430
vt 0.099311 0.744983
vt 0.114613 0.825637
vt 0.698219 0.512198
vt 0.114597 0.744983
vt 0.680285 0.805494
vt 0.667645 0.148883
vt 0.129884 0.744983
vt 0.695574 0.805494
vt 0.698219 0.532382
vt 0.649625 0.704615
vt 0.789939 0.551450
vt 0.698219 0.552566
vt 0.664911 0.704615
vt 0.649633 0.765167
vt 0.698219 0.572750
vt 0.252173 0.724799
vt 0.664922 0.765167
vt 0.374475 0.684430
vt 0.267460 0.724799
vt 0.680210 0.765167
vt 0.389761 0.684430
vt 0.282746 0.724799
vt 0.695498 0.765167
vt 0.405048 0.684430
vt 0.680197 0.704615
vt 0.710787 0.765167
vt 0.635229 0.360352
vt 0.298032 0.724799
vt 0.726075 0.765167
vt 0.635229 0.380536
vt 0.313318 0.724799
vt 0.741364 0.765167
vt 0.343901 0.644062
vt 0.328605 0.724799
vt 0.756652 0.765167
vt 0.698219 0.592934
vt 0.145170 0.744983
vt 0.774650 0.007594
vt 0.359188 0.644062
vt 0.343891 0.724799
vt 0.774650 0.027737
vt 0.374475 0.644062
vt 0.359177 0.724799
vt 0.774650 0.047879
vt 0.667645 0.169067
vt 0.374463 0.724799
vt 0.774650 0.068022
vt 0.420335 0.684430
vt 0.695483 0.704615
vt 0.774650 0.088165
vt 0.435621 0.684430
vt 0.713505 0.007594
vt 0.774650 0.108308
vt 0.450908 0.684430
vt 0.389750 0.724799
vt 0.774650 0.128451
vt 0.466195 0.684430
vt 0.405036 0.724799
vt 0.774650 0.148593
vt 0.389761 0.644062
vt 0.160456 0.744983
vt 0.774650 0.168736
vt 0.405048 0.644062
vt 0.175742 0.744983
vt 0.774650 0.188879
vt 0.420335 0.644062
vt 0.191029 0.744983
vt 0.774650 0.209022
vt 0.698219 0.613119
vt 0.713505 0.027778
vt 0.774650 0.229165
vt 0.698219 0.633303
vt 0.713505 0.047962
vt 0.774650 0.249308
vt 0.635229 0.400720
vt 0.713505 0.068146
vt 0.774650 0.269450
vt 0.635229 0.420904
vt 0.420322 0.724799
vt 0.774650 0.289593
vt 0.635229 0.441088
vt 0.713505 0.088331
vt 0.298074 0.785351
vt 0.481482 0.684430
vt 0.435608 0.724799
vt 0.313363 0.785351
vt 0.496768 0.684430
vt 0.418249 0.250156
vt 0.402905 0.078241
vt 0.038437 0.499083
vt 0.402883 0.335829
vt 0.402905 0.164076
vt 0.053780 0.499083
vt 0.418249 0.336073
vt 0.402905 0.249912
vt 0.069123 0.499083
vt 0.450895 0.724799
vt 0.328651 0.785351
vt 0.512055 0.684430
vt 0.466181 0.724799
vt 0.129901 0.825637
vt 0.435621 0.644062
vt 0.481467 0.724799
vt 0.145190 0.825637
vt 0.450908 0.644062
vt 0.496753 0.724799
vt 0.160478 0.825637
vt 0.698219 0.653487
vt 0.206315 0.744983
vt 0.710862 0.805494
vt 0.667645 0.189251
vt 0.221601 0.744983
vt 0.726150 0.805494
vt 0.667645 0.209435
vt 0.236887 0.744983
vt 0.741439 0.805494
vt 0.698219 0.673671
vt 0.252173 0.744983
vt 0.756727 0.805494
vt 0.466195 0.644062
vt 0.252173 0.765167
vt 0.772016 0.805494
vt 0.527342 0.684430
vt 0.267460 0.744983
vt 0.787304 0.805494
vt 0.542628 0.684430
vt 0.512039 0.724799
vt 0.802593 0.805494
vt 0.557915 0.684430
vt 0.527326 0.724799
vt 0.820516 0.007594
vt 0.573202 0.684430
vt 0.542612 0.724799
vt 0.820515 0.027737
vt 0.007594 0.704614
vt 0.557898 0.724799
vt 0.820516 0.047879
vt 0.667645 0.229620
vt 0.282746 0.744983
vt 0.820516 0.068022
vt 0.022880 0.704614
vt 0.267460 0.765167
vt 0.820515 0.088165
vt 0.667645 0.249804
vt 0.298032 0.744983
vt 0.820516 0.108308
vt 0.635229 0.461272
vt 0.313318 0.744983
vt 0.820516 0.128451
vt 0.588489 0.684430
vt 0.328605 0.744983
vt 0.820516 0.148593
vt 0.481482 0.644062
vt 0.343891 0.744983
vt 0.343939 0.785351
vt 0.496768 0.644062
vt 0.573184 0.724799
vt 0.789939 0.571593
vt 0.603775 0.684430
vt 0.359177 0.744983
vt 0.789939 0.591735
vt 0.512055 0.644062
vt 0.588470 0.724799
vt 0.789939 0.611878
vt 0.667645 0.269988
vt 0.603757 0.724799
vt 0.789939 0.632021
vt 0.038167 0.704614
vt 0.374463 0.744983
vt 0.789939 0.652164
vt 0.053454 0.704614
vt 0.282746 0.765167
vt 0.789939 0.672307
vt 0.667645 0.290172
vt 0.298032 0.765167
vt 0.789939 0.692450
vt 0.619062 0.684430
vt 0.389750 0.744983
vt 0.789939 0.712592
vt 0.634349 0.684430
vt 0.405036 0.744983
vt 0.820516 0.168736
vt 0.649635 0.684430
vt 0.619043 0.724799
vt 0.789939 0.732735
vt 0.527342 0.644062
vt 0.634329 0.724799
vt 0.820516 0.188879
vt 0.542628 0.644062
vt 0.420322 0.744983
vt 0.820516 0.209022
vt 0.068741 0.704614
vt 0.435608 0.744983
vt 0.789939 0.752878
vt 0.084027 0.704614
vt 0.450895 0.744983
vt 0.359228 0.785351
vt 0.667645 0.310356
vt 0.466181 0.744983
vt 0.374516 0.785351
vt 0.099314 0.704614
vt 0.481467 0.744983
vt 0.389805 0.785351
vt 0.667645 0.330540
vt 0.496753 0.744983
vt 0.405093 0.785351
vt 0.557915 0.644062
vt 0.512039 0.744983
vt 0.420382 0.785351
vt 0.664922 0.684430
vt 0.313318 0.765167
vt 0.435670 0.785351
vt 0.680209 0.684430
vt 0.649615 0.724799
vt 0.450958 0.785351
vt 0.573202 0.644062
vt 0.664902 0.724799
vt 0.466247 0.785351
vt 0.667645 0.350725
vt 0.527326 0.744983
vt 0.481535 0.785351
vt 0.667645 0.370909
vt 0.542612 0.744983
vt 0.789939 0.773021
vt 0.114601 0.704614
vt 0.680188 0.724799
vt 0.805227 0.007594
vt 0.129887 0.704614
vt 0.557898 0.744983
vt 0.805227 0.027737
vt 0.145174 0.704614
vt 0.573184 0.744983
vt 0.805227 0.047879
vt 0.588489 0.644062
vt 0.588470 0.744983
vt 0.820516 0.229165
vt 0.603775 0.644062
vt 0.603757 0.744983
vt 0.820516 0.249308
vt 0.619062 0.644062
vt 0.328605 0.765167
vt 0.820516 0.269450
vt 0.698219 0.007594
vt 0.619043 0.744983
vt 0.820516 0.289593
vt 0.698219 0.027778
vt 0.695474 0.724799
vt 0.820516 0.309736
vt 0.667645 0.391093
vt 0.710760 0.724799
vt 0.820516 0.329879
vt 0.160461 0.704614
vt 0.728792 0.007594
vt 0.820516 0.350022
vt 0.667645 0.411277
vt 0.728792 0.027778
vt 0.820516 0.370164
vt 0.175747 0.704614
vt 0.634329 0.744983
vt 0.820516 0.390307
vt 0.667645 0.431461
vt 0.343891 0.765167
vt 0.820516 0.410450
vt 0.698219 0.047962
vt 0.359177 0.765167
vt 0.175767 0.825637
vt 0.634349 0.644062
vt 0.649615 0.744983
vt 0.191055 0.825637
vt 0.652358 0.007594
vt 0.664902 0.744983
vt 0.206343 0.825637
vt 0.652358 0.027778
vt 0.680188 0.744983
vt 0.221632 0.825637
vt 0.191034 0.704614
vt 0.695474 0.744983
vt 0.236920 0.825637
vt 0.206321 0.704614
vt 0.728792 0.047962
vt 0.252209 0.825637
vt 0.667645 0.451645
vt 0.710760 0.744983
vt 0.267497 0.825637
vt 0.667645 0.471830
vt 0.726046 0.744983
vt 0.282786 0.825637
vt 0.667645 0.492014
vt 0.741333 0.744983
vt 0.298074 0.825637
vt 0.652358 0.047962
vt 0.374463 0.765167
vt 0.313362 0.825637
vt 0.698219 0.068146
vt 0.389750 0.765167
vt 0.328651 0.825637
vt 0.652358 0.068146
vt 0.759364 0.007594
vt 0.343939 0.825637
vt 0.698219 0.088330
vt 0.728792 0.068146
vt 0.805227 0.068022
vt 0.698219 0.108515
vt 0.759364 0.027778
vt 0.820516 0.430593
vt 0.221608 0.704614
vt 0.759364 0.047962
vt 0.820516 0.450736
vt 0.667645 0.512198
vt 0.728792 0.088331
vt 0.820516 0.470879
vt 0.236894 0.704614
vt 0.759364 0.068146
vt 0.820516 0.491021
vt 0.667645 0.532382
vt 0.744078 0.451646
vt 0.805227 0.088165
vt 0.635229 0.481456
vt 0.728792 0.108515
vt 0.805227 0.108308
vt 0.652358 0.088330
vt 0.759364 0.088331
vt 0.774650 0.309736
vt 0.652358 0.108515
vt 0.759364 0.108515
vt 0.774650 0.329879
vt 0.652358 0.128699
vt 0.405036 0.765167
vt 0.774650 0.350022
vt 0.652358 0.148883
vt 0.759364 0.128699
vt 0.774650 0.370164
vt 0.667645 0.552566
vt 0.759364 0.148883
vt 0.774650 0.390307
vt 0.667645 0.572750
vt 0.713505 0.108515
vt 0.774650 0.410450
vt 0.667645 0.592934
vt 0.713505 0.128699
vt 0.774650 0.430593
vt 0.667645 0.613119
vt 0.713505 0.148883
vt 0.774650 0.450736
vt 0.667645 0.633303
vt 0.744078 0.471830
vt 0.774650 0.470879
vt 0.652359 0.169067
vt 0.420322 0.765167
vt 0.774650 0.491021
vt 0.652358 0.189251
vt 0.435608 0.765167
vt 0.774650 0.511164
vt 0.652359 0.209435
vt 0.728792 0.128699
vt 0.774650 0.531307
vt 0.652358 0.229620
vt 0.450895 0.765167
vt 0.805227 0.128451
vt 0.652358 0.249804
vt 0.713505 0.169067
vt 0.805227 0.148593
vt 0.667645 0.653487
vt 0.759364 0.169067
vt 0.805227 0.168736
vt 0.682932 0.007594
vt 0.759364 0.189252
vt 0.805227 0.188879
vt 0.682932 0.027778
vt 0.759364 0.209436
vt 0.805227 0.209022
vt 0.682932 0.047962
vt 0.759364 0.229620
vt 0.805227 0.229165
vt 0.652358 0.269988
vt 0.744078 0.492014
vt 0.805227 0.249308
vt 0.652358 0.290172
vt 0.728792 0.148883
vt 0.805227 0.269450
vt 0.698219 0.128699
vt 0.728792 0.169067
vt 0.805227 0.289593
vt 0.652358 0.310356
vt 0.728792 0.189252
vt 0.496824 0.785351
vt 0.652358 0.330540
vt 0.466181 0.765167
vt 0.512112 0.785351
vt 0.682932 0.068146
vt 0.759364 0.249804
vt 0.527401 0.785351
vt 0.252181 0.704614
vt 0.713505 0.189252
vt 0.527326 0.765167
vt 0.682932 0.088330
vt 0.418249 0.078323
vt 0.387461 0.164077
vt 0.084467 0.499083
vt 0.007750 0.499112
vt 0.387461 0.249912
vt 0.099810 0.499083
vt 0.418249 0.164240
vt 0.387461 0.335748
vt 0.023093 0.499083
vt 0.713505 0.209436
vt 0.805227 0.309736
vt 0.652358 0.350725
vt 0.728792 0.209436
vt 0.820516 0.511164
vt 0.652358 0.370909
vt 0.728792 0.229620
vt 0.820516 0.531307
vt 0.652358 0.391093
vt 0.728792 0.249804
vt 0.820516 0.551450
vt 0.652358 0.411277
vt 0.728792 0.269988
vt 0.789939 0.128451
vt 0.652358 0.431461
vt 0.728792 0.290172
vt 0.789939 0.148593
vt 0.652358 0.451645
vt 0.728792 0.310357
vt 0.820516 0.571593
vt 0.652358 0.471830
vt 0.728792 0.330541
vt 0.820516 0.591735
vt 0.698219 0.148883
vt 0.728792 0.350725
vt 0.820515 0.611878
vt 0.635229 0.501641
vt 0.728792 0.370909
vt 0.820516 0.632021
vt 0.635229 0.279615
vt 0.728792 0.391093
vt 0.820516 0.652164
vt 0.682932 0.108515
vt 0.728792 0.411278
vt 0.820515 0.672307
vt 0.682932 0.128699
vt 0.759364 0.269988
vt 0.542689 0.785351
vt 0.652358 0.492014
vt 0.759364 0.290172
vt 0.557978 0.785351
vt 0.682932 0.148883
vt 0.759364 0.310357
vt 0.573266 0.785351
vt 0.682932 0.169067
vt 0.759364 0.330541
vt 0.588554 0.785351
vt 0.652358 0.512198
vt 0.759364 0.350725
vt 0.603843 0.785351
vt 0.682932 0.189251
vt 0.759364 0.370909
vt 0.619131 0.785351
vt 0.682932 0.209435
vt 0.759364 0.391093
vt 0.805227 0.329879
vt 0.682932 0.229620
vt 0.759364 0.411278
vt 0.805227 0.350022
vt 0.682932 0.249804
vt 0.759364 0.431462
vt 0.805227 0.370164
vt 0.682932 0.269988
vt 0.759364 0.451646
vt 0.805227 0.390307
vt 0.682932 0.290172
vt 0.759364 0.471830
vt 0.805227 0.410450
vt 0.682932 0.310356
vt 0.759364 0.492014
vt 0.805227 0.430593
vt 0.682932 0.330540
vt 0.759364 0.512199
vt 0.805227 0.450736
vt 0.682932 0.350724
vt 0.759364 0.532383
vt 0.805227 0.470879
vt 0.682932 0.370909
vt 0.759364 0.552567
vt 0.805227 0.491021
vt 0.682932 0.391093
vt 0.713505 0.229620
vt 0.805227 0.511164
vt 0.652358 0.532382
vt 0.728792 0.431462
vt 0.805227 0.531307
vt 0.652358 0.552566
vt 0.728792 0.451646
vt 0.805227 0.551450
vt 0.652358 0.572750
vt 0.728792 0.471830
vt 0.805227 0.571593
vt 0.652358 0.592934
vt 0.728792 0.492014
vt 0.805227 0.591735
vt 0.652358 0.613119
vt 0.728792 0.512199
vt 0.805227 0.611878
vt 0.652358 0.633303
vt 0.728792 0.532383
vt 0.820516 0.692450
vt 0.007594 0.664246
vt 0.728792 0.552567
vt 0.820516 0.712592
vt 0.022880 0.664246
vt 0.728792 0.572751
vt 0.820516 0.732735
vt 0.038167 0.664246
vt 0.713505 0.249804
vt 0.820516 0.752878
vt 0.053454 0.664246
vt 0.759364 0.572751
vt 0.820516 0.773021
vt 0.068741 0.664246
vt 0.728792 0.592935
vt 0.805227 0.632021
vt 0.084027 0.664246
vt 0.728792 0.613120
vt 0.805227 0.652164
vt 0.099314 0.664246
vt 0.728792 0.633304
vt 0.774650 0.551450
vt 0.114601 0.664246
vt 0.713505 0.269988
vt 0.805227 0.672307
vt 0.129887 0.664246
vt 0.728792 0.653488
vt 0.805227 0.692450
vt 0.145174 0.664246
vt 0.481467 0.765167
vt 0.805227 0.712592
vt 0.160461 0.664246
vt 0.759364 0.592935
vt 0.805227 0.732735
vt 0.175747 0.664246
vt 0.759364 0.613120
vt 0.805227 0.752878
vt 0.191034 0.664246
vt 0.759364 0.633304
vt 0.805227 0.773021
vt 0.635229 0.521825
vt 0.728792 0.673672
vt 0.007594 0.805494
vt 0.635229 0.542009
vt 0.759364 0.653488
vt 0.820516 0.793164
vt 0.682932 0.411277
vt 0.759364 0.673672
vt 0.022882 0.805494
vt 0.682932 0.431461
vt 0.503192 0.308971
vt 0.291958 0.547688
vt 0.038427 0.549341
vt 0.503192 0.158282
vt 0.261223 0.547688
vt 0.053767 0.549341
vt 0.503192 0.208512
vt 0.307325 0.547688
vt 0.069107 0.549341
vt 0.728792 0.693856
vt 0.774650 0.571593
vt 0.682932 0.451645
vt 0.728792 0.714041
vt 0.774650 0.591735
vt 0.682932 0.471830
vt 0.744078 0.007594
vt 0.774650 0.611878
vt 0.682932 0.492014
vt 0.496753 0.765167
vt 0.774650 0.632021
vt 0.682932 0.512198
vt 0.744078 0.027778
vt 0.774650 0.652164
vt 0.682932 0.532382
vt 0.744078 0.047962
vt 0.774650 0.672307
vt 0.682932 0.552566
vt 0.744078 0.068146
vt 0.774650 0.692450
vt 0.682932 0.572750
vt 0.744078 0.088331
vt 0.774650 0.712592
vt 0.682932 0.592934
vt 0.759364 0.693856
vt 0.774650 0.732735
vt 0.682932 0.613119
vt 0.759364 0.714041
vt 0.774650 0.752878
vt 0.682932 0.633303
vt 0.744078 0.108515
vt 0.007594 0.785351
vt 0.682932 0.653487
vt 0.512039 0.765167
vt 0.022882 0.785351
vt 0.007594 0.684430
vt 0.759364 0.734225
vt 0.634420 0.785351
vt 0.022880 0.684430
vt 0.713505 0.290172
vt 0.649708 0.785351
vt 0.206321 0.664246
vt 0.744078 0.128699
vt 0.664997 0.785351
vt 0.221608 0.664246
vt 0.744078 0.148883
vt 0.680285 0.785351
vt 0.236894 0.664246
vt 0.744078 0.169067
vt 0.695574 0.785351
vt 0.252181 0.664246
vt 0.744078 0.189252
vt 0.710862 0.785351
vt 0.267468 0.664246
vt 0.713505 0.310357
vt 0.726150 0.785351
vt 0.282754 0.664246
vt 0.713505 0.330541
vt 0.741439 0.785351
vt 0.298041 0.664246
vt 0.744078 0.209436
vt 0.756727 0.785351
vt 0.313328 0.664246
vt 0.744078 0.229620
vt 0.772016 0.785351
vt 0.328615 0.664246
vt 0.744078 0.249804
vt 0.789939 0.007594
vt 0.343901 0.664246
vt 0.713505 0.350725
vt 0.789939 0.027737
vt 0.359188 0.664246
vt 0.744078 0.269988
vt 0.542614 0.765167
vt 0.374475 0.664246
vt 0.744078 0.290172
vt 0.557902 0.765167
vt 0.389761 0.664246
vt 0.744078 0.310357
vt 0.573191 0.765167
vt 0.635229 0.562193
vt 0.744078 0.330541
vt 0.588479 0.765167
vt 0.635229 0.582377
vt 0.007594 0.765167
vt 0.603768 0.765167
vt 0.635229 0.602561
vt 0.022880 0.765167
vt 0.619056 0.765167
vt 0.635229 0.622746
vt 0.038166 0.765167
vt 0.038171 0.785351
vt 0.007594 0.644062
vt 0.053452 0.765167
vt 0.053459 0.785351
vt 0.405048 0.664246
vt 0.068739 0.765167
vt 0.068747 0.785351
vt 0.022880 0.644062
vt 0.084025 0.765167
vt 0.084036 0.785351
vt 0.635229 0.299799
vt 0.099311 0.765167
vt 0.099324 0.785351
vt 0.038167 0.684430
vt 0.114597 0.765167
vt 0.114613 0.785351
vt 0.053454 0.684430
vt 0.129884 0.765167
vt 0.129901 0.785351
vt 0.068741 0.684430
vt 0.145170 0.765167
vt 0.145190 0.785351
vt 0.420335 0.664246
vt 0.160456 0.765167
vt 0.160478 0.785351
vt 0.435621 0.664246
vt 0.175742 0.765167
vt 0.175767 0.785351
vt 0.450908 0.664246
vt 0.191029 0.765167
vt 0.191055 0.785351
vt 0.466195 0.664246
vt 0.206315 0.765167
vt 0.206343 0.785351
vt 0.481482 0.664246
vt 0.221601 0.765167
vt 0.221632 0.785351
vt 0.496768 0.664246
vt 0.236887 0.765167
vt 0.236920 0.785351
vt 0.512055 0.664246
vt 0.744078 0.350725
vt 0.252209 0.785351
vt 0.527342 0.664246
vt 0.744078 0.370909
vt 0.789939 0.047879
vt 0.267468 0.704614
vt 0.744078 0.391093
vt 0.789939 0.068022
vt 0.282754 0.704614
vt 0.713505 0.370909
vt 0.789939 0.088165
vt 0.298041 0.704614
vt 0.744078 0.411278
vt 0.267497 0.785351
vt 0.542628 0.664246
vt 0.744078 0.431462
vt 0.789939 0.108308
vt 0.557915 0.664246
vt 0.503192 0.359200
vt 0.230489 0.547688
vt 0.503345 0.494701
vt 0.503193 0.258741
vt 0.245856 0.547688
vt 0.007747 0.549341
vt 0.503192 0.409430
vt 0.276591 0.547688
vt 0.023087 0.549341
vt 0.537655 0.231799
vt 0.537655 0.266869
vt 0.537655 0.196497
vt 0.537656 0.302303
vt 0.886583 0.217872
vt 0.886583 0.218196
vt 0.886302 0.218359
vt 0.886583 0.234033
vt 0.886021 0.234032
vt 0.886021 0.233708
vt 0.285840 0.606162
vt 0.238859 0.595689
vt 0.270203 0.606239
vt 0.254566 0.606720
vt 0.860776 0.899623
vt 0.860776 0.899883
vt 0.860553 0.900014
vt 0.876407 0.899619
vt 0.876185 0.900010
vt 0.875963 0.899886
vt 0.560629 0.252638
vt 0.560629 0.316432
vt 0.560629 0.124709
vt 0.560629 0.380811
vt 0.798007 0.899495
vt 0.798232 0.899625
vt 0.798232 0.899884
vt 0.829506 0.899884
vt 0.829056 0.899884
vt 0.829056 0.899625
vt 0.560629 0.284549
vt 0.560629 0.348621
vt 0.560629 0.156774
vt 0.560629 0.413000
vt 0.813644 0.899495
vt 0.813869 0.899625
vt 0.813869 0.899884
vt 0.845143 0.899884
vt 0.844693 0.899884
vt 0.844693 0.899625
vt 0.635229 0.204120
vt 0.421681 0.825637
vt 0.635229 0.184560
vt 0.437364 0.825637
vt 0.588130 0.882259
vt 0.588130 0.882778
vt 0.587681 0.883038
vt 0.620086 0.882259
vt 0.620086 0.882778
vt 0.619636 0.883037
vt 0.835804 0.337982
vt 0.835804 0.428430
vt 0.835804 0.319266
vt 0.835804 0.447122
vt 0.886021 0.007821
vt 0.886415 0.007594
vt 0.886808 0.007821
vt 0.886808 0.024371
vt 0.886021 0.024371
vt 0.886021 0.023916
vt 0.451190 0.848879
vt 0.590386 0.845780
vt 0.372476 0.848901
vt 0.682873 0.849024
vt 0.179006 0.915530
vt 0.179174 0.915628
vt 0.179174 0.915822
vt 0.256788 0.915623
vt 0.256621 0.915916
vt 0.256455 0.915823
vt 0.482240 0.848879
vt 0.575004 0.845780
vt 0.325902 0.848901
vt 0.698255 0.849024
vt 0.163483 0.915530
vt 0.163651 0.915628
vt 0.163651 0.915822
vt 0.287829 0.915623
vt 0.287662 0.915916
vt 0.287496 0.915823
vt 0.466715 0.848879
vt 0.605768 0.845780
vt 0.388000 0.848901
vt 0.775165 0.849024
vt 0.132438 0.915530
vt 0.132606 0.915628
vt 0.132606 0.915822
vt 0.303353 0.915817
vt 0.303016 0.915815
vt 0.303016 0.915624
vt 0.497764 0.848879
vt 0.621150 0.845780
vt 0.341427 0.848901
vt 0.713637 0.849024
vt 0.147961 0.915530
vt 0.148128 0.915628
vt 0.148128 0.915822
vt 0.241267 0.915623
vt 0.241101 0.915916
vt 0.240934 0.915823
vt 0.528813 0.848879
vt 0.667296 0.845780
vt 0.403525 0.848900
vt 0.729019 0.849024
vt 0.209885 0.915626
vt 0.210054 0.915530
vt 0.210223 0.915625
vt 0.334402 0.915817
vt 0.334065 0.915815
vt 0.334065 0.915624
vt 0.513289 0.848879
vt 0.636532 0.845780
vt 0.356951 0.848901
vt 0.744401 0.849024
vt 0.225410 0.915627
vt 0.225579 0.915530
vt 0.225747 0.915626
vt 0.318877 0.915817
vt 0.318540 0.915815
vt 0.318540 0.915624
vt 0.544338 0.848879
vt 0.651914 0.845780
vt 0.419050 0.848901
vt 0.759783 0.849024
vt 0.194361 0.915626
vt 0.194529 0.915530
vt 0.194698 0.915625
vt 0.272308 0.915623
vt 0.272142 0.915916
vt 0.271975 0.915823
vt 0.560629 0.205529
vt 0.560630 0.445220
vt 0.560629 0.060727
vt 0.560630 0.507565
vt 0.609755 0.899649
vt 0.610003 0.899495
vt 0.610251 0.899619
vt 0.578666 0.900079
vt 0.578431 0.899933
vt 0.578431 0.899641
vt 0.560629 0.237423
vt 0.560630 0.476391
vt 0.560629 0.092717
vt 0.007594 0.564562
vt 0.625687 0.899495
vt 0.625936 0.899648
vt 0.625936 0.899926
vt 0.657312 0.899925
vt 0.657064 0.900047
vt 0.656816 0.899893
vt 0.461410 0.398635
vt 0.461410 0.108445
vt 0.461410 0.243225
vt 0.491877 0.883009
vt 0.476690 0.883009
vt 0.635855 0.260072
vt 0.468909 0.829739
vt 0.165213 0.622789
vt 0.886635 0.072534
vt 0.886021 0.055908
vt 0.854133 0.044979
vt 0.554618 0.866331
vt 0.854131 0.027671
vt 0.585795 0.866330
vt 0.023589 0.882324
vt 0.024151 0.881999
vt 0.024712 0.882324
vt 0.870254 0.853570
vt 0.869692 0.853245
vt 0.869692 0.852596
vt 0.518908 0.316417
vt 0.537931 0.061764
vt 0.518893 0.469532
vt 0.343967 0.546440
vt 0.393701 0.514299
vt 0.359316 0.514341
vt 0.038479 0.595689
vt 0.579613 0.518168
vt 0.022921 0.595689
vt 0.054332 0.915942
vt 0.069932 0.915943
vt 0.449590 0.537044
vt 0.430245 0.514299
vt 0.518639 0.379068
vt 0.519613 0.416897
vt 0.886670 0.040706
vt 0.853938 0.425889
vt 0.219186 0.577225
vt 0.286880 0.577196
vt 0.203393 0.564529
vt 0.271335 0.577214
vt 0.886021 0.153654
vt 0.886021 0.153316
vt 0.886329 0.153138
vt 0.886609 0.137766
vt 0.886315 0.137951
vt 0.886021 0.137780
vt 0.854182 0.390865
vt 0.854203 0.373975
vt 0.854193 0.357085
vt 0.854203 0.287127
vt 0.853010 0.147238
vt 0.853445 0.146802
vt 0.854060 0.146826
vt 0.854495 0.147296
vt 0.854495 0.147937
vt 0.854505 0.131126
vt 0.854067 0.131594
vt 0.853448 0.131615
vt 0.853010 0.130534
vt 0.854067 0.130045
vt 0.853935 0.199535
vt 0.334421 0.883682
vt 0.851230 0.864253
vt 0.886021 0.104582
vt 0.334534 0.881999
vt 0.869692 0.802312
vt 0.381964 0.883129
vt 0.886177 0.185222
vt 0.886115 0.087972
vt 0.599701 0.149140
vt 0.601778 0.124637
vt 0.835804 0.228513
vt 0.836518 0.247576
vt 0.546494 0.829612
vt 0.453722 0.829728
vt 0.853010 0.511756
vt 0.869692 0.060496
vt 0.632040 0.866525
vt 0.869692 0.732847
vt 0.901995 0.257942
vt 0.902184 0.257834
vt 0.902372 0.257952
vt 0.902371 0.179967
vt 0.902183 0.180085
vt 0.901995 0.179976
vt 0.116590 0.866686
vt 0.163302 0.866668
vt 0.869692 0.325010
vt 0.087216 0.881999
vt 0.902184 0.070153
vt 0.902373 0.070261
vt 0.902373 0.070487
vt 0.902379 0.695909
vt 0.902187 0.696029
vt 0.901995 0.695928
vt 0.853010 0.599920
vt 0.869692 0.078131
vt 0.663199 0.866525
vt 0.869692 0.750465
vt 0.902388 0.883224
vt 0.902388 0.883441
vt 0.902192 0.883545
vt 0.902371 0.195608
vt 0.902183 0.195725
vt 0.901995 0.195616
vt 0.085448 0.866686
vt 0.194463 0.866668
vt 0.869692 0.395548
vt 0.164192 0.881999
vt 0.902388 0.664446
vt 0.902192 0.664776
vt 0.901995 0.664453
vt 0.038948 0.915964
vt 0.038752 0.915633
vt 0.039144 0.915643
vt 0.853010 0.723350
vt 0.869692 0.027672
vt 0.647620 0.866525
vt 0.869692 0.571869
vt 0.902388 0.898845
vt 0.902192 0.899167
vt 0.901995 0.898837
vt 0.902371 0.242529
vt 0.901995 0.242537
vt 0.901995 0.242311
vt 0.853010 0.810715
vt 0.319107 0.866668
vt 0.869692 0.415626
vt 0.179588 0.882000
vt 0.902184 0.101433
vt 0.902373 0.101767
vt 0.902184 0.101885
vt 0.902371 0.492512
vt 0.902371 0.492738
vt 0.902183 0.492847
vt 0.853010 0.547022
vt 0.869692 0.010038
vt 0.756677 0.866525
vt 0.869692 0.589486
vt 0.902187 0.554932
vt 0.902378 0.555034
vt 0.902378 0.555256
vt 0.902379 0.617577
vt 0.902379 0.617799
vt 0.902187 0.617900
vt 0.853010 0.845979
vt 0.350268 0.866668
vt 0.869692 0.292186
vt 0.118007 0.881999
vt 0.902184 0.163992
vt 0.902373 0.164326
vt 0.902184 0.164444
vt 0.085728 0.915964
vt 0.085532 0.915850
vt 0.085532 0.915633
vt 0.853010 0.670451
vt 0.869692 0.098209
vt 0.834575 0.866525
vt 0.869692 0.607104
vt 0.902187 0.539299
vt 0.902378 0.539401
vt 0.902378 0.539624
vt 0.902380 0.586315
vt 0.902187 0.586639
vt 0.901995 0.586519
vt 0.101019 0.864262
vt 0.287946 0.866668
vt 0.869692 0.274551
vt 0.241169 0.881999
vt 0.901995 0.461224
vt 0.902379 0.461241
vt 0.902379 0.461464
vt 0.902379 0.742800
vt 0.901995 0.742819
vt 0.902187 0.742477
vt 0.853010 0.688084
vt 0.869692 0.115843
vt 0.678779 0.866525
vt 0.869692 0.624722
vt 0.901995 0.367419
vt 0.902372 0.367430
vt 0.902184 0.367764
vt 0.902371 0.211248
vt 0.902183 0.211366
vt 0.901995 0.211257
vt 0.007594 0.864262
vt 0.225624 0.864256
vt 0.869692 0.309820
vt 0.256564 0.881999
vt 0.902388 0.648824
vt 0.902388 0.649041
vt 0.902192 0.649154
vt 0.902379 0.711539
vt 0.901995 0.711558
vt 0.901995 0.711336
vt 0.853010 0.564654
vt 0.869692 0.133477
vt 0.772256 0.866525
vt 0.869692 0.642339
vt 0.901995 0.304861
vt 0.902184 0.304753
vt 0.902372 0.304871
vt 0.902191 0.821057
vt 0.901995 0.820736
vt 0.902387 0.820726
vt 0.023165 0.864262
vt 0.210044 0.864256
vt 0.869692 0.433261
vt 0.271959 0.881999
vt 0.902184 0.085793
vt 0.902373 0.085901
vt 0.902373 0.086127
vt 0.023369 0.915964
vt 0.023173 0.915850
vt 0.023173 0.915633
vt 0.853010 0.705717
vt 0.869692 0.204014
vt 0.725518 0.866525
vt 0.869692 0.765663
vt 0.901995 0.320500
vt 0.902184 0.320393
vt 0.902372 0.320511
vt 0.902191 0.836679
vt 0.901995 0.836576
vt 0.901995 0.836358
vt 0.038735 0.864262
vt 0.256785 0.864256
vt 0.869692 0.503798
vt 0.148797 0.882000
vt 0.901995 0.429959
vt 0.902379 0.429976
vt 0.902379 0.430199
vt 0.101308 0.915964
vt 0.101112 0.915850
vt 0.101112 0.915633
vt 0.853010 0.740982
vt 0.869692 0.221649
vt 0.787836 0.866525
vt 0.869692 0.659957
vt 0.901995 0.336140
vt 0.902184 0.336032
vt 0.902372 0.336151
vt 0.902191 0.852302
vt 0.901995 0.852198
vt 0.901995 0.851980
vt 0.147732 0.864262
vt 0.303527 0.864256
vt 0.869692 0.521432
vt 0.287355 0.882000
vt 0.902184 0.117073
vt 0.902373 0.117407
vt 0.902184 0.117525
vt 0.902379 0.758431
vt 0.901995 0.758450
vt 0.901995 0.758228
vt 0.853010 0.617553
vt 0.869692 0.239283
vt 0.803416 0.866525
vt 0.869692 0.536633
vt 0.901995 0.289221
vt 0.902184 0.289113
vt 0.902372 0.289232
vt 0.902379 0.601946
vt 0.902379 0.602168
vt 0.902187 0.602269
vt 0.054306 0.864262
vt 0.334688 0.864256
vt 0.869692 0.345089
vt 0.302750 0.881999
vt 0.902184 0.132712
vt 0.902373 0.133047
vt 0.902184 0.133165
vt 0.902379 0.774062
vt 0.901995 0.774081
vt 0.901995 0.773859
vt 0.853010 0.635186
vt 0.869692 0.151112
vt 0.741097 0.866525
vt 0.869692 0.783281
vt 0.901995 0.273581
vt 0.902184 0.273474
vt 0.902372 0.273592
vt 0.902191 0.867924
vt 0.901995 0.867603
vt 0.902191 0.867489
vt 0.853010 0.828347
vt 0.241205 0.864256
vt 0.869692 0.450895
vt 0.194983 0.881999
vt 0.901995 0.414326
vt 0.902379 0.414343
vt 0.902379 0.414566
vt 0.902379 0.727170
vt 0.902187 0.727290
vt 0.901995 0.727189
vt 0.853010 0.652818
vt 0.869692 0.256917
vt 0.694358 0.866525
vt 0.869692 0.554251
vt 0.901995 0.351780
vt 0.902184 0.351672
vt 0.902372 0.351790
vt 0.902379 0.633208
vt 0.902379 0.633429
vt 0.902187 0.633531
vt 0.853010 0.775451
vt 0.272366 0.864256
vt 0.869692 0.362723
vt 0.210378 0.881999
vt 0.901995 0.445591
vt 0.902187 0.445489
vt 0.902379 0.445609
vt 0.902379 0.789692
vt 0.902187 0.789813
vt 0.901995 0.789711
vt 0.853010 0.582287
vt 0.869692 0.168746
vt 0.709938 0.866525
vt 0.869692 0.677575
vt 0.901995 0.383059
vt 0.902372 0.383070
vt 0.902372 0.383296
vt 0.902371 0.226889
vt 0.901995 0.226897
vt 0.902183 0.226553
vt 0.853010 0.793083
vt 0.365849 0.864256
vt 0.869692 0.468529
vt 0.225774 0.882000
vt 0.902388 0.680068
vt 0.902192 0.680398
vt 0.901995 0.680293
vt 0.116887 0.915964
vt 0.116691 0.915633
vt 0.117083 0.915643
vt 0.853010 0.529389
vt 0.869692 0.186380
vt 0.818995 0.866525
vt 0.869692 0.695192
vt 0.902187 0.523667
vt 0.902378 0.523769
vt 0.902378 0.523992
vt 0.902191 0.805435
vt 0.901995 0.805331
vt 0.901995 0.805114
vt 0.132161 0.864262
vt 0.381429 0.864256
vt 0.869692 0.486164
vt 0.133402 0.881999
vt 0.902184 0.148352
vt 0.902373 0.148460
vt 0.902373 0.148686
vt 0.902371 0.476872
vt 0.902183 0.477207
vt 0.901995 0.476863
vt 0.853010 0.494123
vt 0.869692 0.042862
vt 0.616460 0.866525
vt 0.869692 0.715230
vt 0.902187 0.508035
vt 0.902378 0.508137
vt 0.902378 0.508359
vt 0.902379 0.570684
vt 0.902379 0.570906
vt 0.902187 0.571008
vt 0.069877 0.866686
vt 0.178883 0.866668
vt 0.869692 0.377914
vt 0.102611 0.881999
vt 0.901995 0.398693
vt 0.902187 0.398591
vt 0.902379 0.398711
vt 0.007790 0.915964
vt 0.007594 0.915850
vt 0.007594 0.915633
vn -0.5000 -0.0000 -0.8660
vn -1.0000 -0.0000 -0.0000
vn -0.5000 -0.0000 0.8660
vn 0.5000 -0.0000 0.8660
vn 1.0000 -0.0000 -0.0000
vn 0.5000 -0.0000 -0.8660
vn -0.0000 -1.0000 -0.0000
vn -0.0000 1.0000 -0.0000
vn -0.5000 0.0202 -0.8658
vn -0.5000 -0.0202 0.8658
vn 0.5000 -0.0202 0.8658
vn 0.5000 0.0202 -0.8658
vn -0.0000 -0.9997 -0.0234
vn -0.0000 0.9997 0.0234
vn -0.5000 -0.0202 -0.8658
vn -0.5000 0.0202 0.8658
vn 0.5000 0.0202 0.8658
vn 0.5000 -0.0202 -0.8658
vn -0.0000 -0.9997 0.0234
vn -0.0000 0.9997 -0.0234
vn -0.8660 -0.2321 0.4429
vn -0.0000 -0.4641 0.8858
vn 0.8660 -0.2321 0.4429
vn 0.8660 0.2321 -0.4429
vn -0.0000 0.4641 -0.8858
vn -0.8660 0.2321 -0.4429
vn -0.0000 -0.8858 -0.4641
vn -0.0000 0.8858 0.4641
vn 0.8660 -0.2321 -0.4429
vn -0.0000 -0.4641 -0.8858
vn -0.8660 -0.2321 -0.4429
vn -0.8660 0.2321 0.4429
vn -0.0000 0.4641 0.8858
vn 0.8660 0.2321 0.4429
vn -0.0000 -0.8858 0.4641
vn -0.0000 0.8858 -0.4641
vn -0.8660 -0.2385 0.4394
vn -0.0000 -0.4771 0.8789
vn 0.8660 -0.2385 0.4394
vn 0.8660 0.2385 -0.4394
vn -0.0000 0.4771 -0.8789
vn -0.8660 0.2385 -0.4394
vn -0.0000 -0.8789 -0.4771
vn -0.0000 0.8789 0.4771
vn 0.8660 -0.2385 -0.4394
vn -0.0000 -0.4771 -0.8789
vn -0.8660 -0.2385 -0.4394
vn -0.8660 0.2385 0.4394
vn -0.0000 0.4771 0.8789
vn 0.8660 0.2385 0.4394
vn -0.0000 -0.8789 0.4771
vn -0.0000 0.8789 -0.4771
vn -0.5000 0.3151 -0.8067
vn -0.5000 -0.3151 0.8067
vn 0.5000 -0.3151 0.8067
vn 0.5000 0.3151 -0.8067
vn -0.0000 -0.9315 -0.3638
vn -0.0000 0.9315 0.3638
vn -0.5000 -0.3151 -0.8067
vn -0.5000 0.3151 0.8067
vn 0.5000 0.3151 0.8067
vn 0.5000 -0.3151 -0.8067
vn -0.0000 -0.9315 0.3638
vn -0.0000 0.9315 -0.3638
vn -0.8660 -0.0000 -0.5000
vn -0.0000 -0.0000 1.0000
vn 0.8660 -0.0000 -0.5000
vn -0.8660 -0.0000 -0.5001
vn 0.8660 -0.0000 -0.5001
vn -0.0000 -0.8660 -0.5000
vn -0.0000 0.8660 -0.5000
vn 0.5000 -0.8660 -0.0000
vn 0.5000 0.8660 -0.0000
vn -0.0000 -0.0000 -1.0000
vn 0.8660 -0.5000 -0.0000
vn -0.8660 -0.5000 -0.0000
vn -0.8660 0.5000 -0.0000
vn 0.8660 0.5000 -0.0000
vn -0.4691 0.1730 -0.8660
vn -0.9382 0.3461 -0.0000
vn -0.4691 0.1730 0.8660
vn 0.4691 -0.1730 0.8660
vn 0.9382 -0.3461 -0.0000
vn 0.4691 -0.1730 -0.8660
vn -0.3461 -0.9382 -0.0000
vn 0.3461 0.9382 -0.0000
vn 0.3460 0.9382 -0.0000
vn -0.7071 -0.0000 -0.7071
vn -0.7071 -0.0000 0.7071
vn 0.7071 -0.0000 0.7071
vn 0.7071 -0.0000 -0.7071
vn 0.3551 -0.7071 0.6115
vn -0.3551 -0.7071 -0.6115
vn -0.3551 0.7071 -0.6115
vn 0.3551 0.7071 0.6115
vn -0.8648 -0.0000 0.5021
vn 0.8648 -0.0000 -0.5021
vn 0.2488 -0.5822 -0.7740
vn 0.5625 -0.0000 0.8268
vn -0.8113 0.5822 -0.0528
vn 0.5558 0.7403 -0.3782
vn -0.5558 -0.7403 0.3782
vn -0.8459 -0.2183 0.4866
vn -0.8459 -0.2183 0.4867
vn -0.0000 0.0660 -0.9978
vn 0.8459 0.1522 0.5112
vn -0.2144 0.9746 0.0645
vn 0.2144 -0.9746 -0.0645
vn 0.0207 -0.9998 -0.0000
vn 0.0613 -0.9981 -0.0000
vn 0.0670 0.9978 -0.0000
vn 0.0766 0.9971 -0.0000
vn -0.0918 -0.9958 -0.0000
vn 0.0923 0.9957 -0.0000
vn -0.1633 -0.9866 -0.0000
vn 0.0984 0.9951 -0.0000
vn 0.0460 -0.4979 -0.8660
vn 0.0920 -0.9958 -0.0000
vn 0.0460 -0.4979 0.8660
vn -0.0460 0.4979 0.8660
vn -0.0920 0.9958 -0.0000
vn -0.0460 0.4979 -0.8660
vn 0.9958 0.0920 -0.0000
vn -0.9958 -0.0920 -0.0000
vn -0.0000 -0.3827 -0.9239
vn -0.0000 -0.9239 -0.3827
vn -0.0000 -0.9239 0.3827
vn -0.0000 -0.3827 0.9239
vn -0.0000 0.3827 0.9239
vn -0.0000 0.9239 0.3827
vn -0.0000 0.9239 -0.3827
vn -0.0000 0.3827 -0.9239
vn -0.1764 0.3858 -0.9056
vn -0.2466 0.4344 -0.8663
vn -0.4883 0.5810 -0.6511
vn 0.3634 -0.5098 0.7798
vn 0.1264 -0.5581 0.8201
vn -0.0000 -0.2538 0.9672
vn -0.0000 -0.6658 0.7462
vn -0.0000 0.2538 -0.9672
vn -0.1764 -0.3858 -0.9056
vn -0.2466 -0.4344 -0.8663
vn -0.0000 -0.2538 -0.9672
vn 0.1264 0.5581 0.8201
vn 0.3634 0.5098 0.7798
vn -0.0000 0.2538 0.9672
vn -0.0000 0.6658 0.7462
vn -0.1091 -0.9940 -0.0000
vn 0.1240 -0.9923 -0.0000
vn 0.1062 0.9943 -0.0000
vn 0.1300 0.9915 -0.0000
vn -0.3363 -0.9417 -0.0000
vn 0.1537 0.9881 -0.0000
vn -0.4993 -0.2277 -0.8360
vn -0.9986 0.0507 -0.0155
vn -0.4993 0.2784 0.8205
vn -0.4993 0.2785 0.8205
vn 0.4993 0.2277 0.8360
vn 0.9986 -0.0507 0.0155
vn 0.4993 -0.2784 -0.8205
vn -0.0531 -0.9550 0.2918
vn 0.0531 0.9550 -0.2918
vn -0.4993 0.2784 -0.8205
vn -0.4993 0.2785 -0.8205
vn -0.9986 0.0507 0.0155
vn -0.4993 -0.2277 0.8360
vn 0.4993 -0.2784 0.8205
vn 0.9986 -0.0507 -0.0155
vn 0.4993 0.2277 -0.8360
vn -0.0531 -0.9550 -0.2918
vn 0.0531 0.9550 0.2918
vn -0.0530 -0.9550 0.2918
vn -0.0530 -0.9550 -0.2918
vn 0.0530 0.9550 0.2918
vn 0.2142 -0.6503 0.7288
vn -0.4883 -0.5810 -0.6511
vn 0.2142 0.6503 0.7288
vn 0.0530 0.9550 -0.2918
f 1/1/1 2/2/1 3/3/1
f 4/4/2 5/5/2 1/6/2
f 6/7/3 7/8/3 4/9/3
f 8/10/4 9/11/4 6/7/4
f 10/12/5 11/13/5 8/14/5
f 3/3/6 12/15/6 10/16/6
f 4/17/7 1/18/7 3/19/7
f 11/20/8 12/21/8 5/22/8
f 13/23/1 14/24/1 15/25/1
f 16/26/2 17/27/2 13/28/2
f 18/29/3 19/30/3 16/31/3
f 20/32/4 21/33/4 18/29/4
f 22/34/5 23/35/5 20/36/5
f 15/25/6 24/37/6 22/38/6
f 16/39/7 13/40/7 15/41/7
f 23/42/8 24/43/8 17/44/8
f 25/45/1 26/46/1 27/47/1
f 28/48/2 29/49/2 25/50/2
f 30/51/3 31/52/3 28/53/3
f 32/54/4 33/55/4 30/51/4
f 34/56/5 35/57/5 32/58/5
f 27/47/6 36/59/6 34/60/6
f 28/61/7 25/62/7 27/63/7
f 35/64/8 36/65/8 29/66/8
f 37/67/9 38/68/9 39/69/9
f 37/70/2 40/71/2 41/72/2
f 42/73/10 40/74/10 43/75/10
f 42/73/11 44/76/11 45/77/11
f 46/78/5 44/79/5 47/80/5
f 46/81/12 38/68/12 48/82/12
f 47/83/13 43/84/13 39/85/13
f 45/86/14 44/87/14 48/88/14
f 49/89/1 50/90/1 51/91/1
f 52/92/2 53/93/2 49/94/2
f 54/95/3 55/96/3 52/97/3
f 56/98/4 57/99/4 54/95/4
f 58/100/5 59/101/5 56/102/5
f 51/91/6 60/103/6 58/104/6
f 52/105/7 49/106/7 51/107/7
f 59/108/8 60/109/8 53/110/8
f 61/111/15 62/112/15 63/113/15
f 64/114/2 62/115/2 65/116/2
f 64/117/16 66/118/16 67/119/16
f 68/120/17 66/118/17 69/121/17
f 68/122/5 70/123/5 71/124/5
f 61/111/18 70/125/18 72/126/18
f 64/127/19 65/128/19 61/129/19
f 66/130/20 71/131/20 70/132/20
f 73/133/1 74/134/1 75/135/1
f 76/136/2 77/137/2 73/138/2
f 78/139/3 79/140/3 76/141/3
f 80/142/4 81/143/4 78/139/4
f 82/144/5 83/145/5 80/146/5
f 75/135/6 84/147/6 82/148/6
f 76/149/7 73/150/7 75/151/7
f 83/152/8 84/153/8 77/154/8
f 85/155/21 86/156/21 87/157/21
f 88/158/22 86/159/22 89/160/22
f 90/161/23 91/162/23 88/163/23
f 92/164/24 93/165/24 90/161/24
f 94/166/25 95/167/25 92/168/25
f 94/169/26 87/157/26 96/170/26
f 88/171/27 89/172/27 85/173/27
f 93/174/28 95/175/28 96/176/28
f 97/177/1 98/178/1 99/179/1
f 100/180/2 101/181/2 97/182/2
f 102/183/3 103/184/3 100/185/3
f 104/186/4 105/187/4 102/183/4
f 106/188/5 107/189/5 104/190/5
f 99/179/6 108/191/6 106/192/6
f 100/193/7 97/194/7 99/195/7
f 107/196/8 108/197/8 101/198/8
f 109/199/29 110/200/29 111/201/29
f 112/202/30 110/203/30 113/204/30
f 114/205/31 115/206/31 112/207/31
f 116/208/32 117/209/32 114/205/32
f 118/210/33 119/211/33 116/212/33
f 118/213/34 111/201/34 120/214/34
f 112/215/35 113/216/35 109/217/35
f 119/218/36 120/219/36 110/220/36
f 121/221/1 122/222/1 123/223/1
f 124/224/2 125/225/2 121/226/2
f 126/227/3 127/228/3 124/229/3
f 128/230/4 129/231/4 126/227/4
f 130/232/5 131/233/5 128/234/5
f 123/223/6 132/235/6 130/236/6
f 124/237/7 121/238/7 123/239/7
f 131/240/8 132/241/8 125/242/8
f 133/243/37 134/244/37 135/245/37
f 136/246/38 137/247/38 133/248/38
f 138/249/39 139/250/39 136/251/39
f 140/252/40 141/253/40 138/249/40
f 142/254/41 143/255/41 140/256/41
f 135/245/42 144/257/42 142/258/42
f 136/259/43 133/260/43 135/261/43
f 143/262/44 144/263/44 137/264/44
f 145/265/1 146/266/1 147/267/1
f 148/268/2 149/269/2 145/270/2
f 150/271/3 151/272/3 148/273/3
f 152/274/4 153/275/4 150/271/4
f 154/276/5 155/277/5 152/278/5
f 147/267/6 156/279/6 154/280/6
f 148/281/7 145/282/7 147/283/7
f 155/284/8 156/285/8 149/286/8
f 157/287/45 158/288/45 159/289/45
f 160/290/46 161/291/46 157/292/46
f 162/293/47 163/294/47 160/295/47
f 164/296/48 165/297/48 162/293/48
f 166/298/49 167/299/49 164/300/49
f 159/289/50 168/301/50 166/302/50
f 160/303/51 157/304/51 159/305/51
f 167/306/52 168/307/52 161/308/52
f 169/309/1 170/310/1 171/311/1
f 172/312/2 173/313/2 169/314/2
f 174/315/3 175/316/3 172/317/3
f 176/318/4 177/319/4 174/315/4
f 178/320/5 179/321/5 176/322/5
f 171/311/6 180/323/6 178/324/6
f 172/325/7 169/326/7 171/327/7
f 179/328/8 180/329/8 173/330/8
f 181/331/53 182/332/53 183/333/53
f 184/334/2 185/335/2 182/332/2
f 186/336/54 187/337/54 185/338/54
f 188/339/55 187/337/55 189/340/55
f 190/341/5 191/342/5 188/343/5
f 181/344/56 192/345/56 190/346/56
f 184/347/57 181/348/57 188/349/57
f 191/350/58 192/351/58 182/352/58
f 193/353/1 194/354/1 195/355/1
f 196/356/2 197/357/2 193/358/2
f 198/359/3 199/360/3 196/361/3
f 200/362/4 201/363/4 198/359/4
f 202/364/5 203/365/5 200/366/5
f 195/355/6 204/367/6 202/368/6
f 196/369/7 193/370/7 195/371/7
f 203/372/8 204/373/8 197/374/8
f 205/375/59 206/376/59 207/377/59
f 208/378/2 209/379/2 205/380/2
f 210/381/60 211/382/60 208/383/60
f 210/381/61 212/384/61 213/385/61
f 214/386/5 215/387/5 212/388/5
f 216/389/62 206/376/62 215/390/62
f 208/391/63 205/392/63 207/393/63
f 212/394/64 215/395/64 209/396/64
f 217/397/65 218/398/65 219/399/65
f 220/400/66 221/401/66 217/402/66
f 219/403/67 222/404/67 220/405/67
f 220/406/7 217/407/7 219/408/7
f 218/409/8 221/410/8 222/411/8
f 223/412/65 224/413/65 225/414/65
f 226/415/66 227/416/66 223/417/66
f 225/418/67 228/419/67 226/420/67
f 226/421/7 223/422/7 225/423/7
f 224/424/8 227/425/8 228/426/8
f 229/427/65 230/428/65 231/429/65
f 232/430/66 233/431/66 229/432/66
f 231/433/67 234/434/67 232/435/67
f 232/436/7 229/437/7 231/438/7
f 230/439/8 233/440/8 234/441/8
f 235/442/65 236/443/65 237/444/65
f 238/445/66 239/446/66 235/447/66
f 237/448/67 240/449/67 238/450/67
f 238/451/7 235/452/7 237/453/7
f 236/454/8 239/455/8 240/456/8
f 241/457/65 242/458/65 243/459/65
f 244/460/66 245/461/66 241/462/66
f 243/463/67 246/464/67 244/465/67
f 244/466/7 241/467/7 243/468/7
f 242/469/8 245/470/8 246/471/8
f 247/472/65 248/473/65 249/474/65
f 250/475/66 251/476/66 247/477/66
f 249/478/67 252/479/67 250/480/67
f 250/481/7 247/482/7 249/483/7
f 248/484/8 251/485/8 252/486/8
f 253/487/65 254/488/65 255/489/65
f 256/490/66 257/491/66 253/492/66
f 255/493/67 258/494/67 256/495/67
f 256/496/7 253/497/7 255/498/7
f 254/499/8 257/500/8 258/501/8
f 259/502/65 260/503/65 261/504/65
f 262/505/66 263/506/66 259/507/66
f 261/508/67 264/509/67 262/510/67
f 262/511/7 259/512/7 261/513/7
f 260/514/8 263/515/8 264/516/8
f 265/517/65 266/518/65 267/519/65
f 268/520/66 269/521/66 265/522/66
f 267/523/67 270/524/67 268/525/67
f 268/526/7 265/527/7 267/528/7
f 266/529/8 269/530/8 270/531/8
f 271/532/65 272/533/65 273/534/65
f 274/535/66 275/536/66 271/537/66
f 273/538/67 276/539/67 274/540/67
f 274/541/7 271/542/7 273/543/7
f 272/544/8 275/545/8 276/546/8
f 277/547/65 278/548/65 279/549/65
f 280/550/66 281/551/66 277/552/66
f 279/553/67 282/554/67 280/555/67
f 280/556/7 277/557/7 279/558/7
f 278/559/8 281/560/8 282/561/8
f 283/562/65 284/563/65 285/564/65
f 286/565/66 287/566/66 283/567/66
f 285/568/67 288/569/67 286/570/67
f 286/571/7 283/572/7 285/573/7
f 284/574/8 287/575/8 288/576/8
f 289/577/65 290/578/65 291/579/65
f 292/580/66 293/581/66 289/582/66
f 291/583/67 294/584/67 292/585/67
f 292/586/7 289/587/7 291/588/7
f 290/589/8 293/590/8 294/591/8
f 295/592/65 296/593/65 297/594/65
f 298/595/66 299/596/66 295/597/66
f 297/598/67 300/599/67 298/600/67
f 298/601/7 295/602/7 297/603/7
f 296/604/8 299/605/8 300/606/8
f 301/607/65 302/608/65 303/609/65
f 304/610/66 305/611/66 301/612/66
f 303/613/67 306/614/67 304/615/67
f 304/616/7 301/617/7 303/618/7
f 302/619/8 305/620/8 306/621/8
f 307/622/65 308/623/65 309/624/65
f 310/625/66 311/626/66 307/627/66
f 309/628/67 312/629/67 310/630/67
f 310/631/7 307/632/7 309/633/7
f 308/634/8 311/635/8 312/636/8
f 313/637/65 314/638/65 315/639/65
f 316/640/66 317/641/66 313/642/66
f 315/643/67 318/644/67 316/645/67
f 316/646/7 313/647/7 315/648/7
f 314/649/8 317/650/8 318/651/8
f 319/652/65 320/653/65 321/654/65
f 322/655/66 323/656/66 319/657/66
f 321/658/67 324/659/67 322/660/67
f 322/661/7 319/662/7 321/663/7
f 320/664/8 323/665/8 324/666/8
f 325/667/65 326/668/65 327/669/65
f 328/670/66 329/671/66 325/672/66
f 327/673/67 330/674/67 328/675/67
f 328/676/7 325/677/7 327/678/7
f 326/679/8 329/680/8 330/681/8
f 331/682/65 332/683/65 333/684/65
f 334/685/66 335/686/66 331/687/66
f 333/688/67 336/689/67 334/690/67
f 334/691/7 331/692/7 333/693/7
f 332/694/8 335/695/8 336/696/8
f 337/697/65 338/698/65 339/699/65
f 340/700/66 341/701/66 337/702/66
f 339/703/67 342/704/67 340/705/67
f 340/706/7 337/707/7 339/708/7
f 338/709/8 341/710/8 342/711/8
f 343/712/65 344/713/65 345/714/65
f 346/715/66 347/716/66 343/717/66
f 345/718/67 348/719/67 346/720/67
f 346/721/7 343/722/7 345/723/7
f 344/724/8 347/725/8 348/726/8
f 349/727/65 350/728/65 351/729/65
f 352/730/66 353/731/66 349/732/66
f 351/733/67 354/734/67 352/735/67
f 352/736/7 349/737/7 351/738/7
f 350/739/8 353/740/8 354/741/8
f 355/742/65 356/743/65 357/744/65
f 358/745/66 359/746/66 355/747/66
f 357/748/67 360/749/67 358/750/67
f 358/751/7 355/752/7 357/753/7
f 356/754/8 359/755/8 360/756/8
f 361/757/65 362/758/65 363/759/65
f 364/760/66 365/761/66 361/762/66
f 363/763/67 366/764/67 364/765/67
f 364/766/7 361/767/7 363/768/7
f 362/769/8 365/770/8 366/771/8
f 367/772/65 368/773/65 369/774/65
f 370/775/66 371/776/66 367/777/66
f 369/778/67 372/779/67 370/780/67
f 370/781/7 367/782/7 369/783/7
f 368/784/8 371/785/8 372/786/8
f 373/787/65 374/788/65 375/789/65
f 376/790/66 377/791/66 373/792/66
f 375/793/67 378/794/67 376/795/67
f 376/796/7 373/797/7 375/798/7
f 374/799/8 377/800/8 378/801/8
f 379/802/65 380/803/65 381/804/65
f 382/805/66 383/806/66 379/807/66
f 381/808/67 384/809/67 382/810/67
f 382/811/7 379/812/7 381/813/7
f 380/814/8 383/815/8 384/816/8
f 385/817/65 386/818/65 387/819/65
f 388/820/66 389/821/66 385/822/66
f 387/823/67 390/824/67 388/825/67
f 388/826/7 385/827/7 387/828/7
f 386/829/8 389/830/8 390/831/8
f 391/832/65 392/833/65 393/834/65
f 394/835/66 395/836/66 391/837/66
f 393/838/67 396/839/67 394/840/67
f 394/841/7 391/842/7 393/843/7
f 392/844/8 395/845/8 396/846/8
f 397/847/65 398/848/65 399/849/65
f 400/850/66 401/851/66 397/852/66
f 399/853/67 402/854/67 400/855/67
f 400/856/7 397/857/7 399/858/7
f 398/859/8 401/860/8 402/861/8
f 403/862/65 404/863/65 405/864/65
f 406/865/66 407/866/66 403/867/66
f 405/868/67 408/869/67 406/870/67
f 406/871/7 403/872/7 405/873/7
f 404/874/8 407/875/8 408/876/8
f 409/877/65 410/878/65 411/879/65
f 412/880/66 413/881/66 409/882/66
f 411/883/67 414/884/67 412/885/67
f 412/886/7 409/887/7 411/888/7
f 410/889/8 413/890/8 414/891/8
f 415/892/65 416/893/65 417/894/65
f 418/895/66 419/896/66 415/897/66
f 417/898/67 420/899/67 418/900/67
f 418/901/7 415/902/7 417/903/7
f 416/904/8 419/905/8 420/906/8
f 421/907/65 422/908/65 423/909/65
f 424/910/66 425/911/66 421/912/66
f 423/913/67 426/914/67 424/915/67
f 424/916/7 421/917/7 423/918/7
f 422/919/8 425/920/8 426/921/8
f 427/922/65 428/923/65 429/924/65
f 430/925/66 431/926/66 427/927/66
f 429/928/67 432/929/67 430/930/67
f 430/931/7 427/932/7 429/933/7
f 428/934/8 431/935/8 432/936/8
f 433/937/65 434/938/65 435/939/65
f 436/940/66 437/941/66 433/942/66
f 435/943/67 438/944/67 436/945/67
f 436/946/7 433/947/7 435/948/7
f 434/949/8 437/950/8 438/951/8
f 439/952/65 440/953/65 441/954/65
f 442/955/66 443/956/66 439/957/66
f 441/958/67 444/959/67 442/960/67
f 442/961/7 439/962/7 441/963/7
f 440/964/8 443/965/8 444/966/8
f 445/967/65 446/968/65 447/969/65
f 448/970/66 449/971/66 445/972/66
f 447/973/67 450/974/67 448/975/67
f 448/976/7 445/977/7 447/978/7
f 446/979/8 449/980/8 450/981/8
f 451/982/65 452/983/65 453/984/65
f 454/985/66 455/986/66 451/987/66
f 453/988/67 456/989/67 454/990/67
f 454/991/7 451/992/7 453/993/7
f 452/994/8 455/995/8 456/996/8
f 457/997/65 458/998/65 459/999/65
f 460/1000/66 461/1001/66 457/1002/66
f 459/1003/67 462/1004/67 460/1005/67
f 460/1006/7 457/1007/7 459/1008/7
f 458/1009/8 461/1010/8 462/1011/8
f 463/1012/65 464/1013/65 465/1014/65
f 466/1015/66 467/1016/66 463/1017/66
f 465/1018/67 468/1019/67 466/1020/67
f 466/1021/7 463/1022/7 465/1023/7
f 464/1024/8 467/1025/8 468/1026/8
f 469/1027/65 470/1028/65 471/1029/65
f 472/1030/66 473/1031/66 469/1032/66
f 471/1033/67 474/1034/67 472/1035/67
f 472/1036/7 469/1037/7 471/1038/7
f 470/1039/8 473/1040/8 474/1041/8
f 475/1042/65 476/1043/65 477/1044/65
f 478/1045/66 479/1046/66 475/1047/66
f 477/1048/67 480/1049/67 478/1050/67
f 478/1051/7 475/1052/7 477/1053/7
f 476/1054/8 479/1055/8 480/1056/8
f 481/1057/65 482/1058/65 483/1059/65
f 484/1060/66 485/1061/66 481/1062/66
f 483/1063/67 486/1064/67 484/1065/67
f 484/1066/7 481/1067/7 483/1068/7
f 482/1069/8 485/1070/8 486/1071/8
f 487/1072/65 488/1073/65 489/1074/65
f 490/1075/66 491/1076/66 487/1077/66
f 489/1078/67 492/1079/67 490/1080/67
f 490/1081/7 487/1082/7 489/1083/7
f 488/1084/8 491/1085/8 492/1086/8
f 493/1087/65 494/1088/65 495/1089/65
f 496/1090/66 497/1091/66 493/1092/66
f 495/1093/67 498/1094/67 496/1095/67
f 496/1096/7 493/1097/7 495/1098/7
f 494/1099/8 497/1100/8 498/1101/8
f 499/1102/65 500/1103/65 501/1104/65
f 502/1105/66 503/1106/66 499/1107/66
f 501/1108/67 504/1109/67 502/1110/67
f 502/1111/7 499/1112/7 501/1113/7
f 500/1114/8 503/1115/8 504/1116/8
f 505/1117/65 506/1118/65 507/1119/65
f 508/1120/66 509/1121/66 505/1122/66
f 507/1123/67 510/1124/67 508/1125/67
f 508/1126/7 505/1127/7 507/1128/7
f 506/1129/8 509/1130/8 510/1131/8
f 511/1132/65 512/1133/65 513/1134/65
f 514/1135/66 515/1136/66 511/1137/66
f 513/1138/67 516/1139/67 514/1140/67
f 514/1141/7 511/1142/7 513/1143/7
f 512/1144/8 515/1145/8 516/1146/8
f 517/1147/65 518/1148/65 519/1149/65
f 520/1150/66 521/1151/66 517/1152/66
f 519/1153/67 522/1154/67 520/1155/67
f 520/1156/7 517/1157/7 519/1158/7
f 518/1159/8 521/1160/8 522/1161/8
f 523/1162/65 524/1163/65 525/1164/65
f 526/1165/66 527/1166/66 523/1167/66
f 525/1168/67 528/1169/67 526/1170/67
f 526/1171/7 523/1172/7 525/1173/7
f 524/1174/8 527/1175/8 528/1176/8
f 529/1177/65 530/1178/65 531/1179/65
f 532/1180/66 533/1181/66 529/1182/66
f 531/1183/67 534/1184/67 532/1185/67
f 532/1186/7 529/1187/7 531/1188/7
f 530/1189/8 533/1190/8 534/1191/8
f 535/1192/65 536/1193/65 537/1194/65
f 538/1195/66 539/1196/66 535/1197/66
f 537/1198/67 540/1199/67 538/1200/67
f 538/1201/7 535/1202/7 537/1203/7
f 536/1204/8 539/1205/8 540/1206/8
f 541/1207/65 542/1208/65 543/1209/65
f 544/1210/66 545/1211/66 541/1212/66
f 543/1213/67 546/1214/67 544/1215/67
f 544/1216/7 541/1217/7 543/1218/7
f 542/1219/8 545/1220/8 546/1221/8
f 547/1222/65 548/1223/65 549/1224/65
f 550/1225/66 551/1226/66 547/1227/66
f 549/1228/67 552/1229/67 550/1230/67
f 550/1231/7 547/1232/7 549/1233/7
f 548/1234/8 551/1235/8 552/1236/8
f 553/1237/65 554/1238/65 555/1239/65
f 556/1240/66 557/1241/66 553/1242/66
f 555/1243/67 558/1244/67 556/1245/67
f 556/1246/7 553/1247/7 555/1248/7
f 554/1249/8 557/1250/8 558/1251/8
f 559/1252/65 560/1253/65 561/1254/65
f 562/1255/66 563/1256/66 559/1257/66
f 561/1258/67 564/1259/67 562/1260/67
f 562/1261/7 559/1262/7 561/1263/7
f 560/1264/8 563/1265/8 564/1266/8
f 565/1267/65 566/1268/65 567/1269/65
f 568/1270/66 569/1271/66 565/1272/66
f 567/1273/67 570/1274/67 568/1275/67
f 568/1276/7 565/1277/7 567/1278/7
f 566/1279/8 569/1280/8 570/1281/8
f 571/1282/65 572/1283/65 573/1284/65
f 574/1285/66 575/1286/66 571/1287/66
f 573/1288/67 576/1289/67 574/1290/67
f 574/1291/7 571/1292/7 573/1293/7
f 572/1294/8 575/1295/8 576/1296/8
f 577/1297/65 578/1298/65 579/1299/65
f 580/1300/66 581/1301/66 577/1302/66
f 579/1303/67 582/1304/67 580/1305/67
f 580/1306/7 577/1307/7 579/1308/7
f 578/1309/8 581/1310/8 582/1311/8
f 583/1312/65 584/1313/65 585/1314/65
f 586/1315/66 587/1316/66 583/1317/66
f 585/1318/67 588/1319/67 586/1320/67
f 586/1321/7 583/1322/7 585/1323/7
f 584/1324/8 587/1325/8 588/1326/8
f 589/1327/65 590/1328/65 591/1329/65
f 592/1330/66 593/1331/66 589/1332/66
f 591/1333/67 594/1334/67 592/1335/67
f 592/1336/7 589/1337/7 591/1338/7
f 590/1339/8 593/1340/8 594/1341/8
f 595/1342/65 596/1343/65 597/1344/65
f 598/1345/66 599/1346/66 595/1347/66
f 597/1348/67 600/1349/67 598/1350/67
f 598/1351/7 595/1352/7 597/1353/7
f 596/1354/8 599/1355/8 600/1356/8
f 601/1357/65 602/1358/65 603/1359/65
f 604/1360/66 605/1361/66 601/1362/66
f 603/1363/67 606/1364/67 604/1365/67
f 604/1366/7 601/1367/7 603/1368/7
f 602/1369/8 605/1370/8 606/1371/8
f 607/1372/65 608/1373/65 609/1374/65
f 610/1375/66 611/1376/66 607/1377/66
f 609/1378/67 612/1379/67 610/1380/67
f 610/1381/7 607/1382/7 609/1383/7
f 608/1384/8 611/1385/8 612/1386/8
f 613/1387/65 614/1388/65 615/1389/65
f 616/1390/66 617/1391/66 613/1392/66
f 615/1393/67 618/1394/67 616/1395/67
f 616/1396/7 613/1397/7 615/1398/7
f 614/1399/8 617/1400/8 618/1401/8
f 619/1402/65 620/1403/65 621/1404/65
f 622/1405/66 623/1406/66 619/1407/66
f 621/1408/67 624/1409/67 622/1410/67
f 622/1411/7 619/1412/7 621/1413/7
f 620/1414/8 623/1415/8 624/1416/8
f 625/1417/65 626/1418/65 627/1419/65
f 628/1420/66 629/1421/66 625/1422/66
f 627/1423/67 630/1424/67 628/1425/67
f 628/1426/7 625/1427/7 627/1428/7
f 626/1429/8 629/1430/8 630/1431/8
f 631/1432/65 632/1433/65 633/1434/65
f 634/1435/66 635/1436/66 631/1437/66
f 633/1438/67 636/1439/67 634/1440/67
f 634/1441/7 631/1442/7 633/1443/7
f 632/1444/8 635/1445/8 636/1446/8
f 637/1447/65 638/1448/65 639/1449/65
f 640/1450/66 641/1451/66 637/1452/66
f 639/1453/67 642/1454/67 640/1455/67
f 640/1456/7 637/1457/7 639/1458/7
f 638/1459/8 641/1460/8 642/1461/8
f 643/1462/65 644/1463/65 645/1464/65
f 646/1465/66 647/1466/66 643/1467/66
f 645/1468/67 648/1469/67 646/1470/67
f 646/1471/7 643/1472/7 645/1473/7
f 644/1474/8 647/1475/8 648/1476/8
f 649/1477/65 650/1478/65 651/1479/65
f 652/1480/66 653/1481/66 649/1482/66
f 651/1483/67 654/1484/67 652/1485/67
f 652/1486/7 649/1487/7 651/1488/7
f 650/1489/8 653/1490/8 654/1491/8
f 655/1492/65 656/1493/65 657/1494/65
f 658/1495/66 659/1496/66 655/1497/66
f 657/1498/67 660/1499/67 658/1500/67
f 658/1501/7 655/1502/7 657/1503/7
f 656/1504/8 659/1505/8 660/1506/8
f 661/1507/65 662/1508/65 663/1509/65
f 664/1510/66 665/1511/66 661/1512/66
f 663/1513/67 666/1514/67 664/1515/67
f 664/1516/7 661/1517/7 663/1518/7
f 662/1519/8 665/1520/8 666/1521/8
f 667/1522/65 668/1523/65 669/1524/65
f 670/1525/66 671/1526/66 667/1527/66
f 669/1528/67 672/1529/67 670/1530/67
f 670/1531/7 667/1532/7 669/1533/7
f 668/1534/8 671/1535/8 672/1536/8
f 673/1537/65 674/1538/65 675/1539/65
f 676/1540/66 677/1541/66 673/1542/66
f 675/1543/67 678/1544/67 676/1545/67
f 676/1546/7 673/1547/7 675/1548/7
f 674/1549/8 677/1550/8 678/1551/8
f 679/1552/65 680/1553/65 681/1554/65
f 682/1555/66 683/1556/66 679/1557/66
f 681/1558/67 684/1559/67 682/1560/67
f 682/1561/7 679/1562/7 681/1563/7
f 680/1564/8 683/1565/8 684/1566/8
f 685/1567/65 686/1568/65 687/1569/65
f 688/1570/66 689/1571/66 685/1572/66
f 687/1573/67 690/1574/67 688/1575/67
f 688/1576/7 685/1577/7 687/1578/7
f 686/1579/8 689/1580/8 690/1581/8
f 691/1582/65 692/1583/65 693/1584/65
f 694/1585/66 695/1586/66 691/1587/66
f 693/1588/67 696/1589/67 694/1590/67
f 694/1591/7 691/1592/7 693/1593/7
f 692/1594/8 695/1595/8 696/1596/8
f 697/1597/65 698/1598/65 699/1599/65
f 700/1600/66 701/1601/66 697/1602/66
f 699/1603/67 702/1604/67 700/1605/67
f 700/1606/7 697/1607/7 699/1608/7
f 698/1609/8 701/1610/8 702/1611/8
f 703/1612/65 704/1613/65 705/1614/65
f 706/1615/66 707/1616/66 703/1617/66
f 705/1618/67 708/1619/67 706/1620/67
f 706/1621/7 703/1622/7 705/1623/7
f 704/1624/8 707/1625/8 708/1626/8
f 709/1627/65 710/1628/65 711/1629/65
f 712/1630/66 713/1631/66 709/1632/66
f 711/1633/67 714/1634/67 712/1635/67
f 712/1636/7 709/1637/7 711/1638/7
f 710/1639/8 713/1640/8 714/1641/8
f 715/1642/65 716/1643/65 717/1644/65
f 718/1645/66 719/1646/66 715/1647/66
f 717/1648/67 720/1649/67 718/1650/67
f 718/1651/7 715/1652/7 717/1653/7
f 716/1654/8 719/1655/8 720/1656/8
f 721/1657/65 722/1658/65 723/1659/65
f 724/1660/66 725/1661/66 721/1662/66
f 723/1663/67 726/1664/67 724/1665/67
f 724/1666/7 721/1667/7 723/1668/7
f 722/1669/8 725/1670/8 726/1671/8
f 727/1672/65 728/1673/65 729/1674/65
f 730/1675/66 731/1676/66 727/1677/66
f 729/1678/67 732/1679/67 730/1680/67
f 730/1681/7 727/1682/7 729/1683/7
f 728/1684/8 731/1685/8 732/1686/8
f 733/1687/68 734/1688/65 735/1689/68
f 736/1690/66 737/1691/66 733/1692/66
f 735/1693/67 738/1694/67 736/1695/67
f 736/1696/7 733/1697/7 735/1698/7
f 734/1699/8 737/1700/8 738/1701/8
f 739/1702/68 740/1703/65 741/1704/68
f 742/1705/66 743/1706/66 739/1707/66
f 741/1708/67 744/1709/67 742/1710/67
f 742/1711/7 739/1712/7 741/1713/7
f 740/1714/8 743/1715/8 744/1716/8
f 745/1717/65 746/1718/65 747/1719/65
f 748/1720/66 749/1721/66 745/1722/66
f 747/1723/69 750/1724/67 748/1725/69
f 748/1726/7 745/1727/7 747/1728/7
f 746/1729/8 749/1730/8 750/1731/8
f 751/1732/68 752/1733/65 753/1734/68
f 754/1735/66 755/1736/66 751/1737/66
f 753/1738/67 756/1739/67 754/1740/67
f 754/1741/7 751/1742/7 753/1743/7
f 752/1744/8 755/1745/8 756/1746/8
f 757/1747/65 758/1748/65 759/1749/65
f 760/1750/66 761/1751/66 757/1752/66
f 759/1753/69 762/1754/67 760/1755/69
f 760/1756/7 757/1757/7 759/1758/7
f 758/1759/8 761/1760/8 762/1761/8
f 763/1762/65 764/1763/65 765/1764/65
f 766/1765/66 767/1766/66 763/1767/66
f 765/1768/69 768/1769/67 766/1770/69
f 766/1771/7 763/1772/7 765/1773/7
f 764/1774/8 767/1775/8 768/1776/8
f 769/1777/65 770/1778/68 771/1779/65
f 772/1780/66 773/1781/66 769/1782/66
f 771/1783/67 774/1784/67 772/1785/67
f 772/1786/7 769/1787/7 771/1788/7
f 770/1789/8 773/1790/8 774/1791/8
f 775/1792/65 776/1793/65 777/1794/65
f 778/1795/66 779/1796/66 775/1797/66
f 777/1798/67 780/1799/69 778/1800/67
f 778/1801/7 775/1802/7 777/1803/7
f 776/1804/8 779/1805/8 780/1806/8
f 781/1807/65 782/1808/65 783/1809/65
f 784/1810/66 785/1811/66 781/1812/66
f 783/1813/67 786/1814/69 784/1815/67
f 784/1816/7 781/1817/7 783/1818/7
f 782/1819/8 785/1820/8 786/1821/8
f 787/1822/65 788/1823/68 789/1824/65
f 790/1825/66 791/1826/66 787/1827/66
f 789/1828/67 792/1829/67 790/1830/67
f 790/1831/7 787/1832/7 789/1833/7
f 788/1834/8 791/1835/8 792/1836/8
f 793/1837/65 794/1838/65 795/1839/65
f 796/1840/66 797/1841/66 793/1842/66
f 795/1843/67 798/1844/69 796/1845/67
f 796/1846/7 793/1847/7 795/1848/7
f 794/1849/8 797/1850/8 798/1851/8
f 799/1852/65 800/1853/65 801/1854/65
f 802/1855/66 803/1856/66 799/1857/66
f 801/1858/67 804/1859/67 802/1860/67
f 802/1861/7 799/1862/7 801/1863/7
f 800/1864/8 803/1865/8 804/1866/8
f 805/1867/65 806/1868/65 807/1869/65
f 808/1870/66 809/1871/66 805/1872/66
f 807/1873/67 810/1874/67 808/1875/67
f 808/1876/7 805/1877/7 807/1878/7
f 806/1879/8 809/1880/8 810/1881/8
f 811/1882/68 812/1883/65 813/1884/68
f 814/1885/66 815/1886/66 811/1887/66
f 813/1888/67 816/1889/67 814/1890/67
f 814/1891/7 811/1892/7 813/1893/7
f 812/1894/8 815/1895/8 816/1896/8
f 817/1897/70 818/1898/70 819/1899/70
f 820/1900/66 821/1901/66 817/1902/66
f 819/1903/71 822/1904/71 820/1905/71
f 820/1906/5 817/1907/5 819/1908/5
f 818/1909/2 821/1910/2 822/1911/2
f 823/1912/70 824/1913/70 825/1914/70
f 826/1915/66 827/1916/66 823/1917/66
f 825/1918/71 828/1919/71 826/1920/71
f 826/1921/5 823/1922/5 825/1923/5
f 824/1924/2 827/1925/2 828/1926/2
f 829/1927/70 830/1928/70 831/1929/70
f 832/1930/66 833/1931/66 829/1932/66
f 831/1933/71 834/1934/71 832/1935/71
f 832/1936/5 829/1937/5 831/1938/5
f 830/1939/2 833/1940/2 834/1941/2
f 835/1942/65 836/1943/65 837/1944/65
f 838/1945/66 839/1946/66 835/1947/66
f 837/1948/67 840/1949/67 838/1950/67
f 838/1951/7 835/1952/7 837/1953/7
f 836/1954/8 839/1955/8 840/1956/8
f 841/1957/65 842/1958/65 843/1959/65
f 844/1960/66 845/1961/66 841/1962/66
f 843/1963/67 846/1964/67 844/1965/67
f 844/1966/7 841/1967/7 843/1968/7
f 842/1969/8 845/1970/8 846/1971/8
f 847/1972/65 848/1973/65 849/1974/65
f 850/1975/66 851/1976/66 847/1977/66
f 849/1978/67 852/1979/67 850/1980/67
f 850/1981/7 847/1982/7 849/1983/7
f 848/1984/8 851/1985/8 852/1986/8
f 853/1987/65 854/1988/65 855/1989/65
f 856/1990/66 857/1991/66 853/1992/66
f 855/1993/67 858/1994/67 856/1995/67
f 856/1996/7 853/1997/7 855/1998/7
f 854/1999/8 857/2000/8 858/2001/8
f 859/2002/65 860/2003/65 861/2004/65
f 862/2005/66 863/2006/66 859/2007/66
f 861/2008/67 864/2009/67 862/2010/67
f 862/2011/7 859/2012/7 861/2013/7
f 860/2014/8 863/2015/8 864/2016/8
f 865/2017/65 866/2018/65 867/2019/65
f 868/2020/66 869/2021/66 865/2022/66
f 867/2023/67 870/2024/67 868/2025/67
f 868/2026/7 865/2027/7 867/2028/7
f 866/2029/8 869/2030/8 870/2031/8
f 871/2032/65 872/2033/65 873/2034/65
f 874/2035/66 875/2036/66 871/2037/66
f 873/2038/67 876/2039/67 874/2040/67
f 874/2041/7 871/2042/7 873/2043/7
f 872/2044/8 875/2045/8 876/2046/8
f 877/2047/65 878/2048/65 879/2049/65
f 880/2050/66 881/2051/66 877/2052/66
f 879/2053/67 882/2054/67 880/2055/67
f 880/2056/7 877/2057/7 879/2058/7
f 878/2059/8 881/2060/8 882/2061/8
f 883/2062/65 884/2063/65 885/2064/65
f 886/2065/66 887/2066/66 883/2067/66
f 885/2068/67 888/2069/67 886/2070/67
f 886/2071/7 883/2072/7 885/2073/7
f 884/2074/8 887/2075/8 888/2076/8
f 889/2077/65 890/2078/65 891/2079/65
f 892/2080/66 893/2081/66 889/2082/66
f 891/2083/67 894/2084/67 892/2085/67
f 892/2086/7 889/2087/7 891/2088/7
f 890/2089/8 893/2090/8 894/2091/8
f 895/2092/65 896/2093/65 897/2094/65
f 898/2095/66 899/2096/66 895/2097/66
f 897/2098/67 900/2099/67 898/2100/67
f 898/2101/7 895/2102/7 897/2103/7
f 896/2104/8 899/2105/8 900/2106/8
f 901/2107/65 902/2108/65 903/2109/65
f 904/2110/66 905/2111/66 901/2112/66
f 903/2113/67 906/2114/67 904/2115/67
f 904/2116/7 901/2117/7 903/2118/7
f 902/2119/8 905/2120/8 906/2121/8
f 907/2122/65 908/2123/65 909/2124/65
f 910/2125/66 911/2126/66 907/2127/66
f 909/2128/67 912/2129/67 910/2130/67
f 910/2131/7 907/2132/7 909/2133/7
f 908/2134/8 911/2135/8 912/2136/8
f 913/2137/65 914/2138/65 915/2139/65
f 916/2140/66 917/2141/66 913/2142/66
f 915/2143/67 918/2144/67 916/2145/67
f 916/2146/7 913/2147/7 915/2148/7
f 914/2149/8 917/2150/8 918/2151/8
f 919/2152/65 920/2153/65 921/2154/65
f 922/2155/66 923/2156/66 919/2157/66
f 921/2158/67 924/2159/67 922/2160/67
f 922/2161/7 919/2162/7 921/2163/7
f 920/2164/8 923/2165/8 924/2166/8
f 925/2167/65 926/2168/65 927/2169/65
f 928/2170/66 929/2171/66 925/2172/66
f 927/2173/67 930/2174/67 928/2175/67
f 928/2176/7 925/2177/7 927/2178/7
f 926/2179/8 929/2180/8 930/2181/8
f 931/2182/65 932/2183/65 933/2184/65
f 934/2185/66 935/2186/66 931/2187/66
f 933/2188/67 936/2189/67 934/2190/67
f 934/2191/7 931/2192/7 933/2193/7
f 932/2194/8 935/2195/8 936/2196/8
f 937/2197/65 938/2198/65 939/2199/65
f 940/2200/66 941/2201/66 937/2202/66
f 939/2203/67 942/2204/67 940/2205/67
f 940/2206/7 937/2207/7 939/2208/7
f 938/2209/8 941/2210/8 942/2211/8
f 943/2212/65 944/2213/65 945/2214/65
f 946/2215/66 947/2216/66 943/2217/66
f 945/2218/67 948/2219/67 946/2220/67
f 946/2221/7 943/2222/7 945/2223/7
f 944/2224/8 947/2225/8 948/2226/8
f 949/2227/65 950/2228/65 951/2229/65
f 952/2230/66 953/2231/66 949/2232/66
f 951/2233/67 954/2234/67 952/2235/67
f 952/2236/7 949/2237/7 951/2238/7
f 950/2239/8 953/2240/8 954/2241/8
f 955/2242/65 956/2243/65 957/2244/65
f 958/2245/66 959/2246/66 955/2247/66
f 957/2248/67 960/2249/67 958/2250/67
f 958/2251/7 955/2252/7 957/2253/7
f 956/2254/8 959/2255/8 960/2256/8
f 961/2257/65 962/2258/65 963/2259/65
f 964/2260/66 965/2261/66 961/2262/66
f 963/2263/67 966/2264/67 964/2265/67
f 964/2266/7 961/2267/7 963/2268/7
f 962/2269/8 965/2270/8 966/2271/8
f 967/2272/65 968/2273/65 969/2274/65
f 970/2275/66 971/2276/66 967/2277/66
f 969/2278/67 972/2279/67 970/2280/67
f 970/2281/7 967/2282/7 969/2283/7
f 968/2284/8 971/2285/8 972/2286/8
f 973/2287/65 974/2288/65 975/2289/65
f 976/2290/66 977/2291/66 973/2292/66
f 975/2293/67 978/2294/67 976/2295/67
f 976/2296/7 973/2297/7 975/2298/7
f 974/2299/8 977/2300/8 978/2301/8
f 979/2302/65 980/2303/65 981/2304/65
f 982/2305/66 983/2306/66 979/2307/66
f 981/2308/67 984/2309/67 982/2310/67
f 982/2311/7 979/2312/7 981/2313/7
f 980/2314/8 983/2315/8 984/2316/8
f 985/2317/65 986/2318/65 987/2319/65
f 988/2320/66 989/2321/66 985/2322/66
f 987/2323/67 990/2324/67 988/2325/67
f 988/2326/7 985/2327/7 987/2328/7
f 986/2329/8 989/2330/8 990/2331/8
f 991/2332/65 992/2333/65 993/2334/65
f 994/2335/66 995/2336/66 991/2337/66
f 993/2338/67 996/2339/67 994/2340/67
f 994/2341/7 991/2342/7 993/2343/7
f 992/2344/8 995/2345/8 996/2346/8
f 997/2347/65 998/2348/65 999/2349/65
f 1000/2350/66 1001/2351/66 997/2352/66
f 999/2353/67 1002/2354/67 1000/2355/67
f 1000/2356/7 997/2357/7 999/2358/7
f 998/2359/8 1001/2360/8 1002/2361/8
f 1003/2362/65 1004/2363/65 1005/2364/65
f 1006/2365/66 1007/2366/66 1003/2367/66
f 1005/2368/67 1008/2369/67 1006/2370/67
f 1006/2371/7 1003/2372/7 1005/2373/7
f 1004/2374/8 1007/2375/8 1008/2376/8
f 1009/2377/65 1010/2378/65 1011/2379/65
f 1012/2380/66 1013/2381/66 1009/2382/66
f 1011/2383/67 1014/2384/67 1012/2385/67
f 1012/2386/7 1009/2387/7 1011/2388/7
f 1010/2389/8 1013/2390/8 1014/2391/8
f 1015/2392/65 1016/2393/65 1017/2394/65
f 1018/2395/66 1019/2396/66 1015/2397/66
f 1017/2398/67 1020/2399/67 1018/2400/67
f 1018/2401/7 1015/2402/7 1017/2403/7
f 1016/2404/8 1019/2405/8 1020/2406/8
f 1021/2407/65 1022/2408/65 1023/2409/65
f 1024/2410/66 1025/2411/66 1021/2412/66
f 1023/2413/67 1026/2414/67 1024/2415/67
f 1024/2416/7 1021/2417/7 1023/2418/7
f 1022/2419/8 1025/2420/8 1026/2421/8
f 1027/2422/65 1028/2423/65 1029/2424/65
f 1030/2425/66 1031/2426/66 1027/2427/66
f 1029/2428/67 1032/2429/67 1030/2430/67
f 1030/2431/7 1027/2432/7 1029/2433/7
f 1028/2434/8 1031/2435/8 1032/2436/8
f 1033/2437/65 1034/2438/65 1035/2439/65
f 1036/2440/66 1037/2441/66 1033/2442/66
f 1035/2443/67 1038/2444/67 1036/2445/67
f 1036/2446/7 1033/2447/7 1035/2448/7
f 1034/2449/8 1037/2450/8 1038/2451/8
f 1039/2452/65 1040/2453/65 1041/2454/65
f 1042/2455/66 1043/2456/66 1039/2457/66
f 1041/2458/67 1044/2459/67 1042/2460/67
f 1042/2461/7 1039/2462/7 1041/2463/7
f 1040/2464/8 1043/2465/8 1044/2466/8
f 1045/2467/65 1046/2468/65 1047/2469/65
f 1048/2470/66 1049/2471/66 1045/2472/66
f 1047/2473/67 1050/2474/67 1048/2475/67
f 1048/2476/7 1045/2477/7 1047/2478/7
f 1046/2479/8 1049/2480/8 1050/2481/8
f 1051/2482/65 1052/2483/65 1053/2484/65
f 1054/2485/66 1055/2486/66 1051/2487/66
f 1053/2488/67 1056/2489/67 1054/2490/67
f 1054/2491/7 1051/2492/7 1053/2493/7
f 1052/2494/8 1055/2495/8 1056/2496/8
f 1057/2497/65 1058/2498/65 1059/2499/65
f 1060/2500/66 1061/2501/66 1057/2502/66
f 1059/2503/67 1062/2504/67 1060/2505/67
f 1060/2506/7 1057/2507/7 1059/2508/7
f 1058/2509/8 1061/2510/8 1062/2511/8
f 1063/2512/65 1064/2513/65 1065/2514/65
f 1066/2515/66 1067/2516/66 1063/2517/66
f 1065/2518/67 1068/2519/67 1066/2520/67
f 1066/2521/7 1063/2522/7 1065/2523/7
f 1064/2524/8 1067/2525/8 1068/2526/8
f 1069/2527/65 1070/2528/65 1071/2529/65
f 1072/2530/66 1073/2531/66 1069/2532/66
f 1071/2533/67 1074/2534/67 1072/2535/67
f 1072/2536/7 1069/2537/7 1071/2538/7
f 1070/2539/8 1073/2540/8 1074/2541/8
f 1075/2542/65 1076/2543/65 1077/2544/65
f 1078/2545/66 1079/2546/66 1075/2547/66
f 1077/2548/67 1080/2549/67 1078/2550/67
f 1078/2551/7 1075/2552/7 1077/2553/7
f 1076/2554/8 1079/2555/8 1080/2556/8
f 1081/2557/65 1082/2558/65 1083/2559/65
f 1084/2560/66 1085/2561/66 1081/2562/66
f 1083/2563/67 1086/2564/67 1084/2565/67
f 1084/2566/7 1081/2567/7 1083/2568/7
f 1082/2569/8 1085/2570/8 1086/2571/8
f 1087/2572/65 1088/2573/65 1089/2574/65
f 1090/2575/66 1091/2576/66 1087/2577/66
f 1089/2578/67 1092/2579/67 1090/2580/67
f 1090/2581/7 1087/2582/7 1089/2583/7
f 1088/2584/8 1091/2585/8 1092/2586/8
f 1093/2587/65 1094/2588/65 1095/2589/65
f 1096/2590/66 1097/2591/66 1093/2592/66
f 1095/2593/67 1098/2594/67 1096/2595/67
f 1096/2596/7 1093/2597/7 1095/2598/7
f 1094/2599/8 1097/2600/8 1098/2601/8
f 1099/2602/65 1100/2603/65 1101/2604/65
f 1102/2605/66 1103/2606/66 1099/2607/66
f 1101/2608/67 1104/2609/67 1102/2610/67
f 1102/2611/7 1099/2612/7 1101/2613/7
f 1100/2614/8 1103/2615/8 1104/2616/8
f 1105/2617/65 1106/2618/65 1107/2619/65
f 1108/2620/66 1109/2621/66 1105/2622/66
f 1107/2623/67 1110/2624/67 1108/2625/67
f 1108/2626/7 1105/2627/7 1107/2628/7
f 1106/2629/8 1109/2630/8 1110/2631/8
f 1111/2632/65 1112/2633/65 1113/2634/65
f 1114/2635/66 1115/2636/66 1111/2637/66
f 1113/2638/67 1116/2639/67 1114/2640/67
f 1114/2641/7 1111/2642/7 1113/2643/7
f 1112/2644/8 1115/2645/8 1116/2646/8
f 1117/2647/65 1118/2648/65 1119/2649/65
f 1120/2650/66 1121/2651/66 1117/2652/66
f 1119/2653/67 1122/2654/67 1120/2655/67
f 1120/2656/7 1117/2657/7 1119/2658/7
f 1118/2659/8 1121/2660/8 1122/2661/8
f 1123/2662/65 1124/2663/65 1125/2664/65
f 1126/2665/66 1127/2666/66 1123/2667/66
f 1125/2668/67 1128/2669/67 1126/2670/67
f 1126/2671/7 1123/2672/7 1125/2673/7
f 1124/2674/8 1127/2675/8 1128/2676/8
f 1129/2677/65 1130/2678/65 1131/2679/65
f 1132/2680/66 1133/2681/66 1129/2682/66
f 1131/2683/67 1134/2684/67 1132/2685/67
f 1132/2686/7 1129/2687/7 1131/2688/7
f 1130/2689/8 1133/2690/8 1134/2691/8
f 1135/2692/65 1136/2693/65 1137/2694/65
f 1138/2695/66 1139/2696/66 1135/2697/66
f 1137/2698/67 1140/2699/67 1138/2700/67
f 1138/2701/7 1135/2702/7 1137/2703/7
f 1136/2704/8 1139/2705/8 1140/2706/8
f 1141/2707/65 1142/2708/65 1143/2709/65
f 1144/2710/66 1145/2711/66 1141/2712/66
f 1143/2713/67 1146/2714/67 1144/2715/67
f 1144/2716/7 1141/2717/7 1143/2718/7
f 1142/2719/8 1145/2720/8 1146/2721/8
f 1147/2722/65 1148/2723/65 1149/2724/65
f 1150/2725/66 1151/2726/66 1147/2727/66
f 1149/2728/67 1152/2729/67 1150/2730/67
f 1150/2731/7 1147/2732/7 1149/2733/7
f 1148/2734/8 1151/2735/8 1152/2736/8
f 1153/2737/65 1154/2738/65 1155/2739/65
f 1156/2740/66 1157/2741/66 1153/2742/66
f 1155/2743/67 1158/2744/67 1156/2745/67
f 1156/2746/7 1153/2747/7 1155/2748/7
f 1154/2749/8 1157/2750/8 1158/2751/8
f 1159/2752/65 1160/2753/65 1161/2754/65
f 1162/2755/66 1163/2756/66 1159/2757/66
f 1161/2758/67 1164/2759/67 1162/2760/67
f 1162/2761/7 1159/2762/7 1161/2763/7
f 1160/2764/8 1163/2765/8 1164/2766/8
f 1165/2767/65 1166/2768/65 1167/2769/65
f 1168/2770/66 1169/2771/66 1165/2772/66
f 1167/2773/67 1170/2774/67 1168/2775/67
f 1168/2776/7 1165/2777/7 1167/2778/7
f 1166/2779/8 1169/2780/8 1170/2781/8
f 1171/2782/65 1172/2783/65 1173/2784/65
f 1174/2785/66 1175/2786/66 1171/2787/66
f 1173/2788/67 1176/2789/67 1174/2790/67
f 1174/2791/7 1171/2792/7 1173/2793/7
f 1172/2794/8 1175/2795/8 1176/2796/8
f 1177/2797/65 1178/2798/65 1179/2799/65
f 1180/2800/66 1181/2801/66 1177/2802/66
f 1179/2803/67 1182/2804/67 1180/2805/67
f 1180/2806/7 1177/2807/7 1179/2808/7
f 1178/2809/8 1181/2810/8 1182/2811/8
f 1183/2812/65 1184/2813/65 1185/2814/65
f 1186/2815/66 1187/2816/66 1183/2817/66
f 1185/2818/67 1188/2819/67 1186/2820/67
f 1186/2821/7 1183/2822/7 1185/2823/7
f 1184/2824/8 1187/2825/8 1188/2826/8
f 1189/2827/65 1190/2828/65 1191/2829/65
f 1192/2830/66 1193/2831/66 1189/2832/66
f 1191/2833/67 1194/2834/67 1192/2835/67
f 1192/2836/7 1189/2837/7 1191/2838/7
f 1190/2839/8 1193/2840/8 1194/2841/8
f 1195/2842/65 1196/2843/65 1197/2844/65
f 1198/2845/66 1199/2846/66 1195/2847/66
f 1197/2848/67 1200/2849/67 1198/2850/67
f 1198/2851/7 1195/2852/7 1197/2853/7
f 1196/2854/8 1199/2855/8 1200/2856/8
f 1201/2857/65 1202/2858/65 1203/2859/65
f 1204/2860/66 1205/2861/66 1201/2862/66
f 1203/2863/67 1206/2864/67 1204/2865/67
f 1204/2866/7 1201/2867/7 1203/2868/7
f 1202/2869/8 1205/2870/8 1206/2871/8
f 1207/2872/65 1208/2873/65 1209/2874/65
f 1210/2875/66 1211/2876/66 1207/2877/66
f 1209/2878/67 1212/2879/67 1210/2880/67
f 1210/2881/7 1207/2882/7 1209/2883/7
f 1208/2884/8 1211/2885/8 1212/2886/8
f 1213/2887/65 1214/2888/65 1215/2889/65
f 1216/2890/66 1217/2891/66 1213/2892/66
f 1215/2893/67 1218/2894/67 1216/2895/67
f 1216/2896/7 1213/2897/7 1215/2898/7
f 1214/2899/8 1217/2900/8 1218/2901/8
f 1219/2902/65 1220/2903/65 1221/2904/65
f 1222/2905/66 1223/2906/66 1219/2907/66
f 1221/2908/67 1224/2909/67 1222/2910/67
f 1222/2911/7 1219/2912/7 1221/2913/7
f 1220/2914/8 1223/2915/8 1224/2916/8
f 1225/2917/65 1226/2918/65 1227/2919/65
f 1228/2920/66 1229/2921/66 1225/2922/66
f 1227/2923/67 1230/2924/67 1228/2925/67
f 1228/2926/7 1225/2927/7 1227/2928/7
f 1226/2929/8 1229/2930/8 1230/2931/8
f 1231/2932/65 1232/2933/65 1233/2934/65
f 1234/2935/66 1235/2936/66 1231/2937/66
f 1233/2938/67 1236/2939/67 1234/2940/67
f 1234/2941/7 1231/2942/7 1233/2943/7
f 1232/2944/8 1235/2945/8 1236/2946/8
f 1237/2947/65 1238/2948/65 1239/2949/65
f 1240/2950/66 1241/2951/66 1237/2952/66
f 1239/2953/67 1242/2954/67 1240/2955/67
f 1240/2956/7 1237/2957/7 1239/2958/7
f 1238/2959/8 1241/2960/8 1242/2961/8
f 1243/2962/65 1244/2963/65 1245/2964/65
f 1246/2965/66 1247/2966/66 1243/2967/66
f 1245/2968/67 1248/2969/67 1246/2970/67
f 1246/2971/7 1243/2972/7 1245/2973/7
f 1244/2974/8 1247/2975/8 1248/2976/8
f 1249/2977/65 1250/2978/65 1251/2979/65
f 1252/2980/66 1253/2981/66 1249/2982/66
f 1251/2983/67 1254/2984/67 1252/2985/67
f 1252/2986/7 1249/2987/7 1251/2988/7
f 1250/2989/8 1253/2990/8 1254/2991/8
f 1255/2992/65 1256/2993/65 1257/2994/65
f 1258/2995/66 1259/2996/66 1255/2997/66
f 1257/2998/67 1260/2999/67 1258/3000/67
f 1258/3001/7 1255/3002/7 1257/3003/7
f 1256/3004/8 1259/3005/8 1260/3006/8
f 1261/3007/65 1262/3008/65 1263/3009/65
f 1264/3010/66 1265/3011/66 1261/3012/66
f 1263/3013/67 1266/3014/67 1264/3015/67
f 1264/3016/7 1261/3017/7 1263/3018/7
f 1262/3019/8 1265/3020/8 1266/3021/8
f 1267/3022/65 1268/3023/65 1269/3024/65
f 1270/3025/66 1271/3026/66 1267/3027/66
f 1269/3028/67 1272/3029/67 1270/3030/67
f 1270/3031/7 1267/3032/7 1269/3033/7
f 1268/3034/8 1271/3035/8 1272/3036/8
f 1273/3037/65 1274/3038/65 1275/3039/65
f 1276/3040/66 1277/3041/66 1273/3042/66
f 1275/3043/67 1278/3044/67 1276/3045/67
f 1276/3046/7 1273/3047/7 1275/3048/7
f 1274/3049/8 1277/3050/8 1278/3051/8
f 1279/3052/65 1280/3053/65 1281/3054/65
f 1282/3055/66 1283/3056/66 1279/3057/66
f 1281/3058/67 1284/3059/67 1282/3060/67
f 1282/3061/7 1279/3062/7 1281/3063/7
f 1280/3064/8 1283/3065/8 1284/3066/8
f 1285/3067/65 1286/3068/65 1287/3069/65
f 1288/3070/66 1289/3071/66 1285/3072/66
f 1287/3073/67 1290/3074/67 1288/3075/67
f 1288/3076/7 1285/3077/7 1287/3078/7
f 1286/3079/8 1289/3080/8 1290/3081/8
f 1291/3082/65 1292/3083/65 1293/3084/65
f 1294/3085/66 1295/3086/66 1291/3087/66
f 1293/3088/67 1296/3089/67 1294/3090/67
f 1294/3091/7 1291/3092/7 1293/3093/7
f 1292/3094/8 1295/3095/8 1296/3096/8
f 1297/3097/65 1298/3098/65 1299/3099/65
f 1300/3100/66 1301/3101/66 1297/3102/66
f 1299/3103/67 1302/3104/67 1300/3105/67
f 1300/3106/7 1297/3107/7 1299/3108/7
f 1298/3109/8 1301/3110/8 1302/3111/8
f 1303/3112/65 1304/3113/65 1305/3114/65
f 1306/3115/66 1307/3116/66 1303/3117/66
f 1305/3118/67 1308/3119/67 1306/3120/67
f 1306/3121/7 1303/3122/7 1305/3123/7
f 1304/3124/8 1307/3125/8 1308/3126/8
f 1309/3127/65 1310/3128/65 1311/3129/65
f 1312/3130/66 1313/3131/66 1309/3132/66
f 1311/3133/67 1314/3134/67 1312/3135/67
f 1312/3136/7 1309/3137/7 1311/3138/7
f 1310/3139/8 1313/3140/8 1314/3141/8
f 1315/3142/65 1316/3143/65 1317/3144/65
f 1318/3145/66 1319/3146/66 1315/3147/66
f 1317/3148/67 1320/3149/67 1318/3150/67
f 1318/3151/7 1315/3152/7 1317/3153/7
f 1316/3154/8 1319/3155/8 1320/3156/8
f 1321/3157/65 1322/3158/65 1323/3159/65
f 1324/3160/66 1325/3161/66 1321/3162/66
f 1323/3163/67 1326/3164/67 1324/3165/67
f 1324/3166/7 1321/3167/7 1323/3168/7
f 1322/3169/8 1325/3170/8 1326/3171/8
f 1327/3172/65 1328/3173/65 1329/3174/65
f 1330/3175/66 1331/3176/66 1327/3177/66
f 1329/3178/67 1332/3179/67 1330/3180/67
f 1330/3181/7 1327/3182/7 1329/3183/7
f 1328/3184/8 1331/3185/8 1332/3186/8
f 1333/3187/65 1334/3188/65 1335/3189/65
f 1336/3190/66 1337/3191/66 1333/3192/66
f 1335/3193/67 1338/3194/67 1336/3195/67
f 1336/3196/7 1333/3197/7 1335/3198/7
f 1334/3199/8 1337/3200/8 1338/3201/8
f 1339/3202/65 1340/3203/65 1341/3204/65
f 1342/3205/66 1343/3206/66 1339/3207/66
f 1341/3208/67 1344/3209/67 1342/3210/67
f 1342/3211/7 1339/3212/7 1341/3213/7
f 1340/3214/8 1343/3215/8 1344/3216/8
f 1345/3217/65 1346/3218/65 1347/3219/65
f 1348/3220/66 1349/3221/66 1345/3222/66
f 1347/3223/67 1350/3224/67 1348/3225/67
f 1348/3226/7 1345/3227/7 1347/3228/7
f 1346/3229/8 1349/3230/8 1350/3231/8
f 1351/3232/68 1352/3233/65 1353/3234/68
f 1354/3235/66 1355/3236/66 1351/3237/66
f 1353/3238/67 1356/3239/67 1354/3240/67
f 1354/3241/7 1351/3242/7 1353/3243/7
f 1352/3244/8 1355/3245/8 1356/3246/8
f 1357/3247/68 1358/3248/65 1359/3249/68
f 1360/3250/66 1361/3251/66 1357/3252/66
f 1359/3253/67 1362/3254/67 1360/3255/67
f 1360/3256/7 1357/3257/7 1359/3258/7
f 1358/3259/8 1361/3260/8 1362/3261/8
f 1363/3262/65 1364/3263/65 1365/3264/65
f 1366/3265/66 1367/3266/66 1363/3267/66
f 1365/3268/69 1368/3269/67 1366/3270/69
f 1366/3271/7 1363/3272/7 1365/3273/7
f 1364/3274/8 1367/3275/8 1368/3276/8
f 1369/3277/68 1370/3278/65 1371/3279/68
f 1372/3280/66 1373/3281/66 1369/3282/66
f 1371/3283/67 1374/3284/67 1372/3285/67
f 1372/3286/7 1369/3287/7 1371/3288/7
f 1370/3289/8 1373/3290/8 1374/3291/8
f 1375/3292/65 1376/3293/65 1377/3294/65
f 1378/3295/66 1379/3296/66 1375/3297/66
f 1377/3298/69 1380/3299/67 1378/3300/69
f 1378/3301/7 1375/3302/7 1377/3303/7
f 1376/3304/8 1379/3305/8 1380/3306/8
f 1381/3307/65 1382/3308/65 1383/3309/65
f 1384/3310/66 1385/3311/66 1381/3312/66
f 1383/3313/69 1386/3314/67 1384/3315/69
f 1384/3316/7 1381/3317/7 1383/3318/7
f 1382/3319/8 1385/3320/8 1386/3321/8
f 1387/3322/65 1388/3323/68 1389/3324/65
f 1390/3325/66 1391/3326/66 1387/3327/66
f 1389/3328/67 1392/3329/67 1390/3330/67
f 1390/3331/7 1387/3332/7 1389/3333/7
f 1388/3334/8 1391/3335/8 1392/3336/8
f 1393/3337/65 1394/3338/65 1395/3339/65
f 1396/3340/66 1397/3341/66 1393/3342/66
f 1395/3343/67 1398/3344/69 1396/3345/67
f 1396/3346/7 1393/3347/7 1395/3348/7
f 1394/3349/8 1397/3350/8 1398/3351/8
f 1399/3352/65 1400/3353/65 1401/3354/65
f 1402/3355/66 1403/3356/66 1399/3357/66
f 1401/3358/67 1404/3359/69 1402/3360/67
f 1402/3361/7 1399/3362/7 1401/3363/7
f 1400/3364/8 1403/3365/8 1404/3366/8
f 1405/3367/65 1406/3368/68 1407/3369/65
f 1408/3370/66 1409/3371/66 1405/3372/66
f 1407/3373/67 1410/3374/67 1408/3375/67
f 1408/3376/7 1405/3377/7 1407/3378/7
f 1406/3379/8 1409/3380/8 1410/3381/8
f 1411/3382/65 1412/3383/65 1413/3384/65
f 1414/3385/66 1415/3386/66 1411/3387/66
f 1413/3388/67 1416/3389/69 1414/3390/67
f 1414/3391/7 1411/3392/7 1413/3393/7
f 1412/3394/8 1415/3395/8 1416/3396/8
f 1417/3397/65 1418/3398/65 1419/3399/65
f 1420/3400/66 1421/3401/66 1417/3402/66
f 1419/3403/67 1422/3404/67 1420/3405/67
f 1420/3406/7 1417/3407/7 1419/3408/7
f 1418/3409/8 1421/3410/8 1422/3411/8
f 1423/3412/65 1424/3413/65 1425/3414/65
f 1426/3415/66 1427/3416/66 1423/3417/66
f 1425/3418/67 1428/3419/67 1426/3420/67
f 1426/3421/7 1423/3422/7 1425/3423/7
f 1424/3424/8 1427/3425/8 1428/3426/8
f 1429/3427/68 1430/3428/65 1431/3429/68
f 1432/3430/66 1433/3431/66 1429/3432/66
f 1431/3433/67 1434/3434/67 1432/3435/67
f 1432/3436/7 1429/3437/7 1431/3438/7
f 1430/3439/8 1433/3440/8 1434/3441/8
f 1435/3442/70 1436/3443/70 1437/3444/70
f 1438/3445/66 1439/3446/66 1435/3447/66
f 1437/3448/71 1440/3449/71 1438/3450/71
f 1438/3451/5 1435/3452/5 1437/3453/5
f 1436/3454/2 1439/3455/2 1440/3456/2
f 1441/3457/70 1442/3458/70 1443/3459/70
f 1444/3460/66 1445/3461/66 1441/3462/66
f 1443/3463/71 1446/3464/71 1444/3465/71
f 1444/3466/5 1441/3467/5 1443/3468/5
f 1442/3469/2 1445/3470/2 1446/3471/2
f 1447/3472/70 1448/3473/70 1449/3474/70
f 1450/3475/66 1451/3476/66 1447/3477/66
f 1449/3478/71 1452/3479/71 1450/3480/71
f 1450/3481/5 1447/3482/5 1449/3483/5
f 1448/3484/2 1451/3485/2 1452/3486/2
f 1453/3487/65 1454/3488/65 1455/3489/65
f 1456/3490/66 1457/3491/66 1453/3492/66
f 1455/3493/67 1458/3494/67 1456/3495/67
f 1456/3496/7 1453/3497/7 1455/3498/7
f 1454/3499/8 1457/3500/8 1458/3501/8
f 1459/3502/65 1460/3503/65 1461/3504/65
f 1462/3505/66 1463/3506/66 1459/3507/66
f 1461/3508/67 1464/3509/67 1462/3510/67
f 1462/3511/7 1459/3512/7 1461/3513/7
f 1460/3514/8 1463/3515/8 1464/3516/8
f 1465/3517/65 1466/3518/65 1467/3519/65
f 1468/3520/66 1469/3521/66 1465/3522/66
f 1467/3523/67 1470/3524/67 1468/3525/67
f 1468/3526/7 1465/3527/7 1467/3528/7
f 1466/3529/8 1469/3530/8 1470/3531/8
f 1471/3532/65 1472/3533/65 1473/3534/65
f 1474/3535/66 1475/3536/66 1471/3537/66
f 1473/3538/67 1476/3539/67 1474/3540/67
f 1474/3541/7 1471/3542/7 1473/3543/7
f 1472/3544/8 1475/3545/8 1476/3546/8
f 1477/3547/65 1478/3548/65 1479/3549/65
f 1480/3550/66 1481/3551/66 1477/3552/66
f 1479/3553/67 1482/3554/67 1480/3555/67
f 1480/3556/7 1477/3557/7 1479/3558/7
f 1478/3559/8 1481/3560/8 1482/3561/8
f 1483/3562/65 1484/3563/65 1485/3564/65
f 1486/3565/66 1487/3566/66 1483/3567/66
f 1485/3568/67 1488/3569/67 1486/3570/67
f 1486/3571/7 1483/3572/7 1485/3573/7
f 1484/3574/8 1487/3575/8 1488/3576/8
f 1489/3577/65 1490/3578/65 1491/3579/65
f 1492/3580/66 1493/3581/66 1489/3582/66
f 1491/3583/67 1494/3584/67 1492/3585/67
f 1492/3586/7 1489/3587/7 1491/3588/7
f 1490/3589/8 1493/3590/8 1494/3591/8
f 1495/3592/65 1496/3593/65 1497/3594/65
f 1498/3595/66 1499/3596/66 1495/3597/66
f 1497/3598/67 1500/3599/67 1498/3600/67
f 1498/3601/7 1495/3602/7 1497/3603/7
f 1496/3604/8 1499/3605/8 1500/3606/8
f 1501/3607/65 1502/3608/65 1503/3609/65
f 1504/3610/66 1505/3611/66 1501/3612/66
f 1503/3613/67 1506/3614/67 1504/3615/67
f 1504/3616/7 1501/3617/7 1503/3618/7
f 1502/3619/8 1505/3620/8 1506/3621/8
f 1507/3622/65 1508/3623/65 1509/3624/65
f 1510/3625/66 1511/3626/66 1507/3627/66
f 1509/3628/67 1512/3629/67 1510/3630/67
f 1510/3631/7 1507/3632/7 1509/3633/7
f 1508/3634/8 1511/3635/8 1512/3636/8
f 1513/3637/65 1514/3638/65 1515/3639/65
f 1516/3640/66 1517/3641/66 1513/3642/66
f 1515/3643/67 1518/3644/67 1516/3645/67
f 1516/3646/7 1513/3647/7 1515/3648/7
f 1514/3649/8 1517/3650/8 1518/3651/8
f 1519/3652/65 1520/3653/65 1521/3654/65
f 1522/3655/66 1523/3656/66 1519/3657/66
f 1521/3658/67 1524/3659/67 1522/3660/67
f 1522/3661/7 1519/3662/7 1521/3663/7
f 1520/3664/8 1523/3665/8 1524/3666/8
f 1525/3667/65 1526/3668/65 1527/3669/65
f 1528/3670/66 1529/3671/66 1525/3672/66
f 1527/3673/67 1530/3674/67 1528/3675/67
f 1528/3676/7 1525/3677/7 1527/3678/7
f 1526/3679/8 1529/3680/8 1530/3681/8
f 1531/3682/65 1532/3683/65 1533/3684/65
f 1534/3685/66 1535/3686/66 1531/3687/66
f 1533/3688/67 1536/3689/67 1534/3690/67
f 1534/3691/7 1531/3692/7 1533/3693/7
f 1532/3694/8 1535/3695/8 1536/3696/8
f 1537/3697/65 1538/3698/65 1539/3699/65
f 1540/3700/66 1541/3701/66 1537/3702/66
f 1539/3703/67 1542/3704/67 1540/3705/67
f 1540/3706/7 1537/3707/7 1539/3708/7
f 1538/3709/8 1541/3710/8 1542/3711/8
f 1543/3712/65 1544/3713/65 1545/3714/65
f 1546/3715/66 1547/3716/66 1543/3717/66
f 1545/3718/67 1548/3719/67 1546/3720/67
f 1546/3721/7 1543/3722/7 1545/3723/7
f 1544/3724/8 1547/3725/8 1548/3726/8
f 1549/3727/65 1550/3728/65 1551/3729/65
f 1552/3730/66 1553/3731/66 1549/3732/66
f 1551/3733/67 1554/3734/67 1552/3735/67
f 1552/3736/7 1549/3737/7 1551/3738/7
f 1550/3739/8 1553/3740/8 1554/3741/8
f 1555/3742/65 1556/3743/65 1557/3744/65
f 1558/3745/66 1559/3746/66 1555/3747/66
f 1557/3748/67 1560/3749/67 1558/3750/67
f 1558/3751/7 1555/3752/7 1557/3753/7
f 1556/3754/8 1559/3755/8 1560/3756/8
f 1561/3757/65 1562/3758/65 1563/3759/65
f 1564/3760/66 1565/3761/66 1561/3762/66
f 1563/3763/67 1566/3764/67 1564/3765/67
f 1564/3766/7 1561/3767/7 1563/3768/7
f 1562/3769/8 1565/3770/8 1566/3771/8
f 1567/3772/65 1568/3773/65 1569/3774/65
f 1570/3775/66 1571/3776/66 1567/3777/66
f 1569/3778/67 1572/3779/67 1570/3780/67
f 1570/3781/7 1567/3782/7 1569/3783/7
f 1568/3784/8 1571/3785/8 1572/3786/8
f 1573/3787/65 1574/3788/65 1575/3789/65
f 1576/3790/66 1577/3791/66 1573/3792/66
f 1575/3793/67 1578/3794/67 1576/3795/67
f 1576/3796/7 1573/3797/7 1575/3798/7
f 1574/3799/8 1577/3800/8 1578/3801/8
f 1579/3802/65 1580/3803/65 1581/3804/65
f 1582/3805/66 1583/3806/66 1579/3807/66
f 1581/3808/67 1584/3809/67 1582/3810/67
f 1582/3811/7 1579/3812/7 1581/3813/7
f 1580/3814/8 1583/3815/8 1584/3816/8
f 1585/3817/65 1586/3818/65 1587/3819/65
f 1588/3820/66 1589/3821/66 1585/3822/66
f 1587/3823/67 1590/3824/67 1588/3825/67
f 1588/3826/7 1585/3827/7 1587/3828/7
f 1586/3829/8 1589/3830/8 1590/3831/8
f 1591/3832/65 1592/3833/65 1593/3834/65
f 1594/3835/66 1595/3836/66 1591/3837/66
f 1593/3838/67 1596/3839/67 1594/3840/67
f 1594/3841/7 1591/3842/7 1593/3843/7
f 1592/3844/8 1595/3845/8 1596/3846/8
f 1597/3847/65 1598/3848/65 1599/3849/65
f 1600/3850/66 1601/3851/66 1597/3852/66
f 1599/3853/67 1602/3854/67 1600/3855/67
f 1600/3856/7 1597/3857/7 1599/3858/7
f 1598/3859/8 1601/3860/8 1602/3861/8
f 1603/3862/65 1604/3863/65 1605/3864/65
f 1606/3865/66 1607/3866/66 1603/3867/66
f 1605/3868/67 1608/3869/67 1606/3870/67
f 1606/3871/7 1603/3872/7 1605/3873/7
f 1604/3874/8 1607/3875/8 1608/3876/8
f 1609/3877/65 1610/3878/65 1611/3879/65
f 1612/3880/66 1613/3881/66 1609/3882/66
f 1611/3883/67 1614/3884/67 1612/3885/67
f 1612/3886/7 1609/3887/7 1611/3888/7
f 1610/3889/8 1613/3890/8 1614/3891/8
f 1615/3892/65 1616/3893/65 1617/3894/65
f 1618/3895/66 1619/3896/66 1615/3897/66
f 1617/3898/67 1620/3899/67 1618/3900/67
f 1618/3901/7 1615/3902/7 1617/3903/7
f 1616/3904/8 1619/3905/8 1620/3906/8
f 1621/3907/65 1622/3908/65 1623/3909/65
f 1624/3910/66 1625/3911/66 1621/3912/66
f 1623/3913/67 1626/3914/67 1624/3915/67
f 1624/3916/7 1621/3917/7 1623/3918/7
f 1622/3919/8 1625/3920/8 1626/3921/8
f 1627/3922/65 1628/3923/65 1629/3924/65
f 1630/3925/66 1631/3926/66 1627/3927/66
f 1629/3928/67 1632/3929/67 1630/3930/67
f 1630/3931/7 1627/3932/7 1629/3933/7
f 1628/3934/8 1631/3935/8 1632/3936/8
f 1633/3937/65 1634/3938/65 1635/3939/65
f 1636/3940/66 1637/3941/66 1633/3942/66
f 1635/3943/67 1638/3944/67 1636/3945/67
f 1636/3946/7 1633/3947/7 1635/3948/7
f 1634/3949/8 1637/3950/8 1638/3951/8
f 1639/3952/65 1640/3953/65 1641/3954/65
f 1642/3955/66 1643/3956/66 1639/3957/66
f 1641/3958/67 1644/3959/67 1642/3960/67
f 1642/3961/7 1639/3962/7 1641/3963/7
f 1640/3964/8 1643/3965/8 1644/3966/8
f 1645/3967/65 1646/3968/65 1647/3969/65
f 1648/3970/66 1649/3971/66 1645/3972/66
f 1647/3973/67 1650/3974/67 1648/3975/67
f 1648/3976/7 1645/3977/7 1647/3978/7
f 1646/3979/8 1649/3980/8 1650/3981/8
f 1651/3982/65 1652/3983/65 1653/3984/65
f 1654/3985/66 1655/3986/66 1651/3987/66
f 1653/3988/67 1656/3989/67 1654/3990/67
f 1654/3991/7 1651/3992/7 1653/3993/7
f 1652/3994/8 1655/3995/8 1656/3996/8
f 1657/3997/65 1658/3998/65 1659/3999/65
f 1660/4000/66 1661/4001/66 1657/4002/66
f 1659/4003/67 1662/4004/67 1660/4005/67
f 1660/4006/7 1657/4007/7 1659/4008/7
f 1658/4009/8 1661/4010/8 1662/4011/8
f 1663/4012/65 1664/4013/65 1665/4014/65
f 1666/4015/66 1667/4016/66 1663/4017/66
f 1665/4018/67 1668/4019/67 1666/4020/67
f 1666/4021/7 1663/4022/7 1665/4023/7
f 1664/4024/8 1667/4025/8 1668/4026/8
f 1669/4027/65 1670/4028/65 1671/4029/65
f 1672/4030/66 1673/4031/66 1669/4032/66
f 1671/4033/67 1674/4034/67 1672/4035/67
f 1672/4036/7 1669/4037/7 1671/4038/7
f 1670/4039/8 1673/4040/8 1674/4041/8
f 1675/4042/65 1676/4043/65 1677/4044/65
f 1678/4045/66 1679/4046/66 1675/4047/66
f 1677/4048/67 1680/4049/67 1678/4050/67
f 1678/4051/7 1675/4052/7 1677/4053/7
f 1676/4054/8 1679/4055/8 1680/4056/8
f 1681/4057/65 1682/4058/65 1683/4059/65
f 1684/4060/66 1685/4061/66 1681/4062/66
f 1683/4063/67 1686/4064/67 1684/4065/67
f 1684/4066/7 1681/4067/7 1683/4068/7
f 1682/4069/8 1685/4070/8 1686/4071/8
f 1687/4072/65 1688/4073/65 1689/4074/65
f 1690/4075/66 1691/4076/66 1687/4077/66
f 1689/4078/67 1692/4079/67 1690/4080/67
f 1690/4081/7 1687/4082/7 1689/4083/7
f 1688/4084/8 1691/4085/8 1692/4086/8
f 1693/4087/65 1694/4088/65 1695/4089/65
f 1696/4090/66 1697/4091/66 1693/4092/66
f 1695/4093/67 1698/4094/67 1696/4095/67
f 1696/4096/7 1693/4097/7 1695/4098/7
f 1694/4099/8 1697/4100/8 1698/4101/8
f 1699/4102/65 1700/4103/65 1701/4104/65
f 1702/4105/66 1703/4106/66 1699/4107/66
f 1701/4108/67 1704/4109/67 1702/4110/67
f 1702/4111/7 1699/4112/7 1701/4113/7
f 1700/4114/8 1703/4115/8 1704/4116/8
f 1705/4117/65 1706/4118/65 1707/4119/65
f 1708/4120/66 1709/4121/66 1705/4122/66
f 1707/4123/67 1710/4124/67 1708/4125/67
f 1708/4126/7 1705/4127/7 1707/4128/7
f 1706/4129/8 1709/4130/8 1710/4131/8
f 1711/4132/65 1712/4133/65 1713/4134/65
f 1714/4135/66 1715/4136/66 1711/4137/66
f 1713/4138/67 1716/4139/67 1714/4140/67
f 1714/4141/7 1711/4142/7 1713/4143/7
f 1712/4144/8 1715/4145/8 1716/4146/8
f 1717/4147/65 1718/4148/65 1719/4149/65
f 1720/4150/66 1721/4151/66 1717/4152/66
f 1719/4153/67 1722/4154/67 1720/4155/67
f 1720/4156/7 1717/4157/7 1719/4158/7
f 1718/4159/8 1721/4160/8 1722/4161/8
f 1723/4162/65 1724/4163/65 1725/4164/65
f 1726/4165/66 1727/4166/66 1723/4167/66
f 1725/4168/67 1728/4169/67 1726/4170/67
f 1726/4171/7 1723/4172/7 1725/4173/7
f 1724/4174/8 1727/4175/8 1728/4176/8
f 1729/4177/65 1730/4178/65 1731/4179/65
f 1732/4180/66 1733/4181/66 1729/4182/66
f 1731/4183/67 1734/4184/67 1732/4185/67
f 1732/4186/7 1729/4187/7 1731/4188/7
f 1730/4189/8 1733/4190/8 1734/4191/8
f 1735/4192/65 1736/4193/65 1737/4194/65
f 1738/4195/66 1739/4196/66 1735/4197/66
f 1737/4198/67 1740/4199/67 1738/4200/67
f 1738/4201/7 1735/4202/7 1737/4203/7
f 1736/4204/8 1739/4205/8 1740/4206/8
f 1741/4207/65 1742/4208/65 1743/4209/65
f 1744/4210/66 1745/4211/66 1741/4212/66
f 1743/4213/67 1746/4214/67 1744/4215/67
f 1744/4216/7 1741/4217/7 1743/4218/7
f 1742/4219/8 1745/4220/8 1746/4221/8
f 1747/4222/65 1748/4223/65 1749/4224/65
f 1750/4225/66 1751/4226/66 1747/4227/66
f 1749/4228/67 1752/4229/67 1750/4230/67
f 1750/4231/7 1747/4232/7 1749/4233/7
f 1748/4234/8 1751/4235/8 1752/4236/8
f 1753/4237/72 1754/4238/72 1755/4239/72
f 1756/4240/2 1757/4241/2 1753/4242/2
f 1755/4243/73 1758/4244/73 1756/4245/73
f 1756/4246/66 1753/4247/66 1755/4248/66
f 1754/4249/74 1757/4250/74 1758/4251/74
f 1759/4252/72 1760/4253/72 1761/4254/72
f 1762/4255/2 1763/4256/2 1759/4257/2
f 1761/4258/73 1764/4259/73 1762/4260/73
f 1762/4261/66 1759/4262/66 1761/4263/66
f 1760/4264/74 1763/4265/74 1764/4266/74
f 1765/4267/72 1766/4268/72 1767/4269/72
f 1768/4270/2 1769/4271/2 1765/4272/2
f 1767/4273/73 1770/4274/73 1768/4275/73
f 1768/4276/66 1765/4277/66 1767/4278/66
f 1766/4279/74 1769/4280/74 1770/4281/74
f 1771/4282/68 1772/4283/65 1773/4284/68
f 1774/4285/66 1775/4286/66 1771/4287/66
f 1773/4288/67 1776/4289/67 1774/4290/67
f 1774/4291/7 1771/4292/7 1773/4293/7
f 1772/4294/8 1775/4295/8 1776/4296/8
f 1777/4297/68 1778/4298/65 1779/4299/68
f 1780/4300/66 1781/4301/66 1777/4302/66
f 1779/4303/67 1782/4304/67 1780/4305/67
f 1780/4306/7 1777/4307/7 1779/4308/7
f 1778/4309/8 1781/4310/8 1782/4311/8
f 1783/4312/68 1784/4313/65 1785/4314/68
f 1786/4315/66 1787/4316/66 1783/4317/66
f 1785/4318/67 1788/4319/67 1786/4320/67
f 1786/4321/7 1783/4322/7 1785/4323/7
f 1784/4324/8 1787/4325/8 1788/4326/8
f 1789/4327/68 1790/4328/65 1791/4329/68
f 1792/4330/66 1793/4331/66 1789/4332/66
f 1791/4333/67 1794/4334/67 1792/4335/67
f 1792/4336/7 1789/4337/7 1791/4338/7
f 1790/4339/8 1793/4340/8 1794/4341/8
f 1795/4342/68 1796/4343/65 1797/4344/68
f 1798/4345/66 1799/4346/66 1795/4347/66
f 1797/4348/67 1800/4349/67 1798/4350/67
f 1798/4351/7 1795/4352/7 1797/4353/7
f 1796/4354/8 1799/4355/8 1800/4356/8
f 1801/4357/68 1802/4358/65 1803/4359/68
f 1804/4360/66 1805/4361/66 1801/4362/66
f 1803/4363/67 1806/4364/67 1804/4365/67
f 1804/4366/7 1801/4367/7 1803/4368/7
f 1802/4369/8 1805/4370/8 1806/4371/8
f 1807/4372/68 1808/4373/65 1809/4374/68
f 1810/4375/66 1811/4376/66 1807/4377/66
f 1809/4378/67 1812/4379/67 1810/4380/67
f 1810/4381/7 1807/4382/7 1809/4383/7
f 1808/4384/8 1811/4385/8 1812/4386/8
f 1813/4387/68 1814/4388/65 1815/4389/68
f 1816/4390/66 1817/4391/66 1813/4392/66
f 1815/4393/67 1818/4394/67 1816/4395/67
f 1816/4396/7 1813/4397/7 1815/4398/7
f 1814/4399/8 1817/4400/8 1818/4401/8
f 1819/4402/68 1820/4403/65 1821/4404/68
f 1822/4405/66 1823/4406/66 1819/4407/66
f 1821/4408/67 1824/4409/67 1822/4410/67
f 1822/4411/7 1819/4412/7 1821/4413/7
f 1820/4414/8 1823/4415/8 1824/4416/8
f 1825/4417/68 1826/4418/65 1827/4419/68
f 1828/4420/66 1829/4421/66 1825/4422/66
f 1827/4423/67 1830/4424/67 1828/4425/67
f 1828/4426/7 1825/4427/7 1827/4428/7
f 1826/4429/8 1829/4430/8 1830/4431/8
f 1831/4432/68 1832/4433/65 1833/4434/68
f 1834/4435/66 1835/4436/66 1831/4437/66
f 1833/4438/67 1836/4439/67 1834/4440/67
f 1834/4441/7 1831/4442/7 1833/4443/7
f 1832/4444/8 1835/4445/8 1836/4446/8
f 1837/4447/68 1838/4448/65 1839/4449/68
f 1840/4450/66 1841/4451/66 1837/4452/66
f 1839/4453/67 1842/4454/67 1840/4455/67
f 1840/4456/7 1837/4457/7 1839/4458/7
f 1838/4459/8 1841/4460/8 1842/4461/8
f 1843/4462/68 1844/4463/65 1845/4464/68
f 1846/4465/66 1847/4466/66 1843/4467/66
f 1845/4468/67 1848/4469/67 1846/4470/67
f 1846/4471/7 1843/4472/7 1845/4473/7
f 1844/4474/8 1847/4475/8 1848/4476/8
f 1849/4477/68 1850/4478/65 1851/4479/68
f 1852/4480/66 1853/4481/66 1849/4482/66
f 1851/4483/67 1854/4484/67 1852/4485/67
f 1852/4486/7 1849/4487/7 1851/4488/7
f 1850/4489/8 1853/4490/8 1854/4491/8
f 1855/4492/68 1856/4493/65 1857/4494/68
f 1858/4495/66 1859/4496/66 1855/4497/66
f 1857/4498/67 1860/4499/67 1858/4500/67
f 1858/4501/7 1855/4502/7 1857/4503/7
f 1856/4504/8 1859/4505/8 1860/4506/8
f 1861/4507/68 1862/4508/65 1863/4509/68
f 1864/4510/66 1865/4511/66 1861/4512/66
f 1863/4513/67 1866/4514/67 1864/4515/67
f 1864/4516/7 1861/4517/7 1863/4518/7
f 1862/4519/8 1865/4520/8 1866/4521/8
f 1867/4522/68 1868/4523/65 1869/4524/68
f 1870/4525/66 1871/4526/66 1867/4527/66
f 1869/4528/67 1872/4529/67 1870/4530/67
f 1870/4531/7 1867/4532/7 1869/4533/7
f 1868/4534/8 1871/4535/8 1872/4536/8
f 1873/4537/68 1874/4538/65 1875/4539/68
f 1876/4540/66 1877/4541/66 1873/4542/66
f 1875/4543/67 1878/4544/67 1876/4545/67
f 1876/4546/7 1873/4547/7 1875/4548/7
f 1874/4549/8 1877/4550/8 1878/4551/8
f 1879/4552/68 1880/4553/65 1881/4554/68
f 1882/4555/66 1883/4556/66 1879/4557/66
f 1881/4558/67 1884/4559/67 1882/4560/67
f 1882/4561/7 1879/4562/7 1881/4563/7
f 1880/4564/8 1883/4565/8 1884/4566/8
f 1885/4567/68 1886/4568/65 1887/4569/68
f 1888/4570/66 1889/4571/66 1885/4572/66
f 1887/4573/67 1890/4574/67 1888/4575/67
f 1888/4576/7 1885/4577/7 1887/4578/7
f 1886/4579/8 1889/4580/8 1890/4581/8
f 1891/4582/68 1892/4583/65 1893/4584/68
f 1894/4585/66 1895/4586/66 1891/4587/66
f 1893/4588/67 1896/4589/67 1894/4590/67
f 1894/4591/7 1891/4592/7 1893/4593/7
f 1892/4594/8 1895/4595/8 1896/4596/8
f 1897/4597/68 1898/4598/65 1899/4599/68
f 1900/4600/66 1901/4601/66 1897/4602/66
f 1899/4603/67 1902/4604/67 1900/4605/67
f 1900/4606/7 1897/4607/7 1899/4608/7
f 1898/4609/8 1901/4610/8 1902/4611/8
f 1903/4612/68 1904/4613/65 1905/4614/68
f 1906/4615/66 1907/4616/66 1903/4617/66
f 1905/4618/67 1908/4619/67 1906/4620/67
f 1906/4621/7 1903/4622/7 1905/4623/7
f 1904/4624/8 1907/4625/8 1908/4626/8
f 1909/4627/68 1910/4628/65 1911/4629/68
f 1912/4630/66 1913/4631/66 1909/4632/66
f 1911/4633/67 1914/4634/67 1912/4635/67
f 1912/4636/7 1909/4637/7 1911/4638/7
f 1910/4639/8 1913/4640/8 1914/4641/8
f 1915/4642/68 1916/4643/65 1917/4644/68
f 1918/4645/66 1919/4646/66 1915/4647/66
f 1917/4648/67 1920/4649/67 1918/4650/67
f 1918/4651/7 1915/4652/7 1917/4653/7
f 1916/4654/8 1919/4655/8 1920/4656/8
f 1921/4657/68 1922/4658/65 1923/4659/68
f 1924/4660/66 1925/4661/66 1921/4662/66
f 1923/4663/67 1926/4664/67 1924/4665/67
f 1924/4666/7 1921/4667/7 1923/4668/7
f 1922/4669/8 1925/4670/8 1926/4671/8
f 1927/4672/68 1928/4673/65 1929/4674/68
f 1930/4675/66 1931/4676/66 1927/4677/66
f 1929/4678/67 1932/4679/67 1930/4680/67
f 1930/4681/7 1927/4682/7 1929/4683/7
f 1928/4684/8 1931/4685/8 1932/4686/8
f 1933/4687/68 1934/4688/65 1935/4689/68
f 1936/4690/66 1937/4691/66 1933/4692/66
f 1935/4693/67 1938/4694/67 1936/4695/67
f 1936/4696/7 1933/4697/7 1935/4698/7
f 1934/4699/8 1937/4700/8 1938/4701/8
f 1939/4702/68 1940/4703/65 1941/4704/68
f 1942/4705/66 1943/4706/66 1939/4707/66
f 1941/4708/67 1944/4709/67 1942/4710/67
f 1942/4711/7 1939/4712/7 1941/4713/7
f 1940/4714/8 1943/4715/8 1944/4716/8
f 1945/4717/68 1946/4718/65 1947/4719/68
f 1948/4720/66 1949/4721/66 1945/4722/66
f 1947/4723/67 1950/4724/67 1948/4725/67
f 1948/4726/7 1945/4727/7 1947/4728/7
f 1946/4729/8 1949/4730/8 1950/4731/8
f 1951/4732/68 1952/4733/65 1953/4734/68
f 1954/4735/66 1955/4736/66 1951/4737/66
f 1953/4738/67 1956/4739/67 1954/4740/67
f 1954/4741/7 1951/4742/7 1953/4743/7
f 1952/4744/8 1955/4745/8 1956/4746/8
f 1957/4747/68 1958/4748/65 1959/4749/68
f 1960/4750/66 1961/4751/66 1957/4752/66
f 1959/4753/67 1962/4754/67 1960/4755/67
f 1960/4756/7 1957/4757/7 1959/4758/7
f 1958/4759/8 1961/4760/8 1962/4761/8
f 1963/4762/68 1964/4763/65 1965/4764/68
f 1966/4765/66 1967/4766/66 1963/4767/66
f 1965/4768/67 1968/4769/67 1966/4770/67
f 1966/4771/7 1963/4772/7 1965/4773/7
f 1964/4774/8 1967/4775/8 1968/4776/8
f 1969/4777/68 1970/4778/65 1971/4779/68
f 1972/4780/66 1973/4781/66 1969/4782/66
f 1971/4783/67 1974/4784/67 1972/4785/67
f 1972/4786/7 1969/4787/7 1971/4788/7
f 1970/4789/8 1973/4790/8 1974/4791/8
f 1975/4792/68 1976/4793/65 1977/4794/68
f 1978/4795/66 1979/4796/66 1975/4797/66
f 1977/4798/67 1980/4799/67 1978/4800/67
f 1978/4801/7 1975/4802/7 1977/4803/7
f 1976/4804/8 1979/4805/8 1980/4806/8
f 1981/4807/68 1982/4808/65 1983/4809/68
f 1984/4810/66 1985/4811/66 1981/4812/66
f 1983/4813/67 1986/4814/67 1984/4815/67
f 1984/4816/7 1981/4817/7 1983/4818/7
f 1982/4819/8 1985/4820/8 1986/4821/8
f 1987/4822/68 1988/4823/65 1989/4824/68
f 1990/4825/66 1991/4826/66 1987/4827/66
f 1989/4828/67 1992/4829/67 1990/4830/67
f 1990/4831/7 1987/4832/7 1989/4833/7
f 1988/4834/8 1991/4835/8 1992/4836/8
f 1993/4837/68 1994/4838/65 1995/4839/68
f 1996/4840/66 1997/4841/66 1993/4842/66
f 1995/4843/67 1998/4844/67 1996/4845/67
f 1996/4846/7 1993/4847/7 1995/4848/7
f 1994/4849/8 1997/4850/8 1998/4851/8
f 1999/4852/68 2000/4853/65 2001/4854/68
f 2002/4855/66 2003/4856/66 1999/4857/66
f 2001/4858/67 2004/4859/67 2002/4860/67
f 2002/4861/7 1999/4862/7 2001/4863/7
f 2000/4864/8 2003/4865/8 2004/4866/8
f 2005/4867/68 2006/4868/65 2007/4869/68
f 2008/4870/66 2009/4871/66 2005/4872/66
f 2007/4873/67 2010/4874/67 2008/4875/67
f 2008/4876/7 2005/4877/7 2007/4878/7
f 2006/4879/8 2009/4880/8 2010/4881/8
f 2011/4882/68 2012/4883/65 2013/4884/68
f 2014/4885/66 2015/4886/66 2011/4887/66
f 2013/4888/67 2016/4889/67 2014/4890/67
f 2014/4891/7 2011/4892/7 2013/4893/7
f 2012/4894/8 2015/4895/8 2016/4896/8
f 2017/4897/68 2018/4898/65 2019/4899/68
f 2020/4900/66 2021/4901/66 2017/4902/66
f 2019/4903/67 2022/4904/67 2020/4905/67
f 2020/4906/7 2017/4907/7 2019/4908/7
f 2018/4909/8 2021/4910/8 2022/4911/8
f 2023/4912/68 2024/4913/65 2025/4914/68
f 2026/4915/66 2027/4916/66 2023/4917/66
f 2025/4918/67 2028/4919/67 2026/4920/67
f 2026/4921/7 2023/4922/7 2025/4923/7
f 2024/4924/8 2027/4925/8 2028/4926/8
f 2029/4927/68 2030/4928/65 2031/4929/68
f 2032/4930/66 2033/4931/66 2029/4932/66
f 2031/4933/67 2034/4934/67 2032/4935/67
f 2032/4936/7 2029/4937/7 2031/4938/7
f 2030/4939/8 2033/4940/8 2034/4941/8
f 2035/4942/68 2036/4943/65 2037/4944/68
f 2038/4945/66 2039/4946/66 2035/4947/66
f 2037/4948/67 2040/4949/67 2038/4950/67
f 2038/4951/7 2035/4952/7 2037/4953/7
f 2036/4954/8 2039/4955/8 2040/4956/8
f 2041/4957/68 2042/4958/65 2043/4959/68
f 2044/4960/66 2045/4961/66 2041/4962/66
f 2043/4963/67 2046/4964/67 2044/4965/67
f 2044/4966/7 2041/4967/7 2043/4968/7
f 2042/4969/8 2045/4970/8 2046/4971/8
f 2047/4972/68 2048/4973/65 2049/4974/68
f 2050/4975/66 2051/4976/66 2047/4977/66
f 2049/4978/67 2052/4979/67 2050/4980/67
f 2050/4981/7 2047/4982/7 2049/4983/7
f 2048/4984/8 2051/4985/8 2052/4986/8
f 2053/4987/68 2054/4988/65 2055/4989/68
f 2056/4990/66 2057/4991/66 2053/4992/66
f 2055/4993/67 2058/4994/67 2056/4995/67
f 2056/4996/7 2053/4997/7 2055/4998/7
f 2054/4999/8 2057/5000/8 2058/5001/8
f 2059/5002/68 2060/5003/65 2061/5004/68
f 2062/5005/66 2063/5006/66 2059/5007/66
f 2061/5008/67 2064/5009/67 2062/5010/67
f 2062/5011/7 2059/5012/7 2061/5013/7
f 2060/5014/8 2063/5015/8 2064/5016/8
f 2065/5017/68 2066/5018/65 2067/5019/68
f 2068/5020/66 2069/5021/66 2065/5022/66
f 2067/5023/67 2070/5024/67 2068/5025/67
f 2068/5026/7 2065/5027/7 2067/5028/7
f 2066/5029/8 2069/5030/8 2070/5031/8
f 2071/5032/72 2072/5033/72 2073/5034/72
f 2074/5035/2 2075/5036/2 2071/5037/2
f 2073/5038/73 2076/5039/73 2074/5040/73
f 2074/5041/66 2071/5042/66 2073/5043/66
f 2072/5044/74 2075/5045/74 2076/5046/74
f 2077/5047/72 2078/5048/72 2079/5049/72
f 2080/5050/2 2081/5051/2 2077/5052/2
f 2079/5053/73 2082/5054/73 2080/5055/73
f 2080/5056/66 2077/5057/66 2079/5058/66
f 2078/5059/74 2081/5060/74 2082/5061/74
f 2083/5062/72 2084/5063/72 2085/5064/72
f 2086/5065/2 2087/5066/2 2083/5067/2
f 2085/5068/73 2088/5069/73 2086/5070/73
f 2086/5071/66 2083/5072/66 2085/5073/66
f 2084/5074/74 2087/5075/74 2088/5076/74
f 2089/5077/1 2090/5078/1 2091/5079/1
f 2092/5080/2 2093/5081/2 2089/5082/2
f 2094/5083/3 2095/5084/3 2092/5085/3
f 2096/5086/4 2097/5087/4 2094/5083/4
f 2098/5088/5 2099/5089/5 2096/5090/5
f 2091/5079/6 2100/5091/6 2098/5092/6
f 2092/5093/7 2089/5094/7 2091/5095/7
f 2099/5096/8 2100/5097/8 2093/5098/8
f 2101/5099/75 2102/5100/75 2103/5101/75
f 2104/5102/7 2105/5103/7 2101/5104/7
f 2106/5105/76 2107/5106/76 2104/5107/76
f 2108/5108/77 2109/5109/77 2106/5105/77
f 2110/5110/8 2111/5111/8 2108/5112/8
f 2103/5101/78 2112/5113/78 2110/5114/78
f 2104/5115/66 2101/5116/66 2103/5117/66
f 2111/5118/74 2112/5119/74 2105/5120/74
f 2113/5121/1 2114/5122/1 2115/5123/1
f 2116/5124/2 2117/5125/2 2113/5126/2
f 2118/5127/3 2119/5128/3 2116/5129/3
f 2120/5130/4 2121/5131/4 2118/5127/4
f 2122/5132/5 2123/5133/5 2120/5134/5
f 2115/5123/6 2124/5135/6 2122/5136/6
f 2116/5137/7 2113/5138/7 2115/5139/7
f 2123/5140/8 2124/5141/8 2117/5142/8
f 2125/5143/1 2126/5144/1 2127/5145/1
f 2128/5146/2 2129/5147/2 2125/5148/2
f 2130/5149/3 2131/5150/3 2128/5151/3
f 2132/5152/4 2133/5153/4 2130/5149/4
f 2134/5154/5 2135/5155/5 2132/5156/5
f 2127/5145/6 2136/5157/6 2134/5158/6
f 2128/5159/7 2125/5160/7 2127/5161/7
f 2135/5162/8 2136/5163/8 2129/5164/8
f 2137/5165/1 2138/5166/1 2139/5167/1
f 2140/5168/2 2141/5169/2 2137/5170/2
f 2142/5171/3 2143/5172/3 2140/5173/3
f 2144/5174/4 2145/5175/4 2142/5171/4
f 2146/5176/5 2147/5177/5 2144/5178/5
f 2139/5167/6 2148/5179/6 2146/5180/6
f 2140/5181/7 2137/5182/7 2139/5183/7
f 2145/5184/8 2147/5185/8 2148/5186/8
f 2149/5187/1 2150/5188/1 2151/5189/1
f 2152/5190/2 2153/5191/2 2149/5192/2
f 2154/5193/3 2155/5194/3 2152/5195/3
f 2156/5196/4 2157/5197/4 2154/5193/4
f 2158/5198/5 2159/5199/5 2156/5200/5
f 2151/5189/6 2160/5201/6 2158/5202/6
f 2152/5203/7 2149/5204/7 2151/5205/7
f 2159/5206/8 2160/5207/8 2153/5208/8
f 2161/5209/75 2162/5210/75 2163/5211/75
f 2164/5212/7 2165/5213/7 2161/5214/7
f 2166/5215/76 2167/5216/76 2164/5217/76
f 2168/5218/77 2169/5219/77 2166/5215/77
f 2170/5220/8 2171/5221/8 2168/5222/8
f 2163/5211/78 2172/5223/78 2170/5224/78
f 2164/5225/66 2161/5226/66 2163/5227/66
f 2171/5228/74 2172/5229/74 2165/5230/74
f 2173/5231/75 2174/5232/75 2175/5233/75
f 2176/5234/7 2177/5235/7 2173/5236/7
f 2178/5237/76 2179/5238/76 2176/5239/76
f 2180/5240/77 2181/5241/77 2178/5237/77
f 2182/5242/8 2183/5243/8 2180/5244/8
f 2175/5233/78 2184/5245/78 2182/5246/78
f 2176/5247/66 2173/5248/66 2175/5249/66
f 2183/5250/74 2184/5251/74 2177/5252/74
f 2185/5253/75 2186/5254/75 2187/5255/75
f 2188/5256/7 2189/5257/7 2185/5258/7
f 2190/5259/76 2191/5260/76 2188/5261/76
f 2192/5262/77 2193/5263/77 2190/5259/77
f 2194/5264/8 2195/5265/8 2192/5266/8
f 2187/5255/78 2196/5267/78 2194/5268/78
f 2188/5269/66 2185/5270/66 2187/5271/66
f 2195/5272/74 2196/5273/74 2189/5274/74
f 2197/5275/75 2198/5276/75 2199/5277/75
f 2200/5278/7 2201/5279/7 2197/5280/7
f 2202/5281/76 2203/5282/76 2200/5283/76
f 2204/5284/77 2205/5285/77 2202/5281/77
f 2206/5286/8 2207/5287/8 2204/5288/8
f 2199/5277/78 2208/5289/78 2206/5290/78
f 2200/5291/66 2197/5292/66 2199/5293/66
f 2207/5294/74 2208/5295/74 2201/5296/74
f 2209/5297/75 2210/5298/75 2211/5299/75
f 2212/5300/7 2213/5301/7 2209/5302/7
f 2214/5303/76 2215/5304/76 2212/5305/76
f 2216/5306/77 2217/5307/77 2214/5303/77
f 2218/5308/8 2219/5309/8 2216/5310/8
f 2211/5299/78 2220/5311/78 2218/5312/78
f 2212/5313/66 2209/5314/66 2211/5315/66
f 2219/5316/74 2220/5317/74 2213/5318/74
f 2221/5319/75 2222/5320/75 2223/5321/75
f 2224/5322/7 2225/5323/7 2221/5324/7
f 2226/5325/76 2227/5326/76 2224/5327/76
f 2228/5328/77 2229/5329/77 2226/5325/77
f 2230/5330/8 2231/5331/8 2228/5332/8
f 2223/5321/78 2232/5333/78 2230/5334/78
f 2224/5335/66 2221/5336/66 2223/5337/66
f 2231/5338/74 2232/5339/74 2225/5340/74
f 2233/5341/75 2234/5342/75 2235/5343/75
f 2236/5344/7 2237/5345/7 2233/5346/7
f 2238/5347/76 2239/5348/76 2236/5349/76
f 2240/5350/77 2241/5351/77 2238/5347/77
f 2242/5352/8 2243/5353/8 2240/5354/8
f 2235/5343/78 2244/5355/78 2242/5356/78
f 2236/5357/66 2233/5358/66 2235/5359/66
f 2243/5360/74 2244/5361/74 2237/5362/74
f 2245/5363/79 2246/5364/79 2247/5365/79
f 2248/5366/80 2246/5367/80 2249/5368/80
f 2250/5369/81 2251/5370/81 2248/5371/81
f 2252/5372/82 2253/5373/82 2250/5369/82
f 2254/5374/83 2255/5375/83 2252/5376/83
f 2254/5377/84 2247/5365/84 2256/5378/84
f 2248/5379/85 2249/5380/85 2245/5381/85
f 2253/5382/86 2255/5383/86 2256/5384/86
f 2257/5385/79 2258/5386/79 2259/5387/79
f 2260/5388/80 2258/5389/80 2261/5390/80
f 2262/5391/81 2263/5392/81 2260/5393/81
f 2264/5394/82 2265/5395/82 2262/5391/82
f 2266/5396/83 2267/5397/83 2264/5398/83
f 2266/5399/84 2259/5387/84 2268/5400/84
f 2260/5401/85 2261/5402/85 2257/5403/85
f 2265/5404/86 2267/5405/87 2268/5406/86
f 2269/5407/88 2270/5408/88 2271/5409/88
f 2272/5410/89 2273/5411/89 2269/5412/89
f 2274/5413/90 2275/5414/90 2272/5410/90
f 2271/5415/91 2276/5416/91 2274/5417/91
f 2272/5418/7 2271/5419/7 2274/5420/7
f 2270/5421/8 2275/5422/8 2276/5423/8
f 2277/5424/92 2278/5425/92 2279/5426/92
f 2280/5427/93 2281/5428/93 2278/5429/93
f 2282/5430/94 2281/5431/94 2283/5432/94
f 2277/5433/95 2284/5434/95 2282/5430/95
f 2282/5435/96 2280/5436/96 2277/5437/96
f 2278/5438/97 2284/5439/97 2279/5440/97
f 2285/5441/3 2286/5442/3 2287/5443/3
f 2288/5444/2 2289/5445/2 2285/5446/2
f 2290/5447/1 2291/5448/1 2288/5449/1
f 2292/5450/6 2293/5451/6 2290/5447/6
f 2294/5452/5 2295/5453/5 2292/5454/5
f 2287/5443/4 2296/5455/4 2294/5456/4
f 2288/5457/8 2285/5458/8 2287/5459/8
f 2293/5460/7 2295/5461/7 2296/5462/7
f 2297/5463/98 2298/5464/98 2299/5465/98
f 2300/5466/99 2298/5467/99 2301/5468/99
f 2300/5469/100 2299/5470/100 2302/5471/100
f 2300/5472/101 2301/5473/101 2297/5474/101
f 2299/5475/102 2298/5476/102 2302/5477/102
f 2303/5478/103 2304/5479/104 2305/5480/103
f 2303/5481/105 2306/5482/105 2307/5483/105
f 2308/5484/106 2304/5485/106 2306/5486/106
f 2308/5487/107 2303/5488/107 2305/5489/107
f 2304/5490/108 2307/5491/108 2306/5492/108
f 2309/5493/88 2310/5494/88 2311/5495/88
f 2312/5496/89 2313/5497/89 2309/5498/89
f 2314/5499/90 2315/5500/90 2312/5496/90
f 2311/5501/91 2316/5502/91 2314/5503/91
f 2312/5504/7 2311/5505/7 2314/5506/7
f 2313/5507/8 2316/5508/8 2310/5509/8
f 2317/5510/66 2318/5511/66 2319/5512/66
f 2320/5513/74 2321/5514/74 2322/5515/74
f 2318/5516/109 2323/5517/110 2319/5518/110
f 2320/5519/111 2324/5520/112 2317/5521/111
f 2324/5522/66 2325/5523/66 2318/5511/66
f 2322/5515/74 2326/5524/74 2327/5525/74
f 2325/5526/113 2321/5527/109 2318/5516/109
f 2322/5528/112 2328/5529/114 2324/5520/112
f 2328/5530/66 2329/5531/66 2325/5523/66
f 2327/5525/74 2330/5532/74 2331/5533/74
f 2329/5534/115 2326/5535/113 2325/5526/113
f 2327/5536/114 2332/5537/116 2328/5529/114
f 2319/5538/5 2320/5539/5 2317/5540/5
f 2331/5541/2 2329/5542/2 2332/5543/2
f 2333/5544/117 2334/5545/117 2335/5546/117
f 2336/5547/118 2337/5548/118 2333/5549/118
f 2336/5550/119 2338/5551/119 2339/5552/119
f 2340/5553/120 2341/5554/120 2338/5551/120
f 2342/5555/121 2341/5556/121 2343/5557/121
f 2335/5546/122 2344/5558/122 2342/5559/122
f 2336/5560/123 2333/5561/123 2335/5562/123
f 2338/5563/124 2341/5564/124 2344/5565/124
f 2345/5566/125 2346/5567/74 2347/5568/74
f 2348/5569/7 2349/5570/126 2345/5571/126
f 2350/5572/127 2351/5573/7 2348/5569/7
f 2352/5574/66 2353/5575/128 2350/5576/128
f 2354/5577/129 2355/5578/66 2352/5574/66
f 2356/5579/8 2357/5580/130 2354/5581/130
f 2358/5582/131 2359/5583/8 2356/5579/8
f 2347/5568/74 2360/5584/132 2358/5585/132
f 2348/5586/5 2345/5587/5 2347/5588/5
f 2353/5589/2 2357/5590/2 2360/5591/2
f 2361/5592/8 2362/5593/8 2363/5594/8
f 2364/5595/7 2365/5596/7 2366/5597/7
f 2362/5598/8 2367/5598/8 2364/5598/8
f 2361/5599/7 2367/5600/7 2368/5601/7
f 2363/5602/7 2365/5596/7 2361/5599/7
f 2363/5594/8 2364/5603/8 2366/5604/8
f 2369/5605/133 2370/5606/134 2371/5607/135
f 2372/5608/136 2373/5609/137 2374/5610/138
f 2375/5611/7 2373/5611/7 2370/5611/7
f 2373/5609/137 2371/5612/139 2370/5613/139
f 2376/5614/8 2369/5615/8 2371/5616/8
f 2369/5617/133 2374/5618/140 2375/5619/140
f 2377/5620/141 2378/5621/142 2379/5622/143
f 2380/5623/144 2381/5624/145 2382/5625/146
f 2379/5626/8 2380/5626/8 2382/5626/8
f 2383/5627/147 2380/5628/144 2378/5629/147
f 2377/5630/7 2384/5631/7 2383/5632/7
f 2377/5620/141 2382/5633/143 2381/5634/143
f 2385/5635/66 2386/5636/66 2387/5637/66
f 2388/5638/74 2389/5639/74 2390/5640/74
f 2391/5641/148 2388/5642/149 2386/5643/149
f 2390/5644/150 2385/5645/151 2387/5646/150
f 2385/5635/66 2392/5647/66 2391/5648/66
f 2389/5639/74 2393/5649/74 2394/5650/74
f 2392/5651/152 2395/5652/148 2391/5641/148
f 2389/5653/151 2396/5654/153 2385/5645/151
f 2386/5655/5 2390/5656/5 2387/5657/5
f 2394/5658/2 2392/5659/2 2396/5660/2
f 2397/5661/154 2398/5662/154 2399/5663/154
f 2400/5664/155 2401/5665/155 2397/5666/155
f 2400/5667/156 2402/5668/157 2403/5669/157
f 2404/5670/158 2405/5671/158 2402/5668/158
f 2406/5672/159 2407/5673/159 2405/5674/159
f 2399/5663/160 2407/5675/160 2408/5676/160
f 2400/5677/161 2397/5678/161 2399/5679/161
f 2402/5680/162 2405/5681/162 2407/5682/162
f 2409/5683/163 2410/5684/164 2411/5685/163
f 2409/5683/165 2412/5686/165 2413/5687/165
f 2414/5688/166 2415/5689/166 2412/5690/166
f 2416/5691/167 2417/5692/167 2415/5689/167
f 2418/5693/168 2417/5694/168 2419/5695/168
f 2411/5696/169 2420/5697/169 2418/5698/169
f 2414/5699/170 2409/5700/170 2411/5701/170
f 2415/5702/171 2417/5703/171 2420/5704/171
f 2421/5705/154 2422/5706/154 2423/5707/154
f 2424/5708/155 2425/5709/155 2421/5710/155
f 2424/5711/156 2426/5712/156 2427/5713/156
f 2428/5714/158 2429/5715/158 2426/5712/158
f 2430/5716/159 2431/5717/159 2429/5718/159
f 2423/5707/160 2431/5719/160 2432/5720/160
f 2424/5721/161 2421/5722/172 2423/5723/161
f 2426/5724/162 2429/5725/162 2431/5726/162
f 2433/5727/163 2434/5728/163 2435/5729/163
f 2433/5727/165 2436/5730/165 2437/5731/165
f 2438/5732/166 2439/5733/166 2436/5734/166
f 2440/5735/167 2441/5736/167 2439/5733/167
f 2442/5737/168 2441/5738/168 2443/5739/168
f 2435/5740/169 2444/5741/169 2442/5742/169
f 2443/5743/170 2438/5744/170 2435/5745/170
f 2437/5746/171 2439/5747/171 2444/5748/171
f 2445/5749/154 2446/5750/154 2447/5751/154
f 2445/5752/155 2448/5753/155 2449/5754/155
f 2450/5755/156 2451/5756/156 2448/5757/156
f 2452/5758/158 2453/5759/158 2451/5756/158
f 2454/5760/159 2453/5761/159 2455/5762/159
f 2447/5751/160 2456/5763/160 2454/5764/160
f 2455/5765/161 2450/5766/161 2447/5767/161
f 2453/5768/162 2456/5769/162 2449/5770/162
f 2457/5771/163 2458/5772/163 2459/5773/163
f 2460/5774/165 2461/5775/165 2457/5771/165
f 2460/5776/166 2462/5777/166 2463/5778/166
f 2464/5779/167 2465/5780/167 2462/5777/167
f 2466/5781/168 2467/5782/168 2465/5783/168
f 2459/5784/169 2467/5785/169 2468/5786/169
f 2457/5787/170 2459/5788/170 2466/5789/170
f 2462/5790/171 2465/5791/171 2467/5792/171
f 2469/5793/154 2470/5794/154 2471/5795/154
f 2469/5796/155 2472/5797/155 2473/5798/155
f 2474/5799/156 2475/5800/156 2472/5801/156
f 2476/5802/158 2477/5803/158 2475/5800/158
f 2478/5804/159 2477/5805/159 2479/5806/159
f 2471/5795/160 2480/5807/160 2478/5808/160
f 2474/5809/161 2469/5810/161 2471/5811/161
f 2475/5812/162 2477/5813/162 2480/5814/162
f 2481/5815/163 2482/5816/163 2483/5817/163
f 2484/5818/165 2485/5819/165 2481/5815/165
f 2484/5820/166 2486/5821/166 2487/5822/166
f 2488/5823/167 2489/5824/167 2486/5821/167
f 2490/5825/168 2491/5826/168 2489/5827/168
f 2483/5828/169 2491/5829/169 2492/5830/169
f 2481/5831/170 2483/5832/170 2490/5833/170
f 2486/5834/171 2489/5835/171 2491/5836/171
f 2493/5837/154 2494/5838/154 2495/5839/154
f 2493/5840/155 2496/5841/155 2497/5842/155
f 2498/5843/156 2499/5844/156 2496/5845/156
f 2500/5846/158 2501/5847/158 2499/5844/158
f 2502/5848/159 2501/5849/159 2503/5850/159
f 2495/5839/160 2504/5851/160 2502/5852/160
f 2498/5853/161 2493/5854/161 2495/5855/161
f 2501/5856/162 2504/5857/162 2497/5858/162
f 2505/5859/163 2506/5860/163 2507/5861/163
f 2508/5862/165 2509/5863/165 2505/5859/165
f 2508/5864/166 2510/5865/166 2511/5866/166
f 2512/5867/167 2513/5868/167 2510/5865/167
f 2514/5869/168 2515/5870/168 2513/5871/168
f 2507/5872/169 2515/5873/169 2516/5874/169
f 2505/5875/170 2507/5876/170 2514/5877/170
f 2509/5878/171 2510/5879/171 2515/5880/171
f 2517/5881/154 2518/5882/154 2519/5883/154
f 2517/5884/155 2520/5885/155 2521/5886/155
f 2522/5887/156 2520/5888/156 2523/5889/156
f 2522/5887/158 2524/5890/158 2525/5891/158
f 2526/5892/159 2524/5893/159 2527/5894/159
f 2526/5895/160 2518/5882/160 2528/5896/160
f 2527/5897/161 2523/5898/161 2519/5899/161
f 2525/5900/162 2524/5901/162 2528/5902/162
f 2529/5903/163 2530/5904/163 2531/5905/163
f 2532/5906/165 2530/5904/165 2533/5907/165
f 2532/5908/166 2534/5909/166 2535/5910/166
f 2536/5911/167 2534/5909/167 2537/5912/167
f 2536/5913/168 2538/5914/168 2539/5915/168
f 2529/5916/169 2538/5917/169 2540/5918/169
f 2532/5919/170 2533/5920/170 2529/5921/170
f 2539/5922/171 2538/5923/171 2530/5924/171
f 2541/5925/154 2542/5926/154 2543/5927/154
f 2541/5928/155 2544/5929/155 2545/5930/155
f 2546/5931/156 2544/5932/156 2547/5933/156
f 2546/5931/158 2548/5934/158 2549/5935/158
f 2550/5936/159 2548/5937/159 2551/5938/159
f 2550/5939/160 2542/5926/160 2552/5940/160
f 2547/5941/161 2541/5942/161 2543/5943/161
f 2545/5944/162 2549/5945/162 2552/5946/162
f 2553/5947/163 2554/5948/163 2555/5949/163
f 2556/5950/165 2554/5948/165 2557/5951/165
f 2556/5952/166 2558/5953/166 2559/5954/166
f 2560/5955/167 2558/5953/167 2561/5956/167
f 2560/5957/168 2562/5958/168 2563/5959/168
f 2553/5960/169 2562/5961/169 2564/5962/169
f 2556/5963/170 2557/5964/173 2553/5965/170
f 2558/5966/171 2563/5967/171 2562/5968/171
f 2565/5969/154 2566/5970/154 2567/5971/154
f 2565/5972/155 2568/5973/155 2569/5974/155
f 2570/5975/156 2568/5976/156 2571/5977/156
f 2570/5975/158 2572/5978/158 2573/5979/158
f 2574/5980/159 2572/5981/159 2575/5982/159
f 2574/5983/160 2566/5970/160 2576/5984/160
f 2571/5985/161 2565/5986/161 2567/5987/161
f 2573/5988/162 2572/5989/162 2576/5990/162
f 2577/5991/163 2578/5992/163 2579/5993/163
f 2580/5994/165 2578/5992/165 2581/5995/165
f 2580/5996/166 2582/5997/166 2583/5998/166
f 2584/5999/167 2582/5997/167 2585/6000/167
f 2584/6001/168 2586/6002/168 2587/6003/168
f 2577/6004/169 2586/6005/169 2588/6006/169
f 2581/6007/170 2577/6008/170 2584/6009/170
f 2582/6010/171 2587/6011/171 2586/6012/171
f 2589/6013/154 2590/6014/154 2591/6015/154
f 2589/6016/155 2592/6017/155 2593/6018/155
f 2594/6019/156 2592/6020/156 2595/6021/156
f 2594/6019/158 2596/6022/158 2597/6023/158
f 2598/6024/159 2596/6025/159 2599/6026/159
f 2598/6027/160 2590/6014/160 2600/6028/160
f 2595/6029/161 2589/6030/161 2591/6031/161
f 2597/6032/162 2596/6033/162 2600/6034/162
f 2601/6035/163 2602/6036/163 2603/6037/163
f 2604/6038/165 2602/6036/165 2605/6039/165
f 2604/6040/166 2606/6041/166 2607/6042/166
f 2608/6043/167 2606/6041/167 2609/6044/167
f 2608/6045/168 2610/6046/168 2611/6047/168
f 2601/6048/169 2610/6049/169 2612/6050/169
f 2605/6051/170 2601/6052/170 2608/6053/170
f 2611/6054/171 2610/6055/171 2602/6056/171
f 2613/6057/154 2614/6058/154 2615/6059/154
f 2613/6060/155 2616/6061/155 2617/6062/155
f 2618/6063/156 2616/6064/156 2619/6065/156
f 2618/6063/158 2620/6066/158 2621/6067/158
f 2622/6068/159 2620/6069/159 2623/6070/159
f 2622/6071/160 2614/6058/160 2624/6072/160
f 2619/6073/161 2613/6074/161 2615/6075/161
f 2621/6076/162 2620/6077/162 2624/6078/162
f 2625/6079/163 2626/6080/163 2627/6081/163
f 2628/6082/165 2626/6080/165 2629/6083/165
f 2628/6084/166 2630/6085/166 2631/6086/166
f 2632/6087/167 2630/6085/167 2633/6088/167
f 2632/6089/168 2634/6090/168 2635/6091/168
f 2625/6092/169 2634/6093/169 2636/6094/169
f 2629/6095/170 2625/6096/170 2632/6097/170
f 2635/6098/171 2634/6099/171 2626/6100/171
f 2637/6101/154 2638/6102/154 2639/6103/154
f 2637/6104/155 2640/6105/155 2641/6106/155
f 2642/6107/156 2640/6108/156 2643/6109/156
f 2642/6107/158 2644/6110/158 2645/6111/158
f 2646/6112/159 2644/6113/159 2647/6114/159
f 2646/6115/160 2638/6102/160 2648/6116/160
f 2643/6117/161 2637/6118/161 2639/6119/161
f 2644/6120/162 2648/6121/162 2641/6122/162
f 2649/6123/163 2650/6124/163 2651/6125/163
f 2652/6126/165 2650/6124/165 2653/6127/165
f 2652/6128/166 2654/6129/166 2655/6130/166
f 2656/6131/167 2654/6129/167 2657/6132/167
f 2656/6133/168 2658/6134/168 2659/6135/168
f 2649/6136/169 2658/6137/169 2660/6138/169
f 2653/6139/170 2649/6140/170 2656/6141/170
f 2654/6142/171 2659/6143/171 2658/6144/171
f 2661/6145/154 2662/6146/154 2663/6147/154
f 2661/6148/155 2664/6149/155 2665/6150/155
f 2666/6151/156 2664/6152/156 2667/6153/156
f 2666/6151/158 2668/6154/158 2669/6155/158
f 2670/6156/159 2668/6157/159 2671/6158/159
f 2670/6159/160 2662/6146/160 2672/6160/160
f 2667/6161/161 2661/6162/161 2663/6163/161
f 2669/6164/162 2668/6165/162 2672/6166/162
f 2673/6167/163 2674/6168/163 2675/6169/163
f 2676/6170/165 2674/6168/165 2677/6171/165
f 2676/6172/166 2678/6173/166 2679/6174/166
f 2680/6175/167 2678/6173/167 2681/6176/167
f 2680/6177/168 2682/6178/168 2683/6179/168
f 2673/6180/169 2682/6181/169 2684/6182/169
f 2676/6183/170 2677/6184/170 2673/6185/170
f 2678/6186/171 2683/6187/174 2682/6188/171
f 2685/6189/154 2686/6190/154 2687/6191/154
f 2685/6192/155 2688/6193/155 2689/6194/155
f 2690/6195/156 2688/6196/156 2691/6197/156
f 2690/6195/158 2692/6198/158 2693/6199/158
f 2694/6200/159 2692/6201/159 2695/6202/159
f 2694/6203/160 2686/6190/160 2696/6204/160
f 2685/6205/161 2687/6206/161 2695/6207/161
f 2689/6208/162 2693/6209/162 2696/6210/162
f 2697/6211/163 2698/6212/163 2699/6213/163
f 2700/6214/165 2698/6212/165 2701/6215/165
f 2700/6216/166 2702/6217/166 2703/6218/166
f 2704/6219/167 2702/6217/167 2705/6220/167
f 2704/6221/168 2706/6222/168 2707/6223/168
f 2697/6224/169 2706/6225/169 2708/6226/169
f 2701/6227/170 2697/6228/170 2704/6229/170
f 2698/6230/171 2702/6231/171 2706/6232/171
f 2709/6233/154 2710/6234/154 2711/6235/154
f 2709/6236/155 2712/6237/155 2713/6238/155
f 2714/6239/156 2712/6240/156 2715/6241/156
f 2714/6239/158 2716/6242/158 2717/6243/158
f 2718/6244/159 2716/6245/159 2719/6246/159
f 2718/6247/160 2710/6234/160 2720/6248/160
f 2715/6249/161 2709/6250/161 2711/6251/161
f 2717/6252/162 2716/6253/162 2720/6254/162
f 2721/6255/163 2722/6256/163 2723/6257/163
f 2724/6258/165 2722/6256/165 2725/6259/165
f 2724/6260/166 2726/6261/166 2727/6262/166
f 2728/6263/167 2726/6261/167 2729/6264/167
f 2728/6265/168 2730/6266/168 2731/6267/168
f 2721/6268/169 2730/6269/169 2732/6270/169
f 2724/6271/170 2725/6272/170 2721/6273/170
f 2722/6274/171 2726/6275/171 2730/6276/171
f 2733/6277/154 2734/6278/154 2735/6279/154
f 2736/6280/155 2737/6281/155 2733/6282/155
f 2736/6283/156 2738/6284/156 2739/6285/156
f 2740/6286/158 2741/6287/158 2738/6284/158
f 2742/6288/159 2743/6289/159 2741/6290/159
f 2735/6279/160 2743/6291/160 2744/6292/160
f 2736/6293/161 2733/6294/161 2735/6295/161
f 2738/6296/162 2741/6297/162 2743/6298/162
f 2745/6299/163 2746/6300/163 2747/6301/163
f 2745/6299/165 2748/6302/165 2749/6303/165
f 2750/6304/166 2751/6305/166 2748/6306/166
f 2752/6307/167 2753/6308/167 2751/6305/167
f 2754/6309/168 2753/6310/168 2755/6311/168
f 2747/6312/169 2756/6313/169 2754/6314/169
f 2750/6315/170 2745/6316/170 2747/6317/170
f 2751/6318/171 2753/6319/171 2756/6320/171
f 1/1/1 5/6321/1 2/2/1
f 4/4/2 7/6322/2 5/5/2
f 6/7/3 9/11/3 7/8/3
f 8/10/4 11/6323/4 9/11/4
f 10/12/5 12/6324/5 11/13/5
f 3/3/6 2/2/6 12/15/6
f 3/19/7 10/6325/7 4/17/7
f 10/6325/7 8/6326/7 4/17/7
f 8/6326/7 6/6327/7 4/17/7
f 12/21/8 2/6328/8 5/22/8
f 5/22/8 7/6329/8 9/6330/8
f 9/6330/8 11/20/8 5/22/8
f 13/23/1 17/6331/1 14/24/1
f 16/26/2 19/6332/2 17/27/2
f 18/29/3 21/33/3 19/30/3
f 20/32/4 23/6333/4 21/33/4
f 22/34/5 24/6334/5 23/35/5
f 15/25/6 14/24/6 24/37/6
f 15/41/7 22/6335/7 16/39/7
f 22/6335/7 20/6336/7 16/39/7
f 20/6336/7 18/6337/7 16/39/7
f 24/43/8 14/6338/8 17/44/8
f 17/44/8 19/6339/8 21/6340/8
f 21/6340/8 23/42/8 17/44/8
f 25/45/1 29/6341/1 26/46/1
f 28/48/2 31/6342/2 29/49/2
f 30/51/3 33/55/3 31/52/3
f 32/54/4 35/6343/4 33/55/4
f 34/56/5 36/6344/5 35/57/5
f 27/47/6 26/46/6 36/59/6
f 27/63/7 34/6345/7 28/61/7
f 34/6345/7 32/6346/7 28/61/7
f 32/6346/7 30/6347/7 28/61/7
f 36/65/8 26/6348/8 29/66/8
f 29/66/8 31/6349/8 33/6350/8
f 33/6350/8 35/64/8 29/66/8
f 37/67/9 41/6351/9 38/68/9
f 37/70/2 43/6352/2 40/71/2
f 42/73/10 45/77/10 40/74/10
f 42/73/11 47/6353/11 44/76/11
f 46/78/5 48/6354/5 44/79/5
f 46/81/12 39/69/12 38/68/12
f 39/85/13 46/6355/13 47/83/13
f 47/83/13 42/6356/13 43/84/13
f 43/84/13 37/6357/13 39/85/13
f 48/88/14 38/6358/14 45/86/14
f 38/6358/14 41/6359/14 45/86/14
f 41/6359/14 40/6360/14 45/86/14
f 49/89/1 53/6361/1 50/90/1
f 52/92/2 55/6362/2 53/93/2
f 54/95/3 57/99/3 55/96/3
f 56/98/4 59/6363/4 57/99/4
f 58/100/5 60/6364/5 59/101/5
f 51/91/6 50/90/6 60/103/6
f 51/107/7 58/6365/7 52/105/7
f 58/6365/7 56/6366/7 52/105/7
f 56/6366/7 54/6367/7 52/105/7
f 60/109/8 50/6368/8 53/110/8
f 53/110/8 55/6369/8 57/6370/8
f 57/6370/8 59/108/8 53/110/8
f 61/111/15 65/6371/15 62/112/15
f 64/114/2 67/6372/2 62/115/2
f 64/117/16 69/121/16 66/118/16
f 68/120/17 71/6373/17 66/118/17
f 68/122/5 72/6374/5 70/123/5
f 61/111/18 63/113/18 70/125/18
f 61/129/19 72/6375/19 68/6376/19
f 68/6376/19 69/6377/19 61/129/19
f 69/6377/19 64/127/19 61/129/19
f 70/132/20 63/6378/20 66/130/20
f 63/6378/20 62/6379/20 66/130/20
f 62/6379/20 67/6380/20 66/130/20
f 73/133/1 77/6381/1 74/134/1
f 76/136/2 79/6382/2 77/137/2
f 78/139/3 81/143/3 79/140/3
f 80/142/4 83/6383/4 81/143/4
f 82/144/5 84/6384/5 83/145/5
f 75/135/6 74/134/6 84/147/6
f 75/151/7 82/6385/7 76/149/7
f 82/6385/7 80/6386/7 76/149/7
f 80/6386/7 78/6387/7 76/149/7
f 84/153/8 74/6388/8 77/154/8
f 77/154/8 79/6389/8 81/6390/8
f 81/6390/8 83/152/8 77/154/8
f 85/155/21 89/6391/21 86/156/21
f 88/158/22 91/6392/22 86/159/22
f 90/161/23 93/165/23 91/162/23
f 92/164/24 95/6393/24 93/165/24
f 94/166/25 96/6394/25 95/167/25
f 94/169/26 85/155/26 87/157/26
f 85/173/27 94/6395/27 88/171/27
f 94/6395/27 92/6396/27 88/171/27
f 92/6396/27 90/6397/27 88/171/27
f 96/176/28 87/6398/28 86/6399/28
f 86/6399/28 91/6400/28 96/176/28
f 91/6400/28 93/174/28 96/176/28
f 97/177/1 101/6401/1 98/178/1
f 100/180/2 103/6402/2 101/181/2
f 102/183/3 105/187/3 103/184/3
f 104/186/4 107/6403/4 105/187/4
f 106/188/5 108/6404/5 107/189/5
f 99/179/6 98/178/6 108/191/6
f 99/195/7 106/6405/7 100/193/7
f 106/6405/7 104/6406/7 100/193/7
f 104/6406/7 102/6407/7 100/193/7
f 108/197/8 98/6408/8 101/198/8
f 101/198/8 103/6409/8 105/6410/8
f 105/6410/8 107/196/8 101/198/8
f 109/199/29 113/6411/29 110/200/29
f 112/202/30 115/6412/30 110/203/30
f 114/205/31 117/209/31 115/206/31
f 116/208/32 119/6413/32 117/209/32
f 118/210/33 120/6414/33 119/211/33
f 118/213/34 109/199/34 111/201/34
f 109/217/35 118/6415/35 112/215/35
f 118/6415/35 116/6416/35 112/215/35
f 116/6416/35 114/6417/35 112/215/35
f 120/219/36 111/6418/36 110/220/36
f 110/220/36 115/6419/36 117/6420/36
f 117/6420/36 119/218/36 110/220/36
f 121/221/1 125/6421/1 122/222/1
f 124/224/2 127/6422/2 125/225/2
f 126/227/3 129/231/3 127/228/3
f 128/230/4 131/6423/4 129/231/4
f 130/232/5 132/6424/5 131/233/5
f 123/223/6 122/222/6 132/235/6
f 123/239/7 130/6425/7 124/237/7
f 130/6425/7 128/6426/7 124/237/7
f 128/6426/7 126/6427/7 124/237/7
f 132/241/8 122/6428/8 125/242/8
f 125/242/8 127/6429/8 129/6430/8
f 129/6430/8 131/240/8 125/242/8
f 133/243/37 137/6431/37 134/244/37
f 136/246/38 139/6432/38 137/247/38
f 138/249/39 141/253/39 139/250/39
f 140/252/40 143/6433/40 141/253/40
f 142/254/41 144/6434/41 143/255/41
f 135/245/42 134/244/42 144/257/42
f 135/261/43 142/6435/43 136/259/43
f 142/6435/43 140/6436/43 136/259/43
f 140/6436/43 138/6437/43 136/259/43
f 144/263/44 134/6438/44 137/264/44
f 137/264/44 139/6439/44 141/6440/44
f 141/6440/44 143/262/44 137/264/44
f 145/265/1 149/6441/1 146/266/1
f 148/268/2 151/6442/2 149/269/2
f 150/271/3 153/275/3 151/272/3
f 152/274/4 155/6443/4 153/275/4
f 154/276/5 156/6444/5 155/277/5
f 147/267/6 146/266/6 156/279/6
f 147/283/7 154/6445/7 148/281/7
f 154/6445/7 152/6446/7 148/281/7
f 152/6446/7 150/6447/7 148/281/7
f 156/285/8 146/6448/8 149/286/8
f 149/286/8 151/6449/8 153/6450/8
f 153/6450/8 155/284/8 149/286/8
f 157/287/45 161/6451/45 158/288/45
f 160/290/46 163/6452/46 161/291/46
f 162/293/47 165/297/47 163/294/47
f 164/296/48 167/6453/48 165/297/48
f 166/298/49 168/6454/49 167/299/49
f 159/289/50 158/288/50 168/301/50
f 159/305/51 166/6455/51 160/303/51
f 166/6455/51 164/6456/51 160/303/51
f 164/6456/51 162/6457/51 160/303/51
f 168/307/52 158/6458/52 161/308/52
f 161/308/52 163/6459/52 165/6460/52
f 165/6460/52 167/306/52 161/308/52
f 169/309/1 173/6461/1 170/310/1
f 172/312/2 175/6462/2 173/313/2
f 174/315/3 177/319/3 175/316/3
f 176/318/4 179/6463/4 177/319/4
f 178/320/5 180/6464/5 179/321/5
f 171/311/6 170/310/6 180/323/6
f 171/327/7 178/6465/7 172/325/7
f 178/6465/7 176/6466/7 172/325/7
f 176/6466/7 174/6467/7 172/325/7
f 180/329/8 170/6468/8 173/330/8
f 173/330/8 175/6469/8 177/6470/8
f 177/6470/8 179/328/8 173/330/8
f 181/331/53 184/334/53 182/332/53
f 184/334/2 186/6471/2 185/335/2
f 186/336/54 189/340/54 187/337/54
f 188/339/55 191/6472/55 187/337/55
f 190/341/5 192/6473/5 191/342/5
f 181/344/56 183/6474/56 192/345/56
f 181/348/57 190/6475/57 188/349/57
f 188/349/57 189/6476/57 186/6477/57
f 186/6477/57 184/347/57 188/349/57
f 192/351/58 183/6478/58 182/352/58
f 182/352/58 185/6479/58 187/6480/58
f 187/6480/58 191/350/58 182/352/58
f 193/353/1 197/6481/1 194/354/1
f 196/356/2 199/6482/2 197/357/2
f 198/359/3 201/363/3 199/360/3
f 200/362/4 203/6483/4 201/363/4
f 202/364/5 204/6484/5 203/365/5
f 195/355/6 194/354/6 204/367/6
f 195/371/7 202/6485/7 196/369/7
f 202/6485/7 200/6486/7 196/369/7
f 200/6486/7 198/6487/7 196/369/7
f 204/373/8 194/6488/8 197/374/8
f 197/374/8 199/6489/8 201/6490/8
f 201/6490/8 203/372/8 197/374/8
f 205/375/59 209/6491/59 206/376/59
f 208/378/2 211/6492/2 209/379/2
f 210/381/60 213/385/60 211/382/60
f 210/381/61 214/6493/61 212/384/61
f 214/386/5 216/6494/5 215/387/5
f 216/389/62 207/377/62 206/376/62
f 207/393/63 216/6495/63 208/391/63
f 216/6495/63 214/6496/63 208/391/63
f 214/6496/63 210/6497/63 208/391/63
f 215/395/64 206/6498/64 209/396/64
f 209/396/64 211/6499/64 213/6500/64
f 213/6500/64 212/394/64 209/396/64
f 217/397/65 221/6501/65 218/398/65
f 220/400/66 222/6502/66 221/401/66
f 219/403/67 218/6503/67 222/404/67
f 223/412/65 227/6504/65 224/413/65
f 226/415/66 228/6505/66 227/416/66
f 225/418/67 224/6506/67 228/419/67
f 229/427/65 233/6507/65 230/428/65
f 232/430/66 234/6508/66 233/431/66
f 231/433/67 230/6509/67 234/434/67
f 235/442/65 239/6510/65 236/443/65
f 238/445/66 240/6511/66 239/446/66
f 237/448/67 236/6512/67 240/449/67
f 241/457/65 245/6513/65 242/458/65
f 244/460/66 246/6514/66 245/461/66
f 243/463/67 242/6515/67 246/464/67
f 247/472/65 251/6516/65 248/473/65
f 250/475/66 252/6517/66 251/476/66
f 249/478/67 248/6518/67 252/479/67
f 253/487/65 257/6519/65 254/488/65
f 256/490/66 258/6520/66 257/491/66
f 255/493/67 254/6521/67 258/494/67
f 259/502/65 263/6522/65 260/503/65
f 262/505/66 264/6523/66 263/506/66
f 261/508/67 260/6524/67 264/509/67
f 265/517/65 269/6525/65 266/518/65
f 268/520/66 270/6526/66 269/521/66
f 267/523/67 266/6527/67 270/524/67
f 271/532/65 275/6528/65 272/533/65
f 274/535/66 276/6529/66 275/536/66
f 273/538/67 272/6530/67 276/539/67
f 277/547/65 281/6531/65 278/548/65
f 280/550/66 282/6532/66 281/551/66
f 279/553/67 278/6533/67 282/554/67
f 283/562/65 287/6534/65 284/563/65
f 286/565/66 288/6535/66 287/566/66
f 285/568/67 284/6536/67 288/569/67
f 289/577/65 293/6537/65 290/578/65
f 292/580/66 294/6538/66 293/581/66
f 291/583/67 290/6539/67 294/584/67
f 295/592/65 299/6540/65 296/593/65
f 298/595/66 300/6541/66 299/596/66
f 297/598/67 296/6542/67 300/599/67
f 301/607/65 305/6543/65 302/608/65
f 304/610/66 306/6544/66 305/611/66
f 303/613/67 302/6545/67 306/614/67
f 307/622/65 311/6546/65 308/623/65
f 310/625/66 312/6547/66 311/626/66
f 309/628/67 308/6548/67 312/629/67
f 313/637/65 317/6549/65 314/638/65
f 316/640/66 318/6550/66 317/641/66
f 315/643/67 314/6551/67 318/644/67
f 319/652/65 323/6552/65 320/653/65
f 322/655/66 324/6553/66 323/656/66
f 321/658/67 320/6554/67 324/659/67
f 325/667/65 329/6555/65 326/668/65
f 328/670/66 330/6556/66 329/671/66
f 327/673/67 326/6557/67 330/674/67
f 331/682/65 335/6558/65 332/683/65
f 334/685/66 336/6559/66 335/686/66
f 333/688/67 332/6560/67 336/689/67
f 337/697/65 341/6561/65 338/698/65
f 340/700/66 342/6562/66 341/701/66
f 339/703/67 338/6563/67 342/704/67
f 343/712/65 347/6564/65 344/713/65
f 346/715/66 348/6565/66 347/716/66
f 345/718/67 344/6566/67 348/719/67
f 349/727/65 353/6567/65 350/728/65
f 352/730/66 354/6568/66 353/731/66
f 351/733/67 350/6569/67 354/734/67
f 355/742/65 359/6570/65 356/743/65
f 358/745/66 360/6571/66 359/746/66
f 357/748/67 356/6572/67 360/749/67
f 361/757/65 365/6573/65 362/758/65
f 364/760/66 366/6574/66 365/761/66
f 363/763/67 362/6575/67 366/764/67
f 367/772/65 371/6576/65 368/773/65
f 370/775/66 372/6577/66 371/776/66
f 369/778/67 368/6578/67 372/779/67
f 373/787/65 377/6579/65 374/788/65
f 376/790/66 378/6580/66 377/791/66
f 375/793/67 374/6581/67 378/794/67
f 379/802/65 383/6582/65 380/803/65
f 382/805/66 384/6583/66 383/806/66
f 381/808/67 380/6584/67 384/809/67
f 385/817/65 389/6585/65 386/818/65
f 388/820/66 390/6586/66 389/821/66
f 387/823/67 386/6587/67 390/824/67
f 391/832/65 395/6588/65 392/833/65
f 394/835/66 396/6589/66 395/836/66
f 393/838/67 392/6590/67 396/839/67
f 397/847/65 401/6591/65 398/848/65
f 400/850/66 402/6592/66 401/851/66
f 399/853/67 398/6593/67 402/854/67
f 403/862/65 407/6594/65 404/863/65
f 406/865/66 408/6595/66 407/866/66
f 405/868/67 404/6596/67 408/869/67
f 409/877/65 413/6597/65 410/878/65
f 412/880/66 414/6598/66 413/881/66
f 411/883/67 410/6599/67 414/884/67
f 415/892/65 419/6600/65 416/893/65
f 418/895/66 420/6601/66 419/896/66
f 417/898/67 416/6602/67 420/899/67
f 421/907/65 425/6603/65 422/908/65
f 424/910/66 426/6604/66 425/911/66
f 423/913/67 422/6605/67 426/914/67
f 427/922/65 431/6606/65 428/923/65
f 430/925/66 432/6607/66 431/926/66
f 429/928/67 428/6608/67 432/929/67
f 433/937/65 437/6609/65 434/938/65
f 436/940/66 438/6610/66 437/941/66
f 435/943/67 434/6611/67 438/944/67
f 439/952/65 443/6612/65 440/953/65
f 442/955/66 444/6613/66 443/956/66
f 441/958/67 440/6614/67 444/959/67
f 445/967/65 449/6615/65 446/968/65
f 448/970/66 450/6616/66 449/971/66
f 447/973/67 446/6617/67 450/974/67
f 451/982/65 455/6618/65 452/983/65
f 454/985/66 456/6619/66 455/986/66
f 453/988/67 452/6620/67 456/989/67
f 457/997/65 461/6621/65 458/998/65
f 460/1000/66 462/6622/66 461/1001/66
f 459/1003/67 458/6623/67 462/1004/67
f 463/1012/65 467/6624/65 464/1013/65
f 466/1015/66 468/6625/66 467/1016/66
f 465/1018/67 464/6626/67 468/1019/67
f 469/1027/65 473/6627/65 470/1028/65
f 472/1030/66 474/6628/66 473/1031/66
f 471/1033/67 470/6629/67 474/1034/67
f 475/1042/65 479/6630/65 476/1043/65
f 478/1045/66 480/6631/66 479/1046/66
f 477/1048/67 476/6632/67 480/1049/67
f 481/1057/65 485/6633/65 482/1058/65
f 484/1060/66 486/6634/66 485/1061/66
f 483/1063/67 482/6635/67 486/1064/67
f 487/1072/65 491/6636/65 488/1073/65
f 490/1075/66 492/6637/66 491/1076/66
f 489/1078/67 488/6638/67 492/1079/67
f 493/1087/65 497/6639/65 494/1088/65
f 496/1090/66 498/6640/66 497/1091/66
f 495/1093/67 494/6641/67 498/1094/67
f 499/1102/65 503/6642/65 500/1103/65
f 502/1105/66 504/6643/66 503/1106/66
f 501/1108/67 500/6644/67 504/1109/67
f 505/1117/65 509/6645/65 506/1118/65
f 508/1120/66 510/6646/66 509/1121/66
f 507/1123/67 506/6647/67 510/1124/67
f 511/1132/65 515/6648/65 512/1133/65
f 514/1135/66 516/6649/66 515/1136/66
f 513/1138/67 512/6650/67 516/1139/67
f 517/1147/65 521/6651/65 518/1148/65
f 520/1150/66 522/6652/66 521/1151/66
f 519/1153/67 518/6653/67 522/1154/67
f 523/1162/65 527/6654/65 524/1163/65
f 526/1165/66 528/6655/66 527/1166/66
f 525/1168/67 524/6656/67 528/1169/67
f 529/1177/65 533/6657/65 530/1178/65
f 532/1180/66 534/6658/66 533/1181/66
f 531/1183/67 530/6659/67 534/1184/67
f 535/1192/65 539/6660/65 536/1193/65
f 538/1195/66 540/6661/66 539/1196/66
f 537/1198/67 536/6662/67 540/1199/67
f 541/1207/65 545/6663/65 542/1208/65
f 544/1210/66 546/6664/66 545/1211/66
f 543/1213/67 542/6665/67 546/1214/67
f 547/1222/65 551/6666/65 548/1223/65
f 550/1225/66 552/6667/66 551/1226/66
f 549/1228/67 548/6668/67 552/1229/67
f 553/1237/65 557/6669/65 554/1238/65
f 556/1240/66 558/6670/66 557/1241/66
f 555/1243/67 554/6671/67 558/1244/67
f 559/1252/65 563/6672/65 560/1253/65
f 562/1255/66 564/6673/66 563/1256/66
f 561/1258/67 560/6674/67 564/1259/67
f 565/1267/65 569/6675/65 566/1268/65
f 568/1270/66 570/6676/66 569/1271/66
f 567/1273/67 566/6677/67 570/1274/67
f 571/1282/65 575/6678/65 572/1283/65
f 574/1285/66 576/6679/66 575/1286/66
f 573/1288/67 572/6680/67 576/1289/67
f 577/1297/65 581/6681/65 578/1298/65
f 580/1300/66 582/6682/66 581/1301/66
f 579/1303/67 578/6683/67 582/1304/67
f 583/1312/65 587/6684/65 584/1313/65
f 586/1315/66 588/6685/66 587/1316/66
f 585/1318/67 584/6686/67 588/1319/67
f 589/1327/65 593/6687/65 590/1328/65
f 592/1330/66 594/6688/66 593/1331/66
f 591/1333/67 590/6689/67 594/1334/67
f 595/1342/65 599/6690/65 596/1343/65
f 598/1345/66 600/6691/66 599/1346/66
f 597/1348/67 596/6692/67 600/1349/67
f 601/1357/65 605/6693/65 602/1358/65
f 604/1360/66 606/6694/66 605/1361/66
f 603/1363/67 602/6695/67 606/1364/67
f 607/1372/65 611/6696/65 608/1373/65
f 610/1375/66 612/6697/66 611/1376/66
f 609/1378/67 608/6698/67 612/1379/67
f 613/1387/65 617/6699/65 614/1388/65
f 616/1390/66 618/6700/66 617/1391/66
f 615/1393/67 614/6701/67 618/1394/67
f 619/1402/65 623/6702/65 620/1403/65
f 622/1405/66 624/6703/66 623/1406/66
f 621/1408/67 620/6704/67 624/1409/67
f 625/1417/65 629/6705/65 626/1418/65
f 628/1420/66 630/6706/66 629/1421/66
f 627/1423/67 626/6707/67 630/1424/67
f 631/1432/65 635/6708/65 632/1433/65
f 634/1435/66 636/6709/66 635/1436/66
f 633/1438/67 632/6710/67 636/1439/67
f 637/1447/65 641/6711/65 638/1448/65
f 640/1450/66 642/6712/66 641/1451/66
f 639/1453/67 638/6713/67 642/1454/67
f 643/1462/65 647/6714/65 644/1463/65
f 646/1465/66 648/6715/66 647/1466/66
f 645/1468/67 644/6716/67 648/1469/67
f 649/1477/65 653/6717/65 650/1478/65
f 652/1480/66 654/6718/66 653/1481/66
f 651/1483/67 650/6719/67 654/1484/67
f 655/1492/65 659/6720/65 656/1493/65
f 658/1495/66 660/6721/66 659/1496/66
f 657/1498/67 656/6722/67 660/1499/67
f 661/1507/65 665/6723/65 662/1508/65
f 664/1510/66 666/6724/66 665/1511/66
f 663/1513/67 662/6725/67 666/1514/67
f 667/1522/65 671/6726/65 668/1523/65
f 670/1525/66 672/6727/66 671/1526/66
f 669/1528/67 668/6728/67 672/1529/67
f 673/1537/65 677/6729/65 674/1538/65
f 676/1540/66 678/6730/66 677/1541/66
f 675/1543/67 674/6731/67 678/1544/67
f 679/1552/65 683/6732/65 680/1553/65
f 682/1555/66 684/6733/66 683/1556/66
f 681/1558/67 680/6734/67 684/1559/67
f 685/1567/65 689/6735/65 686/1568/65
f 688/1570/66 690/6736/66 689/1571/66
f 687/1573/67 686/6737/67 690/1574/67
f 691/1582/65 695/6738/65 692/1583/65
f 694/1585/66 696/6739/66 695/1586/66
f 693/1588/67 692/6740/67 696/1589/67
f 697/1597/65 701/6741/65 698/1598/65
f 700/1600/66 702/6742/66 701/1601/66
f 699/1603/67 698/6743/67 702/1604/67
f 703/1612/65 707/6744/65 704/1613/65
f 706/1615/66 708/6745/66 707/1616/66
f 705/1618/67 704/6746/67 708/1619/67
f 709/1627/65 713/6747/65 710/1628/65
f 712/1630/66 714/6748/66 713/1631/66
f 711/1633/67 710/6749/67 714/1634/67
f 715/1642/65 719/6750/65 716/1643/65
f 718/1645/66 720/6751/66 719/1646/66
f 717/1648/67 716/6752/67 720/1649/67
f 721/1657/65 725/6753/65 722/1658/65
f 724/1660/66 726/6754/66 725/1661/66
f 723/1663/67 722/6755/67 726/1664/67
f 727/1672/65 731/6756/65 728/1673/65
f 730/1675/66 732/6757/66 731/1676/66
f 729/1678/67 728/6758/67 732/1679/67
f 733/1687/68 737/6759/65 734/1688/65
f 736/1690/66 738/6760/66 737/1691/66
f 735/1693/67 734/6761/67 738/1694/67
f 739/1702/68 743/6762/65 740/1703/65
f 742/1705/66 744/6763/66 743/1706/66
f 741/1708/67 740/6764/67 744/1709/67
f 745/1717/65 749/6765/65 746/1718/65
f 748/1720/66 750/6766/66 749/1721/66
f 747/1723/69 746/6767/67 750/1724/67
f 751/1732/68 755/6768/65 752/1733/65
f 754/1735/66 756/6769/66 755/1736/66
f 753/1738/67 752/6770/67 756/1739/67
f 757/1747/65 761/6771/65 758/1748/65
f 760/1750/66 762/6772/66 761/1751/66
f 759/1753/69 758/6773/67 762/1754/67
f 763/1762/65 767/6774/65 764/1763/65
f 766/1765/66 768/6775/66 767/1766/66
f 765/1768/69 764/6776/67 768/1769/67
f 769/1777/65 773/6777/68 770/1778/68
f 772/1780/66 774/6778/66 773/1781/66
f 771/1783/67 770/6779/67 774/1784/67
f 775/1792/65 779/6780/65 776/1793/65
f 778/1795/66 780/6781/66 779/1796/66
f 777/1798/67 776/6782/69 780/1799/69
f 781/1807/65 785/6783/65 782/1808/65
f 784/1810/66 786/6784/66 785/1811/66
f 783/1813/67 782/6785/69 786/1814/69
f 787/1822/65 791/6786/68 788/1823/68
f 790/1825/66 792/6787/66 791/1826/66
f 789/1828/67 788/6788/67 792/1829/67
f 793/1837/65 797/6789/65 794/1838/65
f 796/1840/66 798/6790/66 797/1841/66
f 795/1843/67 794/6791/69 798/1844/69
f 799/1852/65 803/6792/65 800/1853/65
f 802/1855/66 804/6793/66 803/1856/66
f 801/1858/67 800/6794/67 804/1859/67
f 805/1867/65 809/6795/65 806/1868/65
f 808/1870/66 810/6796/66 809/1871/66
f 807/1873/67 806/6797/67 810/1874/67
f 811/1882/68 815/6798/65 812/1883/65
f 814/1885/66 816/6799/66 815/1886/66
f 813/1888/67 812/6800/67 816/1889/67
f 817/1897/70 821/6801/70 818/1898/70
f 820/1900/66 822/6802/66 821/1901/66
f 819/1903/71 818/6803/71 822/1904/71
f 823/1912/70 827/6804/70 824/1913/70
f 826/1915/66 828/6805/66 827/1916/66
f 825/1918/71 824/6806/71 828/1919/71
f 829/1927/70 833/6807/70 830/1928/70
f 832/1930/66 834/6808/66 833/1931/66
f 831/1933/71 830/6809/71 834/1934/71
f 835/1942/65 839/6810/65 836/1943/65
f 838/1945/66 840/6811/66 839/1946/66
f 837/1948/67 836/6812/67 840/1949/67
f 841/1957/65 845/6813/65 842/1958/65
f 844/1960/66 846/6814/66 845/1961/66
f 843/1963/67 842/6815/67 846/1964/67
f 847/1972/65 851/6816/65 848/1973/65
f 850/1975/66 852/6817/66 851/1976/66
f 849/1978/67 848/6818/67 852/1979/67
f 853/1987/65 857/6819/65 854/1988/65
f 856/1990/66 858/6820/66 857/1991/66
f 855/1993/67 854/6821/67 858/1994/67
f 859/2002/65 863/6822/65 860/2003/65
f 862/2005/66 864/6823/66 863/2006/66
f 861/2008/67 860/6824/67 864/2009/67
f 865/2017/65 869/6825/65 866/2018/65
f 868/2020/66 870/6826/66 869/2021/66
f 867/2023/67 866/6827/67 870/2024/67
f 871/2032/65 875/6828/65 872/2033/65
f 874/2035/66 876/6829/66 875/2036/66
f 873/2038/67 872/6830/67 876/2039/67
f 877/2047/65 881/6831/65 878/2048/65
f 880/2050/66 882/6832/66 881/2051/66
f 879/2053/67 878/6833/67 882/2054/67
f 883/2062/65 887/6834/65 884/2063/65
f 886/2065/66 888/6835/66 887/2066/66
f 885/2068/67 884/6836/67 888/2069/67
f 889/2077/65 893/6837/65 890/2078/65
f 892/2080/66 894/6838/66 893/2081/66
f 891/2083/67 890/6839/67 894/2084/67
f 895/2092/65 899/6840/65 896/2093/65
f 898/2095/66 900/6841/66 899/2096/66
f 897/2098/67 896/6842/67 900/2099/67
f 901/2107/65 905/6843/65 902/2108/65
f 904/2110/66 906/6844/66 905/2111/66
f 903/2113/67 902/6845/67 906/2114/67
f 907/2122/65 911/6846/65 908/2123/65
f 910/2125/66 912/6847/66 911/2126/66
f 909/2128/67 908/6848/67 912/2129/67
f 913/2137/65 917/6849/65 914/2138/65
f 916/2140/66 918/6850/66 917/2141/66
f 915/2143/67 914/6851/67 918/2144/67
f 919/2152/65 923/6852/65 920/2153/65
f 922/2155/66 924/6853/66 923/2156/66
f 921/2158/67 920/6854/67 924/2159/67
f 925/2167/65 929/6855/65 926/2168/65
f 928/2170/66 930/6856/66 929/2171/66
f 927/2173/67 926/6857/67 930/2174/67
f 931/2182/65 935/6858/65 932/2183/65
f 934/2185/66 936/6859/66 935/2186/66
f 933/2188/67 932/6860/67 936/2189/67
f 937/2197/65 941/6861/65 938/2198/65
f 940/2200/66 942/6862/66 941/2201/66
f 939/2203/67 938/6863/67 942/2204/67
f 943/2212/65 947/6864/65 944/2213/65
f 946/2215/66 948/6865/66 947/2216/66
f 945/2218/67 944/6866/67 948/2219/67
f 949/2227/65 953/6867/65 950/2228/65
f 952/2230/66 954/6868/66 953/2231/66
f 951/2233/67 950/6869/67 954/2234/67
f 955/2242/65 959/6870/65 956/2243/65
f 958/2245/66 960/6871/66 959/2246/66
f 957/2248/67 956/6872/67 960/2249/67
f 961/2257/65 965/6873/65 962/2258/65
f 964/2260/66 966/6874/66 965/2261/66
f 963/2263/67 962/6875/67 966/2264/67
f 967/2272/65 971/6876/65 968/2273/65
f 970/2275/66 972/6877/66 971/2276/66
f 969/2278/67 968/6878/67 972/2279/67
f 973/2287/65 977/6879/65 974/2288/65
f 976/2290/66 978/6880/66 977/2291/66
f 975/2293/67 974/6881/67 978/2294/67
f 979/2302/65 983/6882/65 980/2303/65
f 982/2305/66 984/6883/66 983/2306/66
f 981/2308/67 980/6884/67 984/2309/67
f 985/2317/65 989/6885/65 986/2318/65
f 988/2320/66 990/6886/66 989/2321/66
f 987/2323/67 986/6887/67 990/2324/67
f 991/2332/65 995/6888/65 992/2333/65
f 994/2335/66 996/6889/66 995/2336/66
f 993/2338/67 992/6890/67 996/2339/67
f 997/2347/65 1001/6891/65 998/2348/65
f 1000/2350/66 1002/6892/66 1001/2351/66
f 999/2353/67 998/6893/67 1002/2354/67
f 1003/2362/65 1007/6894/65 1004/2363/65
f 1006/2365/66 1008/6895/66 1007/2366/66
f 1005/2368/67 1004/6896/67 1008/2369/67
f 1009/2377/65 1013/6897/65 1010/2378/65
f 1012/2380/66 1014/6898/66 1013/2381/66
f 1011/2383/67 1010/6899/67 1014/2384/67
f 1015/2392/65 1019/6900/65 1016/2393/65
f 1018/2395/66 1020/6901/66 1019/2396/66
f 1017/2398/67 1016/6902/67 1020/2399/67
f 1021/2407/65 1025/6903/65 1022/2408/65
f 1024/2410/66 1026/6904/66 1025/2411/66
f 1023/2413/67 1022/6905/67 1026/2414/67
f 1027/2422/65 1031/6906/65 1028/2423/65
f 1030/2425/66 1032/6907/66 1031/2426/66
f 1029/2428/67 1028/6908/67 1032/2429/67
f 1033/2437/65 1037/6909/65 1034/2438/65
f 1036/2440/66 1038/6910/66 1037/2441/66
f 1035/2443/67 1034/6911/67 1038/2444/67
f 1039/2452/65 1043/6912/65 1040/2453/65
f 1042/2455/66 1044/6913/66 1043/2456/66
f 1041/2458/67 1040/6914/67 1044/2459/67
f 1045/2467/65 1049/6915/65 1046/2468/65
f 1048/2470/66 1050/6916/66 1049/2471/66
f 1047/2473/67 1046/6917/67 1050/2474/67
f 1051/2482/65 1055/6918/65 1052/2483/65
f 1054/2485/66 1056/6919/66 1055/2486/66
f 1053/2488/67 1052/6920/67 1056/2489/67
f 1057/2497/65 1061/6921/65 1058/2498/65
f 1060/2500/66 1062/6922/66 1061/2501/66
f 1059/2503/67 1058/6923/67 1062/2504/67
f 1063/2512/65 1067/6924/65 1064/2513/65
f 1066/2515/66 1068/6925/66 1067/2516/66
f 1065/2518/67 1064/6926/67 1068/2519/67
f 1069/2527/65 1073/6927/65 1070/2528/65
f 1072/2530/66 1074/6928/66 1073/2531/66
f 1071/2533/67 1070/6929/67 1074/2534/67
f 1075/2542/65 1079/6930/65 1076/2543/65
f 1078/2545/66 1080/6931/66 1079/2546/66
f 1077/2548/67 1076/6932/67 1080/2549/67
f 1081/2557/65 1085/6933/65 1082/2558/65
f 1084/2560/66 1086/6934/66 1085/2561/66
f 1083/2563/67 1082/6935/67 1086/2564/67
f 1087/2572/65 1091/6936/65 1088/2573/65
f 1090/2575/66 1092/6937/66 1091/2576/66
f 1089/2578/67 1088/6938/67 1092/2579/67
f 1093/2587/65 1097/6939/65 1094/2588/65
f 1096/2590/66 1098/6940/66 1097/2591/66
f 1095/2593/67 1094/6941/67 1098/2594/67
f 1099/2602/65 1103/6942/65 1100/2603/65
f 1102/2605/66 1104/6943/66 1103/2606/66
f 1101/2608/67 1100/6944/67 1104/2609/67
f 1105/2617/65 1109/6945/65 1106/2618/65
f 1108/2620/66 1110/6946/66 1109/2621/66
f 1107/2623/67 1106/6947/67 1110/2624/67
f 1111/2632/65 1115/6948/65 1112/2633/65
f 1114/2635/66 1116/6949/66 1115/2636/66
f 1113/2638/67 1112/6950/67 1116/2639/67
f 1117/2647/65 1121/6951/65 1118/2648/65
f 1120/2650/66 1122/6952/66 1121/2651/66
f 1119/2653/67 1118/6953/67 1122/2654/67
f 1123/2662/65 1127/6954/65 1124/2663/65
f 1126/2665/66 1128/6955/66 1127/2666/66
f 1125/2668/67 1124/6956/67 1128/2669/67
f 1129/2677/65 1133/6957/65 1130/2678/65
f 1132/2680/66 1134/6958/66 1133/2681/66
f 1131/2683/67 1130/6959/67 1134/2684/67
f 1135/2692/65 1139/6960/65 1136/2693/65
f 1138/2695/66 1140/6961/66 1139/2696/66
f 1137/2698/67 1136/6962/67 1140/2699/67
f 1141/2707/65 1145/6963/65 1142/2708/65
f 1144/2710/66 1146/6964/66 1145/2711/66
f 1143/2713/67 1142/6965/67 1146/2714/67
f 1147/2722/65 1151/6966/65 1148/2723/65
f 1150/2725/66 1152/6967/66 1151/2726/66
f 1149/2728/67 1148/6968/67 1152/2729/67
f 1153/2737/65 1157/6969/65 1154/2738/65
f 1156/2740/66 1158/6970/66 1157/2741/66
f 1155/2743/67 1154/6971/67 1158/2744/67
f 1159/2752/65 1163/6972/65 1160/2753/65
f 1162/2755/66 1164/6973/66 1163/2756/66
f 1161/2758/67 1160/6974/67 1164/2759/67
f 1165/2767/65 1169/6975/65 1166/2768/65
f 1168/2770/66 1170/6976/66 1169/2771/66
f 1167/2773/67 1166/6977/67 1170/2774/67
f 1171/2782/65 1175/6978/65 1172/2783/65
f 1174/2785/66 1176/6979/66 1175/2786/66
f 1173/2788/67 1172/6980/67 1176/2789/67
f 1177/2797/65 1181/6981/65 1178/2798/65
f 1180/2800/66 1182/6982/66 1181/2801/66
f 1179/2803/67 1178/6983/67 1182/2804/67
f 1183/2812/65 1187/6984/65 1184/2813/65
f 1186/2815/66 1188/6985/66 1187/2816/66
f 1185/2818/67 1184/6986/67 1188/2819/67
f 1189/2827/65 1193/6987/65 1190/2828/65
f 1192/2830/66 1194/6988/66 1193/2831/66
f 1191/2833/67 1190/6989/67 1194/2834/67
f 1195/2842/65 1199/6990/65 1196/2843/65
f 1198/2845/66 1200/6991/66 1199/2846/66
f 1197/2848/67 1196/6992/67 1200/2849/67
f 1201/2857/65 1205/6993/65 1202/2858/65
f 1204/2860/66 1206/6994/66 1205/2861/66
f 1203/2863/67 1202/6995/67 1206/2864/67
f 1207/2872/65 1211/6996/65 1208/2873/65
f 1210/2875/66 1212/6997/66 1211/2876/66
f 1209/2878/67 1208/6998/67 1212/2879/67
f 1213/2887/65 1217/6999/65 1214/2888/65
f 1216/2890/66 1218/7000/66 1217/2891/66
f 1215/2893/67 1214/7001/67 1218/2894/67
f 1219/2902/65 1223/7002/65 1220/2903/65
f 1222/2905/66 1224/7003/66 1223/2906/66
f 1221/2908/67 1220/7004/67 1224/2909/67
f 1225/2917/65 1229/7005/65 1226/2918/65
f 1228/2920/66 1230/7006/66 1229/2921/66
f 1227/2923/67 1226/7007/67 1230/2924/67
f 1231/2932/65 1235/7008/65 1232/2933/65
f 1234/2935/66 1236/7009/66 1235/2936/66
f 1233/2938/67 1232/7010/67 1236/2939/67
f 1237/2947/65 1241/7011/65 1238/2948/65
f 1240/2950/66 1242/7012/66 1241/2951/66
f 1239/2953/67 1238/7013/67 1242/2954/67
f 1243/2962/65 1247/7014/65 1244/2963/65
f 1246/2965/66 1248/7015/66 1247/2966/66
f 1245/2968/67 1244/7016/67 1248/2969/67
f 1249/2977/65 1253/7017/65 1250/2978/65
f 1252/2980/66 1254/7018/66 1253/2981/66
f 1251/2983/67 1250/7019/67 1254/2984/67
f 1255/2992/65 1259/7020/65 1256/2993/65
f 1258/2995/66 1260/7021/66 1259/2996/66
f 1257/2998/67 1256/7022/67 1260/2999/67
f 1261/3007/65 1265/7023/65 1262/3008/65
f 1264/3010/66 1266/7024/66 1265/3011/66
f 1263/3013/67 1262/7025/67 1266/3014/67
f 1267/3022/65 1271/7026/65 1268/3023/65
f 1270/3025/66 1272/7027/66 1271/3026/66
f 1269/3028/67 1268/7028/67 1272/3029/67
f 1273/3037/65 1277/7029/65 1274/3038/65
f 1276/3040/66 1278/7030/66 1277/3041/66
f 1275/3043/67 1274/7031/67 1278/3044/67
f 1279/3052/65 1283/7032/65 1280/3053/65
f 1282/3055/66 1284/7033/66 1283/3056/66
f 1281/3058/67 1280/7034/67 1284/3059/67
f 1285/3067/65 1289/7035/65 1286/3068/65
f 1288/3070/66 1290/7036/66 1289/3071/66
f 1287/3073/67 1286/7037/67 1290/3074/67
f 1291/3082/65 1295/7038/65 1292/3083/65
f 1294/3085/66 1296/7039/66 1295/3086/66
f 1293/3088/67 1292/7040/67 1296/3089/67
f 1297/3097/65 1301/7041/65 1298/3098/65
f 1300/3100/66 1302/7042/66 1301/3101/66
f 1299/3103/67 1298/7043/67 1302/3104/67
f 1303/3112/65 1307/7044/65 1304/3113/65
f 1306/3115/66 1308/7045/66 1307/3116/66
f 1305/3118/67 1304/7046/67 1308/3119/67
f 1309/3127/65 1313/7047/65 1310/3128/65
f 1312/3130/66 1314/7048/66 1313/3131/66
f 1311/3133/67 1310/7049/67 1314/3134/67
f 1315/3142/65 1319/7050/65 1316/3143/65
f 1318/3145/66 1320/7051/66 1319/3146/66
f 1317/3148/67 1316/7052/67 1320/3149/67
f 1321/3157/65 1325/7053/65 1322/3158/65
f 1324/3160/66 1326/7054/66 1325/3161/66
f 1323/3163/67 1322/7055/67 1326/3164/67
f 1327/3172/65 1331/7056/65 1328/3173/65
f 1330/3175/66 1332/7057/66 1331/3176/66
f 1329/3178/67 1328/7058/67 1332/3179/67
f 1333/3187/65 1337/7059/65 1334/3188/65
f 1336/3190/66 1338/7060/66 1337/3191/66
f 1335/3193/67 1334/7061/67 1338/3194/67
f 1339/3202/65 1343/7062/65 1340/3203/65
f 1342/3205/66 1344/7063/66 1343/3206/66
f 1341/3208/67 1340/7064/67 1344/3209/67
f 1345/3217/65 1349/7065/65 1346/3218/65
f 1348/3220/66 1350/7066/66 1349/3221/66
f 1347/3223/67 1346/7067/67 1350/3224/67
f 1351/3232/68 1355/7068/65 1352/3233/65
f 1354/3235/66 1356/7069/66 1355/3236/66
f 1353/3238/67 1352/7070/67 1356/3239/67
f 1357/3247/68 1361/7071/65 1358/3248/65
f 1360/3250/66 1362/7072/66 1361/3251/66
f 1359/3253/67 1358/7073/67 1362/3254/67
f 1363/3262/65 1367/7074/65 1364/3263/65
f 1366/3265/66 1368/7075/66 1367/3266/66
f 1365/3268/69 1364/7076/67 1368/3269/67
f 1369/3277/68 1373/7077/65 1370/3278/65
f 1372/3280/66 1374/7078/66 1373/3281/66
f 1371/3283/67 1370/7079/67 1374/3284/67
f 1375/3292/65 1379/7080/65 1376/3293/65
f 1378/3295/66 1380/7081/66 1379/3296/66
f 1377/3298/69 1376/7082/67 1380/3299/67
f 1381/3307/65 1385/7083/65 1382/3308/65
f 1384/3310/66 1386/7084/66 1385/3311/66
f 1383/3313/69 1382/7085/67 1386/3314/67
f 1387/3322/65 1391/7086/68 1388/3323/68
f 1390/3325/66 1392/7087/66 1391/3326/66
f 1389/3328/67 1388/7088/67 1392/3329/67
f 1393/3337/65 1397/7089/65 1394/3338/65
f 1396/3340/66 1398/7090/66 1397/3341/66
f 1395/3343/67 1394/7091/69 1398/3344/69
f 1399/3352/65 1403/7092/65 1400/3353/65
f 1402/3355/66 1404/7093/66 1403/3356/66
f 1401/3358/67 1400/7094/69 1404/3359/69
f 1405/3367/65 1409/7095/68 1406/3368/68
f 1408/3370/66 1410/7096/66 1409/3371/66
f 1407/3373/67 1406/7097/67 1410/3374/67
f 1411/3382/65 1415/7098/65 1412/3383/65
f 1414/3385/66 1416/7099/66 1415/3386/66
f 1413/3388/67 1412/7100/69 1416/3389/69
f 1417/3397/65 1421/7101/65 1418/3398/65
f 1420/3400/66 1422/7102/66 1421/3401/66
f 1419/3403/67 1418/7103/67 1422/3404/67
f 1423/3412/65 1427/7104/65 1424/3413/65
f 1426/3415/66 1428/7105/66 1427/3416/66
f 1425/3418/67 1424/7106/67 1428/3419/67
f 1429/3427/68 1433/7107/65 1430/3428/65
f 1432/3430/66 1434/7108/66 1433/3431/66
f 1431/3433/67 1430/7109/67 1434/3434/67
f 1435/3442/70 1439/7110/70 1436/3443/70
f 1438/3445/66 1440/7111/66 1439/3446/66
f 1437/3448/71 1436/7112/71 1440/3449/71
f 1441/3457/70 1445/7113/70 1442/3458/70
f 1444/3460/66 1446/7114/66 1445/3461/66
f 1443/3463/71 1442/7115/71 1446/3464/71
f 1447/3472/70 1451/7116/70 1448/3473/70
f 1450/3475/66 1452/7117/66 1451/3476/66
f 1449/3478/71 1448/7118/71 1452/3479/71
f 1453/3487/65 1457/7119/65 1454/3488/65
f 1456/3490/66 1458/7120/66 1457/3491/66
f 1455/3493/67 1454/7121/67 1458/3494/67
f 1459/3502/65 1463/7122/65 1460/3503/65
f 1462/3505/66 1464/7123/66 1463/3506/66
f 1461/3508/67 1460/7124/67 1464/3509/67
f 1465/3517/65 1469/7125/65 1466/3518/65
f 1468/3520/66 1470/7126/66 1469/3521/66
f 1467/3523/67 1466/7127/67 1470/3524/67
f 1471/3532/65 1475/7128/65 1472/3533/65
f 1474/3535/66 1476/7129/66 1475/3536/66
f 1473/3538/67 1472/7130/67 1476/3539/67
f 1477/3547/65 1481/7131/65 1478/3548/65
f 1480/3550/66 1482/7132/66 1481/3551/66
f 1479/3553/67 1478/7133/67 1482/3554/67
f 1483/3562/65 1487/7134/65 1484/3563/65
f 1486/3565/66 1488/7135/66 1487/3566/66
f 1485/3568/67 1484/7136/67 1488/3569/67
f 1489/3577/65 1493/7137/65 1490/3578/65
f 1492/3580/66 1494/7138/66 1493/3581/66
f 1491/3583/67 1490/7139/67 1494/3584/67
f 1495/3592/65 1499/7140/65 1496/3593/65
f 1498/3595/66 1500/7141/66 1499/3596/66
f 1497/3598/67 1496/7142/67 1500/3599/67
f 1501/3607/65 1505/7143/65 1502/3608/65
f 1504/3610/66 1506/7144/66 1505/3611/66
f 1503/3613/67 1502/7145/67 1506/3614/67
f 1507/3622/65 1511/7146/65 1508/3623/65
f 1510/3625/66 1512/7147/66 1511/3626/66
f 1509/3628/67 1508/7148/67 1512/3629/67
f 1513/3637/65 1517/7149/65 1514/3638/65
f 1516/3640/66 1518/7150/66 1517/3641/66
f 1515/3643/67 1514/7151/67 1518/3644/67
f 1519/3652/65 1523/7152/65 1520/3653/65
f 1522/3655/66 1524/7153/66 1523/3656/66
f 1521/3658/67 1520/7154/67 1524/3659/67
f 1525/3667/65 1529/7155/65 1526/3668/65
f 1528/3670/66 1530/7156/66 1529/3671/66
f 1527/3673/67 1526/7157/67 1530/3674/67
f 1531/3682/65 1535/7158/65 1532/3683/65
f 1534/3685/66 1536/7159/66 1535/3686/66
f 1533/3688/67 1532/7160/67 1536/3689/67
f 1537/3697/65 1541/7161/65 1538/3698/65
f 1540/3700/66 1542/7162/66 1541/3701/66
f 1539/3703/67 1538/7163/67 1542/3704/67
f 1543/3712/65 1547/7164/65 1544/3713/65
f 1546/3715/66 1548/7165/66 1547/3716/66
f 1545/3718/67 1544/7166/67 1548/3719/67
f 1549/3727/65 1553/7167/65 1550/3728/65
f 1552/3730/66 1554/7168/66 1553/3731/66
f 1551/3733/67 1550/7169/67 1554/3734/67
f 1555/3742/65 1559/7170/65 1556/3743/65
f 1558/3745/66 1560/7171/66 1559/3746/66
f 1557/3748/67 1556/7172/67 1560/3749/67
f 1561/3757/65 1565/7173/65 1562/3758/65
f 1564/3760/66 1566/7174/66 1565/3761/66
f 1563/3763/67 1562/7175/67 1566/3764/67
f 1567/3772/65 1571/7176/65 1568/3773/65
f 1570/3775/66 1572/7177/66 1571/3776/66
f 1569/3778/67 1568/7178/67 1572/3779/67
f 1573/3787/65 1577/7179/65 1574/3788/65
f 1576/3790/66 1578/7180/66 1577/3791/66
f 1575/3793/67 1574/7181/67 1578/3794/67
f 1579/3802/65 1583/7182/65 1580/3803/65
f 1582/3805/66 1584/7183/66 1583/3806/66
f 1581/3808/67 1580/7184/67 1584/3809/67
f 1585/3817/65 1589/7185/65 1586/3818/65
f 1588/3820/66 1590/7186/66 1589/3821/66
f 1587/3823/67 1586/7187/67 1590/3824/67
f 1591/3832/65 1595/7188/65 1592/3833/65
f 1594/3835/66 1596/7189/66 1595/3836/66
f 1593/3838/67 1592/7190/67 1596/3839/67
f 1597/3847/65 1601/7191/65 1598/3848/65
f 1600/3850/66 1602/7192/66 1601/3851/66
f 1599/3853/67 1598/7193/67 1602/3854/67
f 1603/3862/65 1607/7194/65 1604/3863/65
f 1606/3865/66 1608/7195/66 1607/3866/66
f 1605/3868/67 1604/7196/67 1608/3869/67
f 1609/3877/65 1613/7197/65 1610/3878/65
f 1612/3880/66 1614/7198/66 1613/3881/66
f 1611/3883/67 1610/7199/67 1614/3884/67
f 1615/3892/65 1619/7200/65 1616/3893/65
f 1618/3895/66 1620/7201/66 1619/3896/66
f 1617/3898/67 1616/7202/67 1620/3899/67
f 1621/3907/65 1625/7203/65 1622/3908/65
f 1624/3910/66 1626/7204/66 1625/3911/66
f 1623/3913/67 1622/7205/67 1626/3914/67
f 1627/3922/65 1631/7206/65 1628/3923/65
f 1630/3925/66 1632/7207/66 1631/3926/66
f 1629/3928/67 1628/7208/67 1632/3929/67
f 1633/3937/65 1637/7209/65 1634/3938/65
f 1636/3940/66 1638/7210/66 1637/3941/66
f 1635/3943/67 1634/7211/67 1638/3944/67
f 1639/3952/65 1643/7212/65 1640/3953/65
f 1642/3955/66 1644/7213/66 1643/3956/66
f 1641/3958/67 1640/7214/67 1644/3959/67
f 1645/3967/65 1649/7215/65 1646/3968/65
f 1648/3970/66 1650/7216/66 1649/3971/66
f 1647/3973/67 1646/7217/67 1650/3974/67
f 1651/3982/65 1655/7218/65 1652/3983/65
f 1654/3985/66 1656/7219/66 1655/3986/66
f 1653/3988/67 1652/7220/67 1656/3989/67
f 1657/3997/65 1661/7221/65 1658/3998/65
f 1660/4000/66 1662/7222/66 1661/4001/66
f 1659/4003/67 1658/7223/67 1662/4004/67
f 1663/4012/65 1667/7224/65 1664/4013/65
f 1666/4015/66 1668/7225/66 1667/4016/66
f 1665/4018/67 1664/7226/67 1668/4019/67
f 1669/4027/65 1673/7227/65 1670/4028/65
f 1672/4030/66 1674/7228/66 1673/4031/66
f 1671/4033/67 1670/7229/67 1674/4034/67
f 1675/4042/65 1679/7230/65 1676/4043/65
f 1678/4045/66 1680/7231/66 1679/4046/66
f 1677/4048/67 1676/7232/67 1680/4049/67
f 1681/4057/65 1685/7233/65 1682/4058/65
f 1684/4060/66 1686/7234/66 1685/4061/66
f 1683/4063/67 1682/7235/67 1686/4064/67
f 1687/4072/65 1691/7236/65 1688/4073/65
f 1690/4075/66 1692/7237/66 1691/4076/66
f 1689/4078/67 1688/7238/67 1692/4079/67
f 1693/4087/65 1697/7239/65 1694/4088/65
f 1696/4090/66 1698/7240/66 1697/4091/66
f 1695/4093/67 1694/7241/67 1698/4094/67
f 1699/4102/65 1703/7242/65 1700/4103/65
f 1702/4105/66 1704/7243/66 1703/4106/66
f 1701/4108/67 1700/7244/67 1704/4109/67
f 1705/4117/65 1709/7245/65 1706/4118/65
f 1708/4120/66 1710/7246/66 1709/4121/66
f 1707/4123/67 1706/7247/67 1710/4124/67
f 1711/4132/65 1715/7248/65 1712/4133/65
f 1714/4135/66 1716/7249/66 1715/4136/66
f 1713/4138/67 1712/7250/67 1716/4139/67
f 1717/4147/65 1721/7251/65 1718/4148/65
f 1720/4150/66 1722/7252/66 1721/4151/66
f 1719/4153/67 1718/7253/67 1722/4154/67
f 1723/4162/65 1727/7254/65 1724/4163/65
f 1726/4165/66 1728/7255/66 1727/4166/66
f 1725/4168/67 1724/7256/67 1728/4169/67
f 1729/4177/65 1733/7257/65 1730/4178/65
f 1732/4180/66 1734/7258/66 1733/4181/66
f 1731/4183/67 1730/7259/67 1734/4184/67
f 1735/4192/65 1739/7260/65 1736/4193/65
f 1738/4195/66 1740/7261/66 1739/4196/66
f 1737/4198/67 1736/7262/67 1740/4199/67
f 1741/4207/65 1745/7263/65 1742/4208/65
f 1744/4210/66 1746/7264/66 1745/4211/66
f 1743/4213/67 1742/7265/67 1746/4214/67
f 1747/4222/65 1751/7266/65 1748/4223/65
f 1750/4225/66 1752/7267/66 1751/4226/66
f 1749/4228/67 1748/7268/67 1752/4229/67
f 1753/4237/72 1757/7269/72 1754/4238/72
f 1756/4240/2 1758/7270/2 1757/4241/2
f 1755/4243/73 1754/7271/73 1758/4244/73
f 1759/4252/72 1763/7272/72 1760/4253/72
f 1762/4255/2 1764/7273/2 1763/4256/2
f 1761/4258/73 1760/7274/73 1764/4259/73
f 1765/4267/72 1769/7275/72 1766/4268/72
f 1768/4270/2 1770/7276/2 1769/4271/2
f 1767/4273/73 1766/7277/73 1770/4274/73
f 1771/4282/68 1775/7278/65 1772/4283/65
f 1774/4285/66 1776/7279/66 1775/4286/66
f 1773/4288/67 1772/7280/67 1776/4289/67
f 1777/4297/68 1781/7281/65 1778/4298/65
f 1780/4300/66 1782/7282/66 1781/4301/66
f 1779/4303/67 1778/7283/67 1782/4304/67
f 1783/4312/68 1787/7284/65 1784/4313/65
f 1786/4315/66 1788/7285/66 1787/4316/66
f 1785/4318/67 1784/7286/67 1788/4319/67
f 1789/4327/68 1793/7287/65 1790/4328/65
f 1792/4330/66 1794/7288/66 1793/4331/66
f 1791/4333/67 1790/7289/67 1794/4334/67
f 1795/4342/68 1799/7290/65 1796/4343/65
f 1798/4345/66 1800/7291/66 1799/4346/66
f 1797/4348/67 1796/7292/67 1800/4349/67
f 1801/4357/68 1805/7293/65 1802/4358/65
f 1804/4360/66 1806/7294/66 1805/4361/66
f 1803/4363/67 1802/7295/67 1806/4364/67
f 1807/4372/68 1811/7296/65 1808/4373/65
f 1810/4375/66 1812/7297/66 1811/4376/66
f 1809/4378/67 1808/7298/67 1812/4379/67
f 1813/4387/68 1817/7299/65 1814/4388/65
f 1816/4390/66 1818/7300/66 1817/4391/66
f 1815/4393/67 1814/7301/67 1818/4394/67
f 1819/4402/68 1823/7302/65 1820/4403/65
f 1822/4405/66 1824/7303/66 1823/4406/66
f 1821/4408/67 1820/7304/67 1824/4409/67
f 1825/4417/68 1829/7305/65 1826/4418/65
f 1828/4420/66 1830/7306/66 1829/4421/66
f 1827/4423/67 1826/7307/67 1830/4424/67
f 1831/4432/68 1835/7308/65 1832/4433/65
f 1834/4435/66 1836/7309/66 1835/4436/66
f 1833/4438/67 1832/7310/67 1836/4439/67
f 1837/4447/68 1841/7311/65 1838/4448/65
f 1840/4450/66 1842/7312/66 1841/4451/66
f 1839/4453/67 1838/7313/67 1842/4454/67
f 1843/4462/68 1847/7314/65 1844/4463/65
f 1846/4465/66 1848/7315/66 1847/4466/66
f 1845/4468/67 1844/7316/67 1848/4469/67
f 1849/4477/68 1853/7317/65 1850/4478/65
f 1852/4480/66 1854/7318/66 1853/4481/66
f 1851/4483/67 1850/7319/67 1854/4484/67
f 1855/4492/68 1859/7320/65 1856/4493/65
f 1858/4495/66 1860/7321/66 1859/4496/66
f 1857/4498/67 1856/7322/67 1860/4499/67
f 1861/4507/68 1865/7323/65 1862/4508/65
f 1864/4510/66 1866/7324/66 1865/4511/66
f 1863/4513/67 1862/7325/67 1866/4514/67
f 1867/4522/68 1871/7326/65 1868/4523/65
f 1870/4525/66 1872/7327/66 1871/4526/66
f 1869/4528/67 1868/7328/67 1872/4529/67
f 1873/4537/68 1877/7329/65 1874/4538/65
f 1876/4540/66 1878/7330/66 1877/4541/66
f 1875/4543/67 1874/7331/67 1878/4544/67
f 1879/4552/68 1883/7332/65 1880/4553/65
f 1882/4555/66 1884/7333/66 1883/4556/66
f 1881/4558/67 1880/7334/67 1884/4559/67
f 1885/4567/68 1889/7335/65 1886/4568/65
f 1888/4570/66 1890/7336/66 1889/4571/66
f 1887/4573/67 1886/7337/67 1890/4574/67
f 1891/4582/68 1895/7338/65 1892/4583/65
f 1894/4585/66 1896/7339/66 1895/4586/66
f 1893/4588/67 1892/7340/67 1896/4589/67
f 1897/4597/68 1901/7341/65 1898/4598/65
f 1900/4600/66 1902/7342/66 1901/4601/66
f 1899/4603/67 1898/7343/67 1902/4604/67
f 1903/4612/68 1907/7344/65 1904/4613/65
f 1906/4615/66 1908/7345/66 1907/4616/66
f 1905/4618/67 1904/7346/67 1908/4619/67
f 1909/4627/68 1913/7347/65 1910/4628/65
f 1912/4630/66 1914/7348/66 1913/4631/66
f 1911/4633/67 1910/7349/67 1914/4634/67
f 1915/4642/68 1919/7350/65 1916/4643/65
f 1918/4645/66 1920/7351/66 1919/4646/66
f 1917/4648/67 1916/7352/67 1920/4649/67
f 1921/4657/68 1925/7353/65 1922/4658/65
f 1924/4660/66 1926/7354/66 1925/4661/66
f 1923/4663/67 1922/7355/67 1926/4664/67
f 1927/4672/68 1931/7356/65 1928/4673/65
f 1930/4675/66 1932/7357/66 1931/4676/66
f 1929/4678/67 1928/7358/67 1932/4679/67
f 1933/4687/68 1937/7359/65 1934/4688/65
f 1936/4690/66 1938/7360/66 1937/4691/66
f 1935/4693/67 1934/7361/67 1938/4694/67
f 1939/4702/68 1943/7362/65 1940/4703/65
f 1942/4705/66 1944/7363/66 1943/4706/66
f 1941/4708/67 1940/7364/67 1944/4709/67
f 1945/4717/68 1949/7365/65 1946/4718/65
f 1948/4720/66 1950/7366/66 1949/4721/66
f 1947/4723/67 1946/7367/67 1950/4724/67
f 1951/4732/68 1955/7368/65 1952/4733/65
f 1954/4735/66 1956/7369/66 1955/4736/66
f 1953/4738/67 1952/7370/67 1956/4739/67
f 1957/4747/68 1961/7371/65 1958/4748/65
f 1960/4750/66 1962/7372/66 1961/4751/66
f 1959/4753/67 1958/7373/67 1962/4754/67
f 1963/4762/68 1967/7374/65 1964/4763/65
f 1966/4765/66 1968/7375/66 1967/4766/66
f 1965/4768/67 1964/7376/67 1968/4769/67
f 1969/4777/68 1973/7377/65 1970/4778/65
f 1972/4780/66 1974/7378/66 1973/4781/66
f 1971/4783/67 1970/7379/67 1974/4784/67
f 1975/4792/68 1979/7380/65 1976/4793/65
f 1978/4795/66 1980/7381/66 1979/4796/66
f 1977/4798/67 1976/7382/67 1980/4799/67
f 1981/4807/68 1985/7383/65 1982/4808/65
f 1984/4810/66 1986/7384/66 1985/4811/66
f 1983/4813/67 1982/7385/67 1986/4814/67
f 1987/4822/68 1991/7386/65 1988/4823/65
f 1990/4825/66 1992/7387/66 1991/4826/66
f 1989/4828/67 1988/7388/67 1992/4829/67
f 1993/4837/68 1997/7389/65 1994/4838/65
f 1996/4840/66 1998/7390/66 1997/4841/66
f 1995/4843/67 1994/7391/67 1998/4844/67
f 1999/4852/68 2003/7392/65 2000/4853/65
f 2002/4855/66 2004/7393/66 2003/4856/66
f 2001/4858/67 2000/7394/67 2004/4859/67
f 2005/4867/68 2009/7395/65 2006/4868/65
f 2008/4870/66 2010/7396/66 2009/4871/66
f 2007/4873/67 2006/7397/67 2010/4874/67
f 2011/4882/68 2015/7398/65 2012/4883/65
f 2014/4885/66 2016/7399/66 2015/4886/66
f 2013/4888/67 2012/7400/67 2016/4889/67
f 2017/4897/68 2021/7401/65 2018/4898/65
f 2020/4900/66 2022/7402/66 2021/4901/66
f 2019/4903/67 2018/7403/67 2022/4904/67
f 2023/4912/68 2027/7404/65 2024/4913/65
f 2026/4915/66 2028/7405/66 2027/4916/66
f 2025/4918/67 2024/7406/67 2028/4919/67
f 2029/4927/68 2033/7407/65 2030/4928/65
f 2032/4930/66 2034/7408/66 2033/4931/66
f 2031/4933/67 2030/7409/67 2034/4934/67
f 2035/4942/68 2039/7410/65 2036/4943/65
f 2038/4945/66 2040/7411/66 2039/4946/66
f 2037/4948/67 2036/7412/67 2040/4949/67
f 2041/4957/68 2045/7413/65 2042/4958/65
f 2044/4960/66 2046/7414/66 2045/4961/66
f 2043/4963/67 2042/7415/67 2046/4964/67
f 2047/4972/68 2051/7416/65 2048/4973/65
f 2050/4975/66 2052/7417/66 2051/4976/66
f 2049/4978/67 2048/7418/67 2052/4979/67
f 2053/4987/68 2057/7419/65 2054/4988/65
f 2056/4990/66 2058/7420/66 2057/4991/66
f 2055/4993/67 2054/7421/67 2058/4994/67
f 2059/5002/68 2063/7422/65 2060/5003/65
f 2062/5005/66 2064/7423/66 2063/5006/66
f 2061/5008/67 2060/7424/67 2064/5009/67
f 2065/5017/68 2069/7425/65 2066/5018/65
f 2068/5020/66 2070/7426/66 2069/5021/66
f 2067/5023/67 2066/7427/67 2070/5024/67
f 2071/5032/72 2075/7428/72 2072/5033/72
f 2074/5035/2 2076/7429/2 2075/5036/2
f 2073/5038/73 2072/7430/73 2076/5039/73
f 2077/5047/72 2081/7431/72 2078/5048/72
f 2080/5050/2 2082/7432/2 2081/5051/2
f 2079/5053/73 2078/7433/73 2082/5054/73
f 2083/5062/72 2087/7434/72 2084/5063/72
f 2086/5065/2 2088/7435/2 2087/5066/2
f 2085/5068/73 2084/7436/73 2088/5069/73
f 2089/5077/1 2093/7437/1 2090/5078/1
f 2092/5080/2 2095/7438/2 2093/5081/2
f 2094/5083/3 2097/5087/3 2095/5084/3
f 2096/5086/4 2099/7439/4 2097/5087/4
f 2098/5088/5 2100/7440/5 2099/5089/5
f 2091/5079/6 2090/5078/6 2100/5091/6
f 2091/5095/7 2098/7441/7 2092/5093/7
f 2098/7441/7 2096/7442/7 2092/5093/7
f 2096/7442/7 2094/7443/7 2092/5093/7
f 2100/5097/8 2090/7444/8 2093/5098/8
f 2093/5098/8 2095/7445/8 2097/7446/8
f 2097/7446/8 2099/5096/8 2093/5098/8
f 2101/5099/75 2105/7447/75 2102/5100/75
f 2104/5102/7 2107/7448/7 2105/5103/7
f 2106/5105/76 2109/5109/76 2107/5106/76
f 2108/5108/77 2111/7449/77 2109/5109/77
f 2110/5110/8 2112/7450/8 2111/5111/8
f 2103/5101/78 2102/5100/78 2112/5113/78
f 2103/5117/66 2110/7451/66 2104/5115/66
f 2110/7451/66 2108/7452/66 2104/5115/66
f 2108/7452/66 2106/7453/66 2104/5115/66
f 2112/5119/74 2102/7454/74 2105/5120/74
f 2105/5120/74 2107/7455/74 2109/7456/74
f 2109/7456/74 2111/5118/74 2105/5120/74
f 2113/5121/1 2117/7457/1 2114/5122/1
f 2116/5124/2 2119/7458/2 2117/5125/2
f 2118/5127/3 2121/5131/3 2119/5128/3
f 2120/5130/4 2123/7459/4 2121/5131/4
f 2122/5132/5 2124/7460/5 2123/5133/5
f 2115/5123/6 2114/5122/6 2124/5135/6
f 2115/5139/7 2122/7461/7 2116/5137/7
f 2122/7461/7 2120/7462/7 2116/5137/7
f 2120/7462/7 2118/7463/7 2116/5137/7
f 2124/5141/8 2114/7464/8 2117/5142/8
f 2117/5142/8 2119/7465/8 2121/7466/8
f 2121/7466/8 2123/5140/8 2117/5142/8
f 2125/5143/1 2129/7467/1 2126/5144/1
f 2128/5146/2 2131/7468/2 2129/5147/2
f 2130/5149/3 2133/5153/3 2131/5150/3
f 2132/5152/4 2135/7469/4 2133/5153/4
f 2134/5154/5 2136/7470/5 2135/5155/5
f 2127/5145/6 2126/5144/6 2136/5157/6
f 2127/5161/7 2134/7471/7 2128/5159/7
f 2134/7471/7 2132/7472/7 2128/5159/7
f 2132/7472/7 2130/7473/7 2128/5159/7
f 2136/5163/8 2126/7474/8 2129/5164/8
f 2129/5164/8 2131/7475/8 2133/7476/8
f 2133/7476/8 2135/5162/8 2129/5164/8
f 2137/5165/1 2141/7477/1 2138/5166/1
f 2140/5168/2 2143/7478/2 2141/5169/2
f 2142/5171/3 2145/5175/3 2143/5172/3
f 2144/5174/4 2147/7479/4 2145/5175/4
f 2146/5176/5 2148/7480/5 2147/5177/5
f 2139/5167/6 2138/5166/6 2148/5179/6
f 2139/5183/7 2146/7481/7 2144/7482/7
f 2144/7482/7 2142/7483/7 2139/5183/7
f 2142/7483/7 2140/5181/7 2139/5183/7
f 2148/5186/8 2138/7484/8 2145/5184/8
f 2138/7484/8 2141/7485/8 2145/5184/8
f 2141/7485/8 2143/7486/8 2145/5184/8
f 2149/5187/1 2153/7487/1 2150/5188/1
f 2152/5190/2 2155/7488/2 2153/5191/2
f 2154/5193/3 2157/5197/3 2155/5194/3
f 2156/5196/4 2159/7489/4 2157/5197/4
f 2158/5198/5 2160/7490/5 2159/5199/5
f 2151/5189/6 2150/5188/6 2160/5201/6
f 2151/5205/7 2158/7491/7 2152/5203/7
f 2158/7491/7 2156/7492/7 2152/5203/7
f 2156/7492/7 2154/7493/7 2152/5203/7
f 2160/5207/8 2150/7494/8 2153/5208/8
f 2153/5208/8 2155/7495/8 2157/7496/8
f 2157/7496/8 2159/5206/8 2153/5208/8
f 2161/5209/75 2165/7497/75 2162/5210/75
f 2164/5212/7 2167/7498/7 2165/5213/7
f 2166/5215/76 2169/5219/76 2167/5216/76
f 2168/5218/77 2171/7499/77 2169/5219/77
f 2170/5220/8 2172/7500/8 2171/5221/8
f 2163/5211/78 2162/5210/78 2172/5223/78
f 2163/5227/66 2170/7501/66 2164/5225/66
f 2170/7501/66 2168/7502/66 2164/5225/66
f 2168/7502/66 2166/7503/66 2164/5225/66
f 2172/5229/74 2162/7504/74 2165/5230/74
f 2165/5230/74 2167/7505/74 2169/7506/74
f 2169/7506/74 2171/5228/74 2165/5230/74
f 2173/5231/75 2177/7507/75 2174/5232/75
f 2176/5234/7 2179/7508/7 2177/5235/7
f 2178/5237/76 2181/5241/76 2179/5238/76
f 2180/5240/77 2183/7509/77 2181/5241/77
f 2182/5242/8 2184/7510/8 2183/5243/8
f 2175/5233/78 2174/5232/78 2184/5245/78
f 2175/5249/66 2182/7511/66 2176/5247/66
f 2182/7511/66 2180/7512/66 2176/5247/66
f 2180/7512/66 2178/7513/66 2176/5247/66
f 2184/5251/74 2174/7514/74 2177/5252/74
f 2177/5252/74 2179/7515/74 2181/7516/74
f 2181/7516/74 2183/5250/74 2177/5252/74
f 2185/5253/75 2189/7517/75 2186/5254/75
f 2188/5256/7 2191/7518/7 2189/5257/7
f 2190/5259/76 2193/5263/76 2191/5260/76
f 2192/5262/77 2195/7519/77 2193/5263/77
f 2194/5264/8 2196/7520/8 2195/5265/8
f 2187/5255/78 2186/5254/78 2196/5267/78
f 2187/5271/66 2194/7521/66 2188/5269/66
f 2194/7521/66 2192/7522/66 2188/5269/66
f 2192/7522/66 2190/7523/66 2188/5269/66
f 2196/5273/74 2186/7524/74 2189/5274/74
f 2189/5274/74 2191/7525/74 2193/7526/74
f 2193/7526/74 2195/5272/74 2189/5274/74
f 2197/5275/75 2201/7527/75 2198/5276/75
f 2200/5278/7 2203/7528/7 2201/5279/7
f 2202/5281/76 2205/5285/76 2203/5282/76
f 2204/5284/77 2207/7529/77 2205/5285/77
f 2206/5286/8 2208/7530/8 2207/5287/8
f 2199/5277/78 2198/5276/78 2208/5289/78
f 2199/5293/66 2206/7531/66 2200/5291/66
f 2206/7531/66 2204/7532/66 2200/5291/66
f 2204/7532/66 2202/7533/66 2200/5291/66
f 2208/5295/74 2198/7534/74 2201/5296/74
f 2201/5296/74 2203/7535/74 2205/7536/74
f 2205/7536/74 2207/5294/74 2201/5296/74
f 2209/5297/75 2213/7537/75 2210/5298/75
f 2212/5300/7 2215/7538/7 2213/5301/7
f 2214/5303/76 2217/5307/76 2215/5304/76
f 2216/5306/77 2219/7539/77 2217/5307/77
f 2218/5308/8 2220/7540/8 2219/5309/8
f 2211/5299/78 2210/5298/78 2220/5311/78
f 2211/5315/66 2218/7541/66 2212/5313/66
f 2218/7541/66 2216/7542/66 2212/5313/66
f 2216/7542/66 2214/7543/66 2212/5313/66
f 2220/5317/74 2210/7544/74 2213/5318/74
f 2213/5318/74 2215/7545/74 2217/7546/74
f 2217/7546/74 2219/5316/74 2213/5318/74
f 2221/5319/75 2225/7547/75 2222/5320/75
f 2224/5322/7 2227/7548/7 2225/5323/7
f 2226/5325/76 2229/5329/76 2227/5326/76
f 2228/5328/77 2231/7549/77 2229/5329/77
f 2230/5330/8 2232/7550/8 2231/5331/8
f 2223/5321/78 2222/5320/78 2232/5333/78
f 2223/5337/66 2230/7551/66 2224/5335/66
f 2230/7551/66 2228/7552/66 2224/5335/66
f 2228/7552/66 2226/7553/66 2224/5335/66
f 2232/5339/74 2222/7554/74 2225/5340/74
f 2225/5340/74 2227/7555/74 2229/7556/74
f 2229/7556/74 2231/5338/74 2225/5340/74
f 2233/5341/75 2237/7557/75 2234/5342/75
f 2236/5344/7 2239/7558/7 2237/5345/7
f 2238/5347/76 2241/5351/76 2239/5348/76
f 2240/5350/77 2243/7559/77 2241/5351/77
f 2242/5352/8 2244/7560/8 2243/5353/8
f 2235/5343/78 2234/5342/78 2244/5355/78
f 2235/5359/66 2242/7561/66 2236/5357/66
f 2242/7561/66 2240/7562/66 2236/5357/66
f 2240/7562/66 2238/7563/66 2236/5357/66
f 2244/5361/74 2234/7564/74 2237/5362/74
f 2237/5362/74 2239/7565/74 2241/7566/74
f 2241/7566/74 2243/5360/74 2237/5362/74
f 2245/5363/79 2249/7567/79 2246/5364/79
f 2248/5366/80 2251/7568/80 2246/5367/80
f 2250/5369/81 2253/5373/81 2251/5370/81
f 2252/5372/82 2255/7569/82 2253/5373/82
f 2254/5374/83 2256/7570/83 2255/5375/83
f 2254/5377/84 2245/5363/84 2247/5365/84
f 2245/5381/85 2254/7571/85 2252/7572/85
f 2252/7572/85 2250/7573/85 2245/5381/85
f 2250/7573/85 2248/5379/85 2245/5381/85
f 2256/5384/86 2247/7574/86 2246/7575/86
f 2246/7575/86 2251/7576/86 2256/5384/86
f 2251/7576/86 2253/5382/86 2256/5384/86
f 2257/5385/79 2261/7577/79 2258/5386/79
f 2260/5388/80 2263/7578/80 2258/5389/80
f 2262/5391/81 2265/5395/81 2263/5392/81
f 2264/5394/82 2267/7579/82 2265/5395/82
f 2266/5396/83 2268/7580/83 2267/5397/83
f 2266/5399/84 2257/5385/84 2259/5387/84
f 2257/5403/85 2266/7581/85 2264/7582/85
f 2264/7582/85 2262/7583/85 2257/5403/85
f 2262/7583/85 2260/5401/85 2257/5403/85
f 2268/5406/86 2259/7584/86 2265/5404/86
f 2259/7584/86 2258/7585/86 2265/5404/86
f 2258/7585/86 2263/7586/87 2265/5404/86
f 2269/5407/88 2273/7587/88 2270/5408/88
f 2272/5410/89 2275/5414/89 2273/5411/89
f 2274/5413/90 2276/7588/90 2275/5414/90
f 2271/5415/91 2270/7589/91 2276/5416/91
f 2272/5418/7 2269/7590/7 2271/5419/7
f 2270/5421/8 2273/7591/8 2275/5422/8
f 2277/5424/92 2280/7592/92 2278/5425/92
f 2280/5427/93 2283/7593/93 2281/5428/93
f 2282/5430/94 2284/5434/94 2281/5431/94
f 2277/5433/95 2279/7594/95 2284/5434/95
f 2282/5435/96 2283/7595/96 2280/5436/96
f 2278/5438/97 2281/7596/97 2284/5439/97
f 2285/5441/3 2289/7597/3 2286/5442/3
f 2288/5444/2 2291/7598/2 2289/5445/2
f 2290/5447/1 2293/5451/1 2291/5448/1
f 2292/5450/6 2295/7599/6 2293/5451/6
f 2294/5452/5 2296/7600/5 2295/5453/5
f 2287/5443/4 2286/5442/4 2296/5455/4
f 2287/5459/8 2294/7601/8 2292/7602/8
f 2292/7602/8 2290/7603/8 2287/5459/8
f 2290/7603/8 2288/5457/8 2287/5459/8
f 2296/5462/7 2286/7604/7 2293/5460/7
f 2286/7604/7 2289/7605/7 2293/5460/7
f 2289/7605/7 2291/7606/7 2293/5460/7
f 2297/5463/98 2301/7607/98 2298/5464/98
f 2300/5466/99 2302/7608/99 2298/5467/99
f 2300/5469/100 2297/7609/100 2299/5470/100
f 2303/5478/103 2307/7610/104 2304/5479/104
f 2303/5481/105 2308/7611/105 2306/5482/105
f 2308/5484/106 2305/7612/106 2304/5485/106
f 2309/5493/88 2313/7613/88 2310/5494/88
f 2312/5496/89 2315/5500/89 2313/5497/89
f 2314/5499/90 2316/7614/90 2315/5500/90
f 2311/5501/91 2310/7615/91 2316/5502/91
f 2312/5504/7 2309/7616/7 2311/5505/7
f 2313/5507/8 2315/7617/8 2316/5508/8
f 2317/5510/66 2324/5522/66 2318/5511/66
f 2320/5513/74 2323/7618/74 2321/5514/74
f 2318/5516/109 2321/5527/109 2323/5517/110
f 2320/5519/111 2322/5528/112 2324/5520/112
f 2324/5522/66 2328/5530/66 2325/5523/66
f 2322/5515/74 2321/5514/74 2326/5524/74
f 2325/5526/113 2326/5535/113 2321/5527/109
f 2322/5528/112 2327/5536/114 2328/5529/114
f 2328/5530/66 2332/7619/66 2329/5531/66
f 2327/5525/74 2326/5524/74 2330/5532/74
f 2329/5534/115 2330/7620/115 2326/5535/113
f 2327/5536/114 2331/7621/116 2332/5537/116
f 2319/5538/5 2323/7622/5 2320/5539/5
f 2331/5541/2 2330/7623/2 2329/5542/2
f 2333/5544/117 2337/7624/117 2334/5545/117
f 2336/5547/118 2339/7625/118 2337/5548/118
f 2336/5550/119 2340/5553/119 2338/5551/119
f 2340/5553/120 2343/7626/120 2341/5554/120
f 2342/5555/121 2344/7627/121 2341/5556/121
f 2335/5546/122 2334/5545/122 2344/5558/122
f 2335/5562/123 2342/7628/123 2343/7629/123
f 2343/7629/123 2340/7630/123 2335/5562/123
f 2340/7630/123 2336/5560/123 2335/5562/123
f 2344/5565/124 2334/7631/124 2338/5563/124
f 2334/7631/124 2337/7632/124 2338/5563/124
f 2337/7632/124 2339/7633/124 2338/5563/124
f 2345/5566/125 2349/7634/125 2346/5567/74
f 2348/5569/7 2351/5573/7 2349/5570/126
f 2350/5572/127 2353/7635/127 2351/5573/7
f 2352/5574/66 2355/5578/66 2353/5575/128
f 2354/5577/129 2357/7636/129 2355/5578/66
f 2356/5579/8 2359/5583/8 2357/5580/130
f 2358/5582/131 2360/7637/131 2359/5583/8
f 2347/5568/74 2346/5567/74 2360/5584/132
f 2347/5588/5 2358/7638/5 2356/7639/5
f 2356/7639/5 2354/7640/5 2347/5588/5
f 2354/7640/5 2352/7641/5 2347/5588/5
f 2352/7641/5 2350/7642/5 2347/5588/5
f 2350/7642/5 2348/5586/5 2347/5588/5
f 2360/5591/2 2346/7643/2 2349/7644/2
f 2349/7644/2 2351/7645/2 2353/5589/2
f 2353/5589/2 2355/7646/2 2357/5590/2
f 2357/5590/2 2359/7647/2 2360/5591/2
f 2360/5591/2 2349/7644/2 2353/5589/2
f 2361/5592/8 2368/7648/8 2362/5593/8
f 2364/5595/7 2367/5600/7 2365/5596/7
f 2362/5598/7 2368/5598/7 2367/5598/7
f 2361/5599/7 2365/5596/7 2367/5600/7
f 2363/5602/7 2366/5597/7 2365/5596/7
f 2363/5594/8 2362/5593/8 2364/5603/8
f 2369/5617/133 2375/5619/140 2370/7649/134
f 2372/5608/136 2376/7650/175 2373/5609/137
f 2375/5611/8 2374/5611/8 2373/5611/8
f 2373/5609/137 2376/7650/175 2371/5612/139
f 2376/5614/8 2372/7651/8 2369/5615/8
f 2369/5617/133 2372/7652/140 2374/5618/140
f 2377/5620/141 2383/7653/176 2378/5621/142
f 2380/5623/144 2384/7654/177 2381/5624/145
f 2379/5626/8 2378/5626/8 2380/5626/8
f 2383/5627/147 2384/7655/177 2380/5628/144
f 2377/5630/7 2381/7656/7 2384/5631/7
f 2377/5620/141 2379/5622/143 2382/5633/143
f 2385/5635/66 2391/5648/66 2386/5636/66
f 2388/5638/74 2395/7657/74 2389/5639/74
f 2391/5641/148 2395/5652/148 2388/5642/149
f 2390/5644/150 2389/5653/151 2385/5645/151
f 2385/5635/66 2396/7658/66 2392/5647/66
f 2389/5639/74 2395/7657/74 2393/5649/74
f 2392/5651/152 2393/7659/152 2395/5652/148
f 2389/5653/151 2394/7660/153 2396/5654/153
f 2386/5655/5 2388/7661/5 2390/5656/5
f 2394/5658/2 2393/7662/2 2392/5659/2
f 2397/5661/154 2401/7663/154 2398/5662/154
f 2400/5664/155 2403/7664/155 2401/5665/155
f 2400/5667/156 2404/5670/156 2402/5668/157
f 2404/5670/158 2406/7665/158 2405/5671/158
f 2406/5672/159 2408/7666/159 2407/5673/159
f 2399/5663/160 2398/5662/160 2407/5675/160
f 2399/5679/161 2408/7667/161 2406/7668/161
f 2406/7668/161 2404/7669/161 2399/5679/161
f 2404/7669/161 2400/5677/161 2399/5679/161
f 2407/5682/162 2398/7670/162 2402/5680/162
f 2398/7670/162 2401/7671/162 2402/5680/162
f 2401/7671/162 2403/7672/162 2402/5680/162
f 2409/5683/163 2413/5687/164 2410/5684/164
f 2409/5683/165 2414/7673/165 2412/5686/165
f 2414/5688/166 2416/5691/166 2415/5689/166
f 2416/5691/167 2419/7674/167 2417/5692/167
f 2418/5693/168 2420/7675/168 2417/5694/168
f 2411/5696/169 2410/7676/169 2420/5697/169
f 2411/5701/170 2418/7677/170 2419/7678/170
f 2419/7678/170 2416/7679/170 2411/5701/170
f 2416/7679/170 2414/5699/170 2411/5701/170
f 2420/5704/171 2410/7680/171 2415/5702/171
f 2410/7680/171 2413/7681/171 2415/5702/171
f 2413/7681/171 2412/7682/171 2415/5702/171
f 2421/5705/154 2425/7683/154 2422/5706/154
f 2424/5708/155 2427/7684/155 2425/5709/155
f 2424/5711/156 2428/5714/156 2426/5712/156
f 2428/5714/158 2430/7685/158 2429/5715/158
f 2430/5716/159 2432/7686/159 2431/5717/159
f 2423/5707/160 2422/5706/160 2431/5719/160
f 2423/5723/161 2432/7687/161 2430/7688/161
f 2430/7688/161 2428/7689/161 2423/5723/161
f 2428/7689/161 2424/5721/161 2423/5723/161
f 2431/5726/162 2422/7690/162 2425/7691/162
f 2425/7691/162 2427/7692/162 2431/5726/162
f 2427/7692/162 2426/5724/162 2431/5726/162
f 2433/5727/163 2437/5731/163 2434/5728/163
f 2433/5727/165 2438/7693/165 2436/5730/165
f 2438/5732/166 2440/5735/166 2439/5733/166
f 2440/5735/167 2443/7694/167 2441/5736/167
f 2442/5737/168 2444/7695/168 2441/5738/168
f 2435/5740/169 2434/7696/169 2444/5741/169
f 2435/5745/170 2442/7697/170 2443/5743/170
f 2443/5743/170 2440/7698/170 2438/5744/170
f 2438/5744/170 2433/7699/173 2435/5745/170
f 2444/5748/171 2434/7700/171 2437/5746/171
f 2437/5746/171 2436/7701/171 2439/5747/171
f 2439/5747/171 2441/7702/171 2444/5748/171
f 2445/5749/154 2449/7703/154 2446/5750/154
f 2445/5752/155 2450/7704/155 2448/5753/155
f 2450/5755/156 2452/5758/156 2451/5756/156
f 2452/5758/158 2455/7705/158 2453/5759/158
f 2454/5760/159 2456/7706/159 2453/5761/159
f 2447/5751/160 2446/5750/160 2456/5763/160
f 2447/5767/161 2454/7707/161 2455/5765/161
f 2455/5765/161 2452/7708/161 2450/5766/161
f 2450/5766/161 2445/7709/161 2447/5767/161
f 2456/5769/162 2446/7710/162 2449/5770/162
f 2449/5770/162 2448/7711/162 2451/7712/162
f 2451/7712/162 2453/5768/162 2449/5770/162
f 2457/5771/163 2461/5775/163 2458/5772/163
f 2460/5774/165 2463/7713/165 2461/5775/165
f 2460/5776/166 2464/5779/166 2462/5777/166
f 2464/5779/167 2466/7714/167 2465/5780/167
f 2466/5781/168 2468/7715/168 2467/5782/168
f 2459/5784/169 2458/7716/169 2467/5785/169
f 2459/5788/170 2468/7717/170 2466/5789/170
f 2466/5789/170 2464/7718/170 2460/7719/170
f 2460/7719/170 2457/5787/170 2466/5789/170
f 2467/5792/171 2458/7720/171 2461/7721/171
f 2461/7721/171 2463/7722/171 2467/5792/171
f 2463/7722/171 2462/5790/171 2467/5792/171
f 2469/5793/154 2473/7723/154 2470/5794/154
f 2469/5796/155 2474/7724/155 2472/5797/155
f 2474/5799/156 2476/5802/156 2475/5800/156
f 2476/5802/158 2479/7725/158 2477/5803/158
f 2478/5804/159 2480/7726/159 2477/5805/159
f 2471/5795/160 2470/5794/160 2480/5807/160
f 2471/5811/161 2478/7727/161 2474/5809/161
f 2478/7727/161 2479/7728/161 2474/5809/161
f 2479/7728/161 2476/7729/161 2474/5809/161
f 2480/5814/162 2470/7730/162 2473/7731/162
f 2473/7731/162 2472/7732/162 2480/5814/162
f 2472/7732/162 2475/5812/162 2480/5814/162
f 2481/5815/163 2485/5819/163 2482/5816/163
f 2484/5818/165 2487/7733/165 2485/5819/165
f 2484/5820/166 2488/5823/166 2486/5821/166
f 2488/5823/167 2490/7734/167 2489/5824/167
f 2490/5825/168 2492/7735/168 2491/5826/168
f 2483/5828/169 2482/7736/169 2491/5829/169
f 2483/5832/170 2492/7737/170 2490/5833/170
f 2490/5833/170 2488/7738/170 2484/7739/170
f 2484/7739/170 2481/5831/170 2490/5833/170
f 2491/5836/171 2482/7740/171 2486/5834/171
f 2482/7740/171 2485/7741/171 2486/5834/171
f 2485/7741/171 2487/7742/171 2486/5834/171
f 2493/5837/154 2497/7743/154 2494/5838/154
f 2493/5840/155 2498/7744/155 2496/5841/155
f 2498/5843/156 2500/5846/156 2499/5844/156
f 2500/5846/158 2503/7745/158 2501/5847/158
f 2502/5848/159 2504/7746/159 2501/5849/159
f 2495/5839/160 2494/5838/160 2504/5851/160
f 2495/5855/161 2502/7747/161 2498/5853/161
f 2502/7747/161 2503/7748/161 2498/5853/161
f 2503/7748/161 2500/7749/161 2498/5853/161
f 2504/5857/162 2494/7750/162 2497/5858/162
f 2497/5858/162 2496/7751/162 2499/7752/162
f 2499/7752/162 2501/5856/162 2497/5858/162
f 2505/5859/163 2509/5863/163 2506/5860/163
f 2508/5862/165 2511/7753/165 2509/5863/165
f 2508/5864/166 2512/5867/166 2510/5865/166
f 2512/5867/167 2514/7754/167 2513/5868/167
f 2514/5869/168 2516/7755/168 2515/5870/168
f 2507/5872/169 2506/7756/169 2515/5873/169
f 2507/5876/170 2516/7757/170 2514/5877/170
f 2514/5877/170 2512/7758/170 2508/7759/170
f 2508/7759/170 2505/5875/170 2514/5877/170
f 2515/5880/171 2506/7760/171 2509/5878/171
f 2509/5878/171 2511/7761/171 2510/5879/171
f 2510/5879/171 2513/7762/171 2515/5880/171
f 2517/5881/154 2521/7763/154 2518/5882/154
f 2517/5884/155 2523/7764/155 2520/5885/155
f 2522/5887/156 2525/5891/156 2520/5888/156
f 2522/5887/158 2527/7765/158 2524/5890/158
f 2526/5892/159 2528/7766/159 2524/5893/159
f 2526/5895/160 2519/5883/160 2518/5882/160
f 2519/5899/161 2526/7767/161 2527/5897/161
f 2527/5897/161 2522/7768/161 2523/5898/161
f 2523/5898/161 2517/7769/161 2519/5899/161
f 2528/5902/162 2518/7770/162 2525/5900/162
f 2518/7770/162 2521/7771/162 2525/5900/162
f 2521/7771/162 2520/7772/178 2525/5900/162
f 2529/5903/163 2533/5907/163 2530/5904/163
f 2532/5906/165 2535/7773/165 2530/5904/165
f 2532/5908/166 2537/5912/166 2534/5909/166
f 2536/5911/167 2539/7774/167 2534/5909/167
f 2536/5913/168 2540/7775/168 2538/5914/168
f 2529/5916/169 2531/7776/169 2538/5917/169
f 2529/5921/170 2540/7777/170 2536/7778/170
f 2536/7778/170 2537/7779/170 2529/5921/170
f 2537/7779/170 2532/5919/170 2529/5921/170
f 2538/5923/171 2531/7780/171 2530/5924/171
f 2530/5924/171 2535/7781/171 2534/7782/171
f 2534/7782/171 2539/5922/171 2530/5924/171
f 2541/5925/154 2545/7783/154 2542/5926/154
f 2541/5928/155 2547/7784/155 2544/5929/155
f 2546/5931/156 2549/5935/156 2544/5932/156
f 2546/5931/158 2551/7785/158 2548/5934/158
f 2550/5936/159 2552/7786/159 2548/5937/159
f 2550/5939/160 2543/5927/160 2542/5926/160
f 2543/5943/161 2550/7787/161 2547/5941/161
f 2550/7787/161 2551/7788/161 2547/5941/161
f 2551/7788/161 2546/7789/161 2547/5941/161
f 2552/5946/162 2542/7790/162 2545/5944/162
f 2545/5944/162 2544/7791/162 2549/5945/162
f 2549/5945/162 2548/7792/162 2552/5946/162
f 2553/5947/163 2557/5951/163 2554/5948/163
f 2556/5950/165 2559/7793/165 2554/5948/165
f 2556/5952/166 2561/5956/166 2558/5953/166
f 2560/5955/167 2563/7794/167 2558/5953/167
f 2560/5957/168 2564/7795/168 2562/5958/168
f 2553/5960/169 2555/7796/169 2562/5961/169
f 2553/5965/170 2564/7797/170 2560/7798/170
f 2560/7798/170 2561/7799/170 2553/5965/170
f 2561/7799/170 2556/5963/170 2553/5965/170
f 2562/5968/171 2555/7800/171 2558/5966/171
f 2555/7800/171 2554/7801/171 2558/5966/171
f 2554/7801/171 2559/7802/171 2558/5966/171
f 2565/5969/154 2569/7803/154 2566/5970/154
f 2565/5972/155 2571/7804/155 2568/5973/155
f 2570/5975/156 2573/5979/156 2568/5976/156
f 2570/5975/158 2575/7805/158 2572/5978/158
f 2574/5980/159 2576/7806/159 2572/5981/159
f 2574/5983/160 2567/5971/160 2566/5970/160
f 2567/5987/161 2574/7807/161 2575/7808/161
f 2575/7808/161 2570/7809/161 2567/5987/161
f 2570/7809/161 2571/5985/161 2567/5987/161
f 2576/5990/162 2566/7810/162 2569/7811/162
f 2569/7811/162 2568/7812/162 2576/5990/162
f 2568/7812/162 2573/5988/162 2576/5990/162
f 2577/5991/163 2581/5995/163 2578/5992/163
f 2580/5994/165 2583/7813/165 2578/5992/165
f 2580/5996/166 2585/6000/166 2582/5997/166
f 2584/5999/167 2587/7814/167 2582/5997/167
f 2584/6001/168 2588/7815/168 2586/6002/168
f 2577/6004/169 2579/7816/169 2586/6005/169
f 2577/6008/170 2588/7817/170 2584/6009/170
f 2584/6009/170 2585/7818/170 2580/7819/170
f 2580/7819/170 2581/6007/170 2584/6009/170
f 2586/6012/171 2579/7820/171 2582/6010/171
f 2579/7820/171 2578/7821/174 2582/6010/171
f 2578/7821/174 2583/7822/171 2582/6010/171
f 2589/6013/154 2593/7823/154 2590/6014/154
f 2589/6016/155 2595/7824/155 2592/6017/155
f 2594/6019/156 2597/6023/156 2592/6020/156
f 2594/6019/158 2599/7825/158 2596/6022/158
f 2598/6024/159 2600/7826/159 2596/6025/159
f 2598/6027/160 2591/6015/160 2590/6014/160
f 2591/6031/161 2598/7827/161 2595/6029/161
f 2598/7827/161 2599/7828/161 2595/6029/161
f 2599/7828/161 2594/7829/161 2595/6029/161
f 2600/6034/162 2590/7830/162 2593/7831/162
f 2593/7831/162 2592/7832/162 2600/6034/162
f 2592/7832/162 2597/6032/162 2600/6034/162
f 2601/6035/163 2605/6039/163 2602/6036/163
f 2604/6038/165 2607/7833/165 2602/6036/165
f 2604/6040/166 2609/6044/166 2606/6041/166
f 2608/6043/167 2611/7834/167 2606/6041/167
f 2608/6045/168 2612/7835/168 2610/6046/168
f 2601/6048/169 2603/7836/169 2610/6049/169
f 2601/6052/170 2612/7837/170 2608/6053/170
f 2608/6053/170 2609/7838/170 2604/7839/170
f 2604/7839/170 2605/6051/170 2608/6053/170
f 2610/6055/171 2603/7840/171 2602/6056/171
f 2602/6056/171 2607/7841/171 2606/7842/171
f 2606/7842/171 2611/6054/171 2602/6056/171
f 2613/6057/154 2617/7843/154 2614/6058/154
f 2613/6060/155 2619/7844/155 2616/6061/155
f 2618/6063/156 2621/6067/156 2616/6064/156
f 2618/6063/158 2623/7845/158 2620/6066/158
f 2622/6068/159 2624/7846/159 2620/6069/159
f 2622/6071/160 2615/6059/160 2614/6058/160
f 2615/6075/161 2622/7847/161 2619/6073/161
f 2622/7847/161 2623/7848/161 2619/6073/161
f 2623/7848/161 2618/7849/161 2619/6073/161
f 2624/6078/162 2614/7850/162 2617/7851/162
f 2617/7851/162 2616/7852/162 2624/6078/162
f 2616/7852/162 2621/6076/162 2624/6078/162
f 2625/6079/163 2629/6083/163 2626/6080/163
f 2628/6082/165 2631/7853/165 2626/6080/165
f 2628/6084/166 2633/6088/166 2630/6085/166
f 2632/6087/167 2635/7854/167 2630/6085/167
f 2632/6089/168 2636/7855/168 2634/6090/168
f 2625/6092/169 2627/7856/169 2634/6093/169
f 2625/6096/170 2636/7857/170 2632/6097/170
f 2632/6097/170 2633/7858/170 2628/7859/170
f 2628/7859/170 2629/6095/170 2632/6097/170
f 2634/6099/171 2627/7860/171 2626/6100/171
f 2626/6100/171 2631/7861/171 2630/7862/171
f 2630/7862/171 2635/6098/171 2626/6100/171
f 2637/6101/154 2641/7863/154 2638/6102/154
f 2637/6104/155 2643/7864/155 2640/6105/155
f 2642/6107/156 2645/6111/156 2640/6108/156
f 2642/6107/158 2647/7865/158 2644/6110/158
f 2646/6112/159 2648/7866/159 2644/6113/159
f 2646/6115/160 2639/6103/160 2638/6102/160
f 2639/6119/161 2646/7867/161 2643/6117/161
f 2646/7867/161 2647/7868/161 2643/6117/161
f 2647/7868/161 2642/7869/161 2643/6117/161
f 2648/6121/162 2638/7870/162 2641/6122/162
f 2641/6122/162 2640/7871/162 2645/7872/162
f 2645/7872/162 2644/6120/162 2641/6122/162
f 2649/6123/163 2653/6127/163 2650/6124/163
f 2652/6126/165 2655/7873/165 2650/6124/165
f 2652/6128/166 2657/6132/166 2654/6129/166
f 2656/6131/167 2659/7874/167 2654/6129/167
f 2656/6133/168 2660/7875/168 2658/6134/168
f 2649/6136/169 2651/7876/169 2658/6137/169
f 2649/6140/170 2660/7877/170 2656/6141/170
f 2656/6141/170 2657/7878/170 2652/7879/170
f 2652/7879/170 2653/6139/170 2656/6141/170
f 2658/6144/171 2651/7880/171 2654/6142/171
f 2651/7880/171 2650/7881/171 2654/6142/171
f 2650/7881/171 2655/7882/171 2654/6142/171
f 2661/6145/154 2665/7883/154 2662/6146/154
f 2661/6148/155 2667/7884/155 2664/6149/155
f 2666/6151/156 2669/6155/156 2664/6152/156
f 2666/6151/158 2671/7885/158 2668/6154/158
f 2670/6156/159 2672/7886/159 2668/6157/159
f 2670/6159/160 2663/6147/160 2662/6146/160
f 2663/6163/161 2670/7887/161 2667/6161/161
f 2670/7887/161 2671/7888/161 2667/6161/161
f 2671/7888/161 2666/7889/161 2667/6161/161
f 2672/6166/162 2662/7890/162 2669/6164/162
f 2662/7890/162 2665/7891/162 2669/6164/162
f 2665/7891/162 2664/7892/178 2669/6164/162
f 2673/6167/163 2677/6171/163 2674/6168/163
f 2676/6170/165 2679/7893/165 2674/6168/165
f 2676/6172/166 2681/6176/166 2678/6173/166
f 2680/6175/167 2683/7894/167 2678/6173/167
f 2680/6177/168 2684/7895/168 2682/6178/168
f 2673/6180/169 2675/7896/169 2682/6181/169
f 2673/6185/170 2684/7897/170 2676/6183/170
f 2684/7897/170 2680/7898/170 2676/6183/170
f 2680/7898/170 2681/7899/170 2676/6183/170
f 2682/6188/171 2675/7900/171 2678/6186/171
f 2675/7900/171 2674/7901/171 2678/6186/171
f 2674/7901/171 2679/7902/171 2678/6186/171
f 2685/6189/154 2689/7903/154 2686/6190/154
f 2685/6192/155 2691/7904/155 2688/6193/155
f 2690/6195/156 2693/6199/156 2688/6196/156
f 2690/6195/158 2695/7905/158 2692/6198/158
f 2694/6200/159 2696/7906/159 2692/6201/159
f 2694/6203/160 2687/6191/160 2686/6190/160
f 2687/6206/161 2694/7907/161 2695/6207/161
f 2695/6207/161 2690/7908/161 2691/7909/161
f 2691/7909/161 2685/6205/161 2695/6207/161
f 2696/6210/162 2686/7910/162 2689/6208/162
f 2689/6208/162 2688/7911/178 2693/6209/162
f 2693/6209/162 2692/7912/162 2696/6210/162
f 2697/6211/163 2701/6215/163 2698/6212/163
f 2700/6214/165 2703/7913/165 2698/6212/165
f 2700/6216/166 2705/6220/166 2702/6217/166
f 2704/6219/167 2707/7914/167 2702/6217/167
f 2704/6221/168 2708/7915/168 2706/6222/168
f 2697/6224/169 2699/7916/169 2706/6225/169
f 2697/6228/170 2708/7917/170 2704/6229/170
f 2704/6229/170 2705/7918/170 2700/7919/170
f 2700/7919/170 2701/6227/170 2704/6229/170
f 2706/6232/171 2699/7920/171 2698/6230/171
f 2698/6230/171 2703/7921/171 2702/6231/171
f 2702/6231/171 2707/7922/174 2706/6232/171
f 2709/6233/154 2713/7923/154 2710/6234/154
f 2709/6236/155 2715/7924/155 2712/6237/155
f 2714/6239/156 2717/6243/156 2712/6240/156
f 2714/6239/158 2719/7925/158 2716/6242/158
f 2718/6244/159 2720/7926/159 2716/6245/159
f 2718/6247/160 2711/6235/160 2710/6234/160
f 2711/6251/161 2718/7927/161 2715/6249/161
f 2718/7927/161 2719/7928/161 2715/6249/161
f 2719/7928/161 2714/7929/161 2715/6249/161
f 2720/6254/162 2710/7930/162 2713/7931/162
f 2713/7931/162 2712/7932/162 2720/6254/162
f 2712/7932/162 2717/6252/162 2720/6254/162
f 2721/6255/163 2725/6259/163 2722/6256/163
f 2724/6258/165 2727/7933/165 2722/6256/165
f 2724/6260/166 2729/6264/166 2726/6261/166
f 2728/6263/167 2731/7934/167 2726/6261/167
f 2728/6265/168 2732/7935/168 2730/6266/168
f 2721/6268/169 2723/7936/169 2730/6269/169
f 2721/6273/170 2732/7937/170 2724/6271/170
f 2732/7937/170 2728/7938/170 2724/6271/170
f 2728/7938/170 2729/7939/170 2724/6271/170
f 2730/6276/171 2723/7940/171 2722/6274/171
f 2722/6274/171 2727/7941/171 2726/6275/171
f 2726/6275/171 2731/7942/171 2730/6276/171
f 2733/6277/154 2737/7943/154 2734/6278/154
f 2736/6280/155 2739/7944/155 2737/6281/155
f 2736/6283/156 2740/6286/156 2738/6284/156
f 2740/6286/158 2742/7945/158 2741/6287/158
f 2742/6288/159 2744/7946/159 2743/6289/159
f 2735/6279/160 2734/6278/160 2743/6291/160
f 2735/6295/161 2744/7947/161 2742/7948/161
f 2742/7948/161 2740/7949/161 2735/6295/161
f 2740/7949/161 2736/6293/161 2735/6295/161
f 2743/6298/162 2734/7950/162 2738/6296/162
f 2734/7950/162 2737/7951/162 2738/6296/162
f 2737/7951/162 2739/7952/162 2738/6296/162
f 2745/6299/163 2749/6303/163 2746/6300/163
f 2745/6299/165 2750/7953/165 2748/6302/165
f 2750/6304/166 2752/6307/166 2751/6305/166
f 2752/6307/167 2755/7954/167 2753/6308/167
f 2754/6309/168 2756/7955/168 2753/6310/168
f 2747/6312/169 2746/7956/169 2756/6313/169
f 2747/6317/170 2754/7957/170 2755/7958/170
f 2755/7958/170 2752/7959/170 2747/6317/170
f 2752/7959/170 2750/6315/170 2747/6317/170
f 2756/6320/171 2746/7960/171 2751/6318/171
f 2746/7960/171 2749/7961/171 2751/6318/171
f 2749/7961/171 2748/7962/174 2751/6318/171
