# JIB VI - the antifoul parts, as a standalone mesh.
#
# One file per material rather than one library addressed with `#group`:
# selecting a group recentres it on its own bounding box, which takes a
# model apart when the library IS one model. A whole-file import keeps
# the authored coordinates. See loom_asset/src/mesh.rs:268.
v 6.635000 -0.100000 0.000000
v 6.612360 -0.060000 0.000047
v 6.561941 -0.129954 0.000000
v 6.550331 -0.060000 -0.000314
v 6.456211 -0.190623 0.000000
v 6.493564 -0.060000 -0.001314
v 6.336090 -0.278791 0.000000
v 6.443718 -0.060000 -0.004026
v 6.377399 -0.079139 -0.008606
v 6.391434 -0.060000 -0.009128
v 6.083753 -0.489641 0.000000
v 6.253528 -0.148996 -0.011107
v 6.318158 -0.060000 -0.014321
v 5.963851 -0.559426 0.000000
v 6.138799 -0.225778 -0.014072
v 6.257240 -0.060000 -0.021878
v 5.855073 -0.636019 0.000000
v 6.037001 -0.307288 -0.017569
v 6.209553 -0.060000 -0.032542
v 5.761545 -0.716728 0.000000
v 5.950923 -0.390807 -0.021727
v 6.174614 -0.060000 -0.047227
v 5.686299 -0.798224 0.000000
v 5.882198 -0.473105 -0.026781
v 6.126828 -0.095943 -0.062979
v 6.150701 -0.060000 -0.067079
v 5.631095 -0.876550 0.000000
v 5.831179 -0.536528 -0.031707
v 6.060025 -0.163367 -0.073726
v 6.125117 -0.060000 -0.087821
v 5.596277 -0.934894 0.000000
v 5.796865 -0.591700 -0.036777
v 6.007470 -0.223236 -0.084695
v 6.103460 -0.060000 -0.110789
v 5.580687 -0.984226 0.000000
v 5.776884 -0.646195 -0.042602
v 5.967090 -0.283436 -0.097170
v 6.087785 -0.060000 -0.139023
v 5.581644 -1.031703 0.000000
v 5.767538 -0.700313 -0.049334
v 5.935631 -0.344202 -0.111385
v 6.073923 -0.060000 -0.173698
v 5.594997 -1.077696 0.000000
v 5.763924 -0.754453 -0.057175
v 5.908762 -0.405848 -0.127666
v 6.056848 -0.060000 -0.216281
v 5.615254 -1.122683 0.000000
v 5.760119 -0.809106 -0.066383
v 5.881245 -0.468781 -0.146434
v 6.013417 -0.107211 -0.252830
v 6.030957 -0.060000 -0.268561
v 5.635787 -1.167246 0.000000
v 5.749453 -0.860359 -0.076333
v 5.847175 -0.528267 -0.166349
v 5.953809 -0.173789 -0.283972
v 5.988570 -0.060000 -0.327078
v 5.649145 -1.208451 0.000000
v 5.724860 -0.900762 -0.085278
v 5.800294 -0.575572 -0.184030
v 5.882607 -0.227032 -0.311231
v 5.922597 -0.060000 -0.381065
v 5.647430 -1.240424 0.000000
v 5.679320 -0.942244 -0.095560
v 5.734381 -0.624588 -0.204186
v 5.794464 -0.282531 -0.342009
v 5.833970 -0.060000 -0.444779
v 5.622802 -1.272705 0.000000
v 5.606380 -0.984253 -0.107120
v 5.643719 -0.674689 -0.226691
v 5.684463 -0.339600 -0.376089
v 5.718669 -0.060000 -0.518569
v 5.568053 -1.304838 0.000000
v 5.500779 -1.026186 -0.119843
v 5.523648 -0.725183 -0.251310
v 5.548603 -0.397478 -0.413104
v 5.572673 -0.081339 -0.589608
v 5.574296 -0.060000 -0.602300
v 5.477305 -1.336328 0.000000
v 5.359165 -1.067384 -0.133549
v 5.371203 -0.775312 -0.277690
v 5.384339 -0.455324 -0.452509
v 5.397009 -0.144434 -0.640735
v 5.346808 -1.366645 0.000000
v 5.180904 -1.107134 -0.147981
v 5.185833 -0.824248 -0.305337
v 5.191212 -0.512217 -0.493570
v 5.196400 -0.206766 -0.693669
v 5.400428 -0.060000 -0.695197
v 5.175845 -1.395218 0.000000
v 4.969004 -1.144669 -0.162806
v 4.970222 -0.871096 -0.333616
v 4.971550 -0.567156 -0.535343
v 4.972832 -0.267270 -0.747198
v 5.198859 -0.060000 -0.795692
v 4.967754 -1.421445 0.000000
v 4.731131 -1.179206 -0.177636
v 4.731190 -0.914951 -0.361786
v 4.731255 -0.619138 -0.576741
v 4.731317 -0.324887 -0.799939
v 4.973698 -0.060000 -0.901344
v 4.731071 -1.444694 0.000000
v 4.480401 -1.211131 -0.192845
v 4.480401 -0.956652 -0.390539
v 4.480401 -0.669403 -0.618738
v 4.480401 -0.381137 -0.853073
v 4.480401 -0.091854 -1.093543
v 4.731370 -0.060000 -1.008988
v 4.480401 -1.464807 0.000000
v 4.226226 -1.240839 -0.208594
v 4.226226 -0.996646 -0.420182
v 4.226226 -0.718438 -0.661796
v 4.226226 -0.436531 -0.907199
v 4.226226 -0.150927 -1.156390
v 4.480401 -0.060000 -1.120346
v 4.226226 -1.482110 0.000000
v 3.969210 -1.268347 -0.224703
v 3.969210 -1.034692 -0.450396
v 3.969210 -0.765767 -0.705484
v 3.969210 -0.490423 -0.961823
v 3.969210 -0.208659 -1.219415
v 4.226226 -0.060000 -1.235841
v 3.969210 -1.496931 0.000000
v 3.709425 -1.293693 -0.240975
v 3.709425 -1.070552 -0.480829
v 3.709425 -0.810909 -0.749325
v 3.709425 -0.542151 -1.016403
v 3.709425 -0.264277 -1.282063
v 3.969210 -0.060000 -1.353504
v 3.709425 -1.509632 0.000000
v 3.446939 -1.316931 -0.257199
v 3.446939 -1.103999 -0.511106
v 3.446939 -0.853381 -0.792818
v 3.446939 -0.591044 -1.070364
v 3.446939 -0.316988 -1.343744
v 3.709425 -0.060000 -1.471146
v 3.446939 -1.520604 0.000000
v 3.181814 -1.338134 -0.273155
v 3.181814 -1.134811 -0.540836
v 3.181814 -0.892699 -0.835435
v 3.181814 -0.636426 -1.123107
v 3.181814 -0.081398 -1.677667
v 3.181814 -0.060000 -1.697447
v 3.446939 -0.060000 -1.586518
v 3.181814 -1.530269 0.000000
v 2.914110 -1.357395 -0.288619
v 2.914110 -1.162779 -0.569620
v 2.914110 -0.928379 -0.876642
v 2.914110 -0.677611 -1.174023
v 3.181814 -0.365992 -1.403850
v 2.914110 -0.410476 -1.461764
v 2.914110 -0.126974 -1.739863
v 2.643885 -1.546689 0.000000
v 2.914110 -1.539078 0.000000
v 2.643885 -1.374291 -0.303540
v 2.643885 -1.187414 -0.597350
v 2.643885 -0.959871 -0.916256
v 2.643885 -0.714004 -1.222849
v 2.643885 -0.449813 -1.517127
v 2.643885 -0.167297 -1.799092
v 2.914110 -0.060000 -1.801961
v 2.371192 -1.552233 0.000000
v 2.371192 -1.388282 -0.318007
v 2.371192 -1.208451 -0.624160
v 2.371192 -0.987161 -0.954411
v 2.371192 -0.745774 -1.269658
v 2.371192 -0.484290 -1.569901
v 2.371192 -0.202709 -1.855141
v 2.643885 -0.060000 -1.898590
v 2.096081 -1.556000 0.000000
v 2.096081 -1.399731 -0.331887
v 2.096081 -1.226318 -0.649818
v 2.096081 -1.010735 -0.990809
v 2.096081 -0.773453 -1.314137
v 2.096081 -0.514474 -1.619803
v 2.096081 -0.233796 -1.907806
v 2.371192 -0.060000 -1.987096
v 1.818602 -1.558311 0.000000
v 1.818602 -1.409035 -0.345052
v 1.818602 -1.241474 -0.674109
v 1.818602 -1.031112 -1.025181
v 1.818602 -0.797609 -1.356009
v 1.818602 -0.540964 -1.666596
v 1.818602 -0.261178 -1.956939
v 2.096081 -0.060000 -2.067693
v 1.538801 -1.559505 0.000000
v 1.538801 -1.416611 -0.357390
v 1.538801 -1.254406 -0.696845
v 1.538801 -1.048843 -1.057294
v 1.538801 -0.818839 -1.395045
v 1.538801 -0.564395 -1.710098
v 1.538801 -0.285510 -2.002452
v 1.818602 -0.060000 -2.140817
v 1.256721 -1.559942 0.000000
v 1.256721 -1.422901 -0.368803
v 1.256721 -1.265626 -0.717864
v 1.256721 -1.064504 -1.086959
v 1.256721 -0.837773 -1.431068
v 1.256721 -0.585432 -1.750190
v 1.256721 -0.307481 -2.044327
v 1.538801 -0.060000 -2.207083
v 0.972406 -1.559999 0.000000
v 0.972406 -1.428369 -0.379210
v 0.972406 -1.275670 -0.737035
v 0.972406 -1.078702 -1.114026
v 0.972406 -0.855070 -1.463953
v 0.972406 -0.604773 -1.786814
v 0.972406 -0.327813 -2.082611
v 1.256721 -0.060000 -2.267252
v 0.685895 -1.559609 0.000000
v 0.685895 -1.432649 -0.388318
v 0.685895 -1.283930 -0.753810
v 0.685895 -1.090611 -1.137704
v 0.685895 -0.869753 -1.492708
v 0.685895 -0.621355 -1.818823
v 0.685895 -0.077021 -2.355998
v 0.685895 -0.060000 -2.369851
v 0.972406 -0.060000 -2.322195
v 0.397227 -1.558416 0.000000
v 0.397227 -1.435248 -0.396048
v 0.397227 -1.289792 -0.768025
v 0.397227 -1.099512 -1.157726
v 0.397227 -0.881025 -1.516962
v 0.397227 -0.634329 -1.845732
v 0.685895 -0.345418 -2.116049
v 0.397227 -0.359425 -2.144037
v 0.397227 -0.091385 -2.383622
v 0.106438 -1.556298 0.000000
v 0.106438 -1.436271 -0.402603
v 0.106438 -1.293552 -0.780055
v 0.106438 -1.105868 -1.174628
v 0.106438 -0.889464 -1.537370
v 0.106438 -0.644339 -1.868281
v 0.106438 -0.370494 -2.167362
v 0.106438 -0.102966 -2.406491
v 0.397227 -0.060000 -2.408937
v -0.186435 -1.553126 0.000000
v -0.186435 -1.435830 -0.408204
v -0.186435 -1.295520 -0.790313
v -0.186435 -1.110160 -1.188995
v -0.186435 -0.895673 -1.554652
v -0.186435 -0.652057 -1.887283
v -0.186435 -0.379313 -2.186889
v -0.186435 -0.112421 -2.425481
v 0.106438 -0.060000 -2.440885
v -0.481358 -1.548767 0.000000
v -0.481358 -1.434040 -0.413093
v -0.481358 -1.296015 -0.799245
v -0.481358 -1.112888 -1.201466
v -0.481358 -0.900275 -1.569590
v -0.481358 -0.658177 -1.903619
v -0.481358 -0.386592 -2.203552
v -0.481358 -0.120429 -2.441535
v -0.186435 -0.060000 -2.467168
v -0.778300 -1.543084 0.000000
v -0.778300 -1.431018 -0.417528
v -0.778300 -1.295365 -0.807331
v -0.778300 -1.114565 -1.212719
v -0.778300 -0.903914 -1.583018
v -0.778300 -0.663412 -1.918227
v -0.778300 -0.393061 -2.218347
v -0.778300 -0.127689 -2.455662
v -0.481358 -0.060000 -2.489308
v -1.077227 -1.536009 0.000000
v -1.077227 -1.426867 -0.421627
v -1.077227 -1.293817 -0.814787
v -1.077227 -1.115559 -1.223066
v -1.077227 -0.907043 -1.595316
v -1.077227 -0.668269 -1.931538
v -1.077227 -0.399237 -2.231731
v -1.077227 -0.134696 -2.468324
v -0.778300 -0.060000 -2.508867
v -1.378111 -1.527771 0.000000
v -1.378111 -1.421519 -0.424833
v -1.378111 -1.291055 -0.820585
v -1.378111 -1.115342 -1.231045
v -1.378111 -0.908985 -1.604700
v -1.378111 -0.671985 -1.941549
v -1.378111 -0.404342 -2.241593
v -1.378111 -0.140712 -2.477400
v -1.077227 -0.060000 -2.526695
v -1.680922 -1.518282 0.000000
v -1.680922 -1.414828 -0.427221
v -1.680922 -1.286885 -0.824862
v -1.680922 -1.113678 -1.236851
v -1.680922 -0.909478 -1.611404
v -1.680922 -0.674283 -1.948520
v -1.680922 -0.408096 -2.248199
v -1.680922 -0.145466 -2.483152
v -1.378111 -0.060000 -2.540141
v -1.985631 -1.507398 0.000000
v -1.985631 -1.406648 -0.428983
v -1.985631 -1.281160 -0.827974
v -1.985631 -1.110419 -1.240986
v -1.985631 -0.908370 -1.616039
v -1.985631 -0.675013 -1.953132
v -1.985631 -0.410349 -2.252265
v -1.985631 -0.148809 -2.486293
v -1.680922 -0.060000 -2.549292
v -2.292212 -1.494969 0.000000
v -2.292212 -1.396826 -0.430322
v -2.292212 -1.273727 -0.830291
v -2.292212 -1.105410 -1.243976
v -2.292212 -0.905508 -1.619245
v -2.292212 -0.674021 -1.956100
v -2.292212 -0.410949 -2.254539
v -2.292212 -0.150592 -2.487568
v -1.985631 -0.060000 -2.554768
v -2.600637 -1.480844 0.000000
v -2.600637 -1.385210 -0.431446
v -2.600637 -1.264429 -0.832201
v -2.600637 -1.098495 -1.246365
v -2.600637 -0.900735 -1.621686
v -2.600637 -0.671150 -1.958163
v -2.600637 -0.409740 -2.255797
v -2.600637 -0.150658 -2.487751
v -2.292212 -0.060000 -2.557214
v -2.910883 -1.464865 0.000000
v -2.910883 -1.371634 -0.432541
v -2.910883 -1.253099 -0.834045
v -2.910883 -1.089499 -1.248636
v -2.910883 -0.893873 -1.623945
v -2.910883 -0.666222 -1.959972
v -2.910883 -0.406543 -2.256716
v -2.910883 -0.148832 -2.487511
v -2.600637 -0.060000 -2.557297
v -3.222924 -1.446967 0.000000
v -3.222924 -1.355969 -0.433327
v -3.222924 -1.239550 -0.835297
v -3.222924 -1.078193 -1.250032
v -3.222924 -0.884662 -1.625080
v -3.222924 -0.658957 -1.960441
v -3.222924 -0.401079 -2.256115
v -3.222924 -0.060000 -2.550583
v -2.910883 -0.060000 -2.555562
v -3.536735 -1.427238 0.000000
v -3.536735 -1.338330 -0.433736
v -3.536735 -1.223922 -0.835836
v -3.536735 -1.064733 -1.250385
v -3.536735 -0.873270 -1.624894
v -3.536735 -0.649535 -1.959364
v -3.536735 -0.393526 -2.253795
v -3.222924 -0.144843 -2.485620
v -3.536735 -0.060000 -2.542314
v -3.852296 -1.405787 0.000000
v -3.852296 -1.318883 -0.433846
v -3.852296 -1.206427 -0.835813
v -3.852296 -1.049375 -1.249922
v -3.852296 -0.859985 -1.623684
v -3.852296 -0.638258 -1.957100
v -3.852296 -0.384193 -2.250169
v -3.536735 -0.138869 -2.481898
v -3.852296 -0.060000 -2.531435
v -4.169582 -1.382728 0.000000
v -4.169582 -1.297799 -0.433740
v -4.169582 -1.187288 -0.835389
v -4.169582 -1.032382 -1.248885
v -4.169582 -0.845098 -1.621764
v -4.169582 -0.625436 -1.954028
v -4.169582 -0.373395 -2.245675
v -3.852296 -0.131211 -2.476804
v -4.169582 -0.060000 -2.518645
v -4.488573 -1.358179 0.000000
v -4.488573 -1.275257 -0.433508
v -4.488573 -1.166728 -0.834734
v -4.488573 -1.014024 -1.247528
v -4.488573 -0.828909 -1.619466
v -4.488573 -0.611386 -1.950547
v -4.488573 -0.361452 -2.240773
v -4.169582 -0.122177 -2.470820
v -4.488573 -0.060000 -2.504663
v -4.809247 -1.332215 0.000000
v -4.809247 -1.251385 -0.433227
v -4.809247 -1.144922 -0.834002
v -4.809247 -0.994512 -1.246082
v -4.809247 -0.811661 -1.617088
v -4.809247 -0.596367 -1.947022
v -4.809247 -0.348631 -2.235882
v -4.488573 -0.112081 -2.464453
v -4.809247 -0.060000 -2.490124
v -5.131584 -1.304251 0.000000
v -5.131584 -1.225559 -0.432763
v -5.131584 -1.121220 -0.832936
v -5.131584 -0.973180 -1.244175
v -5.131584 -0.792679 -1.614169
v -5.131584 -0.579717 -1.942916
v -5.131584 -0.334294 -2.230417
v -4.809247 -0.101187 -2.458165
v -5.131584 -0.060000 -2.473913
v -5.455564 -1.274397 0.000000
v -5.455564 -1.197858 -0.432103
v -5.455564 -1.095670 -0.831512
v -5.455564 -0.950050 -1.241769
v -5.455564 -0.771967 -1.610648
v -5.455564 -0.561422 -1.938149
v -5.455564 -0.318414 -2.224272
v -5.131584 -0.088889 -2.451348
v -5.455564 -0.060000 -2.455803
v -5.781169 -1.243078 0.000000
v -5.781169 -1.168697 -0.431315
v -5.781169 -1.068677 -0.829854
v -5.781169 -0.925509 -1.239033
v -5.781169 -0.749892 -1.606729
v -5.781169 -0.541826 -1.932942
v -5.781169 -0.301312 -2.217673
v -5.455564 -0.075155 -2.443867
v -5.781169 -0.060000 -2.436166
v -6.108378 -1.210733 0.000000
v -6.108378 -1.138504 -0.430467
v -6.108378 -1.040657 -0.828084
v -6.108378 -0.899957 -1.236138
v -6.108378 -0.726835 -1.602617
v -6.108378 -0.521290 -1.927521
v -6.108378 -0.060000 -2.415397
v -5.781169 -0.060281 -2.435942
v -6.437176 -1.177814 0.000000
v -6.437176 -1.107723 -0.429626
v -6.437176 -1.012042 -0.826327
v -6.437176 -0.873811 -1.233259
v -6.437176 -0.703192 -1.598521
v -6.437176 -0.500184 -1.922112
v -6.108378 -0.283321 -2.210849
v -6.437176 -0.060000 -2.393922
v -6.767542 -1.144385 0.000000
v -6.767542 -1.076429 -0.428840
v -6.767542 -0.982914 -0.824666
v -6.767542 -0.847158 -1.230509
v -6.767542 -0.679054 -1.594570
v -6.767542 -0.478602 -1.916849
v -6.437176 -0.264788 -2.204031
v -6.767542 -0.060000 -2.371873
v -7.099461 -1.108482 0.000000
v -7.099461 -1.042749 -0.428009
v -7.099461 -0.951496 -0.822911
v -7.099461 -0.818332 -1.227604
v -7.099461 -0.652870 -1.590396
v -7.099461 -0.455109 -1.911288
v -6.767542 -0.245801 -2.197345
v -7.099461 -0.060000 -2.347590
v -7.432915 -1.071078 0.000000
v -7.432915 -1.007593 -0.427139
v -7.432915 -0.918635 -0.821079
v -7.432915 -0.788112 -1.224579
v -7.432915 -0.625350 -1.586063
v -7.432915 -0.430351 -1.905529
v -7.099461 -0.225049 -2.190279
v -7.432915 -0.060000 -2.321584
v -7.767888 -1.033790 0.000000
v -7.767888 -0.972485 -0.426266
v -7.767888 -0.885765 -0.819247
v -7.767888 -0.757826 -1.221565
v -7.767888 -0.597723 -1.581755
v -7.767888 -0.405456 -1.899819
v -7.432915 -0.203115 -2.182979
v -7.767888 -0.060000 -2.294954
v -8.104365 -0.998279 0.000000
v -8.104365 -0.938997 -0.425433
v -8.104365 -0.854366 -0.817503
v -8.104365 -0.728858 -1.218701
v -8.104365 -0.571268 -1.577674
v -8.104365 -0.381596 -1.894420
v -7.767888 -0.181023 -2.175756
v -8.104365 -0.060000 -2.268960
v -8.442329 -0.966249 0.000000
v -8.442329 -0.908748 -0.424685
v -8.442329 -0.825972 -0.815940
v -8.442329 -0.702637 -1.216142
v -8.442329 -0.547312 -1.574033
v -8.442329 -0.359997 -1.889614
v -8.104365 -0.159843 -2.168940
v -8.442329 -0.060000 -2.245039
v -8.781767 -0.917091 0.000000
v -8.781767 -0.862200 -0.423589
v -8.781767 -0.782189 -0.813656
v -8.781767 -0.662151 -1.212412
v -8.781767 -0.510320 -1.568741
v -8.781767 -0.326697 -1.882643
v -8.442329 -0.140693 -2.162884
v -8.781767 -0.060000 -2.207768
v -9.122662 -0.871074 0.000000
v -9.122662 -0.818467 -0.422641
v -9.122662 -0.740935 -0.811685
v -9.122662 -0.623919 -1.209201
v -9.122662 -0.475358 -1.564197
v -9.122662 -0.295252 -1.876672
v -8.781767 -0.111281 -2.154119
v -9.122662 -0.060000 -2.172026
v -9.465000 -0.840000 0.000000
v -9.465000 -0.788890 -0.422007
v -9.465000 -0.712998 -0.810371
v -9.465000 -0.598000 -1.207066
v -9.465000 -0.451638 -1.561180
v -9.465000 -0.273914 -1.872714
v -9.122662 -0.083602 -2.146626
v -9.465000 -0.060000 -2.146968
v 6.550331 -0.060000 0.000314
v 6.493564 -0.060000 0.001314
v 6.443718 -0.060000 0.004026
v 6.209755 -0.385703 0.000000
v 6.391434 -0.060000 0.009128
v 6.377399 -0.079139 0.008606
v 6.253528 -0.148996 0.011107
v 6.318158 -0.060000 0.014321
v 6.138799 -0.225778 0.014072
v 6.257240 -0.060000 0.021878
v 6.037001 -0.307288 0.017569
v 6.209553 -0.060000 0.032542
v 5.950923 -0.390807 0.021727
v 6.174614 -0.060000 0.047227
v 5.882198 -0.473105 0.026781
v 6.150701 -0.060000 0.067079
v 6.126828 -0.095943 0.062979
v 5.831179 -0.536528 0.031707
v 6.060025 -0.163367 0.073726
v 6.125117 -0.060000 0.087821
v 5.796865 -0.591700 0.036777
v 6.007470 -0.223236 0.084695
v 6.103460 -0.060000 0.110789
v 5.776884 -0.646195 0.042602
v 5.967090 -0.283436 0.097170
v 6.087785 -0.060000 0.139023
v 5.767538 -0.700313 0.049334
v 5.935631 -0.344202 0.111385
v 6.073923 -0.060000 0.173698
v 5.763924 -0.754453 0.057175
v 5.908762 -0.405848 0.127666
v 6.056848 -0.060000 0.216281
v 5.760119 -0.809106 0.066383
v 5.881245 -0.468781 0.146434
v 6.030957 -0.060000 0.268561
v 6.013417 -0.107211 0.252830
v 5.749453 -0.860359 0.076333
v 5.847175 -0.528267 0.166349
v 5.953809 -0.173789 0.283972
v 5.988570 -0.060000 0.327078
v 5.724860 -0.900762 0.085278
v 5.800294 -0.575572 0.184030
v 5.882607 -0.227032 0.311231
v 5.922597 -0.060000 0.381065
v 5.679320 -0.942244 0.095560
v 5.734381 -0.624588 0.204186
v 5.794464 -0.282531 0.342009
v 5.833970 -0.060000 0.444779
v 5.606380 -0.984253 0.107120
v 5.643719 -0.674689 0.226691
v 5.684463 -0.339600 0.376089
v 5.718669 -0.060000 0.518569
v 5.500779 -1.026186 0.119843
v 5.523648 -0.725183 0.251310
v 5.548603 -0.397478 0.413104
v 5.574296 -0.060000 0.602300
v 5.572673 -0.081339 0.589608
v 5.359165 -1.067384 0.133549
v 5.371203 -0.775312 0.277690
v 5.384339 -0.455324 0.452509
v 5.397009 -0.144434 0.640735
v 5.400428 -0.060000 0.695197
v 5.180904 -1.107134 0.147981
v 5.185833 -0.824248 0.305337
v 5.191212 -0.512217 0.493570
v 5.196400 -0.206766 0.693669
v 5.198859 -0.060000 0.795692
v 4.969004 -1.144669 0.162806
v 4.970222 -0.871096 0.333616
v 4.971550 -0.567156 0.535343
v 4.972832 -0.267270 0.747198
v 4.973698 -0.060000 0.901344
v 4.731131 -1.179206 0.177636
v 4.731190 -0.914951 0.361786
v 4.731255 -0.619138 0.576741
v 4.731317 -0.324887 0.799939
v 4.731370 -0.060000 1.008988
v 4.480401 -1.211131 0.192845
v 4.480401 -0.956652 0.390539
v 4.480401 -0.669403 0.618738
v 4.480401 -0.381137 0.853073
v 4.480401 -0.060000 1.120346
v 4.480401 -0.091854 1.093543
v 4.226226 -1.240839 0.208594
v 4.226226 -0.996646 0.420182
v 4.226226 -0.718438 0.661796
v 4.226226 -0.436531 0.907199
v 4.226226 -0.150927 1.156390
v 4.226226 -0.060000 1.235841
v 3.969210 -1.268347 0.224703
v 3.969210 -1.034692 0.450396
v 3.969210 -0.765767 0.705484
v 3.969210 -0.490423 0.961823
v 3.969210 -0.208659 1.219415
v 3.969210 -0.060000 1.353504
v 3.709425 -1.293693 0.240975
v 3.709425 -1.070552 0.480829
v 3.709425 -0.810909 0.749325
v 3.709425 -0.542151 1.016403
v 3.709425 -0.264277 1.282063
v 3.709425 -0.060000 1.471146
v 3.446939 -1.316931 0.257199
v 3.446939 -1.103999 0.511106
v 3.446939 -0.853381 0.792818
v 3.446939 -0.591044 1.070364
v 3.446939 -0.316988 1.343744
v 3.446939 -0.060000 1.586518
v 3.181814 -1.338134 0.273155
v 3.181814 -1.134811 0.540836
v 3.181814 -0.892699 0.835435
v 3.181814 -0.636426 1.123107
v 3.181814 -0.365992 1.403850
v 3.181814 -0.060000 1.697447
v 3.181814 -0.081398 1.677667
v 2.914110 -1.357395 0.288619
v 2.914110 -1.162779 0.569620
v 2.914110 -0.928379 0.876642
v 2.914110 -0.677611 1.174023
v 2.914110 -0.410476 1.461764
v 2.914110 -0.126974 1.739863
v 2.914110 -0.060000 1.801961
v 2.643885 -1.374291 0.303540
v 2.643885 -1.187414 0.597350
v 2.643885 -0.959871 0.916256
v 2.643885 -0.714004 1.222849
v 2.643885 -0.449813 1.517127
v 2.643885 -0.167297 1.799092
v 2.643885 -0.060000 1.898590
v 2.371192 -1.388282 0.318007
v 2.371192 -1.208451 0.624160
v 2.371192 -0.987161 0.954411
v 2.371192 -0.745774 1.269658
v 2.371192 -0.484290 1.569901
v 2.371192 -0.202709 1.855141
v 2.371192 -0.060000 1.987096
v 2.096081 -1.399731 0.331887
v 2.096081 -1.226318 0.649818
v 2.096081 -1.010735 0.990809
v 2.096081 -0.773453 1.314137
v 2.096081 -0.514474 1.619803
v 2.096081 -0.233796 1.907806
v 2.096081 -0.060000 2.067693
v 1.818602 -1.409035 0.345052
v 1.818602 -1.241474 0.674109
v 1.818602 -1.031112 1.025181
v 1.818602 -0.797609 1.356009
v 1.818602 -0.540964 1.666596
v 1.818602 -0.261178 1.956939
v 1.818602 -0.060000 2.140817
v 1.538801 -1.416611 0.357390
v 1.538801 -1.254406 0.696845
v 1.538801 -1.048843 1.057294
v 1.538801 -0.818839 1.395045
v 1.538801 -0.564395 1.710098
v 1.538801 -0.285510 2.002452
v 1.538801 -0.060000 2.207083
v 1.256721 -1.422901 0.368803
v 1.256721 -1.265626 0.717864
v 1.256721 -1.064504 1.086959
v 1.256721 -0.837773 1.431068
v 1.256721 -0.585432 1.750190
v 1.256721 -0.307481 2.044327
v 1.256721 -0.060000 2.267252
v 0.972406 -1.428369 0.379210
v 0.972406 -1.275670 0.737035
v 0.972406 -1.078702 1.114026
v 0.972406 -0.855070 1.463953
v 0.972406 -0.604773 1.786814
v 0.972406 -0.327813 2.082611
v 0.972406 -0.060000 2.322195
v 0.685895 -1.432649 0.388318
v 0.685895 -1.283930 0.753810
v 0.685895 -1.090611 1.137704
v 0.685895 -0.869753 1.492708
v 0.685895 -0.621355 1.818823
v 0.685895 -0.345418 2.116049
v 0.685895 -0.060000 2.369851
v 0.685895 -0.077021 2.355998
v 0.397227 -1.435248 0.396048
v 0.397227 -1.289792 0.768025
v 0.397227 -1.099512 1.157726
v 0.397227 -0.881025 1.516962
v 0.397227 -0.634329 1.845732
v 0.397227 -0.359425 2.144037
v 0.397227 -0.091385 2.383622
v 0.397227 -0.060000 2.408937
v 0.106438 -1.436271 0.402603
v 0.106438 -1.293552 0.780055
v 0.106438 -1.105868 1.174628
v 0.106438 -0.889464 1.537370
v 0.106438 -0.644339 1.868281
v 0.106438 -0.370494 2.167362
v 0.106438 -0.102966 2.406491
v 0.106438 -0.060000 2.440885
v -0.186435 -1.435830 0.408204
v -0.186435 -1.295520 0.790313
v -0.186435 -1.110160 1.188995
v -0.186435 -0.895673 1.554652
v -0.186435 -0.652057 1.887283
v -0.186435 -0.379313 2.186889
v -0.186435 -0.112421 2.425481
v -0.186435 -0.060000 2.467168
v -0.481358 -1.434040 0.413093
v -0.481358 -1.296015 0.799245
v -0.481358 -1.112888 1.201466
v -0.481358 -0.900275 1.569590
v -0.481358 -0.658177 1.903619
v -0.481358 -0.386592 2.203552
v -0.481358 -0.120429 2.441535
v -0.481358 -0.060000 2.489308
v -0.778300 -1.431018 0.417528
v -0.778300 -1.295365 0.807331
v -0.778300 -1.114565 1.212719
v -0.778300 -0.903914 1.583018
v -0.778300 -0.663412 1.918227
v -0.778300 -0.393061 2.218347
v -0.778300 -0.127689 2.455662
v -0.778300 -0.060000 2.508867
v -1.077227 -1.426867 0.421627
v -1.077227 -1.293817 0.814787
v -1.077227 -1.115559 1.223066
v -1.077227 -0.907043 1.595316
v -1.077227 -0.668269 1.931538
v -1.077227 -0.399237 2.231731
v -1.077227 -0.134696 2.468324
v -1.077227 -0.060000 2.526695
v -1.378111 -1.421519 0.424833
v -1.378111 -1.291055 0.820585
v -1.378111 -1.115342 1.231045
v -1.378111 -0.908985 1.604700
v -1.378111 -0.671985 1.941549
v -1.378111 -0.404342 2.241593
v -1.378111 -0.140712 2.477400
v -1.378111 -0.060000 2.540141
v -1.680922 -1.414828 0.427221
v -1.680922 -1.286885 0.824862
v -1.680922 -1.113678 1.236851
v -1.680922 -0.909478 1.611404
v -1.680922 -0.674283 1.948520
v -1.680922 -0.408096 2.248199
v -1.680922 -0.145466 2.483152
v -1.680922 -0.060000 2.549292
v -1.985631 -1.406648 0.428983
v -1.985631 -1.281160 0.827974
v -1.985631 -1.110419 1.240986
v -1.985631 -0.908370 1.616039
v -1.985631 -0.675013 1.953132
v -1.985631 -0.410349 2.252265
v -1.985631 -0.148809 2.486293
v -1.985631 -0.060000 2.554768
v -2.292212 -1.396826 0.430322
v -2.292212 -1.273727 0.830291
v -2.292212 -1.105410 1.243976
v -2.292212 -0.905508 1.619245
v -2.292212 -0.674021 1.956100
v -2.292212 -0.410949 2.254539
v -2.292212 -0.150592 2.487568
v -2.292212 -0.060000 2.557214
v -2.600637 -1.385210 0.431446
v -2.600637 -1.264429 0.832201
v -2.600637 -1.098495 1.246365
v -2.600637 -0.900735 1.621686
v -2.600637 -0.671150 1.958163
v -2.600637 -0.409740 2.255797
v -2.600637 -0.150658 2.487751
v -2.600637 -0.060000 2.557297
v -2.910883 -1.371634 0.432541
v -2.910883 -1.253099 0.834045
v -2.910883 -1.089499 1.248636
v -2.910883 -0.893873 1.623945
v -2.910883 -0.666222 1.959972
v -2.910883 -0.406543 2.256716
v -2.910883 -0.148832 2.487511
v -2.910883 -0.060000 2.555562
v -3.222924 -1.355969 0.433327
v -3.222924 -1.239550 0.835297
v -3.222924 -1.078193 1.250032
v -3.222924 -0.884662 1.625080
v -3.222924 -0.658957 1.960441
v -3.222924 -0.401079 2.256115
v -3.222924 -0.144843 2.485620
v -3.222924 -0.060000 2.550583
v -3.536735 -1.338330 0.433736
v -3.536735 -1.223922 0.835836
v -3.536735 -1.064733 1.250385
v -3.536735 -0.873270 1.624894
v -3.536735 -0.649535 1.959364
v -3.536735 -0.393526 2.253795
v -3.536735 -0.138869 2.481898
v -3.536735 -0.060000 2.542314
v -3.852296 -1.318883 0.433846
v -3.852296 -1.206427 0.835813
v -3.852296 -1.049375 1.249922
v -3.852296 -0.859985 1.623684
v -3.852296 -0.638258 1.957100
v -3.852296 -0.384193 2.250169
v -3.852296 -0.131211 2.476804
v -3.852296 -0.060000 2.531435
v -4.169582 -1.297799 0.433740
v -4.169582 -1.187288 0.835389
v -4.169582 -1.032382 1.248885
v -4.169582 -0.845098 1.621764
v -4.169582 -0.625436 1.954028
v -4.169582 -0.373395 2.245675
v -4.169582 -0.122177 2.470820
v -4.169582 -0.060000 2.518645
v -4.488573 -1.275257 0.433508
v -4.488573 -1.166728 0.834734
v -4.488573 -1.014024 1.247528
v -4.488573 -0.828909 1.619466
v -4.488573 -0.611386 1.950547
v -4.488573 -0.361452 2.240773
v -4.488573 -0.112081 2.464453
v -4.488573 -0.060000 2.504663
v -4.809247 -1.251385 0.433227
v -4.809247 -1.144922 0.834002
v -4.809247 -0.994512 1.246082
v -4.809247 -0.811661 1.617088
v -4.809247 -0.596367 1.947022
v -4.809247 -0.348631 2.235882
v -4.809247 -0.101187 2.458165
v -4.809247 -0.060000 2.490124
v -5.131584 -1.225559 0.432763
v -5.131584 -1.121220 0.832936
v -5.131584 -0.973180 1.244175
v -5.131584 -0.792679 1.614169
v -5.131584 -0.579717 1.942916
v -5.131584 -0.334294 2.230417
v -5.131584 -0.088889 2.451348
v -5.131584 -0.060000 2.473913
v -5.455564 -1.197858 0.432103
v -5.455564 -1.095670 0.831512
v -5.455564 -0.950050 1.241769
v -5.455564 -0.771967 1.610648
v -5.455564 -0.561422 1.938149
v -5.455564 -0.318414 2.224272
v -5.455564 -0.075155 2.443867
v -5.455564 -0.060000 2.455803
v -5.781169 -1.168697 0.431315
v -5.781169 -1.068677 0.829854
v -5.781169 -0.925509 1.239033
v -5.781169 -0.749892 1.606729
v -5.781169 -0.541826 1.932942
v -5.781169 -0.301312 2.217673
v -5.781169 -0.060281 2.435942
v -5.781169 -0.060000 2.436166
v -6.108378 -1.138504 0.430467
v -6.108378 -1.040657 0.828084
v -6.108378 -0.899957 1.236138
v -6.108378 -0.726835 1.602617
v -6.108378 -0.521290 1.927521
v -6.108378 -0.283321 2.210849
v -6.108378 -0.060000 2.415397
v -6.437176 -1.107723 0.429626
v -6.437176 -1.012042 0.826327
v -6.437176 -0.873811 1.233259
v -6.437176 -0.703192 1.598521
v -6.437176 -0.500184 1.922112
v -6.437176 -0.264788 2.204031
v -6.437176 -0.060000 2.393922
v -6.767542 -1.076429 0.428840
v -6.767542 -0.982914 0.824666
v -6.767542 -0.847158 1.230509
v -6.767542 -0.679054 1.594570
v -6.767542 -0.478602 1.916849
v -6.767542 -0.245801 2.197345
v -6.767542 -0.060000 2.371873
v -7.099461 -1.042749 0.428009
v -7.099461 -0.951496 0.822911
v -7.099461 -0.818332 1.227604
v -7.099461 -0.652870 1.590396
v -7.099461 -0.455109 1.911288
v -7.099461 -0.225049 2.190279
v -7.099461 -0.060000 2.347590
v -7.432915 -1.007593 0.427139
v -7.432915 -0.918635 0.821079
v -7.432915 -0.788112 1.224579
v -7.432915 -0.625350 1.586063
v -7.432915 -0.430351 1.905529
v -7.432915 -0.203115 2.182979
v -7.432915 -0.060000 2.321584
v -7.767888 -0.972485 0.426266
v -7.767888 -0.885765 0.819247
v -7.767888 -0.757826 1.221565
v -7.767888 -0.597723 1.581755
v -7.767888 -0.405456 1.899819
v -7.767888 -0.181023 2.175756
v -7.767888 -0.060000 2.294954
v -8.104365 -0.938997 0.425433
v -8.104365 -0.854366 0.817503
v -8.104365 -0.728858 1.218701
v -8.104365 -0.571268 1.577674
v -8.104365 -0.381596 1.894420
v -8.104365 -0.159843 2.168940
v -8.104365 -0.060000 2.268960
v -8.442329 -0.908748 0.424685
v -8.442329 -0.825972 0.815940
v -8.442329 -0.702637 1.216142
v -8.442329 -0.547312 1.574033
v -8.442329 -0.359997 1.889614
v -8.442329 -0.140693 2.162884
v -8.442329 -0.060000 2.245039
v -8.781767 -0.862200 0.423589
v -8.781767 -0.782189 0.813656
v -8.781767 -0.662151 1.212412
v -8.781767 -0.510320 1.568741
v -8.781767 -0.326697 1.882643
v -8.781767 -0.111281 2.154119
v -8.781767 -0.060000 2.207768
v -9.122662 -0.818467 0.422641
v -9.122662 -0.740935 0.811685
v -9.122662 -0.623919 1.209201
v -9.122662 -0.475358 1.564197
v -9.122662 -0.295252 1.876672
v -9.122662 -0.083602 2.146626
v -9.122662 -0.060000 2.172026
v -9.465000 -0.788890 0.422007
v -9.465000 -0.712998 0.810371
v -9.465000 -0.598000 1.207066
v -9.465000 -0.451638 1.561180
v -9.465000 -0.273914 1.872714
v -9.465000 -0.064826 2.141669
v -9.465000 -0.060000 2.146968
v 6.663824 -0.060000 0.000000
v -9.465000 -0.064826 -2.141669
vt 0.027346 0.009502
vt 0.027415 0.009537
vt 0.027302 0.009627
vt 0.211979 0.068888
vt 0.211884 0.068817
vt 0.211958 0.068746
vt 0.211922 0.069082
vt 0.211816 0.068881
vt 0.211879 0.069325
vt 0.211756 0.068937
vt 0.211699 0.069035
vt 0.211694 0.068995
vt 0.211820 0.069866
vt 0.211631 0.069259
vt 0.211606 0.069078
vt 0.211756 0.070087
vt 0.211582 0.069482
vt 0.211533 0.069145
vt 0.211714 0.070303
vt 0.211554 0.069695
vt 0.211477 0.069197
vt 0.211695 0.070507
vt 0.211548 0.069893
vt 0.211437 0.069233
vt 0.211698 0.070691
vt 0.211561 0.070069
vt 0.184614 0.239753
vt 0.184641 0.239699
vt 0.184679 0.239717
vt 0.183985 0.240910
vt 0.184247 0.240401
vt 0.184317 0.240316
vt 0.184527 0.239839
vt 0.184602 0.239681
vt 0.183932 0.240994
vt 0.184189 0.240476
vt 0.184451 0.239914
vt 0.184560 0.239662
vt 0.432505 0.250838
vt 0.432392 0.250194
vt 0.432393 0.250097
vt 0.184376 0.239991
vt 0.184513 0.239640
vt 0.432476 0.250912
vt 0.432373 0.250285
vt 0.184135 0.240552
vt 0.184301 0.240069
vt 0.184457 0.239614
vt 0.432428 0.250976
vt 0.432346 0.250372
vt 0.184083 0.240628
vt 0.184224 0.240147
vt 0.184389 0.239582
vt 0.432370 0.251034
vt 0.432319 0.250461
vt 0.184032 0.240704
vt 0.184142 0.240226
vt 0.184286 0.239622
vt 0.184303 0.239542
vt 0.183780 0.241352
vt 0.183923 0.240849
vt 0.183978 0.240780
vt 0.184059 0.240297
vt 0.184173 0.239693
vt 0.184202 0.239495
vt 0.183755 0.241416
vt 0.183873 0.240901
vt 0.183984 0.240350
vt 0.184071 0.239744
vt 0.184100 0.239448
vt 0.010112 0.047002
vt 0.009605 0.046922
vt 0.009538 0.046849
vt 0.009066 0.046801
vt 0.008987 0.046696
vt 0.008484 0.046663
vt 0.008395 0.046524
vt 0.183975 0.239391
vt 0.010165 0.047043
vt 0.009673 0.047041
vt 0.009146 0.046946
vt 0.008574 0.046837
vt 0.008095 0.046742
vt 0.008103 0.046569
vt 0.010217 0.047134
vt 0.009740 0.047213
vt 0.009225 0.047139
vt 0.008664 0.047054
vt 0.008121 0.046966
vt 0.008084 0.046960
vt 0.010268 0.047285
vt 0.009804 0.047444
vt 0.009304 0.047385
vt 0.008754 0.047316
vt 0.008218 0.047245
vt 0.010316 0.047502
vt 0.009865 0.047737
vt 0.009379 0.047686
vt 0.008841 0.047627
vt 0.008313 0.047565
vt 0.008072 0.047225
vt 0.010360 0.047785
vt 0.009922 0.048084
vt 0.009450 0.048037
vt 0.008924 0.047981
vt 0.008405 0.047922
vt 0.008059 0.047533
vt 0.010399 0.048130
vt 0.009973 0.048475
vt 0.009515 0.048426
vt 0.009002 0.048369
vt 0.008491 0.048310
vt 0.008045 0.047880
vt 0.010432 0.048522
vt 0.010019 0.048887
vt 0.009577 0.048835
vt 0.009077 0.048774
vt 0.008575 0.048713
vt 0.008071 0.048649
vt 0.008031 0.048254
vt 0.010460 0.048938
vt 0.010062 0.049304
vt 0.009635 0.049249
vt 0.009150 0.049185
vt 0.008657 0.049121
vt 0.008159 0.049055
vt 0.008015 0.048642
vt 0.010483 0.049359
vt 0.010100 0.049726
vt 0.009691 0.049667
vt 0.009219 0.049600
vt 0.008737 0.049533
vt 0.008244 0.049466
vt 0.008000 0.049034
vt 0.010502 0.049785
vt 0.010136 0.050153
vt 0.009742 0.050090
vt 0.009285 0.050020
vt 0.008813 0.049950
vt 0.008326 0.049881
vt 0.007984 0.049431
vt 0.045098 0.026888
vt 0.045529 0.026446
vt 0.045501 0.026886
vt 0.045954 0.026445
vt 0.045903 0.026884
vt 0.046353 0.026882
vt 0.046426 0.026443
vt 0.046801 0.026880
vt 0.008884 0.050372
vt 0.008403 0.050301
vt 0.007968 0.049831
vt 0.045098 0.026448
vt 0.045555 0.026002
vt 0.046004 0.026001
vt 0.046497 0.025999
vt 0.046891 0.026440
vt 0.046980 0.025997
vt 0.047349 0.026438
vt 0.007975 0.050654
vt 0.007937 0.050649
vt 0.007952 0.050237
vt 0.045098 0.026004
vt 0.045581 0.025554
vt 0.046052 0.025552
vt 0.046567 0.025550
vt 0.047065 0.025548
vt 0.047450 0.025994
vt 0.008537 0.051155
vt 0.008474 0.050725
vt 0.008039 0.051082
vt 0.045098 0.025103
vt 0.045098 0.025555
vt 0.045606 0.025101
vt 0.046099 0.025100
vt 0.046633 0.025098
vt 0.047147 0.025096
vt 0.047547 0.025546
vt 0.570067 0.370774
vt 0.570067 0.370024
vt 0.570350 0.370440
vt 0.008096 0.051515
vt 0.007922 0.051066
vt 0.045098 0.024646
vt 0.045630 0.024645
vt 0.046143 0.024643
vt 0.046697 0.024641
vt 0.047225 0.024639
vt 0.047640 0.025094
vt 0.047728 0.024637
vt 0.048112 0.025091
vt 0.008144 0.051953
vt 0.007908 0.051489
vt 0.045098 0.024185
vt 0.045654 0.024184
vt 0.046186 0.024182
vt 0.046758 0.024181
vt 0.047300 0.024179
vt 0.047812 0.024176
vt 0.048206 0.024635
vt 0.008185 0.052396
vt 0.007894 0.051919
vt 0.045098 0.023720
vt 0.045676 0.023719
vt 0.046227 0.023718
vt 0.046815 0.023716
vt 0.047370 0.023714
vt 0.047890 0.023712
vt 0.048294 0.024174
vt 0.008220 0.052844
vt 0.007881 0.052354
vt 0.045098 0.023251
vt 0.045696 0.023250
vt 0.046265 0.023249
vt 0.046869 0.023247
vt 0.047435 0.023245
vt 0.047963 0.023243
vt 0.048377 0.023709
vt 0.008251 0.053296
vt 0.007868 0.052796
vt 0.045098 0.022779
vt 0.045716 0.022778
vt 0.046300 0.022776
vt 0.046919 0.022775
vt 0.047495 0.022773
vt 0.048030 0.022771
vt 0.048453 0.023241
vt 0.008277 0.053753
vt 0.007856 0.053243
vt 0.045098 0.022302
vt 0.045733 0.022301
vt 0.046333 0.022300
vt 0.046964 0.022298
vt 0.047551 0.022297
vt 0.048092 0.022295
vt 0.048523 0.022768
vt 0.008302 0.054215
vt 0.007845 0.053695
vt 0.045098 0.021822
vt 0.045748 0.021821
vt 0.046361 0.021820
vt 0.047004 0.021818
vt 0.047599 0.021817
vt 0.048145 0.021815
vt 0.048587 0.022292
vt 0.007852 0.054618
vt 0.007823 0.054615
vt 0.007833 0.054152
vt 0.045098 0.021339
vt 0.045761 0.021338
vt 0.046384 0.021336
vt 0.047037 0.021335
vt 0.047639 0.021333
vt 0.048190 0.021331
vt 0.048643 0.021812
vt 0.008336 0.055153
vt 0.008322 0.054681
vt 0.007867 0.055090
vt 0.045098 0.020851
vt 0.045772 0.020850
vt 0.046405 0.020849
vt 0.047066 0.020848
vt 0.047674 0.020846
vt 0.048228 0.020844
vt 0.048690 0.021329
vt 0.008346 0.055629
vt 0.007878 0.055566
vt 0.007813 0.055083
vt 0.045098 0.020361
vt 0.045782 0.020360
vt 0.046422 0.020359
vt 0.047090 0.020357
vt 0.047703 0.020355
vt 0.048260 0.020353
vt 0.048729 0.020842
vt 0.008352 0.056109
vt 0.007886 0.056046
vt 0.007803 0.055557
vt 0.045098 0.019867
vt 0.045790 0.019866
vt 0.046437 0.019864
vt 0.047111 0.019863
vt 0.047728 0.019861
vt 0.048287 0.019859
vt 0.048762 0.020351
vt 0.008356 0.056593
vt 0.007891 0.056531
vt 0.007794 0.056035
vt 0.045098 0.019369
vt 0.045797 0.019368
vt 0.046450 0.019367
vt 0.047130 0.019365
vt 0.047750 0.019364
vt 0.048312 0.019362
vt 0.048790 0.019857
vt 0.008359 0.057082
vt 0.007895 0.057019
vt 0.007786 0.056518
vt 0.045098 0.018868
vt 0.045804 0.018867
vt 0.046463 0.018866
vt 0.047147 0.018865
vt 0.047771 0.018863
vt 0.048334 0.018861
vt 0.048815 0.019360
vt 0.008361 0.057574
vt 0.007899 0.057511
vt 0.007777 0.057005
vt 0.045098 0.018364
vt 0.045809 0.018363
vt 0.046473 0.018362
vt 0.047160 0.018360
vt 0.047786 0.018359
vt 0.048351 0.018357
vt 0.048837 0.018859
vt 0.008362 0.058070
vt 0.007901 0.058008
vt 0.007769 0.057496
vt 0.045098 0.017856
vt 0.045813 0.017856
vt 0.046480 0.017855
vt 0.047170 0.017853
vt 0.047798 0.017851
vt 0.048362 0.017850
vt 0.048854 0.018355
vt 0.008361 0.058570
vt 0.007901 0.058508
vt 0.007761 0.057991
vt 0.045098 0.017346
vt 0.045816 0.017345
vt 0.046485 0.017344
vt 0.047177 0.017343
vt 0.047805 0.017341
vt 0.048370 0.017339
vt 0.048865 0.017847
vt 0.008357 0.059073
vt 0.007900 0.059012
vt 0.007753 0.058490
vt 0.045098 0.016832
vt 0.045819 0.016831
vt 0.046489 0.016830
vt 0.047182 0.016829
vt 0.047811 0.016827
vt 0.048375 0.016825
vt 0.048871 0.017337
vt 0.008351 0.059581
vt 0.007895 0.059520
vt 0.007745 0.058994
vt 0.045098 0.016315
vt 0.045820 0.016314
vt 0.046492 0.016313
vt 0.047186 0.016312
vt 0.047815 0.016310
vt 0.048379 0.016309
vt 0.048875 0.016823
vt 0.008341 0.060091
vt 0.007888 0.060030
vt 0.007738 0.059501
vt 0.045098 0.015795
vt 0.045822 0.015794
vt 0.046495 0.015794
vt 0.047190 0.015792
vt 0.047819 0.015791
vt 0.048382 0.015789
vt 0.048877 0.016306
vt 0.008329 0.060605
vt 0.007878 0.060544
vt 0.007731 0.060012
vt 0.045098 0.015272
vt 0.045824 0.015272
vt 0.046497 0.015271
vt 0.047192 0.015269
vt 0.047821 0.015268
vt 0.048382 0.015266
vt 0.048879 0.015787
vt 0.008312 0.061122
vt 0.007717 0.061045
vt 0.007724 0.060526
vt 0.045098 0.014746
vt 0.045824 0.014746
vt 0.046498 0.014745
vt 0.047193 0.014743
vt 0.047820 0.014742
vt 0.048381 0.014740
vt 0.048878 0.015264
vt 0.008293 0.061642
vt 0.007864 0.061062
vt 0.007710 0.061566
vt 0.045098 0.014217
vt 0.045825 0.014217
vt 0.046498 0.014216
vt 0.047192 0.014215
vt 0.047818 0.014213
vt 0.048377 0.014211
vt 0.048874 0.014738
vt 0.008270 0.062166
vt 0.007847 0.061582
vt 0.007704 0.062092
vt 0.045098 0.013686
vt 0.045824 0.013685
vt 0.046497 0.013684
vt 0.047190 0.013683
vt 0.047815 0.013681
vt 0.048372 0.013679
vt 0.048868 0.014209
vt 0.008245 0.062693
vt 0.007828 0.062106
vt 0.007698 0.062621
vt 0.045098 0.013151
vt 0.045824 0.013150
vt 0.046496 0.013149
vt 0.047188 0.013148
vt 0.047811 0.013147
vt 0.048366 0.013145
vt 0.048860 0.013677
vt 0.008218 0.063222
vt 0.007806 0.062633
vt 0.007691 0.063153
vt 0.045098 0.012614
vt 0.045823 0.012613
vt 0.046495 0.012612
vt 0.047185 0.012611
vt 0.047807 0.012609
vt 0.048360 0.012607
vt 0.048852 0.013143
vt 0.008190 0.063754
vt 0.007782 0.063163
vt 0.007685 0.063688
vt 0.045098 0.012073
vt 0.045823 0.012073
vt 0.046493 0.012072
vt 0.047182 0.012070
vt 0.047802 0.012069
vt 0.048353 0.012067
vt 0.048844 0.012605
vt 0.008159 0.064290
vt 0.007757 0.063696
vt 0.007679 0.064226
vt 0.045098 0.011530
vt 0.045822 0.011530
vt 0.046491 0.011529
vt 0.047178 0.011527
vt 0.047796 0.011526
vt 0.048345 0.011524
vt 0.048835 0.012065
vt 0.008125 0.064828
vt 0.007729 0.064232
vt 0.007673 0.064767
vt 0.045098 0.010984
vt 0.045820 0.010984
vt 0.046488 0.010983
vt 0.047174 0.010982
vt 0.047790 0.010980
vt 0.048336 0.010979
vt 0.048825 0.011522
vt 0.008089 0.065369
vt 0.007700 0.064770
vt 0.007667 0.065311
vt 0.045098 0.010436
vt 0.045819 0.010435
vt 0.046485 0.010434
vt 0.047169 0.010433
vt 0.047783 0.010432
vt 0.048327 0.010430
vt 0.048814 0.010977
vt 0.007661 0.065858
vt 0.007668 0.065311
vt 0.045098 0.009885
vt 0.045817 0.009884
vt 0.046482 0.009883
vt 0.047164 0.009882
vt 0.047776 0.009881
vt 0.048318 0.009879
vt 0.048802 0.010428
vt 0.008052 0.065912
vt 0.007656 0.066409
vt 0.045098 0.009331
vt 0.045816 0.009330
vt 0.046479 0.009330
vt 0.047159 0.009328
vt 0.047769 0.009327
vt 0.048309 0.009325
vt 0.048791 0.009877
vt 0.008014 0.066458
vt 0.007650 0.066961
vt 0.045098 0.008774
vt 0.045815 0.008774
vt 0.046476 0.008773
vt 0.047155 0.008772
vt 0.047762 0.008771
vt 0.048300 0.008769
vt 0.048779 0.009323
vt 0.007975 0.067007
vt 0.007644 0.067517
vt 0.045098 0.008215
vt 0.045813 0.008215
vt 0.046473 0.008214
vt 0.047149 0.008213
vt 0.047755 0.008212
vt 0.048291 0.008210
vt 0.048768 0.008767
vt 0.007933 0.067558
vt 0.007639 0.068076
vt 0.045098 0.007654
vt 0.045812 0.007653
vt 0.046470 0.007653
vt 0.047144 0.007652
vt 0.047748 0.007650
vt 0.048281 0.007649
vt 0.048755 0.008208
vt 0.007890 0.068112
vt 0.007633 0.068638
vt 0.045098 0.007090
vt 0.045811 0.007089
vt 0.046467 0.007089
vt 0.047140 0.007088
vt 0.047741 0.007086
vt 0.048272 0.007085
vt 0.048743 0.007647
vt 0.007845 0.068669
vt 0.007627 0.069202
vt 0.045098 0.006523
vt 0.045809 0.006523
vt 0.046465 0.006522
vt 0.047135 0.006521
vt 0.047735 0.006520
vt 0.048264 0.006518
vt 0.048732 0.007083
vt 0.007803 0.069228
vt 0.007622 0.069768
vt 0.045098 0.005954
vt 0.045807 0.005954
vt 0.046461 0.005953
vt 0.047129 0.005952
vt 0.047726 0.005951
vt 0.048252 0.005949
vt 0.048722 0.006517
vt 0.007763 0.069789
vt 0.007617 0.070339
vt 0.045098 0.005383
vt 0.045806 0.005382
vt 0.046458 0.005382
vt 0.047124 0.005381
vt 0.047719 0.005379
vt 0.048242 0.005378
vt 0.048707 0.005948
vt 0.007707 0.070353
vt 0.007612 0.070913
vt 0.045098 0.004809
vt 0.045805 0.004808
vt 0.046456 0.004808
vt 0.047120 0.004807
vt 0.047714 0.004806
vt 0.048236 0.004804
vt 0.048695 0.005376
vt 0.048695 0.004802
vt 0.048737 0.005376
vt 0.027420 0.009640
vt 0.027209 0.009809
vt 0.027424 0.009735
vt 0.027071 0.010017
vt 0.027428 0.009819
vt 0.026902 0.010237
vt 0.027433 0.009907
vt 0.027402 0.009932
vt 0.026739 0.010456
vt 0.027295 0.010145
vt 0.026631 0.010662
vt 0.027439 0.010030
vt 0.027177 0.010343
vt 0.026512 0.010850
vt 0.027445 0.010132
vt 0.027049 0.010520
vt 0.026385 0.011013
vt 0.027450 0.010213
vt 0.026916 0.010672
vt 0.026254 0.011146
vt 0.027454 0.010273
vt 0.026785 0.010794
vt 0.026128 0.011245
vt 0.027458 0.010315
vt 0.027399 0.010358
vt 0.184341 0.240445
vt 0.027293 0.010476
vt 0.026683 0.010885
vt 0.027462 0.010360
vt 0.610242 0.536657
vt 0.610258 0.536003
vt 0.610258 0.536742
vt 0.184701 0.240032
vt 0.184298 0.240527
vt 0.027466 0.010399
vt 0.027198 0.010570
vt 0.610242 0.587198
vt 0.610278 0.586557
vt 0.610278 0.587269
vt 0.184663 0.240126
vt 0.184261 0.240611
vt 0.184925 0.239834
vt 0.620219 0.535226
vt 0.620270 0.534606
vt 0.620270 0.535288
vt 0.184631 0.240224
vt 0.184229 0.240697
vt 0.184971 0.239856
vt 0.630187 0.312495
vt 0.630245 0.311902
vt 0.630245 0.312554
vt 0.184602 0.240325
vt 0.184201 0.240784
vt 0.185029 0.239883
vt 0.614788 0.641758
vt 0.614843 0.641197
vt 0.614843 0.641819
vt 0.184576 0.240429
vt 0.184175 0.240873
vt 0.185097 0.239916
vt 0.185035 0.239974
vt 0.659683 0.066519
vt 0.659721 0.065988
vt 0.659721 0.066581
vt 0.184551 0.240529
vt 0.184149 0.240956
vt 0.185013 0.240088
vt 0.185170 0.239950
vt 0.184125 0.241020
vt 0.183732 0.241465
vt 0.184528 0.240606
vt 0.026710 0.010873
vt 0.027225 0.010804
vt 0.026636 0.010957
vt 0.027306 0.010678
vt 0.027508 0.010731
vt 0.025519 0.011249
vt 0.026024 0.011181
vt 0.025467 0.011293
vt 0.026089 0.011100
vt 0.026562 0.011074
vt 0.027143 0.010959
vt 0.027522 0.010886
vt 0.025961 0.011307
vt 0.025417 0.011387
vt 0.026487 0.011232
vt 0.027059 0.011152
vt 0.027538 0.011087
vt 0.025900 0.011489
vt 0.025372 0.011541
vt 0.026415 0.011439
vt 0.026977 0.011388
vt 0.027558 0.011337
vt 0.027522 0.011340
vt 0.025844 0.011730
vt 0.025332 0.011761
vt 0.026346 0.011701
vt 0.026897 0.011671
vt 0.027435 0.011645
vt 0.027582 0.011638
vt 0.025793 0.012033
vt 0.025297 0.012049
vt 0.026282 0.012018
vt 0.026822 0.012003
vt 0.027352 0.011991
vt 0.027608 0.011986
vt 0.025749 0.012391
vt 0.025270 0.012399
vt 0.026223 0.012385
vt 0.026752 0.012379
vt 0.027274 0.012375
vt 0.027636 0.012373
vt 0.025711 0.012793
vt 0.025250 0.012796
vt 0.026172 0.012791
vt 0.026688 0.012790
vt 0.027202 0.012789
vt 0.027666 0.012790
vt 0.025679 0.013216
vt 0.025236 0.013216
vt 0.026125 0.013216
vt 0.026628 0.013217
vt 0.027134 0.013219
vt 0.027698 0.013221
vt 0.027642 0.013221
vt 0.025651 0.013645
vt 0.025227 0.013642
vt 0.026081 0.013648
vt 0.026571 0.013651
vt 0.027067 0.013654
vt 0.027569 0.013657
vt 0.027730 0.013658
vt 0.025627 0.014078
vt 0.025222 0.014073
vt 0.026041 0.014083
vt 0.026516 0.014089
vt 0.027002 0.014094
vt 0.027500 0.014098
vt 0.027762 0.014101
vt 0.045098 0.027323
vt 0.044694 0.026886
vt 0.452671 0.589856
vt 0.452671 0.589243
vt 0.452956 0.589526
vt 0.026466 0.014531
vt 0.026004 0.014523
vt 0.026942 0.014538
vt 0.027434 0.014544
vt 0.027794 0.014548
vt 0.044667 0.026446
vt 0.044241 0.026445
vt 0.043842 0.026882
vt 0.043769 0.026443
vt 0.026420 0.014978
vt 0.026887 0.014986
vt 0.027373 0.014994
vt 0.027827 0.014999
vt 0.044640 0.026002
vt 0.044191 0.026001
vt 0.043698 0.025999
vt 0.043304 0.026440
vt 0.043216 0.025997
vt 0.026837 0.015439
vt 0.027318 0.015447
vt 0.027859 0.015454
vt 0.027821 0.015453
vt 0.044614 0.025554
vt 0.044143 0.025552
vt 0.043629 0.025550
vt 0.043131 0.025548
vt 0.026795 0.015895
vt 0.027270 0.015904
vt 0.027773 0.015911
vt 0.027891 0.015912
vt 0.044589 0.025101
vt 0.044097 0.025100
vt 0.043563 0.025098
vt 0.043049 0.025096
vt 0.042649 0.025546
vt 0.042556 0.025094
vt 0.027232 0.016365
vt 0.027733 0.016372
vt 0.027922 0.016374
vt 0.044565 0.024645
vt 0.044052 0.024643
vt 0.043499 0.024641
vt 0.042970 0.024639
vt 0.042467 0.024637
vt 0.027201 0.016829
vt 0.027701 0.016837
vt 0.027953 0.016839
vt 0.044542 0.024184
vt 0.044009 0.024182
vt 0.043438 0.024181
vt 0.042896 0.024179
vt 0.042384 0.024176
vt 0.027177 0.017297
vt 0.027676 0.017305
vt 0.027983 0.017308
vt 0.044519 0.023719
vt 0.043968 0.023718
vt 0.043380 0.023716
vt 0.042826 0.023714
vt 0.042305 0.023712
vt 0.027160 0.017767
vt 0.027657 0.017776
vt 0.028012 0.017779
vt 0.044499 0.023250
vt 0.043930 0.023249
vt 0.043326 0.023247
vt 0.042760 0.023245
vt 0.042233 0.023243
vt 0.027147 0.018241
vt 0.027643 0.018250
vt 0.028041 0.018254
vt 0.044480 0.022778
vt 0.043895 0.022776
vt 0.043276 0.022775
vt 0.042700 0.022773
vt 0.042165 0.022771
vt 0.027138 0.018719
vt 0.027633 0.018728
vt 0.028069 0.018731
vt 0.044462 0.022301
vt 0.043863 0.022300
vt 0.043231 0.022298
vt 0.042645 0.022297
vt 0.042104 0.022295
vt 0.027132 0.019199
vt 0.027625 0.019208
vt 0.028097 0.019212
vt 0.044447 0.021821
vt 0.043835 0.021820
vt 0.043191 0.021818
vt 0.042597 0.021817
vt 0.042050 0.021815
vt 0.041608 0.022292
vt 0.041552 0.021812
vt 0.028124 0.019696
vt 0.028095 0.019696
vt 0.044434 0.021338
vt 0.043811 0.021336
vt 0.043158 0.021335
vt 0.042556 0.021333
vt 0.042005 0.021331
vt 0.041506 0.021329
vt 0.027624 0.020178
vt 0.028096 0.020182
vt 0.028151 0.020182
vt 0.044423 0.020850
vt 0.043791 0.020849
vt 0.043130 0.020848
vt 0.042522 0.020846
vt 0.041967 0.020844
vt 0.041466 0.020842
vt 0.027630 0.020667
vt 0.028102 0.020671
vt 0.028177 0.020671
vt 0.044414 0.020360
vt 0.043773 0.020359
vt 0.043106 0.020357
vt 0.042493 0.020355
vt 0.041936 0.020353
vt 0.041434 0.020351
vt 0.027641 0.021159
vt 0.028111 0.021163
vt 0.028203 0.021163
vt 0.044405 0.019866
vt 0.043758 0.019864
vt 0.043085 0.019863
vt 0.042468 0.019861
vt 0.041908 0.019859
vt 0.041406 0.019857
vt 0.027653 0.021654
vt 0.028123 0.021658
vt 0.028228 0.021658
vt 0.044398 0.019368
vt 0.043745 0.019367
vt 0.043066 0.019365
vt 0.042445 0.019364
vt 0.041884 0.019362
vt 0.041381 0.019360
vt 0.027668 0.022152
vt 0.028135 0.022156
vt 0.028254 0.022156
vt 0.044391 0.018867
vt 0.043732 0.018866
vt 0.043048 0.018865
vt 0.042425 0.018863
vt 0.041861 0.018861
vt 0.041359 0.018859
vt 0.027682 0.022653
vt 0.028148 0.022657
vt 0.028279 0.022657
vt 0.044386 0.018363
vt 0.043723 0.018362
vt 0.043035 0.018360
vt 0.042409 0.018359
vt 0.041845 0.018357
vt 0.041342 0.018355
vt 0.027698 0.023157
vt 0.028163 0.023161
vt 0.028304 0.023161
vt 0.044382 0.017856
vt 0.043716 0.017855
vt 0.043025 0.017853
vt 0.042398 0.017851
vt 0.041833 0.017850
vt 0.041331 0.017847
vt 0.027716 0.023664
vt 0.028179 0.023667
vt 0.028329 0.023668
vt 0.044379 0.017345
vt 0.043710 0.017344
vt 0.043018 0.017343
vt 0.042390 0.017341
vt 0.041825 0.017339
vt 0.041324 0.017337
vt 0.027737 0.024173
vt 0.028198 0.024177
vt 0.028353 0.024177
vt 0.044377 0.016831
vt 0.043706 0.016830
vt 0.043013 0.016829
vt 0.042385 0.016827
vt 0.041820 0.016825
vt 0.041320 0.016823
vt 0.027760 0.024685
vt 0.028219 0.024689
vt 0.028378 0.024689
vt 0.044375 0.016314
vt 0.043703 0.016313
vt 0.043009 0.016312
vt 0.042381 0.016310
vt 0.041817 0.016309
vt 0.041318 0.016306
vt 0.027787 0.025200
vt 0.028243 0.025204
vt 0.028402 0.025204
vt 0.044373 0.015794
vt 0.043700 0.015794
vt 0.043006 0.015792
vt 0.042377 0.015791
vt 0.041814 0.015789
vt 0.041317 0.015787
vt 0.027817 0.025718
vt 0.028271 0.025722
vt 0.028426 0.025722
vt 0.044372 0.015272
vt 0.043698 0.015271
vt 0.043003 0.015269
vt 0.042375 0.015268
vt 0.041813 0.015266
vt 0.041318 0.015264
vt 0.027850 0.026238
vt 0.028302 0.026242
vt 0.028450 0.026242
vt 0.044371 0.014746
vt 0.043697 0.014745
vt 0.043003 0.014743
vt 0.042375 0.014742
vt 0.041815 0.014740
vt 0.041322 0.014738
vt 0.027887 0.026762
vt 0.028336 0.026765
vt 0.028474 0.026765
vt 0.044371 0.014217
vt 0.043697 0.014216
vt 0.043003 0.014215
vt 0.042377 0.014213
vt 0.041819 0.014211
vt 0.041328 0.014209
vt 0.027927 0.027287
vt 0.028373 0.027291
vt 0.028498 0.027291
vt 0.044371 0.013685
vt 0.043698 0.013684
vt 0.043005 0.013683
vt 0.042380 0.013681
vt 0.041824 0.013679
vt 0.041335 0.013677
vt 0.027970 0.027815
vt 0.028413 0.027819
vt 0.028521 0.027819
vt 0.044371 0.013150
vt 0.043699 0.013149
vt 0.043007 0.013148
vt 0.042384 0.013147
vt 0.041830 0.013145
vt 0.041343 0.013143
vt 0.028014 0.028346
vt 0.028454 0.028350
vt 0.028545 0.028350
vt 0.044372 0.012613
vt 0.043700 0.012612
vt 0.043010 0.012611
vt 0.042388 0.012609
vt 0.041836 0.012607
vt 0.041352 0.012605
vt 0.028060 0.028880
vt 0.028497 0.028884
vt 0.028569 0.028884
vt 0.044373 0.012073
vt 0.043702 0.012072
vt 0.043013 0.012070
vt 0.042393 0.012069
vt 0.041842 0.012067
vt 0.041361 0.012065
vt 0.028109 0.029417
vt 0.028542 0.029420
vt 0.028592 0.029420
vt 0.044374 0.011530
vt 0.043704 0.011529
vt 0.043017 0.011527
vt 0.042399 0.011526
vt 0.041850 0.011524
vt 0.041371 0.011522
vt 0.028160 0.029955
vt 0.028589 0.029959
vt 0.028616 0.029959
vt 0.044375 0.010984
vt 0.043707 0.010983
vt 0.043022 0.010982
vt 0.042406 0.010980
vt 0.041859 0.010979
vt 0.041382 0.010977
vt 0.028214 0.030497
vt 0.028639 0.030501
vt 0.028639 0.030501
vt 0.044376 0.010435
vt 0.043710 0.010434
vt 0.043027 0.010433
vt 0.042413 0.010432
vt 0.041868 0.010430
vt 0.041394 0.010428
vt 0.028663 0.031045
vt 0.044378 0.009884
vt 0.043713 0.009883
vt 0.043031 0.009882
vt 0.042419 0.009881
vt 0.041877 0.009879
vt 0.041405 0.009877
vt 0.028269 0.031041
vt 0.028687 0.031591
vt 0.028325 0.031588
vt 0.044379 0.009330
vt 0.043716 0.009330
vt 0.043036 0.009328
vt 0.042426 0.009327
vt 0.041886 0.009325
vt 0.041416 0.009323
vt 0.028710 0.032140
vt 0.028382 0.032137
vt 0.044381 0.008774
vt 0.043719 0.008773
vt 0.043041 0.008772
vt 0.042433 0.008771
vt 0.041895 0.008769
vt 0.041428 0.008767
vt 0.028734 0.032692
vt 0.028442 0.032688
vt 0.044382 0.008215
vt 0.043722 0.008214
vt 0.043046 0.008213
vt 0.042440 0.008212
vt 0.041905 0.008210
vt 0.041440 0.008208
vt 0.028757 0.033246
vt 0.028504 0.033242
vt 0.044383 0.007653
vt 0.043725 0.007653
vt 0.043051 0.007652
vt 0.042448 0.007650
vt 0.041915 0.007649
vt 0.041452 0.007647
vt 0.028781 0.033802
vt 0.028567 0.033799
vt 0.044385 0.007089
vt 0.043728 0.007089
vt 0.043056 0.007088
vt 0.042454 0.007086
vt 0.041924 0.007085
vt 0.041464 0.007083
vt 0.028805 0.034361
vt 0.028628 0.034358
vt 0.044386 0.006523
vt 0.043731 0.006522
vt 0.043060 0.006521
vt 0.042460 0.006520
vt 0.041932 0.006518
vt 0.041474 0.006517
vt 0.028829 0.034922
vt 0.028686 0.034920
vt 0.044388 0.005954
vt 0.043734 0.005953
vt 0.043066 0.005952
vt 0.042469 0.005951
vt 0.041943 0.005949
vt 0.041489 0.005948
vt 0.028852 0.035485
vt 0.028761 0.035483
vt 0.044390 0.005382
vt 0.043738 0.005382
vt 0.043072 0.005381
vt 0.042477 0.005379
vt 0.041953 0.005378
vt 0.041501 0.005376
vt 0.041459 0.005376
vt 0.044391 0.004808
vt 0.043740 0.004808
vt 0.043075 0.004807
vt 0.042482 0.004806
vt 0.041960 0.004804
vt 0.041510 0.004802
vt 0.041501 0.004802
vt 0.027411 0.009451
vt 0.211851 0.069598
vt 0.184059 0.240799
vt 0.184406 0.240204
vt 0.432510 0.250752
vt 0.432311 0.249631
vt 0.432315 0.249744
vt 0.432311 0.251092
vt 0.649801 0.450378
vt 0.649759 0.450437
vt 0.649759 0.449835
vt 0.183956 0.239794
vt 0.045474 0.027321
vt 0.045852 0.027319
vt 0.046280 0.027317
vt 0.047246 0.026878
vt 0.092527 0.589709
vt 0.092527 0.589243
vt 0.092975 0.589350
vt 0.048013 0.025544
vt 0.048686 0.004802
vt 0.183891 0.241066
vt 0.184888 0.239816
vt 0.183858 0.241138
vt 0.183830 0.241210
vt 0.183805 0.241281
vt 0.027409 0.010569
vt 0.027488 0.010537
vt 0.027497 0.010615
vt 0.026153 0.011054
vt 0.025607 0.014516
vt 0.025972 0.014968
vt 0.026379 0.015429
vt 0.026760 0.016355
vt 0.027130 0.019682
vt 0.027622 0.019692
vt 0.028875 0.036050
vn 0.0006 -0.0008 1.0000
vn 0.0004 -0.0010 1.0000
vn 0.0034 -0.0039 -1.0000
vn 0.0119 -0.0126 -0.9999
vn 0.0047 -0.0055 -1.0000
vn 0.0093 -0.0119 -0.9999
vn 0.0366 -0.0351 -0.9987
vn 0.0264 -0.0304 -0.9992
vn 0.0743 -0.0671 -0.9950
vn 0.0789 -0.0794 -0.9937
vn 0.0860 -0.0953 -0.9917
vn 0.0295 -0.0470 -0.9985
vn 0.0813 -0.0910 -0.9925
vn 0.0970 -0.1141 -0.9887
vn 0.0457 -0.0646 -0.9969
vn 0.1324 -0.1353 -0.9819
vn 0.1682 -0.1730 -0.9705
vn 0.0846 -0.0984 -0.9915
vn 0.2312 -0.2097 -0.9500
vn 0.2918 -0.2660 -0.9187
vn 0.1813 -0.1686 -0.9689
vn 0.4244 -0.3339 -0.8417
vn 0.4722 -0.3892 -0.7909
vn 0.5557 -0.3941 -0.7320
vn 0.5628 -0.4116 -0.7169
vn 0.5616 -0.4422 -0.6993
vn 0.5644 -0.4607 -0.6850
vn 0.8577 -0.5141 -0.0000
vn 0.7386 -0.4768 -0.4767
vn 0.6086 -0.4559 -0.6495
vn 0.5978 -0.4736 -0.6468
vn 0.8579 -0.5137 -0.0000
vn 0.8720 -0.4568 0.1759
vn 0.7524 -0.4924 -0.4375
vn 0.6973 -0.5000 -0.5135
vn 0.2246 -0.0090 0.9744
vn 0.6946 -0.2678 0.6677
vn 0.8636 -0.4805 -0.1529
vn 0.7813 -0.5008 -0.3724
vn 0.1853 0.0377 0.9820
vn 0.6326 -0.1756 0.7543
vn 0.9021 -0.4315 0.0012
vn 0.8145 -0.4810 -0.3243
vn 0.1856 0.0682 0.9803
vn 0.6972 -0.1573 0.6994
vn 0.9183 -0.3954 -0.0181
vn 0.8153 -0.4557 -0.3572
vn 0.2218 0.0913 0.9708
vn 0.6949 -0.1579 0.7015
vn 0.9008 -0.3867 -0.1974
vn 0.7785 -0.4361 -0.4513
vn 0.7641 -0.4463 -0.4659
vn 0.9082 -0.2536 0.3328
vn 0.9166 -0.2511 0.3111
vn 0.9534 -0.2432 0.1786
vn 0.7699 -0.3927 -0.5030
vn 0.6700 -0.4267 -0.6075
vn 0.6528 -0.4452 -0.6129
vn 0.7604 -0.3404 -0.5531
vn 0.6399 -0.3495 -0.6843
vn 0.7571 -0.3444 -0.5551
vn 0.5806 -0.3812 -0.7195
vn 0.5534 -0.4177 -0.7206
vn 0.5467 -0.4434 -0.7103
vn 0.4191 -0.3174 -0.8506
vn 0.4151 -0.3405 -0.8437
vn 0.4683 -0.3807 -0.7973
vn 0.4936 -0.4192 -0.7620
vn 0.5032 -0.4458 -0.7403
vn 0.2499 -0.3289 -0.9107
vn 0.2961 -0.3546 -0.8869
vn 0.3816 -0.3942 -0.8361
vn 0.4350 -0.4315 -0.7903
vn 0.4608 -0.4573 -0.7606
vn 0.1624 -0.3514 -0.9220
vn 0.2289 -0.3839 -0.8946
vn 0.3176 -0.4190 -0.8506
vn 0.3823 -0.4520 -0.8059
vn 0.4186 -0.4758 -0.7735
vn 0.4228 -0.4964 -0.7582
vn 0.1224 -0.3861 -0.9143
vn 0.1866 -0.4223 -0.8870
vn 0.2703 -0.4517 -0.8502
vn 0.3377 -0.4789 -0.8103
vn 0.3800 -0.4976 -0.7797
vn 0.1001 -0.4277 -0.8983
vn 0.1578 -0.4661 -0.8705
vn 0.2345 -0.4894 -0.8400
vn 0.3003 -0.5102 -0.8059
vn 0.3458 -0.5236 -0.7786
vn 0.3921 -0.5179 -0.7603
vn 0.0853 -0.4736 -0.8766
vn 0.1373 -0.5123 -0.8477
vn 0.2073 -0.5291 -0.8228
vn 0.2695 -0.5436 -0.7949
vn 0.3154 -0.5516 -0.7722
vn 0.3652 -0.5429 -0.7562
vn 0.0745 -0.5214 -0.8500
vn 0.1254 -0.5584 -0.8200
vn 0.1914 -0.5683 -0.8002
vn 0.2508 -0.5759 -0.7781
vn 0.2959 -0.5780 -0.7605
vn 0.3408 -0.5687 -0.7486
vn 0.0674 -0.5698 -0.8190
vn 0.1209 -0.6039 -0.7878
vn 0.1864 -0.6062 -0.7731
vn 0.2452 -0.6061 -0.7566
vn 0.2928 -0.6034 -0.7417
vn 0.3213 -0.6076 -0.7263
vn 0.3252 -0.5920 -0.7374
vn 0.0631 -0.6187 -0.7831
vn 0.1181 -0.6488 -0.7517
vn 0.1840 -0.6433 -0.7432
vn 0.2426 -0.6353 -0.7331
vn 0.2867 -0.6282 -0.7233
vn 0.3159 -0.6211 -0.7173
vn 0.3258 -0.6092 -0.7230
vn 0.0594 -0.6669 -0.7428
vn 0.1139 -0.6923 -0.7126
vn 0.1793 -0.6794 -0.7115
vn 0.2373 -0.6640 -0.7091
vn 0.2777 -0.6478 -0.7094
vn 0.3067 -0.6391 -0.7054
vn 0.3250 -0.6221 -0.7123
vn 0.0552 -0.7130 -0.6990
vn 0.1083 -0.7330 -0.6715
vn 0.1666 -0.7102 -0.6840
vn 0.2193 -0.6945 -0.6853
vn 0.2672 -0.6703 -0.6924
vn 0.2994 -0.6551 -0.6936
vn 0.3205 -0.6332 -0.7045
vn 0.0508 -0.7555 -0.6532
vn 0.0951 -0.7662 -0.6355
vn 0.1568 -0.7432 -0.6504
vn 0.2180 -0.7202 -0.6586
vn 0.2587 -0.6931 -0.6728
vn 0.2858 -0.6688 -0.6863
vn 0.3116 -0.6429 -0.6997
vn 0.0465 -0.7932 -0.6071
vn 0.0946 -0.7948 -0.5994
vn 0.1523 -0.7758 -0.6124
vn 0.2038 -0.7446 -0.6357
vn 0.2427 -0.7125 -0.6584
vn 0.2823 -0.6590 -0.6972
vn 0.2860 -0.6449 -0.7088
vn 0.2988 -0.6512 -0.6976
vn 0.0426 -0.8257 -0.5625
vn 0.0799 -0.8280 -0.5551
vn 0.1391 -0.8010 -0.5822
vn 0.1872 -0.7667 -0.6141
vn 0.2240 -0.7306 -0.6450
vn 0.2689 -0.6820 -0.6802
vn 0.2493 -0.6950 -0.6745
vn 0.2627 -0.6669 -0.6973
vn 0.0330 -0.8626 -0.5047
vn 0.0258 -0.8460 -0.5326
vn 0.0761 -0.8547 -0.5136
vn 0.1245 -0.8230 -0.5543
vn 0.1695 -0.7864 -0.5940
vn 0.2043 -0.7470 -0.6326
vn 0.2284 -0.7071 -0.6692
vn 0.2412 -0.6737 -0.6985
vn 0.2663 -0.6484 -0.7132
vn 0.0259 -0.8831 -0.4684
vn 0.0653 -0.8741 -0.4813
vn 0.1101 -0.8419 -0.5283
vn 0.1522 -0.8038 -0.5751
vn 0.1853 -0.7616 -0.6210
vn 0.2083 -0.7179 -0.6643
vn 0.2203 -0.6792 -0.7001
vn 0.2447 -0.6510 -0.7185
vn 0.0196 -0.9001 -0.4353
vn 0.0555 -0.8904 -0.4518
vn 0.0967 -0.8581 -0.5044
vn 0.1360 -0.8189 -0.5575
vn 0.1672 -0.7745 -0.6100
vn 0.1892 -0.7273 -0.6597
vn 0.2005 -0.6835 -0.7018
vn 0.2234 -0.6521 -0.7244
vn 0.0144 -0.9140 -0.4055
vn 0.0468 -0.9039 -0.4251
vn 0.0845 -0.8719 -0.4824
vn 0.1210 -0.8321 -0.5412
vn 0.1504 -0.7859 -0.5997
vn 0.1713 -0.7356 -0.6554
vn 0.1821 -0.6869 -0.7036
vn 0.2030 -0.6520 -0.7306
vn 0.0112 -0.9999 -0.0000
vn 0.0396 -0.9152 -0.4011
vn 0.0739 -0.8836 -0.4623
vn 0.1076 -0.8436 -0.5261
vn 0.1351 -0.7960 -0.5901
vn 0.1549 -0.7429 -0.6513
vn 0.1654 -0.6895 -0.7052
vn 0.1842 -0.6508 -0.7366
vn 0.0081 -1.0000 -0.0000
vn 0.0339 -0.9245 -0.3796
vn 0.0650 -0.8936 -0.4440
vn 0.0960 -0.8535 -0.5121
vn 0.1216 -0.8048 -0.5810
vn 0.1404 -0.7493 -0.6471
vn 0.1505 -0.6915 -0.7065
vn 0.1671 -0.6490 -0.7422
vn 0.0058 -1.0000 -0.0000
vn 0.0285 -0.9323 -0.3605
vn 0.0560 -0.9022 -0.4276
vn 0.0837 -0.8623 -0.4994
vn 0.1070 -0.8128 -0.5726
vn 0.1243 -0.7554 -0.6433
vn 0.1340 -0.6935 -0.7079
vn 0.1521 -0.6467 -0.7474
vn 0.0025 -1.0000 -0.0000
vn 0.0216 -0.9386 -0.3443
vn 0.0448 -0.9094 -0.4135
vn 0.0686 -0.8699 -0.4884
vn 0.0889 -0.8201 -0.5653
vn 0.1043 -0.7612 -0.6401
vn 0.1159 -0.6446 -0.7557
vn 0.1172 -0.6107 -0.7831
vn 0.1360 -0.6447 -0.7522
vn -0.0015 -1.0000 -0.0000
vn 0.0143 -0.9435 -0.3310
vn 0.0336 -0.9151 -0.4018
vn 0.0536 -0.8762 -0.4790
vn 0.0710 -0.8261 -0.5590
vn 0.0844 -0.7661 -0.6372
vn 0.1134 -0.6963 -0.7087
vn 0.0926 -0.6990 -0.7091
vn 0.0949 -0.6444 -0.7587
vn -0.0056 -1.0000 -0.0000
vn 0.0078 -0.9474 -0.3201
vn 0.0241 -0.9196 -0.3920
vn 0.0413 -0.8811 -0.4711
vn 0.0564 -0.8310 -0.5535
vn 0.0682 -0.7700 -0.6344
vn 0.0756 -0.7011 -0.7090
vn 0.0777 -0.6440 -0.7611
vn 0.0959 -0.6078 -0.7883
vn -0.0099 -1.0000 -0.0000
vn 0.0020 -0.9505 -0.3107
vn 0.0164 -0.9234 -0.3835
vn 0.0317 -0.8853 -0.4640
vn 0.0452 -0.8350 -0.5484
vn 0.0559 -0.7732 -0.6317
vn 0.0625 -0.7028 -0.7087
vn 0.0645 -0.6434 -0.7628
vn 0.0785 -0.6050 -0.7923
vn -0.0144 -0.9999 -0.0000
vn -0.0030 -0.9532 -0.3023
vn 0.0105 -0.9267 -0.3758
vn 0.0248 -0.8889 -0.4575
vn 0.0375 -0.8385 -0.5437
vn 0.0475 -0.7759 -0.6290
vn 0.0536 -0.7041 -0.7081
vn 0.0554 -0.6427 -0.7641
vn 0.0651 -0.6024 -0.7955
vn -0.0189 -0.9998 -0.0000
vn -0.0074 -0.9558 -0.2940
vn 0.0061 -0.9297 -0.3682
vn 0.0202 -0.8922 -0.4512
vn 0.0326 -0.8417 -0.5389
vn 0.0422 -0.7784 -0.6263
vn 0.0481 -0.7052 -0.7073
vn 0.0496 -0.6419 -0.7652
vn 0.0559 -0.5999 -0.7981
vn -0.0229 -0.9997 -0.0000
vn -0.0116 -0.9582 -0.2858
vn 0.0013 -0.9327 -0.3608
vn 0.0147 -0.8955 -0.4449
vn 0.0263 -0.8448 -0.5344
vn 0.0352 -0.7809 -0.6237
vn 0.0404 -0.7063 -0.7067
vn 0.0415 -0.6410 -0.7664
vn 0.0499 -0.5973 -0.8005
vn -0.0270 -0.9996 -0.0000
vn -0.0165 -0.9604 -0.2781
vn -0.0048 -0.9353 -0.3537
vn 0.0072 -0.8985 -0.4390
vn 0.0174 -0.8478 -0.5301
vn 0.0251 -0.7832 -0.6213
vn 0.0294 -0.7074 -0.7062
vn 0.0301 -0.6404 -0.7675
vn 0.0415 -0.5947 -0.8029
vn -0.0313 -0.9995 -0.0000
vn -0.0217 -0.9623 -0.2710
vn -0.0110 -0.9377 -0.3473
vn -0.0003 -0.9011 -0.4336
vn 0.0088 -0.8504 -0.5261
vn 0.0155 -0.7853 -0.6190
vn 0.0192 -0.7084 -0.7056
vn 0.0196 -0.6397 -0.7683
vn 0.0299 -0.5924 -0.8051
vn -0.0361 -0.9993 -0.0000
vn -0.0270 -0.9640 -0.2644
vn -0.0172 -0.9398 -0.3413
vn -0.0073 -0.9035 -0.4286
vn 0.0010 -0.8527 -0.5224
vn 0.0071 -0.7871 -0.6168
vn 0.0104 -0.7092 -0.7049
vn 0.0108 -0.6392 -0.7690
vn 0.0192 -0.5904 -0.8069
vn -0.0413 -0.9991 -0.0000
vn -0.0326 -0.9655 -0.2583
vn -0.0233 -0.9417 -0.3357
vn -0.0139 -0.9056 -0.4239
vn -0.0060 -0.8548 -0.5189
vn -0.0001 -0.7887 -0.6147
vn 0.0031 -0.7100 -0.7042
vn 0.0036 -0.6387 -0.7694
vn 0.0100 -0.5884 -0.8085
vn -0.0468 -0.9989 -0.0000
vn -0.0385 -0.9668 -0.2524
vn -0.0295 -0.9434 -0.3304
vn -0.0203 -0.9076 -0.4194
vn -0.0123 -0.8568 -0.5155
vn -0.0063 -0.7903 -0.6127
vn -0.0028 -0.7107 -0.7035
vn -0.0020 -0.6384 -0.7697
vn 0.0032 -0.5868 -0.8097
vn -0.0527 -0.9986 -0.0000
vn -0.0447 -0.9680 -0.2469
vn -0.0361 -0.9449 -0.3252
vn -0.0273 -0.9094 -0.4150
vn -0.0195 -0.8587 -0.5122
vn -0.0134 -0.7918 -0.6107
vn -0.0097 -0.7113 -0.7028
vn -0.0087 -0.6381 -0.7699
vn -0.0023 -0.5857 -0.8105
vn -0.0585 -0.9983 -0.0000
vn -0.0510 -0.9690 -0.2417
vn -0.0432 -0.9463 -0.3205
vn -0.0349 -0.9110 -0.4109
vn -0.0276 -0.8603 -0.5090
vn -0.0219 -0.7931 -0.6087
vn -0.0183 -0.7118 -0.7022
vn -0.0172 -0.5843 -0.8114
vn -0.0089 -0.5848 -0.8111
vn -0.0639 -0.9980 -0.0000
vn -0.0569 -0.9698 -0.2370
vn -0.0496 -0.9475 -0.3160
vn -0.0419 -0.9125 -0.4070
vn -0.0350 -0.8618 -0.5061
vn -0.0295 -0.7942 -0.6069
vn -0.0259 -0.7122 -0.7015
vn -0.0170 -0.6380 -0.7699
vn -0.0247 -0.5841 -0.8113
vn -0.0689 -0.9976 -0.0000
vn -0.0621 -0.9706 -0.2326
vn -0.0551 -0.9485 -0.3119
vn -0.0477 -0.9138 -0.4033
vn -0.0410 -0.8632 -0.5032
vn -0.0355 -0.7954 -0.6051
vn -0.0319 -0.7126 -0.7008
vn -0.0246 -0.6380 -0.7697
vn -0.0303 -0.5843 -0.8110
vn -0.0734 -0.9973 -0.0000
vn -0.0667 -0.9713 -0.2283
vn -0.0598 -0.9496 -0.3078
vn -0.0524 -0.9151 -0.3998
vn -0.0457 -0.8646 -0.5004
vn -0.0400 -0.7965 -0.6033
vn -0.0360 -0.7132 -0.7001
vn -0.0303 -0.6382 -0.7693
vn -0.0340 -0.5850 -0.8103
vn -0.0775 -0.9970 -0.0000
vn -0.0707 -0.9720 -0.2240
vn -0.0637 -0.9506 -0.3037
vn -0.0561 -0.9165 -0.3961
vn -0.0490 -0.8661 -0.4975
vn -0.0430 -0.7978 -0.6013
vn -0.0386 -0.7139 -0.6992
vn -0.0341 -0.6387 -0.7687
vn -0.0360 -0.5862 -0.8093
vn -0.0823 -0.9966 -0.0000
vn -0.0754 -0.9727 -0.2196
vn -0.0682 -0.9517 -0.2994
vn -0.0604 -0.9179 -0.3922
vn -0.0531 -0.8676 -0.4943
vn -0.0466 -0.7992 -0.5992
vn -0.0416 -0.7147 -0.6981
vn -0.0362 -0.6396 -0.7679
vn -0.0384 -0.5879 -0.8080
vn -0.0878 -0.9961 -0.0000
vn -0.0810 -0.9732 -0.2150
vn -0.0737 -0.9526 -0.2950
vn -0.0659 -0.9192 -0.3882
vn -0.0584 -0.8692 -0.4910
vn -0.0516 -0.8007 -0.5968
vn -0.0462 -0.7158 -0.6968
vn -0.0388 -0.6408 -0.7668
vn -0.0425 -0.5902 -0.8061
vn -0.0925 -0.9957 -0.0000
vn -0.0857 -0.9738 -0.2105
vn -0.0785 -0.9536 -0.2906
vn -0.0706 -0.9206 -0.3842
vn -0.0630 -0.8708 -0.4876
vn -0.0561 -0.8023 -0.5943
vn -0.0502 -0.7170 -0.6953
vn -0.0429 -0.6423 -0.7652
vn -0.0463 -0.5932 -0.8037
vn -0.0958 -0.9954 -0.0000
vn -0.0891 -0.9745 -0.2060
vn -0.0819 -0.9547 -0.2862
vn -0.0741 -0.9220 -0.3801
vn -0.0664 -0.8725 -0.4841
vn -0.0592 -0.8040 -0.5917
vn -0.0524 -0.7188 -0.6932
vn -0.0467 -0.6442 -0.7634
vn -0.0486 -0.5969 -0.8008
vn -0.0977 -0.9952 -0.0000
vn -0.0912 -0.9752 -0.2015
vn -0.0840 -0.9558 -0.2818
vn -0.0761 -0.9235 -0.3760
vn -0.0683 -0.8743 -0.4806
vn -0.0610 -0.8058 -0.5890
vn -0.0494 -0.6500 -0.7583
vn -0.0482 -0.6461 -0.7617
vn -0.0989 -0.9951 -0.0000
vn -0.0924 -0.9760 -0.1970
vn -0.0853 -0.9570 -0.2773
vn -0.0773 -0.9251 -0.3718
vn -0.0694 -0.8762 -0.4770
vn -0.0619 -0.8077 -0.5863
vn -0.0542 -0.7218 -0.6900
vn -0.0503 -0.6544 -0.7545
vn -0.1028 -0.9947 -0.0000
vn -0.0963 -0.9766 -0.1924
vn -0.0890 -0.9580 -0.2728
vn -0.0808 -0.9265 -0.3675
vn -0.0726 -0.8780 -0.4732
vn -0.0648 -0.8096 -0.5834
vn -0.0550 -0.7249 -0.6867
vn -0.0529 -0.6590 -0.7503
vn -0.1082 -0.9941 -0.0000
vn -0.1015 -0.9770 -0.1876
vn -0.0941 -0.9588 -0.2680
vn -0.0856 -0.9279 -0.3629
vn -0.0771 -0.8797 -0.4692
vn -0.0689 -0.8115 -0.5803
vn -0.0575 -0.7281 -0.6831
vn -0.0567 -0.6642 -0.7454
vn -0.1097 -0.9940 -0.0000
vn -0.1032 -0.9777 -0.1828
vn -0.0958 -0.9600 -0.2631
vn -0.0874 -0.9295 -0.3583
vn -0.0788 -0.8817 -0.4652
vn -0.0705 -0.8136 -0.5772
vn -0.0613 -0.7314 -0.6791
vn -0.0585 -0.6699 -0.7401
vn -0.1065 -0.9943 -0.0000
vn -0.1004 -0.9789 -0.1782
vn -0.0934 -0.9615 -0.2585
vn -0.0853 -0.9314 -0.3539
vn -0.0770 -0.8839 -0.4613
vn -0.0688 -0.8159 -0.5741
vn -0.0628 -0.7352 -0.6750
vn -0.0577 -0.6760 -0.7346
vn -0.0985 -0.9951 -0.0000
vn -0.0930 -0.9804 -0.1740
vn -0.0866 -0.9633 -0.2542
vn -0.0792 -0.9335 -0.3498
vn -0.0715 -0.8863 -0.4576
vn -0.0639 -0.8183 -0.5713
vn -0.0614 -0.7391 -0.6708
vn -0.0540 -0.6823 -0.7291
vn -0.1176 -0.9931 -0.0000
vn -0.1115 -0.9792 -0.1693
vn -0.1041 -0.9628 -0.2493
vn -0.0953 -0.9338 -0.3448
vn -0.0861 -0.8874 -0.4529
vn -0.0766 -0.8199 -0.5673
vn -0.0570 -0.7432 -0.6667
vn -0.0645 -0.6879 -0.7229
vn -0.1371 -0.9906 -0.0000
vn -0.1301 -0.9779 -0.1636
vn -0.1217 -0.9623 -0.2432
vn -0.1115 -0.9343 -0.3386
vn -0.1005 -0.8888 -0.4471
vn -0.0891 -0.8221 -0.5624
vn -0.0680 -0.7468 -0.6616
vn -0.0759 -0.6971 -0.7129
vn -0.1110 -0.9938 -0.0000
vn -0.1054 -0.9816 -0.1591
vn -0.0987 -0.9661 -0.2384
vn -0.0905 -0.9383 -0.3338
vn -0.0814 -0.8930 -0.4426
vn -0.0718 -0.8264 -0.5585
vn -0.0792 -0.7522 -0.6542
vn -0.0622 -0.7077 -0.7038
vn -0.0886 -0.9961 -0.0000
vn -0.0843 -0.9840 -0.1568
vn -0.0788 -0.9685 -0.2362
vn -0.0721 -0.9407 -0.3316
vn -0.0648 -0.8954 -0.4406
vn -0.0570 -0.8286 -0.5570
vn -0.0639 -0.7591 -0.6478
vn -0.0515 -0.7151 -0.6971
vn 0.0029 -0.0040 1.0000
vn 0.0113 -0.0125 0.9999
vn 0.0093 -0.0119 0.9999
vn 0.0366 -0.0351 0.9987
vn 0.0264 -0.0304 0.9992
vn 0.0743 -0.0671 0.9950
vn 0.0428 -0.0505 0.9978
vn 0.0860 -0.0953 0.9917
vn 0.0789 -0.0794 0.9937
vn 0.0295 -0.0470 0.9985
vn 0.0813 -0.0910 0.9925
vn 0.0457 -0.0646 0.9969
vn 0.0970 -0.1141 0.9887
vn 0.1324 -0.1353 0.9819
vn 0.0846 -0.0984 0.9915
vn 0.1682 -0.1730 0.9705
vn 0.2312 -0.2097 0.9500
vn 0.1813 -0.1686 0.9689
vn 0.2918 -0.2660 0.9187
vn 0.4244 -0.3339 0.8417
vn 0.5557 -0.3941 0.7320
vn 0.4722 -0.3892 0.7909
vn 0.5628 -0.4116 0.7169
vn 0.5644 -0.4607 0.6850
vn 0.5616 -0.4422 0.6993
vn 0.7386 -0.4768 0.4767
vn 0.6086 -0.4559 0.6495
vn 0.5978 -0.4736 0.6468
vn 0.3682 -0.1164 -0.9224
vn 0.8720 -0.4568 -0.1759
vn 0.2246 -0.0090 -0.9744
vn 0.7524 -0.4924 0.4375
vn 0.6973 -0.5000 0.5135
vn 0.6946 -0.2678 -0.6677
vn 0.1853 0.0377 -0.9820
vn 0.8636 -0.4805 0.1529
vn 0.7813 -0.5008 0.3724
vn 0.6326 -0.1756 -0.7543
vn 0.1856 0.0682 -0.9803
vn 0.9021 -0.4315 -0.0012
vn 0.8145 -0.4810 0.3243
vn 0.6972 -0.1573 -0.6994
vn 0.2218 0.0913 -0.9708
vn 0.9183 -0.3954 0.0181
vn 0.8153 -0.4557 0.3572
vn 0.6949 -0.1579 -0.7015
vn 0.2224 0.1025 -0.9695
vn 0.9008 -0.3867 0.1974
vn 0.7641 -0.4463 0.4659
vn 0.7785 -0.4361 0.4513
vn 0.3352 0.1086 -0.9359
vn 0.9534 -0.2432 -0.1786
vn 0.7699 -0.3927 0.5030
vn 0.9166 -0.2511 -0.3111
vn 0.6700 -0.4267 0.6075
vn 0.6528 -0.4452 0.6129
vn 0.8206 -0.0440 -0.5699
vn 0.7571 -0.3444 0.5551
vn 0.5806 -0.3812 0.7195
vn 0.6399 -0.3495 0.6843
vn 0.5534 -0.4177 0.7206
vn 0.5467 -0.4434 0.7103
vn 0.4191 -0.3174 0.8506
vn 0.4151 -0.3405 0.8437
vn 0.2499 -0.3289 0.9107
vn 0.4683 -0.3807 0.7973
vn 0.4936 -0.4192 0.7620
vn 0.5032 -0.4458 0.7403
vn 0.2961 -0.3546 0.8869
vn 0.1624 -0.3514 0.9220
vn 0.3816 -0.3942 0.8361
vn 0.4350 -0.4315 0.7903
vn 0.4608 -0.4573 0.7606
vn 0.2289 -0.3839 0.8946
vn 0.1224 -0.3861 0.9143
vn 0.3176 -0.4190 0.8506
vn 0.3823 -0.4520 0.8059
vn 0.4228 -0.4964 0.7582
vn 0.4186 -0.4758 0.7735
vn 0.1866 -0.4223 0.8870
vn 0.1001 -0.4277 0.8983
vn 0.2703 -0.4517 0.8502
vn 0.3377 -0.4789 0.8103
vn 0.3800 -0.4976 0.7797
vn 0.3921 -0.5179 0.7603
vn 0.1578 -0.4661 0.8705
vn 0.0853 -0.4736 0.8766
vn 0.2345 -0.4894 0.8400
vn 0.3003 -0.5102 0.8059
vn 0.3458 -0.5236 0.7786
vn 0.3652 -0.5429 0.7562
vn 0.1373 -0.5123 0.8477
vn 0.0745 -0.5214 0.8500
vn 0.2073 -0.5291 0.8228
vn 0.2695 -0.5436 0.7949
vn 0.3154 -0.5516 0.7722
vn 0.3408 -0.5687 0.7486
vn 0.1254 -0.5584 0.8200
vn 0.0674 -0.5698 0.8190
vn 0.1914 -0.5683 0.8002
vn 0.2508 -0.5759 0.7781
vn 0.2959 -0.5780 0.7605
vn 0.3252 -0.5920 0.7374
vn 0.1209 -0.6039 0.7878
vn 0.0631 -0.6187 0.7831
vn 0.1864 -0.6062 0.7731
vn 0.2452 -0.6061 0.7566
vn 0.2928 -0.6034 0.7417
vn 0.3258 -0.6092 0.7230
vn 0.3213 -0.6076 0.7263
vn 0.1181 -0.6488 0.7517
vn 0.0594 -0.6669 0.7428
vn 0.1840 -0.6433 0.7432
vn 0.2426 -0.6353 0.7331
vn 0.2867 -0.6282 0.7233
vn 0.3159 -0.6211 0.7173
vn 0.3250 -0.6221 0.7123
vn 0.1139 -0.6923 0.7126
vn 0.0552 -0.7130 0.6990
vn 0.1793 -0.6794 0.7115
vn 0.2373 -0.6640 0.7091
vn 0.2777 -0.6478 0.7094
vn 0.3067 -0.6391 0.7054
vn 0.3205 -0.6332 0.7045
vn 0.1083 -0.7330 0.6715
vn 0.0508 -0.7555 0.6532
vn 0.1666 -0.7102 0.6840
vn 0.2193 -0.6945 0.6853
vn 0.2672 -0.6703 0.6924
vn 0.2994 -0.6551 0.6936
vn 0.3116 -0.6429 0.6997
vn 0.0951 -0.7662 0.6355
vn 0.0465 -0.7932 0.6071
vn 0.1568 -0.7432 0.6504
vn 0.2180 -0.7202 0.6586
vn 0.2587 -0.6931 0.6728
vn 0.2858 -0.6688 0.6863
vn 0.2988 -0.6512 0.6976
vn 0.0946 -0.7948 0.5994
vn 0.0426 -0.8257 0.5625
vn 0.1523 -0.7758 0.6124
vn 0.2038 -0.7446 0.6357
vn 0.2427 -0.7125 0.6584
vn 0.2689 -0.6820 0.6802
vn 0.2860 -0.6449 0.7088
vn 0.2823 -0.6590 0.6972
vn 0.0799 -0.8280 0.5551
vn 0.0258 -0.8460 0.5326
vn 0.1391 -0.8010 0.5822
vn 0.1872 -0.7667 0.6141
vn 0.2240 -0.7306 0.6450
vn 0.2493 -0.6950 0.6745
vn 0.2627 -0.6669 0.6973
vn 0.2663 -0.6484 0.7132
vn 0.0330 -0.8626 0.5047
vn 0.0761 -0.8547 0.5136
vn 0.1245 -0.8230 0.5543
vn 0.1695 -0.7864 0.5940
vn 0.2043 -0.7470 0.6326
vn 0.2284 -0.7071 0.6692
vn 0.2412 -0.6737 0.6985
vn 0.2447 -0.6510 0.7185
vn 0.0259 -0.8831 0.4684
vn 0.0653 -0.8741 0.4813
vn 0.1101 -0.8419 0.5283
vn 0.1522 -0.8038 0.5751
vn 0.1853 -0.7616 0.6210
vn 0.2083 -0.7179 0.6643
vn 0.2203 -0.6792 0.7001
vn 0.2234 -0.6521 0.7244
vn 0.0196 -0.9001 0.4353
vn 0.0555 -0.8904 0.4518
vn 0.0967 -0.8581 0.5044
vn 0.1360 -0.8189 0.5575
vn 0.1672 -0.7745 0.6100
vn 0.1892 -0.7273 0.6597
vn 0.2005 -0.6835 0.7018
vn 0.2030 -0.6520 0.7306
vn 0.0144 -0.9140 0.4055
vn 0.0468 -0.9039 0.4251
vn 0.0845 -0.8719 0.4824
vn 0.1210 -0.8321 0.5412
vn 0.1504 -0.7859 0.5997
vn 0.1713 -0.7356 0.6554
vn 0.1821 -0.6869 0.7036
vn 0.1842 -0.6508 0.7366
vn 0.0396 -0.9152 0.4011
vn 0.0739 -0.8836 0.4623
vn 0.1076 -0.8436 0.5261
vn 0.1351 -0.7960 0.5901
vn 0.1549 -0.7429 0.6513
vn 0.1654 -0.6895 0.7052
vn 0.1671 -0.6490 0.7422
vn 0.0339 -0.9245 0.3796
vn 0.0650 -0.8936 0.4440
vn 0.0960 -0.8535 0.5121
vn 0.1216 -0.8048 0.5810
vn 0.1404 -0.7493 0.6471
vn 0.1505 -0.6915 0.7065
vn 0.1521 -0.6467 0.7474
vn 0.0285 -0.9323 0.3605
vn 0.0560 -0.9022 0.4276
vn 0.0837 -0.8623 0.4994
vn 0.1070 -0.8128 0.5726
vn 0.1243 -0.7554 0.6433
vn 0.1340 -0.6935 0.7079
vn 0.1360 -0.6447 0.7522
vn 0.0216 -0.9386 0.3443
vn 0.0448 -0.9094 0.4135
vn 0.0686 -0.8699 0.4884
vn 0.0889 -0.8201 0.5653
vn 0.1043 -0.7612 0.6401
vn 0.1134 -0.6963 0.7087
vn 0.1172 -0.6107 0.7831
vn 0.1159 -0.6446 0.7557
vn 0.0143 -0.9435 0.3310
vn 0.0336 -0.9151 0.4018
vn 0.0536 -0.8762 0.4790
vn 0.0710 -0.8261 0.5590
vn 0.0844 -0.7661 0.6372
vn 0.0926 -0.6990 0.7091
vn 0.0949 -0.6444 0.7587
vn 0.0959 -0.6078 0.7883
vn 0.0078 -0.9474 0.3201
vn 0.0241 -0.9196 0.3920
vn 0.0413 -0.8811 0.4711
vn 0.0564 -0.8310 0.5535
vn 0.0682 -0.7700 0.6344
vn 0.0756 -0.7011 0.7090
vn 0.0777 -0.6440 0.7611
vn 0.0785 -0.6050 0.7923
vn 0.0020 -0.9505 0.3107
vn 0.0164 -0.9234 0.3835
vn 0.0317 -0.8853 0.4640
vn 0.0452 -0.8350 0.5484
vn 0.0559 -0.7732 0.6317
vn 0.0625 -0.7028 0.7087
vn 0.0645 -0.6434 0.7628
vn 0.0651 -0.6024 0.7955
vn -0.0030 -0.9532 0.3023
vn 0.0105 -0.9267 0.3758
vn 0.0248 -0.8889 0.4575
vn 0.0375 -0.8385 0.5437
vn 0.0475 -0.7759 0.6290
vn 0.0536 -0.7041 0.7081
vn 0.0554 -0.6427 0.7641
vn 0.0559 -0.5999 0.7981
vn -0.0074 -0.9558 0.2940
vn 0.0061 -0.9297 0.3682
vn 0.0202 -0.8922 0.4512
vn 0.0326 -0.8417 0.5389
vn 0.0422 -0.7784 0.6263
vn 0.0481 -0.7052 0.7073
vn 0.0496 -0.6419 0.7652
vn 0.0499 -0.5973 0.8005
vn -0.0116 -0.9582 0.2858
vn 0.0013 -0.9327 0.3608
vn 0.0147 -0.8955 0.4449
vn 0.0263 -0.8448 0.5344
vn 0.0352 -0.7809 0.6237
vn 0.0404 -0.7063 0.7067
vn 0.0415 -0.6410 0.7664
vn 0.0415 -0.5947 0.8029
vn -0.0165 -0.9604 0.2781
vn -0.0048 -0.9353 0.3537
vn 0.0072 -0.8985 0.4390
vn 0.0174 -0.8478 0.5301
vn 0.0251 -0.7832 0.6213
vn 0.0294 -0.7074 0.7062
vn 0.0301 -0.6404 0.7675
vn 0.0299 -0.5924 0.8051
vn -0.0217 -0.9623 0.2710
vn -0.0110 -0.9377 0.3473
vn -0.0003 -0.9011 0.4336
vn 0.0088 -0.8504 0.5261
vn 0.0155 -0.7853 0.6190
vn 0.0192 -0.7084 0.7056
vn 0.0196 -0.6397 0.7683
vn 0.0192 -0.5904 0.8069
vn -0.0270 -0.9640 0.2644
vn -0.0172 -0.9398 0.3413
vn -0.0073 -0.9035 0.4286
vn 0.0010 -0.8527 0.5224
vn 0.0071 -0.7871 0.6168
vn 0.0104 -0.7092 0.7049
vn 0.0108 -0.6392 0.7690
vn 0.0100 -0.5884 0.8085
vn -0.0326 -0.9655 0.2583
vn -0.0233 -0.9417 0.3357
vn -0.0139 -0.9056 0.4239
vn -0.0060 -0.8548 0.5189
vn -0.0001 -0.7887 0.6147
vn 0.0031 -0.7100 0.7042
vn 0.0036 -0.6387 0.7694
vn 0.0032 -0.5868 0.8097
vn -0.0385 -0.9668 0.2524
vn -0.0295 -0.9434 0.3304
vn -0.0203 -0.9076 0.4194
vn -0.0123 -0.8568 0.5155
vn -0.0063 -0.7903 0.6127
vn -0.0028 -0.7107 0.7035
vn -0.0020 -0.6384 0.7697
vn -0.0023 -0.5857 0.8105
vn -0.0447 -0.9680 0.2469
vn -0.0361 -0.9449 0.3252
vn -0.0273 -0.9094 0.4150
vn -0.0195 -0.8587 0.5122
vn -0.0134 -0.7918 0.6107
vn -0.0097 -0.7113 0.7028
vn -0.0087 -0.6381 0.7699
vn -0.0089 -0.5848 0.8111
vn -0.0510 -0.9690 0.2417
vn -0.0432 -0.9463 0.3205
vn -0.0349 -0.9110 0.4109
vn -0.0276 -0.8603 0.5090
vn -0.0219 -0.7931 0.6087
vn -0.0183 -0.7118 0.7022
vn -0.0170 -0.6380 0.7699
vn -0.0172 -0.5843 0.8114
vn -0.0569 -0.9698 0.2370
vn -0.0496 -0.9475 0.3160
vn -0.0419 -0.9125 0.4070
vn -0.0350 -0.8618 0.5061
vn -0.0295 -0.7942 0.6069
vn -0.0259 -0.7122 0.7015
vn -0.0246 -0.6380 0.7697
vn -0.0247 -0.5841 0.8113
vn -0.0621 -0.9706 0.2326
vn -0.0551 -0.9485 0.3119
vn -0.0477 -0.9138 0.4033
vn -0.0410 -0.8632 0.5032
vn -0.0355 -0.7954 0.6051
vn -0.0319 -0.7126 0.7008
vn -0.0303 -0.6382 0.7693
vn -0.0303 -0.5843 0.8110
vn -0.0667 -0.9713 0.2283
vn -0.0598 -0.9496 0.3078
vn -0.0524 -0.9151 0.3998
vn -0.0457 -0.8646 0.5004
vn -0.0400 -0.7965 0.6033
vn -0.0360 -0.7132 0.7001
vn -0.0341 -0.6387 0.7687
vn -0.0340 -0.5850 0.8103
vn -0.0707 -0.9720 0.2240
vn -0.0637 -0.9506 0.3037
vn -0.0561 -0.9165 0.3961
vn -0.0490 -0.8661 0.4975
vn -0.0430 -0.7978 0.6013
vn -0.0386 -0.7139 0.6992
vn -0.0362 -0.6396 0.7679
vn -0.0360 -0.5862 0.8093
vn -0.0754 -0.9727 0.2196
vn -0.0682 -0.9517 0.2994
vn -0.0604 -0.9179 0.3922
vn -0.0531 -0.8676 0.4943
vn -0.0466 -0.7992 0.5992
vn -0.0416 -0.7147 0.6981
vn -0.0388 -0.6408 0.7668
vn -0.0384 -0.5879 0.8080
vn -0.0810 -0.9732 0.2150
vn -0.0737 -0.9526 0.2950
vn -0.0659 -0.9192 0.3882
vn -0.0584 -0.8692 0.4910
vn -0.0516 -0.8007 0.5968
vn -0.0462 -0.7158 0.6968
vn -0.0429 -0.6423 0.7652
vn -0.0425 -0.5902 0.8061
vn -0.0857 -0.9738 0.2105
vn -0.0785 -0.9536 0.2906
vn -0.0706 -0.9206 0.3842
vn -0.0630 -0.8708 0.4876
vn -0.0561 -0.8023 0.5943
vn -0.0502 -0.7170 0.6953
vn -0.0467 -0.6442 0.7634
vn -0.0463 -0.5932 0.8037
vn -0.0891 -0.9745 0.2060
vn -0.0819 -0.9547 0.2862
vn -0.0741 -0.9220 0.3801
vn -0.0664 -0.8725 0.4841
vn -0.0592 -0.8040 0.5917
vn -0.0524 -0.7188 0.6932
vn -0.0482 -0.6461 0.7617
vn -0.0486 -0.5969 0.8008
vn -0.0912 -0.9752 0.2015
vn -0.0840 -0.9558 0.2818
vn -0.0761 -0.9235 0.3760
vn -0.0683 -0.8743 0.4806
vn -0.0610 -0.8058 0.5890
vn -0.0542 -0.7218 0.6900
vn -0.0494 -0.6500 0.7583
vn -0.0924 -0.9760 0.1970
vn -0.0853 -0.9570 0.2773
vn -0.0773 -0.9251 0.3718
vn -0.0694 -0.8762 0.4770
vn -0.0619 -0.8077 0.5863
vn -0.0550 -0.7249 0.6867
vn -0.0503 -0.6544 0.7545
vn -0.0963 -0.9766 0.1924
vn -0.0890 -0.9580 0.2728
vn -0.0808 -0.9265 0.3675
vn -0.0726 -0.8780 0.4732
vn -0.0648 -0.8096 0.5834
vn -0.0575 -0.7281 0.6831
vn -0.0529 -0.6590 0.7503
vn -0.1015 -0.9770 0.1876
vn -0.0941 -0.9588 0.2680
vn -0.0856 -0.9279 0.3629
vn -0.0771 -0.8797 0.4692
vn -0.0689 -0.8115 0.5803
vn -0.0613 -0.7314 0.6791
vn -0.0567 -0.6642 0.7454
vn -0.1032 -0.9777 0.1828
vn -0.0958 -0.9600 0.2631
vn -0.0874 -0.9295 0.3583
vn -0.0788 -0.8817 0.4652
vn -0.0705 -0.8136 0.5772
vn -0.0628 -0.7352 0.6750
vn -0.0585 -0.6699 0.7401
vn -0.1004 -0.9789 0.1782
vn -0.0934 -0.9615 0.2585
vn -0.0853 -0.9314 0.3539
vn -0.0770 -0.8839 0.4613
vn -0.0688 -0.8159 0.5741
vn -0.0614 -0.7391 0.6708
vn -0.0577 -0.6760 0.7346
vn -0.0930 -0.9804 0.1740
vn -0.0866 -0.9633 0.2542
vn -0.0792 -0.9335 0.3498
vn -0.0715 -0.8863 0.4576
vn -0.0639 -0.8183 0.5713
vn -0.0570 -0.7432 0.6667
vn -0.0540 -0.6823 0.7291
vn -0.1115 -0.9792 0.1693
vn -0.1041 -0.9628 0.2493
vn -0.0953 -0.9338 0.3448
vn -0.0861 -0.8874 0.4529
vn -0.0766 -0.8199 0.5673
vn -0.0680 -0.7468 0.6616
vn -0.0645 -0.6879 0.7229
vn -0.1301 -0.9779 0.1636
vn -0.1217 -0.9623 0.2432
vn -0.1115 -0.9343 0.3386
vn -0.1005 -0.8888 0.4471
vn -0.0891 -0.8221 0.5624
vn -0.0792 -0.7522 0.6542
vn -0.0759 -0.6971 0.7129
vn -0.1054 -0.9816 0.1591
vn -0.0987 -0.9661 0.2384
vn -0.0905 -0.9383 0.3338
vn -0.0814 -0.8930 0.4426
vn -0.0718 -0.8264 0.5585
vn -0.0639 -0.7591 0.6478
vn -0.0622 -0.7077 0.7038
vn -0.0843 -0.9840 0.1568
vn -0.0788 -0.9685 0.2362
vn -0.0721 -0.9407 0.3316
vn -0.0648 -0.8954 0.4406
vn -0.0570 -0.8286 0.5570
vn -0.0512 -0.7636 0.6436
vn -0.0515 -0.7151 0.6971
vn 0.0009 -0.0007 1.0000
vn 0.0428 -0.0505 -0.9978
vn 0.3682 -0.1164 0.9224
vn 0.2224 0.1025 0.9695
vn 0.3352 0.1086 0.9359
vn 0.8206 -0.0440 0.5699
vn -0.0512 -0.7636 -0.6436
vn 0.0040 -0.0052 1.0000
vn 0.9082 -0.2536 -0.3328
vn 0.7604 -0.3404 0.5531
f 1/1/1 2/2/1 3/3/2
f 3/4/3 4/5/4 2/6/5
f 5/7/6 6/8/7 4/5/4
f 7/9/8 8/10/9 6/8/7
f 8/10/9 9/11/10 10/12/11
f 11/13/12 12/14/13 9/11/10
f 9/11/10 13/15/14 10/12/11
f 14/16/15 15/17/16 12/14/13
f 12/14/13 16/18/17 13/15/14
f 17/19/18 18/20/19 15/17/16
f 15/17/16 19/21/20 16/18/17
f 20/22/21 21/23/22 18/20/19
f 18/20/19 22/24/23 19/21/20
f 23/25/24 24/26/25 21/23/22
f 25/27/26 26/28/27 22/29/23
f 27/30/28 28/31/29 24/32/25
f 24/32/25 29/33/30 25/27/26
f 25/27/26 30/34/31 26/28/27
f 31/35/32 32/36/33 28/31/29
f 28/31/29 33/37/34 29/33/30
f 29/33/30 34/38/35 30/34/31
f 35/39/36 36/40/37 32/41/33
f 32/36/33 37/42/38 33/37/34
f 33/37/34 38/43/39 34/38/35
f 39/44/40 40/45/41 36/40/37
f 36/46/37 41/47/42 37/42/38
f 37/42/38 42/48/43 38/43/39
f 43/49/44 44/50/45 40/45/41
f 40/51/41 45/52/46 41/47/42
f 41/47/42 46/53/47 42/48/43
f 47/54/48 48/55/49 44/50/45
f 44/56/45 49/57/50 45/52/46
f 50/58/51 51/59/52 46/53/47
f 52/60/53 53/61/54 48/62/55
f 48/62/55 54/63/56 49/57/50
f 49/57/50 55/64/57 50/58/51
f 50/58/51 56/65/58 51/59/52
f 57/66/59 58/67/60 53/61/61
f 53/61/61 59/68/62 54/63/56
f 54/63/56 60/69/63 55/64/57
f 55/64/57 61/70/64 56/65/58
f 62/71/65 63/72/66 58/73/60
f 58/73/60 64/74/67 59/75/62
f 59/75/62 65/76/68 60/77/63
f 60/69/63 66/78/69 61/70/64
f 67/79/70 68/80/71 63/72/66
f 63/72/66 69/81/72 64/74/67
f 64/74/67 70/82/73 65/76/68
f 65/76/68 71/83/74 66/84/69
f 72/85/75 73/86/76 68/80/71
f 68/80/71 74/87/77 69/81/72
f 69/81/72 75/88/78 70/82/73
f 76/89/79 77/90/80 71/83/74
f 78/91/81 79/92/82 73/86/76
f 73/86/76 80/93/83 74/87/77
f 74/87/77 81/94/84 75/88/78
f 75/88/78 82/95/85 76/89/79
f 82/95/85 77/90/80 76/89/79
f 83/96/86 84/97/87 79/92/82
f 79/92/82 85/98/88 80/93/83
f 80/93/83 86/99/89 81/94/84
f 81/94/84 87/100/90 82/95/85
f 87/100/90 88/101/91 82/95/85
f 89/102/92 90/103/93 84/97/87
f 84/97/87 91/104/94 85/98/88
f 85/98/88 92/105/95 86/99/89
f 86/99/89 93/106/96 87/100/90
f 93/106/96 94/107/97 87/100/90
f 95/108/98 96/109/99 90/103/93
f 90/103/93 97/110/100 91/104/94
f 91/104/94 98/111/101 92/105/95
f 92/105/95 99/112/102 93/106/96
f 99/112/102 100/113/103 93/106/96
f 101/114/104 102/115/105 96/109/99
f 96/109/99 103/116/106 97/110/100
f 97/110/100 104/117/107 98/111/101
f 98/111/101 105/118/108 99/112/102
f 105/118/108 106/119/109 107/120/110
f 108/121/111 109/122/112 102/115/105
f 102/115/105 110/123/113 103/116/106
f 103/116/106 111/124/114 104/117/107
f 104/117/107 112/125/115 105/118/108
f 105/118/108 113/126/116 106/119/109
f 113/126/116 114/127/117 106/119/109
f 115/128/118 116/129/119 109/122/112
f 109/122/112 117/130/120 110/123/113
f 110/123/113 118/131/121 111/124/114
f 111/124/114 119/132/122 112/125/115
f 112/125/115 120/133/123 113/126/116
f 120/133/123 121/134/124 113/126/116
f 122/135/125 123/136/126 116/129/119
f 116/129/119 124/137/127 117/130/120
f 117/130/120 125/138/128 118/131/121
f 118/131/121 126/139/129 119/132/122
f 126/139/129 120/133/123 119/132/122
f 127/140/130 128/141/131 120/133/123
f 129/142/132 130/143/133 123/144/126
f 123/144/126 131/145/134 124/146/127
f 131/145/134 125/147/128 124/146/127
f 132/148/135 126/149/129 125/147/128
f 133/150/136 127/140/130 126/139/129
f 134/151/137 135/152/138 127/140/130
f 136/153/139 137/154/140 130/143/133
f 137/154/140 131/145/134 130/143/133
f 138/155/141 132/148/135 131/145/134
f 139/156/142 133/157/136 132/148/135
f 140/158/143 134/159/137 133/157/136
f 141/160/144 142/161/145 143/162/146
f 144/163/147 145/164/148 137/154/140
f 145/164/148 138/155/141 137/154/140
f 146/165/149 139/156/142 138/155/141
f 147/166/150 140/158/143 139/156/142
f 148/167/151 149/168/152 140/158/143
f 150/169/153 141/160/144 149/170/152
f 151/171/154 142/161/145 141/160/144
f 152/172/155 145/164/148 153/173/156
f 154/174/157 146/165/149 145/164/148
f 155/175/158 147/166/150 146/165/149
f 156/176/159 148/167/151 147/166/150
f 157/177/160 150/178/153 148/167/151
f 158/179/161 151/180/154 150/181/153
f 159/182/162 160/183/163 151/171/154
f 161/184/164 154/174/157 152/172/155
f 162/185/165 155/175/158 154/174/157
f 163/186/166 156/176/159 155/175/158
f 164/187/167 157/177/160 156/176/159
f 165/188/168 158/189/161 157/177/160
f 166/190/169 159/191/162 158/189/161
f 167/192/170 168/193/171 159/182/162
f 169/194/172 162/185/165 161/184/164
f 170/195/173 163/186/166 162/185/165
f 171/196/174 164/187/167 163/186/166
f 172/197/175 165/188/168 164/187/167
f 173/198/176 166/190/169 165/188/168
f 174/199/177 167/200/170 166/190/169
f 175/201/178 176/202/179 167/192/170
f 177/203/180 170/195/173 169/194/172
f 178/204/181 171/196/174 170/195/173
f 179/205/182 172/197/175 171/196/174
f 180/206/183 173/198/176 172/197/175
f 181/207/184 174/199/177 173/198/176
f 182/208/185 175/209/178 174/199/177
f 183/210/186 184/211/187 175/201/178
f 185/212/188 178/204/181 177/203/180
f 186/213/189 179/205/182 178/204/181
f 187/214/190 180/206/183 179/205/182
f 188/215/191 181/207/184 180/206/183
f 189/216/192 182/208/185 181/207/184
f 190/217/193 183/218/186 182/208/185
f 191/219/194 192/220/195 183/210/186
f 193/221/196 186/213/189 185/212/188
f 194/222/197 187/214/190 186/213/189
f 195/223/198 188/215/191 187/214/190
f 196/224/199 189/216/192 188/215/191
f 197/225/200 190/217/193 189/216/192
f 198/226/201 191/227/194 190/217/193
f 199/228/202 200/229/203 191/219/194
f 201/230/204 194/222/197 193/221/196
f 202/231/205 195/223/198 194/222/197
f 203/232/206 196/224/199 195/223/198
f 204/233/207 197/225/200 196/224/199
f 205/234/208 198/226/201 197/225/200
f 206/235/209 199/236/202 198/226/201
f 207/237/210 208/238/211 199/228/202
f 209/239/212 202/231/205 201/230/204
f 210/240/213 203/232/206 202/231/205
f 211/241/214 204/233/207 203/232/206
f 212/242/215 205/234/208 204/233/207
f 213/243/216 206/235/209 205/234/208
f 214/244/217 207/245/210 206/235/209
f 215/246/218 216/247/219 217/248/220
f 218/249/221 210/240/213 209/239/212
f 219/250/222 211/241/214 210/240/213
f 220/251/223 212/242/215 211/241/214
f 221/252/224 213/243/216 212/242/215
f 222/253/225 214/244/217 213/243/216
f 223/254/226 224/255/227 214/244/217
f 225/256/228 215/246/218 224/257/227
f 226/258/229 216/247/219 215/246/218
f 227/259/230 219/250/222 218/249/221
f 228/260/231 220/251/223 219/250/222
f 229/261/232 221/252/224 220/251/223
f 230/262/233 222/253/225 221/252/224
f 231/263/234 223/254/226 222/253/225
f 232/264/235 225/265/228 223/254/226
f 233/266/236 226/258/229 225/256/228
f 234/267/237 235/268/238 226/258/229
f 236/269/239 228/260/231 227/259/230
f 237/270/240 229/261/232 228/260/231
f 238/271/241 230/262/233 229/261/232
f 239/272/242 231/263/234 230/262/233
f 240/273/243 232/264/235 231/263/234
f 241/274/244 233/275/236 232/264/235
f 242/276/245 234/267/237 233/266/236
f 243/277/246 244/278/247 234/267/237
f 245/279/248 237/270/240 236/269/239
f 246/280/249 238/271/241 237/270/240
f 247/281/250 239/272/242 238/271/241
f 248/282/251 240/273/243 239/272/242
f 249/283/252 241/274/244 240/273/243
f 250/284/253 242/285/245 241/274/244
f 251/286/254 243/277/246 242/276/245
f 252/287/255 253/288/256 243/277/246
f 254/289/257 246/280/249 245/279/248
f 255/290/258 247/281/250 246/280/249
f 256/291/259 248/282/251 247/281/250
f 257/292/260 249/283/252 248/282/251
f 258/293/261 250/284/253 249/283/252
f 259/294/262 251/295/254 250/284/253
f 260/296/263 252/287/255 251/286/254
f 261/297/264 262/298/265 252/287/255
f 263/299/266 255/290/258 254/289/257
f 264/300/267 256/291/259 255/290/258
f 265/301/268 257/292/260 256/291/259
f 266/302/269 258/293/261 257/292/260
f 267/303/270 259/294/262 258/293/261
f 268/304/271 260/305/263 259/294/262
f 269/306/272 261/297/264 260/296/263
f 270/307/273 271/308/274 261/297/264
f 272/309/275 264/300/267 263/299/266
f 273/310/276 265/301/268 264/300/267
f 274/311/277 266/302/269 265/301/268
f 275/312/278 267/303/270 266/302/269
f 276/313/279 268/304/271 267/303/270
f 277/314/280 269/315/272 268/304/271
f 278/316/281 270/307/273 269/306/272
f 279/317/282 280/318/283 270/307/273
f 281/319/284 273/310/276 272/309/275
f 282/320/285 274/311/277 273/310/276
f 283/321/286 275/312/278 274/311/277
f 284/322/287 276/313/279 275/312/278
f 285/323/288 277/314/280 276/313/279
f 286/324/289 278/325/281 277/314/280
f 287/326/290 279/317/282 278/316/281
f 288/327/291 289/328/292 279/317/282
f 290/329/293 282/320/285 281/319/284
f 291/330/294 283/321/286 282/320/285
f 292/331/295 284/322/287 283/321/286
f 293/332/296 285/323/288 284/322/287
f 294/333/297 286/324/289 285/323/288
f 295/334/298 287/335/290 286/324/289
f 296/336/299 288/327/291 287/326/290
f 297/337/300 298/338/301 288/327/291
f 299/339/302 291/330/294 290/329/293
f 300/340/303 292/331/295 291/330/294
f 301/341/304 293/332/296 292/331/295
f 302/342/305 294/333/297 293/332/296
f 303/343/306 295/334/298 294/333/297
f 304/344/307 296/345/299 295/334/298
f 305/346/308 297/337/300 296/336/299
f 306/347/309 307/348/310 297/337/300
f 308/349/311 300/340/303 299/339/302
f 309/350/312 301/341/304 300/340/303
f 310/351/313 302/342/305 301/341/304
f 311/352/314 303/343/306 302/342/305
f 312/353/315 304/344/307 303/343/306
f 313/354/316 305/355/308 304/344/307
f 314/356/317 306/347/309 305/346/308
f 315/357/318 316/358/319 306/347/309
f 317/359/320 309/350/312 308/349/311
f 318/360/321 310/351/313 309/350/312
f 319/361/322 311/352/314 310/351/313
f 320/362/323 312/353/315 311/352/314
f 321/363/324 313/354/316 312/353/315
f 322/364/325 314/365/317 313/354/316
f 323/366/326 315/357/318 314/356/317
f 324/367/327 325/368/328 315/357/318
f 326/369/329 318/360/321 317/359/320
f 327/370/330 319/361/322 318/360/321
f 328/371/331 320/362/323 319/361/322
f 329/372/332 321/363/324 320/362/323
f 330/373/333 322/364/325 321/363/324
f 331/374/334 323/375/326 322/364/325
f 332/376/335 324/367/327 323/366/326
f 324/367/327 333/377/336 334/378/337
f 335/379/338 327/370/330 326/369/329
f 336/380/339 328/371/331 327/370/330
f 337/381/340 329/372/332 328/371/331
f 338/382/341 330/373/333 329/372/332
f 339/383/342 331/374/334 330/373/333
f 340/384/343 332/385/335 331/374/334
f 341/386/344 342/387/345 332/376/335
f 342/387/345 343/388/346 333/377/336
f 344/389/347 336/380/339 335/379/338
f 345/390/348 337/381/340 336/380/339
f 346/391/349 338/382/341 337/381/340
f 347/392/350 339/383/342 338/382/341
f 348/393/351 340/384/343 339/383/342
f 349/394/352 341/395/344 340/384/343
f 350/396/353 351/397/354 341/386/344
f 351/397/354 352/398/355 343/388/346
f 353/399/356 345/390/348 344/389/347
f 354/400/357 346/391/349 345/390/348
f 355/401/358 347/392/350 346/391/349
f 356/402/359 348/393/351 347/392/350
f 357/403/360 349/394/352 348/393/351
f 358/404/361 350/405/353 349/394/352
f 359/406/362 360/407/363 350/396/353
f 360/407/363 361/408/364 352/398/355
f 362/409/365 354/400/357 353/399/356
f 363/410/366 355/401/358 354/400/357
f 364/411/367 356/402/359 355/401/358
f 365/412/368 357/403/360 356/402/359
f 366/413/369 358/404/361 357/403/360
f 367/414/370 359/415/362 358/404/361
f 368/416/371 369/417/372 359/406/362
f 369/417/372 370/418/373 361/408/364
f 371/419/374 363/410/366 362/409/365
f 372/420/375 364/411/367 363/410/366
f 373/421/376 365/412/368 364/411/367
f 374/422/377 366/413/369 365/412/368
f 375/423/378 367/414/370 366/413/369
f 376/424/379 368/425/371 367/414/370
f 377/426/380 378/427/381 368/416/371
f 378/427/381 379/428/382 370/418/373
f 380/429/383 372/420/375 371/419/374
f 381/430/384 373/421/376 372/420/375
f 382/431/385 374/422/377 373/421/376
f 383/432/386 375/423/378 374/422/377
f 384/433/387 376/424/379 375/423/378
f 385/434/388 377/435/380 376/424/379
f 386/436/389 387/437/390 377/426/380
f 387/437/390 388/438/391 379/428/382
f 389/439/392 381/430/384 380/429/383
f 390/440/393 382/431/385 381/430/384
f 391/441/394 383/432/386 382/431/385
f 392/442/395 384/433/387 383/432/386
f 393/443/396 385/434/388 384/433/387
f 394/444/397 386/445/389 385/434/388
f 395/446/398 396/447/399 386/436/389
f 396/447/399 397/448/400 388/438/391
f 398/449/401 390/440/393 389/439/392
f 399/450/402 391/441/394 390/440/393
f 400/451/403 392/442/395 391/441/394
f 401/452/404 393/443/396 392/442/395
f 402/453/405 394/444/397 393/443/396
f 403/454/406 395/455/398 394/444/397
f 404/456/407 405/457/408 395/446/398
f 405/457/408 406/458/409 397/448/400
f 407/459/410 399/450/402 398/449/401
f 408/460/411 400/451/403 399/450/402
f 409/461/412 401/452/404 400/451/403
f 410/462/413 402/453/405 401/452/404
f 411/463/414 403/454/406 402/453/405
f 412/464/415 404/465/407 403/454/406
f 413/466/416 406/458/409 414/467/417
f 415/468/418 408/460/411 407/459/410
f 416/469/419 409/461/412 408/460/411
f 417/470/420 410/462/413 409/461/412
f 418/471/421 411/463/414 410/462/413
f 419/472/422 412/464/415 411/463/414
f 420/473/423 421/474/424 412/464/415
f 421/475/424 422/476/425 413/466/416
f 423/477/426 416/469/419 415/468/418
f 424/478/427 417/470/420 416/469/419
f 425/479/428 418/471/421 417/470/420
f 426/480/429 419/472/422 418/471/421
f 427/481/430 420/473/423 419/472/422
f 428/482/431 429/483/432 420/473/423
f 429/484/432 430/485/433 422/476/425
f 431/486/434 424/478/427 423/477/426
f 432/487/435 425/479/428 424/478/427
f 433/488/436 426/480/429 425/479/428
f 434/489/437 427/481/430 426/480/429
f 435/490/438 428/482/431 427/481/430
f 436/491/439 437/492/440 428/482/431
f 437/493/440 438/494/441 430/485/433
f 439/495/442 432/487/435 431/486/434
f 440/496/443 433/488/436 432/487/435
f 441/497/444 434/489/437 433/488/436
f 442/498/445 435/490/438 434/489/437
f 443/499/446 436/491/439 435/490/438
f 444/500/447 445/501/448 436/491/439
f 445/502/448 446/503/449 438/494/441
f 447/504/450 440/496/443 439/495/442
f 448/505/451 441/497/444 440/496/443
f 449/506/452 442/498/445 441/497/444
f 450/507/453 443/499/446 442/498/445
f 451/508/454 444/500/447 443/499/446
f 452/509/455 453/510/456 444/500/447
f 453/511/456 454/512/457 446/503/449
f 455/513/458 448/505/451 447/504/450
f 456/514/459 449/506/452 448/505/451
f 457/515/460 450/507/453 449/506/452
f 458/516/461 451/508/454 450/507/453
f 459/517/462 452/509/455 451/508/454
f 460/518/463 461/519/464 452/509/455
f 461/520/464 462/521/465 454/512/457
f 463/522/466 456/514/459 455/513/458
f 464/523/467 457/515/460 456/514/459
f 465/524/468 458/516/461 457/515/460
f 466/525/469 459/517/462 458/516/461
f 467/526/470 460/518/463 459/517/462
f 468/527/471 469/528/472 460/518/463
f 469/529/472 470/530/473 462/521/465
f 471/531/474 464/523/467 463/522/466
f 472/532/475 465/524/468 464/523/467
f 473/533/476 466/525/469 465/524/468
f 474/534/477 467/526/470 466/525/469
f 475/535/478 468/527/471 467/526/470
f 476/536/479 477/537/480 468/527/471
f 477/538/480 478/539/481 470/530/473
f 479/540/482 472/532/475 471/531/474
f 480/541/483 473/533/476 472/532/475
f 481/542/484 474/534/477 473/533/476
f 482/543/485 475/535/478 474/534/477
f 483/544/486 476/536/479 475/535/478
f 484/545/487 485/546/488 476/536/479
f 485/547/488 486/548/489 478/539/481
f 487/549/490 480/541/483 479/540/482
f 488/550/491 481/542/484 480/541/483
f 489/551/492 482/543/485 481/542/484
f 490/552/493 483/544/486 482/543/485
f 491/553/494 484/545/487 483/544/486
f 492/554/495 493/555/496 484/545/487
f 493/555/496 494/556/497 486/557/489
f 3/3/498 495/558/499 5/559/500
f 5/559/500 496/560/501 7/561/502
f 7/561/502 497/562/503 498/563/504
f 497/562/503 499/564/505 500/565/506
f 11/566/507 501/567/508 14/568/509
f 500/565/506 502/569/510 501/567/508
f 14/568/509 503/570/511 17/571/512
f 501/567/508 504/572/513 503/570/511
f 17/571/512 505/573/514 20/574/515
f 503/570/511 506/575/516 505/573/514
f 20/574/515 507/576/517 23/577/518
f 505/573/514 508/578/519 507/576/517
f 23/577/518 509/579/520 27/580/28
f 508/578/519 510/581/521 511/582/522
f 27/30/28 512/583/523 31/35/32
f 509/579/520 513/584/524 512/585/523
f 511/582/522 514/586/525 513/584/524
f 31/587/526 515/588/527 35/589/528
f 512/583/523 516/590/529 515/591/527
f 513/584/524 517/592/530 516/593/529
f 35/594/528 518/595/531 39/596/532
f 515/591/527 519/597/533 518/598/531
f 516/590/529 520/599/534 519/597/533
f 39/600/532 521/601/535 43/602/536
f 518/598/531 522/603/537 521/604/535
f 519/597/533 523/605/538 522/603/537
f 43/606/536 524/607/539 47/608/540
f 521/604/535 525/609/541 524/610/539
f 522/603/537 526/611/542 525/609/541
f 47/612/540 527/613/543 52/614/544
f 524/610/539 528/615/545 527/616/543
f 526/611/542 529/617/546 530/618/547
f 52/619/548 531/620/548 57/621/548
f 527/616/549 532/622/550 531/623/551
f 528/615/545 533/624/552 532/622/550
f 530/618/547 534/625/553 533/624/552
f 57/66/554 535/626/554 62/627/554
f 531/623/555 536/628/556 535/626/557
f 532/629/550 537/630/558 536/631/556
f 533/632/552 538/633/559 537/630/558
f 62/634/560 539/635/561 67/636/562
f 535/637/557 540/638/563 539/635/561
f 536/631/556 541/639/564 540/638/563
f 537/630/558 542/640/565 541/639/564
f 67/636/562 543/641/566 72/642/567
f 539/635/561 544/643/568 543/641/566
f 540/638/563 545/644/569 544/643/568
f 541/639/564 546/645/570 545/644/569
f 72/642/567 547/646/571 78/647/572
f 543/641/566 548/648/573 547/646/571
f 544/643/568 549/649/574 548/648/573
f 546/645/570 550/650/575 551/651/576
f 78/647/572 552/652/577 83/653/578
f 547/646/571 553/654/579 552/652/577
f 548/648/573 554/655/580 553/654/579
f 549/649/574 555/656/581 554/655/580
f 555/656/581 550/650/575 556/657/582
f 83/653/578 557/658/583 89/659/584
f 552/652/577 558/660/585 557/658/583
f 553/654/579 559/661/586 558/660/585
f 554/655/580 560/662/587 559/661/586
f 560/662/587 556/657/582 561/663/588
f 89/659/584 562/664/589 95/665/590
f 557/658/583 563/666/591 562/664/589
f 558/660/585 564/667/592 563/666/591
f 559/661/586 565/668/593 564/667/592
f 565/668/593 561/663/588 566/669/594
f 95/665/590 567/670/595 101/671/596
f 562/664/589 568/672/597 567/670/595
f 563/666/591 569/673/598 568/672/597
f 564/667/592 570/674/599 569/673/598
f 570/674/599 566/669/594 571/675/600
f 101/671/596 572/676/601 108/677/602
f 567/670/595 573/678/603 572/676/601
f 568/672/597 574/679/604 573/678/603
f 569/673/598 575/680/605 574/679/604
f 571/675/600 576/681/606 577/682/607
f 108/677/602 578/683/608 115/684/609
f 572/676/601 579/685/610 578/683/608
f 573/678/603 580/686/611 579/685/610
f 574/679/604 581/687/612 580/686/611
f 575/680/605 582/688/613 581/687/612
f 582/688/613 576/681/606 583/689/614
f 115/684/609 584/690/615 122/691/616
f 578/683/608 585/692/617 584/690/615
f 579/685/610 586/693/618 585/692/617
f 580/686/611 587/694/619 586/693/618
f 581/687/612 588/695/620 587/694/619
f 588/695/620 583/689/614 589/696/621
f 122/697/616 590/698/622 129/142/623
f 584/699/615 591/700/624 590/701/622
f 585/692/617 592/702/625 591/703/624
f 586/693/618 593/704/626 592/702/625
f 593/704/626 588/695/620 594/705/627
f 594/705/627 589/696/621 595/706/628
f 129/142/623 596/707/629 136/153/630
f 590/698/622 597/708/631 596/707/629
f 597/708/631 592/709/625 598/710/632
f 598/711/632 593/704/626 599/712/633
f 599/712/633 594/705/627 600/713/634
f 600/713/634 595/706/628 601/714/635
f 136/153/630 602/715/636 144/163/637
f 602/715/636 597/708/631 603/716/638
f 603/716/638 598/710/632 604/717/639
f 604/717/639 599/718/633 605/719/640
f 605/720/640 600/713/634 606/721/641
f 601/714/635 607/722/642 608/723/643
f 144/163/637 609/724/644 153/173/645
f 609/724/644 603/716/638 610/725/646
f 610/725/646 604/717/639 611/726/647
f 611/726/647 605/719/640 612/727/648
f 612/728/648 606/721/641 613/729/649
f 613/729/649 608/723/643 614/730/650
f 614/730/650 607/722/642 615/731/651
f 152/172/652 609/724/644 616/732/653
f 616/732/653 610/725/646 617/733/654
f 617/733/654 611/726/647 618/734/655
f 618/734/655 612/727/648 619/735/656
f 619/735/656 613/736/649 620/737/657
f 620/738/657 614/730/650 621/739/658
f 621/739/658 615/731/651 622/740/659
f 161/184/660 616/732/653 623/741/661
f 623/741/661 617/733/654 624/742/662
f 624/742/662 618/734/655 625/743/663
f 625/743/663 619/735/656 626/744/664
f 626/744/664 620/737/657 627/745/665
f 627/746/665 621/739/658 628/747/666
f 628/747/666 622/740/659 629/748/667
f 169/194/668 623/741/661 630/749/669
f 630/749/669 624/742/662 631/750/670
f 631/750/670 625/743/663 632/751/671
f 632/751/671 626/744/664 633/752/672
f 633/752/672 627/745/665 634/753/673
f 634/754/673 628/747/666 635/755/674
f 635/755/674 629/748/667 636/756/675
f 177/203/676 630/749/669 637/757/677
f 637/757/677 631/750/670 638/758/678
f 638/758/678 632/751/671 639/759/679
f 639/759/679 633/752/672 640/760/680
f 640/760/680 634/753/673 641/761/681
f 641/762/681 635/755/674 642/763/682
f 642/763/682 636/756/675 643/764/683
f 185/212/188 637/757/677 644/765/684
f 644/765/684 638/758/678 645/766/685
f 645/766/685 639/759/679 646/767/686
f 646/767/686 640/760/680 647/768/687
f 647/768/687 641/761/681 648/769/688
f 648/770/688 642/763/682 649/771/689
f 649/771/689 643/764/683 650/772/690
f 193/221/196 644/765/684 651/773/691
f 651/773/691 645/766/685 652/774/692
f 652/774/692 646/767/686 653/775/693
f 653/775/693 647/768/687 654/776/694
f 654/776/694 648/769/688 655/777/695
f 655/778/695 649/771/689 656/779/696
f 656/779/696 650/772/690 657/780/697
f 201/230/204 651/773/691 658/781/698
f 658/781/698 652/774/692 659/782/699
f 659/782/699 653/775/693 660/783/700
f 660/783/700 654/776/694 661/784/701
f 661/784/701 655/777/695 662/785/702
f 662/786/702 656/779/696 663/787/703
f 663/787/703 657/780/697 664/788/704
f 209/239/212 658/781/698 665/789/705
f 665/789/705 659/782/699 666/790/706
f 666/790/706 660/783/700 667/791/707
f 667/791/707 661/784/701 668/792/708
f 668/792/708 662/785/702 669/793/709
f 669/793/709 663/794/703 670/795/710
f 664/788/704 671/796/711 672/797/712
f 218/249/221 665/789/705 673/798/713
f 673/798/713 666/790/706 674/799/714
f 674/799/714 667/791/707 675/800/715
f 675/800/715 668/792/708 676/801/716
f 676/801/716 669/793/709 677/802/717
f 677/802/717 670/795/710 678/803/718
f 678/804/718 672/797/712 679/805/719
f 679/805/719 671/796/711 680/806/720
f 227/259/230 673/798/713 681/807/721
f 681/807/721 674/799/714 682/808/722
f 682/808/722 675/800/715 683/809/723
f 683/809/723 676/801/716 684/810/724
f 684/810/724 677/802/717 685/811/725
f 685/811/725 678/803/718 686/812/726
f 686/813/726 679/805/719 687/814/727
f 687/814/727 680/806/720 688/815/728
f 236/269/239 681/807/721 689/816/729
f 689/816/729 682/808/722 690/817/730
f 690/817/730 683/809/723 691/818/731
f 691/818/731 684/810/724 692/819/732
f 692/819/732 685/811/725 693/820/733
f 693/820/733 686/812/726 694/821/734
f 694/822/734 687/814/727 695/823/735
f 695/823/735 688/815/728 696/824/736
f 245/279/248 689/816/729 697/825/737
f 697/825/737 690/817/730 698/826/738
f 698/826/738 691/818/731 699/827/739
f 699/827/739 692/819/732 700/828/740
f 700/828/740 693/820/733 701/829/741
f 701/829/741 694/821/734 702/830/742
f 702/831/742 695/823/735 703/832/743
f 703/832/743 696/824/736 704/833/744
f 254/289/257 697/825/737 705/834/745
f 705/834/745 698/826/738 706/835/746
f 706/835/746 699/827/739 707/836/747
f 707/836/747 700/828/740 708/837/748
f 708/837/748 701/829/741 709/838/749
f 709/838/749 702/830/742 710/839/750
f 710/840/750 703/832/743 711/841/751
f 711/841/751 704/833/744 712/842/752
f 263/299/266 705/834/745 713/843/753
f 713/843/753 706/835/746 714/844/754
f 714/844/754 707/836/747 715/845/755
f 715/845/755 708/837/748 716/846/756
f 716/846/756 709/838/749 717/847/757
f 717/847/757 710/839/750 718/848/758
f 718/849/758 711/841/751 719/850/759
f 719/850/759 712/842/752 720/851/760
f 272/309/275 713/843/753 721/852/761
f 721/852/761 714/844/754 722/853/762
f 722/853/762 715/845/755 723/854/763
f 723/854/763 716/846/756 724/855/764
f 724/855/764 717/847/757 725/856/765
f 725/856/765 718/848/758 726/857/766
f 726/858/766 719/850/759 727/859/767
f 727/859/767 720/851/760 728/860/768
f 281/319/284 721/852/761 729/861/769
f 729/861/769 722/853/762 730/862/770
f 730/862/770 723/854/763 731/863/771
f 731/863/771 724/855/764 732/864/772
f 732/864/772 725/856/765 733/865/773
f 733/865/773 726/857/766 734/866/774
f 734/867/774 727/859/767 735/868/775
f 735/868/775 728/860/768 736/869/776
f 290/329/293 729/861/769 737/870/777
f 737/870/777 730/862/770 738/871/778
f 738/871/778 731/863/771 739/872/779
f 739/872/779 732/864/772 740/873/780
f 740/873/780 733/865/773 741/874/781
f 741/874/781 734/866/774 742/875/782
f 742/876/782 735/868/775 743/877/783
f 743/877/783 736/869/776 744/878/784
f 299/339/302 737/870/777 745/879/785
f 745/879/785 738/871/778 746/880/786
f 746/880/786 739/872/779 747/881/787
f 747/881/787 740/873/780 748/882/788
f 748/882/788 741/874/781 749/883/789
f 749/883/789 742/875/782 750/884/790
f 750/885/790 743/877/783 751/886/791
f 751/886/791 744/878/784 752/887/792
f 308/349/311 745/879/785 753/888/793
f 753/888/793 746/880/786 754/889/794
f 754/889/794 747/881/787 755/890/795
f 755/890/795 748/882/788 756/891/796
f 756/891/796 749/883/789 757/892/797
f 757/892/797 750/884/790 758/893/798
f 758/894/798 751/886/791 759/895/799
f 759/895/799 752/887/792 760/896/800
f 317/359/320 753/888/793 761/897/801
f 761/897/801 754/889/794 762/898/802
f 762/898/802 755/890/795 763/899/803
f 763/899/803 756/891/796 764/900/804
f 764/900/804 757/892/797 765/901/805
f 765/901/805 758/893/798 766/902/806
f 766/903/806 759/895/799 767/904/807
f 767/904/807 760/896/800 768/905/808
f 326/369/329 761/897/801 769/906/809
f 769/906/809 762/898/802 770/907/810
f 770/907/810 763/899/803 771/908/811
f 771/908/811 764/900/804 772/909/812
f 772/909/812 765/901/805 773/910/813
f 773/910/813 766/902/806 774/911/814
f 774/912/814 767/904/807 775/913/815
f 767/904/807 776/914/816 775/913/815
f 335/379/338 769/906/809 777/915/817
f 777/915/817 770/907/810 778/916/818
f 778/916/818 771/908/811 779/917/819
f 779/917/819 772/909/812 780/918/820
f 780/918/820 773/910/813 781/919/821
f 781/919/821 774/911/814 782/920/822
f 782/921/822 775/913/815 783/922/823
f 775/913/815 784/923/824 783/922/823
f 344/389/347 777/915/817 785/924/825
f 785/924/825 778/916/818 786/925/826
f 786/925/826 779/917/819 787/926/827
f 787/926/827 780/918/820 788/927/828
f 788/927/828 781/919/821 789/928/829
f 789/928/829 782/920/822 790/929/830
f 790/930/830 783/922/823 791/931/831
f 783/922/823 792/932/832 791/931/831
f 353/399/356 785/924/825 793/933/833
f 793/933/833 786/925/826 794/934/834
f 794/934/834 787/926/827 795/935/835
f 795/935/835 788/927/828 796/936/836
f 796/936/836 789/928/829 797/937/837
f 797/937/837 790/929/830 798/938/838
f 798/939/838 791/931/831 799/940/839
f 791/931/831 800/941/840 799/940/839
f 362/409/365 793/933/833 801/942/841
f 801/942/841 794/934/834 802/943/842
f 802/943/842 795/935/835 803/944/843
f 803/944/843 796/936/836 804/945/844
f 804/945/844 797/937/837 805/946/845
f 805/946/845 798/938/838 806/947/846
f 806/948/846 799/940/839 807/949/847
f 799/940/839 808/950/848 807/949/847
f 371/419/374 801/942/841 809/951/849
f 809/951/849 802/943/842 810/952/850
f 810/952/850 803/944/843 811/953/851
f 811/953/851 804/945/844 812/954/852
f 812/954/852 805/946/845 813/955/853
f 813/955/853 806/947/846 814/956/854
f 814/957/854 807/949/847 815/958/855
f 807/949/847 816/959/856 815/958/855
f 380/429/383 809/951/849 817/960/857
f 817/960/857 810/952/850 818/961/858
f 818/961/858 811/953/851 819/962/859
f 819/962/859 812/954/852 820/963/860
f 820/963/860 813/955/853 821/964/861
f 821/964/861 814/956/854 822/965/862
f 822/966/862 815/958/855 823/967/863
f 815/958/855 824/968/864 823/967/863
f 389/439/392 817/960/857 825/969/865
f 825/969/865 818/961/858 826/970/866
f 826/970/866 819/962/859 827/971/867
f 827/971/867 820/963/860 828/972/868
f 828/972/868 821/964/861 829/973/869
f 829/973/869 822/965/862 830/974/870
f 830/975/870 823/967/863 831/976/871
f 823/967/863 832/977/872 831/976/871
f 398/449/401 825/969/865 833/978/873
f 833/978/873 826/970/866 834/979/874
f 834/979/874 827/971/867 835/980/875
f 835/980/875 828/972/868 836/981/876
f 836/981/876 829/973/869 837/982/877
f 837/982/877 830/974/870 838/983/878
f 838/984/878 831/976/871 839/985/879
f 831/976/871 840/986/880 839/985/879
f 407/459/410 833/978/873 841/987/881
f 841/987/881 834/979/874 842/988/882
f 842/988/882 835/980/875 843/989/883
f 843/989/883 836/981/876 844/990/884
f 844/990/884 837/982/877 845/991/885
f 845/991/885 838/983/878 846/992/886
f 839/985/879 840/986/880 847/993/887
f 415/468/418 841/987/881 848/994/888
f 848/994/888 842/988/882 849/995/889
f 849/995/889 843/989/883 850/996/890
f 850/996/890 844/990/884 851/997/891
f 851/997/891 845/991/885 852/998/892
f 852/998/892 846/992/886 853/999/893
f 846/1000/886 854/1001/894 853/1002/893
f 423/477/426 848/994/888 855/1003/895
f 855/1003/895 849/995/889 856/1004/896
f 856/1004/896 850/996/890 857/1005/897
f 857/1005/897 851/997/891 858/1006/898
f 858/1006/898 852/998/892 859/1007/899
f 859/1007/899 853/999/893 860/1008/900
f 853/1002/893 861/1009/901 860/1010/900
f 431/486/434 855/1003/895 862/1011/902
f 862/1011/902 856/1004/896 863/1012/903
f 863/1012/903 857/1005/897 864/1013/904
f 864/1013/904 858/1006/898 865/1014/905
f 865/1014/905 859/1007/899 866/1015/906
f 866/1015/906 860/1008/900 867/1016/907
f 860/1010/900 868/1017/908 867/1018/907
f 439/495/442 862/1011/902 869/1019/909
f 869/1019/909 863/1012/903 870/1020/910
f 870/1020/910 864/1013/904 871/1021/911
f 871/1021/911 865/1014/905 872/1022/912
f 872/1022/912 866/1015/906 873/1023/913
f 873/1023/913 867/1016/907 874/1024/914
f 867/1018/907 875/1025/915 874/1026/914
f 447/504/450 869/1019/909 876/1027/916
f 876/1027/916 870/1020/910 877/1028/917
f 877/1028/917 871/1021/911 878/1029/918
f 878/1029/918 872/1022/912 879/1030/919
f 879/1030/919 873/1023/913 880/1031/920
f 880/1031/920 874/1024/914 881/1032/921
f 874/1026/914 882/1033/922 881/1034/921
f 455/513/458 876/1027/916 883/1035/923
f 883/1035/923 877/1028/917 884/1036/924
f 884/1036/924 878/1029/918 885/1037/925
f 885/1037/925 879/1030/919 886/1038/926
f 886/1038/926 880/1031/920 887/1039/927
f 887/1039/927 881/1032/921 888/1040/928
f 881/1034/921 889/1041/929 888/1042/928
f 463/522/466 883/1035/923 890/1043/930
f 890/1043/930 884/1036/924 891/1044/931
f 891/1044/931 885/1037/925 892/1045/932
f 892/1045/932 886/1038/926 893/1046/933
f 893/1046/933 887/1039/927 894/1047/934
f 894/1047/934 888/1040/928 895/1048/935
f 888/1042/928 896/1049/936 895/1050/935
f 471/531/474 890/1043/930 897/1051/937
f 897/1051/937 891/1044/931 898/1052/938
f 898/1052/938 892/1045/932 899/1053/939
f 899/1053/939 893/1046/933 900/1054/940
f 900/1054/940 894/1047/934 901/1055/941
f 901/1055/941 895/1048/935 902/1056/942
f 895/1050/935 903/1057/943 902/1058/942
f 479/540/482 897/1051/937 904/1059/944
f 904/1059/944 898/1052/938 905/1060/945
f 905/1060/945 899/1053/939 906/1061/946
f 906/1061/946 900/1054/940 907/1062/947
f 907/1062/947 901/1055/941 908/1063/948
f 908/1063/948 902/1056/942 909/1064/949
f 902/1056/942 910/1065/950 909/1064/949
f 487/549/490 904/1059/944 911/1066/951
f 911/1066/951 905/1060/945 912/1067/952
f 912/1067/952 906/1061/946 913/1068/953
f 913/1068/953 907/1062/947 914/1069/954
f 914/1069/954 908/1063/948 915/1070/955
f 915/1070/955 909/1064/949 916/1071/956
f 909/1064/949 917/1072/957 916/1071/956
f 1/1/1 918/1073/958 2/2/1
f 3/4/3 5/7/6 4/5/4
f 5/7/6 7/9/8 6/8/7
f 7/9/8 498/1074/959 8/10/9
f 8/10/9 498/1074/959 9/11/10
f 498/1074/959 11/13/12 9/11/10
f 11/13/12 14/16/15 12/14/13
f 9/11/10 12/14/13 13/15/14
f 14/16/15 17/19/18 15/17/16
f 12/14/13 15/17/16 16/18/17
f 17/19/18 20/22/21 18/20/19
f 15/17/16 18/20/19 19/21/20
f 20/22/21 23/25/24 21/23/22
f 18/20/19 21/23/22 22/24/23
f 23/1075/24 27/30/28 24/32/25
f 22/29/23 21/1076/22 25/27/26
f 21/1076/22 24/32/25 25/27/26
f 27/30/28 31/35/32 28/31/29
f 24/32/25 28/31/29 29/33/30
f 25/27/26 29/33/30 30/34/31
f 31/1077/960 35/39/36 32/41/33
f 28/31/29 32/36/33 33/37/34
f 29/33/30 33/37/34 34/38/35
f 35/39/36 39/44/40 36/40/37
f 32/36/33 36/46/37 37/42/38
f 33/37/34 37/42/38 38/43/39
f 39/44/40 43/49/44 40/45/41
f 36/40/37 40/45/41 41/1078/42
f 37/42/38 41/47/42 42/48/43
f 43/49/44 47/54/48 44/50/45
f 40/45/41 44/50/45 45/1079/46
f 41/47/42 45/52/46 46/53/47
f 47/54/48 52/1080/961 48/55/49
f 44/56/45 48/62/49 49/57/50
f 46/53/47 45/52/46 50/58/51
f 45/52/46 49/57/50 50/58/51
f 52/1081/962 57/1082/962 53/1083/962
f 48/62/55 53/61/54 54/63/56
f 49/57/50 54/63/56 55/64/57
f 50/58/51 55/64/57 56/65/58
f 57/66/963 62/627/963 58/67/963
f 53/61/61 58/67/60 59/68/62
f 54/63/56 59/68/62 60/69/63
f 55/64/57 60/69/63 61/70/64
f 62/71/65 67/79/70 63/72/66
f 58/73/60 63/72/66 64/74/67
f 59/75/62 64/74/67 65/76/68
f 60/69/63 65/1084/68 66/78/69
f 67/79/70 72/85/75 68/80/71
f 63/72/66 68/80/71 69/81/72
f 64/74/67 69/81/72 70/82/73
f 65/76/68 70/82/73 71/83/74
f 72/85/75 78/91/81 73/86/76
f 68/80/71 73/86/76 74/87/77
f 69/81/72 74/87/77 75/88/78
f 71/83/74 70/82/73 76/89/79
f 70/82/73 75/88/78 76/89/79
f 78/91/81 83/96/86 79/92/82
f 73/86/76 79/92/82 80/93/83
f 74/87/77 80/93/83 81/94/84
f 75/88/78 81/94/84 82/95/85
f 82/95/85 88/101/91 77/90/80
f 83/96/86 89/102/92 84/97/87
f 79/92/82 84/97/87 85/98/88
f 80/93/83 85/98/88 86/99/89
f 81/94/84 86/99/89 87/100/90
f 87/100/90 94/107/97 88/101/91
f 89/102/92 95/108/98 90/103/93
f 84/97/87 90/103/93 91/104/94
f 85/98/88 91/104/94 92/105/95
f 86/99/89 92/105/95 93/106/96
f 93/106/96 100/113/103 94/107/97
f 95/108/98 101/114/104 96/109/99
f 90/103/93 96/109/99 97/110/100
f 91/104/94 97/110/100 98/111/101
f 92/105/95 98/111/101 99/112/102
f 99/112/102 107/120/110 100/113/103
f 101/114/104 108/121/111 102/115/105
f 96/109/99 102/115/105 103/116/106
f 97/110/100 103/116/106 104/117/107
f 98/111/101 104/117/107 105/118/108
f 107/120/110 99/112/102 105/118/108
f 106/119/109 114/127/117 107/120/110
f 108/121/111 115/128/118 109/122/112
f 102/115/105 109/122/112 110/123/113
f 103/116/106 110/123/113 111/124/114
f 104/117/107 111/124/114 112/125/115
f 105/118/108 112/125/115 113/126/116
f 113/126/116 121/134/124 114/127/117
f 115/128/118 122/135/125 116/129/119
f 109/122/112 116/129/119 117/130/120
f 110/123/113 117/130/120 118/131/121
f 111/124/114 118/131/121 119/132/122
f 112/125/115 119/132/122 120/133/123
f 120/133/123 128/141/131 121/134/124
f 122/697/125 129/142/132 123/144/126
f 116/1085/119 123/144/126 124/146/127
f 117/1086/120 124/146/127 125/147/128
f 118/1087/121 125/147/128 126/149/129
f 126/139/129 127/140/130 120/133/123
f 127/140/130 135/152/138 128/141/131
f 129/142/132 136/153/139 130/143/133
f 123/144/126 130/143/133 131/145/134
f 131/145/134 132/148/135 125/147/128
f 132/148/135 133/157/136 126/149/129
f 133/157/136 134/159/137 127/1088/130
f 134/151/137 143/162/146 135/152/138
f 136/153/139 144/163/147 137/154/140
f 137/154/140 138/155/141 131/145/134
f 138/155/141 139/156/142 132/148/135
f 139/156/142 140/158/143 133/157/136
f 140/158/143 149/168/152 134/159/137
f 143/162/146 134/151/137 149/170/152
f 149/170/152 141/160/144 143/162/146
f 144/163/147 153/173/156 145/164/148
f 145/164/148 146/165/149 138/155/141
f 146/165/149 147/166/150 139/156/142
f 147/166/150 148/167/151 140/158/143
f 148/167/151 150/178/153 149/168/152
f 150/1089/153 151/1090/154 141/1091/144
f 151/171/154 160/183/163 142/161/145
f 152/172/155 154/174/157 145/164/148
f 154/174/157 155/175/158 146/165/149
f 155/175/158 156/176/159 147/166/150
f 156/176/159 157/177/160 148/167/151
f 157/177/160 158/189/161 150/178/153
f 158/189/161 159/191/162 151/1092/154
f 159/182/162 168/193/171 160/183/163
f 161/184/164 162/185/165 154/174/157
f 162/185/165 163/186/166 155/175/158
f 163/186/166 164/187/167 156/176/159
f 164/187/167 165/188/168 157/177/160
f 165/188/168 166/190/169 158/189/161
f 166/190/169 167/200/170 159/191/162
f 167/192/170 176/202/179 168/193/171
f 169/194/172 170/195/173 162/185/165
f 170/195/173 171/196/174 163/186/166
f 171/196/174 172/197/175 164/187/167
f 172/197/175 173/198/176 165/188/168
f 173/198/176 174/199/177 166/190/169
f 174/199/177 175/209/178 167/200/170
f 175/201/178 184/211/187 176/202/179
f 177/203/180 178/204/181 170/195/173
f 178/204/181 179/205/182 171/196/174
f 179/205/182 180/206/183 172/197/175
f 180/206/183 181/207/184 173/198/176
f 181/207/184 182/208/185 174/199/177
f 182/208/185 183/218/186 175/209/178
f 183/210/186 192/220/195 184/211/187
f 185/212/188 186/213/189 178/204/181
f 186/213/189 187/214/190 179/205/182
f 187/214/190 188/215/191 180/206/183
f 188/215/191 189/216/192 181/207/184
f 189/216/192 190/217/193 182/208/185
f 190/217/193 191/227/194 183/218/186
f 191/219/194 200/229/203 192/220/195
f 193/221/196 194/222/197 186/213/189
f 194/222/197 195/223/198 187/214/190
f 195/223/198 196/224/199 188/215/191
f 196/224/199 197/225/200 189/216/192
f 197/225/200 198/226/201 190/217/193
f 198/226/201 199/236/202 191/227/194
f 199/228/202 208/238/211 200/229/203
f 201/230/204 202/231/205 194/222/197
f 202/231/205 203/232/206 195/223/198
f 203/232/206 204/233/207 196/224/199
f 204/233/207 205/234/208 197/225/200
f 205/234/208 206/235/209 198/226/201
f 206/235/209 207/245/210 199/236/202
f 207/237/210 217/248/220 208/238/211
f 209/239/212 210/240/213 202/231/205
f 210/240/213 211/241/214 203/232/206
f 211/241/214 212/242/215 204/233/207
f 212/242/215 213/243/216 205/234/208
f 213/243/216 214/244/217 206/235/209
f 214/244/217 224/255/227 207/245/210
f 217/248/220 207/237/210 224/257/227
f 224/257/227 215/246/218 217/248/220
f 218/249/221 219/250/222 210/240/213
f 219/250/222 220/251/223 211/241/214
f 220/251/223 221/252/224 212/242/215
f 221/252/224 222/253/225 213/243/216
f 222/253/225 223/254/226 214/244/217
f 223/254/226 225/265/228 224/255/227
f 225/256/228 226/258/229 215/246/218
f 226/258/229 235/268/238 216/247/219
f 227/259/230 228/260/231 219/250/222
f 228/260/231 229/261/232 220/251/223
f 229/261/232 230/262/233 221/252/224
f 230/262/233 231/263/234 222/253/225
f 231/263/234 232/264/235 223/254/226
f 232/264/235 233/275/236 225/265/228
f 233/266/236 234/267/237 226/258/229
f 234/267/237 244/278/247 235/268/238
f 236/269/239 237/270/240 228/260/231
f 237/270/240 238/271/241 229/261/232
f 238/271/241 239/272/242 230/262/233
f 239/272/242 240/273/243 231/263/234
f 240/273/243 241/274/244 232/264/235
f 241/274/244 242/285/245 233/275/236
f 242/276/245 243/277/246 234/267/237
f 243/277/246 253/288/256 244/278/247
f 245/279/248 246/280/249 237/270/240
f 246/280/249 247/281/250 238/271/241
f 247/281/250 248/282/251 239/272/242
f 248/282/251 249/283/252 240/273/243
f 249/283/252 250/284/253 241/274/244
f 250/284/253 251/295/254 242/285/245
f 251/286/254 252/287/255 243/277/246
f 252/287/255 262/298/265 253/288/256
f 254/289/257 255/290/258 246/280/249
f 255/290/258 256/291/259 247/281/250
f 256/291/259 257/292/260 248/282/251
f 257/292/260 258/293/261 249/283/252
f 258/293/261 259/294/262 250/284/253
f 259/294/262 260/305/263 251/295/254
f 260/296/263 261/297/264 252/287/255
f 261/297/264 271/308/274 262/298/265
f 263/299/266 264/300/267 255/290/258
f 264/300/267 265/301/268 256/291/259
f 265/301/268 266/302/269 257/292/260
f 266/302/269 267/303/270 258/293/261
f 267/303/270 268/304/271 259/294/262
f 268/304/271 269/315/272 260/305/263
f 269/306/272 270/307/273 261/297/264
f 270/307/273 280/318/283 271/308/274
f 272/309/275 273/310/276 264/300/267
f 273/310/276 274/311/277 265/301/268
f 274/311/277 275/312/278 266/302/269
f 275/312/278 276/313/279 267/303/270
f 276/313/279 277/314/280 268/304/271
f 277/314/280 278/325/281 269/315/272
f 278/316/281 279/317/282 270/307/273
f 279/317/282 289/328/292 280/318/283
f 281/319/284 282/320/285 273/310/276
f 282/320/285 283/321/286 274/311/277
f 283/321/286 284/322/287 275/312/278
f 284/322/287 285/323/288 276/313/279
f 285/323/288 286/324/289 277/314/280
f 286/324/289 287/335/290 278/325/281
f 287/326/290 288/327/291 279/317/282
f 288/327/291 298/338/301 289/328/292
f 290/329/293 291/330/294 282/320/285
f 291/330/294 292/331/295 283/321/286
f 292/331/295 293/332/296 284/322/287
f 293/332/296 294/333/297 285/323/288
f 294/333/297 295/334/298 286/324/289
f 295/334/298 296/345/299 287/335/290
f 296/336/299 297/337/300 288/327/291
f 297/337/300 307/348/310 298/338/301
f 299/339/302 300/340/303 291/330/294
f 300/340/303 301/341/304 292/331/295
f 301/341/304 302/342/305 293/332/296
f 302/342/305 303/343/306 294/333/297
f 303/343/306 304/344/307 295/334/298
f 304/344/307 305/355/308 296/345/299
f 305/346/308 306/347/309 297/337/300
f 306/347/309 316/358/319 307/348/310
f 308/349/311 309/350/312 300/340/303
f 309/350/312 310/351/313 301/341/304
f 310/351/313 311/352/314 302/342/305
f 311/352/314 312/353/315 303/343/306
f 312/353/315 313/354/316 304/344/307
f 313/354/316 314/365/317 305/355/308
f 314/356/317 315/357/318 306/347/309
f 315/357/318 325/368/328 316/358/319
f 317/359/320 318/360/321 309/350/312
f 318/360/321 319/361/322 310/351/313
f 319/361/322 320/362/323 311/352/314
f 320/362/323 321/363/324 312/353/315
f 321/363/324 322/364/325 313/354/316
f 322/364/325 323/375/326 314/365/317
f 323/366/326 324/367/327 315/357/318
f 324/367/327 334/378/337 325/368/328
f 326/369/329 327/370/330 318/360/321
f 327/370/330 328/371/331 319/361/322
f 328/371/331 329/372/332 320/362/323
f 329/372/332 330/373/333 321/363/324
f 330/373/333 331/374/334 322/364/325
f 331/374/334 332/385/335 323/375/326
f 332/376/335 342/387/345 324/367/327
f 324/367/327 342/387/345 333/377/336
f 335/379/338 336/380/339 327/370/330
f 336/380/339 337/381/340 328/371/331
f 337/381/340 338/382/341 329/372/332
f 338/382/341 339/383/342 330/373/333
f 339/383/342 340/384/343 331/374/334
f 340/384/343 341/395/344 332/385/335
f 341/386/344 351/397/354 342/387/345
f 342/387/345 351/397/354 343/388/346
f 344/389/347 345/390/348 336/380/339
f 345/390/348 346/391/349 337/381/340
f 346/391/349 347/392/350 338/382/341
f 347/392/350 348/393/351 339/383/342
f 348/393/351 349/394/352 340/384/343
f 349/394/352 350/405/353 341/395/344
f 350/396/353 360/407/363 351/397/354
f 351/397/354 360/407/363 352/398/355
f 353/399/356 354/400/357 345/390/348
f 354/400/357 355/401/358 346/391/349
f 355/401/358 356/402/359 347/392/350
f 356/402/359 357/403/360 348/393/351
f 357/403/360 358/404/361 349/394/352
f 358/404/361 359/415/362 350/405/353
f 359/406/362 369/417/372 360/407/363
f 360/407/363 369/417/372 361/408/364
f 362/409/365 363/410/366 354/400/357
f 363/410/366 364/411/367 355/401/358
f 364/411/367 365/412/368 356/402/359
f 365/412/368 366/413/369 357/403/360
f 366/413/369 367/414/370 358/404/361
f 367/414/370 368/425/371 359/415/362
f 368/416/371 378/427/381 369/417/372
f 369/417/372 378/427/381 370/418/373
f 371/419/374 372/420/375 363/410/366
f 372/420/375 373/421/376 364/411/367
f 373/421/376 374/422/377 365/412/368
f 374/422/377 375/423/378 366/413/369
f 375/423/378 376/424/379 367/414/370
f 376/424/379 377/435/380 368/425/371
f 377/426/380 387/437/390 378/427/381
f 378/427/381 387/437/390 379/428/382
f 380/429/383 381/430/384 372/420/375
f 381/430/384 382/431/385 373/421/376
f 382/431/385 383/432/386 374/422/377
f 383/432/386 384/433/387 375/423/378
f 384/433/387 385/434/388 376/424/379
f 385/434/388 386/445/389 377/435/380
f 386/436/389 396/447/399 387/437/390
f 387/437/390 396/447/399 388/438/391
f 389/439/392 390/440/393 381/430/384
f 390/440/393 391/441/394 382/431/385
f 391/441/394 392/442/395 383/432/386
f 392/442/395 393/443/396 384/433/387
f 393/443/396 394/444/397 385/434/388
f 394/444/397 395/455/398 386/445/389
f 395/446/398 405/457/408 396/447/399
f 396/447/399 405/457/408 397/448/400
f 398/449/401 399/450/402 390/440/393
f 399/450/402 400/451/403 391/441/394
f 400/451/403 401/452/404 392/442/395
f 401/452/404 402/453/405 393/443/396
f 402/453/405 403/454/406 394/444/397
f 403/454/406 404/465/407 395/455/398
f 404/456/407 414/467/417 405/457/408
f 405/457/408 414/467/417 406/458/409
f 407/459/410 408/460/411 399/450/402
f 408/460/411 409/461/412 400/451/403
f 409/461/412 410/462/413 401/452/404
f 410/462/413 411/463/414 402/453/405
f 411/463/414 412/464/415 403/454/406
f 412/464/415 421/474/424 404/465/407
f 414/467/417 404/456/407 413/466/416
f 404/456/407 421/475/424 413/466/416
f 415/468/418 416/469/419 408/460/411
f 416/469/419 417/470/420 409/461/412
f 417/470/420 418/471/421 410/462/413
f 418/471/421 419/472/422 411/463/414
f 419/472/422 420/473/423 412/464/415
f 420/473/423 429/483/432 421/474/424
f 421/475/424 429/484/432 422/476/425
f 423/477/426 424/478/427 416/469/419
f 424/478/427 425/479/428 417/470/420
f 425/479/428 426/480/429 418/471/421
f 426/480/429 427/481/430 419/472/422
f 427/481/430 428/482/431 420/473/423
f 428/482/431 437/492/440 429/483/432
f 429/484/432 437/493/440 430/485/433
f 431/486/434 432/487/435 424/478/427
f 432/487/435 433/488/436 425/479/428
f 433/488/436 434/489/437 426/480/429
f 434/489/437 435/490/438 427/481/430
f 435/490/438 436/491/439 428/482/431
f 436/491/439 445/501/448 437/492/440
f 437/493/440 445/502/448 438/494/441
f 439/495/442 440/496/443 432/487/435
f 440/496/443 441/497/444 433/488/436
f 441/497/444 442/498/445 434/489/437
f 442/498/445 443/499/446 435/490/438
f 443/499/446 444/500/447 436/491/439
f 444/500/447 453/510/456 445/501/448
f 445/502/448 453/511/456 446/503/449
f 447/504/450 448/505/451 440/496/443
f 448/505/451 449/506/452 441/497/444
f 449/506/452 450/507/453 442/498/445
f 450/507/453 451/508/454 443/499/446
f 451/508/454 452/509/455 444/500/447
f 452/509/455 461/519/464 453/510/456
f 453/511/456 461/520/464 454/512/457
f 455/513/458 456/514/459 448/505/451
f 456/514/459 457/515/460 449/506/452
f 457/515/460 458/516/461 450/507/453
f 458/516/461 459/517/462 451/508/454
f 459/517/462 460/518/463 452/509/455
f 460/518/463 469/528/472 461/519/464
f 461/520/464 469/529/472 462/521/465
f 463/522/466 464/523/467 456/514/459
f 464/523/467 465/524/468 457/515/460
f 465/524/468 466/525/469 458/516/461
f 466/525/469 467/526/470 459/517/462
f 467/526/470 468/527/471 460/518/463
f 468/527/471 477/537/480 469/528/472
f 469/529/472 477/538/480 470/530/473
f 471/531/474 472/532/475 464/523/467
f 472/532/475 473/533/476 465/524/468
f 473/533/476 474/534/477 466/525/469
f 474/534/477 475/535/478 467/526/470
f 475/535/478 476/536/479 468/527/471
f 476/536/479 485/546/488 477/537/480
f 477/538/480 485/547/488 478/539/481
f 479/540/482 480/541/483 472/532/475
f 480/541/483 481/542/484 473/533/476
f 481/542/484 482/543/485 474/534/477
f 482/543/485 483/544/486 475/535/478
f 483/544/486 484/545/487 476/536/479
f 484/545/487 493/555/496 485/546/488
f 485/546/488 493/555/496 486/557/489
f 487/549/490 488/550/491 480/541/483
f 488/550/491 489/551/492 481/542/484
f 489/551/492 490/552/493 482/543/485
f 490/552/493 491/553/494 483/544/486
f 491/553/494 492/554/495 484/545/487
f 492/554/495 919/1093/964 493/555/496
f 493/555/496 919/1093/964 494/556/497
f 3/3/498 2/2/965 495/558/499
f 5/559/500 495/558/499 496/560/501
f 7/561/502 496/560/501 497/562/503
f 500/565/506 11/566/507 498/563/504
f 498/563/504 497/562/503 500/565/506
f 11/566/507 500/565/506 501/567/508
f 500/565/506 499/564/505 502/569/510
f 14/568/509 501/567/508 503/570/511
f 501/567/508 502/569/510 504/572/513
f 17/571/512 503/570/511 505/573/514
f 503/570/511 504/572/513 506/575/516
f 20/574/515 505/573/514 507/576/517
f 505/573/514 506/575/516 508/578/519
f 23/577/518 507/576/517 509/579/520
f 511/582/522 509/579/520 507/576/517
f 507/576/517 508/578/519 511/582/522
f 27/580/28 509/579/520 512/585/523
f 509/579/520 511/582/522 513/584/524
f 511/582/522 510/581/521 514/586/525
f 31/35/32 512/583/523 515/591/527
f 512/585/523 513/584/524 516/593/529
f 513/584/524 514/586/525 517/592/530
f 35/1094/528 515/591/527 518/598/531
f 515/591/527 516/590/529 519/597/533
f 516/590/529 517/1095/530 520/599/534
f 39/1096/532 518/598/531 521/604/535
f 518/598/531 519/597/533 522/603/537
f 519/597/533 520/599/534 523/605/538
f 43/1097/536 521/604/535 524/610/539
f 521/604/535 522/603/537 525/609/541
f 522/603/537 523/605/538 526/611/542
f 47/1098/540 524/610/539 527/616/543
f 524/610/539 525/609/541 528/615/545
f 530/618/547 528/615/545 525/609/541
f 525/609/541 526/611/542 530/618/547
f 52/60/966 527/616/549 531/623/551
f 527/616/549 528/615/545 532/622/550
f 528/615/545 530/618/547 533/624/552
f 530/1099/547 529/1100/546 534/1101/553
f 57/66/967 531/623/555 535/626/557
f 531/1102/555 532/629/550 536/631/556
f 532/629/550 533/632/552 537/630/558
f 533/632/552 534/1101/553 538/633/559
f 62/634/560 535/637/557 539/635/561
f 535/637/557 536/631/556 540/638/563
f 536/631/556 537/630/558 541/639/564
f 537/630/558 538/633/559 542/640/565
f 67/636/562 539/635/561 543/641/566
f 539/635/561 540/638/563 544/643/568
f 540/638/563 541/639/564 545/644/569
f 541/639/564 542/640/565 546/645/570
f 72/642/567 543/641/566 547/646/571
f 543/641/566 544/643/568 548/648/573
f 544/643/568 545/644/569 549/649/574
f 551/651/576 549/649/574 545/644/569
f 545/644/569 546/645/570 551/651/576
f 78/647/572 547/646/571 552/652/577
f 547/646/571 548/648/573 553/654/579
f 548/648/573 549/649/574 554/655/580
f 549/649/574 551/651/576 555/656/581
f 555/656/581 551/651/576 550/650/575
f 83/653/578 552/652/577 557/658/583
f 552/652/577 553/654/579 558/660/585
f 553/654/579 554/655/580 559/661/586
f 554/655/580 555/656/581 560/662/587
f 560/662/587 555/656/581 556/657/582
f 89/659/584 557/658/583 562/664/589
f 557/658/583 558/660/585 563/666/591
f 558/660/585 559/661/586 564/667/592
f 559/661/586 560/662/587 565/668/593
f 565/668/593 560/662/587 561/663/588
f 95/665/590 562/664/589 567/670/595
f 562/664/589 563/666/591 568/672/597
f 563/666/591 564/667/592 569/673/598
f 564/667/592 565/668/593 570/674/599
f 570/674/599 565/668/593 566/669/594
f 101/671/596 567/670/595 572/676/601
f 567/670/595 568/672/597 573/678/603
f 568/672/597 569/673/598 574/679/604
f 569/673/598 570/674/599 575/680/605
f 577/682/607 575/680/605 571/675/600
f 575/680/605 570/674/599 571/675/600
f 108/677/602 572/676/601 578/683/608
f 572/676/601 573/678/603 579/685/610
f 573/678/603 574/679/604 580/686/611
f 574/679/604 575/680/605 581/687/612
f 575/680/605 577/682/607 582/688/613
f 582/688/613 577/682/607 576/681/606
f 115/684/609 578/683/608 584/690/615
f 578/683/608 579/685/610 585/692/617
f 579/685/610 580/686/611 586/693/618
f 580/686/611 581/687/612 587/694/619
f 581/687/612 582/688/613 588/695/620
f 588/695/620 582/688/613 583/689/614
f 122/691/616 584/690/615 590/1103/622
f 584/690/615 585/692/617 591/703/624
f 585/692/617 586/693/618 592/702/625
f 586/693/618 587/694/619 593/704/626
f 593/704/626 587/694/619 588/695/620
f 594/705/627 588/695/620 589/696/621
f 129/142/623 590/698/622 596/707/629
f 590/1103/622 591/703/624 597/1104/631
f 597/1104/631 591/703/624 592/702/625
f 598/711/632 592/702/625 593/704/626
f 599/712/633 593/704/626 594/705/627
f 600/713/634 594/705/627 595/706/628
f 136/153/630 596/707/629 602/715/636
f 602/715/636 596/707/629 597/708/631
f 603/716/638 597/708/631 598/710/632
f 604/1105/639 598/711/632 599/712/633
f 605/720/640 599/712/633 600/713/634
f 608/723/643 606/721/641 601/714/635
f 606/721/641 600/713/634 601/714/635
f 144/163/637 602/715/636 609/724/644
f 609/724/644 602/715/636 603/716/638
f 610/725/646 603/716/638 604/717/639
f 611/726/647 604/717/639 605/719/640
f 612/728/648 605/720/640 606/721/641
f 613/729/649 606/721/641 608/723/643
f 614/730/650 608/723/643 607/722/642
f 152/172/652 153/173/645 609/724/644
f 616/732/653 609/724/644 610/725/646
f 617/733/654 610/725/646 611/726/647
f 618/734/655 611/726/647 612/727/648
f 619/1106/656 612/728/648 613/729/649
f 620/738/657 613/729/649 614/730/650
f 621/739/658 614/730/650 615/731/651
f 161/184/660 152/172/652 616/732/653
f 623/741/661 616/732/653 617/733/654
f 624/742/662 617/733/654 618/734/655
f 625/743/663 618/734/655 619/735/656
f 626/744/664 619/735/656 620/737/657
f 627/746/665 620/738/657 621/739/658
f 628/747/666 621/739/658 622/740/659
f 169/194/668 161/184/660 623/741/661
f 630/749/669 623/741/661 624/742/662
f 631/750/670 624/742/662 625/743/663
f 632/751/671 625/743/663 626/744/664
f 633/752/672 626/744/664 627/745/665
f 634/754/673 627/746/665 628/747/666
f 635/755/674 628/747/666 629/748/667
f 177/203/676 169/194/668 630/749/669
f 637/757/677 630/749/669 631/750/670
f 638/758/678 631/750/670 632/751/671
f 639/759/679 632/751/671 633/752/672
f 640/760/680 633/752/672 634/753/673
f 641/762/681 634/754/673 635/755/674
f 642/763/682 635/755/674 636/756/675
f 185/212/188 177/203/676 637/757/677
f 644/765/684 637/757/677 638/758/678
f 645/766/685 638/758/678 639/759/679
f 646/767/686 639/759/679 640/760/680
f 647/768/687 640/760/680 641/761/681
f 648/770/688 641/762/681 642/763/682
f 649/771/689 642/763/682 643/764/683
f 193/221/196 185/212/188 644/765/684
f 651/773/691 644/765/684 645/766/685
f 652/774/692 645/766/685 646/767/686
f 653/775/693 646/767/686 647/768/687
f 654/776/694 647/768/687 648/769/688
f 655/778/695 648/770/688 649/771/689
f 656/779/696 649/771/689 650/772/690
f 201/230/204 193/221/196 651/773/691
f 658/781/698 651/773/691 652/774/692
f 659/782/699 652/774/692 653/775/693
f 660/783/700 653/775/693 654/776/694
f 661/784/701 654/776/694 655/777/695
f 662/786/702 655/778/695 656/779/696
f 663/787/703 656/779/696 657/780/697
f 209/239/212 201/230/204 658/781/698
f 665/789/705 658/781/698 659/782/699
f 666/790/706 659/782/699 660/783/700
f 667/791/707 660/783/700 661/784/701
f 668/792/708 661/784/701 662/785/702
f 669/1107/709 662/786/702 663/787/703
f 672/797/712 670/1108/710 664/788/704
f 670/1108/710 663/787/703 664/788/704
f 218/249/221 209/239/212 665/789/705
f 673/798/713 665/789/705 666/790/706
f 674/799/714 666/790/706 667/791/707
f 675/800/715 667/791/707 668/792/708
f 676/801/716 668/792/708 669/793/709
f 677/802/717 669/793/709 670/795/710
f 678/804/718 670/1108/710 672/797/712
f 679/805/719 672/797/712 671/796/711
f 227/259/230 218/249/221 673/798/713
f 681/807/721 673/798/713 674/799/714
f 682/808/722 674/799/714 675/800/715
f 683/809/723 675/800/715 676/801/716
f 684/810/724 676/801/716 677/802/717
f 685/811/725 677/802/717 678/803/718
f 686/813/726 678/804/718 679/805/719
f 687/814/727 679/805/719 680/806/720
f 236/269/239 227/259/230 681/807/721
f 689/816/729 681/807/721 682/808/722
f 690/817/730 682/808/722 683/809/723
f 691/818/731 683/809/723 684/810/724
f 692/819/732 684/810/724 685/811/725
f 693/820/733 685/811/725 686/812/726
f 694/822/734 686/813/726 687/814/727
f 695/823/735 687/814/727 688/815/728
f 245/279/248 236/269/239 689/816/729
f 697/825/737 689/816/729 690/817/730
f 698/826/738 690/817/730 691/818/731
f 699/827/739 691/818/731 692/819/732
f 700/828/740 692/819/732 693/820/733
f 701/829/741 693/820/733 694/821/734
f 702/831/742 694/822/734 695/823/735
f 703/832/743 695/823/735 696/824/736
f 254/289/257 245/279/248 697/825/737
f 705/834/745 697/825/737 698/826/738
f 706/835/746 698/826/738 699/827/739
f 707/836/747 699/827/739 700/828/740
f 708/837/748 700/828/740 701/829/741
f 709/838/749 701/829/741 702/830/742
f 710/840/750 702/831/742 703/832/743
f 711/841/751 703/832/743 704/833/744
f 263/299/266 254/289/257 705/834/745
f 713/843/753 705/834/745 706/835/746
f 714/844/754 706/835/746 707/836/747
f 715/845/755 707/836/747 708/837/748
f 716/846/756 708/837/748 709/838/749
f 717/847/757 709/838/749 710/839/750
f 718/849/758 710/840/750 711/841/751
f 719/850/759 711/841/751 712/842/752
f 272/309/275 263/299/266 713/843/753
f 721/852/761 713/843/753 714/844/754
f 722/853/762 714/844/754 715/845/755
f 723/854/763 715/845/755 716/846/756
f 724/855/764 716/846/756 717/847/757
f 725/856/765 717/847/757 718/848/758
f 726/858/766 718/849/758 719/850/759
f 727/859/767 719/850/759 720/851/760
f 281/319/284 272/309/275 721/852/761
f 729/861/769 721/852/761 722/853/762
f 730/862/770 722/853/762 723/854/763
f 731/863/771 723/854/763 724/855/764
f 732/864/772 724/855/764 725/856/765
f 733/865/773 725/856/765 726/857/766
f 734/867/774 726/858/766 727/859/767
f 735/868/775 727/859/767 728/860/768
f 290/329/293 281/319/284 729/861/769
f 737/870/777 729/861/769 730/862/770
f 738/871/778 730/862/770 731/863/771
f 739/872/779 731/863/771 732/864/772
f 740/873/780 732/864/772 733/865/773
f 741/874/781 733/865/773 734/866/774
f 742/876/782 734/867/774 735/868/775
f 743/877/783 735/868/775 736/869/776
f 299/339/302 290/329/293 737/870/777
f 745/879/785 737/870/777 738/871/778
f 746/880/786 738/871/778 739/872/779
f 747/881/787 739/872/779 740/873/780
f 748/882/788 740/873/780 741/874/781
f 749/883/789 741/874/781 742/875/782
f 750/885/790 742/876/782 743/877/783
f 751/886/791 743/877/783 744/878/784
f 308/349/311 299/339/302 745/879/785
f 753/888/793 745/879/785 746/880/786
f 754/889/794 746/880/786 747/881/787
f 755/890/795 747/881/787 748/882/788
f 756/891/796 748/882/788 749/883/789
f 757/892/797 749/883/789 750/884/790
f 758/894/798 750/885/790 751/886/791
f 759/895/799 751/886/791 752/887/792
f 317/359/320 308/349/311 753/888/793
f 761/897/801 753/888/793 754/889/794
f 762/898/802 754/889/794 755/890/795
f 763/899/803 755/890/795 756/891/796
f 764/900/804 756/891/796 757/892/797
f 765/901/805 757/892/797 758/893/798
f 766/903/806 758/894/798 759/895/799
f 767/904/807 759/895/799 760/896/800
f 326/369/329 317/359/320 761/897/801
f 769/906/809 761/897/801 762/898/802
f 770/907/810 762/898/802 763/899/803
f 771/908/811 763/899/803 764/900/804
f 772/909/812 764/900/804 765/901/805
f 773/910/813 765/901/805 766/902/806
f 774/912/814 766/903/806 767/904/807
f 767/904/807 768/905/808 776/914/816
f 335/379/338 326/369/329 769/906/809
f 777/915/817 769/906/809 770/907/810
f 778/916/818 770/907/810 771/908/811
f 779/917/819 771/908/811 772/909/812
f 780/918/820 772/909/812 773/910/813
f 781/919/821 773/910/813 774/911/814
f 782/921/822 774/912/814 775/913/815
f 775/913/815 776/914/816 784/923/824
f 344/389/347 335/379/338 777/915/817
f 785/924/825 777/915/817 778/916/818
f 786/925/826 778/916/818 779/917/819
f 787/926/827 779/917/819 780/918/820
f 788/927/828 780/918/820 781/919/821
f 789/928/829 781/919/821 782/920/822
f 790/930/830 782/921/822 783/922/823
f 783/922/823 784/923/824 792/932/832
f 353/399/356 344/389/347 785/924/825
f 793/933/833 785/924/825 786/925/826
f 794/934/834 786/925/826 787/926/827
f 795/935/835 787/926/827 788/927/828
f 796/936/836 788/927/828 789/928/829
f 797/937/837 789/928/829 790/929/830
f 798/939/838 790/930/830 791/931/831
f 791/931/831 792/932/832 800/941/840
f 362/409/365 353/399/356 793/933/833
f 801/942/841 793/933/833 794/934/834
f 802/943/842 794/934/834 795/935/835
f 803/944/843 795/935/835 796/936/836
f 804/945/844 796/936/836 797/937/837
f 805/946/845 797/937/837 798/938/838
f 806/948/846 798/939/838 799/940/839
f 799/940/839 800/941/840 808/950/848
f 371/419/374 362/409/365 801/942/841
f 809/951/849 801/942/841 802/943/842
f 810/952/850 802/943/842 803/944/843
f 811/953/851 803/944/843 804/945/844
f 812/954/852 804/945/844 805/946/845
f 813/955/853 805/946/845 806/947/846
f 814/957/854 806/948/846 807/949/847
f 807/949/847 808/950/848 816/959/856
f 380/429/383 371/419/374 809/951/849
f 817/960/857 809/951/849 810/952/850
f 818/961/858 810/952/850 811/953/851
f 819/962/859 811/953/851 812/954/852
f 820/963/860 812/954/852 813/955/853
f 821/964/861 813/955/853 814/956/854
f 822/966/862 814/957/854 815/958/855
f 815/958/855 816/959/856 824/968/864
f 389/439/392 380/429/383 817/960/857
f 825/969/865 817/960/857 818/961/858
f 826/970/866 818/961/858 819/962/859
f 827/971/867 819/962/859 820/963/860
f 828/972/868 820/963/860 821/964/861
f 829/973/869 821/964/861 822/965/862
f 830/975/870 822/966/862 823/967/863
f 823/967/863 824/968/864 832/977/872
f 398/449/401 389/439/392 825/969/865
f 833/978/873 825/969/865 826/970/866
f 834/979/874 826/970/866 827/971/867
f 835/980/875 827/971/867 828/972/868
f 836/981/876 828/972/868 829/973/869
f 837/982/877 829/973/869 830/974/870
f 838/984/878 830/975/870 831/976/871
f 831/976/871 832/977/872 840/986/880
f 407/459/410 398/449/401 833/978/873
f 841/987/881 833/978/873 834/979/874
f 842/988/882 834/979/874 835/980/875
f 843/989/883 835/980/875 836/981/876
f 844/990/884 836/981/876 837/982/877
f 845/991/885 837/982/877 838/983/878
f 847/993/887 846/1000/886 838/984/878
f 838/984/878 839/985/879 847/993/887
f 415/468/418 407/459/410 841/987/881
f 848/994/888 841/987/881 842/988/882
f 849/995/889 842/988/882 843/989/883
f 850/996/890 843/989/883 844/990/884
f 851/997/891 844/990/884 845/991/885
f 852/998/892 845/991/885 846/992/886
f 846/1000/886 847/993/887 854/1001/894
f 423/477/426 415/468/418 848/994/888
f 855/1003/895 848/994/888 849/995/889
f 856/1004/896 849/995/889 850/996/890
f 857/1005/897 850/996/890 851/997/891
f 858/1006/898 851/997/891 852/998/892
f 859/1007/899 852/998/892 853/999/893
f 853/1002/893 854/1001/894 861/1009/901
f 431/486/434 423/477/426 855/1003/895
f 862/1011/902 855/1003/895 856/1004/896
f 863/1012/903 856/1004/896 857/1005/897
f 864/1013/904 857/1005/897 858/1006/898
f 865/1014/905 858/1006/898 859/1007/899
f 866/1015/906 859/1007/899 860/1008/900
f 860/1010/900 861/1009/901 868/1017/908
f 439/495/442 431/486/434 862/1011/902
f 869/1019/909 862/1011/902 863/1012/903
f 870/1020/910 863/1012/903 864/1013/904
f 871/1021/911 864/1013/904 865/1014/905
f 872/1022/912 865/1014/905 866/1015/906
f 873/1023/913 866/1015/906 867/1016/907
f 867/1018/907 868/1017/908 875/1025/915
f 447/504/450 439/495/442 869/1019/909
f 876/1027/916 869/1019/909 870/1020/910
f 877/1028/917 870/1020/910 871/1021/911
f 878/1029/918 871/1021/911 872/1022/912
f 879/1030/919 872/1022/912 873/1023/913
f 880/1031/920 873/1023/913 874/1024/914
f 874/1026/914 875/1025/915 882/1033/922
f 455/513/458 447/504/450 876/1027/916
f 883/1035/923 876/1027/916 877/1028/917
f 884/1036/924 877/1028/917 878/1029/918
f 885/1037/925 878/1029/918 879/1030/919
f 886/1038/926 879/1030/919 880/1031/920
f 887/1039/927 880/1031/920 881/1032/921
f 881/1034/921 882/1033/922 889/1041/929
f 463/522/466 455/513/458 883/1035/923
f 890/1043/930 883/1035/923 884/1036/924
f 891/1044/931 884/1036/924 885/1037/925
f 892/1045/932 885/1037/925 886/1038/926
f 893/1046/933 886/1038/926 887/1039/927
f 894/1047/934 887/1039/927 888/1040/928
f 888/1042/928 889/1041/929 896/1049/936
f 471/531/474 463/522/466 890/1043/930
f 897/1051/937 890/1043/930 891/1044/931
f 898/1052/938 891/1044/931 892/1045/932
f 899/1053/939 892/1045/932 893/1046/933
f 900/1054/940 893/1046/933 894/1047/934
f 901/1055/941 894/1047/934 895/1048/935
f 895/1050/935 896/1049/936 903/1057/943
f 479/540/482 471/531/474 897/1051/937
f 904/1059/944 897/1051/937 898/1052/938
f 905/1060/945 898/1052/938 899/1053/939
f 906/1061/946 899/1053/939 900/1054/940
f 907/1062/947 900/1054/940 901/1055/941
f 908/1063/948 901/1055/941 902/1056/942
f 902/1058/942 903/1057/943 910/1109/950
f 487/549/490 479/540/482 904/1059/944
f 911/1066/951 904/1059/944 905/1060/945
f 912/1067/952 905/1060/945 906/1061/946
f 913/1068/953 906/1061/946 907/1062/947
f 914/1069/954 907/1062/947 908/1063/948
f 915/1070/955 908/1063/948 909/1064/949
f 909/1064/949 910/1065/950 917/1072/957
