# JIB VI - the grime parts, as a standalone mesh.
#
# One file per material rather than one library addressed with `#group`:
# selecting a group recentres it on its own bounding box, which takes a
# model apart when the library IS one model. A whole-file import keeps
# the authored coordinates. See loom_asset/src/mesh.rs:268.
v -6.400000 1.620000 -1.372251
v -6.389000 1.763649 -1.335922
v -6.389000 1.620000 -1.361251
v -6.400000 1.759886 -1.325586
v -6.400000 1.620000 -1.350251
v -6.411000 1.620000 -1.361251
v -6.411000 1.763649 -1.335922
v -6.400000 1.897041 -1.271417
v -6.400000 1.767411 -1.346259
v -6.389000 1.889971 -1.262990
v -6.411000 1.889971 -1.262990
v -6.400000 1.993257 -1.156751
v -6.389000 1.983731 -1.151251
v -6.400000 1.882900 -1.254563
v -6.411000 1.983731 -1.151251
v -6.389000 2.033619 -1.014184
v -6.400000 2.022786 -1.012273
v -6.400000 1.974204 -1.145751
v -6.411000 2.033619 -1.014184
v -6.400000 2.044452 -1.016094
v -6.389000 2.033619 -0.868319
v -6.400000 2.022786 -0.870229
v -6.411000 2.033619 -0.868319
v -6.400000 2.044452 -0.866409
v -6.389000 1.983731 -0.731251
v -6.400000 1.974204 -0.736751
v -6.411000 1.983731 -0.731251
v -6.400000 1.993257 -0.725751
v -6.389000 1.889971 -0.619513
v -6.400000 1.882900 -0.627939
v -6.411000 1.889971 -0.619513
v -6.400000 1.767411 -0.536244
v -6.400000 1.897041 -0.611086
v -6.389000 1.763649 -0.546580
v -6.400000 1.759886 -0.556917
v -6.411000 1.763649 -0.546580
v -6.400000 1.620000 -0.510251
v -6.389000 1.620000 -0.521251
v -6.411000 1.620000 -0.521251
v -6.389000 1.476351 -0.546580
v -6.400000 1.480114 -0.556917
v -6.400000 1.620000 -0.532251
v -6.411000 1.476351 -0.546580
v -6.400000 1.342959 -0.611086
v -6.400000 1.472589 -0.536244
v -6.389000 1.350029 -0.619513
v -6.400000 1.357100 -0.627939
v -6.411000 1.350029 -0.619513
v -6.400000 1.246743 -0.725751
v -6.389000 1.256269 -0.731251
v -6.411000 1.256269 -0.731251
v -6.400000 1.195548 -0.866409
v -6.389000 1.206381 -0.868319
v -6.400000 1.265796 -0.736751
v -6.411000 1.206381 -0.868319
v -6.400000 1.195548 -1.016094
v -6.389000 1.206381 -1.014184
v -6.400000 1.217214 -0.870229
v -6.411000 1.206381 -1.014184
v -6.400000 1.246743 -1.156751
v -6.389000 1.256269 -1.151251
v -6.400000 1.217214 -1.012273
v -6.411000 1.256269 -1.151251
v -6.389000 1.350029 -1.262990
v -6.400000 1.357100 -1.254563
v -6.400000 1.265796 -1.145751
v -6.411000 1.350029 -1.262990
v -6.400000 1.342959 -1.271417
v -6.389000 1.476351 -1.335922
v -6.400000 1.480114 -1.325586
v -6.411000 1.476351 -1.335922
v -6.400000 1.472589 -1.346259
v -6.400000 1.610000 -1.278751
v -6.390000 1.620000 -1.361251
v -6.390000 1.620000 -1.278751
v -6.410000 1.620000 -1.278751
v -6.400000 1.610000 -1.361251
v -6.400000 1.630000 -1.278751
v -6.410000 1.620000 -1.361251
v -6.400000 1.630000 -1.361251
v -6.410000 1.957500 -0.941251
v -6.400000 2.040000 -0.951251
v -6.400000 1.957500 -0.951251
v -6.400000 1.957500 -0.931251
v -6.410000 2.040000 -0.941251
v -6.390000 1.957500 -0.941251
v -6.400000 2.040000 -0.931251
v -6.390000 2.040000 -0.941251
v -6.400000 1.610000 -0.603751
v -6.410000 1.620000 -0.521251
v -6.410000 1.620000 -0.603751
v -6.390000 1.620000 -0.603751
v -6.400000 1.610000 -0.521251
v -6.400000 1.630000 -0.603751
v -6.390000 1.620000 -0.521251
v -6.400000 1.630000 -0.521251
v -6.410000 1.282500 -0.941251
v -6.400000 1.200000 -0.931251
v -6.400000 1.282500 -0.931251
v -6.400000 1.282500 -0.951251
v -6.410000 1.200000 -0.941251
v -6.390000 1.282500 -0.941251
v -6.400000 1.200000 -0.951251
v -6.390000 1.200000 -0.941251
v -6.428000 1.981292 -0.455247
v -6.412444 2.038056 -0.458444
v -6.412444 1.982851 -0.448995
v -6.406000 2.039506 -0.442955
v -6.406000 1.986615 -0.433901
v -6.412444 2.040957 -0.427467
v -6.412444 1.990378 -0.418807
v -6.428000 2.041558 -0.421051
v -6.428000 1.991937 -0.412554
v -6.443556 1.990378 -0.418807
v -6.443556 2.040957 -0.427467
v -6.450000 1.986615 -0.433901
v -6.450000 2.039506 -0.442955
v -6.443556 1.982851 -0.448995
v -6.443556 2.038056 -0.458444
v -6.428000 2.037455 -0.464860
v -6.412444 2.092335 -0.459221
v -6.406000 2.091264 -0.443702
v -6.412444 2.090193 -0.428182
v -6.428000 2.089750 -0.421754
v -6.443556 2.090193 -0.428182
v -6.450000 2.091264 -0.443702
v -6.443556 2.092335 -0.459221
v -6.428000 2.092779 -0.465650
v -6.412444 2.142820 -0.451146
v -6.406000 2.138881 -0.436097
v -6.412444 2.134942 -0.421048
v -6.428000 2.133310 -0.414814
v -6.443556 2.134942 -0.421048
v -6.450000 2.138881 -0.436097
v -6.443556 2.142820 -0.451146
v -6.428000 2.144452 -0.457380
v -6.412444 2.186844 -0.434343
v -6.406000 2.179588 -0.420583
v -6.412444 2.172333 -0.406822
v -6.428000 2.169327 -0.401122
v -6.443556 2.172333 -0.406822
v -6.450000 2.179588 -0.420583
v -6.443556 2.186844 -0.434343
v -6.428000 2.189849 -0.440043
v -6.412444 2.221911 -0.409169
v -6.406000 2.211021 -0.398060
v -6.412444 2.200131 -0.386951
v -6.428000 2.195620 -0.382350
v -6.443556 2.200131 -0.386951
v -6.450000 2.211021 -0.398060
v -6.443556 2.221911 -0.409169
v -6.428000 2.226421 -0.413771
v -6.412444 2.245436 -0.376446
v -6.406000 2.231352 -0.369839
v -6.412444 2.217268 -0.363233
v -6.428000 2.211435 -0.360496
v -6.443556 2.217268 -0.363233
v -6.450000 2.231352 -0.369839
v -6.443556 2.245436 -0.376446
v -6.428000 2.261373 -0.338661
v -6.428000 2.251270 -0.379182
v -6.412444 2.254937 -0.338338
v -6.412444 2.223864 -0.336781
v -6.443556 2.223864 -0.336781
v -6.443556 2.254937 -0.338338
v -6.428000 2.255672 -0.296455
v -6.412444 2.249528 -0.298401
v -6.406000 2.239400 -0.337559
v -6.406000 2.234698 -0.303097
v -6.412444 2.219867 -0.307793
v -6.428000 2.217428 -0.336458
v -6.443556 2.219867 -0.307793
v -6.450000 2.234698 -0.303097
v -6.450000 2.239400 -0.337559
v -6.443556 2.249528 -0.298401
v -6.428000 2.235714 -0.256088
v -6.412444 2.230384 -0.259710
v -6.406000 2.217518 -0.268454
v -6.412444 2.204651 -0.277198
v -6.428000 2.213724 -0.309738
v -6.443556 2.204651 -0.277198
v -6.450000 2.217518 -0.268454
v -6.443556 2.230384 -0.259710
v -6.428000 2.203770 -0.219468
v -6.412444 2.199402 -0.224206
v -6.406000 2.188859 -0.235645
v -6.412444 2.178316 -0.247083
v -6.428000 2.199322 -0.280820
v -6.443556 2.178316 -0.247083
v -6.450000 2.188859 -0.235645
v -6.443556 2.199402 -0.224206
v -6.428000 2.162028 -0.187908
v -6.412444 2.158618 -0.193375
v -6.406000 2.150387 -0.206575
v -6.412444 2.142155 -0.219775
v -6.428000 2.173948 -0.251821
v -6.443556 2.142155 -0.219775
v -6.450000 2.150387 -0.206575
v -6.443556 2.158618 -0.193375
v -6.428000 2.112808 -0.162632
v -6.412444 2.110327 -0.168579
v -6.406000 2.104337 -0.182936
v -6.412444 2.098346 -0.197292
v -6.428000 2.138745 -0.225243
v -6.443556 2.098346 -0.197292
v -6.450000 2.104337 -0.182936
v -6.443556 2.110327 -0.168579
v -6.428000 2.058707 -0.144753
v -6.412444 2.057149 -0.151005
v -6.406000 2.053385 -0.166099
v -6.412444 2.049622 -0.181193
v -6.428000 2.095865 -0.203239
v -6.443556 2.049622 -0.181193
v -6.450000 2.053385 -0.166099
v -6.443556 2.057149 -0.151005
v -6.412444 2.001944 -0.141556
v -6.406000 2.000494 -0.157045
v -6.412444 1.999043 -0.172533
v -6.428000 1.998442 -0.178949
v -6.428000 2.048063 -0.187446
v -6.443556 1.999043 -0.172533
v -6.450000 2.000494 -0.157045
v -6.443556 2.001944 -0.141556
v -6.428000 2.002545 -0.135140
v -6.412444 1.947665 -0.140779
v -6.406000 1.948736 -0.156298
v -6.412444 1.949807 -0.171818
v -6.428000 1.950251 -0.178246
v -6.443556 1.949807 -0.171818
v -6.450000 1.948736 -0.156298
v -6.443556 1.947665 -0.140779
v -6.428000 1.947221 -0.134350
v -6.412444 1.897180 -0.148854
v -6.406000 1.901119 -0.163903
v -6.412444 1.905059 -0.178952
v -6.428000 1.906690 -0.185186
v -6.443556 1.905059 -0.178952
v -6.450000 1.901119 -0.163903
v -6.443556 1.897180 -0.148854
v -6.428000 1.895548 -0.142620
v -6.412444 1.853156 -0.165657
v -6.406000 1.860412 -0.179417
v -6.412444 1.867667 -0.193178
v -6.428000 1.870673 -0.198878
v -6.443556 1.867667 -0.193178
v -6.450000 1.860412 -0.179417
v -6.443556 1.853156 -0.165657
v -6.428000 1.850151 -0.159957
v -6.412444 1.818089 -0.190831
v -6.406000 1.828979 -0.201940
v -6.412444 1.839869 -0.213049
v -6.428000 1.844380 -0.217650
v -6.443556 1.839869 -0.213049
v -6.450000 1.828979 -0.201940
v -6.443556 1.818089 -0.190831
v -6.428000 1.813579 -0.186229
v -6.412444 1.794564 -0.223554
v -6.406000 1.808648 -0.230161
v -6.412444 1.822732 -0.236767
v -6.428000 1.828565 -0.239504
v -6.443556 1.822732 -0.236767
v -6.450000 1.808648 -0.230161
v -6.443556 1.794564 -0.223554
v -6.428000 1.778627 -0.261339
v -6.428000 1.788730 -0.220818
v -6.412444 1.785063 -0.261662
v -6.412444 1.816136 -0.263219
v -6.428000 1.822572 -0.263542
v -6.443556 1.816136 -0.263219
v -6.443556 1.785063 -0.261662
v -6.428000 1.784328 -0.303545
v -6.412444 1.790471 -0.301600
v -6.406000 1.800600 -0.262441
v -6.406000 1.805302 -0.296903
v -6.412444 1.820133 -0.292207
v -6.443556 1.820133 -0.292207
v -6.450000 1.805302 -0.296903
v -6.450000 1.800600 -0.262441
v -6.443556 1.790471 -0.301600
v -6.428000 1.804286 -0.343912
v -6.412444 1.809615 -0.340290
v -6.406000 1.822482 -0.331546
v -6.412444 1.835348 -0.322802
v -6.428000 1.826276 -0.290262
v -6.443556 1.835348 -0.322802
v -6.450000 1.822482 -0.331546
v -6.443556 1.809615 -0.340290
v -6.428000 1.836230 -0.380532
v -6.412444 1.840598 -0.375794
v -6.406000 1.851141 -0.364355
v -6.412444 1.861684 -0.352917
v -6.428000 1.840678 -0.319181
v -6.443556 1.861684 -0.352917
v -6.450000 1.851141 -0.364355
v -6.443556 1.840598 -0.375794
v -6.428000 1.877972 -0.412092
v -6.412444 1.881382 -0.406625
v -6.406000 1.889613 -0.393425
v -6.412444 1.897845 -0.380225
v -6.428000 1.866052 -0.348179
v -6.443556 1.897845 -0.380225
v -6.450000 1.889613 -0.393425
v -6.443556 1.881382 -0.406625
v -6.428000 1.927191 -0.437368
v -6.412444 1.929673 -0.431421
v -6.406000 1.935663 -0.417064
v -6.412444 1.941654 -0.402708
v -6.428000 1.901255 -0.374757
v -6.443556 1.941654 -0.402708
v -6.450000 1.935663 -0.417064
v -6.443556 1.929673 -0.431421
v -6.428000 1.944135 -0.396761
v -6.396000 2.001665 -0.486831
v -6.380444 2.056719 -0.480392
v -6.380444 2.002190 -0.480409
v -6.374000 2.055424 -0.464890
v -6.374000 2.003455 -0.464904
v -6.380444 2.054130 -0.449388
v -6.380444 2.004721 -0.449400
v -6.396000 2.053594 -0.442966
v -6.396000 2.005245 -0.442977
v -6.411556 2.004721 -0.449400
v -6.411556 2.054130 -0.449388
v -6.418000 2.003455 -0.464904
v -6.418000 2.055424 -0.464890
v -6.411556 2.002190 -0.480409
v -6.411556 2.056719 -0.480392
v -6.396000 2.057255 -0.486814
v -6.380444 2.109046 -0.471458
v -6.374000 2.105064 -0.456420
v -6.380444 2.101082 -0.441381
v -6.396000 2.099433 -0.435152
v -6.411556 2.101082 -0.441381
v -6.418000 2.105064 -0.456420
v -6.411556 2.109046 -0.471458
v -6.396000 2.110695 -0.477687
v -6.380444 2.156356 -0.453944
v -6.374000 2.149488 -0.439985
v -6.380444 2.142621 -0.426027
v -6.396000 2.139776 -0.420245
v -6.411556 2.142621 -0.426027
v -6.418000 2.149488 -0.439985
v -6.411556 2.156356 -0.453944
v -6.396000 2.159200 -0.459726
v -6.380444 2.196048 -0.428516
v -6.374000 2.186116 -0.416543
v -6.380444 2.176185 -0.404569
v -6.396000 2.172071 -0.399610
v -6.411556 2.176185 -0.404569
v -6.418000 2.186116 -0.416543
v -6.411556 2.196048 -0.428516
v -6.396000 2.200162 -0.433475
v -6.380444 2.225714 -0.396155
v -6.374000 2.212819 -0.387453
v -6.380444 2.199924 -0.378752
v -6.396000 2.194583 -0.375148
v -6.411556 2.199924 -0.378752
v -6.418000 2.212819 -0.387453
v -6.411556 2.225714 -0.396155
v -6.396000 2.231055 -0.399759
v -6.380444 2.243080 -0.358401
v -6.374000 2.228045 -0.354409
v -6.380444 2.213009 -0.350416
v -6.396000 2.206782 -0.348763
v -6.411556 2.213009 -0.350416
v -6.418000 2.228045 -0.354409
v -6.411556 2.243080 -0.358401
v -6.396000 2.252805 -0.317206
v -6.396000 2.249308 -0.360055
v -6.380444 2.246392 -0.317828
v -6.374000 2.230908 -0.319329
v -6.380444 2.215424 -0.320830
v -6.411556 2.215424 -0.320830
v -6.418000 2.230908 -0.319329
v -6.411556 2.246392 -0.317828
v -6.396000 2.241234 -0.275067
v -6.380444 2.235379 -0.277757
v -6.374000 2.221243 -0.284252
v -6.380444 2.207108 -0.290747
v -6.396000 2.209011 -0.321452
v -6.411556 2.207108 -0.290747
v -6.418000 2.221243 -0.284252
v -6.411556 2.235379 -0.277757
v -6.396000 2.216218 -0.236787
v -6.380444 2.211354 -0.241013
v -6.374000 2.199612 -0.251218
v -6.380444 2.187870 -0.261422
v -6.396000 2.201253 -0.293438
v -6.411556 2.187870 -0.261422
v -6.418000 2.199612 -0.251218
v -6.411556 2.211354 -0.241013
v -6.396000 2.180056 -0.204241
v -6.380444 2.176311 -0.209485
v -6.374000 2.167271 -0.222145
v -6.380444 2.158230 -0.234805
v -6.396000 2.183006 -0.265648
v -6.411556 2.158230 -0.234805
v -6.418000 2.167271 -0.222145
v -6.411556 2.176311 -0.209485
v -6.396000 2.135105 -0.178651
v -6.380444 2.132467 -0.184530
v -6.374000 2.126099 -0.198724
v -6.380444 2.119732 -0.212917
v -6.396000 2.154486 -0.240049
v -6.411556 2.119732 -0.212917
v -6.418000 2.126099 -0.198724
v -6.411556 2.132467 -0.184530
v -6.396000 2.083853 -0.160978
v -6.380444 2.082282 -0.167228
v -6.374000 2.078491 -0.182315
v -6.380444 2.074699 -0.197402
v -6.396000 2.117094 -0.218796
v -6.411556 2.074699 -0.197402
v -6.418000 2.078491 -0.182315
v -6.411556 2.082282 -0.167228
v -6.396000 2.029001 -0.151945
v -6.380444 2.028477 -0.158368
v -6.374000 2.027212 -0.173872
v -6.380444 2.025946 -0.189377
v -6.396000 2.073129 -0.203651
v -6.411556 2.025946 -0.189377
v -6.418000 2.027212 -0.173872
v -6.411556 2.028477 -0.158368
v -6.380444 1.973948 -0.158384
v -6.374000 1.975242 -0.173887
v -6.380444 1.976537 -0.189389
v -6.396000 1.977073 -0.195810
v -6.396000 2.025422 -0.195799
v -6.411556 1.976537 -0.189389
v -6.418000 1.975242 -0.173887
v -6.411556 1.973948 -0.158384
v -6.396000 1.973412 -0.151963
v -6.380444 1.921621 -0.167319
v -6.374000 1.925603 -0.182357
v -6.380444 1.929585 -0.197395
v -6.396000 1.931234 -0.203624
v -6.411556 1.929585 -0.197395
v -6.418000 1.925603 -0.182357
v -6.411556 1.921621 -0.167319
v -6.396000 1.919972 -0.161090
v -6.380444 1.874311 -0.184833
v -6.374000 1.881178 -0.198791
v -6.380444 1.888046 -0.212750
v -6.396000 1.890890 -0.218532
v -6.411556 1.888046 -0.212750
v -6.418000 1.881178 -0.198791
v -6.411556 1.874311 -0.184833
v -6.396000 1.871467 -0.179051
v -6.380444 1.834619 -0.210261
v -6.374000 1.844550 -0.222234
v -6.380444 1.854482 -0.234208
v -6.396000 1.858596 -0.239167
v -6.411556 1.854482 -0.234208
v -6.418000 1.844550 -0.222234
v -6.411556 1.834619 -0.210261
v -6.396000 1.830505 -0.205301
v -6.380444 1.804953 -0.242622
v -6.374000 1.817848 -0.251323
v -6.380444 1.830743 -0.260025
v -6.396000 1.836084 -0.263629
v -6.411556 1.830743 -0.260025
v -6.418000 1.817848 -0.251323
v -6.411556 1.804953 -0.242622
v -6.396000 1.799611 -0.239017
v -6.380444 1.787587 -0.280376
v -6.374000 1.802622 -0.284368
v -6.380444 1.817658 -0.288360
v -6.396000 1.823885 -0.290014
v -6.411556 1.817658 -0.288360
v -6.418000 1.802622 -0.284368
v -6.411556 1.787587 -0.280376
v -6.396000 1.777861 -0.321571
v -6.396000 1.781359 -0.278722
v -6.380444 1.784275 -0.320949
v -6.374000 1.799759 -0.319448
v -6.380444 1.815242 -0.317947
v -6.411556 1.815242 -0.317947
v -6.418000 1.799759 -0.319448
v -6.411556 1.784275 -0.320949
v -6.396000 1.789433 -0.363710
v -6.380444 1.795288 -0.361020
v -6.374000 1.809423 -0.354525
v -6.380444 1.823559 -0.348029
v -6.396000 1.821656 -0.317325
v -6.411556 1.823559 -0.348029
v -6.418000 1.809423 -0.354525
v -6.411556 1.795288 -0.361020
v -6.396000 1.814449 -0.401990
v -6.380444 1.819313 -0.397763
v -6.374000 1.831055 -0.387559
v -6.380444 1.842797 -0.377355
v -6.396000 1.829414 -0.345339
v -6.411556 1.842797 -0.377355
v -6.418000 1.831055 -0.387559
v -6.411556 1.819313 -0.397763
v -6.396000 1.850611 -0.434536
v -6.380444 1.854356 -0.429292
v -6.374000 1.863396 -0.416632
v -6.380444 1.872437 -0.403972
v -6.396000 1.847661 -0.373128
v -6.411556 1.872437 -0.403972
v -6.418000 1.863396 -0.416632
v -6.411556 1.854356 -0.429292
v -6.396000 1.895562 -0.460126
v -6.380444 1.898200 -0.454247
v -6.374000 1.904567 -0.440053
v -6.380444 1.910935 -0.425860
v -6.396000 1.876181 -0.398728
v -6.411556 1.910935 -0.425860
v -6.418000 1.904567 -0.440053
v -6.411556 1.898200 -0.454247
v -6.396000 1.946814 -0.477798
v -6.380444 1.948385 -0.471549
v -6.374000 1.952176 -0.456462
v -6.380444 1.955968 -0.441375
v -6.396000 1.913573 -0.419981
v -6.411556 1.955968 -0.441375
v -6.418000 1.952176 -0.456462
v -6.411556 1.948385 -0.471549
v -6.396000 1.957538 -0.435125
v -6.364000 2.024986 -0.449581
v -6.348444 2.076759 -0.434149
v -6.348444 2.024461 -0.443158
v -6.342000 2.072747 -0.419119
v -6.342000 2.023196 -0.427654
v -6.348444 2.068734 -0.404089
v -6.348444 2.021930 -0.412149
v -6.364000 2.067072 -0.397863
v -6.364000 2.021406 -0.405726
v -6.379557 2.021930 -0.412149
v -6.379557 2.068734 -0.404089
v -6.386000 2.023196 -0.427654
v -6.386000 2.072747 -0.419119
v -6.379557 2.024461 -0.443158
v -6.379557 2.076759 -0.434149
v -6.364000 2.078421 -0.440374
v -6.348444 2.125456 -0.416167
v -6.342000 2.118689 -0.402160
v -6.348444 2.111923 -0.388153
v -6.364000 2.109119 -0.382350
v -6.379557 2.111923 -0.388153
v -6.386000 2.118689 -0.402160
v -6.379557 2.125456 -0.416167
v -6.364000 2.128259 -0.421970
v -6.348444 2.167882 -0.390060
v -6.342000 2.158354 -0.377762
v -6.348444 2.148826 -0.365465
v -6.364000 2.144880 -0.360372
v -6.379557 2.148826 -0.365465
v -6.386000 2.158354 -0.377762
v -6.379557 2.167882 -0.390060
v -6.364000 2.171829 -0.395153
v -6.348444 2.201611 -0.357028
v -6.342000 2.189436 -0.347344
v -6.348444 2.177262 -0.337660
v -6.364000 2.172219 -0.333649
v -6.379557 2.177262 -0.337660
v -6.386000 2.189436 -0.347344
v -6.379557 2.201611 -0.357028
v -6.364000 2.206654 -0.361039
v -6.348444 2.224491 -0.318651
v -6.342000 2.210129 -0.312673
v -6.348444 2.195766 -0.306695
v -6.364000 2.189818 -0.304219
v -6.379557 2.195766 -0.306695
v -6.386000 2.210129 -0.312673
v -6.379557 2.224491 -0.318651
v -6.364000 2.230439 -0.321127
v -6.348444 2.234733 -0.277039
v -6.342000 2.219229 -0.275764
v -6.348444 2.203725 -0.274488
v -6.364000 2.197303 -0.273960
v -6.379557 2.203725 -0.274488
v -6.386000 2.219229 -0.275764
v -6.379557 2.234733 -0.277039
v -6.364000 2.237552 -0.233426
v -6.364000 2.241155 -0.277567
v -6.342000 2.216208 -0.238761
v -6.348444 2.201117 -0.242534
v -6.379557 2.201117 -0.242534
v -6.386000 2.216208 -0.238761
v -6.364000 2.219914 -0.192181
v -6.348444 2.231300 -0.234989
v -6.348444 2.214445 -0.195589
v -6.342000 2.201243 -0.203817
v -6.348444 2.188040 -0.212044
v -6.364000 2.194865 -0.244097
v -6.379557 2.188040 -0.212044
v -6.386000 2.201243 -0.203817
v -6.379557 2.214445 -0.195589
v -6.379557 2.231300 -0.234989
v -6.364000 2.189970 -0.156654
v -6.348444 2.185644 -0.161430
v -6.342000 2.175201 -0.172960
v -6.348444 2.164759 -0.184491
v -6.364000 2.182572 -0.215452
v -6.379557 2.164759 -0.184491
v -6.386000 2.175201 -0.172960
v -6.379557 2.185644 -0.161430
v -6.364000 2.150074 -0.128640
v -6.348444 2.147005 -0.134306
v -6.342000 2.139598 -0.147985
v -6.348444 2.132190 -0.161665
v -6.364000 2.160433 -0.189267
v -6.379557 2.132190 -0.161665
v -6.386000 2.139598 -0.147985
v -6.379557 2.147005 -0.134306
v -6.364000 2.102731 -0.109244
v -6.348444 2.100907 -0.115424
v -6.342000 2.096501 -0.130344
v -6.348444 2.092096 -0.145263
v -6.364000 2.129122 -0.167331
v -6.379557 2.092096 -0.145263
v -6.386000 2.096501 -0.130344
v -6.379557 2.100907 -0.115424
v -6.364000 2.050568 -0.099166
v -6.348444 2.049938 -0.105578
v -6.342000 2.048416 -0.121060
v -6.348444 2.046894 -0.136542
v -6.364000 2.090271 -0.151443
v -6.379557 2.046894 -0.136542
v -6.386000 2.048416 -0.121060
v -6.379557 2.049938 -0.105578
v -6.364000 1.996347 -0.098748
v -6.348444 1.996872 -0.105170
v -6.342000 1.998137 -0.120675
v -6.348444 1.999403 -0.136179
v -6.364000 2.046264 -0.142955
v -6.379557 1.999403 -0.136179
v -6.386000 1.998137 -0.120675
v -6.379557 1.996872 -0.105170
v -6.348444 1.944574 -0.114179
v -6.342000 1.948587 -0.129209
v -6.348444 1.952599 -0.144239
v -6.364000 1.954261 -0.150465
v -6.364000 1.999927 -0.142602
v -6.379557 1.952599 -0.144239
v -6.386000 1.948587 -0.129209
v -6.379557 1.944574 -0.114179
v -6.364000 1.942912 -0.107954
v -6.348444 1.895877 -0.132161
v -6.342000 1.902644 -0.146168
v -6.348444 1.909411 -0.160176
v -6.364000 1.912214 -0.165978
v -6.379557 1.909411 -0.160176
v -6.386000 1.902644 -0.146168
v -6.379557 1.895877 -0.132161
v -6.364000 1.893074 -0.126359
v -6.348444 1.853451 -0.158269
v -6.342000 1.862979 -0.170566
v -6.348444 1.872507 -0.182863
v -6.364000 1.876454 -0.187956
v -6.379557 1.872507 -0.182863
v -6.386000 1.862979 -0.170566
v -6.379557 1.853451 -0.158269
v -6.364000 1.849504 -0.153175
v -6.348444 1.819722 -0.191300
v -6.342000 1.831897 -0.200984
v -6.348444 1.844072 -0.210668
v -6.364000 1.849114 -0.214679
v -6.379557 1.844072 -0.210668
v -6.386000 1.831897 -0.200984
v -6.379557 1.819722 -0.191300
v -6.364000 1.814680 -0.187289
v -6.348444 1.796843 -0.229678
v -6.342000 1.811205 -0.235655
v -6.348444 1.825567 -0.241633
v -6.364000 1.831516 -0.244109
v -6.379557 1.825567 -0.241633
v -6.386000 1.811205 -0.235655
v -6.379557 1.796843 -0.229678
v -6.364000 1.790894 -0.227201
v -6.348444 1.786600 -0.271289
v -6.342000 1.802104 -0.272564
v -6.348444 1.817608 -0.273840
v -6.364000 1.824030 -0.274368
v -6.379557 1.817608 -0.273840
v -6.386000 1.802104 -0.272564
v -6.379557 1.786600 -0.271289
v -6.364000 1.780178 -0.270761
v -6.348444 1.790033 -0.313340
v -6.342000 1.805125 -0.309567
v -6.348444 1.820217 -0.305794
v -6.364000 1.826468 -0.304231
v -6.379557 1.820217 -0.305794
v -6.386000 1.805125 -0.309567
v -6.379557 1.790033 -0.313340
v -6.364000 1.801419 -0.356147
v -6.364000 1.783782 -0.314902
v -6.348444 1.806888 -0.352739
v -6.342000 1.820091 -0.344511
v -6.348444 1.833293 -0.336284
v -6.379557 1.833293 -0.336284
v -6.386000 1.820091 -0.344511
v -6.379557 1.806888 -0.352739
v -6.364000 1.831364 -0.391674
v -6.348444 1.835689 -0.386898
v -6.342000 1.846132 -0.375368
v -6.348444 1.856575 -0.363838
v -6.364000 1.838762 -0.332876
v -6.379557 1.856575 -0.363838
v -6.386000 1.846132 -0.375368
v -6.379557 1.835689 -0.386898
v -6.364000 1.871260 -0.419688
v -6.348444 1.874328 -0.414022
v -6.342000 1.881735 -0.400343
v -6.348444 1.889143 -0.386663
v -6.364000 1.860900 -0.359062
v -6.379557 1.889143 -0.386663
v -6.386000 1.881735 -0.400343
v -6.379557 1.874328 -0.414022
v -6.364000 1.918602 -0.439084
v -6.348444 1.920426 -0.432904
v -6.342000 1.924832 -0.417984
v -6.348444 1.929238 -0.403065
v -6.364000 1.892211 -0.380997
v -6.379557 1.929238 -0.403065
v -6.386000 1.924832 -0.417984
v -6.379557 1.920426 -0.432904
v -6.364000 1.970765 -0.449162
v -6.348444 1.971395 -0.442750
v -6.342000 1.972917 -0.427268
v -6.348444 1.974439 -0.411786
v -6.364000 1.931062 -0.396885
v -6.379557 1.974439 -0.411786
v -6.386000 1.972917 -0.427268
v -6.379557 1.971395 -0.442750
v -6.364000 1.975069 -0.405373
v -6.332000 2.050514 -0.493574
v -6.316444 2.097599 -0.470038
v -6.316444 2.048955 -0.487322
v -6.310000 2.090981 -0.455959
v -6.310000 2.045191 -0.472227
v -6.316444 2.084364 -0.441880
v -6.316444 2.041428 -0.457133
v -6.332000 2.081623 -0.436049
v -6.332000 2.039869 -0.450881
v -6.347557 2.041428 -0.457133
v -6.347557 2.084364 -0.441880
v -6.354000 2.045191 -0.472227
v -6.354000 2.090981 -0.455959
v -6.347557 2.048955 -0.487322
v -6.347557 2.097599 -0.470038
v -6.332000 2.100340 -0.475869
v -6.316444 2.141155 -0.443955
v -6.310000 2.131833 -0.431501
v -6.316444 2.122511 -0.419047
v -6.332000 2.118649 -0.413889
v -6.347557 2.122511 -0.419047
v -6.354000 2.131833 -0.431501
v -6.347557 2.141155 -0.443955
v -6.332000 2.145017 -0.449113
v -6.316444 2.177179 -0.410402
v -6.310000 2.165371 -0.400275
v -6.316444 2.153563 -0.390147
v -6.332000 2.148672 -0.385952
v -6.347557 2.153563 -0.390147
v -6.354000 2.165371 -0.400275
v -6.347557 2.177179 -0.410402
v -6.332000 2.182070 -0.414597
v -6.316444 2.203541 -0.371092
v -6.310000 2.189648 -0.364095
v -6.316444 2.175754 -0.357097
v -6.332000 2.169999 -0.354199
v -6.347557 2.175754 -0.357097
v -6.354000 2.189648 -0.364095
v -6.347557 2.203541 -0.371092
v -6.332000 2.209296 -0.373991
v -6.316444 2.218505 -0.328117
v -6.310000 2.203251 -0.325064
v -6.316444 2.187997 -0.322010
v -6.332000 2.181679 -0.320745
v -6.347557 2.187997 -0.322010
v -6.354000 2.203251 -0.325064
v -6.347557 2.218505 -0.328117
v -6.332000 2.224823 -0.329382
v -6.316444 2.220879 -0.283990
v -6.310000 2.205391 -0.285450
v -6.316444 2.189903 -0.286911
v -6.332000 2.183488 -0.287516
v -6.347557 2.189903 -0.286911
v -6.354000 2.205391 -0.285450
v -6.347557 2.220879 -0.283990
v -6.332000 2.227294 -0.283385
v -6.316444 2.210304 -0.241575
v -6.310000 2.195943 -0.247557
v -6.316444 2.181583 -0.253538
v -6.332000 2.175634 -0.256016
v -6.347557 2.181583 -0.253538
v -6.354000 2.195943 -0.247557
v -6.347557 2.210304 -0.241575
v -6.332000 2.192476 -0.199644
v -6.332000 2.216252 -0.239097
v -6.316444 2.187491 -0.203727
v -6.310000 2.175456 -0.213585
v -6.316444 2.163422 -0.223442
v -6.347557 2.163422 -0.223442
v -6.354000 2.175456 -0.213585
v -6.347557 2.187491 -0.203727
v -6.332000 2.157824 -0.167547
v -6.316444 2.154104 -0.172808
v -6.310000 2.145121 -0.185509
v -6.316444 2.136139 -0.198210
v -6.332000 2.158437 -0.227525
v -6.347557 2.136139 -0.198210
v -6.354000 2.145121 -0.185509
v -6.347557 2.154104 -0.172808
v -6.332000 2.114721 -0.144475
v -6.316444 2.112372 -0.150475
v -6.310000 2.106701 -0.164961
v -6.316444 2.101030 -0.179447
v -6.332000 2.132418 -0.203471
v -6.347557 2.101030 -0.179447
v -6.354000 2.106701 -0.164961
v -6.347557 2.112372 -0.150475
v -6.332000 2.065800 -0.131395
v -6.316444 2.064813 -0.137763
v -6.310000 2.062428 -0.153135
v -6.316444 2.060044 -0.168508
v -6.332000 2.098681 -0.185447
v -6.347557 2.060044 -0.168508
v -6.354000 2.062428 -0.153135
v -6.347557 2.064813 -0.137763
v -6.332000 2.013793 -0.128745
v -6.316444 2.014110 -0.135181
v -6.310000 2.014877 -0.150718
v -6.316444 2.015643 -0.166256
v -6.332000 2.059057 -0.174875
v -6.347557 2.015643 -0.166256
v -6.354000 2.014877 -0.150718
v -6.347557 2.014110 -0.135181
v -6.332000 1.961486 -0.136505
v -6.316444 1.963045 -0.142757
v -6.310000 1.966809 -0.157852
v -6.316444 1.970572 -0.172946
v -6.332000 2.015960 -0.172692
v -6.347557 1.970572 -0.172946
v -6.354000 1.966809 -0.157852
v -6.347557 1.963045 -0.142757
v -6.316444 1.914401 -0.160041
v -6.310000 1.921018 -0.174120
v -6.316444 1.927636 -0.188198
v -6.332000 1.930377 -0.194030
v -6.332000 1.972131 -0.179198
v -6.347557 1.927636 -0.188198
v -6.354000 1.921018 -0.174120
v -6.347557 1.914401 -0.160041
v -6.332000 1.911660 -0.154210
v -6.316444 1.870845 -0.186124
v -6.310000 1.880167 -0.198578
v -6.316444 1.889489 -0.211032
v -6.332000 1.893351 -0.216190
v -6.347557 1.889489 -0.211032
v -6.354000 1.880167 -0.198578
v -6.347557 1.870845 -0.186124
v -6.332000 1.866984 -0.180966
v -6.316444 1.834821 -0.219677
v -6.310000 1.846629 -0.229804
v -6.316444 1.858437 -0.239932
v -6.332000 1.863328 -0.244127
v -6.347557 1.858437 -0.239932
v -6.354000 1.846629 -0.229804
v -6.347557 1.834821 -0.219677
v -6.332000 1.829930 -0.215481
v -6.316444 1.808459 -0.258987
v -6.310000 1.822352 -0.265984
v -6.316444 1.836246 -0.272982
v -6.332000 1.842001 -0.275880
v -6.347557 1.836246 -0.272982
v -6.354000 1.822352 -0.265984
v -6.347557 1.808459 -0.258987
v -6.332000 1.802704 -0.256088
v -6.316444 1.793495 -0.301962
v -6.310000 1.808749 -0.305015
v -6.316444 1.824003 -0.308069
v -6.332000 1.830321 -0.309333
v -6.347557 1.824003 -0.308069
v -6.354000 1.808749 -0.305015
v -6.347557 1.793495 -0.301962
v -6.332000 1.787177 -0.300697
v -6.316444 1.791121 -0.346089
v -6.310000 1.806609 -0.344628
v -6.316444 1.822097 -0.343168
v -6.332000 1.828512 -0.342563
v -6.347557 1.822097 -0.343168
v -6.354000 1.806609 -0.344628
v -6.347557 1.791121 -0.346089
v -6.332000 1.795748 -0.390982
v -6.332000 1.784706 -0.346694
v -6.316444 1.801697 -0.388504
v -6.310000 1.816057 -0.382522
v -6.332000 1.836366 -0.374063
v -6.354000 1.816057 -0.382522
v -6.347557 1.801697 -0.388504
v -6.332000 1.819524 -0.430435
v -6.316444 1.824509 -0.426352
v -6.310000 1.836544 -0.416494
v -6.316444 1.830417 -0.376541
v -6.316444 1.848578 -0.406637
v -6.347557 1.848578 -0.406637
v -6.347557 1.830417 -0.376541
v -6.354000 1.836544 -0.416494
v -6.347557 1.824509 -0.426352
v -6.332000 1.854176 -0.462532
v -6.316444 1.857896 -0.457271
v -6.310000 1.866879 -0.444570
v -6.316444 1.875861 -0.431869
v -6.332000 1.853563 -0.402554
v -6.347557 1.875861 -0.431869
v -6.354000 1.866879 -0.444570
v -6.347557 1.857896 -0.457271
v -6.332000 1.897279 -0.485604
v -6.316444 1.899628 -0.479604
v -6.310000 1.905299 -0.465118
v -6.316444 1.910970 -0.450632
v -6.332000 1.879582 -0.426608
v -6.347557 1.910970 -0.450632
v -6.354000 1.905299 -0.465118
v -6.347557 1.899628 -0.479604
v -6.332000 1.946200 -0.498684
v -6.316444 1.947187 -0.492316
v -6.310000 1.949571 -0.476944
v -6.316444 1.951956 -0.461571
v -6.332000 1.913319 -0.444632
v -6.347557 1.951956 -0.461571
v -6.354000 1.949571 -0.476944
v -6.347557 1.947187 -0.492316
v -6.332000 1.998207 -0.501334
v -6.316444 1.997890 -0.494898
v -6.310000 1.997123 -0.479360
v -6.316444 1.996357 -0.463823
v -6.332000 1.952943 -0.455204
v -6.347557 1.996357 -0.463823
v -6.354000 1.997123 -0.479360
v -6.347557 1.997890 -0.494898
v -6.332000 1.996040 -0.457387
v -6.428050 1.819472 -0.243946
v -6.408800 1.707488 -0.200410
v -6.408800 1.822988 -0.230410
v -6.420697 1.813783 -0.265849
v -6.428050 1.703972 -0.213946
v -6.396904 1.813783 -0.265849
v -6.420697 1.698283 -0.235849
v -6.389551 1.703972 -0.213946
v -6.396904 1.698283 -0.235849
v -6.389551 1.819472 -0.243946
v -6.428160 1.702400 -0.220000
v -6.414783 1.596454 -0.159422
v -6.428160 1.607900 -0.145000
v -6.414783 1.690954 -0.234422
v -6.393137 1.600826 -0.153913
v -6.393137 1.709474 -0.211087
v -6.393137 1.695326 -0.228913
v -6.414783 1.619346 -0.130578
v -6.393137 1.614974 -0.136087
v -6.414783 1.713846 -0.205578
v -6.354400 1.814644 -0.315024
v -6.373650 1.657394 -0.354827
v -6.354400 1.655144 -0.341024
v -6.366297 1.820534 -0.351161
v -6.373650 1.816894 -0.328827
v -6.342504 1.820534 -0.351161
v -6.366297 1.661034 -0.377161
v -6.335151 1.657394 -0.354827
v -6.342504 1.661034 -0.377161
v -6.335151 1.816894 -0.328827
v -6.335040 1.658400 -0.361000
v -6.348418 1.519691 -0.409519
v -6.335040 1.527900 -0.426000
v -6.370063 1.653327 -0.350814
v -6.348418 1.650191 -0.344519
v -6.370063 1.663473 -0.371186
v -6.370063 1.522827 -0.415814
v -6.348418 1.666609 -0.377481
v -6.370063 1.532973 -0.436186
v -6.348418 1.536109 -0.442481
v 1.366000 3.720000 2.830000
v 1.329671 3.863648 2.841000
v 1.355000 3.720000 2.841000
v 1.319334 3.859886 2.830000
v 1.344000 3.720000 2.830000
v 1.355000 3.720000 2.819000
v 1.329671 3.863648 2.819000
v 1.340007 3.867411 2.830000
v 1.256738 3.989971 2.841000
v 1.248312 3.982900 2.830000
v 1.256738 3.989971 2.819000
v 1.265165 3.997042 2.830000
v 1.145000 4.083731 2.841000
v 1.139500 4.074204 2.830000
v 1.145000 4.083731 2.819000
v 1.009842 4.144452 2.830000
v 1.150500 4.093257 2.830000
v 1.007932 4.133619 2.841000
v 1.007932 4.133619 2.819000
v 0.860157 4.144452 2.830000
v 0.862068 4.133619 2.841000
v 1.006022 4.122787 2.830000
v 0.863978 4.122787 2.830000
v 0.862068 4.133619 2.819000
v 0.725000 4.083731 2.841000
v 0.730500 4.074204 2.830000
v 0.725000 4.083731 2.819000
v 0.604835 3.997042 2.830000
v 0.719500 4.093257 2.830000
v 0.613261 3.989971 2.841000
v 0.613261 3.989971 2.819000
v 0.529992 3.867411 2.830000
v 0.540329 3.863648 2.841000
v 0.621688 3.982900 2.830000
v 0.540329 3.863648 2.819000
v 0.504000 3.720000 2.830000
v 0.515000 3.720000 2.841000
v 0.550666 3.859886 2.830000
v 0.515000 3.720000 2.819000
v 0.540329 3.576352 2.841000
v 0.550666 3.580114 2.830000
v 0.526000 3.720000 2.830000
v 0.540329 3.576352 2.819000
v 0.529992 3.572589 2.830000
v 0.613261 3.450029 2.841000
v 0.621688 3.457100 2.830000
v 0.613261 3.450029 2.819000
v 0.604835 3.442958 2.830000
v 0.725000 3.356269 2.841000
v 0.730500 3.365796 2.830000
v 0.725000 3.356269 2.819000
v 0.860157 3.295548 2.830000
v 0.719500 3.346743 2.830000
v 0.862068 3.306381 2.841000
v 0.862068 3.306381 2.819000
v 1.009842 3.295548 2.830000
v 1.007932 3.306381 2.841000
v 0.863978 3.317214 2.830000
v 1.006022 3.317214 2.830000
v 1.007932 3.306381 2.819000
v 1.145000 3.356269 2.841000
v 1.139500 3.365796 2.830000
v 1.145000 3.356269 2.819000
v 1.265165 3.442958 2.830000
v 1.150500 3.346743 2.830000
v 1.256738 3.450029 2.841000
v 1.256738 3.450029 2.819000
v 1.340007 3.572589 2.830000
v 1.329671 3.576352 2.841000
v 1.248312 3.457100 2.830000
v 1.329671 3.576352 2.819000
v 1.319334 3.580114 2.830000
v 1.272500 3.710000 2.830000
v 1.355000 3.720000 2.840000
v 1.272500 3.720000 2.840000
v 1.272500 3.720000 2.820000
v 1.355000 3.710000 2.830000
v 1.272500 3.730000 2.830000
v 1.355000 3.720000 2.820000
v 1.355000 3.730000 2.830000
v 0.925000 4.057500 2.830000
v 0.935000 4.140000 2.820000
v 0.935000 4.057500 2.820000
v 0.935000 4.057500 2.840000
v 0.925000 4.140000 2.830000
v 0.945000 4.057500 2.830000
v 0.935000 4.140000 2.840000
v 0.945000 4.140000 2.830000
v 0.597500 3.710000 2.830000
v 0.515000 3.720000 2.820000
v 0.597500 3.720000 2.820000
v 0.597500 3.720000 2.840000
v 0.515000 3.710000 2.830000
v 0.597500 3.730000 2.830000
v 0.515000 3.720000 2.840000
v 0.515000 3.730000 2.830000
v 0.925000 3.382500 2.830000
v 0.935000 3.300000 2.840000
v 0.935000 3.382500 2.840000
v 0.935000 3.382500 2.820000
v 0.925000 3.300000 2.830000
v 0.945000 3.382500 2.830000
v 0.935000 3.300000 2.820000
v 0.945000 3.300000 2.830000
v 0.726191 4.020000 2.889332
v 0.776471 4.068713 2.726200
v 0.786191 4.080000 2.734332
v 0.716471 4.008713 2.881200
v 0.763809 4.080000 2.725668
v 0.713529 4.031287 2.888800
v 0.703809 4.020000 2.880668
v 0.773529 4.091287 2.733800
v 1.153529 4.008713 2.881200
v 1.106191 4.080000 2.725668
v 1.166191 4.020000 2.880668
v 1.143809 4.020000 2.889332
v 1.093529 4.068713 2.726200
v 1.096471 4.091287 2.733800
v 1.083809 4.080000 2.734332
v 1.156471 4.031287 2.888800
v 4.619993 1.004675 1.599293
v 4.617537 1.053715 1.585150
v 4.625677 1.006092 1.585150
v 4.631618 1.055027 1.579293
v 4.639399 1.009513 1.579293
v 4.645700 1.056339 1.585150
v 4.653121 1.012934 1.585150
v 4.651532 1.056882 1.599293
v 4.658804 1.014351 1.599293
v 4.653121 1.012934 1.613435
v 4.645700 1.056339 1.613435
v 4.639399 1.009513 1.619293
v 4.631618 1.055027 1.619293
v 4.625677 1.006092 1.613435
v 4.617537 1.053715 1.613435
v 4.611705 1.053172 1.599293
v 4.616901 1.100559 1.585150
v 4.631009 1.099571 1.579293
v 4.645117 1.098584 1.585150
v 4.650960 1.098175 1.599293
v 4.645117 1.098584 1.613435
v 4.631009 1.099571 1.619293
v 4.616901 1.100559 1.613435
v 4.611058 1.100968 1.599293
v 4.623930 1.144157 1.585150
v 4.637606 1.140557 1.579293
v 4.651282 1.136956 1.585150
v 4.656947 1.135465 1.599293
v 4.651282 1.136956 1.613435
v 4.637606 1.140557 1.619293
v 4.623930 1.144157 1.613435
v 4.618265 1.145648 1.599293
v 4.638525 1.182218 1.585150
v 4.651024 1.175601 1.579293
v 4.663523 1.168985 1.585150
v 4.668700 1.166244 1.599293
v 4.663523 1.168985 1.613435
v 4.651024 1.175601 1.619293
v 4.638525 1.182218 1.613435
v 4.633348 1.184958 1.599293
v 4.660402 1.212583 1.585150
v 4.670486 1.202668 1.579293
v 4.680570 1.192753 1.585150
v 4.684747 1.188647 1.599293
v 4.680570 1.192753 1.613435
v 4.670486 1.202668 1.619293
v 4.660402 1.212583 1.613435
v 4.656225 1.216690 1.599293
v 4.688861 1.232992 1.585150
v 4.694859 1.220185 1.579293
v 4.700857 1.207378 1.585150
v 4.703341 1.202073 1.599293
v 4.700857 1.207378 1.613435
v 4.694859 1.220185 1.619293
v 4.688861 1.232992 1.613435
v 4.686377 1.238297 1.599293
v 4.722010 1.241257 1.585150
v 4.722727 1.227134 1.579293
v 4.723741 1.207159 1.599293
v 4.722727 1.227134 1.619293
v 4.722010 1.241257 1.613435
v 4.758481 1.242185 1.599293
v 4.721714 1.247108 1.599293
v 4.756721 1.236598 1.585150
v 4.752471 1.223110 1.579293
v 4.723444 1.213010 1.585150
v 4.748222 1.209621 1.585150
v 4.748222 1.209621 1.613435
v 4.723444 1.213010 1.613435
v 4.752471 1.223110 1.619293
v 4.756721 1.236598 1.613435
v 4.793576 1.224908 1.599293
v 4.790291 1.220057 1.585150
v 4.782362 1.208347 1.579293
v 4.774433 1.196637 1.585150
v 4.746462 1.204034 1.599293
v 4.774433 1.196637 1.613435
v 4.782362 1.208347 1.619293
v 4.790291 1.220057 1.613435
v 4.825349 1.197280 1.599293
v 4.821048 1.193304 1.585150
v 4.810663 1.183705 1.579293
v 4.800278 1.174105 1.585150
v 4.771148 1.191787 1.599293
v 4.800278 1.174105 1.613435
v 4.810663 1.183705 1.619293
v 4.821048 1.193304 1.613435
v 4.852688 1.161213 1.599293
v 4.847721 1.158109 1.585150
v 4.835728 1.150614 1.579293
v 4.823736 1.143119 1.585150
v 4.795976 1.170129 1.599293
v 4.823736 1.143119 1.613435
v 4.835728 1.150614 1.619293
v 4.847721 1.158109 1.613435
v 4.874556 1.118708 1.599293
v 4.869151 1.116450 1.585150
v 4.856102 1.110997 1.579293
v 4.843054 1.105545 1.585150
v 4.818768 1.140014 1.599293
v 4.843054 1.105545 1.613435
v 4.856102 1.110997 1.619293
v 4.869151 1.116450 1.613435
v 4.890007 1.071997 1.599293
v 4.884323 1.070579 1.585150
v 4.870601 1.067158 1.579293
v 4.856879 1.063737 1.585150
v 4.837649 1.103286 1.599293
v 4.856879 1.063737 1.613435
v 4.870601 1.067158 1.619293
v 4.884323 1.070579 1.613435
v 4.892462 1.022956 1.585150
v 4.878381 1.021644 1.579293
v 4.864300 1.020332 1.585150
v 4.858467 1.019789 1.599293
v 4.851195 1.062320 1.599293
v 4.864300 1.020332 1.613435
v 4.878381 1.021644 1.619293
v 4.892462 1.022956 1.613435
v 4.898294 1.023499 1.599293
v 4.893098 0.976112 1.585150
v 4.878990 0.977100 1.579293
v 4.864882 0.978087 1.585150
v 4.859039 0.978496 1.599293
v 4.864882 0.978087 1.613435
v 4.878990 0.977100 1.619293
v 4.893098 0.976112 1.613435
v 4.898942 0.975703 1.599293
v 4.886070 0.932514 1.585150
v 4.872394 0.936115 1.579293
v 4.858717 0.939715 1.585150
v 4.853053 0.941206 1.599293
v 4.858717 0.939715 1.613435
v 4.872394 0.936115 1.619293
v 4.886070 0.932514 1.613435
v 4.891735 0.931023 1.599293
v 4.871474 0.894453 1.585150
v 4.858975 0.901070 1.579293
v 4.846476 0.907687 1.585150
v 4.841299 0.910427 1.599293
v 4.846476 0.907687 1.613435
v 4.858975 0.901070 1.619293
v 4.871474 0.894453 1.613435
v 4.876651 0.891713 1.599293
v 4.849597 0.864088 1.585150
v 4.839513 0.874003 1.579293
v 4.829429 0.883918 1.585150
v 4.825252 0.888025 1.599293
v 4.829429 0.883918 1.613435
v 4.839513 0.874003 1.619293
v 4.849597 0.864088 1.613435
v 4.853775 0.859981 1.599293
v 4.821138 0.843679 1.585150
v 4.815140 0.856486 1.579293
v 4.809143 0.869293 1.585150
v 4.806658 0.874598 1.599293
v 4.809143 0.869293 1.613435
v 4.815140 0.856486 1.619293
v 4.821138 0.843679 1.613435
v 4.823622 0.838374 1.599293
v 4.787989 0.835414 1.585150
v 4.787272 0.849538 1.579293
v 4.786258 0.869512 1.599293
v 4.787272 0.849538 1.619293
v 4.787989 0.835414 1.613435
v 4.751519 0.834486 1.599293
v 4.788286 0.829563 1.599293
v 4.753279 0.840073 1.585150
v 4.757528 0.853562 1.579293
v 4.786555 0.863662 1.585150
v 4.761777 0.867050 1.585150
v 4.761777 0.867050 1.613435
v 4.786555 0.863662 1.613435
v 4.757528 0.853562 1.619293
v 4.753279 0.840073 1.613435
v 4.716423 0.851763 1.599293
v 4.719708 0.856614 1.585150
v 4.727637 0.868324 1.579293
v 4.735567 0.880034 1.585150
v 4.763537 0.872637 1.599293
v 4.735567 0.880034 1.613435
v 4.727637 0.868324 1.619293
v 4.719708 0.856614 1.613435
v 4.684650 0.879391 1.599293
v 4.688951 0.883367 1.585150
v 4.699337 0.892967 1.579293
v 4.709722 0.902566 1.585150
v 4.738852 0.884884 1.599293
v 4.709722 0.902566 1.613435
v 4.699337 0.892967 1.619293
v 4.688951 0.883367 1.613435
v 4.657311 0.915458 1.599293
v 4.662279 0.918563 1.585150
v 4.674271 0.926058 1.579293
v 4.686264 0.933553 1.585150
v 4.714023 0.906542 1.599293
v 4.686264 0.933553 1.613435
v 4.674271 0.926058 1.619293
v 4.662279 0.918563 1.613435
v 4.635443 0.957963 1.599293
v 4.640848 0.960221 1.585150
v 4.653897 0.965674 1.579293
v 4.666945 0.971126 1.585150
v 4.691231 0.936657 1.599293
v 4.666945 0.971126 1.613435
v 4.653897 0.965674 1.619293
v 4.640848 0.960221 1.613435
v 4.672350 0.973385 1.599293
v 4.590049 1.021787 1.573293
v 4.595915 1.069317 1.559150
v 4.595887 1.022263 1.559150
v 4.610007 1.068133 1.553293
v 4.609982 1.023414 1.553293
v 4.624100 1.066948 1.559150
v 4.624078 1.024565 1.559150
v 4.629937 1.066458 1.573293
v 4.629916 1.025041 1.573293
v 4.624078 1.024565 1.587435
v 4.624100 1.066948 1.587435
v 4.609982 1.023414 1.593293
v 4.610007 1.068133 1.593293
v 4.595887 1.022263 1.587435
v 4.595915 1.069317 1.587435
v 4.590077 1.069808 1.573293
v 4.603664 1.114482 1.559150
v 4.617332 1.110849 1.553293
v 4.630999 1.107215 1.559150
v 4.636660 1.105709 1.573293
v 4.630999 1.107215 1.587435
v 4.617332 1.110849 1.593293
v 4.603664 1.114482 1.587435
v 4.598003 1.115988 1.573293
v 4.618849 1.155341 1.559150
v 4.631529 1.149079 1.553293
v 4.644210 1.142817 1.559150
v 4.649462 1.140224 1.573293
v 4.644210 1.142817 1.587435
v 4.631529 1.149079 1.593293
v 4.618849 1.155341 1.587435
v 4.613596 1.157934 1.573293
v 4.640906 1.189649 1.559150
v 4.651776 1.180602 1.553293
v 4.662646 1.171555 1.559150
v 4.667149 1.167808 1.573293
v 4.662646 1.171555 1.587435
v 4.651776 1.180602 1.593293
v 4.640906 1.189649 1.587435
v 4.636404 1.193397 1.573293
v 4.669002 1.215320 1.559150
v 4.676896 1.203586 1.553293
v 4.684790 1.191852 1.559150
v 4.688059 1.186992 1.573293
v 4.684790 1.191852 1.587435
v 4.676896 1.203586 1.593293
v 4.669002 1.215320 1.587435
v 4.665732 1.220181 1.573293
v 4.701806 1.230366 1.559150
v 4.705427 1.216695 1.553293
v 4.709049 1.203025 1.559150
v 4.710549 1.197362 1.573293
v 4.709049 1.203025 1.587435
v 4.705427 1.216695 1.593293
v 4.701806 1.230366 1.587435
v 4.737631 1.239075 1.573293
v 4.700305 1.236029 1.573293
v 4.737070 1.233245 1.559150
v 4.735713 1.219168 1.553293
v 4.734356 1.205091 1.559150
v 4.734356 1.205091 1.587435
v 4.735713 1.219168 1.593293
v 4.774318 1.229044 1.573293
v 4.771880 1.223718 1.559150
v 4.765993 1.210859 1.553293
v 4.760107 1.198000 1.559150
v 4.733795 1.199260 1.573293
v 4.760107 1.198000 1.587435
v 4.765993 1.210859 1.593293
v 4.771880 1.223718 1.587435
v 4.737070 1.233245 1.587435
v 4.807601 1.207371 1.573293
v 4.803766 1.202943 1.559150
v 4.794507 1.192253 1.553293
v 4.785248 1.181563 1.559150
v 4.757668 1.192674 1.573293
v 4.785248 1.181563 1.587435
v 4.794507 1.192253 1.593293
v 4.803766 1.202943 1.587435
v 4.835858 1.176077 1.573293
v 4.831096 1.172666 1.559150
v 4.819599 1.164431 1.553293
v 4.808102 1.156196 1.559150
v 4.781413 1.177135 1.573293
v 4.808102 1.156196 1.587435
v 4.819599 1.164431 1.593293
v 4.831096 1.172666 1.587435
v 4.858048 1.137215 1.573293
v 4.852706 1.134812 1.559150
v 4.839809 1.129009 1.553293
v 4.826912 1.123207 1.559150
v 4.803339 1.152785 1.573293
v 4.826912 1.123207 1.587435
v 4.839809 1.129009 1.593293
v 4.852706 1.134812 1.587435
v 4.873358 1.092932 1.573293
v 4.867678 1.091501 1.559150
v 4.853964 1.088047 1.553293
v 4.840250 1.084592 1.559150
v 4.821570 1.120803 1.573293
v 4.840250 1.084592 1.587435
v 4.853964 1.088047 1.593293
v 4.867678 1.091501 1.587435
v 4.881174 1.045551 1.573293
v 4.875336 1.045074 1.559150
v 4.861240 1.043924 1.553293
v 4.847145 1.042773 1.559150
v 4.834569 1.083162 1.573293
v 4.847145 1.042773 1.587435
v 4.861240 1.043924 1.593293
v 4.875336 1.045074 1.587435
v 4.875308 0.998021 1.559150
v 4.861216 0.999205 1.553293
v 4.847123 1.000389 1.559150
v 4.841286 1.000880 1.573293
v 4.841307 1.042297 1.573293
v 4.847123 1.000389 1.587435
v 4.861216 0.999205 1.593293
v 4.875308 0.998021 1.587435
v 4.881145 0.997530 1.573293
v 4.867558 0.952855 1.559150
v 4.853891 0.956489 1.553293
v 4.840224 0.960123 1.559150
v 4.834563 0.961628 1.573293
v 4.840224 0.960123 1.587435
v 4.853891 0.956489 1.593293
v 4.867558 0.952855 1.587435
v 4.873220 0.951350 1.573293
v 4.852374 0.911997 1.559150
v 4.839694 0.918259 1.553293
v 4.827013 0.924520 1.559150
v 4.821761 0.927114 1.573293
v 4.827013 0.924520 1.587435
v 4.839694 0.918259 1.593293
v 4.852374 0.911997 1.587435
v 4.857626 0.909403 1.573293
v 4.830317 0.877689 1.559150
v 4.819447 0.886735 1.553293
v 4.808577 0.895782 1.559150
v 4.804074 0.899530 1.573293
v 4.808577 0.895782 1.587435
v 4.819447 0.886735 1.593293
v 4.830317 0.877689 1.587435
v 4.834819 0.873941 1.573293
v 4.802221 0.852017 1.559150
v 4.794327 0.863751 1.553293
v 4.786433 0.875485 1.559150
v 4.783164 0.880346 1.573293
v 4.786433 0.875485 1.587435
v 4.794327 0.863751 1.593293
v 4.802221 0.852017 1.587435
v 4.805491 0.847157 1.573293
v 4.769417 0.836972 1.559150
v 4.765796 0.850642 1.553293
v 4.762174 0.864313 1.559150
v 4.760674 0.869976 1.573293
v 4.762174 0.864313 1.587435
v 4.765796 0.850642 1.593293
v 4.769417 0.836972 1.587435
v 4.733592 0.828262 1.573293
v 4.770917 0.831309 1.573293
v 4.735510 0.848170 1.553293
v 4.736866 0.862247 1.559150
v 4.736866 0.862247 1.587435
v 4.735510 0.848170 1.593293
v 4.696905 0.838293 1.573293
v 4.734153 0.834093 1.559150
v 4.699343 0.843620 1.559150
v 4.705230 0.856478 1.553293
v 4.711116 0.869337 1.559150
v 4.737428 0.868078 1.573293
v 4.711116 0.869337 1.587435
v 4.705230 0.856478 1.593293
v 4.699343 0.843620 1.587435
v 4.734153 0.834093 1.587435
v 4.663622 0.859967 1.573293
v 4.667457 0.864394 1.559150
v 4.676716 0.875084 1.553293
v 4.685975 0.885774 1.559150
v 4.713554 0.874664 1.573293
v 4.685975 0.885774 1.587435
v 4.676716 0.875084 1.593293
v 4.667457 0.864394 1.587435
v 4.635365 0.891260 1.573293
v 4.640127 0.894671 1.559150
v 4.651624 0.902907 1.553293
v 4.663121 0.911142 1.559150
v 4.689810 0.890202 1.573293
v 4.663121 0.911142 1.587435
v 4.651624 0.902907 1.593293
v 4.640127 0.894671 1.587435
v 4.613175 0.930123 1.573293
v 4.618517 0.932526 1.559150
v 4.631414 0.938329 1.553293
v 4.644311 0.944131 1.559150
v 4.667883 0.914553 1.573293
v 4.644311 0.944131 1.587435
v 4.631414 0.938329 1.593293
v 4.618517 0.932526 1.587435
v 4.597865 0.974406 1.573293
v 4.603545 0.975837 1.559150
v 4.617259 0.979291 1.553293
v 4.630973 0.982745 1.559150
v 4.649653 0.946534 1.573293
v 4.630973 0.982745 1.587435
v 4.617259 0.979291 1.593293
v 4.603545 0.975837 1.587435
v 4.636653 0.984176 1.573293
v 4.628389 1.041446 1.547293
v 4.642018 1.086110 1.533150
v 4.634228 1.040970 1.533150
v 4.655680 1.082455 1.527293
v 4.648323 1.039819 1.527293
v 4.669341 1.078799 1.533150
v 4.662418 1.038669 1.533150
v 4.675000 1.077285 1.547293
v 4.668257 1.038192 1.547293
v 4.662418 1.038669 1.561435
v 4.669341 1.078799 1.561435
v 4.648323 1.039819 1.567293
v 4.655680 1.082455 1.567293
v 4.634228 1.040970 1.561435
v 4.642018 1.086110 1.561435
v 4.636360 1.087625 1.547293
v 4.657582 1.128150 1.533150
v 4.670310 1.121984 1.527293
v 4.683037 1.115818 1.533150
v 4.688308 1.113264 1.547293
v 4.683037 1.115818 1.561435
v 4.670310 1.121984 1.567293
v 4.657582 1.128150 1.561435
v 4.652311 1.130704 1.547293
v 4.680197 1.164788 1.533150
v 4.691363 1.156109 1.527293
v 4.702529 1.147430 1.533150
v 4.707154 1.143836 1.547293
v 4.702529 1.147430 1.561435
v 4.691363 1.156109 1.567293
v 4.680197 1.164788 1.561435
v 4.675572 1.168383 1.547293
v 4.708831 1.193930 1.533150
v 4.717617 1.182848 1.527293
v 4.726402 1.171765 1.533150
v 4.730041 1.167175 1.547293
v 4.726402 1.171765 1.561435
v 4.717617 1.182848 1.567293
v 4.708831 1.193930 1.561435
v 4.705192 1.198520 1.547293
v 4.742127 1.213709 1.533150
v 4.747544 1.200645 1.527293
v 4.752960 1.187581 1.533150
v 4.755204 1.182170 1.547293
v 4.752960 1.187581 1.561435
v 4.747544 1.200645 1.567293
v 4.742127 1.213709 1.561435
v 4.739883 1.219120 1.547293
v 4.778254 1.222562 1.533150
v 4.779406 1.208467 1.527293
v 4.780558 1.194372 1.533150
v 4.781035 1.188534 1.547293
v 4.780558 1.194372 1.561435
v 4.779406 1.208467 1.567293
v 4.778254 1.222562 1.561435
v 4.777777 1.228401 1.547293
v 4.814774 1.219581 1.533150
v 4.807929 1.192138 1.533150
v 4.806511 1.186454 1.547293
v 4.807929 1.192138 1.561435
v 4.814774 1.219581 1.561435
v 4.852078 1.209962 1.547293
v 4.816192 1.225265 1.547293
v 4.848987 1.204986 1.533150
v 4.811351 1.205860 1.527293
v 4.841523 1.192974 1.527293
v 4.834060 1.180961 1.533150
v 4.834060 1.180961 1.561435
v 4.841523 1.192974 1.567293
v 4.811351 1.205860 1.567293
v 4.848987 1.204986 1.561435
v 4.882969 1.184009 1.547293
v 4.878634 1.180069 1.533150
v 4.868168 1.170558 1.527293
v 4.857702 1.161047 1.533150
v 4.830968 1.175986 1.547293
v 4.857702 1.161047 1.561435
v 4.868168 1.170558 1.567293
v 4.878634 1.180069 1.561435
v 4.907310 1.149466 1.547293
v 4.902163 1.146669 1.533150
v 4.889738 1.139916 1.527293
v 4.877312 1.133163 1.533150
v 4.853366 1.157108 1.547293
v 4.877312 1.133163 1.561435
v 4.889738 1.139916 1.567293
v 4.902163 1.146669 1.561435
v 4.924153 1.108514 1.547293
v 4.918537 1.106848 1.533150
v 4.904978 1.102828 1.527293
v 4.891419 1.098808 1.533150
v 4.872165 1.130366 1.547293
v 4.891419 1.098808 1.561435
v 4.904978 1.102828 1.567293
v 4.918537 1.106848 1.561435
v 4.932906 1.063418 1.547293
v 4.927077 1.062841 1.533150
v 4.913003 1.061450 1.527293
v 4.898930 1.060058 1.533150
v 4.885803 1.097142 1.547293
v 4.898930 1.060058 1.561435
v 4.913003 1.061450 1.567293
v 4.927077 1.062841 1.561435
v 4.933282 1.016558 1.547293
v 4.927444 1.017035 1.533150
v 4.913348 1.018185 1.527293
v 4.899253 1.019336 1.533150
v 4.893101 1.059481 1.547293
v 4.899253 1.019336 1.561435
v 4.913348 1.018185 1.567293
v 4.927444 1.017035 1.561435
v 4.919653 0.971894 1.533150
v 4.905992 0.975550 1.527293
v 4.892330 0.979205 1.533150
v 4.886672 0.980720 1.547293
v 4.893414 1.019812 1.547293
v 4.892330 0.979205 1.561435
v 4.905992 0.975550 1.567293
v 4.919653 0.971894 1.561435
v 4.925312 0.970380 1.547293
v 4.904089 0.929855 1.533150
v 4.891362 0.936021 1.527293
v 4.878634 0.942187 1.533150
v 4.873363 0.944741 1.547293
v 4.878634 0.942187 1.561435
v 4.891362 0.936021 1.567293
v 4.904089 0.929855 1.561435
v 4.909360 0.927301 1.547293
v 4.881474 0.893216 1.533150
v 4.870308 0.901895 1.527293
v 4.859142 0.910574 1.533150
v 4.854517 0.914169 1.547293
v 4.859142 0.910574 1.561435
v 4.870308 0.901895 1.567293
v 4.881474 0.893216 1.561435
v 4.886099 0.889621 1.547293
v 4.852840 0.864074 1.533150
v 4.844055 0.875157 1.527293
v 4.835269 0.886239 1.533150
v 4.831630 0.890830 1.547293
v 4.835269 0.886239 1.561435
v 4.844055 0.875157 1.567293
v 4.852840 0.864074 1.561435
v 4.856479 0.859484 1.547293
v 4.819544 0.844296 1.533150
v 4.814127 0.857359 1.527293
v 4.808711 0.870423 1.533150
v 4.806467 0.875834 1.547293
v 4.808711 0.870423 1.561435
v 4.814127 0.857359 1.567293
v 4.819544 0.844296 1.561435
v 4.821788 0.838884 1.547293
v 4.783417 0.835442 1.533150
v 4.782265 0.849537 1.527293
v 4.781113 0.863632 1.533150
v 4.780636 0.869471 1.547293
v 4.781113 0.863632 1.561435
v 4.782265 0.849537 1.567293
v 4.783417 0.835442 1.561435
v 4.783894 0.829604 1.547293
v 4.746897 0.838423 1.533150
v 4.750320 0.852145 1.527293
v 4.755160 0.871550 1.547293
v 4.750320 0.852145 1.567293
v 4.746897 0.838423 1.561435
v 4.709593 0.848043 1.547293
v 4.745480 0.832739 1.547293
v 4.712685 0.853019 1.533150
v 4.720148 0.865031 1.527293
v 4.753743 0.865867 1.533150
v 4.727612 0.877043 1.533150
v 4.727612 0.877043 1.561435
v 4.753743 0.865867 1.561435
v 4.720148 0.865031 1.567293
v 4.712685 0.853019 1.561435
v 4.678702 0.873996 1.547293
v 4.683037 0.877935 1.533150
v 4.693503 0.887446 1.527293
v 4.703969 0.896957 1.533150
v 4.730703 0.882019 1.547293
v 4.703969 0.896957 1.561435
v 4.693503 0.887446 1.567293
v 4.683037 0.877935 1.561435
v 4.654361 0.908538 1.547293
v 4.659508 0.911335 1.533150
v 4.671934 0.918088 1.527293
v 4.684359 0.924841 1.533150
v 4.708305 0.900897 1.547293
v 4.684359 0.924841 1.561435
v 4.671934 0.918088 1.567293
v 4.659508 0.911335 1.561435
v 4.637518 0.949491 1.547293
v 4.643135 0.951156 1.533150
v 4.656693 0.955176 1.527293
v 4.670252 0.959197 1.533150
v 4.689506 0.927639 1.547293
v 4.670252 0.959197 1.561435
v 4.656693 0.955176 1.567293
v 4.643135 0.951156 1.561435
v 4.628765 0.994587 1.547293
v 4.634594 0.995163 1.533150
v 4.648668 0.996555 1.527293
v 4.662741 0.997947 1.533150
v 4.675869 0.960862 1.547293
v 4.662741 0.997947 1.561435
v 4.648668 0.996555 1.567293
v 4.634594 0.995163 1.561435
v 4.668571 0.998523 1.547293
v 4.584849 1.063009 1.521293
v 4.605471 1.103593 1.507150
v 4.590533 1.061592 1.507150
v 4.618266 1.097568 1.501293
v 4.604255 1.058171 1.501293
v 4.631061 1.091544 1.507150
v 4.617977 1.054749 1.507150
v 4.636361 1.089049 1.521293
v 4.623661 1.053332 1.521293
v 4.617977 1.054749 1.535435
v 4.631061 1.091544 1.535435
v 4.604255 1.058171 1.541293
v 4.618266 1.097568 1.541293
v 4.590533 1.061592 1.535435
v 4.605471 1.103593 1.535435
v 4.600172 1.106088 1.521293
v 4.628038 1.141198 1.507150
v 4.639350 1.132710 1.501293
v 4.650661 1.124222 1.507150
v 4.655347 1.120706 1.521293
v 4.650661 1.124222 1.535435
v 4.639350 1.132710 1.541293
v 4.628038 1.141198 1.535435
v 4.623353 1.144714 1.521293
v 4.657091 1.172302 1.507150
v 4.666281 1.161553 1.501293
v 4.675471 1.150804 1.507150
v 4.679277 1.146352 1.521293
v 4.675471 1.150804 1.535435
v 4.666281 1.161553 1.541293
v 4.657091 1.172302 1.535435
v 4.653284 1.176754 1.521293
v 4.691153 1.195063 1.507150
v 4.697494 1.182422 1.501293
v 4.703834 1.169781 1.507150
v 4.706460 1.164545 1.521293
v 4.703834 1.169781 1.535435
v 4.697494 1.182422 1.541293
v 4.691153 1.195063 1.535435
v 4.688527 1.200299 1.521293
v 4.728416 1.207974 1.507150
v 4.731174 1.194103 1.501293
v 4.733932 1.180232 1.507150
v 4.735075 1.174487 1.521293
v 4.733932 1.180232 1.535435
v 4.731174 1.194103 1.541293
v 4.728416 1.207974 1.535435
v 4.727274 1.213719 1.521293
v 4.766701 1.209997 1.507150
v 4.765366 1.195918 1.501293
v 4.764031 1.181839 1.507150
v 4.763479 1.176007 1.521293
v 4.764031 1.181839 1.535435
v 4.765366 1.195918 1.541293
v 4.766701 1.209997 1.535435
v 4.805763 1.206227 1.521293
v 4.767253 1.215829 1.521293
v 4.798081 1.187761 1.501293
v 4.792650 1.174704 1.507150
v 4.792650 1.174704 1.535435
v 4.798081 1.187761 1.541293
v 4.840072 1.185595 1.521293
v 4.803513 1.200819 1.507150
v 4.836365 1.181059 1.507150
v 4.827418 1.170107 1.501293
v 4.818471 1.159155 1.507150
v 4.790400 1.169295 1.521293
v 4.818471 1.159155 1.535435
v 4.827418 1.170107 1.541293
v 4.836365 1.181059 1.535435
v 4.803513 1.200819 1.535435
v 4.867983 1.155555 1.521293
v 4.863206 1.152165 1.507150
v 4.851673 1.143981 1.501293
v 4.840139 1.135796 1.507150
v 4.814765 1.154618 1.521293
v 4.840139 1.135796 1.535435
v 4.851673 1.143981 1.541293
v 4.863206 1.152165 1.535435
v 4.888047 1.118221 1.521293
v 4.882596 1.116077 1.507150
v 4.869435 1.110901 1.501293
v 4.856274 1.105725 1.507150
v 4.835362 1.132406 1.521293
v 4.856274 1.105725 1.535435
v 4.869435 1.110901 1.541293
v 4.882596 1.116077 1.535435
v 4.899433 1.075880 1.521293
v 4.893645 1.074975 1.507150
v 4.879673 1.072791 1.501293
v 4.865700 1.070606 1.507150
v 4.850822 1.103581 1.521293
v 4.865700 1.070606 1.535435
v 4.879673 1.072791 1.541293
v 4.893645 1.074975 1.535435
v 4.901767 1.030892 1.521293
v 4.895916 1.031177 1.507150
v 4.881791 1.031864 1.501293
v 4.867665 1.032552 1.507150
v 4.859912 1.069702 1.521293
v 4.867665 1.032552 1.535435
v 4.881791 1.031864 1.541293
v 4.895916 1.031177 1.535435
v 4.895072 0.985662 1.521293
v 4.889388 0.987079 1.507150
v 4.875666 0.990500 1.501293
v 4.861944 0.993922 1.507150
v 4.861814 1.032837 1.521293
v 4.861944 0.993922 1.535435
v 4.875666 0.990500 1.541293
v 4.889388 0.987079 1.535435
v 4.874449 0.945079 1.507150
v 4.861654 0.951103 1.501293
v 4.848859 0.957127 1.507150
v 4.843560 0.959622 1.521293
v 4.856260 0.995339 1.521293
v 4.848859 0.957127 1.535435
v 4.861654 0.951103 1.541293
v 4.874449 0.945079 1.535435
v 4.879749 0.942583 1.521293
v 4.851882 0.907473 1.507150
v 4.840570 0.915961 1.501293
v 4.829259 0.924449 1.507150
v 4.824574 0.927965 1.521293
v 4.829259 0.924449 1.535435
v 4.840570 0.915961 1.541293
v 4.851882 0.907473 1.535435
v 4.856567 0.903957 1.521293
v 4.822830 0.876369 1.507150
v 4.813640 0.887118 1.501293
v 4.804450 0.897867 1.507150
v 4.800643 0.902319 1.521293
v 4.804450 0.897867 1.535435
v 4.813640 0.887118 1.541293
v 4.822830 0.876369 1.535435
v 4.826636 0.871917 1.521293
v 4.788767 0.853608 1.507150
v 4.782427 0.866249 1.501293
v 4.776086 0.878890 1.507150
v 4.773460 0.884126 1.521293
v 4.776086 0.878890 1.535435
v 4.782427 0.866249 1.541293
v 4.788767 0.853608 1.535435
v 4.791394 0.848372 1.521293
v 4.751504 0.840697 1.507150
v 4.748746 0.854568 1.501293
v 4.745988 0.868439 1.507150
v 4.744845 0.874184 1.521293
v 4.745988 0.868439 1.535435
v 4.748746 0.854568 1.541293
v 4.751504 0.840697 1.535435
v 4.752646 0.834952 1.521293
v 4.713220 0.838674 1.507150
v 4.714554 0.852753 1.501293
v 4.715889 0.866832 1.507150
v 4.716442 0.872664 1.521293
v 4.715889 0.866832 1.535435
v 4.714554 0.852753 1.541293
v 4.713220 0.838674 1.535435
v 4.674158 0.842444 1.521293
v 4.712667 0.832842 1.521293
v 4.681839 0.860910 1.501293
v 4.687271 0.873967 1.507150
v 4.687271 0.873967 1.535435
v 4.681839 0.860910 1.541293
v 4.639849 0.863076 1.521293
v 4.676407 0.847852 1.507150
v 4.643555 0.867612 1.507150
v 4.652502 0.878564 1.501293
v 4.661449 0.889516 1.507150
v 4.689520 0.879376 1.521293
v 4.661449 0.889516 1.535435
v 4.652502 0.878564 1.541293
v 4.643555 0.867612 1.535435
v 4.676407 0.847852 1.535435
v 4.611938 0.893116 1.521293
v 4.616714 0.896506 1.507150
v 4.628248 0.904690 1.501293
v 4.639781 0.912875 1.507150
v 4.665155 0.894053 1.521293
v 4.639781 0.912875 1.535435
v 4.628248 0.904690 1.541293
v 4.616714 0.896506 1.535435
v 4.591873 0.930450 1.521293
v 4.597325 0.932594 1.507150
v 4.610486 0.937770 1.501293
v 4.623646 0.942946 1.507150
v 4.644558 0.916265 1.521293
v 4.623646 0.942946 1.535435
v 4.610486 0.937770 1.541293
v 4.597325 0.932594 1.535435
v 4.580488 0.972791 1.521293
v 4.586276 0.973696 1.507150
v 4.600248 0.975880 1.501293
v 4.614220 0.978065 1.507150
v 4.629098 0.945090 1.521293
v 4.614220 0.978065 1.535435
v 4.600248 0.975880 1.541293
v 4.586276 0.973696 1.535435
v 4.578154 1.017779 1.521293
v 4.584004 1.017494 1.507150
v 4.598130 1.016807 1.501293
v 4.612255 1.016119 1.507150
v 4.620008 0.978969 1.521293
v 4.612255 1.016119 1.535435
v 4.598130 1.016807 1.541293
v 4.584004 1.017494 1.535435
v 4.618106 1.015834 1.521293
v 4.788063 0.860036 1.589378
v 4.835000 0.748936 1.602093
v 4.805000 0.864436 1.602093
v 4.824532 0.746217 1.568807
v 4.818063 0.744536 1.589378
v 4.815468 0.867154 1.568807
v 4.794532 0.861717 1.568807
v 4.851937 0.753335 1.589378
v 4.845468 0.751655 1.568807
v 4.821937 0.868835 1.589378
v 4.821889 0.738530 1.589131
v 4.910000 0.654436 1.601293
v 4.835000 0.748936 1.601293
v 4.901896 0.648005 1.569454
v 4.896889 0.644030 1.589131
v 4.843103 0.755367 1.569454
v 4.826897 0.742505 1.569454
v 4.923111 0.664841 1.589131
v 4.918103 0.660867 1.569454
v 4.848111 0.759341 1.589131
v 4.720000 0.864436 1.557893
v 4.676728 0.707751 1.545179
v 4.694000 0.704936 1.557893
v 4.709325 0.866176 1.524607
v 4.702728 0.867251 1.545179
v 4.704674 0.703196 1.524607
v 4.683325 0.706676 1.524607
v 4.737271 0.861620 1.545179
v 4.730674 0.862696 1.524607
v 4.711271 0.702120 1.545179
v 4.708982 0.697473 1.534054
v 4.629000 0.574436 1.521893
v 4.694000 0.704936 1.521893
v 4.638260 0.569823 1.553731
v 4.643982 0.566973 1.534054
v 4.684740 0.709548 1.553731
v 4.703260 0.700323 1.553731
v 4.614017 0.581898 1.534054
v 4.619740 0.579048 1.553731
v 4.679017 0.712398 1.534054
v 4.871927 1.086134 0.766077
v 4.815532 0.940159 0.945419
v 4.855532 1.100159 0.775419
v 4.852569 0.931491 0.945976
v 4.831927 0.926134 0.936077
v 4.888931 1.108827 0.791436
v 4.892569 1.091491 0.775976
v 4.826041 0.954184 0.961092
v 4.848931 0.948827 0.961436
v 4.866041 1.114184 0.791092
v 4.829062 0.921222 0.947526
v 4.755129 0.890336 1.473023
v 4.815129 0.940159 0.947730
v 4.791201 0.878632 1.476033
v 4.769062 0.871398 1.472818
v 4.850951 0.951863 0.952932
v 4.851201 0.928455 0.950740
v 4.828657 0.959097 0.951072
v 4.790950 0.902039 1.478225
v 4.768657 0.909273 1.476364
v -9.265000 0.296822 -2.520562
v -9.105000 -0.092687 -2.204583
v -9.265000 -0.092963 -2.190638
v -9.105000 0.295009 -2.528166
v -8.945000 -0.092364 -2.220878
v -8.945000 0.292979 -2.537303
v -8.785000 -0.092009 -2.239023
v -8.785000 0.291179 -2.548072
v -8.625000 -0.091633 -2.258563
v -8.625000 0.289595 -2.560283
v -8.465000 -0.091311 -2.275872
v -8.465000 0.287762 -2.571195
v -8.305000 -0.091109 -2.286911
v -8.305000 0.284984 -2.577323
v -8.145000 -0.090897 -2.298654
v -8.145000 0.280736 -2.583167
v -7.985001 -0.090678 -2.310932
v -7.985001 0.274693 -2.588423
v -7.825000 -0.090453 -2.323582
v -7.825000 0.267035 -2.593096
v -7.665000 -0.090227 -2.336451
v -7.665000 0.258520 -2.597541
v -7.505000 -0.090002 -2.349394
v -7.505000 0.250406 -2.602418
v -7.345000 -0.089780 -2.362273
v -7.345000 0.244222 -2.608553
v -7.185000 -0.089563 -2.374957
v -7.185000 0.241444 -2.616726
v -7.025000 -0.089354 -2.387321
v -7.025000 0.243138 -2.627440
v -6.865000 -0.089155 -2.399248
v -6.865000 0.249674 -2.640734
v -6.705000 -0.088967 -2.410623
v -6.705000 0.260567 -2.656108
v -6.545000 -0.088791 -2.421409
v -6.545000 0.274496 -2.672646
v -6.385000 -0.088619 -2.432078
v -6.385000 0.289513 -2.689526
v -6.225000 -0.088450 -2.442692
v -6.225000 0.303373 -2.705546
v -6.065000 -0.088285 -2.453194
v -6.065000 0.313960 -2.719585
v -5.905000 -0.088124 -2.463533
v -5.905000 0.319684 -2.730860
v -5.745000 -0.087970 -2.473657
v -5.745000 0.319782 -2.739023
v -5.585000 -0.087823 -2.483514
v -5.425000 0.304744 -2.746873
v -5.585000 0.314441 -2.744184
v -5.265000 0.292422 -2.747935
v -5.425000 -0.087684 -2.493056
v -5.105000 0.279497 -2.748382
v -5.265000 -0.087554 -2.502232
v -4.945000 0.267883 -2.749199
v -5.105000 -0.087433 -2.510995
v -4.785000 0.259037 -2.751150
v -4.945000 -0.087322 -2.519297
v -4.625000 -0.087136 -2.534423
v -4.785000 -0.087223 -2.527091
v -4.625000 0.253731 -2.754722
v -4.465000 -0.087056 -2.541676
v -4.465000 0.251995 -2.760276
v -4.305000 -0.086983 -2.548816
v -4.305000 0.253218 -2.767436
v -4.145000 -0.086918 -2.555747
v -4.145000 0.256397 -2.775553
v -3.985000 -0.086861 -2.562373
v -3.985000 0.260439 -2.783932
v -3.825000 -0.086811 -2.568600
v -3.825000 0.264459 -2.792001
v -3.665000 -0.086770 -2.574332
v -3.665000 0.267982 -2.799411
v -3.505000 -0.086738 -2.579474
v -3.505000 0.271014 -2.806078
v -3.345000 -0.086714 -2.583928
v -3.345000 0.273957 -2.812129
v -3.185000 -0.086698 -2.587600
v -3.185000 0.277415 -2.817797
v -3.025000 -0.086692 -2.590391
v -3.025000 0.281920 -2.823274
v -2.865000 -0.086694 -2.592206
v -2.865000 0.287681 -2.828582
v -2.705000 -0.086705 -2.593132
v -2.705000 0.294414 -2.833652
v -2.545000 -0.086723 -2.593632
v -2.545000 0.301312 -2.838487
v -2.385000 -0.086749 -2.593643
v -2.385000 0.307154 -2.842382
v -2.225000 -0.086781 -2.593067
v -2.065000 0.310342 -2.844102
v -2.225000 0.310565 -2.844504
v -1.905000 0.305773 -2.840657
v -2.065000 -0.086821 -2.591801
v -1.745000 0.296882 -2.834013
v -1.905000 -0.086867 -2.589743
v -1.585000 0.284517 -2.824444
v -1.745000 -0.086920 -2.586791
v -1.425000 0.270262 -2.812649
v -1.585000 -0.086979 -2.582843
v -1.265000 0.256181 -2.799660
v -1.425000 -0.087045 -2.577794
v -1.105000 0.244443 -2.786653
v -1.265000 -0.087118 -2.571544
v -0.945000 0.236910 -2.774702
v -1.105000 -0.087196 -2.563988
v -0.785000 0.234776 -2.764937
v -0.945000 -0.087280 -2.555025
v -0.625000 0.238333 -2.758271
v -0.785000 -0.087367 -2.545012
v -0.465000 0.246908 -2.754156
v -0.625000 -0.087451 -2.534667
v -0.305000 -0.087622 -2.512023
v -0.465000 -0.087536 -2.523757
v -0.305000 0.259014 -2.751484
v -0.145000 -0.087713 -2.499202
v -0.145000 0.272650 -2.748818
v 0.015000 -0.087810 -2.485028
v 0.175000 0.296310 -2.737628
v 0.015000 0.285696 -2.744648
v 0.335000 0.303253 -2.726757
v 0.175000 -0.087914 -2.469234
v 0.495000 0.306055 -2.711467
v 0.335000 -0.088027 -2.451552
v 0.655000 0.305019 -2.691629
v 0.495000 -0.088151 -2.431709
v 0.815000 0.301046 -2.667471
v 0.655000 -0.088286 -2.409432
v 0.975000 0.295361 -2.639437
v 0.815000 -0.088433 -2.384444
v 1.135000 0.289183 -2.608755
v 0.975000 -0.088592 -2.356467
v 1.295000 0.283446 -2.576745
v 1.135000 -0.088761 -2.326023
v 1.455000 0.278608 -2.543520
v 1.295000 -0.088934 -2.293905
v 1.615000 0.274629 -2.508861
v 1.455000 -0.089110 -2.259925
v 1.775000 0.271083 -2.472271
v 1.615000 -0.089287 -2.223893
v 1.935000 0.267382 -2.433110
v 1.775000 -0.089463 -2.185627
v 2.095000 0.263044 -2.390790
v 1.935000 -0.089635 -2.144955
v 2.255000 0.257932 -2.344964
v 2.095000 -0.089801 -2.101711
v 2.415000 0.252383 -2.295664
v 2.255000 -0.089957 -2.055745
v 2.575000 0.247207 -2.243335
v 2.415000 -0.090101 -2.006921
v 2.735000 0.243534 -2.188748
v 2.575000 -0.090228 -1.955123
v 2.895000 0.242544 -2.132792
v 2.735000 -0.090335 -1.900257
v 3.055000 0.245142 -2.076347
v 2.895000 -0.090417 -1.842257
v 3.215000 0.251684 -2.020018
v 3.055000 -0.090474 -1.781103
v 3.375000 0.261802 -1.963759
v 3.215000 -0.090505 -1.717016
v 3.535000 0.274367 -1.906869
v 3.375000 -0.090501 -1.650339
v 3.695000 0.287644 -1.848104
v 3.535000 -0.090456 -1.581460
v 3.855000 0.299587 -1.785934
v 3.695000 -0.090360 -1.510813
v 4.015000 0.308229 -1.718909
v 3.855000 -0.090210 -1.438865
v 4.175000 0.312071 -1.646046
v 4.015000 -0.089997 -1.366115
v 4.335000 0.310394 -1.567154
v 4.175000 -0.089719 -1.293080
v 4.495000 0.303412 -1.483004
v 4.335000 -0.089371 -1.220282
v 4.654982 0.292246 -1.395290
v 4.495000 -0.088951 -1.148232
v 4.814989 0.278708 -1.305859
v 4.654975 -0.088457 -1.077417
v 4.974832 0.264963 -1.214332
v 4.814981 -0.087885 -1.007725
v 5.134928 0.253117 -1.121125
v 4.974718 -0.087207 -0.936722
v 5.294563 0.244834 -1.027656
v 5.134850 -0.086390 -0.862809
v 5.454648 0.241074 -0.933501
v 5.294858 -0.085399 -0.785780
v 5.614555 0.241984 -0.838012
v 5.454783 -0.084181 -0.704835
v 5.774689 0.246988 -0.738893
v 5.614504 -0.081885 -0.617279
v 5.932994 0.255185 -0.634111
v 5.773378 -0.076680 -0.516827
v 6.085603 0.268552 -0.516298
v 5.924347 -0.071374 -0.405827
v 6.213851 0.283303 -0.350370
v 6.040774 -0.065727 -0.268101
v 6.319782 0.294922 -0.194490
v 6.101070 -0.061470 -0.122723
v 6.448466 -0.060004 -0.003919
v 6.215024 -0.060152 -0.033261
v 6.647927 0.306260 -0.025304
v 6.443861 0.302115 -0.082083
v 6.663824 -0.060000 0.000000
v 6.663824 -0.060000 0.000000
v 6.819250 0.309129 -0.002135
v 6.663824 -0.060000 0.000000
v 6.938619 0.311741 0.000000
v 6.663824 -0.060000 0.000000
v 6.940818 0.314645 0.000000
v 6.663824 -0.060000 0.000000
v 6.943331 0.317962 0.000000
v 6.663824 -0.060000 0.000000
v 6.945897 0.321347 0.000000
v 6.663824 -0.060000 0.000000
v 6.947937 0.324037 0.000000
v 6.663824 -0.060000 0.000000
v 6.947421 0.323356 0.000000
v 6.948690 0.325031 0.000000
v 6.943647 0.318378 0.000000
v 6.663824 -0.060000 0.000000
v 6.937334 0.310044 0.000000
v 6.663824 -0.060000 0.000000
v 6.928989 0.299012 0.000000
v 6.663824 -0.060000 0.000000
v 6.919626 0.286614 0.000000
v 6.663824 -0.060000 0.000000
v 6.910613 0.274661 0.000000
v 6.663824 -0.060000 0.000000
v 6.903422 0.265110 0.000000
v 6.663824 -0.060000 0.000000
v -9.105000 -0.092687 2.204583
v -9.265000 0.296822 2.520562
v -9.265000 -0.092963 2.190638
v -8.945000 -0.092364 2.220878
v -9.105000 0.295009 2.528166
v -8.785000 -0.092009 2.239023
v -8.945000 0.292979 2.537303
v -8.625000 -0.091633 2.258563
v -8.785000 0.291179 2.548072
v -8.465000 -0.091311 2.275872
v -8.625000 0.289595 2.560283
v -8.305000 -0.091109 2.286911
v -8.465000 0.287762 2.571195
v -8.145000 -0.090897 2.298654
v -8.305000 0.284984 2.577323
v -7.985001 -0.090678 2.310932
v -8.145000 0.280736 2.583167
v -7.825000 -0.090453 2.323582
v -7.985001 0.274693 2.588423
v -7.665000 -0.090227 2.336451
v -7.825000 0.267035 2.593096
v -7.505000 -0.090002 2.349394
v -7.665000 0.258520 2.597541
v -7.345000 -0.089780 2.362273
v -7.505000 0.250406 2.602418
v -7.185000 -0.089563 2.374957
v -7.345000 0.244222 2.608553
v -7.025000 -0.089354 2.387321
v -7.185000 0.241444 2.616726
v -6.865000 -0.089155 2.399248
v -7.025000 0.243138 2.627440
v -6.705000 -0.088967 2.410623
v -6.865000 0.249674 2.640734
v -6.545000 -0.088791 2.421409
v -6.705000 0.260567 2.656108
v -6.385000 -0.088619 2.432078
v -6.545000 0.274496 2.672646
v -6.225000 -0.088450 2.442692
v -6.385000 0.289513 2.689526
v -6.065000 -0.088285 2.453194
v -6.225000 0.303373 2.705546
v -5.905000 -0.088124 2.463533
v -6.065000 0.313960 2.719585
v -5.745000 -0.087970 2.473657
v -5.905000 0.319684 2.730860
v -5.585000 -0.087823 2.483514
v -5.745000 0.319782 2.739023
v -5.425000 0.304744 2.746873
v -5.585000 0.314441 2.744184
v -5.425000 -0.087684 2.493056
v -5.265000 0.292422 2.747935
v -5.265000 -0.087554 2.502232
v -5.105000 0.279497 2.748382
v -5.105000 -0.087433 2.510995
v -4.945000 0.267883 2.749199
v -4.945000 -0.087322 2.519297
v -4.785000 0.259037 2.751150
v -4.625000 -0.087136 2.534423
v -4.785000 -0.087223 2.527091
v -4.465000 -0.087056 2.541676
v -4.625000 0.253731 2.754722
v -4.305000 -0.086983 2.548816
v -4.465000 0.251995 2.760276
v -4.145000 -0.086918 2.555747
v -4.305000 0.253218 2.767436
v -3.985000 -0.086861 2.562373
v -4.145000 0.256397 2.775553
v -3.825000 -0.086811 2.568600
v -3.985000 0.260439 2.783932
v -3.665000 -0.086770 2.574332
v -3.825000 0.264459 2.792001
v -3.505000 -0.086738 2.579474
v -3.665000 0.267982 2.799411
v -3.345000 -0.086714 2.583928
v -3.505000 0.271014 2.806078
v -3.185000 -0.086698 2.587600
v -3.345000 0.273957 2.812129
v -3.025000 -0.086692 2.590391
v -3.185000 0.277415 2.817797
v -2.865000 -0.086694 2.592206
v -3.025000 0.281920 2.823274
v -2.705000 -0.086705 2.593132
v -2.865000 0.287681 2.828582
v -2.545000 -0.086723 2.593632
v -2.705000 0.294414 2.833652
v -2.385000 -0.086749 2.593643
v -2.545000 0.301312 2.838487
v -2.225000 -0.086781 2.593067
v -2.385000 0.307154 2.842382
v -2.065000 0.310342 2.844102
v -2.225000 0.310565 2.844504
v -2.065000 -0.086821 2.591801
v -1.905000 0.305773 2.840657
v -1.905000 -0.086867 2.589743
v -1.745000 0.296882 2.834013
v -1.745000 -0.086920 2.586791
v -1.585000 0.284517 2.824444
v -1.585000 -0.086979 2.582843
v -1.425000 0.270262 2.812649
v -1.425000 -0.087045 2.577794
v -1.265000 0.256181 2.799660
v -1.265000 -0.087118 2.571544
v -1.105000 0.244443 2.786653
v -1.105000 -0.087196 2.563988
v -0.945000 0.236910 2.774702
v -0.945000 -0.087280 2.555025
v -0.785000 0.234776 2.764937
v -0.785000 -0.087367 2.545012
v -0.625000 0.238333 2.758271
v -0.625000 -0.087451 2.534667
v -0.465000 0.246908 2.754156
v -0.305000 -0.087622 2.512023
v -0.465000 -0.087536 2.523757
v -0.145000 -0.087713 2.499202
v -0.305000 0.259014 2.751484
v 0.015000 -0.087810 2.485028
v -0.145000 0.272650 2.748818
v 0.175000 0.296310 2.737628
v 0.015000 0.285696 2.744648
v 0.175000 -0.087914 2.469234
v 0.335000 0.303253 2.726757
v 0.335000 -0.088027 2.451552
v 0.495000 0.306055 2.711467
v 0.495000 -0.088151 2.431709
v 0.655000 0.305019 2.691629
v 0.655000 -0.088286 2.409432
v 0.815000 0.301046 2.667471
v 0.815000 -0.088433 2.384444
v 0.975000 0.295361 2.639437
v 0.975000 -0.088592 2.356467
v 1.135000 0.289183 2.608755
v 1.135000 -0.088761 2.326023
v 1.295000 0.283446 2.576745
v 1.295000 -0.088934 2.293905
v 1.455000 0.278608 2.543520
v 1.455000 -0.089110 2.259925
v 1.615000 0.274629 2.508861
v 1.615000 -0.089287 2.223893
v 1.775000 0.271083 2.472271
v 1.775000 -0.089463 2.185627
v 1.935000 0.267382 2.433110
v 1.935000 -0.089635 2.144955
v 2.095000 0.263044 2.390790
v 2.095000 -0.089801 2.101711
v 2.255000 0.257932 2.344964
v 2.255000 -0.089957 2.055745
v 2.415000 0.252383 2.295664
v 2.415000 -0.090101 2.006921
v 2.575000 0.247207 2.243335
v 2.575000 -0.090228 1.955123
v 2.735000 0.243534 2.188748
v 2.735000 -0.090335 1.900257
v 2.895000 0.242544 2.132792
v 2.895000 -0.090417 1.842257
v 3.055000 0.245142 2.076347
v 3.055000 -0.090474 1.781103
v 3.215000 0.251684 2.020018
v 3.215000 -0.090505 1.717016
v 3.375000 0.261802 1.963759
v 3.375000 -0.090501 1.650339
v 3.535000 0.274367 1.906869
v 3.535000 -0.090456 1.581460
v 3.695000 0.287644 1.848104
v 3.695000 -0.090360 1.510813
v 3.855000 0.299587 1.785934
v 3.855000 -0.090210 1.438865
v 4.015000 0.308229 1.718909
v 4.015000 -0.089997 1.366115
v 4.175000 0.312071 1.646046
v 4.175000 -0.089719 1.293080
v 4.335000 0.310394 1.567154
v 4.335000 -0.089371 1.220282
v 4.495000 0.303412 1.483004
v 4.495000 -0.088951 1.148232
v 4.654982 0.292246 1.395290
v 4.654975 -0.088457 1.077417
v 4.814989 0.278708 1.305859
v 4.814981 -0.087885 1.007725
v 4.974832 0.264963 1.214332
v 4.974718 -0.087207 0.936722
v 5.134928 0.253117 1.121125
v 5.134850 -0.086390 0.862809
v 5.294563 0.244834 1.027656
v 5.294858 -0.085399 0.785780
v 5.454648 0.241074 0.933501
v 5.454783 -0.084181 0.704835
v 5.614555 0.241984 0.838012
v 5.614504 -0.081885 0.617279
v 5.774689 0.246988 0.738893
v 5.773378 -0.076680 0.516827
v 5.932994 0.255185 0.634111
v 5.924347 -0.071374 0.405827
v 6.085603 0.268552 0.516298
v 6.040774 -0.065727 0.268101
v 6.213851 0.283303 0.350370
v 6.101070 -0.061470 0.122723
v 6.319782 0.294922 0.194490
v 6.448466 -0.060004 0.003919
v 6.215024 -0.060152 0.033261
v 6.647927 0.306260 0.025304
v 6.443861 0.302115 0.082083
v 6.663824 -0.060000 0.000000
v 6.663824 -0.060000 0.000000
v 6.663824 -0.060000 0.000000
v 6.819250 0.309129 0.002135
v 6.663824 -0.060000 0.000000
v 6.938619 0.311741 0.000000
v 6.663824 -0.060000 0.000000
v 6.940818 0.314645 0.000000
v 6.663824 -0.060000 0.000000
v 6.943331 0.317962 0.000000
v 6.663824 -0.060000 0.000000
v 6.945897 0.321347 0.000000
v 6.663824 -0.060000 0.000000
v 6.947937 0.324037 0.000000
v 6.947421 0.323356 0.000000
v 6.948690 0.325031 0.000000
v 6.663824 -0.060000 0.000000
v 6.943647 0.318378 0.000000
v 6.663824 -0.060000 0.000000
v 6.937334 0.310044 0.000000
v 6.663824 -0.060000 0.000000
v 6.928989 0.299012 0.000000
v 6.663824 -0.060000 0.000000
v 6.919626 0.286614 0.000000
v 6.663824 -0.060000 0.000000
v 6.910613 0.274661 0.000000
v 6.663824 -0.060000 0.000000
v 6.903422 0.265110 0.000000
v 7.235000 2.106960 -1.545102
v 7.010000 2.063594 -1.620278
v 7.235000 2.106960 -1.471102
v 7.010000 2.063594 -1.694278
v 6.785000 2.021889 -1.764705
v 6.785000 2.021889 -1.838705
v 6.560000 1.988587 -1.879732
v 6.560000 1.988587 -1.953732
v 6.335000 1.961144 -1.977131
v 6.335000 1.961144 -2.051131
v 6.110000 1.934213 -2.074971
v 6.110000 1.934213 -2.148971
v 5.885000 1.907945 -2.171876
v 5.885000 1.907945 -2.245876
v 5.660000 1.882489 -2.266469
v 5.660000 1.882489 -2.340469
v 5.435000 1.857994 -2.357371
v 7.010000 2.063594 1.620278
v 7.235000 2.106960 1.545102
v 7.235000 2.106960 1.471102
v 6.785000 2.021889 1.764705
v 7.010000 2.063594 1.694278
v 6.560000 1.988587 1.879732
v 6.785000 2.021889 1.838705
v 6.335000 1.961144 1.977131
v 6.560000 1.988587 1.953732
v 6.110000 1.934213 2.074971
v 6.335000 1.961144 2.051131
v 5.885000 1.907945 2.171876
v 6.110000 1.934213 2.148971
v 5.660000 1.882489 2.266469
v 5.885000 1.907945 2.245876
v 5.435000 1.857994 2.357371
v 5.660000 1.882489 2.340469
v 4.635000 1.780857 -2.704634
v 4.392143 1.760729 -2.695904
v 4.635000 1.780857 -2.630634
v 4.392143 1.760729 -2.769904
v 4.149286 1.741971 -2.754437
v 4.149286 1.741971 -2.828437
v 3.906428 1.724519 -2.806954
v 3.906428 1.724519 -2.880954
v 3.663571 1.708310 -2.854177
v 3.663571 1.708310 -2.928177
v 3.420714 1.693283 -2.896827
v 3.420714 1.693283 -2.970827
v 3.177857 1.679374 -2.935627
v 3.177857 1.679374 -3.009627
v 2.935000 1.666521 -2.971298
v 4.392143 1.760729 2.695904
v 4.635000 1.780857 2.704634
v 4.635000 1.780857 2.630634
v 4.149286 1.741971 2.754437
v 4.392143 1.760729 2.769904
v 3.906428 1.724519 2.806954
v 4.149286 1.741971 2.828437
v 3.663571 1.708310 2.854177
v 3.906428 1.724519 2.880954
v 3.420714 1.693283 2.896827
v 3.663571 1.708310 2.928177
v 3.177857 1.679374 2.935627
v 3.420714 1.693283 2.970827
v 2.935000 1.666521 2.971298
v 3.177857 1.679374 3.009627
v 1.435000 1.616022 -3.171189
v 1.205000 1.610080 -3.107270
v 1.435000 1.616022 -3.097189
v 1.205000 1.610080 -3.181270
v 0.975000 1.603711 -3.116982
v 0.975000 1.603711 -3.190982
v 0.745000 1.597063 -3.125506
v 0.745000 1.597063 -3.199506
v 0.515000 1.590470 -3.131922
v 0.515000 1.590470 -3.205922
v 0.285000 1.583987 -3.136476
v 0.285000 1.583987 -3.210476
v 0.055000 1.577665 -3.139413
v 0.055000 1.577665 -3.213413
v -0.175000 1.571559 -3.140978
v -0.175000 1.571559 -3.214978
v -0.405000 1.565721 -3.141417
v -0.635000 1.560205 -3.214974
v -0.405000 1.565721 -3.215417
v -0.865000 1.555063 -3.213895
v -0.635000 1.560205 -3.140974
v 1.205000 1.610080 3.107270
v 1.435000 1.616022 3.171189
v 1.435000 1.616022 3.097189
v 0.975000 1.603711 3.116982
v 1.205000 1.610080 3.181270
v 0.745000 1.597063 3.125506
v 0.975000 1.603711 3.190982
v 0.515000 1.590470 3.131922
v 0.745000 1.597063 3.199506
v 0.285000 1.583987 3.136476
v 0.515000 1.590470 3.205922
v 0.055000 1.577665 3.139413
v 0.285000 1.583987 3.210476
v -0.175000 1.571559 3.140978
v 0.055000 1.577665 3.213413
v -0.405000 1.565721 3.141417
v -0.175000 1.571559 3.214978
v -0.635000 1.560205 3.214974
v -0.405000 1.565721 3.215417
v -0.635000 1.560205 3.140974
v -0.865000 1.555063 3.213895
v -2.398334 1.528199 -3.182002
v -2.165000 1.531272 -3.115357
v -2.165000 1.531272 -3.189357
v -2.631667 1.525629 -3.174072
v -2.398334 1.528199 -3.108002
v -2.865000 1.523619 -3.165670
v -2.631667 1.525629 -3.100072
v -3.098334 1.522191 -3.156264
v -2.865000 1.523619 -3.091670
v -3.331667 1.521299 -3.145780
v -3.098334 1.522191 -3.082264
v -3.565000 1.520888 -3.134473
v -3.331667 1.521299 -3.071780
v -2.165000 1.531272 3.115357
v -2.398334 1.528199 3.182002
v -2.165000 1.531272 3.189357
v -2.398334 1.528199 3.108002
v -2.631667 1.525629 3.174072
v -2.631667 1.525629 3.100072
v -2.865000 1.523619 3.165670
v -2.865000 1.523619 3.091670
v -3.098334 1.522191 3.156264
v -3.098334 1.522191 3.082264
v -3.331667 1.521299 3.145780
v -3.331667 1.521299 3.071780
v -3.565000 1.520888 3.134473
v -4.795000 1.524447 -3.071480
v -4.565000 1.523244 -3.008768
v -4.565000 1.523244 -3.082768
v -5.025000 1.526009 -3.060323
v -4.795000 1.524447 -2.997480
v -5.255000 1.527939 -3.049167
v -5.025000 1.526009 -2.986323
v -5.485000 1.530183 -3.038011
v -5.255000 1.527939 -2.975167
v -5.715000 1.532689 -3.026855
v -5.485000 1.530183 -2.964011
v -5.945000 1.535403 -3.015698
v -5.715000 1.532689 -2.952855
v -6.175000 1.538273 -3.004542
v -5.945000 1.535403 -2.941699
v -6.405000 1.541244 -2.993386
v -6.175000 1.538273 -2.930542
v -6.635000 1.544265 -2.982227
v -6.405000 1.541244 -2.919386
v -6.865000 1.547602 -2.970727
v -6.635000 1.544265 -2.908227
v -4.565000 1.523244 3.008768
v -4.795000 1.524447 3.071480
v -4.565000 1.523244 3.082768
v -4.795000 1.524447 2.997480
v -5.025000 1.526009 3.060323
v -5.025000 1.526009 2.986323
v -5.255000 1.527939 3.049167
v -5.255000 1.527939 2.975167
v -5.485000 1.530183 3.038011
v -5.485000 1.530183 2.964011
v -5.715000 1.532689 3.026855
v -5.715000 1.532689 2.952855
v -5.945000 1.535403 3.015698
v -5.945000 1.535403 2.941699
v -6.175000 1.538273 3.004542
v -6.175000 1.538273 2.930542
v -6.405000 1.541244 2.993386
v -6.405000 1.541244 2.919386
v -6.635000 1.544265 2.982227
v -6.635000 1.544265 2.908227
v -6.865000 1.547602 2.970727
v -7.825000 1.564158 -2.921115
v -7.565000 1.559625 -2.860240
v -7.565000 1.559625 -2.934240
v -8.085000 1.568367 -2.908776
v -7.825000 1.564158 -2.847115
v -8.345000 1.572021 -2.897577
v -8.085000 1.568367 -2.834776
v -8.605000 1.575764 -2.884699
v -8.345000 1.572021 -2.823577
v -8.865000 1.579582 -2.868702
v -8.605000 1.575764 -2.810699
v -7.565000 1.559625 2.860240
v -7.825000 1.564158 2.921115
v -7.565000 1.559625 2.934240
v -7.825000 1.564158 2.847115
v -8.085000 1.568367 2.908776
v -8.085000 1.568367 2.834776
v -8.345000 1.572021 2.897577
v -8.345000 1.572021 2.823577
v -8.605000 1.575764 2.884699
v -8.605000 1.575764 2.810699
v -8.865000 1.579582 2.868702
v 6.663824 -0.060000 0.000000
v 6.663824 -0.060000 0.000000
v 5.435000 1.857994 -2.431371
v 5.435000 1.857994 2.431371
v 2.935000 1.666521 -3.045298
v 2.935000 1.666521 3.045298
v -0.865000 1.555063 -3.139895
v -0.865000 1.555063 3.139895
v -3.565000 1.520888 -3.060473
v -3.565000 1.520888 3.060473
v -6.865000 1.547602 -2.896727
v -6.865000 1.547602 2.896727
v -8.865000 1.579582 -2.794702
v -8.865000 1.579582 2.794702
vt 0.074163 0.414424
vt 0.074226 0.414183
vt 0.074185 0.414424
vt 0.063164 0.589704
vt 0.063186 0.589467
vt 0.063183 0.589703
vt 0.026335 0.365939
vt 0.026353 0.366180
vt 0.026335 0.366176
vt 0.349244 0.578928
vt 0.349271 0.579165
vt 0.349250 0.579166
vt 0.074328 0.413960
vt 0.074205 0.414177
vt 0.063175 0.589243
vt 0.063167 0.589462
vt 0.026270 0.365707
vt 0.026353 0.365936
vt 0.349246 0.578710
vt 0.349264 0.578921
vt 0.074515 0.413799
vt 0.074345 0.413972
vt 0.074528 0.413815
vt 0.074355 0.413984
vt 0.026253 0.365715
vt 0.026113 0.365520
vt 0.026124 0.365505
vt 0.026285 0.365697
vt 0.074752 0.413732
vt 0.620256 0.157147
vt 0.620238 0.157380
vt 0.620238 0.157156
vt 0.025894 0.365414
vt 0.026100 0.365533
vt 0.025901 0.365398
vt 0.296679 0.672323
vt 0.296697 0.672075
vt 0.296697 0.672319
vt 0.620256 0.157376
vt 0.620238 0.157618
vt 0.620219 0.157376
vt 0.025661 0.365356
vt 0.025907 0.365380
vt 0.296679 0.672072
vt 0.296697 0.671845
vt 0.212192 0.413714
vt 0.212403 0.413814
vt 0.212185 0.413732
vt 0.620238 0.157841
vt 0.620219 0.157621
vt 0.025420 0.365398
vt 0.025660 0.365337
vt 0.212421 0.413782
vt 0.212599 0.413955
vt 0.212416 0.413798
vt 0.212581 0.413967
vt 0.025220 0.365534
vt 0.025426 0.365415
vt 0.025208 0.365521
vt 0.025413 0.365380
vt 0.580141 0.066268
vt 0.580113 0.066071
vt 0.580132 0.066058
vt 0.212718 0.414167
vt 0.580140 0.296396
vt 0.580138 0.296173
vt 0.580158 0.296184
vt 0.025051 0.365708
vt 0.025196 0.365506
vt 0.580144 0.066512
vt 0.580122 0.066275
vt 0.212759 0.414408
vt 0.212697 0.414174
vt 0.580113 0.296633
vt 0.580119 0.296391
vt 0.024949 0.365934
vt 0.025035 0.365698
vt 0.580122 0.066755
vt 0.580125 0.066513
vt 0.212697 0.414642
vt 0.212737 0.414408
vt 0.580140 0.296864
vt 0.580134 0.296632
vt 0.024968 0.366182
vt 0.024968 0.365938
vt 0.580132 0.066985
vt 0.580141 0.066761
vt 0.212599 0.414860
vt 0.212718 0.414649
vt 0.580158 0.297064
vt 0.580119 0.296871
vt 0.025051 0.366411
vt 0.024949 0.366184
vt 0.212421 0.415033
vt 0.212608 0.414872
vt 0.212416 0.415017
vt 0.212581 0.414848
vt 0.025067 0.366401
vt 0.025208 0.366598
vt 0.025196 0.366612
vt 0.025035 0.366420
vt 0.610260 0.435058
vt 0.610278 0.435284
vt 0.610260 0.435293
vt 0.212192 0.415100
vt 0.212403 0.415001
vt 0.025220 0.366583
vt 0.025420 0.366720
vt 0.025413 0.366737
vt 0.610261 0.434807
vt 0.610279 0.435054
vt 0.679485 0.321921
vt 0.679467 0.321679
vt 0.679485 0.321676
vt 0.025426 0.366702
vt 0.025661 0.366762
vt 0.610242 0.435054
vt 0.074515 0.415050
vt 0.074752 0.415118
vt 0.074745 0.415136
vt 0.679485 0.322150
vt 0.679466 0.321917
vt 0.025660 0.366743
vt 0.025901 0.366719
vt 0.610242 0.434810
vt 0.610260 0.434571
vt 0.074345 0.414877
vt 0.074528 0.415034
vt 0.074355 0.414865
vt 0.074533 0.415018
vt 0.026100 0.366582
vt 0.025894 0.366701
vt 0.026113 0.366597
vt 0.025907 0.366736
vt 0.074328 0.414889
vt 0.074226 0.414665
vt 0.063175 0.590146
vt 0.063186 0.589935
vt 0.063194 0.590134
vt 0.026253 0.366400
vt 0.349244 0.579408
vt 0.349246 0.579637
vt 0.349225 0.579626
vt 0.074205 0.414671
vt 0.063167 0.589942
vt 0.026270 0.366410
vt 0.349264 0.579414
vt 0.874411 0.276763
vt 0.874428 0.276624
vt 0.874428 0.276763
vt 0.874394 0.276763
vt 0.874411 0.276624
vt 0.884080 0.306686
vt 0.884098 0.306547
vt 0.884098 0.306685
vt 0.884097 0.559478
vt 0.884080 0.559616
vt 0.884080 0.559478
vt 0.505426 0.985546
vt 0.505402 0.985570
vt 0.505402 0.985546
vt 0.495774 0.985570
vt 0.495797 0.985546
vt 0.495797 0.985570
vt 0.719287 0.879085
vt 0.719306 0.878947
vt 0.719306 0.879085
vt 0.884080 0.267711
vt 0.884098 0.267574
vt 0.884098 0.267712
vt 0.884080 0.112003
vt 0.884098 0.111864
vt 0.884098 0.112002
vt 0.545620 0.879085
vt 0.545640 0.878946
vt 0.545640 0.879085
vt 0.370603 0.985546
vt 0.370627 0.985570
vt 0.370603 0.985570
vt 0.399513 0.985570
vt 0.399489 0.985546
vt 0.399513 0.985546
vt 0.874411 0.286368
vt 0.874394 0.286506
vt 0.874394 0.286368
vt 0.874428 0.286368
vt 0.874411 0.286506
vt 0.884080 0.569360
vt 0.884097 0.569221
vt 0.884097 0.569360
vt 0.884098 0.316291
vt 0.884080 0.316430
vt 0.884080 0.316291
vt 0.486169 0.985546
vt 0.486145 0.985570
vt 0.486145 0.985546
vt 0.515031 0.985570
vt 0.515054 0.985546
vt 0.515054 0.985570
vt 0.884098 0.277317
vt 0.884080 0.277455
vt 0.884080 0.277317
vt 0.728930 0.878947
vt 0.728911 0.879085
vt 0.728911 0.878947
vt 0.555265 0.878947
vt 0.555245 0.879085
vt 0.555245 0.878947
vt 0.884098 0.121607
vt 0.884080 0.121746
vt 0.884080 0.121608
vt 0.380256 0.985570
vt 0.380232 0.985546
vt 0.380256 0.985546
vt 0.389860 0.985546
vt 0.389884 0.985570
vt 0.389860 0.985570
vt 0.054163 0.621023
vt 0.054188 0.620927
vt 0.054187 0.621020
vt 0.074712 0.459422
vt 0.074747 0.459333
vt 0.074740 0.459422
vt 0.074770 0.459336
vt 0.074763 0.459422
vt 0.659683 0.127206
vt 0.659710 0.127121
vt 0.659710 0.127203
vt 0.659735 0.127206
vt 0.453426 0.383438
vt 0.453459 0.383524
vt 0.453433 0.383524
vt 0.453452 0.383435
vt 0.453485 0.383524
vt 0.054136 0.620927
vt 0.054135 0.621021
vt 0.054164 0.620928
vt 0.054187 0.620836
vt 0.074720 0.459328
vt 0.074768 0.459248
vt 0.074789 0.459256
vt 0.659683 0.127122
vt 0.659710 0.127040
vt 0.659735 0.127123
vt 0.453407 0.383358
vt 0.453433 0.383350
vt 0.453478 0.383431
vt 0.054135 0.620837
vt 0.054163 0.620835
vt 0.054184 0.620753
vt 0.074741 0.459240
vt 0.074799 0.459174
vt 0.074819 0.459186
vt 0.659683 0.127040
vt 0.659711 0.126967
vt 0.659735 0.127040
vt 0.453378 0.383288
vt 0.453401 0.383276
vt 0.453457 0.383342
vt 0.054132 0.620753
vt 0.054160 0.620749
vt 0.054179 0.620680
vt 0.074775 0.459161
vt 0.074841 0.459114
vt 0.074857 0.459131
vt 0.659685 0.126964
vt 0.659713 0.126905
vt 0.659737 0.126965
vt 0.453340 0.383233
vt 0.453360 0.383216
vt 0.453424 0.383263
vt 0.054127 0.620681
vt 0.054154 0.620675
vt 0.054172 0.620624
vt 0.074819 0.459096
vt 0.074889 0.459072
vt 0.074900 0.459094
vt 0.659687 0.126900
vt 0.659716 0.126859
vt 0.659739 0.126901
vt 0.453296 0.383196
vt 0.453310 0.383174
vt 0.453378 0.383199
vt 0.054120 0.620624
vt 0.708978 0.302328
vt 0.709005 0.302265
vt 0.709004 0.302320
vt 0.074874 0.459050
vt 0.074942 0.459051
vt 0.074945 0.459076
vt 0.374258 0.741792
vt 0.374232 0.741837
vt 0.374232 0.741800
vt 0.374206 0.741792
vt 0.453251 0.383178
vt 0.453256 0.383153
vt 0.453323 0.383152
vt 0.708952 0.302265
vt 0.708952 0.302320
vt 0.708979 0.302202
vt 0.708979 0.302270
vt 0.075000 0.459025
vt 0.074935 0.459025
vt 0.074989 0.459076
vt 0.374258 0.741876
vt 0.374258 0.741832
vt 0.374206 0.741876
vt 0.374206 0.741832
vt 0.453205 0.383178
vt 0.453195 0.383127
vt 0.453261 0.383127
vt 0.708979 0.302131
vt 0.709005 0.302201
vt 0.075061 0.459050
vt 0.074997 0.459051
vt 0.075049 0.459072
vt 0.374258 0.741925
vt 0.374232 0.741877
vt 0.374206 0.741925
vt 0.453146 0.383174
vt 0.453200 0.383153
vt 0.453132 0.383152
vt 0.708952 0.302201
vt 0.708979 0.302063
vt 0.709005 0.302134
vt 0.075114 0.459096
vt 0.075097 0.459114
vt 0.075034 0.459094
vt 0.374258 0.741976
vt 0.374232 0.741922
vt 0.374206 0.741976
vt 0.453160 0.383196
vt 0.453097 0.383216
vt 0.453077 0.383199
vt 0.708952 0.302134
vt 0.708978 0.302002
vt 0.709005 0.302069
vt 0.075158 0.459161
vt 0.075137 0.459174
vt 0.075076 0.459131
vt 0.374258 0.742027
vt 0.374232 0.741970
vt 0.374206 0.742027
vt 0.453116 0.383233
vt 0.453055 0.383276
vt 0.453032 0.383263
vt 0.708952 0.302069
vt 0.024195 0.631009
vt 0.024165 0.630950
vt 0.024192 0.630943
vt 0.075190 0.459240
vt 0.075168 0.459248
vt 0.075113 0.459186
vt 0.458746 0.651486
vt 0.458728 0.651430
vt 0.458752 0.651423
vt 0.458695 0.651487
vt 0.458701 0.651424
vt 0.453078 0.383288
vt 0.453024 0.383350
vt 0.452998 0.383342
vt 0.024217 0.630951
vt 0.024197 0.631089
vt 0.024168 0.631015
vt 0.075209 0.459328
vt 0.075186 0.459333
vt 0.075141 0.459256
vt 0.458742 0.651562
vt 0.458722 0.651492
vt 0.458690 0.651562
vt 0.453048 0.383358
vt 0.453004 0.383435
vt 0.452978 0.383431
vt 0.024220 0.631016
vt 0.024199 0.631178
vt 0.024171 0.631094
vt 0.075215 0.459422
vt 0.075192 0.459422
vt 0.075158 0.459336
vt 0.458739 0.651645
vt 0.458718 0.651565
vt 0.458688 0.651645
vt 0.453029 0.383438
vt 0.452997 0.383524
vt 0.452971 0.383524
vt 0.024223 0.631094
vt 0.024173 0.631272
vt 0.024172 0.631181
vt 0.075184 0.459512
vt 0.075157 0.459507
vt 0.075164 0.459422
vt 0.458714 0.651731
vt 0.458715 0.651647
vt 0.453029 0.383610
vt 0.453023 0.383524
vt 0.453004 0.383614
vt 0.024225 0.631273
vt 0.024224 0.631182
vt 0.024200 0.631271
vt 0.024172 0.631363
vt 0.075207 0.459515
vt 0.075164 0.459596
vt 0.075138 0.459588
vt 0.458738 0.651730
vt 0.458715 0.651811
vt 0.458687 0.651730
vt 0.453048 0.383690
vt 0.453023 0.383698
vt 0.452977 0.383618
vt 0.024224 0.631364
vt 0.024199 0.631364
vt 0.024171 0.631448
vt 0.075186 0.459604
vt 0.075132 0.459670
vt 0.075108 0.459657
vt 0.458739 0.651812
vt 0.458718 0.651883
vt 0.458688 0.651813
vt 0.453077 0.383760
vt 0.453055 0.383773
vt 0.452998 0.383706
vt 0.024223 0.631449
vt 0.024198 0.631451
vt 0.024168 0.631524
vt 0.075152 0.459682
vt 0.075091 0.459730
vt 0.075070 0.459712
vt 0.458742 0.651887
vt 0.458722 0.651943
vt 0.458691 0.651887
vt 0.453115 0.383815
vt 0.453097 0.383833
vt 0.453032 0.383785
vt 0.024220 0.631524
vt 0.024195 0.631528
vt 0.024165 0.631585
vt 0.075108 0.459747
vt 0.075042 0.459772
vt 0.075027 0.459749
vt 0.458747 0.651948
vt 0.458728 0.651985
vt 0.458695 0.651948
vt 0.453159 0.383852
vt 0.453146 0.383875
vt 0.453077 0.383850
vt 0.024217 0.631585
vt 0.708979 0.292397
vt 0.709005 0.292335
vt 0.709005 0.292390
vt 0.075053 0.459794
vt 0.074989 0.459794
vt 0.074982 0.459768
vt 0.383915 0.741792
vt 0.383889 0.741837
vt 0.383889 0.741800
vt 0.383863 0.741792
vt 0.453204 0.383870
vt 0.453200 0.383896
vt 0.453132 0.383897
vt 0.708953 0.292335
vt 0.708952 0.292389
vt 0.708979 0.292271
vt 0.708979 0.292339
vt 0.074927 0.459819
vt 0.074992 0.459819
vt 0.074938 0.459768
vt 0.383915 0.741832
vt 0.383889 0.741877
vt 0.383863 0.741832
vt 0.453250 0.383870
vt 0.453260 0.383922
vt 0.453194 0.383922
vt 0.708979 0.292201
vt 0.709005 0.292271
vt 0.074866 0.459794
vt 0.074935 0.459794
vt 0.074882 0.459772
vt 0.383915 0.741925
vt 0.383915 0.741876
vt 0.383863 0.741925
vt 0.383863 0.741876
vt 0.453310 0.383875
vt 0.453256 0.383896
vt 0.453323 0.383897
vt 0.708953 0.292271
vt 0.708979 0.292133
vt 0.709005 0.292204
vt 0.074813 0.459747
vt 0.074834 0.459730
vt 0.074893 0.459749
vt 0.383915 0.741976
vt 0.383889 0.741922
vt 0.383863 0.741976
vt 0.453296 0.383852
vt 0.453359 0.383833
vt 0.453378 0.383850
vt 0.708953 0.292204
vt 0.708979 0.292072
vt 0.709005 0.292139
vt 0.074770 0.459682
vt 0.074794 0.459670
vt 0.074851 0.459712
vt 0.383915 0.742027
vt 0.383889 0.741970
vt 0.383863 0.742027
vt 0.453339 0.383815
vt 0.453401 0.383773
vt 0.453423 0.383785
vt 0.708953 0.292139
vt 0.054154 0.621199
vt 0.054172 0.621265
vt 0.054147 0.621272
vt 0.074737 0.459604
vt 0.074764 0.459596
vt 0.074814 0.459657
vt 0.659687 0.127357
vt 0.659716 0.127407
vt 0.659689 0.127415
vt 0.659739 0.127357
vt 0.659741 0.127415
vt 0.453377 0.383760
vt 0.453432 0.383698
vt 0.453457 0.383706
vt 0.054120 0.621265
vt 0.054159 0.621115
vt 0.054178 0.621194
vt 0.074718 0.459515
vt 0.074746 0.459512
vt 0.074786 0.459588
vt 0.659684 0.127286
vt 0.659713 0.127351
vt 0.659736 0.127286
vt 0.453407 0.383690
vt 0.453452 0.383614
vt 0.453478 0.383618
vt 0.054127 0.621194
vt 0.054184 0.621111
vt 0.074769 0.459507
vt 0.659711 0.127281
vt 0.453426 0.383610
vt 0.054132 0.621111
vt 0.180276 0.620943
vt 0.180299 0.620852
vt 0.180300 0.620943
vt 0.014530 0.459410
vt 0.014565 0.459323
vt 0.014558 0.459410
vt 0.014588 0.459328
vt 0.014581 0.459410
vt 0.649759 0.259351
vt 0.649786 0.259269
vt 0.649786 0.259349
vt 0.649811 0.259351
vt 0.453453 0.362189
vt 0.453486 0.362272
vt 0.453459 0.362272
vt 0.453479 0.362185
vt 0.453511 0.362272
vt 0.180247 0.620852
vt 0.180248 0.620943
vt 0.180275 0.620851
vt 0.180296 0.620765
vt 0.014537 0.459319
vt 0.014585 0.459242
vt 0.014607 0.459250
vt 0.649760 0.259268
vt 0.649788 0.259191
vt 0.649812 0.259269
vt 0.453433 0.362112
vt 0.453458 0.362104
vt 0.453504 0.362181
vt 0.180244 0.620765
vt 0.180271 0.620762
vt 0.180290 0.620687
vt 0.014559 0.459233
vt 0.014618 0.459170
vt 0.014638 0.459183
vt 0.649761 0.259189
vt 0.649790 0.259122
vt 0.649813 0.259189
vt 0.453402 0.362045
vt 0.453425 0.362032
vt 0.453482 0.362095
vt 0.180239 0.620688
vt 0.180266 0.620682
vt 0.180283 0.620623
vt 0.014594 0.459156
vt 0.014662 0.459112
vt 0.014677 0.459130
vt 0.649763 0.259118
vt 0.649793 0.259066
vt 0.649815 0.259118
vt 0.453361 0.361992
vt 0.453381 0.361974
vt 0.453447 0.362018
vt 0.180232 0.620624
vt 0.708978 0.083752
vt 0.709005 0.083689
vt 0.709005 0.083743
vt 0.014641 0.459093
vt 0.014713 0.459071
vt 0.014723 0.459094
vt 0.649766 0.259060
vt 0.649796 0.259026
vt 0.738313 0.455892
vt 0.738288 0.455843
vt 0.738314 0.455851
vt 0.453315 0.361956
vt 0.453328 0.361933
vt 0.453399 0.361955
vt 0.708952 0.083689
vt 0.708952 0.083743
vt 0.708979 0.083695
vt 0.709005 0.083626
vt 0.014698 0.459048
vt 0.014768 0.459050
vt 0.014771 0.459076
vt 0.738339 0.455886
vt 0.738313 0.455937
vt 0.738287 0.455886
vt 0.453266 0.361938
vt 0.453271 0.361912
vt 0.453341 0.361910
vt 0.708953 0.083626
vt 0.708979 0.083557
vt 0.708979 0.083629
vt 0.014828 0.459024
vt 0.014762 0.459024
vt 0.014826 0.459050
vt 0.738339 0.455983
vt 0.738339 0.455934
vt 0.738287 0.455983
vt 0.738287 0.455934
vt 0.453212 0.361912
vt 0.453207 0.361886
vt 0.453275 0.361886
vt 0.708979 0.083486
vt 0.709005 0.083558
vt 0.014892 0.459048
vt 0.014882 0.459071
vt 0.014819 0.459076
vt 0.738339 0.456034
vt 0.738313 0.455982
vt 0.738287 0.456034
vt 0.453216 0.361938
vt 0.453155 0.361933
vt 0.453142 0.361910
vt 0.708953 0.083558
vt 0.708978 0.083422
vt 0.709005 0.083491
vt 0.014949 0.459093
vt 0.014933 0.459112
vt 0.014867 0.459094
vt 0.738339 0.456083
vt 0.738313 0.456029
vt 0.738287 0.456083
vt 0.453167 0.361956
vt 0.453103 0.361974
vt 0.453084 0.361955
vt 0.708952 0.083491
vt 0.610272 0.424326
vt 0.610242 0.424278
vt 0.610268 0.424269
vt 0.014995 0.459156
vt 0.014976 0.459170
vt 0.014912 0.459130
vt 0.659743 0.076238
vt 0.659724 0.076193
vt 0.659749 0.076186
vt 0.659691 0.076238
vt 0.659697 0.076186
vt 0.453121 0.361992
vt 0.453059 0.362032
vt 0.453036 0.362018
vt 0.610294 0.424278
vt 0.610275 0.424399
vt 0.610246 0.424333
vt 0.015030 0.459233
vt 0.015008 0.459242
vt 0.014951 0.459183
vt 0.659738 0.076304
vt 0.659719 0.076243
vt 0.659687 0.076304
vt 0.453081 0.362045
vt 0.453025 0.362104
vt 0.453000 0.362095
vt 0.610298 0.424333
vt 0.610277 0.424483
vt 0.610248 0.424404
vt 0.015051 0.459319
vt 0.015028 0.459323
vt 0.014982 0.459250
vt 0.659735 0.076381
vt 0.659714 0.076308
vt 0.659684 0.076381
vt 0.453049 0.362112
vt 0.453004 0.362185
vt 0.452978 0.362181
vt 0.610300 0.424404
vt 0.610278 0.424574
vt 0.610250 0.424486
vt 0.015058 0.459410
vt 0.015035 0.459410
vt 0.015001 0.459328
vt 0.659734 0.076463
vt 0.659711 0.076383
vt 0.659683 0.076463
vt 0.453029 0.362189
vt 0.452997 0.362272
vt 0.452970 0.362272
vt 0.610302 0.424487
vt 0.610252 0.424667
vt 0.610252 0.424575
vt 0.015028 0.459497
vt 0.015001 0.459493
vt 0.015007 0.459410
vt 0.659711 0.076544
vt 0.659710 0.076463
vt 0.453029 0.362354
vt 0.453023 0.362272
vt 0.453004 0.362359
vt 0.610304 0.424667
vt 0.610304 0.424576
vt 0.610278 0.424667
vt 0.610251 0.424755
vt 0.015051 0.459501
vt 0.015007 0.459579
vt 0.014981 0.459570
vt 0.659735 0.076546
vt 0.659714 0.076620
vt 0.659684 0.076546
vt 0.453049 0.362432
vt 0.453025 0.362441
vt 0.452978 0.362363
vt 0.610303 0.424755
vt 0.610277 0.424757
vt 0.610249 0.424836
vt 0.015029 0.459587
vt 0.014975 0.459651
vt 0.014950 0.459637
vt 0.659738 0.076623
vt 0.659719 0.076686
vt 0.659687 0.076624
vt 0.453080 0.362499
vt 0.453058 0.362512
vt 0.453000 0.362449
vt 0.610301 0.424836
vt 0.610275 0.424840
vt 0.610246 0.424905
vt 0.014994 0.459664
vt 0.014931 0.459709
vt 0.014911 0.459690
vt 0.659743 0.076692
vt 0.659724 0.076739
vt 0.659691 0.076692
vt 0.453120 0.362552
vt 0.453102 0.362570
vt 0.453035 0.362526
vt 0.610298 0.424905
vt 0.610272 0.424911
vt 0.610242 0.424958
vt 0.014947 0.459727
vt 0.014880 0.459749
vt 0.014865 0.459726
vt 0.738339 0.465688
vt 0.738313 0.465737
vt 0.738313 0.465696
vt 0.738287 0.465688
vt 0.453167 0.362588
vt 0.453154 0.362611
vt 0.453083 0.362588
vt 0.708953 0.063915
vt 0.708979 0.063978
vt 0.708952 0.063969
vt 0.708979 0.063921
vt 0.709005 0.063852
vt 0.709005 0.063915
vt 0.014890 0.459772
vt 0.014824 0.459770
vt 0.014818 0.459744
vt 0.738339 0.465731
vt 0.738313 0.465781
vt 0.738287 0.465731
vt 0.453216 0.362606
vt 0.453211 0.362632
vt 0.453141 0.362633
vt 0.708953 0.063852
vt 0.708979 0.063783
vt 0.708979 0.063855
vt 0.014760 0.459796
vt 0.014826 0.459796
vt 0.014767 0.459770
vt 0.738339 0.465828
vt 0.738339 0.465779
vt 0.738287 0.465828
vt 0.738287 0.465779
vt 0.453270 0.362632
vt 0.453275 0.362657
vt 0.453206 0.362657
vt 0.708979 0.063712
vt 0.709005 0.063784
vt 0.014696 0.459772
vt 0.014711 0.459749
vt 0.014769 0.459744
vt 0.738339 0.465879
vt 0.738313 0.465827
vt 0.738287 0.465879
vt 0.453265 0.362606
vt 0.453328 0.362611
vt 0.453340 0.362633
vt 0.708953 0.063784
vt 0.708979 0.063648
vt 0.709005 0.063717
vt 0.014640 0.459727
vt 0.014660 0.459709
vt 0.014721 0.459726
vt 0.738339 0.465928
vt 0.738313 0.465874
vt 0.738287 0.465928
vt 0.453314 0.362588
vt 0.453380 0.362570
vt 0.453398 0.362588
vt 0.708953 0.063717
vt 0.180266 0.621201
vt 0.180283 0.621256
vt 0.180258 0.621264
vt 0.014593 0.459664
vt 0.014617 0.459651
vt 0.014676 0.459690
vt 0.649763 0.259568
vt 0.649793 0.259606
vt 0.649766 0.259615
vt 0.649815 0.259568
vt 0.649818 0.259615
vt 0.453361 0.362552
vt 0.453424 0.362512
vt 0.453446 0.362526
vt 0.180232 0.621257
vt 0.180271 0.621123
vt 0.180290 0.621195
vt 0.014558 0.459587
vt 0.014585 0.459579
vt 0.014637 0.459637
vt 0.649761 0.259505
vt 0.649790 0.259561
vt 0.649813 0.259506
vt 0.453401 0.362499
vt 0.453458 0.362441
vt 0.453482 0.362449
vt 0.180239 0.621195
vt 0.180275 0.621036
vt 0.180296 0.621119
vt 0.014537 0.459501
vt 0.014564 0.459497
vt 0.014606 0.459570
vt 0.649760 0.259431
vt 0.649788 0.259501
vt 0.649812 0.259432
vt 0.453433 0.362432
vt 0.453479 0.362359
vt 0.453504 0.362363
vt 0.180244 0.621120
vt 0.180299 0.621034
vt 0.014587 0.459493
vt 0.649786 0.259428
vt 0.453452 0.362354
vt 0.180247 0.621034
vt 0.639915 0.465131
vt 0.639938 0.465046
vt 0.639939 0.465133
vt 0.452970 0.436864
vt 0.453005 0.436780
vt 0.452998 0.436864
vt 0.453028 0.436785
vt 0.453021 0.436864
vt 0.043372 0.661907
vt 0.043399 0.661830
vt 0.043399 0.661907
vt 0.043424 0.661907
vt 0.453479 0.340970
vt 0.453513 0.341049
vt 0.453486 0.341049
vt 0.453505 0.340966
vt 0.453538 0.341049
vt 0.639886 0.465045
vt 0.639888 0.465132
vt 0.639914 0.465042
vt 0.639934 0.464966
vt 0.452978 0.436775
vt 0.453026 0.436701
vt 0.453048 0.436710
vt 0.043372 0.661828
vt 0.043401 0.661758
vt 0.043424 0.661828
vt 0.453459 0.340896
vt 0.453483 0.340887
vt 0.453531 0.340961
vt 0.639883 0.464965
vt 0.639910 0.464960
vt 0.639929 0.464897
vt 0.453000 0.436692
vt 0.453060 0.436631
vt 0.453079 0.436646
vt 0.043374 0.661754
vt 0.043403 0.661696
vt 0.043426 0.661754
vt 0.453426 0.340831
vt 0.453448 0.340817
vt 0.453507 0.340877
vt 0.639877 0.464896
vt 0.689341 0.194093
vt 0.689367 0.194029
vt 0.689367 0.194085
vt 0.453037 0.436617
vt 0.453105 0.436575
vt 0.453121 0.436594
vt 0.043376 0.661690
vt 0.043406 0.661648
vt 0.043428 0.661690
vt 0.453383 0.340780
vt 0.453402 0.340761
vt 0.453470 0.340802
vt 0.639870 0.464842
vt 0.639904 0.464890
vt 0.689341 0.194036
vt 0.689367 0.193965
vt 0.453086 0.436556
vt 0.453159 0.436536
vt 0.453168 0.436559
vt 0.728577 0.515464
vt 0.728551 0.515520
vt 0.728551 0.515471
vt 0.728525 0.515464
vt 0.453334 0.340744
vt 0.453347 0.340722
vt 0.453419 0.340742
vt 0.689315 0.193965
vt 0.689315 0.194029
vt 0.689341 0.193969
vt 0.689367 0.193895
vt 0.453145 0.436513
vt 0.453218 0.436516
vt 0.453220 0.436542
vt 0.728577 0.515516
vt 0.728551 0.515571
vt 0.728525 0.515516
vt 0.453282 0.340727
vt 0.453286 0.340701
vt 0.453358 0.340698
vt 0.689315 0.193895
vt 0.689341 0.193822
vt 0.689341 0.193896
vt 0.453211 0.436490
vt 0.453278 0.436516
vt 0.728577 0.515623
vt 0.728577 0.515570
vt 0.728524 0.515623
vt 0.728524 0.515570
vt 0.453224 0.340701
vt 0.453290 0.340675
vt 0.689341 0.193753
vt 0.689367 0.193825
vt 0.453347 0.436513
vt 0.453280 0.436490
vt 0.453338 0.436536
vt 0.453272 0.436542
vt 0.728577 0.515674
vt 0.728551 0.515621
vt 0.728525 0.515674
vt 0.453228 0.340727
vt 0.453164 0.340722
vt 0.453151 0.340698
vt 0.453220 0.340675
vt 0.689315 0.193825
vt 0.689341 0.193694
vt 0.689367 0.193759
vt 0.453406 0.436556
vt 0.453391 0.436575
vt 0.453324 0.436559
vt 0.728577 0.515720
vt 0.728551 0.515669
vt 0.728525 0.515720
vt 0.453175 0.340744
vt 0.453109 0.340761
vt 0.453090 0.340742
vt 0.689315 0.193759
vt 0.639900 0.505865
vt 0.639870 0.505809
vt 0.639896 0.505801
vt 0.453456 0.436617
vt 0.453437 0.436631
vt 0.453372 0.436594
vt 0.053094 0.661696
vt 0.053075 0.661647
vt 0.053099 0.661640
vt 0.053042 0.661696
vt 0.053048 0.661640
vt 0.453126 0.340780
vt 0.453062 0.340817
vt 0.453040 0.340802
vt 0.639922 0.505809
vt 0.639902 0.505942
vt 0.639873 0.505871
vt 0.453493 0.436692
vt 0.453472 0.436701
vt 0.453414 0.436646
vt 0.053090 0.661765
vt 0.053069 0.661701
vt 0.053038 0.661765
vt 0.453083 0.340831
vt 0.453027 0.340887
vt 0.453002 0.340877
vt 0.639925 0.505871
vt 0.639904 0.506028
vt 0.639876 0.505946
vt 0.453517 0.436775
vt 0.453494 0.436780
vt 0.453446 0.436710
vt 0.053088 0.661841
vt 0.053066 0.661767
vt 0.053036 0.661841
vt 0.453051 0.340896
vt 0.453005 0.340966
vt 0.452979 0.340961
vt 0.639928 0.505946
vt 0.639905 0.506119
vt 0.639877 0.506030
vt 0.453525 0.436864
vt 0.453502 0.436864
vt 0.453467 0.436785
vt 0.053088 0.661921
vt 0.053063 0.661842
vt 0.053036 0.661920
vt 0.453030 0.340970
vt 0.452997 0.341049
vt 0.452971 0.341049
vt 0.639929 0.506030
vt 0.639877 0.506207
vt 0.639878 0.506119
vt 0.453495 0.436947
vt 0.453468 0.436943
vt 0.453474 0.436864
vt 0.053065 0.661995
vt 0.053063 0.661919
vt 0.453030 0.341128
vt 0.453023 0.341049
vt 0.453004 0.341133
vt 0.639929 0.506207
vt 0.639930 0.506119
vt 0.639904 0.506209
vt 0.639876 0.506290
vt 0.453518 0.436952
vt 0.453474 0.437026
vt 0.453448 0.437017
vt 0.053090 0.661998
vt 0.053069 0.662064
vt 0.053038 0.661998
vt 0.453050 0.341202
vt 0.453026 0.341212
vt 0.452978 0.341138
vt 0.639928 0.506290
vt 0.639902 0.506295
vt 0.639873 0.506364
vt 0.453495 0.437036
vt 0.453440 0.437096
vt 0.453416 0.437082
vt 0.053094 0.662069
vt 0.053075 0.662122
vt 0.053042 0.662069
vt 0.453083 0.341267
vt 0.453061 0.341282
vt 0.453002 0.341221
vt 0.639925 0.506364
vt 0.639900 0.506370
vt 0.639870 0.506424
vt 0.453459 0.437110
vt 0.453395 0.437152
vt 0.453375 0.437133
vt 0.373953 0.712071
vt 0.373927 0.712124
vt 0.373927 0.712079
vt 0.053082 0.662165
vt 0.053048 0.662129
vt 0.453125 0.341318
vt 0.453108 0.341338
vt 0.453039 0.341296
vt 0.639922 0.506424
vt 0.208959 0.702420
vt 0.208985 0.702349
vt 0.208985 0.702413
vt 0.453410 0.437171
vt 0.453341 0.437191
vt 0.453327 0.437168
vt 0.373953 0.712117
vt 0.373927 0.712173
vt 0.373901 0.712117
vt 0.453175 0.341354
vt 0.453163 0.341377
vt 0.453090 0.341356
vt 0.208933 0.702349
vt 0.208933 0.702413
vt 0.208959 0.702353
vt 0.208985 0.702279
vt 0.453351 0.437215
vt 0.453282 0.437211
vt 0.453276 0.437186
vt 0.373953 0.712169
vt 0.373927 0.712224
vt 0.373901 0.712169
vt 0.453227 0.341371
vt 0.453223 0.341397
vt 0.453151 0.341400
vt 0.208933 0.702279
vt 0.208959 0.702280
vt 0.208985 0.702209
vt 0.453284 0.437237
vt 0.453222 0.437211
vt 0.453223 0.437186
vt 0.373953 0.712223
vt 0.373927 0.712274
vt 0.373901 0.712223
vt 0.453281 0.341371
vt 0.453285 0.341397
vt 0.453219 0.341423
vt 0.208933 0.702209
vt 0.208959 0.702137
vt 0.208959 0.702206
vt 0.453149 0.437215
vt 0.453215 0.437237
vt 0.453163 0.437191
vt 0.373953 0.712328
vt 0.373953 0.712277
vt 0.373901 0.712328
vt 0.373901 0.712277
vt 0.453346 0.341377
vt 0.453357 0.341400
vt 0.453289 0.341423
vt 0.208959 0.702078
vt 0.208985 0.702143
vt 0.453089 0.437171
vt 0.453109 0.437152
vt 0.453172 0.437168
vt 0.373953 0.712374
vt 0.373927 0.712322
vt 0.373901 0.712374
vt 0.453334 0.341354
vt 0.453401 0.341338
vt 0.453418 0.341356
vt 0.208933 0.702143
vt 0.639904 0.465391
vt 0.639921 0.465453
vt 0.639896 0.465460
vt 0.453039 0.437110
vt 0.453063 0.437096
vt 0.453124 0.437133
vt 0.043376 0.662126
vt 0.043406 0.662171
vt 0.043379 0.662179
vt 0.043428 0.662126
vt 0.043431 0.662179
vt 0.453383 0.341318
vt 0.453448 0.341282
vt 0.453469 0.341296
vt 0.639870 0.465452
vt 0.639910 0.465310
vt 0.639929 0.465386
vt 0.453002 0.437036
vt 0.453028 0.437026
vt 0.453082 0.437082
vt 0.043374 0.662061
vt 0.043403 0.662121
vt 0.043426 0.662061
vt 0.453425 0.341267
vt 0.453483 0.341212
vt 0.453507 0.341221
vt 0.639877 0.465385
vt 0.639914 0.465222
vt 0.639934 0.465308
vt 0.452979 0.436952
vt 0.453006 0.436947
vt 0.453049 0.437017
vt 0.043372 0.661986
vt 0.043401 0.662057
vt 0.043424 0.661986
vt 0.453458 0.341202
vt 0.453505 0.341133
vt 0.453530 0.341138
vt 0.639883 0.465307
vt 0.639938 0.465222
vt 0.453029 0.436943
vt 0.043399 0.661984
vt 0.453479 0.341128
vt 0.639886 0.465221
vt 0.605158 0.641411
vt 0.605178 0.641334
vt 0.605182 0.641414
vt 0.452971 0.404801
vt 0.453005 0.404719
vt 0.452998 0.404800
vt 0.453028 0.404725
vt 0.453021 0.404801
vt 0.489243 0.661834
vt 0.489271 0.661765
vt 0.489270 0.661836
vt 0.489295 0.661834
vt 0.453477 0.330572
vt 0.453532 0.330635
vt 0.453507 0.330642
vt 0.453501 0.330560
vt 0.453556 0.330627
vt 0.605127 0.641333
vt 0.605130 0.641413
vt 0.605154 0.641329
vt 0.605172 0.641263
vt 0.452978 0.404715
vt 0.453027 0.404643
vt 0.453048 0.404654
vt 0.489244 0.661761
vt 0.489273 0.661701
vt 0.489296 0.661760
vt 0.453436 0.330510
vt 0.453456 0.330494
vt 0.453523 0.330547
vt 0.605121 0.641263
vt 0.669617 0.615758
vt 0.669643 0.615693
vt 0.669643 0.615749
vt 0.453001 0.404633
vt 0.453062 0.404576
vt 0.453081 0.404591
vt 0.489246 0.661695
vt 0.489276 0.661648
vt 0.489298 0.661694
vt 0.453385 0.330460
vt 0.453401 0.330440
vt 0.453476 0.330477
vt 0.605113 0.641205
vt 0.605148 0.641256
vt 0.669617 0.615700
vt 0.669643 0.615627
vt 0.453039 0.404561
vt 0.453109 0.404522
vt 0.453124 0.404542
vt 0.004855 0.721989
vt 0.004829 0.722049
vt 0.004829 0.721996
vt 0.004803 0.721989
vt 0.453328 0.330426
vt 0.453339 0.330403
vt 0.453417 0.330419
vt 0.669591 0.615627
vt 0.669591 0.615693
vt 0.669617 0.615632
vt 0.669643 0.615555
vt 0.453090 0.404503
vt 0.453165 0.404484
vt 0.453174 0.404508
vt 0.004855 0.722044
vt 0.004829 0.722105
vt 0.004803 0.722044
vt 0.453268 0.330409
vt 0.453272 0.330383
vt 0.453349 0.330379
vt 0.669591 0.615555
vt 0.669617 0.615557
vt 0.669643 0.615481
vt 0.453152 0.404461
vt 0.453227 0.404464
vt 0.453229 0.404491
vt 0.004855 0.722103
vt 0.004829 0.722161
vt 0.004802 0.722103
vt 0.453209 0.330409
vt 0.453206 0.330383
vt 0.453276 0.330357
vt 0.669591 0.615481
vt 0.669617 0.615480
vt 0.669643 0.615410
vt 0.453221 0.404439
vt 0.453291 0.404464
vt 0.453285 0.404491
vt 0.004855 0.722162
vt 0.004829 0.722214
vt 0.004802 0.722162
vt 0.453154 0.330426
vt 0.453143 0.330402
vt 0.453202 0.330357
vt 0.669591 0.615410
vt 0.669617 0.615340
vt 0.669617 0.615406
vt 0.453362 0.404461
vt 0.453292 0.404439
vt 0.453354 0.404484
vt 0.004855 0.722268
vt 0.004855 0.722218
vt 0.004803 0.722268
vt 0.004803 0.722218
vt 0.453088 0.330440
vt 0.453070 0.330420
vt 0.453132 0.330379
vt 0.649790 0.148086
vt 0.649759 0.148040
vt 0.649786 0.148031
vt 0.453425 0.404503
vt 0.453411 0.404522
vt 0.453341 0.404508
vt 0.392141 0.661687
vt 0.392123 0.661648
vt 0.392147 0.661640
vt 0.392090 0.661687
vt 0.392096 0.661640
vt 0.453105 0.330459
vt 0.453044 0.330493
vt 0.453022 0.330478
vt 0.669591 0.615346
vt 0.669617 0.615286
vt 0.649792 0.148156
vt 0.649763 0.148093
vt 0.453478 0.404561
vt 0.453459 0.404576
vt 0.453392 0.404542
vt 0.392137 0.661748
vt 0.392117 0.661693
vt 0.392085 0.661748
vt 0.453066 0.330506
vt 0.453013 0.330559
vt 0.452988 0.330550
vt 0.649815 0.148093
vt 0.649794 0.148236
vt 0.649766 0.148160
vt 0.453518 0.404633
vt 0.453497 0.404643
vt 0.453436 0.404591
vt 0.392135 0.661817
vt 0.392113 0.661751
vt 0.392083 0.661817
vt 0.453037 0.330567
vt 0.452997 0.330634
vt 0.452971 0.330631
vt 0.649818 0.148160
vt 0.649795 0.148323
vt 0.649768 0.148238
vt 0.453543 0.404715
vt 0.453520 0.404719
vt 0.453471 0.404654
vt 0.392135 0.661892
vt 0.392111 0.661818
vt 0.392083 0.661892
vt 0.453022 0.330636
vt 0.452997 0.330714
vt 0.452971 0.330716
vt 0.649819 0.148239
vt 0.649794 0.148411
vt 0.649768 0.148323
vt 0.453552 0.404801
vt 0.453529 0.404800
vt 0.453493 0.404725
vt 0.392137 0.661967
vt 0.392110 0.661891
vt 0.392085 0.661967
vt 0.453022 0.330711
vt 0.453013 0.330793
vt 0.452988 0.330801
vt 0.649820 0.148323
vt 0.649766 0.148492
vt 0.649767 0.148409
vt 0.453522 0.404881
vt 0.453495 0.404876
vt 0.453501 0.404801
vt 0.392117 0.662032
vt 0.392113 0.661964
vt 0.453067 0.330856
vt 0.453037 0.330785
vt 0.453044 0.330869
vt 0.649818 0.148492
vt 0.649819 0.148409
vt 0.649792 0.148496
vt 0.649763 0.148568
vt 0.453545 0.404886
vt 0.453501 0.404957
vt 0.453475 0.404948
vt 0.392141 0.662037
vt 0.392123 0.662092
vt 0.392090 0.662037
vt 0.453108 0.330918
vt 0.453088 0.330935
vt 0.453021 0.330881
vt 0.649815 0.148568
vt 0.649790 0.148574
vt 0.649759 0.148631
vt 0.453522 0.404968
vt 0.453465 0.405024
vt 0.453442 0.405010
vt 0.335728 0.692044
vt 0.335702 0.692099
vt 0.335702 0.692052
vt 0.392130 0.662140
vt 0.392096 0.662099
vt 0.453159 0.330967
vt 0.453143 0.330988
vt 0.453068 0.330951
vt 0.649811 0.148631
vt 0.699166 0.183246
vt 0.699193 0.183173
vt 0.699193 0.183239
vt 0.453484 0.405040
vt 0.453418 0.405078
vt 0.453399 0.405059
vt 0.335728 0.692092
vt 0.335702 0.692152
vt 0.335676 0.692092
vt 0.453216 0.331001
vt 0.453206 0.331026
vt 0.453127 0.331008
vt 0.699141 0.183173
vt 0.699140 0.183239
vt 0.699167 0.183178
vt 0.699193 0.183101
vt 0.453433 0.405098
vt 0.453362 0.405116
vt 0.453348 0.405093
vt 0.335728 0.692147
vt 0.335702 0.692208
vt 0.335676 0.692147
vt 0.453276 0.331019
vt 0.453272 0.331045
vt 0.453195 0.331049
vt 0.699141 0.183101
vt 0.699167 0.183103
vt 0.699193 0.183027
vt 0.453371 0.405140
vt 0.453300 0.405135
vt 0.453294 0.405110
vt 0.335728 0.692206
vt 0.335702 0.692264
vt 0.335676 0.692206
vt 0.453335 0.331019
vt 0.453339 0.331045
vt 0.453268 0.331070
vt 0.699141 0.183027
vt 0.699167 0.182952
vt 0.699167 0.183026
vt 0.453230 0.405162
vt 0.453302 0.405162
vt 0.453236 0.405135
vt 0.335728 0.692265
vt 0.335702 0.692317
vt 0.335676 0.692265
vt 0.453401 0.331026
vt 0.453412 0.331049
vt 0.453342 0.331071
vt 0.699141 0.182956
vt 0.699166 0.182886
vt 0.699193 0.182956
vt 0.453161 0.405140
vt 0.453174 0.405116
vt 0.453237 0.405110
vt 0.335728 0.692371
vt 0.335728 0.692321
vt 0.335676 0.692371
vt 0.335676 0.692321
vt 0.453390 0.331002
vt 0.453456 0.330989
vt 0.453474 0.331008
vt 0.605148 0.641742
vt 0.605164 0.641795
vt 0.605139 0.641802
vt 0.453098 0.405098
vt 0.453117 0.405078
vt 0.453182 0.405093
vt 0.489249 0.662109
vt 0.489279 0.662143
vt 0.489253 0.662152
vt 0.335702 0.692364
vt 0.335676 0.692414
vt 0.453439 0.330969
vt 0.453501 0.330936
vt 0.453522 0.330949
vt 0.605113 0.641794
vt 0.605154 0.641668
vt 0.605172 0.641736
vt 0.453045 0.405040
vt 0.453068 0.405024
vt 0.453131 0.405059
vt 0.489246 0.662052
vt 0.489276 0.662102
vt 0.489298 0.662051
vt 0.489301 0.662108
vt 0.453478 0.330921
vt 0.453532 0.330870
vt 0.453556 0.330877
vt 0.605121 0.641735
vt 0.605158 0.641585
vt 0.605178 0.641665
vt 0.453005 0.404968
vt 0.453031 0.404957
vt 0.453086 0.405010
vt 0.489244 0.661984
vt 0.489273 0.662047
vt 0.489296 0.661984
vt 0.453507 0.330861
vt 0.453548 0.330794
vt 0.453573 0.330797
vt 0.605127 0.641664
vt 0.605159 0.641497
vt 0.605182 0.641584
vt 0.452980 0.404886
vt 0.453007 0.404881
vt 0.453052 0.404947
vt 0.489243 0.661910
vt 0.489271 0.661982
vt 0.489295 0.661910
vt 0.453522 0.330791
vt 0.453548 0.330715
vt 0.453573 0.330712
vt 0.605131 0.641583
vt 0.605183 0.641499
vt 0.453030 0.404876
vt 0.489270 0.661910
vt 0.453522 0.330717
vt 0.605132 0.641498
vt 0.558099 0.771223
vt 0.558068 0.771405
vt 0.558068 0.771215
vt 0.806482 0.112139
vt 0.806445 0.112339
vt 0.806445 0.112139
vt 0.806484 0.161035
vt 0.806445 0.161232
vt 0.806445 0.161036
vt 0.692999 0.800728
vt 0.693039 0.800928
vt 0.692999 0.800928
vt 0.558034 0.771221
vt 0.558034 0.771412
vt 0.913176 0.217710
vt 0.913153 0.217742
vt 0.913116 0.217728
vt 0.913177 0.227358
vt 0.913177 0.227396
vt 0.913139 0.227409
vt 0.412545 0.771215
vt 0.412575 0.771417
vt 0.412545 0.771417
vt 0.693257 0.830162
vt 0.693291 0.830317
vt 0.693257 0.830328
vt 0.806482 0.034095
vt 0.806445 0.034296
vt 0.806445 0.034096
vt 0.731231 0.859414
vt 0.731268 0.859559
vt 0.731231 0.859565
vt 0.412514 0.771215
vt 0.412514 0.771417
vt 0.592985 0.917891
vt 0.592985 0.917944
vt 0.592952 0.917942
vt 0.573711 0.917913
vt 0.573702 0.917950
vt 0.573672 0.917950
vt 0.718783 0.399053
vt 0.718814 0.399320
vt 0.718783 0.399322
vt 0.728562 0.564640
vt 0.728524 0.564911
vt 0.728524 0.564641
vt 0.169520 0.731904
vt 0.169480 0.732167
vt 0.169480 0.731902
vt 0.728524 0.495794
vt 0.728564 0.496064
vt 0.728524 0.496064
vt 0.718749 0.399320
vt 0.718749 0.399051
vt 0.901521 0.908199
vt 0.901498 0.908230
vt 0.901460 0.908218
vt 0.913116 0.004834
vt 0.913139 0.004802
vt 0.913177 0.004815
vt 0.728559 0.682882
vt 0.728585 0.683128
vt 0.728559 0.683125
vt 0.121342 0.771215
vt 0.121307 0.771445
vt 0.121307 0.771221
vt 0.733442 0.741793
vt 0.733404 0.742037
vt 0.733404 0.741793
vt 0.285170 0.790893
vt 0.285132 0.791109
vt 0.285132 0.790896
vt 0.728524 0.682884
vt 0.728524 0.683127
vt 0.024077 0.917950
vt 0.024066 0.917913
vt 0.024094 0.917891
vt 0.033761 0.917891
vt 0.033783 0.917917
vt 0.033761 0.917948
vt 0.357667 0.346252
vt 0.357912 0.346296
vt 0.357669 0.346271
vt 0.189905 0.620855
vt 0.189927 0.620623
vt 0.189924 0.620856
vt 0.088430 0.365704
vt 0.088531 0.365924
vt 0.088511 0.365928
vt 0.261347 0.578933
vt 0.261378 0.579173
vt 0.261356 0.579173
vt 0.357916 0.346277
vt 0.358131 0.346402
vt 0.358119 0.346416
vt 0.357906 0.346312
vt 0.088279 0.365521
vt 0.088448 0.365694
vt 0.261320 0.578722
vt 0.261369 0.578926
vt 0.358141 0.346386
vt 0.358300 0.346577
vt 0.358284 0.346586
vt 0.088074 0.365400
vt 0.088293 0.365506
vt 0.088083 0.365381
vt 0.088302 0.365493
vt 0.358416 0.346794
vt 0.358314 0.346566
vt 0.358399 0.346800
vt 0.087845 0.365337
vt 0.610279 0.455247
vt 0.610260 0.455473
vt 0.610260 0.455238
vt 0.610260 0.455724
vt 0.610242 0.455477
vt 0.358416 0.347043
vt 0.358380 0.346803
vt 0.087610 0.365395
vt 0.087842 0.365356
vt 0.610279 0.455721
vt 0.610279 0.455477
vt 0.610242 0.455951
vt 0.610242 0.455721
vt 0.358331 0.347268
vt 0.358396 0.347040
vt 0.087406 0.365512
vt 0.087606 0.365376
vt 0.087397 0.365496
vt 0.087598 0.365360
vt 0.358216 0.347487
vt 0.358348 0.347278
vt 0.358364 0.347284
vt 0.358205 0.347475
vt 0.087241 0.365681
vt 0.087223 0.365673
vt 0.087383 0.365483
vt 0.620241 0.473176
vt 0.620219 0.472966
vt 0.620238 0.472955
vt 0.358002 0.347612
vt 0.358191 0.347461
vt 0.580170 0.015077
vt 0.580122 0.015278
vt 0.580149 0.015065
vt 0.087138 0.365907
vt 0.620241 0.473424
vt 0.620222 0.473182
vt 0.357766 0.347672
vt 0.357994 0.347594
vt 0.580144 0.015284
vt 0.580113 0.015519
vt 0.087159 0.365909
vt 0.087138 0.366157
vt 0.620219 0.473663
vt 0.620222 0.473424
vt 0.357527 0.347628
vt 0.357763 0.347652
vt 0.580144 0.015752
vt 0.580135 0.015518
vt 0.087241 0.366383
vt 0.087159 0.366153
vt 0.357517 0.347664
vt 0.357304 0.347541
vt 0.357523 0.347647
vt 0.357314 0.347525
vt 0.580170 0.015958
vt 0.580122 0.015759
vt 0.087397 0.366571
vt 0.087223 0.366393
vt 0.357292 0.347554
vt 0.357135 0.347366
vt 0.357149 0.347354
vt 0.087610 0.366679
vt 0.087406 0.366558
vt 0.087606 0.366695
vt 0.087383 0.366586
vt 0.357017 0.347147
vt 0.357118 0.347375
vt 0.357036 0.347143
vt 0.620237 0.279873
vt 0.620256 0.279653
vt 0.620256 0.279883
vt 0.087842 0.366760
vt 0.087598 0.366714
vt 0.357000 0.346897
vt 0.620219 0.279409
vt 0.620237 0.279650
vt 0.620219 0.279653
vt 0.620237 0.279412
vt 0.088083 0.366700
vt 0.087845 0.366740
vt 0.357087 0.346665
vt 0.357019 0.346900
vt 0.620237 0.279188
vt 0.088279 0.366568
vt 0.088074 0.366684
vt 0.088293 0.366581
vt 0.088087 0.366719
vt 0.357216 0.346453
vt 0.357069 0.346656
vt 0.357230 0.346468
vt 0.357102 0.346672
vt 0.088448 0.366396
vt 0.088462 0.366406
vt 0.088302 0.366596
vt 0.357424 0.346313
vt 0.189905 0.621097
vt 0.189927 0.621301
vt 0.189908 0.621313
vt 0.088430 0.366388
vt 0.088531 0.366167
vt 0.261320 0.579627
vt 0.261369 0.579420
vt 0.261341 0.579638
vt 0.357433 0.346331
vt 0.189924 0.621092
vt 0.088511 0.366165
vt 0.261347 0.579414
vt 0.884080 0.150977
vt 0.884098 0.150840
vt 0.884098 0.150978
vt 0.884098 0.170329
vt 0.884080 0.170463
vt 0.884080 0.170326
vt 0.874411 0.257276
vt 0.874428 0.257138
vt 0.874428 0.257276
vt 0.874394 0.257276
vt 0.874411 0.257138
vt 0.466912 0.985546
vt 0.466888 0.985570
vt 0.466888 0.985546
vt 0.447632 0.985570
vt 0.447655 0.985546
vt 0.447655 0.985569
vt 0.738535 0.879085
vt 0.738554 0.878947
vt 0.738554 0.879085
vt 0.884080 0.287198
vt 0.884098 0.287061
vt 0.884098 0.287199
vt 0.884080 0.131490
vt 0.884098 0.131351
vt 0.884098 0.131489
vt 0.574495 0.879085
vt 0.574515 0.878946
vt 0.574515 0.879085
vt 0.438003 0.985546
vt 0.438027 0.985570
vt 0.438003 0.985570
vt 0.409141 0.985570
vt 0.409118 0.985546
vt 0.409141 0.985546
vt 0.884080 0.180207
vt 0.884098 0.180073
vt 0.884098 0.180209
vt 0.884098 0.160584
vt 0.884080 0.160720
vt 0.884080 0.160583
vt 0.874411 0.266881
vt 0.874394 0.267020
vt 0.874394 0.266881
vt 0.874428 0.266881
vt 0.874411 0.267020
vt 0.457283 0.985569
vt 0.457260 0.985547
vt 0.457283 0.985546
vt 0.476541 0.985570
vt 0.476517 0.985546
vt 0.476541 0.985546
vt 0.884098 0.296804
vt 0.884080 0.296942
vt 0.884080 0.296804
vt 0.748178 0.878947
vt 0.748159 0.879085
vt 0.748159 0.878947
vt 0.564890 0.878947
vt 0.564870 0.879085
vt 0.564870 0.878947
vt 0.884098 0.141095
vt 0.884080 0.141234
vt 0.884080 0.141096
vt 0.418770 0.985546
vt 0.418746 0.985570
vt 0.418746 0.985546
vt 0.428375 0.985546
vt 0.428398 0.985570
vt 0.428375 0.985570
vt 0.509995 0.742053
vt 0.509971 0.741793
vt 0.509995 0.741800
vt 0.246655 0.731909
vt 0.246676 0.732181
vt 0.246655 0.732187
vt 0.227402 0.732184
vt 0.227426 0.731902
vt 0.227426 0.732178
vt 0.217777 0.732181
vt 0.217797 0.731909
vt 0.217797 0.732188
vt 0.951759 0.679561
vt 0.951734 0.679588
vt 0.951734 0.679559
vt 0.951756 0.727756
vt 0.951734 0.727730
vt 0.951756 0.727728
vt 0.718749 0.409223
vt 0.718768 0.408927
vt 0.718768 0.409220
vt 0.728524 0.604437
vt 0.728546 0.604150
vt 0.728546 0.604431
vt 0.237030 0.731909
vt 0.237051 0.732181
vt 0.237030 0.732187
vt 0.718789 0.409223
vt 0.718789 0.408930
vt 0.951760 0.689222
vt 0.951734 0.689194
vt 0.951760 0.689194
vt 0.951759 0.669925
vt 0.951734 0.669954
vt 0.951734 0.669926
vt 0.659710 0.187588
vt 0.659733 0.187505
vt 0.659733 0.187585
vt 0.145791 0.568293
vt 0.145822 0.568216
vt 0.145816 0.568293
vt 0.145843 0.568220
vt 0.145838 0.568293
vt 0.669592 0.244315
vt 0.669616 0.244242
vt 0.669617 0.244313
vt 0.669638 0.244316
vt 0.126064 0.568219
vt 0.126094 0.568292
vt 0.126070 0.568292
vt 0.126088 0.568215
vt 0.126117 0.568292
vt 0.659686 0.187506
vt 0.659686 0.187585
vt 0.659710 0.187507
vt 0.659733 0.187427
vt 0.145797 0.568212
vt 0.145839 0.568143
vt 0.145859 0.568151
vt 0.669591 0.244243
vt 0.669617 0.244173
vt 0.669637 0.244244
vt 0.126048 0.568150
vt 0.126071 0.568142
vt 0.126111 0.568212
vt 0.659686 0.187427
vt 0.659710 0.187427
vt 0.659733 0.187354
vt 0.145815 0.568136
vt 0.145865 0.568079
vt 0.145884 0.568091
vt 0.669592 0.244172
vt 0.669621 0.244110
vt 0.669638 0.244173
vt 0.126022 0.568090
vt 0.126043 0.568078
vt 0.126093 0.568136
vt 0.659685 0.187354
vt 0.659709 0.187352
vt 0.659732 0.187289
vt 0.145843 0.568068
vt 0.145901 0.568028
vt 0.145917 0.568044
vt 0.669596 0.244107
vt 0.669626 0.244059
vt 0.669642 0.244109
vt 0.125989 0.568043
vt 0.126007 0.568027
vt 0.126063 0.568068
vt 0.659684 0.187289
vt 0.659708 0.187285
vt 0.659730 0.187237
vt 0.145882 0.568012
vt 0.145943 0.567992
vt 0.145954 0.568012
vt 0.669601 0.244054
vt 0.669633 0.244021
vt 0.669648 0.244055
vt 0.125952 0.568012
vt 0.125964 0.567991
vt 0.126024 0.568012
vt 0.659683 0.187237
vt 0.033898 0.722272
vt 0.033922 0.722218
vt 0.033922 0.722265
vt 0.145929 0.567972
vt 0.145989 0.567973
vt 0.145992 0.567996
vt 0.796763 0.710225
vt 0.796740 0.710263
vt 0.796740 0.710232
vt 0.796716 0.710225
vt 0.125913 0.567996
vt 0.125918 0.567972
vt 0.125976 0.567971
vt 0.033875 0.722218
vt 0.033875 0.722265
vt 0.033898 0.722222
vt 0.033922 0.722162
vt 0.146039 0.567950
vt 0.145983 0.567950
vt 0.146036 0.567973
vt 0.796763 0.710259
vt 0.796740 0.710297
vt 0.796716 0.710259
vt 0.125870 0.567972
vt 0.125864 0.567950
vt 0.125922 0.567950
vt 0.033875 0.722162
vt 0.033898 0.722101
vt 0.033898 0.722162
vt 0.146093 0.567972
vt 0.146083 0.567992
vt 0.146030 0.567996
vt 0.796763 0.710338
vt 0.796763 0.710297
vt 0.796716 0.710338
vt 0.796716 0.710297
vt 0.125874 0.567996
vt 0.125823 0.567991
vt 0.125810 0.567971
vt 0.033898 0.722042
vt 0.033922 0.722104
vt 0.146141 0.568012
vt 0.146125 0.568028
vt 0.146069 0.568012
vt 0.796763 0.710382
vt 0.796740 0.710335
vt 0.796716 0.710382
vt 0.125835 0.568012
vt 0.125781 0.568027
vt 0.125762 0.568012
vt 0.033875 0.722104
vt 0.033898 0.721989
vt 0.033922 0.722048
vt 0.146179 0.568068
vt 0.146161 0.568079
vt 0.146106 0.568044
vt 0.796763 0.710426
vt 0.796740 0.710377
vt 0.796716 0.710426
vt 0.125798 0.568043
vt 0.125745 0.568078
vt 0.125724 0.568068
vt 0.033875 0.722048
vt 0.659716 0.004863
vt 0.659683 0.004809
vt 0.659708 0.004802
vt 0.146208 0.568136
vt 0.146188 0.568143
vt 0.146138 0.568091
vt 0.669640 0.455005
vt 0.669618 0.454962
vt 0.669641 0.454955
vt 0.669592 0.455006
vt 0.669594 0.454955
vt 0.125765 0.568090
vt 0.125718 0.568142
vt 0.125695 0.568136
vt 0.659729 0.004810
vt 0.659723 0.004934
vt 0.659691 0.004867
vt 0.146226 0.568212
vt 0.146205 0.568216
vt 0.146164 0.568151
vt 0.669639 0.455067
vt 0.669616 0.455011
vt 0.669591 0.455068
vt 0.125740 0.568150
vt 0.125701 0.568215
vt 0.125677 0.568212
vt 0.659738 0.004868
vt 0.659727 0.005012
vt 0.659698 0.004937
vt 0.146232 0.568293
vt 0.146211 0.568293
vt 0.146180 0.568220
vt 0.669638 0.455137
vt 0.669615 0.455072
vt 0.669591 0.455137
vt 0.125724 0.568219
vt 0.125696 0.568292
vt 0.125671 0.568292
vt 0.659744 0.004938
vt 0.659703 0.005094
vt 0.659702 0.005014
vt 0.146205 0.568370
vt 0.146180 0.568367
vt 0.146186 0.568293
vt 0.669615 0.455210
vt 0.669615 0.455140
vt 0.125724 0.568366
vt 0.125719 0.568292
vt 0.125702 0.568368
vt 0.659750 0.005095
vt 0.659748 0.005015
vt 0.659729 0.005093
vt 0.659702 0.005172
vt 0.146227 0.568374
vt 0.146188 0.568443
vt 0.146164 0.568436
vt 0.669638 0.455209
vt 0.669615 0.455279
vt 0.669591 0.455209
vt 0.125741 0.568434
vt 0.125719 0.568441
vt 0.125678 0.568373
vt 0.659748 0.005173
vt 0.659727 0.005173
vt 0.659698 0.005245
vt 0.146209 0.568450
vt 0.146161 0.568507
vt 0.146139 0.568496
vt 0.669638 0.455280
vt 0.669616 0.455342
vt 0.669591 0.455280
vt 0.125767 0.568494
vt 0.125747 0.568505
vt 0.125696 0.568449
vt 0.659745 0.005246
vt 0.659723 0.005248
vt 0.659692 0.005309
vt 0.146180 0.568518
vt 0.146126 0.568558
vt 0.146107 0.568543
vt 0.669639 0.455344
vt 0.669616 0.455394
vt 0.669591 0.455345
vt 0.125800 0.568541
vt 0.125783 0.568556
vt 0.125725 0.568517
vt 0.659738 0.005310
vt 0.659717 0.005314
vt 0.659683 0.005360
vt 0.146142 0.568574
vt 0.146084 0.568594
vt 0.146070 0.568574
vt 0.669640 0.455399
vt 0.669618 0.455433
vt 0.669592 0.455399
vt 0.125837 0.568573
vt 0.125825 0.568592
vt 0.125765 0.568573
vt 0.659729 0.005361
vt 0.024246 0.722273
vt 0.024270 0.722218
vt 0.024270 0.722266
vt 0.146095 0.568615
vt 0.146038 0.568613
vt 0.146032 0.568590
vt 0.796763 0.720031
vt 0.796740 0.720069
vt 0.796740 0.720038
vt 0.796716 0.720031
vt 0.125876 0.568588
vt 0.125872 0.568611
vt 0.125813 0.568613
vt 0.024222 0.722218
vt 0.024222 0.722266
vt 0.024246 0.722222
vt 0.024270 0.722163
vt 0.145984 0.568636
vt 0.146041 0.568636
vt 0.145990 0.568613
vt 0.796763 0.720065
vt 0.796740 0.720103
vt 0.796716 0.720065
vt 0.125920 0.568611
vt 0.125924 0.568635
vt 0.125867 0.568635
vt 0.024222 0.722163
vt 0.024246 0.722102
vt 0.024246 0.722163
vt 0.145930 0.568615
vt 0.145944 0.568594
vt 0.145993 0.568590
vt 0.796763 0.720144
vt 0.796763 0.720103
vt 0.796716 0.720144
vt 0.796716 0.720103
vt 0.125915 0.568588
vt 0.125967 0.568592
vt 0.125979 0.568613
vt 0.024246 0.722043
vt 0.024270 0.722104
vt 0.145883 0.568574
vt 0.145902 0.568558
vt 0.145955 0.568574
vt 0.796763 0.720188
vt 0.796740 0.720141
vt 0.796716 0.720188
vt 0.125954 0.568573
vt 0.126009 0.568556
vt 0.126026 0.568573
vt 0.024222 0.722104
vt 0.024246 0.721989
vt 0.024270 0.722048
vt 0.145844 0.568518
vt 0.145866 0.568507
vt 0.145918 0.568543
vt 0.796763 0.720231
vt 0.796740 0.720182
vt 0.796716 0.720231
vt 0.125991 0.568541
vt 0.126045 0.568505
vt 0.126065 0.568517
vt 0.024222 0.722048
vt 0.659708 0.187735
vt 0.659730 0.187787
vt 0.659707 0.187794
vt 0.145815 0.568450
vt 0.145839 0.568443
vt 0.145885 0.568496
vt 0.669601 0.244448
vt 0.669633 0.244494
vt 0.669609 0.244500
vt 0.669647 0.244449
vt 0.669655 0.244501
vt 0.126024 0.568494
vt 0.126072 0.568441
vt 0.126094 0.568449
vt 0.659683 0.187787
vt 0.659709 0.187665
vt 0.659731 0.187730
vt 0.145798 0.568374
vt 0.145822 0.568370
vt 0.145860 0.568436
vt 0.669595 0.244385
vt 0.669626 0.244443
vt 0.669642 0.244386
vt 0.126049 0.568434
vt 0.126089 0.568368
vt 0.126112 0.568373
vt 0.659684 0.187730
vt 0.659733 0.187661
vt 0.145844 0.568367
vt 0.669621 0.244382
vt 0.126065 0.568366
vt 0.659685 0.187661
vt 0.659710 0.450986
vt 0.659733 0.450906
vt 0.659734 0.450985
vt 0.135722 0.568283
vt 0.135753 0.568208
vt 0.135747 0.568282
vt 0.135774 0.568212
vt 0.135769 0.568283
vt 0.372774 0.661921
vt 0.372799 0.661850
vt 0.372799 0.661920
vt 0.372820 0.661921
vt 0.095825 0.568212
vt 0.095855 0.568282
vt 0.095831 0.568282
vt 0.095849 0.568207
vt 0.095878 0.568282
vt 0.659686 0.450906
vt 0.659686 0.450985
vt 0.659710 0.450906
vt 0.659733 0.450830
vt 0.135728 0.568204
vt 0.135770 0.568137
vt 0.135791 0.568146
vt 0.372774 0.661850
vt 0.372802 0.661785
vt 0.372820 0.661850
vt 0.095808 0.568146
vt 0.095831 0.568137
vt 0.095871 0.568204
vt 0.659685 0.450830
vt 0.659709 0.450828
vt 0.659732 0.450761
vt 0.135747 0.568130
vt 0.135798 0.568076
vt 0.135817 0.568088
vt 0.372777 0.661782
vt 0.372807 0.661727
vt 0.372823 0.661782
vt 0.095781 0.568088
vt 0.095801 0.568075
vt 0.095852 0.568130
vt 0.659684 0.450761
vt 0.659708 0.450757
vt 0.659730 0.450702
vt 0.135777 0.568064
vt 0.135836 0.568026
vt 0.135851 0.568043
vt 0.372782 0.661722
vt 0.372813 0.661680
vt 0.372828 0.661722
vt 0.095746 0.568043
vt 0.095763 0.568025
vt 0.095821 0.568064
vt 0.659683 0.450702
vt 0.708976 0.173209
vt 0.709000 0.173155
vt 0.709000 0.173202
vt 0.135817 0.568009
vt 0.135880 0.567991
vt 0.135890 0.568012
vt 0.372788 0.661674
vt 0.372821 0.661648
vt 0.314241 0.790936
vt 0.314218 0.790893
vt 0.314241 0.790901
vt 0.095706 0.568012
vt 0.095718 0.567991
vt 0.095779 0.568009
vt 0.708952 0.173155
vt 0.708952 0.173202
vt 0.708976 0.173160
vt 0.709000 0.173100
vt 0.135867 0.567971
vt 0.135929 0.567973
vt 0.135932 0.567997
vt 0.314265 0.790930
vt 0.314241 0.790973
vt 0.314218 0.790930
vt 0.095664 0.567997
vt 0.095669 0.567973
vt 0.095729 0.567971
vt 0.708952 0.173100
vt 0.708976 0.173040
vt 0.708976 0.173102
vt 0.135982 0.567950
vt 0.135923 0.567950
vt 0.135979 0.567973
vt 0.314265 0.791013
vt 0.314265 0.790971
vt 0.314218 0.791013
vt 0.314218 0.790971
vt 0.095618 0.567973
vt 0.095672 0.567950
vt 0.708976 0.172978
vt 0.709000 0.173041
vt 0.136038 0.567971
vt 0.136028 0.567991
vt 0.135974 0.567997
vt 0.314265 0.791056
vt 0.314241 0.791012
vt 0.314218 0.791056
vt 0.095621 0.567997
vt 0.095569 0.567991
vt 0.095556 0.567971
vt 0.095613 0.567950
vt 0.708952 0.173041
vt 0.708976 0.172923
vt 0.709000 0.172982
vt 0.136088 0.568009
vt 0.136073 0.568026
vt 0.136015 0.568012
vt 0.314265 0.791099
vt 0.314241 0.791052
vt 0.314218 0.791099
vt 0.095580 0.568012
vt 0.095524 0.568025
vt 0.095506 0.568009
vt 0.708952 0.172982
vt 0.595470 0.641249
vt 0.595435 0.641204
vt 0.595459 0.641197
vt 0.136129 0.568064
vt 0.136111 0.568076
vt 0.136055 0.568043
vt 0.669640 0.555222
vt 0.669618 0.555188
vt 0.669641 0.555181
vt 0.669593 0.555222
vt 0.669594 0.555181
vt 0.095540 0.568043
vt 0.095486 0.568075
vt 0.095465 0.568064
vt 0.708952 0.172929
vt 0.708976 0.172875
vt 0.595478 0.641314
vt 0.595445 0.641255
vt 0.136160 0.568130
vt 0.136140 0.568137
vt 0.136089 0.568088
vt 0.669639 0.555276
vt 0.669617 0.555228
vt 0.669592 0.555277
vt 0.095506 0.568088
vt 0.095457 0.568137
vt 0.095434 0.568130
vt 0.595491 0.641255
vt 0.595484 0.641388
vt 0.595453 0.641318
vt 0.136180 0.568204
vt 0.136158 0.568208
vt 0.136116 0.568146
vt 0.669638 0.555340
vt 0.669616 0.555281
vt 0.669591 0.555341
vt 0.095479 0.568146
vt 0.095440 0.568207
vt 0.095416 0.568204
vt 0.595499 0.641318
vt 0.595487 0.641467
vt 0.595459 0.641390
vt 0.136186 0.568283
vt 0.136165 0.568282
vt 0.136133 0.568212
vt 0.669638 0.555410
vt 0.669615 0.555343
vt 0.669591 0.555410
vt 0.095462 0.568212
vt 0.095434 0.568282
vt 0.095409 0.568282
vt 0.595505 0.641390
vt 0.595461 0.641547
vt 0.595461 0.641468
vt 0.136159 0.568357
vt 0.136134 0.568353
vt 0.136140 0.568283
vt 0.669615 0.555481
vt 0.669615 0.555411
vt 0.095463 0.568353
vt 0.095457 0.568282
vt 0.095440 0.568356
vt 0.595508 0.641547
vt 0.595508 0.641468
vt 0.595487 0.641548
vt 0.595459 0.641623
vt 0.136181 0.568361
vt 0.136142 0.568427
vt 0.136118 0.568420
vt 0.669638 0.555481
vt 0.669616 0.555547
vt 0.669591 0.555481
vt 0.095480 0.568419
vt 0.095458 0.568426
vt 0.095416 0.568361
vt 0.595505 0.641623
vt 0.595484 0.641625
vt 0.595453 0.641691
vt 0.136162 0.568435
vt 0.136113 0.568489
vt 0.136092 0.568477
vt 0.669639 0.555549
vt 0.669617 0.555605
vt 0.669592 0.555549
vt 0.095507 0.568477
vt 0.095488 0.568488
vt 0.095436 0.568435
vt 0.595499 0.641691
vt 0.595478 0.641695
vt 0.595445 0.641749
vt 0.136132 0.568502
vt 0.136076 0.568539
vt 0.136058 0.568523
vt 0.669640 0.555609
vt 0.669618 0.555652
vt 0.669593 0.555609
vt 0.095542 0.568522
vt 0.095526 0.568538
vt 0.095467 0.568501
vt 0.595491 0.641749
vt 0.595470 0.641755
vt 0.595435 0.641792
vt 0.136091 0.568556
vt 0.136032 0.568574
vt 0.136019 0.568554
vt 0.073087 0.741792
vt 0.073064 0.741835
vt 0.073064 0.741800
vt 0.073040 0.741792
vt 0.095582 0.568553
vt 0.095571 0.568573
vt 0.095508 0.568555
vt 0.718749 0.654332
vt 0.718773 0.654386
vt 0.718749 0.654378
vt 0.718773 0.654337
vt 0.718797 0.654277
vt 0.718797 0.654332
vt 0.136042 0.568595
vt 0.135983 0.568592
vt 0.135977 0.568569
vt 0.073087 0.741830
vt 0.073064 0.741873
vt 0.073040 0.741830
vt 0.095624 0.568568
vt 0.095620 0.568591
vt 0.095559 0.568594
vt 0.718749 0.654277
vt 0.718773 0.654217
vt 0.718773 0.654279
vt 0.135986 0.568615
vt 0.135933 0.568592
vt 0.135935 0.568569
vt 0.073087 0.741913
vt 0.073087 0.741870
vt 0.073040 0.741913
vt 0.073040 0.741870
vt 0.095666 0.568568
vt 0.095671 0.568591
vt 0.095616 0.568615
vt 0.718773 0.654155
vt 0.718797 0.654218
vt 0.135871 0.568595
vt 0.135927 0.568615
vt 0.135884 0.568574
vt 0.073087 0.741956
vt 0.073064 0.741912
vt 0.073040 0.741956
vt 0.095720 0.568573
vt 0.095731 0.568594
vt 0.095675 0.568615
vt 0.718749 0.654218
vt 0.718773 0.654099
vt 0.718797 0.654159
vt 0.135821 0.568556
vt 0.135839 0.568539
vt 0.135893 0.568554
vt 0.073087 0.741998
vt 0.073064 0.741952
vt 0.073040 0.741998
vt 0.095708 0.568553
vt 0.095765 0.568538
vt 0.095782 0.568555
vt 0.718749 0.654159
vt 0.659708 0.451202
vt 0.659730 0.451245
vt 0.659707 0.451253
vt 0.135779 0.568502
vt 0.135801 0.568489
vt 0.135854 0.568523
vt 0.372788 0.662110
vt 0.372821 0.662145
vt 0.372797 0.662152
vt 0.073064 0.741991
vt 0.073040 0.742036
vt 0.095748 0.568522
vt 0.095803 0.568488
vt 0.095823 0.568501
vt 0.659683 0.451246
vt 0.659709 0.451138
vt 0.659732 0.451196
vt 0.135748 0.568435
vt 0.135772 0.568427
vt 0.135819 0.568477
vt 0.372781 0.662055
vt 0.372813 0.662104
vt 0.372828 0.662055
vt 0.372835 0.662110
vt 0.095782 0.568477
vt 0.095832 0.568426
vt 0.095853 0.568435
vt 0.659684 0.451196
vt 0.659710 0.451065
vt 0.659733 0.451134
vt 0.135729 0.568361
vt 0.135754 0.568357
vt 0.135792 0.568420
vt 0.372777 0.661991
vt 0.372807 0.662051
vt 0.372823 0.661991
vt 0.095809 0.568419
vt 0.095849 0.568356
vt 0.095872 0.568361
vt 0.659685 0.451134
vt 0.659733 0.451062
vt 0.135775 0.568353
vt 0.372802 0.661988
vt 0.095825 0.568353
vt 0.659686 0.451062
vt 0.072408 0.661907
vt 0.072431 0.661831
vt 0.072431 0.661907
vt 0.105483 0.568272
vt 0.105514 0.568199
vt 0.105508 0.568272
vt 0.105535 0.568204
vt 0.105530 0.568272
vt 0.014558 0.672060
vt 0.014586 0.671995
vt 0.014583 0.672061
vt 0.014604 0.672060
vt 0.055841 0.568204
vt 0.055872 0.568272
vt 0.055848 0.568272
vt 0.055865 0.568200
vt 0.055895 0.568272
vt 0.072383 0.661831
vt 0.072383 0.661907
vt 0.072407 0.661829
vt 0.072430 0.661760
vt 0.105489 0.568196
vt 0.105532 0.568132
vt 0.105552 0.568141
vt 0.014561 0.671993
vt 0.014591 0.671935
vt 0.014607 0.671993
vt 0.055823 0.568141
vt 0.055846 0.568132
vt 0.055888 0.568196
vt 0.072383 0.661760
vt 0.072407 0.661756
vt 0.072429 0.661697
vt 0.105509 0.568124
vt 0.105562 0.568072
vt 0.105580 0.568085
vt 0.014566 0.671931
vt 0.014598 0.671883
vt 0.014612 0.671931
vt 0.055795 0.568085
vt 0.055815 0.568072
vt 0.055867 0.568124
vt 0.072381 0.661697
vt 0.072405 0.661692
vt 0.072427 0.661647
vt 0.105540 0.568060
vt 0.105601 0.568024
vt 0.105616 0.568042
vt 0.014573 0.671877
vt 0.014606 0.671844
vt 0.728548 0.663170
vt 0.728524 0.663124
vt 0.728548 0.663131
vt 0.055758 0.568042
vt 0.055775 0.568024
vt 0.055834 0.568060
vt 0.072380 0.661647
vt 0.694536 0.712368
vt 0.694560 0.712306
vt 0.694560 0.712362
vt 0.105583 0.568007
vt 0.105648 0.567990
vt 0.105657 0.568012
vt 0.728572 0.663163
vt 0.728548 0.663212
vt 0.728524 0.663163
vt 0.055716 0.568012
vt 0.055727 0.567990
vt 0.055790 0.568007
vt 0.694512 0.712306
vt 0.694512 0.712362
vt 0.694536 0.712310
vt 0.694560 0.712246
vt 0.105635 0.567970
vt 0.105699 0.567973
vt 0.105702 0.567997
vt 0.728572 0.663208
vt 0.728548 0.663255
vt 0.728524 0.663208
vt 0.055671 0.567997
vt 0.055675 0.567973
vt 0.055737 0.567970
vt 0.694512 0.712246
vt 0.694536 0.712247
vt 0.694560 0.712185
vt 0.105754 0.567950
vt 0.105694 0.567950
vt 0.105747 0.567997
vt 0.728572 0.663254
vt 0.728548 0.663297
vt 0.728524 0.663254
vt 0.055625 0.567997
vt 0.055617 0.567950
vt 0.055678 0.567950
vt 0.694512 0.712185
vt 0.694536 0.712122
vt 0.694536 0.712182
vt 0.105813 0.567970
vt 0.105752 0.567973
vt 0.105804 0.567990
vt 0.728572 0.663344
vt 0.728572 0.663300
vt 0.728524 0.663344
vt 0.728524 0.663300
vt 0.055570 0.567990
vt 0.055622 0.567973
vt 0.055558 0.567970
vt 0.694536 0.712071
vt 0.694560 0.712127
vt 0.105866 0.568007
vt 0.105851 0.568024
vt 0.105792 0.568012
vt 0.728572 0.663383
vt 0.728548 0.663339
vt 0.728524 0.663383
vt 0.055580 0.568012
vt 0.055523 0.568024
vt 0.055506 0.568007
vt 0.694512 0.712127
vt 0.659717 0.197456
vt 0.659683 0.197406
vt 0.659707 0.197399
vt 0.105910 0.568060
vt 0.105892 0.568072
vt 0.105834 0.568042
vt 0.208882 0.671882
vt 0.208860 0.671843
vt 0.208883 0.671836
vt 0.208835 0.671882
vt 0.208836 0.671836
vt 0.055538 0.568042
vt 0.055483 0.568072
vt 0.055462 0.568060
vt 0.659729 0.197405
vt 0.659725 0.197525
vt 0.659692 0.197462
vt 0.105943 0.568124
vt 0.105922 0.568132
vt 0.105871 0.568085
vt 0.208881 0.671939
vt 0.208859 0.671887
vt 0.208834 0.671939
vt 0.055502 0.568085
vt 0.055452 0.568132
vt 0.055430 0.568124
vt 0.659739 0.197461
vt 0.659729 0.197600
vt 0.659699 0.197528
vt 0.105963 0.568196
vt 0.105942 0.568199
vt 0.105899 0.568141
vt 0.208880 0.672003
vt 0.208858 0.671942
vt 0.208833 0.672003
vt 0.055474 0.568141
vt 0.055434 0.568200
vt 0.055410 0.568196
vt 0.659746 0.197527
vt 0.659731 0.197679
vt 0.659704 0.197601
vt 0.105971 0.568272
vt 0.105949 0.568272
vt 0.105917 0.568204
vt 0.208880 0.672072
vt 0.208857 0.672005
vt 0.208833 0.672071
vt 0.055456 0.568204
vt 0.055428 0.568272
vt 0.055403 0.568272
vt 0.659750 0.197601
vt 0.659704 0.197754
vt 0.659705 0.197678
vt 0.105943 0.568344
vt 0.105919 0.568340
vt 0.105924 0.568272
vt 0.208857 0.672137
vt 0.208857 0.672071
vt 0.055457 0.568340
vt 0.055450 0.568272
vt 0.055434 0.568344
vt 0.659750 0.197753
vt 0.659752 0.197677
vt 0.659729 0.197756
vt 0.659699 0.197825
vt 0.105965 0.568348
vt 0.105925 0.568411
vt 0.105902 0.568403
vt 0.208880 0.672139
vt 0.208858 0.672198
vt 0.208833 0.672139
vt 0.055475 0.568404
vt 0.055454 0.568412
vt 0.055410 0.568349
vt 0.659746 0.197824
vt 0.659725 0.197828
vt 0.659692 0.197886
vt 0.105945 0.568421
vt 0.105895 0.568471
vt 0.105874 0.568459
vt 0.208881 0.672202
vt 0.208859 0.672250
vt 0.208834 0.672202
vt 0.055503 0.568459
vt 0.055484 0.568472
vt 0.055431 0.568421
vt 0.659739 0.197886
vt 0.659717 0.197892
vt 0.659683 0.197936
vt 0.105914 0.568485
vt 0.105856 0.568519
vt 0.105838 0.568503
vt 0.208882 0.672256
vt 0.208860 0.672290
vt 0.208835 0.672256
vt 0.055540 0.568503
vt 0.055524 0.568520
vt 0.055464 0.568485
vt 0.296428 0.702369
vt 0.296452 0.702425
vt 0.296428 0.702417
vt 0.296452 0.702376
vt 0.296475 0.702314
vt 0.296475 0.702369
vt 0.105871 0.568537
vt 0.105809 0.568553
vt 0.105797 0.568533
vt 0.024311 0.771215
vt 0.024288 0.771263
vt 0.024288 0.771221
vt 0.024264 0.771215
vt 0.055582 0.568533
vt 0.055572 0.568554
vt 0.055508 0.568538
vt 0.296428 0.702314
vt 0.296452 0.702318
vt 0.296475 0.702253
vt 0.105819 0.568575
vt 0.105758 0.568570
vt 0.105752 0.568548
vt 0.024311 0.771259
vt 0.024288 0.771307
vt 0.024264 0.771259
vt 0.055627 0.568548
vt 0.055624 0.568571
vt 0.055561 0.568575
vt 0.296428 0.702253
vt 0.296452 0.702254
vt 0.296475 0.702192
vt 0.105760 0.568594
vt 0.105705 0.568570
vt 0.024311 0.771306
vt 0.024288 0.771349
vt 0.024264 0.771306
vt 0.055678 0.568571
vt 0.055620 0.568595
vt 0.296428 0.702192
vt 0.296452 0.702130
vt 0.296452 0.702190
vt 0.105641 0.568575
vt 0.105700 0.568594
vt 0.105653 0.568553
vt 0.105707 0.568548
vt 0.024311 0.771395
vt 0.024311 0.771352
vt 0.024264 0.771395
vt 0.024264 0.771352
vt 0.055673 0.568548
vt 0.055730 0.568554
vt 0.055740 0.568575
vt 0.055681 0.568595
vt 0.296452 0.702078
vt 0.296475 0.702135
vt 0.105588 0.568537
vt 0.105605 0.568519
vt 0.105662 0.568533
vt 0.024311 0.771435
vt 0.024288 0.771390
vt 0.024264 0.771435
vt 0.055718 0.568533
vt 0.055777 0.568520
vt 0.055792 0.568538
vt 0.296428 0.702135
vt 0.072405 0.662128
vt 0.072427 0.662178
vt 0.072404 0.662184
vt 0.105544 0.568485
vt 0.105565 0.568471
vt 0.105620 0.568503
vt 0.014566 0.672251
vt 0.014598 0.672290
vt 0.014573 0.672297
vt 0.014612 0.672251
vt 0.014619 0.672297
vt 0.055760 0.568503
vt 0.055817 0.568472
vt 0.055836 0.568485
vt 0.072380 0.662178
vt 0.072407 0.662060
vt 0.072429 0.662123
vt 0.105511 0.568421
vt 0.105535 0.568411
vt 0.105583 0.568459
vt 0.014561 0.672193
vt 0.014591 0.672246
vt 0.014607 0.672193
vt 0.055796 0.568459
vt 0.055847 0.568412
vt 0.055868 0.568421
vt 0.072381 0.662123
vt 0.072407 0.661985
vt 0.072430 0.662057
vt 0.105491 0.568348
vt 0.105515 0.568344
vt 0.105555 0.568403
vt 0.014558 0.672128
vt 0.014586 0.672190
vt 0.014604 0.672128
vt 0.055824 0.568404
vt 0.055866 0.568344
vt 0.055888 0.568349
vt 0.072383 0.662057
vt 0.072431 0.661984
vt 0.105537 0.568340
vt 0.014583 0.672127
vt 0.055842 0.568340
vt 0.072383 0.661984
vt 0.324095 0.661834
vt 0.324117 0.661765
vt 0.324118 0.661836
vt 0.085302 0.568182
vt 0.085352 0.568124
vt 0.085326 0.568189
vt 0.085371 0.568136
vt 0.085347 0.568196
vt 0.482384 0.671998
vt 0.482413 0.671940
vt 0.482409 0.672000
vt 0.482430 0.671998
vt 0.045751 0.568256
vt 0.045762 0.568327
vt 0.045739 0.568320
vt 0.045776 0.568258
vt 0.045784 0.568334
vt 0.324070 0.661765
vt 0.324071 0.661836
vt 0.324094 0.661761
vt 0.324116 0.661700
vt 0.085330 0.568114
vt 0.085389 0.568067
vt 0.085406 0.568083
vt 0.482388 0.671936
vt 0.482420 0.671887
vt 0.482434 0.671936
vt 0.045751 0.568192
vt 0.045776 0.568189
vt 0.045798 0.568261
vt 0.324069 0.661700
vt 0.324093 0.661695
vt 0.324114 0.661647
vt 0.085370 0.568053
vt 0.085436 0.568022
vt 0.085449 0.568041
vt 0.482395 0.671881
vt 0.482428 0.671843
vt 0.159816 0.722037
vt 0.159792 0.721989
vt 0.159816 0.721997
vt 0.045739 0.568132
vt 0.045762 0.568125
vt 0.045798 0.568187
vt 0.324067 0.661647
vt 0.699164 0.479776
vt 0.699188 0.479713
vt 0.699188 0.479770
vt 0.085420 0.568003
vt 0.085489 0.567989
vt 0.085497 0.568012
vt 0.159839 0.722030
vt 0.159816 0.722082
vt 0.159792 0.722030
vt 0.045714 0.568081
vt 0.045735 0.568068
vt 0.045783 0.568117
vt 0.699140 0.479713
vt 0.699140 0.479770
vt 0.699164 0.479717
vt 0.699188 0.479650
vt 0.085478 0.567968
vt 0.085546 0.567973
vt 0.085548 0.567997
vt 0.159839 0.722078
vt 0.159816 0.722130
vt 0.159792 0.722078
vt 0.045680 0.568040
vt 0.045697 0.568022
vt 0.045754 0.568055
vt 0.699140 0.479650
vt 0.699164 0.479652
vt 0.699188 0.479586
vt 0.085541 0.567950
vt 0.085603 0.567973
vt 0.085598 0.567997
vt 0.159839 0.722128
vt 0.159816 0.722178
vt 0.159792 0.722128
vt 0.045639 0.568011
vt 0.045650 0.567990
vt 0.045712 0.568005
vt 0.699140 0.479586
vt 0.699164 0.479521
vt 0.699164 0.479585
vt 0.085604 0.567950
vt 0.085656 0.567989
vt 0.085645 0.568011
vt 0.159839 0.722227
vt 0.159839 0.722179
vt 0.159792 0.722227
vt 0.159792 0.722179
vt 0.045592 0.567997
vt 0.045596 0.567973
vt 0.045659 0.567969
vt 0.699164 0.479463
vt 0.699188 0.479525
vt 0.085717 0.568004
vt 0.085665 0.567968
vt 0.085703 0.568021
vt 0.159839 0.722270
vt 0.159816 0.722223
vt 0.159792 0.722270
vt 0.045539 0.567973
vt 0.045534 0.567950
vt 0.045598 0.567950
vt 0.699140 0.479525
vt 0.062739 0.661689
vt 0.062704 0.661647
vt 0.062729 0.661640
vt 0.085760 0.568055
vt 0.085741 0.568067
vt 0.085686 0.568039
vt 0.679516 0.351902
vt 0.679494 0.351871
vt 0.679517 0.351864
vt 0.679469 0.351902
vt 0.679470 0.351864
vt 0.045541 0.567997
vt 0.045482 0.567990
vt 0.045471 0.567968
vt 0.699140 0.479470
vt 0.699164 0.479417
vt 0.062747 0.661752
vt 0.062715 0.661695
vt 0.085789 0.568117
vt 0.085768 0.568124
vt 0.085720 0.568080
vt 0.679515 0.351951
vt 0.679492 0.351908
vt 0.679467 0.351951
vt 0.045490 0.568012
vt 0.045428 0.568022
vt 0.045413 0.568003
vt 0.062761 0.661695
vt 0.062752 0.661822
vt 0.062722 0.661756
vt 0.085804 0.568187
vt 0.085782 0.568189
vt 0.085745 0.568132
vt 0.679514 0.352010
vt 0.679491 0.351955
vt 0.679467 0.352010
vt 0.045441 0.568041
vt 0.045380 0.568068
vt 0.045361 0.568053
vt 0.062769 0.661755
vt 0.062754 0.661898
vt 0.062727 0.661824
vt 0.085805 0.568260
vt 0.085783 0.568257
vt 0.085758 0.568192
vt 0.679514 0.352073
vt 0.679491 0.352011
vt 0.679466 0.352073
vt 0.045398 0.568083
vt 0.045342 0.568125
vt 0.045321 0.568114
vt 0.062773 0.661824
vt 0.062752 0.661974
vt 0.062729 0.661898
vt 0.085790 0.568333
vt 0.085769 0.568326
vt 0.085758 0.568255
vt 0.679514 0.352138
vt 0.679491 0.352073
vt 0.679467 0.352138
vt 0.045362 0.568136
vt 0.045316 0.568189
vt 0.045292 0.568183
vt 0.062775 0.661897
vt 0.062722 0.662042
vt 0.062727 0.661972
vt 0.085743 0.568391
vt 0.085721 0.568380
vt 0.085746 0.568319
vt 0.679491 0.352197
vt 0.679491 0.352136
vt 0.045324 0.568261
vt 0.045337 0.568196
vt 0.045302 0.568258
vt 0.062768 0.662042
vt 0.062773 0.661971
vt 0.062747 0.662046
vt 0.062714 0.662105
vt 0.085763 0.568402
vt 0.085706 0.568447
vt 0.085686 0.568433
vt 0.679515 0.352200
vt 0.679492 0.352251
vt 0.679467 0.352200
vt 0.045324 0.568324
vt 0.045302 0.568327
vt 0.045277 0.568256
vt 0.062761 0.662105
vt 0.062739 0.662111
vt 0.062704 0.662158
vt 0.085722 0.568463
vt 0.085659 0.568493
vt 0.085643 0.568475
vt 0.679516 0.352256
vt 0.679494 0.352295
vt 0.679469 0.352256
vt 0.045337 0.568384
vt 0.045315 0.568391
vt 0.045277 0.568329
vt 0.699140 0.232882
vt 0.699164 0.232939
vt 0.699140 0.232931
vt 0.699164 0.232889
vt 0.699188 0.232825
vt 0.699188 0.232882
vt 0.085672 0.568512
vt 0.085606 0.568525
vt 0.085595 0.568504
vt 0.575774 0.721989
vt 0.575750 0.722041
vt 0.575750 0.721995
vt 0.575727 0.721989
vt 0.045361 0.568436
vt 0.045342 0.568448
vt 0.045292 0.568399
vt 0.699140 0.232825
vt 0.699164 0.232830
vt 0.699188 0.232763
vt 0.085614 0.568548
vt 0.085549 0.568542
vt 0.085544 0.568519
vt 0.575774 0.722037
vt 0.575750 0.722089
vt 0.575727 0.722037
vt 0.045395 0.568477
vt 0.045380 0.568494
vt 0.045321 0.568461
vt 0.699140 0.232763
vt 0.699164 0.232765
vt 0.699188 0.232699
vt 0.085551 0.568566
vt 0.085492 0.568542
vt 0.085494 0.568519
vt 0.575774 0.722087
vt 0.575750 0.722137
vt 0.575727 0.722087
vt 0.045437 0.568505
vt 0.045428 0.568526
vt 0.045364 0.568512
vt 0.699140 0.232699
vt 0.699164 0.232634
vt 0.699164 0.232698
vt 0.085488 0.568566
vt 0.085439 0.568525
vt 0.085447 0.568505
vt 0.575774 0.722185
vt 0.575774 0.722138
vt 0.575727 0.722185
vt 0.575727 0.722138
vt 0.045484 0.568520
vt 0.045482 0.568543
vt 0.045417 0.568548
vt 0.699164 0.232576
vt 0.699188 0.232637
vt 0.085375 0.568511
vt 0.085427 0.568547
vt 0.085392 0.568493
vt 0.575774 0.722229
vt 0.575750 0.722182
vt 0.575727 0.722229
vt 0.045539 0.568543
vt 0.045541 0.568566
vt 0.045477 0.568566
vt 0.699140 0.232637
vt 0.324093 0.662117
vt 0.324114 0.662158
vt 0.324091 0.662166
vt 0.085332 0.568461
vt 0.085354 0.568448
vt 0.085406 0.568476
vt 0.482395 0.672235
vt 0.482428 0.672266
vt 0.482403 0.672274
vt 0.575750 0.722223
vt 0.575727 0.722265
vt 0.045534 0.568519
vt 0.045596 0.568526
vt 0.045604 0.568548
vt 0.324067 0.662158
vt 0.324094 0.662055
vt 0.324116 0.662111
vt 0.085303 0.568399
vt 0.085327 0.568391
vt 0.085372 0.568435
vt 0.482388 0.672185
vt 0.482420 0.672229
vt 0.482435 0.672185
vt 0.482441 0.672235
vt 0.045585 0.568505
vt 0.045650 0.568494
vt 0.045663 0.568513
vt 0.324069 0.662111
vt 0.324095 0.661985
vt 0.324117 0.662051
vt 0.085288 0.568329
vt 0.085313 0.568326
vt 0.085347 0.568384
vt 0.482384 0.672127
vt 0.482413 0.672181
vt 0.482430 0.672126
vt 0.045634 0.568475
vt 0.045697 0.568448
vt 0.045714 0.568464
vt 0.324070 0.662051
vt 0.324095 0.661910
vt 0.324118 0.661983
vt 0.085288 0.568255
vt 0.085312 0.568257
vt 0.085335 0.568324
vt 0.482383 0.672063
vt 0.482409 0.672125
vt 0.482429 0.672062
vt 0.045678 0.568433
vt 0.045735 0.568391
vt 0.045755 0.568403
vt 0.324071 0.661983
vt 0.324118 0.661910
vt 0.085334 0.568260
vt 0.482408 0.672063
vt 0.045714 0.568380
vt 0.324071 0.661910
vt 0.777321 0.131722
vt 0.777293 0.131920
vt 0.777293 0.131721
vt 0.198323 0.810555
vt 0.198357 0.810743
vt 0.198323 0.810747
vt 0.806480 0.239132
vt 0.806445 0.239332
vt 0.806445 0.239132
vt 0.120850 0.810552
vt 0.120887 0.810745
vt 0.120850 0.810745
vt 0.777262 0.131921
vt 0.777262 0.131722
vt 0.149402 0.917937
vt 0.149368 0.917948
vt 0.149347 0.917919
vt 0.217006 0.917902
vt 0.217006 0.917937
vt 0.216971 0.917948
vt 0.777318 0.151314
vt 0.777291 0.151514
vt 0.777291 0.151312
vt 0.518239 0.859416
vt 0.518272 0.859563
vt 0.518239 0.859570
vt 0.806479 0.170837
vt 0.806445 0.171039
vt 0.806445 0.170837
vt 0.479628 0.859409
vt 0.479662 0.859568
vt 0.479628 0.859569
vt 0.777262 0.151515
vt 0.777262 0.151314
vt 0.631170 0.927598
vt 0.631197 0.927604
vt 0.631197 0.927638
vt 0.775712 0.927598
vt 0.775739 0.927598
vt 0.775747 0.927631
vt 0.053217 0.721989
vt 0.053245 0.722261
vt 0.053217 0.722260
vt 0.265956 0.731904
vt 0.265922 0.732171
vt 0.265922 0.731902
vt 0.130814 0.731902
vt 0.130849 0.732173
vt 0.130814 0.732172
vt 0.256317 0.731903
vt 0.256281 0.732170
vt 0.256281 0.731902
vt 0.053186 0.721990
vt 0.053186 0.722260
vt 0.110832 0.917891
vt 0.110832 0.917949
vt 0.110798 0.917938
vt 0.101159 0.917891
vt 0.101193 0.917902
vt 0.101193 0.917938
vt 0.372362 0.731905
vt 0.372337 0.732145
vt 0.372337 0.731902
vt 0.333234 0.781068
vt 0.333264 0.781280
vt 0.333234 0.781288
vt 0.748073 0.053546
vt 0.748039 0.053790
vt 0.748039 0.053546
vt 0.777262 0.190421
vt 0.777296 0.190639
vt 0.777262 0.190643
vt 0.372307 0.732147
vt 0.372307 0.731904
vt 0.922791 0.130538
vt 0.922822 0.130538
vt 0.922832 0.130571
vt 0.922782 0.091913
vt 0.922812 0.091869
vt 0.922830 0.091898
vt 0.646193 0.712081
vt 0.646157 0.712372
vt 0.646157 0.712071
vt 0.718787 0.350064
vt 0.718749 0.349763
vt 0.718787 0.349772
vt 0.699178 0.034614
vt 0.699140 0.034994
vt 0.699140 0.034618
vt 0.131317 0.702112
vt 0.131356 0.702413
vt 0.131318 0.702405
vt 0.209818 0.692043
vt 0.209782 0.692437
vt 0.209782 0.692046
vt 0.131317 0.702086
vt 0.131355 0.702078
vt 0.131378 0.702099
vt 0.506278 0.917928
vt 0.506252 0.917951
vt 0.506230 0.917928
vt 0.580177 0.275295
vt 0.580146 0.276172
vt 0.580146 0.275291
vt 0.258470 0.590130
vt 0.258432 0.589243
vt 0.258470 0.589245
vt 0.590227 0.407931
vt 0.590187 0.408772
vt 0.590187 0.407931
vt 0.248827 0.589244
vt 0.248790 0.590129
vt 0.248790 0.589243
vt 0.580113 0.275294
vt 0.580113 0.276175
vt 0.913139 0.459797
vt 0.913176 0.459808
vt 0.913176 0.459845
vt 0.913116 0.343509
vt 0.913153 0.343497
vt 0.913176 0.343528
vt 0.041887 0.081165
vt 0.041209 0.081360
vt 0.041206 0.081091
vt 0.041886 0.081432
vt 0.041212 0.081629
vt 0.041885 0.081700
vt 0.041215 0.081898
vt 0.041884 0.081967
vt 0.041219 0.082168
vt 0.041884 0.082235
vt 0.041222 0.082438
vt 0.041883 0.082503
vt 0.041225 0.082706
vt 0.041880 0.082770
vt 0.041228 0.082974
vt 0.041875 0.083037
vt 0.041230 0.083242
vt 0.041866 0.083303
vt 0.041233 0.083510
vt 0.041855 0.083570
vt 0.041236 0.083778
vt 0.041843 0.083836
vt 0.041239 0.084046
vt 0.041831 0.084102
vt 0.041242 0.084315
vt 0.041822 0.084369
vt 0.041244 0.084583
vt 0.041820 0.084636
vt 0.041247 0.084851
vt 0.041825 0.084904
vt 0.041250 0.085119
vt 0.041838 0.085172
vt 0.041252 0.085387
vt 0.041859 0.085441
vt 0.041255 0.085655
vt 0.041885 0.085710
vt 0.041258 0.085923
vt 0.041913 0.085979
vt 0.041260 0.086190
vt 0.041939 0.086248
vt 0.041263 0.086458
vt 0.041959 0.086516
vt 0.041265 0.086726
vt 0.041971 0.086784
vt 0.041267 0.086993
vt 0.041973 0.087051
vt 0.041270 0.087261
vt 0.041951 0.087583
vt 0.041966 0.087317
vt 0.041932 0.087849
vt 0.041272 0.087528
vt 0.041912 0.088114
vt 0.041275 0.087796
vt 0.041894 0.088380
vt 0.041277 0.088063
vt 0.041880 0.088645
vt 0.041279 0.088330
vt 0.041283 0.088864
vt 0.041281 0.088597
vt 0.041873 0.088912
vt 0.041285 0.089131
vt 0.041872 0.089178
vt 0.041287 0.089398
vt 0.041876 0.089445
vt 0.041289 0.089664
vt 0.041883 0.089712
vt 0.041291 0.089931
vt 0.041892 0.089979
vt 0.041293 0.090198
vt 0.041901 0.090246
vt 0.041295 0.090464
vt 0.041909 0.090513
vt 0.041297 0.090731
vt 0.041916 0.090780
vt 0.041299 0.090997
vt 0.041922 0.091046
vt 0.041300 0.091263
vt 0.041930 0.091312
vt 0.041302 0.091529
vt 0.041939 0.091579
vt 0.041303 0.091794
vt 0.041951 0.091845
vt 0.041305 0.092059
vt 0.041964 0.092111
vt 0.041306 0.092325
vt 0.041977 0.092377
vt 0.041307 0.092590
vt 0.041988 0.092643
vt 0.041309 0.092855
vt 0.041997 0.093174
vt 0.041996 0.092909
vt 0.041990 0.093438
vt 0.041310 0.093119
vt 0.041976 0.093702
vt 0.041311 0.093384
vt 0.041955 0.093965
vt 0.041312 0.093648
vt 0.041932 0.094227
vt 0.041313 0.093912
vt 0.041908 0.094489
vt 0.041313 0.094176
vt 0.041889 0.094751
vt 0.041314 0.094440
vt 0.041877 0.095014
vt 0.041314 0.094703
vt 0.041873 0.095276
vt 0.041315 0.094966
vt 0.041880 0.095540
vt 0.041315 0.095228
vt 0.041895 0.095804
vt 0.041315 0.095491
vt 0.041316 0.096015
vt 0.041315 0.095753
vt 0.041917 0.096068
vt 0.041316 0.096277
vt 0.041941 0.096332
vt 0.041315 0.096539
vt 0.041982 0.096859
vt 0.041963 0.096596
vt 0.041994 0.097121
vt 0.041315 0.096800
vt 0.041998 0.097382
vt 0.041315 0.097061
vt 0.041996 0.097642
vt 0.041314 0.097321
vt 0.041989 0.097901
vt 0.041313 0.097580
vt 0.041978 0.098160
vt 0.041312 0.097839
vt 0.041966 0.098417
vt 0.041311 0.098097
vt 0.041955 0.098674
vt 0.041309 0.098355
vt 0.041945 0.098931
vt 0.041307 0.098612
vt 0.041937 0.099188
vt 0.041305 0.098868
vt 0.041929 0.099444
vt 0.041303 0.099124
vt 0.041921 0.099699
vt 0.041300 0.099380
vt 0.041911 0.099954
vt 0.041298 0.099635
vt 0.041900 0.100208
vt 0.041295 0.099889
vt 0.041887 0.100461
vt 0.041292 0.100143
vt 0.041875 0.100713
vt 0.041289 0.100396
vt 0.041866 0.100964
vt 0.041285 0.100648
vt 0.041860 0.101215
vt 0.041282 0.100899
vt 0.041861 0.101466
vt 0.041278 0.101150
vt 0.041868 0.101717
vt 0.041273 0.101400
vt 0.041882 0.101968
vt 0.041269 0.101649
vt 0.041899 0.102219
vt 0.041264 0.101897
vt 0.041917 0.102469
vt 0.041260 0.102145
vt 0.041933 0.102718
vt 0.041255 0.102393
vt 0.041943 0.102966
vt 0.041250 0.102640
vt 0.041944 0.103213
vt 0.041245 0.102887
vt 0.041936 0.103459
vt 0.041241 0.103134
vt 0.041918 0.103703
vt 0.041236 0.103381
vt 0.041893 0.103946
vt 0.041232 0.103628
vt 0.041863 0.104189
vt 0.041227 0.103875
vt 0.041834 0.104432
vt 0.041224 0.104123
vt 0.041807 0.104674
vt 0.041220 0.104370
vt 0.041786 0.104915
vt 0.041216 0.104617
vt 0.041773 0.105157
vt 0.041212 0.104863
vt 0.041767 0.105398
vt 0.041208 0.105107
vt 0.041768 0.105639
vt 0.041206 0.105350
vt 0.041774 0.105875
vt 0.041207 0.105588
vt 0.432315 0.218054
vt 0.432894 0.217972
vt 0.432322 0.218303
vt 0.432312 0.217734
vt 0.432902 0.217704
vt 0.432312 0.217440
vt 0.432913 0.217445
vt 0.570432 0.431815
vt 0.570432 0.432449
vt 0.570067 0.432345
vt 0.134724 0.578710
vt 0.134393 0.579325
vt 0.134400 0.578712
vt 0.254681 0.995189
vt 0.264286 0.995189
vt 0.273890 0.995189
vt 0.283495 0.995189
vt 0.293100 0.995189
vt 0.302705 0.995189
vt 0.312310 0.995189
vt 0.227465 0.610211
vt 0.227465 0.611010
vt 0.227465 0.610208
vt 0.256280 0.610218
vt 0.256280 0.611007
vt 0.256280 0.610208
vt 0.460580 0.610225
vt 0.460580 0.610996
vt 0.460580 0.610208
vt 0.610242 0.352570
vt 0.610242 0.353318
vt 0.610242 0.352547
vt 0.610242 0.607059
vt 0.610242 0.607781
vt 0.610242 0.607033
vt 0.170627 0.620641
vt 0.170626 0.621338
vt 0.170626 0.620616
vt 0.639870 0.485326
vt 0.639870 0.486002
vt 0.639870 0.485306
vt 0.031597 0.081396
vt 0.030917 0.081091
vt 0.031601 0.081131
vt 0.031594 0.081662
vt 0.030918 0.081358
vt 0.031590 0.081927
vt 0.030919 0.081624
vt 0.031586 0.082192
vt 0.030919 0.081890
vt 0.031582 0.082458
vt 0.030919 0.082156
vt 0.031579 0.082724
vt 0.030920 0.082422
vt 0.031576 0.082990
vt 0.030922 0.082689
vt 0.031573 0.083256
vt 0.030927 0.082956
vt 0.031570 0.083522
vt 0.030935 0.083223
vt 0.031567 0.083788
vt 0.030946 0.083490
vt 0.031564 0.084054
vt 0.030959 0.083757
vt 0.031561 0.084320
vt 0.030970 0.084023
vt 0.031558 0.084586
vt 0.030978 0.084290
vt 0.031555 0.084852
vt 0.030981 0.084557
vt 0.031552 0.085118
vt 0.030976 0.084823
vt 0.031549 0.085384
vt 0.030962 0.085089
vt 0.031546 0.085650
vt 0.030941 0.085354
vt 0.031544 0.085916
vt 0.030914 0.085620
vt 0.031541 0.086182
vt 0.030886 0.085885
vt 0.031538 0.086448
vt 0.030860 0.086151
vt 0.031535 0.086715
vt 0.030839 0.086416
vt 0.031532 0.086981
vt 0.030827 0.086683
vt 0.031530 0.087247
vt 0.030825 0.086949
vt 0.030846 0.087483
vt 0.030832 0.087216
vt 0.031527 0.087514
vt 0.030865 0.087750
vt 0.031525 0.087780
vt 0.030885 0.088018
vt 0.031522 0.088046
vt 0.030903 0.088285
vt 0.031520 0.088313
vt 0.030916 0.088552
vt 0.031515 0.088846
vt 0.031517 0.088579
vt 0.031513 0.089112
vt 0.030923 0.088819
vt 0.031510 0.089379
vt 0.030924 0.089086
vt 0.031508 0.089646
vt 0.030920 0.089353
vt 0.031506 0.089912
vt 0.030913 0.089619
vt 0.031504 0.090179
vt 0.030903 0.089886
vt 0.031502 0.090446
vt 0.030894 0.090152
vt 0.031500 0.090713
vt 0.030886 0.090419
vt 0.031498 0.090979
vt 0.030879 0.090685
vt 0.031496 0.091246
vt 0.030872 0.090952
vt 0.031494 0.091514
vt 0.030864 0.091219
vt 0.031492 0.091781
vt 0.030855 0.091485
vt 0.031491 0.092048
vt 0.030843 0.091752
vt 0.031489 0.092315
vt 0.030830 0.092019
vt 0.031488 0.092583
vt 0.030817 0.092286
vt 0.031487 0.092850
vt 0.030805 0.092553
vt 0.030796 0.093088
vt 0.030798 0.092820
vt 0.031485 0.093118
vt 0.030803 0.093355
vt 0.031484 0.093386
vt 0.030817 0.093624
vt 0.031483 0.093653
vt 0.030837 0.093892
vt 0.031482 0.093921
vt 0.030861 0.094161
vt 0.031481 0.094189
vt 0.030884 0.094430
vt 0.031480 0.094457
vt 0.030903 0.094699
vt 0.031480 0.094726
vt 0.030916 0.094968
vt 0.031479 0.094994
vt 0.030919 0.095236
vt 0.031479 0.095263
vt 0.030912 0.095505
vt 0.031479 0.095531
vt 0.030897 0.095772
vt 0.031478 0.096069
vt 0.031478 0.095800
vt 0.031478 0.096338
vt 0.030875 0.096040
vt 0.031478 0.096607
vt 0.030851 0.096308
vt 0.030810 0.096844
vt 0.030828 0.096576
vt 0.031478 0.096876
vt 0.030798 0.097113
vt 0.031479 0.097146
vt 0.030793 0.097382
vt 0.031479 0.097415
vt 0.030795 0.097652
vt 0.031480 0.097686
vt 0.030803 0.097922
vt 0.031482 0.097956
vt 0.030813 0.098193
vt 0.031483 0.098227
vt 0.030825 0.098464
vt 0.031485 0.098498
vt 0.030836 0.098735
vt 0.031487 0.098769
vt 0.030846 0.099006
vt 0.031489 0.099040
vt 0.030855 0.099278
vt 0.031491 0.099312
vt 0.030863 0.099549
vt 0.031494 0.099584
vt 0.030871 0.099821
vt 0.031496 0.099856
vt 0.030881 0.100094
vt 0.031499 0.100128
vt 0.030893 0.100366
vt 0.031503 0.100401
vt 0.030905 0.100640
vt 0.031506 0.100674
vt 0.030918 0.100913
vt 0.031510 0.100948
vt 0.030928 0.101187
vt 0.031514 0.101222
vt 0.030933 0.101461
vt 0.031518 0.101496
vt 0.030933 0.101735
vt 0.031523 0.101770
vt 0.030926 0.102009
vt 0.031528 0.102045
vt 0.030913 0.102283
vt 0.031533 0.102320
vt 0.030896 0.102557
vt 0.031538 0.102596
vt 0.030878 0.102831
vt 0.031543 0.102872
vt 0.030863 0.103106
vt 0.031548 0.103147
vt 0.030853 0.103381
vt 0.031553 0.103423
vt 0.030852 0.103657
vt 0.031559 0.103699
vt 0.030861 0.103934
vt 0.031564 0.103975
vt 0.030880 0.104211
vt 0.031568 0.104251
vt 0.030905 0.104489
vt 0.031573 0.104527
vt 0.030935 0.104767
vt 0.031577 0.104802
vt 0.030966 0.105044
vt 0.031582 0.105078
vt 0.030993 0.105323
vt 0.031586 0.105354
vt 0.031014 0.105601
vt 0.031590 0.105630
vt 0.031028 0.105879
vt 0.031595 0.105907
vt 0.031035 0.106158
vt 0.031598 0.106184
vt 0.031034 0.106437
vt 0.031597 0.106461
vt 0.031029 0.106714
vt 0.031598 0.106727
vt 0.031017 0.106983
vt 0.560140 0.475602
vt 0.560145 0.474983
vt 0.560366 0.474939
vt 0.559933 0.475662
vt 0.559933 0.475031
vt 0.160478 0.437145
vt 0.161090 0.437380
vt 0.160480 0.437539
vt 0.161093 0.436812
vt 0.161092 0.437160
vt 0.321915 0.995189
vt 0.331520 0.995189
vt 0.341124 0.995189
vt 0.350729 0.995189
vt 0.360334 0.995189
vt 0.369939 0.995189
vt 0.379544 0.995189
vt 0.344574 0.611004
vt 0.344574 0.610211
vt 0.344574 0.610208
vt 0.392816 0.611000
vt 0.392816 0.610218
vt 0.392816 0.610208
vt 0.610242 0.046215
vt 0.610242 0.045451
vt 0.610242 0.045434
vt 0.610242 0.414664
vt 0.610242 0.413923
vt 0.610242 0.413900
vt 0.620219 0.290229
vt 0.620219 0.289513
vt 0.620219 0.289487
vt 0.287726 0.621332
vt 0.287725 0.620641
vt 0.287726 0.620616
vt 0.639870 0.557632
vt 0.639870 0.556961
vt 0.639870 0.556941
vt 0.314877 0.071488
vt 0.314824 0.071882
vt 0.314766 0.071433
vt 0.314935 0.071937
vt 0.314874 0.072327
vt 0.314985 0.072382
vt 0.314881 0.072750
vt 0.314992 0.072805
vt 0.314860 0.073161
vt 0.314972 0.073216
vt 0.314841 0.073572
vt 0.314952 0.073626
vt 0.314820 0.073982
vt 0.314931 0.074036
vt 0.314796 0.074390
vt 0.314907 0.074445
vt 0.314766 0.074795
vt 0.314934 0.084904
vt 0.314881 0.084510
vt 0.314992 0.084455
vt 0.314884 0.085349
vt 0.314823 0.084959
vt 0.314877 0.085772
vt 0.314772 0.085404
vt 0.314897 0.086183
vt 0.314766 0.085827
vt 0.314917 0.086594
vt 0.314786 0.086238
vt 0.314938 0.087004
vt 0.314806 0.086648
vt 0.314962 0.087412
vt 0.314826 0.087058
vt 0.314992 0.087817
vt 0.314851 0.087467
vt 0.221297 0.352573
vt 0.221202 0.352969
vt 0.221175 0.352548
vt 0.221324 0.352993
vt 0.221219 0.353387
vt 0.221340 0.353411
vt 0.221225 0.353803
vt 0.221346 0.353828
vt 0.221223 0.354218
vt 0.221344 0.354242
vt 0.221213 0.354631
vt 0.221334 0.354655
vt 0.221196 0.355043
vt 0.221318 0.355067
vt 0.221175 0.355454
vt 0.231095 0.352969
vt 0.231001 0.352573
vt 0.231123 0.352548
vt 0.231079 0.353387
vt 0.230974 0.352993
vt 0.231073 0.353803
vt 0.230958 0.353411
vt 0.231075 0.354218
vt 0.230951 0.353828
vt 0.231085 0.354631
vt 0.230954 0.354242
vt 0.231101 0.355043
vt 0.230964 0.354655
vt 0.231123 0.355454
vt 0.230980 0.355067
vt 0.293001 0.057341
vt 0.292887 0.057724
vt 0.292877 0.057338
vt 0.293011 0.057726
vt 0.292896 0.058110
vt 0.293020 0.058112
vt 0.292903 0.058495
vt 0.293027 0.058498
vt 0.292906 0.058881
vt 0.293030 0.058883
vt 0.292907 0.059266
vt 0.293031 0.059269
vt 0.292905 0.059652
vt 0.293029 0.059654
vt 0.292900 0.060037
vt 0.293024 0.060039
vt 0.292894 0.060422
vt 0.293010 0.060810
vt 0.293018 0.060425
vt 0.293001 0.061195
vt 0.292886 0.060808
vt 0.293021 0.071186
vt 0.292907 0.070802
vt 0.293031 0.070800
vt 0.293012 0.071571
vt 0.292897 0.071188
vt 0.293005 0.071957
vt 0.292888 0.071574
vt 0.293001 0.072343
vt 0.292881 0.071959
vt 0.293001 0.072728
vt 0.292877 0.072345
vt 0.293003 0.073113
vt 0.292877 0.072730
vt 0.293008 0.073499
vt 0.292879 0.073116
vt 0.293014 0.073884
vt 0.292884 0.073501
vt 0.292898 0.074272
vt 0.292890 0.073886
vt 0.293022 0.074269
vt 0.292907 0.074657
vt 0.379047 0.362846
vt 0.378920 0.362460
vt 0.379044 0.362455
vt 0.379049 0.363237
vt 0.378923 0.362851
vt 0.379051 0.363628
vt 0.378925 0.363242
vt 0.379050 0.364020
vt 0.378927 0.363633
vt 0.379048 0.364411
vt 0.378926 0.364024
vt 0.379044 0.364802
vt 0.378924 0.364416
vt 0.379050 0.374417
vt 0.378924 0.374803
vt 0.378927 0.374412
vt 0.379048 0.374808
vt 0.378922 0.375194
vt 0.379045 0.375199
vt 0.378920 0.375586
vt 0.379044 0.375590
vt 0.378921 0.375977
vt 0.379045 0.375982
vt 0.378923 0.376368
vt 0.379047 0.376373
vt 0.378927 0.376760
vt 0.293001 0.152158
vt 0.292877 0.151778
vt 0.293001 0.151772
vt 0.293001 0.152544
vt 0.292877 0.152164
vt 0.293001 0.152930
vt 0.292877 0.152550
vt 0.293001 0.153316
vt 0.292877 0.152936
vt 0.293001 0.153701
vt 0.292877 0.153322
vt 0.293001 0.154087
vt 0.292877 0.153707
vt 0.293001 0.154473
vt 0.292877 0.154093
vt 0.293001 0.154859
vt 0.292877 0.154479
vt 0.293001 0.155245
vt 0.292877 0.154865
vt 0.293001 0.155630
vt 0.292877 0.155251
vt 0.293001 0.165247
vt 0.292877 0.165627
vt 0.292877 0.165241
vt 0.293001 0.165633
vt 0.292877 0.166013
vt 0.293001 0.166019
vt 0.292877 0.166399
vt 0.293001 0.166405
vt 0.292877 0.166785
vt 0.293001 0.166791
vt 0.292877 0.167170
vt 0.293001 0.167176
vt 0.292877 0.167556
vt 0.293001 0.167562
vt 0.292877 0.167942
vt 0.293001 0.167948
vt 0.292877 0.168328
vt 0.293001 0.168334
vt 0.292877 0.168714
vt 0.293001 0.168720
vt 0.292877 0.169099
vt 0.004926 0.390549
vt 0.004802 0.390119
vt 0.004926 0.390112
vt 0.004928 0.390985
vt 0.004802 0.390555
vt 0.004931 0.391421
vt 0.004804 0.390991
vt 0.004931 0.391857
vt 0.004807 0.391427
vt 0.004926 0.392293
vt 0.004807 0.391863
vt 0.014665 0.390119
vt 0.014541 0.390549
vt 0.014541 0.390112
vt 0.014665 0.390555
vt 0.014540 0.390985
vt 0.014663 0.390991
vt 0.014536 0.391421
vt 0.014660 0.391427
vt 0.014536 0.391857
vt 0.014660 0.391863
vt 0.014541 0.392293
vt 0.063194 0.589254
vt 0.349225 0.578722
vt 0.074533 0.413831
vt 0.074745 0.413714
vt 0.620256 0.157621
vt 0.296679 0.671836
vt 0.620220 0.157850
vt 0.212608 0.413944
vt 0.580113 0.066974
vt 0.580138 0.297077
vt 0.212185 0.415082
vt 0.610279 0.434810
vt 0.679467 0.322141
vt 0.610242 0.434580
vt 0.026124 0.366611
vt 0.874394 0.276624
vt 0.884080 0.306548
vt 0.884097 0.559616
vt 0.505426 0.985570
vt 0.495774 0.985546
vt 0.719287 0.878947
vt 0.884080 0.267573
vt 0.884080 0.111865
vt 0.545620 0.878947
vt 0.370627 0.985546
vt 0.399489 0.985570
vt 0.874428 0.286506
vt 0.884080 0.569221
vt 0.884098 0.316429
vt 0.486169 0.985570
vt 0.515031 0.985546
vt 0.884098 0.277455
vt 0.728930 0.879085
vt 0.555265 0.879085
vt 0.884098 0.121745
vt 0.380232 0.985570
vt 0.389884 0.985546
vt 0.054147 0.620616
vt 0.659689 0.126852
vt 0.659741 0.126853
vt 0.709004 0.302010
vt 0.374232 0.742019
vt 0.708952 0.302010
vt 0.024192 0.631592
vt 0.458752 0.651993
vt 0.458701 0.651993
vt 0.709005 0.292080
vt 0.383889 0.742019
vt 0.708952 0.292080
vt 0.180258 0.620616
vt 0.649818 0.259060
vt 0.649769 0.259017
vt 0.709005 0.083429
vt 0.738313 0.456076
vt 0.708952 0.083429
vt 0.659749 0.076746
vt 0.659697 0.076746
vt 0.610268 0.424966
vt 0.709005 0.063655
vt 0.738313 0.465921
vt 0.708952 0.063655
vt 0.043379 0.661640
vt 0.043431 0.661640
vt 0.639896 0.464834
vt 0.689367 0.193702
vt 0.728551 0.515712
vt 0.689315 0.193702
vt 0.053099 0.662129
vt 0.639896 0.506432
vt 0.053055 0.662174
vt 0.208985 0.702086
vt 0.373927 0.712366
vt 0.208933 0.702086
vt 0.489249 0.661640
vt 0.489301 0.661640
vt 0.605140 0.641197
vt 0.669643 0.615346
vt 0.004829 0.722261
vt 0.669591 0.615295
vt 0.392147 0.662099
vt 0.649786 0.148639
vt 0.392103 0.662148
vt 0.699193 0.182892
vt 0.699140 0.182892
vt 0.335702 0.692405
vt 0.558099 0.771413
vt 0.806482 0.112339
vt 0.806484 0.161231
vt 0.693039 0.800729
vt 0.913116 0.217689
vt 0.913153 0.217678
vt 0.913116 0.227378
vt 0.913139 0.227346
vt 0.412575 0.771215
vt 0.693291 0.830152
vt 0.806482 0.034295
vt 0.731268 0.859408
vt 0.592952 0.917909
vt 0.593005 0.917913
vt 0.573662 0.917913
vt 0.573686 0.917891
vt 0.718814 0.399050
vt 0.728562 0.564911
vt 0.169520 0.732168
vt 0.728564 0.495794
vt 0.901460 0.908178
vt 0.901498 0.908166
vt 0.913177 0.004854
vt 0.913139 0.004866
vt 0.728585 0.682885
vt 0.121342 0.771440
vt 0.733442 0.742037
vt 0.285170 0.791107
vt 0.024121 0.917913
vt 0.024111 0.917950
vt 0.033726 0.917941
vt 0.033726 0.917905
vt 0.189908 0.620616
vt 0.261341 0.578710
vt 0.088087 0.365366
vt 0.610260 0.455960
vt 0.087255 0.365692
vt 0.620238 0.473670
vt 0.580149 0.015970
vt 0.357053 0.347138
vt 0.620256 0.279409
vt 0.620219 0.279179
vt 0.357242 0.346480
vt 0.884080 0.150839
vt 0.884098 0.170465
vt 0.874394 0.257138
vt 0.466912 0.985570
vt 0.447632 0.985546
vt 0.738535 0.878947
vt 0.884080 0.287060
vt 0.884080 0.131352
vt 0.574495 0.878947
vt 0.438027 0.985546
vt 0.409118 0.985570
vt 0.884080 0.180070
vt 0.884098 0.160722
vt 0.874428 0.267020
vt 0.457260 0.985570
vt 0.476517 0.985570
vt 0.884098 0.296942
vt 0.748178 0.879085
vt 0.564890 0.879085
vt 0.884098 0.141233
vt 0.418770 0.985570
vt 0.428398 0.985546
vt 0.509971 0.742045
vt 0.246676 0.731902
vt 0.227402 0.731908
vt 0.217777 0.731902
vt 0.951759 0.679589
vt 0.951734 0.727758
vt 0.718749 0.408930
vt 0.728524 0.604156
vt 0.237051 0.731902
vt 0.951734 0.689223
vt 0.951759 0.669953
vt 0.659707 0.187231
vt 0.669609 0.244014
vt 0.669655 0.244015
vt 0.033922 0.721996
vt 0.796740 0.710419
vt 0.033875 0.721996
vt 0.659707 0.005367
vt 0.669641 0.455439
vt 0.669594 0.455440
vt 0.024270 0.721996
vt 0.796740 0.720224
vt 0.024222 0.721996
vt 0.659707 0.450696
vt 0.372835 0.661674
vt 0.372796 0.661640
vt 0.709000 0.172929
vt 0.314241 0.791092
vt 0.708952 0.172883
vt 0.669641 0.555658
vt 0.669594 0.555658
vt 0.595459 0.641800
vt 0.718797 0.654106
vt 0.718749 0.654106
vt 0.073064 0.742028
vt 0.014619 0.671878
vt 0.072404 0.661640
vt 0.014582 0.671836
vt 0.694560 0.712078
vt 0.728548 0.663376
vt 0.694512 0.712078
vt 0.659707 0.197943
vt 0.208883 0.672298
vt 0.208836 0.672298
vt 0.296475 0.702085
vt 0.024288 0.771428
vt 0.296428 0.702085
vt 0.482441 0.671881
vt 0.324091 0.661640
vt 0.482403 0.671836
vt 0.699188 0.479470
vt 0.159816 0.722264
vt 0.699140 0.479425
vt 0.062729 0.662165
vt 0.679517 0.352302
vt 0.679470 0.352302
vt 0.699188 0.232582
vt 0.699140 0.232582
vt 0.575750 0.722257
vt 0.777321 0.131922
vt 0.198357 0.810551
vt 0.806480 0.239332
vt 0.120887 0.810551
vt 0.149368 0.917891
vt 0.149402 0.917902
vt 0.216950 0.917919
vt 0.216971 0.917891
vt 0.777318 0.151516
vt 0.518272 0.859408
vt 0.806479 0.171039
vt 0.479662 0.859408
vt 0.631170 0.927653
vt 0.631154 0.927628
vt 0.775725 0.927651
vt 0.775703 0.927631
vt 0.053245 0.721990
vt 0.265956 0.732172
vt 0.130849 0.731903
vt 0.256317 0.732170
vt 0.110798 0.917902
vt 0.110853 0.917920
vt 0.101159 0.917949
vt 0.101138 0.917920
vt 0.372362 0.732148
vt 0.333264 0.781060
vt 0.748073 0.053790
vt 0.777296 0.190417
vt 0.922807 0.130592
vt 0.922782 0.130571
vt 0.922812 0.091925
vt 0.922782 0.091878
vt 0.646193 0.712383
vt 0.718749 0.350056
vt 0.699178 0.034990
vt 0.131355 0.702121
vt 0.209818 0.692434
vt 0.506243 0.917891
vt 0.506273 0.917891
vt 0.580177 0.276175
vt 0.258432 0.590129
vt 0.590227 0.408772
vt 0.248827 0.590130
vt 0.913139 0.459858
vt 0.913116 0.459828
vt 0.913153 0.343559
vt 0.913116 0.343547
vt 0.432888 0.218209
vt 0.432922 0.217257
vt 0.531137 0.589243
vt 0.531340 0.589351
vt 0.531137 0.589937
vt 0.134749 0.579325
vt 0.580113 0.473073
vt 0.580369 0.472965
vt 0.580369 0.473633
vt 0.043792 0.589362
vt 0.043949 0.589243
vt 0.043949 0.590011
vt 0.610242 0.321768
vt 0.610242 0.321762
vt 0.610242 0.322536
vt 0.610242 0.066175
vt 0.610242 0.066168
vt 0.610242 0.066949
vt 0.489614 0.610215
vt 0.489614 0.610208
vt 0.489614 0.610996
vt 0.383211 0.610214
vt 0.383211 0.610208
vt 0.383211 0.611002
vt 0.354179 0.610210
vt 0.354179 0.610208
vt 0.354179 0.611004
vt 0.437173 0.995189
vt 0.446778 0.995189
vt 0.456383 0.995189
vt 0.465988 0.995189
vt 0.475593 0.995189
vt 0.485197 0.995189
vt 0.494802 0.995189
vt 0.031601 0.106937
vt 0.160487 0.437739
vt 0.160478 0.436785
vt 0.335875 0.589859
vt 0.335586 0.589254
vt 0.335875 0.589243
vt 0.580113 0.411627
vt 0.580113 0.410853
vt 0.580271 0.410975
vt 0.610242 0.077334
vt 0.610242 0.076554
vt 0.610242 0.076560
vt 0.499219 0.610996
vt 0.499219 0.610208
vt 0.499219 0.610215
vt 0.373606 0.611003
vt 0.373606 0.610208
vt 0.373606 0.610215
vt 0.246675 0.611008
vt 0.246675 0.610208
vt 0.246675 0.610214
vt 0.237070 0.611010
vt 0.237070 0.610208
vt 0.237070 0.610210
vt 0.504407 0.995189
vt 0.514012 0.995189
vt 0.523617 0.995189
vt 0.533222 0.995189
vt 0.542827 0.995189
vt 0.552432 0.995189
vt 0.562037 0.995189
vt 0.314877 0.074850
vt 0.314881 0.087872
vt 0.221297 0.355478
vt 0.231001 0.355478
vt 0.292877 0.061193
vt 0.293031 0.074655
vt 0.378920 0.364807
vt 0.379050 0.376764
vt 0.292877 0.155637
vt 0.293001 0.169106
vt 0.004802 0.392300
vt 0.014665 0.392300
vn 0.7071 -0.0000 -0.7071
vn 0.7071 0.2418 -0.6645
vn 0.7071 -0.0000 0.7071
vn 0.7071 -0.2419 0.6644
vn -0.7071 -0.2418 0.6645
vn -0.7071 -0.0000 0.7071
vn -0.7071 0.2418 -0.6645
vn -0.7071 -0.0000 -0.7071
vn 0.7071 0.4545 -0.5417
vn 0.7071 -0.4545 0.5417
vn -0.7071 -0.4545 0.5417
vn -0.7071 0.4545 -0.5417
vn 0.7071 0.6124 -0.3535
vn 0.7071 -0.6124 0.3536
vn -0.7071 -0.6124 0.3536
vn -0.7071 0.6124 -0.3536
vn 0.7071 0.6964 -0.1228
vn 0.7071 -0.6964 0.1228
vn -0.7071 -0.6964 0.1228
vn -0.7071 0.6964 -0.1228
vn 0.7071 0.6964 0.1228
vn 0.7071 -0.6964 -0.1228
vn -0.7071 -0.6964 -0.1228
vn -0.7071 0.6964 0.1228
vn 0.7071 0.6124 0.3535
vn 0.7071 -0.6124 -0.3536
vn -0.7071 -0.6124 -0.3535
vn -0.7071 0.6124 0.3536
vn 0.7071 0.4545 0.5417
vn 0.7071 -0.4545 -0.5417
vn -0.7071 -0.4545 -0.5417
vn -0.7071 0.4545 0.5417
vn 0.7071 0.2418 0.6645
vn 0.7071 -0.2418 -0.6645
vn -0.7071 -0.2418 -0.6645
vn -0.7071 0.2418 0.6645
vn 0.7071 -0.2418 0.6645
vn 0.7071 0.2419 -0.6644
vn 0.7071 -0.6124 0.3535
vn 0.7071 0.6124 -0.3536
vn -0.7071 0.6124 -0.3535
vn 0.7071 -0.6124 -0.3535
vn 0.7071 0.6124 0.3536
vn -0.7071 -0.6124 -0.3536
vn 0.7071 0.2419 0.6644
vn 0.7071 -0.7071 -0.0000
vn -0.7071 -0.7071 -0.0000
vn -0.7071 0.7071 -0.0000
vn 0.7071 0.7071 -0.0000
vn -0.0000 -0.0000 1.0000
vn -0.0000 -0.0000 -1.0000
vn -0.0000 -1.0000 -0.0000
vn -0.0000 1.0000 -0.0000
vn -0.0000 -0.2419 -0.9703
vn 0.6978 -0.0658 -0.7133
vn 0.6981 -0.1732 -0.6947
vn 0.9239 -0.0351 -0.3811
vn 0.9239 -0.0926 -0.3713
vn 0.9239 0.0926 0.3713
vn 0.9239 0.0351 0.3811
vn 0.3827 0.2235 0.8964
vn -0.0000 0.0919 0.9958
vn -0.0000 0.2419 0.9703
vn -0.3827 0.2235 0.8964
vn -0.9239 0.0351 0.3811
vn -0.9239 0.0926 0.3713
vn -0.9239 -0.0351 -0.3810
vn -0.6981 -0.1732 -0.6947
vn -0.9239 -0.0926 -0.3713
vn -0.6978 -0.0658 -0.7133
vn -0.0000 -0.0918 -0.9958
vn 0.6967 0.0517 -0.7155
vn 0.9239 0.0276 -0.3817
vn 0.9239 0.0352 0.3811
vn 0.9239 -0.0275 0.3817
vn 0.3827 0.0850 0.9200
vn -0.0000 -0.0717 0.9974
vn -0.3827 0.0850 0.9200
vn -0.9239 -0.0275 0.3817
vn -0.9239 0.0352 0.3811
vn -0.9239 0.0276 -0.3816
vn -0.6967 0.0517 -0.7155
vn -0.0000 0.0720 -0.9974
vn 0.6948 0.1860 -0.6948
vn 0.9239 0.0990 -0.3697
vn 0.9239 -0.0274 0.3817
vn 0.9239 -0.0988 0.3697
vn 0.3826 -0.0662 0.9215
vn -0.0000 -0.2579 0.9662
vn -0.3826 -0.0662 0.9215
vn -0.9239 -0.0988 0.3697
vn -0.9239 -0.0274 0.3817
vn -0.9239 0.0990 -0.3696
vn -0.6948 0.1860 -0.6948
vn -0.0000 0.2586 -0.9660
vn 0.6917 0.3422 -0.6359
vn 0.9239 0.1814 -0.3369
vn 0.9239 -0.0987 0.3698
vn 0.9239 -0.1811 0.3371
vn 0.3826 -0.2381 0.8927
vn -0.0000 -0.4724 0.8814
vn -0.3826 -0.2381 0.8927
vn -0.9239 -0.1811 0.3371
vn -0.9239 -0.0987 0.3698
vn -0.9239 0.1814 -0.3369
vn -0.6917 0.3422 -0.6359
vn -0.0000 0.4737 -0.8807
vn 0.6879 0.5131 -0.5134
vn 0.9239 0.2706 -0.2705
vn 0.9238 -0.1808 0.3374
vn 0.9239 -0.2702 0.2709
vn 0.3825 -0.4362 0.8145
vn -0.0000 -0.7052 0.7090
vn -0.3825 -0.4362 0.8145
vn -0.9239 -0.2702 0.2709
vn -0.9238 -0.1808 0.3374
vn -0.9239 0.2706 -0.2705
vn -0.6879 0.5131 -0.5134
vn -0.0000 0.7068 -0.7075
vn 0.6849 0.6612 -0.3062
vn 0.9239 0.3472 -0.1606
vn 0.9238 -0.2700 0.2713
vn 0.7310 -0.6188 0.2874
vn 0.3825 -0.6513 0.6553
vn -0.0000 -0.9069 0.4214
vn -0.3825 -0.6513 0.6553
vn -0.7310 -0.6188 0.2874
vn -0.9238 -0.2700 0.2713
vn -0.9239 0.3472 -0.1606
vn -0.6849 0.6612 -0.3062
vn -0.0000 0.9985 -0.0548
vn -0.0000 0.9073 -0.4204
vn 0.6849 0.7276 -0.0401
vn 0.9239 -0.3471 0.1612
vn 0.7311 -0.6813 0.0368
vn -0.7311 -0.6813 0.0368
vn -0.9239 -0.3471 0.1612
vn -0.6849 0.7276 -0.0401
vn -0.0000 0.9562 0.2929
vn 0.6879 0.6940 0.2124
vn 0.9239 0.3820 -0.0212
vn 0.9238 -0.3658 -0.1128
vn 0.9239 -0.3821 0.0206
vn 0.3825 -0.8828 -0.2728
vn -0.0000 -0.9986 0.0537
vn -0.3825 -0.8828 -0.2728
vn -0.9238 -0.3658 -0.1128
vn -0.9239 -0.3821 0.0206
vn -0.9239 0.3820 -0.0212
vn -0.6879 0.6940 0.2124
vn -0.0000 0.8317 0.5552
vn 0.6917 0.6007 0.4009
vn 0.9239 0.3659 0.1118
vn 0.9238 -0.3181 -0.2130
vn 0.9239 -0.3657 -0.1123
vn 0.3825 -0.7675 -0.5144
vn -0.0000 -0.9555 -0.2950
vn -0.3825 -0.7675 -0.5144
vn -0.9239 -0.3657 -0.1123
vn -0.9238 -0.3181 -0.2130
vn -0.9239 0.3659 0.1118
vn -0.6917 0.6007 0.4009
vn -0.0000 0.6818 0.7315
vn 0.6948 0.4904 0.5261
vn 0.9239 0.3183 0.2123
vn 0.9239 -0.2607 -0.2802
vn 0.9239 -0.3181 -0.2126
vn 0.3826 -0.6293 -0.6764
vn -0.0000 -0.8309 -0.5565
vn -0.3826 -0.6293 -0.6765
vn -0.9239 -0.3181 -0.2126
vn -0.9239 -0.2607 -0.2802
vn -0.9239 0.3183 0.2123
vn -0.6948 0.4904 0.5261
vn -0.0000 0.5319 0.8468
vn 0.6967 0.3815 0.6075
vn 0.9239 0.2609 0.2799
vn 0.9239 -0.2034 -0.3242
vn 0.9239 -0.2608 -0.2800
vn 0.3826 -0.4911 -0.7826
vn -0.0000 -0.6813 -0.7320
vn -0.3826 -0.4911 -0.7826
vn -0.9239 -0.2608 -0.2800
vn -0.9239 -0.2034 -0.3242
vn -0.9239 0.2609 0.2799
vn -0.6967 0.3815 0.6075
vn -0.0000 0.3864 0.9223
vn 0.6978 0.2768 0.6607
vn 0.9239 0.2036 0.3240
vn 0.9239 -0.1478 -0.3530
vn 0.9239 -0.2035 -0.3241
vn 0.3827 -0.3569 -0.8522
vn -0.0000 -0.5316 -0.8470
vn -0.3827 -0.3569 -0.8522
vn -0.9239 -0.2035 -0.3241
vn -0.9239 -0.1478 -0.3530
vn -0.9239 0.2036 0.3240
vn -0.6978 0.2768 0.6607
vn 0.6981 0.1732 0.6947
vn 0.9239 0.1479 0.3530
vn 0.9239 -0.1479 -0.3530
vn 0.3827 -0.2235 -0.8964
vn -0.0000 -0.3863 -0.9224
vn -0.3827 -0.2235 -0.8964
vn -0.9239 -0.1479 -0.3530
vn -0.9239 0.1479 0.3530
vn -0.6981 0.1732 0.6947
vn 0.6978 0.0658 0.7133
vn 0.9239 -0.0351 -0.3810
vn -0.0000 -0.0919 -0.9958
vn -0.9239 0.0351 0.3810
vn -0.6978 0.0658 0.7133
vn -0.0000 0.0918 0.9958
vn 0.6967 -0.0517 0.7155
vn 0.9239 -0.0276 0.3816
vn 0.9239 -0.0352 -0.3810
vn 0.9239 0.0275 -0.3817
vn 0.3827 -0.0850 -0.9200
vn -0.0000 0.0717 -0.9974
vn -0.3827 -0.0850 -0.9200
vn -0.9239 0.0275 -0.3817
vn -0.9239 -0.0352 -0.3810
vn -0.9239 -0.0276 0.3817
vn -0.6967 -0.0517 0.7155
vn -0.0000 -0.0720 0.9974
vn 0.6948 -0.1860 0.6948
vn 0.9239 -0.0990 0.3696
vn 0.9239 0.0274 -0.3817
vn 0.9239 0.0988 -0.3697
vn 0.3826 0.0662 -0.9215
vn -0.0000 0.2579 -0.9662
vn -0.3827 0.0662 -0.9215
vn -0.9239 0.0988 -0.3697
vn -0.9239 0.0274 -0.3817
vn -0.9239 -0.0990 0.3696
vn -0.6948 -0.1860 0.6947
vn -0.0000 -0.2586 0.9660
vn 0.6917 -0.3422 0.6359
vn 0.9239 -0.1814 0.3369
vn 0.9239 0.0987 -0.3698
vn 0.9239 0.1811 -0.3371
vn 0.3826 0.2381 -0.8927
vn -0.0000 0.4724 -0.8814
vn -0.3826 0.2381 -0.8927
vn -0.9239 0.1811 -0.3371
vn -0.9239 0.0987 -0.3698
vn -0.9239 -0.1814 0.3369
vn -0.6917 -0.3422 0.6359
vn -0.0000 -0.4737 0.8807
vn 0.6879 -0.5131 0.5134
vn 0.9239 -0.2706 0.2705
vn 0.9238 0.1808 -0.3374
vn 0.9239 0.2702 -0.2709
vn 0.3825 0.4362 -0.8145
vn -0.0000 0.7052 -0.7090
vn -0.3825 0.4362 -0.8145
vn -0.9239 0.2702 -0.2709
vn -0.9238 0.1808 -0.3374
vn -0.9239 -0.2706 0.2705
vn -0.6879 -0.5131 0.5134
vn -0.0000 -0.7068 0.7075
vn 0.6849 -0.6612 0.3062
vn 0.9239 -0.3472 0.1607
vn 0.9238 0.2700 -0.2713
vn 0.7310 0.6188 -0.2874
vn 0.3825 0.6513 -0.6553
vn -0.0000 0.9069 -0.4214
vn -0.3825 0.6513 -0.6553
vn -0.7310 0.6188 -0.2874
vn -0.9238 0.2700 -0.2713
vn -0.9239 -0.3472 0.1606
vn -0.6849 -0.6612 0.3062
vn -0.0000 -0.9985 0.0548
vn -0.0000 -0.9073 0.4204
vn 0.6849 -0.7276 0.0401
vn 0.9239 0.3471 -0.1612
vn 0.7310 0.6813 -0.0368
vn -0.0000 0.9986 -0.0537
vn -0.7310 0.6813 -0.0368
vn -0.9239 0.3471 -0.1612
vn -0.6849 -0.7276 0.0401
vn -0.0000 -0.9562 -0.2929
vn 0.6879 -0.6940 -0.2124
vn 0.9239 -0.3820 0.0212
vn 0.9238 0.3658 0.1128
vn 0.9239 0.3821 -0.0206
vn 0.3825 0.8828 0.2728
vn -0.3825 0.8828 0.2728
vn -0.9238 0.3658 0.1128
vn -0.9239 0.3821 -0.0206
vn -0.9239 -0.3820 0.0212
vn -0.6879 -0.6940 -0.2124
vn -0.0000 -0.8317 -0.5552
vn 0.6917 -0.6007 -0.4009
vn 0.9239 -0.3659 -0.1118
vn 0.9238 0.3181 0.2130
vn 0.9239 0.3657 0.1123
vn 0.3825 0.7675 0.5144
vn -0.0000 0.9555 0.2950
vn -0.3825 0.7675 0.5144
vn -0.9239 0.3657 0.1123
vn -0.9238 0.3181 0.2130
vn -0.9239 -0.3659 -0.1118
vn -0.6917 -0.6007 -0.4009
vn -0.0000 -0.6818 -0.7315
vn 0.6948 -0.4904 -0.5261
vn 0.9239 -0.3183 -0.2123
vn 0.9239 0.2607 0.2802
vn 0.9239 0.3181 0.2126
vn 0.3826 0.6293 0.6764
vn -0.0000 0.8309 0.5565
vn -0.3826 0.6293 0.6764
vn -0.9239 0.3181 0.2126
vn -0.9239 0.2607 0.2802
vn -0.9239 -0.3183 -0.2124
vn -0.6948 -0.4904 -0.5261
vn -0.0000 -0.5319 -0.8468
vn 0.6967 -0.3815 -0.6075
vn 0.9239 -0.2609 -0.2799
vn 0.9239 0.2034 0.3242
vn 0.9239 0.2608 0.2800
vn 0.3827 0.4911 0.7826
vn -0.0000 0.6813 0.7320
vn -0.3826 0.4910 0.7826
vn -0.9239 0.2608 0.2800
vn -0.9239 0.2034 0.3242
vn -0.9239 -0.2609 -0.2799
vn -0.6967 -0.3815 -0.6074
vn -0.0000 -0.3864 -0.9223
vn 0.6978 -0.2768 -0.6607
vn 0.9239 -0.2036 -0.3240
vn 0.9239 0.1478 0.3530
vn 0.9239 0.2035 0.3241
vn 0.3827 0.3569 0.8522
vn -0.0000 0.5316 0.8470
vn -0.3827 0.3569 0.8522
vn -0.9239 0.2035 0.3241
vn -0.9239 0.1478 0.3529
vn -0.9239 -0.2036 -0.3240
vn -0.6978 -0.2768 -0.6607
vn 0.9239 0.1479 0.3529
vn -0.0000 0.3863 0.9224
vn -0.9239 0.1479 0.3529
vn -0.0000 -0.0814 -0.9967
vn 0.6970 0.0607 -0.7145
vn 0.6973 -0.0583 -0.7144
vn 0.9239 0.0324 -0.3813
vn 0.9239 -0.0311 -0.3814
vn 0.9239 0.0311 0.3814
vn 0.9239 -0.0324 0.3813
vn 0.3827 0.0752 0.9208
vn -0.0000 -0.0845 0.9964
vn -0.0000 0.0814 0.9967
vn -0.7172 0.0567 0.6946
vn -0.7175 -0.0588 0.6940
vn -0.9239 0.0311 0.3814
vn -0.9239 0.0324 -0.3813
vn -0.6973 -0.0583 -0.7144
vn -0.9239 -0.0311 -0.3814
vn -0.6970 0.0607 -0.7145
vn -0.0000 0.0846 -0.9964
vn 0.6960 0.1859 -0.6936
vn 0.9239 0.0991 -0.3696
vn 0.9239 -0.0323 0.3813
vn 0.3827 -0.0780 0.9206
vn -0.0000 -0.2585 0.9660
vn -0.9239 -0.0323 0.3813
vn -0.9239 0.0991 -0.3696
vn -0.6960 0.1859 -0.6936
vn -0.0000 0.2588 -0.9659
vn 0.6942 0.3209 -0.6442
vn 0.9239 0.1706 -0.3425
vn 0.9239 -0.0989 0.3697
vn 0.9239 -0.1705 0.3426
vn 0.3826 -0.2387 0.8925
vn -0.0000 -0.4452 0.8954
vn -0.3826 -0.2387 0.8925
vn -0.9239 -0.1705 0.3426
vn -0.9239 -0.0989 0.3697
vn -0.9239 0.1706 -0.3425
vn -0.6942 0.3209 -0.6442
vn -0.0000 0.4458 -0.8951
vn 0.6917 0.4649 -0.5527
vn 0.9239 0.2463 -0.2928
vn 0.9238 -0.1704 0.3427
vn 0.9239 -0.2461 0.2929
vn 0.3826 -0.4112 0.8274
vn -0.0000 -0.6427 0.7661
vn -0.3826 -0.4112 0.8274
vn -0.9239 -0.2461 0.2930
vn -0.9239 -0.1704 0.3427
vn -0.9239 0.2463 -0.2928
vn -0.6917 0.4649 -0.5527
vn -0.0000 0.6436 -0.7654
vn 0.6887 0.6039 -0.4013
vn 0.9239 0.3187 -0.2117
vn 0.9238 -0.2460 0.2933
vn 0.9239 -0.3185 0.2119
vn 0.3826 -0.5936 0.7080
vn -0.0000 -0.8320 0.5548
vn -0.3826 -0.5936 0.7080
vn -0.9239 -0.3185 0.2120
vn -0.9238 -0.2460 0.2933
vn -0.9239 0.3187 -0.2117
vn -0.6887 0.6039 -0.4013
vn -0.0000 0.8328 -0.5536
vn 0.6865 0.7034 -0.1842
vn 0.9239 0.3701 -0.0969
vn 0.9238 -0.3185 0.2123
vn 0.7291 -0.6620 0.1739
vn 0.3826 -0.7686 0.5128
vn -0.0000 -0.9672 0.2542
vn -0.3826 -0.7686 0.5128
vn -0.7291 -0.6620 0.1739
vn -0.9238 -0.3185 0.2123
vn -0.9239 0.3701 -0.0969
vn -0.6865 0.7034 -0.1842
vn -0.0000 0.9956 0.0933
vn -0.0000 0.9673 -0.2535
vn 0.6865 0.7240 0.0677
vn 0.9239 -0.3810 -0.0359
vn 0.9239 -0.3701 0.0972
vn 0.7291 -0.6814 -0.0642
vn -0.7291 -0.6814 -0.0642
vn -0.9239 -0.3810 -0.0359
vn -0.9239 -0.3701 0.0972
vn -0.6865 0.7240 0.0677
vn -0.0000 0.9115 0.4112
vn 0.6887 0.6610 0.2980
vn 0.9239 0.3810 0.0356
vn 0.9238 -0.3487 -0.1579
vn 0.3826 -0.8415 -0.3814
vn -0.0000 -0.9956 -0.0940
vn -0.3826 -0.8415 -0.3814
vn -0.9238 -0.3487 -0.1579
vn -0.9239 0.3810 0.0356
vn -0.6887 0.6610 0.2980
vn -0.0000 0.7592 0.6509
vn 0.6917 0.5484 0.4700
vn 0.9239 0.3488 0.1572
vn 0.9238 -0.2903 -0.2495
vn 0.9239 -0.3487 -0.1575
vn 0.3826 -0.7006 -0.6023
vn -0.0000 -0.9109 -0.4125
vn -0.3826 -0.7006 -0.6023
vn -0.9239 -0.3487 -0.1575
vn -0.9238 -0.2903 -0.2495
vn -0.9239 0.3488 0.1572
vn -0.6917 0.5484 0.4700
vn -0.0000 0.5851 0.8110
vn 0.6942 0.4212 0.5837
vn 0.9239 0.2906 0.2490
vn 0.9239 -0.2237 -0.3105
vn 0.9239 -0.2904 -0.2492
vn 0.3826 -0.5399 -0.7497
vn -0.0000 -0.7584 -0.6517
vn -0.3826 -0.5399 -0.7497
vn -0.9239 -0.2904 -0.2492
vn -0.9239 -0.2237 -0.3105
vn -0.9239 0.2906 0.2490
vn -0.6942 0.4212 0.5837
vn -0.0000 0.4120 0.9112
vn 0.6960 0.2959 0.6542
vn 0.9239 0.2239 0.3103
vn 0.9239 -0.1576 -0.3488
vn 0.9239 -0.2238 -0.3104
vn 0.3827 -0.3803 -0.8420
vn -0.0000 -0.5845 -0.8114
vn -0.3827 -0.3803 -0.8420
vn -0.9239 -0.2238 -0.3104
vn -0.9239 -0.1576 -0.3488
vn -0.9239 0.2239 0.3103
vn -0.6960 0.2959 0.6542
vn -0.0000 0.2451 0.9695
vn 0.6970 0.1757 0.6952
vn 0.9239 0.1577 0.3487
vn 0.9239 -0.0937 -0.3710
vn 0.9239 -0.1576 -0.3487
vn 0.3827 -0.2263 -0.8958
vn -0.0000 -0.4117 -0.9113
vn -0.3827 -0.2263 -0.8958
vn -0.9239 -0.1576 -0.3487
vn -0.9239 -0.0937 -0.3710
vn -0.9239 0.1577 0.3486
vn -0.6970 0.1757 0.6952
vn 0.6973 0.0583 0.7144
vn 0.9239 0.0938 0.3710
vn 0.9239 -0.0938 -0.3710
vn 0.3827 -0.0752 -0.9208
vn -0.0000 -0.2449 -0.9695
vn -0.3827 -0.0752 -0.9208
vn -0.9239 -0.0938 -0.3710
vn -0.9239 0.0938 0.3710
vn -0.6973 0.0583 0.7144
vn 0.6970 -0.0607 0.7145
vn -0.0000 0.0845 -0.9964
vn -0.9239 -0.0324 0.3813
vn -0.6970 -0.0607 0.7145
vn -0.0000 -0.0846 0.9964
vn 0.6960 -0.1859 0.6936
vn 0.9239 -0.0991 0.3696
vn 0.9239 0.0323 -0.3813
vn 0.9239 0.0990 -0.3696
vn 0.3827 0.0780 -0.9206
vn -0.0000 0.2585 -0.9660
vn -0.3827 0.0780 -0.9206
vn -0.9239 0.0323 -0.3813
vn -0.9239 -0.0991 0.3696
vn -0.6960 -0.1859 0.6936
vn -0.0000 -0.2588 0.9659
vn 0.6942 -0.3209 0.6442
vn 0.9239 -0.1706 0.3425
vn 0.9239 0.0989 -0.3697
vn 0.9239 0.1705 -0.3426
vn 0.3826 0.2387 -0.8925
vn -0.0000 0.4452 -0.8954
vn -0.3826 0.2387 -0.8925
vn -0.9239 0.1705 -0.3426
vn -0.9239 0.0989 -0.3697
vn -0.9239 -0.1706 0.3425
vn -0.6942 -0.3209 0.6442
vn -0.0000 -0.4458 0.8951
vn 0.6917 -0.4649 0.5527
vn 0.9239 -0.2463 0.2928
vn 0.9238 0.1704 -0.3427
vn 0.9239 0.2461 -0.2929
vn 0.3826 0.4112 -0.8274
vn -0.0000 0.6427 -0.7661
vn -0.3826 0.4112 -0.8273
vn -0.9239 0.2461 -0.2929
vn -0.9239 0.1704 -0.3427
vn -0.9239 -0.2463 0.2928
vn -0.6917 -0.4649 0.5527
vn -0.0000 -0.6436 0.7654
vn 0.6887 -0.6039 0.4013
vn 0.9239 -0.3187 0.2117
vn 0.9238 0.2460 -0.2933
vn 0.9239 0.3185 -0.2119
vn 0.3826 0.5936 -0.7080
vn -0.0000 0.8320 -0.5548
vn -0.3826 0.5936 -0.7080
vn -0.9239 0.3185 -0.2119
vn -0.9238 0.2460 -0.2933
vn -0.9239 -0.3187 0.2117
vn -0.6887 -0.6039 0.4013
vn -0.0000 -0.8328 0.5536
vn 0.6865 -0.7034 0.1842
vn 0.9239 -0.3701 0.0969
vn 0.9238 0.3185 -0.2123
vn 0.7291 0.6620 -0.1739
vn 0.3826 0.7686 -0.5128
vn -0.0000 0.9672 -0.2542
vn -0.3826 0.7685 -0.5128
vn -0.7291 0.6620 -0.1739
vn -0.9238 0.3185 -0.2123
vn -0.9239 -0.3701 0.0969
vn -0.6865 -0.7034 0.1842
vn -0.0000 -0.9956 -0.0933
vn -0.0000 -0.9673 0.2535
vn 0.6865 -0.7240 -0.0677
vn 0.9239 0.3810 0.0359
vn 0.9239 0.3701 -0.0972
vn 0.7291 0.6814 0.0642
vn -0.7291 0.6814 0.0642
vn -0.9239 0.3810 0.0359
vn -0.9239 0.3701 -0.0972
vn -0.6865 -0.7240 -0.0677
vn -0.0000 -0.9115 -0.4112
vn 0.6887 -0.6610 -0.2980
vn 0.9239 -0.3810 -0.0355
vn 0.9238 0.3487 0.1579
vn 0.3826 0.8415 0.3814
vn -0.0000 0.9956 0.0940
vn -0.3826 0.8415 0.3814
vn -0.9238 0.3487 0.1579
vn -0.9239 -0.3810 -0.0356
vn -0.6887 -0.6610 -0.2980
vn -0.0000 -0.7592 -0.6509
vn 0.6917 -0.5484 -0.4700
vn 0.9239 -0.3488 -0.1572
vn 0.9238 0.2903 0.2495
vn 0.9239 0.3487 0.1575
vn 0.3826 0.7006 0.6023
vn -0.0000 0.9109 0.4125
vn -0.3826 0.7006 0.6023
vn -0.9239 0.3487 0.1575
vn -0.9238 0.2903 0.2495
vn -0.9239 -0.3488 -0.1572
vn -0.6917 -0.5484 -0.4700
vn -0.0000 -0.5851 -0.8110
vn 0.6942 -0.4212 -0.5837
vn 0.9239 -0.2906 -0.2490
vn 0.9239 0.2237 0.3106
vn 0.9239 0.2904 0.2492
vn 0.3826 0.5399 0.7497
vn -0.0000 0.7584 0.6517
vn -0.3826 0.5399 0.7497
vn -0.9239 0.2904 0.2492
vn -0.9239 0.2237 0.3105
vn -0.9239 -0.2906 -0.2490
vn -0.6942 -0.4211 -0.5837
vn -0.0000 -0.4120 -0.9112
vn 0.6960 -0.2959 -0.6542
vn 0.9239 -0.2239 -0.3103
vn 0.9239 0.1576 0.3488
vn 0.9239 0.2238 0.3104
vn 0.3827 0.3803 0.8420
vn -0.0000 0.5845 0.8114
vn -0.3827 0.3803 0.8420
vn -0.9239 0.2238 0.3104
vn -0.9239 0.1576 0.3488
vn -0.9239 -0.2239 -0.3103
vn -0.6960 -0.2959 -0.6542
vn -0.0000 -0.2451 -0.9695
vn 0.6970 -0.1757 -0.6952
vn 0.9239 -0.1577 -0.3487
vn 0.9239 0.0937 0.3710
vn 0.9239 0.1576 0.3487
vn 0.3827 0.2263 0.8958
vn -0.0000 0.4117 0.9113
vn -0.3827 0.2263 0.8958
vn -0.9239 0.1576 0.3487
vn -0.9239 0.0937 0.3710
vn -0.9239 -0.1577 -0.3487
vn -0.6970 -0.1757 -0.6952
vn -0.0000 0.2449 0.9695
vn -0.0000 0.0814 -0.9967
vn 0.6961 0.1861 -0.6934
vn 0.6964 0.0584 -0.7153
vn 0.9239 0.0992 -0.3696
vn 0.9239 0.0311 -0.3814
vn 0.9239 -0.0311 0.3814
vn 0.9239 -0.0992 0.3696
vn 0.3827 -0.0752 0.9208
vn -0.0000 -0.2590 0.9659
vn -0.0000 -0.0814 0.9967
vn -0.3827 -0.0752 0.9208
vn -0.9239 -0.0992 0.3696
vn -0.9239 -0.0311 0.3814
vn -0.9239 0.0992 -0.3696
vn -0.6964 0.0584 -0.7153
vn -0.9239 0.0311 -0.3814
vn -0.6961 0.1861 -0.6934
vn -0.0000 0.2591 -0.9658
vn 0.6953 0.3144 -0.6463
vn 0.9239 0.1674 -0.3441
vn 0.9239 -0.0991 0.3697
vn 0.9239 -0.1673 0.3441
vn 0.3827 -0.2393 0.8924
vn -0.0000 -0.4371 0.8994
vn -0.3827 -0.2393 0.8924
vn -0.9239 -0.1673 0.3441
vn -0.9239 -0.0991 0.3697
vn -0.9239 0.1674 -0.3441
vn -0.6953 0.3144 -0.6464
vn -0.0000 0.4373 -0.8993
vn 0.6938 0.4434 -0.5675
vn 0.9239 0.2356 -0.3015
vn 0.9239 -0.1673 0.3442
vn 0.9239 -0.2355 0.3016
vn 0.3827 -0.4037 0.8310
vn -0.0000 -0.6152 0.7883
vn -0.3827 -0.4037 0.8310
vn -0.9239 -0.2355 0.3016
vn -0.9239 -0.1673 0.3442
vn -0.9239 0.2356 -0.3015
vn -0.6938 0.4434 -0.5675
vn -0.0000 0.6157 -0.7880
vn 0.6917 0.5675 -0.4466
vn 0.9239 0.3007 -0.2366
vn 0.9239 -0.2355 0.3017
vn 0.9239 -0.3006 0.2367
vn 0.3826 -0.5683 0.7284
vn -0.0000 -0.7853 0.6191
vn -0.3826 -0.5683 0.7284
vn -0.9239 -0.3006 0.2368
vn -0.9239 -0.2355 0.3018
vn -0.9239 0.3007 -0.2366
vn -0.6917 0.5675 -0.4466
vn -0.0000 0.7858 -0.6185
vn 0.6895 0.6700 -0.2750
vn 0.9239 0.3540 -0.1452
vn 0.9239 -0.3006 0.2370
vn 0.9239 -0.3539 0.1454
vn 0.3826 -0.7254 0.5722
vn -0.0000 -0.9247 0.3806
vn -0.3826 -0.7254 0.5722
vn -0.9239 -0.3539 0.1454
vn -0.9239 -0.3006 0.2370
vn -0.9239 0.3540 -0.1452
vn -0.6895 0.6700 -0.2750
vn -0.0000 0.9251 -0.3798
vn 0.6880 0.7234 -0.0579
vn 0.9239 0.3814 -0.0305
vn 0.9239 -0.3539 0.1457
vn 0.7273 -0.6841 0.0551
vn 0.3826 -0.8543 0.3518
vn -0.0000 -0.9968 0.0803
vn -0.3826 -0.8543 0.3518
vn -0.7273 -0.6841 0.0551
vn -0.9239 -0.3539 0.1457
vn -0.9239 0.3814 -0.0305
vn -0.6880 0.7234 -0.0579
vn -0.0000 0.9707 0.2405
vn -0.0000 0.9968 -0.0799
vn 0.9239 0.3714 0.0919
vn 0.9239 -0.3714 -0.0922
vn 0.9239 -0.3814 0.0307
vn 0.7273 -0.6661 -0.1653
vn -0.7273 -0.6661 -0.1653
vn -0.9239 -0.3714 -0.0922
vn -0.9239 -0.3814 0.0307
vn -0.9239 0.3714 0.0919
vn -0.0000 0.8512 0.5248
vn 0.6880 0.7044 0.1745
vn 0.6895 0.6166 0.3800
vn 0.9239 -0.3256 -0.2011
vn 0.3826 -0.7859 -0.4857
vn -0.0000 -0.9706 -0.2409
vn -0.3826 -0.7859 -0.4857
vn -0.9239 -0.3256 -0.2011
vn -0.6895 0.6166 0.3800
vn -0.6880 0.7044 0.1745
vn -0.0000 0.6751 0.7377
vn 0.6917 0.4876 0.5327
vn 0.9239 0.3258 0.2007
vn 0.9239 -0.2582 -0.2826
vn 0.9239 -0.3257 -0.2009
vn 0.3826 -0.6230 -0.6823
vn -0.0000 -0.8508 -0.5256
vn -0.3826 -0.6230 -0.6822
vn -0.9239 -0.3257 -0.2009
vn -0.9239 -0.2581 -0.2826
vn -0.9239 0.3258 0.2007
vn -0.6917 0.4876 0.5327
vn -0.0000 0.4797 0.8774
vn 0.6938 0.3455 0.6319
vn 0.9239 0.2584 0.2822
vn 0.9239 -0.1834 -0.3359
vn 0.9239 -0.2582 -0.2823
vn 0.3826 -0.4427 -0.8110
vn -0.0000 -0.6745 -0.7383
vn -0.3826 -0.4427 -0.8110
vn -0.9239 -0.2582 -0.2824
vn -0.9239 -0.1834 -0.3359
vn -0.9239 0.2584 0.2822
vn -0.6938 0.3455 0.6319
vn -0.0000 0.2857 0.9583
vn 0.6953 0.2054 0.6888
vn 0.9239 0.1836 0.3357
vn 0.9239 -0.1092 -0.3668
vn 0.9239 -0.1835 -0.3358
vn 0.3827 -0.2636 -0.8855
vn -0.0000 -0.4792 -0.8777
vn -0.3827 -0.2636 -0.8855
vn -0.9239 -0.1835 -0.3358
vn -0.9239 -0.1092 -0.3668
vn -0.9239 0.1836 0.3357
vn -0.6953 0.2054 0.6888
vn -0.0000 0.0991 0.9951
vn 0.6961 0.0711 0.7144
vn 0.9239 0.1094 0.3667
vn 0.9239 -0.0379 -0.3808
vn 0.9239 -0.1093 -0.3667
vn 0.3827 -0.0914 -0.9194
vn -0.0000 -0.2854 -0.9584
vn -0.3827 -0.0914 -0.9193
vn -0.9239 -0.1093 -0.3667
vn -0.9239 -0.0379 -0.3808
vn -0.9239 0.1094 0.3667
vn -0.6961 0.0711 0.7144
vn 0.6964 -0.0584 0.7153
vn 0.9239 0.0379 0.3808
vn 0.3827 0.0752 -0.9208
vn -0.0000 -0.0990 -0.9951
vn -0.3827 0.0752 -0.9208
vn -0.9239 0.0379 0.3808
vn 0.6961 -0.1861 0.6934
vn -0.0000 0.2590 -0.9659
vn -0.6961 -0.1861 0.6934
vn -0.0000 -0.2591 0.9658
vn 0.6952 -0.3144 0.6464
vn 0.9239 -0.1674 0.3442
vn 0.9239 0.1673 -0.3441
vn 0.3827 0.2393 -0.8924
vn -0.0000 0.4371 -0.8994
vn -0.3827 0.2393 -0.8924
vn -0.9239 0.1673 -0.3441
vn -0.9239 -0.1674 0.3441
vn -0.6952 -0.3144 0.6464
vn -0.0000 -0.4373 0.8993
vn 0.6938 -0.4434 0.5675
vn 0.9239 -0.2356 0.3015
vn 0.9239 0.1673 -0.3442
vn 0.9239 0.2355 -0.3016
vn 0.3826 0.4037 -0.8310
vn -0.0000 0.6152 -0.7883
vn -0.3827 0.4037 -0.8310
vn -0.9239 0.2355 -0.3016
vn -0.9239 0.1673 -0.3442
vn -0.9239 -0.2356 0.3015
vn -0.6938 -0.4434 0.5675
vn -0.0000 -0.6157 0.7880
vn 0.6917 -0.5675 0.4466
vn 0.9239 -0.3007 0.2366
vn 0.9239 0.2355 -0.3017
vn 0.9239 0.3006 -0.2367
vn 0.3826 0.5683 -0.7284
vn -0.0000 0.7853 -0.6191
vn -0.3826 0.5683 -0.7284
vn -0.9239 0.3006 -0.2368
vn -0.9239 0.2355 -0.3017
vn -0.9239 -0.3007 0.2366
vn -0.6917 -0.5675 0.4466
vn -0.0000 -0.7858 0.6185
vn 0.6896 -0.6700 0.2750
vn 0.9239 -0.3540 0.1452
vn 0.9239 0.3006 -0.2370
vn 0.9239 0.3539 -0.1454
vn 0.3826 0.7254 -0.5722
vn -0.0000 0.9247 -0.3806
vn -0.3826 0.7254 -0.5722
vn -0.9239 0.3539 -0.1454
vn -0.9239 0.3006 -0.2370
vn -0.9239 -0.3540 0.1452
vn -0.6895 -0.6700 0.2750
vn -0.0000 -0.9251 0.3798
vn 0.6880 -0.7234 0.0579
vn 0.9239 -0.3814 0.0305
vn 0.9239 0.3539 -0.1457
vn 0.7273 0.6841 -0.0551
vn 0.3826 0.8543 -0.3518
vn -0.0000 0.9968 -0.0803
vn -0.3826 0.8543 -0.3518
vn -0.7273 0.6841 -0.0551
vn -0.9239 0.3539 -0.1457
vn -0.9239 -0.3814 0.0305
vn -0.6880 -0.7234 0.0579
vn -0.0000 -0.9968 0.0799
vn 0.6880 -0.7044 -0.1745
vn 0.9239 -0.3714 -0.0919
vn 0.9239 0.3814 -0.0307
vn 0.7273 0.6661 0.1653
vn -0.0000 0.9706 0.2409
vn -0.7273 0.6661 0.1653
vn -0.9239 0.3814 -0.0307
vn -0.9239 -0.3714 -0.0919
vn -0.6880 -0.7044 -0.1745
vn -0.0000 -0.8512 -0.5248
vn -0.0000 -0.9707 -0.2405
vn 0.6895 -0.6165 -0.3800
vn 0.9239 0.3256 0.2011
vn 0.9239 0.3714 0.0922
vn 0.3826 0.7859 0.4857
vn -0.3826 0.7859 0.4857
vn -0.9239 0.3256 0.2011
vn -0.9239 0.3714 0.0922
vn -0.6896 -0.6166 -0.3800
vn -0.0000 -0.6751 -0.7377
vn 0.6917 -0.4876 -0.5327
vn 0.9239 -0.3258 -0.2007
vn 0.9239 0.2581 0.2826
vn 0.9239 0.3256 0.2009
vn 0.3826 0.6230 0.6823
vn -0.0000 0.8508 0.5256
vn -0.3826 0.6230 0.6822
vn -0.9239 0.3256 0.2009
vn -0.9238 0.2581 0.2826
vn -0.9239 -0.3258 -0.2007
vn -0.6917 -0.4876 -0.5327
vn -0.0000 -0.4797 -0.8774
vn 0.6938 -0.3455 -0.6319
vn 0.9239 -0.2584 -0.2822
vn 0.9239 0.1834 0.3359
vn 0.9239 0.2582 0.2823
vn 0.3826 0.4427 0.8110
vn -0.0000 0.6745 0.7383
vn -0.3826 0.4427 0.8110
vn -0.9239 0.2582 0.2824
vn -0.9239 0.1834 0.3359
vn -0.9239 -0.2584 -0.2822
vn -0.6938 -0.3455 -0.6319
vn -0.0000 -0.2857 -0.9583
vn 0.6953 -0.2054 -0.6888
vn 0.9239 -0.1836 -0.3357
vn 0.9239 0.1092 0.3668
vn 0.9239 0.1835 0.3358
vn 0.3827 0.2636 0.8855
vn -0.0000 0.4792 0.8777
vn -0.3827 0.2636 0.8855
vn -0.9239 0.1835 0.3358
vn -0.9239 0.1092 0.3668
vn -0.9239 -0.1836 -0.3357
vn -0.6953 -0.2054 -0.6888
vn -0.0000 -0.0991 -0.9951
vn 0.6961 -0.0711 -0.7144
vn 0.9239 -0.1094 -0.3667
vn 0.9239 0.1093 0.3667
vn 0.3827 0.0914 0.9194
vn -0.0000 0.2854 0.9584
vn -0.3827 0.0914 0.9194
vn -0.9239 0.1093 0.3667
vn -0.9239 -0.1094 -0.3667
vn -0.6961 -0.0711 -0.7144
vn -0.0000 0.0990 0.9951
vn -0.0000 0.2419 -0.9703
vn 0.6953 0.3065 -0.6502
vn 0.6955 0.1738 -0.6972
vn 0.9239 0.1632 -0.3461
vn 0.9239 0.0926 -0.3713
vn 0.9239 -0.0926 0.3713
vn 0.7194 -0.2961 0.6284
vn 0.7191 -0.1681 0.6743
vn -0.0000 -0.4262 0.9046
vn -0.0000 -0.2419 0.9703
vn -0.3827 -0.2235 0.8964
vn -0.9239 -0.1631 0.3462
vn -0.9239 -0.0926 0.3713
vn -0.9239 0.1632 -0.3461
vn -0.6955 0.1738 -0.6972
vn -0.9239 0.0926 -0.3713
vn -0.6953 0.3065 -0.6501
vn -0.0000 0.4264 -0.9046
vn 0.6945 0.4324 -0.5750
vn 0.9239 0.2300 -0.3059
vn 0.9239 -0.1631 0.3462
vn 0.9239 -0.2299 0.3059
vn -0.0000 -0.6007 0.7994
vn -0.3827 -0.3938 0.8358
vn -0.9239 -0.2299 0.3059
vn -0.9239 0.2300 -0.3058
vn -0.6945 0.4324 -0.5750
vn -0.0000 0.6010 -0.7993
vn 0.6934 0.5484 -0.4674
vn 0.9239 0.2913 -0.2482
vn 0.9239 -0.2912 0.2483
vn 0.3827 -0.5550 0.7386
vn -0.0000 -0.7608 0.6490
vn -0.3827 -0.5550 0.7386
vn -0.9239 -0.2912 0.2483
vn -0.9239 0.2913 -0.2482
vn -0.6934 0.5484 -0.4674
vn -0.0000 0.7610 -0.6487
vn 0.6919 0.6460 -0.3224
vn 0.9239 0.3424 -0.1708
vn 0.9239 -0.2911 0.2484
vn 0.9239 -0.3423 0.1709
vn 0.3827 -0.7028 0.5997
vn -0.0000 -0.8945 0.4471
vn -0.3826 -0.7028 0.5997
vn -0.9239 -0.3423 0.1709
vn -0.9239 -0.2911 0.2484
vn -0.9239 0.3424 -0.1708
vn -0.6919 0.6460 -0.3224
vn -0.0000 0.8947 -0.4466
vn 0.6904 0.7098 -0.1397
vn 0.9239 0.3754 -0.0739
vn 0.9239 -0.3423 0.1711
vn 0.9239 -0.3754 0.0740
vn 0.3826 -0.8263 0.4132
vn -0.0000 -0.9810 0.1938
vn -0.3827 -0.8263 0.4132
vn -0.9239 -0.3754 0.0740
vn -0.9239 -0.3423 0.1711
vn -0.9239 0.3754 -0.0739
vn -0.6904 0.7098 -0.1397
vn -0.0000 0.9812 -0.1932
vn 0.6895 0.7210 0.0689
vn 0.9239 0.3809 0.0364
vn 0.9239 -0.3755 0.0741
vn 0.7257 -0.6849 -0.0653
vn 0.3827 -0.9064 0.1791
vn -0.0000 -0.9955 -0.0949
vn -0.3827 -0.9064 0.1791
vn -0.7257 -0.6849 -0.0653
vn -0.9239 -0.3755 0.0741
vn -0.9239 0.3809 0.0364
vn -0.6895 0.7210 0.0689
vn -0.0000 0.9955 0.0951
vn 0.6895 0.6690 0.2776
vn 0.9239 0.3534 0.1466
vn 0.9239 -0.3810 -0.0363
vn 0.7257 -0.6354 -0.2639
vn -0.0000 -0.9235 -0.3835
vn -0.7257 -0.6354 -0.2639
vn -0.9239 -0.3810 -0.0363
vn -0.9239 0.3534 0.1466
vn -0.6895 0.6690 0.2776
vn -0.0000 0.7756 0.6312
vn -0.0000 0.9236 0.3833
vn 0.6904 0.5611 0.4566
vn 0.9239 -0.2967 -0.2417
vn 0.9239 -0.3534 -0.1468
vn 0.3826 -0.7162 -0.5837
vn -0.3827 -0.7162 -0.5837
vn -0.9239 -0.2967 -0.2417
vn -0.9239 -0.3534 -0.1468
vn -0.6904 0.5611 0.4566
vn -0.0000 0.5803 0.8144
vn 0.6919 0.4191 0.5880
vn 0.9239 0.2968 0.2415
vn 0.9239 -0.2219 -0.3118
vn 0.9239 -0.2967 -0.2416
vn 0.3826 -0.5356 -0.7528
vn -0.0000 -0.7752 -0.6317
vn -0.3826 -0.5356 -0.7528
vn -0.9239 -0.2967 -0.2416
vn -0.9239 -0.2219 -0.3118
vn -0.9239 0.2968 0.2415
vn -0.6919 0.4191 0.5879
vn -0.0000 0.3674 0.9301
vn 0.6934 0.2648 0.6702
vn 0.9239 0.2221 0.3116
vn 0.9239 -0.1405 -0.3560
vn 0.9239 -0.2220 -0.3117
vn 0.3827 -0.3390 -0.8595
vn -0.0000 -0.5799 -0.8147
vn -0.3826 -0.3390 -0.8595
vn -0.9239 -0.2220 -0.3117
vn -0.9239 -0.1405 -0.3560
vn -0.9239 0.2221 0.3116
vn -0.6934 0.2648 0.6702
vn -0.0000 0.1554 0.9879
vn 0.6945 0.1118 0.7107
vn 0.9239 0.1406 0.3559
vn 0.9239 -0.0593 -0.3781
vn 0.9239 -0.1406 -0.3559
vn 0.3827 -0.1432 -0.9127
vn -0.0000 -0.3670 -0.9302
vn -0.3827 -0.1432 -0.9127
vn -0.9239 -0.1405 -0.3559
vn -0.9239 -0.0593 -0.3781
vn -0.9239 0.1406 0.3559
vn -0.6945 0.1118 0.7107
vn -0.0000 -0.0482 0.9988
vn 0.6952 -0.0346 0.7179
vn 0.9239 0.0595 0.3780
vn 0.9239 0.0185 -0.3823
vn 0.9239 -0.0594 -0.3780
vn 0.7193 0.0336 -0.6939
vn -0.0000 -0.1551 -0.9879
vn -0.3827 0.0447 -0.9228
vn -0.9239 -0.0594 -0.3780
vn -0.9239 0.0185 -0.3822
vn -0.9239 0.0595 0.3780
vn -0.6952 -0.0346 0.7179
vn 0.6955 -0.1738 0.6972
vn 0.9239 -0.0184 0.3822
vn 0.7191 0.1681 -0.6743
vn -0.0000 0.0483 -0.9988
vn -0.3827 0.2235 -0.8964
vn -0.9239 -0.0184 0.3822
vn -0.6955 -0.1738 0.6972
vn 0.6953 -0.3065 0.6502
vn 0.9239 -0.1632 0.3461
vn 0.9239 0.1631 -0.3462
vn -0.0000 0.4263 -0.9046
vn -0.9239 0.1631 -0.3461
vn -0.9239 -0.1632 0.3462
vn -0.6952 -0.3065 0.6502
vn -0.0000 -0.4264 0.9046
vn 0.6945 -0.4324 0.5750
vn 0.9239 -0.2300 0.3058
vn 0.9239 0.2299 -0.3059
vn 0.3827 0.3938 -0.8358
vn -0.0000 0.6007 -0.7994
vn -0.3827 0.3938 -0.8358
vn -0.9239 0.2299 -0.3059
vn -0.9239 0.1631 -0.3462
vn -0.9239 -0.2300 0.3058
vn -0.6945 -0.4324 0.5750
vn -0.0000 -0.6009 0.7993
vn 0.6934 -0.5484 0.4674
vn 0.9239 -0.2913 0.2482
vn 0.9239 0.2299 -0.3060
vn 0.9239 0.2912 -0.2483
vn 0.3827 0.5550 -0.7386
vn -0.0000 0.7608 -0.6490
vn -0.3826 0.5550 -0.7386
vn -0.9239 0.2912 -0.2483
vn -0.9239 0.2299 -0.3060
vn -0.9239 -0.2913 0.2482
vn -0.6934 -0.5484 0.4674
vn -0.0000 -0.7611 0.6487
vn 0.6919 -0.6460 0.3224
vn 0.9239 -0.3424 0.1708
vn 0.9239 0.2911 -0.2484
vn 0.9239 0.3423 -0.1709
vn 0.3827 0.7028 -0.5997
vn -0.0000 0.8945 -0.4471
vn -0.3827 0.7028 -0.5997
vn -0.9239 0.3423 -0.1709
vn -0.9239 0.2912 -0.2484
vn -0.9239 -0.3424 0.1708
vn -0.6919 -0.6460 0.3224
vn -0.0000 -0.8947 0.4466
vn 0.6904 -0.7098 0.1397
vn 0.9239 -0.3754 0.0739
vn 0.9239 0.3423 -0.1711
vn 0.9239 0.3754 -0.0740
vn 0.3826 0.8264 -0.4132
vn -0.0000 0.9810 -0.1938
vn -0.3826 0.8264 -0.4132
vn -0.9239 0.3754 -0.0740
vn -0.9239 0.3423 -0.1711
vn -0.9239 -0.3754 0.0739
vn -0.6904 -0.7098 0.1397
vn -0.0000 -0.9812 0.1932
vn 0.6895 -0.7210 -0.0690
vn 0.9239 -0.3809 -0.0364
vn 0.9239 0.3755 -0.0741
vn 0.7257 0.6849 0.0653
vn 0.3827 0.9064 -0.1791
vn -0.0000 0.9955 0.0949
vn -0.3827 0.9064 -0.1791
vn -0.7257 0.6849 0.0653
vn -0.9239 0.3755 -0.0741
vn -0.9239 -0.3809 -0.0365
vn -0.6895 -0.7210 -0.0690
vn -0.0000 -0.9236 -0.3833
vn -0.0000 -0.9955 -0.0952
vn 0.6895 -0.6690 -0.2776
vn 0.9239 0.3534 0.1468
vn 0.9239 0.3809 0.0363
vn -0.0000 0.9235 0.3835
vn -0.9239 0.3534 0.1468
vn -0.9239 0.3809 0.0363
vn -0.6895 -0.6690 -0.2776
vn -0.0000 -0.7756 -0.6312
vn 0.6904 -0.5611 -0.4566
vn 0.9239 -0.3534 -0.1466
vn 0.9239 0.2967 0.2417
vn 0.7257 0.6354 0.2639
vn 0.3826 0.7162 0.5837
vn -0.3826 0.7162 0.5837
vn -0.7257 0.6354 0.2639
vn -0.9239 0.2967 0.2417
vn -0.9239 -0.3534 -0.1466
vn -0.6904 -0.5611 -0.4566
vn -0.0000 -0.5803 -0.8144
vn 0.6919 -0.4191 -0.5880
vn 0.9239 -0.2968 -0.2415
vn 0.9239 0.2219 0.3118
vn 0.9239 0.2967 0.2416
vn 0.3826 0.5356 0.7528
vn -0.0000 0.7752 0.6317
vn -0.3826 0.5356 0.7528
vn -0.9239 0.2967 0.2416
vn -0.9239 0.2219 0.3118
vn -0.9239 -0.2968 -0.2415
vn -0.6919 -0.4191 -0.5880
vn -0.0000 -0.3674 -0.9301
vn 0.6934 -0.2648 -0.6702
vn 0.9239 -0.2221 -0.3116
vn 0.9239 0.1405 0.3560
vn 0.9239 0.2220 0.3117
vn 0.3826 0.3390 0.8595
vn -0.0000 0.5799 0.8147
vn -0.3826 0.3390 0.8595
vn -0.9239 0.2220 0.3116
vn -0.9239 0.1405 0.3560
vn -0.9239 -0.2221 -0.3116
vn -0.6934 -0.2648 -0.6702
vn -0.0000 -0.1554 -0.9879
vn 0.6945 -0.1118 -0.7107
vn 0.9239 0.0593 0.3781
vn 0.9239 0.1405 0.3559
vn 0.3827 0.1432 0.9127
vn -0.0000 0.3670 0.9302
vn -0.3827 0.1432 0.9127
vn -0.9239 0.1405 0.3559
vn -0.9239 0.0593 0.3781
vn -0.9239 -0.1406 -0.3559
vn -0.6945 -0.1118 -0.7107
vn -0.0000 0.0482 -0.9988
vn 0.6953 0.0346 -0.7179
vn 0.9239 -0.0595 -0.3780
vn 0.9239 -0.0185 0.3823
vn 0.9239 0.0594 0.3780
vn 0.7193 -0.0336 0.6938
vn -0.0000 0.1551 0.9879
vn -0.3827 -0.0447 0.9228
vn -0.9239 0.0594 0.3780
vn -0.9239 -0.0185 0.3822
vn -0.9239 -0.0595 -0.3780
vn -0.6953 0.0346 -0.7179
vn 0.9239 0.0184 -0.3822
vn -0.0000 -0.0483 0.9988
vn -0.9239 0.0184 -0.3822
vn -0.5878 0.2034 0.7830
vn -0.9511 -0.0777 -0.2991
vn -0.0000 -0.2514 -0.9679
vn 0.9511 -0.0777 -0.2991
vn 0.5878 0.2034 0.7830
vn -0.0000 0.9679 -0.2514
vn -0.0000 -0.9679 0.2514
vn -0.8090 -0.3654 -0.4604
vn 0.3090 -0.5912 -0.7450
vn 0.3090 -0.5912 -0.7449
vn 1.0000 -0.0000 -0.0000
vn 0.3090 0.5912 0.7449
vn 0.3090 0.5912 0.7450
vn -0.8090 0.3654 0.4604
vn -0.0000 0.7833 -0.6217
vn -0.0000 -0.7833 0.6217
vn -0.5878 -0.1302 0.7985
vn -0.9511 0.0497 -0.3050
vn -0.0000 0.1609 -0.9870
vn 0.9511 0.0497 -0.3050
vn 0.5878 -0.1302 0.7985
vn -0.0000 0.9870 0.1609
vn -0.0000 -0.9870 -0.1609
vn 0.8090 -0.2621 0.5261
vn 0.8090 -0.2621 0.5262
vn -0.3090 -0.4240 0.8513
vn -1.0000 -0.0000 -0.0000
vn -0.3090 0.4240 -0.8513
vn 0.8090 0.2621 -0.5262
vn 0.8090 0.2621 -0.5261
vn -0.0000 0.8951 0.4458
vn -0.0000 -0.8951 -0.4458
vn 0.6645 0.2418 0.7071
vn -0.6645 -0.2418 0.7071
vn -0.6645 -0.2418 -0.7071
vn 0.6645 0.2418 -0.7071
vn 0.5417 0.4545 0.7071
vn -0.5417 -0.4545 0.7071
vn -0.5417 -0.4545 -0.7071
vn 0.5417 0.4545 -0.7071
vn 0.3536 0.6124 0.7071
vn -0.3535 -0.6124 0.7071
vn -0.3535 -0.6124 -0.7071
vn 0.3536 0.6124 -0.7071
vn 0.1228 0.6964 0.7071
vn -0.1228 -0.6964 0.7071
vn -0.1228 -0.6964 -0.7071
vn 0.1228 0.6964 -0.7071
vn -0.1228 0.6964 0.7071
vn 0.1228 -0.6964 0.7071
vn 0.1228 -0.6964 -0.7071
vn -0.1228 0.6964 -0.7071
vn -0.3536 0.6124 0.7071
vn 0.3535 -0.6124 0.7071
vn 0.3535 -0.6124 -0.7071
vn -0.3536 0.6124 -0.7071
vn -0.5417 0.4545 0.7071
vn 0.5417 -0.4545 0.7071
vn 0.5417 -0.4545 -0.7071
vn -0.5417 0.4545 -0.7071
vn -0.6645 0.2418 0.7071
vn 0.6645 -0.2418 0.7071
vn 0.6645 -0.2418 -0.7071
vn -0.6645 0.2418 -0.7071
vn -0.6645 0.2419 0.7071
vn -0.6645 -0.2419 0.7071
vn -0.3536 -0.6124 0.7071
vn 0.3535 0.6124 0.7071
vn 0.3535 0.6124 -0.7071
vn -0.3536 -0.6124 -0.7071
vn 0.3536 -0.6124 0.7071
vn -0.3535 0.6124 0.7071
vn -0.3535 0.6124 -0.7071
vn 0.3536 -0.6124 -0.7071
vn -0.0000 -0.7071 0.7071
vn -0.0000 -0.7071 -0.7071
vn -0.0000 0.7071 -0.7071
vn -0.0000 0.7071 0.7071
vn 0.7461 -0.6651 0.0314
vn -0.5728 -0.6651 -0.4792
vn -0.7461 0.6651 -0.0314
vn 0.5728 0.6651 0.4792
vn 0.5727 0.6651 0.4792
vn -0.3395 -0.3395 0.8772
vn 0.3396 0.3396 -0.8772
vn 0.5728 -0.6651 -0.4792
vn -0.7461 -0.6651 0.0314
vn -0.5727 0.6651 0.4792
vn 0.7461 0.6651 -0.0314
vn 0.3395 -0.3395 0.8772
vn -0.3395 0.3396 -0.8772
vn -0.3396 0.3396 -0.8772
vn -0.9703 -0.2419 -0.0000
vn -0.7133 -0.0654 -0.6978
vn -0.6948 -0.1732 -0.6981
vn -0.3811 -0.0349 -0.9239
vn -0.3713 -0.0926 -0.9239
vn 0.3713 0.0926 -0.9239
vn 0.3811 0.0350 -0.9239
vn 0.8964 0.2235 -0.3827
vn 0.9958 0.0914 -0.0000
vn 0.9703 0.2419 -0.0000
vn 0.8964 0.2235 0.3827
vn 0.3811 0.0350 0.9239
vn 0.3713 0.0926 0.9239
vn -0.3811 -0.0349 0.9239
vn -0.6948 -0.1732 0.6981
vn -0.3713 -0.0926 0.9239
vn -0.7133 -0.0654 0.6978
vn -0.9958 -0.0913 -0.0000
vn -0.7154 0.0524 -0.6967
vn -0.3816 0.0280 -0.9239
vn 0.3817 -0.0279 -0.9239
vn 0.9200 0.0845 -0.3827
vn 0.9974 -0.0727 -0.0000
vn 0.9200 0.0845 0.3827
vn 0.3817 -0.0279 0.9239
vn -0.3816 0.0280 0.9239
vn -0.7154 0.0524 0.6967
vn -0.9973 0.0730 -0.0000
vn -0.6945 0.1870 -0.6947
vn -0.3695 0.0995 -0.9239
vn 0.3817 -0.0278 -0.9239
vn 0.3695 -0.0993 -0.9239
vn 0.9215 -0.0671 -0.3826
vn 0.9658 -0.2592 -0.0000
vn 0.9215 -0.0671 0.3826
vn 0.3695 -0.0993 0.9239
vn 0.3817 -0.0278 0.9239
vn -0.3695 0.0995 0.9239
vn -0.6945 0.1870 0.6947
vn -0.9656 0.2599 -0.0000
vn -0.6354 0.3432 -0.6917
vn -0.3366 0.1819 -0.9239
vn 0.3697 -0.0992 -0.9239
vn 0.3368 -0.1816 -0.9239
vn 0.8924 -0.2393 -0.3826
vn 0.8807 -0.4737 -0.0000
vn 0.8924 -0.2393 0.3826
vn 0.3368 -0.1816 0.9239
vn 0.3697 -0.0992 0.9239
vn -0.3366 0.1819 0.9239
vn -0.6354 0.3432 0.6917
vn -0.8799 0.4751 -0.0000
vn -0.5126 0.5138 -0.6879
vn -0.2702 0.2709 -0.9239
vn 0.3371 -0.1814 -0.9238
vn 0.2705 -0.2705 -0.9239
vn 0.8138 -0.4375 -0.3825
vn 0.7081 -0.7061 -0.0000
vn 0.8138 -0.4375 0.3825
vn 0.2705 -0.2705 0.9239
vn 0.3371 -0.1814 0.9238
vn -0.2702 0.2709 0.9239
vn -0.5126 0.5138 0.6879
vn -0.7065 0.7078 -0.0000
vn -0.3058 0.6613 -0.6849
vn -0.1604 0.3473 -0.9239
vn 0.2710 -0.2704 -0.9238
vn 0.2871 -0.6191 -0.7310
vn 0.6545 -0.6522 -0.3825
vn 0.4209 -0.9071 -0.0000
vn 0.6545 -0.6522 0.3825
vn 0.2871 -0.6191 0.7310
vn 0.2710 -0.2704 0.9238
vn -0.1604 0.3473 0.9239
vn -0.3058 0.6613 0.6849
vn -0.4199 0.9076 -0.0000
vn -0.0405 0.7275 -0.6849
vn 0.0209 -0.3821 -0.9239
vn 0.1610 -0.3472 -0.9239
vn 0.0542 -0.9985 -0.0000
vn 0.0209 -0.3821 0.9239
vn 0.1610 -0.3472 0.9239
vn -0.0405 0.7275 0.6849
vn 0.2915 0.9566 -0.0000
vn -0.0554 0.9985 -0.0000
vn 0.2114 0.6943 -0.6879
vn -0.0214 0.3820 -0.9239
vn -0.1123 -0.3660 -0.9238
vn 0.0371 -0.6814 -0.7310
vn -0.2717 -0.8831 -0.3825
vn -0.2717 -0.8831 0.3825
vn 0.0371 -0.6814 0.7310
vn -0.1123 -0.3660 0.9238
vn -0.0214 0.3820 0.9239
vn 0.2114 0.6943 0.6879
vn 0.5539 0.8326 -0.0000
vn 0.3999 0.6013 -0.6917
vn 0.1113 0.3660 -0.9239
vn -0.2125 -0.3184 -0.9238
vn -0.1118 -0.3659 -0.9239
vn -0.5132 -0.7683 -0.3825
vn -0.2937 -0.9559 -0.0000
vn -0.5132 -0.7683 0.3825
vn -0.1118 -0.3659 0.9239
vn -0.2125 -0.3184 0.9238
vn 0.1113 0.3661 0.9239
vn 0.3999 0.6013 0.6917
vn 0.7306 0.6828 -0.0000
vn 0.5254 0.4912 -0.6947
vn 0.2118 0.3187 -0.9239
vn -0.2798 -0.2611 -0.9239
vn -0.2121 -0.3184 -0.9239
vn -0.6756 -0.6302 -0.3826
vn -0.5552 -0.8317 -0.0000
vn -0.6756 -0.6302 0.3826
vn -0.2121 -0.3184 0.9239
vn -0.2798 -0.2611 0.9239
vn 0.2118 0.3187 0.9239
vn 0.5254 0.4912 0.6947
vn 0.8463 0.5327 -0.0000
vn 0.6071 0.3822 -0.6967
vn 0.2795 0.2613 -0.9239
vn -0.3240 -0.2037 -0.9239
vn -0.2796 -0.2612 -0.9239
vn -0.7821 -0.4918 -0.3827
vn -0.7311 -0.6823 -0.0000
vn -0.7821 -0.4918 0.3827
vn -0.2796 -0.2612 0.9239
vn -0.3240 -0.2037 0.9239
vn 0.2795 0.2613 0.9239
vn 0.6071 0.3821 0.6967
vn 0.9221 0.3869 -0.0000
vn 0.6605 0.2771 -0.6978
vn 0.3239 0.2039 -0.9239
vn -0.3529 -0.1480 -0.9239
vn -0.3239 -0.2038 -0.9239
vn -0.8520 -0.3573 -0.3827
vn -0.8465 -0.5324 -0.0000
vn -0.8520 -0.3573 0.3827
vn -0.3239 -0.2038 0.9239
vn -0.3529 -0.1480 0.9239
vn 0.3239 0.2039 0.9239
vn 0.6605 0.2771 0.6978
vn 0.6948 0.1732 -0.6981
vn 0.3529 0.1481 -0.9239
vn -0.8964 -0.2235 -0.3827
vn -0.9222 -0.3868 -0.0000
vn -0.8964 -0.2235 0.3827
vn 0.3529 0.1481 0.9239
vn 0.6948 0.1732 0.6981
vn 0.7133 0.0654 -0.6978
vn 0.3811 0.0349 -0.9239
vn -0.3811 -0.0350 -0.9239
vn -0.9958 -0.0914 -0.0000
vn -0.3811 -0.0350 0.9239
vn 0.3811 0.0349 0.9239
vn 0.7133 0.0654 0.6978
vn 0.9958 0.0913 -0.0000
vn 0.7154 -0.0524 -0.6967
vn 0.3816 -0.0280 -0.9239
vn -0.3817 0.0279 -0.9239
vn -0.9200 -0.0845 -0.3827
vn -0.9974 0.0727 -0.0000
vn -0.9200 -0.0845 0.3826
vn -0.3817 0.0279 0.9239
vn 0.3816 -0.0280 0.9239
vn 0.7154 -0.0524 0.6967
vn 0.9973 -0.0730 -0.0000
vn 0.6945 -0.1870 -0.6948
vn 0.3695 -0.0995 -0.9239
vn -0.3817 0.0278 -0.9239
vn -0.3695 0.0993 -0.9239
vn -0.9215 0.0671 -0.3827
vn -0.9658 0.2592 -0.0000
vn -0.9215 0.0671 0.3826
vn -0.3695 0.0993 0.9239
vn -0.3817 0.0278 0.9239
vn 0.3695 -0.0995 0.9239
vn 0.6945 -0.1870 0.6948
vn 0.9656 -0.2599 -0.0000
vn 0.6354 -0.3432 -0.6917
vn 0.3366 -0.1819 -0.9239
vn -0.3697 0.0992 -0.9239
vn -0.3368 0.1816 -0.9239
vn -0.8924 0.2393 -0.3826
vn -0.8807 0.4737 -0.0000
vn -0.8924 0.2393 0.3826
vn -0.3368 0.1816 0.9239
vn -0.3697 0.0992 0.9239
vn 0.3366 -0.1819 0.9239
vn 0.6354 -0.3432 0.6917
vn 0.8799 -0.4751 -0.0000
vn 0.5126 -0.5138 -0.6879
vn 0.2701 -0.2709 -0.9239
vn -0.3371 0.1814 -0.9238
vn -0.2705 0.2705 -0.9239
vn -0.8138 0.4375 -0.3825
vn -0.7081 0.7061 -0.0000
vn -0.8138 0.4375 0.3825
vn -0.2705 0.2705 0.9239
vn -0.3371 0.1814 0.9238
vn 0.2701 -0.2709 0.9239
vn 0.5126 -0.5138 0.6879
vn 0.7065 -0.7078 -0.0000
vn 0.3058 -0.6613 -0.6849
vn 0.1604 -0.3473 -0.9239
vn -0.2710 0.2704 -0.9238
vn -0.2871 0.6191 -0.7310
vn -0.6545 0.6522 -0.3825
vn -0.4209 0.9071 -0.0000
vn -0.6545 0.6522 0.3825
vn -0.2871 0.6191 0.7310
vn -0.2710 0.2704 0.9238
vn 0.1604 -0.3473 0.9239
vn 0.3058 -0.6613 0.6849
vn 0.4199 -0.9076 -0.0000
vn 0.0405 -0.7275 -0.6849
vn -0.0209 0.3821 -0.9239
vn -0.1610 0.3472 -0.9239
vn -0.0542 0.9985 -0.0000
vn -0.0209 0.3821 0.9239
vn -0.1610 0.3472 0.9239
vn 0.0405 -0.7275 0.6849
vn -0.2915 -0.9566 -0.0000
vn 0.0554 -0.9985 -0.0000
vn -0.2114 -0.6943 -0.6879
vn 0.0214 -0.3820 -0.9239
vn 0.1123 0.3660 -0.9238
vn -0.0371 0.6814 -0.7310
vn 0.2717 0.8831 -0.3825
vn 0.2717 0.8831 0.3825
vn -0.0371 0.6814 0.7310
vn 0.1123 0.3660 0.9238
vn 0.0214 -0.3820 0.9239
vn -0.2114 -0.6943 0.6879
vn -0.5539 -0.8326 -0.0000
vn -0.3999 -0.6013 -0.6917
vn -0.1113 -0.3660 -0.9239
vn 0.2125 0.3184 -0.9238
vn 0.1118 0.3659 -0.9239
vn 0.5132 0.7683 -0.3825
vn 0.2937 0.9559 -0.0000
vn 0.5132 0.7683 0.3825
vn 0.1118 0.3659 0.9239
vn 0.2125 0.3184 0.9238
vn -0.1113 -0.3661 0.9239
vn -0.3999 -0.6013 0.6917
vn -0.7306 -0.6828 -0.0000
vn -0.5254 -0.4912 -0.6947
vn -0.2118 -0.3187 -0.9239
vn 0.2798 0.2611 -0.9239
vn 0.2121 0.3184 -0.9239
vn 0.6756 0.6302 -0.3826
vn 0.5552 0.8317 -0.0000
vn 0.6756 0.6302 0.3826
vn 0.2121 0.3184 0.9239
vn 0.2798 0.2611 0.9239
vn -0.2118 -0.3187 0.9239
vn -0.5254 -0.4912 0.6947
vn -0.8463 -0.5327 -0.0000
vn -0.6071 -0.3822 -0.6967
vn -0.2795 -0.2613 -0.9239
vn 0.3240 0.2037 -0.9239
vn 0.2796 0.2612 -0.9239
vn 0.7821 0.4918 -0.3827
vn 0.7311 0.6823 -0.0000
vn 0.7821 0.4918 0.3827
vn 0.2796 0.2612 0.9239
vn 0.3240 0.2037 0.9239
vn -0.2795 -0.2613 0.9239
vn -0.6071 -0.3821 0.6967
vn -0.9221 -0.3869 -0.0000
vn -0.6605 -0.2772 -0.6978
vn -0.3239 -0.2039 -0.9239
vn 0.3529 0.1480 -0.9239
vn 0.3239 0.2038 -0.9239
vn 0.8520 0.3573 -0.3827
vn 0.8465 0.5324 -0.0000
vn 0.8520 0.3573 0.3827
vn 0.3239 0.2038 0.9239
vn 0.3529 0.1480 0.9239
vn -0.3239 -0.2039 0.9239
vn -0.6605 -0.2772 0.6978
vn -0.3529 -0.1481 -0.9239
vn 0.9222 0.3868 -0.0000
vn -0.3529 -0.1481 0.9239
vn -0.9967 -0.0814 -0.0000
vn -0.7145 0.0611 -0.6970
vn -0.7144 -0.0583 -0.6973
vn -0.3813 0.0326 -0.9239
vn -0.3814 -0.0311 -0.9239
vn 0.3814 0.0311 -0.9239
vn 0.3813 -0.0326 -0.9239
vn 0.9208 0.0752 -0.3827
vn 0.9964 -0.0850 -0.0000
vn 0.9967 0.0814 -0.0000
vn 0.9208 0.0752 0.3827
vn 0.3813 -0.0326 0.9239
vn 0.3814 0.0311 0.9239
vn -0.3813 0.0326 0.9239
vn -0.7144 -0.0583 0.6973
vn -0.3814 -0.0311 0.9239
vn -0.7145 0.0611 0.6969
vn -0.9964 0.0851 -0.0000
vn -0.6934 0.1866 -0.6960
vn 0.3813 -0.0325 -0.9239
vn 0.3695 -0.0994 -0.9239
vn 0.9205 -0.0785 -0.3827
vn 0.9657 -0.2595 -0.0000
vn 0.9205 -0.0785 0.3827
vn 0.3695 -0.0994 0.9239
vn 0.3813 -0.0325 0.9239
vn -0.6934 0.1866 0.6960
vn -0.9657 0.2598 -0.0000
vn -0.6438 0.3219 -0.6942
vn -0.3423 0.1711 -0.9239
vn 0.3696 -0.0993 -0.9239
vn 0.3423 -0.1710 -0.9239
vn 0.8923 -0.2396 -0.3827
vn 0.8948 -0.4465 -0.0000
vn 0.8923 -0.2396 0.3827
vn 0.3423 -0.1710 0.9239
vn 0.3696 -0.0993 0.9239
vn -0.3423 0.1711 0.9239
vn -0.6438 0.3219 0.6942
vn -0.8945 0.4471 -0.0000
vn -0.5519 0.4658 -0.6917
vn -0.2924 0.2468 -0.9239
vn 0.3425 -0.1709 -0.9239
vn 0.2926 -0.2466 -0.9239
vn 0.8268 -0.4124 -0.3826
vn 0.7651 -0.6439 -0.0000
vn 0.8268 -0.4124 0.3826
vn 0.2926 -0.2466 0.9239
vn 0.3425 -0.1709 0.9239
vn -0.2924 0.2468 0.9239
vn -0.5519 0.4658 0.6917
vn -0.7643 0.6448 -0.0000
vn -0.4004 0.6044 -0.6887
vn -0.2112 0.3190 -0.9239
vn 0.2929 -0.2465 -0.9238
vn 0.2115 -0.3188 -0.9239
vn 0.7071 -0.5947 -0.3825
vn 0.5537 -0.8327 -0.0000
vn 0.7071 -0.5947 0.3825
vn 0.2115 -0.3188 0.9239
vn 0.2929 -0.2465 0.9238
vn -0.2112 0.3190 0.9239
vn -0.4004 0.6044 0.6887
vn -0.5524 0.8336 -0.0000
vn -0.1838 0.7034 -0.6866
vn -0.0967 0.3702 -0.9239
vn 0.2119 -0.3188 -0.9238
vn 0.1736 -0.6621 -0.7290
vn 0.5118 -0.7692 -0.3826
vn 0.2537 -0.9673 -0.0000
vn 0.5118 -0.7692 0.3826
vn 0.1736 -0.6621 0.7290
vn 0.2119 -0.3188 0.9238
vn -0.0967 0.3702 0.9239
vn -0.1838 0.7034 0.6866
vn 0.0927 0.9957 -0.0000
vn -0.2530 0.9675 -0.0000
vn 0.0673 0.7239 -0.6866
vn -0.0357 -0.3810 -0.9239
vn 0.0970 -0.3702 -0.9239
vn -0.0639 -0.6815 -0.7290
vn -0.0639 -0.6815 0.7290
vn -0.0357 -0.3810 0.9239
vn 0.0970 -0.3702 0.9239
vn 0.0354 0.3810 0.9239
vn 0.4099 0.9121 -0.0000
vn 0.2971 0.6614 -0.6887
vn 0.0354 0.3810 -0.9239
vn -0.1574 -0.3489 -0.9238
vn -0.3803 -0.8420 -0.3826
vn -0.0935 -0.9956 -0.0000
vn -0.3803 -0.8420 0.3826
vn -0.1574 -0.3489 0.9238
vn 0.2971 0.6613 0.6887
vn 0.0673 0.7239 0.6866
vn 0.6496 0.7603 -0.0000
vn 0.4691 0.5491 -0.6917
vn 0.1567 0.3491 -0.9239
vn -0.2490 -0.2907 -0.9238
vn -0.1570 -0.3489 -0.9239
vn -0.6013 -0.7015 -0.3826
vn -0.4114 -0.9115 -0.0000
vn -0.6013 -0.7015 0.3826
vn -0.1570 -0.3489 0.9239
vn -0.2490 -0.2907 0.9238
vn 0.1567 0.3490 0.9239
vn 0.4691 0.5491 0.6917
vn 0.8101 0.5863 -0.0000
vn 0.5831 0.4220 -0.6942
vn 0.2485 0.2910 -0.9239
vn -0.3102 -0.2242 -0.9239
vn -0.2487 -0.2908 -0.9239
vn -0.7489 -0.5410 -0.3826
vn -0.6506 -0.7594 -0.0000
vn -0.7489 -0.5410 0.3826
vn -0.2487 -0.2908 0.9239
vn -0.3102 -0.2242 0.9239
vn 0.2485 0.2910 0.9239
vn 0.5831 0.4220 0.6942
vn 0.9107 0.4130 -0.0000
vn 0.6540 0.2966 -0.6960
vn 0.3100 0.2244 -0.9239
vn -0.3486 -0.1579 -0.9239
vn -0.3101 -0.2242 -0.9239
vn -0.8416 -0.3812 -0.3826
vn -0.8105 -0.5857 -0.0000
vn -0.8416 -0.3812 0.3827
vn -0.3101 -0.2243 0.9239
vn -0.3486 -0.1579 0.9239
vn 0.3100 0.2244 0.9239
vn 0.6540 0.2966 0.6960
vn 0.9694 0.2456 -0.0000
vn 0.6952 0.1761 -0.6970
vn 0.3485 0.1581 -0.9239
vn -0.3710 -0.0939 -0.9239
vn -0.3485 -0.1580 -0.9239
vn -0.8956 -0.2267 -0.3827
vn -0.9109 -0.4127 -0.0000
vn -0.8956 -0.2267 0.3827
vn -0.3485 -0.1580 0.9239
vn -0.3710 -0.0939 0.9239
vn 0.3485 0.1581 0.9239
vn 0.6952 0.1761 0.6969
vn 0.7144 0.0583 -0.6973
vn 0.3710 0.0940 -0.9239
vn -0.3710 -0.0940 -0.9239
vn -0.9208 -0.0752 -0.3827
vn -0.9694 -0.2455 -0.0000
vn -0.9208 -0.0752 0.3827
vn -0.3710 -0.0940 0.9239
vn 0.3710 0.0940 0.9239
vn 0.7144 0.0583 0.6973
vn 0.7145 -0.0611 -0.6970
vn -0.9964 0.0850 -0.0000
vn 0.7145 -0.0611 0.6970
vn 0.9964 -0.0851 -0.0000
vn 0.6934 -0.1866 -0.6960
vn -0.3813 0.0325 -0.9239
vn -0.3695 0.0994 -0.9239
vn -0.9205 0.0785 -0.3827
vn -0.9657 0.2595 -0.0000
vn -0.9205 0.0785 0.3827
vn -0.3695 0.0994 0.9239
vn -0.3813 0.0325 0.9239
vn 0.6934 -0.1866 0.6960
vn 0.9657 -0.2598 -0.0000
vn 0.6438 -0.3219 -0.6942
vn 0.3422 -0.1711 -0.9239
vn -0.3696 0.0993 -0.9239
vn -0.3423 0.1710 -0.9239
vn -0.8923 0.2397 -0.3827
vn -0.8948 0.4465 -0.0000
vn -0.8923 0.2396 0.3827
vn -0.3423 0.1710 0.9239
vn -0.3696 0.0993 0.9239
vn 0.3423 -0.1711 0.9239
vn 0.6438 -0.3219 0.6942
vn 0.8945 -0.4471 -0.0000
vn 0.5519 -0.4658 -0.6917
vn 0.2924 -0.2468 -0.9239
vn -0.3425 0.1709 -0.9239
vn -0.2926 0.2466 -0.9239
vn -0.8268 0.4124 -0.3826
vn -0.7651 0.6439 -0.0000
vn -0.8268 0.4124 0.3826
vn -0.2926 0.2466 0.9239
vn -0.3425 0.1709 0.9239
vn 0.2924 -0.2468 0.9239
vn 0.5519 -0.4658 0.6917
vn 0.7643 -0.6448 -0.0000
vn 0.4004 -0.6044 -0.6887
vn 0.2112 -0.3190 -0.9239
vn -0.2929 0.2465 -0.9238
vn -0.2115 0.3188 -0.9239
vn -0.7071 0.5947 -0.3826
vn -0.5537 0.8327 -0.0000
vn -0.7071 0.5947 0.3826
vn -0.2115 0.3188 0.9239
vn -0.2929 0.2465 0.9238
vn 0.2112 -0.3190 0.9239
vn 0.4004 -0.6044 0.6887
vn 0.5524 -0.8336 -0.0000
vn 0.1838 -0.7034 -0.6866
vn 0.0967 -0.3702 -0.9239
vn -0.2119 0.3188 -0.9238
vn -0.1736 0.6621 -0.7290
vn -0.5118 0.7692 -0.3826
vn -0.2537 0.9673 -0.0000
vn -0.5118 0.7692 0.3826
vn -0.1736 0.6621 0.7290
vn -0.2119 0.3188 0.9238
vn 0.0967 -0.3702 0.9239
vn 0.1838 -0.7034 0.6866
vn -0.0927 -0.9957 -0.0000
vn 0.2530 -0.9675 -0.0000
vn -0.0354 -0.3810 -0.9239
vn -0.0970 0.3702 -0.9239
vn 0.0639 0.6815 -0.7290
vn 0.0639 0.6815 0.7290
vn -0.0970 0.3702 0.9239
vn -0.0354 -0.3810 0.9239
vn -0.4099 -0.9121 -0.0000
vn -0.0673 -0.7239 -0.6866
vn -0.2971 -0.6614 -0.6887
vn 0.1574 0.3489 -0.9238
vn 0.0357 0.3810 -0.9239
vn 0.3803 0.8420 -0.3826
vn 0.0935 0.9956 -0.0000
vn 0.3803 0.8420 0.3826
vn 0.1574 0.3489 0.9238
vn 0.0357 0.3810 0.9239
vn -0.2971 -0.6613 0.6887
vn -0.0673 -0.7239 0.6866
vn -0.6496 -0.7603 -0.0000
vn -0.4691 -0.5491 -0.6917
vn -0.1567 -0.3491 -0.9239
vn 0.2490 0.2907 -0.9238
vn 0.1570 0.3489 -0.9239
vn 0.6013 0.7015 -0.3826
vn 0.4114 0.9115 -0.0000
vn 0.6013 0.7015 0.3826
vn 0.1570 0.3489 0.9239
vn 0.2490 0.2907 0.9238
vn -0.1567 -0.3490 0.9239
vn -0.4691 -0.5491 0.6917
vn -0.8101 -0.5863 -0.0000
vn -0.5831 -0.4220 -0.6942
vn -0.2485 -0.2910 -0.9239
vn 0.3102 0.2242 -0.9239
vn 0.2487 0.2908 -0.9239
vn 0.7489 0.5410 -0.3826
vn 0.6506 0.7594 -0.0000
vn 0.7489 0.5410 0.3826
vn 0.2487 0.2908 0.9239
vn 0.3102 0.2242 0.9239
vn -0.2485 -0.2910 0.9239
vn -0.5831 -0.4220 0.6942
vn -0.9107 -0.4130 -0.0000
vn -0.6540 -0.2966 -0.6960
vn -0.3100 -0.2244 -0.9239
vn 0.3486 0.1579 -0.9239
vn 0.3101 0.2243 -0.9239
vn 0.8416 0.3812 -0.3827
vn 0.8105 0.5857 -0.0000
vn 0.8416 0.3812 0.3827
vn 0.3101 0.2243 0.9239
vn 0.3486 0.1579 0.9239
vn -0.3100 -0.2244 0.9239
vn -0.6540 -0.2966 0.6960
vn -0.9694 -0.2456 -0.0000
vn -0.6952 -0.1761 -0.6969
vn -0.3485 -0.1581 -0.9239
vn 0.3710 0.0939 -0.9239
vn 0.3485 0.1580 -0.9239
vn 0.8956 0.2267 -0.3826
vn 0.9109 0.4127 -0.0000
vn 0.8956 0.2267 0.3826
vn 0.3485 0.1580 0.9239
vn 0.3710 0.0939 0.9239
vn -0.3485 -0.1581 0.9239
vn -0.6952 -0.1761 0.6969
vn 0.9694 0.2455 -0.0000
vn -0.9967 0.0814 -0.0000
vn -0.6933 0.1865 -0.6961
vn -0.7153 0.0584 -0.6964
vn -0.3696 0.0994 -0.9239
vn -0.3814 0.0311 -0.9239
vn 0.3814 -0.0311 -0.9239
vn 0.9208 -0.0752 -0.3827
vn 0.9657 -0.2596 -0.0000
vn 0.9967 -0.0814 -0.0000
vn 0.9208 -0.0752 0.3827
vn 0.3696 -0.0994 0.9239
vn 0.3814 -0.0311 0.9239
vn -0.7153 0.0584 0.6964
vn -0.3814 0.0311 0.9239
vn -0.6933 0.1865 0.6961
vn -0.9657 0.2597 -0.0000
vn -0.6460 0.3151 -0.6952
vn -0.3439 0.1678 -0.9239
vn 0.3440 -0.1677 -0.9239
vn 0.8922 -0.2398 -0.3826
vn 0.8989 -0.4381 -0.0000
vn 0.8922 -0.2398 0.3827
vn 0.3440 -0.1677 0.9239
vn -0.3439 0.1678 0.9239
vn -0.6460 0.3151 0.6952
vn -0.8988 0.4383 -0.0000
vn -0.5668 0.4443 -0.6938
vn -0.3012 0.2361 -0.9239
vn 0.3440 -0.1676 -0.9239
vn 0.3012 -0.2360 -0.9239
vn 0.8306 -0.4046 -0.3826
vn 0.7874 -0.6164 -0.0000
vn 0.8306 -0.4046 0.3826
vn 0.3012 -0.2360 0.9239
vn 0.3440 -0.1676 0.9239
vn -0.3012 0.2361 0.9239
vn -0.5668 0.4443 0.6938
vn -0.7871 0.6169 -0.0000
vn -0.4457 0.5682 -0.6917
vn -0.2361 0.3011 -0.9239
vn 0.3014 -0.2359 -0.9239
vn 0.2363 -0.3010 -0.9239
vn 0.7276 -0.5694 -0.3826
vn 0.6179 -0.7862 -0.0000
vn 0.7276 -0.5694 0.3826
vn 0.2363 -0.3010 0.9239
vn 0.3014 -0.2359 0.9239
vn -0.2361 0.3011 0.9239
vn -0.4457 0.5682 0.6917
vn -0.6172 0.7868 -0.0000
vn -0.2741 0.6703 -0.6896
vn -0.1448 0.3542 -0.9239
vn 0.2365 -0.3009 -0.9239
vn 0.1450 -0.3541 -0.9239
vn 0.5710 -0.7263 -0.3826
vn 0.3795 -0.9252 -0.0000
vn 0.5710 -0.7263 0.3826
vn 0.1450 -0.3541 0.9239
vn 0.2365 -0.3009 0.9239
vn -0.1448 0.3542 0.9239
vn -0.2741 0.6703 0.6896
vn -0.3786 0.9256 -0.0000
vn -0.0575 0.7233 -0.6881
vn -0.0303 0.3814 -0.9239
vn 0.1452 -0.3541 -0.9239
vn 0.0547 -0.6842 -0.7273
vn 0.3508 -0.8547 -0.3826
vn 0.0798 -0.9968 -0.0000
vn 0.3508 -0.8547 0.3826
vn 0.0547 -0.6842 0.7273
vn 0.1452 -0.3541 0.9239
vn -0.0303 0.3814 0.9239
vn -0.0575 0.7233 0.6881
vn -0.0794 0.9968 -0.0000
vn 0.1741 0.7044 -0.6881
vn 0.0305 -0.3815 -0.9239
vn -0.1650 -0.6662 -0.7273
vn -0.2404 -0.9707 -0.0000
vn -0.1650 -0.6662 0.7273
vn 0.0305 -0.3815 0.9239
vn 0.1741 0.7044 0.6881
vn 0.5237 0.8519 -0.0000
vn 0.2400 0.9708 -0.0000
vn 0.3792 0.6170 -0.6896
vn 0.0918 0.3715 -0.9239
vn -0.2007 -0.3259 -0.9239
vn -0.0920 -0.3715 -0.9239
vn -0.4847 -0.7865 -0.3826
vn -0.4847 -0.7865 0.3826
vn -0.2007 -0.3259 0.9239
vn -0.0920 -0.3715 0.9239
vn 0.0918 0.3715 0.9239
vn 0.3792 0.6170 0.6896
vn 0.7366 0.6763 -0.0000
vn 0.5319 0.4884 -0.6917
vn 0.2003 0.3260 -0.9239
vn -0.2822 -0.2586 -0.9239
vn -0.2005 -0.3259 -0.9239
vn -0.6813 -0.6241 -0.3826
vn -0.5245 -0.8514 -0.0000
vn -0.6813 -0.6241 0.3826
vn -0.2005 -0.3259 0.9239
vn -0.2822 -0.2586 0.9239
vn 0.2003 0.3260 0.9239
vn 0.5319 0.4884 0.6917
vn 0.8767 0.4811 -0.0000
vn 0.6314 0.3465 -0.6937
vn 0.2818 0.2588 -0.9239
vn -0.3356 -0.1839 -0.9239
vn -0.2819 -0.2587 -0.9239
vn -0.8103 -0.4438 -0.3827
vn -0.7372 -0.6756 -0.0000
vn -0.8103 -0.4438 0.3826
vn -0.2819 -0.2587 0.9239
vn -0.3357 -0.1839 0.9239
vn 0.2818 0.2588 0.9239
vn 0.6314 0.3465 0.6937
vn 0.9580 0.2868 -0.0000
vn 0.6886 0.2062 -0.6952
vn 0.3355 0.1841 -0.9239
vn -0.3667 -0.1096 -0.9239
vn -0.3355 -0.1840 -0.9239
vn -0.8852 -0.2646 -0.3826
vn -0.8770 -0.4805 -0.0000
vn -0.8852 -0.2646 0.3826
vn -0.3355 -0.1840 0.9239
vn -0.3667 -0.1096 0.9239
vn 0.3355 0.1841 0.9239
vn 0.6886 0.2062 0.6952
vn 0.9950 0.0997 -0.0000
vn 0.7144 0.0716 -0.6961
vn 0.3666 0.1098 -0.9239
vn -0.3808 -0.0381 -0.9239
vn -0.3666 -0.1097 -0.9239
vn -0.9193 -0.0919 -0.3827
vn -0.9581 -0.2865 -0.0000
vn -0.9193 -0.0919 0.3827
vn -0.3666 -0.1097 0.9239
vn -0.3808 -0.0381 0.9239
vn 0.3666 0.1098 0.9239
vn 0.7144 0.0716 0.6961
vn 0.7153 -0.0584 -0.6964
vn 0.3808 0.0382 -0.9239
vn -0.9208 0.0752 -0.3827
vn -0.9950 -0.0995 -0.0000
vn -0.9208 0.0752 0.3827
vn 0.3808 0.0381 0.9239
vn 0.7153 -0.0584 0.6964
vn 0.6933 -0.1865 -0.6961
vn -0.9657 0.2596 -0.0000
vn -0.3696 0.0994 0.9239
vn 0.6933 -0.1865 0.6961
vn 0.9657 -0.2597 -0.0000
vn 0.6460 -0.3151 -0.6952
vn 0.3439 -0.1678 -0.9239
vn -0.3440 0.1677 -0.9239
vn -0.8922 0.2398 -0.3827
vn -0.8989 0.4381 -0.0000
vn -0.8922 0.2398 0.3827
vn -0.3440 0.1677 0.9239
vn 0.3439 -0.1678 0.9239
vn 0.6460 -0.3151 0.6952
vn 0.8988 -0.4383 -0.0000
vn 0.5668 -0.4443 -0.6938
vn 0.3012 -0.2361 -0.9239
vn -0.3440 0.1676 -0.9239
vn -0.3012 0.2360 -0.9239
vn -0.8306 0.4046 -0.3826
vn -0.7874 0.6164 -0.0000
vn -0.8306 0.4046 0.3826
vn -0.3012 0.2360 0.9239
vn -0.3440 0.1676 0.9239
vn 0.3012 -0.2361 0.9239
vn 0.5668 -0.4443 0.6937
vn 0.7871 -0.6169 -0.0000
vn 0.4457 -0.5682 -0.6917
vn 0.2361 -0.3011 -0.9239
vn -0.3014 0.2359 -0.9239
vn -0.2363 0.3010 -0.9239
vn -0.7276 0.5694 -0.3826
vn -0.6179 0.7862 -0.0000
vn -0.7276 0.5694 0.3826
vn -0.2363 0.3010 0.9239
vn -0.3014 0.2359 0.9239
vn 0.2361 -0.3011 0.9239
vn 0.4456 -0.5682 0.6917
vn 0.6172 -0.7868 -0.0000
vn 0.2741 -0.6703 -0.6896
vn 0.1448 -0.3542 -0.9239
vn -0.2365 0.3009 -0.9239
vn -0.1450 0.3541 -0.9239
vn -0.5710 0.7263 -0.3826
vn -0.3795 0.9252 -0.0000
vn -0.5710 0.7263 0.3826
vn -0.1450 0.3541 0.9239
vn -0.2365 0.3009 0.9239
vn 0.1448 -0.3542 0.9239
vn 0.2741 -0.6703 0.6896
vn 0.3786 -0.9256 -0.0000
vn 0.0575 -0.7233 -0.6881
vn 0.0303 -0.3814 -0.9239
vn -0.1452 0.3541 -0.9239
vn -0.0547 0.6842 -0.7273
vn -0.3508 0.8547 -0.3826
vn -0.0798 0.9968 -0.0000
vn -0.3508 0.8547 0.3826
vn -0.0547 0.6842 0.7273
vn -0.1452 0.3541 0.9239
vn 0.0303 -0.3814 0.9239
vn 0.0575 -0.7233 0.6881
vn 0.0794 -0.9968 -0.0000
vn -0.1741 -0.7044 -0.6881
vn -0.0918 -0.3715 -0.9239
vn 0.0920 0.3715 -0.9239
vn -0.0305 0.3815 -0.9239
vn 0.2404 0.9707 -0.0000
vn 0.0920 0.3715 0.9239
vn -0.0305 0.3815 0.9239
vn -0.0918 -0.3715 0.9239
vn -0.1741 -0.7044 0.6881
vn -0.5237 -0.8519 -0.0000
vn -0.2400 -0.9708 -0.0000
vn -0.3792 -0.6170 -0.6896
vn 0.2007 0.3259 -0.9239
vn 0.1650 0.6662 -0.7273
vn 0.4847 0.7865 -0.3826
vn 0.4847 0.7865 0.3826
vn 0.1650 0.6662 0.7273
vn 0.2007 0.3259 0.9239
vn -0.3792 -0.6170 0.6896
vn -0.7366 -0.6763 -0.0000
vn -0.5319 -0.4884 -0.6917
vn -0.2003 -0.3260 -0.9239
vn 0.2822 0.2586 -0.9239
vn 0.2005 0.3259 -0.9239
vn 0.6813 0.6241 -0.3826
vn 0.5245 0.8514 -0.0000
vn 0.6813 0.6241 0.3826
vn 0.2005 0.3259 0.9239
vn 0.2822 0.2586 0.9239
vn -0.2003 -0.3260 0.9239
vn -0.5319 -0.4884 0.6917
vn -0.8767 -0.4811 -0.0000
vn -0.6314 -0.3465 -0.6937
vn -0.2818 -0.2588 -0.9239
vn 0.3356 0.1839 -0.9239
vn 0.2819 0.2587 -0.9239
vn 0.8103 0.4438 -0.3826
vn 0.7372 0.6756 -0.0000
vn 0.8103 0.4438 0.3826
vn 0.2819 0.2587 0.9239
vn 0.3356 0.1839 0.9239
vn -0.2818 -0.2588 0.9239
vn -0.6314 -0.3465 0.6938
vn -0.9580 -0.2868 -0.0000
vn -0.6886 -0.2062 -0.6952
vn -0.3355 -0.1841 -0.9239
vn 0.3667 0.1096 -0.9239
vn 0.3355 0.1840 -0.9239
vn 0.8852 0.2646 -0.3826
vn 0.8770 0.4805 -0.0000
vn 0.8852 0.2646 0.3827
vn 0.3355 0.1840 0.9239
vn 0.3667 0.1096 0.9239
vn -0.3355 -0.1841 0.9239
vn -0.6886 -0.2062 0.6952
vn -0.9950 -0.0997 -0.0000
vn -0.7144 -0.0716 -0.6961
vn -0.3666 -0.1098 -0.9239
vn 0.3808 0.0381 -0.9239
vn 0.3666 0.1097 -0.9239
vn 0.9193 0.0919 -0.3827
vn 0.9581 0.2865 -0.0000
vn 0.9193 0.0919 0.3827
vn 0.3666 0.1097 0.9239
vn -0.3666 -0.1098 0.9239
vn -0.7144 -0.0716 0.6961
vn -0.3808 -0.0382 -0.9239
vn 0.9950 0.0995 -0.0000
vn -0.3808 -0.0382 0.9239
vn -0.9703 0.2419 -0.0000
vn -0.8354 0.3945 -0.3827
vn -0.6972 0.1738 -0.6954
vn -0.3460 0.1634 -0.9239
vn -0.3713 0.0926 -0.9239
vn 0.3713 -0.0926 -0.9239
vn 0.3460 -0.1634 -0.9239
vn 0.8964 -0.2235 -0.3827
vn 0.9043 -0.4268 -0.0000
vn 0.9703 -0.2419 -0.0000
vn 0.8964 -0.2235 0.3827
vn 0.3461 -0.1634 0.9239
vn 0.3713 -0.0926 0.9239
vn -0.3460 0.1634 0.9239
vn -0.6972 0.1738 0.6954
vn -0.3713 0.0926 0.9239
vn -0.6500 0.3069 0.6952
vn -0.9043 0.4269 -0.0000
vn -0.5745 0.4331 -0.6945
vn -0.3461 0.1633 -0.9239
vn -0.3056 0.2303 -0.9239
vn 0.3461 -0.1633 -0.9239
vn 0.3056 -0.2303 -0.9239
vn 0.8355 -0.3943 -0.3827
vn 0.7987 -0.6017 -0.0000
vn 0.8355 -0.3943 0.3827
vn 0.3056 -0.2303 0.9239
vn 0.3461 -0.1633 0.9239
vn -0.3056 0.2303 0.9239
vn -0.5745 0.4331 0.6945
vn -0.7986 0.6019 -0.0000
vn -0.4666 0.5492 -0.6934
vn -0.2478 0.2916 -0.9239
vn 0.3057 -0.2303 -0.9239
vn 0.2478 -0.2916 -0.9239
vn 0.7380 -0.5558 -0.3826
vn 0.6479 -0.7618 -0.0000
vn 0.7380 -0.5558 0.3826
vn 0.2478 -0.2916 0.9239
vn 0.3057 -0.2303 0.9239
vn -0.2478 0.2916 0.9239
vn -0.4666 0.5492 0.6933
vn -0.6475 0.7620 -0.0000
vn -0.3214 0.6465 -0.6919
vn -0.1703 0.3427 -0.9239
vn 0.2479 -0.2915 -0.9239
vn 0.1704 -0.3426 -0.9239
vn 0.5986 -0.7037 -0.3826
vn 0.4457 -0.8952 -0.0000
vn 0.5986 -0.7037 0.3827
vn 0.1704 -0.3426 0.9239
vn 0.2479 -0.2915 0.9239
vn -0.1703 0.3427 0.9239
vn -0.3214 0.6465 0.6919
vn -0.4452 0.8955 -0.0000
vn -0.1388 0.7099 -0.6904
vn -0.0734 0.3755 -0.9239
vn 0.1706 -0.3426 -0.9239
vn 0.0735 -0.3755 -0.9239
vn 0.4119 -0.8270 -0.3826
vn 0.1926 -0.9813 -0.0000
vn 0.4119 -0.8270 0.3826
vn 0.0735 -0.3755 0.9239
vn 0.1706 -0.3426 0.9239
vn -0.0734 0.3755 0.9239
vn -0.1388 0.7099 0.6904
vn -0.1920 0.9814 -0.0000
vn 0.0693 0.7210 -0.6895
vn 0.0366 0.3809 -0.9239
vn 0.0737 -0.3756 -0.9239
vn -0.0656 -0.6849 -0.7257
vn 0.1780 -0.9066 -0.3826
vn -0.0954 -0.9954 -0.0000
vn 0.1780 -0.9066 0.3826
vn -0.0657 -0.6849 0.7257
vn 0.0737 -0.3755 0.9239
vn 0.0366 0.3809 0.9239
vn 0.0693 0.7210 0.6895
vn 0.3829 0.9238 -0.0000
vn 0.0956 0.9954 -0.0000
vn 0.1465 0.3535 -0.9239
vn -0.0365 -0.3809 -0.9239
vn -0.2636 -0.6356 -0.7257
vn -0.2636 -0.6356 0.7257
vn -0.0365 -0.3809 0.9239
vn 0.1465 0.3535 0.9239
vn 0.6303 0.7764 -0.0000
vn 0.2773 0.6691 -0.6895
vn 0.4559 0.5616 -0.6905
vn -0.2414 -0.2970 -0.9239
vn -0.1466 -0.3535 -0.9239
vn -0.5828 -0.7169 -0.3827
vn -0.3831 -0.9237 -0.0000
vn -0.5828 -0.7169 0.3827
vn -0.2414 -0.2970 0.9239
vn -0.1466 -0.3535 0.9239
vn 0.4559 0.5616 0.6905
vn 0.2773 0.6691 0.6895
vn 0.8134 0.5817 -0.0000
vn 0.5873 0.4200 -0.6919
vn 0.2411 0.2971 -0.9239
vn -0.3115 -0.2224 -0.9239
vn -0.2412 -0.2970 -0.9239
vn -0.7519 -0.5368 -0.3826
vn -0.6307 -0.7760 -0.0000
vn -0.7519 -0.5368 0.3826
vn -0.2412 -0.2970 0.9239
vn -0.3115 -0.2224 0.9239
vn 0.2411 0.2971 0.9239
vn 0.5873 0.4200 0.6919
vn 0.9295 0.3689 -0.0000
vn 0.6698 0.2658 -0.6934
vn 0.3112 0.2226 -0.9239
vn -0.3558 -0.1410 -0.9239
vn -0.3113 -0.2225 -0.9239
vn -0.8589 -0.3403 -0.3827
vn -0.8138 -0.5812 -0.0000
vn -0.8589 -0.3403 0.3827
vn -0.3113 -0.2225 0.9239
vn -0.3558 -0.1410 0.9239
vn 0.3112 0.2226 0.9239
vn 0.6698 0.2658 0.6934
vn 0.9877 0.1565 -0.0000
vn 0.7106 0.1126 -0.6945
vn 0.3557 0.1412 -0.9239
vn -0.3780 -0.0598 -0.9239
vn -0.3557 -0.1411 -0.9239
vn -0.9125 -0.1443 -0.3827
vn -0.9297 -0.3684 -0.0000
vn -0.9125 -0.1443 0.3827
vn -0.3557 -0.1411 0.9239
vn -0.3780 -0.0598 0.9239
vn 0.3557 0.1412 0.9239
vn 0.7106 0.1126 0.6945
vn 0.9989 -0.0476 -0.0000
vn 0.7180 -0.0342 -0.6952
vn 0.3780 0.0599 -0.9239
vn -0.3823 0.0183 -0.9239
vn -0.3780 -0.0599 -0.9239
vn -0.9229 0.0441 -0.3826
vn -0.9877 -0.1563 -0.0000
vn -0.9229 0.0441 0.3826
vn -0.3780 -0.0599 0.9239
vn -0.3823 0.0183 0.9239
vn 0.3780 0.0599 0.9239
vn 0.7180 -0.0342 0.6952
vn 0.6972 -0.1738 -0.6954
vn 0.3822 -0.0182 -0.9239
vn -0.3823 0.0182 -0.9239
vn -0.8964 0.2235 -0.3827
vn -0.9989 0.0477 -0.0000
vn -0.8964 0.2235 0.3827
vn -0.3823 0.0182 0.9239
vn 0.3822 -0.0182 0.9239
vn 0.6972 -0.1738 0.6954
vn 0.6500 -0.3069 -0.6952
vn -0.3461 0.1634 -0.9239
vn -0.9043 0.4268 -0.0000
vn -0.3461 0.1634 0.9239
vn 0.3460 -0.1634 0.9239
vn 0.6500 -0.3069 0.6952
vn 0.9043 -0.4269 -0.0000
vn 0.5745 -0.4331 -0.6945
vn -0.8355 0.3943 -0.3827
vn -0.7987 0.6017 -0.0000
vn -0.8355 0.3943 0.3827
vn -0.3461 0.1633 0.9239
vn 0.5745 -0.4331 0.6945
vn 0.7986 -0.6019 -0.0000
vn 0.4666 -0.5492 -0.6934
vn -0.3057 0.2303 -0.9239
vn -0.7380 0.5558 -0.3826
vn -0.6479 0.7618 -0.0000
vn -0.7380 0.5558 0.3827
vn -0.3057 0.2303 0.9239
vn 0.4666 -0.5492 0.6933
vn 0.6475 -0.7620 -0.0000
vn 0.3214 -0.6465 -0.6919
vn 0.1703 -0.3427 -0.9239
vn -0.2479 0.2915 -0.9239
vn -0.1704 0.3426 -0.9239
vn -0.5986 0.7037 -0.3826
vn -0.4457 0.8952 -0.0000
vn -0.5986 0.7037 0.3826
vn -0.1704 0.3426 0.9239
vn -0.2480 0.2915 0.9239
vn 0.1703 -0.3427 0.9239
vn 0.3214 -0.6465 0.6919
vn 0.4452 -0.8955 -0.0000
vn 0.1388 -0.7099 -0.6904
vn 0.0734 -0.3755 -0.9239
vn -0.1706 0.3426 -0.9239
vn -0.0735 0.3755 -0.9239
vn -0.4119 0.8270 -0.3826
vn -0.1926 0.9813 -0.0000
vn -0.4119 0.8270 0.3826
vn -0.0735 0.3755 0.9239
vn -0.1706 0.3426 0.9239
vn 0.0734 -0.3755 0.9239
vn 0.1388 -0.7099 0.6904
vn 0.1920 -0.9814 -0.0000
vn -0.0693 -0.7210 -0.6895
vn -0.0366 -0.3809 -0.9239
vn -0.0737 0.3756 -0.9239
vn 0.0656 0.6849 -0.7257
vn -0.1780 0.9066 -0.3826
vn 0.0954 0.9954 -0.0000
vn -0.1780 0.9066 0.3826
vn 0.0656 0.6849 0.7257
vn -0.0737 0.3755 0.9239
vn -0.0366 -0.3809 0.9239
vn -0.0693 -0.7210 0.6895
vn -0.3829 -0.9238 -0.0000
vn -0.0956 -0.9954 -0.0000
vn -0.1465 -0.3535 -0.9239
vn 0.0365 0.3809 -0.9239
vn 0.2636 0.6356 -0.7257
vn 0.2636 0.6356 0.7257
vn 0.0365 0.3809 0.9239
vn -0.1465 -0.3535 0.9239
vn -0.6303 -0.7764 -0.0000
vn -0.2773 -0.6691 -0.6895
vn -0.4559 -0.5616 -0.6905
vn 0.2414 0.2970 -0.9239
vn 0.1466 0.3535 -0.9239
vn 0.5828 0.7169 -0.3827
vn 0.3831 0.9237 -0.0000
vn 0.5828 0.7169 0.3827
vn 0.2414 0.2970 0.9239
vn 0.1466 0.3535 0.9239
vn -0.4559 -0.5616 0.6905
vn -0.2773 -0.6691 0.6895
vn -0.8134 -0.5817 -0.0000
vn -0.5873 -0.4200 -0.6919
vn -0.2411 -0.2971 -0.9239
vn 0.3114 0.2224 -0.9239
vn 0.2412 0.2970 -0.9239
vn 0.7519 0.5368 -0.3826
vn 0.6307 0.7760 -0.0000
vn 0.7519 0.5368 0.3826
vn 0.2412 0.2970 0.9239
vn 0.3115 0.2224 0.9239
vn -0.2411 -0.2971 0.9239
vn -0.5873 -0.4200 0.6919
vn -0.9295 -0.3689 -0.0000
vn -0.6698 -0.2658 -0.6934
vn -0.3112 -0.2226 -0.9239
vn 0.3558 0.1410 -0.9239
vn 0.3113 0.2225 -0.9239
vn 0.8589 0.3403 -0.3827
vn 0.8138 0.5812 -0.0000
vn 0.8589 0.3403 0.3827
vn 0.3113 0.2225 0.9239
vn 0.3558 0.1410 0.9239
vn -0.3112 -0.2226 0.9239
vn -0.6698 -0.2658 0.6934
vn -0.9877 -0.1565 -0.0000
vn -0.7106 -0.1126 -0.6945
vn -0.3557 -0.1412 -0.9239
vn 0.3780 0.0598 -0.9239
vn 0.3557 0.1411 -0.9239
vn 0.9126 0.1443 -0.3827
vn 0.9297 0.3684 -0.0000
vn 0.9125 0.1443 0.3827
vn 0.3557 0.1411 0.9239
vn 0.3780 0.0598 0.9239
vn -0.3557 -0.1412 0.9239
vn -0.7106 -0.1126 0.6945
vn -0.9989 0.0476 -0.0000
vn -0.7180 0.0342 -0.6952
vn 0.3823 -0.0183 -0.9239
vn 0.9229 -0.0441 -0.3826
vn 0.9877 0.1563 -0.0000
vn 0.9229 -0.0441 0.3826
vn 0.3823 -0.0183 0.9239
vn -0.7180 0.0342 0.6952
vn -0.3822 0.0182 -0.9239
vn 0.9989 -0.0477 -0.0000
vn 0.3823 -0.0182 0.9239
vn -0.3822 0.0182 0.9239
vn -0.5689 -0.1478 0.8090
vn -0.9205 -0.2391 -0.3090
vn 0.9205 0.2391 -0.3090
vn 0.5689 0.1478 0.8090
vn -0.2514 0.9679 -0.0000
vn 0.2514 -0.9679 -0.0000
vn -0.4604 -0.3654 0.8090
vn -0.7450 -0.5912 -0.3090
vn 0.7450 0.5912 -0.3090
vn 0.4604 0.3654 0.8090
vn -0.6217 0.7833 -0.0000
vn -0.6216 0.7833 -0.0000
vn 0.6217 -0.7833 -0.0000
vn 0.6216 -0.7833 -0.0000
vn -0.5801 0.0946 0.8090
vn -0.9387 0.1530 -0.3090
vn 0.9387 -0.1530 -0.3090
vn 0.5801 -0.0946 0.8090
vn 0.1609 0.9870 -0.0000
vn -0.1609 -0.9870 -0.0000
vn 0.5262 -0.2621 -0.8090
vn 0.8513 -0.4240 0.3090
vn -0.8513 0.4240 0.3090
vn -0.5261 0.2621 -0.8090
vn 0.4458 0.8951 -0.0000
vn -0.4458 -0.8951 -0.0000
vn -0.6966 -0.4334 -0.5718
vn 0.4480 -0.7013 -0.5546
vn 0.4479 -0.7013 -0.5546
vn 0.9734 -0.0000 0.2290
vn 0.9734 -0.0000 0.2291
vn 0.1537 0.7013 0.6962
vn 0.1537 0.7012 0.6962
vn -0.8785 0.4334 0.2012
vn 0.1689 0.6755 -0.7177
vn -0.1689 -0.6755 0.7177
vn -0.7975 -0.5852 -0.1466
vn 0.3171 -0.9469 -0.0536
vn 0.9935 -0.0000 0.1135
vn 0.2969 0.9469 0.1237
vn -0.8100 0.5852 -0.0370
vn 0.1130 0.0938 -0.9892
vn -0.1130 -0.0938 0.9892
vn -0.0479 -0.6411 -0.7660
vn -0.0686 -0.6415 -0.7641
vn -0.0653 -0.6447 -0.7617
vn -0.0504 -0.6375 -0.7688
vn -0.0786 -0.6352 -0.7683
vn -0.0585 -0.6307 -0.7738
vn -0.0867 -0.6283 -0.7731
vn -0.0655 -0.6235 -0.7791
vn -0.0857 -0.6213 -0.7789
vn -0.0656 -0.6168 -0.7844
vn -0.0666 -0.6157 -0.7852
vn -0.0520 -0.6124 -0.7889
vn -0.0540 -0.6117 -0.7893
vn -0.0443 -0.6093 -0.7917
vn -0.0573 -0.6082 -0.7917
vn -0.0482 -0.6060 -0.7940
vn -0.0598 -0.6050 -0.7940
vn -0.0516 -0.6029 -0.7961
vn -0.0615 -0.6020 -0.7961
vn -0.0541 -0.6001 -0.7981
vn -0.0625 -0.5992 -0.7981
vn -0.0554 -0.5973 -0.8001
vn -0.0627 -0.5965 -0.8002
vn -0.0553 -0.5945 -0.8022
vn -0.0621 -0.5936 -0.8024
vn -0.0539 -0.5912 -0.8047
vn -0.0609 -0.5902 -0.8050
vn -0.0513 -0.5873 -0.8077
vn -0.0590 -0.5862 -0.8080
vn -0.0478 -0.5828 -0.8112
vn -0.0565 -0.5815 -0.8116
vn -0.0436 -0.5775 -0.8152
vn -0.0537 -0.5761 -0.8156
vn -0.0395 -0.5718 -0.8195
vn -0.0521 -0.5704 -0.8197
vn -0.0371 -0.5658 -0.8237
vn -0.0519 -0.5644 -0.8238
vn -0.0367 -0.5599 -0.8277
vn -0.0519 -0.5586 -0.8278
vn -0.0376 -0.5546 -0.8313
vn -0.0517 -0.5534 -0.8313
vn -0.0395 -0.5501 -0.8342
vn -0.0514 -0.5491 -0.8342
vn -0.0419 -0.5466 -0.8363
vn -0.0507 -0.5459 -0.8363
vn -0.0444 -0.5443 -0.8377
vn -0.0495 -0.5435 -0.8379
vn -0.0474 -0.5428 -0.8385
vn -0.0461 -0.5432 -0.8383
vn -0.0468 -0.5424 -0.8388
vn -0.0486 -0.5424 -0.8387
vn -0.0449 -0.5426 -0.8388
vn -0.0467 -0.5425 -0.8388
vn -0.0420 -0.5428 -0.8388
vn -0.0444 -0.5427 -0.8387
vn -0.0387 -0.5427 -0.8390
vn -0.0418 -0.5428 -0.8388
vn -0.0378 -0.5426 -0.8391
vn -0.0394 -0.5428 -0.8389
vn -0.0362 -0.5421 -0.8395
vn -0.0372 -0.5419 -0.8396
vn -0.0347 -0.5411 -0.8403
vn -0.0363 -0.5407 -0.8404
vn -0.0332 -0.5398 -0.8412
vn -0.0349 -0.5394 -0.8413
vn -0.0317 -0.5384 -0.8421
vn -0.0332 -0.5381 -0.8423
vn -0.0302 -0.5371 -0.8430
vn -0.0309 -0.5368 -0.8431
vn -0.0285 -0.5361 -0.8437
vn -0.0282 -0.5359 -0.8438
vn -0.0264 -0.5353 -0.8443
vn -0.0250 -0.5352 -0.8444
vn -0.0237 -0.5348 -0.8447
vn -0.0212 -0.5347 -0.8448
vn -0.0203 -0.5344 -0.8450
vn -0.0169 -0.5344 -0.8451
vn -0.0162 -0.5342 -0.8452
vn -0.0121 -0.5342 -0.8453
vn -0.0114 -0.5340 -0.8454
vn -0.0072 -0.5340 -0.8455
vn -0.0066 -0.5338 -0.8456
vn -0.0038 -0.5338 -0.8456
vn -0.0034 -0.5337 -0.8457
vn -0.0014 -0.5337 -0.8457
vn -0.0017 -0.5338 -0.8456
vn 0.0013 -0.5338 -0.8456
vn -0.0001 -0.5343 -0.8453
vn 0.0039 -0.5350 -0.8448
vn 0.0027 -0.5356 -0.8445
vn 0.0008 -0.5347 -0.8450
vn 0.0048 -0.5375 -0.8432
vn 0.0078 -0.5371 -0.8435
vn 0.0078 -0.5402 -0.8415
vn 0.0119 -0.5396 -0.8418
vn 0.0120 -0.5436 -0.8393
vn 0.0166 -0.5429 -0.8396
vn 0.0176 -0.5475 -0.8366
vn 0.0219 -0.5467 -0.8371
vn 0.0245 -0.5515 -0.8338
vn 0.0277 -0.5507 -0.8343
vn 0.0326 -0.5555 -0.8309
vn 0.0342 -0.5547 -0.8314
vn 0.0405 -0.5591 -0.8281
vn 0.0412 -0.5583 -0.8286
vn 0.0459 -0.5621 -0.8258
vn 0.0477 -0.5614 -0.8262
vn 0.0499 -0.5644 -0.8240
vn 0.0514 -0.5639 -0.8243
vn 0.0550 -0.5664 -0.8223
vn 0.0539 -0.5656 -0.8229
vn 0.0624 -0.5669 -0.8214
vn 0.0579 -0.5664 -0.8221
vn 0.0599 -0.5678 -0.8210
vn 0.0686 -0.5677 -0.8204
vn 0.0655 -0.5687 -0.8199
vn 0.0752 -0.5694 -0.8186
vn 0.0777 -0.5702 -0.8178
vn 0.0708 -0.5693 -0.8191
vn 0.0850 -0.5722 -0.8157
vn 0.0842 -0.5717 -0.8161
vn 0.0935 -0.5748 -0.8129
vn 0.0939 -0.5742 -0.8133
vn 0.1035 -0.5781 -0.8094
vn 0.1048 -0.5773 -0.8098
vn 0.1151 -0.5819 -0.8051
vn 0.1169 -0.5810 -0.8054
vn 0.1267 -0.5862 -0.8002
vn 0.1302 -0.5851 -0.8004
vn 0.1357 -0.5910 -0.7952
vn 0.1427 -0.5896 -0.7950
vn 0.1433 -0.5961 -0.7900
vn 0.1517 -0.5945 -0.7896
vn 0.1518 -0.6011 -0.7846
vn 0.1593 -0.5996 -0.7843
vn 0.1610 -0.6060 -0.7790
vn 0.1678 -0.6045 -0.7787
vn 0.1710 -0.6107 -0.7732
vn 0.1769 -0.6093 -0.7730
vn 0.1816 -0.6151 -0.7672
vn 0.1867 -0.6138 -0.7670
vn 0.1929 -0.6194 -0.7610
vn 0.1971 -0.6182 -0.7609
vn 0.2049 -0.6233 -0.7547
vn 0.2081 -0.6222 -0.7547
vn 0.2178 -0.6268 -0.7482
vn 0.2196 -0.6259 -0.7483
vn 0.2313 -0.6297 -0.7416
vn 0.2315 -0.6292 -0.7420
vn 0.2454 -0.6319 -0.7351
vn 0.2438 -0.6317 -0.7358
vn 0.2597 -0.6333 -0.7290
vn 0.2565 -0.6335 -0.7300
vn 0.2734 -0.6341 -0.7233
vn 0.2692 -0.6345 -0.7245
vn 0.2860 -0.6342 -0.7183
vn 0.2814 -0.6349 -0.7196
vn 0.2974 -0.6339 -0.7140
vn 0.2924 -0.6347 -0.7153
vn 0.3077 -0.6329 -0.7104
vn 0.3020 -0.6341 -0.7119
vn 0.3167 -0.6314 -0.7078
vn 0.3102 -0.6329 -0.7094
vn 0.3246 -0.6293 -0.7061
vn 0.3169 -0.6311 -0.7080
vn 0.3315 -0.6265 -0.7055
vn 0.3220 -0.6287 -0.7078
vn 0.3372 -0.6228 -0.7060
vn 0.3255 -0.6256 -0.7090
vn 0.3417 -0.6181 -0.7080
vn 0.3275 -0.6215 -0.7117
vn 0.3446 -0.6123 -0.7116
vn 0.3281 -0.6163 -0.7159
vn 0.3466 -0.6051 -0.7168
vn 0.3272 -0.6097 -0.7219
vn 0.3522 -0.5952 -0.7223
vn 0.3261 -0.6015 -0.7292
vn 0.3659 -0.5816 -0.7265
vn 0.3318 -0.5902 -0.7359
vn 0.3831 -0.5654 -0.7304
vn 0.3454 -0.5754 -0.7414
vn 0.4018 -0.5473 -0.7342
vn 0.3625 -0.5583 -0.7463
vn 0.4231 -0.5274 -0.7368
vn 0.3822 -0.5396 -0.7502
vn 0.4488 -0.5080 -0.7352
vn 0.4086 -0.5202 -0.7499
vn 0.4813 -0.4957 -0.7229
vn 0.4506 -0.5043 -0.7366
vn 0.5285 -0.4898 -0.6933
vn 0.5007 -0.4972 -0.7085
vn 0.6434 -0.4854 -0.5920
vn 0.6012 -0.4975 -0.6254
vn 0.7310 -0.5012 -0.4630
vn 0.7534 -0.4897 -0.4389
vn 0.6137 -0.4107 -0.6744
vn 0.6996 -0.4969 -0.5134
vn 0.1834 -0.2482 -0.9512
vn 0.3531 -0.4712 -0.8083
vn 0.1857 -0.1577 -0.9699
vn 0.4905 -0.1779 -0.8531
vn -0.0686 -0.6415 0.7641
vn -0.0479 -0.6411 0.7660
vn -0.0653 -0.6447 0.7617
vn -0.0786 -0.6352 0.7683
vn -0.0504 -0.6375 0.7688
vn -0.0867 -0.6283 0.7731
vn -0.0585 -0.6307 0.7738
vn -0.0857 -0.6213 0.7789
vn -0.0655 -0.6235 0.7791
vn -0.0666 -0.6157 0.7852
vn -0.0656 -0.6168 0.7844
vn -0.0540 -0.6117 0.7893
vn -0.0520 -0.6124 0.7889
vn -0.0573 -0.6082 0.7917
vn -0.0443 -0.6093 0.7917
vn -0.0598 -0.6050 0.7940
vn -0.0482 -0.6060 0.7940
vn -0.0615 -0.6020 0.7961
vn -0.0516 -0.6029 0.7961
vn -0.0625 -0.5992 0.7981
vn -0.0541 -0.6001 0.7981
vn -0.0627 -0.5965 0.8002
vn -0.0554 -0.5973 0.8001
vn -0.0621 -0.5936 0.8024
vn -0.0553 -0.5945 0.8022
vn -0.0609 -0.5902 0.8050
vn -0.0539 -0.5912 0.8047
vn -0.0590 -0.5862 0.8080
vn -0.0513 -0.5873 0.8077
vn -0.0565 -0.5815 0.8116
vn -0.0478 -0.5828 0.8112
vn -0.0537 -0.5761 0.8156
vn -0.0436 -0.5775 0.8152
vn -0.0521 -0.5704 0.8197
vn -0.0395 -0.5718 0.8195
vn -0.0519 -0.5644 0.8238
vn -0.0371 -0.5658 0.8237
vn -0.0519 -0.5586 0.8278
vn -0.0367 -0.5599 0.8277
vn -0.0517 -0.5534 0.8313
vn -0.0376 -0.5546 0.8313
vn -0.0514 -0.5491 0.8342
vn -0.0395 -0.5501 0.8342
vn -0.0507 -0.5459 0.8363
vn -0.0419 -0.5466 0.8363
vn -0.0495 -0.5435 0.8379
vn -0.0444 -0.5443 0.8377
vn -0.0474 -0.5428 0.8385
vn -0.0461 -0.5432 0.8383
vn -0.0486 -0.5424 0.8387
vn -0.0468 -0.5424 0.8388
vn -0.0467 -0.5425 0.8388
vn -0.0449 -0.5426 0.8388
vn -0.0444 -0.5427 0.8387
vn -0.0420 -0.5428 0.8388
vn -0.0418 -0.5428 0.8388
vn -0.0387 -0.5427 0.8390
vn -0.0378 -0.5426 0.8391
vn -0.0394 -0.5428 0.8389
vn -0.0372 -0.5419 0.8396
vn -0.0362 -0.5421 0.8395
vn -0.0363 -0.5407 0.8404
vn -0.0347 -0.5411 0.8403
vn -0.0349 -0.5394 0.8413
vn -0.0332 -0.5398 0.8412
vn -0.0332 -0.5381 0.8423
vn -0.0317 -0.5384 0.8421
vn -0.0309 -0.5368 0.8431
vn -0.0302 -0.5371 0.8430
vn -0.0282 -0.5359 0.8438
vn -0.0285 -0.5361 0.8437
vn -0.0250 -0.5352 0.8444
vn -0.0264 -0.5353 0.8443
vn -0.0212 -0.5347 0.8448
vn -0.0237 -0.5348 0.8447
vn -0.0169 -0.5344 0.8451
vn -0.0203 -0.5344 0.8450
vn -0.0121 -0.5342 0.8453
vn -0.0162 -0.5342 0.8452
vn -0.0072 -0.5340 0.8455
vn -0.0114 -0.5340 0.8454
vn -0.0038 -0.5338 0.8456
vn -0.0066 -0.5338 0.8456
vn -0.0014 -0.5337 0.8457
vn -0.0034 -0.5337 0.8457
vn 0.0013 -0.5338 0.8456
vn -0.0017 -0.5338 0.8456
vn 0.0039 -0.5350 0.8448
vn -0.0001 -0.5343 0.8453
vn 0.0027 -0.5356 0.8445
vn 0.0008 -0.5347 0.8450
vn 0.0078 -0.5371 0.8435
vn 0.0048 -0.5375 0.8432
vn 0.0119 -0.5396 0.8418
vn 0.0078 -0.5402 0.8415
vn 0.0166 -0.5429 0.8396
vn 0.0120 -0.5436 0.8393
vn 0.0219 -0.5467 0.8371
vn 0.0176 -0.5475 0.8366
vn 0.0277 -0.5507 0.8343
vn 0.0245 -0.5515 0.8338
vn 0.0342 -0.5547 0.8314
vn 0.0326 -0.5555 0.8309
vn 0.0412 -0.5583 0.8286
vn 0.0405 -0.5591 0.8281
vn 0.0477 -0.5614 0.8262
vn 0.0459 -0.5621 0.8258
vn 0.0514 -0.5639 0.8243
vn 0.0499 -0.5644 0.8240
vn 0.0539 -0.5656 0.8229
vn 0.0550 -0.5664 0.8223
vn 0.0624 -0.5669 0.8214
vn 0.0579 -0.5664 0.8221
vn 0.0686 -0.5677 0.8204
vn 0.0599 -0.5678 0.8210
vn 0.0752 -0.5694 0.8186
vn 0.0655 -0.5687 0.8199
vn 0.0777 -0.5702 0.8178
vn 0.0708 -0.5693 0.8191
vn 0.0842 -0.5717 0.8161
vn 0.0850 -0.5722 0.8157
vn 0.0939 -0.5742 0.8133
vn 0.0935 -0.5748 0.8129
vn 0.1048 -0.5773 0.8098
vn 0.1035 -0.5781 0.8094
vn 0.1169 -0.5810 0.8054
vn 0.1151 -0.5819 0.8051
vn 0.1302 -0.5851 0.8004
vn 0.1267 -0.5862 0.8002
vn 0.1427 -0.5896 0.7950
vn 0.1357 -0.5910 0.7952
vn 0.1517 -0.5945 0.7896
vn 0.1433 -0.5961 0.7900
vn 0.1593 -0.5996 0.7843
vn 0.1518 -0.6011 0.7846
vn 0.1678 -0.6045 0.7787
vn 0.1610 -0.6060 0.7790
vn 0.1769 -0.6093 0.7730
vn 0.1710 -0.6107 0.7732
vn 0.1867 -0.6138 0.7670
vn 0.1816 -0.6151 0.7672
vn 0.1971 -0.6182 0.7609
vn 0.1929 -0.6194 0.7610
vn 0.2081 -0.6222 0.7547
vn 0.2049 -0.6233 0.7547
vn 0.2196 -0.6259 0.7483
vn 0.2178 -0.6268 0.7482
vn 0.2315 -0.6292 0.7420
vn 0.2313 -0.6297 0.7416
vn 0.2438 -0.6317 0.7358
vn 0.2454 -0.6319 0.7351
vn 0.2565 -0.6335 0.7300
vn 0.2597 -0.6333 0.7290
vn 0.2692 -0.6345 0.7245
vn 0.2734 -0.6341 0.7233
vn 0.2814 -0.6349 0.7196
vn 0.2860 -0.6342 0.7183
vn 0.2924 -0.6347 0.7153
vn 0.2974 -0.6339 0.7140
vn 0.3020 -0.6341 0.7119
vn 0.3077 -0.6329 0.7104
vn 0.3102 -0.6329 0.7094
vn 0.3167 -0.6314 0.7078
vn 0.3169 -0.6311 0.7080
vn 0.3246 -0.6293 0.7061
vn 0.3220 -0.6287 0.7078
vn 0.3315 -0.6265 0.7055
vn 0.3255 -0.6256 0.7090
vn 0.3372 -0.6228 0.7060
vn 0.3275 -0.6215 0.7117
vn 0.3417 -0.6181 0.7080
vn 0.3281 -0.6163 0.7159
vn 0.3446 -0.6123 0.7116
vn 0.3272 -0.6097 0.7219
vn 0.3466 -0.6051 0.7168
vn 0.3261 -0.6015 0.7292
vn 0.3522 -0.5952 0.7223
vn 0.3318 -0.5902 0.7359
vn 0.3659 -0.5816 0.7265
vn 0.3454 -0.5754 0.7414
vn 0.3831 -0.5654 0.7304
vn 0.3625 -0.5583 0.7463
vn 0.4018 -0.5473 0.7342
vn 0.3822 -0.5396 0.7502
vn 0.4231 -0.5274 0.7368
vn 0.4086 -0.5202 0.7499
vn 0.4488 -0.5080 0.7352
vn 0.4506 -0.5043 0.7366
vn 0.4813 -0.4957 0.7229
vn 0.5007 -0.4972 0.7085
vn 0.5285 -0.4898 0.6933
vn 0.6012 -0.4975 0.6254
vn 0.6434 -0.4854 0.5920
vn 0.7534 -0.4897 0.4389
vn 0.7310 -0.5012 0.4630
vn 0.6996 -0.4969 0.5134
vn 0.6137 -0.4107 0.6744
vn 0.1834 -0.2482 0.9512
vn 0.3531 -0.4712 0.8083
vn 0.1857 -0.1577 0.9699
vn 0.4905 -0.1779 0.8531
vn -0.1893 0.9819 -0.0000
vn -0.1870 0.9824 -0.0000
vn -0.1845 0.9828 -0.0000
vn -0.1701 0.9854 -0.0000
vn -0.1583 0.9874 -0.0000
vn -0.1372 0.9905 -0.0000
vn -0.1302 0.9915 -0.0000
vn -0.1202 0.9927 -0.0000
vn -0.1197 0.9928 -0.0000
vn -0.1178 0.9930 -0.0000
vn -0.1170 0.9931 -0.0000
vn -0.1146 0.9934 -0.0000
vn -0.1137 0.9935 -0.0000
vn -0.1108 0.9938 -0.0000
vn -0.1098 0.9940 -0.0000
vn -0.1082 0.9941 -0.0000
vn -0.0826 0.9966 -0.0000
vn -0.0802 0.9968 -0.0000
vn -0.0747 0.9972 -0.0000
vn -0.0740 0.9973 -0.0000
vn -0.0695 0.9976 -0.0000
vn -0.0688 0.9976 -0.0000
vn -0.0645 0.9979 -0.0000
vn -0.0639 0.9980 -0.0000
vn -0.0597 0.9982 -0.0000
vn -0.0592 0.9982 -0.0000
vn -0.0552 0.9985 -0.0000
vn -0.0548 0.9985 -0.0000
vn -0.0529 0.9986 -0.0000
vn -0.0258 0.9997 -0.0000
vn -0.0267 0.9996 -0.0000
vn -0.0268 0.9996 -0.0000
vn -0.0283 0.9996 -0.0000
vn -0.0288 0.9996 -0.0000
vn -0.0284 0.9996 -0.0000
vn -0.0278 0.9996 -0.0000
vn -0.0270 0.9996 -0.0000
vn -0.0260 0.9997 -0.0000
vn -0.0247 0.9997 -0.0000
vn -0.0232 0.9997 -0.0000
vn -0.0223 0.9998 -0.0000
vn -0.0121 0.9999 -0.0000
vn -0.0132 0.9999 -0.0000
vn -0.0098 1.0000 -0.0000
vn -0.0074 1.0000 -0.0000
vn -0.0050 1.0000 -0.0000
vn -0.0073 1.0000 -0.0000
vn -0.0028 1.0000 -0.0000
vn -0.0049 1.0000 -0.0000
vn -0.0018 1.0000 -0.0000
vn 0.0060 1.0000 -0.0000
vn 0.0052 1.0000 -0.0000
vn 0.0076 1.0000 -0.0000
vn 0.0091 1.0000 -0.0000
vn 0.0103 0.9999 -0.0000
vn 0.0113 0.9999 -0.0000
vn 0.0121 0.9999 -0.0000
vn 0.0114 0.9999 -0.0000
vn 0.0127 0.9999 -0.0000
vn 0.0130 0.9999 -0.0000
vn 0.0138 0.9999 -0.0000
vn 0.0145 0.9999 -0.0000
vn 0.0168 0.9999 -0.0000
vn 0.0174 0.9998 -0.0000
vn 0.0151 0.9999 -0.0000
vn 0.0142 0.9999 -0.0000
vn 0.0147 0.9999 -0.0000
vn 0.3395 0.3395 -0.8772
vn -0.9205 -0.2391 -0.3091
vn 0.0182 -0.0681 -0.9975
vn 0.1348 -0.0625 -0.9889
vn 0.0182 -0.0134 -0.9997
vn 0.0182 -0.0681 0.9975
vn 0.1348 -0.0625 0.9889
vn 0.0182 -0.0134 0.9997
f 1/1/1 2/2/2 3/3/1
f 3/4/3 4/5/4 5/6/3
f 4/7/5 6/8/6 5/9/6
f 7/10/7 1/11/8 6/12/8
f 8/13/9 2/2/2 9/14/2
f 10/15/10 4/5/4 2/16/4
f 4/7/5 11/17/11 7/18/5
f 7/10/7 8/19/12 9/20/7
f 12/21/13 10/22/9 8/13/9
f 13/23/14 14/24/10 10/22/10
f 14/25/11 15/26/15 11/17/11
f 11/17/12 12/27/16 8/28/12
f 12/21/13 16/29/17 13/23/13
f 13/30/14 17/31/18 18/32/14
f 17/33/19 15/26/15 18/34/15
f 19/35/20 12/27/16 15/26/16
f 20/36/17 21/37/21 16/38/17
f 16/39/18 22/40/22 17/31/18
f 22/40/23 19/41/19 17/31/19
f 23/42/24 20/43/20 19/35/20
f 24/44/21 25/45/25 21/37/21
f 21/46/22 26/47/26 22/48/22
f 26/49/27 23/50/23 22/40/23
f 27/51/28 24/52/24 23/42/24
f 28/53/25 29/54/29 25/55/25
f 25/55/26 30/56/30 26/47/26
f 30/57/31 27/51/27 26/58/27
f 31/59/32 28/60/28 27/51/28
f 32/61/33 29/62/29 33/63/29
f 34/64/34 30/56/30 29/54/30
f 35/65/35 31/66/31 30/67/31
f 36/68/36 33/69/32 31/59/32
f 37/70/3 34/71/33 32/61/33
f 38/72/1 35/73/34 34/64/34
f 35/65/35 39/74/8 36/75/35
f 36/68/36 37/76/6 32/77/36
f 37/70/3 40/78/37 38/79/3
f 38/72/1 41/80/38 42/81/1
f 41/82/7 39/74/8 42/83/8
f 43/84/5 37/76/6 39/85/6
f 44/86/10 40/78/37 45/87/37
f 46/88/9 41/80/38 40/89/38
f 47/90/12 43/91/7 41/82/7
f 48/92/11 45/93/5 43/84/5
f 49/94/39 46/88/10 44/95/10
f 50/96/40 47/97/9 46/88/9
f 47/98/12 51/99/41 48/92/12
f 48/92/11 49/100/15 44/101/11
f 52/102/18 50/103/39 49/104/39
f 53/105/17 54/106/40 50/96/40
f 54/107/41 55/108/20 51/99/41
f 51/99/15 52/109/19 49/100/15
f 56/110/22 53/111/18 52/102/18
f 57/112/21 58/113/17 53/114/17
f 58/115/20 59/116/24 55/108/20
f 55/117/19 56/110/23 52/102/19
f 60/118/42 57/119/22 56/120/22
f 61/121/43 62/122/21 57/112/21
f 62/123/24 63/124/28 59/116/24
f 59/125/23 60/126/44 56/110/23
f 60/118/42 64/127/30 61/128/42
f 61/128/43 65/129/29 66/130/43
f 65/131/32 63/124/28 66/132/28
f 67/133/31 60/134/44 63/124/44
f 68/135/30 69/136/34 64/127/30
f 64/137/29 70/138/45 65/139/29
f 70/140/36 67/133/32 65/131/32
f 71/141/35 68/142/31 67/143/31
f 1/1/1 69/136/34 72/144/34
f 3/4/3 70/138/45 69/145/45
f 70/140/36 6/8/6 71/146/36
f 71/141/35 1/11/8 72/147/35
f 73/148/46 74/149/46 75/150/46
f 76/151/47 77/152/47 73/148/47
f 78/153/48 79/154/48 76/155/48
f 75/156/49 80/157/49 78/158/49
f 78/159/50 73/160/50 75/161/50
f 77/162/51 80/163/51 74/164/51
f 81/165/8 82/166/8 83/167/8
f 84/168/6 85/169/6 81/170/6
f 86/171/3 87/172/3 84/173/3
f 83/174/1 88/175/1 86/176/1
f 84/177/52 83/178/52 86/179/52
f 82/180/53 87/181/53 88/182/53
f 89/183/47 90/184/47 91/185/47
f 92/186/46 93/187/46 89/183/46
f 94/188/49 95/189/49 92/190/49
f 91/191/48 96/192/48 94/193/48
f 94/194/51 89/195/51 91/196/51
f 93/197/50 96/198/50 90/199/50
f 97/200/6 98/201/6 99/202/6
f 100/203/8 101/204/8 97/205/8
f 102/206/1 103/207/1 100/208/1
f 99/209/3 104/210/3 102/211/3
f 100/212/53 99/213/53 102/214/53
f 98/215/52 103/216/52 104/217/52
f 105/218/54 106/219/55 107/220/56
f 107/221/56 108/222/57 109/223/58
f 109/223/59 110/224/60 111/225/59
f 111/226/61 112/227/62 113/228/63
f 112/227/62 114/229/64 113/228/63
f 115/230/65 116/231/66 114/232/66
f 117/233/67 118/234/68 116/231/69
f 119/235/70 105/218/54 118/236/68
f 120/237/71 121/238/72 106/219/55
f 106/239/55 122/240/73 108/222/57
f 108/222/74 123/241/75 110/224/60
f 110/242/76 124/243/77 112/227/62
f 124/243/77 115/244/78 112/227/62
f 125/245/79 117/233/80 115/230/65
f 126/246/81 119/247/70 117/233/67
f 127/248/82 120/237/71 119/235/70
f 128/249/83 129/250/84 121/238/72
f 121/251/72 130/252/85 122/240/73
f 122/240/86 131/253/87 123/241/75
f 123/254/88 132/255/89 124/243/77
f 132/255/89 125/256/90 124/243/77
f 133/257/91 126/246/92 125/245/79
f 134/258/93 127/259/82 126/246/81
f 135/260/94 128/249/83 127/248/82
f 136/261/95 137/262/96 129/250/84
f 129/263/84 138/264/97 130/252/85
f 130/252/98 139/265/99 131/253/87
f 131/266/100 140/267/101 132/255/89
f 140/267/101 133/268/102 132/255/89
f 141/269/103 134/258/104 133/257/91
f 142/270/105 135/271/94 134/258/93
f 143/272/106 136/261/95 135/260/94
f 144/273/107 145/274/108 137/262/96
f 137/275/96 146/276/109 138/264/97
f 138/264/110 147/277/111 139/265/99
f 139/278/112 148/279/113 140/267/101
f 148/279/113 141/280/114 140/267/101
f 149/281/115 142/270/116 141/269/103
f 150/282/117 143/283/106 142/270/105
f 151/284/118 144/273/107 143/272/106
f 152/285/119 153/286/120 145/287/108
f 145/288/108 154/289/121 146/276/109
f 146/276/122 155/290/123 147/277/111
f 147/291/124 156/292/125 148/293/113
f 156/292/125 149/294/126 148/293/113
f 157/295/127 150/282/128 149/281/115
f 158/296/129 151/297/118 150/282/117
f 159/298/130 152/285/119 151/299/118
f 160/300/131 153/286/120 161/301/132
f 162/302/133 154/289/121 153/303/120
f 154/289/134 163/304/135 155/290/123
f 163/305/135 156/292/125 155/306/123
f 156/292/125 164/307/136 157/308/127
f 164/309/136 158/296/137 157/295/127
f 158/296/129 165/310/138 159/311/130
f 159/298/130 160/300/131 161/301/132
f 166/312/139 162/313/133 160/300/131
f 167/314/140 168/315/141 162/302/133
f 169/316/142 163/304/135 168/315/143
f 170/317/144 171/318/145 163/305/135
f 171/318/145 172/319/146 164/307/136
f 164/309/136 173/320/147 174/321/148
f 174/321/149 175/322/150 165/310/138
f 165/323/138 166/312/139 160/300/131
f 176/324/151 167/325/140 166/312/139
f 177/326/152 169/316/153 167/314/140
f 178/327/154 170/328/155 169/316/142
f 179/329/156 180/330/157 170/317/144
f 180/330/157 181/331/158 172/319/146
f 172/332/159 182/333/160 173/320/147
f 173/320/161 183/334/162 175/322/150
f 175/335/150 176/324/151 166/312/139
f 184/336/163 177/337/152 176/324/151
f 185/338/164 178/327/165 177/326/152
f 186/339/166 179/340/167 178/327/154
f 187/341/168 188/342/169 179/329/156
f 188/342/169 189/343/170 181/331/158
f 181/344/171 190/345/172 182/333/160
f 182/333/173 191/346/174 183/334/162
f 183/347/162 184/336/163 176/324/151
f 192/348/175 185/349/164 184/350/163
f 193/351/176 186/339/177 185/338/164
f 194/352/178 187/353/179 186/339/166
f 195/354/180 196/355/181 187/356/168
f 196/355/181 197/357/182 189/358/170
f 189/359/183 198/360/184 190/345/172
f 190/345/185 199/361/186 191/346/174
f 191/362/174 192/348/175 184/350/163
f 200/363/187 193/364/176 192/348/175
f 201/365/188 194/352/189 193/351/176
f 202/366/190 195/367/191 194/352/178
f 203/368/192 204/369/193 195/354/180
f 204/369/193 205/370/194 197/357/182
f 197/371/195 206/372/196 198/360/184
f 198/360/197 207/373/198 199/361/186
f 199/374/186 200/363/187 192/348/175
f 208/375/63 201/376/188 200/363/187
f 209/377/199 202/366/200 201/365/188
f 210/378/58 203/379/201 202/366/190
f 211/380/202 212/381/203 203/368/192
f 212/381/203 213/382/204 205/370/194
f 205/383/205 214/384/69 206/372/196
f 206/372/206 215/385/207 207/373/198
f 207/386/198 208/375/63 200/363/187
f 208/375/63 216/387/208 209/388/199
f 209/377/199 217/389/60 210/378/59
f 210/378/58 218/390/209 211/391/58
f 211/380/202 219/392/210 220/393/54
f 219/392/210 213/382/204 220/393/54
f 221/394/67 214/384/69 213/395/69
f 222/396/211 215/385/207 214/384/66
f 223/397/212 208/375/63 215/398/207
f 224/399/213 225/400/214 216/387/208
f 216/401/208 226/402/215 217/389/60
f 217/389/216 227/403/217 218/390/209
f 218/404/218 228/405/219 219/392/210
f 228/405/219 221/406/220 219/392/210
f 229/407/221 222/396/222 221/394/67
f 230/408/223 223/409/212 222/396/211
f 231/410/224 224/399/213 223/397/212
f 232/411/225 233/412/226 225/400/214
f 225/413/214 234/414/227 226/402/215
f 226/402/228 235/415/229 227/403/217
f 227/416/230 236/417/231 228/405/219
f 236/417/231 229/418/232 228/405/219
f 237/419/233 230/408/234 229/407/221
f 238/420/235 231/421/224 230/408/223
f 239/422/236 232/411/225 231/410/224
f 240/423/237 241/424/238 233/412/226
f 233/425/226 242/426/239 234/414/227
f 234/414/240 243/427/241 235/415/229
f 235/428/242 244/429/243 236/417/231
f 244/429/243 237/430/244 236/417/231
f 245/431/245 238/420/246 237/419/233
f 246/432/247 239/433/236 238/420/235
f 247/434/248 240/423/237 239/422/236
f 248/435/249 249/436/250 241/424/238
f 241/437/238 250/438/251 242/426/239
f 242/426/252 251/439/253 243/427/241
f 243/440/254 252/441/255 244/429/243
f 252/441/255 245/442/256 244/429/243
f 253/443/257 246/432/258 245/431/245
f 254/444/259 247/445/248 246/432/247
f 255/446/260 248/435/249 247/434/248
f 256/447/261 257/448/262 249/449/250
f 249/450/250 258/451/263 250/438/251
f 250/438/264 259/452/265 251/439/253
f 251/453/266 260/454/267 252/455/255
f 260/454/267 253/456/268 252/455/255
f 261/457/269 254/444/270 253/443/257
f 262/458/271 255/459/260 254/444/259
f 263/460/272 256/447/261 255/461/260
f 264/462/273 257/448/262 265/463/274
f 266/464/275 258/451/263 257/465/262
f 258/451/276 267/466/277 259/452/265
f 259/467/265 268/468/278 260/454/267
f 268/468/278 261/469/269 260/454/267
f 269/470/279 262/458/280 261/457/269
f 262/458/271 270/471/281 263/472/272
f 263/460/272 264/462/273 265/463/274
f 271/473/282 266/474/275 264/462/273
f 272/475/283 273/476/284 266/464/275
f 274/477/285 267/466/277 273/476/286
f 275/478/287 268/468/278 267/479/277
f 268/468/278 276/480/288 269/481/279
f 269/470/279 277/482/289 278/483/290
f 278/483/291 279/484/292 270/471/281
f 270/485/281 271/473/282 264/462/273
f 280/486/293 272/487/283 271/473/282
f 281/488/294 274/477/295 272/475/283
f 282/489/296 275/490/297 274/477/285
f 283/491/298 284/492/299 275/478/287
f 284/492/299 285/493/300 276/480/288
f 276/494/301 286/495/302 277/482/289
f 277/482/303 287/496/304 279/484/292
f 279/497/292 280/486/293 271/473/282
f 288/498/305 281/499/294 280/486/293
f 289/500/306 282/489/307 281/488/294
f 290/501/308 283/502/309 282/489/296
f 291/503/310 292/504/311 283/491/298
f 292/504/311 293/505/312 285/493/300
f 285/506/313 294/507/314 286/495/302
f 286/495/315 295/508/316 287/496/304
f 287/509/304 288/498/305 280/486/293
f 296/510/317 289/511/306 288/512/305
f 297/513/318 290/501/319 289/500/306
f 298/514/320 291/515/321 290/501/308
f 299/516/322 300/517/323 291/518/310
f 300/517/323 301/519/324 293/520/312
f 293/521/325 302/522/326 294/507/314
f 294/507/327 303/523/328 295/508/316
f 295/524/316 296/510/317 288/512/305
f 304/525/329 297/526/318 296/510/317
f 305/527/330 298/514/331 297/513/318
f 306/528/332 299/529/333 298/514/320
f 307/530/334 308/531/335 299/516/322
f 308/531/335 309/532/336 301/519/324
f 301/533/337 310/534/338 302/522/326
f 302/522/339 311/535/340 303/523/328
f 303/536/328 304/525/329 296/510/317
f 105/218/54 305/537/330 304/525/329
f 107/221/56 306/528/201 305/527/330
f 109/223/59 307/538/341 306/528/332
f 111/226/61 312/539/342 307/530/334
f 312/539/342 114/229/64 309/532/336
f 309/540/343 116/231/66 310/534/338
f 310/534/205 118/234/68 311/535/340
f 311/541/340 105/218/54 304/525/329
f 313/542/344 314/543/345 315/544/346
f 315/545/346 316/546/347 317/547/348
f 317/547/349 318/548/350 319/549/349
f 319/550/351 320/551/352 321/552/353
f 320/551/352 322/553/354 321/552/353
f 323/554/355 324/555/356 322/556/354
f 325/557/357 326/558/358 324/555/359
f 327/559/360 313/542/344 326/560/358
f 328/561/361 329/562/362 314/543/345
f 314/563/345 330/564/363 316/546/347
f 316/546/364 331/565/227 318/548/350
f 318/566/365 332/567/366 320/551/352
f 332/567/366 323/568/355 320/551/352
f 333/569/235 325/557/367 323/554/355
f 334/570/368 327/571/360 325/557/357
f 335/572/369 328/561/361 327/559/360
f 336/573/370 337/574/371 329/562/362
f 329/575/362 338/576/372 330/564/363
f 330/564/373 339/577/374 331/565/227
f 331/578/375 340/579/376 332/567/366
f 340/579/376 333/580/377 332/567/366
f 341/581/378 334/570/379 333/569/235
f 342/582/380 335/583/369 334/570/368
f 343/584/381 336/573/370 335/572/369
f 344/585/382 345/586/383 337/574/371
f 337/587/371 346/588/384 338/576/372
f 338/576/385 347/589/386 339/577/374
f 339/590/387 348/591/388 340/579/376
f 348/591/388 341/592/389 340/579/376
f 349/593/390 342/582/391 341/581/378
f 350/594/392 343/595/381 342/582/380
f 351/596/393 344/585/382 343/584/381
f 352/597/394 353/598/395 345/599/383
f 345/600/383 354/601/396 346/588/384
f 346/588/397 355/602/398 347/589/386
f 347/603/399 356/604/400 348/591/388
f 356/605/400 349/606/401 348/607/388
f 357/608/402 350/594/403 349/593/390
f 358/609/404 351/610/393 350/594/392
f 359/611/405 352/597/394 351/612/393
f 360/613/406 361/614/407 353/598/395
f 353/615/395 362/616/408 354/601/396
f 354/601/409 363/617/410 355/602/398
f 355/618/411 364/619/412 356/605/400
f 364/619/412 357/620/413 356/605/400
f 365/621/414 358/609/415 357/608/402
f 366/622/416 359/623/405 358/609/404
f 367/624/417 360/613/406 359/611/405
f 368/625/418 361/614/407 369/626/419
f 370/627/420 362/616/408 361/628/407
f 371/629/421 363/617/410 362/616/422
f 372/630/423 364/619/412 363/631/410
f 364/619/412 373/632/424 365/633/414
f 365/621/414 374/634/425 366/622/426
f 366/622/416 375/635/427 367/636/417
f 367/624/417 368/625/418 369/626/419
f 376/637/428 370/638/420 368/625/418
f 377/639/429 371/629/430 370/627/420
f 378/640/431 372/641/423 371/629/421
f 379/642/432 380/643/433 372/630/423
f 380/643/433 381/644/434 373/632/424
f 373/645/424 382/646/435 374/634/425
f 374/634/436 383/647/437 375/635/427
f 375/648/427 376/637/428 368/625/418
f 384/649/438 377/650/429 376/637/428
f 385/651/439 378/640/440 377/639/429
f 386/652/441 379/653/442 378/640/431
f 387/654/443 388/655/444 379/642/432
f 388/655/444 389/656/445 381/644/434
f 381/657/446 390/658/447 382/646/435
f 382/646/448 391/659/449 383/647/437
f 383/660/437 384/649/438 376/637/428
f 392/661/450 385/662/439 384/663/438
f 393/664/451 386/652/452 385/651/439
f 394/665/453 387/666/454 386/652/441
f 395/667/455 396/668/456 387/669/443
f 396/668/456 397/670/457 389/671/445
f 389/672/458 398/673/459 390/658/447
f 390/658/460 399/674/461 391/659/449
f 391/675/449 392/661/450 384/663/438
f 400/676/462 393/677/451 392/661/450
f 401/678/463 394/665/464 393/664/451
f 402/679/465 395/680/466 394/665/453
f 403/681/467 404/682/468 395/667/455
f 404/682/468 405/683/469 397/670/457
f 397/684/470 406/685/471 398/673/459
f 398/673/472 407/686/473 399/674/461
f 399/687/461 400/676/462 392/661/450
f 408/688/474 401/689/463 400/676/462
f 409/690/475 402/679/476 401/678/463
f 410/691/477 403/692/478 402/679/465
f 411/693/479 412/694/480 403/681/467
f 412/694/480 413/695/481 405/683/469
f 405/696/482 414/697/483 406/685/471
f 406/685/484 415/698/485 407/686/473
f 407/699/473 408/688/474 400/676/462
f 416/700/353 409/701/475 408/688/474
f 417/702/486 410/691/487 409/690/475
f 418/703/348 411/704/488 410/691/477
f 419/705/489 420/706/490 411/693/479
f 420/706/490 421/707/491 413/695/481
f 413/708/492 422/709/359 414/697/483
f 414/697/493 423/710/494 415/698/485
f 415/711/485 416/700/353 408/688/474
f 416/700/353 424/712/495 417/713/486
f 417/702/486 425/714/350 418/703/349
f 418/703/348 426/715/347 419/716/348
f 419/705/489 427/717/496 428/718/344
f 427/717/496 421/707/491 428/718/344
f 429/719/357 422/709/359 421/720/359
f 430/721/497 423/710/494 422/709/356
f 431/722/498 416/700/353 423/723/494
f 432/724/499 433/725/500 424/712/495
f 424/726/495 434/727/501 425/714/350
f 425/714/502 435/728/503 426/715/347
f 426/729/504 436/730/505 427/717/496
f 436/730/505 429/731/506 427/717/496
f 437/732/93 430/721/507 429/719/357
f 438/733/508 431/734/498 430/721/497
f 439/735/509 432/724/499 431/722/498
f 440/736/510 441/737/511 433/725/500
f 433/738/500 442/739/512 434/727/501
f 434/727/513 443/740/514 435/728/503
f 435/741/515 444/742/516 436/730/505
f 444/742/516 437/743/517 436/730/505
f 445/744/518 438/733/519 437/732/93
f 446/745/520 439/746/509 438/733/508
f 447/747/521 440/736/510 439/735/509
f 448/748/522 449/749/523 441/737/511
f 441/750/511 450/751/524 442/739/512
f 442/739/525 451/752/526 443/740/514
f 443/753/527 452/754/528 444/742/516
f 452/754/528 445/755/529 444/742/516
f 453/756/530 446/745/531 445/744/518
f 454/757/532 447/758/521 446/745/520
f 455/759/533 448/748/522 447/747/521
f 456/760/534 457/761/535 449/749/523
f 449/762/523 458/763/536 450/751/524
f 450/751/537 459/764/538 451/752/526
f 451/765/539 460/766/540 452/767/528
f 460/766/540 453/768/541 452/767/528
f 461/769/542 454/757/543 453/756/530
f 462/770/544 455/771/533 454/757/532
f 463/772/545 456/773/534 455/774/533
f 464/775/546 465/776/547 457/777/535
f 457/778/535 466/779/548 458/763/536
f 458/763/549 467/780/550 459/764/538
f 459/781/551 468/782/552 460/766/540
f 468/782/552 461/783/553 460/766/540
f 469/784/554 462/770/555 461/769/542
f 470/785/556 463/786/545 462/770/544
f 471/787/557 464/775/546 463/772/545
f 472/788/558 465/776/547 473/789/559
f 474/790/560 466/779/548 465/791/547
f 475/792/561 467/780/550 466/779/562
f 476/793/563 468/782/552 467/794/550
f 468/782/552 477/795/564 469/796/554
f 469/784/554 478/797/565 470/785/566
f 470/785/556 479/798/567 471/799/557
f 471/787/557 472/788/558 473/789/559
f 480/800/568 474/801/560 472/788/558
f 481/802/569 475/792/570 474/790/560
f 482/803/571 476/804/563 475/792/561
f 483/805/572 484/806/573 476/793/563
f 484/806/573 485/807/574 477/795/564
f 477/808/564 486/809/575 478/797/565
f 478/797/576 487/810/577 479/798/567
f 479/811/567 480/800/568 472/788/558
f 488/812/578 481/813/569 480/800/568
f 489/814/579 482/803/580 481/802/569
f 490/815/581 483/816/582 482/803/571
f 491/817/583 492/818/584 483/805/572
f 492/818/584 493/819/585 485/807/574
f 485/820/586 494/821/587 486/809/575
f 486/809/588 495/822/589 487/810/577
f 487/823/577 488/812/578 480/800/568
f 496/824/590 489/825/579 488/826/578
f 497/827/591 490/815/592 489/814/579
f 498/828/593 491/829/594 490/815/581
f 499/830/595 500/831/596 491/832/583
f 500/831/596 501/833/597 493/834/585
f 493/835/598 502/836/599 494/821/587
f 494/821/600 503/837/601 495/822/589
f 495/838/589 496/824/590 488/826/578
f 504/839/602 497/840/591 496/824/590
f 505/841/603 498/828/604 497/827/591
f 506/842/605 499/843/606 498/828/593
f 507/844/607 508/845/608 499/830/595
f 508/845/608 509/846/609 501/833/597
f 501/847/610 510/848/611 502/836/599
f 502/836/612 511/849/613 503/837/601
f 503/850/601 504/839/602 496/824/590
f 512/851/614 505/852/603 504/839/602
f 513/853/615 506/842/616 505/841/603
f 514/854/617 507/855/618 506/842/605
f 515/856/619 516/857/620 507/844/607
f 516/857/620 517/858/621 509/846/609
f 509/859/622 518/860/623 510/848/611
f 510/848/624 519/861/625 511/849/613
f 511/862/613 512/851/614 504/839/602
f 313/542/344 513/863/615 512/851/614
f 315/545/346 514/854/488 513/853/615
f 317/547/349 515/864/487 514/854/617
f 319/550/351 520/865/626 515/856/619
f 520/865/626 322/553/354 517/858/621
f 517/866/493 324/555/356 518/860/623
f 518/860/492 326/558/358 519/861/625
f 519/867/625 313/542/344 512/851/614
f 521/868/627 522/869/628 523/870/629
f 523/871/629 524/872/630 525/873/631
f 525/873/632 526/874/633 527/875/632
f 527/876/634 528/877/635 529/878/636
f 528/877/635 530/879/637 529/878/636
f 531/880/638 532/881/639 530/882/639
f 533/883/640 534/884/641 532/881/642
f 535/885/643 521/868/627 534/886/641
f 536/887/644 537/888/645 522/869/628
f 522/889/628 538/890/646 524/872/630
f 524/872/647 539/891/648 526/874/633
f 526/892/649 540/893/650 528/877/635
f 540/893/650 531/894/651 528/877/635
f 541/895/652 533/883/653 531/880/638
f 542/896/654 535/897/643 533/883/640
f 543/898/655 536/887/644 535/885/643
f 544/899/656 545/900/657 537/888/645
f 537/901/645 546/902/658 538/890/646
f 538/890/659 547/903/660 539/891/648
f 539/904/661 548/905/662 540/893/650
f 548/905/662 541/906/663 540/893/650
f 549/907/664 542/896/665 541/895/652
f 550/908/666 543/909/655 542/896/654
f 551/910/667 544/899/656 543/898/655
f 552/911/668 553/912/669 545/913/657
f 545/914/657 554/915/670 546/902/658
f 546/902/671 555/916/672 547/903/660
f 547/917/673 556/918/674 548/905/662
f 556/918/674 549/919/675 548/905/662
f 557/920/676 550/908/677 549/907/664
f 558/921/678 551/922/667 550/908/666
f 559/923/679 552/924/668 551/910/667
f 560/925/680 561/926/681 553/912/669
f 553/927/669 562/928/682 554/915/670
f 554/915/683 563/929/684 555/916/672
f 555/930/685 564/931/686 556/932/674
f 564/931/686 557/933/687 556/932/674
f 565/934/688 558/921/689 557/920/676
f 566/935/690 559/936/679 558/921/678
f 567/937/691 560/925/680 559/938/679
f 568/939/692 569/940/693 561/926/681
f 561/941/681 570/942/694 562/928/682
f 562/928/695 571/943/696 563/929/684
f 563/944/697 572/945/698 564/931/686
f 572/945/698 565/946/699 564/931/686
f 573/947/700 566/935/701 565/934/688
f 574/948/702 567/949/691 566/935/690
f 575/950/703 568/939/692 567/937/691
f 576/951/704 569/940/693 577/952/705
f 569/953/693 578/954/706 570/942/694
f 578/954/707 571/943/696 570/942/708
f 579/955/709 572/945/698 571/956/696
f 572/945/698 580/957/710 573/958/700
f 573/947/700 581/959/711 574/948/712
f 581/959/713 575/960/703 574/948/702
f 575/950/703 576/951/704 577/952/705
f 582/961/714 583/962/715 576/951/704
f 584/963/716 578/954/706 583/964/715
f 585/965/717 579/966/709 578/954/707
f 586/967/718 587/968/719 579/955/709
f 587/968/719 588/969/720 580/957/710
f 580/970/710 589/971/721 581/959/711
f 581/959/713 590/972/722 591/973/723
f 591/974/723 582/961/714 576/951/704
f 592/975/724 584/976/716 582/961/714
f 593/977/725 585/965/726 584/963/716
f 594/978/727 586/979/728 585/965/717
f 595/980/729 596/981/730 586/967/718
f 596/981/730 597/982/731 588/969/720
f 588/983/732 598/984/733 589/971/721
f 589/971/734 599/985/735 590/972/722
f 590/986/722 592/975/724 582/961/714
f 600/987/736 593/988/725 592/989/724
f 601/990/737 594/978/738 593/977/725
f 602/991/739 595/992/740 594/978/727
f 603/993/741 604/994/742 595/995/729
f 604/994/742 605/996/743 597/997/731
f 597/998/744 606/999/745 598/984/733
f 598/984/746 607/1000/747 599/985/735
f 599/1001/735 600/987/736 592/989/724
f 608/1002/748 601/1003/737 600/987/736
f 609/1004/749 602/991/750 601/990/737
f 610/1005/751 603/1006/752 602/991/739
f 611/1007/753 612/1008/754 603/993/741
f 612/1008/754 613/1009/755 605/996/743
f 605/1010/756 614/1011/757 606/999/745
f 606/999/758 615/1012/759 607/1000/747
f 607/1013/747 608/1002/748 600/987/736
f 616/1014/760 609/1015/749 608/1002/748
f 617/1016/761 610/1005/762 609/1004/749
f 618/1017/763 611/1018/764 610/1005/751
f 619/1019/765 620/1020/766 611/1007/753
f 620/1020/766 621/1021/767 613/1009/755
f 613/1022/768 622/1023/769 614/1011/757
f 614/1011/770 623/1024/771 615/1012/759
f 615/1025/759 616/1014/760 608/1002/748
f 624/1026/636 617/1027/761 616/1014/760
f 625/1028/772 618/1017/773 617/1016/761
f 626/1029/631 619/1030/763 618/1017/763
f 627/1031/774 628/1032/775 619/1019/765
f 628/1032/775 629/1033/776 621/1021/767
f 621/1034/769 630/1035/642 622/1023/769
f 622/1023/777 631/1036/639 623/1024/771
f 623/1037/771 624/1026/636 616/1014/760
f 624/1026/636 632/1038/778 625/1039/772
f 625/1028/772 633/1040/633 626/1029/632
f 626/1029/631 634/1041/630 627/1042/631
f 627/1031/774 635/1043/779 636/1044/627
f 635/1043/779 629/1033/776 636/1044/627
f 637/1045/640 630/1035/642 629/1046/642
f 638/1047/638 631/1036/639 630/1035/639
f 639/1048/780 624/1026/636 631/1049/637
f 640/1050/781 641/1051/782 632/1038/778
f 632/1052/778 642/1053/783 633/1040/633
f 633/1040/363 643/1054/784 634/1041/630
f 634/1055/785 644/1056/786 635/1043/779
f 644/1056/786 637/1057/787 635/1043/779
f 645/1058/788 638/1047/368 637/1045/640
f 646/1059/789 639/1060/780 638/1047/638
f 647/1061/790 640/1050/781 639/1048/780
f 648/1062/791 649/1063/792 641/1051/782
f 641/1064/782 650/1065/793 642/1053/783
f 642/1053/794 651/1066/795 643/1054/784
f 643/1067/796 652/1068/797 644/1056/786
f 652/1068/797 645/1069/798 644/1056/786
f 653/1070/799 646/1059/800 645/1058/788
f 654/1071/801 647/1072/790 646/1059/789
f 655/1073/802 648/1062/791 647/1061/790
f 656/1074/803 657/1075/804 649/1063/792
f 649/1076/792 658/1077/805 650/1065/793
f 650/1065/806 659/1078/807 651/1066/795
f 651/1079/808 660/1080/809 652/1081/797
f 660/1082/809 653/1083/810 652/1068/797
f 661/1084/811 654/1071/812 653/1070/799
f 662/1085/813 655/1086/802 654/1071/801
f 663/1087/814 656/1074/803 655/1073/802
f 664/1088/815 665/1089/816 657/1090/804
f 657/1091/804 666/1092/817 658/1077/805
f 658/1077/818 667/1093/819 659/1078/807
f 659/1094/820 668/1095/821 660/1080/809
f 668/1095/821 661/1096/822 660/1080/809
f 669/1097/823 662/1085/824 661/1084/811
f 670/1098/825 663/1099/814 662/1085/813
f 671/1100/826 664/1088/815 663/1101/814
f 672/1102/827 673/1103/828 665/1089/816
f 665/1104/816 674/1105/829 666/1092/817
f 666/1092/830 675/1106/831 667/1093/819
f 667/1107/832 676/1108/833 668/1095/821
f 676/1108/833 669/1109/834 668/1095/821
f 677/1110/835 670/1098/836 669/1097/823
f 678/1111/837 671/1112/826 670/1098/825
f 679/1113/838 672/1102/827 671/1100/826
f 680/1114/839 681/1115/840 673/1103/828
f 673/1116/828 682/1117/841 674/1105/829
f 674/1105/842 683/1118/843 675/1106/831
f 675/1119/831 684/1120/844 676/1108/833
f 684/1120/844 677/1121/835 676/1108/833
f 685/1122/845 678/1111/846 677/1110/835
f 686/1123/847 679/1124/838 678/1111/837
f 687/1125/848 680/1114/839 679/1113/838
f 688/1126/849 681/1115/840 689/1127/850
f 690/1128/851 682/1117/841 681/1129/840
f 691/1130/852 683/1118/843 682/1117/853
f 692/1131/854 684/1120/844 683/1132/843
f 684/1120/844 693/1133/855 685/1134/845
f 685/1122/845 694/1135/856 686/1123/857
f 686/1123/847 695/1136/858 687/1137/848
f 687/1125/848 688/1126/849 689/1127/850
f 696/1138/859 690/1139/851 688/1126/849
f 697/1140/860 691/1130/861 690/1128/851
f 698/1141/862 692/1142/863 691/1130/852
f 699/1143/864 700/1144/865 692/1131/854
f 700/1144/865 701/1145/866 693/1133/855
f 693/1146/867 702/1147/868 694/1135/856
f 694/1135/869 703/1148/870 695/1136/858
f 695/1149/858 696/1138/859 688/1126/849
f 704/1150/871 697/1151/860 696/1152/859
f 705/1153/872 698/1141/873 697/1140/860
f 706/1154/874 699/1155/875 698/1141/862
f 707/1156/876 708/1157/877 699/1158/864
f 708/1157/877 709/1159/878 701/1160/866
f 701/1161/879 710/1162/880 702/1147/868
f 702/1147/881 711/1163/882 703/1148/870
f 703/1164/870 704/1150/871 696/1152/859
f 712/1165/883 705/1166/872 704/1150/871
f 713/1167/884 706/1154/885 705/1153/872
f 714/1168/886 707/1169/887 706/1154/874
f 715/1170/888 716/1171/889 707/1156/876
f 716/1171/889 717/1172/890 709/1159/878
f 709/1173/891 718/1174/892 710/1162/880
f 710/1162/893 719/1175/894 711/1163/882
f 711/1176/882 712/1165/883 704/1150/871
f 720/1177/895 713/1178/884 712/1165/883
f 721/1179/896 714/1168/897 713/1167/884
f 722/1180/773 715/1181/898 714/1168/886
f 723/1182/899 724/1183/900 715/1170/888
f 724/1183/900 725/1184/901 717/1172/890
f 717/1185/902 726/1186/777 718/1174/892
f 718/1174/903 727/1187/904 719/1175/894
f 719/1188/894 720/1177/895 712/1165/883
f 521/868/627 721/1189/896 720/1177/895
f 523/871/629 722/1180/763 721/1179/896
f 525/873/632 723/1190/773 722/1180/773
f 527/876/634 728/1191/905 723/1182/899
f 728/1191/905 530/879/637 725/1184/901
f 725/1192/777 532/881/639 726/1186/777
f 726/1186/769 534/884/641 727/1187/904
f 727/1193/904 521/868/627 720/1177/895
f 729/1194/906 730/1195/907 731/1196/908
f 731/1197/908 732/1198/909 733/1199/910
f 733/1199/911 734/1200/912 735/1201/913
f 735/1202/913 736/1203/914 737/1204/915
f 736/1203/914 738/1205/916 737/1204/915
f 739/1206/917 740/1207/918 738/1208/918
f 741/1209/919 742/1210/920 740/1207/921
f 743/1211/922 729/1194/906 742/1212/920
f 744/1213/923 745/1214/924 730/1195/907
f 730/1215/907 746/1216/925 732/1198/909
f 732/1198/926 747/1217/927 734/1200/912
f 734/1218/912 748/1219/928 736/1203/914
f 748/1219/928 739/1220/929 736/1203/914
f 749/1221/930 741/1209/917 739/1206/917
f 750/1222/931 743/1223/922 741/1209/919
f 751/1224/932 744/1213/923 743/1211/922
f 752/1225/933 753/1226/934 745/1227/924
f 745/1228/924 754/1229/935 746/1216/925
f 746/1216/927 755/1230/936 747/1217/927
f 747/1231/937 756/1232/938 748/1219/928
f 756/1232/938 749/1233/939 748/1219/928
f 757/1234/940 750/1222/930 749/1221/930
f 758/1235/941 751/1236/932 750/1222/931
f 759/1237/942 752/1238/933 751/1224/932
f 760/1239/943 761/1240/944 753/1226/934
f 753/1241/934 762/1242/945 754/1229/935
f 754/1229/946 763/1243/947 755/1230/936
f 755/1244/948 764/1245/949 756/1246/938
f 764/1245/949 757/1247/950 756/1246/938
f 765/1248/951 758/1235/952 757/1234/940
f 766/1249/953 759/1250/942 758/1235/941
f 767/1251/954 760/1239/943 759/1252/942
f 768/1253/955 769/1254/956 761/1240/944
f 761/1255/944 770/1256/957 762/1242/945
f 762/1242/958 771/1257/959 763/1243/947
f 763/1258/960 772/1259/961 764/1245/949
f 772/1259/961 765/1260/962 764/1245/949
f 773/1261/963 766/1249/964 765/1248/951
f 774/1262/965 767/1263/954 766/1249/953
f 775/1264/966 768/1253/955 767/1251/954
f 776/1265/967 777/1266/968 769/1254/956
f 769/1267/956 778/1268/969 770/1256/957
f 770/1256/970 779/1269/971 771/1257/959
f 771/1270/972 780/1271/973 772/1259/961
f 780/1271/973 773/1272/974 772/1259/961
f 781/1273/975 774/1262/976 773/1261/963
f 782/1274/977 775/1275/966 774/1262/965
f 783/1276/978 776/1265/967 775/1264/966
f 784/1277/979 785/1278/980 777/1266/968
f 777/1279/968 786/1280/981 778/1268/969
f 778/1268/982 787/1281/983 779/1269/971
f 779/1282/971 788/1283/984 780/1271/973
f 788/1283/984 781/1284/975 780/1271/973
f 789/1285/985 782/1274/986 781/1273/975
f 790/1286/987 783/1287/978 782/1274/977
f 791/1288/988 784/1277/979 783/1276/978
f 792/1289/989 785/1278/980 793/1290/990
f 794/1291/991 786/1280/981 785/1292/980
f 795/1293/992 787/1281/983 786/1280/993
f 796/1294/994 788/1283/984 787/1295/983
f 788/1283/984 797/1296/995 789/1297/985
f 789/1285/985 798/1298/996 790/1286/997
f 790/1286/987 799/1299/998 791/1300/988
f 791/1288/988 792/1289/989 793/1290/990
f 800/1301/999 794/1302/991 792/1303/989
f 801/1304/1000 795/1293/1001 794/1291/991
f 802/1305/1002 796/1306/1003 795/1293/992
f 803/1307/1004 804/1308/1005 796/1309/994
f 804/1308/1005 805/1310/1006 797/1311/995
f 797/1312/1007 806/1313/1008 798/1298/996
f 798/1298/1009 807/1314/1010 799/1299/998
f 799/1315/998 800/1316/999 792/1289/989
f 808/1317/1011 801/1318/1000 800/1301/999
f 809/1319/1012 802/1305/1013 801/1304/1000
f 810/1320/1014 803/1321/1015 802/1305/1002
f 811/1322/1016 812/1323/1017 803/1307/1004
f 812/1323/1017 813/1324/1018 805/1310/1006
f 805/1325/1019 814/1326/1020 806/1313/1008
f 806/1313/1021 815/1327/1022 807/1314/1010
f 807/1328/1010 808/1317/1011 800/1301/999
f 816/1329/1023 809/1330/1012 808/1317/1011
f 817/1331/1024 810/1320/1025 809/1319/1012
f 818/1332/1026 811/1333/1027 810/1320/1014
f 819/1334/1028 820/1335/1029 811/1322/1016
f 820/1335/1029 821/1336/1030 813/1324/1018
f 813/1337/1031 822/1338/1032 814/1326/1020
f 814/1326/1033 823/1339/1034 815/1327/1022
f 815/1340/1022 816/1329/1023 808/1317/1011
f 824/1341/1035 817/1342/1024 816/1329/1023
f 825/1343/1036 818/1332/1037 817/1331/1024
f 826/1344/1038 819/1345/1039 818/1332/1026
f 827/1346/1040 828/1347/1041 819/1334/1028
f 828/1347/1041 829/1348/1042 821/1336/1030
f 821/1349/1043 830/1350/1044 822/1338/1032
f 822/1338/1045 831/1351/1046 823/1339/1034
f 823/1352/1034 824/1341/1035 816/1329/1023
f 832/1353/915 825/1354/1036 824/1341/1035
f 833/1355/1047 826/1344/1048 825/1343/1036
f 834/1356/910 827/1357/1040 826/1344/1038
f 835/1358/1049 836/1359/1050 827/1346/1040
f 836/1359/1050 837/1360/1051 829/1348/1042
f 829/1361/1044 838/1362/921 830/1350/1044
f 830/1350/1052 839/1363/1053 831/1351/1046
f 831/1364/1046 832/1353/915 824/1341/1035
f 832/1353/915 840/1365/1054 833/1366/1047
f 833/1355/1047 841/1367/1055 834/1356/911
f 834/1356/910 842/1368/1056 835/1369/1049
f 835/1358/1049 843/1370/1057 844/1371/906
f 843/1370/1057 837/1360/1051 844/1371/906
f 845/1372/1058 838/1362/921 837/1373/921
f 846/1374/1059 839/1363/1053 838/1362/918
f 847/1375/1060 832/1353/915 839/1376/1053
f 848/1377/1061 849/1378/1062 840/1365/1054
f 840/1379/1054 850/1380/1063 841/1367/1055
f 841/1367/1056 851/1381/1064 842/1368/1056
f 842/1382/1065 852/1383/1066 843/1370/1057
f 852/1383/1066 845/1384/1067 843/1370/1057
f 853/1385/1068 846/1374/1069 845/1372/1058
f 854/1386/1070 847/1387/1060 846/1374/1059
f 855/1388/1071 848/1377/1061 847/1375/1060
f 856/1389/1072 857/1390/1073 849/1378/1062
f 849/1391/1062 858/1392/1074 850/1380/1063
f 850/1380/1075 859/1393/1076 851/1381/1064
f 851/1394/1077 860/1395/1078 852/1396/1066
f 860/1397/1078 853/1398/1079 852/1383/1066
f 861/1399/1080 854/1386/1081 853/1385/1068
f 862/1400/1082 855/1401/1071 854/1386/1070
f 863/1402/1083 856/1389/1072 855/1388/1071
f 864/1403/1084 865/1404/1085 857/1405/1073
f 857/1406/1073 866/1407/1086 858/1392/1074
f 858/1392/1087 867/1408/1088 859/1393/1076
f 859/1409/1089 868/1410/1090 860/1395/1078
f 868/1410/1090 861/1411/1091 860/1395/1078
f 869/1412/1092 862/1400/1093 861/1399/1080
f 870/1413/1094 863/1414/1083 862/1400/1082
f 871/1415/1095 864/1403/1084 863/1416/1083
f 872/1417/1096 873/1418/1097 865/1404/1085
f 865/1419/1085 874/1420/1098 866/1407/1086
f 866/1407/1099 875/1421/1100 867/1408/1088
f 867/1422/1101 876/1423/1102 868/1410/1090
f 876/1423/1102 869/1424/1103 868/1410/1090
f 877/1425/1104 870/1413/1105 869/1412/1092
f 878/1426/1106 871/1427/1095 870/1413/1094
f 879/1428/1107 872/1417/1096 871/1415/1095
f 880/1429/1108 881/1430/1109 873/1418/1097
f 873/1431/1097 882/1432/1110 874/1420/1098
f 874/1420/1111 883/1433/1112 875/1421/1100
f 875/1434/1113 884/1435/1114 876/1423/1102
f 884/1435/1114 877/1436/1115 876/1423/1102
f 885/1437/1116 878/1426/1117 877/1425/1104
f 886/1438/1118 879/1439/1107 878/1426/1106
f 887/1440/1119 880/1429/1108 879/1428/1107
f 888/1441/1120 881/1430/1109 889/1442/1121
f 890/1443/1122 882/1432/1110 881/1444/1109
f 891/1445/1123 883/1433/1112 882/1432/1124
f 883/1446/1112 892/1447/1125 884/1435/1114
f 892/1447/1125 885/1448/1116 884/1435/1114
f 885/1437/1116 893/1449/1126 886/1438/1127
f 886/1438/1118 894/1450/1128 887/1451/1119
f 894/1452/1128 889/1442/1121 887/1440/1119
f 895/1453/1129 890/1454/1122 888/1441/1120
f 896/1455/1130 891/1445/1131 890/1443/1122
f 897/1456/1132 898/1457/1133 891/1445/1123
f 899/1458/1134 892/1447/1125 898/1459/1133
f 892/1447/1125 900/1460/1135 901/1461/1136
f 901/1462/1136 902/1463/1137 893/1449/1126
f 893/1449/1138 903/1464/1139 894/1450/1128
f 894/1452/1128 895/1453/1129 888/1441/1120
f 904/1465/1140 896/1466/1130 895/1467/1129
f 905/1468/1141 897/1456/1142 896/1455/1130
f 906/1469/1143 899/1470/1144 897/1456/1132
f 907/1471/1145 908/1472/1146 899/1473/1134
f 908/1474/1146 909/1475/1147 900/1460/1135
f 900/1476/1148 910/1477/1149 902/1463/1137
f 902/1463/1150 911/1478/1151 903/1464/1139
f 903/1479/1139 904/1465/1140 895/1467/1129
f 912/1480/1152 905/1481/1141 904/1465/1140
f 913/1482/1153 906/1469/1154 905/1468/1141
f 914/1483/1155 907/1484/1156 906/1469/1143
f 915/1485/1157 916/1486/1158 907/1471/1145
f 916/1486/1158 917/1487/1159 909/1488/1147
f 909/1489/1160 918/1490/1161 910/1477/1149
f 910/1477/1162 919/1491/1163 911/1478/1151
f 911/1492/1151 912/1480/1152 904/1465/1140
f 920/1493/1164 913/1494/1153 912/1480/1152
f 921/1495/1165 914/1483/1027 913/1482/1153
f 922/1496/1166 915/1497/1167 914/1483/1155
f 923/1498/1168 924/1499/1169 915/1485/1157
f 924/1499/1169 925/1500/1170 917/1487/1159
f 917/1501/1171 926/1502/1172 918/1490/1161
f 918/1490/1173 927/1503/1174 919/1491/1163
f 919/1504/1163 920/1493/1164 912/1480/1152
f 928/1505/1175 921/1506/1165 920/1493/1164
f 929/1507/1176 922/1496/1177 921/1495/1165
f 930/1508/1178 923/1509/1179 922/1496/1166
f 931/1510/1180 932/1511/1181 923/1498/1168
f 932/1511/1181 933/1512/1182 925/1500/1170
f 925/1513/1183 934/1514/1184 926/1502/1172
f 926/1502/1185 935/1515/1186 927/1503/1174
f 927/1516/1174 928/1505/1175 920/1493/1164
f 729/1194/906 929/1517/1176 928/1505/1175
f 731/1197/908 930/1508/1187 929/1507/1176
f 733/1199/911 931/1518/1180 930/1508/1178
f 735/1202/913 936/1519/1188 931/1510/1180
f 936/1519/1188 738/1205/916 933/1512/1182
f 933/1520/1184 740/1207/918 934/1514/1184
f 934/1514/1189 742/1210/920 935/1515/1186
f 935/1521/1186 729/1194/906 928/1505/1175
f 937/1522/1190 938/1523/1190 939/1524/1190
f 940/1525/1191 941/1526/1191 937/1527/1191
f 942/1528/1192 943/1529/1192 940/1530/1192
f 942/1531/1193 944/1532/1193 945/1533/1193
f 946/1534/1194 938/1523/1194 944/1535/1194
f 940/1536/1195 937/1537/1195 939/1538/1195
f 941/1539/1196 943/1540/1196 945/1541/1196
f 947/1542/1197 948/1543/1197 949/1544/1197
f 950/1545/1198 951/1546/1199 948/1547/1199
f 952/1548/1200 951/1549/1200 953/1550/1200
f 952/1551/1201 954/1552/1202 955/1553/1202
f 956/1554/1203 949/1544/1203 954/1555/1203
f 952/1556/1204 950/1557/1204 947/1558/1204
f 948/1559/1205 951/1560/1205 955/1561/1205
f 957/1562/1206 958/1563/1206 959/1564/1206
f 960/1565/1207 958/1566/1207 961/1567/1207
f 962/1568/1208 963/1569/1208 960/1570/1208
f 962/1571/1209 964/1572/1209 965/1573/1209
f 957/1562/1210 964/1574/1210 966/1575/1210
f 960/1576/1211 961/1577/1211 957/1578/1211
f 958/1579/1212 963/1580/1212 965/1581/1212
f 967/1582/1213 968/1583/1214 969/1584/1214
f 970/1585/1215 968/1586/1215 971/1587/1215
f 972/1588/1216 973/1589/1216 970/1590/1216
f 974/1591/1217 975/1592/1217 972/1593/1217
f 974/1594/1218 969/1584/1219 976/1595/1219
f 970/1596/1220 971/1597/1220 967/1598/1220
f 973/1599/1221 975/1600/1221 976/1601/1221
f 977/1602/3 978/1603/1222 979/1604/3
f 979/1605/6 980/1606/1223 981/1607/6
f 980/1608/1224 982/1609/8 981/1610/8
f 983/1611/1225 977/1612/1 982/1613/1
f 984/1614/1222 985/1615/1226 978/1603/1222
f 978/1603/1223 986/1616/1227 980/1617/1223
f 986/1618/1228 983/1619/1224 980/1608/1224
f 987/1620/1229 984/1621/1225 983/1611/1225
f 988/1622/1226 989/1623/1230 985/1615/1226
f 985/1615/1227 990/1624/1231 986/1616/1227
f 990/1625/1232 987/1626/1228 986/1618/1228
f 991/1627/1233 988/1628/1229 987/1626/1229
f 992/1629/1234 989/1623/1230 993/1630/1230
f 994/1631/1235 990/1624/1231 989/1623/1231
f 990/1625/1232 995/1632/1236 991/1627/1232
f 991/1633/1233 992/1634/1237 993/1635/1233
f 996/1636/1238 994/1637/1234 992/1634/1234
f 997/1638/1239 998/1639/1235 994/1631/1235
f 999/1640/1240 995/1632/1236 998/1641/1236
f 1000/1642/1241 992/1634/1237 995/1643/1237
f 996/1636/1238 1001/1644/1242 997/1645/1238
f 997/1638/1239 1002/1646/1243 999/1647/1239
f 1002/1648/1244 1000/1649/1240 999/1640/1240
f 1003/1650/1245 996/1651/1241 1000/1649/1241
f 1004/1652/1246 1001/1653/1242 1005/1654/1242
f 1006/1655/1247 1002/1646/1243 1001/1653/1243
f 1002/1648/1244 1007/1656/1248 1003/1650/1244
f 1003/1650/1245 1004/1657/1249 1005/1658/1245
f 1008/1659/1250 1006/1660/1246 1004/1661/1246
f 1009/1662/1251 1010/1663/1247 1006/1655/1247
f 1010/1664/1248 1011/1665/1252 1007/1666/1248
f 1007/1656/1249 1008/1667/1253 1004/1657/1249
f 1012/1668/6 1009/1669/1254 1008/1659/1250
f 1013/1670/3 1014/1671/1251 1009/1662/1251
f 1014/1672/1252 1015/1673/1 1011/1665/1252
f 1011/1674/1253 1012/1675/8 1008/1667/1253
f 1012/1668/6 1016/1676/1255 1013/1677/6
f 1013/1670/3 1017/1678/1222 1018/1679/3
f 1017/1680/1225 1015/1673/1 1018/1681/1
f 1019/1682/1224 1012/1675/8 1015/1683/8
f 1020/1684/1223 1021/1685/1227 1016/1686/1255
f 1016/1686/1222 1022/1687/1226 1017/1678/1222
f 1022/1688/1229 1019/1689/1225 1017/1680/1225
f 1023/1690/1228 1020/1691/1224 1019/1682/1224
f 1024/1692/1227 1025/1693/1256 1021/1685/1227
f 1021/1685/1226 1026/1694/1257 1022/1687/1226
f 1026/1695/1258 1023/1690/1229 1022/1696/1229
f 1027/1697/1259 1024/1698/1228 1023/1690/1228
f 1028/1699/1235 1025/1693/1256 1029/1700/1256
f 1030/1701/1234 1026/1694/1257 1025/1693/1257
f 1026/1702/1258 1031/1703/1237 1027/1704/1258
f 1027/1697/1259 1028/1705/1236 1029/1706/1259
f 1032/1707/1239 1030/1701/1235 1028/1699/1235
f 1033/1708/1238 1034/1709/1234 1030/1710/1234
f 1035/1711/1241 1031/1703/1237 1034/1709/1237
f 1036/1712/1240 1028/1705/1236 1031/1713/1236
f 1032/1707/1239 1037/1714/1260 1033/1715/1239
f 1033/1708/1238 1038/1716/1261 1035/1711/1238
f 1038/1717/1262 1036/1712/1241 1035/1718/1241
f 1039/1719/1263 1032/1720/1240 1036/1712/1240
f 1040/1721/1247 1037/1714/1260 1041/1722/1260
f 1042/1723/1246 1038/1724/1261 1037/1714/1261
f 1038/1717/1262 1043/1725/1249 1039/1719/1262
f 1039/1719/1263 1040/1726/1248 1041/1727/1263
f 1044/1728/1251 1042/1723/1247 1040/1721/1247
f 1045/1729/1250 1046/1730/1246 1042/1731/1246
f 1046/1732/1249 1047/1733/1253 1043/1725/1249
f 1043/1734/1248 1044/1735/1252 1040/1736/1248
f 977/1602/3 1045/1737/1251 1044/1728/1251
f 979/1605/6 1048/1738/1250 1045/1729/1250
f 1048/1739/1253 982/1609/8 1047/1733/1253
f 1047/1740/1252 977/1612/1 1044/1735/1252
f 1049/1741/1264 1050/1742/1264 1051/1743/1264
f 1052/1744/1265 1053/1745/1265 1049/1746/1265
f 1054/1747/1266 1055/1748/1266 1052/1749/1266
f 1051/1750/1267 1056/1751/1267 1054/1747/1267
f 1052/1752/1216 1051/1753/1216 1054/1754/1216
f 1053/1755/1200 1056/1756/1200 1050/1757/1200
f 1057/1758/8 1058/1759/8 1059/1760/8
f 1060/1761/6 1061/1762/6 1057/1763/6
f 1062/1764/3 1063/1765/3 1060/1766/3
f 1059/1767/1 1064/1768/1 1062/1769/1
f 1060/1770/52 1059/1771/52 1062/1772/52
f 1061/1773/53 1064/1774/53 1058/1775/53
f 1065/1776/1265 1066/1777/1265 1067/1778/1265
f 1068/1779/1264 1069/1780/1264 1065/1781/1264
f 1070/1782/1267 1071/1783/1267 1068/1784/1267
f 1067/1785/1266 1072/1786/1266 1070/1782/1266
f 1068/1787/1200 1067/1788/1200 1070/1789/1200
f 1069/1790/1216 1072/1791/1216 1066/1792/1216
f 1073/1793/6 1074/1794/6 1075/1795/6
f 1076/1796/8 1077/1797/8 1073/1798/8
f 1078/1799/1 1079/1800/1 1076/1801/1
f 1075/1802/3 1080/1803/3 1078/1804/3
f 1076/1805/53 1075/1806/53 1078/1807/53
f 1077/1808/52 1080/1809/52 1074/1810/52
f 1081/1811/1268 1082/1812/1268 1083/1813/1268
f 1084/1814/1269 1085/1815/1269 1082/1816/1269
f 1086/1817/1270 1085/1818/1270 1087/1819/1270
f 1081/1820/1271 1088/1821/1272 1086/1822/1271
f 1087/1823/1273 1081/1824/1273 1086/1825/1273
f 1083/1826/1274 1085/1827/1274 1088/1828/1274
f 1089/1829/1275 1090/1830/1275 1091/1831/1275
f 1092/1832/1276 1093/1833/1276 1089/1834/1276
f 1092/1835/1277 1094/1836/1277 1095/1837/1277
f 1096/1838/1278 1090/1830/1278 1094/1839/1278
f 1092/1840/1279 1091/1841/1279 1096/1842/1279
f 1090/1843/1280 1095/1844/1280 1094/1845/1281
f 1097/1846/1282 1098/1847/1283 1099/1848/1284
f 1099/1849/1284 1100/1850/1285 1101/1851/1286
f 1101/1851/1287 1102/1852/1288 1103/1853/1287
f 1103/1854/1289 1104/1855/1290 1105/1856/1291
f 1104/1855/1290 1106/1857/1292 1105/1856/1291
f 1107/1858/1293 1108/1859/1294 1106/1860/1294
f 1109/1861/1295 1110/1862/1296 1108/1859/1297
f 1111/1863/1298 1097/1846/1282 1110/1864/1296
f 1112/1865/1299 1113/1866/1300 1098/1847/1283
f 1098/1867/1283 1114/1868/1301 1100/1850/1285
f 1100/1850/1288 1115/1869/1302 1102/1852/1288
f 1102/1870/1303 1116/1871/1304 1104/1855/1290
f 1116/1871/1304 1107/1872/1305 1104/1855/1290
f 1117/1873/1306 1109/1861/1293 1107/1858/1293
f 1118/1874/1307 1111/1875/1298 1109/1861/1295
f 1119/1876/1308 1112/1865/1299 1111/1863/1298
f 1120/1877/1309 1121/1878/1310 1113/1866/1300
f 1113/1879/1300 1122/1880/1311 1114/1868/1301
f 1114/1868/1312 1123/1881/1313 1115/1869/1302
f 1115/1882/1314 1124/1883/1315 1116/1871/1304
f 1124/1883/1315 1117/1884/1316 1116/1871/1304
f 1125/1885/1317 1118/1874/1318 1117/1873/1306
f 1126/1886/1319 1119/1887/1308 1118/1874/1307
f 1127/1888/1320 1120/1877/1309 1119/1876/1308
f 1128/1889/1321 1129/1890/1322 1121/1878/1310
f 1121/1891/1310 1130/1892/1323 1122/1880/1311
f 1122/1880/1324 1131/1893/1325 1123/1881/1313
f 1123/1894/1326 1132/1895/1327 1124/1883/1315
f 1132/1895/1327 1125/1896/1328 1124/1883/1315
f 1133/1897/1329 1126/1886/1330 1125/1885/1317
f 1134/1898/1331 1127/1899/1320 1126/1886/1319
f 1135/1900/1332 1128/1889/1321 1127/1888/1320
f 1136/1901/1333 1137/1902/1334 1129/1890/1322
f 1129/1903/1322 1138/1904/1335 1130/1892/1323
f 1130/1892/1336 1139/1905/1337 1131/1893/1325
f 1131/1906/1338 1140/1907/1339 1132/1895/1327
f 1140/1907/1339 1133/1908/1340 1132/1895/1327
f 1141/1909/1341 1134/1898/1342 1133/1897/1329
f 1142/1910/1343 1135/1911/1332 1134/1898/1331
f 1143/1912/1344 1136/1901/1333 1135/1900/1332
f 1144/1913/1345 1145/1914/1346 1137/1915/1334
f 1137/1916/1334 1146/1917/1347 1138/1904/1335
f 1138/1904/1348 1147/1918/1349 1139/1905/1337
f 1139/1919/1350 1148/1920/1351 1140/1921/1339
f 1148/1920/1351 1141/1922/1352 1140/1921/1339
f 1149/1923/1353 1142/1910/1354 1141/1909/1341
f 1150/1924/1355 1143/1925/1344 1142/1910/1343
f 1151/1926/1356 1144/1913/1345 1143/1927/1344
f 1152/1928/1357 1153/1929/1358 1145/1914/1346
f 1153/1930/1358 1146/1917/1347 1145/1931/1346
f 1154/1932/1359 1147/1918/1349 1146/1917/1360
f 1147/1933/1349 1155/1934/1361 1148/1920/1351
f 1155/1934/1361 1149/1935/1353 1148/1920/1351
f 1149/1923/1353 1156/1936/1362 1150/1924/1363
f 1150/1924/1355 1157/1937/1364 1151/1938/1356
f 1157/1939/1364 1152/1928/1357 1151/1926/1356
f 1158/1940/1365 1153/1929/1358 1159/1941/1366
f 1160/1942/1367 1154/1932/1368 1153/1930/1358
f 1161/1943/1369 1162/1944/1370 1154/1932/1359
f 1163/1945/1371 1155/1934/1361 1162/1946/1370
f 1155/1934/1361 1164/1947/1372 1165/1948/1373
f 1165/1949/1373 1166/1950/1374 1156/1936/1362
f 1156/1936/1375 1167/1951/1376 1157/1937/1364
f 1157/1939/1364 1158/1940/1365 1159/1941/1366
f 1168/1952/1377 1160/1953/1367 1158/1940/1365
f 1169/1954/1378 1161/1943/1379 1160/1942/1367
f 1170/1955/1380 1163/1956/1381 1161/1943/1369
f 1171/1957/1382 1172/1958/1383 1163/1945/1371
f 1172/1958/1383 1173/1959/1384 1164/1947/1372
f 1164/1960/1385 1174/1961/1386 1166/1950/1374
f 1166/1950/1387 1175/1962/1388 1167/1951/1376
f 1167/1963/1376 1168/1952/1377 1158/1940/1365
f 1176/1964/1389 1169/1965/1378 1168/1952/1377
f 1177/1966/1390 1170/1955/1391 1169/1954/1378
f 1178/1967/1392 1171/1968/1393 1170/1955/1380
f 1179/1969/1394 1180/1970/1395 1171/1957/1382
f 1180/1970/1395 1181/1971/1396 1173/1959/1384
f 1173/1972/1397 1182/1973/1398 1174/1961/1386
f 1174/1961/1399 1183/1974/1400 1175/1962/1388
f 1175/1975/1388 1176/1964/1389 1168/1952/1377
f 1184/1976/1401 1177/1977/1390 1176/1978/1389
f 1185/1979/1402 1178/1967/1403 1177/1966/1390
f 1186/1980/1404 1179/1981/1405 1178/1967/1392
f 1187/1982/1406 1188/1983/1407 1179/1984/1394
f 1188/1983/1407 1189/1985/1408 1181/1986/1396
f 1181/1987/1409 1190/1988/1410 1182/1973/1398
f 1182/1973/1411 1191/1989/1412 1183/1974/1400
f 1183/1990/1400 1184/1976/1401 1176/1978/1389
f 1192/1991/1413 1185/1992/1402 1184/1976/1401
f 1193/1993/1414 1186/1980/1415 1185/1979/1402
f 1194/1994/1416 1187/1995/1417 1186/1980/1404
f 1195/1996/1418 1196/1997/1419 1187/1982/1406
f 1196/1997/1419 1197/1998/1420 1189/1985/1408
f 1189/1999/1421 1198/2000/1422 1190/1988/1410
f 1190/1988/1423 1199/2001/1424 1191/1989/1412
f 1191/2002/1412 1192/1991/1413 1184/1976/1401
f 1200/2003/1291 1193/2004/1414 1192/1991/1413
f 1201/2005/1425 1194/1994/1426 1193/1993/1414
f 1202/2006/1286 1195/2007/1416 1194/1994/1416
f 1203/2008/1427 1204/2009/1428 1195/1996/1418
f 1204/2009/1428 1205/2010/1429 1197/1998/1420
f 1197/2011/1422 1206/2012/1297 1198/2000/1422
f 1198/2000/1430 1207/2013/1431 1199/2001/1424
f 1199/2014/1424 1200/2003/1291 1192/1991/1413
f 1200/2003/1291 1208/2015/1432 1201/2016/1425
f 1201/2005/1425 1209/2017/1433 1202/2006/1287
f 1202/2006/1286 1210/2018/1434 1203/2019/1286
f 1203/2008/1427 1211/2020/1435 1212/2021/1282
f 1211/2020/1435 1205/2010/1429 1212/2021/1282
f 1213/2022/1436 1206/2012/1297 1205/2023/1297
f 1214/2024/1437 1207/2013/1431 1206/2012/1294
f 1215/2025/1438 1200/2003/1291 1207/2026/1431
f 1216/2027/1439 1217/2028/1440 1208/2015/1432
f 1208/2029/1432 1218/2030/1441 1209/2017/1433
f 1209/2017/1434 1219/2031/1442 1210/2018/1434
f 1210/2032/1443 1220/2033/1444 1211/2020/1435
f 1220/2033/1444 1213/2034/1445 1211/2020/1435
f 1221/2035/1446 1214/2024/1436 1213/2022/1436
f 1222/2036/1447 1215/2037/1438 1214/2024/1437
f 1223/2038/1448 1216/2027/1439 1215/2025/1438
f 1224/2039/1449 1225/2040/1450 1217/2028/1440
f 1217/2041/1440 1226/2042/1451 1218/2030/1441
f 1218/2030/1452 1227/2043/1453 1219/2031/1442
f 1219/2044/1454 1228/2045/1455 1220/2033/1444
f 1228/2045/1455 1221/2046/1456 1220/2033/1444
f 1229/2047/1457 1222/2036/1458 1221/2035/1446
f 1230/2048/1459 1223/2049/1448 1222/2036/1447
f 1231/2050/1460 1224/2039/1449 1223/2038/1448
f 1232/2051/1461 1233/2052/1462 1225/2040/1450
f 1225/2053/1450 1234/2054/1463 1226/2042/1451
f 1226/2042/1464 1235/2055/1465 1227/2043/1453
f 1227/2056/1466 1236/2057/1467 1228/2045/1455
f 1236/2057/1467 1229/2058/1468 1228/2045/1455
f 1237/2059/1469 1230/2048/1470 1229/2047/1457
f 1238/2060/1471 1231/2061/1460 1230/2048/1459
f 1239/2062/1472 1232/2051/1461 1231/2050/1460
f 1240/2063/1473 1241/2064/1474 1233/2052/1462
f 1233/2065/1462 1242/2066/1475 1234/2054/1463
f 1234/2054/1476 1243/2067/1477 1235/2055/1465
f 1235/2068/1478 1244/2069/1479 1236/2057/1467
f 1244/2069/1479 1237/2070/1480 1236/2057/1467
f 1245/2071/1481 1238/2060/1482 1237/2059/1469
f 1246/2072/1483 1239/2073/1472 1238/2060/1471
f 1247/2074/1484 1240/2063/1473 1239/2062/1472
f 1248/2075/1485 1249/2076/1486 1241/2077/1474
f 1241/2078/1474 1250/2079/1487 1242/2066/1475
f 1242/2066/1488 1251/2080/1489 1243/2067/1477
f 1243/2081/1490 1252/2082/1491 1244/2083/1479
f 1252/2082/1491 1245/2084/1492 1244/2083/1479
f 1253/2085/1493 1246/2072/1494 1245/2071/1481
f 1254/2086/1495 1247/2087/1484 1246/2072/1483
f 1255/2088/1496 1248/2075/1485 1247/2089/1484
f 1256/2090/1497 1257/2091/1498 1249/2076/1486
f 1257/2092/1498 1250/2079/1487 1249/2093/1486
f 1258/2094/1499 1251/2080/1489 1250/2079/1500
f 1251/2095/1489 1259/2096/1501 1252/2082/1491
f 1259/2096/1501 1253/2097/1493 1252/2082/1491
f 1253/2085/1493 1260/2098/1502 1254/2086/1503
f 1254/2086/1495 1261/2099/1504 1255/2100/1496
f 1261/2101/1504 1256/2090/1497 1255/2088/1496
f 1262/2102/1505 1257/2091/1498 1263/2103/1506
f 1264/2104/1507 1258/2094/1508 1257/2092/1498
f 1265/2105/1509 1266/2106/1510 1258/2094/1499
f 1267/2107/1511 1259/2096/1501 1266/2108/1510
f 1259/2096/1501 1268/2109/1512 1269/2110/1513
f 1269/2111/1513 1270/2112/1514 1260/2098/1502
f 1260/2098/1515 1271/2113/1516 1261/2099/1504
f 1261/2101/1504 1262/2102/1505 1263/2103/1506
f 1272/2114/1517 1264/2115/1507 1262/2102/1505
f 1273/2116/1518 1265/2105/1519 1264/2104/1507
f 1274/2117/1520 1267/2118/1521 1265/2105/1509
f 1275/2119/1522 1276/2120/1523 1267/2107/1511
f 1276/2120/1523 1277/2121/1524 1268/2109/1512
f 1268/2122/1525 1278/2123/1526 1270/2112/1514
f 1270/2112/1527 1279/2124/1528 1271/2113/1516
f 1271/2125/1516 1272/2114/1517 1262/2102/1505
f 1280/2126/1529 1273/2127/1518 1272/2114/1517
f 1281/2128/1530 1274/2117/1531 1273/2116/1518
f 1282/2129/1532 1275/2130/1533 1274/2117/1520
f 1283/2131/1534 1284/2132/1535 1275/2119/1522
f 1284/2132/1535 1285/2133/1536 1277/2121/1524
f 1277/2134/1537 1286/2135/1538 1278/2123/1526
f 1278/2123/1539 1287/2136/1540 1279/2124/1528
f 1279/2137/1528 1280/2126/1529 1272/2114/1517
f 1288/2138/1541 1281/2139/1530 1280/2140/1529
f 1289/2141/1542 1282/2129/1543 1281/2128/1530
f 1290/2142/1544 1283/2143/1545 1282/2129/1532
f 1291/2144/1546 1292/2145/1547 1283/2146/1534
f 1292/2145/1547 1293/2147/1548 1285/2148/1536
f 1285/2149/1549 1294/2150/1550 1286/2135/1538
f 1286/2135/1551 1295/2151/1552 1287/2136/1540
f 1287/2152/1540 1288/2138/1541 1280/2140/1529
f 1296/2153/1553 1289/2154/1542 1288/2138/1541
f 1297/2155/1554 1290/2142/1555 1289/2141/1542
f 1298/2156/1556 1291/2157/1557 1290/2142/1544
f 1299/2158/1558 1300/2159/1559 1291/2144/1546
f 1300/2159/1559 1301/2160/1560 1293/2147/1548
f 1293/2161/1561 1302/2162/1562 1294/2150/1550
f 1294/2150/1563 1303/2163/1564 1295/2151/1552
f 1295/2164/1552 1296/2153/1553 1288/2138/1541
f 1097/1846/1282 1297/2165/1554 1296/2153/1553
f 1099/1849/1284 1298/2156/1565 1297/2155/1554
f 1101/1851/1287 1299/2166/1556 1298/2156/1556
f 1103/1854/1289 1304/2167/1566 1299/2158/1558
f 1304/2167/1566 1106/1857/1292 1301/2160/1560
f 1301/2168/1562 1108/1859/1294 1302/2162/1562
f 1302/2162/1567 1110/1862/1296 1303/2163/1564
f 1303/2169/1564 1097/1846/1282 1296/2153/1553
f 1305/2170/1568 1306/2171/1569 1307/2172/1570
f 1307/2173/1570 1308/2174/1571 1309/2175/1572
f 1309/2175/1573 1310/2176/1574 1311/2177/1573
f 1311/2178/1575 1312/2179/1576 1313/2180/1577
f 1312/2179/1576 1314/2181/1578 1313/2180/1577
f 1315/2182/1579 1316/2183/1580 1314/2184/1580
f 1317/2185/1581 1318/2186/1582 1316/2183/1583
f 1319/2187/1584 1305/2170/1568 1318/2188/1582
f 1320/2189/1585 1321/2190/1586 1306/2171/1569
f 1306/2191/1569 1322/2192/1311 1308/2174/1571
f 1308/2174/1587 1323/2193/1588 1310/2176/1574
f 1310/2194/1589 1324/2195/1590 1312/2179/1576
f 1324/2195/1590 1315/2196/1591 1312/2179/1576
f 1325/2197/1592 1317/2185/1593 1315/2182/1579
f 1326/2198/1319 1319/2199/1584 1317/2185/1581
f 1327/2200/1594 1320/2189/1585 1319/2187/1584
f 1328/2201/1595 1329/2202/1596 1321/2190/1586
f 1321/2203/1586 1330/2204/1597 1322/2192/1311
f 1322/2192/1598 1331/2205/1599 1323/2193/1588
f 1323/2206/1600 1332/2207/1601 1324/2195/1590
f 1332/2207/1601 1325/2208/1602 1324/2195/1590
f 1333/2209/1603 1326/2198/1604 1325/2197/1592
f 1334/2210/1605 1327/2211/1594 1326/2198/1319
f 1335/2212/1606 1328/2201/1595 1327/2200/1594
f 1336/2213/1607 1337/2214/1608 1329/2202/1596
f 1329/2215/1596 1338/2216/1609 1330/2204/1597
f 1330/2204/1610 1339/2217/1611 1331/2205/1599
f 1331/2218/1612 1340/2219/1613 1332/2207/1601
f 1340/2219/1613 1333/2220/1614 1332/2207/1601
f 1341/2221/1615 1334/2210/1616 1333/2209/1603
f 1342/2222/1617 1335/2223/1606 1334/2210/1605
f 1343/2224/1618 1336/2213/1607 1335/2212/1606
f 1344/2225/1619 1345/2226/1620 1337/2227/1608
f 1337/2228/1608 1346/2229/1621 1338/2216/1609
f 1338/2216/1622 1347/2230/1623 1339/2217/1611
f 1339/2231/1624 1348/2232/1625 1340/2219/1613
f 1348/2233/1625 1341/2234/1626 1340/2235/1613
f 1349/2236/1627 1342/2222/1628 1341/2221/1615
f 1350/2237/1629 1343/2238/1618 1342/2222/1617
f 1351/2239/1630 1344/2225/1619 1343/2240/1618
f 1352/2241/1631 1353/2242/1632 1345/2226/1620
f 1345/2243/1620 1354/2244/1633 1346/2229/1621
f 1346/2229/1634 1355/2245/1635 1347/2230/1623
f 1347/2246/1636 1356/2247/1637 1348/2233/1625
f 1356/2247/1637 1349/2248/1638 1348/2233/1625
f 1357/2249/1639 1350/2237/1640 1349/2236/1627
f 1358/2250/1641 1351/2251/1630 1350/2237/1629
f 1359/2252/1642 1352/2241/1631 1351/2239/1630
f 1360/2253/1643 1353/2242/1632 1361/2254/1644
f 1362/2255/1645 1354/2244/1633 1353/2256/1632
f 1363/2257/1646 1355/2245/1635 1354/2244/1647
f 1364/2258/1648 1356/2247/1637 1355/2259/1635
f 1356/2247/1637 1365/2260/1649 1357/2261/1639
f 1357/2249/1639 1366/2262/1650 1358/2250/1651
f 1366/2262/1652 1359/2263/1642 1358/2250/1641
f 1359/2252/1642 1360/2253/1643 1361/2254/1644
f 1367/2264/1653 1362/2265/1645 1360/2253/1643
f 1368/2266/1654 1363/2257/1655 1362/2255/1645
f 1369/2267/1656 1364/2268/1648 1363/2257/1646
f 1370/2269/1657 1371/2270/1658 1364/2258/1648
f 1371/2270/1658 1372/2271/1659 1365/2260/1649
f 1365/2272/1649 1373/2273/1660 1366/2262/1650
f 1366/2262/1652 1374/2274/1661 1375/2275/1662
f 1375/2276/1662 1367/2264/1653 1360/2253/1643
f 1376/2277/1663 1368/2278/1654 1367/2264/1653
f 1377/2279/1664 1369/2267/1665 1368/2266/1654
f 1378/2280/1666 1370/2281/1667 1369/2267/1656
f 1379/2282/1668 1380/2283/1669 1370/2269/1657
f 1380/2283/1669 1381/2284/1670 1372/2271/1659
f 1372/2285/1671 1382/2286/1672 1373/2273/1660
f 1373/2273/1673 1383/2287/1674 1374/2274/1661
f 1374/2288/1661 1376/2277/1663 1367/2264/1653
f 1384/2289/1675 1377/2290/1664 1376/2291/1663
f 1385/2292/1676 1378/2280/1677 1377/2279/1664
f 1386/2293/1678 1379/2294/1679 1378/2280/1666
f 1387/2295/1680 1388/2296/1681 1379/2297/1668
f 1388/2296/1681 1389/2298/1682 1381/2299/1670
f 1381/2300/1683 1390/2301/1684 1382/2286/1672
f 1382/2286/1685 1391/2302/1686 1383/2287/1674
f 1383/2303/1674 1384/2304/1675 1376/2277/1663
f 1392/2305/1687 1385/2306/1676 1384/2289/1675
f 1393/2307/1688 1386/2293/1689 1385/2292/1676
f 1394/2308/1690 1387/2309/1691 1386/2293/1678
f 1395/2310/1692 1396/2311/1693 1387/2295/1680
f 1396/2311/1693 1397/2312/1694 1389/2298/1682
f 1389/2313/1695 1398/2314/1696 1390/2301/1684
f 1390/2301/1697 1399/2315/1698 1391/2302/1686
f 1391/2316/1686 1392/2305/1687 1384/2289/1675
f 1400/2317/1699 1393/2318/1688 1392/2305/1687
f 1401/2319/1700 1394/2308/1701 1393/2307/1688
f 1402/2320/1702 1395/2321/1703 1394/2308/1690
f 1403/2322/1704 1404/2323/1705 1395/2310/1692
f 1404/2323/1705 1405/2324/1706 1397/2312/1694
f 1397/2325/1707 1406/2326/1708 1398/2314/1696
f 1398/2314/1709 1407/2327/1710 1399/2315/1698
f 1399/2328/1698 1400/2317/1699 1392/2305/1687
f 1408/2329/1577 1401/2330/1700 1400/2317/1699
f 1409/2331/1711 1402/2320/1712 1401/2319/1700
f 1410/2332/1572 1403/2333/1713 1402/2320/1702
f 1411/2334/1714 1412/2335/1715 1403/2322/1704
f 1412/2335/1715 1413/2336/1716 1405/2324/1706
f 1405/2337/1717 1414/2338/1583 1406/2326/1708
f 1406/2326/1718 1415/2339/1719 1407/2327/1710
f 1407/2340/1710 1408/2329/1577 1400/2317/1699
f 1408/2329/1577 1416/2341/1720 1409/2342/1711
f 1409/2331/1711 1417/2343/1574 1410/2332/1573
f 1410/2332/1572 1418/2344/1571 1411/2345/1572
f 1411/2334/1714 1419/2346/1721 1420/2347/1568
f 1419/2346/1721 1413/2336/1716 1420/2347/1568
f 1421/2348/1581 1414/2338/1583 1413/2349/1583
f 1422/2350/1579 1415/2339/1719 1414/2338/1580
f 1423/2351/1722 1408/2329/1577 1415/2352/1719
f 1424/2353/1723 1425/2354/1724 1416/2341/1720
f 1416/2355/1720 1426/2356/1451 1417/2343/1574
f 1417/2343/1725 1427/2357/1726 1418/2344/1571
f 1418/2358/1727 1428/2359/1728 1419/2346/1721
f 1428/2359/1728 1421/2360/1729 1419/2346/1721
f 1429/2361/1730 1422/2350/1731 1421/2348/1581
f 1430/2362/1459 1423/2363/1722 1422/2350/1579
f 1431/2364/1732 1424/2353/1723 1423/2351/1722
f 1432/2365/1733 1433/2366/1734 1425/2354/1724
f 1425/2367/1724 1434/2368/1735 1426/2356/1451
f 1426/2356/1736 1435/2369/1737 1427/2357/1726
f 1427/2370/1738 1436/2371/1739 1428/2359/1728
f 1436/2371/1739 1429/2372/1740 1428/2359/1728
f 1437/2373/1741 1430/2362/1742 1429/2361/1730
f 1438/2374/1743 1431/2375/1732 1430/2362/1459
f 1439/2376/1744 1432/2365/1733 1431/2364/1732
f 1440/2377/1745 1441/2378/1746 1433/2366/1734
f 1433/2379/1734 1442/2380/1747 1434/2368/1735
f 1434/2368/1748 1443/2381/1749 1435/2369/1737
f 1435/2382/1750 1444/2383/1751 1436/2371/1739
f 1444/2383/1751 1437/2384/1752 1436/2371/1739
f 1445/2385/1753 1438/2374/1754 1437/2373/1741
f 1446/2386/1755 1439/2387/1744 1438/2374/1743
f 1447/2388/1756 1440/2377/1745 1439/2376/1744
f 1448/2389/1757 1449/2390/1758 1441/2378/1746
f 1441/2391/1746 1450/2392/1759 1442/2380/1747
f 1442/2380/1760 1451/2393/1761 1443/2381/1749
f 1443/2394/1762 1452/2395/1763 1444/2396/1751
f 1452/2395/1763 1445/2397/1764 1444/2396/1751
f 1453/2398/1765 1446/2386/1766 1445/2385/1753
f 1454/2399/1767 1447/2400/1756 1446/2386/1755
f 1455/2401/1768 1448/2402/1757 1447/2403/1756
f 1456/2404/1769 1457/2405/1770 1449/2406/1758
f 1449/2407/1758 1458/2408/1771 1450/2392/1759
f 1450/2392/1772 1459/2409/1773 1451/2393/1761
f 1451/2410/1774 1460/2411/1775 1452/2395/1763
f 1460/2411/1775 1453/2412/1776 1452/2395/1763
f 1461/2413/1777 1454/2399/1778 1453/2398/1765
f 1462/2414/1779 1455/2415/1768 1454/2399/1767
f 1463/2416/1780 1456/2404/1769 1455/2401/1768
f 1464/2417/1781 1457/2405/1770 1465/2418/1782
f 1457/2419/1770 1466/2420/1783 1458/2408/1771
f 1458/2408/1784 1467/2421/1785 1459/2409/1773
f 1467/2422/1785 1460/2411/1775 1459/2423/1773
f 1460/2411/1775 1468/2424/1786 1461/2425/1777
f 1468/2426/1786 1462/2414/1787 1461/2413/1777
f 1469/2427/1788 1463/2428/1780 1462/2414/1779
f 1463/2416/1780 1464/2417/1781 1465/2418/1782
f 1470/2429/1789 1471/2430/1790 1464/2417/1781
f 1472/2431/1791 1466/2420/1783 1471/2432/1790
f 1473/2433/1792 1467/2421/1785 1466/2420/1793
f 1474/2434/1794 1475/2435/1795 1467/2422/1785
f 1475/2435/1795 1476/2436/1796 1468/2424/1786
f 1468/2426/1786 1477/2437/1797 1469/2427/1798
f 1469/2427/1788 1478/2438/1799 1479/2439/1800
f 1479/2440/1800 1470/2429/1789 1464/2417/1781
f 1480/2441/1801 1472/2442/1791 1470/2429/1789
f 1481/2443/1802 1473/2433/1803 1472/2431/1791
f 1482/2444/1804 1474/2445/1805 1473/2433/1792
f 1483/2446/1806 1484/2447/1807 1474/2434/1794
f 1484/2447/1807 1485/2448/1808 1476/2436/1796
f 1476/2449/1809 1486/2450/1810 1477/2437/1797
f 1477/2437/1811 1487/2451/1812 1478/2438/1799
f 1478/2452/1799 1480/2441/1801 1470/2429/1789
f 1488/2453/1813 1481/2454/1802 1480/2455/1801
f 1489/2456/1814 1482/2444/1815 1481/2443/1802
f 1490/2457/1816 1483/2458/1817 1482/2444/1804
f 1491/2459/1818 1492/2460/1819 1483/2461/1806
f 1492/2462/1819 1493/2463/1820 1485/2448/1808
f 1485/2464/1821 1494/2465/1822 1486/2450/1810
f 1486/2450/1823 1495/2466/1824 1487/2451/1812
f 1487/2467/1812 1488/2453/1813 1480/2455/1801
f 1496/2468/1825 1489/2469/1814 1488/2453/1813
f 1497/2470/1826 1490/2457/1827 1489/2456/1814
f 1498/2471/1828 1491/2472/1829 1490/2457/1816
f 1499/2473/1830 1500/2474/1831 1491/2459/1818
f 1500/2474/1831 1501/2475/1832 1493/2476/1820
f 1493/2477/1833 1502/2478/1834 1494/2465/1822
f 1494/2465/1835 1503/2479/1836 1495/2466/1824
f 1495/2480/1824 1496/2468/1825 1488/2453/1813
f 1504/2481/1837 1497/2482/1826 1496/2468/1825
f 1505/2483/1838 1498/2471/1839 1497/2470/1826
f 1506/2484/1840 1499/2485/1841 1498/2471/1828
f 1507/2486/1842 1508/2487/1843 1499/2473/1830
f 1508/2487/1843 1509/2488/1844 1501/2475/1832
f 1501/2489/1845 1510/2490/1846 1502/2478/1834
f 1502/2478/1847 1511/2491/1848 1503/2479/1836
f 1503/2492/1836 1504/2481/1837 1496/2468/1825
f 1305/2170/1568 1505/2493/1838 1504/2481/1837
f 1307/2173/1570 1506/2484/1713 1505/2483/1838
f 1309/2175/1573 1507/2494/1712 1506/2484/1840
f 1311/2178/1575 1512/2495/1849 1507/2486/1842
f 1512/2495/1849 1314/2181/1578 1509/2488/1844
f 1509/2496/1718 1316/2183/1580 1510/2490/1846
f 1510/2490/1717 1318/2186/1582 1511/2491/1848
f 1511/2497/1848 1305/2170/1568 1504/2481/1837
f 1513/2498/1850 1514/2499/1851 1515/2500/1852
f 1515/2501/1852 1516/2502/1853 1517/2503/1854
f 1517/2503/1855 1518/2504/1588 1519/2505/1855
f 1519/2506/1856 1520/2507/1857 1521/2508/1858
f 1520/2507/1857 1522/2509/1859 1521/2508/1858
f 1523/2510/1860 1524/2511/1861 1522/2512/1861
f 1525/2513/1730 1526/2514/1862 1524/2511/1863
f 1527/2515/1864 1513/2498/1850 1526/2516/1862
f 1528/2517/1865 1529/2518/1866 1514/2499/1851
f 1514/2519/1851 1530/2520/1867 1516/2502/1853
f 1516/2502/1598 1531/2521/1868 1518/2504/1588
f 1518/2522/1869 1532/2523/1870 1520/2507/1857
f 1532/2523/1870 1523/2524/1871 1520/2507/1857
f 1533/2525/1872 1525/2513/1604 1523/2510/1860
f 1534/2526/1873 1527/2527/1864 1525/2513/1730
f 1535/2528/1874 1528/2517/1865 1527/2515/1864
f 1536/2529/1875 1537/2530/1876 1529/2518/1866
f 1529/2531/1866 1538/2532/1877 1530/2520/1867
f 1530/2520/1878 1539/2533/1879 1531/2521/1868
f 1531/2534/1880 1540/2535/1881 1532/2523/1870
f 1540/2535/1881 1533/2536/1882 1532/2523/1870
f 1541/2537/1883 1534/2526/1884 1533/2525/1872
f 1542/2538/1885 1535/2539/1874 1534/2526/1873
f 1543/2540/1886 1536/2529/1875 1535/2528/1874
f 1544/2541/1887 1545/2542/1888 1537/2530/1876
f 1537/2543/1876 1546/2544/1889 1538/2532/1877
f 1538/2532/1890 1547/2545/1891 1539/2533/1879
f 1539/2546/1892 1548/2547/1893 1540/2535/1881
f 1548/2548/1893 1541/2549/1894 1540/2550/1881
f 1549/2551/1895 1542/2538/1896 1541/2537/1883
f 1550/2552/1897 1543/2553/1886 1542/2538/1885
f 1551/2554/1898 1544/2541/1887 1543/2540/1886
f 1552/2555/1899 1553/2556/1900 1545/2557/1888
f 1545/2558/1888 1554/2559/1901 1546/2544/1889
f 1546/2544/1902 1555/2560/1903 1547/2545/1891
f 1547/2561/1904 1556/2562/1905 1548/2548/1893
f 1556/2562/1905 1549/2563/1906 1548/2548/1893
f 1557/2564/1907 1550/2552/1908 1549/2551/1895
f 1558/2565/1909 1551/2566/1898 1550/2552/1897
f 1559/2567/1910 1552/2555/1899 1551/2568/1898
f 1560/2569/1911 1561/2570/1912 1553/2556/1900
f 1553/2571/1900 1562/2572/1913 1554/2559/1901
f 1554/2559/1914 1563/2573/1915 1555/2560/1903
f 1555/2574/1916 1564/2575/1917 1556/2562/1905
f 1564/2575/1917 1557/2576/1918 1556/2562/1905
f 1565/2577/1919 1558/2565/1920 1557/2564/1907
f 1566/2578/1921 1559/2579/1910 1558/2565/1909
f 1567/2580/1922 1560/2569/1911 1559/2567/1910
f 1568/2581/1923 1569/2582/1924 1561/2570/1912
f 1569/2583/1924 1562/2572/1913 1561/2584/1912
f 1562/2572/1925 1570/2585/1926 1563/2573/1915
f 1563/2586/1915 1571/2587/1927 1564/2575/1917
f 1571/2587/1927 1565/2588/1919 1564/2575/1917
f 1572/2589/1928 1566/2578/1929 1565/2577/1919
f 1566/2578/1921 1573/2590/1930 1567/2591/1922
f 1573/2592/1930 1568/2581/1923 1567/2580/1922
f 1574/2593/1931 1569/2582/1924 1575/2594/1932
f 1576/2595/1933 1577/2596/1934 1569/2583/1924
f 1578/2597/1935 1570/2585/1926 1577/2596/1936
f 1579/2598/1937 1571/2587/1927 1570/2599/1926
f 1571/2587/1927 1580/2600/1938 1572/2601/1928
f 1572/2589/1928 1581/2602/1939 1582/2603/1940
f 1582/2603/1941 1583/2604/1942 1573/2590/1930
f 1573/2592/1930 1574/2593/1931 1575/2594/1932
f 1584/2605/1943 1576/2606/1933 1574/2593/1931
f 1585/2607/1944 1578/2597/1945 1576/2595/1933
f 1586/2608/1946 1579/2609/1947 1578/2597/1935
f 1587/2610/1948 1588/2611/1949 1579/2598/1937
f 1588/2611/1949 1589/2612/1950 1580/2600/1938
f 1580/2613/1951 1590/2614/1952 1581/2602/1939
f 1581/2602/1953 1591/2615/1954 1583/2604/1942
f 1583/2616/1942 1584/2605/1943 1574/2593/1931
f 1592/2617/1955 1585/2618/1944 1584/2619/1943
f 1593/2620/1956 1586/2608/1957 1585/2607/1944
f 1594/2621/1958 1587/2622/1959 1586/2608/1946
f 1595/2623/1960 1596/2624/1961 1587/2625/1948
f 1596/2624/1961 1597/2626/1962 1589/2627/1950
f 1589/2628/1963 1598/2629/1964 1590/2614/1952
f 1590/2614/1965 1599/2630/1966 1591/2615/1954
f 1591/2631/1954 1592/2617/1955 1584/2619/1943
f 1600/2632/1967 1593/2633/1956 1592/2617/1955
f 1601/2634/1968 1594/2621/1969 1593/2620/1956
f 1602/2635/1970 1595/2636/1971 1594/2621/1958
f 1603/2637/1972 1604/2638/1973 1595/2623/1960
f 1604/2638/1973 1605/2639/1974 1597/2626/1962
f 1597/2640/1975 1606/2641/1976 1598/2629/1964
f 1598/2629/1977 1607/2642/1978 1599/2630/1966
f 1599/2643/1966 1600/2632/1967 1592/2617/1955
f 1608/2644/1979 1601/2645/1968 1600/2632/1967
f 1609/2646/1980 1602/2635/1981 1601/2634/1968
f 1610/2647/1982 1603/2648/1983 1602/2635/1970
f 1611/2649/1984 1612/2650/1985 1603/2637/1972
f 1612/2650/1985 1613/2651/1986 1605/2639/1974
f 1605/2652/1987 1614/2653/1988 1606/2641/1976
f 1606/2641/1989 1615/2654/1990 1607/2642/1978
f 1607/2655/1978 1608/2644/1979 1600/2632/1967
f 1616/2656/1858 1609/2657/1980 1608/2644/1979
f 1617/2658/1991 1610/2647/1992 1609/2646/1980
f 1618/2659/1854 1611/2660/1982 1610/2647/1982
f 1619/2661/1993 1620/2662/1994 1611/2649/1984
f 1620/2662/1994 1621/2663/1995 1613/2651/1986
f 1613/2664/1988 1622/2665/1863 1614/2653/1988
f 1614/2653/1996 1623/2666/1997 1615/2654/1990
f 1615/2667/1990 1616/2656/1858 1608/2644/1979
f 1616/2656/1858 1624/2668/1998 1617/2669/1991
f 1617/2658/1991 1625/2670/1588 1618/2659/1855
f 1618/2659/1854 1626/2671/1853 1619/2672/1854
f 1619/2661/1993 1627/2673/1999 1628/2674/1850
f 1627/2673/1999 1621/2663/1995 1628/2674/1850
f 1629/2675/2000 1622/2665/1863 1621/2676/1863
f 1630/2677/1860 1623/2666/1997 1622/2665/1861
f 1631/2678/2001 1616/2656/1858 1623/2679/1997
f 1632/2680/2002 1633/2681/2003 1624/2668/1998
f 1624/2682/1998 1634/2683/2004 1625/2670/1588
f 1625/2670/1736 1635/2684/2005 1626/2671/1853
f 1626/2685/2006 1636/2686/2007 1627/2673/1999
f 1636/2686/2007 1629/2687/2008 1627/2673/1999
f 1637/2688/2009 1630/2677/1742 1629/2675/2000
f 1638/2689/2010 1631/2690/2001 1630/2677/1860
f 1639/2691/2011 1632/2680/2002 1631/2678/2001
f 1640/2692/2012 1641/2693/2013 1633/2681/2003
f 1633/2694/2003 1642/2695/2014 1634/2683/2004
f 1634/2683/2015 1643/2696/2016 1635/2684/2005
f 1635/2697/2017 1644/2698/2018 1636/2686/2007
f 1644/2698/2018 1637/2699/2019 1636/2686/2007
f 1645/2700/2020 1638/2689/2021 1637/2688/2009
f 1646/2701/2022 1639/2702/2011 1638/2689/2010
f 1647/2703/2023 1640/2692/2012 1639/2691/2011
f 1648/2704/2024 1649/2705/2025 1641/2693/2013
f 1641/2706/2013 1650/2707/2026 1642/2695/2014
f 1642/2695/2027 1651/2708/2028 1643/2696/2016
f 1643/2709/2029 1652/2710/2030 1644/2698/2018
f 1652/2710/2030 1645/2711/2031 1644/2698/2018
f 1653/2712/2032 1646/2701/2033 1645/2700/2020
f 1654/2713/2034 1647/2714/2023 1646/2701/2022
f 1655/2715/2035 1648/2716/2024 1647/2717/2023
f 1656/2718/2036 1657/2719/2037 1649/2720/2025
f 1649/2721/2025 1658/2722/2038 1650/2707/2026
f 1650/2707/2039 1659/2723/2040 1651/2708/2028
f 1651/2724/2041 1660/2725/2042 1652/2726/2030
f 1660/2725/2042 1653/2727/2043 1652/2726/2030
f 1661/2728/2044 1654/2713/2045 1653/2712/2032
f 1662/2729/2046 1655/2730/2035 1654/2713/2034
f 1663/2731/2047 1656/2718/2036 1655/2715/2035
f 1664/2732/2048 1665/2733/2049 1657/2719/2037
f 1657/2734/2037 1666/2735/2050 1658/2722/2038
f 1658/2722/2051 1667/2736/2052 1659/2723/2040
f 1659/2737/2053 1668/2738/2054 1660/2725/2042
f 1668/2738/2054 1661/2739/2055 1660/2725/2042
f 1669/2740/2056 1662/2729/2057 1661/2728/2044
f 1670/2741/2058 1663/2742/2047 1662/2729/2046
f 1671/2743/2059 1664/2732/2048 1663/2731/2047
f 1672/2744/2060 1673/2745/2061 1665/2733/2049
f 1665/2746/2049 1674/2747/2062 1666/2735/2050
f 1674/2747/2063 1667/2736/2052 1666/2735/2064
f 1667/2748/2052 1675/2749/2065 1668/2738/2054
f 1675/2749/2065 1669/2750/2056 1668/2738/2054
f 1669/2740/2056 1676/2751/2066 1670/2741/2067
f 1676/2751/2068 1671/2752/2059 1670/2741/2058
f 1677/2753/2069 1672/2744/2060 1671/2743/2059
f 1678/2754/2070 1673/2745/2061 1679/2755/2071
f 1680/2756/2072 1674/2747/2062 1673/2757/2061
f 1681/2758/2073 1682/2759/2074 1674/2747/2063
f 1683/2760/2075 1675/2749/2065 1682/2761/2074
f 1675/2749/2065 1684/2762/2076 1685/2763/2077
f 1685/2764/2077 1686/2765/2078 1676/2751/2066
f 1676/2751/2068 1687/2766/2079 1677/2767/2069
f 1677/2753/2069 1678/2754/2070 1679/2755/2071
f 1688/2768/2080 1680/2769/2072 1678/2754/2070
f 1689/2770/2081 1681/2758/2082 1680/2756/2072
f 1690/2771/2083 1683/2772/2084 1681/2758/2073
f 1691/2773/2085 1692/2774/2086 1683/2760/2075
f 1692/2774/2086 1693/2775/2087 1684/2762/2076
f 1684/2776/2088 1694/2777/2089 1686/2765/2078
f 1686/2765/2090 1695/2778/2091 1687/2766/2079
f 1687/2779/2079 1688/2768/2080 1678/2754/2070
f 1696/2780/2092 1689/2781/2081 1688/2782/2080
f 1697/2783/2093 1690/2771/2094 1689/2770/2081
f 1698/2784/2095 1691/2785/2096 1690/2771/2083
f 1699/2786/2097 1700/2787/2098 1691/2788/2085
f 1700/2787/2098 1701/2789/2099 1693/2790/2087
f 1693/2791/2100 1702/2792/2101 1694/2777/2089
f 1694/2777/2102 1703/2793/2103 1695/2778/2091
f 1695/2794/2091 1696/2780/2092 1688/2782/2080
f 1704/2795/2104 1697/2796/2093 1696/2780/2092
f 1705/2797/2105 1698/2784/2106 1697/2783/2093
f 1706/2798/2107 1699/2799/2108 1698/2784/2095
f 1707/2800/2109 1708/2801/2110 1699/2786/2097
f 1708/2801/2110 1709/2802/2111 1701/2789/2099
f 1701/2803/2112 1710/2804/2113 1702/2792/2101
f 1702/2792/2114 1711/2805/2115 1703/2793/2103
f 1703/2806/2103 1704/2795/2104 1696/2780/2092
f 1712/2807/2116 1705/2808/2105 1704/2795/2104
f 1713/2809/2117 1706/2798/2118 1705/2797/2105
f 1714/2810/2119 1707/2811/2120 1706/2798/2107
f 1715/2812/2121 1716/2813/2122 1707/2800/2109
f 1716/2813/2122 1717/2814/2123 1709/2802/2111
f 1709/2815/2124 1718/2816/1996 1710/2804/2113
f 1710/2804/2125 1719/2817/2126 1711/2805/2115
f 1711/2818/2115 1712/2807/2116 1704/2795/2104
f 1513/2498/1850 1713/2819/2117 1712/2807/2116
f 1515/2501/1852 1714/2810/2127 1713/2809/2117
f 1517/2503/1855 1715/2820/2119 1714/2810/2119
f 1519/2506/1856 1720/2821/2128 1715/2812/2121
f 1720/2821/2128 1522/2509/1859 1717/2814/2123
f 1717/2822/1996 1524/2511/1861 1718/2816/1996
f 1718/2816/2129 1526/2514/1862 1719/2817/2126
f 1719/2823/2126 1513/2498/1850 1712/2807/2116
f 1721/2824/2130 1722/2825/2131 1723/2826/2132
f 1723/2827/2132 1724/2828/2133 1725/2829/2134
f 1725/2829/2135 1726/2830/2136 1727/2831/2135
f 1727/2832/2137 1728/2833/2138 1729/2834/2139
f 1728/2833/2138 1730/2835/2140 1729/2834/2139
f 1731/2836/2141 1732/2837/2142 1730/2838/2142
f 1733/2839/2143 1734/2840/2144 1732/2837/2145
f 1735/2841/2146 1721/2824/2130 1734/2842/2144
f 1736/2843/2147 1737/2844/2148 1722/2825/2131
f 1722/2845/2149 1738/2846/2150 1724/2828/2133
f 1724/2828/2151 1739/2847/2152 1726/2830/2136
f 1726/2848/2153 1740/2849/2154 1728/2833/2138
f 1740/2849/2154 1731/2850/2155 1728/2833/2138
f 1741/2851/2156 1733/2839/2157 1731/2836/2141
f 1742/2852/2158 1735/2853/2146 1733/2839/2143
f 1743/2854/2159 1736/2843/2147 1735/2841/2146
f 1744/2855/2160 1745/2856/2161 1737/2844/2148
f 1737/2857/2148 1746/2858/2162 1738/2846/2150
f 1738/2846/2163 1747/2859/2164 1739/2847/2152
f 1739/2860/2165 1748/2861/2166 1740/2849/2154
f 1748/2862/2166 1741/2863/2167 1740/2864/2154
f 1749/2865/2168 1742/2852/2169 1741/2851/2156
f 1750/2866/2170 1743/2867/2159 1742/2852/2158
f 1751/2868/2171 1744/2855/2160 1743/2854/2159
f 1752/2869/2172 1753/2870/2173 1745/2871/2161
f 1745/2872/2161 1754/2873/2174 1746/2858/2162
f 1746/2858/2175 1755/2874/2176 1747/2859/2164
f 1747/2875/2177 1756/2876/2178 1748/2862/2166
f 1756/2876/2178 1749/2877/2179 1748/2862/2166
f 1757/2878/2180 1750/2866/2181 1749/2865/2168
f 1758/2879/2182 1751/2880/2171 1750/2866/2170
f 1759/2881/2183 1752/2869/2172 1751/2882/2171
f 1760/2883/2184 1761/2884/2185 1753/2870/2173
f 1753/2885/2173 1762/2886/2186 1754/2873/2174
f 1754/2873/2187 1763/2887/2188 1755/2874/2176
f 1755/2888/2189 1764/2889/2190 1756/2876/2178
f 1764/2889/2190 1757/2890/2191 1756/2876/2178
f 1765/2891/2192 1758/2879/2193 1757/2878/2180
f 1766/2892/2194 1759/2893/2183 1758/2879/2182
f 1767/2894/2195 1760/2883/2184 1759/2881/2183
f 1768/2895/2196 1769/2896/2197 1761/2884/2185
f 1761/2897/2185 1770/2898/2198 1762/2886/2186
f 1762/2886/2199 1771/2899/2200 1763/2887/2188
f 1763/2900/2201 1772/2901/2202 1764/2889/2190
f 1772/2901/2202 1765/2902/2203 1764/2889/2190
f 1773/2903/2204 1766/2892/2205 1765/2891/2192
f 1774/2904/2206 1767/2905/2195 1766/2892/2194
f 1775/2906/2207 1768/2895/2196 1767/2894/2195
f 1776/2907/2208 1769/2896/2197 1777/2908/2209
f 1769/2909/2197 1778/2910/2210 1770/2898/2198
f 1770/2898/2211 1779/2911/2212 1771/2899/2200
f 1779/2912/2212 1772/2901/2202 1771/2913/2200
f 1772/2901/2202 1780/2914/2213 1773/2915/2204
f 1780/2916/2213 1774/2904/2214 1773/2903/2204
f 1781/2917/2215 1775/2918/2207 1774/2904/2206
f 1775/2906/2207 1776/2907/2208 1777/2908/2209
f 1782/2919/2216 1783/2920/2217 1776/2907/2208
f 1784/2921/2218 1778/2910/2210 1783/2922/2217
f 1785/2923/2219 1779/2911/2212 1778/2910/2220
f 1786/2924/2221 1787/2925/2222 1779/2912/2212
f 1787/2925/2222 1788/2926/2223 1780/2914/2213
f 1780/2916/2213 1789/2927/2224 1781/2917/2225
f 1781/2917/2215 1790/2928/2226 1791/2929/2227
f 1791/2930/2227 1782/2919/2216 1776/2907/2208
f 1792/2931/2228 1784/2932/2218 1782/2933/2216
f 1793/2934/2229 1785/2923/2230 1784/2921/2218
f 1794/2935/2231 1786/2936/2232 1785/2923/2219
f 1795/2937/2233 1796/2938/2234 1786/2939/2221
f 1796/2938/2234 1797/2940/2235 1788/2941/2223
f 1788/2942/2236 1798/2943/2237 1789/2927/2224
f 1789/2927/2238 1799/2944/2239 1790/2928/2226
f 1790/2945/2226 1792/2946/2228 1782/2919/2216
f 1800/2947/2240 1793/2948/2229 1792/2931/2228
f 1801/2949/2241 1794/2935/2242 1793/2934/2229
f 1802/2950/2243 1795/2951/2244 1794/2935/2231
f 1803/2952/2245 1804/2953/2246 1795/2937/2233
f 1804/2953/2246 1805/2954/2247 1797/2940/2235
f 1797/2955/2248 1806/2956/2249 1798/2943/2237
f 1798/2943/2250 1807/2957/2251 1799/2944/2239
f 1799/2958/2239 1800/2947/2240 1792/2931/2228
f 1808/2959/2252 1801/2960/2241 1800/2947/2240
f 1809/2961/2253 1802/2950/2254 1801/2949/2241
f 1810/2962/2255 1803/2963/2256 1802/2950/2243
f 1811/2964/2257 1812/2965/2258 1803/2952/2245
f 1812/2965/2258 1813/2966/2259 1805/2954/2247
f 1805/2967/2260 1814/2968/2261 1806/2956/2249
f 1806/2956/2262 1815/2969/2263 1807/2957/2251
f 1807/2970/2251 1808/2959/2252 1800/2947/2240
f 1816/2971/2264 1809/2972/2253 1808/2959/2252
f 1817/2973/2265 1810/2962/2266 1809/2961/2253
f 1818/2974/2267 1811/2975/2268 1810/2962/2255
f 1819/2976/2269 1820/2977/2270 1811/2964/2257
f 1820/2977/2270 1821/2978/2271 1813/2966/2259
f 1813/2979/2272 1822/2980/2273 1814/2968/2261
f 1814/2968/2274 1823/2981/2275 1815/2969/2263
f 1815/2982/2263 1816/2971/2264 1808/2959/2252
f 1824/2983/2139 1817/2984/2265 1816/2971/2264
f 1825/2985/2276 1818/2974/2277 1817/2973/2265
f 1826/2986/2134 1819/2987/2278 1818/2974/2267
f 1827/2988/2279 1828/2989/2280 1819/2976/2269
f 1828/2989/2280 1829/2990/2281 1821/2978/2271
f 1821/2991/2282 1830/2992/2145 1822/2980/2273
f 1822/2980/2283 1831/2993/2284 1823/2981/2275
f 1823/2994/2275 1824/2983/2139 1816/2971/2264
f 1824/2983/2139 1832/2995/2285 1825/2996/2276
f 1825/2985/2276 1833/2997/2136 1826/2986/2135
f 1826/2986/2134 1834/2998/2286 1827/2999/2134
f 1827/2988/2279 1835/3000/2287 1836/3001/2130
f 1835/3000/2287 1829/2990/2281 1836/3001/2130
f 1837/3002/2288 1830/2992/2145 1829/3003/2145
f 1838/3004/2289 1831/2993/2284 1830/2992/2142
f 1839/3005/2290 1824/2983/2139 1831/3006/2284
f 1840/3007/2291 1841/3008/2292 1832/2995/2285
f 1832/3009/2285 1842/3010/2152 1833/2997/2136
f 1833/2997/2149 1843/3011/2150 1834/2998/2286
f 1834/3012/2293 1844/3013/2294 1835/3000/2287
f 1844/3013/2294 1837/3014/2295 1835/3000/2287
f 1845/3015/2158 1838/3004/2296 1837/3002/2288
f 1846/3016/2156 1839/3017/2290 1838/3004/2289
f 1847/3018/2297 1840/3007/2291 1839/3005/2290
f 1848/3019/2298 1849/3020/2299 1841/3008/2292
f 1841/3021/2292 1850/3022/2164 1842/3010/2152
f 1842/3010/2300 1851/3023/2162 1843/3011/2150
f 1843/3024/2301 1852/3025/2302 1844/3013/2294
f 1852/3025/2302 1845/3026/2303 1844/3013/2294
f 1853/3027/2170 1846/3016/2304 1845/3015/2158
f 1854/3028/2168 1847/3029/2297 1846/3016/2156
f 1855/3030/2305 1848/3031/2298 1847/3032/2297
f 1856/3033/2306 1857/3034/2307 1849/3035/2299
f 1849/3036/2299 1858/3037/2308 1850/3022/2164
f 1850/3022/2309 1859/3038/2310 1851/3023/2162
f 1851/3039/2311 1860/3040/2312 1852/3041/2302
f 1860/3040/2312 1853/3042/2313 1852/3041/2302
f 1861/3043/2314 1854/3028/2315 1853/3027/2170
f 1862/3044/2316 1855/3045/2305 1854/3028/2168
f 1863/3046/2317 1856/3033/2306 1855/3030/2305
f 1864/3047/2318 1865/3048/2319 1857/3034/2307
f 1857/3049/2307 1866/3050/2320 1858/3037/2308
f 1858/3037/2321 1867/3051/2322 1859/3038/2310
f 1859/3052/2323 1868/3053/2324 1860/3040/2312
f 1868/3053/2324 1861/3054/2325 1860/3040/2312
f 1869/3055/2326 1862/3044/2327 1861/3043/2314
f 1870/3056/2328 1863/3057/2317 1862/3044/2316
f 1871/3058/2329 1864/3047/2318 1863/3046/2317
f 1872/3059/2330 1873/3060/2331 1865/3048/2319
f 1865/3061/2319 1874/3062/2332 1866/3050/2320
f 1866/3050/2333 1875/3063/2334 1867/3051/2322
f 1867/3064/2335 1876/3065/2336 1868/3053/2324
f 1876/3065/2336 1869/3066/2337 1868/3053/2324
f 1877/3067/2338 1870/3056/2339 1869/3055/2326
f 1878/3068/2340 1871/3069/2329 1870/3056/2328
f 1879/3070/2341 1872/3059/2330 1871/3058/2329
f 1880/3071/2342 1873/3060/2331 1881/3072/2343
f 1873/3073/2331 1882/3074/2344 1874/3062/2332
f 1874/3062/2345 1883/3075/2346 1875/3063/2334
f 1883/3076/2346 1876/3065/2336 1875/3077/2334
f 1876/3065/2336 1884/3078/2347 1877/3079/2338
f 1884/3080/2347 1878/3068/2348 1877/3067/2338
f 1885/3081/2349 1879/3082/2341 1878/3068/2340
f 1879/3070/2341 1880/3071/2342 1881/3072/2343
f 1886/3083/2350 1887/3084/2351 1880/3071/2342
f 1888/3085/2352 1882/3074/2344 1887/3086/2351
f 1889/3087/2353 1883/3075/2346 1882/3074/2354
f 1890/3088/2355 1891/3089/2356 1883/3076/2346
f 1891/3089/2356 1892/3090/2357 1884/3078/2347
f 1884/3080/2347 1893/3091/2358 1885/3081/2359
f 1885/3081/2349 1894/3092/2360 1895/3093/2361
f 1895/3094/2361 1886/3083/2350 1880/3071/2342
f 1896/3095/2362 1888/3096/2352 1886/3097/2350
f 1897/3098/2363 1889/3087/2364 1888/3085/2352
f 1898/3099/2365 1890/3100/2366 1889/3087/2353
f 1899/3101/2367 1900/3102/2368 1890/3103/2355
f 1900/3104/2368 1901/3105/2369 1892/3090/2357
f 1892/3106/2370 1902/3107/2371 1893/3091/2358
f 1893/3091/2372 1903/3108/2373 1894/3092/2360
f 1894/3109/2360 1896/3095/2362 1886/3097/2350
f 1904/3110/2374 1897/3111/2363 1896/3095/2362
f 1905/3112/2375 1898/3099/2376 1897/3098/2363
f 1906/3113/2377 1899/3114/2378 1898/3099/2365
f 1907/3115/2379 1908/3116/2380 1899/3101/2367
f 1908/3116/2380 1909/3117/2381 1901/3118/2369
f 1901/3119/2382 1910/3120/2383 1902/3107/2371
f 1902/3107/2384 1911/3121/2385 1903/3108/2373
f 1903/3122/2373 1904/3110/2374 1896/3095/2362
f 1912/3123/2386 1905/3124/2375 1904/3110/2374
f 1913/3125/2387 1906/3113/2388 1905/3112/2375
f 1914/3126/2389 1907/3127/2390 1906/3113/2377
f 1915/3128/2391 1916/3129/2392 1907/3115/2379
f 1916/3129/2392 1917/3130/2393 1909/3117/2381
f 1909/3131/2394 1918/3132/2395 1910/3120/2383
f 1910/3120/2396 1919/3133/2397 1911/3121/2385
f 1911/3134/2385 1912/3123/2386 1904/3110/2374
f 1920/3135/2398 1913/3136/2387 1912/3123/2386
f 1921/3137/2399 1914/3126/2268 1913/3125/2387
f 1922/3138/2400 1915/3139/2266 1914/3126/2389
f 1923/3140/2401 1924/3141/2402 1915/3128/2391
f 1924/3141/2402 1925/3142/2403 1917/3130/2393
f 1917/3143/2274 1926/3144/2404 1918/3132/2395
f 1918/3132/2272 1927/3145/2405 1919/3133/2397
f 1919/3146/2397 1920/3135/2398 1912/3123/2386
f 1721/2824/2130 1921/3147/2399 1920/3135/2398
f 1723/2827/2132 1922/3138/2406 1921/3137/2399
f 1725/2829/2135 1923/3148/2277 1922/3138/2400
f 1727/2832/2137 1928/3149/2407 1923/3140/2401
f 1928/3149/2407 1730/2835/2140 1925/3142/2403
f 1925/3150/2408 1732/2837/2142 1926/3144/2404
f 1926/3144/2409 1734/2840/2144 1927/3145/2405
f 1927/3151/2405 1721/2824/2130 1920/3135/2398
f 1929/3152/2410 1930/3153/2410 1931/3154/2410
f 1929/3155/2411 1932/3156/2411 1933/3157/2411
f 1934/3158/51 1932/3159/51 1935/3160/51
f 1934/3161/2412 1936/3162/2412 1937/3163/2412
f 1931/3154/2413 1936/3164/2413 1938/3165/2413
f 1935/3166/2414 1929/3167/2414 1931/3168/2414
f 1932/3169/2415 1937/3170/2415 1936/3171/2415
f 1939/3172/2416 1940/3173/2416 1941/3174/2416
f 1939/3175/2417 1942/3176/2417 1943/3177/2417
f 1944/3178/51 1942/3179/51 1945/3180/51
f 1944/3181/2418 1946/3182/2418 1947/3183/2418
f 1941/3174/2419 1946/3184/2419 1948/3185/2419
f 1944/3186/2420 1945/3187/2421 1939/3188/2420
f 1942/3189/2422 1947/3190/2423 1946/3191/2422
f 1949/3192/2424 1950/3193/2424 1951/3194/2424
f 1952/3195/2425 1950/3196/2425 1953/3197/2425
f 1952/3198/51 1954/3199/51 1955/3200/51
f 1956/3201/2426 1954/3202/2426 1957/3203/2426
f 1956/3204/2427 1951/3194/2427 1958/3205/2427
f 1957/3206/2428 1953/3207/2428 1949/3208/2428
f 1955/3209/2429 1954/3210/2429 1958/3211/2429
f 1959/3212/2430 1960/3213/2430 1961/3214/2430
f 1959/3215/2431 1962/3216/2431 1963/3217/2431
f 1964/3218/50 1962/3219/50 1965/3220/50
f 1964/3221/2432 1966/3222/2432 1967/3223/2432
f 1961/3214/2433 1966/3224/2433 1968/3225/2433
f 1964/3226/2434 1965/3227/2434 1959/3228/2434
f 1963/3229/2435 1967/3230/2435 1966/3231/2435
f 1969/3232/2436 1970/3233/2436 1971/3234/2436
f 1969/3235/2437 1972/3236/2438 1973/3237/2438
f 1974/3238/2439 1972/3239/2440 1975/3240/2439
f 1974/3241/2441 1976/3242/2442 1977/3243/2442
f 1971/3244/2443 1976/3245/2443 1978/3246/2443
f 1975/3247/2444 1969/3248/2444 1971/3249/2444
f 1973/3250/2445 1972/3251/2445 1977/3252/2445
f 1979/3253/2446 1980/3254/2446 1981/3255/2446
f 1979/3256/2447 1982/3257/2447 1983/3258/2447
f 1984/3259/2448 1982/3260/2448 1985/3261/2448
f 1986/3262/2449 1987/3263/2449 1984/3264/2449
f 1986/3265/2450 1980/3254/2450 1988/3266/2450
f 1984/3267/2451 1985/3268/2451 1979/3269/2451
f 1982/3270/2452 1987/3271/2452 1988/3272/2452
f 1989/3273/2453 1990/3274/2454 1991/3275/2455
f 1992/3276/2456 1993/3277/2457 1990/3274/2454
f 1994/3278/2458 1995/3279/2459 1993/3277/2457
f 1996/3280/2460 1997/3281/2461 1995/3279/2459
f 1998/3282/2462 1999/3283/2463 1997/3281/2461
f 2000/3284/2464 2001/3285/2465 1999/3283/2463
f 2002/3286/2466 2003/3287/2467 2001/3285/2465
f 2004/3288/2468 2005/3289/2469 2003/3287/2467
f 2006/3290/2470 2007/3291/2471 2005/3289/2469
f 2008/3292/2472 2009/3293/2473 2007/3291/2471
f 2010/3294/2474 2011/3295/2475 2009/3293/2473
f 2012/3296/2476 2013/3297/2477 2011/3295/2475
f 2014/3298/2478 2015/3299/2479 2013/3297/2477
f 2016/3300/2480 2017/3301/2481 2015/3299/2479
f 2018/3302/2482 2019/3303/2483 2017/3301/2481
f 2020/3304/2484 2021/3305/2485 2019/3303/2483
f 2022/3306/2486 2023/3307/2487 2021/3305/2485
f 2024/3308/2488 2025/3309/2489 2023/3307/2487
f 2026/3310/2490 2027/3311/2491 2025/3309/2489
f 2028/3312/2492 2029/3313/2493 2027/3311/2491
f 2030/3314/2494 2031/3315/2495 2029/3313/2493
f 2032/3316/2496 2033/3317/2497 2031/3315/2495
f 2034/3318/2498 2035/3319/2499 2033/3317/2497
f 2036/3320/2500 2035/3319/2499 2037/3321/2501
f 2038/3322/2502 2039/3323/2503 2036/3320/2500
f 2040/3324/2504 2041/3325/2505 2038/3322/2502
f 2042/3326/2506 2043/3327/2507 2040/3324/2504
f 2044/3328/2508 2045/3329/2509 2042/3326/2506
f 2044/3328/2508 2046/3330/2510 2047/3331/2511
f 2048/3332/2512 2049/3333/2513 2046/3330/2510
f 2050/3334/2514 2051/3335/2515 2049/3333/2513
f 2052/3336/2516 2053/3337/2517 2051/3335/2515
f 2054/3338/2518 2055/3339/2519 2053/3337/2517
f 2056/3340/2520 2057/3341/2521 2055/3339/2519
f 2058/3342/2522 2059/3343/2523 2057/3341/2521
f 2060/3344/2524 2061/3345/2525 2059/3343/2523
f 2062/3346/2526 2063/3347/2527 2061/3345/2525
f 2064/3348/2528 2065/3349/2529 2063/3347/2527
f 2066/3350/2530 2067/3351/2531 2065/3349/2529
f 2068/3352/2532 2069/3353/2533 2067/3351/2531
f 2070/3354/2534 2071/3355/2535 2069/3353/2533
f 2072/3356/2536 2073/3357/2537 2071/3355/2535
f 2074/3358/2538 2075/3359/2539 2073/3357/2537
f 2076/3360/2540 2077/3361/2541 2075/3359/2539
f 2078/3362/2542 2077/3361/2541 2079/3363/2543
f 2080/3364/2544 2081/3365/2545 2078/3362/2542
f 2082/3366/2546 2083/3367/2547 2080/3364/2544
f 2084/3368/2548 2085/3369/2549 2082/3366/2546
f 2086/3370/2550 2087/3371/2551 2084/3368/2548
f 2088/3372/2552 2089/3373/2553 2086/3370/2550
f 2090/3374/2554 2091/3375/2555 2088/3372/2552
f 2092/3376/2556 2093/3377/2557 2090/3374/2554
f 2094/3378/2558 2095/3379/2559 2092/3376/2556
f 2096/3380/2560 2097/3381/2561 2094/3378/2558
f 2098/3382/2562 2099/3383/2563 2096/3380/2560
f 2098/3382/2562 2100/3384/2564 2101/3385/2565
f 2102/3386/2566 2103/3387/2567 2100/3384/2564
f 2104/3388/2568 2105/3389/2569 2103/3387/2567
f 2106/3390/2570 2105/3389/2569 2107/3391/2571
f 2108/3392/2572 2109/3393/2573 2106/3390/2570
f 2110/3394/2574 2111/3395/2575 2108/3392/2572
f 2112/3396/2576 2113/3397/2577 2110/3394/2574
f 2114/3398/2578 2115/3399/2579 2112/3396/2576
f 2116/3400/2580 2117/3401/2581 2114/3398/2578
f 2118/3402/2582 2119/3403/2583 2116/3400/2580
f 2120/3404/2584 2121/3405/2585 2118/3402/2582
f 2122/3406/2586 2123/3407/2587 2120/3404/2584
f 2124/3408/2588 2125/3409/2589 2122/3406/2586
f 2126/3410/2590 2127/3411/2591 2124/3408/2588
f 2128/3412/2592 2129/3413/2593 2126/3410/2590
f 2130/3414/2594 2131/3415/2595 2128/3412/2592
f 2132/3416/2596 2133/3417/2597 2130/3414/2594
f 2134/3418/2598 2135/3419/2599 2132/3416/2596
f 2136/3420/2600 2137/3421/2601 2134/3418/2598
f 2138/3422/2602 2139/3423/2603 2136/3420/2600
f 2140/3424/2604 2141/3425/2605 2138/3422/2602
f 2142/3426/2606 2143/3427/2607 2140/3424/2604
f 2144/3428/2608 2145/3429/2609 2142/3426/2606
f 2146/3430/2610 2147/3431/2611 2144/3428/2608
f 2148/3432/2612 2149/3433/2613 2146/3430/2610
f 2150/3434/2614 2151/3435/2615 2148/3432/2612
f 2152/3436/2616 2153/3437/2617 2150/3434/2614
f 2154/3438/2618 2155/3439/2619 2152/3436/2616
f 2156/3440/2620 2157/3441/2621 2154/3438/2618
f 2158/3442/2622 2159/3443/2623 2156/3440/2620
f 2160/3444/2624 2161/3445/2625 2158/3442/2622
f 2162/3446/2626 2163/3447/2627 2160/3444/2624
f 2164/3448/2628 2165/3449/2629 2162/3446/2626
f 2166/3450/2630 2167/3451/2631 2164/3448/2628
f 2168/3452/2632 2169/3453/2633 2166/3450/2630
f 2170/3454/2634 2171/3455/2635 2168/3452/2632
f 2172/3456/2636 2173/3457/2637 2170/3454/2634
f 2174/3458/2638 2175/3459/2639 2172/3456/2636
f 2176/3460/2640 2177/3461/2641 2174/3458/2638
f 2178/3462/2642 2179/3463/2643 2176/3460/2640
f 2180/3464/2644 2181/3465/2645 2178/3466/2642
f 2182/3467/2646 2183/3468/2647 2180/3464/2644
f 2184/3469/2648 2185/3470/2649 2182/3467/2646
f 2184/3471/2648 2186/3472/2650 2187/3473/2651
f 2188/3474/2652 2186/3475/2650 2189/3476/2653
f 2188/3477/53 2190/3477/53 2191/3477/53
f 2192/3478/53 2193/3478/53 2190/3478/53
f 2194/3479/53 2195/3479/53 2193/3479/53
f 2196/3480/53 2197/3480/53 2195/3480/53
f 2198/3481/53 2199/3481/53 2197/3481/53
f 2200/3482/53 2201/3482/53 2199/3482/53
f 2202/3483/53 2203/3483/53 2201/3483/53
f 2204/3484/50 2203/3485/50 2205/3486/50
f 2206/3487/50 2207/3488/50 2204/3489/50
f 2208/3490/50 2209/3491/50 2206/3492/50
f 2210/3493/50 2211/3494/50 2208/3495/50
f 2212/3496/50 2213/3497/50 2210/3498/50
f 2214/3499/50 2215/3500/50 2212/3501/50
f 2216/3502/50 2217/3503/50 2214/3504/50
f 2218/3505/2654 2219/3506/2655 2220/3507/2656
f 2221/3508/2657 2222/3509/2658 2218/3505/2654
f 2223/3510/2659 2224/3511/2660 2221/3508/2657
f 2225/3512/2661 2226/3513/2662 2223/3510/2659
f 2227/3514/2663 2228/3515/2664 2225/3512/2661
f 2229/3516/2665 2230/3517/2666 2227/3514/2663
f 2231/3518/2667 2232/3519/2668 2229/3516/2665
f 2233/3520/2669 2234/3521/2670 2231/3518/2667
f 2235/3522/2671 2236/3523/2672 2233/3520/2669
f 2237/3524/2673 2238/3525/2674 2235/3522/2671
f 2239/3526/2675 2240/3527/2676 2237/3524/2673
f 2241/3528/2677 2242/3529/2678 2239/3526/2675
f 2243/3530/2679 2244/3531/2680 2241/3528/2677
f 2245/3532/2681 2246/3533/2682 2243/3530/2679
f 2247/3534/2683 2248/3535/2684 2245/3532/2681
f 2249/3536/2685 2250/3537/2686 2247/3534/2683
f 2251/3538/2687 2252/3539/2688 2249/3536/2685
f 2253/3540/2689 2254/3541/2690 2251/3538/2687
f 2255/3542/2691 2256/3543/2692 2253/3540/2689
f 2257/3544/2693 2258/3545/2694 2255/3542/2691
f 2259/3546/2695 2260/3547/2696 2257/3544/2693
f 2261/3548/2697 2262/3549/2698 2259/3546/2695
f 2263/3550/2699 2264/3551/2700 2261/3548/2697
f 2263/3550/2699 2265/3552/2701 2266/3553/2702
f 2267/3554/2703 2268/3555/2704 2265/3552/2701
f 2269/3556/2705 2270/3557/2706 2268/3555/2704
f 2271/3558/2707 2272/3559/2708 2270/3557/2706
f 2273/3560/2709 2274/3561/2710 2272/3559/2708
f 2275/3562/2711 2274/3561/2710 2276/3563/2712
f 2277/3564/2713 2278/3565/2714 2275/3562/2711
f 2279/3566/2715 2280/3567/2716 2277/3564/2713
f 2281/3568/2717 2282/3569/2718 2279/3566/2715
f 2283/3570/2719 2284/3571/2720 2281/3568/2717
f 2285/3572/2721 2286/3573/2722 2283/3570/2719
f 2287/3574/2723 2288/3575/2724 2285/3572/2721
f 2289/3576/2725 2290/3577/2726 2287/3574/2723
f 2291/3578/2727 2292/3579/2728 2289/3576/2725
f 2293/3580/2729 2294/3581/2730 2291/3578/2727
f 2295/3582/2731 2296/3583/2732 2293/3580/2729
f 2297/3584/2733 2298/3585/2734 2295/3582/2731
f 2299/3586/2735 2300/3587/2736 2297/3584/2733
f 2301/3588/2737 2302/3589/2738 2299/3586/2735
f 2303/3590/2739 2304/3591/2740 2301/3588/2737
f 2305/3592/2741 2306/3593/2742 2303/3590/2739
f 2305/3592/2741 2307/3594/2743 2308/3595/2744
f 2309/3596/2745 2310/3597/2746 2307/3594/2743
f 2311/3598/2747 2312/3599/2748 2310/3597/2746
f 2313/3600/2749 2314/3601/2750 2312/3599/2748
f 2315/3602/2751 2316/3603/2752 2314/3601/2750
f 2317/3604/2753 2318/3605/2754 2316/3603/2752
f 2319/3606/2755 2320/3607/2756 2318/3605/2754
f 2321/3608/2757 2322/3609/2758 2320/3607/2756
f 2323/3610/2759 2324/3611/2760 2322/3609/2758
f 2325/3612/2761 2326/3613/2762 2324/3611/2760
f 2327/3614/2763 2328/3615/2764 2326/3613/2762
f 2329/3616/2765 2328/3615/2764 2330/3617/2766
f 2331/3618/2767 2332/3619/2768 2329/3616/2765
f 2333/3620/2769 2334/3621/2770 2331/3618/2767
f 2333/3620/2769 2335/3622/2771 2336/3623/2772
f 2337/3624/2773 2338/3625/2774 2335/3622/2771
f 2339/3626/2775 2340/3627/2776 2338/3625/2774
f 2341/3628/2777 2342/3629/2778 2340/3627/2776
f 2343/3630/2779 2344/3631/2780 2342/3629/2778
f 2345/3632/2781 2346/3633/2782 2344/3631/2780
f 2347/3634/2783 2348/3635/2784 2346/3633/2782
f 2349/3636/2785 2350/3637/2786 2348/3635/2784
f 2351/3638/2787 2352/3639/2788 2350/3637/2786
f 2353/3640/2789 2354/3641/2790 2352/3639/2788
f 2355/3642/2791 2356/3643/2792 2354/3641/2790
f 2357/3644/2793 2358/3645/2794 2356/3643/2792
f 2359/3646/2795 2360/3647/2796 2358/3645/2794
f 2361/3648/2797 2362/3649/2798 2360/3647/2796
f 2363/3650/2799 2364/3651/2800 2362/3649/2798
f 2365/3652/2801 2366/3653/2802 2364/3651/2800
f 2367/3654/2803 2368/3655/2804 2366/3653/2802
f 2369/3656/2805 2370/3657/2806 2368/3655/2804
f 2371/3658/2807 2372/3659/2808 2370/3657/2806
f 2373/3660/2809 2374/3661/2810 2372/3659/2808
f 2375/3662/2811 2376/3663/2812 2374/3661/2810
f 2377/3664/2813 2378/3665/2814 2376/3663/2812
f 2379/3666/2815 2380/3667/2816 2378/3665/2814
f 2381/3668/2817 2382/3669/2818 2380/3667/2816
f 2383/3670/2819 2384/3671/2820 2382/3669/2818
f 2385/3672/2821 2386/3673/2822 2384/3671/2820
f 2387/3674/2823 2388/3675/2824 2386/3673/2822
f 2389/3676/2825 2390/3677/2826 2388/3675/2824
f 2391/3678/2827 2392/3679/2828 2390/3677/2826
f 2393/3680/2829 2394/3681/2830 2392/3679/2828
f 2395/3682/2831 2396/3683/2832 2394/3681/2830
f 2397/3684/2833 2398/3685/2834 2396/3683/2832
f 2399/3686/2835 2400/3687/2836 2398/3685/2834
f 2401/3688/2837 2402/3689/2838 2400/3687/2836
f 2403/3690/2839 2404/3691/2840 2402/3689/2838
f 2405/3692/2841 2406/3693/2842 2404/3691/2840
f 2407/3694/2843 2408/3695/2844 2406/3693/2842
f 2409/3696/2845 2410/3697/2846 2408/3695/2844
f 2411/3698/2847 2412/3699/2848 2410/3700/2846
f 2413/3701/2849 2414/3702/2850 2412/3699/2848
f 2415/3703/2851 2414/3704/2850 2416/3705/2852
f 2415/3703/2851 2417/3706/2853 2418/3707/2854
f 2419/3708/53 2417/3708/53 2420/3708/53
f 2421/3709/53 2422/3709/53 2419/3709/53
f 2423/3710/53 2424/3710/53 2421/3710/53
f 2425/3711/53 2426/3711/53 2423/3711/53
f 2427/3712/53 2428/3712/53 2425/3712/53
f 2429/3713/53 2430/3713/53 2427/3713/53
f 2431/3714/53 2432/3714/53 2429/3714/53
f 2431/3715/51 2433/3716/51 2434/3717/51
f 2435/3718/51 2436/3719/51 2433/3720/51
f 2437/3721/51 2438/3722/51 2436/3723/51
f 2439/3724/51 2440/3725/51 2438/3726/51
f 2441/3727/51 2442/3728/51 2440/3729/51
f 2443/3730/51 2444/3731/51 2442/3732/51
f 2445/3733/51 2446/3734/51 2444/3735/51
f 2447/3736/2855 2448/3737/2856 2449/3738/2855
f 2450/3739/2857 2451/3740/2858 2448/3737/2856
f 2452/3741/2859 2453/3742/2860 2451/3740/2858
f 2454/3743/2861 2455/3744/2862 2453/3742/2860
f 2456/3745/2863 2457/3746/2864 2455/3744/2862
f 2458/3747/2865 2459/3748/2866 2457/3746/2864
f 2460/3749/2867 2461/3750/2868 2459/3748/2866
f 2462/3751/2869 2463/3752/2870 2461/3750/2868
f 2464/3753/2856 2465/3754/2855 2466/3755/2855
f 2467/3756/2858 2468/3757/2857 2464/3753/2856
f 2469/3758/2860 2470/3759/2859 2467/3756/2858
f 2471/3760/2862 2472/3761/2861 2469/3758/2860
f 2473/3762/2864 2474/3763/2863 2471/3760/2862
f 2475/3764/2866 2476/3765/2865 2473/3762/2864
f 2477/3766/2868 2478/3767/2867 2475/3764/2866
f 2479/3768/2870 2480/3769/2869 2477/3766/2868
f 2481/3770/2871 2482/3771/2872 2483/3772/2871
f 2484/3773/1923 2485/3774/2873 2482/3771/2872
f 2486/3775/2874 2487/3776/2875 2485/3774/2873
f 2488/3777/2876 2489/3778/2877 2487/3776/2875
f 2490/3779/2878 2491/3780/2879 2489/3778/2877
f 2492/3781/2880 2493/3782/2881 2491/3780/2879
f 2494/3783/2882 2495/3784/2883 2493/3782/2881
f 2496/3785/2872 2497/3786/2871 2498/3787/2871
f 2499/3788/2873 2500/3789/1923 2496/3785/2872
f 2501/3790/2875 2502/3791/2874 2499/3788/2873
f 2503/3792/2877 2504/3793/2876 2501/3790/2875
f 2505/3794/2879 2506/3795/2878 2503/3792/2877
f 2507/3796/2881 2508/3797/2880 2505/3794/2879
f 2509/3798/2883 2510/3799/2882 2507/3796/2881
f 2511/3800/2884 2512/3801/2885 2513/3802/2884
f 2514/3803/2886 2515/3804/2887 2512/3801/2885
f 2516/3805/2887 2517/3806/2888 2515/3804/2887
f 2518/3807/2888 2519/3808/2889 2517/3806/2888
f 2520/3809/2889 2521/3810/2890 2519/3808/2889
f 2522/3811/2890 2523/3812/2891 2521/3810/2890
f 2524/3813/2891 2525/3814/2892 2523/3812/2891
f 2526/3815/2892 2527/3816/2893 2525/3814/2892
f 2528/3817/2894 2527/3816/2893 2529/3818/2893
f 2530/3819/2895 2531/3820/2894 2528/3817/2894
f 2532/3821/2885 2533/3822/2884 2534/3823/2884
f 2535/3824/2887 2536/3825/2886 2532/3821/2885
f 2537/3826/2888 2538/3827/2887 2535/3824/2887
f 2539/3828/2889 2540/3829/2888 2537/3826/2888
f 2541/3830/2890 2542/3831/2889 2539/3828/2889
f 2543/3832/2891 2544/3833/2890 2541/3830/2890
f 2545/3834/2892 2546/3835/2891 2543/3832/2891
f 2547/3836/2893 2548/3837/2892 2545/3834/2892
f 2547/3836/2893 2549/3838/2894 2550/3839/2893
f 2551/3840/2894 2552/3841/2895 2549/3838/2894
f 2553/3842/2896 2554/3843/2897 2555/3844/2897
f 2556/3845/2898 2557/3846/2896 2553/3842/2896
f 2558/3847/2899 2559/3848/2898 2556/3845/2898
f 2560/3849/2900 2561/3850/2901 2558/3847/2899
f 2562/3851/2902 2563/3852/2903 2560/3849/2900
f 2564/3853/2904 2565/3854/2902 2562/3851/2902
f 2566/3855/2897 2567/3856/2896 2568/3857/2897
f 2569/3858/2896 2570/3859/2898 2567/3856/2896
f 2571/3860/2898 2572/3861/2899 2570/3859/2898
f 2573/3862/2901 2574/3863/2900 2572/3861/2899
f 2575/3864/2903 2576/3865/2902 2574/3863/2900
f 2577/3866/2902 2578/3867/2904 2576/3865/2902
f 2579/3868/2905 2580/3869/2906 2581/3870/2906
f 2582/3871/2907 2583/3872/2905 2579/3868/2905
f 2584/3873/2908 2585/3874/2907 2582/3871/2907
f 2586/3875/2909 2587/3876/2908 2584/3873/2908
f 2588/3877/2910 2589/3878/2909 2586/3875/2909
f 2590/3879/2911 2591/3880/2912 2588/3877/2910
f 2592/3881/2913 2593/3882/2911 2590/3879/2911
f 2594/3883/2914 2595/3884/2913 2592/3881/2913
f 2596/3885/2915 2597/3886/2914 2594/3883/2914
f 2598/3887/2916 2599/3888/2915 2596/3885/2915
f 2600/3889/2906 2601/3890/2905 2602/3891/2906
f 2603/3892/2905 2604/3893/2907 2601/3890/2905
f 2605/3894/2907 2606/3895/2908 2604/3893/2907
f 2607/3896/2908 2608/3897/2909 2606/3895/2908
f 2609/3898/2909 2610/3899/2910 2608/3897/2909
f 2611/3900/2912 2612/3901/2911 2610/3899/2910
f 2613/3902/2911 2614/3903/2913 2612/3901/2911
f 2615/3904/2913 2616/3905/2914 2614/3903/2913
f 2617/3906/2914 2618/3907/2915 2616/3905/2914
f 2619/3908/2915 2620/3909/2916 2618/3907/2915
f 2621/3910/2917 2622/3911/2918 2623/3912/2918
f 2624/3913/2919 2625/3914/2917 2621/3910/2917
f 2626/3915/2920 2627/3916/2919 2624/3913/2919
f 2628/3917/2916 2629/3918/2920 2626/3915/2920
f 2630/3919/2921 2631/3920/2916 2628/3917/2916
f 2632/3921/2918 2633/3922/2917 2634/3923/2918
f 2635/3924/2917 2636/3925/2919 2633/3922/2917
f 2637/3926/2919 2638/3927/2920 2636/3925/2919
f 2639/3928/2920 2640/3929/2916 2638/3927/2920
f 2641/3930/2916 2642/3931/2921 2640/3929/2916
f 1/1/1 9/14/2 2/2/2
f 3/4/3 2/16/4 4/5/4
f 4/7/5 7/18/5 6/8/6
f 7/10/7 9/20/7 1/11/8
f 8/13/9 10/22/9 2/2/2
f 10/15/10 14/3932/10 4/5/4
f 4/7/5 14/25/11 11/17/11
f 7/10/7 11/3933/12 8/19/12
f 12/21/13 13/23/13 10/22/9
f 13/23/14 18/3934/14 14/24/10
f 14/25/11 18/34/15 15/26/15
f 11/17/12 15/26/16 12/27/16
f 12/21/13 20/3935/17 16/29/17
f 13/30/14 16/39/18 17/31/18
f 17/33/19 19/35/19 15/26/15
f 19/35/20 20/43/20 12/27/16
f 20/36/17 24/44/21 21/37/21
f 16/39/18 21/3936/22 22/40/22
f 22/40/23 23/50/23 19/41/19
f 23/42/24 24/52/24 20/43/20
f 24/44/21 28/3937/25 25/45/25
f 21/46/22 25/55/26 26/47/26
f 26/49/27 27/3938/27 23/50/23
f 27/51/28 28/60/28 24/52/24
f 28/53/25 33/3939/29 29/54/29
f 25/55/26 29/54/30 30/56/30
f 30/57/31 31/59/31 27/51/27
f 31/59/32 33/69/32 28/60/28
f 32/61/33 34/71/33 29/62/29
f 34/64/34 35/73/34 30/56/30
f 35/65/35 36/75/35 31/66/31
f 36/68/36 32/77/36 33/69/32
f 37/70/3 38/79/3 34/71/33
f 38/72/1 42/81/1 35/73/34
f 35/65/35 42/83/8 39/74/8
f 36/68/36 39/85/6 37/76/6
f 37/70/3 45/87/37 40/78/37
f 38/72/1 40/89/38 41/80/38
f 41/82/7 43/91/7 39/74/8
f 43/84/5 45/93/5 37/76/6
f 44/86/10 46/3940/10 40/78/37
f 46/88/9 47/97/9 41/80/38
f 47/90/12 48/3941/12 43/91/7
f 48/92/11 44/101/11 45/93/5
f 49/94/39 50/96/39 46/88/10
f 50/96/40 54/106/40 47/97/9
f 47/98/12 54/107/41 51/99/41
f 48/92/11 51/99/15 49/100/15
f 52/102/18 53/111/18 50/103/39
f 53/105/17 58/3942/17 54/106/40
f 54/107/41 58/115/20 55/108/20
f 51/99/15 55/108/19 52/109/19
f 56/110/22 57/3943/22 53/111/18
f 57/112/21 62/122/21 58/113/17
f 58/115/20 62/123/24 59/116/24
f 55/117/19 59/125/23 56/110/23
f 60/118/42 61/128/42 57/119/22
f 61/121/43 66/3944/43 62/122/21
f 62/123/24 66/132/28 63/124/28
f 59/125/23 63/3945/44 60/126/44
f 60/118/42 68/135/30 64/127/30
f 61/128/43 64/127/29 65/129/29
f 65/131/32 67/133/32 63/124/28
f 67/133/31 68/3946/31 60/134/44
f 68/135/30 72/144/34 69/136/34
f 64/137/29 69/145/45 70/138/45
f 70/140/36 71/146/36 67/133/32
f 71/141/35 72/147/35 68/142/31
f 1/1/1 3/3/1 69/136/34
f 3/4/3 5/6/3 70/138/45
f 70/140/36 5/9/6 6/8/6
f 71/141/35 6/12/8 1/11/8
f 73/148/46 77/152/46 74/149/46
f 76/151/47 79/3947/47 77/152/47
f 78/153/48 80/3948/48 79/154/48
f 75/156/49 74/3949/49 80/157/49
f 78/159/50 76/3950/50 73/160/50
f 77/162/51 79/3951/51 80/163/51
f 81/165/8 85/3952/8 82/166/8
f 84/168/6 87/3953/6 85/169/6
f 86/171/3 88/3954/3 87/172/3
f 83/174/1 82/3955/1 88/175/1
f 84/177/52 81/3956/52 83/178/52
f 82/180/53 85/3957/53 87/181/53
f 89/183/47 93/187/47 90/184/47
f 92/186/46 95/3958/46 93/187/46
f 94/188/49 96/3959/49 95/189/49
f 91/191/48 90/3960/48 96/192/48
f 94/194/51 92/3961/51 89/195/51
f 93/197/50 95/3962/50 96/198/50
f 97/200/6 101/3963/6 98/201/6
f 100/203/8 103/3964/8 101/204/8
f 102/206/1 104/3965/1 103/207/1
f 99/209/3 98/3966/3 104/210/3
f 100/212/53 97/3967/53 99/213/53
f 98/215/52 101/3968/52 103/216/52
f 105/218/54 120/237/71 106/219/55
f 107/221/56 106/239/55 108/222/57
f 109/223/59 108/222/74 110/224/60
f 111/226/61 110/242/76 112/227/62
f 112/227/62 115/244/78 114/229/64
f 115/230/65 117/233/80 116/231/66
f 117/233/67 119/247/70 118/234/68
f 119/235/70 120/237/71 105/218/54
f 120/237/71 128/249/83 121/238/72
f 106/239/55 121/251/72 122/240/73
f 108/222/74 122/240/86 123/241/75
f 110/242/76 123/254/88 124/243/77
f 124/243/77 125/256/90 115/244/78
f 125/245/79 126/246/92 117/233/80
f 126/246/81 127/259/82 119/247/70
f 127/248/82 128/249/83 120/237/71
f 128/249/83 136/261/95 129/250/84
f 121/251/72 129/263/84 130/252/85
f 122/240/86 130/252/98 131/253/87
f 123/254/88 131/266/100 132/255/89
f 132/255/89 133/268/102 125/256/90
f 133/257/91 134/258/104 126/246/92
f 134/258/93 135/271/94 127/259/82
f 135/260/94 136/261/95 128/249/83
f 136/261/95 144/273/107 137/262/96
f 129/263/84 137/275/96 138/264/97
f 130/252/98 138/264/110 139/265/99
f 131/266/100 139/278/112 140/267/101
f 140/267/101 141/280/114 133/268/102
f 141/269/103 142/270/116 134/258/104
f 142/270/105 143/283/106 135/271/94
f 143/272/106 144/273/107 136/261/95
f 144/273/107 152/3969/119 145/274/108
f 137/275/96 145/288/108 146/276/109
f 138/264/110 146/276/122 147/277/111
f 139/278/112 147/3970/124 148/279/113
f 148/279/113 149/3971/126 141/280/114
f 149/281/115 150/282/128 142/270/116
f 150/282/117 151/297/118 143/283/106
f 151/284/118 152/3969/119 144/273/107
f 152/285/119 161/301/132 153/286/120
f 145/288/108 153/303/120 154/289/121
f 146/276/122 154/289/134 155/290/123
f 147/291/124 155/306/123 156/292/125
f 156/292/125 157/308/127 149/294/126
f 157/295/127 158/296/137 150/282/128
f 158/296/129 159/311/130 151/297/118
f 159/298/130 161/301/132 152/285/119
f 160/300/131 162/313/133 153/286/120
f 162/302/133 168/315/141 154/289/121
f 154/289/134 168/315/143 163/304/135
f 163/305/135 171/318/145 156/292/125
f 156/292/125 171/318/145 164/307/136
f 164/309/136 174/321/148 158/296/137
f 158/296/129 174/321/149 165/310/138
f 159/298/130 165/323/138 160/300/131
f 166/312/139 167/325/140 162/313/133
f 167/314/140 169/316/153 168/315/141
f 169/316/142 170/328/155 163/304/135
f 170/317/144 180/330/157 171/318/145
f 171/318/145 180/330/157 172/319/146
f 164/309/136 172/332/159 173/320/147
f 174/321/149 173/320/161 175/322/150
f 165/323/138 175/335/150 166/312/139
f 176/324/151 177/337/152 167/325/140
f 177/326/152 178/327/165 169/316/153
f 178/327/154 179/340/167 170/328/155
f 179/329/156 188/342/169 180/330/157
f 180/330/157 188/342/169 181/331/158
f 172/332/159 181/344/171 182/333/160
f 173/320/161 182/333/173 183/334/162
f 175/335/150 183/347/162 176/324/151
f 184/336/163 185/3972/164 177/337/152
f 185/338/164 186/339/177 178/327/165
f 186/339/166 187/353/179 179/340/167
f 187/341/168 196/3973/181 188/342/169
f 188/342/169 196/3973/181 189/343/170
f 181/344/171 189/359/183 190/345/172
f 182/333/173 190/345/185 191/346/174
f 183/347/162 191/3974/174 184/336/163
f 192/348/175 193/364/176 185/349/164
f 193/351/176 194/352/189 186/339/177
f 194/352/178 195/367/191 187/353/179
f 195/354/180 204/369/193 196/355/181
f 196/355/181 204/369/193 197/357/182
f 189/359/183 197/371/195 198/360/184
f 190/345/185 198/360/197 199/361/186
f 191/362/174 199/374/186 192/348/175
f 200/363/187 201/376/188 193/364/176
f 201/365/188 202/366/200 194/352/189
f 202/366/190 203/379/201 195/367/191
f 203/368/192 212/381/203 204/369/193
f 204/369/193 212/381/203 205/370/194
f 197/371/195 205/383/205 206/372/196
f 198/360/197 206/372/206 207/373/198
f 199/374/186 207/386/198 200/363/187
f 208/375/63 209/388/199 201/376/188
f 209/377/199 210/378/59 202/366/200
f 210/378/58 211/391/58 203/379/201
f 211/380/202 220/393/54 212/381/203
f 212/381/203 220/393/54 213/382/204
f 205/383/205 213/395/69 214/384/69
f 206/372/206 214/384/66 215/385/207
f 207/386/198 215/398/207 208/375/63
f 208/375/63 224/399/213 216/387/208
f 209/377/199 216/401/208 217/389/60
f 210/378/58 217/389/216 218/390/209
f 211/380/202 218/404/218 219/392/210
f 219/392/210 221/406/220 213/382/204
f 221/394/67 222/396/222 214/384/69
f 222/396/211 223/409/212 215/385/207
f 223/397/212 224/399/213 208/375/63
f 224/399/213 232/411/225 225/400/214
f 216/401/208 225/413/214 226/402/215
f 217/389/216 226/402/228 227/403/217
f 218/404/218 227/416/230 228/405/219
f 228/405/219 229/418/232 221/406/220
f 229/407/221 230/408/234 222/396/222
f 230/408/223 231/421/224 223/409/212
f 231/410/224 232/411/225 224/399/213
f 232/411/225 240/423/237 233/412/226
f 225/413/214 233/425/226 234/414/227
f 226/402/228 234/414/240 235/415/229
f 227/416/230 235/428/242 236/417/231
f 236/417/231 237/430/244 229/418/232
f 237/419/233 238/420/246 230/408/234
f 238/420/235 239/433/236 231/421/224
f 239/422/236 240/423/237 232/411/225
f 240/423/237 248/435/249 241/424/238
f 233/425/226 241/437/238 242/426/239
f 234/414/240 242/426/252 243/427/241
f 235/428/242 243/440/254 244/429/243
f 244/429/243 245/442/256 237/430/244
f 245/431/245 246/432/258 238/420/246
f 246/432/247 247/445/248 239/433/236
f 247/434/248 248/435/249 240/423/237
f 248/435/249 256/3975/261 249/436/250
f 241/437/238 249/450/250 250/438/251
f 242/426/252 250/438/264 251/439/253
f 243/440/254 251/3976/266 252/441/255
f 252/441/255 253/3977/268 245/442/256
f 253/443/257 254/444/270 246/432/258
f 254/444/259 255/459/260 247/445/248
f 255/446/260 256/3975/261 248/435/249
f 256/447/261 265/463/274 257/448/262
f 249/450/250 257/465/262 258/451/263
f 250/438/264 258/451/276 259/452/265
f 251/453/266 259/467/265 260/454/267
f 260/454/267 261/469/269 253/456/268
f 261/457/269 262/458/280 254/444/270
f 262/458/271 263/472/272 255/459/260
f 263/460/272 265/463/274 256/447/261
f 264/462/273 266/474/275 257/448/262
f 266/464/275 273/476/284 258/451/263
f 258/451/276 273/476/286 267/466/277
f 259/467/265 267/479/277 268/468/278
f 268/468/278 269/481/279 261/469/269
f 269/470/279 278/483/290 262/458/280
f 262/458/271 278/483/291 270/471/281
f 263/460/272 270/485/281 264/462/273
f 271/473/282 272/487/283 266/474/275
f 272/475/283 274/477/295 273/476/284
f 274/477/285 275/490/297 267/466/277
f 275/478/287 284/492/299 268/468/278
f 268/468/278 284/492/299 276/480/288
f 269/470/279 276/494/301 277/482/289
f 278/483/291 277/482/303 279/484/292
f 270/485/281 279/497/292 271/473/282
f 280/486/293 281/499/294 272/487/283
f 281/488/294 282/489/307 274/477/295
f 282/489/296 283/502/309 275/490/297
f 283/491/298 292/504/311 284/492/299
f 284/492/299 292/504/311 285/493/300
f 276/494/301 285/506/313 286/495/302
f 277/482/303 286/495/315 287/496/304
f 279/497/292 287/509/304 280/486/293
f 288/498/305 289/3978/306 281/499/294
f 289/500/306 290/501/319 282/489/307
f 290/501/308 291/515/321 283/502/309
f 291/503/310 300/3979/323 292/504/311
f 292/504/311 300/3979/323 293/505/312
f 285/506/313 293/521/325 294/507/314
f 286/495/315 294/507/327 295/508/316
f 287/509/304 295/3980/316 288/498/305
f 296/510/317 297/526/318 289/511/306
f 297/513/318 298/514/331 290/501/319
f 298/514/320 299/529/333 291/515/321
f 299/516/322 308/531/335 300/517/323
f 300/517/323 308/531/335 301/519/324
f 293/521/325 301/533/337 302/522/326
f 294/507/327 302/522/339 303/523/328
f 295/524/316 303/536/328 296/510/317
f 304/525/329 305/537/330 297/526/318
f 305/527/330 306/528/201 298/514/331
f 306/528/332 307/538/341 299/529/333
f 307/530/334 312/539/342 308/531/335
f 308/531/335 312/539/342 309/532/336
f 301/533/337 309/540/343 310/534/338
f 302/522/339 310/534/205 311/535/340
f 303/536/328 311/541/340 304/525/329
f 105/218/54 107/220/56 305/537/330
f 107/221/56 109/223/58 306/528/201
f 109/223/59 111/225/59 307/538/341
f 111/226/61 113/228/63 312/539/342
f 312/539/342 113/228/63 114/229/64
f 309/540/343 114/232/66 116/231/66
f 310/534/205 116/231/69 118/234/68
f 311/541/340 118/236/68 105/218/54
f 313/542/344 328/561/361 314/543/345
f 315/545/346 314/563/345 316/546/347
f 317/547/349 316/546/364 318/548/350
f 319/550/351 318/566/365 320/551/352
f 320/551/352 323/568/355 322/553/354
f 323/554/355 325/557/367 324/555/356
f 325/557/357 327/571/360 326/558/358
f 327/559/360 328/561/361 313/542/344
f 328/561/361 336/573/370 329/562/362
f 314/563/345 329/575/362 330/564/363
f 316/546/364 330/564/373 331/565/227
f 318/566/365 331/578/375 332/567/366
f 332/567/366 333/580/377 323/568/355
f 333/569/235 334/570/379 325/557/367
f 334/570/368 335/583/369 327/571/360
f 335/572/369 336/573/370 328/561/361
f 336/573/370 344/585/382 337/574/371
f 329/575/362 337/587/371 338/576/372
f 330/564/373 338/576/385 339/577/374
f 331/578/375 339/590/387 340/579/376
f 340/579/376 341/592/389 333/580/377
f 341/581/378 342/582/391 334/570/379
f 342/582/380 343/595/381 335/583/369
f 343/584/381 344/585/382 336/573/370
f 344/585/382 352/3981/394 345/586/383
f 337/587/371 345/600/383 346/588/384
f 338/576/385 346/588/397 347/589/386
f 339/590/387 347/603/399 348/591/388
f 348/591/388 349/3982/401 341/592/389
f 349/593/390 350/594/403 342/582/391
f 350/594/392 351/610/393 343/595/381
f 351/596/393 352/3981/394 344/585/382
f 352/597/394 360/613/406 353/598/395
f 345/600/383 353/615/395 354/601/396
f 346/588/397 354/601/409 355/602/398
f 347/603/399 355/3983/411 356/604/400
f 356/605/400 357/620/413 349/606/401
f 357/608/402 358/609/415 350/594/403
f 358/609/404 359/623/405 351/610/393
f 359/611/405 360/613/406 352/597/394
f 360/613/406 369/626/419 361/614/407
f 353/615/395 361/628/407 362/616/408
f 354/601/409 362/616/422 363/617/410
f 355/618/411 363/631/410 364/619/412
f 364/619/412 365/633/414 357/620/413
f 365/621/414 366/622/426 358/609/415
f 366/622/416 367/636/417 359/623/405
f 367/624/417 369/626/419 360/613/406
f 368/625/418 370/638/420 361/614/407
f 370/627/420 371/629/430 362/616/408
f 371/629/421 372/641/423 363/617/410
f 372/630/423 380/643/433 364/619/412
f 364/619/412 380/643/433 373/632/424
f 365/621/414 373/645/424 374/634/425
f 366/622/416 374/634/436 375/635/427
f 367/624/417 375/648/427 368/625/418
f 376/637/428 377/650/429 370/638/420
f 377/639/429 378/640/440 371/629/430
f 378/640/431 379/653/442 372/641/423
f 379/642/432 388/655/444 380/643/433
f 380/643/433 388/655/444 381/644/434
f 373/645/424 381/657/446 382/646/435
f 374/634/436 382/646/448 383/647/437
f 375/648/427 383/660/437 376/637/428
f 384/649/438 385/3984/439 377/650/429
f 385/651/439 386/652/452 378/640/440
f 386/652/441 387/666/454 379/653/442
f 387/654/443 396/3985/456 388/655/444
f 388/655/444 396/3985/456 389/656/445
f 381/657/446 389/672/458 390/658/447
f 382/646/448 390/658/460 391/659/449
f 383/660/437 391/3986/449 384/649/438
f 392/661/450 393/677/451 385/662/439
f 393/664/451 394/665/464 386/652/452
f 394/665/453 395/680/466 387/666/454
f 395/667/455 404/682/468 396/668/456
f 396/668/456 404/682/468 397/670/457
f 389/672/458 397/684/470 398/673/459
f 390/658/460 398/673/472 399/674/461
f 391/675/449 399/687/461 392/661/450
f 400/676/462 401/689/463 393/677/451
f 401/678/463 402/679/476 394/665/464
f 402/679/465 403/692/478 395/680/466
f 403/681/467 412/694/480 404/682/468
f 404/682/468 412/694/480 405/683/469
f 397/684/470 405/696/482 406/685/471
f 398/673/472 406/685/484 407/686/473
f 399/687/461 407/699/473 400/676/462
f 408/688/474 409/701/475 401/689/463
f 409/690/475 410/691/487 402/679/476
f 410/691/477 411/704/488 403/692/478
f 411/693/479 420/706/490 412/694/480
f 412/694/480 420/706/490 413/695/481
f 405/696/482 413/708/492 414/697/483
f 406/685/484 414/697/493 415/698/485
f 407/699/473 415/711/485 408/688/474
f 416/700/353 417/713/486 409/701/475
f 417/702/486 418/703/349 410/691/487
f 418/703/348 419/716/348 411/704/488
f 419/705/489 428/718/344 420/706/490
f 420/706/490 428/718/344 421/707/491
f 413/708/492 421/720/359 422/709/359
f 414/697/493 422/709/356 423/710/494
f 415/711/485 423/723/494 416/700/353
f 416/700/353 432/724/499 424/712/495
f 417/702/486 424/726/495 425/714/350
f 418/703/348 425/714/502 426/715/347
f 419/705/489 426/729/504 427/717/496
f 427/717/496 429/731/506 421/707/491
f 429/719/357 430/721/507 422/709/359
f 430/721/497 431/734/498 423/710/494
f 431/722/498 432/724/499 416/700/353
f 432/724/499 440/736/510 433/725/500
f 424/726/495 433/738/500 434/727/501
f 425/714/502 434/727/513 435/728/503
f 426/729/504 435/741/515 436/730/505
f 436/730/505 437/743/517 429/731/506
f 437/732/93 438/733/519 430/721/507
f 438/733/508 439/746/509 431/734/498
f 439/735/509 440/736/510 432/724/499
f 440/736/510 448/748/522 441/737/511
f 433/738/500 441/750/511 442/739/512
f 434/727/513 442/739/525 443/740/514
f 435/741/515 443/753/527 444/742/516
f 444/742/516 445/755/529 437/743/517
f 445/744/518 446/745/531 438/733/519
f 446/745/520 447/758/521 439/746/509
f 447/747/521 448/748/522 440/736/510
f 448/748/522 456/760/534 449/749/523
f 441/750/511 449/762/523 450/751/524
f 442/739/525 450/751/537 451/752/526
f 443/753/527 451/3987/539 452/754/528
f 452/754/528 453/3988/541 445/755/529
f 453/756/530 454/757/543 446/745/531
f 454/757/532 455/771/533 447/758/521
f 455/759/533 456/760/534 448/748/522
f 456/760/534 464/3989/546 457/761/535
f 449/762/523 457/778/535 458/763/536
f 450/751/537 458/763/549 459/764/538
f 451/765/539 459/781/551 460/766/540
f 460/766/540 461/783/553 453/768/541
f 461/769/542 462/770/555 454/757/543
f 462/770/544 463/786/545 455/771/533
f 463/772/545 464/775/546 456/773/534
f 464/775/546 473/789/559 465/776/547
f 457/778/535 465/791/547 466/779/548
f 458/763/549 466/779/562 467/780/550
f 459/781/551 467/794/550 468/782/552
f 468/782/552 469/796/554 461/783/553
f 469/784/554 470/785/566 462/770/555
f 470/785/556 471/799/557 463/786/545
f 471/787/557 473/789/559 464/775/546
f 472/788/558 474/801/560 465/776/547
f 474/790/560 475/792/570 466/779/548
f 475/792/561 476/804/563 467/780/550
f 476/793/563 484/806/573 468/782/552
f 468/782/552 484/806/573 477/795/564
f 469/784/554 477/808/564 478/797/565
f 470/785/556 478/797/576 479/798/567
f 471/787/557 479/811/567 472/788/558
f 480/800/568 481/813/569 474/801/560
f 481/802/569 482/803/580 475/792/570
f 482/803/571 483/816/582 476/804/563
f 483/805/572 492/818/584 484/806/573
f 484/806/573 492/818/584 485/807/574
f 477/808/564 485/820/586 486/809/575
f 478/797/576 486/809/588 487/810/577
f 479/811/567 487/823/577 480/800/568
f 488/812/578 489/3990/579 481/813/569
f 489/814/579 490/815/592 482/803/580
f 490/815/581 491/829/594 483/816/582
f 491/817/583 500/3991/596 492/818/584
f 492/818/584 500/3991/596 493/819/585
f 485/820/586 493/835/598 494/821/587
f 486/809/588 494/821/600 495/822/589
f 487/823/577 495/3992/589 488/812/578
f 496/824/590 497/840/591 489/825/579
f 497/827/591 498/828/604 490/815/592
f 498/828/593 499/843/606 491/829/594
f 499/830/595 508/845/608 500/831/596
f 500/831/596 508/845/608 501/833/597
f 493/835/598 501/847/610 502/836/599
f 494/821/600 502/836/612 503/837/601
f 495/838/589 503/850/601 496/824/590
f 504/839/602 505/852/603 497/840/591
f 505/841/603 506/842/616 498/828/604
f 506/842/605 507/855/618 499/843/606
f 507/844/607 516/857/620 508/845/608
f 508/845/608 516/857/620 509/846/609
f 501/847/610 509/859/622 510/848/611
f 502/836/612 510/848/624 511/849/613
f 503/850/601 511/862/613 504/839/602
f 512/851/614 513/863/615 505/852/603
f 513/853/615 514/854/488 506/842/616
f 514/854/617 515/864/487 507/855/618
f 515/856/619 520/865/626 516/857/620
f 516/857/620 520/865/626 517/858/621
f 509/859/622 517/866/493 518/860/623
f 510/848/624 518/860/492 519/861/625
f 511/862/613 519/867/625 512/851/614
f 313/542/344 315/544/346 513/863/615
f 315/545/346 317/547/348 514/854/488
f 317/547/349 319/549/349 515/864/487
f 319/550/351 321/552/353 520/865/626
f 520/865/626 321/552/353 322/553/354
f 517/866/493 322/556/354 324/555/356
f 518/860/492 324/555/359 326/558/358
f 519/867/625 326/560/358 313/542/344
f 521/868/627 536/887/644 522/869/628
f 523/871/629 522/889/628 524/872/630
f 525/873/632 524/872/647 526/874/633
f 527/876/634 526/892/649 528/877/635
f 528/877/635 531/894/651 530/879/637
f 531/880/638 533/883/653 532/881/639
f 533/883/640 535/897/643 534/884/641
f 535/885/643 536/887/644 521/868/627
f 536/887/644 544/899/656 537/888/645
f 522/889/628 537/901/645 538/890/646
f 524/872/647 538/890/659 539/891/648
f 526/892/649 539/904/661 540/893/650
f 540/893/650 541/906/663 531/894/651
f 541/895/652 542/896/665 533/883/653
f 542/896/654 543/909/655 535/897/643
f 543/898/655 544/899/656 536/887/644
f 544/899/656 552/924/668 545/900/657
f 537/901/645 545/914/657 546/902/658
f 538/890/659 546/902/671 547/903/660
f 539/904/661 547/917/673 548/905/662
f 548/905/662 549/919/675 541/906/663
f 549/907/664 550/908/677 542/896/665
f 550/908/666 551/922/667 543/909/655
f 551/910/667 552/924/668 544/899/656
f 552/911/668 560/925/680 553/912/669
f 545/914/657 553/927/669 554/915/670
f 546/902/671 554/915/683 555/916/672
f 547/917/673 555/3993/685 556/918/674
f 556/918/674 557/3994/687 549/919/675
f 557/920/676 558/921/689 550/908/677
f 558/921/678 559/936/679 551/922/667
f 559/923/679 560/3995/680 552/924/668
f 560/925/680 568/939/692 561/926/681
f 553/927/669 561/941/681 562/928/682
f 554/915/683 562/928/695 563/929/684
f 555/930/685 563/944/697 564/931/686
f 564/931/686 565/946/699 557/933/687
f 565/934/688 566/935/701 558/921/689
f 566/935/690 567/949/691 559/936/679
f 567/937/691 568/939/692 560/925/680
f 568/939/692 577/952/705 569/940/693
f 561/941/681 569/953/693 570/942/694
f 562/928/695 570/942/708 571/943/696
f 563/944/697 571/956/696 572/945/698
f 572/945/698 573/958/700 565/946/699
f 573/947/700 574/948/712 566/935/701
f 574/948/702 575/960/703 567/949/691
f 575/950/703 577/952/705 568/939/692
f 576/951/704 583/962/715 569/940/693
f 569/953/693 583/964/715 578/954/706
f 578/954/707 579/966/709 571/943/696
f 579/955/709 587/968/719 572/945/698
f 572/945/698 587/968/719 580/957/710
f 573/947/700 580/970/710 581/959/711
f 581/959/713 591/973/723 575/960/703
f 575/950/703 591/974/723 576/951/704
f 582/961/714 584/976/716 583/962/715
f 584/963/716 585/965/726 578/954/706
f 585/965/717 586/979/728 579/966/709
f 586/967/718 596/981/730 587/968/719
f 587/968/719 596/981/730 588/969/720
f 580/970/710 588/983/732 589/971/721
f 581/959/713 589/971/734 590/972/722
f 591/974/723 590/986/722 582/961/714
f 592/975/724 593/3996/725 584/976/716
f 593/977/725 594/978/738 585/965/726
f 594/978/727 595/992/740 586/979/728
f 595/980/729 604/3997/742 596/981/730
f 596/981/730 604/3997/742 597/982/731
f 588/983/732 597/998/744 598/984/733
f 589/971/734 598/984/746 599/985/735
f 590/986/722 599/3998/735 592/975/724
f 600/987/736 601/1003/737 593/988/725
f 601/990/737 602/991/750 594/978/738
f 602/991/739 603/1006/752 595/992/740
f 603/993/741 612/1008/754 604/994/742
f 604/994/742 612/1008/754 605/996/743
f 597/998/744 605/1010/756 606/999/745
f 598/984/746 606/999/758 607/1000/747
f 599/1001/735 607/1013/747 600/987/736
f 608/1002/748 609/1015/749 601/1003/737
f 609/1004/749 610/1005/762 602/991/750
f 610/1005/751 611/1018/764 603/1006/752
f 611/1007/753 620/1020/766 612/1008/754
f 612/1008/754 620/1020/766 613/1009/755
f 605/1010/756 613/1022/768 614/1011/757
f 606/999/758 614/1011/770 615/1012/759
f 607/1013/747 615/1025/759 608/1002/748
f 616/1014/760 617/1027/761 609/1015/749
f 617/1016/761 618/1017/773 610/1005/762
f 618/1017/763 619/1030/763 611/1018/764
f 619/1019/765 628/1032/775 620/1020/766
f 620/1020/766 628/1032/775 621/1021/767
f 613/1022/768 621/1034/769 622/1023/769
f 614/1011/770 622/1023/777 623/1024/771
f 615/1025/759 623/1037/771 616/1014/760
f 624/1026/636 625/1039/772 617/1027/761
f 625/1028/772 626/1029/632 618/1017/773
f 626/1029/631 627/1042/631 619/1030/763
f 627/1031/774 636/1044/627 628/1032/775
f 628/1032/775 636/1044/627 629/1033/776
f 621/1034/769 629/1046/642 630/1035/642
f 622/1023/777 630/1035/639 631/1036/639
f 623/1037/771 631/1049/637 624/1026/636
f 624/1026/636 640/1050/781 632/1038/778
f 625/1028/772 632/1052/778 633/1040/633
f 626/1029/631 633/1040/363 634/1041/630
f 627/1031/774 634/1055/785 635/1043/779
f 635/1043/779 637/1057/787 629/1033/776
f 637/1045/640 638/1047/368 630/1035/642
f 638/1047/638 639/1060/780 631/1036/639
f 639/1048/780 640/1050/781 624/1026/636
f 640/1050/781 648/1062/791 641/1051/782
f 632/1052/778 641/1064/782 642/1053/783
f 633/1040/363 642/1053/794 643/1054/784
f 634/1055/785 643/1067/796 644/1056/786
f 644/1056/786 645/1069/798 637/1057/787
f 645/1058/788 646/1059/800 638/1047/368
f 646/1059/789 647/1072/790 639/1060/780
f 647/1061/790 648/1062/791 640/1050/781
f 648/1062/791 656/1074/803 649/1063/792
f 641/1064/782 649/1076/792 650/1065/793
f 642/1053/794 650/1065/806 651/1066/795
f 643/1067/796 651/3999/808 652/1068/797
f 652/1068/797 653/1083/810 645/1069/798
f 653/1070/799 654/1071/812 646/1059/800
f 654/1071/801 655/1086/802 647/1072/790
f 655/1073/802 656/1074/803 648/1062/791
f 656/1074/803 664/4000/815 657/1075/804
f 649/1076/792 657/1091/804 658/1077/805
f 650/1065/806 658/1077/818 659/1078/807
f 651/1079/808 659/1094/820 660/1080/809
f 660/1082/809 661/4001/822 653/1083/810
f 661/1084/811 662/1085/824 654/1071/812
f 662/1085/813 663/1099/814 655/1086/802
f 663/1087/814 664/4000/815 656/1074/803
f 664/1088/815 672/1102/827 665/1089/816
f 657/1091/804 665/1104/816 666/1092/817
f 658/1077/818 666/1092/830 667/1093/819
f 659/1094/820 667/1107/832 668/1095/821
f 668/1095/821 669/1109/834 661/1096/822
f 669/1097/823 670/1098/836 662/1085/824
f 670/1098/825 671/1112/826 663/1099/814
f 671/1100/826 672/1102/827 664/1088/815
f 672/1102/827 680/1114/839 673/1103/828
f 665/1104/816 673/1116/828 674/1105/829
f 666/1092/830 674/1105/842 675/1106/831
f 667/1107/832 675/1119/831 676/1108/833
f 676/1108/833 677/1121/835 669/1109/834
f 677/1110/835 678/1111/846 670/1098/836
f 678/1111/837 679/1124/838 671/1112/826
f 679/1113/838 680/1114/839 672/1102/827
f 680/1114/839 689/1127/850 681/1115/840
f 673/1116/828 681/1129/840 682/1117/841
f 674/1105/842 682/1117/853 683/1118/843
f 675/1119/831 683/1132/843 684/1120/844
f 684/1120/844 685/1134/845 677/1121/835
f 685/1122/845 686/1123/857 678/1111/846
f 686/1123/847 687/1137/848 679/1124/838
f 687/1125/848 689/1127/850 680/1114/839
f 688/1126/849 690/1139/851 681/1115/840
f 690/1128/851 691/1130/861 682/1117/841
f 691/1130/852 692/1142/863 683/1118/843
f 692/1131/854 700/1144/865 684/1120/844
f 684/1120/844 700/1144/865 693/1133/855
f 685/1122/845 693/1146/867 694/1135/856
f 686/1123/847 694/1135/869 695/1136/858
f 687/1125/848 695/1149/858 688/1126/849
f 696/1138/859 697/4002/860 690/1139/851
f 697/1140/860 698/1141/873 691/1130/861
f 698/1141/862 699/1155/875 692/1142/863
f 699/1143/864 708/4003/877 700/1144/865
f 700/1144/865 708/4003/877 701/1145/866
f 693/1146/867 701/1161/879 702/1147/868
f 694/1135/869 702/1147/881 703/1148/870
f 695/1149/858 703/4004/870 696/1138/859
f 704/1150/871 705/1166/872 697/1151/860
f 705/1153/872 706/1154/885 698/1141/873
f 706/1154/874 707/1169/887 699/1155/875
f 707/1156/876 716/1171/889 708/1157/877
f 708/1157/877 716/1171/889 709/1159/878
f 701/1161/879 709/1173/891 710/1162/880
f 702/1147/881 710/1162/893 711/1163/882
f 703/1164/870 711/1176/882 704/1150/871
f 712/1165/883 713/1178/884 705/1166/872
f 713/1167/884 714/1168/897 706/1154/885
f 714/1168/886 715/1181/898 707/1169/887
f 715/1170/888 724/1183/900 716/1171/889
f 716/1171/889 724/1183/900 717/1172/890
f 709/1173/891 717/1185/902 718/1174/892
f 710/1162/893 718/1174/903 719/1175/894
f 711/1176/882 719/1188/894 712/1165/883
f 720/1177/895 721/1189/896 713/1178/884
f 721/1179/896 722/1180/763 714/1168/897
f 722/1180/773 723/1190/773 715/1181/898
f 723/1182/899 728/1191/905 724/1183/900
f 724/1183/900 728/1191/905 725/1184/901
f 717/1185/902 725/1192/777 726/1186/777
f 718/1174/903 726/1186/769 727/1187/904
f 719/1188/894 727/1193/904 720/1177/895
f 521/868/627 523/870/629 721/1189/896
f 523/871/629 525/873/631 722/1180/763
f 525/873/632 527/875/632 723/1190/773
f 527/876/634 529/878/636 728/1191/905
f 728/1191/905 529/878/636 530/879/637
f 725/1192/777 530/882/639 532/881/639
f 726/1186/769 532/881/642 534/884/641
f 727/1193/904 534/886/641 521/868/627
f 729/1194/906 744/1213/923 730/1195/907
f 731/1197/908 730/1215/907 732/1198/909
f 733/1199/911 732/1198/926 734/1200/912
f 735/1202/913 734/1218/912 736/1203/914
f 736/1203/914 739/1220/929 738/1205/916
f 739/1206/917 741/1209/917 740/1207/918
f 741/1209/919 743/1223/922 742/1210/920
f 743/1211/922 744/1213/923 729/1194/906
f 744/1213/923 752/1238/933 745/1214/924
f 730/1215/907 745/1228/924 746/1216/925
f 732/1198/926 746/1216/927 747/1217/927
f 734/1218/912 747/1231/937 748/1219/928
f 748/1219/928 749/1233/939 739/1220/929
f 749/1221/930 750/1222/930 741/1209/917
f 750/1222/931 751/1236/932 743/1223/922
f 751/1224/932 752/1238/933 744/1213/923
f 752/1225/933 760/1239/943 753/1226/934
f 745/1228/924 753/1241/934 754/1229/935
f 746/1216/927 754/1229/946 755/1230/936
f 747/1231/937 755/4005/948 756/1232/938
f 756/1232/938 757/4006/950 749/1233/939
f 757/1234/940 758/1235/952 750/1222/930
f 758/1235/941 759/1250/942 751/1236/932
f 759/1237/942 760/4007/943 752/1238/933
f 760/1239/943 768/1253/955 761/1240/944
f 753/1241/934 761/1255/944 762/1242/945
f 754/1229/946 762/1242/958 763/1243/947
f 755/1244/948 763/1258/960 764/1245/949
f 764/1245/949 765/1260/962 757/1247/950
f 765/1248/951 766/1249/964 758/1235/952
f 766/1249/953 767/1263/954 759/1250/942
f 767/1251/954 768/1253/955 760/1239/943
f 768/1253/955 776/1265/967 769/1254/956
f 761/1255/944 769/1267/956 770/1256/957
f 762/1242/958 770/1256/970 771/1257/959
f 763/1258/960 771/1270/972 772/1259/961
f 772/1259/961 773/1272/974 765/1260/962
f 773/1261/963 774/1262/976 766/1249/964
f 774/1262/965 775/1275/966 767/1263/954
f 775/1264/966 776/1265/967 768/1253/955
f 776/1265/967 784/1277/979 777/1266/968
f 769/1267/956 777/1279/968 778/1268/969
f 770/1256/970 778/1268/982 779/1269/971
f 771/1270/972 779/1282/971 780/1271/973
f 780/1271/973 781/1284/975 773/1272/974
f 781/1273/975 782/1274/986 774/1262/976
f 782/1274/977 783/1287/978 775/1275/966
f 783/1276/978 784/1277/979 776/1265/967
f 784/1277/979 793/1290/990 785/1278/980
f 777/1279/968 785/1292/980 786/1280/981
f 778/1268/982 786/1280/993 787/1281/983
f 779/1282/971 787/1295/983 788/1283/984
f 788/1283/984 789/1297/985 781/1284/975
f 789/1285/985 790/1286/997 782/1274/986
f 790/1286/987 791/1300/988 783/1287/978
f 791/1288/988 793/1290/990 784/1277/979
f 792/1289/989 794/4008/991 785/1278/980
f 794/1291/991 795/1293/1001 786/1280/981
f 795/1293/992 796/1306/1003 787/1281/983
f 796/1294/994 804/4009/1005 788/1283/984
f 788/1283/984 804/4009/1005 797/1296/995
f 789/1285/985 797/1312/1007 798/1298/996
f 790/1286/987 798/1298/1009 799/1299/998
f 791/1288/988 799/1315/998 792/1289/989
f 800/1301/999 801/1318/1000 794/1302/991
f 801/1304/1000 802/1305/1013 795/1293/1001
f 802/1305/1002 803/1321/1015 796/1306/1003
f 803/1307/1004 812/1323/1017 804/1308/1005
f 804/1308/1005 812/1323/1017 805/1310/1006
f 797/1312/1007 805/1325/1019 806/1313/1008
f 798/1298/1009 806/1313/1021 807/1314/1010
f 799/1315/998 807/4010/1010 800/1316/999
f 808/1317/1011 809/1330/1012 801/1318/1000
f 809/1319/1012 810/1320/1025 802/1305/1013
f 810/1320/1014 811/1333/1027 803/1321/1015
f 811/1322/1016 820/1335/1029 812/1323/1017
f 812/1323/1017 820/1335/1029 813/1324/1018
f 805/1325/1019 813/1337/1031 814/1326/1020
f 806/1313/1021 814/1326/1033 815/1327/1022
f 807/1328/1010 815/1340/1022 808/1317/1011
f 816/1329/1023 817/1342/1024 809/1330/1012
f 817/1331/1024 818/1332/1037 810/1320/1025
f 818/1332/1026 819/1345/1039 811/1333/1027
f 819/1334/1028 828/1347/1041 820/1335/1029
f 820/1335/1029 828/1347/1041 821/1336/1030
f 813/1337/1031 821/1349/1043 822/1338/1032
f 814/1326/1033 822/1338/1045 823/1339/1034
f 815/1340/1022 823/1352/1034 816/1329/1023
f 824/1341/1035 825/1354/1036 817/1342/1024
f 825/1343/1036 826/1344/1048 818/1332/1037
f 826/1344/1038 827/1357/1040 819/1345/1039
f 827/1346/1040 836/1359/1050 828/1347/1041
f 828/1347/1041 836/1359/1050 829/1348/1042
f 821/1349/1043 829/1361/1044 830/1350/1044
f 822/1338/1045 830/1350/1052 831/1351/1046
f 823/1352/1034 831/1364/1046 824/1341/1035
f 832/1353/915 833/1366/1047 825/1354/1036
f 833/1355/1047 834/1356/911 826/1344/1048
f 834/1356/910 835/1369/1049 827/1357/1040
f 835/1358/1049 844/1371/906 836/1359/1050
f 836/1359/1050 844/1371/906 837/1360/1051
f 829/1361/1044 837/1373/921 838/1362/921
f 830/1350/1052 838/1362/918 839/1363/1053
f 831/1364/1046 839/1376/1053 832/1353/915
f 832/1353/915 848/1377/1061 840/1365/1054
f 833/1355/1047 840/1379/1054 841/1367/1055
f 834/1356/910 841/1367/1056 842/1368/1056
f 835/1358/1049 842/1382/1065 843/1370/1057
f 843/1370/1057 845/1384/1067 837/1360/1051
f 845/1372/1058 846/1374/1069 838/1362/921
f 846/1374/1059 847/1387/1060 839/1363/1053
f 847/1375/1060 848/1377/1061 832/1353/915
f 848/1377/1061 856/1389/1072 849/1378/1062
f 840/1379/1054 849/1391/1062 850/1380/1063
f 841/1367/1056 850/1380/1075 851/1381/1064
f 842/1382/1065 851/4011/1077 852/1383/1066
f 852/1383/1066 853/1398/1079 845/1384/1067
f 853/1385/1068 854/1386/1081 846/1374/1069
f 854/1386/1070 855/1401/1071 847/1387/1060
f 855/1388/1071 856/1389/1072 848/1377/1061
f 856/1389/1072 864/4012/1084 857/1390/1073
f 849/1391/1062 857/1406/1073 858/1392/1074
f 850/1380/1075 858/1392/1087 859/1393/1076
f 851/1394/1077 859/1409/1089 860/1395/1078
f 860/1397/1078 861/4013/1091 853/1398/1079
f 861/1399/1080 862/1400/1093 854/1386/1081
f 862/1400/1082 863/1414/1083 855/1401/1071
f 863/1402/1083 864/4012/1084 856/1389/1072
f 864/1403/1084 872/1417/1096 865/1404/1085
f 857/1406/1073 865/1419/1085 866/1407/1086
f 858/1392/1087 866/1407/1099 867/1408/1088
f 859/1409/1089 867/1422/1101 868/1410/1090
f 868/1410/1090 869/1424/1103 861/1411/1091
f 869/1412/1092 870/1413/1105 862/1400/1093
f 870/1413/1094 871/1427/1095 863/1414/1083
f 871/1415/1095 872/1417/1096 864/1403/1084
f 872/1417/1096 880/1429/1108 873/1418/1097
f 865/1419/1085 873/1431/1097 874/1420/1098
f 866/1407/1099 874/1420/1111 875/1421/1100
f 867/1422/1101 875/1434/1113 876/1423/1102
f 876/1423/1102 877/1436/1115 869/1424/1103
f 877/1425/1104 878/1426/1117 870/1413/1105
f 878/1426/1106 879/1439/1107 871/1427/1095
f 879/1428/1107 880/1429/1108 872/1417/1096
f 880/1429/1108 889/1442/1121 881/1430/1109
f 873/1431/1097 881/1444/1109 882/1432/1110
f 874/1420/1111 882/1432/1124 883/1433/1112
f 875/1434/1113 883/1446/1112 884/1435/1114
f 884/1435/1114 885/1448/1116 877/1436/1115
f 885/1437/1116 886/1438/1127 878/1426/1117
f 886/1438/1118 887/1451/1119 879/1439/1107
f 887/1440/1119 889/1442/1121 880/1429/1108
f 888/1441/1120 890/1454/1122 881/1430/1109
f 890/1443/1122 891/1445/1131 882/1432/1110
f 891/1445/1123 898/1457/1133 883/1433/1112
f 883/1446/1112 898/1459/1133 892/1447/1125
f 892/1447/1125 901/1461/1136 885/1448/1116
f 885/1437/1116 901/1462/1136 893/1449/1126
f 886/1438/1118 893/1449/1138 894/1450/1128
f 894/1452/1128 888/1441/1120 889/1442/1121
f 895/1453/1129 896/4014/1130 890/1454/1122
f 896/1455/1130 897/1456/1142 891/1445/1131
f 897/1456/1132 899/1470/1144 898/1457/1133
f 899/1458/1134 908/1474/1146 892/1447/1125
f 892/1447/1125 908/1474/1146 900/1460/1135
f 901/1462/1136 900/1476/1148 902/1463/1137
f 893/1449/1138 902/1463/1150 903/1464/1139
f 894/1452/1128 903/4015/1139 895/1453/1129
f 904/1465/1140 905/1481/1141 896/1466/1130
f 905/1468/1141 906/1469/1154 897/1456/1142
f 906/1469/1143 907/1484/1156 899/1470/1144
f 907/1471/1145 916/1486/1158 908/1472/1146
f 908/1474/1146 916/4016/1158 909/1475/1147
f 900/1476/1148 909/1489/1160 910/1477/1149
f 902/1463/1150 910/1477/1162 911/1478/1151
f 903/1479/1139 911/1492/1151 904/1465/1140
f 912/1480/1152 913/1494/1153 905/1481/1141
f 913/1482/1153 914/1483/1027 906/1469/1154
f 914/1483/1155 915/1497/1167 907/1484/1156
f 915/1485/1157 924/1499/1169 916/1486/1158
f 916/1486/1158 924/1499/1169 917/1487/1159
f 909/1489/1160 917/1501/1171 918/1490/1161
f 910/1477/1162 918/1490/1173 919/1491/1163
f 911/1492/1151 919/1504/1163 912/1480/1152
f 920/1493/1164 921/1506/1165 913/1494/1153
f 921/1495/1165 922/1496/1177 914/1483/1027
f 922/1496/1166 923/1509/1179 915/1497/1167
f 923/1498/1168 932/1511/1181 924/1499/1169
f 924/1499/1169 932/1511/1181 925/1500/1170
f 917/1501/1171 925/1513/1183 926/1502/1172
f 918/1490/1173 926/1502/1185 927/1503/1174
f 919/1504/1163 927/1516/1174 920/1493/1164
f 928/1505/1175 929/1517/1176 921/1506/1165
f 929/1507/1176 930/1508/1187 922/1496/1177
f 930/1508/1178 931/1518/1180 923/1509/1179
f 931/1510/1180 936/1519/1188 932/1511/1181
f 932/1511/1181 936/1519/1188 933/1512/1182
f 925/1513/1183 933/1520/1184 934/1514/1184
f 926/1502/1185 934/1514/1189 935/1515/1186
f 927/1516/1174 935/1521/1186 928/1505/1175
f 729/1194/906 731/1196/908 929/1517/1176
f 731/1197/908 733/1199/910 930/1508/1187
f 733/1199/911 735/1201/913 931/1518/1180
f 735/1202/913 737/1204/915 936/1519/1188
f 936/1519/1188 737/1204/915 738/1205/916
f 933/1520/1184 738/1208/918 740/1207/918
f 934/1514/1189 740/1207/921 742/1210/920
f 935/1521/1186 742/1212/920 729/1194/906
f 937/1522/1190 941/4017/1190 938/1523/1190
f 940/1525/1191 943/4018/1191 941/1526/1191
f 942/1528/1192 945/4019/1192 943/1529/1192
f 942/1531/1193 946/4020/1193 944/1532/1193
f 946/1534/1194 939/1524/1194 938/1523/1194
f 939/1538/1195 946/4021/1195 942/4022/1195
f 942/4022/1195 940/1536/1195 939/1538/1195
f 944/4023/1196 938/4024/1196 945/1541/1196
f 938/4024/1196 941/1539/1196 945/1541/1196
f 947/1542/1197 950/4025/1197 948/1543/1197
f 950/1545/1198 953/4026/1198 951/1546/1199
f 952/1548/1200 955/4027/1200 951/1549/1200
f 952/1551/1201 956/4028/1201 954/1552/1202
f 956/1554/1203 947/1542/1203 949/1544/1203
f 947/1558/1204 956/4029/1204 952/1556/1204
f 952/1556/1204 953/4030/1204 950/1557/1204
f 954/4031/1205 949/4032/1205 955/1561/1205
f 949/4032/1205 948/1559/1205 955/1561/1205
f 957/1562/1206 961/4033/1206 958/1563/1206
f 960/1565/1207 963/4034/1207 958/1566/1207
f 962/1568/1208 965/4035/1208 963/1569/1208
f 962/1571/1209 966/4036/1209 964/1572/1209
f 957/1562/1210 959/1564/1210 964/1574/1210
f 957/1578/1211 966/4037/1211 962/4038/1211
f 962/4038/1211 960/1576/1211 957/1578/1211
f 964/4039/1212 959/4040/1212 965/1581/1212
f 959/4040/1212 958/1579/1212 965/1581/1212
f 967/1582/1213 971/4041/1213 968/1583/1214
f 970/1585/1215 973/4042/1215 968/1586/1215
f 972/1588/1216 975/4043/1216 973/1589/1216
f 974/1591/1217 976/4044/1217 975/1592/1217
f 974/1594/1218 967/1582/1218 969/1584/1219
f 967/1598/1220 974/4045/1220 972/4046/1220
f 972/4046/1220 970/1596/1220 967/1598/1220
f 976/1601/1221 969/4047/1221 968/4048/1221
f 968/4048/1221 973/1599/1221 976/1601/1221
f 977/1602/3 984/1614/1222 978/1603/1222
f 979/1605/6 978/4049/1223 980/1606/1223
f 980/1608/1224 983/1619/1224 982/1609/8
f 983/1611/1225 984/1621/1225 977/1612/1
f 984/1614/1222 988/1622/1226 985/1615/1226
f 978/1603/1223 985/1615/1227 986/1616/1227
f 986/1618/1228 987/1626/1228 983/1619/1224
f 987/1620/1229 988/4050/1229 984/1621/1225
f 988/1622/1226 993/1630/1230 989/1623/1230
f 985/1615/1227 989/1623/1231 990/1624/1231
f 990/1625/1232 991/1627/1232 987/1626/1228
f 991/1627/1233 993/4051/1233 988/1628/1229
f 992/1629/1234 994/1631/1234 989/1623/1230
f 994/1631/1235 998/1639/1235 990/1624/1231
f 990/1625/1232 998/1641/1236 995/1632/1236
f 991/1633/1233 995/1643/1237 992/1634/1237
f 996/1636/1238 997/1645/1238 994/1637/1234
f 997/1638/1239 999/1647/1239 998/1639/1235
f 999/1640/1240 1000/1649/1240 995/1632/1236
f 1000/1642/1241 996/1636/1241 992/1634/1237
f 996/1636/1238 1005/4052/1242 1001/1644/1242
f 997/1638/1239 1001/1653/1243 1002/1646/1243
f 1002/1648/1244 1003/1650/1244 1000/1649/1240
f 1003/1650/1245 1005/1658/1245 996/1651/1241
f 1004/1652/1246 1006/1655/1246 1001/1653/1242
f 1006/1655/1247 1010/1663/1247 1002/1646/1243
f 1002/1648/1244 1010/4053/1248 1007/1656/1248
f 1003/1650/1245 1007/1656/1249 1004/1657/1249
f 1008/1659/1250 1009/1669/1254 1006/1660/1246
f 1009/1662/1251 1014/1671/1251 1010/1663/1247
f 1010/1664/1248 1014/1672/1252 1011/1665/1252
f 1007/1656/1249 1011/1674/1253 1008/1667/1253
f 1012/1668/6 1013/1677/6 1009/1669/1254
f 1013/1670/3 1018/1679/3 1014/1671/1251
f 1014/1672/1252 1018/1681/1 1015/1673/1
f 1011/1674/1253 1015/1683/8 1012/1675/8
f 1012/1668/6 1020/4054/1223 1016/1676/1255
f 1013/1670/3 1016/1686/1222 1017/1678/1222
f 1017/1680/1225 1019/1689/1225 1015/1673/1
f 1019/1682/1224 1020/1691/1224 1012/1675/8
f 1020/1684/1223 1024/1692/1227 1021/1685/1227
f 1016/1686/1222 1021/1685/1226 1022/1687/1226
f 1022/1688/1229 1023/4055/1229 1019/1689/1225
f 1023/1690/1228 1024/1698/1228 1020/1691/1224
f 1024/1692/1227 1029/1700/1256 1025/1693/1256
f 1021/1685/1226 1025/1693/1257 1026/1694/1257
f 1026/1695/1258 1027/1697/1258 1023/1690/1229
f 1027/1697/1259 1029/1706/1259 1024/1698/1228
f 1028/1699/1235 1030/1701/1235 1025/1693/1256
f 1030/1701/1234 1034/4056/1234 1026/1694/1257
f 1026/1702/1258 1034/1709/1237 1031/1703/1237
f 1027/1697/1259 1031/1713/1236 1028/1705/1236
f 1032/1707/1239 1033/1715/1239 1030/1701/1235
f 1033/1708/1238 1035/1711/1238 1034/1709/1234
f 1035/1711/1241 1036/4057/1241 1031/1703/1237
f 1036/1712/1240 1032/1720/1240 1028/1705/1236
f 1032/1707/1239 1041/1722/1260 1037/1714/1260
f 1033/1708/1238 1037/4058/1261 1038/1716/1261
f 1038/1717/1262 1039/1719/1262 1036/1712/1241
f 1039/1719/1263 1041/1727/1263 1032/1720/1240
f 1040/1721/1247 1042/1723/1247 1037/1714/1260
f 1042/1723/1246 1046/4059/1246 1038/1724/1261
f 1038/1717/1262 1046/1732/1249 1043/1725/1249
f 1039/1719/1263 1043/1725/1248 1040/1726/1248
f 1044/1728/1251 1045/1737/1251 1042/1723/1247
f 1045/1729/1250 1048/1738/1250 1046/1730/1246
f 1046/1732/1249 1048/1739/1253 1047/1733/1253
f 1043/1734/1248 1047/1740/1252 1044/1735/1252
f 977/1602/3 979/1604/3 1045/1737/1251
f 979/1605/6 981/1607/6 1048/1738/1250
f 1048/1739/1253 981/1610/8 982/1609/8
f 1047/1740/1252 982/1613/1 977/1612/1
f 1049/1741/1264 1053/4060/1264 1050/1742/1264
f 1052/1744/1265 1055/4061/1265 1053/1745/1265
f 1054/1747/1266 1056/1751/1266 1055/1748/1266
f 1051/1750/1267 1050/4062/1267 1056/1751/1267
f 1052/1752/1216 1049/4063/1216 1051/1753/1216
f 1053/1755/1200 1055/4064/1200 1056/1756/1200
f 1057/1758/8 1061/4065/8 1058/1759/8
f 1060/1761/6 1063/4066/6 1061/1762/6
f 1062/1764/3 1064/4067/3 1063/1765/3
f 1059/1767/1 1058/4068/1 1064/1768/1
f 1060/1770/52 1057/4069/52 1059/1771/52
f 1061/1773/53 1063/4070/53 1064/1774/53
f 1065/1776/1265 1069/4071/1265 1066/1777/1265
f 1068/1779/1264 1071/4072/1264 1069/1780/1264
f 1070/1782/1267 1072/1786/1267 1071/1783/1267
f 1067/1785/1266 1066/4073/1266 1072/1786/1266
f 1068/1787/1200 1065/4074/1200 1067/1788/1200
f 1069/1790/1216 1071/4075/1216 1072/1791/1216
f 1073/1793/6 1077/4076/6 1074/1794/6
f 1076/1796/8 1079/4077/8 1077/1797/8
f 1078/1799/1 1080/4078/1 1079/1800/1
f 1075/1802/3 1074/4079/3 1080/1803/3
f 1076/1805/53 1073/4080/53 1075/1806/53
f 1077/1808/52 1079/4081/52 1080/1809/52
f 1081/1811/1268 1084/4082/1268 1082/1812/1268
f 1084/1814/1269 1087/4083/1269 1085/1815/1269
f 1086/1817/1270 1088/4084/1270 1085/1818/1270
f 1081/1820/1271 1083/4085/1272 1088/1821/1272
f 1087/1823/1273 1084/4086/1273 1081/1824/1273
f 1083/1826/1274 1082/4087/2922 1085/1827/1274
f 1089/1829/1275 1093/4088/1275 1090/1830/1275
f 1092/1832/1276 1095/4089/1276 1093/1833/1276
f 1092/1835/1277 1096/4090/1277 1094/1836/1277
f 1096/1838/1278 1091/1831/1278 1090/1830/1278
f 1092/1840/1279 1089/4091/1279 1091/1841/1279
f 1090/1843/1280 1093/4092/1280 1095/1844/1280
f 1097/1846/1282 1112/1865/1299 1098/1847/1283
f 1099/1849/1284 1098/1867/1283 1100/1850/1285
f 1101/1851/1287 1100/1850/1288 1102/1852/1288
f 1103/1854/1289 1102/1870/1303 1104/1855/1290
f 1104/1855/1290 1107/1872/1305 1106/1857/1292
f 1107/1858/1293 1109/1861/1293 1108/1859/1294
f 1109/1861/1295 1111/1875/1298 1110/1862/1296
f 1111/1863/1298 1112/1865/1299 1097/1846/1282
f 1112/1865/1299 1120/1877/1309 1113/1866/1300
f 1098/1867/1283 1113/1879/1300 1114/1868/1301
f 1100/1850/1288 1114/1868/1312 1115/1869/1302
f 1102/1870/1303 1115/1882/1314 1116/1871/1304
f 1116/1871/1304 1117/1884/1316 1107/1872/1305
f 1117/1873/1306 1118/1874/1318 1109/1861/1293
f 1118/1874/1307 1119/1887/1308 1111/1875/1298
f 1119/1876/1308 1120/1877/1309 1112/1865/1299
f 1120/1877/1309 1128/1889/1321 1121/1878/1310
f 1113/1879/1300 1121/1891/1310 1122/1880/1311
f 1114/1868/1312 1122/1880/1324 1123/1881/1313
f 1115/1882/1314 1123/1894/1326 1124/1883/1315
f 1124/1883/1315 1125/1896/1328 1117/1884/1316
f 1125/1885/1317 1126/1886/1330 1118/1874/1318
f 1126/1886/1319 1127/1899/1320 1119/1887/1308
f 1127/1888/1320 1128/1889/1321 1120/1877/1309
f 1128/1889/1321 1136/1901/1333 1129/1890/1322
f 1121/1891/1310 1129/1903/1322 1130/1892/1323
f 1122/1880/1324 1130/1892/1336 1131/1893/1325
f 1123/1894/1326 1131/1906/1338 1132/1895/1327
f 1132/1895/1327 1133/1908/1340 1125/1896/1328
f 1133/1897/1329 1134/1898/1342 1126/1886/1330
f 1134/1898/1331 1135/1911/1332 1127/1899/1320
f 1135/1900/1332 1136/1901/1333 1128/1889/1321
f 1136/1901/1333 1144/4093/1345 1137/1902/1334
f 1129/1903/1322 1137/1916/1334 1138/1904/1335
f 1130/1892/1336 1138/1904/1348 1139/1905/1337
f 1131/1906/1338 1139/4094/1350 1140/1907/1339
f 1140/1907/1339 1141/4095/1352 1133/1908/1340
f 1141/1909/1341 1142/1910/1354 1134/1898/1342
f 1142/1910/1343 1143/1925/1344 1135/1911/1332
f 1143/1912/1344 1144/4093/1345 1136/1901/1333
f 1144/1913/1345 1152/1928/1357 1145/1914/1346
f 1137/1916/1334 1145/1931/1346 1146/1917/1347
f 1138/1904/1348 1146/1917/1360 1147/1918/1349
f 1139/1919/1350 1147/1933/1349 1148/1920/1351
f 1148/1920/1351 1149/1935/1353 1141/1922/1352
f 1149/1923/1353 1150/1924/1363 1142/1910/1354
f 1150/1924/1355 1151/1938/1356 1143/1925/1344
f 1151/1926/1356 1152/1928/1357 1144/1913/1345
f 1152/1928/1357 1159/1941/1366 1153/1929/1358
f 1153/1930/1358 1154/1932/1368 1146/1917/1347
f 1154/1932/1359 1162/1944/1370 1147/1918/1349
f 1147/1933/1349 1162/1946/1370 1155/1934/1361
f 1155/1934/1361 1165/1948/1373 1149/1935/1353
f 1149/1923/1353 1165/1949/1373 1156/1936/1362
f 1150/1924/1355 1156/1936/1375 1157/1937/1364
f 1157/1939/1364 1159/1941/1366 1152/1928/1357
f 1158/1940/1365 1160/1953/1367 1153/1929/1358
f 1160/1942/1367 1161/1943/1379 1154/1932/1368
f 1161/1943/1369 1163/1956/1381 1162/1944/1370
f 1163/1945/1371 1172/1958/1383 1155/1934/1361
f 1155/1934/1361 1172/1958/1383 1164/1947/1372
f 1165/1949/1373 1164/1960/1385 1166/1950/1374
f 1156/1936/1375 1166/1950/1387 1167/1951/1376
f 1157/1939/1364 1167/1963/1376 1158/1940/1365
f 1168/1952/1377 1169/1965/1378 1160/1953/1367
f 1169/1954/1378 1170/1955/1391 1161/1943/1379
f 1170/1955/1380 1171/1968/1393 1163/1956/1381
f 1171/1957/1382 1180/1970/1395 1172/1958/1383
f 1172/1958/1383 1180/1970/1395 1173/1959/1384
f 1164/1960/1385 1173/1972/1397 1174/1961/1386
f 1166/1950/1387 1174/1961/1399 1175/1962/1388
f 1167/1963/1376 1175/1975/1388 1168/1952/1377
f 1176/1964/1389 1177/4096/1390 1169/1965/1378
f 1177/1966/1390 1178/1967/1403 1170/1955/1391
f 1178/1967/1392 1179/1981/1405 1171/1968/1393
f 1179/1969/1394 1188/4097/1407 1180/1970/1395
f 1180/1970/1395 1188/4097/1407 1181/1971/1396
f 1173/1972/1397 1181/1987/1409 1182/1973/1398
f 1174/1961/1399 1182/1973/1411 1183/1974/1400
f 1175/1975/1388 1183/4098/1400 1176/1964/1389
f 1184/1976/1401 1185/1992/1402 1177/1977/1390
f 1185/1979/1402 1186/1980/1415 1178/1967/1403
f 1186/1980/1404 1187/1995/1417 1179/1981/1405
f 1187/1982/1406 1196/1997/1419 1188/1983/1407
f 1188/1983/1407 1196/1997/1419 1189/1985/1408
f 1181/1987/1409 1189/1999/1421 1190/1988/1410
f 1182/1973/1411 1190/1988/1423 1191/1989/1412
f 1183/1990/1400 1191/2002/1412 1184/1976/1401
f 1192/1991/1413 1193/2004/1414 1185/1992/1402
f 1193/1993/1414 1194/1994/1426 1186/1980/1415
f 1194/1994/1416 1195/2007/1416 1187/1995/1417
f 1195/1996/1418 1204/2009/1428 1196/1997/1419
f 1196/1997/1419 1204/2009/1428 1197/1998/1420
f 1189/1999/1421 1197/2011/1422 1198/2000/1422
f 1190/1988/1423 1198/2000/1430 1199/2001/1424
f 1191/2002/1412 1199/2014/1424 1192/1991/1413
f 1200/2003/1291 1201/2016/1425 1193/2004/1414
f 1201/2005/1425 1202/2006/1287 1194/1994/1426
f 1202/2006/1286 1203/2019/1286 1195/2007/1416
f 1203/2008/1427 1212/2021/1282 1204/2009/1428
f 1204/2009/1428 1212/2021/1282 1205/2010/1429
f 1197/2011/1422 1205/2023/1297 1206/2012/1297
f 1198/2000/1430 1206/2012/1294 1207/2013/1431
f 1199/2014/1424 1207/2026/1431 1200/2003/1291
f 1200/2003/1291 1216/2027/1439 1208/2015/1432
f 1201/2005/1425 1208/2029/1432 1209/2017/1433
f 1202/2006/1286 1209/2017/1434 1210/2018/1434
f 1203/2008/1427 1210/2032/1443 1211/2020/1435
f 1211/2020/1435 1213/2034/1445 1205/2010/1429
f 1213/2022/1436 1214/2024/1436 1206/2012/1297
f 1214/2024/1437 1215/2037/1438 1207/2013/1431
f 1215/2025/1438 1216/2027/1439 1200/2003/1291
f 1216/2027/1439 1224/2039/1449 1217/2028/1440
f 1208/2029/1432 1217/2041/1440 1218/2030/1441
f 1209/2017/1434 1218/2030/1452 1219/2031/1442
f 1210/2032/1443 1219/2044/1454 1220/2033/1444
f 1220/2033/1444 1221/2046/1456 1213/2034/1445
f 1221/2035/1446 1222/2036/1458 1214/2024/1436
f 1222/2036/1447 1223/2049/1448 1215/2037/1438
f 1223/2038/1448 1224/2039/1449 1216/2027/1439
f 1224/2039/1449 1232/2051/1461 1225/2040/1450
f 1217/2041/1440 1225/2053/1450 1226/2042/1451
f 1218/2030/1452 1226/2042/1464 1227/2043/1453
f 1219/2044/1454 1227/2056/1466 1228/2045/1455
f 1228/2045/1455 1229/2058/1468 1221/2046/1456
f 1229/2047/1457 1230/2048/1470 1222/2036/1458
f 1230/2048/1459 1231/2061/1460 1223/2049/1448
f 1231/2050/1460 1232/2051/1461 1224/2039/1449
f 1232/2051/1461 1240/2063/1473 1233/2052/1462
f 1225/2053/1450 1233/2065/1462 1234/2054/1463
f 1226/2042/1464 1234/2054/1476 1235/2055/1465
f 1227/2056/1466 1235/2068/1478 1236/2057/1467
f 1236/2057/1467 1237/2070/1480 1229/2058/1468
f 1237/2059/1469 1238/2060/1482 1230/2048/1470
f 1238/2060/1471 1239/2073/1472 1231/2061/1460
f 1239/2062/1472 1240/2063/1473 1232/2051/1461
f 1240/2063/1473 1248/4099/1485 1241/2064/1474
f 1233/2065/1462 1241/2078/1474 1242/2066/1475
f 1234/2054/1476 1242/2066/1488 1243/2067/1477
f 1235/2068/1478 1243/4100/1490 1244/2069/1479
f 1244/2069/1479 1245/4101/1492 1237/2070/1480
f 1245/2071/1481 1246/2072/1494 1238/2060/1482
f 1246/2072/1483 1247/2087/1484 1239/2073/1472
f 1247/2074/1484 1248/4099/1485 1240/2063/1473
f 1248/2075/1485 1256/2090/1497 1249/2076/1486
f 1241/2078/1474 1249/2093/1486 1250/2079/1487
f 1242/2066/1488 1250/2079/1500 1251/2080/1489
f 1243/2081/1490 1251/2095/1489 1252/2082/1491
f 1252/2082/1491 1253/2097/1493 1245/2084/1492
f 1253/2085/1493 1254/2086/1503 1246/2072/1494
f 1254/2086/1495 1255/2100/1496 1247/2087/1484
f 1255/2088/1496 1256/2090/1497 1248/2075/1485
f 1256/2090/1497 1263/2103/1506 1257/2091/1498
f 1257/2092/1498 1258/2094/1508 1250/2079/1487
f 1258/2094/1499 1266/2106/1510 1251/2080/1489
f 1251/2095/1489 1266/2108/1510 1259/2096/1501
f 1259/2096/1501 1269/2110/1513 1253/2097/1493
f 1253/2085/1493 1269/2111/1513 1260/2098/1502
f 1254/2086/1495 1260/2098/1515 1261/2099/1504
f 1261/2101/1504 1263/2103/1506 1256/2090/1497
f 1262/2102/1505 1264/2115/1507 1257/2091/1498
f 1264/2104/1507 1265/2105/1519 1258/2094/1508
f 1265/2105/1509 1267/2118/1521 1266/2106/1510
f 1267/2107/1511 1276/2120/1523 1259/2096/1501
f 1259/2096/1501 1276/2120/1523 1268/2109/1512
f 1269/2111/1513 1268/2122/1525 1270/2112/1514
f 1260/2098/1515 1270/2112/1527 1271/2113/1516
f 1261/2101/1504 1271/2125/1516 1262/2102/1505
f 1272/2114/1517 1273/2127/1518 1264/2115/1507
f 1273/2116/1518 1274/2117/1531 1265/2105/1519
f 1274/2117/1520 1275/2130/1533 1267/2118/1521
f 1275/2119/1522 1284/2132/1535 1276/2120/1523
f 1276/2120/1523 1284/2132/1535 1277/2121/1524
f 1268/2122/1525 1277/2134/1537 1278/2123/1526
f 1270/2112/1527 1278/2123/1539 1279/2124/1528
f 1271/2125/1516 1279/2137/1528 1272/2114/1517
f 1280/2126/1529 1281/4102/1530 1273/2127/1518
f 1281/2128/1530 1282/2129/1543 1274/2117/1531
f 1282/2129/1532 1283/2143/1545 1275/2130/1533
f 1283/2131/1534 1292/4103/1547 1284/2132/1535
f 1284/2132/1535 1292/4103/1547 1285/2133/1536
f 1277/2134/1537 1285/2149/1549 1286/2135/1538
f 1278/2123/1539 1286/2135/1551 1287/2136/1540
f 1279/2137/1528 1287/4104/1540 1280/2126/1529
f 1288/2138/1541 1289/2154/1542 1281/2139/1530
f 1289/2141/1542 1290/2142/1555 1282/2129/1543
f 1290/2142/1544 1291/2157/1557 1283/2143/1545
f 1291/2144/1546 1300/2159/1559 1292/2145/1547
f 1292/2145/1547 1300/2159/1559 1293/2147/1548
f 1285/2149/1549 1293/2161/1561 1294/2150/1550
f 1286/2135/1551 1294/2150/1563 1295/2151/1552
f 1287/2152/1540 1295/2164/1552 1288/2138/1541
f 1296/2153/1553 1297/2165/1554 1289/2154/1542
f 1297/2155/1554 1298/2156/1565 1290/2142/1555
f 1298/2156/1556 1299/2166/1556 1291/2157/1557
f 1299/2158/1558 1304/2167/1566 1300/2159/1559
f 1300/2159/1559 1304/2167/1566 1301/2160/1560
f 1293/2161/1561 1301/2168/1562 1302/2162/1562
f 1294/2150/1563 1302/2162/1567 1303/2163/1564
f 1295/2164/1552 1303/2169/1564 1296/2153/1553
f 1097/1846/1282 1099/1848/1284 1297/2165/1554
f 1099/1849/1284 1101/1851/1286 1298/2156/1565
f 1101/1851/1287 1103/1853/1287 1299/2166/1556
f 1103/1854/1289 1105/1856/1291 1304/2167/1566
f 1304/2167/1566 1105/1856/1291 1106/1857/1292
f 1301/2168/1562 1106/1860/1294 1108/1859/1294
f 1302/2162/1567 1108/1859/1297 1110/1862/1296
f 1303/2169/1564 1110/1864/1296 1097/1846/1282
f 1305/2170/1568 1320/2189/1585 1306/2171/1569
f 1307/2173/1570 1306/2191/1569 1308/2174/1571
f 1309/2175/1573 1308/2174/1587 1310/2176/1574
f 1311/2178/1575 1310/2194/1589 1312/2179/1576
f 1312/2179/1576 1315/2196/1591 1314/2181/1578
f 1315/2182/1579 1317/2185/1593 1316/2183/1580
f 1317/2185/1581 1319/2199/1584 1318/2186/1582
f 1319/2187/1584 1320/2189/1585 1305/2170/1568
f 1320/2189/1585 1328/2201/1595 1321/2190/1586
f 1306/2191/1569 1321/2203/1586 1322/2192/1311
f 1308/2174/1587 1322/2192/1598 1323/2193/1588
f 1310/2194/1589 1323/2206/1600 1324/2195/1590
f 1324/2195/1590 1325/2208/1602 1315/2196/1591
f 1325/2197/1592 1326/2198/1604 1317/2185/1593
f 1326/2198/1319 1327/2211/1594 1319/2199/1584
f 1327/2200/1594 1328/2201/1595 1320/2189/1585
f 1328/2201/1595 1336/2213/1607 1329/2202/1596
f 1321/2203/1586 1329/2215/1596 1330/2204/1597
f 1322/2192/1598 1330/2204/1610 1331/2205/1599
f 1323/2206/1600 1331/2218/1612 1332/2207/1601
f 1332/2207/1601 1333/2220/1614 1325/2208/1602
f 1333/2209/1603 1334/2210/1616 1326/2198/1604
f 1334/2210/1605 1335/2223/1606 1327/2211/1594
f 1335/2212/1606 1336/2213/1607 1328/2201/1595
f 1336/2213/1607 1344/4105/1619 1337/2214/1608
f 1329/2215/1596 1337/2228/1608 1338/2216/1609
f 1330/2204/1610 1338/2216/1622 1339/2217/1611
f 1331/2218/1612 1339/2231/1624 1340/2219/1613
f 1340/2219/1613 1341/4106/1626 1333/2220/1614
f 1341/2221/1615 1342/2222/1628 1334/2210/1616
f 1342/2222/1617 1343/2238/1618 1335/2223/1606
f 1343/2224/1618 1344/4105/1619 1336/2213/1607
f 1344/2225/1619 1352/2241/1631 1345/2226/1620
f 1337/2228/1608 1345/2243/1620 1346/2229/1621
f 1338/2216/1622 1346/2229/1634 1347/2230/1623
f 1339/2231/1624 1347/4107/1636 1348/2232/1625
f 1348/2233/1625 1349/2248/1638 1341/2234/1626
f 1349/2236/1627 1350/2237/1640 1342/2222/1628
f 1350/2237/1629 1351/2251/1630 1343/2238/1618
f 1351/2239/1630 1352/2241/1631 1344/2225/1619
f 1352/2241/1631 1361/2254/1644 1353/2242/1632
f 1345/2243/1620 1353/2256/1632 1354/2244/1633
f 1346/2229/1634 1354/2244/1647 1355/2245/1635
f 1347/2246/1636 1355/2259/1635 1356/2247/1637
f 1356/2247/1637 1357/2261/1639 1349/2248/1638
f 1357/2249/1639 1358/2250/1651 1350/2237/1640
f 1358/2250/1641 1359/2263/1642 1351/2251/1630
f 1359/2252/1642 1361/2254/1644 1352/2241/1631
f 1360/2253/1643 1362/2265/1645 1353/2242/1632
f 1362/2255/1645 1363/2257/1655 1354/2244/1633
f 1363/2257/1646 1364/2268/1648 1355/2245/1635
f 1364/2258/1648 1371/2270/1658 1356/2247/1637
f 1356/2247/1637 1371/2270/1658 1365/2260/1649
f 1357/2249/1639 1365/2272/1649 1366/2262/1650
f 1366/2262/1652 1375/2275/1662 1359/2263/1642
f 1359/2252/1642 1375/2276/1662 1360/2253/1643
f 1367/2264/1653 1368/2278/1654 1362/2265/1645
f 1368/2266/1654 1369/2267/1665 1363/2257/1655
f 1369/2267/1656 1370/2281/1667 1364/2268/1648
f 1370/2269/1657 1380/2283/1669 1371/2270/1658
f 1371/2270/1658 1380/2283/1669 1372/2271/1659
f 1365/2272/1649 1372/2285/1671 1373/2273/1660
f 1366/2262/1652 1373/2273/1673 1374/2274/1661
f 1375/2276/1662 1374/2288/1661 1367/2264/1653
f 1376/2277/1663 1377/4108/1664 1368/2278/1654
f 1377/2279/1664 1378/2280/1677 1369/2267/1665
f 1378/2280/1666 1379/2294/1679 1370/2281/1667
f 1379/2282/1668 1388/4109/1681 1380/2283/1669
f 1380/2283/1669 1388/4109/1681 1381/2284/1670
f 1372/2285/1671 1381/2300/1683 1382/2286/1672
f 1373/2273/1673 1382/2286/1685 1383/2287/1674
f 1374/2288/1661 1383/2303/1674 1376/2277/1663
f 1384/2289/1675 1385/2306/1676 1377/2290/1664
f 1385/2292/1676 1386/2293/1689 1378/2280/1677
f 1386/2293/1678 1387/2309/1691 1379/2294/1679
f 1387/2295/1680 1396/2311/1693 1388/2296/1681
f 1388/2296/1681 1396/2311/1693 1389/2298/1682
f 1381/2300/1683 1389/2313/1695 1390/2301/1684
f 1382/2286/1685 1390/2301/1697 1391/2302/1686
f 1383/2303/1674 1391/4110/1686 1384/2304/1675
f 1392/2305/1687 1393/2318/1688 1385/2306/1676
f 1393/2307/1688 1394/2308/1701 1386/2293/1689
f 1394/2308/1690 1395/2321/1703 1387/2309/1691
f 1395/2310/1692 1404/2323/1705 1396/2311/1693
f 1396/2311/1693 1404/2323/1705 1397/2312/1694
f 1389/2313/1695 1397/2325/1707 1398/2314/1696
f 1390/2301/1697 1398/2314/1709 1399/2315/1698
f 1391/2316/1686 1399/2328/1698 1392/2305/1687
f 1400/2317/1699 1401/2330/1700 1393/2318/1688
f 1401/2319/1700 1402/2320/1712 1394/2308/1701
f 1402/2320/1702 1403/2333/1713 1395/2321/1703
f 1403/2322/1704 1412/2335/1715 1404/2323/1705
f 1404/2323/1705 1412/2335/1715 1405/2324/1706
f 1397/2325/1707 1405/2337/1717 1406/2326/1708
f 1398/2314/1709 1406/2326/1718 1407/2327/1710
f 1399/2328/1698 1407/2340/1710 1400/2317/1699
f 1408/2329/1577 1409/2342/1711 1401/2330/1700
f 1409/2331/1711 1410/2332/1573 1402/2320/1712
f 1410/2332/1572 1411/2345/1572 1403/2333/1713
f 1411/2334/1714 1420/2347/1568 1412/2335/1715
f 1412/2335/1715 1420/2347/1568 1413/2336/1716
f 1405/2337/1717 1413/2349/1583 1414/2338/1583
f 1406/2326/1718 1414/2338/1580 1415/2339/1719
f 1407/2340/1710 1415/2352/1719 1408/2329/1577
f 1408/2329/1577 1424/2353/1723 1416/2341/1720
f 1409/2331/1711 1416/2355/1720 1417/2343/1574
f 1410/2332/1572 1417/2343/1725 1418/2344/1571
f 1411/2334/1714 1418/2358/1727 1419/2346/1721
f 1419/2346/1721 1421/2360/1729 1413/2336/1716
f 1421/2348/1581 1422/2350/1731 1414/2338/1583
f 1422/2350/1579 1423/2363/1722 1415/2339/1719
f 1423/2351/1722 1424/2353/1723 1408/2329/1577
f 1424/2353/1723 1432/2365/1733 1425/2354/1724
f 1416/2355/1720 1425/2367/1724 1426/2356/1451
f 1417/2343/1725 1426/2356/1736 1427/2357/1726
f 1418/2358/1727 1427/2370/1738 1428/2359/1728
f 1428/2359/1728 1429/2372/1740 1421/2360/1729
f 1429/2361/1730 1430/2362/1742 1422/2350/1731
f 1430/2362/1459 1431/2375/1732 1423/2363/1722
f 1431/2364/1732 1432/2365/1733 1424/2353/1723
f 1432/2365/1733 1440/2377/1745 1433/2366/1734
f 1425/2367/1724 1433/2379/1734 1434/2368/1735
f 1426/2356/1736 1434/2368/1748 1435/2369/1737
f 1427/2370/1738 1435/2382/1750 1436/2371/1739
f 1436/2371/1739 1437/2384/1752 1429/2372/1740
f 1437/2373/1741 1438/2374/1754 1430/2362/1742
f 1438/2374/1743 1439/2387/1744 1431/2375/1732
f 1439/2376/1744 1440/2377/1745 1432/2365/1733
f 1440/2377/1745 1448/2389/1757 1441/2378/1746
f 1433/2379/1734 1441/2391/1746 1442/2380/1747
f 1434/2368/1748 1442/2380/1760 1443/2381/1749
f 1435/2382/1750 1443/4111/1762 1444/2383/1751
f 1444/2383/1751 1445/4112/1764 1437/2384/1752
f 1445/2385/1753 1446/2386/1766 1438/2374/1754
f 1446/2386/1755 1447/2400/1756 1439/2387/1744
f 1447/2388/1756 1448/2389/1757 1440/2377/1745
f 1448/2389/1757 1456/4113/1769 1449/2390/1758
f 1441/2391/1746 1449/2407/1758 1450/2392/1759
f 1442/2380/1760 1450/2392/1772 1451/2393/1761
f 1443/2394/1762 1451/2410/1774 1452/2395/1763
f 1452/2395/1763 1453/2412/1776 1445/2397/1764
f 1453/2398/1765 1454/2399/1778 1446/2386/1766
f 1454/2399/1767 1455/2415/1768 1447/2400/1756
f 1455/2401/1768 1456/2404/1769 1448/2402/1757
f 1456/2404/1769 1465/2418/1782 1457/2405/1770
f 1449/2407/1758 1457/2419/1770 1458/2408/1771
f 1450/2392/1772 1458/2408/1784 1459/2409/1773
f 1451/2410/1774 1459/2423/1773 1460/2411/1775
f 1460/2411/1775 1461/2425/1777 1453/2412/1776
f 1461/2413/1777 1462/2414/1787 1454/2399/1778
f 1462/2414/1779 1463/2428/1780 1455/2415/1768
f 1463/2416/1780 1465/2418/1782 1456/2404/1769
f 1464/2417/1781 1471/2430/1790 1457/2405/1770
f 1457/2419/1770 1471/2432/1790 1466/2420/1783
f 1458/2408/1784 1466/2420/1793 1467/2421/1785
f 1467/2422/1785 1475/2435/1795 1460/2411/1775
f 1460/2411/1775 1475/2435/1795 1468/2424/1786
f 1468/2426/1786 1469/2427/1798 1462/2414/1787
f 1469/2427/1788 1479/2439/1800 1463/2428/1780
f 1463/2416/1780 1479/2440/1800 1464/2417/1781
f 1470/2429/1789 1472/2442/1791 1471/2430/1790
f 1472/2431/1791 1473/2433/1803 1466/2420/1783
f 1473/2433/1792 1474/2445/1805 1467/2421/1785
f 1474/2434/1794 1484/2447/1807 1475/2435/1795
f 1475/2435/1795 1484/2447/1807 1476/2436/1796
f 1468/2426/1786 1476/2449/1809 1477/2437/1797
f 1469/2427/1788 1477/2437/1811 1478/2438/1799
f 1479/2440/1800 1478/2452/1799 1470/2429/1789
f 1480/2441/1801 1481/4114/1802 1472/2442/1791
f 1481/2443/1802 1482/2444/1815 1473/2433/1803
f 1482/2444/1804 1483/2458/1817 1474/2445/1805
f 1483/2446/1806 1492/2462/1819 1484/2447/1807
f 1484/2447/1807 1492/2462/1819 1485/2448/1808
f 1476/2449/1809 1485/2464/1821 1486/2450/1810
f 1477/2437/1811 1486/2450/1823 1487/2451/1812
f 1478/2452/1799 1487/4115/1812 1480/2441/1801
f 1488/2453/1813 1489/2469/1814 1481/2454/1802
f 1489/2456/1814 1490/2457/1827 1482/2444/1815
f 1490/2457/1816 1491/2472/1829 1483/2458/1817
f 1491/2459/1818 1500/2474/1831 1492/2460/1819
f 1492/2462/1819 1500/4116/1831 1493/2463/1820
f 1485/2464/1821 1493/2477/1833 1494/2465/1822
f 1486/2450/1823 1494/2465/1835 1495/2466/1824
f 1487/2467/1812 1495/2480/1824 1488/2453/1813
f 1496/2468/1825 1497/2482/1826 1489/2469/1814
f 1497/2470/1826 1498/2471/1839 1490/2457/1827
f 1498/2471/1828 1499/2485/1841 1491/2472/1829
f 1499/2473/1830 1508/2487/1843 1500/2474/1831
f 1500/2474/1831 1508/2487/1843 1501/2475/1832
f 1493/2477/1833 1501/2489/1845 1502/2478/1834
f 1494/2465/1835 1502/2478/1847 1503/2479/1836
f 1495/2480/1824 1503/2492/1836 1496/2468/1825
f 1504/2481/1837 1505/2493/1838 1497/2482/1826
f 1505/2483/1838 1506/2484/1713 1498/2471/1839
f 1506/2484/1840 1507/2494/1712 1499/2485/1841
f 1507/2486/1842 1512/2495/1849 1508/2487/1843
f 1508/2487/1843 1512/2495/1849 1509/2488/1844
f 1501/2489/1845 1509/2496/1718 1510/2490/1846
f 1502/2478/1847 1510/2490/1717 1511/2491/1848
f 1503/2492/1836 1511/2497/1848 1504/2481/1837
f 1305/2170/1568 1307/2172/1570 1505/2493/1838
f 1307/2173/1570 1309/2175/1572 1506/2484/1713
f 1309/2175/1573 1311/2177/1573 1507/2494/1712
f 1311/2178/1575 1313/2180/1577 1512/2495/1849
f 1512/2495/1849 1313/2180/1577 1314/2181/1578
f 1509/2496/1718 1314/2184/1580 1316/2183/1580
f 1510/2490/1717 1316/2183/1583 1318/2186/1582
f 1511/2497/1848 1318/2188/1582 1305/2170/1568
f 1513/2498/1850 1528/2517/1865 1514/2499/1851
f 1515/2501/1852 1514/2519/1851 1516/2502/1853
f 1517/2503/1855 1516/2502/1598 1518/2504/1588
f 1519/2506/1856 1518/2522/1869 1520/2507/1857
f 1520/2507/1857 1523/2524/1871 1522/2509/1859
f 1523/2510/1860 1525/2513/1604 1524/2511/1861
f 1525/2513/1730 1527/2527/1864 1526/2514/1862
f 1527/2515/1864 1528/2517/1865 1513/2498/1850
f 1528/2517/1865 1536/2529/1875 1529/2518/1866
f 1514/2519/1851 1529/2531/1866 1530/2520/1867
f 1516/2502/1598 1530/2520/1878 1531/2521/1868
f 1518/2522/1869 1531/2534/1880 1532/2523/1870
f 1532/2523/1870 1533/2536/1882 1523/2524/1871
f 1533/2525/1872 1534/2526/1884 1525/2513/1604
f 1534/2526/1873 1535/2539/1874 1527/2527/1864
f 1535/2528/1874 1536/2529/1875 1528/2517/1865
f 1536/2529/1875 1544/2541/1887 1537/2530/1876
f 1529/2531/1866 1537/2543/1876 1538/2532/1877
f 1530/2520/1878 1538/2532/1890 1539/2533/1879
f 1531/2534/1880 1539/2546/1892 1540/2535/1881
f 1540/2535/1881 1541/4117/1894 1533/2536/1882
f 1541/2537/1883 1542/2538/1896 1534/2526/1884
f 1542/2538/1885 1543/2553/1886 1535/2539/1874
f 1543/2540/1886 1544/2541/1887 1536/2529/1875
f 1544/2541/1887 1552/4118/1899 1545/2542/1888
f 1537/2543/1876 1545/2558/1888 1546/2544/1889
f 1538/2532/1890 1546/2544/1902 1547/2545/1891
f 1539/2546/1892 1547/4119/1904 1548/2547/1893
f 1548/2548/1893 1549/2563/1906 1541/2549/1894
f 1549/2551/1895 1550/2552/1908 1542/2538/1896
f 1550/2552/1897 1551/2566/1898 1543/2553/1886
f 1551/2554/1898 1552/4118/1899 1544/2541/1887
f 1552/2555/1899 1560/2569/1911 1553/2556/1900
f 1545/2558/1888 1553/2571/1900 1554/2559/1901
f 1546/2544/1902 1554/2559/1914 1555/2560/1903
f 1547/2561/1904 1555/2574/1916 1556/2562/1905
f 1556/2562/1905 1557/2576/1918 1549/2563/1906
f 1557/2564/1907 1558/2565/1920 1550/2552/1908
f 1558/2565/1909 1559/2579/1910 1551/2566/1898
f 1559/2567/1910 1560/2569/1911 1552/2555/1899
f 1560/2569/1911 1568/2581/1923 1561/2570/1912
f 1553/2571/1900 1561/2584/1912 1562/2572/1913
f 1554/2559/1914 1562/2572/1925 1563/2573/1915
f 1555/2574/1916 1563/2586/1915 1564/2575/1917
f 1564/2575/1917 1565/2588/1919 1557/2576/1918
f 1565/2577/1919 1566/2578/1929 1558/2565/1920
f 1566/2578/1921 1567/2591/1922 1559/2579/1910
f 1567/2580/1922 1568/2581/1923 1560/2569/1911
f 1568/2581/1923 1575/2594/1932 1569/2582/1924
f 1569/2583/1924 1577/2596/1934 1562/2572/1913
f 1562/2572/1925 1577/2596/1936 1570/2585/1926
f 1563/2586/1915 1570/2599/1926 1571/2587/1927
f 1571/2587/1927 1572/2601/1928 1565/2588/1919
f 1572/2589/1928 1582/2603/1940 1566/2578/1929
f 1566/2578/1921 1582/2603/1941 1573/2590/1930
f 1573/2592/1930 1575/2594/1932 1568/2581/1923
f 1574/2593/1931 1576/2606/1933 1569/2582/1924
f 1576/2595/1933 1578/2597/1945 1577/2596/1934
f 1578/2597/1935 1579/2609/1947 1570/2585/1926
f 1579/2598/1937 1588/2611/1949 1571/2587/1927
f 1571/2587/1927 1588/2611/1949 1580/2600/1938
f 1572/2589/1928 1580/2613/1951 1581/2602/1939
f 1582/2603/1941 1581/2602/1953 1583/2604/1942
f 1573/2592/1930 1583/2616/1942 1574/2593/1931
f 1584/2605/1943 1585/4120/1944 1576/2606/1933
f 1585/2607/1944 1586/2608/1957 1578/2597/1945
f 1586/2608/1946 1587/2622/1959 1579/2609/1947
f 1587/2610/1948 1596/4121/1961 1588/2611/1949
f 1588/2611/1949 1596/4121/1961 1589/2612/1950
f 1580/2613/1951 1589/2628/1963 1590/2614/1952
f 1581/2602/1953 1590/2614/1965 1591/2615/1954
f 1583/2616/1942 1591/4122/1954 1584/2605/1943
f 1592/2617/1955 1593/2633/1956 1585/2618/1944
f 1593/2620/1956 1594/2621/1969 1586/2608/1957
f 1594/2621/1958 1595/2636/1971 1587/2622/1959
f 1595/2623/1960 1604/2638/1973 1596/2624/1961
f 1596/2624/1961 1604/2638/1973 1597/2626/1962
f 1589/2628/1963 1597/2640/1975 1598/2629/1964
f 1590/2614/1965 1598/2629/1977 1599/2630/1966
f 1591/2631/1954 1599/2643/1966 1592/2617/1955
f 1600/2632/1967 1601/2645/1968 1593/2633/1956
f 1601/2634/1968 1602/2635/1981 1594/2621/1969
f 1602/2635/1970 1603/2648/1983 1595/2636/1971
f 1603/2637/1972 1612/2650/1985 1604/2638/1973
f 1604/2638/1973 1612/2650/1985 1605/2639/1974
f 1597/2640/1975 1605/2652/1987 1606/2641/1976
f 1598/2629/1977 1606/2641/1989 1607/2642/1978
f 1599/2643/1966 1607/2655/1978 1600/2632/1967
f 1608/2644/1979 1609/2657/1980 1601/2645/1968
f 1609/2646/1980 1610/2647/1992 1602/2635/1981
f 1610/2647/1982 1611/2660/1982 1603/2648/1983
f 1611/2649/1984 1620/2662/1994 1612/2650/1985
f 1612/2650/1985 1620/2662/1994 1613/2651/1986
f 1605/2652/1987 1613/2664/1988 1614/2653/1988
f 1606/2641/1989 1614/2653/1996 1615/2654/1990
f 1607/2655/1978 1615/2667/1990 1608/2644/1979
f 1616/2656/1858 1617/2669/1991 1609/2657/1980
f 1617/2658/1991 1618/2659/1855 1610/2647/1992
f 1618/2659/1854 1619/2672/1854 1611/2660/1982
f 1619/2661/1993 1628/2674/1850 1620/2662/1994
f 1620/2662/1994 1628/2674/1850 1621/2663/1995
f 1613/2664/1988 1621/2676/1863 1622/2665/1863
f 1614/2653/1996 1622/2665/1861 1623/2666/1997
f 1615/2667/1990 1623/2679/1997 1616/2656/1858
f 1616/2656/1858 1632/2680/2002 1624/2668/1998
f 1617/2658/1991 1624/2682/1998 1625/2670/1588
f 1618/2659/1854 1625/2670/1736 1626/2671/1853
f 1619/2661/1993 1626/2685/2006 1627/2673/1999
f 1627/2673/1999 1629/2687/2008 1621/2663/1995
f 1629/2675/2000 1630/2677/1742 1622/2665/1863
f 1630/2677/1860 1631/2690/2001 1623/2666/1997
f 1631/2678/2001 1632/2680/2002 1616/2656/1858
f 1632/2680/2002 1640/2692/2012 1633/2681/2003
f 1624/2682/1998 1633/2694/2003 1634/2683/2004
f 1625/2670/1736 1634/2683/2015 1635/2684/2005
f 1626/2685/2006 1635/2697/2017 1636/2686/2007
f 1636/2686/2007 1637/2699/2019 1629/2687/2008
f 1637/2688/2009 1638/2689/2021 1630/2677/1742
f 1638/2689/2010 1639/2702/2011 1631/2690/2001
f 1639/2691/2011 1640/2692/2012 1632/2680/2002
f 1640/2692/2012 1648/2704/2024 1641/2693/2013
f 1633/2694/2003 1641/2706/2013 1642/2695/2014
f 1634/2683/2015 1642/2695/2027 1643/2696/2016
f 1635/2697/2017 1643/2709/2029 1644/2698/2018
f 1644/2698/2018 1645/2711/2031 1637/2699/2019
f 1645/2700/2020 1646/2701/2033 1638/2689/2021
f 1646/2701/2022 1647/2714/2023 1639/2702/2011
f 1647/2703/2023 1648/2704/2024 1640/2692/2012
f 1648/2704/2024 1656/4123/2036 1649/2705/2025
f 1641/2706/2013 1649/2721/2025 1650/2707/2026
f 1642/2695/2027 1650/2707/2039 1651/2708/2028
f 1643/2709/2029 1651/4124/2041 1652/2710/2030
f 1652/2710/2030 1653/4125/2043 1645/2711/2031
f 1653/2712/2032 1654/2713/2045 1646/2701/2033
f 1654/2713/2034 1655/2730/2035 1647/2714/2023
f 1655/2715/2035 1656/2718/2036 1648/2716/2024
f 1656/2718/2036 1664/2732/2048 1657/2719/2037
f 1649/2721/2025 1657/2734/2037 1658/2722/2038
f 1650/2707/2039 1658/2722/2051 1659/2723/2040
f 1651/2724/2041 1659/2737/2053 1660/2725/2042
f 1660/2725/2042 1661/2739/2055 1653/2727/2043
f 1661/2728/2044 1662/2729/2057 1654/2713/2045
f 1662/2729/2046 1663/2742/2047 1655/2730/2035
f 1663/2731/2047 1664/2732/2048 1656/2718/2036
f 1664/2732/2048 1672/2744/2060 1665/2733/2049
f 1657/2734/2037 1665/2746/2049 1666/2735/2050
f 1658/2722/2051 1666/2735/2064 1667/2736/2052
f 1659/2737/2053 1667/2748/2052 1668/2738/2054
f 1668/2738/2054 1669/2750/2056 1661/2739/2055
f 1669/2740/2056 1670/2741/2067 1662/2729/2057
f 1670/2741/2058 1671/2752/2059 1663/2742/2047
f 1671/2743/2059 1672/2744/2060 1664/2732/2048
f 1672/2744/2060 1679/2755/2071 1673/2745/2061
f 1665/2746/2049 1673/2757/2061 1674/2747/2062
f 1674/2747/2063 1682/2759/2074 1667/2736/2052
f 1667/2748/2052 1682/2761/2074 1675/2749/2065
f 1675/2749/2065 1685/2763/2077 1669/2750/2056
f 1669/2740/2056 1685/2764/2077 1676/2751/2066
f 1676/2751/2068 1677/2767/2069 1671/2752/2059
f 1677/2753/2069 1679/2755/2071 1672/2744/2060
f 1678/2754/2070 1680/2769/2072 1673/2745/2061
f 1680/2756/2072 1681/2758/2082 1674/2747/2062
f 1681/2758/2073 1683/2772/2084 1682/2759/2074
f 1683/2760/2075 1692/2774/2086 1675/2749/2065
f 1675/2749/2065 1692/2774/2086 1684/2762/2076
f 1685/2764/2077 1684/2776/2088 1686/2765/2078
f 1676/2751/2068 1686/2765/2090 1687/2766/2079
f 1677/2753/2069 1687/2779/2079 1678/2754/2070
f 1688/2768/2080 1689/4126/2081 1680/2769/2072
f 1689/2770/2081 1690/2771/2094 1681/2758/2082
f 1690/2771/2083 1691/2785/2096 1683/2772/2084
f 1691/2773/2085 1700/4127/2098 1692/2774/2086
f 1692/2774/2086 1700/4127/2098 1693/2775/2087
f 1684/2776/2088 1693/2791/2100 1694/2777/2089
f 1686/2765/2090 1694/2777/2102 1695/2778/2091
f 1687/2779/2079 1695/4128/2091 1688/2768/2080
f 1696/2780/2092 1697/2796/2093 1689/2781/2081
f 1697/2783/2093 1698/2784/2106 1690/2771/2094
f 1698/2784/2095 1699/2799/2108 1691/2785/2096
f 1699/2786/2097 1708/2801/2110 1700/2787/2098
f 1700/2787/2098 1708/2801/2110 1701/2789/2099
f 1693/2791/2100 1701/2803/2112 1702/2792/2101
f 1694/2777/2102 1702/2792/2114 1703/2793/2103
f 1695/2794/2091 1703/2806/2103 1696/2780/2092
f 1704/2795/2104 1705/2808/2105 1697/2796/2093
f 1705/2797/2105 1706/2798/2118 1698/2784/2106
f 1706/2798/2107 1707/2811/2120 1699/2799/2108
f 1707/2800/2109 1716/2813/2122 1708/2801/2110
f 1708/2801/2110 1716/2813/2122 1709/2802/2111
f 1701/2803/2112 1709/2815/2124 1710/2804/2113
f 1702/2792/2114 1710/2804/2125 1711/2805/2115
f 1703/2806/2103 1711/2818/2115 1704/2795/2104
f 1712/2807/2116 1713/2819/2117 1705/2808/2105
f 1713/2809/2117 1714/2810/2127 1706/2798/2118
f 1714/2810/2119 1715/2820/2119 1707/2811/2120
f 1715/2812/2121 1720/2821/2128 1716/2813/2122
f 1716/2813/2122 1720/2821/2128 1717/2814/2123
f 1709/2815/2124 1717/2822/1996 1718/2816/1996
f 1710/2804/2125 1718/2816/2129 1719/2817/2126
f 1711/2818/2115 1719/2823/2126 1712/2807/2116
f 1513/2498/1850 1515/2500/1852 1713/2819/2117
f 1515/2501/1852 1517/2503/1854 1714/2810/2127
f 1517/2503/1855 1519/2505/1855 1715/2820/2119
f 1519/2506/1856 1521/2508/1858 1720/2821/2128
f 1720/2821/2128 1521/2508/1858 1522/2509/1859
f 1717/2822/1996 1522/2512/1861 1524/2511/1861
f 1718/2816/2129 1524/2511/1863 1526/2514/1862
f 1719/2823/2126 1526/2516/1862 1513/2498/1850
f 1721/2824/2130 1736/2843/2147 1722/2825/2131
f 1723/2827/2132 1722/2845/2149 1724/2828/2133
f 1725/2829/2135 1724/2828/2151 1726/2830/2136
f 1727/2832/2137 1726/2848/2153 1728/2833/2138
f 1728/2833/2138 1731/2850/2155 1730/2835/2140
f 1731/2836/2141 1733/2839/2157 1732/2837/2142
f 1733/2839/2143 1735/2853/2146 1734/2840/2144
f 1735/2841/2146 1736/2843/2147 1721/2824/2130
f 1736/2843/2147 1744/2855/2160 1737/2844/2148
f 1722/2845/2149 1737/2857/2148 1738/2846/2150
f 1724/2828/2151 1738/2846/2163 1739/2847/2152
f 1726/2848/2153 1739/2860/2165 1740/2849/2154
f 1740/2849/2154 1741/4129/2167 1731/2850/2155
f 1741/2851/2156 1742/2852/2169 1733/2839/2157
f 1742/2852/2158 1743/2867/2159 1735/2853/2146
f 1743/2854/2159 1744/2855/2160 1736/2843/2147
f 1744/2855/2160 1752/4130/2172 1745/2856/2161
f 1737/2857/2148 1745/2872/2161 1746/2858/2162
f 1738/2846/2163 1746/2858/2175 1747/2859/2164
f 1739/2860/2165 1747/4131/2177 1748/2861/2166
f 1748/2862/2166 1749/2877/2179 1741/2863/2167
f 1749/2865/2168 1750/2866/2181 1742/2852/2169
f 1750/2866/2170 1751/2880/2171 1743/2867/2159
f 1751/2868/2171 1752/4130/2172 1744/2855/2160
f 1752/2869/2172 1760/2883/2184 1753/2870/2173
f 1745/2872/2161 1753/2885/2173 1754/2873/2174
f 1746/2858/2175 1754/2873/2187 1755/2874/2176
f 1747/2875/2177 1755/2888/2189 1756/2876/2178
f 1756/2876/2178 1757/2890/2191 1749/2877/2179
f 1757/2878/2180 1758/2879/2193 1750/2866/2181
f 1758/2879/2182 1759/2893/2183 1751/2880/2171
f 1759/2881/2183 1760/2883/2184 1752/2869/2172
f 1760/2883/2184 1768/2895/2196 1761/2884/2185
f 1753/2885/2173 1761/2897/2185 1762/2886/2186
f 1754/2873/2187 1762/2886/2199 1763/2887/2188
f 1755/2888/2189 1763/2900/2201 1764/2889/2190
f 1764/2889/2190 1765/2902/2203 1757/2890/2191
f 1765/2891/2192 1766/2892/2205 1758/2879/2193
f 1766/2892/2194 1767/2905/2195 1759/2893/2183
f 1767/2894/2195 1768/2895/2196 1760/2883/2184
f 1768/2895/2196 1777/2908/2209 1769/2896/2197
f 1761/2897/2185 1769/2909/2197 1770/2898/2198
f 1762/2886/2199 1770/2898/2211 1771/2899/2200
f 1763/2900/2201 1771/2913/2200 1772/2901/2202
f 1772/2901/2202 1773/2915/2204 1765/2902/2203
f 1773/2903/2204 1774/2904/2214 1766/2892/2205
f 1774/2904/2206 1775/2918/2207 1767/2905/2195
f 1775/2906/2207 1777/2908/2209 1768/2895/2196
f 1776/2907/2208 1783/2920/2217 1769/2896/2197
f 1769/2909/2197 1783/2922/2217 1778/2910/2210
f 1770/2898/2211 1778/2910/2220 1779/2911/2212
f 1779/2912/2212 1787/2925/2222 1772/2901/2202
f 1772/2901/2202 1787/2925/2222 1780/2914/2213
f 1780/2916/2213 1781/2917/2225 1774/2904/2214
f 1781/2917/2215 1791/2929/2227 1775/2918/2207
f 1775/2906/2207 1791/2930/2227 1776/2907/2208
f 1782/2919/2216 1784/4132/2218 1783/2920/2217
f 1784/2921/2218 1785/2923/2230 1778/2910/2210
f 1785/2923/2219 1786/2936/2232 1779/2911/2212
f 1786/2924/2221 1796/4133/2234 1787/2925/2222
f 1787/2925/2222 1796/4133/2234 1788/2926/2223
f 1780/2916/2213 1788/2942/2236 1789/2927/2224
f 1781/2917/2215 1789/2927/2238 1790/2928/2226
f 1791/2930/2227 1790/2945/2226 1782/2919/2216
f 1792/2931/2228 1793/2948/2229 1784/2932/2218
f 1793/2934/2229 1794/2935/2242 1785/2923/2230
f 1794/2935/2231 1795/2951/2244 1786/2936/2232
f 1795/2937/2233 1804/2953/2246 1796/2938/2234
f 1796/2938/2234 1804/2953/2246 1797/2940/2235
f 1788/2942/2236 1797/2955/2248 1798/2943/2237
f 1789/2927/2238 1798/2943/2250 1799/2944/2239
f 1790/2945/2226 1799/4134/2239 1792/2946/2228
f 1800/2947/2240 1801/2960/2241 1793/2948/2229
f 1801/2949/2241 1802/2950/2254 1794/2935/2242
f 1802/2950/2243 1803/2963/2256 1795/2951/2244
f 1803/2952/2245 1812/2965/2258 1804/2953/2246
f 1804/2953/2246 1812/2965/2258 1805/2954/2247
f 1797/2955/2248 1805/2967/2260 1806/2956/2249
f 1798/2943/2250 1806/2956/2262 1807/2957/2251
f 1799/2958/2239 1807/2970/2251 1800/2947/2240
f 1808/2959/2252 1809/2972/2253 1801/2960/2241
f 1809/2961/2253 1810/2962/2266 1802/2950/2254
f 1810/2962/2255 1811/2975/2268 1803/2963/2256
f 1811/2964/2257 1820/2977/2270 1812/2965/2258
f 1812/2965/2258 1820/2977/2270 1813/2966/2259
f 1805/2967/2260 1813/2979/2272 1814/2968/2261
f 1806/2956/2262 1814/2968/2274 1815/2969/2263
f 1807/2970/2251 1815/2982/2263 1808/2959/2252
f 1816/2971/2264 1817/2984/2265 1809/2972/2253
f 1817/2973/2265 1818/2974/2277 1810/2962/2266
f 1818/2974/2267 1819/2987/2278 1811/2975/2268
f 1819/2976/2269 1828/2989/2280 1820/2977/2270
f 1820/2977/2270 1828/2989/2280 1821/2978/2271
f 1813/2979/2272 1821/2991/2282 1822/2980/2273
f 1814/2968/2274 1822/2980/2283 1823/2981/2275
f 1815/2982/2263 1823/2994/2275 1816/2971/2264
f 1824/2983/2139 1825/2996/2276 1817/2984/2265
f 1825/2985/2276 1826/2986/2135 1818/2974/2277
f 1826/2986/2134 1827/2999/2134 1819/2987/2278
f 1827/2988/2279 1836/3001/2130 1828/2989/2280
f 1828/2989/2280 1836/3001/2130 1829/2990/2281
f 1821/2991/2282 1829/3003/2145 1830/2992/2145
f 1822/2980/2283 1830/2992/2142 1831/2993/2284
f 1823/2994/2275 1831/3006/2284 1824/2983/2139
f 1824/2983/2139 1840/3007/2291 1832/2995/2285
f 1825/2985/2276 1832/3009/2285 1833/2997/2136
f 1826/2986/2134 1833/2997/2149 1834/2998/2286
f 1827/2988/2279 1834/3012/2293 1835/3000/2287
f 1835/3000/2287 1837/3014/2295 1829/2990/2281
f 1837/3002/2288 1838/3004/2296 1830/2992/2145
f 1838/3004/2289 1839/3017/2290 1831/2993/2284
f 1839/3005/2290 1840/3007/2291 1824/2983/2139
f 1840/3007/2291 1848/3019/2298 1841/3008/2292
f 1832/3009/2285 1841/3021/2292 1842/3010/2152
f 1833/2997/2149 1842/3010/2300 1843/3011/2150
f 1834/3012/2293 1843/3024/2301 1844/3013/2294
f 1844/3013/2294 1845/3026/2303 1837/3014/2295
f 1845/3015/2158 1846/3016/2304 1838/3004/2296
f 1846/3016/2156 1847/3029/2297 1839/3017/2290
f 1847/3018/2297 1848/3019/2298 1840/3007/2291
f 1848/3019/2298 1856/4135/2306 1849/3020/2299
f 1841/3021/2292 1849/3036/2299 1850/3022/2164
f 1842/3010/2300 1850/3022/2309 1851/3023/2162
f 1843/3024/2301 1851/4136/2311 1852/3025/2302
f 1852/3025/2302 1853/4137/2313 1845/3026/2303
f 1853/3027/2170 1854/3028/2315 1846/3016/2304
f 1854/3028/2168 1855/3045/2305 1847/3029/2297
f 1855/3030/2305 1856/3033/2306 1848/3031/2298
f 1856/3033/2306 1864/3047/2318 1857/3034/2307
f 1849/3036/2299 1857/3049/2307 1858/3037/2308
f 1850/3022/2309 1858/3037/2321 1859/3038/2310
f 1851/3039/2311 1859/3052/2323 1860/3040/2312
f 1860/3040/2312 1861/3054/2325 1853/3042/2313
f 1861/3043/2314 1862/3044/2327 1854/3028/2315
f 1862/3044/2316 1863/3057/2317 1855/3045/2305
f 1863/3046/2317 1864/3047/2318 1856/3033/2306
f 1864/3047/2318 1872/3059/2330 1865/3048/2319
f 1857/3049/2307 1865/3061/2319 1866/3050/2320
f 1858/3037/2321 1866/3050/2333 1867/3051/2322
f 1859/3052/2323 1867/3064/2335 1868/3053/2324
f 1868/3053/2324 1869/3066/2337 1861/3054/2325
f 1869/3055/2326 1870/3056/2339 1862/3044/2327
f 1870/3056/2328 1871/3069/2329 1863/3057/2317
f 1871/3058/2329 1872/3059/2330 1864/3047/2318
f 1872/3059/2330 1881/3072/2343 1873/3060/2331
f 1865/3061/2319 1873/3073/2331 1874/3062/2332
f 1866/3050/2333 1874/3062/2345 1875/3063/2334
f 1867/3064/2335 1875/3077/2334 1876/3065/2336
f 1876/3065/2336 1877/3079/2338 1869/3066/2337
f 1877/3067/2338 1878/3068/2348 1870/3056/2339
f 1878/3068/2340 1879/3082/2341 1871/3069/2329
f 1879/3070/2341 1881/3072/2343 1872/3059/2330
f 1880/3071/2342 1887/3084/2351 1873/3060/2331
f 1873/3073/2331 1887/3086/2351 1882/3074/2344
f 1874/3062/2345 1882/3074/2354 1883/3075/2346
f 1883/3076/2346 1891/3089/2356 1876/3065/2336
f 1876/3065/2336 1891/3089/2356 1884/3078/2347
f 1884/3080/2347 1885/3081/2359 1878/3068/2348
f 1885/3081/2349 1895/3093/2361 1879/3082/2341
f 1879/3070/2341 1895/3094/2361 1880/3071/2342
f 1886/3083/2350 1888/4138/2352 1887/3084/2351
f 1888/3085/2352 1889/3087/2364 1882/3074/2344
f 1889/3087/2353 1890/3100/2366 1883/3075/2346
f 1890/3088/2355 1900/3104/2368 1891/3089/2356
f 1891/3089/2356 1900/3104/2368 1892/3090/2357
f 1884/3080/2347 1892/3106/2370 1893/3091/2358
f 1885/3081/2349 1893/3091/2372 1894/3092/2360
f 1895/3094/2361 1894/4139/2360 1886/3083/2350
f 1896/3095/2362 1897/3111/2363 1888/3096/2352
f 1897/3098/2363 1898/3099/2376 1889/3087/2364
f 1898/3099/2365 1899/3114/2378 1890/3100/2366
f 1899/3101/2367 1908/3116/2380 1900/3102/2368
f 1900/3104/2368 1908/4140/2380 1901/3105/2369
f 1892/3106/2370 1901/3119/2382 1902/3107/2371
f 1893/3091/2372 1902/3107/2384 1903/3108/2373
f 1894/3109/2360 1903/3122/2373 1896/3095/2362
f 1904/3110/2374 1905/3124/2375 1897/3111/2363
f 1905/3112/2375 1906/3113/2388 1898/3099/2376
f 1906/3113/2377 1907/3127/2390 1899/3114/2378
f 1907/3115/2379 1916/3129/2392 1908/3116/2380
f 1908/3116/2380 1916/3129/2392 1909/3117/2381
f 1901/3119/2382 1909/3131/2394 1910/3120/2383
f 1902/3107/2384 1910/3120/2396 1911/3121/2385
f 1903/3122/2373 1911/3134/2385 1904/3110/2374
f 1912/3123/2386 1913/3136/2387 1905/3124/2375
f 1913/3125/2387 1914/3126/2268 1906/3113/2388
f 1914/3126/2389 1915/3139/2266 1907/3127/2390
f 1915/3128/2391 1924/3141/2402 1916/3129/2392
f 1916/3129/2392 1924/3141/2402 1917/3130/2393
f 1909/3131/2394 1917/3143/2274 1918/3132/2395
f 1910/3120/2396 1918/3132/2272 1919/3133/2397
f 1911/3134/2385 1919/3146/2397 1912/3123/2386
f 1920/3135/2398 1921/3147/2399 1913/3136/2387
f 1921/3137/2399 1922/3138/2406 1914/3126/2268
f 1922/3138/2400 1923/3148/2277 1915/3139/2266
f 1923/3140/2401 1928/3149/2407 1924/3141/2402
f 1924/3141/2402 1928/3149/2407 1925/3142/2403
f 1917/3143/2274 1925/3150/2408 1926/3144/2404
f 1918/3132/2272 1926/3144/2409 1927/3145/2405
f 1919/3146/2397 1927/3151/2405 1920/3135/2398
f 1721/2824/2130 1723/2826/2132 1921/3147/2399
f 1723/2827/2132 1725/2829/2134 1922/3138/2406
f 1725/2829/2135 1727/2831/2135 1923/3148/2277
f 1727/2832/2137 1729/2834/2139 1928/3149/2407
f 1928/3149/2407 1729/2834/2139 1730/2835/2140
f 1925/3150/2408 1730/2838/2142 1732/2837/2142
f 1926/3144/2409 1732/2837/2145 1734/2840/2144
f 1927/3151/2405 1734/2842/2144 1721/2824/2130
f 1929/3152/2410 1933/4141/2410 1930/3153/2410
f 1929/3155/2411 1935/4142/2923 1932/3156/2411
f 1934/3158/51 1937/4143/51 1932/3159/51
f 1934/3161/2412 1938/4144/2412 1936/3162/2412
f 1931/3154/2413 1930/3153/2413 1936/3164/2413
f 1931/3168/2414 1938/4145/2414 1934/4146/2414
f 1934/4146/2414 1935/3166/2414 1931/3168/2414
f 1936/3171/2415 1930/4147/2415 1933/4148/2415
f 1933/4148/2415 1932/3169/2415 1936/3171/2415
f 1939/3172/2416 1943/4149/2416 1940/3173/2416
f 1939/3175/2417 1945/4150/2417 1942/3176/2417
f 1944/3178/51 1947/4151/51 1942/3179/51
f 1944/3181/2418 1948/4152/2418 1946/3182/2418
f 1941/3174/2419 1940/3173/2419 1946/3184/2419
f 1941/4153/2420 1948/4154/2420 1939/3188/2420
f 1948/4154/2420 1944/3186/2420 1939/3188/2420
f 1946/3191/2422 1940/4155/2422 1943/4156/2422
f 1943/4156/2422 1942/3189/2422 1946/3191/2422
f 1949/3192/2424 1953/4157/2424 1950/3193/2424
f 1952/3195/2425 1955/4158/2425 1950/3196/2425
f 1952/3198/51 1957/4159/51 1954/3199/51
f 1956/3201/2426 1958/4160/2426 1954/3202/2426
f 1956/3204/2427 1949/3192/2427 1951/3194/2427
f 1949/3208/2428 1956/4161/2428 1957/3206/2428
f 1957/3206/2428 1952/4162/2428 1953/3207/2428
f 1958/3211/2429 1951/4163/2429 1950/4164/2429
f 1950/4164/2429 1955/3209/2429 1958/3211/2429
f 1959/3212/2430 1963/4165/2430 1960/3213/2430
f 1959/3215/2431 1965/4166/2431 1962/3216/2431
f 1964/3218/50 1967/4167/50 1962/3219/50
f 1964/3221/2432 1968/4168/2432 1966/3222/2432
f 1961/3214/2433 1960/3213/2433 1966/3224/2433
f 1961/4169/2434 1968/4170/2434 1959/3228/2434
f 1968/4170/2434 1964/3226/2434 1959/3228/2434
f 1966/3231/2435 1960/4171/2435 1963/3229/2435
f 1963/3229/2435 1962/4172/2435 1967/3230/2435
f 1969/3232/2436 1973/4173/2436 1970/3233/2436
f 1969/3235/2437 1975/4174/2437 1972/3236/2438
f 1974/3238/2439 1977/4175/2440 1972/3239/2440
f 1974/3241/2441 1978/4176/2441 1976/3242/2442
f 1971/3244/2443 1970/4177/2443 1976/3245/2443
f 1971/3249/2444 1978/4176/2444 1974/3241/2444
f 1974/3241/2444 1975/3247/2444 1971/3249/2444
f 1976/4178/2445 1970/4179/2445 1977/3252/2445
f 1970/4179/2445 1973/3250/2445 1977/3252/2445
f 1979/3253/2446 1983/4180/2446 1980/3254/2446
f 1979/3256/2447 1985/4181/2447 1982/3257/2447
f 1984/3259/2448 1987/4182/2448 1982/3260/2448
f 1986/3262/2449 1988/4183/2449 1987/3263/2449
f 1986/3265/2450 1981/3255/2450 1980/3254/2450
f 1981/4184/2451 1986/4185/2451 1979/3269/2451
f 1986/4185/2451 1984/3267/2451 1979/3269/2451
f 1988/3272/2452 1980/4186/2452 1983/4187/2452
f 1983/4187/2452 1982/3270/2452 1988/3272/2452
f 1989/3273/2453 1992/3276/2456 1990/3274/2454
f 1992/3276/2456 1994/3278/2458 1993/3277/2457
f 1994/3278/2458 1996/3280/2460 1995/3279/2459
f 1996/3280/2460 1998/3282/2462 1997/3281/2461
f 1998/3282/2462 2000/3284/2464 1999/3283/2463
f 2000/3284/2464 2002/3286/2466 2001/3285/2465
f 2002/3286/2466 2004/3288/2468 2003/3287/2467
f 2004/3288/2468 2006/3290/2470 2005/3289/2469
f 2006/3290/2470 2008/3292/2472 2007/3291/2471
f 2008/3292/2472 2010/3294/2474 2009/3293/2473
f 2010/3294/2474 2012/3296/2476 2011/3295/2475
f 2012/3296/2476 2014/3298/2478 2013/3297/2477
f 2014/3298/2478 2016/3300/2480 2015/3299/2479
f 2016/3300/2480 2018/3302/2482 2017/3301/2481
f 2018/3302/2482 2020/3304/2484 2019/3303/2483
f 2020/3304/2484 2022/3306/2486 2021/3305/2485
f 2022/3306/2486 2024/3308/2488 2023/3307/2487
f 2024/3308/2488 2026/3310/2490 2025/3309/2489
f 2026/3310/2490 2028/3312/2492 2027/3311/2491
f 2028/3312/2492 2030/3314/2494 2029/3313/2493
f 2030/3314/2494 2032/3316/2496 2031/3315/2495
f 2032/3316/2496 2034/3318/2498 2033/3317/2497
f 2034/3318/2498 2037/3321/2501 2035/3319/2499
f 2036/3320/2500 2039/3323/2503 2035/3319/2499
f 2038/3322/2502 2041/3325/2505 2039/3323/2503
f 2040/3324/2504 2043/3327/2507 2041/3325/2505
f 2042/3326/2506 2045/3329/2509 2043/3327/2507
f 2044/3328/2508 2047/3331/2511 2045/3329/2509
f 2044/3328/2508 2048/3332/2512 2046/3330/2510
f 2048/3332/2512 2050/3334/2514 2049/3333/2513
f 2050/3334/2514 2052/3336/2516 2051/3335/2515
f 2052/3336/2516 2054/3338/2518 2053/3337/2517
f 2054/3338/2518 2056/3340/2520 2055/3339/2519
f 2056/3340/2520 2058/3342/2522 2057/3341/2521
f 2058/3342/2522 2060/3344/2524 2059/3343/2523
f 2060/3344/2524 2062/3346/2526 2061/3345/2525
f 2062/3346/2526 2064/3348/2528 2063/3347/2527
f 2064/3348/2528 2066/3350/2530 2065/3349/2529
f 2066/3350/2530 2068/3352/2532 2067/3351/2531
f 2068/3352/2532 2070/3354/2534 2069/3353/2533
f 2070/3354/2534 2072/3356/2536 2071/3355/2535
f 2072/3356/2536 2074/3358/2538 2073/3357/2537
f 2074/3358/2538 2076/3360/2540 2075/3359/2539
f 2076/3360/2540 2079/3363/2543 2077/3361/2541
f 2078/3362/2542 2081/3365/2545 2077/3361/2541
f 2080/3364/2544 2083/3367/2547 2081/3365/2545
f 2082/3366/2546 2085/3369/2549 2083/3367/2547
f 2084/3368/2548 2087/3371/2551 2085/3369/2549
f 2086/3370/2550 2089/3373/2553 2087/3371/2551
f 2088/3372/2552 2091/3375/2555 2089/3373/2553
f 2090/3374/2554 2093/3377/2557 2091/3375/2555
f 2092/3376/2556 2095/3379/2559 2093/3377/2557
f 2094/3378/2558 2097/3381/2561 2095/3379/2559
f 2096/3380/2560 2099/3383/2563 2097/3381/2561
f 2098/3382/2562 2101/3385/2565 2099/3383/2563
f 2098/3382/2562 2102/3386/2566 2100/3384/2564
f 2102/3386/2566 2104/3388/2568 2103/3387/2567
f 2104/3388/2568 2107/3391/2571 2105/3389/2569
f 2106/3390/2570 2109/3393/2573 2105/3389/2569
f 2108/3392/2572 2111/3395/2575 2109/3393/2573
f 2110/3394/2574 2113/3397/2577 2111/3395/2575
f 2112/3396/2576 2115/3399/2579 2113/3397/2577
f 2114/3398/2578 2117/3401/2581 2115/3399/2579
f 2116/3400/2580 2119/3403/2583 2117/3401/2581
f 2118/3402/2582 2121/3405/2585 2119/3403/2583
f 2120/3404/2584 2123/3407/2587 2121/3405/2585
f 2122/3406/2586 2125/3409/2589 2123/3407/2587
f 2124/3408/2588 2127/3411/2591 2125/3409/2589
f 2126/3410/2590 2129/3413/2593 2127/3411/2591
f 2128/3412/2592 2131/3415/2595 2129/3413/2593
f 2130/3414/2594 2133/3417/2597 2131/3415/2595
f 2132/3416/2596 2135/3419/2599 2133/3417/2597
f 2134/3418/2598 2137/3421/2601 2135/3419/2599
f 2136/3420/2600 2139/3423/2603 2137/3421/2601
f 2138/3422/2602 2141/3425/2605 2139/3423/2603
f 2140/3424/2604 2143/3427/2607 2141/3425/2605
f 2142/3426/2606 2145/3429/2609 2143/3427/2607
f 2144/3428/2608 2147/3431/2611 2145/3429/2609
f 2146/3430/2610 2149/3433/2613 2147/3431/2611
f 2148/3432/2612 2151/3435/2615 2149/3433/2613
f 2150/3434/2614 2153/3437/2617 2151/3435/2615
f 2152/3436/2616 2155/3439/2619 2153/3437/2617
f 2154/3438/2618 2157/3441/2621 2155/3439/2619
f 2156/3440/2620 2159/3443/2623 2157/3441/2621
f 2158/3442/2622 2161/3445/2625 2159/3443/2623
f 2160/3444/2624 2163/3447/2627 2161/3445/2625
f 2162/3446/2626 2165/3449/2629 2163/3447/2627
f 2164/3448/2628 2167/3451/2631 2165/3449/2629
f 2166/3450/2630 2169/3453/2633 2167/3451/2631
f 2168/3452/2632 2171/3455/2635 2169/3453/2633
f 2170/3454/2634 2173/3457/2637 2171/3455/2635
f 2172/3456/2636 2175/3459/2639 2173/3457/2637
f 2174/3458/2638 2177/3461/2641 2175/3459/2639
f 2176/3460/2640 2179/3463/2643 2177/3461/2641
f 2178/3466/2642 2181/3465/2645 2179/4188/2643
f 2180/3464/2644 2183/3468/2647 2181/3465/2645
f 2182/3467/2646 2185/3470/2649 2183/3468/2647
f 2184/3469/2648 2187/4189/2651 2185/3470/2649
f 2184/4190/2648 2189/4191/2653 2186/4192/2650
f 2188/3474/2652 2191/4193/2924 2186/3475/2650
f 2188/4194/2925 2192/4195/2925 2190/4196/2925
f 2192/4197/2926 2194/4198/2926 2193/4199/2926
f 2194/4200/51 2196/4201/51 2195/4202/51
f 2196/4203/51 2198/4204/51 2197/4205/51
f 2198/4206/51 2200/4207/51 2199/4208/51
f 2200/4209/51 2202/4210/51 2201/4211/51
f 2202/4212/51 2205/4213/51 2203/4214/51
f 2204/4215/53 2207/4215/53 2203/4215/53
f 2206/4216/53 2209/4216/53 2207/4216/53
f 2208/4217/53 2211/4217/53 2209/4217/53
f 2210/4218/53 2213/4218/53 2211/4218/53
f 2212/4219/53 2215/4219/53 2213/4219/53
f 2214/4220/53 2217/4220/53 2215/4220/53
f 2216/4221/53 2643/4221/53 2217/4221/53
f 2218/3505/2654 2222/3509/2658 2219/3506/2655
f 2221/3508/2657 2224/3511/2660 2222/3509/2658
f 2223/3510/2659 2226/3513/2662 2224/3511/2660
f 2225/3512/2661 2228/3515/2664 2226/3513/2662
f 2227/3514/2663 2230/3517/2666 2228/3515/2664
f 2229/3516/2665 2232/3519/2668 2230/3517/2666
f 2231/3518/2667 2234/3521/2670 2232/3519/2668
f 2233/3520/2669 2236/3523/2672 2234/3521/2670
f 2235/3522/2671 2238/3525/2674 2236/3523/2672
f 2237/3524/2673 2240/3527/2676 2238/3525/2674
f 2239/3526/2675 2242/3529/2678 2240/3527/2676
f 2241/3528/2677 2244/3531/2680 2242/3529/2678
f 2243/3530/2679 2246/3533/2682 2244/3531/2680
f 2245/3532/2681 2248/3535/2684 2246/3533/2682
f 2247/3534/2683 2250/3537/2686 2248/3535/2684
f 2249/3536/2685 2252/3539/2688 2250/3537/2686
f 2251/3538/2687 2254/3541/2690 2252/3539/2688
f 2253/3540/2689 2256/3543/2692 2254/3541/2690
f 2255/3542/2691 2258/3545/2694 2256/3543/2692
f 2257/3544/2693 2260/3547/2696 2258/3545/2694
f 2259/3546/2695 2262/3549/2698 2260/3547/2696
f 2261/3548/2697 2264/3551/2700 2262/3549/2698
f 2263/3550/2699 2266/3553/2702 2264/3551/2700
f 2263/3550/2699 2267/3554/2703 2265/3552/2701
f 2267/3554/2703 2269/3556/2705 2268/3555/2704
f 2269/3556/2705 2271/3558/2707 2270/3557/2706
f 2271/3558/2707 2273/3560/2709 2272/3559/2708
f 2273/3560/2709 2276/3563/2712 2274/3561/2710
f 2275/3562/2711 2278/3565/2714 2274/3561/2710
f 2277/3564/2713 2280/3567/2716 2278/3565/2714
f 2279/3566/2715 2282/3569/2718 2280/3567/2716
f 2281/3568/2717 2284/3571/2720 2282/3569/2718
f 2283/3570/2719 2286/3573/2722 2284/3571/2720
f 2285/3572/2721 2288/3575/2724 2286/3573/2722
f 2287/3574/2723 2290/3577/2726 2288/3575/2724
f 2289/3576/2725 2292/3579/2728 2290/3577/2726
f 2291/3578/2727 2294/3581/2730 2292/3579/2728
f 2293/3580/2729 2296/3583/2732 2294/3581/2730
f 2295/3582/2731 2298/3585/2734 2296/3583/2732
f 2297/3584/2733 2300/3587/2736 2298/3585/2734
f 2299/3586/2735 2302/3589/2738 2300/3587/2736
f 2301/3588/2737 2304/3591/2740 2302/3589/2738
f 2303/3590/2739 2306/3593/2742 2304/3591/2740
f 2305/3592/2741 2308/3595/2744 2306/3593/2742
f 2305/3592/2741 2309/3596/2745 2307/3594/2743
f 2309/3596/2745 2311/3598/2747 2310/3597/2746
f 2311/3598/2747 2313/3600/2749 2312/3599/2748
f 2313/3600/2749 2315/3602/2751 2314/3601/2750
f 2315/3602/2751 2317/3604/2753 2316/3603/2752
f 2317/3604/2753 2319/3606/2755 2318/3605/2754
f 2319/3606/2755 2321/3608/2757 2320/3607/2756
f 2321/3608/2757 2323/3610/2759 2322/3609/2758
f 2323/3610/2759 2325/3612/2761 2324/3611/2760
f 2325/3612/2761 2327/3614/2763 2326/3613/2762
f 2327/3614/2763 2330/3617/2766 2328/3615/2764
f 2329/3616/2765 2332/3619/2768 2328/3615/2764
f 2331/3618/2767 2334/3621/2770 2332/3619/2768
f 2333/3620/2769 2336/3623/2772 2334/3621/2770
f 2333/3620/2769 2337/3624/2773 2335/3622/2771
f 2337/3624/2773 2339/3626/2775 2338/3625/2774
f 2339/3626/2775 2341/3628/2777 2340/3627/2776
f 2341/3628/2777 2343/3630/2779 2342/3629/2778
f 2343/3630/2779 2345/3632/2781 2344/3631/2780
f 2345/3632/2781 2347/3634/2783 2346/3633/2782
f 2347/3634/2783 2349/3636/2785 2348/3635/2784
f 2349/3636/2785 2351/3638/2787 2350/3637/2786
f 2351/3638/2787 2353/3640/2789 2352/3639/2788
f 2353/3640/2789 2355/3642/2791 2354/3641/2790
f 2355/3642/2791 2357/3644/2793 2356/3643/2792
f 2357/3644/2793 2359/3646/2795 2358/3645/2794
f 2359/3646/2795 2361/3648/2797 2360/3647/2796
f 2361/3648/2797 2363/3650/2799 2362/3649/2798
f 2363/3650/2799 2365/3652/2801 2364/3651/2800
f 2365/3652/2801 2367/3654/2803 2366/3653/2802
f 2367/3654/2803 2369/3656/2805 2368/3655/2804
f 2369/3656/2805 2371/3658/2807 2370/3657/2806
f 2371/3658/2807 2373/3660/2809 2372/3659/2808
f 2373/3660/2809 2375/3662/2811 2374/3661/2810
f 2375/3662/2811 2377/3664/2813 2376/3663/2812
f 2377/3664/2813 2379/3666/2815 2378/3665/2814
f 2379/3666/2815 2381/3668/2817 2380/3667/2816
f 2381/3668/2817 2383/3670/2819 2382/3669/2818
f 2383/3670/2819 2385/3672/2821 2384/3671/2820
f 2385/3672/2821 2387/3674/2823 2386/3673/2822
f 2387/3674/2823 2389/3676/2825 2388/3675/2824
f 2389/3676/2825 2391/3678/2827 2390/3677/2826
f 2391/3678/2827 2393/3680/2829 2392/3679/2828
f 2393/3680/2829 2395/3682/2831 2394/3681/2830
f 2395/3682/2831 2397/3684/2833 2396/3683/2832
f 2397/3684/2833 2399/3686/2835 2398/3685/2834
f 2399/3686/2835 2401/3688/2837 2400/3687/2836
f 2401/3688/2837 2403/3690/2839 2402/3689/2838
f 2403/3690/2839 2405/3692/2841 2404/3691/2840
f 2405/3692/2841 2407/3694/2843 2406/3693/2842
f 2407/3694/2843 2409/3696/2845 2408/3695/2844
f 2409/3696/2845 2411/4222/2847 2410/3697/2846
f 2411/3698/2847 2413/3701/2849 2412/3699/2848
f 2413/4223/2849 2416/3705/2852 2414/3704/2850
f 2415/3703/2851 2418/3707/2854 2414/3704/2850
f 2415/3703/2851 2420/4224/2927 2417/3706/2853
f 2419/4225/2928 2422/4226/2928 2417/4227/2928
f 2421/4228/2929 2424/4229/2929 2422/4230/2929
f 2423/4231/50 2426/4232/50 2424/4233/50
f 2425/4234/50 2428/4235/50 2426/4236/50
f 2427/4237/50 2430/4238/50 2428/4239/50
f 2429/4240/50 2432/4241/50 2430/4242/50
f 2431/4243/50 2434/4244/50 2432/4245/50
f 2431/4246/53 2435/4246/53 2433/4246/53
f 2435/4247/53 2437/4247/53 2436/4247/53
f 2437/4248/53 2439/4248/53 2438/4248/53
f 2439/4249/53 2441/4249/53 2440/4249/53
f 2441/4250/53 2443/4250/53 2442/4250/53
f 2443/4251/53 2445/4251/53 2444/4251/53
f 2445/4252/53 2644/4252/53 2446/4252/53
f 2447/3736/2855 2450/3739/2857 2448/3737/2856
f 2450/3739/2857 2452/3741/2859 2451/3740/2858
f 2452/3741/2859 2454/3743/2861 2453/3742/2860
f 2454/3743/2861 2456/3745/2863 2455/3744/2862
f 2456/3745/2863 2458/3747/2865 2457/3746/2864
f 2458/3747/2865 2460/3749/2867 2459/3748/2866
f 2460/3749/2867 2462/3751/2869 2461/3750/2868
f 2462/3751/2869 2645/4253/2870 2463/3752/2870
f 2464/3753/2856 2468/3757/2857 2465/3754/2855
f 2467/3756/2858 2470/3759/2859 2468/3757/2857
f 2469/3758/2860 2472/3761/2861 2470/3759/2859
f 2471/3760/2862 2474/3763/2863 2472/3761/2861
f 2473/3762/2864 2476/3765/2865 2474/3763/2863
f 2475/3764/2866 2478/3767/2867 2476/3765/2865
f 2477/3766/2868 2480/3769/2869 2478/3767/2867
f 2479/3768/2870 2646/4254/2870 2480/3769/2869
f 2481/3770/2871 2484/3773/1923 2482/3771/2872
f 2484/3773/1923 2486/3775/2874 2485/3774/2873
f 2486/3775/2874 2488/3777/2876 2487/3776/2875
f 2488/3777/2876 2490/3779/2878 2489/3778/2877
f 2490/3779/2878 2492/3781/2880 2491/3780/2879
f 2492/3781/2880 2494/3783/2882 2493/3782/2881
f 2494/3783/2882 2647/4255/2883 2495/3784/2883
f 2496/3785/2872 2500/3789/1923 2497/3786/2871
f 2499/3788/2873 2502/3791/2874 2500/3789/1923
f 2501/3790/2875 2504/3793/2876 2502/3791/2874
f 2503/3792/2877 2506/3795/2878 2504/3793/2876
f 2505/3794/2879 2508/3797/2880 2506/3795/2878
f 2507/3796/2881 2510/3799/2882 2508/3797/2880
f 2509/3798/2883 2648/4256/2883 2510/3799/2882
f 2511/3800/2884 2514/3803/2886 2512/3801/2885
f 2514/3803/2886 2516/3805/2887 2515/3804/2887
f 2516/3805/2887 2518/3807/2888 2517/3806/2888
f 2518/3807/2888 2520/3809/2889 2519/3808/2889
f 2520/3809/2889 2522/3811/2890 2521/3810/2890
f 2522/3811/2890 2524/3813/2891 2523/3812/2891
f 2524/3813/2891 2526/3815/2892 2525/3814/2892
f 2526/3815/2892 2529/3818/2893 2527/3816/2893
f 2528/3817/2894 2531/3820/2894 2527/3816/2893
f 2530/3819/2895 2649/4257/2895 2531/3820/2894
f 2532/3821/2885 2536/3825/2886 2533/3822/2884
f 2535/3824/2887 2538/3827/2887 2536/3825/2886
f 2537/3826/2888 2540/3829/2888 2538/3827/2887
f 2539/3828/2889 2542/3831/2889 2540/3829/2888
f 2541/3830/2890 2544/3833/2890 2542/3831/2889
f 2543/3832/2891 2546/3835/2891 2544/3833/2890
f 2545/3834/2892 2548/3837/2892 2546/3835/2891
f 2547/3836/2893 2550/3839/2893 2548/3837/2892
f 2547/3836/2893 2551/3840/2894 2549/3838/2894
f 2551/3840/2894 2650/4258/2895 2552/3841/2895
f 2553/3842/2896 2557/3846/2896 2554/3843/2897
f 2556/3845/2898 2559/3848/2898 2557/3846/2896
f 2558/3847/2899 2561/3850/2901 2559/3848/2898
f 2560/3849/2900 2563/3852/2903 2561/3850/2901
f 2562/3851/2902 2565/3854/2902 2563/3852/2903
f 2564/3853/2904 2651/4259/2904 2565/3854/2902
f 2566/3855/2897 2569/3858/2896 2567/3856/2896
f 2569/3858/2896 2571/3860/2898 2570/3859/2898
f 2571/3860/2898 2573/3862/2901 2572/3861/2899
f 2573/3862/2901 2575/3864/2903 2574/3863/2900
f 2575/3864/2903 2577/3866/2902 2576/3865/2902
f 2577/3866/2902 2652/4260/2904 2578/3867/2904
f 2579/3868/2905 2583/3872/2905 2580/3869/2906
f 2582/3871/2907 2585/3874/2907 2583/3872/2905
f 2584/3873/2908 2587/3876/2908 2585/3874/2907
f 2586/3875/2909 2589/3878/2909 2587/3876/2908
f 2588/3877/2910 2591/3880/2912 2589/3878/2909
f 2590/3879/2911 2593/3882/2911 2591/3880/2912
f 2592/3881/2913 2595/3884/2913 2593/3882/2911
f 2594/3883/2914 2597/3886/2914 2595/3884/2913
f 2596/3885/2915 2599/3888/2915 2597/3886/2914
f 2598/3887/2916 2653/4261/2916 2599/3888/2915
f 2600/3889/2906 2603/3892/2905 2601/3890/2905
f 2603/3892/2905 2605/3894/2907 2604/3893/2907
f 2605/3894/2907 2607/3896/2908 2606/3895/2908
f 2607/3896/2908 2609/3898/2909 2608/3897/2909
f 2609/3898/2909 2611/3900/2912 2610/3899/2910
f 2611/3900/2912 2613/3902/2911 2612/3901/2911
f 2613/3902/2911 2615/3904/2913 2614/3903/2913
f 2615/3904/2913 2617/3906/2914 2616/3905/2914
f 2617/3906/2914 2619/3908/2915 2618/3907/2915
f 2619/3908/2915 2654/4262/2916 2620/3909/2916
f 2621/3910/2917 2625/3914/2917 2622/3911/2918
f 2624/3913/2919 2627/3916/2919 2625/3914/2917
f 2626/3915/2920 2629/3918/2920 2627/3916/2919
f 2628/3917/2916 2631/3920/2916 2629/3918/2920
f 2630/3919/2921 2655/4263/2921 2631/3920/2916
f 2632/3921/2918 2635/3924/2917 2633/3922/2917
f 2635/3924/2917 2637/3926/2919 2636/3925/2919
f 2637/3926/2919 2639/3928/2920 2638/3927/2920
f 2639/3928/2920 2641/3930/2916 2640/3929/2916
f 2641/3930/2916 2656/4264/2921 2642/3931/2921
