# rig: shed roof. 33 corrugations at 0.300 m, amp 0.045, 3 holes rusted through. Falls 0.190 m to a fascia at the front eave.
# Loom axes -- metres, Y up, forward -Z. V flipped on export.
# Generated by tools/mesh/rig; never edit this file.
# Blender 5.2.0 LTS
# www.blender.org
v -4.900000 0.060000 -2.400000
v -4.603030 0.150000 -2.400000
v -4.603030 0.112000 -1.444000
v -4.900000 0.022000 -1.444000
v -4.900000 -0.150000 -2.400000
v -4.603030 -0.150000 -2.400000
v -4.603030 -0.150000 -1.444000
v -4.900000 -0.150000 -1.444000
v -4.900000 0.022000 -1.444000
v -4.603030 0.112000 -1.444000
v -4.603030 0.074000 -0.488000
v -4.900000 -0.016000 -0.488000
v -4.900000 -0.150000 -1.444000
v -4.603030 -0.150000 -1.444000
v -4.603030 -0.150000 -0.488000
v -4.900000 -0.150000 -0.488000
v -4.900000 -0.016000 -0.488000
v -4.603030 0.074000 -0.488000
v -4.603030 0.036000 0.468000
v -4.900000 -0.054000 0.468000
v -4.900000 -0.150000 -0.488000
v -4.603030 -0.150000 -0.488000
v -4.603030 -0.150000 0.468000
v -4.900000 -0.150000 0.468000
v -4.900000 -0.054000 0.468000
v -4.603030 0.036000 0.468000
v -4.603030 -0.002000 1.424000
v -4.900000 -0.092000 1.424000
v -4.900000 -0.150000 0.468000
v -4.603030 -0.150000 0.468000
v -4.603030 -0.150000 1.424000
v -4.900000 -0.150000 1.424000
v -4.900000 -0.092000 1.424000
v -4.603030 -0.002000 1.424000
v -4.603030 -0.040000 2.380000
v -4.900000 -0.130000 2.380000
v -4.900000 -0.150000 1.424000
v -4.603030 -0.150000 1.424000
v -4.603030 -0.150000 2.380000
v -4.900000 -0.150000 2.380000
v -4.603030 0.150000 -2.400000
v -4.306061 0.060000 -2.400000
v -4.306061 0.022000 -1.444000
v -4.603030 0.112000 -1.444000
v -4.603030 -0.150000 -2.400000
v -4.306061 -0.150000 -2.400000
v -4.306061 -0.150000 -1.444000
v -4.603030 -0.150000 -1.444000
v -4.603030 0.112000 -1.444000
v -4.306061 0.022000 -1.444000
v -4.306061 -0.016000 -0.488000
v -4.603030 0.074000 -0.488000
v -4.603030 -0.150000 -1.444000
v -4.306061 -0.150000 -1.444000
v -4.306061 -0.150000 -0.488000
v -4.603030 -0.150000 -0.488000
v -4.603030 0.074000 -0.488000
v -4.306061 -0.016000 -0.488000
v -4.306061 -0.054000 0.468000
v -4.603030 0.036000 0.468000
v -4.603030 -0.150000 -0.488000
v -4.306061 -0.150000 -0.488000
v -4.306061 -0.150000 0.468000
v -4.603030 -0.150000 0.468000
v -4.603030 0.036000 0.468000
v -4.306061 -0.054000 0.468000
v -4.306061 -0.092000 1.424000
v -4.603030 -0.002000 1.424000
v -4.603030 -0.150000 0.468000
v -4.306061 -0.150000 0.468000
v -4.306061 -0.150000 1.424000
v -4.603030 -0.150000 1.424000
v -4.603030 -0.002000 1.424000
v -4.306061 -0.092000 1.424000
v -4.306061 -0.130000 2.380000
v -4.603030 -0.040000 2.380000
v -4.603030 -0.150000 1.424000
v -4.306061 -0.150000 1.424000
v -4.306061 -0.150000 2.380000
v -4.603030 -0.150000 2.380000
v -4.306061 0.060000 -2.400000
v -4.009091 0.150000 -2.400000
v -4.009091 0.112000 -1.444000
v -4.306061 0.022000 -1.444000
v -4.306061 -0.150000 -2.400000
v -4.009091 -0.150000 -2.400000
v -4.009091 -0.150000 -1.444000
v -4.306061 -0.150000 -1.444000
v -4.306061 0.022000 -1.444000
v -4.009091 0.112000 -1.444000
v -4.009091 0.074000 -0.488000
v -4.306061 -0.016000 -0.488000
v -4.306061 -0.150000 -1.444000
v -4.009091 -0.150000 -1.444000
v -4.009091 -0.150000 -0.488000
v -4.306061 -0.150000 -0.488000
v -4.306061 -0.016000 -0.488000
v -4.009091 0.074000 -0.488000
v -4.009091 0.036000 0.468000
v -4.306061 -0.054000 0.468000
v -4.306061 -0.150000 -0.488000
v -4.009091 -0.150000 -0.488000
v -4.009091 -0.150000 0.468000
v -4.306061 -0.150000 0.468000
v -4.306061 -0.054000 0.468000
v -4.009091 0.036000 0.468000
v -4.009091 -0.002000 1.424000
v -4.306061 -0.092000 1.424000
v -4.306061 -0.150000 0.468000
v -4.009091 -0.150000 0.468000
v -4.009091 -0.150000 1.424000
v -4.306061 -0.150000 1.424000
v -4.306061 -0.092000 1.424000
v -4.009091 -0.002000 1.424000
v -4.009091 -0.040000 2.380000
v -4.306061 -0.130000 2.380000
v -4.306061 -0.150000 1.424000
v -4.009091 -0.150000 1.424000
v -4.009091 -0.150000 2.380000
v -4.306061 -0.150000 2.380000
v -4.009091 0.150000 -2.400000
v -3.712121 0.060000 -2.400000
v -3.712121 0.022000 -1.444000
v -4.009091 0.112000 -1.444000
v -4.009091 -0.150000 -2.400000
v -3.712121 -0.150000 -2.400000
v -3.712121 -0.150000 -1.444000
v -4.009091 -0.150000 -1.444000
v -4.009091 0.112000 -1.444000
v -3.712121 0.022000 -1.444000
v -3.712121 -0.016000 -0.488000
v -4.009091 0.074000 -0.488000
v -4.009091 -0.150000 -1.444000
v -3.712121 -0.150000 -1.444000
v -3.712121 -0.150000 -0.488000
v -4.009091 -0.150000 -0.488000
v -4.009091 0.074000 -0.488000
v -3.712121 -0.016000 -0.488000
v -3.712121 -0.054000 0.468000
v -4.009091 0.036000 0.468000
v -4.009091 -0.150000 -0.488000
v -3.712121 -0.150000 -0.488000
v -3.712121 -0.150000 0.468000
v -4.009091 -0.150000 0.468000
v -4.009091 0.036000 0.468000
v -3.712121 -0.054000 0.468000
v -3.712121 -0.092000 1.424000
v -4.009091 -0.002000 1.424000
v -4.009091 -0.150000 0.468000
v -3.712121 -0.150000 0.468000
v -3.712121 -0.150000 1.424000
v -4.009091 -0.150000 1.424000
v -4.009091 -0.002000 1.424000
v -3.712121 -0.092000 1.424000
v -3.712121 -0.130000 2.380000
v -4.009091 -0.040000 2.380000
v -4.009091 -0.150000 1.424000
v -3.712121 -0.150000 1.424000
v -3.712121 -0.150000 2.380000
v -4.009091 -0.150000 2.380000
v -3.712121 0.060000 -2.400000
v -3.415152 0.150000 -2.400000
v -3.415152 0.112000 -1.444000
v -3.712121 0.022000 -1.444000
v -3.712121 -0.150000 -2.400000
v -3.415152 -0.150000 -2.400000
v -3.415152 -0.150000 -1.444000
v -3.712121 -0.150000 -1.444000
v -3.712121 0.022000 -1.444000
v -3.415152 0.112000 -1.444000
v -3.415152 0.074000 -0.488000
v -3.712121 -0.016000 -0.488000
v -3.712121 -0.150000 -1.444000
v -3.415152 -0.150000 -1.444000
v -3.415152 -0.150000 -0.488000
v -3.712121 -0.150000 -0.488000
v -3.712121 -0.016000 -0.488000
v -3.415152 0.074000 -0.488000
v -3.415152 0.036000 0.468000
v -3.712121 -0.054000 0.468000
v -3.712121 -0.150000 -0.488000
v -3.415152 -0.150000 -0.488000
v -3.415152 -0.150000 0.468000
v -3.712121 -0.150000 0.468000
v -3.712121 -0.054000 0.468000
v -3.415152 0.036000 0.468000
v -3.415152 -0.002000 1.424000
v -3.712121 -0.092000 1.424000
v -3.712121 -0.150000 0.468000
v -3.415152 -0.150000 0.468000
v -3.415152 -0.150000 1.424000
v -3.712121 -0.150000 1.424000
v -3.712121 -0.092000 1.424000
v -3.415152 -0.002000 1.424000
v -3.415152 -0.040000 2.380000
v -3.712121 -0.130000 2.380000
v -3.712121 -0.150000 1.424000
v -3.415152 -0.150000 1.424000
v -3.415152 -0.150000 2.380000
v -3.712121 -0.150000 2.380000
v -3.415152 0.150000 -2.400000
v -3.118182 0.060000 -2.400000
v -3.118182 0.022000 -1.444000
v -3.415152 0.112000 -1.444000
v -3.415152 -0.150000 -2.400000
v -3.118182 -0.150000 -2.400000
v -3.118182 -0.150000 -1.444000
v -3.415152 -0.150000 -1.444000
v -3.415152 0.112000 -1.444000
v -3.118182 0.022000 -1.444000
v -3.118182 -0.016000 -0.488000
v -3.415152 0.074000 -0.488000
v -3.415152 -0.150000 -1.444000
v -3.118182 -0.150000 -1.444000
v -3.118182 -0.150000 -0.488000
v -3.415152 -0.150000 -0.488000
v -3.415152 0.074000 -0.488000
v -3.118182 -0.016000 -0.488000
v -3.118182 -0.054000 0.468000
v -3.415152 0.036000 0.468000
v -3.415152 -0.150000 -0.488000
v -3.118182 -0.150000 -0.488000
v -3.118182 -0.150000 0.468000
v -3.415152 -0.150000 0.468000
v -3.415152 0.036000 0.468000
v -3.118182 -0.054000 0.468000
v -3.118182 -0.092000 1.424000
v -3.415152 -0.002000 1.424000
v -3.415152 -0.150000 0.468000
v -3.118182 -0.150000 0.468000
v -3.118182 -0.150000 1.424000
v -3.415152 -0.150000 1.424000
v -3.415152 -0.002000 1.424000
v -3.118182 -0.092000 1.424000
v -3.118182 -0.130000 2.380000
v -3.415152 -0.040000 2.380000
v -3.415152 -0.150000 1.424000
v -3.118182 -0.150000 1.424000
v -3.118182 -0.150000 2.380000
v -3.415152 -0.150000 2.380000
v -3.118182 0.060000 -2.400000
v -2.821212 0.150000 -2.400000
v -2.821212 0.112000 -1.444000
v -3.118182 0.022000 -1.444000
v -3.118182 -0.150000 -2.400000
v -2.821212 -0.150000 -2.400000
v -2.821212 -0.150000 -1.444000
v -3.118182 -0.150000 -1.444000
v -3.118182 0.022000 -1.444000
v -2.821212 0.112000 -1.444000
v -2.821212 0.074000 -0.488000
v -3.118182 -0.016000 -0.488000
v -3.118182 -0.150000 -1.444000
v -2.821212 -0.150000 -1.444000
v -2.821212 -0.150000 -0.488000
v -3.118182 -0.150000 -0.488000
v -3.118182 -0.016000 -0.488000
v -2.821212 0.074000 -0.488000
v -2.821212 0.036000 0.468000
v -3.118182 -0.054000 0.468000
v -3.118182 -0.150000 -0.488000
v -2.821212 -0.150000 -0.488000
v -2.821212 -0.150000 0.468000
v -3.118182 -0.150000 0.468000
v -3.118182 -0.054000 0.468000
v -2.821212 0.036000 0.468000
v -2.821212 -0.002000 1.424000
v -3.118182 -0.092000 1.424000
v -3.118182 -0.150000 0.468000
v -2.821212 -0.150000 0.468000
v -2.821212 -0.150000 1.424000
v -3.118182 -0.150000 1.424000
v -3.118182 -0.092000 1.424000
v -2.821212 -0.002000 1.424000
v -2.821212 -0.040000 2.380000
v -3.118182 -0.130000 2.380000
v -3.118182 -0.150000 1.424000
v -2.821212 -0.150000 1.424000
v -2.821212 -0.150000 2.380000
v -3.118182 -0.150000 2.380000
v -2.821212 0.150000 -2.400000
v -2.524242 0.060000 -2.400000
v -2.524242 0.022000 -1.444000
v -2.821212 0.112000 -1.444000
v -2.821212 -0.150000 -2.400000
v -2.524242 -0.150000 -2.400000
v -2.524242 -0.150000 -1.444000
v -2.821212 -0.150000 -1.444000
v -2.821212 0.074000 -0.488000
v -2.524242 -0.016000 -0.488000
v -2.524242 -0.054000 0.468000
v -2.821212 0.036000 0.468000
v -2.821212 -0.150000 -0.488000
v -2.524242 -0.150000 -0.488000
v -2.524242 -0.150000 0.468000
v -2.821212 -0.150000 0.468000
v -2.821212 0.036000 0.468000
v -2.524242 -0.054000 0.468000
v -2.524242 -0.092000 1.424000
v -2.821212 -0.002000 1.424000
v -2.821212 -0.150000 0.468000
v -2.524242 -0.150000 0.468000
v -2.524242 -0.150000 1.424000
v -2.821212 -0.150000 1.424000
v -2.821212 -0.002000 1.424000
v -2.524242 -0.092000 1.424000
v -2.524242 -0.130000 2.380000
v -2.821212 -0.040000 2.380000
v -2.821212 -0.150000 1.424000
v -2.524242 -0.150000 1.424000
v -2.524242 -0.150000 2.380000
v -2.821212 -0.150000 2.380000
v -2.524242 0.060000 -2.400000
v -2.227273 0.150000 -2.400000
v -2.227273 0.112000 -1.444000
v -2.524242 0.022000 -1.444000
v -2.524242 -0.150000 -2.400000
v -2.227273 -0.150000 -2.400000
v -2.227273 -0.150000 -1.444000
v -2.524242 -0.150000 -1.444000
v -2.524242 -0.016000 -0.488000
v -2.227273 0.074000 -0.488000
v -2.227273 0.036000 0.468000
v -2.524242 -0.054000 0.468000
v -2.524242 -0.150000 -0.488000
v -2.227273 -0.150000 -0.488000
v -2.227273 -0.150000 0.468000
v -2.524242 -0.150000 0.468000
v -2.524242 -0.054000 0.468000
v -2.227273 0.036000 0.468000
v -2.227273 -0.002000 1.424000
v -2.524242 -0.092000 1.424000
v -2.524242 -0.150000 0.468000
v -2.227273 -0.150000 0.468000
v -2.227273 -0.150000 1.424000
v -2.524242 -0.150000 1.424000
v -2.524242 -0.092000 1.424000
v -2.227273 -0.002000 1.424000
v -2.227273 -0.040000 2.380000
v -2.524242 -0.130000 2.380000
v -2.524242 -0.150000 1.424000
v -2.227273 -0.150000 1.424000
v -2.227273 -0.150000 2.380000
v -2.524242 -0.150000 2.380000
v -2.227273 0.150000 -2.400000
v -1.930303 0.060000 -2.400000
v -1.930303 0.022000 -1.444000
v -2.227273 0.112000 -1.444000
v -2.227273 -0.150000 -2.400000
v -1.930303 -0.150000 -2.400000
v -1.930303 -0.150000 -1.444000
v -2.227273 -0.150000 -1.444000
v -2.227273 0.112000 -1.444000
v -1.930303 0.022000 -1.444000
v -1.930303 -0.016000 -0.488000
v -2.227273 0.074000 -0.488000
v -2.227273 -0.150000 -1.444000
v -1.930303 -0.150000 -1.444000
v -1.930303 -0.150000 -0.488000
v -2.227273 -0.150000 -0.488000
v -2.227273 0.074000 -0.488000
v -1.930303 -0.016000 -0.488000
v -1.930303 -0.054000 0.468000
v -2.227273 0.036000 0.468000
v -2.227273 -0.150000 -0.488000
v -1.930303 -0.150000 -0.488000
v -1.930303 -0.150000 0.468000
v -2.227273 -0.150000 0.468000
v -2.227273 0.036000 0.468000
v -1.930303 -0.054000 0.468000
v -1.930303 -0.092000 1.424000
v -2.227273 -0.002000 1.424000
v -2.227273 -0.150000 0.468000
v -1.930303 -0.150000 0.468000
v -1.930303 -0.150000 1.424000
v -2.227273 -0.150000 1.424000
v -2.227273 -0.002000 1.424000
v -1.930303 -0.092000 1.424000
v -1.930303 -0.130000 2.380000
v -2.227273 -0.040000 2.380000
v -2.227273 -0.150000 1.424000
v -1.930303 -0.150000 1.424000
v -1.930303 -0.150000 2.380000
v -2.227273 -0.150000 2.380000
v -1.930303 0.060000 -2.400000
v -1.633333 0.150000 -2.400000
v -1.633333 0.112000 -1.444000
v -1.930303 0.022000 -1.444000
v -1.930303 -0.150000 -2.400000
v -1.633333 -0.150000 -2.400000
v -1.633333 -0.150000 -1.444000
v -1.930303 -0.150000 -1.444000
v -1.930303 0.022000 -1.444000
v -1.633333 0.112000 -1.444000
v -1.633333 0.074000 -0.488000
v -1.930303 -0.016000 -0.488000
v -1.930303 -0.150000 -1.444000
v -1.633333 -0.150000 -1.444000
v -1.633333 -0.150000 -0.488000
v -1.930303 -0.150000 -0.488000
v -1.930303 -0.016000 -0.488000
v -1.633333 0.074000 -0.488000
v -1.633333 0.036000 0.468000
v -1.930303 -0.054000 0.468000
v -1.930303 -0.150000 -0.488000
v -1.633333 -0.150000 -0.488000
v -1.633333 -0.150000 0.468000
v -1.930303 -0.150000 0.468000
v -1.930303 -0.054000 0.468000
v -1.633333 0.036000 0.468000
v -1.633333 -0.002000 1.424000
v -1.930303 -0.092000 1.424000
v -1.930303 -0.150000 0.468000
v -1.633333 -0.150000 0.468000
v -1.633333 -0.150000 1.424000
v -1.930303 -0.150000 1.424000
v -1.930303 -0.092000 1.424000
v -1.633333 -0.002000 1.424000
v -1.633333 -0.040000 2.380000
v -1.930303 -0.130000 2.380000
v -1.930303 -0.150000 1.424000
v -1.633333 -0.150000 1.424000
v -1.633333 -0.150000 2.380000
v -1.930303 -0.150000 2.380000
v -1.633333 0.150000 -2.400000
v -1.336364 0.060000 -2.400000
v -1.336364 0.022000 -1.444000
v -1.633333 0.112000 -1.444000
v -1.633333 -0.150000 -2.400000
v -1.336364 -0.150000 -2.400000
v -1.336364 -0.150000 -1.444000
v -1.633333 -0.150000 -1.444000
v -1.633333 0.112000 -1.444000
v -1.336364 0.022000 -1.444000
v -1.336364 -0.016000 -0.488000
v -1.633333 0.074000 -0.488000
v -1.633333 -0.150000 -1.444000
v -1.336364 -0.150000 -1.444000
v -1.336364 -0.150000 -0.488000
v -1.633333 -0.150000 -0.488000
v -1.633333 0.074000 -0.488000
v -1.336364 -0.016000 -0.488000
v -1.336364 -0.054000 0.468000
v -1.633333 0.036000 0.468000
v -1.633333 -0.150000 -0.488000
v -1.336364 -0.150000 -0.488000
v -1.336364 -0.150000 0.468000
v -1.633333 -0.150000 0.468000
v -1.633333 0.036000 0.468000
v -1.336364 -0.054000 0.468000
v -1.336364 -0.092000 1.424000
v -1.633333 -0.002000 1.424000
v -1.633333 -0.150000 0.468000
v -1.336364 -0.150000 0.468000
v -1.336364 -0.150000 1.424000
v -1.633333 -0.150000 1.424000
v -1.633333 -0.002000 1.424000
v -1.336364 -0.092000 1.424000
v -1.336364 -0.130000 2.380000
v -1.633333 -0.040000 2.380000
v -1.633333 -0.150000 1.424000
v -1.336364 -0.150000 1.424000
v -1.336364 -0.150000 2.380000
v -1.633333 -0.150000 2.380000
v -1.336364 0.060000 -2.400000
v -1.039394 0.150000 -2.400000
v -1.039394 0.112000 -1.444000
v -1.336364 0.022000 -1.444000
v -1.336364 -0.150000 -2.400000
v -1.039394 -0.150000 -2.400000
v -1.039394 -0.150000 -1.444000
v -1.336364 -0.150000 -1.444000
v -1.336364 0.022000 -1.444000
v -1.039394 0.112000 -1.444000
v -1.039394 0.074000 -0.488000
v -1.336364 -0.016000 -0.488000
v -1.336364 -0.150000 -1.444000
v -1.039394 -0.150000 -1.444000
v -1.039394 -0.150000 -0.488000
v -1.336364 -0.150000 -0.488000
v -1.336364 -0.016000 -0.488000
v -1.039394 0.074000 -0.488000
v -1.039394 0.036000 0.468000
v -1.336364 -0.054000 0.468000
v -1.336364 -0.150000 -0.488000
v -1.039394 -0.150000 -0.488000
v -1.039394 -0.150000 0.468000
v -1.336364 -0.150000 0.468000
v -1.336364 -0.054000 0.468000
v -1.039394 0.036000 0.468000
v -1.039394 -0.002000 1.424000
v -1.336364 -0.092000 1.424000
v -1.336364 -0.150000 0.468000
v -1.039394 -0.150000 0.468000
v -1.039394 -0.150000 1.424000
v -1.336364 -0.150000 1.424000
v -1.336364 -0.092000 1.424000
v -1.039394 -0.002000 1.424000
v -1.039394 -0.040000 2.380000
v -1.336364 -0.130000 2.380000
v -1.336364 -0.150000 1.424000
v -1.039394 -0.150000 1.424000
v -1.039394 -0.150000 2.380000
v -1.336364 -0.150000 2.380000
v -1.039394 0.150000 -2.400000
v -0.742424 0.060000 -2.400000
v -0.742424 0.022000 -1.444000
v -1.039394 0.112000 -1.444000
v -1.039394 -0.150000 -2.400000
v -0.742424 -0.150000 -2.400000
v -0.742424 -0.150000 -1.444000
v -1.039394 -0.150000 -1.444000
v -1.039394 0.112000 -1.444000
v -0.742424 0.022000 -1.444000
v -0.742424 -0.016000 -0.488000
v -1.039394 0.074000 -0.488000
v -1.039394 -0.150000 -1.444000
v -0.742424 -0.150000 -1.444000
v -0.742424 -0.150000 -0.488000
v -1.039394 -0.150000 -0.488000
v -1.039394 0.074000 -0.488000
v -0.742424 -0.016000 -0.488000
v -0.742424 -0.054000 0.468000
v -1.039394 0.036000 0.468000
v -1.039394 -0.150000 -0.488000
v -0.742424 -0.150000 -0.488000
v -0.742424 -0.150000 0.468000
v -1.039394 -0.150000 0.468000
v -1.039394 0.036000 0.468000
v -0.742424 -0.054000 0.468000
v -0.742424 -0.092000 1.424000
v -1.039394 -0.002000 1.424000
v -1.039394 -0.150000 0.468000
v -0.742424 -0.150000 0.468000
v -0.742424 -0.150000 1.424000
v -1.039394 -0.150000 1.424000
v -1.039394 -0.002000 1.424000
v -0.742424 -0.092000 1.424000
v -0.742424 -0.130000 2.380000
v -1.039394 -0.040000 2.380000
v -1.039394 -0.150000 1.424000
v -0.742424 -0.150000 1.424000
v -0.742424 -0.150000 2.380000
v -1.039394 -0.150000 2.380000
v -0.742424 0.060000 -2.400000
v -0.445455 0.150000 -2.400000
v -0.445455 0.112000 -1.444000
v -0.742424 0.022000 -1.444000
v -0.742424 -0.150000 -2.400000
v -0.445455 -0.150000 -2.400000
v -0.445455 -0.150000 -1.444000
v -0.742424 -0.150000 -1.444000
v -0.742424 0.022000 -1.444000
v -0.445455 0.112000 -1.444000
v -0.445455 0.074000 -0.488000
v -0.742424 -0.016000 -0.488000
v -0.742424 -0.150000 -1.444000
v -0.445455 -0.150000 -1.444000
v -0.445455 -0.150000 -0.488000
v -0.742424 -0.150000 -0.488000
v -0.742424 -0.016000 -0.488000
v -0.445455 0.074000 -0.488000
v -0.445455 0.036000 0.468000
v -0.742424 -0.054000 0.468000
v -0.742424 -0.150000 -0.488000
v -0.445455 -0.150000 -0.488000
v -0.445455 -0.150000 0.468000
v -0.742424 -0.150000 0.468000
v -0.742424 -0.054000 0.468000
v -0.445455 0.036000 0.468000
v -0.445455 -0.002000 1.424000
v -0.742424 -0.092000 1.424000
v -0.742424 -0.150000 0.468000
v -0.445455 -0.150000 0.468000
v -0.445455 -0.150000 1.424000
v -0.742424 -0.150000 1.424000
v -0.742424 -0.092000 1.424000
v -0.445455 -0.002000 1.424000
v -0.445455 -0.040000 2.380000
v -0.742424 -0.130000 2.380000
v -0.742424 -0.150000 1.424000
v -0.445455 -0.150000 1.424000
v -0.445455 -0.150000 2.380000
v -0.742424 -0.150000 2.380000
v -0.445455 0.150000 -2.400000
v -0.148485 0.060000 -2.400000
v -0.148485 0.022000 -1.444000
v -0.445455 0.112000 -1.444000
v -0.445455 -0.150000 -2.400000
v -0.148485 -0.150000 -2.400000
v -0.148485 -0.150000 -1.444000
v -0.445455 -0.150000 -1.444000
v -0.445455 0.112000 -1.444000
v -0.148485 0.022000 -1.444000
v -0.148485 -0.016000 -0.488000
v -0.445455 0.074000 -0.488000
v -0.445455 -0.150000 -1.444000
v -0.148485 -0.150000 -1.444000
v -0.148485 -0.150000 -0.488000
v -0.445455 -0.150000 -0.488000
v -0.445455 0.074000 -0.488000
v -0.148485 -0.016000 -0.488000
v -0.148485 -0.054000 0.468000
v -0.445455 0.036000 0.468000
v -0.445455 -0.150000 -0.488000
v -0.148485 -0.150000 -0.488000
v -0.148485 -0.150000 0.468000
v -0.445455 -0.150000 0.468000
v -0.445455 0.036000 0.468000
v -0.148485 -0.054000 0.468000
v -0.148485 -0.092000 1.424000
v -0.445455 -0.002000 1.424000
v -0.445455 -0.150000 0.468000
v -0.148485 -0.150000 0.468000
v -0.148485 -0.150000 1.424000
v -0.445455 -0.150000 1.424000
v -0.445455 -0.002000 1.424000
v -0.148485 -0.092000 1.424000
v -0.148485 -0.130000 2.380000
v -0.445455 -0.040000 2.380000
v -0.445455 -0.150000 1.424000
v -0.148485 -0.150000 1.424000
v -0.148485 -0.150000 2.380000
v -0.445455 -0.150000 2.380000
v -0.148485 0.060000 -2.400000
v 0.148485 0.150000 -2.400000
v 0.148485 0.112000 -1.444000
v -0.148485 0.022000 -1.444000
v -0.148485 -0.150000 -2.400000
v 0.148485 -0.150000 -2.400000
v 0.148485 -0.150000 -1.444000
v -0.148485 -0.150000 -1.444000
v -0.148485 0.022000 -1.444000
v 0.148485 0.112000 -1.444000
v 0.148485 0.074000 -0.488000
v -0.148485 -0.016000 -0.488000
v -0.148485 -0.150000 -1.444000
v 0.148485 -0.150000 -1.444000
v 0.148485 -0.150000 -0.488000
v -0.148485 -0.150000 -0.488000
v -0.148485 -0.016000 -0.488000
v 0.148485 0.074000 -0.488000
v 0.148485 0.036000 0.468000
v -0.148485 -0.054000 0.468000
v -0.148485 -0.150000 -0.488000
v 0.148485 -0.150000 -0.488000
v 0.148485 -0.150000 0.468000
v -0.148485 -0.150000 0.468000
v -0.148485 -0.054000 0.468000
v 0.148485 0.036000 0.468000
v 0.148485 -0.002000 1.424000
v -0.148485 -0.092000 1.424000
v -0.148485 -0.150000 0.468000
v 0.148485 -0.150000 0.468000
v 0.148485 -0.150000 1.424000
v -0.148485 -0.150000 1.424000
v -0.148485 -0.092000 1.424000
v 0.148485 -0.002000 1.424000
v 0.148485 -0.040000 2.380000
v -0.148485 -0.130000 2.380000
v -0.148485 -0.150000 1.424000
v 0.148485 -0.150000 1.424000
v 0.148485 -0.150000 2.380000
v -0.148485 -0.150000 2.380000
v 0.148485 0.150000 -2.400000
v 0.445455 0.060000 -2.400000
v 0.445455 0.022000 -1.444000
v 0.148485 0.112000 -1.444000
v 0.148485 -0.150000 -2.400000
v 0.445455 -0.150000 -2.400000
v 0.445455 -0.150000 -1.444000
v 0.148485 -0.150000 -1.444000
v 0.148485 0.112000 -1.444000
v 0.445455 0.022000 -1.444000
v 0.445455 -0.016000 -0.488000
v 0.148485 0.074000 -0.488000
v 0.148485 -0.150000 -1.444000
v 0.445455 -0.150000 -1.444000
v 0.445455 -0.150000 -0.488000
v 0.148485 -0.150000 -0.488000
v 0.148485 0.074000 -0.488000
v 0.445455 -0.016000 -0.488000
v 0.445455 -0.054000 0.468000
v 0.148485 0.036000 0.468000
v 0.148485 -0.150000 -0.488000
v 0.445455 -0.150000 -0.488000
v 0.445455 -0.150000 0.468000
v 0.148485 -0.150000 0.468000
v 0.148485 0.036000 0.468000
v 0.445455 -0.054000 0.468000
v 0.445455 -0.092000 1.424000
v 0.148485 -0.002000 1.424000
v 0.148485 -0.150000 0.468000
v 0.445455 -0.150000 0.468000
v 0.445455 -0.150000 1.424000
v 0.148485 -0.150000 1.424000
v 0.148485 -0.002000 1.424000
v 0.445455 -0.092000 1.424000
v 0.445455 -0.130000 2.380000
v 0.148485 -0.040000 2.380000
v 0.148485 -0.150000 1.424000
v 0.445455 -0.150000 1.424000
v 0.445455 -0.150000 2.380000
v 0.148485 -0.150000 2.380000
v 0.445455 0.060000 -2.400000
v 0.742424 0.150000 -2.400000
v 0.742424 0.112000 -1.444000
v 0.445455 0.022000 -1.444000
v 0.445455 -0.150000 -2.400000
v 0.742424 -0.150000 -2.400000
v 0.742424 -0.150000 -1.444000
v 0.445455 -0.150000 -1.444000
v 0.445455 0.022000 -1.444000
v 0.742424 0.112000 -1.444000
v 0.742424 0.074000 -0.488000
v 0.445455 -0.016000 -0.488000
v 0.445455 -0.150000 -1.444000
v 0.742424 -0.150000 -1.444000
v 0.742424 -0.150000 -0.488000
v 0.445455 -0.150000 -0.488000
v 0.445455 -0.016000 -0.488000
v 0.742424 0.074000 -0.488000
v 0.742424 0.036000 0.468000
v 0.445455 -0.054000 0.468000
v 0.445455 -0.150000 -0.488000
v 0.742424 -0.150000 -0.488000
v 0.742424 -0.150000 0.468000
v 0.445455 -0.150000 0.468000
v 0.445455 -0.054000 0.468000
v 0.742424 0.036000 0.468000
v 0.742424 -0.002000 1.424000
v 0.445455 -0.092000 1.424000
v 0.445455 -0.150000 0.468000
v 0.742424 -0.150000 0.468000
v 0.742424 -0.150000 1.424000
v 0.445455 -0.150000 1.424000
v 0.445455 -0.092000 1.424000
v 0.742424 -0.002000 1.424000
v 0.742424 -0.040000 2.380000
v 0.445455 -0.130000 2.380000
v 0.445455 -0.150000 1.424000
v 0.742424 -0.150000 1.424000
v 0.742424 -0.150000 2.380000
v 0.445455 -0.150000 2.380000
v 0.742424 0.150000 -2.400000
v 1.039394 0.060000 -2.400000
v 1.039394 0.022000 -1.444000
v 0.742424 0.112000 -1.444000
v 0.742424 -0.150000 -2.400000
v 1.039394 -0.150000 -2.400000
v 1.039394 -0.150000 -1.444000
v 0.742424 -0.150000 -1.444000
v 0.742424 0.112000 -1.444000
v 1.039394 0.022000 -1.444000
v 1.039394 -0.016000 -0.488000
v 0.742424 0.074000 -0.488000
v 0.742424 -0.150000 -1.444000
v 1.039394 -0.150000 -1.444000
v 1.039394 -0.150000 -0.488000
v 0.742424 -0.150000 -0.488000
v 0.742424 0.074000 -0.488000
v 1.039394 -0.016000 -0.488000
v 1.039394 -0.054000 0.468000
v 0.742424 0.036000 0.468000
v 0.742424 -0.150000 -0.488000
v 1.039394 -0.150000 -0.488000
v 1.039394 -0.150000 0.468000
v 0.742424 -0.150000 0.468000
v 0.742424 0.036000 0.468000
v 1.039394 -0.054000 0.468000
v 1.039394 -0.092000 1.424000
v 0.742424 -0.002000 1.424000
v 0.742424 -0.150000 0.468000
v 1.039394 -0.150000 0.468000
v 1.039394 -0.150000 1.424000
v 0.742424 -0.150000 1.424000
v 0.742424 -0.002000 1.424000
v 1.039394 -0.092000 1.424000
v 1.039394 -0.130000 2.380000
v 0.742424 -0.040000 2.380000
v 0.742424 -0.150000 1.424000
v 1.039394 -0.150000 1.424000
v 1.039394 -0.150000 2.380000
v 0.742424 -0.150000 2.380000
v 1.039394 0.060000 -2.400000
v 1.336364 0.150000 -2.400000
v 1.336364 0.112000 -1.444000
v 1.039394 0.022000 -1.444000
v 1.039394 -0.150000 -2.400000
v 1.336364 -0.150000 -2.400000
v 1.336364 -0.150000 -1.444000
v 1.039394 -0.150000 -1.444000
v 1.039394 0.022000 -1.444000
v 1.336364 0.112000 -1.444000
v 1.336364 0.074000 -0.488000
v 1.039394 -0.016000 -0.488000
v 1.039394 -0.150000 -1.444000
v 1.336364 -0.150000 -1.444000
v 1.336364 -0.150000 -0.488000
v 1.039394 -0.150000 -0.488000
v 1.039394 -0.016000 -0.488000
v 1.336364 0.074000 -0.488000
v 1.336364 0.036000 0.468000
v 1.039394 -0.054000 0.468000
v 1.039394 -0.150000 -0.488000
v 1.336364 -0.150000 -0.488000
v 1.336364 -0.150000 0.468000
v 1.039394 -0.150000 0.468000
v 1.039394 -0.054000 0.468000
v 1.336364 0.036000 0.468000
v 1.336364 -0.002000 1.424000
v 1.039394 -0.092000 1.424000
v 1.039394 -0.150000 0.468000
v 1.336364 -0.150000 0.468000
v 1.336364 -0.150000 1.424000
v 1.039394 -0.150000 1.424000
v 1.039394 -0.092000 1.424000
v 1.336364 -0.002000 1.424000
v 1.336364 -0.040000 2.380000
v 1.039394 -0.130000 2.380000
v 1.039394 -0.150000 1.424000
v 1.336364 -0.150000 1.424000
v 1.336364 -0.150000 2.380000
v 1.039394 -0.150000 2.380000
v 1.336364 0.150000 -2.400000
v 1.633333 0.060000 -2.400000
v 1.633333 0.022000 -1.444000
v 1.336364 0.112000 -1.444000
v 1.336364 -0.150000 -2.400000
v 1.633333 -0.150000 -2.400000
v 1.633333 -0.150000 -1.444000
v 1.336364 -0.150000 -1.444000
v 1.336364 0.112000 -1.444000
v 1.633333 0.022000 -1.444000
v 1.633333 -0.016000 -0.488000
v 1.336364 0.074000 -0.488000
v 1.336364 -0.150000 -1.444000
v 1.633333 -0.150000 -1.444000
v 1.633333 -0.150000 -0.488000
v 1.336364 -0.150000 -0.488000
v 1.336364 0.074000 -0.488000
v 1.633333 -0.016000 -0.488000
v 1.633333 -0.054000 0.468000
v 1.336364 0.036000 0.468000
v 1.336364 -0.150000 -0.488000
v 1.633333 -0.150000 -0.488000
v 1.633333 -0.150000 0.468000
v 1.336364 -0.150000 0.468000
v 1.336364 0.036000 0.468000
v 1.633333 -0.054000 0.468000
v 1.633333 -0.092000 1.424000
v 1.336364 -0.002000 1.424000
v 1.336364 -0.150000 0.468000
v 1.633333 -0.150000 0.468000
v 1.633333 -0.150000 1.424000
v 1.336364 -0.150000 1.424000
v 1.336364 -0.002000 1.424000
v 1.633333 -0.092000 1.424000
v 1.633333 -0.130000 2.380000
v 1.336364 -0.040000 2.380000
v 1.336364 -0.150000 1.424000
v 1.633333 -0.150000 1.424000
v 1.633333 -0.150000 2.380000
v 1.336364 -0.150000 2.380000
v 1.633333 0.060000 -2.400000
v 1.930303 0.150000 -2.400000
v 1.930303 0.112000 -1.444000
v 1.633333 0.022000 -1.444000
v 1.633333 -0.150000 -2.400000
v 1.930303 -0.150000 -2.400000
v 1.930303 -0.150000 -1.444000
v 1.633333 -0.150000 -1.444000
v 1.633333 0.022000 -1.444000
v 1.930303 0.112000 -1.444000
v 1.930303 0.074000 -0.488000
v 1.633333 -0.016000 -0.488000
v 1.633333 -0.150000 -1.444000
v 1.930303 -0.150000 -1.444000
v 1.930303 -0.150000 -0.488000
v 1.633333 -0.150000 -0.488000
v 1.633333 -0.016000 -0.488000
v 1.930303 0.074000 -0.488000
v 1.930303 0.036000 0.468000
v 1.633333 -0.054000 0.468000
v 1.633333 -0.150000 -0.488000
v 1.930303 -0.150000 -0.488000
v 1.930303 -0.150000 0.468000
v 1.633333 -0.150000 0.468000
v 1.633333 -0.054000 0.468000
v 1.930303 0.036000 0.468000
v 1.930303 -0.002000 1.424000
v 1.633333 -0.092000 1.424000
v 1.633333 -0.150000 0.468000
v 1.930303 -0.150000 0.468000
v 1.930303 -0.150000 1.424000
v 1.633333 -0.150000 1.424000
v 1.633333 -0.092000 1.424000
v 1.930303 -0.002000 1.424000
v 1.930303 -0.040000 2.380000
v 1.633333 -0.130000 2.380000
v 1.633333 -0.150000 1.424000
v 1.930303 -0.150000 1.424000
v 1.930303 -0.150000 2.380000
v 1.633333 -0.150000 2.380000
v 1.930303 0.150000 -2.400000
v 2.227273 0.060000 -2.400000
v 2.227273 0.022000 -1.444000
v 1.930303 0.112000 -1.444000
v 1.930303 -0.150000 -2.400000
v 2.227273 -0.150000 -2.400000
v 2.227273 -0.150000 -1.444000
v 1.930303 -0.150000 -1.444000
v 1.930303 0.112000 -1.444000
v 2.227273 0.022000 -1.444000
v 2.227273 -0.016000 -0.488000
v 1.930303 0.074000 -0.488000
v 1.930303 -0.150000 -1.444000
v 2.227273 -0.150000 -1.444000
v 2.227273 -0.150000 -0.488000
v 1.930303 -0.150000 -0.488000
v 1.930303 0.074000 -0.488000
v 2.227273 -0.016000 -0.488000
v 2.227273 -0.054000 0.468000
v 1.930303 0.036000 0.468000
v 1.930303 -0.150000 -0.488000
v 2.227273 -0.150000 -0.488000
v 2.227273 -0.150000 0.468000
v 1.930303 -0.150000 0.468000
v 1.930303 0.036000 0.468000
v 2.227273 -0.054000 0.468000
v 2.227273 -0.092000 1.424000
v 1.930303 -0.002000 1.424000
v 1.930303 -0.150000 0.468000
v 2.227273 -0.150000 0.468000
v 2.227273 -0.150000 1.424000
v 1.930303 -0.150000 1.424000
v 1.930303 -0.002000 1.424000
v 2.227273 -0.092000 1.424000
v 2.227273 -0.130000 2.380000
v 1.930303 -0.040000 2.380000
v 1.930303 -0.150000 1.424000
v 2.227273 -0.150000 1.424000
v 2.227273 -0.150000 2.380000
v 1.930303 -0.150000 2.380000
v 2.227273 0.060000 -2.400000
v 2.524242 0.150000 -2.400000
v 2.524242 0.112000 -1.444000
v 2.227273 0.022000 -1.444000
v 2.227273 -0.150000 -2.400000
v 2.524242 -0.150000 -2.400000
v 2.524242 -0.150000 -1.444000
v 2.227273 -0.150000 -1.444000
v 2.227273 0.022000 -1.444000
v 2.524242 0.112000 -1.444000
v 2.524242 0.074000 -0.488000
v 2.227273 -0.016000 -0.488000
v 2.227273 -0.150000 -1.444000
v 2.524242 -0.150000 -1.444000
v 2.524242 -0.150000 -0.488000
v 2.227273 -0.150000 -0.488000
v 2.227273 -0.016000 -0.488000
v 2.524242 0.074000 -0.488000
v 2.524242 0.036000 0.468000
v 2.227273 -0.054000 0.468000
v 2.227273 -0.150000 -0.488000
v 2.524242 -0.150000 -0.488000
v 2.524242 -0.150000 0.468000
v 2.227273 -0.150000 0.468000
v 2.227273 -0.092000 1.424000
v 2.524242 -0.002000 1.424000
v 2.524242 -0.040000 2.380000
v 2.227273 -0.130000 2.380000
v 2.227273 -0.150000 1.424000
v 2.524242 -0.150000 1.424000
v 2.524242 -0.150000 2.380000
v 2.227273 -0.150000 2.380000
v 2.524242 0.150000 -2.400000
v 2.821212 0.060000 -2.400000
v 2.821212 0.022000 -1.444000
v 2.524242 0.112000 -1.444000
v 2.524242 -0.150000 -2.400000
v 2.821212 -0.150000 -2.400000
v 2.821212 -0.150000 -1.444000
v 2.524242 -0.150000 -1.444000
v 2.524242 0.112000 -1.444000
v 2.821212 0.022000 -1.444000
v 2.821212 -0.016000 -0.488000
v 2.524242 0.074000 -0.488000
v 2.524242 -0.150000 -1.444000
v 2.821212 -0.150000 -1.444000
v 2.821212 -0.150000 -0.488000
v 2.524242 -0.150000 -0.488000
v 2.524242 0.074000 -0.488000
v 2.821212 -0.016000 -0.488000
v 2.821212 -0.054000 0.468000
v 2.524242 0.036000 0.468000
v 2.524242 -0.150000 -0.488000
v 2.821212 -0.150000 -0.488000
v 2.821212 -0.150000 0.468000
v 2.524242 -0.150000 0.468000
v 2.524242 0.036000 0.468000
v 2.821212 -0.054000 0.468000
v 2.821212 -0.092000 1.424000
v 2.524242 -0.002000 1.424000
v 2.524242 -0.150000 0.468000
v 2.821212 -0.150000 0.468000
v 2.821212 -0.150000 1.424000
v 2.524242 -0.150000 1.424000
v 2.524242 -0.002000 1.424000
v 2.821212 -0.092000 1.424000
v 2.821212 -0.130000 2.380000
v 2.524242 -0.040000 2.380000
v 2.524242 -0.150000 1.424000
v 2.821212 -0.150000 1.424000
v 2.821212 -0.150000 2.380000
v 2.524242 -0.150000 2.380000
v 2.821212 0.060000 -2.400000
v 3.118182 0.150000 -2.400000
v 3.118182 0.112000 -1.444000
v 2.821212 0.022000 -1.444000
v 2.821212 -0.150000 -2.400000
v 3.118182 -0.150000 -2.400000
v 3.118182 -0.150000 -1.444000
v 2.821212 -0.150000 -1.444000
v 2.821212 0.022000 -1.444000
v 3.118182 0.112000 -1.444000
v 3.118182 0.074000 -0.488000
v 2.821212 -0.016000 -0.488000
v 2.821212 -0.150000 -1.444000
v 3.118182 -0.150000 -1.444000
v 3.118182 -0.150000 -0.488000
v 2.821212 -0.150000 -0.488000
v 2.821212 -0.016000 -0.488000
v 3.118182 0.074000 -0.488000
v 3.118182 0.036000 0.468000
v 2.821212 -0.054000 0.468000
v 2.821212 -0.150000 -0.488000
v 3.118182 -0.150000 -0.488000
v 3.118182 -0.150000 0.468000
v 2.821212 -0.150000 0.468000
v 2.821212 -0.054000 0.468000
v 3.118182 0.036000 0.468000
v 3.118182 -0.002000 1.424000
v 2.821212 -0.092000 1.424000
v 2.821212 -0.150000 0.468000
v 3.118182 -0.150000 0.468000
v 3.118182 -0.150000 1.424000
v 2.821212 -0.150000 1.424000
v 2.821212 -0.092000 1.424000
v 3.118182 -0.002000 1.424000
v 3.118182 -0.040000 2.380000
v 2.821212 -0.130000 2.380000
v 2.821212 -0.150000 1.424000
v 3.118182 -0.150000 1.424000
v 3.118182 -0.150000 2.380000
v 2.821212 -0.150000 2.380000
v 3.118182 0.150000 -2.400000
v 3.415152 0.060000 -2.400000
v 3.415152 0.022000 -1.444000
v 3.118182 0.112000 -1.444000
v 3.118182 -0.150000 -2.400000
v 3.415152 -0.150000 -2.400000
v 3.415152 -0.150000 -1.444000
v 3.118182 -0.150000 -1.444000
v 3.118182 0.112000 -1.444000
v 3.415152 0.022000 -1.444000
v 3.415152 -0.016000 -0.488000
v 3.118182 0.074000 -0.488000
v 3.118182 -0.150000 -1.444000
v 3.415152 -0.150000 -1.444000
v 3.415152 -0.150000 -0.488000
v 3.118182 -0.150000 -0.488000
v 3.118182 0.074000 -0.488000
v 3.415152 -0.016000 -0.488000
v 3.415152 -0.054000 0.468000
v 3.118182 0.036000 0.468000
v 3.118182 -0.150000 -0.488000
v 3.415152 -0.150000 -0.488000
v 3.415152 -0.150000 0.468000
v 3.118182 -0.150000 0.468000
v 3.118182 0.036000 0.468000
v 3.415152 -0.054000 0.468000
v 3.415152 -0.092000 1.424000
v 3.118182 -0.002000 1.424000
v 3.118182 -0.150000 0.468000
v 3.415152 -0.150000 0.468000
v 3.415152 -0.150000 1.424000
v 3.118182 -0.150000 1.424000
v 3.118182 -0.002000 1.424000
v 3.415152 -0.092000 1.424000
v 3.415152 -0.130000 2.380000
v 3.118182 -0.040000 2.380000
v 3.118182 -0.150000 1.424000
v 3.415152 -0.150000 1.424000
v 3.415152 -0.150000 2.380000
v 3.118182 -0.150000 2.380000
v 3.415152 0.060000 -2.400000
v 3.712121 0.150000 -2.400000
v 3.712121 0.112000 -1.444000
v 3.415152 0.022000 -1.444000
v 3.415152 -0.150000 -2.400000
v 3.712121 -0.150000 -2.400000
v 3.712121 -0.150000 -1.444000
v 3.415152 -0.150000 -1.444000
v 3.415152 0.022000 -1.444000
v 3.712121 0.112000 -1.444000
v 3.712121 0.074000 -0.488000
v 3.415152 -0.016000 -0.488000
v 3.415152 -0.150000 -1.444000
v 3.712121 -0.150000 -1.444000
v 3.712121 -0.150000 -0.488000
v 3.415152 -0.150000 -0.488000
v 3.415152 -0.016000 -0.488000
v 3.712121 0.074000 -0.488000
v 3.712121 0.036000 0.468000
v 3.415152 -0.054000 0.468000
v 3.415152 -0.150000 -0.488000
v 3.712121 -0.150000 -0.488000
v 3.712121 -0.150000 0.468000
v 3.415152 -0.150000 0.468000
v 3.415152 -0.054000 0.468000
v 3.712121 0.036000 0.468000
v 3.712121 -0.002000 1.424000
v 3.415152 -0.092000 1.424000
v 3.415152 -0.150000 0.468000
v 3.712121 -0.150000 0.468000
v 3.712121 -0.150000 1.424000
v 3.415152 -0.150000 1.424000
v 3.415152 -0.092000 1.424000
v 3.712121 -0.002000 1.424000
v 3.712121 -0.040000 2.380000
v 3.415152 -0.130000 2.380000
v 3.415152 -0.150000 1.424000
v 3.712121 -0.150000 1.424000
v 3.712121 -0.150000 2.380000
v 3.415152 -0.150000 2.380000
v 3.712121 0.150000 -2.400000
v 4.009091 0.060000 -2.400000
v 4.009091 0.022000 -1.444000
v 3.712121 0.112000 -1.444000
v 3.712121 -0.150000 -2.400000
v 4.009091 -0.150000 -2.400000
v 4.009091 -0.150000 -1.444000
v 3.712121 -0.150000 -1.444000
v 3.712121 0.112000 -1.444000
v 4.009091 0.022000 -1.444000
v 4.009091 -0.016000 -0.488000
v 3.712121 0.074000 -0.488000
v 3.712121 -0.150000 -1.444000
v 4.009091 -0.150000 -1.444000
v 4.009091 -0.150000 -0.488000
v 3.712121 -0.150000 -0.488000
v 3.712121 0.074000 -0.488000
v 4.009091 -0.016000 -0.488000
v 4.009091 -0.054000 0.468000
v 3.712121 0.036000 0.468000
v 3.712121 -0.150000 -0.488000
v 4.009091 -0.150000 -0.488000
v 4.009091 -0.150000 0.468000
v 3.712121 -0.150000 0.468000
v 3.712121 0.036000 0.468000
v 4.009091 -0.054000 0.468000
v 4.009091 -0.092000 1.424000
v 3.712121 -0.002000 1.424000
v 3.712121 -0.150000 0.468000
v 4.009091 -0.150000 0.468000
v 4.009091 -0.150000 1.424000
v 3.712121 -0.150000 1.424000
v 3.712121 -0.002000 1.424000
v 4.009091 -0.092000 1.424000
v 4.009091 -0.130000 2.380000
v 3.712121 -0.040000 2.380000
v 3.712121 -0.150000 1.424000
v 4.009091 -0.150000 1.424000
v 4.009091 -0.150000 2.380000
v 3.712121 -0.150000 2.380000
v 4.009091 0.060000 -2.400000
v 4.306061 0.150000 -2.400000
v 4.306061 0.112000 -1.444000
v 4.009091 0.022000 -1.444000
v 4.009091 -0.150000 -2.400000
v 4.306061 -0.150000 -2.400000
v 4.306061 -0.150000 -1.444000
v 4.009091 -0.150000 -1.444000
v 4.009091 0.022000 -1.444000
v 4.306061 0.112000 -1.444000
v 4.306061 0.074000 -0.488000
v 4.009091 -0.016000 -0.488000
v 4.009091 -0.150000 -1.444000
v 4.306061 -0.150000 -1.444000
v 4.306061 -0.150000 -0.488000
v 4.009091 -0.150000 -0.488000
v 4.009091 -0.016000 -0.488000
v 4.306061 0.074000 -0.488000
v 4.306061 0.036000 0.468000
v 4.009091 -0.054000 0.468000
v 4.009091 -0.150000 -0.488000
v 4.306061 -0.150000 -0.488000
v 4.306061 -0.150000 0.468000
v 4.009091 -0.150000 0.468000
v 4.009091 -0.054000 0.468000
v 4.306061 0.036000 0.468000
v 4.306061 -0.002000 1.424000
v 4.009091 -0.092000 1.424000
v 4.009091 -0.150000 0.468000
v 4.306061 -0.150000 0.468000
v 4.306061 -0.150000 1.424000
v 4.009091 -0.150000 1.424000
v 4.009091 -0.092000 1.424000
v 4.306061 -0.002000 1.424000
v 4.306061 -0.040000 2.380000
v 4.009091 -0.130000 2.380000
v 4.009091 -0.150000 1.424000
v 4.306061 -0.150000 1.424000
v 4.306061 -0.150000 2.380000
v 4.009091 -0.150000 2.380000
v 4.306061 0.150000 -2.400000
v 4.603030 0.060000 -2.400000
v 4.603030 0.022000 -1.444000
v 4.306061 0.112000 -1.444000
v 4.306061 -0.150000 -2.400000
v 4.603030 -0.150000 -2.400000
v 4.603030 -0.150000 -1.444000
v 4.306061 -0.150000 -1.444000
v 4.306061 0.112000 -1.444000
v 4.603030 0.022000 -1.444000
v 4.603030 -0.016000 -0.488000
v 4.306061 0.074000 -0.488000
v 4.306061 -0.150000 -1.444000
v 4.603030 -0.150000 -1.444000
v 4.603030 -0.150000 -0.488000
v 4.306061 -0.150000 -0.488000
v 4.306061 0.074000 -0.488000
v 4.603030 -0.016000 -0.488000
v 4.603030 -0.054000 0.468000
v 4.306061 0.036000 0.468000
v 4.306061 -0.150000 -0.488000
v 4.603030 -0.150000 -0.488000
v 4.603030 -0.150000 0.468000
v 4.306061 -0.150000 0.468000
v 4.306061 0.036000 0.468000
v 4.603030 -0.054000 0.468000
v 4.603030 -0.092000 1.424000
v 4.306061 -0.002000 1.424000
v 4.306061 -0.150000 0.468000
v 4.603030 -0.150000 0.468000
v 4.603030 -0.150000 1.424000
v 4.306061 -0.150000 1.424000
v 4.306061 -0.002000 1.424000
v 4.603030 -0.092000 1.424000
v 4.603030 -0.130000 2.380000
v 4.306061 -0.040000 2.380000
v 4.306061 -0.150000 1.424000
v 4.603030 -0.150000 1.424000
v 4.603030 -0.150000 2.380000
v 4.306061 -0.150000 2.380000
v 4.603030 0.060000 -2.400000
v 4.900000 0.150000 -2.400000
v 4.900000 0.112000 -1.444000
v 4.603030 0.022000 -1.444000
v 4.603030 -0.150000 -2.400000
v 4.900000 -0.150000 -2.400000
v 4.900000 -0.150000 -1.444000
v 4.603030 -0.150000 -1.444000
v 4.603030 0.022000 -1.444000
v 4.900000 0.112000 -1.444000
v 4.900000 0.074000 -0.488000
v 4.603030 -0.016000 -0.488000
v 4.603030 -0.150000 -1.444000
v 4.900000 -0.150000 -1.444000
v 4.900000 -0.150000 -0.488000
v 4.603030 -0.150000 -0.488000
v 4.603030 -0.016000 -0.488000
v 4.900000 0.074000 -0.488000
v 4.900000 0.036000 0.468000
v 4.603030 -0.054000 0.468000
v 4.603030 -0.150000 -0.488000
v 4.900000 -0.150000 -0.488000
v 4.900000 -0.150000 0.468000
v 4.603030 -0.150000 0.468000
v 4.603030 -0.054000 0.468000
v 4.900000 0.036000 0.468000
v 4.900000 -0.002000 1.424000
v 4.603030 -0.092000 1.424000
v 4.603030 -0.150000 0.468000
v 4.900000 -0.150000 0.468000
v 4.900000 -0.150000 1.424000
v 4.603030 -0.150000 1.424000
v 4.603030 -0.092000 1.424000
v 4.900000 -0.002000 1.424000
v 4.900000 -0.040000 2.380000
v 4.603030 -0.130000 2.380000
v 4.603030 -0.150000 1.424000
v 4.900000 -0.150000 1.424000
v 4.900000 -0.150000 2.380000
v 4.603030 -0.150000 2.380000
v -4.900000 -0.145000 2.380000
v 4.900000 -0.145000 2.380000
v 4.900000 -0.040000 2.380000
v -4.900000 -0.040000 2.380000
v -4.900000 -0.145000 2.400000
v 4.900000 -0.145000 2.400000
v 4.900000 -0.040000 2.400000
v -4.900000 -0.040000 2.400000
vn -0.2898 0.9563 0.0380
vn -0.0000 -1.0000 -0.0000
vn -0.0000 -0.0000 -1.0000
vn -0.0000 -0.0000 1.0000
vn 1.0000 -0.0000 -0.0000
vn -1.0000 -0.0000 -0.0000
vn 0.2898 0.9563 0.0380
vn -0.0000 1.0000 -0.0000
vt -2.450000 2.200000
vt -2.301515 1.722000
vt -2.301515 2.200000
vt -2.450000 1.722000
vt -2.301515 1.244000
vt -2.450000 1.244000
vt -2.301515 0.766000
vt -2.450000 0.766000
vt -2.301515 0.288000
vt -2.450000 0.288000
vt -2.301515 -0.190000
vt -2.450000 -0.190000
vt -2.153030 2.200000
vt -2.153030 1.722000
vt -2.153030 1.244000
vt -2.153030 0.766000
vt -2.153030 0.288000
vt -2.153030 -0.190000
vt -2.004545 1.722000
vt -2.004545 2.200000
vt -2.004545 1.244000
vt -2.004545 0.766000
vt -2.004545 0.288000
vt -2.004545 -0.190000
vt -1.856061 2.200000
vt -1.856061 1.722000
vt -1.856061 1.244000
vt -1.856061 0.766000
vt -1.856061 0.288000
vt -1.856061 -0.190000
vt -1.707576 1.722000
vt -1.707576 2.200000
vt -1.707576 1.244000
vt -1.707576 0.766000
vt -1.707576 0.288000
vt -1.707576 -0.190000
vt -1.559091 2.200000
vt -1.559091 1.722000
vt -1.559091 1.244000
vt -1.559091 0.766000
vt -1.559091 0.288000
vt -1.559091 -0.190000
vt -1.410606 1.722000
vt -1.410606 2.200000
vt -1.410606 1.244000
vt -1.410606 0.766000
vt -1.410606 0.288000
vt -1.410606 -0.190000
vt -1.262121 2.200000
vt -1.262121 1.722000
vt -1.262121 1.244000
vt -1.262121 0.766000
vt -1.262121 0.288000
vt -1.262121 -0.190000
vt -1.113636 1.722000
vt -1.113636 2.200000
vt -1.113636 0.766000
vt -1.113636 1.244000
vt -1.113636 0.288000
vt -1.113636 -0.190000
vt -0.965151 2.200000
vt -0.965151 1.722000
vt -0.965151 1.244000
vt -0.965151 0.766000
vt -0.965151 0.288000
vt -0.965151 -0.190000
vt -0.816667 1.722000
vt -0.816667 2.200000
vt -0.816667 1.244000
vt -0.816667 0.766000
vt -0.816667 0.288000
vt -0.816667 -0.190000
vt -0.668182 2.200000
vt -0.668182 1.722000
vt -0.668182 1.244000
vt -0.668182 0.766000
vt -0.668182 0.288000
vt -0.668182 -0.190000
vt -0.519697 1.722000
vt -0.519697 2.200000
vt -0.519697 1.244000
vt -0.519697 0.766000
vt -0.519697 0.288000
vt -0.519697 -0.190000
vt -0.371212 2.200000
vt -0.371212 1.722000
vt -0.371212 1.244000
vt -0.371212 0.766000
vt -0.371212 0.288000
vt -0.371212 -0.190000
vt -0.222727 1.722000
vt -0.222727 2.200000
vt -0.222727 1.244000
vt -0.222727 0.766000
vt -0.222727 0.288000
vt -0.222727 -0.190000
vt -0.074242 2.200000
vt -0.074242 1.722000
vt -0.074242 1.244000
vt -0.074242 0.766000
vt -0.074242 0.288000
vt -0.074242 -0.190000
vt 0.074242 1.722000
vt 0.074242 2.200000
vt 0.074242 1.244000
vt 0.074242 0.766000
vt 0.074242 0.288000
vt 0.074242 -0.190000
vt 0.222727 2.200000
vt 0.222727 1.722000
vt 0.222727 1.244000
vt 0.222727 0.766000
vt 0.222727 0.288000
vt 0.222727 -0.190000
vt 0.371212 1.722000
vt 0.371212 2.200000
vt 0.371212 1.244000
vt 0.371212 0.766000
vt 0.371212 0.288000
vt 0.371212 -0.190000
vt 0.519697 2.200000
vt 0.519697 1.722000
vt 0.519697 1.244000
vt 0.519697 0.766000
vt 0.519697 0.288000
vt 0.519697 -0.190000
vt 0.668182 1.722000
vt 0.668182 2.200000
vt 0.668182 1.244000
vt 0.668182 0.766000
vt 0.668182 0.288000
vt 0.668182 -0.190000
vt 0.816667 2.200000
vt 0.816667 1.722000
vt 0.816667 1.244000
vt 0.816667 0.766000
vt 0.816667 0.288000
vt 0.816667 -0.190000
vt 0.965151 1.722000
vt 0.965151 2.200000
vt 0.965151 1.244000
vt 0.965151 0.766000
vt 0.965151 0.288000
vt 0.965151 -0.190000
vt 1.113636 2.200000
vt 1.113636 1.722000
vt 1.113636 1.244000
vt 1.113636 0.766000
vt 1.113636 0.288000
vt 1.113636 -0.190000
vt 1.262121 1.722000
vt 1.262121 2.200000
vt 1.262121 1.244000
vt 1.262121 0.766000
vt 1.262121 -0.190000
vt 1.262121 0.288000
vt 1.410606 2.200000
vt 1.410606 1.722000
vt 1.410606 1.244000
vt 1.410606 0.766000
vt 1.410606 0.288000
vt 1.410606 -0.190000
vt 1.559091 1.722000
vt 1.559091 2.200000
vt 1.559091 1.244000
vt 1.559091 0.766000
vt 1.559091 0.288000
vt 1.559091 -0.190000
vt 1.707576 2.200000
vt 1.707576 1.722000
vt 1.707576 1.244000
vt 1.707576 0.766000
vt 1.707576 0.288000
vt 1.707576 -0.190000
vt 1.856061 1.722000
vt 1.856061 2.200000
vt 1.856061 1.244000
vt 1.856061 0.766000
vt 1.856061 0.288000
vt 1.856061 -0.190000
vt 2.004545 2.200000
vt 2.004545 1.722000
vt 2.004545 1.244000
vt 2.004545 0.766000
vt 2.004545 0.288000
vt 2.004545 -0.190000
vt 2.153030 1.722000
vt 2.153030 2.200000
vt 2.153030 1.244000
vt 2.153030 0.766000
vt 2.153030 0.288000
vt 2.153030 -0.190000
vt 2.301515 2.200000
vt 2.301515 1.722000
vt 2.301515 1.244000
vt 2.301515 0.766000
vt 2.301515 0.288000
vt 2.301515 -0.190000
vt 2.450000 1.722000
vt 2.450000 2.200000
vt 2.450000 1.244000
vt 2.450000 0.766000
vt 2.450000 0.288000
vt 2.450000 -0.190000
vt 2.450000 -0.200000
vt -2.450000 -0.200000
f 1/1/1 3/2/1 2/3/1
f 6/3/2 8/4/2 5/1/2
f 1/1/3 6/3/3 5/1/3
f 4/4/4 7/2/4 3/2/4
f 3/2/5 6/3/5 2/3/5
f 4/4/6 5/1/6 8/4/6
f 9/4/1 11/5/1 10/2/1
f 14/2/2 16/6/2 13/4/2
f 9/4/3 14/2/3 13/4/3
f 12/6/4 15/5/4 11/5/4
f 11/5/5 14/2/5 10/2/5
f 12/6/6 13/4/6 16/6/6
f 17/6/1 19/7/1 18/5/1
f 22/5/2 24/8/2 21/6/2
f 17/6/3 22/5/3 21/6/3
f 20/8/4 23/7/4 19/7/4
f 19/7/5 22/5/5 18/5/5
f 20/8/6 21/6/6 24/8/6
f 25/8/1 27/9/1 26/7/1
f 30/7/2 32/10/2 29/8/2
f 25/8/3 30/7/3 29/8/3
f 28/10/4 31/9/4 27/9/4
f 27/9/5 30/7/5 26/7/5
f 28/10/6 29/8/6 32/10/6
f 33/10/1 35/11/1 34/9/1
f 38/9/2 40/12/2 37/10/2
f 33/10/3 38/9/3 37/10/3
f 36/12/4 39/11/4 35/11/4
f 35/11/5 38/9/5 34/9/5
f 36/12/6 37/10/6 40/12/6
f 44/2/7 42/13/7 41/3/7
f 46/13/2 48/2/2 45/3/2
f 42/13/3 45/3/3 41/3/3
f 43/14/4 48/2/4 47/14/4
f 43/14/5 46/13/5 42/13/5
f 44/2/6 45/3/6 48/2/6
f 52/5/7 50/14/7 49/2/7
f 54/14/2 56/5/2 53/2/2
f 50/14/3 53/2/3 49/2/3
f 51/15/4 56/5/4 55/15/4
f 51/15/5 54/14/5 50/14/5
f 52/5/6 53/2/6 56/5/6
f 60/7/7 58/15/7 57/5/7
f 62/15/2 64/7/2 61/5/2
f 58/15/3 61/5/3 57/5/3
f 59/16/4 64/7/4 63/16/4
f 59/16/5 62/15/5 58/15/5
f 60/7/6 61/5/6 64/7/6
f 68/9/7 66/16/7 65/7/7
f 70/16/2 72/9/2 69/7/2
f 66/16/3 69/7/3 65/7/3
f 67/17/4 72/9/4 71/17/4
f 67/17/5 70/16/5 66/16/5
f 68/9/6 69/7/6 72/9/6
f 76/11/7 74/17/7 73/9/7
f 78/17/2 80/11/2 77/9/2
f 74/17/3 77/9/3 73/9/3
f 75/18/4 80/11/4 79/18/4
f 75/18/5 78/17/5 74/17/5
f 76/11/6 77/9/6 80/11/6
f 81/13/1 83/19/1 82/20/1
f 86/20/2 88/14/2 85/13/2
f 81/13/3 86/20/3 85/13/3
f 84/14/4 87/19/4 83/19/4
f 83/19/5 86/20/5 82/20/5
f 84/14/6 85/13/6 88/14/6
f 89/14/1 91/21/1 90/19/1
f 94/19/2 96/15/2 93/14/2
f 89/14/3 94/19/3 93/14/3
f 92/15/4 95/21/4 91/21/4
f 91/21/5 94/19/5 90/19/5
f 92/15/6 93/14/6 96/15/6
f 97/15/1 99/22/1 98/21/1
f 102/21/2 104/16/2 101/15/2
f 97/15/3 102/21/3 101/15/3
f 100/16/4 103/22/4 99/22/4
f 99/22/5 102/21/5 98/21/5
f 100/16/6 101/15/6 104/16/6
f 105/16/1 107/23/1 106/22/1
f 110/22/2 112/17/2 109/16/2
f 105/16/3 110/22/3 109/16/3
f 108/17/4 111/23/4 107/23/4
f 107/23/5 110/22/5 106/22/5
f 108/17/6 109/16/6 112/17/6
f 113/17/1 115/24/1 114/23/1
f 118/23/2 120/18/2 117/17/2
f 113/17/3 118/23/3 117/17/3
f 116/18/4 119/24/4 115/24/4
f 115/24/5 118/23/5 114/23/5
f 116/18/6 117/17/6 120/18/6
f 124/19/7 122/25/7 121/20/7
f 126/25/2 128/19/2 125/20/2
f 122/25/3 125/20/3 121/20/3
f 123/26/4 128/19/4 127/26/4
f 123/26/5 126/25/5 122/25/5
f 124/19/6 125/20/6 128/19/6
f 132/21/7 130/26/7 129/19/7
f 134/26/2 136/21/2 133/19/2
f 130/26/3 133/19/3 129/19/3
f 131/27/4 136/21/4 135/27/4
f 131/27/5 134/26/5 130/26/5
f 132/21/6 133/19/6 136/21/6
f 140/22/7 138/27/7 137/21/7
f 142/27/2 144/22/2 141/21/2
f 138/27/3 141/21/3 137/21/3
f 139/28/4 144/22/4 143/28/4
f 139/28/5 142/27/5 138/27/5
f 140/22/6 141/21/6 144/22/6
f 148/23/7 146/28/7 145/22/7
f 150/28/2 152/23/2 149/22/2
f 146/28/3 149/22/3 145/22/3
f 147/29/4 152/23/4 151/29/4
f 147/29/5 150/28/5 146/28/5
f 148/23/6 149/22/6 152/23/6
f 156/24/7 154/29/7 153/23/7
f 158/29/2 160/24/2 157/23/2
f 154/29/3 157/23/3 153/23/3
f 155/30/4 160/24/4 159/30/4
f 155/30/5 158/29/5 154/29/5
f 156/24/6 157/23/6 160/24/6
f 161/25/1 163/31/1 162/32/1
f 166/32/2 168/26/2 165/25/2
f 161/25/3 166/32/3 165/25/3
f 164/26/4 167/31/4 163/31/4
f 163/31/5 166/32/5 162/32/5
f 164/26/6 165/25/6 168/26/6
f 169/26/1 171/33/1 170/31/1
f 174/31/2 176/27/2 173/26/2
f 169/26/3 174/31/3 173/26/3
f 172/27/4 175/33/4 171/33/4
f 171/33/5 174/31/5 170/31/5
f 172/27/6 173/26/6 176/27/6
f 177/27/1 179/34/1 178/33/1
f 182/33/2 184/28/2 181/27/2
f 177/27/3 182/33/3 181/27/3
f 180/28/4 183/34/4 179/34/4
f 179/34/5 182/33/5 178/33/5
f 180/28/6 181/27/6 184/28/6
f 185/28/1 187/35/1 186/34/1
f 190/34/2 192/29/2 189/28/2
f 185/28/3 190/34/3 189/28/3
f 188/29/4 191/35/4 187/35/4
f 187/35/5 190/34/5 186/34/5
f 188/29/6 189/28/6 192/29/6
f 193/29/1 195/36/1 194/35/1
f 198/35/2 200/30/2 197/29/2
f 193/29/3 198/35/3 197/29/3
f 196/30/4 199/36/4 195/36/4
f 195/36/5 198/35/5 194/35/5
f 196/30/6 197/29/6 200/30/6
f 204/31/7 202/37/7 201/32/7
f 206/37/2 208/31/2 205/32/2
f 202/37/3 205/32/3 201/32/3
f 203/38/4 208/31/4 207/38/4
f 203/38/5 206/37/5 202/37/5
f 204/31/6 205/32/6 208/31/6
f 212/33/7 210/38/7 209/31/7
f 214/38/2 216/33/2 213/31/2
f 210/38/3 213/31/3 209/31/3
f 211/39/4 216/33/4 215/39/4
f 211/39/5 214/38/5 210/38/5
f 212/33/6 213/31/6 216/33/6
f 220/34/7 218/39/7 217/33/7
f 222/39/2 224/34/2 221/33/2
f 218/39/3 221/33/3 217/33/3
f 219/40/4 224/34/4 223/40/4
f 219/40/5 222/39/5 218/39/5
f 220/34/6 221/33/6 224/34/6
f 228/35/7 226/40/7 225/34/7
f 230/40/2 232/35/2 229/34/2
f 226/40/3 229/34/3 225/34/3
f 227/41/4 232/35/4 231/41/4
f 227/41/5 230/40/5 226/40/5
f 228/35/6 229/34/6 232/35/6
f 236/36/7 234/41/7 233/35/7
f 238/41/2 240/36/2 237/35/2
f 234/41/3 237/35/3 233/35/3
f 235/42/4 240/36/4 239/42/4
f 235/42/5 238/41/5 234/41/5
f 236/36/6 237/35/6 240/36/6
f 241/37/1 243/43/1 242/44/1
f 246/44/2 248/38/2 245/37/2
f 241/37/3 246/44/3 245/37/3
f 244/38/4 247/43/4 243/43/4
f 243/43/5 246/44/5 242/44/5
f 244/38/6 245/37/6 248/38/6
f 249/38/1 251/45/1 250/43/1
f 254/43/2 256/39/2 253/38/2
f 249/38/3 254/43/3 253/38/3
f 252/39/4 255/45/4 251/45/4
f 251/45/5 254/43/5 250/43/5
f 252/39/6 253/38/6 256/39/6
f 257/39/1 259/46/1 258/45/1
f 262/45/2 264/40/2 261/39/2
f 257/39/3 262/45/3 261/39/3
f 260/40/4 263/46/4 259/46/4
f 259/46/5 262/45/5 258/45/5
f 260/40/6 261/39/6 264/40/6
f 265/40/1 267/47/1 266/46/1
f 270/46/2 272/41/2 269/40/2
f 265/40/3 270/46/3 269/40/3
f 268/41/4 271/47/4 267/47/4
f 267/47/5 270/46/5 266/46/5
f 268/41/6 269/40/6 272/41/6
f 273/41/1 275/48/1 274/47/1
f 278/47/2 280/42/2 277/41/2
f 273/41/3 278/47/3 277/41/3
f 276/42/4 279/48/4 275/48/4
f 275/48/5 278/47/5 274/47/5
f 276/42/6 277/41/6 280/42/6
f 284/43/7 282/49/7 281/44/7
f 286/49/2 288/43/2 285/44/2
f 282/49/3 285/44/3 281/44/3
f 283/50/4 288/43/4 287/50/4
f 283/50/5 286/49/5 282/49/5
f 284/43/6 285/44/6 288/43/6
f 292/46/7 290/51/7 289/45/7
f 294/51/2 296/46/2 293/45/2
f 290/51/3 293/45/3 289/45/3
f 291/52/4 296/46/4 295/52/4
f 291/52/5 294/51/5 290/51/5
f 292/46/6 293/45/6 296/46/6
f 300/47/7 298/52/7 297/46/7
f 302/52/2 304/47/2 301/46/2
f 298/52/3 301/46/3 297/46/3
f 299/53/4 304/47/4 303/53/4
f 299/53/5 302/52/5 298/52/5
f 300/47/6 301/46/6 304/47/6
f 308/48/7 306/53/7 305/47/7
f 310/53/2 312/48/2 309/47/2
f 306/53/3 309/47/3 305/47/3
f 307/54/4 312/48/4 311/54/4
f 307/54/5 310/53/5 306/53/5
f 308/48/6 309/47/6 312/48/6
f 313/49/1 315/55/1 314/56/1
f 318/56/2 320/50/2 317/49/2
f 313/49/3 318/56/3 317/49/3
f 316/50/4 319/55/4 315/55/4
f 315/55/5 318/56/5 314/56/5
f 316/50/6 317/49/6 320/50/6
f 321/51/1 323/57/1 322/58/1
f 326/58/2 328/52/2 325/51/2
f 321/51/3 326/58/3 325/51/3
f 324/52/4 327/57/4 323/57/4
f 323/57/5 326/58/5 322/58/5
f 324/52/6 325/51/6 328/52/6
f 329/52/1 331/59/1 330/57/1
f 334/57/2 336/53/2 333/52/2
f 329/52/3 334/57/3 333/52/3
f 332/53/4 335/59/4 331/59/4
f 331/59/5 334/57/5 330/57/5
f 332/53/6 333/52/6 336/53/6
f 337/53/1 339/60/1 338/59/1
f 342/59/2 344/54/2 341/53/2
f 337/53/3 342/59/3 341/53/3
f 340/54/4 343/60/4 339/60/4
f 339/60/5 342/59/5 338/59/5
f 340/54/6 341/53/6 344/54/6
f 348/55/7 346/61/7 345/56/7
f 350/61/2 352/55/2 349/56/2
f 346/61/3 349/56/3 345/56/3
f 347/62/4 352/55/4 351/62/4
f 347/62/5 350/61/5 346/61/5
f 348/55/6 349/56/6 352/55/6
f 356/58/7 354/62/7 353/55/7
f 358/62/2 360/58/2 357/55/2
f 354/62/3 357/55/3 353/55/3
f 355/63/4 360/58/4 359/63/4
f 355/63/5 358/62/5 354/62/5
f 356/58/6 357/55/6 360/58/6
f 364/57/7 362/63/7 361/58/7
f 366/63/2 368/57/2 365/58/2
f 362/63/3 365/58/3 361/58/3
f 363/64/4 368/57/4 367/64/4
f 363/64/5 366/63/5 362/63/5
f 364/57/6 365/58/6 368/57/6
f 372/59/7 370/64/7 369/57/7
f 374/64/2 376/59/2 373/57/2
f 370/64/3 373/57/3 369/57/3
f 371/65/4 376/59/4 375/65/4
f 371/65/5 374/64/5 370/64/5
f 372/59/6 373/57/6 376/59/6
f 380/60/7 378/65/7 377/59/7
f 382/65/2 384/60/2 381/59/2
f 378/65/3 381/59/3 377/59/3
f 379/66/4 384/60/4 383/66/4
f 379/66/5 382/65/5 378/65/5
f 380/60/6 381/59/6 384/60/6
f 385/61/1 387/67/1 386/68/1
f 390/68/2 392/62/2 389/61/2
f 385/61/3 390/68/3 389/61/3
f 388/62/4 391/67/4 387/67/4
f 387/67/5 390/68/5 386/68/5
f 388/62/6 389/61/6 392/62/6
f 393/62/1 395/69/1 394/67/1
f 398/67/2 400/63/2 397/62/2
f 393/62/3 398/67/3 397/62/3
f 396/63/4 399/69/4 395/69/4
f 395/69/5 398/67/5 394/67/5
f 396/63/6 397/62/6 400/63/6
f 401/63/1 403/70/1 402/69/1
f 406/69/2 408/64/2 405/63/2
f 401/63/3 406/69/3 405/63/3
f 404/64/4 407/70/4 403/70/4
f 403/70/5 406/69/5 402/69/5
f 404/64/6 405/63/6 408/64/6
f 409/64/1 411/71/1 410/70/1
f 414/70/2 416/65/2 413/64/2
f 409/64/3 414/70/3 413/64/3
f 412/65/4 415/71/4 411/71/4
f 411/71/5 414/70/5 410/70/5
f 412/65/6 413/64/6 416/65/6
f 417/65/1 419/72/1 418/71/1
f 422/71/2 424/66/2 421/65/2
f 417/65/3 422/71/3 421/65/3
f 420/66/4 423/72/4 419/72/4
f 419/72/5 422/71/5 418/71/5
f 420/66/6 421/65/6 424/66/6
f 428/67/7 426/73/7 425/68/7
f 430/73/2 432/67/2 429/68/2
f 426/73/3 429/68/3 425/68/3
f 427/74/4 432/67/4 431/74/4
f 427/74/5 430/73/5 426/73/5
f 428/67/6 429/68/6 432/67/6
f 436/69/7 434/74/7 433/67/7
f 438/74/2 440/69/2 437/67/2
f 434/74/3 437/67/3 433/67/3
f 435/75/4 440/69/4 439/75/4
f 435/75/5 438/74/5 434/74/5
f 436/69/6 437/67/6 440/69/6
f 444/70/7 442/75/7 441/69/7
f 446/75/2 448/70/2 445/69/2
f 442/75/3 445/69/3 441/69/3
f 443/76/4 448/70/4 447/76/4
f 443/76/5 446/75/5 442/75/5
f 444/70/6 445/69/6 448/70/6
f 452/71/7 450/76/7 449/70/7
f 454/76/2 456/71/2 453/70/2
f 450/76/3 453/70/3 449/70/3
f 451/77/4 456/71/4 455/77/4
f 451/77/5 454/76/5 450/76/5
f 452/71/6 453/70/6 456/71/6
f 460/72/7 458/77/7 457/71/7
f 462/77/2 464/72/2 461/71/2
f 458/77/3 461/71/3 457/71/3
f 459/78/4 464/72/4 463/78/4
f 459/78/5 462/77/5 458/77/5
f 460/72/6 461/71/6 464/72/6
f 465/73/1 467/79/1 466/80/1
f 470/80/2 472/74/2 469/73/2
f 465/73/3 470/80/3 469/73/3
f 468/74/4 471/79/4 467/79/4
f 467/79/5 470/80/5 466/80/5
f 468/74/6 469/73/6 472/74/6
f 473/74/1 475/81/1 474/79/1
f 478/79/2 480/75/2 477/74/2
f 473/74/3 478/79/3 477/74/3
f 476/75/4 479/81/4 475/81/4
f 475/81/5 478/79/5 474/79/5
f 476/75/6 477/74/6 480/75/6
f 481/75/1 483/82/1 482/81/1
f 486/81/2 488/76/2 485/75/2
f 481/75/3 486/81/3 485/75/3
f 484/76/4 487/82/4 483/82/4
f 483/82/5 486/81/5 482/81/5
f 484/76/6 485/75/6 488/76/6
f 489/76/1 491/83/1 490/82/1
f 494/82/2 496/77/2 493/76/2
f 489/76/3 494/82/3 493/76/3
f 492/77/4 495/83/4 491/83/4
f 491/83/5 494/82/5 490/82/5
f 492/77/6 493/76/6 496/77/6
f 497/77/1 499/84/1 498/83/1
f 502/83/2 504/78/2 501/77/2
f 497/77/3 502/83/3 501/77/3
f 500/78/4 503/84/4 499/84/4
f 499/84/5 502/83/5 498/83/5
f 500/78/6 501/77/6 504/78/6
f 508/79/7 506/85/7 505/80/7
f 510/85/2 512/79/2 509/80/2
f 506/85/3 509/80/3 505/80/3
f 507/86/4 512/79/4 511/86/4
f 507/86/5 510/85/5 506/85/5
f 508/79/6 509/80/6 512/79/6
f 516/81/7 514/86/7 513/79/7
f 518/86/2 520/81/2 517/79/2
f 514/86/3 517/79/3 513/79/3
f 515/87/4 520/81/4 519/87/4
f 515/87/5 518/86/5 514/86/5
f 516/81/6 517/79/6 520/81/6
f 524/82/7 522/87/7 521/81/7
f 526/87/2 528/82/2 525/81/2
f 522/87/3 525/81/3 521/81/3
f 523/88/4 528/82/4 527/88/4
f 523/88/5 526/87/5 522/87/5
f 524/82/6 525/81/6 528/82/6
f 532/83/7 530/88/7 529/82/7
f 534/88/2 536/83/2 533/82/2
f 530/88/3 533/82/3 529/82/3
f 531/89/4 536/83/4 535/89/4
f 531/89/5 534/88/5 530/88/5
f 532/83/6 533/82/6 536/83/6
f 540/84/7 538/89/7 537/83/7
f 542/89/2 544/84/2 541/83/2
f 538/89/3 541/83/3 537/83/3
f 539/90/4 544/84/4 543/90/4
f 539/90/5 542/89/5 538/89/5
f 540/84/6 541/83/6 544/84/6
f 545/85/1 547/91/1 546/92/1
f 550/92/2 552/86/2 549/85/2
f 545/85/3 550/92/3 549/85/3
f 548/86/4 551/91/4 547/91/4
f 547/91/5 550/92/5 546/92/5
f 548/86/6 549/85/6 552/86/6
f 553/86/1 555/93/1 554/91/1
f 558/91/2 560/87/2 557/86/2
f 553/86/3 558/91/3 557/86/3
f 556/87/4 559/93/4 555/93/4
f 555/93/5 558/91/5 554/91/5
f 556/87/6 557/86/6 560/87/6
f 561/87/1 563/94/1 562/93/1
f 566/93/2 568/88/2 565/87/2
f 561/87/3 566/93/3 565/87/3
f 564/88/4 567/94/4 563/94/4
f 563/94/5 566/93/5 562/93/5
f 564/88/6 565/87/6 568/88/6
f 569/88/1 571/95/1 570/94/1
f 574/94/2 576/89/2 573/88/2
f 569/88/3 574/94/3 573/88/3
f 572/89/4 575/95/4 571/95/4
f 571/95/5 574/94/5 570/94/5
f 572/89/6 573/88/6 576/89/6
f 577/89/1 579/96/1 578/95/1
f 582/95/2 584/90/2 581/89/2
f 577/89/3 582/95/3 581/89/3
f 580/90/4 583/96/4 579/96/4
f 579/96/5 582/95/5 578/95/5
f 580/90/6 581/89/6 584/90/6
f 588/91/7 586/97/7 585/92/7
f 590/97/2 592/91/2 589/92/2
f 586/97/3 589/92/3 585/92/3
f 587/98/4 592/91/4 591/98/4
f 587/98/5 590/97/5 586/97/5
f 588/91/6 589/92/6 592/91/6
f 596/93/7 594/98/7 593/91/7
f 598/98/2 600/93/2 597/91/2
f 594/98/3 597/91/3 593/91/3
f 595/99/4 600/93/4 599/99/4
f 595/99/5 598/98/5 594/98/5
f 596/93/6 597/91/6 600/93/6
f 604/94/7 602/99/7 601/93/7
f 606/99/2 608/94/2 605/93/2
f 602/99/3 605/93/3 601/93/3
f 603/100/4 608/94/4 607/100/4
f 603/100/5 606/99/5 602/99/5
f 604/94/6 605/93/6 608/94/6
f 612/95/7 610/100/7 609/94/7
f 614/100/2 616/95/2 613/94/2
f 610/100/3 613/94/3 609/94/3
f 611/101/4 616/95/4 615/101/4
f 611/101/5 614/100/5 610/100/5
f 612/95/6 613/94/6 616/95/6
f 620/96/7 618/101/7 617/95/7
f 622/101/2 624/96/2 621/95/2
f 618/101/3 621/95/3 617/95/3
f 619/102/4 624/96/4 623/102/4
f 619/102/5 622/101/5 618/101/5
f 620/96/6 621/95/6 624/96/6
f 625/97/1 627/103/1 626/104/1
f 630/104/2 632/98/2 629/97/2
f 625/97/3 630/104/3 629/97/3
f 628/98/4 631/103/4 627/103/4
f 627/103/5 630/104/5 626/104/5
f 628/98/6 629/97/6 632/98/6
f 633/98/1 635/105/1 634/103/1
f 638/103/2 640/99/2 637/98/2
f 633/98/3 638/103/3 637/98/3
f 636/99/4 639/105/4 635/105/4
f 635/105/5 638/103/5 634/103/5
f 636/99/6 637/98/6 640/99/6
f 641/99/1 643/106/1 642/105/1
f 646/105/2 648/100/2 645/99/2
f 641/99/3 646/105/3 645/99/3
f 644/100/4 647/106/4 643/106/4
f 643/106/5 646/105/5 642/105/5
f 644/100/6 645/99/6 648/100/6
f 649/100/1 651/107/1 650/106/1
f 654/106/2 656/101/2 653/100/2
f 649/100/3 654/106/3 653/100/3
f 652/101/4 655/107/4 651/107/4
f 651/107/5 654/106/5 650/106/5
f 652/101/6 653/100/6 656/101/6
f 657/101/1 659/108/1 658/107/1
f 662/107/2 664/102/2 661/101/2
f 657/101/3 662/107/3 661/101/3
f 660/102/4 663/108/4 659/108/4
f 659/108/5 662/107/5 658/107/5
f 660/102/6 661/101/6 664/102/6
f 668/103/7 666/109/7 665/104/7
f 670/109/2 672/103/2 669/104/2
f 666/109/3 669/104/3 665/104/3
f 667/110/4 672/103/4 671/110/4
f 667/110/5 670/109/5 666/109/5
f 668/103/6 669/104/6 672/103/6
f 676/105/7 674/110/7 673/103/7
f 678/110/2 680/105/2 677/103/2
f 674/110/3 677/103/3 673/103/3
f 675/111/4 680/105/4 679/111/4
f 675/111/5 678/110/5 674/110/5
f 676/105/6 677/103/6 680/105/6
f 684/106/7 682/111/7 681/105/7
f 686/111/2 688/106/2 685/105/2
f 682/111/3 685/105/3 681/105/3
f 683/112/4 688/106/4 687/112/4
f 683/112/5 686/111/5 682/111/5
f 684/106/6 685/105/6 688/106/6
f 692/107/7 690/112/7 689/106/7
f 694/112/2 696/107/2 693/106/2
f 690/112/3 693/106/3 689/106/3
f 691/113/4 696/107/4 695/113/4
f 691/113/5 694/112/5 690/112/5
f 692/107/6 693/106/6 696/107/6
f 700/108/7 698/113/7 697/107/7
f 702/113/2 704/108/2 701/107/2
f 698/113/3 701/107/3 697/107/3
f 699/114/4 704/108/4 703/114/4
f 699/114/5 702/113/5 698/113/5
f 700/108/6 701/107/6 704/108/6
f 705/109/1 707/115/1 706/116/1
f 710/116/2 712/110/2 709/109/2
f 705/109/3 710/116/3 709/109/3
f 708/110/4 711/115/4 707/115/4
f 707/115/5 710/116/5 706/116/5
f 708/110/6 709/109/6 712/110/6
f 713/110/1 715/117/1 714/115/1
f 718/115/2 720/111/2 717/110/2
f 713/110/3 718/115/3 717/110/3
f 716/111/4 719/117/4 715/117/4
f 715/117/5 718/115/5 714/115/5
f 716/111/6 717/110/6 720/111/6
f 721/111/1 723/118/1 722/117/1
f 726/117/2 728/112/2 725/111/2
f 721/111/3 726/117/3 725/111/3
f 724/112/4 727/118/4 723/118/4
f 723/118/5 726/117/5 722/117/5
f 724/112/6 725/111/6 728/112/6
f 729/112/1 731/119/1 730/118/1
f 734/118/2 736/113/2 733/112/2
f 729/112/3 734/118/3 733/112/3
f 732/113/4 735/119/4 731/119/4
f 731/119/5 734/118/5 730/118/5
f 732/113/6 733/112/6 736/113/6
f 737/113/1 739/120/1 738/119/1
f 742/119/2 744/114/2 741/113/2
f 737/113/3 742/119/3 741/113/3
f 740/114/4 743/120/4 739/120/4
f 739/120/5 742/119/5 738/119/5
f 740/114/6 741/113/6 744/114/6
f 748/115/7 746/121/7 745/116/7
f 750/121/2 752/115/2 749/116/2
f 746/121/3 749/116/3 745/116/3
f 747/122/4 752/115/4 751/122/4
f 747/122/5 750/121/5 746/121/5
f 748/115/6 749/116/6 752/115/6
f 756/117/7 754/122/7 753/115/7
f 758/122/2 760/117/2 757/115/2
f 754/122/3 757/115/3 753/115/3
f 755/123/4 760/117/4 759/123/4
f 755/123/5 758/122/5 754/122/5
f 756/117/6 757/115/6 760/117/6
f 764/118/7 762/123/7 761/117/7
f 766/123/2 768/118/2 765/117/2
f 762/123/3 765/117/3 761/117/3
f 763/124/4 768/118/4 767/124/4
f 763/124/5 766/123/5 762/123/5
f 764/118/6 765/117/6 768/118/6
f 772/119/7 770/124/7 769/118/7
f 774/124/2 776/119/2 773/118/2
f 770/124/3 773/118/3 769/118/3
f 771/125/4 776/119/4 775/125/4
f 771/125/5 774/124/5 770/124/5
f 772/119/6 773/118/6 776/119/6
f 780/120/7 778/125/7 777/119/7
f 782/125/2 784/120/2 781/119/2
f 778/125/3 781/119/3 777/119/3
f 779/126/4 784/120/4 783/126/4
f 779/126/5 782/125/5 778/125/5
f 780/120/6 781/119/6 784/120/6
f 785/121/1 787/127/1 786/128/1
f 790/128/2 792/122/2 789/121/2
f 785/121/3 790/128/3 789/121/3
f 788/122/4 791/127/4 787/127/4
f 787/127/5 790/128/5 786/128/5
f 788/122/6 789/121/6 792/122/6
f 793/122/1 795/129/1 794/127/1
f 798/127/2 800/123/2 797/122/2
f 793/122/3 798/127/3 797/122/3
f 796/123/4 799/129/4 795/129/4
f 795/129/5 798/127/5 794/127/5
f 796/123/6 797/122/6 800/123/6
f 801/123/1 803/130/1 802/129/1
f 806/129/2 808/124/2 805/123/2
f 801/123/3 806/129/3 805/123/3
f 804/124/4 807/130/4 803/130/4
f 803/130/5 806/129/5 802/129/5
f 804/124/6 805/123/6 808/124/6
f 809/124/1 811/131/1 810/130/1
f 814/130/2 816/125/2 813/124/2
f 809/124/3 814/130/3 813/124/3
f 812/125/4 815/131/4 811/131/4
f 811/131/5 814/130/5 810/130/5
f 812/125/6 813/124/6 816/125/6
f 817/125/1 819/132/1 818/131/1
f 822/131/2 824/126/2 821/125/2
f 817/125/3 822/131/3 821/125/3
f 820/126/4 823/132/4 819/132/4
f 819/132/5 822/131/5 818/131/5
f 820/126/6 821/125/6 824/126/6
f 828/127/7 826/133/7 825/128/7
f 830/133/2 832/127/2 829/128/2
f 826/133/3 829/128/3 825/128/3
f 827/134/4 832/127/4 831/134/4
f 827/134/5 830/133/5 826/133/5
f 828/127/6 829/128/6 832/127/6
f 836/129/7 834/134/7 833/127/7
f 838/134/2 840/129/2 837/127/2
f 834/134/3 837/127/3 833/127/3
f 835/135/4 840/129/4 839/135/4
f 835/135/5 838/134/5 834/134/5
f 836/129/6 837/127/6 840/129/6
f 844/130/7 842/135/7 841/129/7
f 846/135/2 848/130/2 845/129/2
f 842/135/3 845/129/3 841/129/3
f 843/136/4 848/130/4 847/136/4
f 843/136/5 846/135/5 842/135/5
f 844/130/6 845/129/6 848/130/6
f 852/131/7 850/136/7 849/130/7
f 854/136/2 856/131/2 853/130/2
f 850/136/3 853/130/3 849/130/3
f 851/137/4 856/131/4 855/137/4
f 851/137/5 854/136/5 850/136/5
f 852/131/6 853/130/6 856/131/6
f 860/132/7 858/137/7 857/131/7
f 862/137/2 864/132/2 861/131/2
f 858/137/3 861/131/3 857/131/3
f 859/138/4 864/132/4 863/138/4
f 859/138/5 862/137/5 858/137/5
f 860/132/6 861/131/6 864/132/6
f 865/133/1 867/139/1 866/140/1
f 870/140/2 872/134/2 869/133/2
f 865/133/3 870/140/3 869/133/3
f 868/134/4 871/139/4 867/139/4
f 867/139/5 870/140/5 866/140/5
f 868/134/6 869/133/6 872/134/6
f 873/134/1 875/141/1 874/139/1
f 878/139/2 880/135/2 877/134/2
f 873/134/3 878/139/3 877/134/3
f 876/135/4 879/141/4 875/141/4
f 875/141/5 878/139/5 874/139/5
f 876/135/6 877/134/6 880/135/6
f 881/135/1 883/142/1 882/141/1
f 886/141/2 888/136/2 885/135/2
f 881/135/3 886/141/3 885/135/3
f 884/136/4 887/142/4 883/142/4
f 883/142/5 886/141/5 882/141/5
f 884/136/6 885/135/6 888/136/6
f 889/136/1 891/143/1 890/142/1
f 894/142/2 896/137/2 893/136/2
f 889/136/3 894/142/3 893/136/3
f 892/137/4 895/143/4 891/143/4
f 891/143/5 894/142/5 890/142/5
f 892/137/6 893/136/6 896/137/6
f 897/137/1 899/144/1 898/143/1
f 902/143/2 904/138/2 901/137/2
f 897/137/3 902/143/3 901/137/3
f 900/138/4 903/144/4 899/144/4
f 899/144/5 902/143/5 898/143/5
f 900/138/6 901/137/6 904/138/6
f 908/139/7 906/145/7 905/140/7
f 910/145/2 912/139/2 909/140/2
f 906/145/3 909/140/3 905/140/3
f 907/146/4 912/139/4 911/146/4
f 907/146/5 910/145/5 906/145/5
f 908/139/6 909/140/6 912/139/6
f 916/141/7 914/146/7 913/139/7
f 918/146/2 920/141/2 917/139/2
f 914/146/3 917/139/3 913/139/3
f 915/147/4 920/141/4 919/147/4
f 915/147/5 918/146/5 914/146/5
f 916/141/6 917/139/6 920/141/6
f 924/142/7 922/147/7 921/141/7
f 926/147/2 928/142/2 925/141/2
f 922/147/3 925/141/3 921/141/3
f 923/148/4 928/142/4 927/148/4
f 923/148/5 926/147/5 922/147/5
f 924/142/6 925/141/6 928/142/6
f 932/143/7 930/148/7 929/142/7
f 934/148/2 936/143/2 933/142/2
f 930/148/3 933/142/3 929/142/3
f 931/149/4 936/143/4 935/149/4
f 931/149/5 934/148/5 930/148/5
f 932/143/6 933/142/6 936/143/6
f 940/144/7 938/149/7 937/143/7
f 942/149/2 944/144/2 941/143/2
f 938/149/3 941/143/3 937/143/3
f 939/150/4 944/144/4 943/150/4
f 939/150/5 942/149/5 938/149/5
f 940/144/6 941/143/6 944/144/6
f 945/145/1 947/151/1 946/152/1
f 950/152/2 952/146/2 949/145/2
f 945/145/3 950/152/3 949/145/3
f 948/146/4 951/151/4 947/151/4
f 947/151/5 950/152/5 946/152/5
f 948/146/6 949/145/6 952/146/6
f 953/146/1 955/153/1 954/151/1
f 958/151/2 960/147/2 957/146/2
f 953/146/3 958/151/3 957/146/3
f 956/147/4 959/153/4 955/153/4
f 955/153/5 958/151/5 954/151/5
f 956/147/6 957/146/6 960/147/6
f 961/147/1 963/154/1 962/153/1
f 966/153/2 968/148/2 965/147/2
f 961/147/3 966/153/3 965/147/3
f 964/148/4 967/154/4 963/154/4
f 963/154/5 966/153/5 962/153/5
f 964/148/6 965/147/6 968/148/6
f 969/149/1 971/155/1 970/156/1
f 974/156/2 976/150/2 973/149/2
f 969/149/3 974/156/3 973/149/3
f 972/150/4 975/155/4 971/155/4
f 971/155/5 974/156/5 970/156/5
f 972/150/6 973/149/6 976/150/6
f 980/151/7 978/157/7 977/152/7
f 982/157/2 984/151/2 981/152/2
f 978/157/3 981/152/3 977/152/3
f 979/158/4 984/151/4 983/158/4
f 979/158/5 982/157/5 978/157/5
f 980/151/6 981/152/6 984/151/6
f 988/153/7 986/158/7 985/151/7
f 990/158/2 992/153/2 989/151/2
f 986/158/3 989/151/3 985/151/3
f 987/159/4 992/153/4 991/159/4
f 987/159/5 990/158/5 986/158/5
f 988/153/6 989/151/6 992/153/6
f 996/154/7 994/159/7 993/153/7
f 998/159/2 1000/154/2 997/153/2
f 994/159/3 997/153/3 993/153/3
f 995/160/4 1000/154/4 999/160/4
f 995/160/5 998/159/5 994/159/5
f 996/154/6 997/153/6 1000/154/6
f 1004/156/7 1002/160/7 1001/154/7
f 1006/160/2 1008/156/2 1005/154/2
f 1002/160/3 1005/154/3 1001/154/3
f 1003/161/4 1008/156/4 1007/161/4
f 1003/161/5 1006/160/5 1002/160/5
f 1004/156/6 1005/154/6 1008/156/6
f 1012/155/7 1010/161/7 1009/156/7
f 1014/161/2 1016/155/2 1013/156/2
f 1010/161/3 1013/156/3 1009/156/3
f 1011/162/4 1016/155/4 1015/162/4
f 1011/162/5 1014/161/5 1010/161/5
f 1012/155/6 1013/156/6 1016/155/6
f 1017/157/1 1019/163/1 1018/164/1
f 1022/164/2 1024/158/2 1021/157/2
f 1017/157/3 1022/164/3 1021/157/3
f 1020/158/4 1023/163/4 1019/163/4
f 1019/163/5 1022/164/5 1018/164/5
f 1020/158/6 1021/157/6 1024/158/6
f 1025/158/1 1027/165/1 1026/163/1
f 1030/163/2 1032/159/2 1029/158/2
f 1025/158/3 1030/163/3 1029/158/3
f 1028/159/4 1031/165/4 1027/165/4
f 1027/165/5 1030/163/5 1026/163/5
f 1028/159/6 1029/158/6 1032/159/6
f 1033/159/1 1035/166/1 1034/165/1
f 1038/165/2 1040/160/2 1037/159/2
f 1033/159/3 1038/165/3 1037/159/3
f 1036/160/4 1039/166/4 1035/166/4
f 1035/166/5 1038/165/5 1034/165/5
f 1036/160/6 1037/159/6 1040/160/6
f 1041/160/1 1043/167/1 1042/166/1
f 1046/166/2 1048/161/2 1045/160/2
f 1041/160/3 1046/166/3 1045/160/3
f 1044/161/4 1047/167/4 1043/167/4
f 1043/167/5 1046/166/5 1042/166/5
f 1044/161/6 1045/160/6 1048/161/6
f 1049/161/1 1051/168/1 1050/167/1
f 1054/167/2 1056/162/2 1053/161/2
f 1049/161/3 1054/167/3 1053/161/3
f 1052/162/4 1055/168/4 1051/168/4
f 1051/168/5 1054/167/5 1050/167/5
f 1052/162/6 1053/161/6 1056/162/6
f 1060/163/7 1058/169/7 1057/164/7
f 1062/169/2 1064/163/2 1061/164/2
f 1058/169/3 1061/164/3 1057/164/3
f 1059/170/4 1064/163/4 1063/170/4
f 1059/170/5 1062/169/5 1058/169/5
f 1060/163/6 1061/164/6 1064/163/6
f 1068/165/7 1066/170/7 1065/163/7
f 1070/170/2 1072/165/2 1069/163/2
f 1066/170/3 1069/163/3 1065/163/3
f 1067/171/4 1072/165/4 1071/171/4
f 1067/171/5 1070/170/5 1066/170/5
f 1068/165/6 1069/163/6 1072/165/6
f 1076/166/7 1074/171/7 1073/165/7
f 1078/171/2 1080/166/2 1077/165/2
f 1074/171/3 1077/165/3 1073/165/3
f 1075/172/4 1080/166/4 1079/172/4
f 1075/172/5 1078/171/5 1074/171/5
f 1076/166/6 1077/165/6 1080/166/6
f 1084/167/7 1082/172/7 1081/166/7
f 1086/172/2 1088/167/2 1085/166/2
f 1082/172/3 1085/166/3 1081/166/3
f 1083/173/4 1088/167/4 1087/173/4
f 1083/173/5 1086/172/5 1082/172/5
f 1084/167/6 1085/166/6 1088/167/6
f 1092/168/7 1090/173/7 1089/167/7
f 1094/173/2 1096/168/2 1093/167/2
f 1090/173/3 1093/167/3 1089/167/3
f 1091/174/4 1096/168/4 1095/174/4
f 1091/174/5 1094/173/5 1090/173/5
f 1092/168/6 1093/167/6 1096/168/6
f 1097/169/1 1099/175/1 1098/176/1
f 1102/176/2 1104/170/2 1101/169/2
f 1097/169/3 1102/176/3 1101/169/3
f 1100/170/4 1103/175/4 1099/175/4
f 1099/175/5 1102/176/5 1098/176/5
f 1100/170/6 1101/169/6 1104/170/6
f 1105/170/1 1107/177/1 1106/175/1
f 1110/175/2 1112/171/2 1109/170/2
f 1105/170/3 1110/175/3 1109/170/3
f 1108/171/4 1111/177/4 1107/177/4
f 1107/177/5 1110/175/5 1106/175/5
f 1108/171/6 1109/170/6 1112/171/6
f 1113/171/1 1115/178/1 1114/177/1
f 1118/177/2 1120/172/2 1117/171/2
f 1113/171/3 1118/177/3 1117/171/3
f 1116/172/4 1119/178/4 1115/178/4
f 1115/178/5 1118/177/5 1114/177/5
f 1116/172/6 1117/171/6 1120/172/6
f 1121/172/1 1123/179/1 1122/178/1
f 1126/178/2 1128/173/2 1125/172/2
f 1121/172/3 1126/178/3 1125/172/3
f 1124/173/4 1127/179/4 1123/179/4
f 1123/179/5 1126/178/5 1122/178/5
f 1124/173/6 1125/172/6 1128/173/6
f 1129/173/1 1131/180/1 1130/179/1
f 1134/179/2 1136/174/2 1133/173/2
f 1129/173/3 1134/179/3 1133/173/3
f 1132/174/4 1135/180/4 1131/180/4
f 1131/180/5 1134/179/5 1130/179/5
f 1132/174/6 1133/173/6 1136/174/6
f 1140/175/7 1138/181/7 1137/176/7
f 1142/181/2 1144/175/2 1141/176/2
f 1138/181/3 1141/176/3 1137/176/3
f 1139/182/4 1144/175/4 1143/182/4
f 1139/182/5 1142/181/5 1138/181/5
f 1140/175/6 1141/176/6 1144/175/6
f 1148/177/7 1146/182/7 1145/175/7
f 1150/182/2 1152/177/2 1149/175/2
f 1146/182/3 1149/175/3 1145/175/3
f 1147/183/4 1152/177/4 1151/183/4
f 1147/183/5 1150/182/5 1146/182/5
f 1148/177/6 1149/175/6 1152/177/6
f 1156/178/7 1154/183/7 1153/177/7
f 1158/183/2 1160/178/2 1157/177/2
f 1154/183/3 1157/177/3 1153/177/3
f 1155/184/4 1160/178/4 1159/184/4
f 1155/184/5 1158/183/5 1154/183/5
f 1156/178/6 1157/177/6 1160/178/6
f 1164/179/7 1162/184/7 1161/178/7
f 1166/184/2 1168/179/2 1165/178/2
f 1162/184/3 1165/178/3 1161/178/3
f 1163/185/4 1168/179/4 1167/185/4
f 1163/185/5 1166/184/5 1162/184/5
f 1164/179/6 1165/178/6 1168/179/6
f 1172/180/7 1170/185/7 1169/179/7
f 1174/185/2 1176/180/2 1173/179/2
f 1170/185/3 1173/179/3 1169/179/3
f 1171/186/4 1176/180/4 1175/186/4
f 1171/186/5 1174/185/5 1170/185/5
f 1172/180/6 1173/179/6 1176/180/6
f 1177/181/1 1179/187/1 1178/188/1
f 1182/188/2 1184/182/2 1181/181/2
f 1177/181/3 1182/188/3 1181/181/3
f 1180/182/4 1183/187/4 1179/187/4
f 1179/187/5 1182/188/5 1178/188/5
f 1180/182/6 1181/181/6 1184/182/6
f 1185/182/1 1187/189/1 1186/187/1
f 1190/187/2 1192/183/2 1189/182/2
f 1185/182/3 1190/187/3 1189/182/3
f 1188/183/4 1191/189/4 1187/189/4
f 1187/189/5 1190/187/5 1186/187/5
f 1188/183/6 1189/182/6 1192/183/6
f 1193/183/1 1195/190/1 1194/189/1
f 1198/189/2 1200/184/2 1197/183/2
f 1193/183/3 1198/189/3 1197/183/3
f 1196/184/4 1199/190/4 1195/190/4
f 1195/190/5 1198/189/5 1194/189/5
f 1196/184/6 1197/183/6 1200/184/6
f 1201/184/1 1203/191/1 1202/190/1
f 1206/190/2 1208/185/2 1205/184/2
f 1201/184/3 1206/190/3 1205/184/3
f 1204/185/4 1207/191/4 1203/191/4
f 1203/191/5 1206/190/5 1202/190/5
f 1204/185/6 1205/184/6 1208/185/6
f 1209/185/1 1211/192/1 1210/191/1
f 1214/191/2 1216/186/2 1213/185/2
f 1209/185/3 1214/191/3 1213/185/3
f 1212/186/4 1215/192/4 1211/192/4
f 1211/192/5 1214/191/5 1210/191/5
f 1212/186/6 1213/185/6 1216/186/6
f 1220/187/7 1218/193/7 1217/188/7
f 1222/193/2 1224/187/2 1221/188/2
f 1218/193/3 1221/188/3 1217/188/3
f 1219/194/4 1224/187/4 1223/194/4
f 1219/194/5 1222/193/5 1218/193/5
f 1220/187/6 1221/188/6 1224/187/6
f 1228/189/7 1226/194/7 1225/187/7
f 1230/194/2 1232/189/2 1229/187/2
f 1226/194/3 1229/187/3 1225/187/3
f 1227/195/4 1232/189/4 1231/195/4
f 1227/195/5 1230/194/5 1226/194/5
f 1228/189/6 1229/187/6 1232/189/6
f 1236/190/7 1234/195/7 1233/189/7
f 1238/195/2 1240/190/2 1237/189/2
f 1234/195/3 1237/189/3 1233/189/3
f 1235/196/4 1240/190/4 1239/196/4
f 1235/196/5 1238/195/5 1234/195/5
f 1236/190/6 1237/189/6 1240/190/6
f 1244/191/7 1242/196/7 1241/190/7
f 1246/196/2 1248/191/2 1245/190/2
f 1242/196/3 1245/190/3 1241/190/3
f 1243/197/4 1248/191/4 1247/197/4
f 1243/197/5 1246/196/5 1242/196/5
f 1244/191/6 1245/190/6 1248/191/6
f 1252/192/7 1250/197/7 1249/191/7
f 1254/197/2 1256/192/2 1253/191/2
f 1250/197/3 1253/191/3 1249/191/3
f 1251/198/4 1256/192/4 1255/198/4
f 1251/198/5 1254/197/5 1250/197/5
f 1252/192/6 1253/191/6 1256/192/6
f 1257/193/1 1259/199/1 1258/200/1
f 1262/200/2 1264/194/2 1261/193/2
f 1257/193/3 1262/200/3 1261/193/3
f 1260/194/4 1263/199/4 1259/199/4
f 1259/199/5 1262/200/5 1258/200/5
f 1260/194/6 1261/193/6 1264/194/6
f 1265/194/1 1267/201/1 1266/199/1
f 1270/199/2 1272/195/2 1269/194/2
f 1265/194/3 1270/199/3 1269/194/3
f 1268/195/4 1271/201/4 1267/201/4
f 1267/201/5 1270/199/5 1266/199/5
f 1268/195/6 1269/194/6 1272/195/6
f 1273/195/1 1275/202/1 1274/201/1
f 1278/201/2 1280/196/2 1277/195/2
f 1273/195/3 1278/201/3 1277/195/3
f 1276/196/4 1279/202/4 1275/202/4
f 1275/202/5 1278/201/5 1274/201/5
f 1276/196/6 1277/195/6 1280/196/6
f 1281/196/1 1283/203/1 1282/202/1
f 1286/202/2 1288/197/2 1285/196/2
f 1281/196/3 1286/202/3 1285/196/3
f 1284/197/4 1287/203/4 1283/203/4
f 1283/203/5 1286/202/5 1282/202/5
f 1284/197/6 1285/196/6 1288/197/6
f 1289/197/1 1291/204/1 1290/203/1
f 1294/203/2 1296/198/2 1293/197/2
f 1289/197/3 1294/203/3 1293/197/3
f 1292/198/4 1295/204/4 1291/204/4
f 1291/204/5 1294/203/5 1290/203/5
f 1292/198/6 1293/197/6 1296/198/6
f 1300/12/3 1298/204/3 1297/12/3
f 1302/205/4 1304/206/4 1301/206/4
f 1298/204/2 1301/206/2 1297/12/2
f 1300/12/8 1303/205/8 1299/204/8
f 1299/204/5 1302/205/5 1298/204/5
f 1301/206/6 1300/12/6 1297/12/6
f 1/1/1 4/4/1 3/2/1
f 6/3/2 7/2/2 8/4/2
f 1/1/3 2/3/3 6/3/3
f 4/4/4 8/4/4 7/2/4
f 3/2/5 7/2/5 6/3/5
f 4/4/6 1/1/6 5/1/6
f 9/4/1 12/6/1 11/5/1
f 14/2/2 15/5/2 16/6/2
f 9/4/3 10/2/3 14/2/3
f 12/6/4 16/6/4 15/5/4
f 11/5/5 15/5/5 14/2/5
f 12/6/6 9/4/6 13/4/6
f 17/6/1 20/8/1 19/7/1
f 22/5/2 23/7/2 24/8/2
f 17/6/3 18/5/3 22/5/3
f 20/8/4 24/8/4 23/7/4
f 19/7/5 23/7/5 22/5/5
f 20/8/6 17/6/6 21/6/6
f 25/8/1 28/10/1 27/9/1
f 30/7/2 31/9/2 32/10/2
f 25/8/3 26/7/3 30/7/3
f 28/10/4 32/10/4 31/9/4
f 27/9/5 31/9/5 30/7/5
f 28/10/6 25/8/6 29/8/6
f 33/10/1 36/12/1 35/11/1
f 38/9/2 39/11/2 40/12/2
f 33/10/3 34/9/3 38/9/3
f 36/12/4 40/12/4 39/11/4
f 35/11/5 39/11/5 38/9/5
f 36/12/6 33/10/6 37/10/6
f 44/2/7 43/14/7 42/13/7
f 46/13/2 47/14/2 48/2/2
f 42/13/3 46/13/3 45/3/3
f 43/14/4 44/2/4 48/2/4
f 43/14/5 47/14/5 46/13/5
f 44/2/6 41/3/6 45/3/6
f 52/5/7 51/15/7 50/14/7
f 54/14/2 55/15/2 56/5/2
f 50/14/3 54/14/3 53/2/3
f 51/15/4 52/5/4 56/5/4
f 51/15/5 55/15/5 54/14/5
f 52/5/6 49/2/6 53/2/6
f 60/7/7 59/16/7 58/15/7
f 62/15/2 63/16/2 64/7/2
f 58/15/3 62/15/3 61/5/3
f 59/16/4 60/7/4 64/7/4
f 59/16/5 63/16/5 62/15/5
f 60/7/6 57/5/6 61/5/6
f 68/9/7 67/17/7 66/16/7
f 70/16/2 71/17/2 72/9/2
f 66/16/3 70/16/3 69/7/3
f 67/17/4 68/9/4 72/9/4
f 67/17/5 71/17/5 70/16/5
f 68/9/6 65/7/6 69/7/6
f 76/11/7 75/18/7 74/17/7
f 78/17/2 79/18/2 80/11/2
f 74/17/3 78/17/3 77/9/3
f 75/18/4 76/11/4 80/11/4
f 75/18/5 79/18/5 78/17/5
f 76/11/6 73/9/6 77/9/6
f 81/13/1 84/14/1 83/19/1
f 86/20/2 87/19/2 88/14/2
f 81/13/3 82/20/3 86/20/3
f 84/14/4 88/14/4 87/19/4
f 83/19/5 87/19/5 86/20/5
f 84/14/6 81/13/6 85/13/6
f 89/14/1 92/15/1 91/21/1
f 94/19/2 95/21/2 96/15/2
f 89/14/3 90/19/3 94/19/3
f 92/15/4 96/15/4 95/21/4
f 91/21/5 95/21/5 94/19/5
f 92/15/6 89/14/6 93/14/6
f 97/15/1 100/16/1 99/22/1
f 102/21/2 103/22/2 104/16/2
f 97/15/3 98/21/3 102/21/3
f 100/16/4 104/16/4 103/22/4
f 99/22/5 103/22/5 102/21/5
f 100/16/6 97/15/6 101/15/6
f 105/16/1 108/17/1 107/23/1
f 110/22/2 111/23/2 112/17/2
f 105/16/3 106/22/3 110/22/3
f 108/17/4 112/17/4 111/23/4
f 107/23/5 111/23/5 110/22/5
f 108/17/6 105/16/6 109/16/6
f 113/17/1 116/18/1 115/24/1
f 118/23/2 119/24/2 120/18/2
f 113/17/3 114/23/3 118/23/3
f 116/18/4 120/18/4 119/24/4
f 115/24/5 119/24/5 118/23/5
f 116/18/6 113/17/6 117/17/6
f 124/19/7 123/26/7 122/25/7
f 126/25/2 127/26/2 128/19/2
f 122/25/3 126/25/3 125/20/3
f 123/26/4 124/19/4 128/19/4
f 123/26/5 127/26/5 126/25/5
f 124/19/6 121/20/6 125/20/6
f 132/21/7 131/27/7 130/26/7
f 134/26/2 135/27/2 136/21/2
f 130/26/3 134/26/3 133/19/3
f 131/27/4 132/21/4 136/21/4
f 131/27/5 135/27/5 134/26/5
f 132/21/6 129/19/6 133/19/6
f 140/22/7 139/28/7 138/27/7
f 142/27/2 143/28/2 144/22/2
f 138/27/3 142/27/3 141/21/3
f 139/28/4 140/22/4 144/22/4
f 139/28/5 143/28/5 142/27/5
f 140/22/6 137/21/6 141/21/6
f 148/23/7 147/29/7 146/28/7
f 150/28/2 151/29/2 152/23/2
f 146/28/3 150/28/3 149/22/3
f 147/29/4 148/23/4 152/23/4
f 147/29/5 151/29/5 150/28/5
f 148/23/6 145/22/6 149/22/6
f 156/24/7 155/30/7 154/29/7
f 158/29/2 159/30/2 160/24/2
f 154/29/3 158/29/3 157/23/3
f 155/30/4 156/24/4 160/24/4
f 155/30/5 159/30/5 158/29/5
f 156/24/6 153/23/6 157/23/6
f 161/25/1 164/26/1 163/31/1
f 166/32/2 167/31/2 168/26/2
f 161/25/3 162/32/3 166/32/3
f 164/26/4 168/26/4 167/31/4
f 163/31/5 167/31/5 166/32/5
f 164/26/6 161/25/6 165/25/6
f 169/26/1 172/27/1 171/33/1
f 174/31/2 175/33/2 176/27/2
f 169/26/3 170/31/3 174/31/3
f 172/27/4 176/27/4 175/33/4
f 171/33/5 175/33/5 174/31/5
f 172/27/6 169/26/6 173/26/6
f 177/27/1 180/28/1 179/34/1
f 182/33/2 183/34/2 184/28/2
f 177/27/3 178/33/3 182/33/3
f 180/28/4 184/28/4 183/34/4
f 179/34/5 183/34/5 182/33/5
f 180/28/6 177/27/6 181/27/6
f 185/28/1 188/29/1 187/35/1
f 190/34/2 191/35/2 192/29/2
f 185/28/3 186/34/3 190/34/3
f 188/29/4 192/29/4 191/35/4
f 187/35/5 191/35/5 190/34/5
f 188/29/6 185/28/6 189/28/6
f 193/29/1 196/30/1 195/36/1
f 198/35/2 199/36/2 200/30/2
f 193/29/3 194/35/3 198/35/3
f 196/30/4 200/30/4 199/36/4
f 195/36/5 199/36/5 198/35/5
f 196/30/6 193/29/6 197/29/6
f 204/31/7 203/38/7 202/37/7
f 206/37/2 207/38/2 208/31/2
f 202/37/3 206/37/3 205/32/3
f 203/38/4 204/31/4 208/31/4
f 203/38/5 207/38/5 206/37/5
f 204/31/6 201/32/6 205/32/6
f 212/33/7 211/39/7 210/38/7
f 214/38/2 215/39/2 216/33/2
f 210/38/3 214/38/3 213/31/3
f 211/39/4 212/33/4 216/33/4
f 211/39/5 215/39/5 214/38/5
f 212/33/6 209/31/6 213/31/6
f 220/34/7 219/40/7 218/39/7
f 222/39/2 223/40/2 224/34/2
f 218/39/3 222/39/3 221/33/3
f 219/40/4 220/34/4 224/34/4
f 219/40/5 223/40/5 222/39/5
f 220/34/6 217/33/6 221/33/6
f 228/35/7 227/41/7 226/40/7
f 230/40/2 231/41/2 232/35/2
f 226/40/3 230/40/3 229/34/3
f 227/41/4 228/35/4 232/35/4
f 227/41/5 231/41/5 230/40/5
f 228/35/6 225/34/6 229/34/6
f 236/36/7 235/42/7 234/41/7
f 238/41/2 239/42/2 240/36/2
f 234/41/3 238/41/3 237/35/3
f 235/42/4 236/36/4 240/36/4
f 235/42/5 239/42/5 238/41/5
f 236/36/6 233/35/6 237/35/6
f 241/37/1 244/38/1 243/43/1
f 246/44/2 247/43/2 248/38/2
f 241/37/3 242/44/3 246/44/3
f 244/38/4 248/38/4 247/43/4
f 243/43/5 247/43/5 246/44/5
f 244/38/6 241/37/6 245/37/6
f 249/38/1 252/39/1 251/45/1
f 254/43/2 255/45/2 256/39/2
f 249/38/3 250/43/3 254/43/3
f 252/39/4 256/39/4 255/45/4
f 251/45/5 255/45/5 254/43/5
f 252/39/6 249/38/6 253/38/6
f 257/39/1 260/40/1 259/46/1
f 262/45/2 263/46/2 264/40/2
f 257/39/3 258/45/3 262/45/3
f 260/40/4 264/40/4 263/46/4
f 259/46/5 263/46/5 262/45/5
f 260/40/6 257/39/6 261/39/6
f 265/40/1 268/41/1 267/47/1
f 270/46/2 271/47/2 272/41/2
f 265/40/3 266/46/3 270/46/3
f 268/41/4 272/41/4 271/47/4
f 267/47/5 271/47/5 270/46/5
f 268/41/6 265/40/6 269/40/6
f 273/41/1 276/42/1 275/48/1
f 278/47/2 279/48/2 280/42/2
f 273/41/3 274/47/3 278/47/3
f 276/42/4 280/42/4 279/48/4
f 275/48/5 279/48/5 278/47/5
f 276/42/6 273/41/6 277/41/6
f 284/43/7 283/50/7 282/49/7
f 286/49/2 287/50/2 288/43/2
f 282/49/3 286/49/3 285/44/3
f 283/50/4 284/43/4 288/43/4
f 283/50/5 287/50/5 286/49/5
f 284/43/6 281/44/6 285/44/6
f 292/46/7 291/52/7 290/51/7
f 294/51/2 295/52/2 296/46/2
f 290/51/3 294/51/3 293/45/3
f 291/52/4 292/46/4 296/46/4
f 291/52/5 295/52/5 294/51/5
f 292/46/6 289/45/6 293/45/6
f 300/47/7 299/53/7 298/52/7
f 302/52/2 303/53/2 304/47/2
f 298/52/3 302/52/3 301/46/3
f 299/53/4 300/47/4 304/47/4
f 299/53/5 303/53/5 302/52/5
f 300/47/6 297/46/6 301/46/6
f 308/48/7 307/54/7 306/53/7
f 310/53/2 311/54/2 312/48/2
f 306/53/3 310/53/3 309/47/3
f 307/54/4 308/48/4 312/48/4
f 307/54/5 311/54/5 310/53/5
f 308/48/6 305/47/6 309/47/6
f 313/49/1 316/50/1 315/55/1
f 318/56/2 319/55/2 320/50/2
f 313/49/3 314/56/3 318/56/3
f 316/50/4 320/50/4 319/55/4
f 315/55/5 319/55/5 318/56/5
f 316/50/6 313/49/6 317/49/6
f 321/51/1 324/52/1 323/57/1
f 326/58/2 327/57/2 328/52/2
f 321/51/3 322/58/3 326/58/3
f 324/52/4 328/52/4 327/57/4
f 323/57/5 327/57/5 326/58/5
f 324/52/6 321/51/6 325/51/6
f 329/52/1 332/53/1 331/59/1
f 334/57/2 335/59/2 336/53/2
f 329/52/3 330/57/3 334/57/3
f 332/53/4 336/53/4 335/59/4
f 331/59/5 335/59/5 334/57/5
f 332/53/6 329/52/6 333/52/6
f 337/53/1 340/54/1 339/60/1
f 342/59/2 343/60/2 344/54/2
f 337/53/3 338/59/3 342/59/3
f 340/54/4 344/54/4 343/60/4
f 339/60/5 343/60/5 342/59/5
f 340/54/6 337/53/6 341/53/6
f 348/55/7 347/62/7 346/61/7
f 350/61/2 351/62/2 352/55/2
f 346/61/3 350/61/3 349/56/3
f 347/62/4 348/55/4 352/55/4
f 347/62/5 351/62/5 350/61/5
f 348/55/6 345/56/6 349/56/6
f 356/58/7 355/63/7 354/62/7
f 358/62/2 359/63/2 360/58/2
f 354/62/3 358/62/3 357/55/3
f 355/63/4 356/58/4 360/58/4
f 355/63/5 359/63/5 358/62/5
f 356/58/6 353/55/6 357/55/6
f 364/57/7 363/64/7 362/63/7
f 366/63/2 367/64/2 368/57/2
f 362/63/3 366/63/3 365/58/3
f 363/64/4 364/57/4 368/57/4
f 363/64/5 367/64/5 366/63/5
f 364/57/6 361/58/6 365/58/6
f 372/59/7 371/65/7 370/64/7
f 374/64/2 375/65/2 376/59/2
f 370/64/3 374/64/3 373/57/3
f 371/65/4 372/59/4 376/59/4
f 371/65/5 375/65/5 374/64/5
f 372/59/6 369/57/6 373/57/6
f 380/60/7 379/66/7 378/65/7
f 382/65/2 383/66/2 384/60/2
f 378/65/3 382/65/3 381/59/3
f 379/66/4 380/60/4 384/60/4
f 379/66/5 383/66/5 382/65/5
f 380/60/6 377/59/6 381/59/6
f 385/61/1 388/62/1 387/67/1
f 390/68/2 391/67/2 392/62/2
f 385/61/3 386/68/3 390/68/3
f 388/62/4 392/62/4 391/67/4
f 387/67/5 391/67/5 390/68/5
f 388/62/6 385/61/6 389/61/6
f 393/62/1 396/63/1 395/69/1
f 398/67/2 399/69/2 400/63/2
f 393/62/3 394/67/3 398/67/3
f 396/63/4 400/63/4 399/69/4
f 395/69/5 399/69/5 398/67/5
f 396/63/6 393/62/6 397/62/6
f 401/63/1 404/64/1 403/70/1
f 406/69/2 407/70/2 408/64/2
f 401/63/3 402/69/3 406/69/3
f 404/64/4 408/64/4 407/70/4
f 403/70/5 407/70/5 406/69/5
f 404/64/6 401/63/6 405/63/6
f 409/64/1 412/65/1 411/71/1
f 414/70/2 415/71/2 416/65/2
f 409/64/3 410/70/3 414/70/3
f 412/65/4 416/65/4 415/71/4
f 411/71/5 415/71/5 414/70/5
f 412/65/6 409/64/6 413/64/6
f 417/65/1 420/66/1 419/72/1
f 422/71/2 423/72/2 424/66/2
f 417/65/3 418/71/3 422/71/3
f 420/66/4 424/66/4 423/72/4
f 419/72/5 423/72/5 422/71/5
f 420/66/6 417/65/6 421/65/6
f 428/67/7 427/74/7 426/73/7
f 430/73/2 431/74/2 432/67/2
f 426/73/3 430/73/3 429/68/3
f 427/74/4 428/67/4 432/67/4
f 427/74/5 431/74/5 430/73/5
f 428/67/6 425/68/6 429/68/6
f 436/69/7 435/75/7 434/74/7
f 438/74/2 439/75/2 440/69/2
f 434/74/3 438/74/3 437/67/3
f 435/75/4 436/69/4 440/69/4
f 435/75/5 439/75/5 438/74/5
f 436/69/6 433/67/6 437/67/6
f 444/70/7 443/76/7 442/75/7
f 446/75/2 447/76/2 448/70/2
f 442/75/3 446/75/3 445/69/3
f 443/76/4 444/70/4 448/70/4
f 443/76/5 447/76/5 446/75/5
f 444/70/6 441/69/6 445/69/6
f 452/71/7 451/77/7 450/76/7
f 454/76/2 455/77/2 456/71/2
f 450/76/3 454/76/3 453/70/3
f 451/77/4 452/71/4 456/71/4
f 451/77/5 455/77/5 454/76/5
f 452/71/6 449/70/6 453/70/6
f 460/72/7 459/78/7 458/77/7
f 462/77/2 463/78/2 464/72/2
f 458/77/3 462/77/3 461/71/3
f 459/78/4 460/72/4 464/72/4
f 459/78/5 463/78/5 462/77/5
f 460/72/6 457/71/6 461/71/6
f 465/73/1 468/74/1 467/79/1
f 470/80/2 471/79/2 472/74/2
f 465/73/3 466/80/3 470/80/3
f 468/74/4 472/74/4 471/79/4
f 467/79/5 471/79/5 470/80/5
f 468/74/6 465/73/6 469/73/6
f 473/74/1 476/75/1 475/81/1
f 478/79/2 479/81/2 480/75/2
f 473/74/3 474/79/3 478/79/3
f 476/75/4 480/75/4 479/81/4
f 475/81/5 479/81/5 478/79/5
f 476/75/6 473/74/6 477/74/6
f 481/75/1 484/76/1 483/82/1
f 486/81/2 487/82/2 488/76/2
f 481/75/3 482/81/3 486/81/3
f 484/76/4 488/76/4 487/82/4
f 483/82/5 487/82/5 486/81/5
f 484/76/6 481/75/6 485/75/6
f 489/76/1 492/77/1 491/83/1
f 494/82/2 495/83/2 496/77/2
f 489/76/3 490/82/3 494/82/3
f 492/77/4 496/77/4 495/83/4
f 491/83/5 495/83/5 494/82/5
f 492/77/6 489/76/6 493/76/6
f 497/77/1 500/78/1 499/84/1
f 502/83/2 503/84/2 504/78/2
f 497/77/3 498/83/3 502/83/3
f 500/78/4 504/78/4 503/84/4
f 499/84/5 503/84/5 502/83/5
f 500/78/6 497/77/6 501/77/6
f 508/79/7 507/86/7 506/85/7
f 510/85/2 511/86/2 512/79/2
f 506/85/3 510/85/3 509/80/3
f 507/86/4 508/79/4 512/79/4
f 507/86/5 511/86/5 510/85/5
f 508/79/6 505/80/6 509/80/6
f 516/81/7 515/87/7 514/86/7
f 518/86/2 519/87/2 520/81/2
f 514/86/3 518/86/3 517/79/3
f 515/87/4 516/81/4 520/81/4
f 515/87/5 519/87/5 518/86/5
f 516/81/6 513/79/6 517/79/6
f 524/82/7 523/88/7 522/87/7
f 526/87/2 527/88/2 528/82/2
f 522/87/3 526/87/3 525/81/3
f 523/88/4 524/82/4 528/82/4
f 523/88/5 527/88/5 526/87/5
f 524/82/6 521/81/6 525/81/6
f 532/83/7 531/89/7 530/88/7
f 534/88/2 535/89/2 536/83/2
f 530/88/3 534/88/3 533/82/3
f 531/89/4 532/83/4 536/83/4
f 531/89/5 535/89/5 534/88/5
f 532/83/6 529/82/6 533/82/6
f 540/84/7 539/90/7 538/89/7
f 542/89/2 543/90/2 544/84/2
f 538/89/3 542/89/3 541/83/3
f 539/90/4 540/84/4 544/84/4
f 539/90/5 543/90/5 542/89/5
f 540/84/6 537/83/6 541/83/6
f 545/85/1 548/86/1 547/91/1
f 550/92/2 551/91/2 552/86/2
f 545/85/3 546/92/3 550/92/3
f 548/86/4 552/86/4 551/91/4
f 547/91/5 551/91/5 550/92/5
f 548/86/6 545/85/6 549/85/6
f 553/86/1 556/87/1 555/93/1
f 558/91/2 559/93/2 560/87/2
f 553/86/3 554/91/3 558/91/3
f 556/87/4 560/87/4 559/93/4
f 555/93/5 559/93/5 558/91/5
f 556/87/6 553/86/6 557/86/6
f 561/87/1 564/88/1 563/94/1
f 566/93/2 567/94/2 568/88/2
f 561/87/3 562/93/3 566/93/3
f 564/88/4 568/88/4 567/94/4
f 563/94/5 567/94/5 566/93/5
f 564/88/6 561/87/6 565/87/6
f 569/88/1 572/89/1 571/95/1
f 574/94/2 575/95/2 576/89/2
f 569/88/3 570/94/3 574/94/3
f 572/89/4 576/89/4 575/95/4
f 571/95/5 575/95/5 574/94/5
f 572/89/6 569/88/6 573/88/6
f 577/89/1 580/90/1 579/96/1
f 582/95/2 583/96/2 584/90/2
f 577/89/3 578/95/3 582/95/3
f 580/90/4 584/90/4 583/96/4
f 579/96/5 583/96/5 582/95/5
f 580/90/6 577/89/6 581/89/6
f 588/91/7 587/98/7 586/97/7
f 590/97/2 591/98/2 592/91/2
f 586/97/3 590/97/3 589/92/3
f 587/98/4 588/91/4 592/91/4
f 587/98/5 591/98/5 590/97/5
f 588/91/6 585/92/6 589/92/6
f 596/93/7 595/99/7 594/98/7
f 598/98/2 599/99/2 600/93/2
f 594/98/3 598/98/3 597/91/3
f 595/99/4 596/93/4 600/93/4
f 595/99/5 599/99/5 598/98/5
f 596/93/6 593/91/6 597/91/6
f 604/94/7 603/100/7 602/99/7
f 606/99/2 607/100/2 608/94/2
f 602/99/3 606/99/3 605/93/3
f 603/100/4 604/94/4 608/94/4
f 603/100/5 607/100/5 606/99/5
f 604/94/6 601/93/6 605/93/6
f 612/95/7 611/101/7 610/100/7
f 614/100/2 615/101/2 616/95/2
f 610/100/3 614/100/3 613/94/3
f 611/101/4 612/95/4 616/95/4
f 611/101/5 615/101/5 614/100/5
f 612/95/6 609/94/6 613/94/6
f 620/96/7 619/102/7 618/101/7
f 622/101/2 623/102/2 624/96/2
f 618/101/3 622/101/3 621/95/3
f 619/102/4 620/96/4 624/96/4
f 619/102/5 623/102/5 622/101/5
f 620/96/6 617/95/6 621/95/6
f 625/97/1 628/98/1 627/103/1
f 630/104/2 631/103/2 632/98/2
f 625/97/3 626/104/3 630/104/3
f 628/98/4 632/98/4 631/103/4
f 627/103/5 631/103/5 630/104/5
f 628/98/6 625/97/6 629/97/6
f 633/98/1 636/99/1 635/105/1
f 638/103/2 639/105/2 640/99/2
f 633/98/3 634/103/3 638/103/3
f 636/99/4 640/99/4 639/105/4
f 635/105/5 639/105/5 638/103/5
f 636/99/6 633/98/6 637/98/6
f 641/99/1 644/100/1 643/106/1
f 646/105/2 647/106/2 648/100/2
f 641/99/3 642/105/3 646/105/3
f 644/100/4 648/100/4 647/106/4
f 643/106/5 647/106/5 646/105/5
f 644/100/6 641/99/6 645/99/6
f 649/100/1 652/101/1 651/107/1
f 654/106/2 655/107/2 656/101/2
f 649/100/3 650/106/3 654/106/3
f 652/101/4 656/101/4 655/107/4
f 651/107/5 655/107/5 654/106/5
f 652/101/6 649/100/6 653/100/6
f 657/101/1 660/102/1 659/108/1
f 662/107/2 663/108/2 664/102/2
f 657/101/3 658/107/3 662/107/3
f 660/102/4 664/102/4 663/108/4
f 659/108/5 663/108/5 662/107/5
f 660/102/6 657/101/6 661/101/6
f 668/103/7 667/110/7 666/109/7
f 670/109/2 671/110/2 672/103/2
f 666/109/3 670/109/3 669/104/3
f 667/110/4 668/103/4 672/103/4
f 667/110/5 671/110/5 670/109/5
f 668/103/6 665/104/6 669/104/6
f 676/105/7 675/111/7 674/110/7
f 678/110/2 679/111/2 680/105/2
f 674/110/3 678/110/3 677/103/3
f 675/111/4 676/105/4 680/105/4
f 675/111/5 679/111/5 678/110/5
f 676/105/6 673/103/6 677/103/6
f 684/106/7 683/112/7 682/111/7
f 686/111/2 687/112/2 688/106/2
f 682/111/3 686/111/3 685/105/3
f 683/112/4 684/106/4 688/106/4
f 683/112/5 687/112/5 686/111/5
f 684/106/6 681/105/6 685/105/6
f 692/107/7 691/113/7 690/112/7
f 694/112/2 695/113/2 696/107/2
f 690/112/3 694/112/3 693/106/3
f 691/113/4 692/107/4 696/107/4
f 691/113/5 695/113/5 694/112/5
f 692/107/6 689/106/6 693/106/6
f 700/108/7 699/114/7 698/113/7
f 702/113/2 703/114/2 704/108/2
f 698/113/3 702/113/3 701/107/3
f 699/114/4 700/108/4 704/108/4
f 699/114/5 703/114/5 702/113/5
f 700/108/6 697/107/6 701/107/6
f 705/109/1 708/110/1 707/115/1
f 710/116/2 711/115/2 712/110/2
f 705/109/3 706/116/3 710/116/3
f 708/110/4 712/110/4 711/115/4
f 707/115/5 711/115/5 710/116/5
f 708/110/6 705/109/6 709/109/6
f 713/110/1 716/111/1 715/117/1
f 718/115/2 719/117/2 720/111/2
f 713/110/3 714/115/3 718/115/3
f 716/111/4 720/111/4 719/117/4
f 715/117/5 719/117/5 718/115/5
f 716/111/6 713/110/6 717/110/6
f 721/111/1 724/112/1 723/118/1
f 726/117/2 727/118/2 728/112/2
f 721/111/3 722/117/3 726/117/3
f 724/112/4 728/112/4 727/118/4
f 723/118/5 727/118/5 726/117/5
f 724/112/6 721/111/6 725/111/6
f 729/112/1 732/113/1 731/119/1
f 734/118/2 735/119/2 736/113/2
f 729/112/3 730/118/3 734/118/3
f 732/113/4 736/113/4 735/119/4
f 731/119/5 735/119/5 734/118/5
f 732/113/6 729/112/6 733/112/6
f 737/113/1 740/114/1 739/120/1
f 742/119/2 743/120/2 744/114/2
f 737/113/3 738/119/3 742/119/3
f 740/114/4 744/114/4 743/120/4
f 739/120/5 743/120/5 742/119/5
f 740/114/6 737/113/6 741/113/6
f 748/115/7 747/122/7 746/121/7
f 750/121/2 751/122/2 752/115/2
f 746/121/3 750/121/3 749/116/3
f 747/122/4 748/115/4 752/115/4
f 747/122/5 751/122/5 750/121/5
f 748/115/6 745/116/6 749/116/6
f 756/117/7 755/123/7 754/122/7
f 758/122/2 759/123/2 760/117/2
f 754/122/3 758/122/3 757/115/3
f 755/123/4 756/117/4 760/117/4
f 755/123/5 759/123/5 758/122/5
f 756/117/6 753/115/6 757/115/6
f 764/118/7 763/124/7 762/123/7
f 766/123/2 767/124/2 768/118/2
f 762/123/3 766/123/3 765/117/3
f 763/124/4 764/118/4 768/118/4
f 763/124/5 767/124/5 766/123/5
f 764/118/6 761/117/6 765/117/6
f 772/119/7 771/125/7 770/124/7
f 774/124/2 775/125/2 776/119/2
f 770/124/3 774/124/3 773/118/3
f 771/125/4 772/119/4 776/119/4
f 771/125/5 775/125/5 774/124/5
f 772/119/6 769/118/6 773/118/6
f 780/120/7 779/126/7 778/125/7
f 782/125/2 783/126/2 784/120/2
f 778/125/3 782/125/3 781/119/3
f 779/126/4 780/120/4 784/120/4
f 779/126/5 783/126/5 782/125/5
f 780/120/6 777/119/6 781/119/6
f 785/121/1 788/122/1 787/127/1
f 790/128/2 791/127/2 792/122/2
f 785/121/3 786/128/3 790/128/3
f 788/122/4 792/122/4 791/127/4
f 787/127/5 791/127/5 790/128/5
f 788/122/6 785/121/6 789/121/6
f 793/122/1 796/123/1 795/129/1
f 798/127/2 799/129/2 800/123/2
f 793/122/3 794/127/3 798/127/3
f 796/123/4 800/123/4 799/129/4
f 795/129/5 799/129/5 798/127/5
f 796/123/6 793/122/6 797/122/6
f 801/123/1 804/124/1 803/130/1
f 806/129/2 807/130/2 808/124/2
f 801/123/3 802/129/3 806/129/3
f 804/124/4 808/124/4 807/130/4
f 803/130/5 807/130/5 806/129/5
f 804/124/6 801/123/6 805/123/6
f 809/124/1 812/125/1 811/131/1
f 814/130/2 815/131/2 816/125/2
f 809/124/3 810/130/3 814/130/3
f 812/125/4 816/125/4 815/131/4
f 811/131/5 815/131/5 814/130/5
f 812/125/6 809/124/6 813/124/6
f 817/125/1 820/126/1 819/132/1
f 822/131/2 823/132/2 824/126/2
f 817/125/3 818/131/3 822/131/3
f 820/126/4 824/126/4 823/132/4
f 819/132/5 823/132/5 822/131/5
f 820/126/6 817/125/6 821/125/6
f 828/127/7 827/134/7 826/133/7
f 830/133/2 831/134/2 832/127/2
f 826/133/3 830/133/3 829/128/3
f 827/134/4 828/127/4 832/127/4
f 827/134/5 831/134/5 830/133/5
f 828/127/6 825/128/6 829/128/6
f 836/129/7 835/135/7 834/134/7
f 838/134/2 839/135/2 840/129/2
f 834/134/3 838/134/3 837/127/3
f 835/135/4 836/129/4 840/129/4
f 835/135/5 839/135/5 838/134/5
f 836/129/6 833/127/6 837/127/6
f 844/130/7 843/136/7 842/135/7
f 846/135/2 847/136/2 848/130/2
f 842/135/3 846/135/3 845/129/3
f 843/136/4 844/130/4 848/130/4
f 843/136/5 847/136/5 846/135/5
f 844/130/6 841/129/6 845/129/6
f 852/131/7 851/137/7 850/136/7
f 854/136/2 855/137/2 856/131/2
f 850/136/3 854/136/3 853/130/3
f 851/137/4 852/131/4 856/131/4
f 851/137/5 855/137/5 854/136/5
f 852/131/6 849/130/6 853/130/6
f 860/132/7 859/138/7 858/137/7
f 862/137/2 863/138/2 864/132/2
f 858/137/3 862/137/3 861/131/3
f 859/138/4 860/132/4 864/132/4
f 859/138/5 863/138/5 862/137/5
f 860/132/6 857/131/6 861/131/6
f 865/133/1 868/134/1 867/139/1
f 870/140/2 871/139/2 872/134/2
f 865/133/3 866/140/3 870/140/3
f 868/134/4 872/134/4 871/139/4
f 867/139/5 871/139/5 870/140/5
f 868/134/6 865/133/6 869/133/6
f 873/134/1 876/135/1 875/141/1
f 878/139/2 879/141/2 880/135/2
f 873/134/3 874/139/3 878/139/3
f 876/135/4 880/135/4 879/141/4
f 875/141/5 879/141/5 878/139/5
f 876/135/6 873/134/6 877/134/6
f 881/135/1 884/136/1 883/142/1
f 886/141/2 887/142/2 888/136/2
f 881/135/3 882/141/3 886/141/3
f 884/136/4 888/136/4 887/142/4
f 883/142/5 887/142/5 886/141/5
f 884/136/6 881/135/6 885/135/6
f 889/136/1 892/137/1 891/143/1
f 894/142/2 895/143/2 896/137/2
f 889/136/3 890/142/3 894/142/3
f 892/137/4 896/137/4 895/143/4
f 891/143/5 895/143/5 894/142/5
f 892/137/6 889/136/6 893/136/6
f 897/137/1 900/138/1 899/144/1
f 902/143/2 903/144/2 904/138/2
f 897/137/3 898/143/3 902/143/3
f 900/138/4 904/138/4 903/144/4
f 899/144/5 903/144/5 902/143/5
f 900/138/6 897/137/6 901/137/6
f 908/139/7 907/146/7 906/145/7
f 910/145/2 911/146/2 912/139/2
f 906/145/3 910/145/3 909/140/3
f 907/146/4 908/139/4 912/139/4
f 907/146/5 911/146/5 910/145/5
f 908/139/6 905/140/6 909/140/6
f 916/141/7 915/147/7 914/146/7
f 918/146/2 919/147/2 920/141/2
f 914/146/3 918/146/3 917/139/3
f 915/147/4 916/141/4 920/141/4
f 915/147/5 919/147/5 918/146/5
f 916/141/6 913/139/6 917/139/6
f 924/142/7 923/148/7 922/147/7
f 926/147/2 927/148/2 928/142/2
f 922/147/3 926/147/3 925/141/3
f 923/148/4 924/142/4 928/142/4
f 923/148/5 927/148/5 926/147/5
f 924/142/6 921/141/6 925/141/6
f 932/143/7 931/149/7 930/148/7
f 934/148/2 935/149/2 936/143/2
f 930/148/3 934/148/3 933/142/3
f 931/149/4 932/143/4 936/143/4
f 931/149/5 935/149/5 934/148/5
f 932/143/6 929/142/6 933/142/6
f 940/144/7 939/150/7 938/149/7
f 942/149/2 943/150/2 944/144/2
f 938/149/3 942/149/3 941/143/3
f 939/150/4 940/144/4 944/144/4
f 939/150/5 943/150/5 942/149/5
f 940/144/6 937/143/6 941/143/6
f 945/145/1 948/146/1 947/151/1
f 950/152/2 951/151/2 952/146/2
f 945/145/3 946/152/3 950/152/3
f 948/146/4 952/146/4 951/151/4
f 947/151/5 951/151/5 950/152/5
f 948/146/6 945/145/6 949/145/6
f 953/146/1 956/147/1 955/153/1
f 958/151/2 959/153/2 960/147/2
f 953/146/3 954/151/3 958/151/3
f 956/147/4 960/147/4 959/153/4
f 955/153/5 959/153/5 958/151/5
f 956/147/6 953/146/6 957/146/6
f 961/147/1 964/148/1 963/154/1
f 966/153/2 967/154/2 968/148/2
f 961/147/3 962/153/3 966/153/3
f 964/148/4 968/148/4 967/154/4
f 963/154/5 967/154/5 966/153/5
f 964/148/6 961/147/6 965/147/6
f 969/149/1 972/150/1 971/155/1
f 974/156/2 975/155/2 976/150/2
f 969/149/3 970/156/3 974/156/3
f 972/150/4 976/150/4 975/155/4
f 971/155/5 975/155/5 974/156/5
f 972/150/6 969/149/6 973/149/6
f 980/151/7 979/158/7 978/157/7
f 982/157/2 983/158/2 984/151/2
f 978/157/3 982/157/3 981/152/3
f 979/158/4 980/151/4 984/151/4
f 979/158/5 983/158/5 982/157/5
f 980/151/6 977/152/6 981/152/6
f 988/153/7 987/159/7 986/158/7
f 990/158/2 991/159/2 992/153/2
f 986/158/3 990/158/3 989/151/3
f 987/159/4 988/153/4 992/153/4
f 987/159/5 991/159/5 990/158/5
f 988/153/6 985/151/6 989/151/6
f 996/154/7 995/160/7 994/159/7
f 998/159/2 999/160/2 1000/154/2
f 994/159/3 998/159/3 997/153/3
f 995/160/4 996/154/4 1000/154/4
f 995/160/5 999/160/5 998/159/5
f 996/154/6 993/153/6 997/153/6
f 1004/156/7 1003/161/7 1002/160/7
f 1006/160/2 1007/161/2 1008/156/2
f 1002/160/3 1006/160/3 1005/154/3
f 1003/161/4 1004/156/4 1008/156/4
f 1003/161/5 1007/161/5 1006/160/5
f 1004/156/6 1001/154/6 1005/154/6
f 1012/155/7 1011/162/7 1010/161/7
f 1014/161/2 1015/162/2 1016/155/2
f 1010/161/3 1014/161/3 1013/156/3
f 1011/162/4 1012/155/4 1016/155/4
f 1011/162/5 1015/162/5 1014/161/5
f 1012/155/6 1009/156/6 1013/156/6
f 1017/157/1 1020/158/1 1019/163/1
f 1022/164/2 1023/163/2 1024/158/2
f 1017/157/3 1018/164/3 1022/164/3
f 1020/158/4 1024/158/4 1023/163/4
f 1019/163/5 1023/163/5 1022/164/5
f 1020/158/6 1017/157/6 1021/157/6
f 1025/158/1 1028/159/1 1027/165/1
f 1030/163/2 1031/165/2 1032/159/2
f 1025/158/3 1026/163/3 1030/163/3
f 1028/159/4 1032/159/4 1031/165/4
f 1027/165/5 1031/165/5 1030/163/5
f 1028/159/6 1025/158/6 1029/158/6
f 1033/159/1 1036/160/1 1035/166/1
f 1038/165/2 1039/166/2 1040/160/2
f 1033/159/3 1034/165/3 1038/165/3
f 1036/160/4 1040/160/4 1039/166/4
f 1035/166/5 1039/166/5 1038/165/5
f 1036/160/6 1033/159/6 1037/159/6
f 1041/160/1 1044/161/1 1043/167/1
f 1046/166/2 1047/167/2 1048/161/2
f 1041/160/3 1042/166/3 1046/166/3
f 1044/161/4 1048/161/4 1047/167/4
f 1043/167/5 1047/167/5 1046/166/5
f 1044/161/6 1041/160/6 1045/160/6
f 1049/161/1 1052/162/1 1051/168/1
f 1054/167/2 1055/168/2 1056/162/2
f 1049/161/3 1050/167/3 1054/167/3
f 1052/162/4 1056/162/4 1055/168/4
f 1051/168/5 1055/168/5 1054/167/5
f 1052/162/6 1049/161/6 1053/161/6
f 1060/163/7 1059/170/7 1058/169/7
f 1062/169/2 1063/170/2 1064/163/2
f 1058/169/3 1062/169/3 1061/164/3
f 1059/170/4 1060/163/4 1064/163/4
f 1059/170/5 1063/170/5 1062/169/5
f 1060/163/6 1057/164/6 1061/164/6
f 1068/165/7 1067/171/7 1066/170/7
f 1070/170/2 1071/171/2 1072/165/2
f 1066/170/3 1070/170/3 1069/163/3
f 1067/171/4 1068/165/4 1072/165/4
f 1067/171/5 1071/171/5 1070/170/5
f 1068/165/6 1065/163/6 1069/163/6
f 1076/166/7 1075/172/7 1074/171/7
f 1078/171/2 1079/172/2 1080/166/2
f 1074/171/3 1078/171/3 1077/165/3
f 1075/172/4 1076/166/4 1080/166/4
f 1075/172/5 1079/172/5 1078/171/5
f 1076/166/6 1073/165/6 1077/165/6
f 1084/167/7 1083/173/7 1082/172/7
f 1086/172/2 1087/173/2 1088/167/2
f 1082/172/3 1086/172/3 1085/166/3
f 1083/173/4 1084/167/4 1088/167/4
f 1083/173/5 1087/173/5 1086/172/5
f 1084/167/6 1081/166/6 1085/166/6
f 1092/168/7 1091/174/7 1090/173/7
f 1094/173/2 1095/174/2 1096/168/2
f 1090/173/3 1094/173/3 1093/167/3
f 1091/174/4 1092/168/4 1096/168/4
f 1091/174/5 1095/174/5 1094/173/5
f 1092/168/6 1089/167/6 1093/167/6
f 1097/169/1 1100/170/1 1099/175/1
f 1102/176/2 1103/175/2 1104/170/2
f 1097/169/3 1098/176/3 1102/176/3
f 1100/170/4 1104/170/4 1103/175/4
f 1099/175/5 1103/175/5 1102/176/5
f 1100/170/6 1097/169/6 1101/169/6
f 1105/170/1 1108/171/1 1107/177/1
f 1110/175/2 1111/177/2 1112/171/2
f 1105/170/3 1106/175/3 1110/175/3
f 1108/171/4 1112/171/4 1111/177/4
f 1107/177/5 1111/177/5 1110/175/5
f 1108/171/6 1105/170/6 1109/170/6
f 1113/171/1 1116/172/1 1115/178/1
f 1118/177/2 1119/178/2 1120/172/2
f 1113/171/3 1114/177/3 1118/177/3
f 1116/172/4 1120/172/4 1119/178/4
f 1115/178/5 1119/178/5 1118/177/5
f 1116/172/6 1113/171/6 1117/171/6
f 1121/172/1 1124/173/1 1123/179/1
f 1126/178/2 1127/179/2 1128/173/2
f 1121/172/3 1122/178/3 1126/178/3
f 1124/173/4 1128/173/4 1127/179/4
f 1123/179/5 1127/179/5 1126/178/5
f 1124/173/6 1121/172/6 1125/172/6
f 1129/173/1 1132/174/1 1131/180/1
f 1134/179/2 1135/180/2 1136/174/2
f 1129/173/3 1130/179/3 1134/179/3
f 1132/174/4 1136/174/4 1135/180/4
f 1131/180/5 1135/180/5 1134/179/5
f 1132/174/6 1129/173/6 1133/173/6
f 1140/175/7 1139/182/7 1138/181/7
f 1142/181/2 1143/182/2 1144/175/2
f 1138/181/3 1142/181/3 1141/176/3
f 1139/182/4 1140/175/4 1144/175/4
f 1139/182/5 1143/182/5 1142/181/5
f 1140/175/6 1137/176/6 1141/176/6
f 1148/177/7 1147/183/7 1146/182/7
f 1150/182/2 1151/183/2 1152/177/2
f 1146/182/3 1150/182/3 1149/175/3
f 1147/183/4 1148/177/4 1152/177/4
f 1147/183/5 1151/183/5 1150/182/5
f 1148/177/6 1145/175/6 1149/175/6
f 1156/178/7 1155/184/7 1154/183/7
f 1158/183/2 1159/184/2 1160/178/2
f 1154/183/3 1158/183/3 1157/177/3
f 1155/184/4 1156/178/4 1160/178/4
f 1155/184/5 1159/184/5 1158/183/5
f 1156/178/6 1153/177/6 1157/177/6
f 1164/179/7 1163/185/7 1162/184/7
f 1166/184/2 1167/185/2 1168/179/2
f 1162/184/3 1166/184/3 1165/178/3
f 1163/185/4 1164/179/4 1168/179/4
f 1163/185/5 1167/185/5 1166/184/5
f 1164/179/6 1161/178/6 1165/178/6
f 1172/180/7 1171/186/7 1170/185/7
f 1174/185/2 1175/186/2 1176/180/2
f 1170/185/3 1174/185/3 1173/179/3
f 1171/186/4 1172/180/4 1176/180/4
f 1171/186/5 1175/186/5 1174/185/5
f 1172/180/6 1169/179/6 1173/179/6
f 1177/181/1 1180/182/1 1179/187/1
f 1182/188/2 1183/187/2 1184/182/2
f 1177/181/3 1178/188/3 1182/188/3
f 1180/182/4 1184/182/4 1183/187/4
f 1179/187/5 1183/187/5 1182/188/5
f 1180/182/6 1177/181/6 1181/181/6
f 1185/182/1 1188/183/1 1187/189/1
f 1190/187/2 1191/189/2 1192/183/2
f 1185/182/3 1186/187/3 1190/187/3
f 1188/183/4 1192/183/4 1191/189/4
f 1187/189/5 1191/189/5 1190/187/5
f 1188/183/6 1185/182/6 1189/182/6
f 1193/183/1 1196/184/1 1195/190/1
f 1198/189/2 1199/190/2 1200/184/2
f 1193/183/3 1194/189/3 1198/189/3
f 1196/184/4 1200/184/4 1199/190/4
f 1195/190/5 1199/190/5 1198/189/5
f 1196/184/6 1193/183/6 1197/183/6
f 1201/184/1 1204/185/1 1203/191/1
f 1206/190/2 1207/191/2 1208/185/2
f 1201/184/3 1202/190/3 1206/190/3
f 1204/185/4 1208/185/4 1207/191/4
f 1203/191/5 1207/191/5 1206/190/5
f 1204/185/6 1201/184/6 1205/184/6
f 1209/185/1 1212/186/1 1211/192/1
f 1214/191/2 1215/192/2 1216/186/2
f 1209/185/3 1210/191/3 1214/191/3
f 1212/186/4 1216/186/4 1215/192/4
f 1211/192/5 1215/192/5 1214/191/5
f 1212/186/6 1209/185/6 1213/185/6
f 1220/187/7 1219/194/7 1218/193/7
f 1222/193/2 1223/194/2 1224/187/2
f 1218/193/3 1222/193/3 1221/188/3
f 1219/194/4 1220/187/4 1224/187/4
f 1219/194/5 1223/194/5 1222/193/5
f 1220/187/6 1217/188/6 1221/188/6
f 1228/189/7 1227/195/7 1226/194/7
f 1230/194/2 1231/195/2 1232/189/2
f 1226/194/3 1230/194/3 1229/187/3
f 1227/195/4 1228/189/4 1232/189/4
f 1227/195/5 1231/195/5 1230/194/5
f 1228/189/6 1225/187/6 1229/187/6
f 1236/190/7 1235/196/7 1234/195/7
f 1238/195/2 1239/196/2 1240/190/2
f 1234/195/3 1238/195/3 1237/189/3
f 1235/196/4 1236/190/4 1240/190/4
f 1235/196/5 1239/196/5 1238/195/5
f 1236/190/6 1233/189/6 1237/189/6
f 1244/191/7 1243/197/7 1242/196/7
f 1246/196/2 1247/197/2 1248/191/2
f 1242/196/3 1246/196/3 1245/190/3
f 1243/197/4 1244/191/4 1248/191/4
f 1243/197/5 1247/197/5 1246/196/5
f 1244/191/6 1241/190/6 1245/190/6
f 1252/192/7 1251/198/7 1250/197/7
f 1254/197/2 1255/198/2 1256/192/2
f 1250/197/3 1254/197/3 1253/191/3
f 1251/198/4 1252/192/4 1256/192/4
f 1251/198/5 1255/198/5 1254/197/5
f 1252/192/6 1249/191/6 1253/191/6
f 1257/193/1 1260/194/1 1259/199/1
f 1262/200/2 1263/199/2 1264/194/2
f 1257/193/3 1258/200/3 1262/200/3
f 1260/194/4 1264/194/4 1263/199/4
f 1259/199/5 1263/199/5 1262/200/5
f 1260/194/6 1257/193/6 1261/193/6
f 1265/194/1 1268/195/1 1267/201/1
f 1270/199/2 1271/201/2 1272/195/2
f 1265/194/3 1266/199/3 1270/199/3
f 1268/195/4 1272/195/4 1271/201/4
f 1267/201/5 1271/201/5 1270/199/5
f 1268/195/6 1265/194/6 1269/194/6
f 1273/195/1 1276/196/1 1275/202/1
f 1278/201/2 1279/202/2 1280/196/2
f 1273/195/3 1274/201/3 1278/201/3
f 1276/196/4 1280/196/4 1279/202/4
f 1275/202/5 1279/202/5 1278/201/5
f 1276/196/6 1273/195/6 1277/195/6
f 1281/196/1 1284/197/1 1283/203/1
f 1286/202/2 1287/203/2 1288/197/2
f 1281/196/3 1282/202/3 1286/202/3
f 1284/197/4 1288/197/4 1287/203/4
f 1283/203/5 1287/203/5 1286/202/5
f 1284/197/6 1281/196/6 1285/196/6
f 1289/197/1 1292/198/1 1291/204/1
f 1294/203/2 1295/204/2 1296/198/2
f 1289/197/3 1290/203/3 1294/203/3
f 1292/198/4 1296/198/4 1295/204/4
f 1291/204/5 1295/204/5 1294/203/5
f 1292/198/6 1289/197/6 1293/197/6
f 1300/12/3 1299/204/3 1298/204/3
f 1302/205/4 1303/205/4 1304/206/4
f 1298/204/2 1302/205/2 1301/206/2
f 1300/12/8 1304/206/8 1303/205/8
f 1299/204/5 1303/205/5 1302/205/5
f 1301/206/6 1304/206/6 1300/12/6
