# rig: shed, board-and-batten. Boards recessed 18 mm; battens at the wall plane. Nothing proud of the north face.
# Loom axes -- metres, Y up, forward -Z. V flipped on export.
# Generated by tools/mesh/rig; never edit this file.
# Blender 5.2.0 LTS
# www.blender.org
v -4.500000 -1.200000 -2.000000
v -4.300000 -1.200000 -2.000000
v -4.300000 -1.200000 -1.982000
v -4.500000 -1.200000 -1.982000
v -4.500000 1.200000 -2.000000
v -4.300000 1.200000 -2.000000
v -4.300000 1.200000 -1.982000
v -4.500000 1.200000 -1.982000
v -4.335000 -1.200000 -2.000000
v -4.265000 -1.200000 -2.000000
v -4.265000 -1.200000 -1.982000
v -4.335000 -1.200000 -1.982000
v -4.335000 1.200000 -2.000000
v -4.265000 1.200000 -2.000000
v -4.265000 1.200000 -1.982000
v -4.335000 1.200000 -1.982000
v -4.300000 -1.200000 -2.000000
v -4.100000 -1.200000 -2.000000
v -4.100000 -1.200000 -1.982000
v -4.300000 -1.200000 -1.982000
v -4.300000 1.200000 -2.000000
v -4.100000 1.200000 -2.000000
v -4.100000 1.200000 -1.982000
v -4.300000 1.200000 -1.982000
v -4.135000 -1.200000 -2.000000
v -4.065000 -1.200000 -2.000000
v -4.065000 -1.200000 -1.982000
v -4.135000 -1.200000 -1.982000
v -4.135000 1.200000 -2.000000
v -4.065000 1.200000 -2.000000
v -4.065000 1.200000 -1.982000
v -4.135000 1.200000 -1.982000
v -4.100000 -1.200000 -2.000000
v -3.900000 -1.200000 -2.000000
v -3.900000 -1.200000 -1.982000
v -4.100000 -1.200000 -1.982000
v -4.100000 1.200000 -2.000000
v -3.900000 1.200000 -2.000000
v -3.900000 1.200000 -1.982000
v -4.100000 1.200000 -1.982000
v -3.935000 -1.200000 -2.000000
v -3.865000 -1.200000 -2.000000
v -3.865000 -1.200000 -1.982000
v -3.935000 -1.200000 -1.982000
v -3.935000 1.200000 -2.000000
v -3.865000 1.200000 -2.000000
v -3.865000 1.200000 -1.982000
v -3.935000 1.200000 -1.982000
v -3.900000 -1.200000 -2.000000
v -3.700000 -1.200000 -2.000000
v -3.700000 -1.200000 -1.982000
v -3.900000 -1.200000 -1.982000
v -3.900000 1.200000 -2.000000
v -3.700000 1.200000 -2.000000
v -3.700000 1.200000 -1.982000
v -3.900000 1.200000 -1.982000
v -3.735000 -1.200000 -2.000000
v -3.665000 -1.200000 -2.000000
v -3.665000 -1.200000 -1.982000
v -3.735000 -1.200000 -1.982000
v -3.735000 1.200000 -2.000000
v -3.665000 1.200000 -2.000000
v -3.665000 1.200000 -1.982000
v -3.735000 1.200000 -1.982000
v -3.700000 -1.200000 -2.000000
v -3.500000 -1.200000 -2.000000
v -3.500000 -1.200000 -1.982000
v -3.700000 -1.200000 -1.982000
v -3.700000 1.200000 -2.000000
v -3.500000 1.200000 -2.000000
v -3.500000 1.200000 -1.982000
v -3.700000 1.200000 -1.982000
v -3.535000 -1.200000 -2.000000
v -3.465000 -1.200000 -2.000000
v -3.465000 -1.200000 -1.982000
v -3.535000 -1.200000 -1.982000
v -3.535000 1.200000 -2.000000
v -3.465000 1.200000 -2.000000
v -3.465000 1.200000 -1.982000
v -3.535000 1.200000 -1.982000
v -3.500000 -1.200000 -2.000000
v -3.300000 -1.200000 -2.000000
v -3.300000 -1.200000 -1.982000
v -3.500000 -1.200000 -1.982000
v -3.500000 1.200000 -2.000000
v -3.300000 1.200000 -2.000000
v -3.300000 1.200000 -1.982000
v -3.500000 1.200000 -1.982000
v -3.335000 -1.200000 -2.000000
v -3.265000 -1.200000 -2.000000
v -3.265000 -1.200000 -1.982000
v -3.335000 -1.200000 -1.982000
v -3.335000 1.200000 -2.000000
v -3.265000 1.200000 -2.000000
v -3.265000 1.200000 -1.982000
v -3.335000 1.200000 -1.982000
v -3.300000 -1.200000 -2.000000
v -3.100000 -1.200000 -2.000000
v -3.100000 -1.200000 -1.982000
v -3.300000 -1.200000 -1.982000
v -3.300000 1.200000 -2.000000
v -3.100000 1.200000 -2.000000
v -3.100000 1.200000 -1.982000
v -3.300000 1.200000 -1.982000
v -3.135000 -1.200000 -2.000000
v -3.065000 -1.200000 -2.000000
v -3.065000 -1.200000 -1.982000
v -3.135000 -1.200000 -1.982000
v -3.135000 1.200000 -2.000000
v -3.065000 1.200000 -2.000000
v -3.065000 1.200000 -1.982000
v -3.135000 1.200000 -1.982000
v -3.100000 -1.200000 -2.000000
v -2.900000 -1.200000 -2.000000
v -2.900000 -1.200000 -1.982000
v -3.100000 -1.200000 -1.982000
v -3.100000 1.200000 -2.000000
v -2.900000 1.200000 -2.000000
v -2.900000 1.200000 -1.982000
v -3.100000 1.200000 -1.982000
v -2.935000 -1.200000 -2.000000
v -2.865000 -1.200000 -2.000000
v -2.865000 -1.200000 -1.982000
v -2.935000 -1.200000 -1.982000
v -2.935000 1.200000 -2.000000
v -2.865000 1.200000 -2.000000
v -2.865000 1.200000 -1.982000
v -2.935000 1.200000 -1.982000
v -2.900000 -1.200000 -2.000000
v -2.700000 -1.200000 -2.000000
v -2.700000 -1.200000 -1.982000
v -2.900000 -1.200000 -1.982000
v -2.900000 1.200000 -2.000000
v -2.700000 1.200000 -2.000000
v -2.700000 1.200000 -1.982000
v -2.900000 1.200000 -1.982000
v -2.735000 -1.200000 -2.000000
v -2.665000 -1.200000 -2.000000
v -2.665000 -1.200000 -1.982000
v -2.735000 -1.200000 -1.982000
v -2.735000 1.200000 -2.000000
v -2.665000 1.200000 -2.000000
v -2.665000 1.200000 -1.982000
v -2.735000 1.200000 -1.982000
v -2.700000 -1.200000 -2.000000
v -2.500000 -1.200000 -2.000000
v -2.500000 -1.200000 -1.982000
v -2.700000 -1.200000 -1.982000
v -2.700000 1.200000 -2.000000
v -2.500000 1.200000 -2.000000
v -2.500000 1.200000 -1.982000
v -2.700000 1.200000 -1.982000
v -2.535000 -1.200000 -2.000000
v -2.465000 -1.200000 -2.000000
v -2.465000 -1.200000 -1.982000
v -2.535000 -1.200000 -1.982000
v -2.535000 1.200000 -2.000000
v -2.465000 1.200000 -2.000000
v -2.465000 1.200000 -1.982000
v -2.535000 1.200000 -1.982000
v -2.500000 -1.200000 -2.000000
v -2.300000 -1.200000 -2.000000
v -2.300000 -1.200000 -1.982000
v -2.500000 -1.200000 -1.982000
v -2.500000 1.200000 -2.000000
v -2.300000 1.200000 -2.000000
v -2.300000 1.200000 -1.982000
v -2.500000 1.200000 -1.982000
v -2.335000 -1.200000 -2.000000
v -2.265000 -1.200000 -2.000000
v -2.265000 -1.200000 -1.982000
v -2.335000 -1.200000 -1.982000
v -2.335000 1.200000 -2.000000
v -2.265000 1.200000 -2.000000
v -2.265000 1.200000 -1.982000
v -2.335000 1.200000 -1.982000
v -2.300000 -1.200000 -2.000000
v -2.100000 -1.200000 -2.000000
v -2.100000 -1.200000 -1.982000
v -2.300000 -1.200000 -1.982000
v -2.300000 1.200000 -2.000000
v -2.100000 1.200000 -2.000000
v -2.100000 1.200000 -1.982000
v -2.300000 1.200000 -1.982000
v -2.135000 -1.200000 -2.000000
v -2.065000 -1.200000 -2.000000
v -2.065000 -1.200000 -1.982000
v -2.135000 -1.200000 -1.982000
v -2.135000 1.200000 -2.000000
v -2.065000 1.200000 -2.000000
v -2.065000 1.200000 -1.982000
v -2.135000 1.200000 -1.982000
v -2.100000 -1.200000 -2.000000
v -1.900000 -1.200000 -2.000000
v -1.900000 -1.200000 -1.982000
v -2.100000 -1.200000 -1.982000
v -2.100000 1.200000 -2.000000
v -1.900000 1.200000 -2.000000
v -1.900000 1.200000 -1.982000
v -2.100000 1.200000 -1.982000
v -1.935000 -1.200000 -2.000000
v -1.865000 -1.200000 -2.000000
v -1.865000 -1.200000 -1.982000
v -1.935000 -1.200000 -1.982000
v -1.935000 1.200000 -2.000000
v -1.865000 1.200000 -2.000000
v -1.865000 1.200000 -1.982000
v -1.935000 1.200000 -1.982000
v -1.900000 -1.200000 -2.000000
v -1.700000 -1.200000 -2.000000
v -1.700000 -1.200000 -1.982000
v -1.900000 -1.200000 -1.982000
v -1.900000 1.200000 -2.000000
v -1.700000 1.200000 -2.000000
v -1.700000 1.200000 -1.982000
v -1.900000 1.200000 -1.982000
v -1.735000 -1.200000 -2.000000
v -1.665000 -1.200000 -2.000000
v -1.665000 -1.200000 -1.982000
v -1.735000 -1.200000 -1.982000
v -1.735000 1.200000 -2.000000
v -1.665000 1.200000 -2.000000
v -1.665000 1.200000 -1.982000
v -1.735000 1.200000 -1.982000
v -1.700000 -1.200000 -2.000000
v -1.500000 -1.200000 -2.000000
v -1.500000 -1.200000 -1.982000
v -1.700000 -1.200000 -1.982000
v -1.700000 1.200000 -2.000000
v -1.500000 1.200000 -2.000000
v -1.500000 1.200000 -1.982000
v -1.700000 1.200000 -1.982000
v -1.535000 -1.200000 -2.000000
v -1.465000 -1.200000 -2.000000
v -1.465000 -1.200000 -1.982000
v -1.535000 -1.200000 -1.982000
v -1.535000 1.200000 -2.000000
v -1.465000 1.200000 -2.000000
v -1.465000 1.200000 -1.982000
v -1.535000 1.200000 -1.982000
v -1.500000 -1.200000 -2.000000
v -1.300000 -1.200000 -2.000000
v -1.300000 -1.200000 -1.982000
v -1.500000 -1.200000 -1.982000
v -1.500000 1.200000 -2.000000
v -1.300000 1.200000 -2.000000
v -1.300000 1.200000 -1.982000
v -1.500000 1.200000 -1.982000
v -1.335000 -1.200000 -2.000000
v -1.265000 -1.200000 -2.000000
v -1.265000 -1.200000 -1.982000
v -1.335000 -1.200000 -1.982000
v -1.335000 1.200000 -2.000000
v -1.265000 1.200000 -2.000000
v -1.265000 1.200000 -1.982000
v -1.335000 1.200000 -1.982000
v -1.300000 -1.200000 -2.000000
v -1.100000 -1.200000 -2.000000
v -1.100000 -1.200000 -1.982000
v -1.300000 -1.200000 -1.982000
v -1.300000 1.200000 -2.000000
v -1.100000 1.200000 -2.000000
v -1.100000 1.200000 -1.982000
v -1.300000 1.200000 -1.982000
v -1.135000 -1.200000 -2.000000
v -1.065000 -1.200000 -2.000000
v -1.065000 -1.200000 -1.982000
v -1.135000 -1.200000 -1.982000
v -1.135000 1.200000 -2.000000
v -1.065000 1.200000 -2.000000
v -1.065000 1.200000 -1.982000
v -1.135000 1.200000 -1.982000
v -1.100000 -1.200000 -2.000000
v -0.900000 -1.200000 -2.000000
v -0.900000 -1.200000 -1.982000
v -1.100000 -1.200000 -1.982000
v -1.100000 1.200000 -2.000000
v -0.900000 1.200000 -2.000000
v -0.900000 1.200000 -1.982000
v -1.100000 1.200000 -1.982000
v -0.935000 -1.200000 -2.000000
v -0.865000 -1.200000 -2.000000
v -0.865000 -1.200000 -1.982000
v -0.935000 -1.200000 -1.982000
v -0.935000 1.200000 -2.000000
v -0.865000 1.200000 -2.000000
v -0.865000 1.200000 -1.982000
v -0.935000 1.200000 -1.982000
v -0.900000 -1.200000 -2.000000
v -0.700000 -1.200000 -2.000000
v -0.700000 -1.200000 -1.982000
v -0.900000 -1.200000 -1.982000
v -0.900000 1.200000 -2.000000
v -0.700000 1.200000 -2.000000
v -0.700000 1.200000 -1.982000
v -0.900000 1.200000 -1.982000
v -0.735000 -1.200000 -2.000000
v -0.665000 -1.200000 -2.000000
v -0.665000 -1.200000 -1.982000
v -0.735000 -1.200000 -1.982000
v -0.735000 1.200000 -2.000000
v -0.665000 1.200000 -2.000000
v -0.665000 1.200000 -1.982000
v -0.735000 1.200000 -1.982000
v -0.700000 -1.200000 -2.000000
v -0.500000 -1.200000 -2.000000
v -0.500000 -1.200000 -1.982000
v -0.700000 -1.200000 -1.982000
v -0.700000 1.200000 -2.000000
v -0.500000 1.200000 -2.000000
v -0.500000 1.200000 -1.982000
v -0.700000 1.200000 -1.982000
v -0.535000 -1.200000 -2.000000
v -0.465000 -1.200000 -2.000000
v -0.465000 -1.200000 -1.982000
v -0.535000 -1.200000 -1.982000
v -0.535000 1.200000 -2.000000
v -0.465000 1.200000 -2.000000
v -0.465000 1.200000 -1.982000
v -0.535000 1.200000 -1.982000
v -0.500000 -1.200000 -2.000000
v -0.300000 -1.200000 -2.000000
v -0.300000 -1.200000 -1.982000
v -0.500000 -1.200000 -1.982000
v -0.500000 1.200000 -2.000000
v -0.300000 1.200000 -2.000000
v -0.300000 1.200000 -1.982000
v -0.500000 1.200000 -1.982000
v -0.335000 -1.200000 -2.000000
v -0.265000 -1.200000 -2.000000
v -0.265000 -1.200000 -1.982000
v -0.335000 -1.200000 -1.982000
v -0.335000 1.200000 -2.000000
v -0.265000 1.200000 -2.000000
v -0.265000 1.200000 -1.982000
v -0.335000 1.200000 -1.982000
v -0.300000 -1.200000 -2.000000
v -0.100000 -1.200000 -2.000000
v -0.100000 -1.200000 -1.982000
v -0.300000 -1.200000 -1.982000
v -0.300000 1.200000 -2.000000
v -0.100000 1.200000 -2.000000
v -0.100000 1.200000 -1.982000
v -0.300000 1.200000 -1.982000
v -0.135000 -1.200000 -2.000000
v -0.065000 -1.200000 -2.000000
v -0.065000 -1.200000 -1.982000
v -0.135000 -1.200000 -1.982000
v -0.135000 1.200000 -2.000000
v -0.065000 1.200000 -2.000000
v -0.065000 1.200000 -1.982000
v -0.135000 1.200000 -1.982000
v -0.100000 -1.200000 -2.000000
v 0.100000 -1.200000 -2.000000
v 0.100000 -1.200000 -1.982000
v -0.100000 -1.200000 -1.982000
v -0.100000 1.200000 -2.000000
v 0.100000 1.200000 -2.000000
v 0.100000 1.200000 -1.982000
v -0.100000 1.200000 -1.982000
v 0.065000 -1.200000 -2.000000
v 0.135000 -1.200000 -2.000000
v 0.135000 -1.200000 -1.982000
v 0.065000 -1.200000 -1.982000
v 0.065000 1.200000 -2.000000
v 0.135000 1.200000 -2.000000
v 0.135000 1.200000 -1.982000
v 0.065000 1.200000 -1.982000
v 0.100000 -1.200000 -2.000000
v 0.300000 -1.200000 -2.000000
v 0.300000 -1.200000 -1.982000
v 0.100000 -1.200000 -1.982000
v 0.100000 1.200000 -2.000000
v 0.300000 1.200000 -2.000000
v 0.300000 1.200000 -1.982000
v 0.100000 1.200000 -1.982000
v 0.265000 -1.200000 -2.000000
v 0.335000 -1.200000 -2.000000
v 0.335000 -1.200000 -1.982000
v 0.265000 -1.200000 -1.982000
v 0.265000 1.200000 -2.000000
v 0.335000 1.200000 -2.000000
v 0.335000 1.200000 -1.982000
v 0.265000 1.200000 -1.982000
v 0.300000 -1.200000 -2.000000
v 0.500000 -1.200000 -2.000000
v 0.500000 -1.200000 -1.982000
v 0.300000 -1.200000 -1.982000
v 0.300000 1.200000 -2.000000
v 0.500000 1.200000 -2.000000
v 0.500000 1.200000 -1.982000
v 0.300000 1.200000 -1.982000
v 0.465000 -1.200000 -2.000000
v 0.535000 -1.200000 -2.000000
v 0.535000 -1.200000 -1.982000
v 0.465000 -1.200000 -1.982000
v 0.465000 1.200000 -2.000000
v 0.535000 1.200000 -2.000000
v 0.535000 1.200000 -1.982000
v 0.465000 1.200000 -1.982000
v 0.500000 -1.200000 -2.000000
v 0.700000 -1.200000 -2.000000
v 0.700000 -1.200000 -1.982000
v 0.500000 -1.200000 -1.982000
v 0.500000 1.200000 -2.000000
v 0.700000 1.200000 -2.000000
v 0.700000 1.200000 -1.982000
v 0.500000 1.200000 -1.982000
v 0.665000 -1.200000 -2.000000
v 0.735000 -1.200000 -2.000000
v 0.735000 -1.200000 -1.982000
v 0.665000 -1.200000 -1.982000
v 0.665000 1.200000 -2.000000
v 0.735000 1.200000 -2.000000
v 0.735000 1.200000 -1.982000
v 0.665000 1.200000 -1.982000
v 0.700000 -1.200000 -2.000000
v 0.900000 -1.200000 -2.000000
v 0.900000 -1.200000 -1.982000
v 0.700000 -1.200000 -1.982000
v 0.700000 1.200000 -2.000000
v 0.900000 1.200000 -2.000000
v 0.900000 1.200000 -1.982000
v 0.700000 1.200000 -1.982000
v 0.865000 -1.200000 -2.000000
v 0.935000 -1.200000 -2.000000
v 0.935000 -1.200000 -1.982000
v 0.865000 -1.200000 -1.982000
v 0.865000 1.200000 -2.000000
v 0.935000 1.200000 -2.000000
v 0.935000 1.200000 -1.982000
v 0.865000 1.200000 -1.982000
v 0.900000 -1.200000 -2.000000
v 1.100000 -1.200000 -2.000000
v 1.100000 -1.200000 -1.982000
v 0.900000 -1.200000 -1.982000
v 0.900000 1.200000 -2.000000
v 1.100000 1.200000 -2.000000
v 1.100000 1.200000 -1.982000
v 0.900000 1.200000 -1.982000
v 1.065000 -1.200000 -2.000000
v 1.135000 -1.200000 -2.000000
v 1.135000 -1.200000 -1.982000
v 1.065000 -1.200000 -1.982000
v 1.065000 1.200000 -2.000000
v 1.135000 1.200000 -2.000000
v 1.135000 1.200000 -1.982000
v 1.065000 1.200000 -1.982000
v 1.100000 -1.200000 -2.000000
v 1.300000 -1.200000 -2.000000
v 1.300000 -1.200000 -1.982000
v 1.100000 -1.200000 -1.982000
v 1.100000 1.200000 -2.000000
v 1.300000 1.200000 -2.000000
v 1.300000 1.200000 -1.982000
v 1.100000 1.200000 -1.982000
v 1.265000 -1.200000 -2.000000
v 1.335000 -1.200000 -2.000000
v 1.335000 -1.200000 -1.982000
v 1.265000 -1.200000 -1.982000
v 1.265000 1.200000 -2.000000
v 1.335000 1.200000 -2.000000
v 1.335000 1.200000 -1.982000
v 1.265000 1.200000 -1.982000
v 1.300000 -1.200000 -2.000000
v 1.500000 -1.200000 -2.000000
v 1.500000 -1.200000 -1.982000
v 1.300000 -1.200000 -1.982000
v 1.300000 1.200000 -2.000000
v 1.500000 1.200000 -2.000000
v 1.500000 1.200000 -1.982000
v 1.300000 1.200000 -1.982000
v 1.465000 -1.200000 -2.000000
v 1.535000 -1.200000 -2.000000
v 1.535000 -1.200000 -1.982000
v 1.465000 -1.200000 -1.982000
v 1.465000 1.200000 -2.000000
v 1.535000 1.200000 -2.000000
v 1.535000 1.200000 -1.982000
v 1.465000 1.200000 -1.982000
v 1.500000 -1.200000 -2.000000
v 1.700000 -1.200000 -2.000000
v 1.700000 -1.200000 -1.982000
v 1.500000 -1.200000 -1.982000
v 1.500000 1.200000 -2.000000
v 1.700000 1.200000 -2.000000
v 1.700000 1.200000 -1.982000
v 1.500000 1.200000 -1.982000
v 1.665000 -1.200000 -2.000000
v 1.735000 -1.200000 -2.000000
v 1.735000 -1.200000 -1.982000
v 1.665000 -1.200000 -1.982000
v 1.665000 1.200000 -2.000000
v 1.735000 1.200000 -2.000000
v 1.735000 1.200000 -1.982000
v 1.665000 1.200000 -1.982000
v 1.700000 -1.200000 -2.000000
v 1.900000 -1.200000 -2.000000
v 1.900000 -1.200000 -1.982000
v 1.700000 -1.200000 -1.982000
v 1.700000 1.200000 -2.000000
v 1.900000 1.200000 -2.000000
v 1.900000 1.200000 -1.982000
v 1.700000 1.200000 -1.982000
v 1.865000 -1.200000 -2.000000
v 1.935000 -1.200000 -2.000000
v 1.935000 -1.200000 -1.982000
v 1.865000 -1.200000 -1.982000
v 1.865000 1.200000 -2.000000
v 1.935000 1.200000 -2.000000
v 1.935000 1.200000 -1.982000
v 1.865000 1.200000 -1.982000
v 1.900000 -1.200000 -2.000000
v 2.100000 -1.200000 -2.000000
v 2.100000 -1.200000 -1.982000
v 1.900000 -1.200000 -1.982000
v 1.900000 1.200000 -2.000000
v 2.100000 1.200000 -2.000000
v 2.100000 1.200000 -1.982000
v 1.900000 1.200000 -1.982000
v 2.065000 -1.200000 -2.000000
v 2.135000 -1.200000 -2.000000
v 2.135000 -1.200000 -1.982000
v 2.065000 -1.200000 -1.982000
v 2.065000 1.200000 -2.000000
v 2.135000 1.200000 -2.000000
v 2.135000 1.200000 -1.982000
v 2.065000 1.200000 -1.982000
v 2.100000 -1.200000 -2.000000
v 2.300000 -1.200000 -2.000000
v 2.300000 -1.200000 -1.982000
v 2.100000 -1.200000 -1.982000
v 2.100000 1.200000 -2.000000
v 2.300000 1.200000 -2.000000
v 2.300000 1.200000 -1.982000
v 2.100000 1.200000 -1.982000
v 2.265000 -1.200000 -2.000000
v 2.335000 -1.200000 -2.000000
v 2.335000 -1.200000 -1.982000
v 2.265000 -1.200000 -1.982000
v 2.265000 1.200000 -2.000000
v 2.335000 1.200000 -2.000000
v 2.335000 1.200000 -1.982000
v 2.265000 1.200000 -1.982000
v 2.300000 -1.200000 -2.000000
v 2.500000 -1.200000 -2.000000
v 2.500000 -1.200000 -1.982000
v 2.300000 -1.200000 -1.982000
v 2.300000 1.200000 -2.000000
v 2.500000 1.200000 -2.000000
v 2.500000 1.200000 -1.982000
v 2.300000 1.200000 -1.982000
v 2.465000 -1.200000 -2.000000
v 2.535000 -1.200000 -2.000000
v 2.535000 -1.200000 -1.982000
v 2.465000 -1.200000 -1.982000
v 2.465000 1.200000 -2.000000
v 2.535000 1.200000 -2.000000
v 2.535000 1.200000 -1.982000
v 2.465000 1.200000 -1.982000
v 2.500000 -1.200000 -2.000000
v 2.700000 -1.200000 -2.000000
v 2.700000 -1.200000 -1.982000
v 2.500000 -1.200000 -1.982000
v 2.500000 1.200000 -2.000000
v 2.700000 1.200000 -2.000000
v 2.700000 1.200000 -1.982000
v 2.500000 1.200000 -1.982000
v 2.665000 -1.200000 -2.000000
v 2.735000 -1.200000 -2.000000
v 2.735000 -1.200000 -1.982000
v 2.665000 -1.200000 -1.982000
v 2.665000 1.200000 -2.000000
v 2.735000 1.200000 -2.000000
v 2.735000 1.200000 -1.982000
v 2.665000 1.200000 -1.982000
v 2.700000 -1.200000 -2.000000
v 2.900000 -1.200000 -2.000000
v 2.900000 -1.200000 -1.982000
v 2.700000 -1.200000 -1.982000
v 2.700000 1.200000 -2.000000
v 2.900000 1.200000 -2.000000
v 2.900000 1.200000 -1.982000
v 2.700000 1.200000 -1.982000
v 2.865000 -1.200000 -2.000000
v 2.935000 -1.200000 -2.000000
v 2.935000 -1.200000 -1.982000
v 2.865000 -1.200000 -1.982000
v 2.865000 1.200000 -2.000000
v 2.935000 1.200000 -2.000000
v 2.935000 1.200000 -1.982000
v 2.865000 1.200000 -1.982000
v 2.900000 -1.200000 -2.000000
v 3.100000 -1.200000 -2.000000
v 3.100000 -1.200000 -1.982000
v 2.900000 -1.200000 -1.982000
v 2.900000 1.200000 -2.000000
v 3.100000 1.200000 -2.000000
v 3.100000 1.200000 -1.982000
v 2.900000 1.200000 -1.982000
v 3.065000 -1.200000 -2.000000
v 3.135000 -1.200000 -2.000000
v 3.135000 -1.200000 -1.982000
v 3.065000 -1.200000 -1.982000
v 3.065000 1.200000 -2.000000
v 3.135000 1.200000 -2.000000
v 3.135000 1.200000 -1.982000
v 3.065000 1.200000 -1.982000
v 3.100000 -1.200000 -2.000000
v 3.300000 -1.200000 -2.000000
v 3.300000 -1.200000 -1.982000
v 3.100000 -1.200000 -1.982000
v 3.100000 1.200000 -2.000000
v 3.300000 1.200000 -2.000000
v 3.300000 1.200000 -1.982000
v 3.100000 1.200000 -1.982000
v 3.265000 -1.200000 -2.000000
v 3.335000 -1.200000 -2.000000
v 3.335000 -1.200000 -1.982000
v 3.265000 -1.200000 -1.982000
v 3.265000 1.200000 -2.000000
v 3.335000 1.200000 -2.000000
v 3.335000 1.200000 -1.982000
v 3.265000 1.200000 -1.982000
v 3.300000 -1.200000 -2.000000
v 3.500000 -1.200000 -2.000000
v 3.500000 -1.200000 -1.982000
v 3.300000 -1.200000 -1.982000
v 3.300000 1.200000 -2.000000
v 3.500000 1.200000 -2.000000
v 3.500000 1.200000 -1.982000
v 3.300000 1.200000 -1.982000
v 3.465000 -1.200000 -2.000000
v 3.535000 -1.200000 -2.000000
v 3.535000 -1.200000 -1.982000
v 3.465000 -1.200000 -1.982000
v 3.465000 1.200000 -2.000000
v 3.535000 1.200000 -2.000000
v 3.535000 1.200000 -1.982000
v 3.465000 1.200000 -1.982000
v 3.500000 -1.200000 -2.000000
v 3.700000 -1.200000 -2.000000
v 3.700000 -1.200000 -1.982000
v 3.500000 -1.200000 -1.982000
v 3.500000 1.200000 -2.000000
v 3.700000 1.200000 -2.000000
v 3.700000 1.200000 -1.982000
v 3.500000 1.200000 -1.982000
v 3.665000 -1.200000 -2.000000
v 3.735000 -1.200000 -2.000000
v 3.735000 -1.200000 -1.982000
v 3.665000 -1.200000 -1.982000
v 3.665000 1.200000 -2.000000
v 3.735000 1.200000 -2.000000
v 3.735000 1.200000 -1.982000
v 3.665000 1.200000 -1.982000
v 3.700000 -1.200000 -2.000000
v 3.900000 -1.200000 -2.000000
v 3.900000 -1.200000 -1.982000
v 3.700000 -1.200000 -1.982000
v 3.700000 1.200000 -2.000000
v 3.900000 1.200000 -2.000000
v 3.900000 1.200000 -1.982000
v 3.700000 1.200000 -1.982000
v 3.865000 -1.200000 -2.000000
v 3.935000 -1.200000 -2.000000
v 3.935000 -1.200000 -1.982000
v 3.865000 -1.200000 -1.982000
v 3.865000 1.200000 -2.000000
v 3.935000 1.200000 -2.000000
v 3.935000 1.200000 -1.982000
v 3.865000 1.200000 -1.982000
v 3.900000 -1.200000 -2.000000
v 4.100000 -1.200000 -2.000000
v 4.100000 -1.200000 -1.982000
v 3.900000 -1.200000 -1.982000
v 3.900000 1.200000 -2.000000
v 4.100000 1.200000 -2.000000
v 4.100000 1.200000 -1.982000
v 3.900000 1.200000 -1.982000
v 4.065000 -1.200000 -2.000000
v 4.135000 -1.200000 -2.000000
v 4.135000 -1.200000 -1.982000
v 4.065000 -1.200000 -1.982000
v 4.065000 1.200000 -2.000000
v 4.135000 1.200000 -2.000000
v 4.135000 1.200000 -1.982000
v 4.065000 1.200000 -1.982000
v 4.100000 -1.200000 -2.000000
v 4.300000 -1.200000 -2.000000
v 4.300000 -1.200000 -1.982000
v 4.100000 -1.200000 -1.982000
v 4.100000 1.200000 -2.000000
v 4.300000 1.200000 -2.000000
v 4.300000 1.200000 -1.982000
v 4.100000 1.200000 -1.982000
v 4.265000 -1.200000 -2.000000
v 4.335000 -1.200000 -2.000000
v 4.335000 -1.200000 -1.982000
v 4.265000 -1.200000 -1.982000
v 4.265000 1.200000 -2.000000
v 4.335000 1.200000 -2.000000
v 4.335000 1.200000 -1.982000
v 4.265000 1.200000 -1.982000
v 4.300000 -1.200000 -2.000000
v 4.500000 -1.200000 -2.000000
v 4.500000 -1.200000 -1.982000
v 4.300000 -1.200000 -1.982000
v 4.300000 1.200000 -2.000000
v 4.500000 1.200000 -2.000000
v 4.500000 1.200000 -1.982000
v 4.300000 1.200000 -1.982000
v -4.500000 -1.200000 1.982000
v -4.300000 -1.200000 1.982000
v -4.300000 -1.200000 2.000000
v -4.500000 -1.200000 2.000000
v -4.500000 1.200000 1.982000
v -4.300000 1.200000 1.982000
v -4.300000 1.200000 2.000000
v -4.500000 1.200000 2.000000
v -4.335000 -1.200000 1.982000
v -4.265000 -1.200000 1.982000
v -4.265000 -1.200000 2.000000
v -4.335000 -1.200000 2.000000
v -4.335000 1.200000 1.982000
v -4.265000 1.200000 1.982000
v -4.265000 1.200000 2.000000
v -4.335000 1.200000 2.000000
v -4.300000 -1.200000 1.982000
v -4.100000 -1.200000 1.982000
v -4.100000 -1.200000 2.000000
v -4.300000 -1.200000 2.000000
v -4.300000 1.200000 1.982000
v -4.100000 1.200000 1.982000
v -4.100000 1.200000 2.000000
v -4.300000 1.200000 2.000000
v -4.135000 -1.200000 1.982000
v -4.065000 -1.200000 1.982000
v -4.065000 -1.200000 2.000000
v -4.135000 -1.200000 2.000000
v -4.135000 1.200000 1.982000
v -4.065000 1.200000 1.982000
v -4.065000 1.200000 2.000000
v -4.135000 1.200000 2.000000
v -4.100000 -1.200000 1.982000
v -3.900000 -1.200000 1.982000
v -3.900000 -1.200000 2.000000
v -4.100000 -1.200000 2.000000
v -4.100000 1.200000 1.982000
v -3.900000 1.200000 1.982000
v -3.900000 1.200000 2.000000
v -4.100000 1.200000 2.000000
v -3.935000 -1.200000 1.982000
v -3.865000 -1.200000 1.982000
v -3.865000 -1.200000 2.000000
v -3.935000 -1.200000 2.000000
v -3.935000 1.200000 1.982000
v -3.865000 1.200000 1.982000
v -3.865000 1.200000 2.000000
v -3.935000 1.200000 2.000000
v -3.900000 -1.200000 1.982000
v -3.700000 -1.200000 1.982000
v -3.700000 -1.200000 2.000000
v -3.900000 -1.200000 2.000000
v -3.900000 1.200000 1.982000
v -3.700000 1.200000 1.982000
v -3.700000 1.200000 2.000000
v -3.900000 1.200000 2.000000
v -3.735000 -1.200000 1.982000
v -3.665000 -1.200000 1.982000
v -3.665000 -1.200000 2.000000
v -3.735000 -1.200000 2.000000
v -3.735000 1.200000 1.982000
v -3.665000 1.200000 1.982000
v -3.665000 1.200000 2.000000
v -3.735000 1.200000 2.000000
v -3.700000 -1.200000 1.982000
v -3.500000 -1.200000 1.982000
v -3.500000 -1.200000 2.000000
v -3.700000 -1.200000 2.000000
v -3.700000 1.200000 1.982000
v -3.500000 1.200000 1.982000
v -3.500000 1.200000 2.000000
v -3.700000 1.200000 2.000000
v -3.535000 -1.200000 1.982000
v -3.465000 -1.200000 1.982000
v -3.465000 -1.200000 2.000000
v -3.535000 -1.200000 2.000000
v -3.535000 1.200000 1.982000
v -3.465000 1.200000 1.982000
v -3.465000 1.200000 2.000000
v -3.535000 1.200000 2.000000
v -3.500000 -1.200000 1.982000
v -3.300000 -1.200000 1.982000
v -3.300000 -1.200000 2.000000
v -3.500000 -1.200000 2.000000
v -3.500000 1.200000 1.982000
v -3.300000 1.200000 1.982000
v -3.300000 1.200000 2.000000
v -3.500000 1.200000 2.000000
v -3.335000 -1.200000 1.982000
v -3.265000 -1.200000 1.982000
v -3.265000 -1.200000 2.000000
v -3.335000 -1.200000 2.000000
v -3.335000 1.200000 1.982000
v -3.265000 1.200000 1.982000
v -3.265000 1.200000 2.000000
v -3.335000 1.200000 2.000000
v -3.300000 -1.200000 1.982000
v -3.100000 -1.200000 1.982000
v -3.100000 -1.200000 2.000000
v -3.300000 -1.200000 2.000000
v -3.300000 1.200000 1.982000
v -3.100000 1.200000 1.982000
v -3.100000 1.200000 2.000000
v -3.300000 1.200000 2.000000
v -3.135000 -1.200000 1.982000
v -3.065000 -1.200000 1.982000
v -3.065000 -1.200000 2.000000
v -3.135000 -1.200000 2.000000
v -3.135000 1.200000 1.982000
v -3.065000 1.200000 1.982000
v -3.065000 1.200000 2.000000
v -3.135000 1.200000 2.000000
v -3.100000 -1.200000 1.982000
v -2.900000 -1.200000 1.982000
v -2.900000 -1.200000 2.000000
v -3.100000 -1.200000 2.000000
v -3.100000 1.200000 1.982000
v -2.900000 1.200000 1.982000
v -2.900000 1.200000 2.000000
v -3.100000 1.200000 2.000000
v -2.935000 -1.200000 1.982000
v -2.865000 -1.200000 1.982000
v -2.865000 -1.200000 2.000000
v -2.935000 -1.200000 2.000000
v -2.935000 1.200000 1.982000
v -2.865000 1.200000 1.982000
v -2.865000 1.200000 2.000000
v -2.935000 1.200000 2.000000
v -2.900000 -1.200000 1.982000
v -2.700000 -1.200000 1.982000
v -2.700000 -1.200000 2.000000
v -2.900000 -1.200000 2.000000
v -2.900000 1.200000 1.982000
v -2.700000 1.200000 1.982000
v -2.700000 1.200000 2.000000
v -2.900000 1.200000 2.000000
v -2.735000 -1.200000 1.982000
v -2.665000 -1.200000 1.982000
v -2.665000 -1.200000 2.000000
v -2.735000 -1.200000 2.000000
v -2.735000 1.200000 1.982000
v -2.665000 1.200000 1.982000
v -2.665000 1.200000 2.000000
v -2.735000 1.200000 2.000000
v -2.700000 -1.200000 1.982000
v -2.500000 -1.200000 1.982000
v -2.500000 -1.200000 2.000000
v -2.700000 -1.200000 2.000000
v -2.700000 1.200000 1.982000
v -2.500000 1.200000 1.982000
v -2.500000 1.200000 2.000000
v -2.700000 1.200000 2.000000
v -2.535000 -1.200000 1.982000
v -2.465000 -1.200000 1.982000
v -2.465000 -1.200000 2.000000
v -2.535000 -1.200000 2.000000
v -2.535000 1.200000 1.982000
v -2.465000 1.200000 1.982000
v -2.465000 1.200000 2.000000
v -2.535000 1.200000 2.000000
v -2.500000 -1.200000 1.982000
v -2.300000 -1.200000 1.982000
v -2.300000 -1.200000 2.000000
v -2.500000 -1.200000 2.000000
v -2.500000 1.200000 1.982000
v -2.300000 1.200000 1.982000
v -2.300000 1.200000 2.000000
v -2.500000 1.200000 2.000000
v -2.335000 -1.200000 1.982000
v -2.265000 -1.200000 1.982000
v -2.265000 -1.200000 2.000000
v -2.335000 -1.200000 2.000000
v -2.335000 1.200000 1.982000
v -2.265000 1.200000 1.982000
v -2.265000 1.200000 2.000000
v -2.335000 1.200000 2.000000
v -2.300000 -1.200000 1.982000
v -2.100000 -1.200000 1.982000
v -2.100000 -1.200000 2.000000
v -2.300000 -1.200000 2.000000
v -2.300000 1.200000 1.982000
v -2.100000 1.200000 1.982000
v -2.100000 1.200000 2.000000
v -2.300000 1.200000 2.000000
v -2.135000 -1.200000 1.982000
v -2.065000 -1.200000 1.982000
v -2.065000 -1.200000 2.000000
v -2.135000 -1.200000 2.000000
v -2.135000 1.200000 1.982000
v -2.065000 1.200000 1.982000
v -2.065000 1.200000 2.000000
v -2.135000 1.200000 2.000000
v -2.100000 -1.200000 1.982000
v -1.900000 -1.200000 1.982000
v -1.900000 -1.200000 2.000000
v -2.100000 -1.200000 2.000000
v -2.100000 1.200000 1.982000
v -1.900000 1.200000 1.982000
v -1.900000 1.200000 2.000000
v -2.100000 1.200000 2.000000
v -1.935000 -1.200000 1.982000
v -1.865000 -1.200000 1.982000
v -1.865000 -1.200000 2.000000
v -1.935000 -1.200000 2.000000
v -1.935000 1.200000 1.982000
v -1.865000 1.200000 1.982000
v -1.865000 1.200000 2.000000
v -1.935000 1.200000 2.000000
v -1.900000 -1.200000 1.982000
v -1.700000 -1.200000 1.982000
v -1.700000 -1.200000 2.000000
v -1.900000 -1.200000 2.000000
v -1.900000 1.200000 1.982000
v -1.700000 1.200000 1.982000
v -1.700000 1.200000 2.000000
v -1.900000 1.200000 2.000000
v -1.735000 -1.200000 1.982000
v -1.665000 -1.200000 1.982000
v -1.665000 -1.200000 2.000000
v -1.735000 -1.200000 2.000000
v -1.735000 1.200000 1.982000
v -1.665000 1.200000 1.982000
v -1.665000 1.200000 2.000000
v -1.735000 1.200000 2.000000
v -1.700000 -1.200000 1.982000
v -1.500000 -1.200000 1.982000
v -1.500000 -1.200000 2.000000
v -1.700000 -1.200000 2.000000
v -1.700000 1.200000 1.982000
v -1.500000 1.200000 1.982000
v -1.500000 1.200000 2.000000
v -1.700000 1.200000 2.000000
v -1.535000 -1.200000 1.982000
v -1.465000 -1.200000 1.982000
v -1.465000 -1.200000 2.000000
v -1.535000 -1.200000 2.000000
v -1.535000 1.200000 1.982000
v -1.465000 1.200000 1.982000
v -1.465000 1.200000 2.000000
v -1.535000 1.200000 2.000000
v -1.500000 -1.200000 1.982000
v -1.300000 -1.200000 1.982000
v -1.300000 -1.200000 2.000000
v -1.500000 -1.200000 2.000000
v -1.500000 1.200000 1.982000
v -1.300000 1.200000 1.982000
v -1.300000 1.200000 2.000000
v -1.500000 1.200000 2.000000
v -1.335000 -1.200000 1.982000
v -1.265000 -1.200000 1.982000
v -1.265000 -1.200000 2.000000
v -1.335000 -1.200000 2.000000
v -1.335000 1.200000 1.982000
v -1.265000 1.200000 1.982000
v -1.265000 1.200000 2.000000
v -1.335000 1.200000 2.000000
v -1.300000 -1.200000 1.982000
v -1.100000 -1.200000 1.982000
v -1.100000 -1.200000 2.000000
v -1.300000 -1.200000 2.000000
v -1.300000 1.200000 1.982000
v -1.100000 1.200000 1.982000
v -1.100000 1.200000 2.000000
v -1.300000 1.200000 2.000000
v -1.135000 -1.200000 1.982000
v -1.065000 -1.200000 1.982000
v -1.065000 -1.200000 2.000000
v -1.135000 -1.200000 2.000000
v -1.135000 1.200000 1.982000
v -1.065000 1.200000 1.982000
v -1.065000 1.200000 2.000000
v -1.135000 1.200000 2.000000
v -1.100000 -1.200000 1.982000
v -0.900000 -1.200000 1.982000
v -0.900000 -1.200000 2.000000
v -1.100000 -1.200000 2.000000
v -1.100000 1.200000 1.982000
v -0.900000 1.200000 1.982000
v -0.900000 1.200000 2.000000
v -1.100000 1.200000 2.000000
v -0.935000 -1.200000 1.982000
v -0.865000 -1.200000 1.982000
v -0.865000 -1.200000 2.000000
v -0.935000 -1.200000 2.000000
v -0.935000 1.200000 1.982000
v -0.865000 1.200000 1.982000
v -0.865000 1.200000 2.000000
v -0.935000 1.200000 2.000000
v -0.900000 -1.200000 1.982000
v -0.700000 -1.200000 1.982000
v -0.700000 -1.200000 2.000000
v -0.900000 -1.200000 2.000000
v -0.900000 1.200000 1.982000
v -0.700000 1.200000 1.982000
v -0.700000 1.200000 2.000000
v -0.900000 1.200000 2.000000
v -0.735000 -1.200000 1.982000
v -0.665000 -1.200000 1.982000
v -0.665000 -1.200000 2.000000
v -0.735000 -1.200000 2.000000
v -0.735000 1.200000 1.982000
v -0.665000 1.200000 1.982000
v -0.665000 1.200000 2.000000
v -0.735000 1.200000 2.000000
v -0.700000 -1.200000 1.982000
v -0.500000 -1.200000 1.982000
v -0.500000 -1.200000 2.000000
v -0.700000 -1.200000 2.000000
v -0.700000 1.200000 1.982000
v -0.500000 1.200000 1.982000
v -0.500000 1.200000 2.000000
v -0.700000 1.200000 2.000000
v -0.535000 -1.200000 1.982000
v -0.465000 -1.200000 1.982000
v -0.465000 -1.200000 2.000000
v -0.535000 -1.200000 2.000000
v -0.535000 1.200000 1.982000
v -0.465000 1.200000 1.982000
v -0.465000 1.200000 2.000000
v -0.535000 1.200000 2.000000
v -0.500000 -1.200000 1.982000
v -0.300000 -1.200000 1.982000
v -0.300000 -1.200000 2.000000
v -0.500000 -1.200000 2.000000
v -0.500000 1.200000 1.982000
v -0.300000 1.200000 1.982000
v -0.300000 1.200000 2.000000
v -0.500000 1.200000 2.000000
v -0.335000 -1.200000 1.982000
v -0.265000 -1.200000 1.982000
v -0.265000 -1.200000 2.000000
v -0.335000 -1.200000 2.000000
v -0.335000 1.200000 1.982000
v -0.265000 1.200000 1.982000
v -0.265000 1.200000 2.000000
v -0.335000 1.200000 2.000000
v -0.300000 -1.200000 1.982000
v -0.100000 -1.200000 1.982000
v -0.100000 -1.200000 2.000000
v -0.300000 -1.200000 2.000000
v -0.300000 1.200000 1.982000
v -0.100000 1.200000 1.982000
v -0.100000 1.200000 2.000000
v -0.300000 1.200000 2.000000
v -0.135000 -1.200000 1.982000
v -0.065000 -1.200000 1.982000
v -0.065000 -1.200000 2.000000
v -0.135000 -1.200000 2.000000
v -0.135000 1.200000 1.982000
v -0.065000 1.200000 1.982000
v -0.065000 1.200000 2.000000
v -0.135000 1.200000 2.000000
v -0.100000 -1.200000 1.982000
v 0.100000 -1.200000 1.982000
v 0.100000 -1.200000 2.000000
v -0.100000 -1.200000 2.000000
v -0.100000 1.200000 1.982000
v 0.100000 1.200000 1.982000
v 0.100000 1.200000 2.000000
v -0.100000 1.200000 2.000000
v 0.065000 -1.200000 1.982000
v 0.135000 -1.200000 1.982000
v 0.135000 -1.200000 2.000000
v 0.065000 -1.200000 2.000000
v 0.065000 1.200000 1.982000
v 0.135000 1.200000 1.982000
v 0.135000 1.200000 2.000000
v 0.065000 1.200000 2.000000
v 0.100000 -1.200000 1.982000
v 0.300000 -1.200000 1.982000
v 0.300000 -1.200000 2.000000
v 0.100000 -1.200000 2.000000
v 0.100000 1.200000 1.982000
v 0.300000 1.200000 1.982000
v 0.300000 1.200000 2.000000
v 0.100000 1.200000 2.000000
v 0.265000 -1.200000 1.982000
v 0.335000 -1.200000 1.982000
v 0.335000 -1.200000 2.000000
v 0.265000 -1.200000 2.000000
v 0.265000 1.200000 1.982000
v 0.335000 1.200000 1.982000
v 0.335000 1.200000 2.000000
v 0.265000 1.200000 2.000000
v 0.300000 -1.200000 1.982000
v 0.500000 -1.200000 1.982000
v 0.500000 -1.200000 2.000000
v 0.300000 -1.200000 2.000000
v 0.300000 1.200000 1.982000
v 0.500000 1.200000 1.982000
v 0.500000 1.200000 2.000000
v 0.300000 1.200000 2.000000
v 0.465000 -1.200000 1.982000
v 0.535000 -1.200000 1.982000
v 0.535000 -1.200000 2.000000
v 0.465000 -1.200000 2.000000
v 0.465000 1.200000 1.982000
v 0.535000 1.200000 1.982000
v 0.535000 1.200000 2.000000
v 0.465000 1.200000 2.000000
v 0.500000 -1.200000 1.982000
v 0.700000 -1.200000 1.982000
v 0.700000 -1.200000 2.000000
v 0.500000 -1.200000 2.000000
v 0.500000 1.200000 1.982000
v 0.700000 1.200000 1.982000
v 0.700000 1.200000 2.000000
v 0.500000 1.200000 2.000000
v 0.665000 -1.200000 1.982000
v 0.735000 -1.200000 1.982000
v 0.735000 -1.200000 2.000000
v 0.665000 -1.200000 2.000000
v 0.665000 1.200000 1.982000
v 0.735000 1.200000 1.982000
v 0.735000 1.200000 2.000000
v 0.665000 1.200000 2.000000
v 0.700000 -1.200000 1.982000
v 0.900000 -1.200000 1.982000
v 0.900000 -1.200000 2.000000
v 0.700000 -1.200000 2.000000
v 0.700000 1.200000 1.982000
v 0.900000 1.200000 1.982000
v 0.900000 1.200000 2.000000
v 0.700000 1.200000 2.000000
v 0.865000 -1.200000 1.982000
v 0.935000 -1.200000 1.982000
v 0.935000 -1.200000 2.000000
v 0.865000 -1.200000 2.000000
v 0.865000 1.200000 1.982000
v 0.935000 1.200000 1.982000
v 0.935000 1.200000 2.000000
v 0.865000 1.200000 2.000000
v 0.900000 -1.200000 1.982000
v 1.100000 -1.200000 1.982000
v 1.100000 -1.200000 2.000000
v 0.900000 -1.200000 2.000000
v 0.900000 1.200000 1.982000
v 1.100000 1.200000 1.982000
v 1.100000 1.200000 2.000000
v 0.900000 1.200000 2.000000
v 1.065000 -1.200000 1.982000
v 1.135000 -1.200000 1.982000
v 1.135000 -1.200000 2.000000
v 1.065000 -1.200000 2.000000
v 1.065000 1.200000 1.982000
v 1.135000 1.200000 1.982000
v 1.135000 1.200000 2.000000
v 1.065000 1.200000 2.000000
v 1.100000 -1.200000 1.982000
v 1.300000 -1.200000 1.982000
v 1.300000 -1.200000 2.000000
v 1.100000 -1.200000 2.000000
v 1.100000 1.200000 1.982000
v 1.300000 1.200000 1.982000
v 1.300000 1.200000 2.000000
v 1.100000 1.200000 2.000000
v 1.265000 -1.200000 1.982000
v 1.335000 -1.200000 1.982000
v 1.335000 -1.200000 2.000000
v 1.265000 -1.200000 2.000000
v 1.265000 1.200000 1.982000
v 1.335000 1.200000 1.982000
v 1.335000 1.200000 2.000000
v 1.265000 1.200000 2.000000
v 1.300000 -1.200000 1.982000
v 1.500000 -1.200000 1.982000
v 1.500000 -1.200000 2.000000
v 1.300000 -1.200000 2.000000
v 1.300000 1.200000 1.982000
v 1.500000 1.200000 1.982000
v 1.500000 1.200000 2.000000
v 1.300000 1.200000 2.000000
v 1.465000 -1.200000 1.982000
v 1.535000 -1.200000 1.982000
v 1.535000 -1.200000 2.000000
v 1.465000 -1.200000 2.000000
v 1.465000 1.200000 1.982000
v 1.535000 1.200000 1.982000
v 1.535000 1.200000 2.000000
v 1.465000 1.200000 2.000000
v 1.500000 -1.200000 1.982000
v 1.700000 -1.200000 1.982000
v 1.700000 -1.200000 2.000000
v 1.500000 -1.200000 2.000000
v 1.500000 1.200000 1.982000
v 1.700000 1.200000 1.982000
v 1.700000 1.200000 2.000000
v 1.500000 1.200000 2.000000
v 1.665000 -1.200000 1.982000
v 1.735000 -1.200000 1.982000
v 1.735000 -1.200000 2.000000
v 1.665000 -1.200000 2.000000
v 1.665000 1.200000 1.982000
v 1.735000 1.200000 1.982000
v 1.735000 1.200000 2.000000
v 1.665000 1.200000 2.000000
v 1.700000 -1.200000 1.982000
v 1.900000 -1.200000 1.982000
v 1.900000 -1.200000 2.000000
v 1.700000 -1.200000 2.000000
v 1.700000 1.200000 1.982000
v 1.900000 1.200000 1.982000
v 1.900000 1.200000 2.000000
v 1.700000 1.200000 2.000000
v 1.865000 -1.200000 1.982000
v 1.935000 -1.200000 1.982000
v 1.935000 -1.200000 2.000000
v 1.865000 -1.200000 2.000000
v 1.865000 1.200000 1.982000
v 1.935000 1.200000 1.982000
v 1.935000 1.200000 2.000000
v 1.865000 1.200000 2.000000
v 1.900000 -1.200000 1.982000
v 2.100000 -1.200000 1.982000
v 2.100000 -1.200000 2.000000
v 1.900000 -1.200000 2.000000
v 1.900000 1.200000 1.982000
v 2.100000 1.200000 1.982000
v 2.100000 1.200000 2.000000
v 1.900000 1.200000 2.000000
v 2.065000 -1.200000 1.982000
v 2.135000 -1.200000 1.982000
v 2.135000 -1.200000 2.000000
v 2.065000 -1.200000 2.000000
v 2.065000 1.200000 1.982000
v 2.135000 1.200000 1.982000
v 2.135000 1.200000 2.000000
v 2.065000 1.200000 2.000000
v 2.100000 -1.200000 1.982000
v 2.300000 -1.200000 1.982000
v 2.300000 -1.200000 2.000000
v 2.100000 -1.200000 2.000000
v 2.100000 1.200000 1.982000
v 2.300000 1.200000 1.982000
v 2.300000 1.200000 2.000000
v 2.100000 1.200000 2.000000
v 2.265000 -1.200000 1.982000
v 2.335000 -1.200000 1.982000
v 2.335000 -1.200000 2.000000
v 2.265000 -1.200000 2.000000
v 2.265000 1.200000 1.982000
v 2.335000 1.200000 1.982000
v 2.335000 1.200000 2.000000
v 2.265000 1.200000 2.000000
v 2.300000 -1.200000 1.982000
v 2.500000 -1.200000 1.982000
v 2.500000 -1.200000 2.000000
v 2.300000 -1.200000 2.000000
v 2.300000 1.200000 1.982000
v 2.500000 1.200000 1.982000
v 2.500000 1.200000 2.000000
v 2.300000 1.200000 2.000000
v 2.465000 -1.200000 1.982000
v 2.535000 -1.200000 1.982000
v 2.535000 -1.200000 2.000000
v 2.465000 -1.200000 2.000000
v 2.465000 1.200000 1.982000
v 2.535000 1.200000 1.982000
v 2.535000 1.200000 2.000000
v 2.465000 1.200000 2.000000
v 2.500000 -1.200000 1.982000
v 2.700000 -1.200000 1.982000
v 2.700000 -1.200000 2.000000
v 2.500000 -1.200000 2.000000
v 2.500000 1.200000 1.982000
v 2.700000 1.200000 1.982000
v 2.700000 1.200000 2.000000
v 2.500000 1.200000 2.000000
v 2.665000 -1.200000 1.982000
v 2.735000 -1.200000 1.982000
v 2.735000 -1.200000 2.000000
v 2.665000 -1.200000 2.000000
v 2.665000 1.200000 1.982000
v 2.735000 1.200000 1.982000
v 2.735000 1.200000 2.000000
v 2.665000 1.200000 2.000000
v 2.700000 -1.200000 1.982000
v 2.900000 -1.200000 1.982000
v 2.900000 -1.200000 2.000000
v 2.700000 -1.200000 2.000000
v 2.700000 1.200000 1.982000
v 2.900000 1.200000 1.982000
v 2.900000 1.200000 2.000000
v 2.700000 1.200000 2.000000
v 2.865000 -1.200000 1.982000
v 2.935000 -1.200000 1.982000
v 2.935000 -1.200000 2.000000
v 2.865000 -1.200000 2.000000
v 2.865000 1.200000 1.982000
v 2.935000 1.200000 1.982000
v 2.935000 1.200000 2.000000
v 2.865000 1.200000 2.000000
v 2.900000 -1.200000 1.982000
v 3.100000 -1.200000 1.982000
v 3.100000 -1.200000 2.000000
v 2.900000 -1.200000 2.000000
v 2.900000 1.200000 1.982000
v 3.100000 1.200000 1.982000
v 3.100000 1.200000 2.000000
v 2.900000 1.200000 2.000000
v 3.065000 -1.200000 1.982000
v 3.135000 -1.200000 1.982000
v 3.135000 -1.200000 2.000000
v 3.065000 -1.200000 2.000000
v 3.065000 1.200000 1.982000
v 3.135000 1.200000 1.982000
v 3.135000 1.200000 2.000000
v 3.065000 1.200000 2.000000
v 3.100000 -1.200000 1.982000
v 3.300000 -1.200000 1.982000
v 3.300000 -1.200000 2.000000
v 3.100000 -1.200000 2.000000
v 3.100000 1.200000 1.982000
v 3.300000 1.200000 1.982000
v 3.300000 1.200000 2.000000
v 3.100000 1.200000 2.000000
v 3.265000 -1.200000 1.982000
v 3.335000 -1.200000 1.982000
v 3.335000 -1.200000 2.000000
v 3.265000 -1.200000 2.000000
v 3.265000 1.200000 1.982000
v 3.335000 1.200000 1.982000
v 3.335000 1.200000 2.000000
v 3.265000 1.200000 2.000000
v 3.300000 -1.200000 1.982000
v 3.500000 -1.200000 1.982000
v 3.500000 -1.200000 2.000000
v 3.300000 -1.200000 2.000000
v 3.300000 1.200000 1.982000
v 3.500000 1.200000 1.982000
v 3.500000 1.200000 2.000000
v 3.300000 1.200000 2.000000
v 3.465000 -1.200000 1.982000
v 3.535000 -1.200000 1.982000
v 3.535000 -1.200000 2.000000
v 3.465000 -1.200000 2.000000
v 3.465000 1.200000 1.982000
v 3.535000 1.200000 1.982000
v 3.535000 1.200000 2.000000
v 3.465000 1.200000 2.000000
v 3.500000 -1.200000 1.982000
v 3.700000 -1.200000 1.982000
v 3.700000 -1.200000 2.000000
v 3.500000 -1.200000 2.000000
v 3.500000 1.200000 1.982000
v 3.700000 1.200000 1.982000
v 3.700000 1.200000 2.000000
v 3.500000 1.200000 2.000000
v 3.665000 -1.200000 1.982000
v 3.735000 -1.200000 1.982000
v 3.735000 -1.200000 2.000000
v 3.665000 -1.200000 2.000000
v 3.665000 1.200000 1.982000
v 3.735000 1.200000 1.982000
v 3.735000 1.200000 2.000000
v 3.665000 1.200000 2.000000
v 3.700000 -1.200000 1.982000
v 3.900000 -1.200000 1.982000
v 3.900000 -1.200000 2.000000
v 3.700000 -1.200000 2.000000
v 3.700000 1.200000 1.982000
v 3.900000 1.200000 1.982000
v 3.900000 1.200000 2.000000
v 3.700000 1.200000 2.000000
v 3.865000 -1.200000 1.982000
v 3.935000 -1.200000 1.982000
v 3.935000 -1.200000 2.000000
v 3.865000 -1.200000 2.000000
v 3.865000 1.200000 1.982000
v 3.935000 1.200000 1.982000
v 3.935000 1.200000 2.000000
v 3.865000 1.200000 2.000000
v 3.900000 -1.200000 1.982000
v 4.100000 -1.200000 1.982000
v 4.100000 -1.200000 2.000000
v 3.900000 -1.200000 2.000000
v 3.900000 1.200000 1.982000
v 4.100000 1.200000 1.982000
v 4.100000 1.200000 2.000000
v 3.900000 1.200000 2.000000
v 4.065000 -1.200000 1.982000
v 4.135000 -1.200000 1.982000
v 4.135000 -1.200000 2.000000
v 4.065000 -1.200000 2.000000
v 4.065000 1.200000 1.982000
v 4.135000 1.200000 1.982000
v 4.135000 1.200000 2.000000
v 4.065000 1.200000 2.000000
v 4.100000 -1.200000 1.982000
v 4.300000 -1.200000 1.982000
v 4.300000 -1.200000 2.000000
v 4.100000 -1.200000 2.000000
v 4.100000 1.200000 1.982000
v 4.300000 1.200000 1.982000
v 4.300000 1.200000 2.000000
v 4.100000 1.200000 2.000000
v 4.265000 -1.200000 1.982000
v 4.335000 -1.200000 1.982000
v 4.335000 -1.200000 2.000000
v 4.265000 -1.200000 2.000000
v 4.265000 1.200000 1.982000
v 4.335000 1.200000 1.982000
v 4.335000 1.200000 2.000000
v 4.265000 1.200000 2.000000
v 4.300000 -1.200000 1.982000
v 4.500000 -1.200000 1.982000
v 4.500000 -1.200000 2.000000
v 4.300000 -1.200000 2.000000
v 4.300000 1.200000 1.982000
v 4.500000 1.200000 1.982000
v 4.500000 1.200000 2.000000
v 4.300000 1.200000 2.000000
v -4.500000 -1.200000 -2.000000
v -4.482000 -1.200000 -2.000000
v -4.482000 -1.200000 -1.800000
v -4.500000 -1.200000 -1.800000
v -4.500000 1.200000 -2.000000
v -4.482000 1.200000 -2.000000
v -4.482000 1.200000 -1.800000
v -4.500000 1.200000 -1.800000
v -4.500000 -1.200000 -1.835000
v -4.482000 -1.200000 -1.835000
v -4.482000 -1.200000 -1.765000
v -4.500000 -1.200000 -1.765000
v -4.500000 1.200000 -1.835000
v -4.482000 1.200000 -1.835000
v -4.482000 1.200000 -1.765000
v -4.500000 1.200000 -1.765000
v -4.500000 -1.200000 -1.800000
v -4.482000 -1.200000 -1.800000
v -4.482000 -1.200000 -1.600000
v -4.500000 -1.200000 -1.600000
v -4.500000 1.200000 -1.800000
v -4.482000 1.200000 -1.800000
v -4.482000 1.200000 -1.600000
v -4.500000 1.200000 -1.600000
v -4.500000 -1.200000 -1.635000
v -4.482000 -1.200000 -1.635000
v -4.482000 -1.200000 -1.565000
v -4.500000 -1.200000 -1.565000
v -4.500000 1.200000 -1.635000
v -4.482000 1.200000 -1.635000
v -4.482000 1.200000 -1.565000
v -4.500000 1.200000 -1.565000
v -4.500000 -1.200000 -1.600000
v -4.482000 -1.200000 -1.600000
v -4.482000 -1.200000 -1.400000
v -4.500000 -1.200000 -1.400000
v -4.500000 1.200000 -1.600000
v -4.482000 1.200000 -1.600000
v -4.482000 1.200000 -1.400000
v -4.500000 1.200000 -1.400000
v -4.500000 -1.200000 -1.435000
v -4.482000 -1.200000 -1.435000
v -4.482000 -1.200000 -1.365000
v -4.500000 -1.200000 -1.365000
v -4.500000 1.200000 -1.435000
v -4.482000 1.200000 -1.435000
v -4.482000 1.200000 -1.365000
v -4.500000 1.200000 -1.365000
v -4.500000 -1.200000 -1.400000
v -4.482000 -1.200000 -1.400000
v -4.482000 -1.200000 -1.200000
v -4.500000 -1.200000 -1.200000
v -4.500000 1.200000 -1.400000
v -4.482000 1.200000 -1.400000
v -4.482000 1.200000 -1.200000
v -4.500000 1.200000 -1.200000
v -4.500000 -1.200000 -1.235000
v -4.482000 -1.200000 -1.235000
v -4.482000 -1.200000 -1.165000
v -4.500000 -1.200000 -1.165000
v -4.500000 1.200000 -1.235000
v -4.482000 1.200000 -1.235000
v -4.482000 1.200000 -1.165000
v -4.500000 1.200000 -1.165000
v -4.500000 -1.200000 -1.200000
v -4.482000 -1.200000 -1.200000
v -4.482000 -1.200000 -1.000000
v -4.500000 -1.200000 -1.000000
v -4.500000 1.200000 -1.200000
v -4.482000 1.200000 -1.200000
v -4.482000 1.200000 -1.000000
v -4.500000 1.200000 -1.000000
v -4.500000 -1.200000 -1.035000
v -4.482000 -1.200000 -1.035000
v -4.482000 -1.200000 -0.965000
v -4.500000 -1.200000 -0.965000
v -4.500000 1.200000 -1.035000
v -4.482000 1.200000 -1.035000
v -4.482000 1.200000 -0.965000
v -4.500000 1.200000 -0.965000
v -4.500000 -1.200000 -1.000000
v -4.482000 -1.200000 -1.000000
v -4.482000 -1.200000 -0.800000
v -4.500000 -1.200000 -0.800000
v -4.500000 1.200000 -1.000000
v -4.482000 1.200000 -1.000000
v -4.482000 1.200000 -0.800000
v -4.500000 1.200000 -0.800000
v -4.500000 -1.200000 -0.835000
v -4.482000 -1.200000 -0.835000
v -4.482000 -1.200000 -0.765000
v -4.500000 -1.200000 -0.765000
v -4.500000 1.200000 -0.835000
v -4.482000 1.200000 -0.835000
v -4.482000 1.200000 -0.765000
v -4.500000 1.200000 -0.765000
v -4.500000 -1.200000 -0.800000
v -4.482000 -1.200000 -0.800000
v -4.482000 -1.200000 -0.600000
v -4.500000 -1.200000 -0.600000
v -4.500000 1.200000 -0.800000
v -4.482000 1.200000 -0.800000
v -4.482000 1.200000 -0.600000
v -4.500000 1.200000 -0.600000
v -4.500000 -1.200000 -0.635000
v -4.482000 -1.200000 -0.635000
v -4.482000 -1.200000 -0.565000
v -4.500000 -1.200000 -0.565000
v -4.500000 1.200000 -0.635000
v -4.482000 1.200000 -0.635000
v -4.482000 1.200000 -0.565000
v -4.500000 1.200000 -0.565000
v -4.500000 -1.200000 -0.600000
v -4.482000 -1.200000 -0.600000
v -4.482000 -1.200000 -0.400000
v -4.500000 -1.200000 -0.400000
v -4.500000 1.200000 -0.600000
v -4.482000 1.200000 -0.600000
v -4.482000 1.200000 -0.400000
v -4.500000 1.200000 -0.400000
v -4.500000 -1.200000 -0.435000
v -4.482000 -1.200000 -0.435000
v -4.482000 -1.200000 -0.365000
v -4.500000 -1.200000 -0.365000
v -4.500000 1.200000 -0.435000
v -4.482000 1.200000 -0.435000
v -4.482000 1.200000 -0.365000
v -4.500000 1.200000 -0.365000
v -4.500000 -1.200000 -0.400000
v -4.482000 -1.200000 -0.400000
v -4.482000 -1.200000 -0.200000
v -4.500000 -1.200000 -0.200000
v -4.500000 1.200000 -0.400000
v -4.482000 1.200000 -0.400000
v -4.482000 1.200000 -0.200000
v -4.500000 1.200000 -0.200000
v -4.500000 -1.200000 -0.235000
v -4.482000 -1.200000 -0.235000
v -4.482000 -1.200000 -0.165000
v -4.500000 -1.200000 -0.165000
v -4.500000 1.200000 -0.235000
v -4.482000 1.200000 -0.235000
v -4.482000 1.200000 -0.165000
v -4.500000 1.200000 -0.165000
v -4.500000 -1.200000 -0.200000
v -4.482000 -1.200000 -0.200000
v -4.482000 -1.200000 0.000000
v -4.500000 -1.200000 0.000000
v -4.500000 1.200000 -0.200000
v -4.482000 1.200000 -0.200000
v -4.482000 1.200000 0.000000
v -4.500000 1.200000 0.000000
v -4.500000 -1.200000 -0.035000
v -4.482000 -1.200000 -0.035000
v -4.482000 -1.200000 0.035000
v -4.500000 -1.200000 0.035000
v -4.500000 1.200000 -0.035000
v -4.482000 1.200000 -0.035000
v -4.482000 1.200000 0.035000
v -4.500000 1.200000 0.035000
v -4.500000 -1.200000 0.000000
v -4.482000 -1.200000 0.000000
v -4.482000 -1.200000 0.200000
v -4.500000 -1.200000 0.200000
v -4.500000 1.200000 0.000000
v -4.482000 1.200000 0.000000
v -4.482000 1.200000 0.200000
v -4.500000 1.200000 0.200000
v -4.500000 -1.200000 0.165000
v -4.482000 -1.200000 0.165000
v -4.482000 -1.200000 0.235000
v -4.500000 -1.200000 0.235000
v -4.500000 1.200000 0.165000
v -4.482000 1.200000 0.165000
v -4.482000 1.200000 0.235000
v -4.500000 1.200000 0.235000
v -4.500000 -1.200000 0.200000
v -4.482000 -1.200000 0.200000
v -4.482000 -1.200000 0.400000
v -4.500000 -1.200000 0.400000
v -4.500000 1.200000 0.200000
v -4.482000 1.200000 0.200000
v -4.482000 1.200000 0.400000
v -4.500000 1.200000 0.400000
v -4.500000 -1.200000 0.365000
v -4.482000 -1.200000 0.365000
v -4.482000 -1.200000 0.435000
v -4.500000 -1.200000 0.435000
v -4.500000 1.200000 0.365000
v -4.482000 1.200000 0.365000
v -4.482000 1.200000 0.435000
v -4.500000 1.200000 0.435000
v -4.500000 -1.200000 0.400000
v -4.482000 -1.200000 0.400000
v -4.482000 -1.200000 0.600000
v -4.500000 -1.200000 0.600000
v -4.500000 1.200000 0.400000
v -4.482000 1.200000 0.400000
v -4.482000 1.200000 0.600000
v -4.500000 1.200000 0.600000
v -4.500000 -1.200000 0.565000
v -4.482000 -1.200000 0.565000
v -4.482000 -1.200000 0.635000
v -4.500000 -1.200000 0.635000
v -4.500000 1.200000 0.565000
v -4.482000 1.200000 0.565000
v -4.482000 1.200000 0.635000
v -4.500000 1.200000 0.635000
v -4.500000 -1.200000 0.600000
v -4.482000 -1.200000 0.600000
v -4.482000 -1.200000 0.800000
v -4.500000 -1.200000 0.800000
v -4.500000 1.200000 0.600000
v -4.482000 1.200000 0.600000
v -4.482000 1.200000 0.800000
v -4.500000 1.200000 0.800000
v -4.500000 -1.200000 0.765000
v -4.482000 -1.200000 0.765000
v -4.482000 -1.200000 0.835000
v -4.500000 -1.200000 0.835000
v -4.500000 1.200000 0.765000
v -4.482000 1.200000 0.765000
v -4.482000 1.200000 0.835000
v -4.500000 1.200000 0.835000
v -4.500000 -1.200000 0.800000
v -4.482000 -1.200000 0.800000
v -4.482000 -1.200000 1.000000
v -4.500000 -1.200000 1.000000
v -4.500000 1.200000 0.800000
v -4.482000 1.200000 0.800000
v -4.482000 1.200000 1.000000
v -4.500000 1.200000 1.000000
v -4.500000 -1.200000 0.965000
v -4.482000 -1.200000 0.965000
v -4.482000 -1.200000 1.035000
v -4.500000 -1.200000 1.035000
v -4.500000 1.200000 0.965000
v -4.482000 1.200000 0.965000
v -4.482000 1.200000 1.035000
v -4.500000 1.200000 1.035000
v -4.500000 -1.200000 1.000000
v -4.482000 -1.200000 1.000000
v -4.482000 -1.200000 1.200000
v -4.500000 -1.200000 1.200000
v -4.500000 1.200000 1.000000
v -4.482000 1.200000 1.000000
v -4.482000 1.200000 1.200000
v -4.500000 1.200000 1.200000
v -4.500000 -1.200000 1.165000
v -4.482000 -1.200000 1.165000
v -4.482000 -1.200000 1.235000
v -4.500000 -1.200000 1.235000
v -4.500000 1.200000 1.165000
v -4.482000 1.200000 1.165000
v -4.482000 1.200000 1.235000
v -4.500000 1.200000 1.235000
v -4.500000 -1.200000 1.200000
v -4.482000 -1.200000 1.200000
v -4.482000 -1.200000 1.400000
v -4.500000 -1.200000 1.400000
v -4.500000 1.200000 1.200000
v -4.482000 1.200000 1.200000
v -4.482000 1.200000 1.400000
v -4.500000 1.200000 1.400000
v -4.500000 -1.200000 1.365000
v -4.482000 -1.200000 1.365000
v -4.482000 -1.200000 1.435000
v -4.500000 -1.200000 1.435000
v -4.500000 1.200000 1.365000
v -4.482000 1.200000 1.365000
v -4.482000 1.200000 1.435000
v -4.500000 1.200000 1.435000
v -4.500000 -1.200000 1.400000
v -4.482000 -1.200000 1.400000
v -4.482000 -1.200000 1.600000
v -4.500000 -1.200000 1.600000
v -4.500000 1.200000 1.400000
v -4.482000 1.200000 1.400000
v -4.482000 1.200000 1.600000
v -4.500000 1.200000 1.600000
v -4.500000 -1.200000 1.565000
v -4.482000 -1.200000 1.565000
v -4.482000 -1.200000 1.635000
v -4.500000 -1.200000 1.635000
v -4.500000 1.200000 1.565000
v -4.482000 1.200000 1.565000
v -4.482000 1.200000 1.635000
v -4.500000 1.200000 1.635000
v -4.500000 -1.200000 1.600000
v -4.482000 -1.200000 1.600000
v -4.482000 -1.200000 1.800000
v -4.500000 -1.200000 1.800000
v -4.500000 1.200000 1.600000
v -4.482000 1.200000 1.600000
v -4.482000 1.200000 1.800000
v -4.500000 1.200000 1.800000
v -4.500000 -1.200000 1.765000
v -4.482000 -1.200000 1.765000
v -4.482000 -1.200000 1.835000
v -4.500000 -1.200000 1.835000
v -4.500000 1.200000 1.765000
v -4.482000 1.200000 1.765000
v -4.482000 1.200000 1.835000
v -4.500000 1.200000 1.835000
v -4.500000 -1.200000 1.800000
v -4.482000 -1.200000 1.800000
v -4.482000 -1.200000 2.000000
v -4.500000 -1.200000 2.000000
v -4.500000 1.200000 1.800000
v -4.482000 1.200000 1.800000
v -4.482000 1.200000 2.000000
v -4.500000 1.200000 2.000000
v 4.482000 -1.200000 -2.000000
v 4.500000 -1.200000 -2.000000
v 4.500000 -1.200000 -1.800000
v 4.482000 -1.200000 -1.800000
v 4.482000 1.200000 -2.000000
v 4.500000 1.200000 -2.000000
v 4.500000 1.200000 -1.800000
v 4.482000 1.200000 -1.800000
v 4.482000 -1.200000 -1.835000
v 4.500000 -1.200000 -1.835000
v 4.500000 -1.200000 -1.765000
v 4.482000 -1.200000 -1.765000
v 4.482000 1.200000 -1.835000
v 4.500000 1.200000 -1.835000
v 4.500000 1.200000 -1.765000
v 4.482000 1.200000 -1.765000
v 4.482000 -1.200000 -1.800000
v 4.500000 -1.200000 -1.800000
v 4.500000 -1.200000 -1.600000
v 4.482000 -1.200000 -1.600000
v 4.482000 1.200000 -1.800000
v 4.500000 1.200000 -1.800000
v 4.500000 1.200000 -1.600000
v 4.482000 1.200000 -1.600000
v 4.482000 -1.200000 -1.635000
v 4.500000 -1.200000 -1.635000
v 4.500000 -1.200000 -1.565000
v 4.482000 -1.200000 -1.565000
v 4.482000 1.200000 -1.635000
v 4.500000 1.200000 -1.635000
v 4.500000 1.200000 -1.565000
v 4.482000 1.200000 -1.565000
v 4.482000 -1.200000 -1.600000
v 4.500000 -1.200000 -1.600000
v 4.500000 -1.200000 -1.400000
v 4.482000 -1.200000 -1.400000
v 4.482000 1.200000 -1.600000
v 4.500000 1.200000 -1.600000
v 4.500000 1.200000 -1.400000
v 4.482000 1.200000 -1.400000
v 4.482000 -1.200000 -1.435000
v 4.500000 -1.200000 -1.435000
v 4.500000 -1.200000 -1.365000
v 4.482000 -1.200000 -1.365000
v 4.482000 1.200000 -1.435000
v 4.500000 1.200000 -1.435000
v 4.500000 1.200000 -1.365000
v 4.482000 1.200000 -1.365000
v 4.482000 -1.200000 -1.400000
v 4.500000 -1.200000 -1.400000
v 4.500000 -1.200000 -1.200000
v 4.482000 -1.200000 -1.200000
v 4.482000 1.200000 -1.400000
v 4.500000 1.200000 -1.400000
v 4.500000 1.200000 -1.200000
v 4.482000 1.200000 -1.200000
v 4.482000 -1.200000 -1.235000
v 4.500000 -1.200000 -1.235000
v 4.500000 -1.200000 -1.165000
v 4.482000 -1.200000 -1.165000
v 4.482000 1.200000 -1.235000
v 4.500000 1.200000 -1.235000
v 4.500000 1.200000 -1.165000
v 4.482000 1.200000 -1.165000
v 4.482000 -1.200000 -1.200000
v 4.500000 -1.200000 -1.200000
v 4.500000 -1.200000 -1.000000
v 4.482000 -1.200000 -1.000000
v 4.482000 1.200000 -1.200000
v 4.500000 1.200000 -1.200000
v 4.500000 1.200000 -1.000000
v 4.482000 1.200000 -1.000000
v 4.482000 -1.200000 -1.035000
v 4.500000 -1.200000 -1.035000
v 4.500000 -1.200000 -0.965000
v 4.482000 -1.200000 -0.965000
v 4.482000 1.200000 -1.035000
v 4.500000 1.200000 -1.035000
v 4.500000 1.200000 -0.965000
v 4.482000 1.200000 -0.965000
v 4.482000 -1.200000 -1.000000
v 4.500000 -1.200000 -1.000000
v 4.500000 -1.200000 -0.800000
v 4.482000 -1.200000 -0.800000
v 4.482000 1.200000 -1.000000
v 4.500000 1.200000 -1.000000
v 4.500000 1.200000 -0.800000
v 4.482000 1.200000 -0.800000
v 4.482000 -1.200000 -0.835000
v 4.500000 -1.200000 -0.835000
v 4.500000 -1.200000 -0.765000
v 4.482000 -1.200000 -0.765000
v 4.482000 1.200000 -0.835000
v 4.500000 1.200000 -0.835000
v 4.500000 1.200000 -0.765000
v 4.482000 1.200000 -0.765000
v 4.482000 -1.200000 -0.800000
v 4.500000 -1.200000 -0.800000
v 4.500000 -1.200000 -0.600000
v 4.482000 -1.200000 -0.600000
v 4.482000 1.200000 -0.800000
v 4.500000 1.200000 -0.800000
v 4.500000 1.200000 -0.600000
v 4.482000 1.200000 -0.600000
v 4.482000 -1.200000 -0.635000
v 4.500000 -1.200000 -0.635000
v 4.500000 -1.200000 -0.565000
v 4.482000 -1.200000 -0.565000
v 4.482000 1.200000 -0.635000
v 4.500000 1.200000 -0.635000
v 4.500000 1.200000 -0.565000
v 4.482000 1.200000 -0.565000
v 4.482000 -1.200000 -0.600000
v 4.500000 -1.200000 -0.600000
v 4.500000 -1.200000 -0.400000
v 4.482000 -1.200000 -0.400000
v 4.482000 1.200000 -0.600000
v 4.500000 1.200000 -0.600000
v 4.500000 1.200000 -0.400000
v 4.482000 1.200000 -0.400000
v 4.482000 -1.200000 -0.435000
v 4.500000 -1.200000 -0.435000
v 4.500000 -1.200000 -0.365000
v 4.482000 -1.200000 -0.365000
v 4.482000 1.200000 -0.435000
v 4.500000 1.200000 -0.435000
v 4.500000 1.200000 -0.365000
v 4.482000 1.200000 -0.365000
v 4.482000 0.750000 -0.400000
v 4.500000 0.750000 -0.400000
v 4.500000 0.750000 -0.200000
v 4.482000 0.750000 -0.200000
v 4.482000 1.200000 -0.400000
v 4.500000 1.200000 -0.400000
v 4.500000 1.200000 -0.200000
v 4.482000 1.200000 -0.200000
v 4.482000 0.750000 -0.235000
v 4.500000 0.750000 -0.235000
v 4.500000 0.750000 -0.165000
v 4.482000 0.750000 -0.165000
v 4.482000 1.200000 -0.235000
v 4.500000 1.200000 -0.235000
v 4.500000 1.200000 -0.165000
v 4.482000 1.200000 -0.165000
v 4.482000 0.750000 -0.200000
v 4.500000 0.750000 -0.200000
v 4.500000 0.750000 0.000000
v 4.482000 0.750000 0.000000
v 4.482000 1.200000 -0.200000
v 4.500000 1.200000 -0.200000
v 4.500000 1.200000 0.000000
v 4.482000 1.200000 0.000000
v 4.482000 0.750000 -0.035000
v 4.500000 0.750000 -0.035000
v 4.500000 0.750000 0.035000
v 4.482000 0.750000 0.035000
v 4.482000 1.200000 -0.035000
v 4.500000 1.200000 -0.035000
v 4.500000 1.200000 0.035000
v 4.482000 1.200000 0.035000
v 4.482000 0.750000 0.000000
v 4.500000 0.750000 0.000000
v 4.500000 0.750000 0.200000
v 4.482000 0.750000 0.200000
v 4.482000 1.200000 0.000000
v 4.500000 1.200000 0.000000
v 4.500000 1.200000 0.200000
v 4.482000 1.200000 0.200000
v 4.482000 0.750000 0.165000
v 4.500000 0.750000 0.165000
v 4.500000 0.750000 0.235000
v 4.482000 0.750000 0.235000
v 4.482000 1.200000 0.165000
v 4.500000 1.200000 0.165000
v 4.500000 1.200000 0.235000
v 4.482000 1.200000 0.235000
v 4.482000 0.750000 0.200000
v 4.500000 0.750000 0.200000
v 4.500000 0.750000 0.400000
v 4.482000 0.750000 0.400000
v 4.482000 1.200000 0.200000
v 4.500000 1.200000 0.200000
v 4.500000 1.200000 0.400000
v 4.482000 1.200000 0.400000
v 4.482000 0.750000 0.365000
v 4.500000 0.750000 0.365000
v 4.500000 0.750000 0.435000
v 4.482000 0.750000 0.435000
v 4.482000 1.200000 0.365000
v 4.500000 1.200000 0.365000
v 4.500000 1.200000 0.435000
v 4.482000 1.200000 0.435000
v 4.482000 -1.200000 0.400000
v 4.500000 -1.200000 0.400000
v 4.500000 -1.200000 0.600000
v 4.482000 -1.200000 0.600000
v 4.482000 1.200000 0.400000
v 4.500000 1.200000 0.400000
v 4.500000 1.200000 0.600000
v 4.482000 1.200000 0.600000
v 4.482000 -1.200000 0.565000
v 4.500000 -1.200000 0.565000
v 4.500000 -1.200000 0.635000
v 4.482000 -1.200000 0.635000
v 4.482000 1.200000 0.565000
v 4.500000 1.200000 0.565000
v 4.500000 1.200000 0.635000
v 4.482000 1.200000 0.635000
v 4.482000 -1.200000 0.600000
v 4.500000 -1.200000 0.600000
v 4.500000 -1.200000 0.800000
v 4.482000 -1.200000 0.800000
v 4.482000 1.200000 0.600000
v 4.500000 1.200000 0.600000
v 4.500000 1.200000 0.800000
v 4.482000 1.200000 0.800000
v 4.482000 -1.200000 0.765000
v 4.500000 -1.200000 0.765000
v 4.500000 -1.200000 0.835000
v 4.482000 -1.200000 0.835000
v 4.482000 1.200000 0.765000
v 4.500000 1.200000 0.765000
v 4.500000 1.200000 0.835000
v 4.482000 1.200000 0.835000
v 4.482000 -1.200000 0.800000
v 4.500000 -1.200000 0.800000
v 4.500000 -1.200000 1.000000
v 4.482000 -1.200000 1.000000
v 4.482000 1.200000 0.800000
v 4.500000 1.200000 0.800000
v 4.500000 1.200000 1.000000
v 4.482000 1.200000 1.000000
v 4.482000 -1.200000 0.965000
v 4.500000 -1.200000 0.965000
v 4.500000 -1.200000 1.035000
v 4.482000 -1.200000 1.035000
v 4.482000 1.200000 0.965000
v 4.500000 1.200000 0.965000
v 4.500000 1.200000 1.035000
v 4.482000 1.200000 1.035000
v 4.482000 -1.200000 1.000000
v 4.500000 -1.200000 1.000000
v 4.500000 -1.200000 1.200000
v 4.482000 -1.200000 1.200000
v 4.482000 1.200000 1.000000
v 4.500000 1.200000 1.000000
v 4.500000 1.200000 1.200000
v 4.482000 1.200000 1.200000
v 4.482000 -1.200000 1.165000
v 4.500000 -1.200000 1.165000
v 4.500000 -1.200000 1.235000
v 4.482000 -1.200000 1.235000
v 4.482000 1.200000 1.165000
v 4.500000 1.200000 1.165000
v 4.500000 1.200000 1.235000
v 4.482000 1.200000 1.235000
v 4.482000 -1.200000 1.200000
v 4.500000 -1.200000 1.200000
v 4.500000 -1.200000 1.400000
v 4.482000 -1.200000 1.400000
v 4.482000 1.200000 1.200000
v 4.500000 1.200000 1.200000
v 4.500000 1.200000 1.400000
v 4.482000 1.200000 1.400000
v 4.482000 -1.200000 1.365000
v 4.500000 -1.200000 1.365000
v 4.500000 -1.200000 1.435000
v 4.482000 -1.200000 1.435000
v 4.482000 1.200000 1.365000
v 4.500000 1.200000 1.365000
v 4.500000 1.200000 1.435000
v 4.482000 1.200000 1.435000
v 4.482000 -1.200000 1.400000
v 4.500000 -1.200000 1.400000
v 4.500000 -1.200000 1.600000
v 4.482000 -1.200000 1.600000
v 4.482000 1.200000 1.400000
v 4.500000 1.200000 1.400000
v 4.500000 1.200000 1.600000
v 4.482000 1.200000 1.600000
v 4.482000 -1.200000 1.565000
v 4.500000 -1.200000 1.565000
v 4.500000 -1.200000 1.635000
v 4.482000 -1.200000 1.635000
v 4.482000 1.200000 1.565000
v 4.500000 1.200000 1.565000
v 4.500000 1.200000 1.635000
v 4.482000 1.200000 1.635000
v 4.482000 -1.200000 1.600000
v 4.500000 -1.200000 1.600000
v 4.500000 -1.200000 1.800000
v 4.482000 -1.200000 1.800000
v 4.482000 1.200000 1.600000
v 4.500000 1.200000 1.600000
v 4.500000 1.200000 1.800000
v 4.482000 1.200000 1.800000
v 4.482000 -1.200000 1.765000
v 4.500000 -1.200000 1.765000
v 4.500000 -1.200000 1.835000
v 4.482000 -1.200000 1.835000
v 4.482000 1.200000 1.765000
v 4.500000 1.200000 1.765000
v 4.500000 1.200000 1.835000
v 4.482000 1.200000 1.835000
v 4.482000 -1.200000 1.800000
v 4.500000 -1.200000 1.800000
v 4.500000 -1.200000 2.000000
v 4.482000 -1.200000 2.000000
v 4.482000 1.200000 1.800000
v 4.500000 1.200000 1.800000
v 4.500000 1.200000 2.000000
v 4.482000 1.200000 2.000000
v -4.500000 1.160000 -2.000000
v 4.500000 1.160000 -2.000000
v 4.500000 1.160000 2.000000
v -4.500000 1.160000 2.000000
v -4.500000 1.200000 -2.000000
v 4.500000 1.200000 -2.000000
v 4.500000 1.200000 2.000000
v -4.500000 1.200000 2.000000
vn -0.0000 -1.0000 -0.0000
vn -0.0000 1.0000 -0.0000
vn -0.0000 -0.0000 -1.0000
vn 1.0000 -0.0000 -0.0000
vn -0.0000 -0.0000 1.0000
vn -1.0000 -0.0000 -0.0000
vt -3.564301 1.600000
vt -3.764301 1.600000
vt -3.764301 0.400000
vt -3.564301 0.400000
vt -3.759862 1.600000
vt -3.829863 1.600000
vt -3.829863 0.400000
vt -3.759862 0.400000
vt -3.729953 1.600000
vt -3.929954 1.600000
vt -3.929954 0.400000
vt -3.729953 0.400000
vt -3.777294 1.600000
vt -3.847294 1.600000
vt -3.847294 0.400000
vt -3.777294 0.400000
vt -3.498621 1.600000
vt -3.698621 1.600000
vt -3.698621 0.400000
vt -3.498621 0.400000
vt -3.210674 1.600000
vt -3.280674 1.600000
vt -3.280674 0.400000
vt -3.210674 0.400000
vt -3.596732 1.600000
vt -3.796732 1.600000
vt -3.796732 0.400000
vt -3.596732 0.400000
vt -3.455234 1.600000
vt -3.525234 1.600000
vt -3.525234 0.400000
vt -3.455234 0.400000
vt -3.008127 1.600000
vt -3.208127 1.600000
vt -3.208127 0.400000
vt -3.008127 0.400000
vt -3.451427 1.600000
vt -3.521428 1.600000
vt -3.521428 0.400000
vt -3.451427 0.400000
vt -2.860636 1.600000
vt -3.060636 1.600000
vt -3.060636 0.400000
vt -2.860636 0.400000
vt -2.850359 1.600000
vt -2.920359 1.600000
vt -2.920359 0.400000
vt -2.850359 0.400000
vt -2.150680 1.600000
vt -2.350680 1.600000
vt -2.350680 0.400000
vt -2.150680 0.400000
vt -2.572788 1.600000
vt -2.642787 1.600000
vt -2.642787 0.400000
vt -2.572788 0.400000
vt -2.478058 1.600000
vt -2.678058 1.600000
vt -2.678058 0.400000
vt -2.478058 0.400000
vt -2.397713 1.600000
vt -2.467713 1.600000
vt -2.467713 0.400000
vt -2.397713 0.400000
vt -2.488388 1.600000
vt -2.688388 1.600000
vt -2.688388 0.400000
vt -2.488388 0.400000
vt -2.484090 1.600000
vt -2.554090 1.600000
vt -2.554090 0.400000
vt -2.484090 0.400000
vt -1.886754 1.600000
vt -2.086754 1.600000
vt -2.086754 0.400000
vt -1.886754 0.400000
vt -1.824951 1.600000
vt -1.894951 1.600000
vt -1.894951 0.400000
vt -1.824951 0.400000
vt -1.317713 1.600000
vt -1.517713 1.600000
vt -1.517713 0.400000
vt -1.317713 0.400000
vt -1.682022 1.600000
vt -1.752022 1.600000
vt -1.752022 0.400000
vt -1.682022 0.400000
vt -1.729104 1.600000
vt -1.929104 1.600000
vt -1.929104 0.400000
vt -1.729104 0.400000
vt -1.175895 1.600000
vt -1.245895 1.600000
vt -1.245895 0.400000
vt -1.175895 0.400000
vt -1.674963 1.600000
vt -1.874963 1.600000
vt -1.874963 0.400000
vt -1.674963 0.400000
vt -1.536871 1.600000
vt -1.606871 1.600000
vt -1.606871 0.400000
vt -1.536871 0.400000
vt -0.991402 1.600000
vt -1.191402 1.600000
vt -1.191402 0.400000
vt -0.991402 0.400000
vt -1.179803 1.600000
vt -1.249803 1.600000
vt -1.249803 0.400000
vt -1.179803 0.400000
vt -1.023422 1.600000
vt -1.223422 1.600000
vt -1.223422 0.400000
vt -1.023422 0.400000
vt -0.877614 1.600000
vt -0.947614 1.600000
vt -0.947614 0.400000
vt -0.877614 0.400000
vt -0.715397 1.600000
vt -0.915397 1.600000
vt -0.915397 0.400000
vt -0.715397 0.400000
vt -0.997579 1.600000
vt -1.067579 1.600000
vt -1.067579 0.400000
vt -0.997579 0.400000
vt -1.028380 1.600000
vt -1.228380 1.600000
vt -1.228380 0.400000
vt -1.028380 0.400000
vt -0.157076 1.600000
vt -0.227076 1.600000
vt -0.227076 0.400000
vt -0.157076 0.400000
vt 0.061638 1.600000
vt -0.138362 1.600000
vt -0.138362 0.400000
vt 0.061638 0.400000
vt 0.123806 1.600000
vt 0.053806 1.600000
vt 0.053806 0.400000
vt 0.123806 0.400000
vt -0.326296 1.600000
vt -0.526296 1.600000
vt -0.526296 0.400000
vt -0.326296 0.400000
vt 0.021583 1.600000
vt -0.048417 1.600000
vt -0.048417 0.400000
vt 0.021583 0.400000
vt -0.017920 1.600000
vt -0.217920 1.600000
vt -0.217920 0.400000
vt -0.017920 0.400000
vt 0.257442 1.600000
vt 0.187442 1.600000
vt 0.187442 0.400000
vt 0.257442 0.400000
vt 0.305649 1.600000
vt 0.105649 1.600000
vt 0.105649 0.400000
vt 0.305649 0.400000
vt -0.264203 1.600000
vt -0.334203 1.600000
vt -0.334203 0.400000
vt -0.264203 0.400000
vt 0.002112 1.600000
vt -0.197888 1.600000
vt -0.197888 0.400000
vt 0.002112 0.400000
vt 0.731901 1.600000
vt 0.661901 1.600000
vt 0.661901 0.400000
vt 0.731901 0.400000
vt 0.473352 1.600000
vt 0.273353 1.600000
vt 0.273353 0.400000
vt 0.473352 0.400000
vt 0.150700 1.600000
vt 0.080700 1.600000
vt 0.080700 0.400000
vt 0.150700 0.400000
vt 0.828610 1.600000
vt 0.628610 1.600000
vt 0.628610 0.400000
vt 0.828610 0.400000
vt 0.564718 1.600000
vt 0.494718 1.600000
vt 0.494718 0.400000
vt 0.564718 0.400000
vt 0.976704 1.600000
vt 0.776704 1.600000
vt 0.776704 0.400000
vt 0.976704 0.400000
vt 1.221151 1.600000
vt 1.151151 1.600000
vt 1.151151 0.400000
vt 1.221151 0.400000
vt 1.502519 1.600000
vt 1.302519 1.600000
vt 1.302519 0.400000
vt 1.502519 0.400000
vt 0.862648 1.600000
vt 0.792648 1.600000
vt 0.792648 0.400000
vt 0.862648 0.400000
vt 1.001358 1.600000
vt 0.801358 1.600000
vt 0.801358 0.400000
vt 1.001358 0.400000
vt 1.907435 1.600000
vt 1.837435 1.600000
vt 1.837435 0.400000
vt 1.907435 0.400000
vt 1.972460 1.600000
vt 1.772460 1.600000
vt 1.772460 0.400000
vt 1.972460 0.400000
vt 1.157491 1.600000
vt 1.087491 1.600000
vt 1.087491 0.400000
vt 1.157491 0.400000
vt 2.285118 1.600000
vt 2.085118 1.600000
vt 2.085118 0.400000
vt 2.285118 0.400000
vt 1.623383 1.600000
vt 1.553383 1.600000
vt 1.553383 0.400000
vt 1.623383 0.400000
vt 2.002323 1.600000
vt 1.802323 1.600000
vt 1.802323 0.400000
vt 2.002323 0.400000
vt 2.146199 1.600000
vt 2.076200 1.600000
vt 2.076200 0.400000
vt 2.146199 0.400000
vt 2.352674 1.600000
vt 2.152674 1.600000
vt 2.152674 0.400000
vt 2.352674 0.400000
vt 2.135659 1.600000
vt 2.065659 1.600000
vt 2.065659 0.400000
vt 2.135659 0.400000
vt 2.256596 1.600000
vt 2.056596 1.600000
vt 2.056596 0.400000
vt 2.256596 0.400000
vt 2.804038 1.600000
vt 2.734038 1.600000
vt 2.734038 0.400000
vt 2.804038 0.400000
vt 2.412453 1.600000
vt 2.212453 1.600000
vt 2.212453 0.400000
vt 2.412453 0.400000
vt 2.632981 1.600000
vt 2.562981 1.600000
vt 2.562981 0.400000
vt 2.632981 0.400000
vt 2.907174 1.600000
vt 2.707174 1.600000
vt 2.707174 0.400000
vt 2.907174 0.400000
vt 2.339541 1.600000
vt 2.269541 1.600000
vt 2.269541 0.400000
vt 2.339541 0.400000
vt 3.009335 1.600000
vt 2.809335 1.600000
vt 2.809335 0.400000
vt 3.009335 0.400000
vt 3.184000 1.600000
vt 3.114000 1.600000
vt 3.114000 0.400000
vt 3.184000 0.400000
vt 3.605407 1.600000
vt 3.405407 1.600000
vt 3.405407 0.400000
vt 3.605407 0.400000
vt 2.960013 1.600000
vt 2.890013 1.600000
vt 2.890013 0.400000
vt 2.960013 0.400000
vt 3.026964 1.600000
vt 2.826964 1.600000
vt 2.826964 0.400000
vt 3.026964 0.400000
vt 3.302613 1.600000
vt 3.232613 1.600000
vt 3.232613 0.400000
vt 3.302613 0.400000
vt 3.163129 1.600000
vt 2.963130 1.600000
vt 2.963130 0.400000
vt 3.163129 0.400000
vt 3.916332 1.600000
vt 3.846332 1.600000
vt 3.846332 0.400000
vt 3.916332 0.400000
vt 4.133432 1.600000
vt 3.933432 1.600000
vt 3.933432 0.400000
vt 4.133432 0.400000
vt 3.839441 1.600000
vt 3.769441 1.600000
vt 3.769441 0.400000
vt 3.839441 0.400000
vt 3.786423 1.600000
vt 3.586423 1.600000
vt 3.586423 0.400000
vt 3.786423 0.400000
vt 3.795793 1.600000
vt 3.725792 1.600000
vt 3.725792 0.400000
vt 3.795793 0.400000
vt 4.264067 1.600000
vt 4.064067 1.600000
vt 4.064067 0.400000
vt 4.264067 0.400000
vt 3.918226 1.600000
vt 3.848227 1.600000
vt 3.848227 0.400000
vt 3.918226 0.400000
vt 4.205870 1.600000
vt 4.005869 1.600000
vt 4.005869 0.400000
vt 4.205870 0.400000
vt 4.531751 1.600000
vt 4.461751 1.600000
vt 4.461751 0.400000
vt 4.531751 0.400000
vt 4.235078 1.600000
vt 4.035079 1.600000
vt 4.035079 0.400000
vt 4.235078 0.400000
vt 4.135914 1.600000
vt 4.065914 1.600000
vt 4.065914 0.400000
vt 4.135914 0.400000
vt 4.547030 1.600000
vt 4.347030 1.600000
vt 4.347030 0.400000
vt 4.547030 0.400000
vt 5.098816 1.600000
vt 5.028816 1.600000
vt 5.028816 0.400000
vt 5.098816 0.400000
vt 5.081814 1.600000
vt 4.881814 1.600000
vt 4.881814 0.400000
vt 5.081814 0.400000
vt -4.089863 1.600000
vt -4.289863 1.600000
vt -4.289863 0.400000
vt -4.089863 0.400000
vt -3.680083 1.600000
vt -3.750083 1.600000
vt -3.750083 0.400000
vt -3.680083 0.400000
vt -3.472663 1.600000
vt -3.672663 1.600000
vt -3.672663 0.400000
vt -3.472663 0.400000
vt -3.749623 1.600000
vt -3.819623 1.600000
vt -3.819623 0.400000
vt -3.749623 0.400000
vt -3.797108 1.600000
vt -3.997108 1.600000
vt -3.997108 0.400000
vt -3.797108 0.400000
vt -3.838807 1.600000
vt -3.908807 1.600000
vt -3.908807 0.400000
vt -3.838807 0.400000
vt -2.784065 1.600000
vt -2.984065 1.600000
vt -2.984065 0.400000
vt -2.784065 0.400000
vt -2.973646 1.600000
vt -3.043646 1.600000
vt -3.043646 0.400000
vt -2.973646 0.400000
vt -3.185876 1.600000
vt -3.385876 1.600000
vt -3.385876 0.400000
vt -3.185876 0.400000
vt -2.802143 1.600000
vt -2.872143 1.600000
vt -2.872143 0.400000
vt -2.802143 0.400000
vt -2.514162 1.600000
vt -2.714162 1.600000
vt -2.714162 0.400000
vt -2.514162 0.400000
vt -3.180606 1.600000
vt -3.250606 1.600000
vt -3.250606 0.400000
vt -3.180606 0.400000
vt -2.836013 1.600000
vt -3.036013 1.600000
vt -3.036013 0.400000
vt -2.836013 0.400000
vt -2.823830 1.600000
vt -2.893830 1.600000
vt -2.893830 0.400000
vt -2.823830 0.400000
vt -1.954246 1.600000
vt -2.154246 1.600000
vt -2.154246 0.400000
vt -1.954246 0.400000
vt -2.802593 1.600000
vt -2.872593 1.600000
vt -2.872593 0.400000
vt -2.802593 0.400000
vt -2.242474 1.600000
vt -2.442474 1.600000
vt -2.442474 0.400000
vt -2.242474 0.400000
vt -1.775445 1.600000
vt -1.845445 1.600000
vt -1.845445 0.400000
vt -1.775445 0.400000
vt -1.688951 1.600000
vt -1.888951 1.600000
vt -1.888951 0.400000
vt -1.688951 0.400000
vt -1.710881 1.600000
vt -1.780881 1.600000
vt -1.780881 0.400000
vt -1.710881 0.400000
vt -1.439465 1.600000
vt -1.639465 1.600000
vt -1.639465 0.400000
vt -1.439465 0.400000
vt -2.115763 1.600000
vt -2.185763 1.600000
vt -2.185763 0.400000
vt -2.115763 0.400000
vt -1.444029 1.600000
vt -1.644029 1.600000
vt -1.644029 0.400000
vt -1.444029 0.400000
vt -2.061269 1.600000
vt -2.131269 1.600000
vt -2.131269 0.400000
vt -2.061269 0.400000
vt -1.829670 1.600000
vt -2.029670 1.600000
vt -2.029670 0.400000
vt -1.829670 0.400000
vt -1.213627 1.600000
vt -1.283627 1.600000
vt -1.283627 0.400000
vt -1.213627 0.400000
vt -1.467339 1.600000
vt -1.667339 1.600000
vt -1.667339 0.400000
vt -1.467339 0.400000
vt -1.258556 1.600000
vt -1.328556 1.600000
vt -1.328556 0.400000
vt -1.258556 0.400000
vt -0.999800 1.600000
vt -1.199800 1.600000
vt -1.199800 0.400000
vt -0.999800 0.400000
vt -1.180597 1.600000
vt -1.250597 1.600000
vt -1.250597 0.400000
vt -1.180597 0.400000
vt -0.474273 1.600000
vt -0.674273 1.600000
vt -0.674273 0.400000
vt -0.474273 0.400000
vt -0.446409 1.600000
vt -0.516409 1.600000
vt -0.516409 0.400000
vt -0.446409 0.400000
vt -0.803728 1.600000
vt -1.003728 1.600000
vt -1.003728 0.400000
vt -0.803728 0.400000
vt -0.869605 1.600000
vt -0.939605 1.600000
vt -0.939605 0.400000
vt -0.869605 0.400000
vt -0.688900 1.600000
vt -0.888900 1.600000
vt -0.888900 0.400000
vt -0.688900 0.400000
vt -0.428874 1.600000
vt -0.498874 1.600000
vt -0.498874 0.400000
vt -0.428874 0.400000
vt -0.494440 1.600000
vt -0.694440 1.600000
vt -0.694440 0.400000
vt -0.494440 0.400000
vt -0.195874 1.600000
vt -0.265874 1.600000
vt -0.265874 0.400000
vt -0.195874 0.400000
vt -0.012053 1.600000
vt -0.212053 1.600000
vt -0.212053 0.400000
vt -0.012053 0.400000
vt -0.429774 1.600000
vt -0.499774 1.600000
vt -0.499774 0.400000
vt -0.429774 0.400000
vt -0.186076 1.600000
vt -0.386076 1.600000
vt -0.386076 0.400000
vt -0.186076 0.400000
vt 0.563638 1.600000
vt 0.493638 1.600000
vt 0.493638 0.400000
vt 0.563638 0.400000
vt 0.152375 1.600000
vt -0.047625 1.600000
vt -0.047625 0.400000
vt 0.152375 0.400000
vt 0.403754 1.600000
vt 0.333754 1.600000
vt 0.333754 0.400000
vt 0.403754 0.400000
vt 0.572706 1.600000
vt 0.372706 1.600000
vt 0.372706 0.400000
vt 0.572706 0.400000
vt 0.336038 1.600000
vt 0.266038 1.600000
vt 0.266038 0.400000
vt 0.336038 0.400000
vt 0.381684 1.600000
vt 0.181684 1.600000
vt 0.181684 0.400000
vt 0.381684 0.400000
vt 0.347322 1.600000
vt 0.277322 1.600000
vt 0.277322 0.400000
vt 0.347322 0.400000
vt 0.832791 1.600000
vt 0.632791 1.600000
vt 0.632791 0.400000
vt 0.832791 0.400000
vt 1.027276 1.600000
vt 0.957276 1.600000
vt 0.957276 0.400000
vt 1.027276 0.400000
vt 1.497918 1.600000
vt 1.297918 1.600000
vt 1.297918 0.400000
vt 1.497918 0.400000
vt 1.388724 1.600000
vt 1.318724 1.600000
vt 1.318724 0.400000
vt 1.388724 0.400000
vt 1.104832 1.600000
vt 0.904832 1.600000
vt 0.904832 0.400000
vt 1.104832 0.400000
vt 1.349661 1.600000
vt 1.279661 1.600000
vt 1.279661 0.400000
vt 1.349661 0.400000
vt 1.579461 1.600000
vt 1.379461 1.600000
vt 1.379461 0.400000
vt 1.579461 0.400000
vt 2.054475 1.600000
vt 1.984475 1.600000
vt 1.984475 0.400000
vt 2.054475 0.400000
vt 1.764405 1.600000
vt 1.564406 1.600000
vt 1.564406 0.400000
vt 1.764405 0.400000
vt 2.045857 1.600000
vt 1.975857 1.600000
vt 1.975857 0.400000
vt 2.045857 0.400000
vt 2.189431 1.600000
vt 1.989431 1.600000
vt 1.989431 0.400000
vt 2.189431 0.400000
vt 1.867205 1.600000
vt 1.797205 1.600000
vt 1.797205 0.400000
vt 1.867205 0.400000
vt 2.220831 1.600000
vt 2.020831 1.600000
vt 2.020831 0.400000
vt 2.220831 0.400000
vt 2.353122 1.600000
vt 2.283122 1.600000
vt 2.283122 0.400000
vt 2.353122 0.400000
vt 2.789619 1.600000
vt 2.589619 1.600000
vt 2.589619 0.400000
vt 2.789619 0.400000
vt 2.027666 1.600000
vt 1.957666 1.600000
vt 1.957666 0.400000
vt 2.027666 0.400000
vt 2.568419 1.600000
vt 2.368419 1.600000
vt 2.368419 0.400000
vt 2.568419 0.400000
vt 3.051520 1.600000
vt 2.981520 1.600000
vt 2.981520 0.400000
vt 3.051520 0.400000
vt 2.808728 1.600000
vt 2.608728 1.600000
vt 2.608728 0.400000
vt 2.808728 0.400000
vt 2.415103 1.600000
vt 2.345103 1.600000
vt 2.345103 0.400000
vt 2.415103 0.400000
vt 2.938887 1.600000
vt 2.738887 1.600000
vt 2.738887 0.400000
vt 2.938887 0.400000
vt 2.939878 1.600000
vt 2.869878 1.600000
vt 2.869878 0.400000
vt 2.939878 0.400000
vt 3.333656 1.600000
vt 3.133656 1.600000
vt 3.133656 0.400000
vt 3.333656 0.400000
vt 3.499724 1.600000
vt 3.429724 1.600000
vt 3.429724 0.400000
vt 3.499724 0.400000
vt 3.273698 1.600000
vt 3.073698 1.600000
vt 3.073698 0.400000
vt 3.273698 0.400000
vt 3.083218 1.600000
vt 3.013218 1.600000
vt 3.013218 0.400000
vt 3.083218 0.400000
vt 3.892579 1.600000
vt 3.692579 1.600000
vt 3.692579 0.400000
vt 3.892579 0.400000
vt 3.261039 1.600000
vt 3.191039 1.600000
vt 3.191039 0.400000
vt 3.261039 0.400000
vt 3.735071 1.600000
vt 3.535071 1.600000
vt 3.535071 0.400000
vt 3.735071 0.400000
vt 3.675432 1.600000
vt 3.605432 1.600000
vt 3.605432 0.400000
vt 3.675432 0.400000
vt 4.298575 1.600000
vt 4.098575 1.600000
vt 4.098575 0.400000
vt 4.298575 0.400000
vt 3.705799 1.600000
vt 3.635799 1.600000
vt 3.635799 0.400000
vt 3.705799 0.400000
vt 4.474415 1.600000
vt 4.274415 1.600000
vt 4.274415 0.400000
vt 4.474415 0.400000
vt 3.860933 1.600000
vt 3.790933 1.600000
vt 3.790933 0.400000
vt 3.860933 0.400000
vt 4.022553 1.600000
vt 3.822553 1.600000
vt 3.822553 0.400000
vt 4.022553 0.400000
vt 4.079308 1.600000
vt 4.009308 1.600000
vt 4.009308 0.400000
vt 4.079308 0.400000
vt 4.976932 1.600000
vt 4.776932 1.600000
vt 4.776932 0.400000
vt 4.976932 0.400000
vt 4.359050 1.600000
vt 4.289050 1.600000
vt 4.289050 0.400000
vt 4.359050 0.400000
vt 5.064223 1.600000
vt 4.864223 1.600000
vt 4.864223 0.400000
vt 5.064223 0.400000
vt 4.363829 1.600000
vt 4.293828 1.600000
vt 4.293828 0.400000
vt 4.363829 0.400000
vt 4.701145 1.600000
vt 4.501145 1.600000
vt 4.501145 0.400000
vt 4.701145 0.400000
vt -1.300104 1.600000
vt -1.100104 1.600000
vt -1.100104 0.400000
vt -1.300104 0.400000
vt -1.745136 1.600000
vt -1.675136 1.600000
vt -1.675136 0.400000
vt -1.745136 0.400000
vt -1.377143 1.600000
vt -1.177143 1.600000
vt -1.177143 0.400000
vt -1.377143 0.400000
vt -1.302905 1.600000
vt -1.232906 1.600000
vt -1.232906 0.400000
vt -1.302905 0.400000
vt -0.874518 1.600000
vt -0.674518 1.600000
vt -0.674518 0.400000
vt -0.874518 0.400000
vt -0.829360 1.600000
vt -0.759361 1.600000
vt -0.759361 0.400000
vt -0.829360 0.400000
vt -1.004994 1.600000
vt -0.804994 1.600000
vt -0.804994 0.400000
vt -1.004994 0.400000
vt -0.868041 1.600000
vt -0.798041 1.600000
vt -0.798041 0.400000
vt -0.868041 0.400000
vt -0.525194 1.600000
vt -0.325194 1.600000
vt -0.325194 0.400000
vt -0.525194 0.400000
vt -0.899788 1.600000
vt -0.829788 1.600000
vt -0.829788 0.400000
vt -0.899788 0.400000
vt -0.593754 1.600000
vt -0.393754 1.600000
vt -0.393754 0.400000
vt -0.593754 0.400000
vt -0.083152 1.600000
vt -0.013152 1.600000
vt -0.013152 0.400000
vt -0.083152 0.400000
vt -0.403318 1.600000
vt -0.203318 1.600000
vt -0.203318 0.400000
vt -0.403318 0.400000
vt -0.264602 1.600000
vt -0.194602 1.600000
vt -0.194602 0.400000
vt -0.264602 0.400000
vt 0.294252 1.600000
vt 0.494253 1.600000
vt 0.494253 0.400000
vt 0.294252 0.400000
vt -0.146486 1.600000
vt -0.076486 1.600000
vt -0.076486 0.400000
vt -0.146486 0.400000
vt -0.390951 1.600000
vt -0.190951 1.600000
vt -0.190951 0.400000
vt -0.390951 0.400000
vt 0.028628 1.600000
vt 0.098628 1.600000
vt 0.098628 0.400000
vt 0.028628 0.400000
vt 0.413621 1.600000
vt 0.613621 1.600000
vt 0.613621 0.400000
vt 0.413621 0.400000
vt 0.494743 1.600000
vt 0.564743 1.600000
vt 0.564743 0.400000
vt 0.494743 0.400000
vt 0.058521 1.600000
vt 0.258521 1.600000
vt 0.258521 0.400000
vt 0.058521 0.400000
vt 0.395949 1.600000
vt 0.465949 1.600000
vt 0.465949 0.400000
vt 0.395949 0.400000
vt 0.525681 1.600000
vt 0.725681 1.600000
vt 0.725681 0.400000
vt 0.525681 0.400000
vt 0.647153 1.600000
vt 0.717153 1.600000
vt 0.717153 0.400000
vt 0.647153 0.400000
vt 0.788914 1.600000
vt 0.988914 1.600000
vt 0.988914 0.400000
vt 0.788914 0.400000
vt 1.199320 1.600000
vt 1.269320 1.600000
vt 1.269320 0.400000
vt 1.199320 0.400000
vt 1.531681 1.600000
vt 1.731681 1.600000
vt 1.731681 0.400000
vt 1.531681 0.400000
vt 1.200185 1.600000
vt 1.270185 1.600000
vt 1.270185 0.400000
vt 1.200185 0.400000
vt 1.362513 1.600000
vt 1.562513 1.600000
vt 1.562513 0.400000
vt 1.362513 0.400000
vt 1.476965 1.600000
vt 1.546965 1.600000
vt 1.546965 0.400000
vt 1.476965 0.400000
vt 1.643070 1.600000
vt 1.843070 1.600000
vt 1.843070 0.400000
vt 1.643070 0.400000
vt 1.999993 1.600000
vt 2.069993 1.600000
vt 2.069993 0.400000
vt 1.999993 0.400000
vt 1.377818 1.600000
vt 1.577818 1.600000
vt 1.577818 0.400000
vt 1.377818 0.400000
vt 1.390512 1.600000
vt 1.460512 1.600000
vt 1.460512 0.400000
vt 1.390512 0.400000
vt 1.682650 1.600000
vt 1.882650 1.600000
vt 1.882650 0.400000
vt 1.682650 0.400000
vt 1.987028 1.600000
vt 2.057028 1.600000
vt 2.057028 0.400000
vt 1.987028 0.400000
vt 2.527529 1.600000
vt 2.727530 1.600000
vt 2.727530 0.400000
vt 2.527529 0.400000
vt 2.357685 1.600000
vt 2.427685 1.600000
vt 2.427685 0.400000
vt 2.357685 0.400000
vt 2.110328 1.600000
vt 2.310328 1.600000
vt 2.310328 0.400000
vt 2.110328 0.400000
vt -1.648978 1.600000
vt -1.448978 1.600000
vt -1.448978 0.400000
vt -1.648978 0.400000
vt -1.094483 1.600000
vt -1.024483 1.600000
vt -1.024483 0.400000
vt -1.094483 0.400000
vt -1.625709 1.600000
vt -1.425709 1.600000
vt -1.425709 0.400000
vt -1.625709 0.400000
vt -0.967761 1.600000
vt -0.897761 1.600000
vt -0.897761 0.400000
vt -0.967761 0.400000
vt -1.287833 1.600000
vt -1.087833 1.600000
vt -1.087833 0.400000
vt -1.287833 0.400000
vt -0.583481 1.600000
vt -0.513481 1.600000
vt -0.513481 0.400000
vt -0.583481 0.400000
vt -0.715745 1.600000
vt -0.515745 1.600000
vt -0.515745 0.400000
vt -0.715745 0.400000
vt -1.203035 1.600000
vt -1.133035 1.600000
vt -1.133035 0.400000
vt -1.203035 0.400000
vt -0.427808 1.600000
vt -0.227808 1.600000
vt -0.227808 0.400000
vt -0.427808 0.400000
vt -0.892669 1.600000
vt -0.822670 1.600000
vt -0.822670 0.400000
vt -0.892669 0.400000
vt -0.008549 1.600000
vt 0.191451 1.600000
vt 0.191451 0.400000
vt -0.008549 0.400000
vt -0.252377 1.600000
vt -0.182377 1.600000
vt -0.182377 0.400000
vt -0.252377 0.400000
vt -0.445866 1.600000
vt -0.245867 1.600000
vt -0.245867 0.400000
vt -0.445866 0.400000
vt -0.036775 1.600000
vt 0.033225 1.600000
vt 0.033225 0.400000
vt -0.036775 0.400000
vt -0.117923 1.600000
vt 0.082077 1.600000
vt 0.082077 0.400000
vt -0.117923 0.400000
vt 0.423560 1.600000
vt 0.493560 1.600000
vt 0.493560 0.400000
vt 0.423560 0.400000
vt -0.325488 0.625000
vt -0.125488 0.625000
vt -0.125488 0.400000
vt -0.325488 0.400000
vt -0.011642 0.625000
vt 0.058358 0.625000
vt 0.058358 0.400000
vt -0.011642 0.400000
vt 0.451334 0.625000
vt 0.651334 0.625000
vt 0.651334 0.400000
vt 0.451334 0.400000
vt 0.780404 0.625000
vt 0.850404 0.625000
vt 0.850404 0.400000
vt 0.780404 0.400000
vt 0.656689 0.625000
vt 0.856689 0.625000
vt 0.856689 0.400000
vt 0.656689 0.400000
vt 0.423907 0.625000
vt 0.493907 0.625000
vt 0.493907 0.400000
vt 0.423907 0.400000
vt 0.893146 0.625000
vt 1.093146 0.625000
vt 1.093146 0.400000
vt 0.893146 0.400000
vt 1.032230 0.625000
vt 1.102230 0.625000
vt 1.102230 0.400000
vt 1.032230 0.400000
vt 1.039143 1.600000
vt 1.239143 1.600000
vt 1.239143 0.400000
vt 1.039143 0.400000
vt 0.612698 1.600000
vt 0.682698 1.600000
vt 0.682698 0.400000
vt 0.612698 0.400000
vt 1.156678 1.600000
vt 1.356678 1.600000
vt 1.356678 0.400000
vt 1.156678 0.400000
vt 1.374581 1.600000
vt 1.444581 1.600000
vt 1.444581 0.400000
vt 1.374581 0.400000
vt 1.297417 1.600000
vt 1.497417 1.600000
vt 1.497417 0.400000
vt 1.297417 0.400000
vt 1.354058 1.600000
vt 1.424058 1.600000
vt 1.424058 0.400000
vt 1.354058 0.400000
vt 1.438401 1.600000
vt 1.638401 1.600000
vt 1.638401 0.400000
vt 1.438401 0.400000
vt 1.182099 1.600000
vt 1.252099 1.600000
vt 1.252099 0.400000
vt 1.182099 0.400000
vt 1.698490 1.600000
vt 1.898490 1.600000
vt 1.898490 0.400000
vt 1.698490 0.400000
vt 2.092666 1.600000
vt 2.162666 1.600000
vt 2.162666 0.400000
vt 2.092666 0.400000
vt 1.578456 1.600000
vt 1.778456 1.600000
vt 1.778456 0.400000
vt 1.578456 0.400000
vt 1.774519 1.600000
vt 1.844519 1.600000
vt 1.844519 0.400000
vt 1.774519 0.400000
vt 2.106318 1.600000
vt 2.306319 1.600000
vt 2.306319 0.400000
vt 2.106318 0.400000
vt 1.785122 1.600000
vt 1.855122 1.600000
vt 1.855122 0.400000
vt 1.785122 0.400000
vt 2.330063 1.600000
vt 2.530063 1.600000
vt 2.530063 0.400000
vt 2.330063 0.400000
vt 4.500000 0.420000
vt -4.500000 0.420000
vt -4.500000 0.400000
vt 4.500000 0.400000
f 2/1/1 4/2/1 1/2/1
f 8/3/2 6/4/2 5/3/2
f 5/3/3 2/1/3 1/2/3
f 6/4/4 3/1/4 2/1/4
f 7/4/5 4/2/5 3/1/5
f 8/3/6 1/2/6 4/2/6
f 10/5/1 12/6/1 9/6/1
f 16/7/2 14/8/2 13/7/2
f 13/7/3 10/5/3 9/6/3
f 14/8/4 11/5/4 10/5/4
f 15/8/5 12/6/5 11/5/5
f 16/7/6 9/6/6 12/6/6
f 18/9/1 20/10/1 17/10/1
f 24/11/2 22/12/2 21/11/2
f 21/11/3 18/9/3 17/10/3
f 22/12/4 19/9/4 18/9/4
f 23/12/5 20/10/5 19/9/5
f 24/11/6 17/10/6 20/10/6
f 26/13/1 28/14/1 25/14/1
f 32/15/2 30/16/2 29/15/2
f 29/15/3 26/13/3 25/14/3
f 30/16/4 27/13/4 26/13/4
f 31/16/5 28/14/5 27/13/5
f 32/15/6 25/14/6 28/14/6
f 34/17/1 36/18/1 33/18/1
f 40/19/2 38/20/2 37/19/2
f 37/19/3 34/17/3 33/18/3
f 38/20/4 35/17/4 34/17/4
f 39/20/5 36/18/5 35/17/5
f 40/19/6 33/18/6 36/18/6
f 42/21/1 44/22/1 41/22/1
f 48/23/2 46/24/2 45/23/2
f 45/23/3 42/21/3 41/22/3
f 46/24/4 43/21/4 42/21/4
f 47/24/5 44/22/5 43/21/5
f 48/23/6 41/22/6 44/22/6
f 50/25/1 52/26/1 49/26/1
f 56/27/2 54/28/2 53/27/2
f 53/27/3 50/25/3 49/26/3
f 54/28/4 51/25/4 50/25/4
f 55/28/5 52/26/5 51/25/5
f 56/27/6 49/26/6 52/26/6
f 58/29/1 60/30/1 57/30/1
f 64/31/2 62/32/2 61/31/2
f 61/31/3 58/29/3 57/30/3
f 62/32/4 59/29/4 58/29/4
f 63/32/5 60/30/5 59/29/5
f 64/31/6 57/30/6 60/30/6
f 66/33/1 68/34/1 65/34/1
f 72/35/2 70/36/2 69/35/2
f 69/35/3 66/33/3 65/34/3
f 70/36/4 67/33/4 66/33/4
f 71/36/5 68/34/5 67/33/5
f 72/35/6 65/34/6 68/34/6
f 74/37/1 76/38/1 73/38/1
f 80/39/2 78/40/2 77/39/2
f 77/39/3 74/37/3 73/38/3
f 78/40/4 75/37/4 74/37/4
f 79/40/5 76/38/5 75/37/5
f 80/39/6 73/38/6 76/38/6
f 82/41/1 84/42/1 81/42/1
f 88/43/2 86/44/2 85/43/2
f 85/43/3 82/41/3 81/42/3
f 86/44/4 83/41/4 82/41/4
f 87/44/5 84/42/5 83/41/5
f 88/43/6 81/42/6 84/42/6
f 90/45/1 92/46/1 89/46/1
f 96/47/2 94/48/2 93/47/2
f 93/47/3 90/45/3 89/46/3
f 94/48/4 91/45/4 90/45/4
f 95/48/5 92/46/5 91/45/5
f 96/47/6 89/46/6 92/46/6
f 98/49/1 100/50/1 97/50/1
f 104/51/2 102/52/2 101/51/2
f 101/51/3 98/49/3 97/50/3
f 102/52/4 99/49/4 98/49/4
f 103/52/5 100/50/5 99/49/5
f 104/51/6 97/50/6 100/50/6
f 106/53/1 108/54/1 105/54/1
f 112/55/2 110/56/2 109/55/2
f 109/55/3 106/53/3 105/54/3
f 110/56/4 107/53/4 106/53/4
f 111/56/5 108/54/5 107/53/5
f 112/55/6 105/54/6 108/54/6
f 114/57/1 116/58/1 113/58/1
f 120/59/2 118/60/2 117/59/2
f 117/59/3 114/57/3 113/58/3
f 118/60/4 115/57/4 114/57/4
f 119/60/5 116/58/5 115/57/5
f 120/59/6 113/58/6 116/58/6
f 122/61/1 124/62/1 121/62/1
f 128/63/2 126/64/2 125/63/2
f 125/63/3 122/61/3 121/62/3
f 126/64/4 123/61/4 122/61/4
f 127/64/5 124/62/5 123/61/5
f 128/63/6 121/62/6 124/62/6
f 130/65/1 132/66/1 129/66/1
f 136/67/2 134/68/2 133/67/2
f 133/67/3 130/65/3 129/66/3
f 134/68/4 131/65/4 130/65/4
f 135/68/5 132/66/5 131/65/5
f 136/67/6 129/66/6 132/66/6
f 138/69/1 140/70/1 137/70/1
f 144/71/2 142/72/2 141/71/2
f 141/71/3 138/69/3 137/70/3
f 142/72/4 139/69/4 138/69/4
f 143/72/5 140/70/5 139/69/5
f 144/71/6 137/70/6 140/70/6
f 146/73/1 148/74/1 145/74/1
f 152/75/2 150/76/2 149/75/2
f 149/75/3 146/73/3 145/74/3
f 150/76/4 147/73/4 146/73/4
f 151/76/5 148/74/5 147/73/5
f 152/75/6 145/74/6 148/74/6
f 154/77/1 156/78/1 153/78/1
f 160/79/2 158/80/2 157/79/2
f 157/79/3 154/77/3 153/78/3
f 158/80/4 155/77/4 154/77/4
f 159/80/5 156/78/5 155/77/5
f 160/79/6 153/78/6 156/78/6
f 162/81/1 164/82/1 161/82/1
f 168/83/2 166/84/2 165/83/2
f 165/83/3 162/81/3 161/82/3
f 166/84/4 163/81/4 162/81/4
f 167/84/5 164/82/5 163/81/5
f 168/83/6 161/82/6 164/82/6
f 170/85/1 172/86/1 169/86/1
f 176/87/2 174/88/2 173/87/2
f 173/87/3 170/85/3 169/86/3
f 174/88/4 171/85/4 170/85/4
f 175/88/5 172/86/5 171/85/5
f 176/87/6 169/86/6 172/86/6
f 178/89/1 180/90/1 177/90/1
f 184/91/2 182/92/2 181/91/2
f 181/91/3 178/89/3 177/90/3
f 182/92/4 179/89/4 178/89/4
f 183/92/5 180/90/5 179/89/5
f 184/91/6 177/90/6 180/90/6
f 186/93/1 188/94/1 185/94/1
f 192/95/2 190/96/2 189/95/2
f 189/95/3 186/93/3 185/94/3
f 190/96/4 187/93/4 186/93/4
f 191/96/5 188/94/5 187/93/5
f 192/95/6 185/94/6 188/94/6
f 194/97/1 196/98/1 193/98/1
f 200/99/2 198/100/2 197/99/2
f 197/99/3 194/97/3 193/98/3
f 198/100/4 195/97/4 194/97/4
f 199/100/5 196/98/5 195/97/5
f 200/99/6 193/98/6 196/98/6
f 202/101/1 204/102/1 201/102/1
f 208/103/2 206/104/2 205/103/2
f 205/103/3 202/101/3 201/102/3
f 206/104/4 203/101/4 202/101/4
f 207/104/5 204/102/5 203/101/5
f 208/103/6 201/102/6 204/102/6
f 210/105/1 212/106/1 209/106/1
f 216/107/2 214/108/2 213/107/2
f 213/107/3 210/105/3 209/106/3
f 214/108/4 211/105/4 210/105/4
f 215/108/5 212/106/5 211/105/5
f 216/107/6 209/106/6 212/106/6
f 218/109/1 220/110/1 217/110/1
f 224/111/2 222/112/2 221/111/2
f 221/111/3 218/109/3 217/110/3
f 222/112/4 219/109/4 218/109/4
f 223/112/5 220/110/5 219/109/5
f 224/111/6 217/110/6 220/110/6
f 226/113/1 228/114/1 225/114/1
f 232/115/2 230/116/2 229/115/2
f 229/115/3 226/113/3 225/114/3
f 230/116/4 227/113/4 226/113/4
f 231/116/5 228/114/5 227/113/5
f 232/115/6 225/114/6 228/114/6
f 234/117/1 236/118/1 233/118/1
f 240/119/2 238/120/2 237/119/2
f 237/119/3 234/117/3 233/118/3
f 238/120/4 235/117/4 234/117/4
f 239/120/5 236/118/5 235/117/5
f 240/119/6 233/118/6 236/118/6
f 242/121/1 244/122/1 241/122/1
f 248/123/2 246/124/2 245/123/2
f 245/123/3 242/121/3 241/122/3
f 246/124/4 243/121/4 242/121/4
f 247/124/5 244/122/5 243/121/5
f 248/123/6 241/122/6 244/122/6
f 250/125/1 252/126/1 249/126/1
f 256/127/2 254/128/2 253/127/2
f 253/127/3 250/125/3 249/126/3
f 254/128/4 251/125/4 250/125/4
f 255/128/5 252/126/5 251/125/5
f 256/127/6 249/126/6 252/126/6
f 258/129/1 260/130/1 257/130/1
f 264/131/2 262/132/2 261/131/2
f 261/131/3 258/129/3 257/130/3
f 262/132/4 259/129/4 258/129/4
f 263/132/5 260/130/5 259/129/5
f 264/131/6 257/130/6 260/130/6
f 266/133/1 268/134/1 265/134/1
f 272/135/2 270/136/2 269/135/2
f 269/135/3 266/133/3 265/134/3
f 270/136/4 267/133/4 266/133/4
f 271/136/5 268/134/5 267/133/5
f 272/135/6 265/134/6 268/134/6
f 274/137/1 276/138/1 273/138/1
f 280/139/2 278/140/2 277/139/2
f 277/139/3 274/137/3 273/138/3
f 278/140/4 275/137/4 274/137/4
f 279/140/5 276/138/5 275/137/5
f 280/139/6 273/138/6 276/138/6
f 282/141/1 284/142/1 281/142/1
f 288/143/2 286/144/2 285/143/2
f 285/143/3 282/141/3 281/142/3
f 286/144/4 283/141/4 282/141/4
f 287/144/5 284/142/5 283/141/5
f 288/143/6 281/142/6 284/142/6
f 290/145/1 292/146/1 289/146/1
f 296/147/2 294/148/2 293/147/2
f 293/147/3 290/145/3 289/146/3
f 294/148/4 291/145/4 290/145/4
f 295/148/5 292/146/5 291/145/5
f 296/147/6 289/146/6 292/146/6
f 298/149/1 300/150/1 297/150/1
f 304/151/2 302/152/2 301/151/2
f 301/151/3 298/149/3 297/150/3
f 302/152/4 299/149/4 298/149/4
f 303/152/5 300/150/5 299/149/5
f 304/151/6 297/150/6 300/150/6
f 306/153/1 308/154/1 305/154/1
f 312/155/2 310/156/2 309/155/2
f 309/155/3 306/153/3 305/154/3
f 310/156/4 307/153/4 306/153/4
f 311/156/5 308/154/5 307/153/5
f 312/155/6 305/154/6 308/154/6
f 314/157/1 316/158/1 313/158/1
f 320/159/2 318/160/2 317/159/2
f 317/159/3 314/157/3 313/158/3
f 318/160/4 315/157/4 314/157/4
f 319/160/5 316/158/5 315/157/5
f 320/159/6 313/158/6 316/158/6
f 322/161/1 324/162/1 321/162/1
f 328/163/2 326/164/2 325/163/2
f 325/163/3 322/161/3 321/162/3
f 326/164/4 323/161/4 322/161/4
f 327/164/5 324/162/5 323/161/5
f 328/163/6 321/162/6 324/162/6
f 330/165/1 332/166/1 329/166/1
f 336/167/2 334/168/2 333/167/2
f 333/167/3 330/165/3 329/166/3
f 334/168/4 331/165/4 330/165/4
f 335/168/5 332/166/5 331/165/5
f 336/167/6 329/166/6 332/166/6
f 338/169/1 340/170/1 337/170/1
f 344/171/2 342/172/2 341/171/2
f 341/171/3 338/169/3 337/170/3
f 342/172/4 339/169/4 338/169/4
f 343/172/5 340/170/5 339/169/5
f 344/171/6 337/170/6 340/170/6
f 346/173/1 348/174/1 345/174/1
f 352/175/2 350/176/2 349/175/2
f 349/175/3 346/173/3 345/174/3
f 350/176/4 347/173/4 346/173/4
f 351/176/5 348/174/5 347/173/5
f 352/175/6 345/174/6 348/174/6
f 354/177/1 356/178/1 353/178/1
f 360/179/2 358/180/2 357/179/2
f 357/179/3 354/177/3 353/178/3
f 358/180/4 355/177/4 354/177/4
f 359/180/5 356/178/5 355/177/5
f 360/179/6 353/178/6 356/178/6
f 362/181/1 364/182/1 361/182/1
f 368/183/2 366/184/2 365/183/2
f 365/183/3 362/181/3 361/182/3
f 366/184/4 363/181/4 362/181/4
f 367/184/5 364/182/5 363/181/5
f 368/183/6 361/182/6 364/182/6
f 370/185/1 372/186/1 369/186/1
f 376/187/2 374/188/2 373/187/2
f 373/187/3 370/185/3 369/186/3
f 374/188/4 371/185/4 370/185/4
f 375/188/5 372/186/5 371/185/5
f 376/187/6 369/186/6 372/186/6
f 378/189/1 380/190/1 377/190/1
f 384/191/2 382/192/2 381/191/2
f 381/191/3 378/189/3 377/190/3
f 382/192/4 379/189/4 378/189/4
f 383/192/5 380/190/5 379/189/5
f 384/191/6 377/190/6 380/190/6
f 386/193/1 388/194/1 385/194/1
f 392/195/2 390/196/2 389/195/2
f 389/195/3 386/193/3 385/194/3
f 390/196/4 387/193/4 386/193/4
f 391/196/5 388/194/5 387/193/5
f 392/195/6 385/194/6 388/194/6
f 394/197/1 396/198/1 393/198/1
f 400/199/2 398/200/2 397/199/2
f 397/199/3 394/197/3 393/198/3
f 398/200/4 395/197/4 394/197/4
f 399/200/5 396/198/5 395/197/5
f 400/199/6 393/198/6 396/198/6
f 402/201/1 404/202/1 401/202/1
f 408/203/2 406/204/2 405/203/2
f 405/203/3 402/201/3 401/202/3
f 406/204/4 403/201/4 402/201/4
f 407/204/5 404/202/5 403/201/5
f 408/203/6 401/202/6 404/202/6
f 410/205/1 412/206/1 409/206/1
f 416/207/2 414/208/2 413/207/2
f 413/207/3 410/205/3 409/206/3
f 414/208/4 411/205/4 410/205/4
f 415/208/5 412/206/5 411/205/5
f 416/207/6 409/206/6 412/206/6
f 418/209/1 420/210/1 417/210/1
f 424/211/2 422/212/2 421/211/2
f 421/211/3 418/209/3 417/210/3
f 422/212/4 419/209/4 418/209/4
f 423/212/5 420/210/5 419/209/5
f 424/211/6 417/210/6 420/210/6
f 426/213/1 428/214/1 425/214/1
f 432/215/2 430/216/2 429/215/2
f 429/215/3 426/213/3 425/214/3
f 430/216/4 427/213/4 426/213/4
f 431/216/5 428/214/5 427/213/5
f 432/215/6 425/214/6 428/214/6
f 434/217/1 436/218/1 433/218/1
f 440/219/2 438/220/2 437/219/2
f 437/219/3 434/217/3 433/218/3
f 438/220/4 435/217/4 434/217/4
f 439/220/5 436/218/5 435/217/5
f 440/219/6 433/218/6 436/218/6
f 442/221/1 444/222/1 441/222/1
f 448/223/2 446/224/2 445/223/2
f 445/223/3 442/221/3 441/222/3
f 446/224/4 443/221/4 442/221/4
f 447/224/5 444/222/5 443/221/5
f 448/223/6 441/222/6 444/222/6
f 450/225/1 452/226/1 449/226/1
f 456/227/2 454/228/2 453/227/2
f 453/227/3 450/225/3 449/226/3
f 454/228/4 451/225/4 450/225/4
f 455/228/5 452/226/5 451/225/5
f 456/227/6 449/226/6 452/226/6
f 458/229/1 460/230/1 457/230/1
f 464/231/2 462/232/2 461/231/2
f 461/231/3 458/229/3 457/230/3
f 462/232/4 459/229/4 458/229/4
f 463/232/5 460/230/5 459/229/5
f 464/231/6 457/230/6 460/230/6
f 466/233/1 468/234/1 465/234/1
f 472/235/2 470/236/2 469/235/2
f 469/235/3 466/233/3 465/234/3
f 470/236/4 467/233/4 466/233/4
f 471/236/5 468/234/5 467/233/5
f 472/235/6 465/234/6 468/234/6
f 474/237/1 476/238/1 473/238/1
f 480/239/2 478/240/2 477/239/2
f 477/239/3 474/237/3 473/238/3
f 478/240/4 475/237/4 474/237/4
f 479/240/5 476/238/5 475/237/5
f 480/239/6 473/238/6 476/238/6
f 482/241/1 484/242/1 481/242/1
f 488/243/2 486/244/2 485/243/2
f 485/243/3 482/241/3 481/242/3
f 486/244/4 483/241/4 482/241/4
f 487/244/5 484/242/5 483/241/5
f 488/243/6 481/242/6 484/242/6
f 490/245/1 492/246/1 489/246/1
f 496/247/2 494/248/2 493/247/2
f 493/247/3 490/245/3 489/246/3
f 494/248/4 491/245/4 490/245/4
f 495/248/5 492/246/5 491/245/5
f 496/247/6 489/246/6 492/246/6
f 498/249/1 500/250/1 497/250/1
f 504/251/2 502/252/2 501/251/2
f 501/251/3 498/249/3 497/250/3
f 502/252/4 499/249/4 498/249/4
f 503/252/5 500/250/5 499/249/5
f 504/251/6 497/250/6 500/250/6
f 506/253/1 508/254/1 505/254/1
f 512/255/2 510/256/2 509/255/2
f 509/255/3 506/253/3 505/254/3
f 510/256/4 507/253/4 506/253/4
f 511/256/5 508/254/5 507/253/5
f 512/255/6 505/254/6 508/254/6
f 514/257/1 516/258/1 513/258/1
f 520/259/2 518/260/2 517/259/2
f 517/259/3 514/257/3 513/258/3
f 518/260/4 515/257/4 514/257/4
f 519/260/5 516/258/5 515/257/5
f 520/259/6 513/258/6 516/258/6
f 522/261/1 524/262/1 521/262/1
f 528/263/2 526/264/2 525/263/2
f 525/263/3 522/261/3 521/262/3
f 526/264/4 523/261/4 522/261/4
f 527/264/5 524/262/5 523/261/5
f 528/263/6 521/262/6 524/262/6
f 530/265/1 532/266/1 529/266/1
f 536/267/2 534/268/2 533/267/2
f 533/267/3 530/265/3 529/266/3
f 534/268/4 531/265/4 530/265/4
f 535/268/5 532/266/5 531/265/5
f 536/267/6 529/266/6 532/266/6
f 538/269/1 540/270/1 537/270/1
f 544/271/2 542/272/2 541/271/2
f 541/271/3 538/269/3 537/270/3
f 542/272/4 539/269/4 538/269/4
f 543/272/5 540/270/5 539/269/5
f 544/271/6 537/270/6 540/270/6
f 546/273/1 548/274/1 545/274/1
f 552/275/2 550/276/2 549/275/2
f 549/275/3 546/273/3 545/274/3
f 550/276/4 547/273/4 546/273/4
f 551/276/5 548/274/5 547/273/5
f 552/275/6 545/274/6 548/274/6
f 554/277/1 556/278/1 553/278/1
f 560/279/2 558/280/2 557/279/2
f 557/279/3 554/277/3 553/278/3
f 558/280/4 555/277/4 554/277/4
f 559/280/5 556/278/5 555/277/5
f 560/279/6 553/278/6 556/278/6
f 562/281/1 564/282/1 561/282/1
f 568/283/2 566/284/2 565/283/2
f 565/283/3 562/281/3 561/282/3
f 566/284/4 563/281/4 562/281/4
f 567/284/5 564/282/5 563/281/5
f 568/283/6 561/282/6 564/282/6
f 570/285/1 572/286/1 569/286/1
f 576/287/2 574/288/2 573/287/2
f 573/287/3 570/285/3 569/286/3
f 574/288/4 571/285/4 570/285/4
f 575/288/5 572/286/5 571/285/5
f 576/287/6 569/286/6 572/286/6
f 578/289/1 580/290/1 577/290/1
f 584/291/2 582/292/2 581/291/2
f 581/291/3 578/289/3 577/290/3
f 582/292/4 579/289/4 578/289/4
f 583/292/5 580/290/5 579/289/5
f 584/291/6 577/290/6 580/290/6
f 586/293/1 588/294/1 585/294/1
f 592/295/2 590/296/2 589/295/2
f 589/295/3 586/293/3 585/294/3
f 590/296/4 587/293/4 586/293/4
f 591/296/5 588/294/5 587/293/5
f 592/295/6 585/294/6 588/294/6
f 594/297/1 596/298/1 593/298/1
f 600/299/2 598/300/2 597/299/2
f 597/299/3 594/297/3 593/298/3
f 598/300/4 595/297/4 594/297/4
f 599/300/5 596/298/5 595/297/5
f 600/299/6 593/298/6 596/298/6
f 602/301/1 604/302/1 601/302/1
f 608/303/2 606/304/2 605/303/2
f 605/303/3 602/301/3 601/302/3
f 606/304/4 603/301/4 602/301/4
f 607/304/5 604/302/5 603/301/5
f 608/303/6 601/302/6 604/302/6
f 610/305/1 612/306/1 609/306/1
f 616/307/2 614/308/2 613/307/2
f 613/307/3 610/305/3 609/306/3
f 614/308/4 611/305/4 610/305/4
f 615/308/5 612/306/5 611/305/5
f 616/307/6 609/306/6 612/306/6
f 618/309/1 620/310/1 617/310/1
f 624/311/2 622/312/2 621/311/2
f 621/311/3 618/309/3 617/310/3
f 622/312/4 619/309/4 618/309/4
f 623/312/5 620/310/5 619/309/5
f 624/311/6 617/310/6 620/310/6
f 626/313/1 628/314/1 625/314/1
f 632/315/2 630/316/2 629/315/2
f 629/315/3 626/313/3 625/314/3
f 630/316/4 627/313/4 626/313/4
f 631/316/5 628/314/5 627/313/5
f 632/315/6 625/314/6 628/314/6
f 634/317/1 636/318/1 633/318/1
f 640/319/2 638/320/2 637/319/2
f 637/319/3 634/317/3 633/318/3
f 638/320/4 635/317/4 634/317/4
f 639/320/5 636/318/5 635/317/5
f 640/319/6 633/318/6 636/318/6
f 642/321/1 644/322/1 641/322/1
f 648/323/2 646/324/2 645/323/2
f 645/323/3 642/321/3 641/322/3
f 646/324/4 643/321/4 642/321/4
f 647/324/5 644/322/5 643/321/5
f 648/323/6 641/322/6 644/322/6
f 650/325/1 652/326/1 649/326/1
f 656/327/2 654/328/2 653/327/2
f 653/327/3 650/325/3 649/326/3
f 654/328/4 651/325/4 650/325/4
f 655/328/5 652/326/5 651/325/5
f 656/327/6 649/326/6 652/326/6
f 658/329/1 660/330/1 657/330/1
f 664/331/2 662/332/2 661/331/2
f 661/331/3 658/329/3 657/330/3
f 662/332/4 659/329/4 658/329/4
f 663/332/5 660/330/5 659/329/5
f 664/331/6 657/330/6 660/330/6
f 666/333/1 668/334/1 665/334/1
f 672/335/2 670/336/2 669/335/2
f 669/335/3 666/333/3 665/334/3
f 670/336/4 667/333/4 666/333/4
f 671/336/5 668/334/5 667/333/5
f 672/335/6 665/334/6 668/334/6
f 674/337/1 676/338/1 673/338/1
f 680/339/2 678/340/2 677/339/2
f 677/339/3 674/337/3 673/338/3
f 678/340/4 675/337/4 674/337/4
f 679/340/5 676/338/5 675/337/5
f 680/339/6 673/338/6 676/338/6
f 682/341/1 684/342/1 681/342/1
f 688/343/2 686/344/2 685/343/2
f 685/343/3 682/341/3 681/342/3
f 686/344/4 683/341/4 682/341/4
f 687/344/5 684/342/5 683/341/5
f 688/343/6 681/342/6 684/342/6
f 690/345/1 692/346/1 689/346/1
f 696/347/2 694/348/2 693/347/2
f 693/347/3 690/345/3 689/346/3
f 694/348/4 691/345/4 690/345/4
f 695/348/5 692/346/5 691/345/5
f 696/347/6 689/346/6 692/346/6
f 698/349/1 700/350/1 697/350/1
f 704/351/2 702/352/2 701/351/2
f 701/351/3 698/349/3 697/350/3
f 702/352/4 699/349/4 698/349/4
f 703/352/5 700/350/5 699/349/5
f 704/351/6 697/350/6 700/350/6
f 706/353/1 708/354/1 705/354/1
f 712/355/2 710/356/2 709/355/2
f 709/355/3 706/353/3 705/354/3
f 710/356/4 707/353/4 706/353/4
f 711/356/5 708/354/5 707/353/5
f 712/355/6 705/354/6 708/354/6
f 714/357/1 716/358/1 713/358/1
f 720/359/2 718/360/2 717/359/2
f 717/359/3 714/357/3 713/358/3
f 718/360/4 715/357/4 714/357/4
f 719/360/5 716/358/5 715/357/5
f 720/359/6 713/358/6 716/358/6
f 722/361/1 724/362/1 721/362/1
f 728/363/2 726/364/2 725/363/2
f 725/363/3 722/361/3 721/362/3
f 726/364/4 723/361/4 722/361/4
f 727/364/5 724/362/5 723/361/5
f 728/363/6 721/362/6 724/362/6
f 730/365/1 732/366/1 729/366/1
f 736/367/2 734/368/2 733/367/2
f 733/367/3 730/365/3 729/366/3
f 734/368/4 731/365/4 730/365/4
f 735/368/5 732/366/5 731/365/5
f 736/367/6 729/366/6 732/366/6
f 738/369/1 740/370/1 737/370/1
f 744/371/2 742/372/2 741/371/2
f 741/371/3 738/369/3 737/370/3
f 742/372/4 739/369/4 738/369/4
f 743/372/5 740/370/5 739/369/5
f 744/371/6 737/370/6 740/370/6
f 746/373/1 748/374/1 745/374/1
f 752/375/2 750/376/2 749/375/2
f 749/375/3 746/373/3 745/374/3
f 750/376/4 747/373/4 746/373/4
f 751/376/5 748/374/5 747/373/5
f 752/375/6 745/374/6 748/374/6
f 754/377/1 756/378/1 753/378/1
f 760/379/2 758/380/2 757/379/2
f 757/379/3 754/377/3 753/378/3
f 758/380/4 755/377/4 754/377/4
f 759/380/5 756/378/5 755/377/5
f 760/379/6 753/378/6 756/378/6
f 762/381/1 764/382/1 761/382/1
f 768/383/2 766/384/2 765/383/2
f 765/383/3 762/381/3 761/382/3
f 766/384/4 763/381/4 762/381/4
f 767/384/5 764/382/5 763/381/5
f 768/383/6 761/382/6 764/382/6
f 770/385/1 772/386/1 769/386/1
f 776/387/2 774/388/2 773/387/2
f 773/387/3 770/385/3 769/386/3
f 774/388/4 771/385/4 770/385/4
f 775/388/5 772/386/5 771/385/5
f 776/387/6 769/386/6 772/386/6
f 778/389/1 780/390/1 777/390/1
f 784/391/2 782/392/2 781/391/2
f 781/391/3 778/389/3 777/390/3
f 782/392/4 779/389/4 778/389/4
f 783/392/5 780/390/5 779/389/5
f 784/391/6 777/390/6 780/390/6
f 786/393/1 788/394/1 785/394/1
f 792/395/2 790/396/2 789/395/2
f 789/395/3 786/393/3 785/394/3
f 790/396/4 787/393/4 786/393/4
f 791/396/5 788/394/5 787/393/5
f 792/395/6 785/394/6 788/394/6
f 794/397/1 796/398/1 793/398/1
f 800/399/2 798/400/2 797/399/2
f 797/399/3 794/397/3 793/398/3
f 798/400/4 795/397/4 794/397/4
f 799/400/5 796/398/5 795/397/5
f 800/399/6 793/398/6 796/398/6
f 802/401/1 804/402/1 801/402/1
f 808/403/2 806/404/2 805/403/2
f 805/403/3 802/401/3 801/402/3
f 806/404/4 803/401/4 802/401/4
f 807/404/5 804/402/5 803/401/5
f 808/403/6 801/402/6 804/402/6
f 810/405/1 812/406/1 809/406/1
f 816/407/2 814/408/2 813/407/2
f 813/407/3 810/405/3 809/406/3
f 814/408/4 811/405/4 810/405/4
f 815/408/5 812/406/5 811/405/5
f 816/407/6 809/406/6 812/406/6
f 818/409/1 820/410/1 817/410/1
f 824/411/2 822/412/2 821/411/2
f 821/411/3 818/409/3 817/410/3
f 822/412/4 819/409/4 818/409/4
f 823/412/5 820/410/5 819/409/5
f 824/411/6 817/410/6 820/410/6
f 826/413/1 828/414/1 825/414/1
f 832/415/2 830/416/2 829/415/2
f 829/415/3 826/413/3 825/414/3
f 830/416/4 827/413/4 826/413/4
f 831/416/5 828/414/5 827/413/5
f 832/415/6 825/414/6 828/414/6
f 834/417/1 836/418/1 833/418/1
f 840/419/2 838/420/2 837/419/2
f 837/419/3 834/417/3 833/418/3
f 838/420/4 835/417/4 834/417/4
f 839/420/5 836/418/5 835/417/5
f 840/419/6 833/418/6 836/418/6
f 842/421/1 844/422/1 841/422/1
f 848/423/2 846/424/2 845/423/2
f 845/423/3 842/421/3 841/422/3
f 846/424/4 843/421/4 842/421/4
f 847/424/5 844/422/5 843/421/5
f 848/423/6 841/422/6 844/422/6
f 850/425/1 852/426/1 849/426/1
f 856/427/2 854/428/2 853/427/2
f 853/427/3 850/425/3 849/426/3
f 854/428/4 851/425/4 850/425/4
f 855/428/5 852/426/5 851/425/5
f 856/427/6 849/426/6 852/426/6
f 858/429/1 860/430/1 857/430/1
f 864/431/2 862/432/2 861/431/2
f 861/431/3 858/429/3 857/430/3
f 862/432/4 859/429/4 858/429/4
f 863/432/5 860/430/5 859/429/5
f 864/431/6 857/430/6 860/430/6
f 866/433/1 868/434/1 865/434/1
f 872/435/2 870/436/2 869/435/2
f 869/435/3 866/433/3 865/434/3
f 870/436/4 867/433/4 866/433/4
f 871/436/5 868/434/5 867/433/5
f 872/435/6 865/434/6 868/434/6
f 874/437/1 876/438/1 873/438/1
f 880/439/2 878/440/2 877/439/2
f 877/439/3 874/437/3 873/438/3
f 878/440/4 875/437/4 874/437/4
f 879/440/5 876/438/5 875/437/5
f 880/439/6 873/438/6 876/438/6
f 882/441/1 884/442/1 881/442/1
f 888/443/2 886/444/2 885/443/2
f 885/443/3 882/441/3 881/442/3
f 886/444/4 883/441/4 882/441/4
f 887/444/5 884/442/5 883/441/5
f 888/443/6 881/442/6 884/442/6
f 890/445/1 892/446/1 889/446/1
f 896/447/2 894/448/2 893/447/2
f 893/447/3 890/445/3 889/446/3
f 894/448/4 891/445/4 890/445/4
f 895/448/5 892/446/5 891/445/5
f 896/447/6 889/446/6 892/446/6
f 898/449/1 900/450/1 897/450/1
f 904/451/2 902/452/2 901/451/2
f 901/451/3 898/449/3 897/450/3
f 902/452/4 899/449/4 898/449/4
f 903/452/5 900/450/5 899/449/5
f 904/451/6 897/450/6 900/450/6
f 906/453/1 908/454/1 905/454/1
f 912/455/2 910/456/2 909/455/2
f 909/455/3 906/453/3 905/454/3
f 910/456/4 907/453/4 906/453/4
f 911/456/5 908/454/5 907/453/5
f 912/455/6 905/454/6 908/454/6
f 914/457/1 916/458/1 913/458/1
f 920/459/2 918/460/2 917/459/2
f 917/459/3 914/457/3 913/458/3
f 918/460/4 915/457/4 914/457/4
f 919/460/5 916/458/5 915/457/5
f 920/459/6 913/458/6 916/458/6
f 922/461/1 924/462/1 921/462/1
f 928/463/2 926/464/2 925/463/2
f 925/463/3 922/461/3 921/462/3
f 926/464/4 923/461/4 922/461/4
f 927/464/5 924/462/5 923/461/5
f 928/463/6 921/462/6 924/462/6
f 930/465/1 932/466/1 929/466/1
f 936/467/2 934/468/2 933/467/2
f 933/467/3 930/465/3 929/466/3
f 934/468/4 931/465/4 930/465/4
f 935/468/5 932/466/5 931/465/5
f 936/467/6 929/466/6 932/466/6
f 938/469/1 940/470/1 937/470/1
f 944/471/2 942/472/2 941/471/2
f 941/471/3 938/469/3 937/470/3
f 942/472/4 939/469/4 938/469/4
f 943/472/5 940/470/5 939/469/5
f 944/471/6 937/470/6 940/470/6
f 946/473/1 948/474/1 945/474/1
f 952/475/2 950/476/2 949/475/2
f 949/475/3 946/473/3 945/474/3
f 950/476/4 947/473/4 946/473/4
f 951/476/5 948/474/5 947/473/5
f 952/475/6 945/474/6 948/474/6
f 954/477/1 956/478/1 953/478/1
f 960/479/2 958/480/2 957/479/2
f 957/479/3 954/477/3 953/478/3
f 958/480/4 955/477/4 954/477/4
f 959/480/5 956/478/5 955/477/5
f 960/479/6 953/478/6 956/478/6
f 962/481/1 964/482/1 961/482/1
f 968/483/2 966/484/2 965/483/2
f 965/483/3 962/481/3 961/482/3
f 966/484/4 963/481/4 962/481/4
f 967/484/5 964/482/5 963/481/5
f 968/483/6 961/482/6 964/482/6
f 970/485/1 972/486/1 969/486/1
f 976/487/2 974/488/2 973/487/2
f 973/487/3 970/485/3 969/486/3
f 974/488/4 971/485/4 970/485/4
f 975/488/5 972/486/5 971/485/5
f 976/487/6 969/486/6 972/486/6
f 978/489/1 980/490/1 977/490/1
f 984/491/2 982/492/2 981/491/2
f 981/491/3 978/489/3 977/490/3
f 982/492/4 979/489/4 978/489/4
f 983/492/5 980/490/5 979/489/5
f 984/491/6 977/490/6 980/490/6
f 986/493/1 988/494/1 985/494/1
f 992/495/2 990/496/2 989/495/2
f 989/495/3 986/493/3 985/494/3
f 990/496/4 987/493/4 986/493/4
f 991/496/5 988/494/5 987/493/5
f 992/495/6 985/494/6 988/494/6
f 994/497/1 996/498/1 993/498/1
f 1000/499/2 998/500/2 997/499/2
f 997/499/3 994/497/3 993/498/3
f 998/500/4 995/497/4 994/497/4
f 999/500/5 996/498/5 995/497/5
f 1000/499/6 993/498/6 996/498/6
f 1002/501/1 1004/502/1 1001/502/1
f 1008/503/2 1006/504/2 1005/503/2
f 1005/503/3 1002/501/3 1001/502/3
f 1006/504/4 1003/501/4 1002/501/4
f 1007/504/5 1004/502/5 1003/501/5
f 1008/503/6 1001/502/6 1004/502/6
f 1010/505/1 1012/506/1 1009/506/1
f 1016/507/2 1014/508/2 1013/507/2
f 1013/507/3 1010/505/3 1009/506/3
f 1014/508/4 1011/505/4 1010/505/4
f 1015/508/5 1012/506/5 1011/505/5
f 1016/507/6 1009/506/6 1012/506/6
f 1018/509/1 1020/510/1 1017/510/1
f 1024/511/2 1022/512/2 1021/511/2
f 1021/511/3 1018/509/3 1017/510/3
f 1022/512/4 1019/509/4 1018/509/4
f 1023/512/5 1020/510/5 1019/509/5
f 1024/511/6 1017/510/6 1020/510/6
f 1026/513/1 1028/514/1 1025/514/1
f 1032/515/2 1030/516/2 1029/515/2
f 1029/515/3 1026/513/3 1025/514/3
f 1030/516/4 1027/513/4 1026/513/4
f 1031/516/5 1028/514/5 1027/513/5
f 1032/515/6 1025/514/6 1028/514/6
f 1034/517/1 1036/518/1 1033/518/1
f 1040/519/2 1038/520/2 1037/519/2
f 1037/519/3 1034/517/3 1033/518/3
f 1038/520/4 1035/517/4 1034/517/4
f 1039/520/5 1036/518/5 1035/517/5
f 1040/519/6 1033/518/6 1036/518/6
f 1042/521/1 1044/522/1 1041/522/1
f 1048/523/2 1046/524/2 1045/523/2
f 1045/523/3 1042/521/3 1041/522/3
f 1046/524/4 1043/521/4 1042/521/4
f 1047/524/5 1044/522/5 1043/521/5
f 1048/523/6 1041/522/6 1044/522/6
f 1050/525/1 1052/526/1 1049/526/1
f 1056/527/2 1054/528/2 1053/527/2
f 1053/527/3 1050/525/3 1049/526/3
f 1054/528/4 1051/525/4 1050/525/4
f 1055/528/5 1052/526/5 1051/525/5
f 1056/527/6 1049/526/6 1052/526/6
f 1058/529/1 1060/530/1 1057/530/1
f 1064/531/2 1062/532/2 1061/531/2
f 1061/531/3 1058/529/3 1057/530/3
f 1062/532/4 1059/529/4 1058/529/4
f 1063/532/5 1060/530/5 1059/529/5
f 1064/531/6 1057/530/6 1060/530/6
f 1066/533/1 1068/534/1 1065/534/1
f 1072/535/2 1070/536/2 1069/535/2
f 1069/535/3 1066/533/3 1065/534/3
f 1070/536/4 1067/533/4 1066/533/4
f 1071/536/5 1068/534/5 1067/533/5
f 1072/535/6 1065/534/6 1068/534/6
f 1074/537/1 1076/538/1 1073/538/1
f 1080/539/2 1078/540/2 1077/539/2
f 1077/539/3 1074/537/3 1073/538/3
f 1078/540/4 1075/537/4 1074/537/4
f 1079/540/5 1076/538/5 1075/537/5
f 1080/539/6 1073/538/6 1076/538/6
f 1082/541/1 1084/542/1 1081/542/1
f 1088/543/2 1086/544/2 1085/543/2
f 1085/543/3 1082/541/3 1081/542/3
f 1086/544/4 1083/541/4 1082/541/4
f 1087/544/5 1084/542/5 1083/541/5
f 1088/543/6 1081/542/6 1084/542/6
f 1090/545/1 1092/546/1 1089/546/1
f 1096/547/2 1094/548/2 1093/547/2
f 1093/547/3 1090/545/3 1089/546/3
f 1094/548/4 1091/545/4 1090/545/4
f 1095/548/5 1092/546/5 1091/545/5
f 1096/547/6 1089/546/6 1092/546/6
f 1098/549/1 1100/550/1 1097/550/1
f 1104/551/2 1102/552/2 1101/551/2
f 1101/551/3 1098/549/3 1097/550/3
f 1102/552/4 1099/549/4 1098/549/4
f 1103/552/5 1100/550/5 1099/549/5
f 1104/551/6 1097/550/6 1100/550/6
f 1106/553/1 1108/554/1 1105/554/1
f 1112/555/2 1110/556/2 1109/555/2
f 1109/555/3 1106/553/3 1105/554/3
f 1110/556/4 1107/553/4 1106/553/4
f 1111/556/5 1108/554/5 1107/553/5
f 1112/555/6 1105/554/6 1108/554/6
f 1114/557/1 1116/558/1 1113/558/1
f 1120/559/2 1118/560/2 1117/559/2
f 1117/559/3 1114/557/3 1113/558/3
f 1118/560/4 1115/557/4 1114/557/4
f 1119/560/5 1116/558/5 1115/557/5
f 1120/559/6 1113/558/6 1116/558/6
f 1122/561/1 1124/562/1 1121/562/1
f 1128/563/2 1126/564/2 1125/563/2
f 1125/563/3 1122/561/3 1121/562/3
f 1126/564/4 1123/561/4 1122/561/4
f 1127/564/5 1124/562/5 1123/561/5
f 1128/563/6 1121/562/6 1124/562/6
f 1130/565/1 1132/566/1 1129/566/1
f 1136/567/2 1134/568/2 1133/567/2
f 1133/567/3 1130/565/3 1129/566/3
f 1134/568/4 1131/565/4 1130/565/4
f 1135/568/5 1132/566/5 1131/565/5
f 1136/567/6 1129/566/6 1132/566/6
f 1138/569/1 1140/570/1 1137/570/1
f 1144/571/2 1142/572/2 1141/571/2
f 1141/571/3 1138/569/3 1137/570/3
f 1142/572/4 1139/569/4 1138/569/4
f 1143/572/5 1140/570/5 1139/569/5
f 1144/571/6 1137/570/6 1140/570/6
f 1146/573/1 1148/574/1 1145/574/1
f 1152/575/2 1150/576/2 1149/575/2
f 1149/575/3 1146/573/3 1145/574/3
f 1150/576/4 1147/573/4 1146/573/4
f 1151/576/5 1148/574/5 1147/573/5
f 1152/575/6 1145/574/6 1148/574/6
f 1154/577/1 1156/578/1 1153/578/1
f 1160/579/2 1158/580/2 1157/579/2
f 1157/579/3 1154/577/3 1153/578/3
f 1158/580/4 1155/577/4 1154/577/4
f 1159/580/5 1156/578/5 1155/577/5
f 1160/579/6 1153/578/6 1156/578/6
f 1162/581/1 1164/582/1 1161/582/1
f 1168/583/2 1166/584/2 1165/583/2
f 1165/583/3 1162/581/3 1161/582/3
f 1166/584/4 1163/581/4 1162/581/4
f 1167/584/5 1164/582/5 1163/581/5
f 1168/583/6 1161/582/6 1164/582/6
f 1170/585/1 1172/586/1 1169/586/1
f 1176/587/2 1174/588/2 1173/587/2
f 1173/587/3 1170/585/3 1169/586/3
f 1174/588/4 1171/585/4 1170/585/4
f 1175/588/5 1172/586/5 1171/585/5
f 1176/587/6 1169/586/6 1172/586/6
f 1178/589/1 1180/590/1 1177/590/1
f 1184/591/2 1182/592/2 1181/591/2
f 1181/591/3 1178/589/3 1177/590/3
f 1182/592/4 1179/589/4 1178/589/4
f 1183/592/5 1180/590/5 1179/589/5
f 1184/591/6 1177/590/6 1180/590/6
f 1186/593/1 1188/594/1 1185/594/1
f 1192/595/2 1190/596/2 1189/595/2
f 1189/595/3 1186/593/3 1185/594/3
f 1190/596/4 1187/593/4 1186/593/4
f 1191/596/5 1188/594/5 1187/593/5
f 1192/595/6 1185/594/6 1188/594/6
f 1194/597/1 1196/598/1 1193/598/1
f 1200/599/2 1198/600/2 1197/599/2
f 1197/599/3 1194/597/3 1193/598/3
f 1198/600/4 1195/597/4 1194/597/4
f 1199/600/5 1196/598/5 1195/597/5
f 1200/599/6 1193/598/6 1196/598/6
f 1202/601/1 1204/602/1 1201/602/1
f 1208/603/2 1206/604/2 1205/603/2
f 1205/603/3 1202/601/3 1201/602/3
f 1206/604/4 1203/601/4 1202/601/4
f 1207/604/5 1204/602/5 1203/601/5
f 1208/603/6 1201/602/6 1204/602/6
f 1210/605/1 1212/606/1 1209/606/1
f 1216/607/2 1214/608/2 1213/607/2
f 1213/607/3 1210/605/3 1209/606/3
f 1214/608/4 1211/605/4 1210/605/4
f 1215/608/5 1212/606/5 1211/605/5
f 1216/607/6 1209/606/6 1212/606/6
f 1218/609/1 1220/610/1 1217/610/1
f 1224/611/2 1222/612/2 1221/611/2
f 1221/611/3 1218/609/3 1217/610/3
f 1222/612/4 1219/609/4 1218/609/4
f 1223/612/5 1220/610/5 1219/609/5
f 1224/611/6 1217/610/6 1220/610/6
f 1226/613/1 1228/614/1 1225/614/1
f 1232/615/2 1230/616/2 1229/615/2
f 1229/615/3 1226/613/3 1225/614/3
f 1230/616/4 1227/613/4 1226/613/4
f 1231/616/5 1228/614/5 1227/613/5
f 1232/615/6 1225/614/6 1228/614/6
f 1234/617/1 1236/618/1 1233/618/1
f 1240/619/2 1238/620/2 1237/619/2
f 1237/619/3 1234/617/3 1233/618/3
f 1238/620/4 1235/617/4 1234/617/4
f 1239/620/5 1236/618/5 1235/617/5
f 1240/619/6 1233/618/6 1236/618/6
f 1242/621/1 1244/622/1 1241/622/1
f 1248/623/2 1246/624/2 1245/623/2
f 1245/623/3 1242/621/3 1241/622/3
f 1246/624/4 1243/621/4 1242/621/4
f 1247/624/5 1244/622/5 1243/621/5
f 1248/623/6 1241/622/6 1244/622/6
f 1250/625/1 1252/626/1 1249/626/1
f 1256/627/2 1254/628/2 1253/627/2
f 1253/627/3 1250/625/3 1249/626/3
f 1254/628/4 1251/625/4 1250/625/4
f 1255/628/5 1252/626/5 1251/625/5
f 1256/627/6 1249/626/6 1252/626/6
f 1258/629/1 1260/630/1 1257/630/1
f 1264/631/2 1262/632/2 1261/631/2
f 1261/631/3 1258/629/3 1257/630/3
f 1262/632/4 1259/629/4 1258/629/4
f 1263/632/5 1260/630/5 1259/629/5
f 1264/631/6 1257/630/6 1260/630/6
f 1266/633/1 1268/634/1 1265/634/1
f 1272/635/2 1270/636/2 1269/635/2
f 1269/635/3 1266/633/3 1265/634/3
f 1270/636/4 1267/633/4 1266/633/4
f 1271/636/5 1268/634/5 1267/633/5
f 1272/635/6 1265/634/6 1268/634/6
f 1274/637/1 1276/638/1 1273/638/1
f 1280/639/2 1278/640/2 1277/639/2
f 1277/639/3 1274/637/3 1273/638/3
f 1278/640/4 1275/637/4 1274/637/4
f 1279/640/5 1276/638/5 1275/637/5
f 1280/639/6 1273/638/6 1276/638/6
f 1282/641/1 1284/642/1 1281/642/1
f 1288/643/2 1286/644/2 1285/643/2
f 1285/643/3 1282/641/3 1281/642/3
f 1286/644/4 1283/641/4 1282/641/4
f 1287/644/5 1284/642/5 1283/641/5
f 1288/643/6 1281/642/6 1284/642/6
f 1290/645/1 1292/646/1 1289/646/1
f 1296/647/2 1294/648/2 1293/647/2
f 1293/647/3 1290/645/3 1289/646/3
f 1294/648/4 1291/645/4 1290/645/4
f 1295/648/5 1292/646/5 1291/645/5
f 1296/647/6 1289/646/6 1292/646/6
f 1298/649/1 1300/650/1 1297/650/1
f 1304/651/2 1302/652/2 1301/651/2
f 1301/651/3 1298/649/3 1297/650/3
f 1302/652/4 1299/649/4 1298/649/4
f 1303/652/5 1300/650/5 1299/649/5
f 1304/651/6 1297/650/6 1300/650/6
f 1306/653/1 1308/654/1 1305/654/1
f 1312/655/2 1310/656/2 1309/655/2
f 1309/655/3 1306/653/3 1305/654/3
f 1310/656/4 1307/653/4 1306/653/4
f 1311/656/5 1308/654/5 1307/653/5
f 1312/655/6 1305/654/6 1308/654/6
f 1314/657/1 1316/658/1 1313/658/1
f 1320/659/2 1318/660/2 1317/659/2
f 1317/659/3 1314/657/3 1313/658/3
f 1318/660/4 1315/657/4 1314/657/4
f 1319/660/5 1316/658/5 1315/657/5
f 1320/659/6 1313/658/6 1316/658/6
f 1322/661/1 1324/662/1 1321/662/1
f 1328/663/2 1326/664/2 1325/663/2
f 1325/663/3 1322/661/3 1321/662/3
f 1326/664/4 1323/661/4 1322/661/4
f 1327/664/5 1324/662/5 1323/661/5
f 1328/663/6 1321/662/6 1324/662/6
f 1330/665/1 1332/666/1 1329/666/1
f 1336/667/2 1334/668/2 1333/667/2
f 1333/667/3 1330/665/3 1329/666/3
f 1334/668/4 1331/665/4 1330/665/4
f 1335/668/5 1332/666/5 1331/665/5
f 1336/667/6 1329/666/6 1332/666/6
f 1338/669/1 1340/670/1 1337/670/1
f 1344/671/2 1342/672/2 1341/671/2
f 1341/671/3 1338/669/3 1337/670/3
f 1342/672/4 1339/669/4 1338/669/4
f 1343/672/5 1340/670/5 1339/669/5
f 1344/671/6 1337/670/6 1340/670/6
f 1346/673/1 1348/674/1 1345/674/1
f 1352/675/2 1350/676/2 1349/675/2
f 1349/675/3 1346/673/3 1345/674/3
f 1350/676/4 1347/673/4 1346/673/4
f 1351/676/5 1348/674/5 1347/673/5
f 1352/675/6 1345/674/6 1348/674/6
f 1354/677/1 1356/678/1 1353/678/1
f 1360/679/2 1358/680/2 1357/679/2
f 1357/679/3 1354/677/3 1353/678/3
f 1358/680/4 1355/677/4 1354/677/4
f 1359/680/5 1356/678/5 1355/677/5
f 1360/679/6 1353/678/6 1356/678/6
f 1362/681/1 1364/682/1 1361/682/1
f 1368/683/2 1366/684/2 1365/683/2
f 1365/683/3 1362/681/3 1361/682/3
f 1366/684/4 1363/681/4 1362/681/4
f 1367/684/5 1364/682/5 1363/681/5
f 1368/683/6 1361/682/6 1364/682/6
f 1370/685/1 1372/686/1 1369/686/1
f 1376/687/2 1374/688/2 1373/687/2
f 1373/687/3 1370/685/3 1369/686/3
f 1374/688/4 1371/685/4 1370/685/4
f 1375/688/5 1372/686/5 1371/685/5
f 1376/687/6 1369/686/6 1372/686/6
f 1378/689/1 1380/690/1 1377/690/1
f 1384/691/2 1382/692/2 1381/691/2
f 1381/691/3 1378/689/3 1377/690/3
f 1382/692/4 1379/689/4 1378/689/4
f 1383/692/5 1380/690/5 1379/689/5
f 1384/691/6 1377/690/6 1380/690/6
f 1386/693/1 1388/694/1 1385/694/1
f 1392/695/2 1390/696/2 1389/695/2
f 1389/695/3 1386/693/3 1385/694/3
f 1390/696/4 1387/693/4 1386/693/4
f 1391/696/5 1388/694/5 1387/693/5
f 1392/695/6 1385/694/6 1388/694/6
f 1394/697/1 1396/698/1 1393/698/1
f 1400/699/2 1398/700/2 1397/699/2
f 1397/699/3 1394/697/3 1393/698/3
f 1398/700/4 1395/697/4 1394/697/4
f 1399/700/5 1396/698/5 1395/697/5
f 1400/699/6 1393/698/6 1396/698/6
f 1402/701/1 1404/702/1 1401/702/1
f 1408/703/2 1406/704/2 1405/703/2
f 1405/703/3 1402/701/3 1401/702/3
f 1406/704/4 1403/701/4 1402/701/4
f 1407/704/5 1404/702/5 1403/701/5
f 1408/703/6 1401/702/6 1404/702/6
f 1410/705/1 1412/706/1 1409/706/1
f 1416/707/2 1414/708/2 1413/707/2
f 1413/707/3 1410/705/3 1409/706/3
f 1414/708/4 1411/705/4 1410/705/4
f 1415/708/5 1412/706/5 1411/705/5
f 1416/707/6 1409/706/6 1412/706/6
f 1418/709/1 1420/710/1 1417/710/1
f 1424/711/2 1422/712/2 1421/711/2
f 1421/711/3 1418/709/3 1417/710/3
f 1422/712/4 1419/709/4 1418/709/4
f 1423/712/5 1420/710/5 1419/709/5
f 1424/711/6 1417/710/6 1420/710/6
f 1426/713/1 1428/714/1 1425/713/1
f 1432/715/2 1430/716/2 1429/716/2
f 1429/716/3 1426/713/3 1425/713/3
f 1430/716/4 1427/714/4 1426/713/4
f 1431/715/5 1428/714/5 1427/714/5
f 1432/715/6 1425/713/6 1428/714/6
f 1434/717/1 1436/718/1 1433/717/1
f 1440/719/2 1438/720/2 1437/720/2
f 1437/720/3 1434/717/3 1433/717/3
f 1438/720/4 1435/718/4 1434/717/4
f 1439/719/5 1436/718/5 1435/718/5
f 1440/719/6 1433/717/6 1436/718/6
f 1442/721/1 1444/722/1 1441/721/1
f 1448/723/2 1446/724/2 1445/724/2
f 1445/724/3 1442/721/3 1441/721/3
f 1446/724/4 1443/722/4 1442/721/4
f 1447/723/5 1444/722/5 1443/722/5
f 1448/723/6 1441/721/6 1444/722/6
f 1450/725/1 1452/726/1 1449/725/1
f 1456/727/2 1454/728/2 1453/728/2
f 1453/728/3 1450/725/3 1449/725/3
f 1454/728/4 1451/726/4 1450/725/4
f 1455/727/5 1452/726/5 1451/726/5
f 1456/727/6 1449/725/6 1452/726/6
f 1458/729/1 1460/730/1 1457/729/1
f 1464/731/2 1462/732/2 1461/732/2
f 1461/732/3 1458/729/3 1457/729/3
f 1462/732/4 1459/730/4 1458/729/4
f 1463/731/5 1460/730/5 1459/730/5
f 1464/731/6 1457/729/6 1460/730/6
f 1466/733/1 1468/734/1 1465/733/1
f 1472/735/2 1470/736/2 1469/736/2
f 1469/736/3 1466/733/3 1465/733/3
f 1470/736/4 1467/734/4 1466/733/4
f 1471/735/5 1468/734/5 1467/734/5
f 1472/735/6 1465/733/6 1468/734/6
f 1474/737/1 1476/738/1 1473/737/1
f 1480/739/2 1478/740/2 1477/740/2
f 1477/740/3 1474/737/3 1473/737/3
f 1478/740/4 1475/738/4 1474/737/4
f 1479/739/5 1476/738/5 1475/738/5
f 1480/739/6 1473/737/6 1476/738/6
f 1482/741/1 1484/742/1 1481/741/1
f 1488/743/2 1486/744/2 1485/744/2
f 1485/744/3 1482/741/3 1481/741/3
f 1486/744/4 1483/742/4 1482/741/4
f 1487/743/5 1484/742/5 1483/742/5
f 1488/743/6 1481/741/6 1484/742/6
f 1490/745/1 1492/746/1 1489/745/1
f 1496/747/2 1494/748/2 1493/748/2
f 1493/748/3 1490/745/3 1489/745/3
f 1494/748/4 1491/746/4 1490/745/4
f 1495/747/5 1492/746/5 1491/746/5
f 1496/747/6 1489/745/6 1492/746/6
f 1498/749/1 1500/750/1 1497/749/1
f 1504/751/2 1502/752/2 1501/752/2
f 1501/752/3 1498/749/3 1497/749/3
f 1502/752/4 1499/750/4 1498/749/4
f 1503/751/5 1500/750/5 1499/750/5
f 1504/751/6 1497/749/6 1500/750/6
f 1506/753/1 1508/754/1 1505/753/1
f 1512/755/2 1510/756/2 1509/756/2
f 1509/756/3 1506/753/3 1505/753/3
f 1510/756/4 1507/754/4 1506/753/4
f 1511/755/5 1508/754/5 1507/754/5
f 1512/755/6 1505/753/6 1508/754/6
f 1514/757/1 1516/758/1 1513/757/1
f 1520/759/2 1518/760/2 1517/760/2
f 1517/760/3 1514/757/3 1513/757/3
f 1518/760/4 1515/758/4 1514/757/4
f 1519/759/5 1516/758/5 1515/758/5
f 1520/759/6 1513/757/6 1516/758/6
f 1522/761/1 1524/762/1 1521/761/1
f 1528/763/2 1526/764/2 1525/764/2
f 1525/764/3 1522/761/3 1521/761/3
f 1526/764/4 1523/762/4 1522/761/4
f 1527/763/5 1524/762/5 1523/762/5
f 1528/763/6 1521/761/6 1524/762/6
f 1530/765/1 1532/766/1 1529/765/1
f 1536/767/2 1534/768/2 1533/768/2
f 1533/768/3 1530/765/3 1529/765/3
f 1534/768/4 1531/766/4 1530/765/4
f 1535/767/5 1532/766/5 1531/766/5
f 1536/767/6 1529/765/6 1532/766/6
f 1538/769/1 1540/770/1 1537/769/1
f 1544/771/2 1542/772/2 1541/772/2
f 1541/772/3 1538/769/3 1537/769/3
f 1542/772/4 1539/770/4 1538/769/4
f 1543/771/5 1540/770/5 1539/770/5
f 1544/771/6 1537/769/6 1540/770/6
f 1546/773/1 1548/774/1 1545/773/1
f 1552/775/2 1550/776/2 1549/776/2
f 1549/776/3 1546/773/3 1545/773/3
f 1550/776/4 1547/774/4 1546/773/4
f 1551/775/5 1548/774/5 1547/774/5
f 1552/775/6 1545/773/6 1548/774/6
f 1554/777/1 1556/778/1 1553/777/1
f 1560/779/2 1558/780/2 1557/780/2
f 1557/780/3 1554/777/3 1553/777/3
f 1558/780/4 1555/778/4 1554/777/4
f 1559/779/5 1556/778/5 1555/778/5
f 1560/779/6 1553/777/6 1556/778/6
f 1562/781/1 1564/782/1 1561/781/1
f 1568/783/2 1566/784/2 1565/784/2
f 1565/784/3 1562/781/3 1561/781/3
f 1566/784/4 1563/782/4 1562/781/4
f 1567/783/5 1564/782/5 1563/782/5
f 1568/783/6 1561/781/6 1564/782/6
f 1570/785/1 1572/786/1 1569/785/1
f 1576/787/2 1574/788/2 1573/788/2
f 1573/788/3 1570/785/3 1569/785/3
f 1574/788/4 1571/786/4 1570/785/4
f 1575/787/5 1572/786/5 1571/786/5
f 1576/787/6 1569/785/6 1572/786/6
f 1578/789/1 1580/790/1 1577/789/1
f 1584/791/2 1582/792/2 1581/792/2
f 1581/792/3 1578/789/3 1577/789/3
f 1582/792/4 1579/790/4 1578/789/4
f 1583/791/5 1580/790/5 1579/790/5
f 1584/791/6 1577/789/6 1580/790/6
f 1586/793/1 1588/794/1 1585/793/1
f 1592/795/2 1590/796/2 1589/796/2
f 1589/796/3 1586/793/3 1585/793/3
f 1590/796/4 1587/794/4 1586/793/4
f 1591/795/5 1588/794/5 1587/794/5
f 1592/795/6 1585/793/6 1588/794/6
f 1594/797/1 1596/798/1 1593/797/1
f 1600/799/2 1598/800/2 1597/800/2
f 1597/800/3 1594/797/3 1593/797/3
f 1598/800/4 1595/798/4 1594/797/4
f 1599/799/5 1596/798/5 1595/798/5
f 1600/799/6 1593/797/6 1596/798/6
f 1602/801/1 1604/802/1 1601/801/1
f 1608/803/2 1606/804/2 1605/804/2
f 1605/804/3 1602/801/3 1601/801/3
f 1606/804/4 1603/802/4 1602/801/4
f 1607/803/5 1604/802/5 1603/802/5
f 1608/803/6 1601/801/6 1604/802/6
f 1610/805/1 1612/806/1 1609/805/1
f 1616/807/2 1614/808/2 1613/808/2
f 1613/808/3 1610/805/3 1609/805/3
f 1614/808/4 1611/806/4 1610/805/4
f 1615/807/5 1612/806/5 1611/806/5
f 1616/807/6 1609/805/6 1612/806/6
f 1618/809/1 1620/810/1 1617/809/1
f 1624/811/2 1622/812/2 1621/812/2
f 1621/812/3 1618/809/3 1617/809/3
f 1622/812/4 1619/810/4 1618/809/4
f 1623/811/5 1620/810/5 1619/810/5
f 1624/811/6 1617/809/6 1620/810/6
f 1626/813/1 1628/814/1 1625/813/1
f 1632/815/2 1630/816/2 1629/816/2
f 1629/816/3 1626/813/3 1625/813/3
f 1630/816/4 1627/814/4 1626/813/4
f 1631/815/5 1628/814/5 1627/814/5
f 1632/815/6 1625/813/6 1628/814/6
f 1634/817/1 1636/818/1 1633/817/1
f 1640/819/2 1638/820/2 1637/820/2
f 1637/820/3 1634/817/3 1633/817/3
f 1638/820/4 1635/818/4 1634/817/4
f 1639/819/5 1636/818/5 1635/818/5
f 1640/819/6 1633/817/6 1636/818/6
f 1642/821/1 1644/822/1 1641/821/1
f 1648/823/2 1646/824/2 1645/824/2
f 1645/824/3 1642/821/3 1641/821/3
f 1646/824/4 1643/822/4 1642/821/4
f 1647/823/5 1644/822/5 1643/822/5
f 1648/823/6 1641/821/6 1644/822/6
f 1650/825/1 1652/826/1 1649/825/1
f 1656/827/2 1654/828/2 1653/828/2
f 1653/828/3 1650/825/3 1649/825/3
f 1654/828/4 1651/826/4 1650/825/4
f 1655/827/5 1652/826/5 1651/826/5
f 1656/827/6 1649/825/6 1652/826/6
f 1658/829/1 1660/830/1 1657/829/1
f 1664/831/2 1662/832/2 1661/832/2
f 1661/832/3 1658/829/3 1657/829/3
f 1662/832/4 1659/830/4 1658/829/4
f 1663/831/5 1660/830/5 1659/830/5
f 1664/831/6 1657/829/6 1660/830/6
f 1666/833/1 1668/834/1 1665/833/1
f 1672/835/2 1670/836/2 1669/836/2
f 1669/836/3 1666/833/3 1665/833/3
f 1670/836/4 1667/834/4 1666/833/4
f 1671/835/5 1668/834/5 1667/834/5
f 1672/835/6 1665/833/6 1668/834/6
f 1674/837/1 1676/838/1 1673/837/1
f 1680/839/2 1678/840/2 1677/840/2
f 1677/840/3 1674/837/3 1673/837/3
f 1678/840/4 1675/838/4 1674/837/4
f 1679/839/5 1676/838/5 1675/838/5
f 1680/839/6 1673/837/6 1676/838/6
f 1682/841/1 1684/842/1 1681/841/1
f 1688/843/2 1686/844/2 1685/844/2
f 1685/844/3 1682/841/3 1681/841/3
f 1686/844/4 1683/842/4 1682/841/4
f 1687/843/5 1684/842/5 1683/842/5
f 1688/843/6 1681/841/6 1684/842/6
f 1690/845/1 1692/846/1 1689/845/1
f 1696/847/2 1694/848/2 1693/848/2
f 1693/848/3 1690/845/3 1689/845/3
f 1694/848/4 1691/846/4 1690/845/4
f 1695/847/5 1692/846/5 1691/846/5
f 1696/847/6 1689/845/6 1692/846/6
f 1698/849/1 1700/850/1 1697/849/1
f 1704/851/2 1702/852/2 1701/852/2
f 1701/852/3 1698/849/3 1697/849/3
f 1702/852/4 1699/850/4 1698/849/4
f 1703/851/5 1700/850/5 1699/850/5
f 1704/851/6 1697/849/6 1700/850/6
f 1706/853/1 1708/854/1 1705/853/1
f 1712/855/2 1710/856/2 1709/856/2
f 1709/856/3 1706/853/3 1705/853/3
f 1710/856/4 1707/854/4 1706/853/4
f 1711/855/5 1708/854/5 1707/854/5
f 1712/855/6 1705/853/6 1708/854/6
f 1714/857/1 1716/858/1 1713/857/1
f 1720/859/2 1718/860/2 1717/860/2
f 1717/860/3 1714/857/3 1713/857/3
f 1718/860/4 1715/858/4 1714/857/4
f 1719/859/5 1716/858/5 1715/858/5
f 1720/859/6 1713/857/6 1716/858/6
f 1722/861/1 1724/862/1 1721/861/1
f 1728/863/2 1726/864/2 1725/864/2
f 1725/864/3 1722/861/3 1721/861/3
f 1726/864/4 1723/862/4 1722/861/4
f 1727/863/5 1724/862/5 1723/862/5
f 1728/863/6 1721/861/6 1724/862/6
f 1730/865/1 1732/866/1 1729/865/1
f 1736/867/2 1734/868/2 1733/868/2
f 1733/868/3 1730/865/3 1729/865/3
f 1734/868/4 1731/866/4 1730/865/4
f 1735/867/5 1732/866/5 1731/866/5
f 1736/867/6 1729/865/6 1732/866/6
f 1738/869/1 1740/870/1 1737/869/1
f 1744/871/2 1742/872/2 1741/872/2
f 1741/872/3 1738/869/3 1737/869/3
f 1742/872/4 1739/870/4 1738/869/4
f 1743/871/5 1740/870/5 1739/870/5
f 1744/871/6 1737/869/6 1740/870/6
f 1746/873/1 1748/874/1 1745/873/1
f 1752/875/2 1750/876/2 1749/876/2
f 1749/876/3 1746/873/3 1745/873/3
f 1750/876/4 1747/874/4 1746/873/4
f 1751/875/5 1748/874/5 1747/874/5
f 1752/875/6 1745/873/6 1748/874/6
f 1754/877/1 1756/878/1 1753/877/1
f 1760/879/2 1758/880/2 1757/880/2
f 1757/880/3 1754/877/3 1753/877/3
f 1758/880/4 1755/878/4 1754/877/4
f 1759/879/5 1756/878/5 1755/878/5
f 1760/879/6 1753/877/6 1756/878/6
f 1762/881/1 1764/882/1 1761/881/1
f 1768/883/2 1766/884/2 1765/884/2
f 1765/884/3 1762/881/3 1761/881/3
f 1766/884/4 1763/882/4 1762/881/4
f 1767/883/5 1764/882/5 1763/882/5
f 1768/883/6 1761/881/6 1764/882/6
f 1770/885/1 1772/886/1 1769/885/1
f 1776/887/2 1774/888/2 1773/888/2
f 1773/888/3 1770/885/3 1769/885/3
f 1774/888/4 1771/886/4 1770/885/4
f 1775/887/5 1772/886/5 1771/886/5
f 1776/887/6 1769/885/6 1772/886/6
f 1778/889/1 1780/890/1 1777/889/1
f 1784/891/2 1782/892/2 1781/892/2
f 1781/892/3 1778/889/3 1777/889/3
f 1782/892/4 1779/890/4 1778/889/4
f 1783/891/5 1780/890/5 1779/890/5
f 1784/891/6 1777/889/6 1780/890/6
f 1786/893/1 1788/894/1 1785/893/1
f 1792/895/2 1790/896/2 1789/896/2
f 1789/896/3 1786/893/3 1785/893/3
f 1790/896/4 1787/894/4 1786/893/4
f 1791/895/5 1788/894/5 1787/894/5
f 1792/895/6 1785/893/6 1788/894/6
f 1794/897/1 1796/898/1 1793/897/1
f 1800/899/2 1798/900/2 1797/900/2
f 1797/900/3 1794/897/3 1793/897/3
f 1798/900/4 1795/898/4 1794/897/4
f 1799/899/5 1796/898/5 1795/898/5
f 1800/899/6 1793/897/6 1796/898/6
f 1802/901/1 1804/902/1 1801/901/1
f 1808/903/2 1806/904/2 1805/904/2
f 1805/904/3 1802/901/3 1801/901/3
f 1806/904/4 1803/902/4 1802/901/4
f 1807/903/5 1804/902/5 1803/902/5
f 1808/903/6 1801/901/6 1804/902/6
f 1810/905/1 1812/906/1 1809/905/1
f 1816/907/2 1814/908/2 1813/908/2
f 1813/908/3 1810/905/3 1809/905/3
f 1814/908/4 1811/906/4 1810/905/4
f 1815/907/5 1812/906/5 1811/906/5
f 1816/907/6 1809/905/6 1812/906/6
f 1818/909/1 1820/910/1 1817/909/1
f 1824/911/2 1822/912/2 1821/912/2
f 1821/912/3 1818/909/3 1817/909/3
f 1822/912/4 1819/910/4 1818/909/4
f 1823/911/5 1820/910/5 1819/910/5
f 1824/911/6 1817/909/6 1820/910/6
f 1826/913/1 1828/914/1 1825/913/1
f 1832/915/2 1830/916/2 1829/916/2
f 1829/916/3 1826/913/3 1825/913/3
f 1830/916/4 1827/914/4 1826/913/4
f 1831/915/5 1828/914/5 1827/914/5
f 1832/915/6 1825/913/6 1828/914/6
f 1834/917/1 1836/918/1 1833/917/1
f 1840/919/2 1838/920/2 1837/920/2
f 1837/920/3 1834/917/3 1833/917/3
f 1838/920/4 1835/918/4 1834/917/4
f 1839/919/5 1836/918/5 1835/918/5
f 1840/919/6 1833/917/6 1836/918/6
f 1842/921/1 1844/922/1 1841/921/1
f 1848/923/2 1846/924/2 1845/924/2
f 1845/924/3 1842/921/3 1841/921/3
f 1846/924/4 1843/922/4 1842/921/4
f 1847/923/5 1844/922/5 1843/922/5
f 1848/923/6 1841/921/6 1844/922/6
f 1850/925/1 1852/926/1 1849/925/1
f 1856/927/2 1854/928/2 1853/928/2
f 1853/928/3 1850/925/3 1849/925/3
f 1854/928/4 1851/926/4 1850/925/4
f 1855/927/5 1852/926/5 1851/926/5
f 1856/927/6 1849/925/6 1852/926/6
f 1858/929/1 1860/930/1 1857/929/1
f 1864/931/2 1862/932/2 1861/932/2
f 1861/932/3 1858/929/3 1857/929/3
f 1862/932/4 1859/930/4 1858/929/4
f 1863/931/5 1860/930/5 1859/930/5
f 1864/931/6 1857/929/6 1860/930/6
f 1866/933/1 1868/934/1 1865/933/1
f 1872/935/2 1870/936/2 1869/936/2
f 1869/936/3 1866/933/3 1865/933/3
f 1870/936/4 1867/934/4 1866/933/4
f 1871/935/5 1868/934/5 1867/934/5
f 1872/935/6 1865/933/6 1868/934/6
f 1874/937/1 1876/938/1 1873/937/1
f 1880/939/2 1878/940/2 1877/940/2
f 1877/940/3 1874/937/3 1873/937/3
f 1878/940/4 1875/938/4 1874/937/4
f 1879/939/5 1876/938/5 1875/938/5
f 1880/939/6 1873/937/6 1876/938/6
f 1882/941/1 1884/942/1 1881/941/1
f 1888/943/2 1886/944/2 1885/944/2
f 1885/944/3 1882/941/3 1881/941/3
f 1886/944/4 1883/942/4 1882/941/4
f 1887/943/5 1884/942/5 1883/942/5
f 1888/943/6 1881/941/6 1884/942/6
f 1890/945/1 1892/946/1 1889/945/1
f 1896/947/2 1894/948/2 1893/948/2
f 1893/948/3 1890/945/3 1889/945/3
f 1894/948/4 1891/946/4 1890/945/4
f 1895/947/5 1892/946/5 1891/946/5
f 1896/947/6 1889/945/6 1892/946/6
f 1898/949/1 1900/950/1 1897/949/1
f 1904/951/2 1902/952/2 1901/952/2
f 1901/952/3 1898/949/3 1897/949/3
f 1902/952/4 1899/950/4 1898/949/4
f 1903/951/5 1900/950/5 1899/950/5
f 1904/951/6 1897/949/6 1900/950/6
f 1906/953/1 1908/954/1 1905/953/1
f 1912/955/2 1910/956/2 1909/956/2
f 1909/956/3 1906/953/3 1905/953/3
f 1910/956/4 1907/954/4 1906/953/4
f 1911/955/5 1908/954/5 1907/954/5
f 1912/955/6 1905/953/6 1908/954/6
f 1914/957/1 1916/958/1 1913/957/1
f 1920/959/2 1918/960/2 1917/960/2
f 1917/960/3 1914/957/3 1913/957/3
f 1918/960/4 1915/958/4 1914/957/4
f 1919/959/5 1916/958/5 1915/958/5
f 1920/959/6 1913/957/6 1916/958/6
f 1922/961/1 1924/962/1 1921/961/1
f 1928/963/2 1926/964/2 1925/964/2
f 1925/964/3 1922/961/3 1921/961/3
f 1926/964/4 1923/962/4 1922/961/4
f 1927/963/5 1924/962/5 1923/962/5
f 1928/963/6 1921/961/6 1924/962/6
f 1930/965/1 1932/966/1 1929/965/1
f 1936/967/2 1934/968/2 1933/968/2
f 1933/968/3 1930/965/3 1929/965/3
f 1934/968/4 1931/966/4 1930/965/4
f 1935/967/5 1932/966/5 1931/966/5
f 1936/967/6 1929/965/6 1932/966/6
f 1938/969/1 1940/970/1 1937/969/1
f 1944/971/2 1942/972/2 1941/972/2
f 1941/972/3 1938/969/3 1937/969/3
f 1942/972/4 1939/970/4 1938/969/4
f 1943/971/5 1940/970/5 1939/970/5
f 1944/971/6 1937/969/6 1940/970/6
f 1946/973/1 1948/974/1 1945/973/1
f 1952/975/2 1950/976/2 1949/976/2
f 1949/976/3 1946/973/3 1945/973/3
f 1950/976/4 1947/974/4 1946/973/4
f 1951/975/5 1948/974/5 1947/974/5
f 1952/975/6 1945/973/6 1948/974/6
f 1954/977/1 1956/978/1 1953/977/1
f 1960/979/2 1958/980/2 1957/980/2
f 1957/980/3 1954/977/3 1953/977/3
f 1958/980/4 1955/978/4 1954/977/4
f 1959/979/5 1956/978/5 1955/978/5
f 1960/979/6 1953/977/6 1956/978/6
f 1962/981/1 1964/982/1 1961/981/1
f 1968/983/2 1966/984/2 1965/984/2
f 1965/984/3 1962/981/3 1961/981/3
f 1966/984/4 1963/982/4 1962/981/4
f 1967/983/5 1964/982/5 1963/982/5
f 1968/983/6 1961/981/6 1964/982/6
f 1970/985/1 1972/986/1 1969/985/1
f 1976/987/2 1974/988/2 1973/988/2
f 1973/988/3 1970/985/3 1969/985/3
f 1974/988/4 1971/986/4 1970/985/4
f 1975/987/5 1972/986/5 1971/986/5
f 1976/987/6 1969/985/6 1972/986/6
f 1978/989/1 1980/990/1 1977/989/1
f 1984/991/2 1982/992/2 1981/992/2
f 1981/992/3 1978/989/3 1977/989/3
f 1982/992/4 1979/990/4 1978/989/4
f 1983/991/5 1980/990/5 1979/990/5
f 1984/991/6 1977/989/6 1980/990/6
f 1986/993/1 1988/994/1 1985/993/1
f 1992/995/2 1990/996/2 1989/996/2
f 1989/996/3 1986/993/3 1985/993/3
f 1990/996/4 1987/994/4 1986/993/4
f 1991/995/5 1988/994/5 1987/994/5
f 1992/995/6 1985/993/6 1988/994/6
f 1994/997/1 1996/998/1 1993/997/1
f 2000/999/2 1998/1000/2 1997/1000/2
f 1997/1000/3 1994/997/3 1993/997/3
f 1998/1000/4 1995/998/4 1994/997/4
f 1999/999/5 1996/998/5 1995/998/5
f 2000/999/6 1993/997/6 1996/998/6
f 2002/1001/1 2004/1002/1 2001/1001/1
f 2008/1003/2 2006/1004/2 2005/1004/2
f 2005/1004/3 2002/1001/3 2001/1001/3
f 2006/1004/4 2003/1002/4 2002/1001/4
f 2007/1003/5 2004/1002/5 2003/1002/5
f 2008/1003/6 2001/1001/6 2004/1002/6
f 2010/1005/1 2012/1006/1 2009/1005/1
f 2016/1007/2 2014/1008/2 2013/1008/2
f 2013/1008/3 2010/1005/3 2009/1005/3
f 2014/1008/4 2011/1006/4 2010/1005/4
f 2015/1007/5 2012/1006/5 2011/1006/5
f 2016/1007/6 2009/1005/6 2012/1006/6
f 2018/1009/1 2020/1010/1 2017/1009/1
f 2024/1011/2 2022/1012/2 2021/1012/2
f 2021/1012/3 2018/1009/3 2017/1009/3
f 2022/1012/4 2019/1010/4 2018/1009/4
f 2023/1011/5 2020/1010/5 2019/1010/5
f 2024/1011/6 2017/1009/6 2020/1010/6
f 2026/1013/1 2028/1014/1 2025/1013/1
f 2032/1015/2 2030/1016/2 2029/1016/2
f 2029/1016/3 2026/1013/3 2025/1013/3
f 2030/1016/4 2027/1014/4 2026/1013/4
f 2031/1015/5 2028/1014/5 2027/1014/5
f 2032/1015/6 2025/1013/6 2028/1014/6
f 2034/1017/1 2036/1018/1 2033/1017/1
f 2040/1019/2 2038/1020/2 2037/1020/2
f 2037/1020/3 2034/1017/3 2033/1017/3
f 2038/1020/4 2035/1018/4 2034/1017/4
f 2039/1019/5 2036/1018/5 2035/1018/5
f 2040/1019/6 2033/1017/6 2036/1018/6
f 2042/1021/1 2044/1022/1 2041/1021/1
f 2048/1023/2 2046/1024/2 2045/1024/2
f 2045/1024/3 2042/1021/3 2041/1021/3
f 2046/1024/4 2043/1022/4 2042/1021/4
f 2047/1023/5 2044/1022/5 2043/1022/5
f 2048/1023/6 2041/1021/6 2044/1022/6
f 2050/1025/1 2052/1026/1 2049/1026/1
f 2056/1027/2 2054/1028/2 2053/1027/2
f 2053/1027/3 2050/1025/3 2049/1026/3
f 2054/1028/4 2051/1025/4 2050/1025/4
f 2055/1028/5 2052/1026/5 2051/1025/5
f 2056/1027/6 2049/1026/6 2052/1026/6
f 2/1/1 3/1/1 4/2/1
f 8/3/2 7/4/2 6/4/2
f 5/3/3 6/4/3 2/1/3
f 6/4/4 7/4/4 3/1/4
f 7/4/5 8/3/5 4/2/5
f 8/3/6 5/3/6 1/2/6
f 10/5/1 11/5/1 12/6/1
f 16/7/2 15/8/2 14/8/2
f 13/7/3 14/8/3 10/5/3
f 14/8/4 15/8/4 11/5/4
f 15/8/5 16/7/5 12/6/5
f 16/7/6 13/7/6 9/6/6
f 18/9/1 19/9/1 20/10/1
f 24/11/2 23/12/2 22/12/2
f 21/11/3 22/12/3 18/9/3
f 22/12/4 23/12/4 19/9/4
f 23/12/5 24/11/5 20/10/5
f 24/11/6 21/11/6 17/10/6
f 26/13/1 27/13/1 28/14/1
f 32/15/2 31/16/2 30/16/2
f 29/15/3 30/16/3 26/13/3
f 30/16/4 31/16/4 27/13/4
f 31/16/5 32/15/5 28/14/5
f 32/15/6 29/15/6 25/14/6
f 34/17/1 35/17/1 36/18/1
f 40/19/2 39/20/2 38/20/2
f 37/19/3 38/20/3 34/17/3
f 38/20/4 39/20/4 35/17/4
f 39/20/5 40/19/5 36/18/5
f 40/19/6 37/19/6 33/18/6
f 42/21/1 43/21/1 44/22/1
f 48/23/2 47/24/2 46/24/2
f 45/23/3 46/24/3 42/21/3
f 46/24/4 47/24/4 43/21/4
f 47/24/5 48/23/5 44/22/5
f 48/23/6 45/23/6 41/22/6
f 50/25/1 51/25/1 52/26/1
f 56/27/2 55/28/2 54/28/2
f 53/27/3 54/28/3 50/25/3
f 54/28/4 55/28/4 51/25/4
f 55/28/5 56/27/5 52/26/5
f 56/27/6 53/27/6 49/26/6
f 58/29/1 59/29/1 60/30/1
f 64/31/2 63/32/2 62/32/2
f 61/31/3 62/32/3 58/29/3
f 62/32/4 63/32/4 59/29/4
f 63/32/5 64/31/5 60/30/5
f 64/31/6 61/31/6 57/30/6
f 66/33/1 67/33/1 68/34/1
f 72/35/2 71/36/2 70/36/2
f 69/35/3 70/36/3 66/33/3
f 70/36/4 71/36/4 67/33/4
f 71/36/5 72/35/5 68/34/5
f 72/35/6 69/35/6 65/34/6
f 74/37/1 75/37/1 76/38/1
f 80/39/2 79/40/2 78/40/2
f 77/39/3 78/40/3 74/37/3
f 78/40/4 79/40/4 75/37/4
f 79/40/5 80/39/5 76/38/5
f 80/39/6 77/39/6 73/38/6
f 82/41/1 83/41/1 84/42/1
f 88/43/2 87/44/2 86/44/2
f 85/43/3 86/44/3 82/41/3
f 86/44/4 87/44/4 83/41/4
f 87/44/5 88/43/5 84/42/5
f 88/43/6 85/43/6 81/42/6
f 90/45/1 91/45/1 92/46/1
f 96/47/2 95/48/2 94/48/2
f 93/47/3 94/48/3 90/45/3
f 94/48/4 95/48/4 91/45/4
f 95/48/5 96/47/5 92/46/5
f 96/47/6 93/47/6 89/46/6
f 98/49/1 99/49/1 100/50/1
f 104/51/2 103/52/2 102/52/2
f 101/51/3 102/52/3 98/49/3
f 102/52/4 103/52/4 99/49/4
f 103/52/5 104/51/5 100/50/5
f 104/51/6 101/51/6 97/50/6
f 106/53/1 107/53/1 108/54/1
f 112/55/2 111/56/2 110/56/2
f 109/55/3 110/56/3 106/53/3
f 110/56/4 111/56/4 107/53/4
f 111/56/5 112/55/5 108/54/5
f 112/55/6 109/55/6 105/54/6
f 114/57/1 115/57/1 116/58/1
f 120/59/2 119/60/2 118/60/2
f 117/59/3 118/60/3 114/57/3
f 118/60/4 119/60/4 115/57/4
f 119/60/5 120/59/5 116/58/5
f 120/59/6 117/59/6 113/58/6
f 122/61/1 123/61/1 124/62/1
f 128/63/2 127/64/2 126/64/2
f 125/63/3 126/64/3 122/61/3
f 126/64/4 127/64/4 123/61/4
f 127/64/5 128/63/5 124/62/5
f 128/63/6 125/63/6 121/62/6
f 130/65/1 131/65/1 132/66/1
f 136/67/2 135/68/2 134/68/2
f 133/67/3 134/68/3 130/65/3
f 134/68/4 135/68/4 131/65/4
f 135/68/5 136/67/5 132/66/5
f 136/67/6 133/67/6 129/66/6
f 138/69/1 139/69/1 140/70/1
f 144/71/2 143/72/2 142/72/2
f 141/71/3 142/72/3 138/69/3
f 142/72/4 143/72/4 139/69/4
f 143/72/5 144/71/5 140/70/5
f 144/71/6 141/71/6 137/70/6
f 146/73/1 147/73/1 148/74/1
f 152/75/2 151/76/2 150/76/2
f 149/75/3 150/76/3 146/73/3
f 150/76/4 151/76/4 147/73/4
f 151/76/5 152/75/5 148/74/5
f 152/75/6 149/75/6 145/74/6
f 154/77/1 155/77/1 156/78/1
f 160/79/2 159/80/2 158/80/2
f 157/79/3 158/80/3 154/77/3
f 158/80/4 159/80/4 155/77/4
f 159/80/5 160/79/5 156/78/5
f 160/79/6 157/79/6 153/78/6
f 162/81/1 163/81/1 164/82/1
f 168/83/2 167/84/2 166/84/2
f 165/83/3 166/84/3 162/81/3
f 166/84/4 167/84/4 163/81/4
f 167/84/5 168/83/5 164/82/5
f 168/83/6 165/83/6 161/82/6
f 170/85/1 171/85/1 172/86/1
f 176/87/2 175/88/2 174/88/2
f 173/87/3 174/88/3 170/85/3
f 174/88/4 175/88/4 171/85/4
f 175/88/5 176/87/5 172/86/5
f 176/87/6 173/87/6 169/86/6
f 178/89/1 179/89/1 180/90/1
f 184/91/2 183/92/2 182/92/2
f 181/91/3 182/92/3 178/89/3
f 182/92/4 183/92/4 179/89/4
f 183/92/5 184/91/5 180/90/5
f 184/91/6 181/91/6 177/90/6
f 186/93/1 187/93/1 188/94/1
f 192/95/2 191/96/2 190/96/2
f 189/95/3 190/96/3 186/93/3
f 190/96/4 191/96/4 187/93/4
f 191/96/5 192/95/5 188/94/5
f 192/95/6 189/95/6 185/94/6
f 194/97/1 195/97/1 196/98/1
f 200/99/2 199/100/2 198/100/2
f 197/99/3 198/100/3 194/97/3
f 198/100/4 199/100/4 195/97/4
f 199/100/5 200/99/5 196/98/5
f 200/99/6 197/99/6 193/98/6
f 202/101/1 203/101/1 204/102/1
f 208/103/2 207/104/2 206/104/2
f 205/103/3 206/104/3 202/101/3
f 206/104/4 207/104/4 203/101/4
f 207/104/5 208/103/5 204/102/5
f 208/103/6 205/103/6 201/102/6
f 210/105/1 211/105/1 212/106/1
f 216/107/2 215/108/2 214/108/2
f 213/107/3 214/108/3 210/105/3
f 214/108/4 215/108/4 211/105/4
f 215/108/5 216/107/5 212/106/5
f 216/107/6 213/107/6 209/106/6
f 218/109/1 219/109/1 220/110/1
f 224/111/2 223/112/2 222/112/2
f 221/111/3 222/112/3 218/109/3
f 222/112/4 223/112/4 219/109/4
f 223/112/5 224/111/5 220/110/5
f 224/111/6 221/111/6 217/110/6
f 226/113/1 227/113/1 228/114/1
f 232/115/2 231/116/2 230/116/2
f 229/115/3 230/116/3 226/113/3
f 230/116/4 231/116/4 227/113/4
f 231/116/5 232/115/5 228/114/5
f 232/115/6 229/115/6 225/114/6
f 234/117/1 235/117/1 236/118/1
f 240/119/2 239/120/2 238/120/2
f 237/119/3 238/120/3 234/117/3
f 238/120/4 239/120/4 235/117/4
f 239/120/5 240/119/5 236/118/5
f 240/119/6 237/119/6 233/118/6
f 242/121/1 243/121/1 244/122/1
f 248/123/2 247/124/2 246/124/2
f 245/123/3 246/124/3 242/121/3
f 246/124/4 247/124/4 243/121/4
f 247/124/5 248/123/5 244/122/5
f 248/123/6 245/123/6 241/122/6
f 250/125/1 251/125/1 252/126/1
f 256/127/2 255/128/2 254/128/2
f 253/127/3 254/128/3 250/125/3
f 254/128/4 255/128/4 251/125/4
f 255/128/5 256/127/5 252/126/5
f 256/127/6 253/127/6 249/126/6
f 258/129/1 259/129/1 260/130/1
f 264/131/2 263/132/2 262/132/2
f 261/131/3 262/132/3 258/129/3
f 262/132/4 263/132/4 259/129/4
f 263/132/5 264/131/5 260/130/5
f 264/131/6 261/131/6 257/130/6
f 266/133/1 267/133/1 268/134/1
f 272/135/2 271/136/2 270/136/2
f 269/135/3 270/136/3 266/133/3
f 270/136/4 271/136/4 267/133/4
f 271/136/5 272/135/5 268/134/5
f 272/135/6 269/135/6 265/134/6
f 274/137/1 275/137/1 276/138/1
f 280/139/2 279/140/2 278/140/2
f 277/139/3 278/140/3 274/137/3
f 278/140/4 279/140/4 275/137/4
f 279/140/5 280/139/5 276/138/5
f 280/139/6 277/139/6 273/138/6
f 282/141/1 283/141/1 284/142/1
f 288/143/2 287/144/2 286/144/2
f 285/143/3 286/144/3 282/141/3
f 286/144/4 287/144/4 283/141/4
f 287/144/5 288/143/5 284/142/5
f 288/143/6 285/143/6 281/142/6
f 290/145/1 291/145/1 292/146/1
f 296/147/2 295/148/2 294/148/2
f 293/147/3 294/148/3 290/145/3
f 294/148/4 295/148/4 291/145/4
f 295/148/5 296/147/5 292/146/5
f 296/147/6 293/147/6 289/146/6
f 298/149/1 299/149/1 300/150/1
f 304/151/2 303/152/2 302/152/2
f 301/151/3 302/152/3 298/149/3
f 302/152/4 303/152/4 299/149/4
f 303/152/5 304/151/5 300/150/5
f 304/151/6 301/151/6 297/150/6
f 306/153/1 307/153/1 308/154/1
f 312/155/2 311/156/2 310/156/2
f 309/155/3 310/156/3 306/153/3
f 310/156/4 311/156/4 307/153/4
f 311/156/5 312/155/5 308/154/5
f 312/155/6 309/155/6 305/154/6
f 314/157/1 315/157/1 316/158/1
f 320/159/2 319/160/2 318/160/2
f 317/159/3 318/160/3 314/157/3
f 318/160/4 319/160/4 315/157/4
f 319/160/5 320/159/5 316/158/5
f 320/159/6 317/159/6 313/158/6
f 322/161/1 323/161/1 324/162/1
f 328/163/2 327/164/2 326/164/2
f 325/163/3 326/164/3 322/161/3
f 326/164/4 327/164/4 323/161/4
f 327/164/5 328/163/5 324/162/5
f 328/163/6 325/163/6 321/162/6
f 330/165/1 331/165/1 332/166/1
f 336/167/2 335/168/2 334/168/2
f 333/167/3 334/168/3 330/165/3
f 334/168/4 335/168/4 331/165/4
f 335/168/5 336/167/5 332/166/5
f 336/167/6 333/167/6 329/166/6
f 338/169/1 339/169/1 340/170/1
f 344/171/2 343/172/2 342/172/2
f 341/171/3 342/172/3 338/169/3
f 342/172/4 343/172/4 339/169/4
f 343/172/5 344/171/5 340/170/5
f 344/171/6 341/171/6 337/170/6
f 346/173/1 347/173/1 348/174/1
f 352/175/2 351/176/2 350/176/2
f 349/175/3 350/176/3 346/173/3
f 350/176/4 351/176/4 347/173/4
f 351/176/5 352/175/5 348/174/5
f 352/175/6 349/175/6 345/174/6
f 354/177/1 355/177/1 356/178/1
f 360/179/2 359/180/2 358/180/2
f 357/179/3 358/180/3 354/177/3
f 358/180/4 359/180/4 355/177/4
f 359/180/5 360/179/5 356/178/5
f 360/179/6 357/179/6 353/178/6
f 362/181/1 363/181/1 364/182/1
f 368/183/2 367/184/2 366/184/2
f 365/183/3 366/184/3 362/181/3
f 366/184/4 367/184/4 363/181/4
f 367/184/5 368/183/5 364/182/5
f 368/183/6 365/183/6 361/182/6
f 370/185/1 371/185/1 372/186/1
f 376/187/2 375/188/2 374/188/2
f 373/187/3 374/188/3 370/185/3
f 374/188/4 375/188/4 371/185/4
f 375/188/5 376/187/5 372/186/5
f 376/187/6 373/187/6 369/186/6
f 378/189/1 379/189/1 380/190/1
f 384/191/2 383/192/2 382/192/2
f 381/191/3 382/192/3 378/189/3
f 382/192/4 383/192/4 379/189/4
f 383/192/5 384/191/5 380/190/5
f 384/191/6 381/191/6 377/190/6
f 386/193/1 387/193/1 388/194/1
f 392/195/2 391/196/2 390/196/2
f 389/195/3 390/196/3 386/193/3
f 390/196/4 391/196/4 387/193/4
f 391/196/5 392/195/5 388/194/5
f 392/195/6 389/195/6 385/194/6
f 394/197/1 395/197/1 396/198/1
f 400/199/2 399/200/2 398/200/2
f 397/199/3 398/200/3 394/197/3
f 398/200/4 399/200/4 395/197/4
f 399/200/5 400/199/5 396/198/5
f 400/199/6 397/199/6 393/198/6
f 402/201/1 403/201/1 404/202/1
f 408/203/2 407/204/2 406/204/2
f 405/203/3 406/204/3 402/201/3
f 406/204/4 407/204/4 403/201/4
f 407/204/5 408/203/5 404/202/5
f 408/203/6 405/203/6 401/202/6
f 410/205/1 411/205/1 412/206/1
f 416/207/2 415/208/2 414/208/2
f 413/207/3 414/208/3 410/205/3
f 414/208/4 415/208/4 411/205/4
f 415/208/5 416/207/5 412/206/5
f 416/207/6 413/207/6 409/206/6
f 418/209/1 419/209/1 420/210/1
f 424/211/2 423/212/2 422/212/2
f 421/211/3 422/212/3 418/209/3
f 422/212/4 423/212/4 419/209/4
f 423/212/5 424/211/5 420/210/5
f 424/211/6 421/211/6 417/210/6
f 426/213/1 427/213/1 428/214/1
f 432/215/2 431/216/2 430/216/2
f 429/215/3 430/216/3 426/213/3
f 430/216/4 431/216/4 427/213/4
f 431/216/5 432/215/5 428/214/5
f 432/215/6 429/215/6 425/214/6
f 434/217/1 435/217/1 436/218/1
f 440/219/2 439/220/2 438/220/2
f 437/219/3 438/220/3 434/217/3
f 438/220/4 439/220/4 435/217/4
f 439/220/5 440/219/5 436/218/5
f 440/219/6 437/219/6 433/218/6
f 442/221/1 443/221/1 444/222/1
f 448/223/2 447/224/2 446/224/2
f 445/223/3 446/224/3 442/221/3
f 446/224/4 447/224/4 443/221/4
f 447/224/5 448/223/5 444/222/5
f 448/223/6 445/223/6 441/222/6
f 450/225/1 451/225/1 452/226/1
f 456/227/2 455/228/2 454/228/2
f 453/227/3 454/228/3 450/225/3
f 454/228/4 455/228/4 451/225/4
f 455/228/5 456/227/5 452/226/5
f 456/227/6 453/227/6 449/226/6
f 458/229/1 459/229/1 460/230/1
f 464/231/2 463/232/2 462/232/2
f 461/231/3 462/232/3 458/229/3
f 462/232/4 463/232/4 459/229/4
f 463/232/5 464/231/5 460/230/5
f 464/231/6 461/231/6 457/230/6
f 466/233/1 467/233/1 468/234/1
f 472/235/2 471/236/2 470/236/2
f 469/235/3 470/236/3 466/233/3
f 470/236/4 471/236/4 467/233/4
f 471/236/5 472/235/5 468/234/5
f 472/235/6 469/235/6 465/234/6
f 474/237/1 475/237/1 476/238/1
f 480/239/2 479/240/2 478/240/2
f 477/239/3 478/240/3 474/237/3
f 478/240/4 479/240/4 475/237/4
f 479/240/5 480/239/5 476/238/5
f 480/239/6 477/239/6 473/238/6
f 482/241/1 483/241/1 484/242/1
f 488/243/2 487/244/2 486/244/2
f 485/243/3 486/244/3 482/241/3
f 486/244/4 487/244/4 483/241/4
f 487/244/5 488/243/5 484/242/5
f 488/243/6 485/243/6 481/242/6
f 490/245/1 491/245/1 492/246/1
f 496/247/2 495/248/2 494/248/2
f 493/247/3 494/248/3 490/245/3
f 494/248/4 495/248/4 491/245/4
f 495/248/5 496/247/5 492/246/5
f 496/247/6 493/247/6 489/246/6
f 498/249/1 499/249/1 500/250/1
f 504/251/2 503/252/2 502/252/2
f 501/251/3 502/252/3 498/249/3
f 502/252/4 503/252/4 499/249/4
f 503/252/5 504/251/5 500/250/5
f 504/251/6 501/251/6 497/250/6
f 506/253/1 507/253/1 508/254/1
f 512/255/2 511/256/2 510/256/2
f 509/255/3 510/256/3 506/253/3
f 510/256/4 511/256/4 507/253/4
f 511/256/5 512/255/5 508/254/5
f 512/255/6 509/255/6 505/254/6
f 514/257/1 515/257/1 516/258/1
f 520/259/2 519/260/2 518/260/2
f 517/259/3 518/260/3 514/257/3
f 518/260/4 519/260/4 515/257/4
f 519/260/5 520/259/5 516/258/5
f 520/259/6 517/259/6 513/258/6
f 522/261/1 523/261/1 524/262/1
f 528/263/2 527/264/2 526/264/2
f 525/263/3 526/264/3 522/261/3
f 526/264/4 527/264/4 523/261/4
f 527/264/5 528/263/5 524/262/5
f 528/263/6 525/263/6 521/262/6
f 530/265/1 531/265/1 532/266/1
f 536/267/2 535/268/2 534/268/2
f 533/267/3 534/268/3 530/265/3
f 534/268/4 535/268/4 531/265/4
f 535/268/5 536/267/5 532/266/5
f 536/267/6 533/267/6 529/266/6
f 538/269/1 539/269/1 540/270/1
f 544/271/2 543/272/2 542/272/2
f 541/271/3 542/272/3 538/269/3
f 542/272/4 543/272/4 539/269/4
f 543/272/5 544/271/5 540/270/5
f 544/271/6 541/271/6 537/270/6
f 546/273/1 547/273/1 548/274/1
f 552/275/2 551/276/2 550/276/2
f 549/275/3 550/276/3 546/273/3
f 550/276/4 551/276/4 547/273/4
f 551/276/5 552/275/5 548/274/5
f 552/275/6 549/275/6 545/274/6
f 554/277/1 555/277/1 556/278/1
f 560/279/2 559/280/2 558/280/2
f 557/279/3 558/280/3 554/277/3
f 558/280/4 559/280/4 555/277/4
f 559/280/5 560/279/5 556/278/5
f 560/279/6 557/279/6 553/278/6
f 562/281/1 563/281/1 564/282/1
f 568/283/2 567/284/2 566/284/2
f 565/283/3 566/284/3 562/281/3
f 566/284/4 567/284/4 563/281/4
f 567/284/5 568/283/5 564/282/5
f 568/283/6 565/283/6 561/282/6
f 570/285/1 571/285/1 572/286/1
f 576/287/2 575/288/2 574/288/2
f 573/287/3 574/288/3 570/285/3
f 574/288/4 575/288/4 571/285/4
f 575/288/5 576/287/5 572/286/5
f 576/287/6 573/287/6 569/286/6
f 578/289/1 579/289/1 580/290/1
f 584/291/2 583/292/2 582/292/2
f 581/291/3 582/292/3 578/289/3
f 582/292/4 583/292/4 579/289/4
f 583/292/5 584/291/5 580/290/5
f 584/291/6 581/291/6 577/290/6
f 586/293/1 587/293/1 588/294/1
f 592/295/2 591/296/2 590/296/2
f 589/295/3 590/296/3 586/293/3
f 590/296/4 591/296/4 587/293/4
f 591/296/5 592/295/5 588/294/5
f 592/295/6 589/295/6 585/294/6
f 594/297/1 595/297/1 596/298/1
f 600/299/2 599/300/2 598/300/2
f 597/299/3 598/300/3 594/297/3
f 598/300/4 599/300/4 595/297/4
f 599/300/5 600/299/5 596/298/5
f 600/299/6 597/299/6 593/298/6
f 602/301/1 603/301/1 604/302/1
f 608/303/2 607/304/2 606/304/2
f 605/303/3 606/304/3 602/301/3
f 606/304/4 607/304/4 603/301/4
f 607/304/5 608/303/5 604/302/5
f 608/303/6 605/303/6 601/302/6
f 610/305/1 611/305/1 612/306/1
f 616/307/2 615/308/2 614/308/2
f 613/307/3 614/308/3 610/305/3
f 614/308/4 615/308/4 611/305/4
f 615/308/5 616/307/5 612/306/5
f 616/307/6 613/307/6 609/306/6
f 618/309/1 619/309/1 620/310/1
f 624/311/2 623/312/2 622/312/2
f 621/311/3 622/312/3 618/309/3
f 622/312/4 623/312/4 619/309/4
f 623/312/5 624/311/5 620/310/5
f 624/311/6 621/311/6 617/310/6
f 626/313/1 627/313/1 628/314/1
f 632/315/2 631/316/2 630/316/2
f 629/315/3 630/316/3 626/313/3
f 630/316/4 631/316/4 627/313/4
f 631/316/5 632/315/5 628/314/5
f 632/315/6 629/315/6 625/314/6
f 634/317/1 635/317/1 636/318/1
f 640/319/2 639/320/2 638/320/2
f 637/319/3 638/320/3 634/317/3
f 638/320/4 639/320/4 635/317/4
f 639/320/5 640/319/5 636/318/5
f 640/319/6 637/319/6 633/318/6
f 642/321/1 643/321/1 644/322/1
f 648/323/2 647/324/2 646/324/2
f 645/323/3 646/324/3 642/321/3
f 646/324/4 647/324/4 643/321/4
f 647/324/5 648/323/5 644/322/5
f 648/323/6 645/323/6 641/322/6
f 650/325/1 651/325/1 652/326/1
f 656/327/2 655/328/2 654/328/2
f 653/327/3 654/328/3 650/325/3
f 654/328/4 655/328/4 651/325/4
f 655/328/5 656/327/5 652/326/5
f 656/327/6 653/327/6 649/326/6
f 658/329/1 659/329/1 660/330/1
f 664/331/2 663/332/2 662/332/2
f 661/331/3 662/332/3 658/329/3
f 662/332/4 663/332/4 659/329/4
f 663/332/5 664/331/5 660/330/5
f 664/331/6 661/331/6 657/330/6
f 666/333/1 667/333/1 668/334/1
f 672/335/2 671/336/2 670/336/2
f 669/335/3 670/336/3 666/333/3
f 670/336/4 671/336/4 667/333/4
f 671/336/5 672/335/5 668/334/5
f 672/335/6 669/335/6 665/334/6
f 674/337/1 675/337/1 676/338/1
f 680/339/2 679/340/2 678/340/2
f 677/339/3 678/340/3 674/337/3
f 678/340/4 679/340/4 675/337/4
f 679/340/5 680/339/5 676/338/5
f 680/339/6 677/339/6 673/338/6
f 682/341/1 683/341/1 684/342/1
f 688/343/2 687/344/2 686/344/2
f 685/343/3 686/344/3 682/341/3
f 686/344/4 687/344/4 683/341/4
f 687/344/5 688/343/5 684/342/5
f 688/343/6 685/343/6 681/342/6
f 690/345/1 691/345/1 692/346/1
f 696/347/2 695/348/2 694/348/2
f 693/347/3 694/348/3 690/345/3
f 694/348/4 695/348/4 691/345/4
f 695/348/5 696/347/5 692/346/5
f 696/347/6 693/347/6 689/346/6
f 698/349/1 699/349/1 700/350/1
f 704/351/2 703/352/2 702/352/2
f 701/351/3 702/352/3 698/349/3
f 702/352/4 703/352/4 699/349/4
f 703/352/5 704/351/5 700/350/5
f 704/351/6 701/351/6 697/350/6
f 706/353/1 707/353/1 708/354/1
f 712/355/2 711/356/2 710/356/2
f 709/355/3 710/356/3 706/353/3
f 710/356/4 711/356/4 707/353/4
f 711/356/5 712/355/5 708/354/5
f 712/355/6 709/355/6 705/354/6
f 714/357/1 715/357/1 716/358/1
f 720/359/2 719/360/2 718/360/2
f 717/359/3 718/360/3 714/357/3
f 718/360/4 719/360/4 715/357/4
f 719/360/5 720/359/5 716/358/5
f 720/359/6 717/359/6 713/358/6
f 722/361/1 723/361/1 724/362/1
f 728/363/2 727/364/2 726/364/2
f 725/363/3 726/364/3 722/361/3
f 726/364/4 727/364/4 723/361/4
f 727/364/5 728/363/5 724/362/5
f 728/363/6 725/363/6 721/362/6
f 730/365/1 731/365/1 732/366/1
f 736/367/2 735/368/2 734/368/2
f 733/367/3 734/368/3 730/365/3
f 734/368/4 735/368/4 731/365/4
f 735/368/5 736/367/5 732/366/5
f 736/367/6 733/367/6 729/366/6
f 738/369/1 739/369/1 740/370/1
f 744/371/2 743/372/2 742/372/2
f 741/371/3 742/372/3 738/369/3
f 742/372/4 743/372/4 739/369/4
f 743/372/5 744/371/5 740/370/5
f 744/371/6 741/371/6 737/370/6
f 746/373/1 747/373/1 748/374/1
f 752/375/2 751/376/2 750/376/2
f 749/375/3 750/376/3 746/373/3
f 750/376/4 751/376/4 747/373/4
f 751/376/5 752/375/5 748/374/5
f 752/375/6 749/375/6 745/374/6
f 754/377/1 755/377/1 756/378/1
f 760/379/2 759/380/2 758/380/2
f 757/379/3 758/380/3 754/377/3
f 758/380/4 759/380/4 755/377/4
f 759/380/5 760/379/5 756/378/5
f 760/379/6 757/379/6 753/378/6
f 762/381/1 763/381/1 764/382/1
f 768/383/2 767/384/2 766/384/2
f 765/383/3 766/384/3 762/381/3
f 766/384/4 767/384/4 763/381/4
f 767/384/5 768/383/5 764/382/5
f 768/383/6 765/383/6 761/382/6
f 770/385/1 771/385/1 772/386/1
f 776/387/2 775/388/2 774/388/2
f 773/387/3 774/388/3 770/385/3
f 774/388/4 775/388/4 771/385/4
f 775/388/5 776/387/5 772/386/5
f 776/387/6 773/387/6 769/386/6
f 778/389/1 779/389/1 780/390/1
f 784/391/2 783/392/2 782/392/2
f 781/391/3 782/392/3 778/389/3
f 782/392/4 783/392/4 779/389/4
f 783/392/5 784/391/5 780/390/5
f 784/391/6 781/391/6 777/390/6
f 786/393/1 787/393/1 788/394/1
f 792/395/2 791/396/2 790/396/2
f 789/395/3 790/396/3 786/393/3
f 790/396/4 791/396/4 787/393/4
f 791/396/5 792/395/5 788/394/5
f 792/395/6 789/395/6 785/394/6
f 794/397/1 795/397/1 796/398/1
f 800/399/2 799/400/2 798/400/2
f 797/399/3 798/400/3 794/397/3
f 798/400/4 799/400/4 795/397/4
f 799/400/5 800/399/5 796/398/5
f 800/399/6 797/399/6 793/398/6
f 802/401/1 803/401/1 804/402/1
f 808/403/2 807/404/2 806/404/2
f 805/403/3 806/404/3 802/401/3
f 806/404/4 807/404/4 803/401/4
f 807/404/5 808/403/5 804/402/5
f 808/403/6 805/403/6 801/402/6
f 810/405/1 811/405/1 812/406/1
f 816/407/2 815/408/2 814/408/2
f 813/407/3 814/408/3 810/405/3
f 814/408/4 815/408/4 811/405/4
f 815/408/5 816/407/5 812/406/5
f 816/407/6 813/407/6 809/406/6
f 818/409/1 819/409/1 820/410/1
f 824/411/2 823/412/2 822/412/2
f 821/411/3 822/412/3 818/409/3
f 822/412/4 823/412/4 819/409/4
f 823/412/5 824/411/5 820/410/5
f 824/411/6 821/411/6 817/410/6
f 826/413/1 827/413/1 828/414/1
f 832/415/2 831/416/2 830/416/2
f 829/415/3 830/416/3 826/413/3
f 830/416/4 831/416/4 827/413/4
f 831/416/5 832/415/5 828/414/5
f 832/415/6 829/415/6 825/414/6
f 834/417/1 835/417/1 836/418/1
f 840/419/2 839/420/2 838/420/2
f 837/419/3 838/420/3 834/417/3
f 838/420/4 839/420/4 835/417/4
f 839/420/5 840/419/5 836/418/5
f 840/419/6 837/419/6 833/418/6
f 842/421/1 843/421/1 844/422/1
f 848/423/2 847/424/2 846/424/2
f 845/423/3 846/424/3 842/421/3
f 846/424/4 847/424/4 843/421/4
f 847/424/5 848/423/5 844/422/5
f 848/423/6 845/423/6 841/422/6
f 850/425/1 851/425/1 852/426/1
f 856/427/2 855/428/2 854/428/2
f 853/427/3 854/428/3 850/425/3
f 854/428/4 855/428/4 851/425/4
f 855/428/5 856/427/5 852/426/5
f 856/427/6 853/427/6 849/426/6
f 858/429/1 859/429/1 860/430/1
f 864/431/2 863/432/2 862/432/2
f 861/431/3 862/432/3 858/429/3
f 862/432/4 863/432/4 859/429/4
f 863/432/5 864/431/5 860/430/5
f 864/431/6 861/431/6 857/430/6
f 866/433/1 867/433/1 868/434/1
f 872/435/2 871/436/2 870/436/2
f 869/435/3 870/436/3 866/433/3
f 870/436/4 871/436/4 867/433/4
f 871/436/5 872/435/5 868/434/5
f 872/435/6 869/435/6 865/434/6
f 874/437/1 875/437/1 876/438/1
f 880/439/2 879/440/2 878/440/2
f 877/439/3 878/440/3 874/437/3
f 878/440/4 879/440/4 875/437/4
f 879/440/5 880/439/5 876/438/5
f 880/439/6 877/439/6 873/438/6
f 882/441/1 883/441/1 884/442/1
f 888/443/2 887/444/2 886/444/2
f 885/443/3 886/444/3 882/441/3
f 886/444/4 887/444/4 883/441/4
f 887/444/5 888/443/5 884/442/5
f 888/443/6 885/443/6 881/442/6
f 890/445/1 891/445/1 892/446/1
f 896/447/2 895/448/2 894/448/2
f 893/447/3 894/448/3 890/445/3
f 894/448/4 895/448/4 891/445/4
f 895/448/5 896/447/5 892/446/5
f 896/447/6 893/447/6 889/446/6
f 898/449/1 899/449/1 900/450/1
f 904/451/2 903/452/2 902/452/2
f 901/451/3 902/452/3 898/449/3
f 902/452/4 903/452/4 899/449/4
f 903/452/5 904/451/5 900/450/5
f 904/451/6 901/451/6 897/450/6
f 906/453/1 907/453/1 908/454/1
f 912/455/2 911/456/2 910/456/2
f 909/455/3 910/456/3 906/453/3
f 910/456/4 911/456/4 907/453/4
f 911/456/5 912/455/5 908/454/5
f 912/455/6 909/455/6 905/454/6
f 914/457/1 915/457/1 916/458/1
f 920/459/2 919/460/2 918/460/2
f 917/459/3 918/460/3 914/457/3
f 918/460/4 919/460/4 915/457/4
f 919/460/5 920/459/5 916/458/5
f 920/459/6 917/459/6 913/458/6
f 922/461/1 923/461/1 924/462/1
f 928/463/2 927/464/2 926/464/2
f 925/463/3 926/464/3 922/461/3
f 926/464/4 927/464/4 923/461/4
f 927/464/5 928/463/5 924/462/5
f 928/463/6 925/463/6 921/462/6
f 930/465/1 931/465/1 932/466/1
f 936/467/2 935/468/2 934/468/2
f 933/467/3 934/468/3 930/465/3
f 934/468/4 935/468/4 931/465/4
f 935/468/5 936/467/5 932/466/5
f 936/467/6 933/467/6 929/466/6
f 938/469/1 939/469/1 940/470/1
f 944/471/2 943/472/2 942/472/2
f 941/471/3 942/472/3 938/469/3
f 942/472/4 943/472/4 939/469/4
f 943/472/5 944/471/5 940/470/5
f 944/471/6 941/471/6 937/470/6
f 946/473/1 947/473/1 948/474/1
f 952/475/2 951/476/2 950/476/2
f 949/475/3 950/476/3 946/473/3
f 950/476/4 951/476/4 947/473/4
f 951/476/5 952/475/5 948/474/5
f 952/475/6 949/475/6 945/474/6
f 954/477/1 955/477/1 956/478/1
f 960/479/2 959/480/2 958/480/2
f 957/479/3 958/480/3 954/477/3
f 958/480/4 959/480/4 955/477/4
f 959/480/5 960/479/5 956/478/5
f 960/479/6 957/479/6 953/478/6
f 962/481/1 963/481/1 964/482/1
f 968/483/2 967/484/2 966/484/2
f 965/483/3 966/484/3 962/481/3
f 966/484/4 967/484/4 963/481/4
f 967/484/5 968/483/5 964/482/5
f 968/483/6 965/483/6 961/482/6
f 970/485/1 971/485/1 972/486/1
f 976/487/2 975/488/2 974/488/2
f 973/487/3 974/488/3 970/485/3
f 974/488/4 975/488/4 971/485/4
f 975/488/5 976/487/5 972/486/5
f 976/487/6 973/487/6 969/486/6
f 978/489/1 979/489/1 980/490/1
f 984/491/2 983/492/2 982/492/2
f 981/491/3 982/492/3 978/489/3
f 982/492/4 983/492/4 979/489/4
f 983/492/5 984/491/5 980/490/5
f 984/491/6 981/491/6 977/490/6
f 986/493/1 987/493/1 988/494/1
f 992/495/2 991/496/2 990/496/2
f 989/495/3 990/496/3 986/493/3
f 990/496/4 991/496/4 987/493/4
f 991/496/5 992/495/5 988/494/5
f 992/495/6 989/495/6 985/494/6
f 994/497/1 995/497/1 996/498/1
f 1000/499/2 999/500/2 998/500/2
f 997/499/3 998/500/3 994/497/3
f 998/500/4 999/500/4 995/497/4
f 999/500/5 1000/499/5 996/498/5
f 1000/499/6 997/499/6 993/498/6
f 1002/501/1 1003/501/1 1004/502/1
f 1008/503/2 1007/504/2 1006/504/2
f 1005/503/3 1006/504/3 1002/501/3
f 1006/504/4 1007/504/4 1003/501/4
f 1007/504/5 1008/503/5 1004/502/5
f 1008/503/6 1005/503/6 1001/502/6
f 1010/505/1 1011/505/1 1012/506/1
f 1016/507/2 1015/508/2 1014/508/2
f 1013/507/3 1014/508/3 1010/505/3
f 1014/508/4 1015/508/4 1011/505/4
f 1015/508/5 1016/507/5 1012/506/5
f 1016/507/6 1013/507/6 1009/506/6
f 1018/509/1 1019/509/1 1020/510/1
f 1024/511/2 1023/512/2 1022/512/2
f 1021/511/3 1022/512/3 1018/509/3
f 1022/512/4 1023/512/4 1019/509/4
f 1023/512/5 1024/511/5 1020/510/5
f 1024/511/6 1021/511/6 1017/510/6
f 1026/513/1 1027/513/1 1028/514/1
f 1032/515/2 1031/516/2 1030/516/2
f 1029/515/3 1030/516/3 1026/513/3
f 1030/516/4 1031/516/4 1027/513/4
f 1031/516/5 1032/515/5 1028/514/5
f 1032/515/6 1029/515/6 1025/514/6
f 1034/517/1 1035/517/1 1036/518/1
f 1040/519/2 1039/520/2 1038/520/2
f 1037/519/3 1038/520/3 1034/517/3
f 1038/520/4 1039/520/4 1035/517/4
f 1039/520/5 1040/519/5 1036/518/5
f 1040/519/6 1037/519/6 1033/518/6
f 1042/521/1 1043/521/1 1044/522/1
f 1048/523/2 1047/524/2 1046/524/2
f 1045/523/3 1046/524/3 1042/521/3
f 1046/524/4 1047/524/4 1043/521/4
f 1047/524/5 1048/523/5 1044/522/5
f 1048/523/6 1045/523/6 1041/522/6
f 1050/525/1 1051/525/1 1052/526/1
f 1056/527/2 1055/528/2 1054/528/2
f 1053/527/3 1054/528/3 1050/525/3
f 1054/528/4 1055/528/4 1051/525/4
f 1055/528/5 1056/527/5 1052/526/5
f 1056/527/6 1053/527/6 1049/526/6
f 1058/529/1 1059/529/1 1060/530/1
f 1064/531/2 1063/532/2 1062/532/2
f 1061/531/3 1062/532/3 1058/529/3
f 1062/532/4 1063/532/4 1059/529/4
f 1063/532/5 1064/531/5 1060/530/5
f 1064/531/6 1061/531/6 1057/530/6
f 1066/533/1 1067/533/1 1068/534/1
f 1072/535/2 1071/536/2 1070/536/2
f 1069/535/3 1070/536/3 1066/533/3
f 1070/536/4 1071/536/4 1067/533/4
f 1071/536/5 1072/535/5 1068/534/5
f 1072/535/6 1069/535/6 1065/534/6
f 1074/537/1 1075/537/1 1076/538/1
f 1080/539/2 1079/540/2 1078/540/2
f 1077/539/3 1078/540/3 1074/537/3
f 1078/540/4 1079/540/4 1075/537/4
f 1079/540/5 1080/539/5 1076/538/5
f 1080/539/6 1077/539/6 1073/538/6
f 1082/541/1 1083/541/1 1084/542/1
f 1088/543/2 1087/544/2 1086/544/2
f 1085/543/3 1086/544/3 1082/541/3
f 1086/544/4 1087/544/4 1083/541/4
f 1087/544/5 1088/543/5 1084/542/5
f 1088/543/6 1085/543/6 1081/542/6
f 1090/545/1 1091/545/1 1092/546/1
f 1096/547/2 1095/548/2 1094/548/2
f 1093/547/3 1094/548/3 1090/545/3
f 1094/548/4 1095/548/4 1091/545/4
f 1095/548/5 1096/547/5 1092/546/5
f 1096/547/6 1093/547/6 1089/546/6
f 1098/549/1 1099/549/1 1100/550/1
f 1104/551/2 1103/552/2 1102/552/2
f 1101/551/3 1102/552/3 1098/549/3
f 1102/552/4 1103/552/4 1099/549/4
f 1103/552/5 1104/551/5 1100/550/5
f 1104/551/6 1101/551/6 1097/550/6
f 1106/553/1 1107/553/1 1108/554/1
f 1112/555/2 1111/556/2 1110/556/2
f 1109/555/3 1110/556/3 1106/553/3
f 1110/556/4 1111/556/4 1107/553/4
f 1111/556/5 1112/555/5 1108/554/5
f 1112/555/6 1109/555/6 1105/554/6
f 1114/557/1 1115/557/1 1116/558/1
f 1120/559/2 1119/560/2 1118/560/2
f 1117/559/3 1118/560/3 1114/557/3
f 1118/560/4 1119/560/4 1115/557/4
f 1119/560/5 1120/559/5 1116/558/5
f 1120/559/6 1117/559/6 1113/558/6
f 1122/561/1 1123/561/1 1124/562/1
f 1128/563/2 1127/564/2 1126/564/2
f 1125/563/3 1126/564/3 1122/561/3
f 1126/564/4 1127/564/4 1123/561/4
f 1127/564/5 1128/563/5 1124/562/5
f 1128/563/6 1125/563/6 1121/562/6
f 1130/565/1 1131/565/1 1132/566/1
f 1136/567/2 1135/568/2 1134/568/2
f 1133/567/3 1134/568/3 1130/565/3
f 1134/568/4 1135/568/4 1131/565/4
f 1135/568/5 1136/567/5 1132/566/5
f 1136/567/6 1133/567/6 1129/566/6
f 1138/569/1 1139/569/1 1140/570/1
f 1144/571/2 1143/572/2 1142/572/2
f 1141/571/3 1142/572/3 1138/569/3
f 1142/572/4 1143/572/4 1139/569/4
f 1143/572/5 1144/571/5 1140/570/5
f 1144/571/6 1141/571/6 1137/570/6
f 1146/573/1 1147/573/1 1148/574/1
f 1152/575/2 1151/576/2 1150/576/2
f 1149/575/3 1150/576/3 1146/573/3
f 1150/576/4 1151/576/4 1147/573/4
f 1151/576/5 1152/575/5 1148/574/5
f 1152/575/6 1149/575/6 1145/574/6
f 1154/577/1 1155/577/1 1156/578/1
f 1160/579/2 1159/580/2 1158/580/2
f 1157/579/3 1158/580/3 1154/577/3
f 1158/580/4 1159/580/4 1155/577/4
f 1159/580/5 1160/579/5 1156/578/5
f 1160/579/6 1157/579/6 1153/578/6
f 1162/581/1 1163/581/1 1164/582/1
f 1168/583/2 1167/584/2 1166/584/2
f 1165/583/3 1166/584/3 1162/581/3
f 1166/584/4 1167/584/4 1163/581/4
f 1167/584/5 1168/583/5 1164/582/5
f 1168/583/6 1165/583/6 1161/582/6
f 1170/585/1 1171/585/1 1172/586/1
f 1176/587/2 1175/588/2 1174/588/2
f 1173/587/3 1174/588/3 1170/585/3
f 1174/588/4 1175/588/4 1171/585/4
f 1175/588/5 1176/587/5 1172/586/5
f 1176/587/6 1173/587/6 1169/586/6
f 1178/589/1 1179/589/1 1180/590/1
f 1184/591/2 1183/592/2 1182/592/2
f 1181/591/3 1182/592/3 1178/589/3
f 1182/592/4 1183/592/4 1179/589/4
f 1183/592/5 1184/591/5 1180/590/5
f 1184/591/6 1181/591/6 1177/590/6
f 1186/593/1 1187/593/1 1188/594/1
f 1192/595/2 1191/596/2 1190/596/2
f 1189/595/3 1190/596/3 1186/593/3
f 1190/596/4 1191/596/4 1187/593/4
f 1191/596/5 1192/595/5 1188/594/5
f 1192/595/6 1189/595/6 1185/594/6
f 1194/597/1 1195/597/1 1196/598/1
f 1200/599/2 1199/600/2 1198/600/2
f 1197/599/3 1198/600/3 1194/597/3
f 1198/600/4 1199/600/4 1195/597/4
f 1199/600/5 1200/599/5 1196/598/5
f 1200/599/6 1197/599/6 1193/598/6
f 1202/601/1 1203/601/1 1204/602/1
f 1208/603/2 1207/604/2 1206/604/2
f 1205/603/3 1206/604/3 1202/601/3
f 1206/604/4 1207/604/4 1203/601/4
f 1207/604/5 1208/603/5 1204/602/5
f 1208/603/6 1205/603/6 1201/602/6
f 1210/605/1 1211/605/1 1212/606/1
f 1216/607/2 1215/608/2 1214/608/2
f 1213/607/3 1214/608/3 1210/605/3
f 1214/608/4 1215/608/4 1211/605/4
f 1215/608/5 1216/607/5 1212/606/5
f 1216/607/6 1213/607/6 1209/606/6
f 1218/609/1 1219/609/1 1220/610/1
f 1224/611/2 1223/612/2 1222/612/2
f 1221/611/3 1222/612/3 1218/609/3
f 1222/612/4 1223/612/4 1219/609/4
f 1223/612/5 1224/611/5 1220/610/5
f 1224/611/6 1221/611/6 1217/610/6
f 1226/613/1 1227/613/1 1228/614/1
f 1232/615/2 1231/616/2 1230/616/2
f 1229/615/3 1230/616/3 1226/613/3
f 1230/616/4 1231/616/4 1227/613/4
f 1231/616/5 1232/615/5 1228/614/5
f 1232/615/6 1229/615/6 1225/614/6
f 1234/617/1 1235/617/1 1236/618/1
f 1240/619/2 1239/620/2 1238/620/2
f 1237/619/3 1238/620/3 1234/617/3
f 1238/620/4 1239/620/4 1235/617/4
f 1239/620/5 1240/619/5 1236/618/5
f 1240/619/6 1237/619/6 1233/618/6
f 1242/621/1 1243/621/1 1244/622/1
f 1248/623/2 1247/624/2 1246/624/2
f 1245/623/3 1246/624/3 1242/621/3
f 1246/624/4 1247/624/4 1243/621/4
f 1247/624/5 1248/623/5 1244/622/5
f 1248/623/6 1245/623/6 1241/622/6
f 1250/625/1 1251/625/1 1252/626/1
f 1256/627/2 1255/628/2 1254/628/2
f 1253/627/3 1254/628/3 1250/625/3
f 1254/628/4 1255/628/4 1251/625/4
f 1255/628/5 1256/627/5 1252/626/5
f 1256/627/6 1253/627/6 1249/626/6
f 1258/629/1 1259/629/1 1260/630/1
f 1264/631/2 1263/632/2 1262/632/2
f 1261/631/3 1262/632/3 1258/629/3
f 1262/632/4 1263/632/4 1259/629/4
f 1263/632/5 1264/631/5 1260/630/5
f 1264/631/6 1261/631/6 1257/630/6
f 1266/633/1 1267/633/1 1268/634/1
f 1272/635/2 1271/636/2 1270/636/2
f 1269/635/3 1270/636/3 1266/633/3
f 1270/636/4 1271/636/4 1267/633/4
f 1271/636/5 1272/635/5 1268/634/5
f 1272/635/6 1269/635/6 1265/634/6
f 1274/637/1 1275/637/1 1276/638/1
f 1280/639/2 1279/640/2 1278/640/2
f 1277/639/3 1278/640/3 1274/637/3
f 1278/640/4 1279/640/4 1275/637/4
f 1279/640/5 1280/639/5 1276/638/5
f 1280/639/6 1277/639/6 1273/638/6
f 1282/641/1 1283/641/1 1284/642/1
f 1288/643/2 1287/644/2 1286/644/2
f 1285/643/3 1286/644/3 1282/641/3
f 1286/644/4 1287/644/4 1283/641/4
f 1287/644/5 1288/643/5 1284/642/5
f 1288/643/6 1285/643/6 1281/642/6
f 1290/645/1 1291/645/1 1292/646/1
f 1296/647/2 1295/648/2 1294/648/2
f 1293/647/3 1294/648/3 1290/645/3
f 1294/648/4 1295/648/4 1291/645/4
f 1295/648/5 1296/647/5 1292/646/5
f 1296/647/6 1293/647/6 1289/646/6
f 1298/649/1 1299/649/1 1300/650/1
f 1304/651/2 1303/652/2 1302/652/2
f 1301/651/3 1302/652/3 1298/649/3
f 1302/652/4 1303/652/4 1299/649/4
f 1303/652/5 1304/651/5 1300/650/5
f 1304/651/6 1301/651/6 1297/650/6
f 1306/653/1 1307/653/1 1308/654/1
f 1312/655/2 1311/656/2 1310/656/2
f 1309/655/3 1310/656/3 1306/653/3
f 1310/656/4 1311/656/4 1307/653/4
f 1311/656/5 1312/655/5 1308/654/5
f 1312/655/6 1309/655/6 1305/654/6
f 1314/657/1 1315/657/1 1316/658/1
f 1320/659/2 1319/660/2 1318/660/2
f 1317/659/3 1318/660/3 1314/657/3
f 1318/660/4 1319/660/4 1315/657/4
f 1319/660/5 1320/659/5 1316/658/5
f 1320/659/6 1317/659/6 1313/658/6
f 1322/661/1 1323/661/1 1324/662/1
f 1328/663/2 1327/664/2 1326/664/2
f 1325/663/3 1326/664/3 1322/661/3
f 1326/664/4 1327/664/4 1323/661/4
f 1327/664/5 1328/663/5 1324/662/5
f 1328/663/6 1325/663/6 1321/662/6
f 1330/665/1 1331/665/1 1332/666/1
f 1336/667/2 1335/668/2 1334/668/2
f 1333/667/3 1334/668/3 1330/665/3
f 1334/668/4 1335/668/4 1331/665/4
f 1335/668/5 1336/667/5 1332/666/5
f 1336/667/6 1333/667/6 1329/666/6
f 1338/669/1 1339/669/1 1340/670/1
f 1344/671/2 1343/672/2 1342/672/2
f 1341/671/3 1342/672/3 1338/669/3
f 1342/672/4 1343/672/4 1339/669/4
f 1343/672/5 1344/671/5 1340/670/5
f 1344/671/6 1341/671/6 1337/670/6
f 1346/673/1 1347/673/1 1348/674/1
f 1352/675/2 1351/676/2 1350/676/2
f 1349/675/3 1350/676/3 1346/673/3
f 1350/676/4 1351/676/4 1347/673/4
f 1351/676/5 1352/675/5 1348/674/5
f 1352/675/6 1349/675/6 1345/674/6
f 1354/677/1 1355/677/1 1356/678/1
f 1360/679/2 1359/680/2 1358/680/2
f 1357/679/3 1358/680/3 1354/677/3
f 1358/680/4 1359/680/4 1355/677/4
f 1359/680/5 1360/679/5 1356/678/5
f 1360/679/6 1357/679/6 1353/678/6
f 1362/681/1 1363/681/1 1364/682/1
f 1368/683/2 1367/684/2 1366/684/2
f 1365/683/3 1366/684/3 1362/681/3
f 1366/684/4 1367/684/4 1363/681/4
f 1367/684/5 1368/683/5 1364/682/5
f 1368/683/6 1365/683/6 1361/682/6
f 1370/685/1 1371/685/1 1372/686/1
f 1376/687/2 1375/688/2 1374/688/2
f 1373/687/3 1374/688/3 1370/685/3
f 1374/688/4 1375/688/4 1371/685/4
f 1375/688/5 1376/687/5 1372/686/5
f 1376/687/6 1373/687/6 1369/686/6
f 1378/689/1 1379/689/1 1380/690/1
f 1384/691/2 1383/692/2 1382/692/2
f 1381/691/3 1382/692/3 1378/689/3
f 1382/692/4 1383/692/4 1379/689/4
f 1383/692/5 1384/691/5 1380/690/5
f 1384/691/6 1381/691/6 1377/690/6
f 1386/693/1 1387/693/1 1388/694/1
f 1392/695/2 1391/696/2 1390/696/2
f 1389/695/3 1390/696/3 1386/693/3
f 1390/696/4 1391/696/4 1387/693/4
f 1391/696/5 1392/695/5 1388/694/5
f 1392/695/6 1389/695/6 1385/694/6
f 1394/697/1 1395/697/1 1396/698/1
f 1400/699/2 1399/700/2 1398/700/2
f 1397/699/3 1398/700/3 1394/697/3
f 1398/700/4 1399/700/4 1395/697/4
f 1399/700/5 1400/699/5 1396/698/5
f 1400/699/6 1397/699/6 1393/698/6
f 1402/701/1 1403/701/1 1404/702/1
f 1408/703/2 1407/704/2 1406/704/2
f 1405/703/3 1406/704/3 1402/701/3
f 1406/704/4 1407/704/4 1403/701/4
f 1407/704/5 1408/703/5 1404/702/5
f 1408/703/6 1405/703/6 1401/702/6
f 1410/705/1 1411/705/1 1412/706/1
f 1416/707/2 1415/708/2 1414/708/2
f 1413/707/3 1414/708/3 1410/705/3
f 1414/708/4 1415/708/4 1411/705/4
f 1415/708/5 1416/707/5 1412/706/5
f 1416/707/6 1413/707/6 1409/706/6
f 1418/709/1 1419/709/1 1420/710/1
f 1424/711/2 1423/712/2 1422/712/2
f 1421/711/3 1422/712/3 1418/709/3
f 1422/712/4 1423/712/4 1419/709/4
f 1423/712/5 1424/711/5 1420/710/5
f 1424/711/6 1421/711/6 1417/710/6
f 1426/713/1 1427/714/1 1428/714/1
f 1432/715/2 1431/715/2 1430/716/2
f 1429/716/3 1430/716/3 1426/713/3
f 1430/716/4 1431/715/4 1427/714/4
f 1431/715/5 1432/715/5 1428/714/5
f 1432/715/6 1429/716/6 1425/713/6
f 1434/717/1 1435/718/1 1436/718/1
f 1440/719/2 1439/719/2 1438/720/2
f 1437/720/3 1438/720/3 1434/717/3
f 1438/720/4 1439/719/4 1435/718/4
f 1439/719/5 1440/719/5 1436/718/5
f 1440/719/6 1437/720/6 1433/717/6
f 1442/721/1 1443/722/1 1444/722/1
f 1448/723/2 1447/723/2 1446/724/2
f 1445/724/3 1446/724/3 1442/721/3
f 1446/724/4 1447/723/4 1443/722/4
f 1447/723/5 1448/723/5 1444/722/5
f 1448/723/6 1445/724/6 1441/721/6
f 1450/725/1 1451/726/1 1452/726/1
f 1456/727/2 1455/727/2 1454/728/2
f 1453/728/3 1454/728/3 1450/725/3
f 1454/728/4 1455/727/4 1451/726/4
f 1455/727/5 1456/727/5 1452/726/5
f 1456/727/6 1453/728/6 1449/725/6
f 1458/729/1 1459/730/1 1460/730/1
f 1464/731/2 1463/731/2 1462/732/2
f 1461/732/3 1462/732/3 1458/729/3
f 1462/732/4 1463/731/4 1459/730/4
f 1463/731/5 1464/731/5 1460/730/5
f 1464/731/6 1461/732/6 1457/729/6
f 1466/733/1 1467/734/1 1468/734/1
f 1472/735/2 1471/735/2 1470/736/2
f 1469/736/3 1470/736/3 1466/733/3
f 1470/736/4 1471/735/4 1467/734/4
f 1471/735/5 1472/735/5 1468/734/5
f 1472/735/6 1469/736/6 1465/733/6
f 1474/737/1 1475/738/1 1476/738/1
f 1480/739/2 1479/739/2 1478/740/2
f 1477/740/3 1478/740/3 1474/737/3
f 1478/740/4 1479/739/4 1475/738/4
f 1479/739/5 1480/739/5 1476/738/5
f 1480/739/6 1477/740/6 1473/737/6
f 1482/741/1 1483/742/1 1484/742/1
f 1488/743/2 1487/743/2 1486/744/2
f 1485/744/3 1486/744/3 1482/741/3
f 1486/744/4 1487/743/4 1483/742/4
f 1487/743/5 1488/743/5 1484/742/5
f 1488/743/6 1485/744/6 1481/741/6
f 1490/745/1 1491/746/1 1492/746/1
f 1496/747/2 1495/747/2 1494/748/2
f 1493/748/3 1494/748/3 1490/745/3
f 1494/748/4 1495/747/4 1491/746/4
f 1495/747/5 1496/747/5 1492/746/5
f 1496/747/6 1493/748/6 1489/745/6
f 1498/749/1 1499/750/1 1500/750/1
f 1504/751/2 1503/751/2 1502/752/2
f 1501/752/3 1502/752/3 1498/749/3
f 1502/752/4 1503/751/4 1499/750/4
f 1503/751/5 1504/751/5 1500/750/5
f 1504/751/6 1501/752/6 1497/749/6
f 1506/753/1 1507/754/1 1508/754/1
f 1512/755/2 1511/755/2 1510/756/2
f 1509/756/3 1510/756/3 1506/753/3
f 1510/756/4 1511/755/4 1507/754/4
f 1511/755/5 1512/755/5 1508/754/5
f 1512/755/6 1509/756/6 1505/753/6
f 1514/757/1 1515/758/1 1516/758/1
f 1520/759/2 1519/759/2 1518/760/2
f 1517/760/3 1518/760/3 1514/757/3
f 1518/760/4 1519/759/4 1515/758/4
f 1519/759/5 1520/759/5 1516/758/5
f 1520/759/6 1517/760/6 1513/757/6
f 1522/761/1 1523/762/1 1524/762/1
f 1528/763/2 1527/763/2 1526/764/2
f 1525/764/3 1526/764/3 1522/761/3
f 1526/764/4 1527/763/4 1523/762/4
f 1527/763/5 1528/763/5 1524/762/5
f 1528/763/6 1525/764/6 1521/761/6
f 1530/765/1 1531/766/1 1532/766/1
f 1536/767/2 1535/767/2 1534/768/2
f 1533/768/3 1534/768/3 1530/765/3
f 1534/768/4 1535/767/4 1531/766/4
f 1535/767/5 1536/767/5 1532/766/5
f 1536/767/6 1533/768/6 1529/765/6
f 1538/769/1 1539/770/1 1540/770/1
f 1544/771/2 1543/771/2 1542/772/2
f 1541/772/3 1542/772/3 1538/769/3
f 1542/772/4 1543/771/4 1539/770/4
f 1543/771/5 1544/771/5 1540/770/5
f 1544/771/6 1541/772/6 1537/769/6
f 1546/773/1 1547/774/1 1548/774/1
f 1552/775/2 1551/775/2 1550/776/2
f 1549/776/3 1550/776/3 1546/773/3
f 1550/776/4 1551/775/4 1547/774/4
f 1551/775/5 1552/775/5 1548/774/5
f 1552/775/6 1549/776/6 1545/773/6
f 1554/777/1 1555/778/1 1556/778/1
f 1560/779/2 1559/779/2 1558/780/2
f 1557/780/3 1558/780/3 1554/777/3
f 1558/780/4 1559/779/4 1555/778/4
f 1559/779/5 1560/779/5 1556/778/5
f 1560/779/6 1557/780/6 1553/777/6
f 1562/781/1 1563/782/1 1564/782/1
f 1568/783/2 1567/783/2 1566/784/2
f 1565/784/3 1566/784/3 1562/781/3
f 1566/784/4 1567/783/4 1563/782/4
f 1567/783/5 1568/783/5 1564/782/5
f 1568/783/6 1565/784/6 1561/781/6
f 1570/785/1 1571/786/1 1572/786/1
f 1576/787/2 1575/787/2 1574/788/2
f 1573/788/3 1574/788/3 1570/785/3
f 1574/788/4 1575/787/4 1571/786/4
f 1575/787/5 1576/787/5 1572/786/5
f 1576/787/6 1573/788/6 1569/785/6
f 1578/789/1 1579/790/1 1580/790/1
f 1584/791/2 1583/791/2 1582/792/2
f 1581/792/3 1582/792/3 1578/789/3
f 1582/792/4 1583/791/4 1579/790/4
f 1583/791/5 1584/791/5 1580/790/5
f 1584/791/6 1581/792/6 1577/789/6
f 1586/793/1 1587/794/1 1588/794/1
f 1592/795/2 1591/795/2 1590/796/2
f 1589/796/3 1590/796/3 1586/793/3
f 1590/796/4 1591/795/4 1587/794/4
f 1591/795/5 1592/795/5 1588/794/5
f 1592/795/6 1589/796/6 1585/793/6
f 1594/797/1 1595/798/1 1596/798/1
f 1600/799/2 1599/799/2 1598/800/2
f 1597/800/3 1598/800/3 1594/797/3
f 1598/800/4 1599/799/4 1595/798/4
f 1599/799/5 1600/799/5 1596/798/5
f 1600/799/6 1597/800/6 1593/797/6
f 1602/801/1 1603/802/1 1604/802/1
f 1608/803/2 1607/803/2 1606/804/2
f 1605/804/3 1606/804/3 1602/801/3
f 1606/804/4 1607/803/4 1603/802/4
f 1607/803/5 1608/803/5 1604/802/5
f 1608/803/6 1605/804/6 1601/801/6
f 1610/805/1 1611/806/1 1612/806/1
f 1616/807/2 1615/807/2 1614/808/2
f 1613/808/3 1614/808/3 1610/805/3
f 1614/808/4 1615/807/4 1611/806/4
f 1615/807/5 1616/807/5 1612/806/5
f 1616/807/6 1613/808/6 1609/805/6
f 1618/809/1 1619/810/1 1620/810/1
f 1624/811/2 1623/811/2 1622/812/2
f 1621/812/3 1622/812/3 1618/809/3
f 1622/812/4 1623/811/4 1619/810/4
f 1623/811/5 1624/811/5 1620/810/5
f 1624/811/6 1621/812/6 1617/809/6
f 1626/813/1 1627/814/1 1628/814/1
f 1632/815/2 1631/815/2 1630/816/2
f 1629/816/3 1630/816/3 1626/813/3
f 1630/816/4 1631/815/4 1627/814/4
f 1631/815/5 1632/815/5 1628/814/5
f 1632/815/6 1629/816/6 1625/813/6
f 1634/817/1 1635/818/1 1636/818/1
f 1640/819/2 1639/819/2 1638/820/2
f 1637/820/3 1638/820/3 1634/817/3
f 1638/820/4 1639/819/4 1635/818/4
f 1639/819/5 1640/819/5 1636/818/5
f 1640/819/6 1637/820/6 1633/817/6
f 1642/821/1 1643/822/1 1644/822/1
f 1648/823/2 1647/823/2 1646/824/2
f 1645/824/3 1646/824/3 1642/821/3
f 1646/824/4 1647/823/4 1643/822/4
f 1647/823/5 1648/823/5 1644/822/5
f 1648/823/6 1645/824/6 1641/821/6
f 1650/825/1 1651/826/1 1652/826/1
f 1656/827/2 1655/827/2 1654/828/2
f 1653/828/3 1654/828/3 1650/825/3
f 1654/828/4 1655/827/4 1651/826/4
f 1655/827/5 1656/827/5 1652/826/5
f 1656/827/6 1653/828/6 1649/825/6
f 1658/829/1 1659/830/1 1660/830/1
f 1664/831/2 1663/831/2 1662/832/2
f 1661/832/3 1662/832/3 1658/829/3
f 1662/832/4 1663/831/4 1659/830/4
f 1663/831/5 1664/831/5 1660/830/5
f 1664/831/6 1661/832/6 1657/829/6
f 1666/833/1 1667/834/1 1668/834/1
f 1672/835/2 1671/835/2 1670/836/2
f 1669/836/3 1670/836/3 1666/833/3
f 1670/836/4 1671/835/4 1667/834/4
f 1671/835/5 1672/835/5 1668/834/5
f 1672/835/6 1669/836/6 1665/833/6
f 1674/837/1 1675/838/1 1676/838/1
f 1680/839/2 1679/839/2 1678/840/2
f 1677/840/3 1678/840/3 1674/837/3
f 1678/840/4 1679/839/4 1675/838/4
f 1679/839/5 1680/839/5 1676/838/5
f 1680/839/6 1677/840/6 1673/837/6
f 1682/841/1 1683/842/1 1684/842/1
f 1688/843/2 1687/843/2 1686/844/2
f 1685/844/3 1686/844/3 1682/841/3
f 1686/844/4 1687/843/4 1683/842/4
f 1687/843/5 1688/843/5 1684/842/5
f 1688/843/6 1685/844/6 1681/841/6
f 1690/845/1 1691/846/1 1692/846/1
f 1696/847/2 1695/847/2 1694/848/2
f 1693/848/3 1694/848/3 1690/845/3
f 1694/848/4 1695/847/4 1691/846/4
f 1695/847/5 1696/847/5 1692/846/5
f 1696/847/6 1693/848/6 1689/845/6
f 1698/849/1 1699/850/1 1700/850/1
f 1704/851/2 1703/851/2 1702/852/2
f 1701/852/3 1702/852/3 1698/849/3
f 1702/852/4 1703/851/4 1699/850/4
f 1703/851/5 1704/851/5 1700/850/5
f 1704/851/6 1701/852/6 1697/849/6
f 1706/853/1 1707/854/1 1708/854/1
f 1712/855/2 1711/855/2 1710/856/2
f 1709/856/3 1710/856/3 1706/853/3
f 1710/856/4 1711/855/4 1707/854/4
f 1711/855/5 1712/855/5 1708/854/5
f 1712/855/6 1709/856/6 1705/853/6
f 1714/857/1 1715/858/1 1716/858/1
f 1720/859/2 1719/859/2 1718/860/2
f 1717/860/3 1718/860/3 1714/857/3
f 1718/860/4 1719/859/4 1715/858/4
f 1719/859/5 1720/859/5 1716/858/5
f 1720/859/6 1717/860/6 1713/857/6
f 1722/861/1 1723/862/1 1724/862/1
f 1728/863/2 1727/863/2 1726/864/2
f 1725/864/3 1726/864/3 1722/861/3
f 1726/864/4 1727/863/4 1723/862/4
f 1727/863/5 1728/863/5 1724/862/5
f 1728/863/6 1725/864/6 1721/861/6
f 1730/865/1 1731/866/1 1732/866/1
f 1736/867/2 1735/867/2 1734/868/2
f 1733/868/3 1734/868/3 1730/865/3
f 1734/868/4 1735/867/4 1731/866/4
f 1735/867/5 1736/867/5 1732/866/5
f 1736/867/6 1733/868/6 1729/865/6
f 1738/869/1 1739/870/1 1740/870/1
f 1744/871/2 1743/871/2 1742/872/2
f 1741/872/3 1742/872/3 1738/869/3
f 1742/872/4 1743/871/4 1739/870/4
f 1743/871/5 1744/871/5 1740/870/5
f 1744/871/6 1741/872/6 1737/869/6
f 1746/873/1 1747/874/1 1748/874/1
f 1752/875/2 1751/875/2 1750/876/2
f 1749/876/3 1750/876/3 1746/873/3
f 1750/876/4 1751/875/4 1747/874/4
f 1751/875/5 1752/875/5 1748/874/5
f 1752/875/6 1749/876/6 1745/873/6
f 1754/877/1 1755/878/1 1756/878/1
f 1760/879/2 1759/879/2 1758/880/2
f 1757/880/3 1758/880/3 1754/877/3
f 1758/880/4 1759/879/4 1755/878/4
f 1759/879/5 1760/879/5 1756/878/5
f 1760/879/6 1757/880/6 1753/877/6
f 1762/881/1 1763/882/1 1764/882/1
f 1768/883/2 1767/883/2 1766/884/2
f 1765/884/3 1766/884/3 1762/881/3
f 1766/884/4 1767/883/4 1763/882/4
f 1767/883/5 1768/883/5 1764/882/5
f 1768/883/6 1765/884/6 1761/881/6
f 1770/885/1 1771/886/1 1772/886/1
f 1776/887/2 1775/887/2 1774/888/2
f 1773/888/3 1774/888/3 1770/885/3
f 1774/888/4 1775/887/4 1771/886/4
f 1775/887/5 1776/887/5 1772/886/5
f 1776/887/6 1773/888/6 1769/885/6
f 1778/889/1 1779/890/1 1780/890/1
f 1784/891/2 1783/891/2 1782/892/2
f 1781/892/3 1782/892/3 1778/889/3
f 1782/892/4 1783/891/4 1779/890/4
f 1783/891/5 1784/891/5 1780/890/5
f 1784/891/6 1781/892/6 1777/889/6
f 1786/893/1 1787/894/1 1788/894/1
f 1792/895/2 1791/895/2 1790/896/2
f 1789/896/3 1790/896/3 1786/893/3
f 1790/896/4 1791/895/4 1787/894/4
f 1791/895/5 1792/895/5 1788/894/5
f 1792/895/6 1789/896/6 1785/893/6
f 1794/897/1 1795/898/1 1796/898/1
f 1800/899/2 1799/899/2 1798/900/2
f 1797/900/3 1798/900/3 1794/897/3
f 1798/900/4 1799/899/4 1795/898/4
f 1799/899/5 1800/899/5 1796/898/5
f 1800/899/6 1797/900/6 1793/897/6
f 1802/901/1 1803/902/1 1804/902/1
f 1808/903/2 1807/903/2 1806/904/2
f 1805/904/3 1806/904/3 1802/901/3
f 1806/904/4 1807/903/4 1803/902/4
f 1807/903/5 1808/903/5 1804/902/5
f 1808/903/6 1805/904/6 1801/901/6
f 1810/905/1 1811/906/1 1812/906/1
f 1816/907/2 1815/907/2 1814/908/2
f 1813/908/3 1814/908/3 1810/905/3
f 1814/908/4 1815/907/4 1811/906/4
f 1815/907/5 1816/907/5 1812/906/5
f 1816/907/6 1813/908/6 1809/905/6
f 1818/909/1 1819/910/1 1820/910/1
f 1824/911/2 1823/911/2 1822/912/2
f 1821/912/3 1822/912/3 1818/909/3
f 1822/912/4 1823/911/4 1819/910/4
f 1823/911/5 1824/911/5 1820/910/5
f 1824/911/6 1821/912/6 1817/909/6
f 1826/913/1 1827/914/1 1828/914/1
f 1832/915/2 1831/915/2 1830/916/2
f 1829/916/3 1830/916/3 1826/913/3
f 1830/916/4 1831/915/4 1827/914/4
f 1831/915/5 1832/915/5 1828/914/5
f 1832/915/6 1829/916/6 1825/913/6
f 1834/917/1 1835/918/1 1836/918/1
f 1840/919/2 1839/919/2 1838/920/2
f 1837/920/3 1838/920/3 1834/917/3
f 1838/920/4 1839/919/4 1835/918/4
f 1839/919/5 1840/919/5 1836/918/5
f 1840/919/6 1837/920/6 1833/917/6
f 1842/921/1 1843/922/1 1844/922/1
f 1848/923/2 1847/923/2 1846/924/2
f 1845/924/3 1846/924/3 1842/921/3
f 1846/924/4 1847/923/4 1843/922/4
f 1847/923/5 1848/923/5 1844/922/5
f 1848/923/6 1845/924/6 1841/921/6
f 1850/925/1 1851/926/1 1852/926/1
f 1856/927/2 1855/927/2 1854/928/2
f 1853/928/3 1854/928/3 1850/925/3
f 1854/928/4 1855/927/4 1851/926/4
f 1855/927/5 1856/927/5 1852/926/5
f 1856/927/6 1853/928/6 1849/925/6
f 1858/929/1 1859/930/1 1860/930/1
f 1864/931/2 1863/931/2 1862/932/2
f 1861/932/3 1862/932/3 1858/929/3
f 1862/932/4 1863/931/4 1859/930/4
f 1863/931/5 1864/931/5 1860/930/5
f 1864/931/6 1861/932/6 1857/929/6
f 1866/933/1 1867/934/1 1868/934/1
f 1872/935/2 1871/935/2 1870/936/2
f 1869/936/3 1870/936/3 1866/933/3
f 1870/936/4 1871/935/4 1867/934/4
f 1871/935/5 1872/935/5 1868/934/5
f 1872/935/6 1869/936/6 1865/933/6
f 1874/937/1 1875/938/1 1876/938/1
f 1880/939/2 1879/939/2 1878/940/2
f 1877/940/3 1878/940/3 1874/937/3
f 1878/940/4 1879/939/4 1875/938/4
f 1879/939/5 1880/939/5 1876/938/5
f 1880/939/6 1877/940/6 1873/937/6
f 1882/941/1 1883/942/1 1884/942/1
f 1888/943/2 1887/943/2 1886/944/2
f 1885/944/3 1886/944/3 1882/941/3
f 1886/944/4 1887/943/4 1883/942/4
f 1887/943/5 1888/943/5 1884/942/5
f 1888/943/6 1885/944/6 1881/941/6
f 1890/945/1 1891/946/1 1892/946/1
f 1896/947/2 1895/947/2 1894/948/2
f 1893/948/3 1894/948/3 1890/945/3
f 1894/948/4 1895/947/4 1891/946/4
f 1895/947/5 1896/947/5 1892/946/5
f 1896/947/6 1893/948/6 1889/945/6
f 1898/949/1 1899/950/1 1900/950/1
f 1904/951/2 1903/951/2 1902/952/2
f 1901/952/3 1902/952/3 1898/949/3
f 1902/952/4 1903/951/4 1899/950/4
f 1903/951/5 1904/951/5 1900/950/5
f 1904/951/6 1901/952/6 1897/949/6
f 1906/953/1 1907/954/1 1908/954/1
f 1912/955/2 1911/955/2 1910/956/2
f 1909/956/3 1910/956/3 1906/953/3
f 1910/956/4 1911/955/4 1907/954/4
f 1911/955/5 1912/955/5 1908/954/5
f 1912/955/6 1909/956/6 1905/953/6
f 1914/957/1 1915/958/1 1916/958/1
f 1920/959/2 1919/959/2 1918/960/2
f 1917/960/3 1918/960/3 1914/957/3
f 1918/960/4 1919/959/4 1915/958/4
f 1919/959/5 1920/959/5 1916/958/5
f 1920/959/6 1917/960/6 1913/957/6
f 1922/961/1 1923/962/1 1924/962/1
f 1928/963/2 1927/963/2 1926/964/2
f 1925/964/3 1926/964/3 1922/961/3
f 1926/964/4 1927/963/4 1923/962/4
f 1927/963/5 1928/963/5 1924/962/5
f 1928/963/6 1925/964/6 1921/961/6
f 1930/965/1 1931/966/1 1932/966/1
f 1936/967/2 1935/967/2 1934/968/2
f 1933/968/3 1934/968/3 1930/965/3
f 1934/968/4 1935/967/4 1931/966/4
f 1935/967/5 1936/967/5 1932/966/5
f 1936/967/6 1933/968/6 1929/965/6
f 1938/969/1 1939/970/1 1940/970/1
f 1944/971/2 1943/971/2 1942/972/2
f 1941/972/3 1942/972/3 1938/969/3
f 1942/972/4 1943/971/4 1939/970/4
f 1943/971/5 1944/971/5 1940/970/5
f 1944/971/6 1941/972/6 1937/969/6
f 1946/973/1 1947/974/1 1948/974/1
f 1952/975/2 1951/975/2 1950/976/2
f 1949/976/3 1950/976/3 1946/973/3
f 1950/976/4 1951/975/4 1947/974/4
f 1951/975/5 1952/975/5 1948/974/5
f 1952/975/6 1949/976/6 1945/973/6
f 1954/977/1 1955/978/1 1956/978/1
f 1960/979/2 1959/979/2 1958/980/2
f 1957/980/3 1958/980/3 1954/977/3
f 1958/980/4 1959/979/4 1955/978/4
f 1959/979/5 1960/979/5 1956/978/5
f 1960/979/6 1957/980/6 1953/977/6
f 1962/981/1 1963/982/1 1964/982/1
f 1968/983/2 1967/983/2 1966/984/2
f 1965/984/3 1966/984/3 1962/981/3
f 1966/984/4 1967/983/4 1963/982/4
f 1967/983/5 1968/983/5 1964/982/5
f 1968/983/6 1965/984/6 1961/981/6
f 1970/985/1 1971/986/1 1972/986/1
f 1976/987/2 1975/987/2 1974/988/2
f 1973/988/3 1974/988/3 1970/985/3
f 1974/988/4 1975/987/4 1971/986/4
f 1975/987/5 1976/987/5 1972/986/5
f 1976/987/6 1973/988/6 1969/985/6
f 1978/989/1 1979/990/1 1980/990/1
f 1984/991/2 1983/991/2 1982/992/2
f 1981/992/3 1982/992/3 1978/989/3
f 1982/992/4 1983/991/4 1979/990/4
f 1983/991/5 1984/991/5 1980/990/5
f 1984/991/6 1981/992/6 1977/989/6
f 1986/993/1 1987/994/1 1988/994/1
f 1992/995/2 1991/995/2 1990/996/2
f 1989/996/3 1990/996/3 1986/993/3
f 1990/996/4 1991/995/4 1987/994/4
f 1991/995/5 1992/995/5 1988/994/5
f 1992/995/6 1989/996/6 1985/993/6
f 1994/997/1 1995/998/1 1996/998/1
f 2000/999/2 1999/999/2 1998/1000/2
f 1997/1000/3 1998/1000/3 1994/997/3
f 1998/1000/4 1999/999/4 1995/998/4
f 1999/999/5 2000/999/5 1996/998/5
f 2000/999/6 1997/1000/6 1993/997/6
f 2002/1001/1 2003/1002/1 2004/1002/1
f 2008/1003/2 2007/1003/2 2006/1004/2
f 2005/1004/3 2006/1004/3 2002/1001/3
f 2006/1004/4 2007/1003/4 2003/1002/4
f 2007/1003/5 2008/1003/5 2004/1002/5
f 2008/1003/6 2005/1004/6 2001/1001/6
f 2010/1005/1 2011/1006/1 2012/1006/1
f 2016/1007/2 2015/1007/2 2014/1008/2
f 2013/1008/3 2014/1008/3 2010/1005/3
f 2014/1008/4 2015/1007/4 2011/1006/4
f 2015/1007/5 2016/1007/5 2012/1006/5
f 2016/1007/6 2013/1008/6 2009/1005/6
f 2018/1009/1 2019/1010/1 2020/1010/1
f 2024/1011/2 2023/1011/2 2022/1012/2
f 2021/1012/3 2022/1012/3 2018/1009/3
f 2022/1012/4 2023/1011/4 2019/1010/4
f 2023/1011/5 2024/1011/5 2020/1010/5
f 2024/1011/6 2021/1012/6 2017/1009/6
f 2026/1013/1 2027/1014/1 2028/1014/1
f 2032/1015/2 2031/1015/2 2030/1016/2
f 2029/1016/3 2030/1016/3 2026/1013/3
f 2030/1016/4 2031/1015/4 2027/1014/4
f 2031/1015/5 2032/1015/5 2028/1014/5
f 2032/1015/6 2029/1016/6 2025/1013/6
f 2034/1017/1 2035/1018/1 2036/1018/1
f 2040/1019/2 2039/1019/2 2038/1020/2
f 2037/1020/3 2038/1020/3 2034/1017/3
f 2038/1020/4 2039/1019/4 2035/1018/4
f 2039/1019/5 2040/1019/5 2036/1018/5
f 2040/1019/6 2037/1020/6 2033/1017/6
f 2042/1021/1 2043/1022/1 2044/1022/1
f 2048/1023/2 2047/1023/2 2046/1024/2
f 2045/1024/3 2046/1024/3 2042/1021/3
f 2046/1024/4 2047/1023/4 2043/1022/4
f 2047/1023/5 2048/1023/5 2044/1022/5
f 2048/1023/6 2045/1024/6 2041/1021/6
f 2050/1025/1 2051/1025/1 2052/1026/1
f 2056/1027/2 2055/1028/2 2054/1028/2
f 2053/1027/3 2054/1028/3 2050/1025/3
f 2054/1028/4 2055/1028/4 2051/1025/4
f 2055/1028/5 2056/1027/5 2052/1026/5
f 2056/1027/6 2053/1027/6 2049/1026/6
