# rig: deck timber. 66 courses at 0.2123 m pitch, cup 8 mm.
# Loom axes -- metres, Y up, forward -Z. V flipped on export.
# Generated by tools/mesh/rig; never edit this file.
# Blender 5.2.0 LTS
# www.blender.org
v -12.000000 1.396029 -7.000000
v -4.817644 1.396029 -7.000000
v -12.000000 1.390029 -6.933232
v -4.817644 1.390029 -6.933232
v -12.000000 1.390029 -6.866465
v -4.817644 1.390029 -6.866465
v -12.000000 1.396029 -6.799697
v -4.817644 1.396029 -6.799697
v -12.000000 1.000000 -7.000000
v -4.817644 1.000000 -7.000000
v -12.000000 1.000000 -6.933232
v -4.817644 1.000000 -6.933232
v -12.000000 1.000000 -6.866465
v -4.817644 1.000000 -6.866465
v -12.000000 1.000000 -6.799697
v -4.817644 1.000000 -6.799697
v -4.811644 1.399589 -7.000000
v -4.039808 1.399589 -7.000000
v -4.811644 1.393589 -6.933232
v -4.039808 1.393589 -6.933232
v -4.811644 1.393589 -6.866465
v -4.039808 1.393589 -6.866465
v -4.811644 1.399589 -6.799697
v -4.039808 1.399589 -6.799697
v -4.811644 1.000000 -7.000000
v -4.039808 1.000000 -7.000000
v -4.811644 1.000000 -6.933232
v -4.039808 1.000000 -6.933232
v -4.811644 1.000000 -6.866465
v -4.039808 1.000000 -6.866465
v -4.811644 1.000000 -6.799697
v -4.039808 1.000000 -6.799697
v -4.033808 1.396090 -7.000000
v 4.607362 1.396090 -7.000000
v -4.033808 1.390090 -6.933232
v 4.607362 1.390090 -6.933232
v -4.033808 1.390090 -6.866465
v 4.607362 1.390090 -6.866465
v -4.033808 1.396090 -6.799697
v 4.607362 1.396090 -6.799697
v -4.033808 1.000000 -7.000000
v 4.607362 1.000000 -7.000000
v -4.033808 1.000000 -6.933232
v 4.607362 1.000000 -6.933232
v -4.033808 1.000000 -6.866465
v 4.607362 1.000000 -6.866465
v -4.033808 1.000000 -6.799697
v 4.607362 1.000000 -6.799697
v 4.613362 1.396119 -7.000000
v 12.000000 1.396119 -7.000000
v 4.613362 1.390119 -6.933232
v 12.000000 1.390119 -6.933232
v 4.613362 1.390119 -6.866465
v 12.000000 1.390119 -6.866465
v 4.613362 1.396119 -6.799697
v 12.000000 1.396119 -6.799697
v 4.613362 1.000000 -7.000000
v 12.000000 1.000000 -7.000000
v 4.613362 1.000000 -6.933232
v 12.000000 1.000000 -6.933232
v 4.613362 1.000000 -6.866465
v 12.000000 1.000000 -6.866465
v 4.613362 1.000000 -6.799697
v 12.000000 1.000000 -6.799697
v -12.000000 1.396904 -6.787697
v -4.007043 1.396904 -6.787697
v -12.000000 1.390904 -6.720929
v -4.007043 1.390904 -6.720929
v -12.000000 1.390904 -6.654161
v -4.007043 1.390904 -6.654161
v -12.000000 1.396904 -6.587394
v -4.007043 1.396904 -6.587394
v -12.000000 1.000000 -6.787697
v -4.007043 1.000000 -6.787697
v -12.000000 1.000000 -6.720929
v -4.007043 1.000000 -6.720929
v -12.000000 1.000000 -6.654161
v -4.007043 1.000000 -6.654161
v -12.000000 1.000000 -6.587394
v -4.007043 1.000000 -6.587394
v -3.781239 1.396383 -6.787697
v 12.000000 1.396383 -6.787697
v -3.781239 1.390383 -6.720929
v 12.000000 1.390383 -6.720929
v -3.781239 1.390383 -6.654161
v 12.000000 1.390383 -6.654161
v -3.781239 1.396383 -6.587394
v 12.000000 1.396383 -6.587394
v -3.781239 1.000000 -6.787697
v 12.000000 1.000000 -6.787697
v -3.781239 1.000000 -6.720929
v 12.000000 1.000000 -6.720929
v -3.781239 1.000000 -6.654161
v 12.000000 1.000000 -6.654161
v -3.781239 1.000000 -6.587394
v 12.000000 1.000000 -6.587394
v -11.757448 1.397662 -6.575394
v -11.450967 1.397662 -6.575394
v -11.757448 1.391662 -6.508626
v -11.450967 1.391662 -6.508626
v -11.757448 1.391662 -6.441859
v -11.450967 1.391662 -6.441859
v -11.757448 1.397662 -6.375091
v -11.450967 1.397662 -6.375091
v -11.757448 1.000000 -6.575394
v -11.450967 1.000000 -6.575394
v -11.757448 1.000000 -6.508626
v -11.450967 1.000000 -6.508626
v -11.757448 1.000000 -6.441859
v -11.450967 1.000000 -6.441859
v -11.757448 1.000000 -6.375091
v -11.450967 1.000000 -6.375091
v -11.444967 1.399089 -6.575394
v -1.610266 1.399089 -6.575394
v -11.444967 1.393089 -6.508626
v -1.610266 1.393089 -6.508626
v -11.444967 1.393089 -6.441859
v -1.610266 1.393089 -6.441859
v -11.444967 1.399089 -6.375091
v -1.610266 1.399089 -6.375091
v -11.444967 1.000000 -6.575394
v -1.610266 1.000000 -6.575394
v -11.444967 1.000000 -6.508626
v -1.610266 1.000000 -6.508626
v -11.444967 1.000000 -6.441859
v -1.610266 1.000000 -6.441859
v -11.444967 1.000000 -6.375091
v -1.610266 1.000000 -6.375091
v -1.604266 1.399969 -6.575394
v 5.325284 1.399969 -6.575394
v -1.604266 1.393969 -6.508626
v 5.325284 1.393969 -6.508626
v -1.604266 1.393969 -6.441859
v 5.325284 1.393969 -6.441859
v -1.604266 1.399969 -6.375091
v 5.325284 1.399969 -6.375091
v -1.604266 1.000000 -6.575394
v 5.325284 1.000000 -6.575394
v -1.604266 1.000000 -6.508626
v 5.325284 1.000000 -6.508626
v -1.604266 1.000000 -6.441859
v 5.325284 1.000000 -6.441859
v -1.604266 1.000000 -6.375091
v 5.325284 1.000000 -6.375091
v 5.331285 1.397746 -6.575394
v 12.000000 1.397746 -6.575394
v 5.331285 1.391746 -6.508626
v 12.000000 1.391746 -6.508626
v 5.331285 1.391746 -6.441859
v 12.000000 1.391746 -6.441859
v 5.331285 1.397746 -6.375091
v 12.000000 1.397746 -6.375091
v 5.331285 1.000000 -6.575394
v 12.000000 1.000000 -6.575394
v 5.331285 1.000000 -6.508626
v 12.000000 1.000000 -6.508626
v 5.331285 1.000000 -6.441859
v 12.000000 1.000000 -6.441859
v 5.331285 1.000000 -6.375091
v 12.000000 1.000000 -6.375091
v -12.000000 1.398215 -6.363091
v 1.228852 1.398215 -6.363091
v -12.000000 1.392215 -6.296323
v 1.228852 1.392215 -6.296323
v -12.000000 1.392215 -6.229556
v 1.228852 1.392215 -6.229556
v -12.000000 1.398215 -6.162788
v 1.228852 1.398215 -6.162788
v -12.000000 1.000000 -6.363091
v 1.228852 1.000000 -6.363091
v -12.000000 1.000000 -6.296323
v 1.228852 1.000000 -6.296323
v -12.000000 1.000000 -6.229556
v 1.228852 1.000000 -6.229556
v -12.000000 1.000000 -6.162788
v 1.228852 1.000000 -6.162788
v 1.234852 1.396138 -6.363091
v 9.722214 1.396138 -6.363091
v 1.234852 1.390138 -6.296323
v 9.722214 1.390138 -6.296323
v 1.234852 1.390138 -6.229556
v 9.722214 1.390138 -6.229556
v 1.234852 1.396138 -6.162788
v 9.722214 1.396138 -6.162788
v 1.234852 1.000000 -6.363091
v 9.722214 1.000000 -6.363091
v 1.234852 1.000000 -6.296323
v 9.722214 1.000000 -6.296323
v 1.234852 1.000000 -6.229556
v 9.722214 1.000000 -6.229556
v 1.234852 1.000000 -6.162788
v 9.722214 1.000000 -6.162788
v 9.728213 1.397769 -6.363091
v 12.000000 1.397769 -6.363091
v 9.728213 1.391769 -6.296323
v 12.000000 1.391769 -6.296323
v 9.728213 1.391769 -6.229556
v 12.000000 1.391769 -6.229556
v 9.728213 1.397769 -6.162788
v 12.000000 1.397769 -6.162788
v 9.728213 1.000000 -6.363091
v 12.000000 1.000000 -6.363091
v 9.728213 1.000000 -6.296323
v 12.000000 1.000000 -6.296323
v 9.728213 1.000000 -6.229556
v 12.000000 1.000000 -6.229556
v 9.728213 1.000000 -6.162788
v 12.000000 1.000000 -6.162788
v -12.000000 1.399452 -6.150788
v -2.544394 1.399452 -6.150788
v -12.000000 1.393452 -6.084020
v -2.544394 1.393452 -6.084020
v -12.000000 1.393452 -6.017252
v -2.544394 1.393452 -6.017252
v -12.000000 1.399452 -5.950485
v -2.544394 1.399452 -5.950485
v -12.000000 1.000000 -6.150788
v -2.544394 1.000000 -6.150788
v -12.000000 1.000000 -6.084020
v -2.544394 1.000000 -6.084020
v -12.000000 1.000000 -6.017252
v -2.544394 1.000000 -6.017252
v -12.000000 1.000000 -5.950485
v -2.544394 1.000000 -5.950485
v -2.538394 1.396662 -6.150788
v -1.765733 1.396662 -6.150788
v -2.538394 1.390662 -6.084020
v -1.765733 1.390662 -6.084020
v -2.538394 1.390662 -6.017252
v -1.765733 1.390662 -6.017252
v -2.538394 1.396662 -5.950485
v -1.765733 1.396662 -5.950485
v -2.538394 1.000000 -6.150788
v -1.765733 1.000000 -6.150788
v -2.538394 1.000000 -6.084020
v -1.765733 1.000000 -6.084020
v -2.538394 1.000000 -6.017252
v -1.765733 1.000000 -6.017252
v -2.538394 1.000000 -5.950485
v -1.765733 1.000000 -5.950485
v -1.759733 1.397062 -6.150788
v -0.932496 1.397062 -6.150788
v -1.759733 1.391062 -6.084020
v -0.932496 1.391062 -6.084020
v -1.759733 1.391062 -6.017252
v -0.932496 1.391062 -6.017252
v -1.759733 1.397062 -5.950485
v -0.932496 1.397062 -5.950485
v -1.759733 1.000000 -6.150788
v -0.932496 1.000000 -6.150788
v -1.759733 1.000000 -6.084020
v -0.932496 1.000000 -6.084020
v -1.759733 1.000000 -6.017252
v -0.932496 1.000000 -6.017252
v -1.759733 1.000000 -5.950485
v -0.932496 1.000000 -5.950485
v -0.926496 1.397466 -6.150788
v 7.642449 1.397466 -6.150788
v -0.926496 1.391466 -6.084020
v 7.642449 1.391466 -6.084020
v -0.926496 1.391466 -6.017252
v 7.642449 1.391466 -6.017252
v -0.926496 1.397466 -5.950485
v 7.642449 1.397466 -5.950485
v -0.926496 1.000000 -6.150788
v 7.642449 1.000000 -6.150788
v -0.926496 1.000000 -6.084020
v 7.642449 1.000000 -6.084020
v -0.926496 1.000000 -6.017252
v 7.642449 1.000000 -6.017252
v -0.926496 1.000000 -5.950485
v 7.642449 1.000000 -5.950485
v 7.648449 1.399581 -6.150788
v 12.000000 1.399581 -6.150788
v 7.648449 1.393581 -6.084020
v 12.000000 1.393581 -6.084020
v 7.648449 1.393581 -6.017252
v 12.000000 1.393581 -6.017252
v 7.648449 1.399581 -5.950485
v 12.000000 1.399581 -5.950485
v 7.648449 1.000000 -6.150788
v 12.000000 1.000000 -6.150788
v 7.648449 1.000000 -6.084020
v 12.000000 1.000000 -6.084020
v 7.648449 1.000000 -6.017252
v 12.000000 1.000000 -6.017252
v 7.648449 1.000000 -5.950485
v 12.000000 1.000000 -5.950485
v -12.000000 1.398340 -5.938485
v 2.689394 1.398340 -5.938485
v -12.000000 1.392340 -5.871717
v 2.689394 1.392340 -5.871717
v -12.000000 1.392340 -5.804949
v 2.689394 1.392340 -5.804949
v -12.000000 1.398340 -5.738182
v 2.689394 1.398340 -5.738182
v -12.000000 1.000000 -5.938485
v 2.689394 1.000000 -5.938485
v -12.000000 1.000000 -5.871717
v 2.689394 1.000000 -5.871717
v -12.000000 1.000000 -5.804949
v 2.689394 1.000000 -5.804949
v -12.000000 1.000000 -5.738182
v 2.689394 1.000000 -5.738182
v 2.695394 1.399899 -5.938485
v 9.905877 1.399899 -5.938485
v 2.695394 1.393899 -5.871717
v 9.905877 1.393899 -5.871717
v 2.695394 1.393899 -5.804949
v 9.905877 1.393899 -5.804949
v 2.695394 1.399899 -5.738182
v 9.905877 1.399899 -5.738182
v 2.695394 1.000000 -5.938485
v 9.905877 1.000000 -5.938485
v 2.695394 1.000000 -5.871717
v 9.905877 1.000000 -5.871717
v 2.695394 1.000000 -5.804949
v 9.905877 1.000000 -5.804949
v 2.695394 1.000000 -5.738182
v 9.905877 1.000000 -5.738182
v 9.911877 1.396489 -5.938485
v 12.000000 1.396489 -5.938485
v 9.911877 1.390489 -5.871717
v 12.000000 1.390489 -5.871717
v 9.911877 1.390489 -5.804949
v 12.000000 1.390489 -5.804949
v 9.911877 1.396489 -5.738182
v 12.000000 1.396489 -5.738182
v 9.911877 1.000000 -5.938485
v 12.000000 1.000000 -5.938485
v 9.911877 1.000000 -5.871717
v 12.000000 1.000000 -5.871717
v 9.911877 1.000000 -5.804949
v 12.000000 1.000000 -5.804949
v 9.911877 1.000000 -5.738182
v 12.000000 1.000000 -5.738182
v -12.000000 1.399133 -5.726182
v -2.180562 1.399133 -5.726182
v -12.000000 1.393133 -5.659414
v -2.180562 1.393133 -5.659414
v -12.000000 1.393133 -5.592647
v -2.180562 1.393133 -5.592647
v -12.000000 1.399133 -5.525879
v -2.180562 1.399133 -5.525879
v -12.000000 1.000000 -5.726182
v -2.180562 1.000000 -5.726182
v -12.000000 1.000000 -5.659414
v -2.180562 1.000000 -5.659414
v -12.000000 1.000000 -5.592647
v -2.180562 1.000000 -5.592647
v -12.000000 1.000000 -5.525879
v -2.180562 1.000000 -5.525879
v -2.174562 1.399335 -5.726182
v -0.481932 1.399335 -5.726182
v -2.174562 1.393335 -5.659414
v -0.481932 1.393335 -5.659414
v -2.174562 1.393335 -5.592647
v -0.481932 1.393335 -5.592647
v -2.174562 1.399335 -5.525879
v -0.481932 1.399335 -5.525879
v -2.174562 1.000000 -5.726182
v -0.481932 1.000000 -5.726182
v -2.174562 1.000000 -5.659414
v -0.481932 1.000000 -5.659414
v -2.174562 1.000000 -5.592647
v -0.481932 1.000000 -5.592647
v -2.174562 1.000000 -5.525879
v -0.481932 1.000000 -5.525879
v -0.475932 1.399576 -5.726182
v 12.000000 1.399576 -5.726182
v -0.475932 1.393576 -5.659414
v 12.000000 1.393576 -5.659414
v -0.475932 1.393576 -5.592647
v 12.000000 1.393576 -5.592647
v -0.475932 1.399576 -5.525879
v 12.000000 1.399576 -5.525879
v -0.475932 1.000000 -5.726182
v 12.000000 1.000000 -5.726182
v -0.475932 1.000000 -5.659414
v 12.000000 1.000000 -5.659414
v -0.475932 1.000000 -5.592647
v 12.000000 1.000000 -5.592647
v -0.475932 1.000000 -5.525879
v 12.000000 1.000000 -5.525879
v -12.000000 1.397649 -5.513879
v -6.306861 1.397649 -5.513879
v -12.000000 1.391649 -5.447111
v -6.306861 1.391649 -5.447111
v -12.000000 1.391649 -5.380343
v -6.306861 1.391649 -5.380343
v -12.000000 1.397649 -5.313576
v -6.306861 1.397649 -5.313576
v -12.000000 1.000000 -5.513879
v -6.306861 1.000000 -5.513879
v -12.000000 1.000000 -5.447111
v -6.306861 1.000000 -5.447111
v -12.000000 1.000000 -5.380343
v -6.306861 1.000000 -5.380343
v -12.000000 1.000000 -5.313576
v -6.306861 1.000000 -5.313576
v -6.300861 1.397584 -5.513879
v 7.570271 1.397584 -5.513879
v -6.300861 1.391584 -5.447111
v 7.570271 1.391584 -5.447111
v -6.300861 1.391584 -5.380343
v 7.570271 1.391584 -5.380343
v -6.300861 1.397584 -5.313576
v 7.570271 1.397584 -5.313576
v -6.300861 1.000000 -5.513879
v 7.570271 1.000000 -5.513879
v -6.300861 1.000000 -5.447111
v 7.570271 1.000000 -5.447111
v -6.300861 1.000000 -5.380343
v 7.570271 1.000000 -5.380343
v -6.300861 1.000000 -5.313576
v 7.570271 1.000000 -5.313576
v 7.576271 1.396492 -5.513879
v 12.000000 1.396492 -5.513879
v 7.576271 1.390492 -5.447111
v 12.000000 1.390492 -5.447111
v 7.576271 1.390492 -5.380343
v 12.000000 1.390492 -5.380343
v 7.576271 1.396492 -5.313576
v 12.000000 1.396492 -5.313576
v 7.576271 1.000000 -5.513879
v 12.000000 1.000000 -5.513879
v 7.576271 1.000000 -5.447111
v 12.000000 1.000000 -5.447111
v 7.576271 1.000000 -5.380343
v 12.000000 1.000000 -5.380343
v 7.576271 1.000000 -5.313576
v 12.000000 1.000000 -5.313576
v -12.000000 1.398916 -5.301576
v -11.692099 1.398916 -5.301576
v -12.000000 1.392916 -5.234808
v -11.692099 1.392916 -5.234808
v -12.000000 1.392916 -5.168040
v -11.692099 1.392916 -5.168040
v -12.000000 1.398916 -5.101273
v -11.692099 1.398916 -5.101273
v -12.000000 1.000000 -5.301576
v -11.692099 1.000000 -5.301576
v -12.000000 1.000000 -5.234808
v -11.692099 1.000000 -5.234808
v -12.000000 1.000000 -5.168040
v -11.692099 1.000000 -5.168040
v -12.000000 1.000000 -5.101273
v -11.692099 1.000000 -5.101273
v -11.686099 1.396111 -5.301576
v -4.064179 1.396111 -5.301576
v -11.686099 1.390111 -5.234808
v -4.064179 1.390111 -5.234808
v -11.686099 1.390111 -5.168040
v -4.064179 1.390111 -5.168040
v -11.686099 1.396111 -5.101273
v -4.064179 1.396111 -5.101273
v -11.686099 1.000000 -5.301576
v -4.064179 1.000000 -5.301576
v -11.686099 1.000000 -5.234808
v -4.064179 1.000000 -5.234808
v -11.686099 1.000000 -5.168040
v -4.064179 1.000000 -5.168040
v -11.686099 1.000000 -5.101273
v -4.064179 1.000000 -5.101273
v -4.058179 1.398034 -5.301576
v 0.391193 1.398034 -5.301576
v -4.058179 1.392035 -5.234808
v 0.391193 1.392035 -5.234808
v -4.058179 1.392035 -5.168040
v 0.391193 1.392035 -5.168040
v -4.058179 1.398034 -5.101273
v 0.391193 1.398034 -5.101273
v -4.058179 1.000000 -5.301576
v 0.391193 1.000000 -5.301576
v -4.058179 1.000000 -5.234808
v 0.391193 1.000000 -5.234808
v -4.058179 1.000000 -5.168040
v 0.391193 1.000000 -5.168040
v -4.058179 1.000000 -5.101273
v 0.391193 1.000000 -5.101273
v 0.397193 1.397399 -5.301576
v 12.000000 1.397399 -5.301576
v 0.397193 1.391399 -5.234808
v 12.000000 1.391399 -5.234808
v 0.397193 1.391399 -5.168040
v 12.000000 1.391399 -5.168040
v 0.397193 1.397399 -5.101273
v 12.000000 1.397399 -5.101273
v 0.397193 1.000000 -5.301576
v 12.000000 1.000000 -5.301576
v 0.397193 1.000000 -5.234808
v 12.000000 1.000000 -5.234808
v 0.397193 1.000000 -5.168040
v 12.000000 1.000000 -5.168040
v 0.397193 1.000000 -5.101273
v 12.000000 1.000000 -5.101273
v -12.000000 1.397044 -5.089272
v -2.408119 1.397044 -5.089272
v -12.000000 1.391044 -5.022505
v -2.408119 1.391044 -5.022505
v -12.000000 1.391044 -4.955738
v -2.408119 1.391044 -4.955738
v -12.000000 1.397044 -4.888970
v -2.408119 1.397044 -4.888970
v -12.000000 1.000000 -5.089272
v -2.408119 1.000000 -5.089272
v -12.000000 1.000000 -5.022505
v -2.408119 1.000000 -5.022505
v -12.000000 1.000000 -4.955738
v -2.408119 1.000000 -4.955738
v -12.000000 1.000000 -4.888970
v -2.408119 1.000000 -4.888970
v -2.402119 1.399511 -5.089272
v -0.737454 1.399511 -5.089272
v -2.402119 1.393511 -5.022505
v -0.737454 1.393511 -5.022505
v -2.402119 1.393511 -4.955738
v -0.737454 1.393511 -4.955738
v -2.402119 1.399511 -4.888970
v -0.737454 1.399511 -4.888970
v -2.402119 1.000000 -5.089272
v -0.737454 1.000000 -5.089272
v -2.402119 1.000000 -5.022505
v -0.737454 1.000000 -5.022505
v -2.402119 1.000000 -4.955738
v -0.737454 1.000000 -4.955738
v -2.402119 1.000000 -4.888970
v -0.737454 1.000000 -4.888970
v -0.731454 1.398959 -5.089272
v 0.902434 1.398959 -5.089272
v -0.731454 1.392959 -5.022505
v 0.902434 1.392959 -5.022505
v -0.731454 1.392959 -4.955738
v 0.902434 1.392959 -4.955738
v -0.731454 1.398959 -4.888970
v 0.902434 1.398959 -4.888970
v -0.731454 1.000000 -5.089272
v 0.902434 1.000000 -5.089272
v -0.731454 1.000000 -5.022505
v 0.902434 1.000000 -5.022505
v -0.731454 1.000000 -4.955738
v 0.902434 1.000000 -4.955738
v -0.731454 1.000000 -4.888970
v 0.902434 1.000000 -4.888970
v 0.908434 1.397095 -5.089272
v 12.000000 1.397095 -5.089272
v 0.908434 1.391095 -5.022505
v 12.000000 1.391095 -5.022505
v 0.908434 1.391095 -4.955738
v 12.000000 1.391095 -4.955738
v 0.908434 1.397095 -4.888970
v 12.000000 1.397095 -4.888970
v 0.908434 1.000000 -5.089272
v 12.000000 1.000000 -5.089272
v 0.908434 1.000000 -5.022505
v 12.000000 1.000000 -5.022505
v 0.908434 1.000000 -4.955738
v 12.000000 1.000000 -4.955738
v 0.908434 1.000000 -4.888970
v 12.000000 1.000000 -4.888970
v -11.955666 1.397002 -4.876970
v -5.663840 1.397002 -4.876970
v -11.955666 1.391002 -4.810202
v -5.663840 1.391002 -4.810202
v -11.955666 1.391002 -4.743434
v -5.663840 1.391002 -4.743434
v -11.955666 1.397002 -4.676667
v -5.663840 1.397002 -4.676667
v -11.955666 1.000000 -4.876970
v -5.663840 1.000000 -4.876970
v -11.955666 1.000000 -4.810202
v -5.663840 1.000000 -4.810202
v -11.955666 1.000000 -4.743434
v -5.663840 1.000000 -4.743434
v -11.955666 1.000000 -4.676667
v -5.663840 1.000000 -4.676667
v -5.657840 1.396328 -4.876970
v 0.440797 1.396328 -4.876970
v -5.657840 1.390328 -4.810202
v 0.440797 1.390328 -4.810202
v -5.657840 1.390328 -4.743434
v 0.440797 1.390328 -4.743434
v -5.657840 1.396328 -4.676667
v 0.440797 1.396328 -4.676667
v -5.657840 1.000000 -4.876970
v 0.440797 1.000000 -4.876970
v -5.657840 1.000000 -4.810202
v 0.440797 1.000000 -4.810202
v -5.657840 1.000000 -4.743434
v 0.440797 1.000000 -4.743434
v -5.657840 1.000000 -4.676667
v 0.440797 1.000000 -4.676667
v 0.446797 1.396607 -4.876970
v 1.215863 1.396607 -4.876970
v 0.446797 1.390607 -4.810202
v 1.215863 1.390607 -4.810202
v 0.446797 1.390607 -4.743434
v 1.215863 1.390607 -4.743434
v 0.446797 1.396607 -4.676667
v 1.215863 1.396607 -4.676667
v 0.446797 1.000000 -4.876970
v 1.215863 1.000000 -4.876970
v 0.446797 1.000000 -4.810202
v 1.215863 1.000000 -4.810202
v 0.446797 1.000000 -4.743434
v 1.215863 1.000000 -4.743434
v 0.446797 1.000000 -4.676667
v 1.215863 1.000000 -4.676667
v 1.221863 1.398720 -4.876970
v 12.000000 1.398720 -4.876970
v 1.221863 1.392720 -4.810202
v 12.000000 1.392720 -4.810202
v 1.221863 1.392720 -4.743434
v 12.000000 1.392720 -4.743434
v 1.221863 1.398720 -4.676667
v 12.000000 1.398720 -4.676667
v 1.221863 1.000000 -4.876970
v 12.000000 1.000000 -4.876970
v 1.221863 1.000000 -4.810202
v 12.000000 1.000000 -4.810202
v 1.221863 1.000000 -4.743434
v 12.000000 1.000000 -4.743434
v 1.221863 1.000000 -4.676667
v 12.000000 1.000000 -4.676667
v -12.000000 1.396053 -4.664667
v -10.104809 1.396053 -4.664667
v -12.000000 1.390053 -4.597899
v -10.104809 1.390053 -4.597899
v -12.000000 1.390053 -4.531131
v -10.104809 1.390053 -4.531131
v -12.000000 1.396053 -4.464364
v -10.104809 1.396053 -4.464364
v -12.000000 1.000000 -4.664667
v -10.104809 1.000000 -4.664667
v -12.000000 1.000000 -4.597899
v -10.104809 1.000000 -4.597899
v -12.000000 1.000000 -4.531131
v -10.104809 1.000000 -4.531131
v -12.000000 1.000000 -4.464364
v -10.104809 1.000000 -4.464364
v -10.098809 1.396237 -4.664667
v 2.820663 1.396237 -4.664667
v -10.098809 1.390237 -4.597899
v 2.820663 1.390237 -4.597899
v -10.098809 1.390237 -4.531131
v 2.820663 1.390237 -4.531131
v -10.098809 1.396237 -4.464364
v 2.820663 1.396237 -4.464364
v -10.098809 1.000000 -4.664667
v 2.820663 1.000000 -4.664667
v -10.098809 1.000000 -4.597899
v 2.820663 1.000000 -4.597899
v -10.098809 1.000000 -4.531131
v 2.820663 1.000000 -4.531131
v -10.098809 1.000000 -4.464364
v 2.820663 1.000000 -4.464364
v 2.826663 1.396411 -4.664667
v 12.000000 1.396411 -4.664667
v 2.826663 1.390411 -4.597899
v 12.000000 1.390411 -4.597899
v 2.826663 1.390411 -4.531131
v 12.000000 1.390411 -4.531131
v 2.826663 1.396411 -4.464364
v 12.000000 1.396411 -4.464364
v 2.826663 1.000000 -4.664667
v 12.000000 1.000000 -4.664667
v 2.826663 1.000000 -4.597899
v 12.000000 1.000000 -4.597899
v 2.826663 1.000000 -4.531131
v 12.000000 1.000000 -4.531131
v 2.826663 1.000000 -4.464364
v 12.000000 1.000000 -4.464364
v -12.000000 1.396932 -4.452363
v -2.996464 1.396932 -4.452363
v -12.000000 1.390932 -4.385596
v -2.996464 1.390932 -4.385596
v -12.000000 1.390932 -4.318828
v -2.996464 1.390932 -4.318828
v -12.000000 1.396932 -4.252060
v -2.996464 1.396932 -4.252060
v -12.000000 1.000000 -4.452363
v -2.996464 1.000000 -4.452363
v -12.000000 1.000000 -4.385596
v -2.996464 1.000000 -4.385596
v -12.000000 1.000000 -4.318828
v -2.996464 1.000000 -4.318828
v -12.000000 1.000000 -4.252060
v -2.996464 1.000000 -4.252060
v -2.990464 1.399728 -4.452363
v 7.870329 1.399728 -4.452363
v -2.990464 1.393728 -4.385596
v 7.870329 1.393728 -4.385596
v -2.990464 1.393728 -4.318828
v 7.870329 1.393728 -4.318828
v -2.990464 1.399728 -4.252060
v 7.870329 1.399728 -4.252060
v -2.990464 1.000000 -4.452363
v 7.870329 1.000000 -4.452363
v -2.990464 1.000000 -4.385596
v 7.870329 1.000000 -4.385596
v -2.990464 1.000000 -4.318828
v 7.870329 1.000000 -4.318828
v -2.990464 1.000000 -4.252060
v 7.870329 1.000000 -4.252060
v 7.876329 1.398682 -4.452363
v 12.000000 1.398682 -4.452363
v 7.876329 1.392682 -4.385596
v 12.000000 1.392682 -4.385596
v 7.876329 1.392682 -4.318828
v 12.000000 1.392682 -4.318828
v 7.876329 1.398682 -4.252060
v 12.000000 1.398682 -4.252060
v 7.876329 1.000000 -4.452363
v 12.000000 1.000000 -4.452363
v 7.876329 1.000000 -4.385596
v 12.000000 1.000000 -4.385596
v 7.876329 1.000000 -4.318828
v 12.000000 1.000000 -4.318828
v 7.876329 1.000000 -4.252060
v 12.000000 1.000000 -4.252060
v -12.000000 1.396016 -4.240061
v -11.187051 1.396016 -4.240061
v -12.000000 1.390016 -4.173293
v -11.187051 1.390016 -4.173293
v -12.000000 1.390016 -4.106525
v -11.187051 1.390016 -4.106525
v -12.000000 1.396016 -4.039758
v -11.187051 1.396016 -4.039758
v -12.000000 1.000000 -4.240061
v -11.187051 1.000000 -4.240061
v -12.000000 1.000000 -4.173293
v -11.187051 1.000000 -4.173293
v -12.000000 1.000000 -4.106525
v -11.187051 1.000000 -4.106525
v -12.000000 1.000000 -4.039758
v -11.187051 1.000000 -4.039758
v -11.181050 1.398450 -4.240061
v 7.751569 1.398450 -4.240061
v -11.181050 1.392450 -4.173293
v 7.751569 1.392450 -4.173293
v -11.181050 1.392450 -4.106525
v 7.751569 1.392450 -4.106525
v -11.181050 1.398450 -4.039758
v 7.751569 1.398450 -4.039758
v -11.181050 1.000000 -4.240061
v 7.751569 1.000000 -4.240061
v -11.181050 1.000000 -4.173293
v 7.751569 1.000000 -4.173293
v -11.181050 1.000000 -4.106525
v 7.751569 1.000000 -4.106525
v -11.181050 1.000000 -4.039758
v 7.751569 1.000000 -4.039758
v 7.757569 1.397820 -4.240061
v 12.000000 1.397820 -4.240061
v 7.757569 1.391820 -4.173293
v 12.000000 1.391820 -4.173293
v 7.757569 1.391820 -4.106525
v 12.000000 1.391820 -4.106525
v 7.757569 1.397820 -4.039758
v 12.000000 1.397820 -4.039758
v 7.757569 1.000000 -4.240061
v 12.000000 1.000000 -4.240061
v 7.757569 1.000000 -4.173293
v 12.000000 1.000000 -4.173293
v 7.757569 1.000000 -4.106525
v 12.000000 1.000000 -4.106525
v 7.757569 1.000000 -4.039758
v 12.000000 1.000000 -4.039758
v -12.000000 1.398031 -4.027758
v -8.858975 1.398031 -4.027758
v -12.000000 1.392031 -3.960990
v -8.858975 1.392031 -3.960990
v -12.000000 1.392031 -3.894222
v -8.858975 1.392031 -3.894222
v -12.000000 1.398031 -3.827455
v -8.858975 1.398031 -3.827455
v -12.000000 1.000000 -4.027758
v -8.858975 1.000000 -4.027758
v -12.000000 1.000000 -3.960990
v -8.858975 1.000000 -3.960990
v -12.000000 1.000000 -3.894222
v -8.858975 1.000000 -3.894222
v -12.000000 1.000000 -3.827455
v -8.858975 1.000000 -3.827455
v -8.852975 1.397294 -4.027758
v -5.525417 1.397294 -4.027758
v -8.852975 1.391294 -3.960990
v -5.525417 1.391294 -3.960990
v -8.852975 1.391294 -3.894222
v -5.525417 1.391294 -3.894222
v -8.852975 1.397294 -3.827455
v -5.525417 1.397294 -3.827455
v -8.852975 1.000000 -4.027758
v -5.525417 1.000000 -4.027758
v -8.852975 1.000000 -3.960990
v -5.525417 1.000000 -3.960990
v -8.852975 1.000000 -3.894222
v -5.525417 1.000000 -3.894222
v -8.852975 1.000000 -3.827455
v -5.525417 1.000000 -3.827455
v -5.419641 1.397316 -4.027758
v 10.200372 1.397316 -4.027758
v -5.419641 1.391316 -3.960990
v 10.200372 1.391316 -3.960990
v -5.419641 1.391316 -3.894222
v 10.200372 1.391316 -3.894222
v -5.419641 1.397316 -3.827455
v 10.200372 1.397316 -3.827455
v -5.419641 1.000000 -4.027758
v 10.200372 1.000000 -4.027758
v -5.419641 1.000000 -3.960990
v 10.200372 1.000000 -3.960990
v -5.419641 1.000000 -3.894222
v 10.200372 1.000000 -3.894222
v -5.419641 1.000000 -3.827455
v 10.200372 1.000000 -3.827455
v 10.206371 1.398547 -4.027758
v 12.000000 1.398547 -4.027758
v 10.206371 1.392547 -3.960990
v 12.000000 1.392547 -3.960990
v 10.206371 1.392547 -3.894222
v 12.000000 1.392547 -3.894222
v 10.206371 1.398547 -3.827455
v 12.000000 1.398547 -3.827455
v 10.206371 1.000000 -4.027758
v 12.000000 1.000000 -4.027758
v 10.206371 1.000000 -3.960990
v 12.000000 1.000000 -3.960990
v 10.206371 1.000000 -3.894222
v 12.000000 1.000000 -3.894222
v 10.206371 1.000000 -3.827455
v 12.000000 1.000000 -3.827455
v -12.000000 1.398727 -3.815454
v -9.971173 1.398727 -3.815454
v -12.000000 1.392727 -3.748687
v -9.971173 1.392727 -3.748687
v -12.000000 1.392727 -3.681919
v -9.971173 1.392727 -3.681919
v -12.000000 1.398727 -3.615151
v -9.971173 1.398727 -3.615151
v -12.000000 1.000000 -3.815454
v -9.971173 1.000000 -3.815454
v -12.000000 1.000000 -3.748687
v -9.971173 1.000000 -3.748687
v -12.000000 1.000000 -3.681919
v -9.971173 1.000000 -3.681919
v -12.000000 1.000000 -3.615151
v -9.971173 1.000000 -3.615151
v -9.965174 1.399500 -3.815454
v 3.789371 1.399500 -3.815454
v -9.965174 1.393501 -3.748687
v 3.789371 1.393501 -3.748687
v -9.965174 1.393501 -3.681919
v 3.789371 1.393501 -3.681919
v -9.965174 1.399500 -3.615151
v 3.789371 1.399500 -3.615151
v -9.965174 1.000000 -3.815454
v 3.789371 1.000000 -3.815454
v -9.965174 1.000000 -3.748687
v 3.789371 1.000000 -3.748687
v -9.965174 1.000000 -3.681919
v 3.789371 1.000000 -3.681919
v -9.965174 1.000000 -3.615151
v 3.789371 1.000000 -3.615151
v 3.795371 1.396420 -3.815454
v 12.000000 1.396420 -3.815454
v 3.795371 1.390420 -3.748687
v 12.000000 1.390420 -3.748687
v 3.795371 1.390420 -3.681919
v 12.000000 1.390420 -3.681919
v 3.795371 1.396420 -3.615151
v 12.000000 1.396420 -3.615151
v 3.795371 1.000000 -3.815454
v 12.000000 1.000000 -3.815454
v 3.795371 1.000000 -3.748687
v 12.000000 1.000000 -3.748687
v 3.795371 1.000000 -3.681919
v 12.000000 1.000000 -3.681919
v 3.795371 1.000000 -3.615151
v 12.000000 1.000000 -3.615151
v -12.000000 1.399097 -3.603152
v 5.553066 1.399097 -3.603152
v -12.000000 1.393097 -3.536384
v 5.553066 1.393097 -3.536384
v -12.000000 1.393097 -3.469616
v 5.553066 1.393097 -3.469616
v -12.000000 1.399097 -3.402848
v 5.553066 1.399097 -3.402848
v -12.000000 1.000000 -3.603152
v 5.553066 1.000000 -3.603152
v -12.000000 1.000000 -3.536384
v 5.553066 1.000000 -3.536384
v -12.000000 1.000000 -3.469616
v 5.553066 1.000000 -3.469616
v -12.000000 1.000000 -3.402848
v 5.553066 1.000000 -3.402848
v 5.559066 1.396336 -3.603152
v 11.987105 1.396336 -3.603152
v 5.559066 1.390336 -3.536384
v 11.987105 1.390336 -3.536384
v 5.559066 1.390336 -3.469616
v 11.987105 1.390336 -3.469616
v 5.559066 1.396336 -3.402848
v 11.987105 1.396336 -3.402848
v 5.559066 1.000000 -3.603152
v 11.987105 1.000000 -3.603152
v 5.559066 1.000000 -3.536384
v 11.987105 1.000000 -3.536384
v 5.559066 1.000000 -3.469616
v 11.987105 1.000000 -3.469616
v 5.559066 1.000000 -3.402848
v 11.987105 1.000000 -3.402848
v -12.000000 1.398751 -3.390848
v -7.701507 1.398751 -3.390848
v -12.000000 1.392751 -3.324081
v -7.701507 1.392751 -3.324081
v -12.000000 1.392751 -3.257313
v -7.701507 1.392751 -3.257313
v -12.000000 1.398751 -3.190546
v -7.701507 1.398751 -3.190546
v -12.000000 1.000000 -3.390848
v -7.701507 1.000000 -3.390848
v -12.000000 1.000000 -3.324081
v -7.701507 1.000000 -3.324081
v -12.000000 1.000000 -3.257313
v -7.701507 1.000000 -3.257313
v -12.000000 1.000000 -3.190546
v -7.701507 1.000000 -3.190546
v -7.695507 1.397727 -3.390848
v -0.234982 1.397727 -3.390848
v -7.695507 1.391727 -3.324081
v -0.234982 1.391727 -3.324081
v -7.695507 1.391727 -3.257313
v -0.234982 1.391727 -3.257313
v -7.695507 1.397727 -3.190546
v -0.234982 1.397727 -3.190546
v -7.695507 1.000000 -3.390848
v -0.234982 1.000000 -3.390848
v -7.695507 1.000000 -3.324081
v -0.234982 1.000000 -3.324081
v -7.695507 1.000000 -3.257313
v -0.234982 1.000000 -3.257313
v -7.695507 1.000000 -3.190546
v -0.234982 1.000000 -3.190546
v -0.228982 1.398164 -3.390848
v 0.665663 1.398164 -3.390848
v -0.228982 1.392164 -3.324081
v 0.665663 1.392164 -3.324081
v -0.228982 1.392164 -3.257313
v 0.665663 1.392164 -3.257313
v -0.228982 1.398164 -3.190546
v 0.665663 1.398164 -3.190546
v -0.228982 1.000000 -3.390848
v 0.665663 1.000000 -3.390848
v -0.228982 1.000000 -3.324081
v 0.665663 1.000000 -3.324081
v -0.228982 1.000000 -3.257313
v 0.665663 1.000000 -3.257313
v -0.228982 1.000000 -3.190546
v 0.665663 1.000000 -3.190546
v 0.671663 1.397257 -3.390848
v 6.149518 1.397257 -3.390848
v 0.671663 1.391258 -3.324081
v 6.149518 1.391258 -3.324081
v 0.671663 1.391258 -3.257313
v 6.149518 1.391258 -3.257313
v 0.671663 1.397257 -3.190546
v 6.149518 1.397257 -3.190546
v 0.671663 1.000000 -3.390848
v 6.149518 1.000000 -3.390848
v 0.671663 1.000000 -3.324081
v 6.149518 1.000000 -3.324081
v 0.671663 1.000000 -3.257313
v 6.149518 1.000000 -3.257313
v 0.671663 1.000000 -3.190546
v 6.149518 1.000000 -3.190546
v 6.155518 1.398342 -3.390848
v 12.000000 1.398342 -3.390848
v 6.155518 1.392342 -3.324081
v 12.000000 1.392342 -3.324081
v 6.155518 1.392342 -3.257313
v 12.000000 1.392342 -3.257313
v 6.155518 1.398342 -3.190546
v 12.000000 1.398342 -3.190546
v 6.155518 1.000000 -3.390848
v 12.000000 1.000000 -3.390848
v 6.155518 1.000000 -3.324081
v 12.000000 1.000000 -3.324081
v 6.155518 1.000000 -3.257313
v 12.000000 1.000000 -3.257313
v 6.155518 1.000000 -3.190546
v 12.000000 1.000000 -3.190546
v -12.000000 1.397409 -3.178545
v -10.692861 1.397409 -3.178545
v -12.000000 1.391410 -3.111778
v -10.692861 1.391410 -3.111778
v -12.000000 1.391410 -3.045010
v -10.692861 1.391410 -3.045010
v -12.000000 1.397409 -2.978242
v -10.692861 1.397409 -2.978242
v -12.000000 1.000000 -3.178545
v -10.692861 1.000000 -3.178545
v -12.000000 1.000000 -3.111778
v -10.692861 1.000000 -3.111778
v -12.000000 1.000000 -3.045010
v -10.692861 1.000000 -3.045010
v -12.000000 1.000000 -2.978242
v -10.692861 1.000000 -2.978242
v -10.686861 1.396084 -3.178545
v -0.635072 1.396084 -3.178545
v -10.686861 1.390084 -3.111778
v -0.635072 1.390084 -3.111778
v -10.686861 1.390084 -3.045010
v -0.635072 1.390084 -3.045010
v -10.686861 1.396084 -2.978242
v -0.635072 1.396084 -2.978242
v -10.686861 1.000000 -3.178545
v -0.635072 1.000000 -3.178545
v -10.686861 1.000000 -3.111778
v -0.635072 1.000000 -3.111778
v -10.686861 1.000000 -3.045010
v -0.635072 1.000000 -3.045010
v -10.686861 1.000000 -2.978242
v -0.635072 1.000000 -2.978242
v -0.629072 1.399515 -3.178545
v 6.453659 1.399515 -3.178545
v -0.629072 1.393515 -3.111778
v 6.453659 1.393515 -3.111778
v -0.629072 1.393515 -3.045010
v 6.453659 1.393515 -3.045010
v -0.629072 1.399515 -2.978242
v 6.453659 1.399515 -2.978242
v -0.629072 1.000000 -3.178545
v 6.453659 1.000000 -3.178545
v -0.629072 1.000000 -3.111778
v 6.453659 1.000000 -3.111778
v -0.629072 1.000000 -3.045010
v 6.453659 1.000000 -3.045010
v -0.629072 1.000000 -2.978242
v 6.453659 1.000000 -2.978242
v 6.459659 1.396446 -3.178545
v 12.000000 1.396446 -3.178545
v 6.459659 1.390446 -3.111778
v 12.000000 1.390446 -3.111778
v 6.459659 1.390446 -3.045010
v 12.000000 1.390446 -3.045010
v 6.459659 1.396446 -2.978242
v 12.000000 1.396446 -2.978242
v 6.459659 1.000000 -3.178545
v 12.000000 1.000000 -3.178545
v 6.459659 1.000000 -3.111778
v 12.000000 1.000000 -3.111778
v 6.459659 1.000000 -3.045010
v 12.000000 1.000000 -3.045010
v 6.459659 1.000000 -2.978242
v 12.000000 1.000000 -2.978242
v -12.000000 1.396241 -2.966242
v -6.410369 1.396241 -2.966242
v -12.000000 1.390241 -2.899475
v -6.410369 1.390241 -2.899475
v -12.000000 1.390241 -2.832707
v -6.410369 1.390241 -2.832707
v -12.000000 1.396241 -2.765939
v -6.410369 1.396241 -2.765939
v -12.000000 1.000000 -2.966242
v -6.410369 1.000000 -2.966242
v -12.000000 1.000000 -2.899475
v -6.410369 1.000000 -2.899475
v -12.000000 1.000000 -2.832707
v -6.410369 1.000000 -2.832707
v -12.000000 1.000000 -2.765939
v -6.410369 1.000000 -2.765939
v -6.404369 1.398678 -2.966242
v -4.823485 1.398678 -2.966242
v -6.404369 1.392678 -2.899475
v -4.823485 1.392678 -2.899475
v -6.404369 1.392678 -2.832707
v -4.823485 1.392678 -2.832707
v -6.404369 1.398678 -2.765939
v -4.823485 1.398678 -2.765939
v -6.404369 1.000000 -2.966242
v -4.823485 1.000000 -2.966242
v -6.404369 1.000000 -2.899475
v -4.823485 1.000000 -2.899475
v -6.404369 1.000000 -2.832707
v -4.823485 1.000000 -2.832707
v -6.404369 1.000000 -2.765939
v -4.823485 1.000000 -2.765939
v -4.817485 1.396964 -2.966242
v 2.046287 1.396964 -2.966242
v -4.817485 1.390964 -2.899475
v 2.046287 1.390964 -2.899475
v -4.817485 1.390964 -2.832707
v 2.046287 1.390964 -2.832707
v -4.817485 1.396964 -2.765939
v 2.046287 1.396964 -2.765939
v -4.817485 1.000000 -2.966242
v 2.046287 1.000000 -2.966242
v -4.817485 1.000000 -2.899475
v 2.046287 1.000000 -2.899475
v -4.817485 1.000000 -2.832707
v 2.046287 1.000000 -2.832707
v -4.817485 1.000000 -2.765939
v 2.046287 1.000000 -2.765939
v 2.052287 1.399376 -2.966242
v 12.000000 1.399376 -2.966242
v 2.052287 1.393376 -2.899475
v 12.000000 1.393376 -2.899475
v 2.052287 1.393376 -2.832707
v 12.000000 1.393376 -2.832707
v 2.052287 1.399376 -2.765939
v 12.000000 1.399376 -2.765939
v 2.052287 1.000000 -2.966242
v 12.000000 1.000000 -2.966242
v 2.052287 1.000000 -2.899475
v 12.000000 1.000000 -2.899475
v 2.052287 1.000000 -2.832707
v 12.000000 1.000000 -2.832707
v 2.052287 1.000000 -2.765939
v 12.000000 1.000000 -2.765939
v -12.000000 1.399941 -2.753939
v -0.644631 1.399941 -2.753939
v -12.000000 1.393941 -2.687172
v -0.644631 1.393941 -2.687172
v -12.000000 1.393941 -2.620404
v -0.644631 1.393941 -2.620404
v -12.000000 1.399941 -2.553636
v -0.644631 1.399941 -2.553636
v -12.000000 1.000000 -2.753939
v -0.644631 1.000000 -2.753939
v -12.000000 1.000000 -2.687172
v -0.644631 1.000000 -2.687172
v -12.000000 1.000000 -2.620404
v -0.644631 1.000000 -2.620404
v -12.000000 1.000000 -2.553636
v -0.644631 1.000000 -2.553636
v -0.638631 1.399457 -2.753939
v 5.605453 1.399457 -2.753939
v -0.638631 1.393457 -2.687172
v 5.605453 1.393457 -2.687172
v -0.638631 1.393457 -2.620404
v 5.605453 1.393457 -2.620404
v -0.638631 1.399457 -2.553636
v 5.605453 1.399457 -2.553636
v -0.638631 1.000000 -2.753939
v 5.605453 1.000000 -2.753939
v -0.638631 1.000000 -2.687172
v 5.605453 1.000000 -2.687172
v -0.638631 1.000000 -2.620404
v 5.605453 1.000000 -2.620404
v -0.638631 1.000000 -2.553636
v 5.605453 1.000000 -2.553636
v 5.611454 1.399404 -2.753939
v 8.682940 1.399404 -2.753939
v 5.611454 1.393404 -2.687172
v 8.682940 1.393404 -2.687172
v 5.611454 1.393404 -2.620404
v 8.682940 1.393404 -2.620404
v 5.611454 1.399404 -2.553636
v 8.682940 1.399404 -2.553636
v 5.611454 1.000000 -2.753939
v 8.682940 1.000000 -2.753939
v 5.611454 1.000000 -2.687172
v 8.682940 1.000000 -2.687172
v 5.611454 1.000000 -2.620404
v 8.682940 1.000000 -2.620404
v 5.611454 1.000000 -2.553636
v 8.682940 1.000000 -2.553636
v 8.688939 1.396623 -2.753939
v 12.000000 1.396623 -2.753939
v 8.688939 1.390623 -2.687172
v 12.000000 1.390623 -2.687172
v 8.688939 1.390623 -2.620404
v 12.000000 1.390623 -2.620404
v 8.688939 1.396623 -2.553636
v 12.000000 1.396623 -2.553636
v 8.688939 1.000000 -2.753939
v 12.000000 1.000000 -2.753939
v 8.688939 1.000000 -2.687172
v 12.000000 1.000000 -2.687172
v 8.688939 1.000000 -2.620404
v 12.000000 1.000000 -2.620404
v 8.688939 1.000000 -2.553636
v 12.000000 1.000000 -2.553636
v -12.000000 1.397747 -2.541636
v -5.317487 1.397747 -2.541636
v -12.000000 1.391747 -2.474869
v -5.317487 1.391747 -2.474869
v -12.000000 1.391747 -2.408101
v -5.317487 1.391747 -2.408101
v -12.000000 1.397747 -2.341333
v -5.317487 1.397747 -2.341333
v -12.000000 1.000000 -2.541636
v -5.317487 1.000000 -2.541636
v -12.000000 1.000000 -2.474869
v -5.317487 1.000000 -2.474869
v -12.000000 1.000000 -2.408101
v -5.317487 1.000000 -2.408101
v -12.000000 1.000000 -2.341333
v -5.317487 1.000000 -2.341333
v -5.311487 1.396939 -2.541636
v -2.593493 1.396939 -2.541636
v -5.311487 1.390939 -2.474869
v -2.593493 1.390939 -2.474869
v -5.311487 1.390939 -2.408101
v -2.593493 1.390939 -2.408101
v -5.311487 1.396939 -2.341333
v -2.593493 1.396939 -2.341333
v -5.311487 1.000000 -2.541636
v -2.593493 1.000000 -2.541636
v -5.311487 1.000000 -2.474869
v -2.593493 1.000000 -2.474869
v -5.311487 1.000000 -2.408101
v -2.593493 1.000000 -2.408101
v -5.311487 1.000000 -2.341333
v -2.593493 1.000000 -2.341333
v -2.587493 1.397080 -2.541636
v 4.518211 1.397080 -2.541636
v -2.587493 1.391080 -2.474869
v 4.518211 1.391080 -2.474869
v -2.587493 1.391080 -2.408101
v 4.518211 1.391080 -2.408101
v -2.587493 1.397080 -2.341333
v 4.518211 1.397080 -2.341333
v -2.587493 1.000000 -2.541636
v 4.518211 1.000000 -2.541636
v -2.587493 1.000000 -2.474869
v 4.518211 1.000000 -2.474869
v -2.587493 1.000000 -2.408101
v 4.518211 1.000000 -2.408101
v -2.587493 1.000000 -2.341333
v 4.518211 1.000000 -2.341333
v 4.524211 1.397598 -2.541636
v 12.000000 1.397598 -2.541636
v 4.524211 1.391598 -2.474869
v 12.000000 1.391598 -2.474869
v 4.524211 1.391598 -2.408101
v 12.000000 1.391598 -2.408101
v 4.524211 1.397598 -2.341333
v 12.000000 1.397598 -2.341333
v 4.524211 1.000000 -2.541636
v 12.000000 1.000000 -2.541636
v 4.524211 1.000000 -2.474869
v 12.000000 1.000000 -2.474869
v 4.524211 1.000000 -2.408101
v 12.000000 1.000000 -2.408101
v 4.524211 1.000000 -2.341333
v 12.000000 1.000000 -2.341333
v -12.000000 1.397223 -2.329333
v -9.473004 1.397223 -2.329333
v -12.000000 1.391223 -2.262566
v -9.473004 1.391223 -2.262566
v -12.000000 1.391223 -2.195798
v -9.473004 1.391223 -2.195798
v -12.000000 1.397223 -2.129030
v -9.473004 1.397223 -2.129030
v -12.000000 1.000000 -2.329333
v -9.473004 1.000000 -2.329333
v -12.000000 1.000000 -2.262566
v -9.473004 1.000000 -2.262566
v -12.000000 1.000000 -2.195798
v -9.473004 1.000000 -2.195798
v -12.000000 1.000000 -2.129030
v -9.473004 1.000000 -2.129030
v -9.467005 1.397691 -2.329333
v -5.384787 1.397691 -2.329333
v -9.467005 1.391691 -2.262566
v -5.384787 1.391691 -2.262566
v -9.467005 1.391691 -2.195798
v -5.384787 1.391691 -2.195798
v -9.467005 1.397691 -2.129030
v -5.384787 1.397691 -2.129030
v -9.467005 1.000000 -2.329333
v -5.384787 1.000000 -2.329333
v -9.467005 1.000000 -2.262566
v -5.384787 1.000000 -2.262566
v -9.467005 1.000000 -2.195798
v -5.384787 1.000000 -2.195798
v -9.467005 1.000000 -2.129030
v -5.384787 1.000000 -2.129030
v -5.378787 1.398330 -2.329333
v -4.807621 1.398330 -2.329333
v -5.378787 1.392330 -2.262566
v -4.807621 1.392330 -2.262566
v -5.378787 1.392330 -2.195798
v -4.807621 1.392330 -2.195798
v -5.378787 1.398330 -2.129030
v -4.807621 1.398330 -2.129030
v -5.378787 1.000000 -2.329333
v -4.807621 1.000000 -2.329333
v -5.378787 1.000000 -2.262566
v -4.807621 1.000000 -2.262566
v -5.378787 1.000000 -2.195798
v -4.807621 1.000000 -2.195798
v -5.378787 1.000000 -2.129030
v -4.807621 1.000000 -2.129030
v -4.801621 1.396119 -2.329333
v -3.405951 1.396119 -2.329333
v -4.801621 1.390119 -2.262566
v -3.405951 1.390119 -2.262566
v -4.801621 1.390119 -2.195798
v -3.405951 1.390119 -2.195798
v -4.801621 1.396119 -2.129030
v -3.405951 1.396119 -2.129030
v -4.801621 1.000000 -2.329333
v -3.405951 1.000000 -2.329333
v -4.801621 1.000000 -2.262566
v -3.405951 1.000000 -2.262566
v -4.801621 1.000000 -2.195798
v -3.405951 1.000000 -2.195798
v -4.801621 1.000000 -2.129030
v -3.405951 1.000000 -2.129030
v -3.399951 1.399294 -2.329333
v 12.000000 1.399294 -2.329333
v -3.399951 1.393295 -2.262566
v 12.000000 1.393295 -2.262566
v -3.399951 1.393295 -2.195798
v 12.000000 1.393295 -2.195798
v -3.399951 1.399294 -2.129030
v 12.000000 1.399294 -2.129030
v -3.399951 1.000000 -2.329333
v 12.000000 1.000000 -2.329333
v -3.399951 1.000000 -2.262566
v 12.000000 1.000000 -2.262566
v -3.399951 1.000000 -2.195798
v 12.000000 1.000000 -2.195798
v -3.399951 1.000000 -2.129030
v 12.000000 1.000000 -2.129030
v -12.000000 1.399911 -2.117030
v -8.744866 1.399911 -2.117030
v -12.000000 1.393911 -2.050263
v -8.744866 1.393911 -2.050263
v -12.000000 1.393911 -1.983495
v -8.744866 1.393911 -1.983495
v -12.000000 1.399911 -1.916727
v -8.744866 1.399911 -1.916727
v -12.000000 1.000000 -2.117030
v -8.744866 1.000000 -2.117030
v -12.000000 1.000000 -2.050263
v -8.744866 1.000000 -2.050263
v -12.000000 1.000000 -1.983495
v -8.744866 1.000000 -1.983495
v -12.000000 1.000000 -1.916727
v -8.744866 1.000000 -1.916727
v -8.738867 1.398670 -2.117030
v -6.447178 1.398670 -2.117030
v -8.738867 1.392671 -2.050263
v -6.447178 1.392671 -2.050263
v -8.738867 1.392671 -1.983495
v -6.447178 1.392671 -1.983495
v -8.738867 1.398670 -1.916727
v -6.447178 1.398670 -1.916727
v -8.738867 1.000000 -2.117030
v -6.447178 1.000000 -2.117030
v -8.738867 1.000000 -2.050263
v -6.447178 1.000000 -2.050263
v -8.738867 1.000000 -1.983495
v -6.447178 1.000000 -1.983495
v -8.738867 1.000000 -1.916727
v -6.447178 1.000000 -1.916727
v -6.441178 1.397753 -2.117030
v 5.731785 1.397753 -2.117030
v -6.441178 1.391753 -2.050263
v 5.731785 1.391753 -2.050263
v -6.441178 1.391753 -1.983495
v 5.731785 1.391753 -1.983495
v -6.441178 1.397753 -1.916727
v 5.731785 1.397753 -1.916727
v -6.441178 1.000000 -2.117030
v 5.731785 1.000000 -2.117030
v -6.441178 1.000000 -2.050263
v 5.731785 1.000000 -2.050263
v -6.441178 1.000000 -1.983495
v 5.731785 1.000000 -1.983495
v -6.441178 1.000000 -1.916727
v 5.731785 1.000000 -1.916727
v 5.737785 1.399333 -2.117030
v 12.000000 1.399333 -2.117030
v 5.737785 1.393333 -2.050263
v 12.000000 1.393333 -2.050263
v 5.737785 1.393333 -1.983495
v 12.000000 1.393333 -1.983495
v 5.737785 1.399333 -1.916727
v 12.000000 1.399333 -1.916727
v 5.737785 1.000000 -2.117030
v 12.000000 1.000000 -2.117030
v 5.737785 1.000000 -2.050263
v 12.000000 1.000000 -2.050263
v 5.737785 1.000000 -1.983495
v 12.000000 1.000000 -1.983495
v 5.737785 1.000000 -1.916727
v 12.000000 1.000000 -1.916727
v -11.892554 1.399402 -1.904727
v 3.011100 1.399402 -1.904727
v -11.892554 1.393402 -1.837960
v 3.011100 1.393402 -1.837960
v -11.892554 1.393402 -1.771192
v 3.011100 1.393402 -1.771192
v -11.892554 1.399402 -1.704424
v 3.011100 1.399402 -1.704424
v -11.892554 1.000000 -1.904727
v 3.011100 1.000000 -1.904727
v -11.892554 1.000000 -1.837960
v 3.011100 1.000000 -1.837960
v -11.892554 1.000000 -1.771192
v 3.011100 1.000000 -1.771192
v -11.892554 1.000000 -1.704424
v 3.011100 1.000000 -1.704424
v 3.017100 1.397998 -1.904727
v 8.365013 1.397998 -1.904727
v 3.017100 1.391998 -1.837960
v 8.365013 1.391998 -1.837960
v 3.017100 1.391998 -1.771192
v 8.365013 1.391998 -1.771192
v 3.017100 1.397998 -1.704424
v 8.365013 1.397998 -1.704424
v 3.017100 1.000000 -1.904727
v 8.365013 1.000000 -1.904727
v 3.017100 1.000000 -1.837960
v 8.365013 1.000000 -1.837960
v 3.017100 1.000000 -1.771192
v 8.365013 1.000000 -1.771192
v 3.017100 1.000000 -1.704424
v 8.365013 1.000000 -1.704424
v 8.371014 1.397912 -1.904727
v 12.000000 1.397912 -1.904727
v 8.371014 1.391912 -1.837960
v 12.000000 1.391912 -1.837960
v 8.371014 1.391912 -1.771192
v 12.000000 1.391912 -1.771192
v 8.371014 1.397912 -1.704424
v 12.000000 1.397912 -1.704424
v 8.371014 1.000000 -1.904727
v 12.000000 1.000000 -1.904727
v 8.371014 1.000000 -1.837960
v 12.000000 1.000000 -1.837960
v 8.371014 1.000000 -1.771192
v 12.000000 1.000000 -1.771192
v 8.371014 1.000000 -1.704424
v 12.000000 1.000000 -1.704424
v -12.000000 1.399332 -1.692424
v -8.462416 1.399332 -1.692424
v -12.000000 1.393332 -1.625657
v -8.462416 1.393332 -1.625657
v -12.000000 1.393332 -1.558889
v -8.462416 1.393332 -1.558889
v -12.000000 1.399332 -1.492121
v -8.462416 1.399332 -1.492121
v -12.000000 1.000000 -1.692424
v -8.462416 1.000000 -1.692424
v -12.000000 1.000000 -1.625657
v -8.462416 1.000000 -1.625657
v -12.000000 1.000000 -1.558889
v -8.462416 1.000000 -1.558889
v -12.000000 1.000000 -1.492121
v -8.462416 1.000000 -1.492121
v -8.456415 1.397420 -1.692424
v 1.096065 1.397420 -1.692424
v -8.456415 1.391420 -1.625657
v 1.096065 1.391420 -1.625657
v -8.456415 1.391420 -1.558889
v 1.096065 1.391420 -1.558889
v -8.456415 1.397420 -1.492121
v 1.096065 1.397420 -1.492121
v -8.456415 1.000000 -1.692424
v 1.096065 1.000000 -1.692424
v -8.456415 1.000000 -1.625657
v 1.096065 1.000000 -1.625657
v -8.456415 1.000000 -1.558889
v 1.096065 1.000000 -1.558889
v -8.456415 1.000000 -1.492121
v 1.096065 1.000000 -1.492121
v 1.102065 1.397580 -1.692424
v 1.849054 1.397580 -1.692424
v 1.102065 1.391580 -1.625657
v 1.849054 1.391580 -1.625657
v 1.102065 1.391580 -1.558889
v 1.849054 1.391580 -1.558889
v 1.102065 1.397580 -1.492121
v 1.849054 1.397580 -1.492121
v 1.102065 1.000000 -1.692424
v 1.849054 1.000000 -1.692424
v 1.102065 1.000000 -1.625657
v 1.849054 1.000000 -1.625657
v 1.102065 1.000000 -1.558889
v 1.849054 1.000000 -1.558889
v 1.102065 1.000000 -1.492121
v 1.849054 1.000000 -1.492121
v 2.045677 1.396635 -1.692424
v 12.000000 1.396635 -1.692424
v 2.045677 1.390635 -1.625657
v 12.000000 1.390635 -1.625657
v 2.045677 1.390635 -1.558889
v 12.000000 1.390635 -1.558889
v 2.045677 1.396635 -1.492121
v 12.000000 1.396635 -1.492121
v 2.045677 1.000000 -1.692424
v 12.000000 1.000000 -1.692424
v 2.045677 1.000000 -1.625657
v 12.000000 1.000000 -1.625657
v 2.045677 1.000000 -1.558889
v 12.000000 1.000000 -1.558889
v 2.045677 1.000000 -1.492121
v 12.000000 1.000000 -1.492121
v -12.000000 1.396253 -1.480121
v -5.874534 1.396253 -1.480121
v -12.000000 1.390253 -1.413354
v -5.874534 1.390253 -1.413354
v -12.000000 1.390253 -1.346586
v -5.874534 1.390253 -1.346586
v -12.000000 1.396253 -1.279818
v -5.874534 1.396253 -1.279818
v -12.000000 1.000000 -1.480121
v -5.874534 1.000000 -1.480121
v -12.000000 1.000000 -1.413354
v -5.874534 1.000000 -1.413354
v -12.000000 1.000000 -1.346586
v -5.874534 1.000000 -1.346586
v -12.000000 1.000000 -1.279818
v -5.874534 1.000000 -1.279818
v -5.868534 1.397387 -1.480121
v 9.346959 1.397387 -1.480121
v -5.868534 1.391387 -1.413354
v 9.346959 1.391387 -1.413354
v -5.868534 1.391387 -1.346586
v 9.346959 1.391387 -1.346586
v -5.868534 1.397387 -1.279818
v 9.346959 1.397387 -1.279818
v -5.868534 1.000000 -1.480121
v 9.346959 1.000000 -1.480121
v -5.868534 1.000000 -1.413354
v 9.346959 1.000000 -1.413354
v -5.868534 1.000000 -1.346586
v 9.346959 1.000000 -1.346586
v -5.868534 1.000000 -1.279818
v 9.346959 1.000000 -1.279818
v 9.352959 1.396474 -1.480121
v 12.000000 1.396474 -1.480121
v 9.352959 1.390474 -1.413354
v 12.000000 1.390474 -1.413354
v 9.352959 1.390474 -1.346586
v 12.000000 1.390474 -1.346586
v 9.352959 1.396474 -1.279818
v 12.000000 1.396474 -1.279818
v 9.352959 1.000000 -1.480121
v 12.000000 1.000000 -1.480121
v 9.352959 1.000000 -1.413354
v 12.000000 1.000000 -1.413354
v 9.352959 1.000000 -1.346586
v 12.000000 1.000000 -1.346586
v 9.352959 1.000000 -1.279818
v 12.000000 1.000000 -1.279818
v -12.000000 1.399004 -1.267818
v -10.013245 1.399004 -1.267818
v -12.000000 1.393004 -1.201051
v -10.013245 1.393004 -1.201051
v -12.000000 1.393004 -1.134283
v -10.013245 1.393004 -1.134283
v -12.000000 1.399004 -1.067515
v -10.013245 1.399004 -1.067515
v -12.000000 1.000000 -1.267818
v -10.013245 1.000000 -1.267818
v -12.000000 1.000000 -1.201051
v -10.013245 1.000000 -1.201051
v -12.000000 1.000000 -1.134283
v -10.013245 1.000000 -1.134283
v -12.000000 1.000000 -1.067515
v -10.013245 1.000000 -1.067515
v -10.007244 1.396504 -1.267818
v 0.849691 1.396504 -1.267818
v -10.007244 1.390504 -1.201051
v 0.849691 1.390504 -1.201051
v -10.007244 1.390504 -1.134283
v 0.849691 1.390504 -1.134283
v -10.007244 1.396504 -1.067515
v 0.849691 1.396504 -1.067515
v -10.007244 1.000000 -1.267818
v 0.849691 1.000000 -1.267818
v -10.007244 1.000000 -1.201051
v 0.849691 1.000000 -1.201051
v -10.007244 1.000000 -1.134283
v 0.849691 1.000000 -1.134283
v -10.007244 1.000000 -1.067515
v 0.849691 1.000000 -1.067515
v 0.855691 1.399000 -1.267818
v 12.000000 1.399000 -1.267818
v 0.855691 1.393000 -1.201051
v 12.000000 1.393000 -1.201051
v 0.855691 1.393000 -1.134283
v 12.000000 1.393000 -1.134283
v 0.855691 1.399000 -1.067515
v 12.000000 1.399000 -1.067515
v 0.855691 1.000000 -1.267818
v 12.000000 1.000000 -1.267818
v 0.855691 1.000000 -1.201051
v 12.000000 1.000000 -1.201051
v 0.855691 1.000000 -1.134283
v 12.000000 1.000000 -1.134283
v 0.855691 1.000000 -1.067515
v 12.000000 1.000000 -1.067515
v -12.000000 1.397196 -1.055515
v -7.228761 1.397196 -1.055515
v -12.000000 1.391196 -0.988747
v -7.228761 1.391196 -0.988747
v -12.000000 1.391196 -0.921980
v -7.228761 1.391196 -0.921980
v -12.000000 1.397196 -0.855212
v -7.228761 1.397196 -0.855212
v -12.000000 1.000000 -1.055515
v -7.228761 1.000000 -1.055515
v -12.000000 1.000000 -0.988747
v -7.228761 1.000000 -0.988747
v -12.000000 1.000000 -0.921980
v -7.228761 1.000000 -0.921980
v -12.000000 1.000000 -0.855212
v -7.228761 1.000000 -0.855212
v -7.222761 1.399053 -1.055515
v 1.217511 1.399053 -1.055515
v -7.222761 1.393053 -0.988747
v 1.217511 1.393053 -0.988747
v -7.222761 1.393053 -0.921980
v 1.217511 1.393053 -0.921980
v -7.222761 1.399053 -0.855212
v 1.217511 1.399053 -0.855212
v -7.222761 1.000000 -1.055515
v 1.217511 1.000000 -1.055515
v -7.222761 1.000000 -0.988747
v 1.217511 1.000000 -0.988747
v -7.222761 1.000000 -0.921980
v 1.217511 1.000000 -0.921980
v -7.222761 1.000000 -0.855212
v 1.217511 1.000000 -0.855212
v 1.223511 1.399807 -1.055515
v 9.172710 1.399807 -1.055515
v 1.223511 1.393807 -0.988747
v 9.172710 1.393807 -0.988747
v 1.223511 1.393807 -0.921980
v 9.172710 1.393807 -0.921980
v 1.223511 1.399807 -0.855212
v 9.172710 1.399807 -0.855212
v 1.223511 1.000000 -1.055515
v 9.172710 1.000000 -1.055515
v 1.223511 1.000000 -0.988747
v 9.172710 1.000000 -0.988747
v 1.223511 1.000000 -0.921980
v 9.172710 1.000000 -0.921980
v 1.223511 1.000000 -0.855212
v 9.172710 1.000000 -0.855212
v 9.178711 1.396812 -1.055515
v 9.986405 1.396812 -1.055515
v 9.178711 1.390812 -0.988747
v 9.986405 1.390812 -0.988747
v 9.178711 1.390812 -0.921980
v 9.986405 1.390812 -0.921980
v 9.178711 1.396812 -0.855212
v 9.986405 1.396812 -0.855212
v 9.178711 1.000000 -1.055515
v 9.986405 1.000000 -1.055515
v 9.178711 1.000000 -0.988747
v 9.986405 1.000000 -0.988747
v 9.178711 1.000000 -0.921980
v 9.986405 1.000000 -0.921980
v 9.178711 1.000000 -0.855212
v 9.986405 1.000000 -0.855212
v 9.992405 1.397517 -1.055515
v 12.000000 1.397517 -1.055515
v 9.992405 1.391517 -0.988747
v 12.000000 1.391517 -0.988747
v 9.992405 1.391517 -0.921980
v 12.000000 1.391517 -0.921980
v 9.992405 1.397517 -0.855212
v 12.000000 1.397517 -0.855212
v 9.992405 1.000000 -1.055515
v 12.000000 1.000000 -1.055515
v 9.992405 1.000000 -0.988747
v 12.000000 1.000000 -0.988747
v 9.992405 1.000000 -0.921980
v 12.000000 1.000000 -0.921980
v 9.992405 1.000000 -0.855212
v 12.000000 1.000000 -0.855212
v -12.000000 1.396054 -0.843212
v -11.269377 1.396054 -0.843212
v -12.000000 1.390054 -0.776444
v -11.269377 1.390054 -0.776444
v -12.000000 1.390054 -0.709677
v -11.269377 1.390054 -0.709677
v -12.000000 1.396054 -0.642909
v -11.269377 1.396054 -0.642909
v -12.000000 1.000000 -0.843212
v -11.269377 1.000000 -0.843212
v -12.000000 1.000000 -0.776444
v -11.269377 1.000000 -0.776444
v -12.000000 1.000000 -0.709677
v -11.269377 1.000000 -0.709677
v -12.000000 1.000000 -0.642909
v -11.269377 1.000000 -0.642909
v -11.263377 1.396055 -0.843212
v -5.982090 1.396055 -0.843212
v -11.263377 1.390055 -0.776444
v -5.982090 1.390055 -0.776444
v -11.263377 1.390055 -0.709677
v -5.982090 1.390055 -0.709677
v -11.263377 1.396055 -0.642909
v -5.982090 1.396055 -0.642909
v -11.263377 1.000000 -0.843212
v -5.982090 1.000000 -0.843212
v -11.263377 1.000000 -0.776444
v -5.982090 1.000000 -0.776444
v -11.263377 1.000000 -0.709677
v -5.982090 1.000000 -0.709677
v -11.263377 1.000000 -0.642909
v -5.982090 1.000000 -0.642909
v -5.976089 1.396297 -0.843212
v 6.034679 1.396297 -0.843212
v -5.976089 1.390297 -0.776444
v 6.034679 1.390297 -0.776444
v -5.976089 1.390297 -0.709677
v 6.034679 1.390297 -0.709677
v -5.976089 1.396297 -0.642909
v 6.034679 1.396297 -0.642909
v -5.976089 1.000000 -0.843212
v 6.034679 1.000000 -0.843212
v -5.976089 1.000000 -0.776444
v 6.034679 1.000000 -0.776444
v -5.976089 1.000000 -0.709677
v 6.034679 1.000000 -0.709677
v -5.976089 1.000000 -0.642909
v 6.034679 1.000000 -0.642909
v 6.040679 1.396072 -0.843212
v 12.000000 1.396072 -0.843212
v 6.040679 1.390072 -0.776444
v 12.000000 1.390072 -0.776444
v 6.040679 1.390072 -0.709677
v 12.000000 1.390072 -0.709677
v 6.040679 1.396072 -0.642909
v 12.000000 1.396072 -0.642909
v 6.040679 1.000000 -0.843212
v 12.000000 1.000000 -0.843212
v 6.040679 1.000000 -0.776444
v 12.000000 1.000000 -0.776444
v 6.040679 1.000000 -0.709677
v 12.000000 1.000000 -0.709677
v 6.040679 1.000000 -0.642909
v 12.000000 1.000000 -0.642909
v -12.000000 1.397956 -0.630909
v -4.726980 1.397956 -0.630909
v -12.000000 1.391956 -0.564141
v -4.726980 1.391956 -0.564141
v -12.000000 1.391956 -0.497374
v -4.726980 1.391956 -0.497374
v -12.000000 1.397956 -0.430606
v -4.726980 1.397956 -0.430606
v -12.000000 1.000000 -0.630909
v -4.726980 1.000000 -0.630909
v -12.000000 1.000000 -0.564141
v -4.726980 1.000000 -0.564141
v -12.000000 1.000000 -0.497374
v -4.726980 1.000000 -0.497374
v -12.000000 1.000000 -0.430606
v -4.726980 1.000000 -0.430606
v -4.720980 1.397967 -0.630909
v 11.596745 1.397967 -0.630909
v -4.720980 1.391967 -0.564141
v 11.596745 1.391967 -0.564141
v -4.720980 1.391967 -0.497374
v 11.596745 1.391967 -0.497374
v -4.720980 1.397967 -0.430606
v 11.596745 1.397967 -0.430606
v -4.720980 1.000000 -0.630909
v 11.596745 1.000000 -0.630909
v -4.720980 1.000000 -0.564141
v 11.596745 1.000000 -0.564141
v -4.720980 1.000000 -0.497374
v 11.596745 1.000000 -0.497374
v -4.720980 1.000000 -0.430606
v 11.596745 1.000000 -0.430606
v 11.602746 1.399334 -0.630909
v 12.000000 1.399334 -0.630909
v 11.602746 1.393334 -0.564141
v 12.000000 1.393334 -0.564141
v 11.602746 1.393334 -0.497374
v 12.000000 1.393334 -0.497374
v 11.602746 1.399334 -0.430606
v 12.000000 1.399334 -0.430606
v 11.602746 1.000000 -0.630909
v 12.000000 1.000000 -0.630909
v 11.602746 1.000000 -0.564141
v 12.000000 1.000000 -0.564141
v 11.602746 1.000000 -0.497374
v 12.000000 1.000000 -0.497374
v 11.602746 1.000000 -0.430606
v 12.000000 1.000000 -0.430606
v -12.000000 1.398249 -0.418606
v -3.808985 1.398249 -0.418606
v -12.000000 1.392249 -0.351838
v -3.808985 1.392249 -0.351838
v -12.000000 1.392249 -0.285071
v -3.808985 1.392249 -0.285071
v -12.000000 1.398249 -0.218303
v -3.808985 1.398249 -0.218303
v -12.000000 1.000000 -0.418606
v -3.808985 1.000000 -0.418606
v -12.000000 1.000000 -0.351838
v -3.808985 1.000000 -0.351838
v -12.000000 1.000000 -0.285071
v -3.808985 1.000000 -0.285071
v -12.000000 1.000000 -0.218303
v -3.808985 1.000000 -0.218303
v -3.802985 1.396810 -0.418606
v -1.795654 1.396810 -0.418606
v -3.802985 1.390810 -0.351838
v -1.795654 1.390810 -0.351838
v -3.802985 1.390810 -0.285071
v -1.795654 1.390810 -0.285071
v -3.802985 1.396810 -0.218303
v -1.795654 1.396810 -0.218303
v -3.802985 1.000000 -0.418606
v -1.795654 1.000000 -0.418606
v -3.802985 1.000000 -0.351838
v -1.795654 1.000000 -0.351838
v -3.802985 1.000000 -0.285071
v -1.795654 1.000000 -0.285071
v -3.802985 1.000000 -0.218303
v -1.795654 1.000000 -0.218303
v -1.789654 1.399172 -0.418606
v 12.000000 1.399172 -0.418606
v -1.789654 1.393172 -0.351838
v 12.000000 1.393172 -0.351838
v -1.789654 1.393172 -0.285071
v 12.000000 1.393172 -0.285071
v -1.789654 1.399172 -0.218303
v 12.000000 1.399172 -0.218303
v -1.789654 1.000000 -0.418606
v 12.000000 1.000000 -0.418606
v -1.789654 1.000000 -0.351838
v 12.000000 1.000000 -0.351838
v -1.789654 1.000000 -0.285071
v 12.000000 1.000000 -0.285071
v -1.789654 1.000000 -0.218303
v 12.000000 1.000000 -0.218303
v -12.000000 1.398375 -0.206303
v -11.653513 1.398375 -0.206303
v -12.000000 1.392375 -0.139535
v -11.653513 1.392375 -0.139535
v -12.000000 1.392375 -0.072768
v -11.653513 1.392375 -0.072768
v -12.000000 1.398375 -0.006000
v -11.653513 1.398375 -0.006000
v -12.000000 1.000000 -0.206303
v -11.653513 1.000000 -0.206303
v -12.000000 1.000000 -0.139535
v -11.653513 1.000000 -0.139535
v -12.000000 1.000000 -0.072768
v -11.653513 1.000000 -0.072768
v -12.000000 1.000000 -0.006000
v -11.653513 1.000000 -0.006000
v -11.647512 1.396365 -0.206303
v -9.875725 1.396365 -0.206303
v -11.647512 1.390365 -0.139535
v -9.875725 1.390365 -0.139535
v -11.647512 1.390365 -0.072768
v -9.875725 1.390365 -0.072768
v -11.647512 1.396365 -0.006000
v -9.875725 1.396365 -0.006000
v -11.647512 1.000000 -0.206303
v -9.875725 1.000000 -0.206303
v -11.647512 1.000000 -0.139535
v -9.875725 1.000000 -0.139535
v -11.647512 1.000000 -0.072768
v -9.875725 1.000000 -0.072768
v -11.647512 1.000000 -0.006000
v -9.875725 1.000000 -0.006000
v -9.869725 1.399721 -0.206303
v 0.323656 1.399721 -0.206303
v -9.869725 1.393721 -0.139535
v 0.323656 1.393721 -0.139535
v -9.869725 1.393721 -0.072768
v 0.323656 1.393721 -0.072768
v -9.869725 1.399721 -0.006000
v 0.323656 1.399721 -0.006000
v -9.869725 1.000000 -0.206303
v 0.323656 1.000000 -0.206303
v -9.869725 1.000000 -0.139535
v 0.323656 1.000000 -0.139535
v -9.869725 1.000000 -0.072768
v 0.323656 1.000000 -0.072768
v -9.869725 1.000000 -0.006000
v 0.323656 1.000000 -0.006000
v 0.329656 1.397370 -0.206303
v 8.875416 1.397370 -0.206303
v 0.329656 1.391370 -0.139535
v 8.875416 1.391370 -0.139535
v 0.329656 1.391370 -0.072768
v 8.875416 1.391370 -0.072768
v 0.329656 1.397370 -0.006000
v 8.875416 1.397370 -0.006000
v 0.329656 1.000000 -0.206303
v 8.875416 1.000000 -0.206303
v 0.329656 1.000000 -0.139535
v 8.875416 1.000000 -0.139535
v 0.329656 1.000000 -0.072768
v 8.875416 1.000000 -0.072768
v 0.329656 1.000000 -0.006000
v 8.875416 1.000000 -0.006000
v 8.881415 1.397358 -0.206303
v 12.000000 1.397358 -0.206303
v 8.881415 1.391358 -0.139535
v 12.000000 1.391358 -0.139535
v 8.881415 1.391358 -0.072768
v 12.000000 1.391358 -0.072768
v 8.881415 1.397358 -0.006000
v 12.000000 1.397358 -0.006000
v 8.881415 1.000000 -0.206303
v 12.000000 1.000000 -0.206303
v 8.881415 1.000000 -0.139535
v 12.000000 1.000000 -0.139535
v 8.881415 1.000000 -0.072768
v 12.000000 1.000000 -0.072768
v 8.881415 1.000000 -0.006000
v 12.000000 1.000000 -0.006000
v -12.000000 1.397619 0.006000
v -11.456584 1.397619 0.006000
v -12.000000 1.391619 0.072768
v -11.456584 1.391619 0.072768
v -12.000000 1.391619 0.139535
v -11.456584 1.391619 0.139535
v -12.000000 1.397619 0.206303
v -11.456584 1.397619 0.206303
v -12.000000 1.000000 0.006000
v -11.456584 1.000000 0.006000
v -12.000000 1.000000 0.072768
v -11.456584 1.000000 0.072768
v -12.000000 1.000000 0.139535
v -11.456584 1.000000 0.139535
v -12.000000 1.000000 0.206303
v -11.456584 1.000000 0.206303
v -11.450584 1.399453 0.006000
v -10.087980 1.399453 0.006000
v -11.450584 1.393453 0.072768
v -10.087980 1.393453 0.072768
v -11.450584 1.393453 0.139535
v -10.087980 1.393453 0.139535
v -11.450584 1.399453 0.206303
v -10.087980 1.399453 0.206303
v -11.450584 1.000000 0.006000
v -10.087980 1.000000 0.006000
v -11.450584 1.000000 0.072768
v -10.087980 1.000000 0.072768
v -11.450584 1.000000 0.139535
v -10.087980 1.000000 0.139535
v -11.450584 1.000000 0.206303
v -10.087980 1.000000 0.206303
v -10.081981 1.396533 0.006000
v 1.158393 1.396533 0.006000
v -10.081981 1.390533 0.072768
v 1.158393 1.390533 0.072768
v -10.081981 1.390533 0.139535
v 1.158393 1.390533 0.139535
v -10.081981 1.396533 0.206303
v 1.158393 1.396533 0.206303
v -10.081981 1.000000 0.006000
v 1.158393 1.000000 0.006000
v -10.081981 1.000000 0.072768
v 1.158393 1.000000 0.072768
v -10.081981 1.000000 0.139535
v 1.158393 1.000000 0.139535
v -10.081981 1.000000 0.206303
v 1.158393 1.000000 0.206303
v 1.164393 1.397381 0.006000
v 9.793966 1.397381 0.006000
v 1.164393 1.391381 0.072768
v 9.793966 1.391381 0.072768
v 1.164393 1.391381 0.139535
v 9.793966 1.391381 0.139535
v 1.164393 1.397381 0.206303
v 9.793966 1.397381 0.206303
v 1.164393 1.000000 0.006000
v 9.793966 1.000000 0.006000
v 1.164393 1.000000 0.072768
v 9.793966 1.000000 0.072768
v 1.164393 1.000000 0.139535
v 9.793966 1.000000 0.139535
v 1.164393 1.000000 0.206303
v 9.793966 1.000000 0.206303
v 9.799967 1.398441 0.006000
v 12.000000 1.398441 0.006000
v 9.799967 1.392441 0.072768
v 12.000000 1.392441 0.072768
v 9.799967 1.392441 0.139535
v 12.000000 1.392441 0.139535
v 9.799967 1.398441 0.206303
v 12.000000 1.398441 0.206303
v 9.799967 1.000000 0.006000
v 12.000000 1.000000 0.006000
v 9.799967 1.000000 0.072768
v 12.000000 1.000000 0.072768
v 9.799967 1.000000 0.139535
v 12.000000 1.000000 0.139535
v 9.799967 1.000000 0.206303
v 12.000000 1.000000 0.206303
v -12.000000 1.398254 0.218303
v -11.492628 1.398254 0.218303
v -12.000000 1.392254 0.285071
v -11.492628 1.392254 0.285071
v -12.000000 1.392254 0.351838
v -11.492628 1.392254 0.351838
v -12.000000 1.398254 0.418606
v -11.492628 1.398254 0.418606
v -12.000000 1.000000 0.218303
v -11.492628 1.000000 0.218303
v -12.000000 1.000000 0.285071
v -11.492628 1.000000 0.285071
v -12.000000 1.000000 0.351838
v -11.492628 1.000000 0.351838
v -12.000000 1.000000 0.418606
v -11.492628 1.000000 0.418606
v -11.486629 1.398718 0.218303
v -9.378511 1.398718 0.218303
v -11.486629 1.392718 0.285071
v -9.378511 1.392718 0.285071
v -11.486629 1.392718 0.351838
v -9.378511 1.392718 0.351838
v -11.486629 1.398718 0.418606
v -9.378511 1.398718 0.418606
v -11.486629 1.000000 0.218303
v -9.378511 1.000000 0.218303
v -11.486629 1.000000 0.285071
v -9.378511 1.000000 0.285071
v -11.486629 1.000000 0.351838
v -9.378511 1.000000 0.351838
v -11.486629 1.000000 0.418606
v -9.378511 1.000000 0.418606
v -9.372512 1.397849 0.218303
v -7.674855 1.397849 0.218303
v -9.372512 1.391849 0.285071
v -7.674855 1.391849 0.285071
v -9.372512 1.391849 0.351838
v -7.674855 1.391849 0.351838
v -9.372512 1.397849 0.418606
v -7.674855 1.397849 0.418606
v -9.372512 1.000000 0.218303
v -7.674855 1.000000 0.218303
v -9.372512 1.000000 0.285071
v -7.674855 1.000000 0.285071
v -9.372512 1.000000 0.351838
v -7.674855 1.000000 0.351838
v -9.372512 1.000000 0.418606
v -7.674855 1.000000 0.418606
v -7.668855 1.397518 0.218303
v -3.433560 1.397518 0.218303
v -7.668855 1.391518 0.285071
v -3.433560 1.391518 0.285071
v -7.668855 1.391518 0.351838
v -3.433560 1.391518 0.351838
v -7.668855 1.397518 0.418606
v -3.433560 1.397518 0.418606
v -7.668855 1.000000 0.218303
v -3.433560 1.000000 0.218303
v -7.668855 1.000000 0.285071
v -3.433560 1.000000 0.285071
v -7.668855 1.000000 0.351838
v -3.433560 1.000000 0.351838
v -7.668855 1.000000 0.418606
v -3.433560 1.000000 0.418606
v -3.427560 1.399581 0.218303
v 12.000000 1.399581 0.218303
v -3.427560 1.393581 0.285071
v 12.000000 1.393581 0.285071
v -3.427560 1.393581 0.351838
v 12.000000 1.393581 0.351838
v -3.427560 1.399581 0.418606
v 12.000000 1.399581 0.418606
v -3.427560 1.000000 0.218303
v 12.000000 1.000000 0.218303
v -3.427560 1.000000 0.285071
v 12.000000 1.000000 0.285071
v -3.427560 1.000000 0.351838
v 12.000000 1.000000 0.351838
v -3.427560 1.000000 0.418606
v 12.000000 1.000000 0.418606
v -12.000000 1.399841 0.430606
v -8.742260 1.399841 0.430606
v -12.000000 1.393841 0.497374
v -8.742260 1.393841 0.497374
v -12.000000 1.393841 0.564141
v -8.742260 1.393841 0.564141
v -12.000000 1.399841 0.630909
v -8.742260 1.399841 0.630909
v -12.000000 1.000000 0.430606
v -8.742260 1.000000 0.430606
v -12.000000 1.000000 0.497374
v -8.742260 1.000000 0.497374
v -12.000000 1.000000 0.564141
v -8.742260 1.000000 0.564141
v -12.000000 1.000000 0.630909
v -8.742260 1.000000 0.630909
v -8.736259 1.399702 0.430606
v -7.983101 1.399702 0.430606
v -8.736259 1.393702 0.497374
v -7.983101 1.393702 0.497374
v -8.736259 1.393702 0.564141
v -7.983101 1.393702 0.564141
v -8.736259 1.399702 0.630909
v -7.983101 1.399702 0.630909
v -8.736259 1.000000 0.430606
v -7.983101 1.000000 0.430606
v -8.736259 1.000000 0.497374
v -7.983101 1.000000 0.497374
v -8.736259 1.000000 0.564141
v -7.983101 1.000000 0.564141
v -8.736259 1.000000 0.630909
v -7.983101 1.000000 0.630909
v -7.977101 1.398621 0.430606
v 1.583120 1.398621 0.430606
v -7.977101 1.392621 0.497374
v 1.583120 1.392621 0.497374
v -7.977101 1.392621 0.564141
v 1.583120 1.392621 0.564141
v -7.977101 1.398621 0.630909
v 1.583120 1.398621 0.630909
v -7.977101 1.000000 0.430606
v 1.583120 1.000000 0.430606
v -7.977101 1.000000 0.497374
v 1.583120 1.000000 0.497374
v -7.977101 1.000000 0.564141
v 1.583120 1.000000 0.564141
v -7.977101 1.000000 0.630909
v 1.583120 1.000000 0.630909
v 1.589120 1.398565 0.430606
v 12.000000 1.398565 0.430606
v 1.589120 1.392565 0.497374
v 12.000000 1.392565 0.497374
v 1.589120 1.392565 0.564141
v 12.000000 1.392565 0.564141
v 1.589120 1.398565 0.630909
v 12.000000 1.398565 0.630909
v 1.589120 1.000000 0.430606
v 12.000000 1.000000 0.430606
v 1.589120 1.000000 0.497374
v 12.000000 1.000000 0.497374
v 1.589120 1.000000 0.564141
v 12.000000 1.000000 0.564141
v 1.589120 1.000000 0.630909
v 12.000000 1.000000 0.630909
v -12.000000 1.396533 0.642909
v -10.256227 1.396533 0.642909
v -12.000000 1.390533 0.709677
v -10.256227 1.390533 0.709677
v -12.000000 1.390533 0.776444
v -10.256227 1.390533 0.776444
v -12.000000 1.396533 0.843212
v -10.256227 1.396533 0.843212
v -12.000000 1.000000 0.642909
v -10.256227 1.000000 0.642909
v -12.000000 1.000000 0.709677
v -10.256227 1.000000 0.709677
v -12.000000 1.000000 0.776444
v -10.256227 1.000000 0.776444
v -12.000000 1.000000 0.843212
v -10.256227 1.000000 0.843212
v -10.250227 1.398761 0.642909
v -8.965304 1.398761 0.642909
v -10.250227 1.392761 0.709677
v -8.965304 1.392761 0.709677
v -10.250227 1.392761 0.776444
v -8.965304 1.392761 0.776444
v -10.250227 1.398761 0.843212
v -8.965304 1.398761 0.843212
v -10.250227 1.000000 0.642909
v -8.965304 1.000000 0.642909
v -10.250227 1.000000 0.709677
v -8.965304 1.000000 0.709677
v -10.250227 1.000000 0.776444
v -8.965304 1.000000 0.776444
v -10.250227 1.000000 0.843212
v -8.965304 1.000000 0.843212
v -8.959305 1.398096 0.642909
v -4.496705 1.398096 0.642909
v -8.959305 1.392096 0.709677
v -4.496705 1.392096 0.709677
v -8.959305 1.392096 0.776444
v -4.496705 1.392096 0.776444
v -8.959305 1.398096 0.843212
v -4.496705 1.398096 0.843212
v -8.959305 1.000000 0.642909
v -4.496705 1.000000 0.642909
v -8.959305 1.000000 0.709677
v -4.496705 1.000000 0.709677
v -8.959305 1.000000 0.776444
v -4.496705 1.000000 0.776444
v -8.959305 1.000000 0.843212
v -4.496705 1.000000 0.843212
v -4.490705 1.397336 0.642909
v 1.393195 1.397336 0.642909
v -4.490705 1.391336 0.709677
v 1.393195 1.391336 0.709677
v -4.490705 1.391336 0.776444
v 1.393195 1.391336 0.776444
v -4.490705 1.397336 0.843212
v 1.393195 1.397336 0.843212
v -4.490705 1.000000 0.642909
v 1.393195 1.000000 0.642909
v -4.490705 1.000000 0.709677
v 1.393195 1.000000 0.709677
v -4.490705 1.000000 0.776444
v 1.393195 1.000000 0.776444
v -4.490705 1.000000 0.843212
v 1.393195 1.000000 0.843212
v 1.399195 1.397345 0.642909
v 12.000000 1.397345 0.642909
v 1.399195 1.391345 0.709677
v 12.000000 1.391345 0.709677
v 1.399195 1.391345 0.776444
v 12.000000 1.391345 0.776444
v 1.399195 1.397345 0.843212
v 12.000000 1.397345 0.843212
v 1.399195 1.000000 0.642909
v 12.000000 1.000000 0.642909
v 1.399195 1.000000 0.709677
v 12.000000 1.000000 0.709677
v 1.399195 1.000000 0.776444
v 12.000000 1.000000 0.776444
v 1.399195 1.000000 0.843212
v 12.000000 1.000000 0.843212
v -12.000000 1.398431 0.855212
v 1.474167 1.398431 0.855212
v -12.000000 1.392431 0.921980
v 1.474167 1.392431 0.921980
v -12.000000 1.392431 0.988747
v 1.474167 1.392431 0.988747
v -12.000000 1.398431 1.055515
v 1.474167 1.398431 1.055515
v -12.000000 1.000000 0.855212
v 1.474167 1.000000 0.855212
v -12.000000 1.000000 0.921980
v 1.474167 1.000000 0.921980
v -12.000000 1.000000 0.988747
v 1.474167 1.000000 0.988747
v -12.000000 1.000000 1.055515
v 1.474167 1.000000 1.055515
v 1.480167 1.397483 0.855212
v 5.295584 1.397483 0.855212
v 1.480167 1.391483 0.921980
v 5.295584 1.391483 0.921980
v 1.480167 1.391483 0.988747
v 5.295584 1.391483 0.988747
v 1.480167 1.397483 1.055515
v 5.295584 1.397483 1.055515
v 1.480167 1.000000 0.855212
v 5.295584 1.000000 0.855212
v 1.480167 1.000000 0.921980
v 5.295584 1.000000 0.921980
v 1.480167 1.000000 0.988747
v 5.295584 1.000000 0.988747
v 1.480167 1.000000 1.055515
v 5.295584 1.000000 1.055515
v 5.301584 1.399808 0.855212
v 11.760134 1.399808 0.855212
v 5.301584 1.393808 0.921980
v 11.760134 1.393808 0.921980
v 5.301584 1.393808 0.988747
v 11.760134 1.393808 0.988747
v 5.301584 1.399808 1.055515
v 11.760134 1.399808 1.055515
v 5.301584 1.000000 0.855212
v 11.760134 1.000000 0.855212
v 5.301584 1.000000 0.921980
v 11.760134 1.000000 0.921980
v 5.301584 1.000000 0.988747
v 11.760134 1.000000 0.988747
v 5.301584 1.000000 1.055515
v 11.760134 1.000000 1.055515
v -12.000000 1.398663 1.067515
v -10.749532 1.398663 1.067515
v -12.000000 1.392663 1.134283
v -10.749532 1.392663 1.134283
v -12.000000 1.392663 1.201051
v -10.749532 1.392663 1.201051
v -12.000000 1.398663 1.267818
v -10.749532 1.398663 1.267818
v -12.000000 1.000000 1.067515
v -10.749532 1.000000 1.067515
v -12.000000 1.000000 1.134283
v -10.749532 1.000000 1.134283
v -12.000000 1.000000 1.201051
v -10.749532 1.000000 1.201051
v -12.000000 1.000000 1.267818
v -10.749532 1.000000 1.267818
v -10.743532 1.396594 1.067515
v -2.538229 1.396594 1.067515
v -10.743532 1.390594 1.134283
v -2.538229 1.390594 1.134283
v -10.743532 1.390594 1.201051
v -2.538229 1.390594 1.201051
v -10.743532 1.396594 1.267818
v -2.538229 1.396594 1.267818
v -10.743532 1.000000 1.067515
v -2.538229 1.000000 1.067515
v -10.743532 1.000000 1.134283
v -2.538229 1.000000 1.134283
v -10.743532 1.000000 1.201051
v -2.538229 1.000000 1.201051
v -10.743532 1.000000 1.267818
v -2.538229 1.000000 1.267818
v -2.532229 1.397280 1.067515
v 0.864172 1.397280 1.067515
v -2.532229 1.391280 1.134283
v 0.864172 1.391280 1.134283
v -2.532229 1.391280 1.201051
v 0.864172 1.391280 1.201051
v -2.532229 1.397280 1.267818
v 0.864172 1.397280 1.267818
v -2.532229 1.000000 1.067515
v 0.864172 1.000000 1.067515
v -2.532229 1.000000 1.134283
v 0.864172 1.000000 1.134283
v -2.532229 1.000000 1.201051
v 0.864172 1.000000 1.201051
v -2.532229 1.000000 1.267818
v 0.864172 1.000000 1.267818
v 0.870172 1.399982 1.067515
v 5.413222 1.399982 1.067515
v 0.870172 1.393982 1.134283
v 5.413222 1.393982 1.134283
v 0.870172 1.393982 1.201051
v 5.413222 1.393982 1.201051
v 0.870172 1.399982 1.267818
v 5.413222 1.399982 1.267818
v 0.870172 1.000000 1.067515
v 5.413222 1.000000 1.067515
v 0.870172 1.000000 1.134283
v 5.413222 1.000000 1.134283
v 0.870172 1.000000 1.201051
v 5.413222 1.000000 1.201051
v 0.870172 1.000000 1.267818
v 5.413222 1.000000 1.267818
v 5.419222 1.396996 1.067515
v 12.000000 1.396996 1.067515
v 5.419222 1.390996 1.134283
v 12.000000 1.390996 1.134283
v 5.419222 1.390996 1.201051
v 12.000000 1.390996 1.201051
v 5.419222 1.396996 1.267818
v 12.000000 1.396996 1.267818
v 5.419222 1.000000 1.067515
v 12.000000 1.000000 1.067515
v 5.419222 1.000000 1.134283
v 12.000000 1.000000 1.134283
v 5.419222 1.000000 1.201051
v 12.000000 1.000000 1.201051
v 5.419222 1.000000 1.267818
v 12.000000 1.000000 1.267818
v -12.000000 1.396085 1.279818
v -1.116609 1.396085 1.279818
v -12.000000 1.390085 1.346586
v -1.116609 1.390085 1.346586
v -12.000000 1.390085 1.413354
v -1.116609 1.390085 1.413354
v -12.000000 1.396085 1.480121
v -1.116609 1.396085 1.480121
v -12.000000 1.000000 1.279818
v -1.116609 1.000000 1.279818
v -12.000000 1.000000 1.346586
v -1.116609 1.000000 1.346586
v -12.000000 1.000000 1.413354
v -1.116609 1.000000 1.413354
v -12.000000 1.000000 1.480121
v -1.116609 1.000000 1.480121
v -1.110609 1.397941 1.279818
v -0.473013 1.397941 1.279818
v -1.110609 1.391941 1.346586
v -0.473013 1.391941 1.346586
v -1.110609 1.391941 1.413354
v -0.473013 1.391941 1.413354
v -1.110609 1.397941 1.480121
v -0.473013 1.397941 1.480121
v -1.110609 1.000000 1.279818
v -0.473013 1.000000 1.279818
v -1.110609 1.000000 1.346586
v -0.473013 1.000000 1.346586
v -1.110609 1.000000 1.413354
v -0.473013 1.000000 1.413354
v -1.110609 1.000000 1.480121
v -0.473013 1.000000 1.480121
v -0.467013 1.398584 1.279818
v 9.427158 1.398584 1.279818
v -0.467013 1.392584 1.346586
v 9.427158 1.392584 1.346586
v -0.467013 1.392584 1.413354
v 9.427158 1.392584 1.413354
v -0.467013 1.398584 1.480121
v 9.427158 1.398584 1.480121
v -0.467013 1.000000 1.279818
v 9.427158 1.000000 1.279818
v -0.467013 1.000000 1.346586
v 9.427158 1.000000 1.346586
v -0.467013 1.000000 1.413354
v 9.427158 1.000000 1.413354
v -0.467013 1.000000 1.480121
v 9.427158 1.000000 1.480121
v 9.433159 1.398205 1.279818
v 10.987958 1.398205 1.279818
v 9.433159 1.392205 1.346586
v 10.987958 1.392205 1.346586
v 9.433159 1.392205 1.413354
v 10.987958 1.392205 1.413354
v 9.433159 1.398205 1.480121
v 10.987958 1.398205 1.480121
v 9.433159 1.000000 1.279818
v 10.987958 1.000000 1.279818
v 9.433159 1.000000 1.346586
v 10.987958 1.000000 1.346586
v 9.433159 1.000000 1.413354
v 10.987958 1.000000 1.413354
v 9.433159 1.000000 1.480121
v 10.987958 1.000000 1.480121
v 10.993958 1.399394 1.279818
v 12.000000 1.399394 1.279818
v 10.993958 1.393394 1.346586
v 12.000000 1.393394 1.346586
v 10.993958 1.393394 1.413354
v 12.000000 1.393394 1.413354
v 10.993958 1.399394 1.480121
v 12.000000 1.399394 1.480121
v 10.993958 1.000000 1.279818
v 12.000000 1.000000 1.279818
v 10.993958 1.000000 1.346586
v 12.000000 1.000000 1.346586
v 10.993958 1.000000 1.413354
v 12.000000 1.000000 1.413354
v 10.993958 1.000000 1.480121
v 12.000000 1.000000 1.480121
v -12.000000 1.398606 1.492121
v -5.890179 1.398606 1.492121
v -12.000000 1.392606 1.558889
v -5.890179 1.392606 1.558889
v -12.000000 1.392606 1.625657
v -5.890179 1.392606 1.625657
v -12.000000 1.398606 1.692424
v -5.890179 1.398606 1.692424
v -12.000000 1.000000 1.492121
v -5.890179 1.000000 1.492121
v -12.000000 1.000000 1.558889
v -5.890179 1.000000 1.558889
v -12.000000 1.000000 1.625657
v -5.890179 1.000000 1.625657
v -12.000000 1.000000 1.692424
v -5.890179 1.000000 1.692424
v -5.884179 1.396454 1.492121
v -2.908553 1.396454 1.492121
v -5.884179 1.390454 1.558889
v -2.908553 1.390454 1.558889
v -5.884179 1.390454 1.625657
v -2.908553 1.390454 1.625657
v -5.884179 1.396454 1.692424
v -2.908553 1.396454 1.692424
v -5.884179 1.000000 1.492121
v -2.908553 1.000000 1.492121
v -5.884179 1.000000 1.558889
v -2.908553 1.000000 1.558889
v -5.884179 1.000000 1.625657
v -2.908553 1.000000 1.625657
v -5.884179 1.000000 1.692424
v -2.908553 1.000000 1.692424
v -2.902553 1.399850 1.492121
v 7.595759 1.399850 1.492121
v -2.902553 1.393850 1.558889
v 7.595759 1.393850 1.558889
v -2.902553 1.393850 1.625657
v 7.595759 1.393850 1.625657
v -2.902553 1.399850 1.692424
v 7.595759 1.399850 1.692424
v -2.902553 1.000000 1.492121
v 7.595759 1.000000 1.492121
v -2.902553 1.000000 1.558889
v 7.595759 1.000000 1.558889
v -2.902553 1.000000 1.625657
v 7.595759 1.000000 1.625657
v -2.902553 1.000000 1.692424
v 7.595759 1.000000 1.692424
v 7.601759 1.399163 1.492121
v 12.000000 1.399163 1.492121
v 7.601759 1.393163 1.558889
v 12.000000 1.393163 1.558889
v 7.601759 1.393163 1.625657
v 12.000000 1.393163 1.625657
v 7.601759 1.399163 1.692424
v 12.000000 1.399163 1.692424
v 7.601759 1.000000 1.492121
v 12.000000 1.000000 1.492121
v 7.601759 1.000000 1.558889
v 12.000000 1.000000 1.558889
v 7.601759 1.000000 1.625657
v 12.000000 1.000000 1.625657
v 7.601759 1.000000 1.692424
v 12.000000 1.000000 1.692424
v -12.000000 1.397444 1.704424
v -3.578682 1.397444 1.704424
v -12.000000 1.391444 1.771192
v -3.578682 1.391444 1.771192
v -12.000000 1.391444 1.837960
v -3.578682 1.391444 1.837960
v -12.000000 1.397444 1.904727
v -3.578682 1.397444 1.904727
v -12.000000 1.000000 1.704424
v -3.578682 1.000000 1.704424
v -12.000000 1.000000 1.771192
v -3.578682 1.000000 1.771192
v -12.000000 1.000000 1.837960
v -3.578682 1.000000 1.837960
v -12.000000 1.000000 1.904727
v -3.578682 1.000000 1.904727
v -3.572682 1.399843 1.704424
v 1.452286 1.399843 1.704424
v -3.572682 1.393843 1.771192
v 1.452286 1.393843 1.771192
v -3.572682 1.393843 1.837960
v 1.452286 1.393843 1.837960
v -3.572682 1.399843 1.904727
v 1.452286 1.399843 1.904727
v -3.572682 1.000000 1.704424
v 1.452286 1.000000 1.704424
v -3.572682 1.000000 1.771192
v 1.452286 1.000000 1.771192
v -3.572682 1.000000 1.837960
v 1.452286 1.000000 1.837960
v -3.572682 1.000000 1.904727
v 1.452286 1.000000 1.904727
v 1.458285 1.397914 1.704424
v 12.000000 1.397914 1.704424
v 1.458285 1.391914 1.771192
v 12.000000 1.391914 1.771192
v 1.458285 1.391914 1.837960
v 12.000000 1.391914 1.837960
v 1.458285 1.397914 1.904727
v 12.000000 1.397914 1.904727
v 1.458285 1.000000 1.704424
v 12.000000 1.000000 1.704424
v 1.458285 1.000000 1.771192
v 12.000000 1.000000 1.771192
v 1.458285 1.000000 1.837960
v 12.000000 1.000000 1.837960
v 1.458285 1.000000 1.904727
v 12.000000 1.000000 1.904727
v -12.000000 1.398610 1.916727
v -8.530281 1.398610 1.916727
v -12.000000 1.392609 1.983495
v -8.530281 1.392609 1.983495
v -12.000000 1.392609 2.050263
v -8.530281 1.392609 2.050263
v -12.000000 1.398610 2.117030
v -8.530281 1.398610 2.117030
v -12.000000 1.000000 1.916727
v -8.530281 1.000000 1.916727
v -12.000000 1.000000 1.983495
v -8.530281 1.000000 1.983495
v -12.000000 1.000000 2.050263
v -8.530281 1.000000 2.050263
v -12.000000 1.000000 2.117030
v -8.530281 1.000000 2.117030
v -8.524282 1.399652 1.916727
v 2.894336 1.399652 1.916727
v -8.524282 1.393651 1.983495
v 2.894336 1.393651 1.983495
v -8.524282 1.393651 2.050263
v 2.894336 1.393651 2.050263
v -8.524282 1.399652 2.117030
v 2.894336 1.399652 2.117030
v -8.524282 1.000000 1.916727
v 2.894336 1.000000 1.916727
v -8.524282 1.000000 1.983495
v 2.894336 1.000000 1.983495
v -8.524282 1.000000 2.050263
v 2.894336 1.000000 2.050263
v -8.524282 1.000000 2.117030
v 2.894336 1.000000 2.117030
v 2.900336 1.399893 1.916727
v 12.000000 1.399893 1.916727
v 2.900336 1.393893 1.983495
v 12.000000 1.393893 1.983495
v 2.900336 1.393893 2.050263
v 12.000000 1.393893 2.050263
v 2.900336 1.399893 2.117030
v 12.000000 1.399893 2.117030
v 2.900336 1.000000 1.916727
v 12.000000 1.000000 1.916727
v 2.900336 1.000000 1.983495
v 12.000000 1.000000 1.983495
v 2.900336 1.000000 2.050263
v 12.000000 1.000000 2.050263
v 2.900336 1.000000 2.117030
v 12.000000 1.000000 2.117030
v -12.000000 1.397576 2.129030
v -10.261246 1.397576 2.129030
v -12.000000 1.391577 2.195798
v -10.261246 1.391577 2.195798
v -12.000000 1.391577 2.262566
v -10.261246 1.391577 2.262566
v -12.000000 1.397576 2.329333
v -10.261246 1.397576 2.329333
v -12.000000 1.000000 2.129030
v -10.261246 1.000000 2.129030
v -12.000000 1.000000 2.195798
v -10.261246 1.000000 2.195798
v -12.000000 1.000000 2.262566
v -10.261246 1.000000 2.262566
v -12.000000 1.000000 2.329333
v -10.261246 1.000000 2.329333
v -10.255245 1.399860 2.129030
v 0.702125 1.399860 2.129030
v -10.255245 1.393860 2.195798
v 0.702125 1.393860 2.195798
v -10.255245 1.393860 2.262566
v 0.702125 1.393860 2.262566
v -10.255245 1.399860 2.329333
v 0.702125 1.399860 2.329333
v -10.255245 1.000000 2.129030
v 0.702125 1.000000 2.129030
v -10.255245 1.000000 2.195798
v 0.702125 1.000000 2.195798
v -10.255245 1.000000 2.262566
v 0.702125 1.000000 2.262566
v -10.255245 1.000000 2.329333
v 0.702125 1.000000 2.329333
v 0.708125 1.398010 2.129030
v 6.740764 1.398010 2.129030
v 0.708125 1.392010 2.195798
v 6.740764 1.392010 2.195798
v 0.708125 1.392010 2.262566
v 6.740764 1.392010 2.262566
v 0.708125 1.398010 2.329333
v 6.740764 1.398010 2.329333
v 0.708125 1.000000 2.129030
v 6.740764 1.000000 2.129030
v 0.708125 1.000000 2.195798
v 6.740764 1.000000 2.195798
v 0.708125 1.000000 2.262566
v 6.740764 1.000000 2.262566
v 0.708125 1.000000 2.329333
v 6.740764 1.000000 2.329333
v 6.746764 1.398490 2.129030
v 12.000000 1.398490 2.129030
v 6.746764 1.392490 2.195798
v 12.000000 1.392490 2.195798
v 6.746764 1.392490 2.262566
v 12.000000 1.392490 2.262566
v 6.746764 1.398490 2.329333
v 12.000000 1.398490 2.329333
v 6.746764 1.000000 2.129030
v 12.000000 1.000000 2.129030
v 6.746764 1.000000 2.195798
v 12.000000 1.000000 2.195798
v 6.746764 1.000000 2.262566
v 12.000000 1.000000 2.262566
v 6.746764 1.000000 2.329333
v 12.000000 1.000000 2.329333
v -12.000000 1.397958 2.341333
v -9.441162 1.397958 2.341333
v -12.000000 1.391958 2.408101
v -9.441162 1.391958 2.408101
v -12.000000 1.391958 2.474869
v -9.441162 1.391958 2.474869
v -12.000000 1.397958 2.541636
v -9.441162 1.397958 2.541636
v -12.000000 1.000000 2.341333
v -9.441162 1.000000 2.341333
v -12.000000 1.000000 2.408101
v -9.441162 1.000000 2.408101
v -12.000000 1.000000 2.474869
v -9.441162 1.000000 2.474869
v -12.000000 1.000000 2.541636
v -9.441162 1.000000 2.541636
v -9.435163 1.399023 2.341333
v -1.685822 1.399023 2.341333
v -9.435163 1.393023 2.408101
v -1.685822 1.393023 2.408101
v -9.435163 1.393023 2.474869
v -1.685822 1.393023 2.474869
v -9.435163 1.399023 2.541636
v -1.685822 1.399023 2.541636
v -9.435163 1.000000 2.341333
v -1.685822 1.000000 2.341333
v -9.435163 1.000000 2.408101
v -1.685822 1.000000 2.408101
v -9.435163 1.000000 2.474869
v -1.685822 1.000000 2.474869
v -9.435163 1.000000 2.541636
v -1.685822 1.000000 2.541636
v -1.679822 1.398071 2.341333
v 12.000000 1.398071 2.341333
v -1.679822 1.392071 2.408101
v 12.000000 1.392071 2.408101
v -1.679822 1.392071 2.474869
v 12.000000 1.392071 2.474869
v -1.679822 1.398071 2.541636
v 12.000000 1.398071 2.541636
v -1.679822 1.000000 2.341333
v 12.000000 1.000000 2.341333
v -1.679822 1.000000 2.408101
v 12.000000 1.000000 2.408101
v -1.679822 1.000000 2.474869
v 12.000000 1.000000 2.474869
v -1.679822 1.000000 2.541636
v 12.000000 1.000000 2.541636
v -12.000000 1.396299 2.553636
v -11.510921 1.396299 2.553636
v -12.000000 1.390299 2.620404
v -11.510921 1.390299 2.620404
v -12.000000 1.390299 2.687172
v -11.510921 1.390299 2.687172
v -12.000000 1.396299 2.753939
v -11.510921 1.396299 2.753939
v -12.000000 1.000000 2.553636
v -11.510921 1.000000 2.553636
v -12.000000 1.000000 2.620404
v -11.510921 1.000000 2.620404
v -12.000000 1.000000 2.687172
v -11.510921 1.000000 2.687172
v -12.000000 1.000000 2.753939
v -11.510921 1.000000 2.753939
v -11.353741 1.396104 2.553636
v 8.555046 1.396104 2.553636
v -11.353741 1.390104 2.620404
v 8.555046 1.390104 2.620404
v -11.353741 1.390104 2.687172
v 8.555046 1.390104 2.687172
v -11.353741 1.396104 2.753939
v 8.555046 1.396104 2.753939
v -11.353741 1.000000 2.553636
v 8.555046 1.000000 2.553636
v -11.353741 1.000000 2.620404
v 8.555046 1.000000 2.620404
v -11.353741 1.000000 2.687172
v 8.555046 1.000000 2.687172
v -11.353741 1.000000 2.753939
v 8.555046 1.000000 2.753939
v 8.561047 1.397988 2.553636
v 9.234566 1.397988 2.553636
v 8.561047 1.391988 2.620404
v 9.234566 1.391988 2.620404
v 8.561047 1.391988 2.687172
v 9.234566 1.391988 2.687172
v 8.561047 1.397988 2.753939
v 9.234566 1.397988 2.753939
v 8.561047 1.000000 2.553636
v 9.234566 1.000000 2.553636
v 8.561047 1.000000 2.620404
v 9.234566 1.000000 2.620404
v 8.561047 1.000000 2.687172
v 9.234566 1.000000 2.687172
v 8.561047 1.000000 2.753939
v 9.234566 1.000000 2.753939
v 9.240565 1.399980 2.553636
v 12.000000 1.399980 2.553636
v 9.240565 1.393980 2.620404
v 12.000000 1.393980 2.620404
v 9.240565 1.393980 2.687172
v 12.000000 1.393980 2.687172
v 9.240565 1.399980 2.753939
v 12.000000 1.399980 2.753939
v 9.240565 1.000000 2.553636
v 12.000000 1.000000 2.553636
v 9.240565 1.000000 2.620404
v 12.000000 1.000000 2.620404
v 9.240565 1.000000 2.687172
v 12.000000 1.000000 2.687172
v 9.240565 1.000000 2.753939
v 12.000000 1.000000 2.753939
v -12.000000 1.399267 2.765939
v -5.327705 1.399267 2.765939
v -12.000000 1.393267 2.832707
v -5.327705 1.393267 2.832707
v -12.000000 1.393267 2.899475
v -5.327705 1.393267 2.899475
v -12.000000 1.399267 2.966242
v -5.327705 1.399267 2.966242
v -12.000000 1.000000 2.765939
v -5.327705 1.000000 2.765939
v -12.000000 1.000000 2.832707
v -5.327705 1.000000 2.832707
v -12.000000 1.000000 2.899475
v -5.327705 1.000000 2.899475
v -12.000000 1.000000 2.966242
v -5.327705 1.000000 2.966242
v -5.321705 1.398658 2.765939
v 0.655331 1.398658 2.765939
v -5.321705 1.392658 2.832707
v 0.655331 1.392658 2.832707
v -5.321705 1.392658 2.899475
v 0.655331 1.392658 2.899475
v -5.321705 1.398658 2.966242
v 0.655331 1.398658 2.966242
v -5.321705 1.000000 2.765939
v 0.655331 1.000000 2.765939
v -5.321705 1.000000 2.832707
v 0.655331 1.000000 2.832707
v -5.321705 1.000000 2.899475
v 0.655331 1.000000 2.899475
v -5.321705 1.000000 2.966242
v 0.655331 1.000000 2.966242
v 0.661331 1.396023 2.765939
v 10.329950 1.396023 2.765939
v 0.661331 1.390023 2.832707
v 10.329950 1.390023 2.832707
v 0.661331 1.390023 2.899475
v 10.329950 1.390023 2.899475
v 0.661331 1.396023 2.966242
v 10.329950 1.396023 2.966242
v 0.661331 1.000000 2.765939
v 10.329950 1.000000 2.765939
v 0.661331 1.000000 2.832707
v 10.329950 1.000000 2.832707
v 0.661331 1.000000 2.899475
v 10.329950 1.000000 2.899475
v 0.661331 1.000000 2.966242
v 10.329950 1.000000 2.966242
v 10.335950 1.398743 2.765939
v 12.000000 1.398743 2.765939
v 10.335950 1.392743 2.832707
v 12.000000 1.392743 2.832707
v 10.335950 1.392743 2.899475
v 12.000000 1.392743 2.899475
v 10.335950 1.398743 2.966242
v 12.000000 1.398743 2.966242
v 10.335950 1.000000 2.765939
v 12.000000 1.000000 2.765939
v 10.335950 1.000000 2.832707
v 12.000000 1.000000 2.832707
v 10.335950 1.000000 2.899475
v 12.000000 1.000000 2.899475
v 10.335950 1.000000 2.966242
v 12.000000 1.000000 2.966242
v -12.000000 1.399220 2.978242
v -9.470920 1.399220 2.978242
v -12.000000 1.393220 3.045010
v -9.470920 1.393220 3.045010
v -12.000000 1.393220 3.111778
v -9.470920 1.393220 3.111778
v -12.000000 1.399220 3.178545
v -9.470920 1.399220 3.178545
v -12.000000 1.000000 2.978242
v -9.470920 1.000000 2.978242
v -12.000000 1.000000 3.045010
v -9.470920 1.000000 3.045010
v -12.000000 1.000000 3.111778
v -9.470920 1.000000 3.111778
v -12.000000 1.000000 3.178545
v -9.470920 1.000000 3.178545
v -9.464920 1.399392 2.978242
v -8.724892 1.399392 2.978242
v -9.464920 1.393392 3.045010
v -8.724892 1.393392 3.045010
v -9.464920 1.393392 3.111778
v -8.724892 1.393392 3.111778
v -9.464920 1.399392 3.178545
v -8.724892 1.399392 3.178545
v -9.464920 1.000000 2.978242
v -8.724892 1.000000 2.978242
v -9.464920 1.000000 3.045010
v -8.724892 1.000000 3.045010
v -9.464920 1.000000 3.111778
v -8.724892 1.000000 3.111778
v -9.464920 1.000000 3.178545
v -8.724892 1.000000 3.178545
v -8.718892 1.398431 2.978242
v 3.818590 1.398431 2.978242
v -8.718892 1.392431 3.045010
v 3.818590 1.392431 3.045010
v -8.718892 1.392431 3.111778
v 3.818590 1.392431 3.111778
v -8.718892 1.398431 3.178545
v 3.818590 1.398431 3.178545
v -8.718892 1.000000 2.978242
v 3.818590 1.000000 2.978242
v -8.718892 1.000000 3.045010
v 3.818590 1.000000 3.045010
v -8.718892 1.000000 3.111778
v 3.818590 1.000000 3.111778
v -8.718892 1.000000 3.178545
v 3.818590 1.000000 3.178545
v 3.824590 1.397031 2.978242
v 7.260533 1.397031 2.978242
v 3.824590 1.391031 3.045010
v 7.260533 1.391031 3.045010
v 3.824590 1.391031 3.111778
v 7.260533 1.391031 3.111778
v 3.824590 1.397031 3.178545
v 7.260533 1.397031 3.178545
v 3.824590 1.000000 2.978242
v 7.260533 1.000000 2.978242
v 3.824590 1.000000 3.045010
v 7.260533 1.000000 3.045010
v 3.824590 1.000000 3.111778
v 7.260533 1.000000 3.111778
v 3.824590 1.000000 3.178545
v 7.260533 1.000000 3.178545
v 7.266532 1.399371 2.978242
v 12.000000 1.399371 2.978242
v 7.266532 1.393371 3.045010
v 12.000000 1.393371 3.045010
v 7.266532 1.393371 3.111778
v 12.000000 1.393371 3.111778
v 7.266532 1.399371 3.178545
v 12.000000 1.399371 3.178545
v 7.266532 1.000000 2.978242
v 12.000000 1.000000 2.978242
v 7.266532 1.000000 3.045010
v 12.000000 1.000000 3.045010
v 7.266532 1.000000 3.111778
v 12.000000 1.000000 3.111778
v 7.266532 1.000000 3.178545
v 12.000000 1.000000 3.178545
v -12.000000 1.396727 3.190546
v 4.114439 1.396727 3.190546
v -12.000000 1.390727 3.257313
v 4.114439 1.390727 3.257313
v -12.000000 1.390727 3.324081
v 4.114439 1.390727 3.324081
v -12.000000 1.396727 3.390848
v 4.114439 1.396727 3.390848
v -12.000000 1.000000 3.190546
v 4.114439 1.000000 3.190546
v -12.000000 1.000000 3.257313
v 4.114439 1.000000 3.257313
v -12.000000 1.000000 3.324081
v 4.114439 1.000000 3.324081
v -12.000000 1.000000 3.390848
v 4.114439 1.000000 3.390848
v 4.120439 1.397756 3.190546
v 10.029442 1.397756 3.190546
v 4.120439 1.391756 3.257313
v 10.029442 1.391756 3.257313
v 4.120439 1.391756 3.324081
v 10.029442 1.391756 3.324081
v 4.120439 1.397756 3.390848
v 10.029442 1.397756 3.390848
v 4.120439 1.000000 3.190546
v 10.029442 1.000000 3.190546
v 4.120439 1.000000 3.257313
v 10.029442 1.000000 3.257313
v 4.120439 1.000000 3.324081
v 10.029442 1.000000 3.324081
v 4.120439 1.000000 3.390848
v 10.029442 1.000000 3.390848
v 10.035441 1.397071 3.190546
v 12.000000 1.397071 3.190546
v 10.035441 1.391070 3.257313
v 12.000000 1.391070 3.257313
v 10.035441 1.391070 3.324081
v 12.000000 1.391070 3.324081
v 10.035441 1.397071 3.390848
v 12.000000 1.397071 3.390848
v 10.035441 1.000000 3.190546
v 12.000000 1.000000 3.190546
v 10.035441 1.000000 3.257313
v 12.000000 1.000000 3.257313
v 10.035441 1.000000 3.324081
v 12.000000 1.000000 3.324081
v 10.035441 1.000000 3.390848
v 12.000000 1.000000 3.390848
v -12.000000 1.398434 3.402848
v -7.843761 1.398434 3.402848
v -12.000000 1.392434 3.469616
v -7.843761 1.392434 3.469616
v -12.000000 1.392434 3.536384
v -7.843761 1.392434 3.536384
v -12.000000 1.398434 3.603152
v -7.843761 1.398434 3.603152
v -12.000000 1.000000 3.402848
v -7.843761 1.000000 3.402848
v -12.000000 1.000000 3.469616
v -7.843761 1.000000 3.469616
v -12.000000 1.000000 3.536384
v -7.843761 1.000000 3.536384
v -12.000000 1.000000 3.603152
v -7.843761 1.000000 3.603152
v -7.837761 1.398720 3.402848
v -3.572602 1.398720 3.402848
v -7.837761 1.392720 3.469616
v -3.572602 1.392720 3.469616
v -7.837761 1.392720 3.536384
v -3.572602 1.392720 3.536384
v -7.837761 1.398720 3.603152
v -3.572602 1.398720 3.603152
v -7.837761 1.000000 3.402848
v -3.572602 1.000000 3.402848
v -7.837761 1.000000 3.469616
v -3.572602 1.000000 3.469616
v -7.837761 1.000000 3.536384
v -3.572602 1.000000 3.536384
v -7.837761 1.000000 3.603152
v -3.572602 1.000000 3.603152
v -3.566602 1.399365 3.402848
v 11.151274 1.399365 3.402848
v -3.566602 1.393365 3.469616
v 11.151274 1.393365 3.469616
v -3.566602 1.393365 3.536384
v 11.151274 1.393365 3.536384
v -3.566602 1.399365 3.603152
v 11.151274 1.399365 3.603152
v -3.566602 1.000000 3.402848
v 11.151274 1.000000 3.402848
v -3.566602 1.000000 3.469616
v 11.151274 1.000000 3.469616
v -3.566602 1.000000 3.536384
v 11.151274 1.000000 3.536384
v -3.566602 1.000000 3.603152
v 11.151274 1.000000 3.603152
v 11.157273 1.396356 3.402848
v 12.000000 1.396356 3.402848
v 11.157273 1.390356 3.469616
v 12.000000 1.390356 3.469616
v 11.157273 1.390356 3.536384
v 12.000000 1.390356 3.536384
v 11.157273 1.396356 3.603152
v 12.000000 1.396356 3.603152
v 11.157273 1.000000 3.402848
v 12.000000 1.000000 3.402848
v 11.157273 1.000000 3.469616
v 12.000000 1.000000 3.469616
v 11.157273 1.000000 3.536384
v 12.000000 1.000000 3.536384
v 11.157273 1.000000 3.603152
v 12.000000 1.000000 3.603152
v -12.000000 1.398045 3.615151
v 1.247130 1.398045 3.615151
v -12.000000 1.392045 3.681919
v 1.247130 1.392045 3.681919
v -12.000000 1.392045 3.748687
v 1.247130 1.392045 3.748687
v -12.000000 1.398045 3.815454
v 1.247130 1.398045 3.815454
v -12.000000 1.000000 3.615151
v 1.247130 1.000000 3.615151
v -12.000000 1.000000 3.681919
v 1.247130 1.000000 3.681919
v -12.000000 1.000000 3.748687
v 1.247130 1.000000 3.748687
v -12.000000 1.000000 3.815454
v 1.247130 1.000000 3.815454
v 1.253130 1.399693 3.615151
v 3.832481 1.399693 3.615151
v 1.253130 1.393693 3.681919
v 3.832481 1.393693 3.681919
v 1.253130 1.393693 3.748687
v 3.832481 1.393693 3.748687
v 1.253130 1.399693 3.815454
v 3.832481 1.399693 3.815454
v 1.253130 1.000000 3.615151
v 3.832481 1.000000 3.615151
v 1.253130 1.000000 3.681919
v 3.832481 1.000000 3.681919
v 1.253130 1.000000 3.748687
v 3.832481 1.000000 3.748687
v 1.253130 1.000000 3.815454
v 3.832481 1.000000 3.815454
v 3.838481 1.399483 3.615151
v 6.528650 1.399483 3.615151
v 3.838481 1.393483 3.681919
v 6.528650 1.393483 3.681919
v 3.838481 1.393483 3.748687
v 6.528650 1.393483 3.748687
v 3.838481 1.399483 3.815454
v 6.528650 1.399483 3.815454
v 3.838481 1.000000 3.615151
v 6.528650 1.000000 3.615151
v 3.838481 1.000000 3.681919
v 6.528650 1.000000 3.681919
v 3.838481 1.000000 3.748687
v 6.528650 1.000000 3.748687
v 3.838481 1.000000 3.815454
v 6.528650 1.000000 3.815454
v 6.534650 1.397517 3.615151
v 7.982548 1.397517 3.615151
v 6.534650 1.391517 3.681919
v 7.982548 1.391517 3.681919
v 6.534650 1.391517 3.748687
v 7.982548 1.391517 3.748687
v 6.534650 1.397517 3.815454
v 7.982548 1.397517 3.815454
v 6.534650 1.000000 3.615151
v 7.982548 1.000000 3.615151
v 6.534650 1.000000 3.681919
v 7.982548 1.000000 3.681919
v 6.534650 1.000000 3.748687
v 7.982548 1.000000 3.748687
v 6.534650 1.000000 3.815454
v 7.982548 1.000000 3.815454
v 7.988548 1.397590 3.615151
v 12.000000 1.397590 3.615151
v 7.988548 1.391590 3.681919
v 12.000000 1.391590 3.681919
v 7.988548 1.391590 3.748687
v 12.000000 1.391590 3.748687
v 7.988548 1.397590 3.815454
v 12.000000 1.397590 3.815454
v 7.988548 1.000000 3.615151
v 12.000000 1.000000 3.615151
v 7.988548 1.000000 3.681919
v 12.000000 1.000000 3.681919
v 7.988548 1.000000 3.748687
v 12.000000 1.000000 3.748687
v 7.988548 1.000000 3.815454
v 12.000000 1.000000 3.815454
v -12.000000 1.399471 3.827455
v -3.926424 1.399471 3.827455
v -12.000000 1.393471 3.894222
v -3.926424 1.393471 3.894222
v -12.000000 1.393471 3.960990
v -3.926424 1.393471 3.960990
v -12.000000 1.399471 4.027758
v -3.926424 1.399471 4.027758
v -12.000000 1.000000 3.827455
v -3.926424 1.000000 3.827455
v -12.000000 1.000000 3.894222
v -3.926424 1.000000 3.894222
v -12.000000 1.000000 3.960990
v -3.926424 1.000000 3.960990
v -12.000000 1.000000 4.027758
v -3.926424 1.000000 4.027758
v -3.920424 1.399444 3.827455
v -3.507144 1.399444 3.827455
v -3.920424 1.393444 3.894222
v -3.507144 1.393444 3.894222
v -3.920424 1.393444 3.960990
v -3.507144 1.393444 3.960990
v -3.920424 1.399444 4.027758
v -3.507144 1.399444 4.027758
v -3.920424 1.000000 3.827455
v -3.507144 1.000000 3.827455
v -3.920424 1.000000 3.894222
v -3.507144 1.000000 3.894222
v -3.920424 1.000000 3.960990
v -3.507144 1.000000 3.960990
v -3.920424 1.000000 4.027758
v -3.507144 1.000000 4.027758
v -3.501144 1.399251 3.827455
v -1.066185 1.399251 3.827455
v -3.501144 1.393251 3.894222
v -1.066185 1.393251 3.894222
v -3.501144 1.393251 3.960990
v -1.066185 1.393251 3.960990
v -3.501144 1.399251 4.027758
v -1.066185 1.399251 4.027758
v -3.501144 1.000000 3.827455
v -1.066185 1.000000 3.827455
v -3.501144 1.000000 3.894222
v -1.066185 1.000000 3.894222
v -3.501144 1.000000 3.960990
v -1.066185 1.000000 3.960990
v -3.501144 1.000000 4.027758
v -1.066185 1.000000 4.027758
v -1.060185 1.396788 3.827455
v 11.637337 1.396788 3.827455
v -1.060185 1.390788 3.894222
v 11.637337 1.390788 3.894222
v -1.060185 1.390788 3.960990
v 11.637337 1.390788 3.960990
v -1.060185 1.396788 4.027758
v 11.637337 1.396788 4.027758
v -1.060185 1.000000 3.827455
v 11.637337 1.000000 3.827455
v -1.060185 1.000000 3.894222
v 11.637337 1.000000 3.894222
v -1.060185 1.000000 3.960990
v 11.637337 1.000000 3.960990
v -1.060185 1.000000 4.027758
v 11.637337 1.000000 4.027758
v 11.643336 1.399568 3.827455
v 12.000000 1.399568 3.827455
v 11.643336 1.393568 3.894222
v 12.000000 1.393568 3.894222
v 11.643336 1.393568 3.960990
v 12.000000 1.393568 3.960990
v 11.643336 1.399568 4.027758
v 12.000000 1.399568 4.027758
v 11.643336 1.000000 3.827455
v 12.000000 1.000000 3.827455
v 11.643336 1.000000 3.894222
v 12.000000 1.000000 3.894222
v 11.643336 1.000000 3.960990
v 12.000000 1.000000 3.960990
v 11.643336 1.000000 4.027758
v 12.000000 1.000000 4.027758
v -12.000000 1.397319 4.039758
v -1.091965 1.397319 4.039758
v -12.000000 1.391319 4.106525
v -1.091965 1.391319 4.106525
v -12.000000 1.391319 4.173293
v -1.091965 1.391319 4.173293
v -12.000000 1.397319 4.240061
v -1.091965 1.397319 4.240061
v -12.000000 1.000000 4.039758
v -1.091965 1.000000 4.039758
v -12.000000 1.000000 4.106525
v -1.091965 1.000000 4.106525
v -12.000000 1.000000 4.173293
v -1.091965 1.000000 4.173293
v -12.000000 1.000000 4.240061
v -1.091965 1.000000 4.240061
v -1.085965 1.396366 4.039758
v 0.014443 1.396366 4.039758
v -1.085965 1.390366 4.106525
v 0.014443 1.390366 4.106525
v -1.085965 1.390366 4.173293
v 0.014443 1.390366 4.173293
v -1.085965 1.396366 4.240061
v 0.014443 1.396366 4.240061
v -1.085965 1.000000 4.039758
v 0.014443 1.000000 4.039758
v -1.085965 1.000000 4.106525
v 0.014443 1.000000 4.106525
v -1.085965 1.000000 4.173293
v 0.014443 1.000000 4.173293
v -1.085965 1.000000 4.240061
v 0.014443 1.000000 4.240061
v 0.020443 1.397054 4.039758
v 0.659180 1.397054 4.039758
v 0.020443 1.391054 4.106525
v 0.659180 1.391054 4.106525
v 0.020443 1.391054 4.173293
v 0.659180 1.391054 4.173293
v 0.020443 1.397054 4.240061
v 0.659180 1.397054 4.240061
v 0.020443 1.000000 4.039758
v 0.659180 1.000000 4.039758
v 0.020443 1.000000 4.106525
v 0.659180 1.000000 4.106525
v 0.020443 1.000000 4.173293
v 0.659180 1.000000 4.173293
v 0.020443 1.000000 4.240061
v 0.659180 1.000000 4.240061
v 0.665180 1.396600 4.039758
v 9.970640 1.396600 4.039758
v 0.665180 1.390599 4.106525
v 9.970640 1.390599 4.106525
v 0.665180 1.390599 4.173293
v 9.970640 1.390599 4.173293
v 0.665180 1.396600 4.240061
v 9.970640 1.396600 4.240061
v 0.665180 1.000000 4.039758
v 9.970640 1.000000 4.039758
v 0.665180 1.000000 4.106525
v 9.970640 1.000000 4.106525
v 0.665180 1.000000 4.173293
v 9.970640 1.000000 4.173293
v 0.665180 1.000000 4.240061
v 9.970640 1.000000 4.240061
v 9.976641 1.396866 4.039758
v 12.000000 1.396866 4.039758
v 9.976641 1.390866 4.106525
v 12.000000 1.390866 4.106525
v 9.976641 1.390866 4.173293
v 12.000000 1.390866 4.173293
v 9.976641 1.396866 4.240061
v 12.000000 1.396866 4.240061
v 9.976641 1.000000 4.039758
v 12.000000 1.000000 4.039758
v 9.976641 1.000000 4.106525
v 12.000000 1.000000 4.106525
v 9.976641 1.000000 4.173293
v 12.000000 1.000000 4.173293
v 9.976641 1.000000 4.240061
v 12.000000 1.000000 4.240061
v -12.000000 1.397221 4.252060
v -4.323507 1.397221 4.252060
v -12.000000 1.391221 4.318828
v -4.323507 1.391221 4.318828
v -12.000000 1.391221 4.385596
v -4.323507 1.391221 4.385596
v -12.000000 1.397221 4.452363
v -4.323507 1.397221 4.452363
v -12.000000 1.000000 4.252060
v -4.323507 1.000000 4.252060
v -12.000000 1.000000 4.318828
v -4.323507 1.000000 4.318828
v -12.000000 1.000000 4.385596
v -4.323507 1.000000 4.385596
v -12.000000 1.000000 4.452363
v -4.323507 1.000000 4.452363
v -4.317507 1.396033 4.252060
v 7.134018 1.396033 4.252060
v -4.317507 1.390033 4.318828
v 7.134018 1.390033 4.318828
v -4.317507 1.390033 4.385596
v 7.134018 1.390033 4.385596
v -4.317507 1.396033 4.452363
v 7.134018 1.396033 4.452363
v -4.317507 1.000000 4.252060
v 7.134018 1.000000 4.252060
v -4.317507 1.000000 4.318828
v 7.134018 1.000000 4.318828
v -4.317507 1.000000 4.385596
v 7.134018 1.000000 4.385596
v -4.317507 1.000000 4.452363
v 7.134018 1.000000 4.452363
v 7.140018 1.396689 4.252060
v 12.000000 1.396689 4.252060
v 7.140018 1.390689 4.318828
v 12.000000 1.390689 4.318828
v 7.140018 1.390689 4.385596
v 12.000000 1.390689 4.385596
v 7.140018 1.396689 4.452363
v 12.000000 1.396689 4.452363
v 7.140018 1.000000 4.252060
v 12.000000 1.000000 4.252060
v 7.140018 1.000000 4.318828
v 12.000000 1.000000 4.318828
v 7.140018 1.000000 4.385596
v 12.000000 1.000000 4.385596
v 7.140018 1.000000 4.452363
v 12.000000 1.000000 4.452363
v -12.000000 1.396794 4.464364
v -6.659969 1.396794 4.464364
v -12.000000 1.390794 4.531131
v -6.659969 1.390794 4.531131
v -12.000000 1.390794 4.597899
v -6.659969 1.390794 4.597899
v -12.000000 1.396794 4.664667
v -6.659969 1.396794 4.664667
v -12.000000 1.000000 4.464364
v -6.659969 1.000000 4.464364
v -12.000000 1.000000 4.531131
v -6.659969 1.000000 4.531131
v -12.000000 1.000000 4.597899
v -6.659969 1.000000 4.597899
v -12.000000 1.000000 4.664667
v -6.659969 1.000000 4.664667
v -6.653969 1.397495 4.464364
v -3.376658 1.397495 4.464364
v -6.653969 1.391495 4.531131
v -3.376658 1.391495 4.531131
v -6.653969 1.391495 4.597899
v -3.376658 1.391495 4.597899
v -6.653969 1.397495 4.664667
v -3.376658 1.397495 4.664667
v -6.653969 1.000000 4.464364
v -3.376658 1.000000 4.464364
v -6.653969 1.000000 4.531131
v -3.376658 1.000000 4.531131
v -6.653969 1.000000 4.597899
v -3.376658 1.000000 4.597899
v -6.653969 1.000000 4.664667
v -3.376658 1.000000 4.664667
v -3.370658 1.399691 4.464364
v 7.498168 1.399691 4.464364
v -3.370658 1.393691 4.531131
v 7.498168 1.393691 4.531131
v -3.370658 1.393691 4.597899
v 7.498168 1.393691 4.597899
v -3.370658 1.399691 4.664667
v 7.498168 1.399691 4.664667
v -3.370658 1.000000 4.464364
v 7.498168 1.000000 4.464364
v -3.370658 1.000000 4.531131
v 7.498168 1.000000 4.531131
v -3.370658 1.000000 4.597899
v 7.498168 1.000000 4.597899
v -3.370658 1.000000 4.664667
v 7.498168 1.000000 4.664667
v 7.504168 1.399699 4.464364
v 8.787564 1.399699 4.464364
v 7.504168 1.393699 4.531131
v 8.787564 1.393699 4.531131
v 7.504168 1.393699 4.597899
v 8.787564 1.393699 4.597899
v 7.504168 1.399699 4.664667
v 8.787564 1.399699 4.664667
v 7.504168 1.000000 4.464364
v 8.787564 1.000000 4.464364
v 7.504168 1.000000 4.531131
v 8.787564 1.000000 4.531131
v 7.504168 1.000000 4.597899
v 8.787564 1.000000 4.597899
v 7.504168 1.000000 4.664667
v 8.787564 1.000000 4.664667
v 8.793565 1.397422 4.464364
v 12.000000 1.397422 4.464364
v 8.793565 1.391422 4.531131
v 12.000000 1.391422 4.531131
v 8.793565 1.391422 4.597899
v 12.000000 1.391422 4.597899
v 8.793565 1.397422 4.664667
v 12.000000 1.397422 4.664667
v 8.793565 1.000000 4.464364
v 12.000000 1.000000 4.464364
v 8.793565 1.000000 4.531131
v 12.000000 1.000000 4.531131
v 8.793565 1.000000 4.597899
v 12.000000 1.000000 4.597899
v 8.793565 1.000000 4.664667
v 12.000000 1.000000 4.664667
v -12.000000 1.398738 4.676667
v 7.351279 1.398738 4.676667
v -12.000000 1.392738 4.743434
v 7.351279 1.392738 4.743434
v -12.000000 1.392738 4.810202
v 7.351279 1.392738 4.810202
v -12.000000 1.398738 4.876970
v 7.351279 1.398738 4.876970
v -12.000000 1.000000 4.676667
v 7.351279 1.000000 4.676667
v -12.000000 1.000000 4.743434
v 7.351279 1.000000 4.743434
v -12.000000 1.000000 4.810202
v 7.351279 1.000000 4.810202
v -12.000000 1.000000 4.876970
v 7.351279 1.000000 4.876970
v 7.357279 1.397147 4.676667
v 8.473572 1.397147 4.676667
v 7.357279 1.391147 4.743434
v 8.473572 1.391147 4.743434
v 7.357279 1.391147 4.810202
v 8.473572 1.391147 4.810202
v 7.357279 1.397147 4.876970
v 8.473572 1.397147 4.876970
v 7.357279 1.000000 4.676667
v 8.473572 1.000000 4.676667
v 7.357279 1.000000 4.743434
v 8.473572 1.000000 4.743434
v 7.357279 1.000000 4.810202
v 8.473572 1.000000 4.810202
v 7.357279 1.000000 4.876970
v 8.473572 1.000000 4.876970
v 8.479571 1.398017 4.676667
v 12.000000 1.398017 4.676667
v 8.479571 1.392017 4.743434
v 12.000000 1.392017 4.743434
v 8.479571 1.392017 4.810202
v 12.000000 1.392017 4.810202
v 8.479571 1.398017 4.876970
v 12.000000 1.398017 4.876970
v 8.479571 1.000000 4.676667
v 12.000000 1.000000 4.676667
v 8.479571 1.000000 4.743434
v 12.000000 1.000000 4.743434
v 8.479571 1.000000 4.810202
v 12.000000 1.000000 4.810202
v 8.479571 1.000000 4.876970
v 12.000000 1.000000 4.876970
v -12.000000 1.397565 4.888970
v -2.022824 1.397565 4.888970
v -12.000000 1.391565 4.955738
v -2.022824 1.391565 4.955738
v -12.000000 1.391565 5.022505
v -2.022824 1.391565 5.022505
v -12.000000 1.397565 5.089272
v -2.022824 1.397565 5.089272
v -12.000000 1.000000 4.888970
v -2.022824 1.000000 4.888970
v -12.000000 1.000000 4.955738
v -2.022824 1.000000 4.955738
v -12.000000 1.000000 5.022505
v -2.022824 1.000000 5.022505
v -12.000000 1.000000 5.089272
v -2.022824 1.000000 5.089272
v -1.741250 1.399960 4.888970
v 9.297286 1.399960 4.888970
v -1.741250 1.393960 4.955738
v 9.297286 1.393960 4.955738
v -1.741250 1.393960 5.022505
v 9.297286 1.393960 5.022505
v -1.741250 1.399960 5.089272
v 9.297286 1.399960 5.089272
v -1.741250 1.000000 4.888970
v 9.297286 1.000000 4.888970
v -1.741250 1.000000 4.955738
v 9.297286 1.000000 4.955738
v -1.741250 1.000000 5.022505
v 9.297286 1.000000 5.022505
v -1.741250 1.000000 5.089272
v 9.297286 1.000000 5.089272
v 9.303286 1.396444 4.888970
v 10.677779 1.396444 4.888970
v 9.303286 1.390444 4.955738
v 10.677779 1.390444 4.955738
v 9.303286 1.390444 5.022505
v 10.677779 1.390444 5.022505
v 9.303286 1.396444 5.089272
v 10.677779 1.396444 5.089272
v 9.303286 1.000000 4.888970
v 10.677779 1.000000 4.888970
v 9.303286 1.000000 4.955738
v 10.677779 1.000000 4.955738
v 9.303286 1.000000 5.022505
v 10.677779 1.000000 5.022505
v 9.303286 1.000000 5.089272
v 10.677779 1.000000 5.089272
v 10.683780 1.398953 4.888970
v 12.000000 1.398953 4.888970
v 10.683780 1.392953 4.955738
v 12.000000 1.392953 4.955738
v 10.683780 1.392953 5.022505
v 12.000000 1.392953 5.022505
v 10.683780 1.398953 5.089272
v 12.000000 1.398953 5.089272
v 10.683780 1.000000 4.888970
v 12.000000 1.000000 4.888970
v 10.683780 1.000000 4.955738
v 12.000000 1.000000 4.955738
v 10.683780 1.000000 5.022505
v 12.000000 1.000000 5.022505
v 10.683780 1.000000 5.089272
v 12.000000 1.000000 5.089272
v -12.000000 1.397745 5.101273
v -3.185508 1.397745 5.101273
v -12.000000 1.391745 5.168040
v -3.185508 1.391745 5.168040
v -12.000000 1.391745 5.234808
v -3.185508 1.391745 5.234808
v -12.000000 1.397745 5.301576
v -3.185508 1.397745 5.301576
v -12.000000 1.000000 5.101273
v -3.185508 1.000000 5.101273
v -12.000000 1.000000 5.168040
v -3.185508 1.000000 5.168040
v -12.000000 1.000000 5.234808
v -3.185508 1.000000 5.234808
v -12.000000 1.000000 5.301576
v -3.185508 1.000000 5.301576
v -3.179508 1.397060 5.101273
v 1.597262 1.397060 5.101273
v -3.179508 1.391060 5.168040
v 1.597262 1.391060 5.168040
v -3.179508 1.391060 5.234808
v 1.597262 1.391060 5.234808
v -3.179508 1.397060 5.301576
v 1.597262 1.397060 5.301576
v -3.179508 1.000000 5.101273
v 1.597262 1.000000 5.101273
v -3.179508 1.000000 5.168040
v 1.597262 1.000000 5.168040
v -3.179508 1.000000 5.234808
v 1.597262 1.000000 5.234808
v -3.179508 1.000000 5.301576
v 1.597262 1.000000 5.301576
v 1.603262 1.397878 5.101273
v 12.000000 1.397878 5.101273
v 1.603262 1.391878 5.168040
v 12.000000 1.391878 5.168040
v 1.603262 1.391878 5.234808
v 12.000000 1.391878 5.234808
v 1.603262 1.397878 5.301576
v 12.000000 1.397878 5.301576
v 1.603262 1.000000 5.101273
v 12.000000 1.000000 5.101273
v 1.603262 1.000000 5.168040
v 12.000000 1.000000 5.168040
v 1.603262 1.000000 5.234808
v 12.000000 1.000000 5.234808
v 1.603262 1.000000 5.301576
v 12.000000 1.000000 5.301576
v -12.000000 1.399661 5.313576
v -9.536999 1.399661 5.313576
v -12.000000 1.393661 5.380343
v -9.536999 1.393661 5.380343
v -12.000000 1.393661 5.447111
v -9.536999 1.393661 5.447111
v -12.000000 1.399661 5.513879
v -9.536999 1.399661 5.513879
v -12.000000 1.000000 5.313576
v -9.536999 1.000000 5.313576
v -12.000000 1.000000 5.380343
v -9.536999 1.000000 5.380343
v -12.000000 1.000000 5.447111
v -9.536999 1.000000 5.447111
v -12.000000 1.000000 5.513879
v -9.536999 1.000000 5.513879
v -9.530999 1.398223 5.313576
v -2.934656 1.398223 5.313576
v -9.530999 1.392223 5.380343
v -2.934656 1.392223 5.380343
v -9.530999 1.392223 5.447111
v -2.934656 1.392223 5.447111
v -9.530999 1.398223 5.513879
v -2.934656 1.398223 5.513879
v -9.530999 1.000000 5.313576
v -2.934656 1.000000 5.313576
v -9.530999 1.000000 5.380343
v -2.934656 1.000000 5.380343
v -9.530999 1.000000 5.447111
v -2.934656 1.000000 5.447111
v -9.530999 1.000000 5.513879
v -2.934656 1.000000 5.513879
v -2.928656 1.396702 5.313576
v 2.700815 1.396702 5.313576
v -2.928656 1.390702 5.380343
v 2.700815 1.390702 5.380343
v -2.928656 1.390702 5.447111
v 2.700815 1.390702 5.447111
v -2.928656 1.396702 5.513879
v 2.700815 1.396702 5.513879
v -2.928656 1.000000 5.313576
v 2.700815 1.000000 5.313576
v -2.928656 1.000000 5.380343
v 2.700815 1.000000 5.380343
v -2.928656 1.000000 5.447111
v 2.700815 1.000000 5.447111
v -2.928656 1.000000 5.513879
v 2.700815 1.000000 5.513879
v 2.706815 1.398772 5.313576
v 8.585644 1.398772 5.313576
v 2.706815 1.392772 5.380343
v 8.585644 1.392772 5.380343
v 2.706815 1.392772 5.447111
v 8.585644 1.392772 5.447111
v 2.706815 1.398772 5.513879
v 8.585644 1.398772 5.513879
v 2.706815 1.000000 5.313576
v 8.585644 1.000000 5.313576
v 2.706815 1.000000 5.380343
v 8.585644 1.000000 5.380343
v 2.706815 1.000000 5.447111
v 8.585644 1.000000 5.447111
v 2.706815 1.000000 5.513879
v 8.585644 1.000000 5.513879
v 8.591644 1.397432 5.313576
v 12.000000 1.397432 5.313576
v 8.591644 1.391432 5.380343
v 12.000000 1.391432 5.380343
v 8.591644 1.391432 5.447111
v 12.000000 1.391432 5.447111
v 8.591644 1.397432 5.513879
v 12.000000 1.397432 5.513879
v 8.591644 1.000000 5.313576
v 12.000000 1.000000 5.313576
v 8.591644 1.000000 5.380343
v 12.000000 1.000000 5.380343
v 8.591644 1.000000 5.447111
v 12.000000 1.000000 5.447111
v 8.591644 1.000000 5.513879
v 12.000000 1.000000 5.513879
v -12.000000 1.398448 5.525879
v 0.812136 1.398448 5.525879
v -12.000000 1.392449 5.592647
v 0.812136 1.392449 5.592647
v -12.000000 1.392449 5.659414
v 0.812136 1.392449 5.659414
v -12.000000 1.398448 5.726182
v 0.812136 1.398448 5.726182
v -12.000000 1.000000 5.525879
v 0.812136 1.000000 5.525879
v -12.000000 1.000000 5.592647
v 0.812136 1.000000 5.592647
v -12.000000 1.000000 5.659414
v 0.812136 1.000000 5.659414
v -12.000000 1.000000 5.726182
v 0.812136 1.000000 5.726182
v 0.818136 1.397733 5.525879
v 2.324186 1.397733 5.525879
v 0.818136 1.391733 5.592647
v 2.324186 1.391733 5.592647
v 0.818136 1.391733 5.659414
v 2.324186 1.391733 5.659414
v 0.818136 1.397733 5.726182
v 2.324186 1.397733 5.726182
v 0.818136 1.000000 5.525879
v 2.324186 1.000000 5.525879
v 0.818136 1.000000 5.592647
v 2.324186 1.000000 5.592647
v 0.818136 1.000000 5.659414
v 2.324186 1.000000 5.659414
v 0.818136 1.000000 5.726182
v 2.324186 1.000000 5.726182
v 2.330186 1.399484 5.525879
v 12.000000 1.399484 5.525879
v 2.330186 1.393484 5.592647
v 12.000000 1.393484 5.592647
v 2.330186 1.393484 5.659414
v 12.000000 1.393484 5.659414
v 2.330186 1.399484 5.726182
v 12.000000 1.399484 5.726182
v 2.330186 1.000000 5.525879
v 12.000000 1.000000 5.525879
v 2.330186 1.000000 5.592647
v 12.000000 1.000000 5.592647
v 2.330186 1.000000 5.659414
v 12.000000 1.000000 5.659414
v 2.330186 1.000000 5.726182
v 12.000000 1.000000 5.726182
v -12.000000 1.396628 5.738182
v -1.583696 1.396628 5.738182
v -12.000000 1.390628 5.804949
v -1.583696 1.390628 5.804949
v -12.000000 1.390628 5.871717
v -1.583696 1.390628 5.871717
v -12.000000 1.396628 5.938485
v -1.583696 1.396628 5.938485
v -12.000000 1.000000 5.738182
v -1.583696 1.000000 5.738182
v -12.000000 1.000000 5.804949
v -1.583696 1.000000 5.804949
v -12.000000 1.000000 5.871717
v -1.583696 1.000000 5.871717
v -12.000000 1.000000 5.938485
v -1.583696 1.000000 5.938485
v -1.577696 1.396835 5.738182
v 1.017174 1.396835 5.738182
v -1.577696 1.390835 5.804949
v 1.017174 1.390835 5.804949
v -1.577696 1.390835 5.871717
v 1.017174 1.390835 5.871717
v -1.577696 1.396835 5.938485
v 1.017174 1.396835 5.938485
v -1.577696 1.000000 5.738182
v 1.017174 1.000000 5.738182
v -1.577696 1.000000 5.804949
v 1.017174 1.000000 5.804949
v -1.577696 1.000000 5.871717
v 1.017174 1.000000 5.871717
v -1.577696 1.000000 5.938485
v 1.017174 1.000000 5.938485
v 1.023174 1.396895 5.738182
v 2.762494 1.396895 5.738182
v 1.023174 1.390895 5.804949
v 2.762494 1.390895 5.804949
v 1.023174 1.390895 5.871717
v 2.762494 1.390895 5.871717
v 1.023174 1.396895 5.938485
v 2.762494 1.396895 5.938485
v 1.023174 1.000000 5.738182
v 2.762494 1.000000 5.738182
v 1.023174 1.000000 5.804949
v 2.762494 1.000000 5.804949
v 1.023174 1.000000 5.871717
v 2.762494 1.000000 5.871717
v 1.023174 1.000000 5.938485
v 2.762494 1.000000 5.938485
v 2.768494 1.398418 5.738182
v 12.000000 1.398418 5.738182
v 2.768494 1.392418 5.804949
v 12.000000 1.392418 5.804949
v 2.768494 1.392418 5.871717
v 12.000000 1.392418 5.871717
v 2.768494 1.398418 5.938485
v 12.000000 1.398418 5.938485
v 2.768494 1.000000 5.738182
v 12.000000 1.000000 5.738182
v 2.768494 1.000000 5.804949
v 12.000000 1.000000 5.804949
v 2.768494 1.000000 5.871717
v 12.000000 1.000000 5.871717
v 2.768494 1.000000 5.938485
v 12.000000 1.000000 5.938485
v -12.000000 1.398870 5.950485
v -5.211649 1.398870 5.950485
v -12.000000 1.392870 6.017252
v -5.211649 1.392870 6.017252
v -12.000000 1.392870 6.084020
v -5.211649 1.392870 6.084020
v -12.000000 1.398870 6.150788
v -5.211649 1.398870 6.150788
v -12.000000 1.000000 5.950485
v -5.211649 1.000000 5.950485
v -12.000000 1.000000 6.017252
v -5.211649 1.000000 6.017252
v -12.000000 1.000000 6.084020
v -5.211649 1.000000 6.084020
v -12.000000 1.000000 6.150788
v -5.211649 1.000000 6.150788
v -5.205649 1.396560 5.950485
v -4.660583 1.396560 5.950485
v -5.205649 1.390560 6.017252
v -4.660583 1.390560 6.017252
v -5.205649 1.390560 6.084020
v -4.660583 1.390560 6.084020
v -5.205649 1.396560 6.150788
v -4.660583 1.396560 6.150788
v -5.205649 1.000000 5.950485
v -4.660583 1.000000 5.950485
v -5.205649 1.000000 6.017252
v -4.660583 1.000000 6.017252
v -5.205649 1.000000 6.084020
v -4.660583 1.000000 6.084020
v -5.205649 1.000000 6.150788
v -4.660583 1.000000 6.150788
v -4.654583 1.397094 5.950485
v 6.442299 1.397094 5.950485
v -4.654583 1.391094 6.017252
v 6.442299 1.391094 6.017252
v -4.654583 1.391094 6.084020
v 6.442299 1.391094 6.084020
v -4.654583 1.397094 6.150788
v 6.442299 1.397094 6.150788
v -4.654583 1.000000 5.950485
v 6.442299 1.000000 5.950485
v -4.654583 1.000000 6.017252
v 6.442299 1.000000 6.017252
v -4.654583 1.000000 6.084020
v 6.442299 1.000000 6.084020
v -4.654583 1.000000 6.150788
v 6.442299 1.000000 6.150788
v 6.448299 1.399229 5.950485
v 12.000000 1.399229 5.950485
v 6.448299 1.393229 6.017252
v 12.000000 1.393229 6.017252
v 6.448299 1.393229 6.084020
v 12.000000 1.393229 6.084020
v 6.448299 1.399229 6.150788
v 12.000000 1.399229 6.150788
v 6.448299 1.000000 5.950485
v 12.000000 1.000000 5.950485
v 6.448299 1.000000 6.017252
v 12.000000 1.000000 6.017252
v 6.448299 1.000000 6.084020
v 12.000000 1.000000 6.084020
v 6.448299 1.000000 6.150788
v 12.000000 1.000000 6.150788
v -12.000000 1.398109 6.162788
v 0.480996 1.398109 6.162788
v -12.000000 1.392109 6.229556
v 0.480996 1.392109 6.229556
v -12.000000 1.392109 6.296323
v 0.480996 1.392109 6.296323
v -12.000000 1.398109 6.363091
v 0.480996 1.398109 6.363091
v -12.000000 1.000000 6.162788
v 0.480996 1.000000 6.162788
v -12.000000 1.000000 6.229556
v 0.480996 1.000000 6.229556
v -12.000000 1.000000 6.296323
v 0.480996 1.000000 6.296323
v -12.000000 1.000000 6.363091
v 0.480996 1.000000 6.363091
v 0.486996 1.399640 6.162788
v 1.294593 1.399640 6.162788
v 0.486996 1.393640 6.229556
v 1.294593 1.393640 6.229556
v 0.486996 1.393640 6.296323
v 1.294593 1.393640 6.296323
v 0.486996 1.399640 6.363091
v 1.294593 1.399640 6.363091
v 0.486996 1.000000 6.162788
v 1.294593 1.000000 6.162788
v 0.486996 1.000000 6.229556
v 1.294593 1.000000 6.229556
v 0.486996 1.000000 6.296323
v 1.294593 1.000000 6.296323
v 0.486996 1.000000 6.363091
v 1.294593 1.000000 6.363091
v 1.300593 1.397749 6.162788
v 11.876674 1.397749 6.162788
v 1.300593 1.391749 6.229556
v 11.876674 1.391749 6.229556
v 1.300593 1.391749 6.296323
v 11.876674 1.391749 6.296323
v 1.300593 1.397749 6.363091
v 11.876674 1.397749 6.363091
v 1.300593 1.000000 6.162788
v 11.876674 1.000000 6.162788
v 1.300593 1.000000 6.229556
v 11.876674 1.000000 6.229556
v 1.300593 1.000000 6.296323
v 11.876674 1.000000 6.296323
v 1.300593 1.000000 6.363091
v 11.876674 1.000000 6.363091
v -12.000000 1.396219 6.375091
v -10.189450 1.396219 6.375091
v -12.000000 1.390219 6.441859
v -10.189450 1.390219 6.441859
v -12.000000 1.390219 6.508626
v -10.189450 1.390219 6.508626
v -12.000000 1.396219 6.575394
v -10.189450 1.396219 6.575394
v -12.000000 1.000000 6.375091
v -10.189450 1.000000 6.375091
v -12.000000 1.000000 6.441859
v -10.189450 1.000000 6.441859
v -12.000000 1.000000 6.508626
v -10.189450 1.000000 6.508626
v -12.000000 1.000000 6.575394
v -10.189450 1.000000 6.575394
v -10.183450 1.396880 6.375091
v -2.930278 1.396880 6.375091
v -10.183450 1.390880 6.441859
v -2.930278 1.390880 6.441859
v -10.183450 1.390880 6.508626
v -2.930278 1.390880 6.508626
v -10.183450 1.396880 6.575394
v -2.930278 1.396880 6.575394
v -10.183450 1.000000 6.375091
v -2.930278 1.000000 6.375091
v -10.183450 1.000000 6.441859
v -2.930278 1.000000 6.441859
v -10.183450 1.000000 6.508626
v -2.930278 1.000000 6.508626
v -10.183450 1.000000 6.575394
v -2.930278 1.000000 6.575394
v -2.924278 1.398136 6.375091
v 11.185298 1.398136 6.375091
v -2.924278 1.392137 6.441859
v 11.185298 1.392137 6.441859
v -2.924278 1.392137 6.508626
v 11.185298 1.392137 6.508626
v -2.924278 1.398136 6.575394
v 11.185298 1.398136 6.575394
v -2.924278 1.000000 6.375091
v 11.185298 1.000000 6.375091
v -2.924278 1.000000 6.441859
v 11.185298 1.000000 6.441859
v -2.924278 1.000000 6.508626
v 11.185298 1.000000 6.508626
v -2.924278 1.000000 6.575394
v 11.185298 1.000000 6.575394
v 11.191298 1.396767 6.375091
v 12.000000 1.396767 6.375091
v 11.191298 1.390767 6.441859
v 12.000000 1.390767 6.441859
v 11.191298 1.390767 6.508626
v 12.000000 1.390767 6.508626
v 11.191298 1.396767 6.575394
v 12.000000 1.396767 6.575394
v 11.191298 1.000000 6.375091
v 12.000000 1.000000 6.375091
v 11.191298 1.000000 6.441859
v 12.000000 1.000000 6.441859
v 11.191298 1.000000 6.508626
v 12.000000 1.000000 6.508626
v 11.191298 1.000000 6.575394
v 12.000000 1.000000 6.575394
v -12.000000 1.396550 6.587394
v -9.361183 1.396550 6.587394
v -12.000000 1.390550 6.654161
v -9.361183 1.390550 6.654161
v -12.000000 1.390550 6.720929
v -9.361183 1.390550 6.720929
v -12.000000 1.396550 6.787697
v -9.361183 1.396550 6.787697
v -12.000000 1.000000 6.587394
v -9.361183 1.000000 6.587394
v -12.000000 1.000000 6.654161
v -9.361183 1.000000 6.654161
v -12.000000 1.000000 6.720929
v -9.361183 1.000000 6.720929
v -12.000000 1.000000 6.787697
v -9.361183 1.000000 6.787697
v -9.355183 1.399385 6.587394
v 8.733387 1.399385 6.587394
v -9.355183 1.393385 6.654161
v 8.733387 1.393385 6.654161
v -9.355183 1.393385 6.720929
v 8.733387 1.393385 6.720929
v -9.355183 1.399385 6.787697
v 8.733387 1.399385 6.787697
v -9.355183 1.000000 6.587394
v 8.733387 1.000000 6.587394
v -9.355183 1.000000 6.654161
v 8.733387 1.000000 6.654161
v -9.355183 1.000000 6.720929
v 8.733387 1.000000 6.720929
v -9.355183 1.000000 6.787697
v 8.733387 1.000000 6.787697
v 8.739388 1.399310 6.587394
v 12.000000 1.399310 6.587394
v 8.739388 1.393310 6.654161
v 12.000000 1.393310 6.654161
v 8.739388 1.393310 6.720929
v 12.000000 1.393310 6.720929
v 8.739388 1.399310 6.787697
v 12.000000 1.399310 6.787697
v 8.739388 1.000000 6.587394
v 12.000000 1.000000 6.587394
v 8.739388 1.000000 6.654161
v 12.000000 1.000000 6.654161
v 8.739388 1.000000 6.720929
v 12.000000 1.000000 6.720929
v 8.739388 1.000000 6.787697
v 12.000000 1.000000 6.787697
v -12.000000 1.399991 6.799697
v -8.135468 1.399991 6.799697
v -12.000000 1.393991 6.866465
v -8.135468 1.393991 6.866465
v -12.000000 1.393991 6.933232
v -8.135468 1.393991 6.933232
v -12.000000 1.399991 7.000000
v -8.135468 1.399991 7.000000
v -12.000000 1.000000 6.799697
v -8.135468 1.000000 6.799697
v -12.000000 1.000000 6.866465
v -8.135468 1.000000 6.866465
v -12.000000 1.000000 6.933232
v -8.135468 1.000000 6.933232
v -12.000000 1.000000 7.000000
v -8.135468 1.000000 7.000000
v -8.129467 1.398274 6.799697
v -4.800899 1.398274 6.799697
v -8.129467 1.392274 6.866465
v -4.800899 1.392274 6.866465
v -8.129467 1.392274 6.933232
v -4.800899 1.392274 6.933232
v -8.129467 1.398274 7.000000
v -4.800899 1.398274 7.000000
v -8.129467 1.000000 6.799697
v -4.800899 1.000000 6.799697
v -8.129467 1.000000 6.866465
v -4.800899 1.000000 6.866465
v -8.129467 1.000000 6.933232
v -4.800899 1.000000 6.933232
v -8.129467 1.000000 7.000000
v -4.800899 1.000000 7.000000
v -4.794899 1.398446 6.799697
v -2.867163 1.398446 6.799697
v -4.794899 1.392446 6.866465
v -2.867163 1.392446 6.866465
v -4.794899 1.392446 6.933232
v -2.867163 1.392446 6.933232
v -4.794899 1.398446 7.000000
v -2.867163 1.398446 7.000000
v -4.794899 1.000000 6.799697
v -2.867163 1.000000 6.799697
v -4.794899 1.000000 6.866465
v -2.867163 1.000000 6.866465
v -4.794899 1.000000 6.933232
v -2.867163 1.000000 6.933232
v -4.794899 1.000000 7.000000
v -2.867163 1.000000 7.000000
v -2.861163 1.397930 6.799697
v 3.047512 1.397930 6.799697
v -2.861163 1.391930 6.866465
v 3.047512 1.391930 6.866465
v -2.861163 1.391930 6.933232
v 3.047512 1.391930 6.933232
v -2.861163 1.397930 7.000000
v 3.047512 1.397930 7.000000
v -2.861163 1.000000 6.799697
v 3.047512 1.000000 6.799697
v -2.861163 1.000000 6.866465
v 3.047512 1.000000 6.866465
v -2.861163 1.000000 6.933232
v 3.047512 1.000000 6.933232
v -2.861163 1.000000 7.000000
v 3.047512 1.000000 7.000000
v 3.053512 1.398165 6.799697
v 12.000000 1.398165 6.799697
v 3.053512 1.392165 6.866465
v 12.000000 1.392165 6.866465
v 3.053512 1.392165 6.933232
v 12.000000 1.392165 6.933232
v 3.053512 1.398165 7.000000
v 12.000000 1.398165 7.000000
v 3.053512 1.000000 6.799697
v 12.000000 1.000000 6.799697
v 3.053512 1.000000 6.866465
v 12.000000 1.000000 6.866465
v 3.053512 1.000000 6.933232
v 12.000000 1.000000 6.933232
v 3.053512 1.000000 7.000000
v 12.000000 1.000000 7.000000
vn -0.0000 0.9960 0.0895
vn -0.0000 -1.0000 -0.0000
vn -0.0000 1.0000 -0.0000
vn -0.0000 0.9960 -0.0895
vn -0.0000 -0.0000 -1.0000
vn -0.0000 -0.0000 1.0000
vn -1.0000 -0.0000 -0.0000
vn 1.0000 -0.0000 -0.0000
vt -6.000000 0.916667
vt -2.408822 1.000000
vt -6.000000 1.000000
vt -6.000000 0.833333
vt -2.408822 0.916667
vt -6.000000 0.750000
vt -2.408822 0.833333
vt -2.408822 0.750000
vt -2.405822 0.916667
vt -2.019904 1.000000
vt -2.405822 1.000000
vt -2.405822 0.833333
vt -2.019904 0.916667
vt -2.405822 0.750000
vt -2.019904 0.833333
vt -2.019904 0.750000
vt -2.016904 0.916667
vt 2.303681 1.000000
vt -2.016904 1.000000
vt -2.016904 0.833333
vt 2.303681 0.916667
vt -2.016904 0.750000
vt 2.303681 0.833333
vt 2.303681 0.750000
vt 2.306681 0.916667
vt 6.000000 1.000000
vt 2.306681 1.000000
vt 2.306681 0.833333
vt 6.000000 0.916667
vt 2.306681 0.750000
vt 6.000000 0.833333
vt 6.000000 0.750000
vt -6.000000 0.666666
vt -2.003521 0.750000
vt -6.000000 0.750000
vt -6.000000 0.583333
vt -2.003521 0.666666
vt -6.000000 0.500000
vt -2.003521 0.583333
vt -2.003521 0.500000
vt -1.890619 0.666666
vt 6.000000 0.750000
vt -1.890619 0.750000
vt -1.890619 0.583333
vt 6.000000 0.666666
vt -1.890619 0.500000
vt 6.000000 0.583333
vt 6.000000 0.500000
vt -5.878724 0.416667
vt -5.725483 0.500000
vt -5.878724 0.500000
vt -5.878724 0.333334
vt -5.725483 0.416667
vt -5.878724 0.250000
vt -5.725483 0.333334
vt -5.725483 0.250000
vt -5.722484 0.416667
vt -0.805133 0.500000
vt -5.722484 0.500000
vt -5.722484 0.333334
vt -0.805133 0.416667
vt -5.722484 0.250000
vt -0.805133 0.333334
vt -0.805133 0.250000
vt -0.802133 0.416667
vt 2.662642 0.500000
vt -0.802133 0.500000
vt -0.802133 0.333334
vt 2.662642 0.416667
vt -0.802133 0.250000
vt 2.662642 0.333334
vt 2.662642 0.250000
vt 2.665642 0.416667
vt 6.000000 0.500000
vt 2.665642 0.500000
vt 2.665642 0.333334
vt 6.000000 0.416667
vt 2.665642 0.250000
vt 6.000000 0.333334
vt 6.000000 0.250000
vt -6.000000 0.166667
vt 0.614426 0.250000
vt -6.000000 0.250000
vt -6.000000 0.083333
vt 0.614426 0.166667
vt -6.000000 0.000000
vt 0.614426 0.083333
vt 0.614426 0.000000
vt 0.617426 0.166667
vt 4.861107 0.250000
vt 0.617426 0.250000
vt 0.617426 0.083333
vt 4.861107 0.166667
vt 0.617426 0.000000
vt 4.861107 0.083333
vt 4.861107 0.000000
vt 4.864107 0.166667
vt 6.000000 0.250000
vt 4.864107 0.250000
vt 4.864107 0.083333
vt 6.000000 0.166667
vt 4.864107 0.000000
vt 6.000000 0.083333
vt 6.000000 0.000000
vt -6.000000 0.916667
vt -1.272197 1.000000
vt -6.000000 1.000000
vt -6.000000 0.833333
vt -1.272197 0.916667
vt -6.000000 0.750000
vt -1.272197 0.833333
vt -1.272197 0.750000
vt -1.269197 0.916667
vt -0.882866 1.000000
vt -1.269197 1.000000
vt -1.269197 0.833333
vt -0.882866 0.916667
vt -1.269197 0.750000
vt -0.882866 0.833333
vt -0.882866 0.750000
vt -0.879866 0.916667
vt -0.466248 1.000000
vt -0.879866 1.000000
vt -0.879866 0.833333
vt -0.466248 0.916667
vt -0.879866 0.750000
vt -0.466248 0.833333
vt -0.466248 0.750000
vt -0.463248 0.916667
vt 3.821224 1.000000
vt -0.463248 1.000000
vt -0.463248 0.833333
vt 3.821224 0.916667
vt -0.463248 0.750000
vt 3.821224 0.833333
vt 3.821224 0.750000
vt 3.824224 0.916667
vt 6.000000 1.000000
vt 3.824224 1.000000
vt 3.824224 0.833333
vt 6.000000 0.916667
vt 3.824224 0.750000
vt 6.000000 0.833333
vt 6.000000 0.750000
vt -6.000000 0.666666
vt 1.344697 0.750000
vt -6.000000 0.750000
vt -6.000000 0.583333
vt 1.344697 0.666666
vt -6.000000 0.500000
vt 1.344697 0.583333
vt 1.344697 0.500000
vt 1.347697 0.666666
vt 4.952939 0.750000
vt 1.347697 0.750000
vt 1.347697 0.583333
vt 4.952939 0.666666
vt 1.347697 0.500000
vt 4.952939 0.583333
vt 4.952939 0.500000
vt 4.955938 0.666666
vt 6.000000 0.750000
vt 4.955938 0.750000
vt 4.955938 0.583333
vt 6.000000 0.666666
vt 4.955938 0.500000
vt 6.000000 0.583333
vt 6.000000 0.500000
vt -6.000000 0.416667
vt -1.090281 0.500000
vt -6.000000 0.500000
vt -6.000000 0.333333
vt -1.090281 0.416667
vt -1.090281 0.333333
vt -1.090281 0.250000
vt -1.087281 0.416667
vt -0.240966 0.500000
vt -1.087281 0.500000
vt -1.087281 0.333333
vt -0.240966 0.416667
vt -1.087281 0.250000
vt -0.240966 0.333333
vt -0.240966 0.250000
vt -0.237966 0.416667
vt 6.000000 0.500000
vt -0.237966 0.500000
vt -0.237966 0.333333
vt 6.000000 0.416667
vt -0.237966 0.250000
vt 6.000000 0.333333
vt -6.000000 0.166667
vt -3.153431 0.250000
vt -6.000000 0.250000
vt -6.000000 0.083333
vt -3.153431 0.166667
vt -6.000000 0.000000
vt -3.153431 0.083333
vt -3.153431 0.000000
vt -3.150431 0.166667
vt 3.785136 0.250000
vt -3.150431 0.250000
vt -3.150431 0.083333
vt 3.785136 0.166667
vt -3.150431 0.000000
vt 3.785136 0.083333
vt 3.785136 0.000000
vt 3.788136 0.166667
vt 6.000000 0.250000
vt 3.788136 0.250000
vt 3.788136 0.083333
vt 6.000000 0.166667
vt 3.788136 0.000000
vt 6.000000 0.083333
vt 6.000000 0.000000
vt -6.000000 0.916667
vt -5.846049 1.000000
vt -6.000000 1.000000
vt -6.000000 0.833333
vt -5.846049 0.916667
vt -6.000000 0.750000
vt -5.846049 0.833333
vt -5.846049 0.750000
vt -5.843050 0.916667
vt -2.032090 1.000000
vt -5.843050 1.000000
vt -5.843050 0.833333
vt -2.032090 0.916667
vt -5.843050 0.750000
vt -2.032090 0.833333
vt -2.032090 0.750000
vt -2.029090 0.916667
vt 0.195597 1.000000
vt -2.029090 1.000000
vt -2.029090 0.833333
vt 0.195597 0.916667
vt -2.029090 0.750000
vt 0.195597 0.833333
vt 0.195597 0.750000
vt 0.198597 0.916667
vt 6.000000 1.000000
vt 0.198597 1.000000
vt 0.198597 0.833333
vt 6.000000 0.916667
vt 0.198597 0.750000
vt 6.000000 0.833333
vt 6.000000 0.750000
vt -6.000000 0.666667
vt -1.204059 0.750000
vt -6.000000 0.750000
vt -6.000000 0.583334
vt -1.204059 0.666667
vt -6.000000 0.500000
vt -1.204059 0.583334
vt -1.204059 0.500000
vt -1.201060 0.666667
vt -0.368727 0.750000
vt -1.201060 0.750000
vt -1.201060 0.583334
vt -0.368727 0.666667
vt -1.201060 0.500000
vt -0.368727 0.583334
vt -0.368727 0.500000
vt -0.365727 0.666667
vt 0.451217 0.750000
vt -0.365727 0.750000
vt -0.365727 0.583334
vt 0.451217 0.666667
vt -0.365727 0.500000
vt 0.451217 0.583334
vt 0.451217 0.500000
vt 0.454217 0.666667
vt 6.000000 0.750000
vt 0.454217 0.750000
vt 0.454217 0.583334
vt 6.000000 0.666667
vt 0.454217 0.500000
vt 6.000000 0.583334
vt 6.000000 0.500000
vt -5.977833 0.416667
vt -2.831920 0.500000
vt -5.977833 0.500000
vt -5.977833 0.333333
vt -2.831920 0.416667
vt -5.977833 0.250000
vt -2.831920 0.333333
vt -2.831920 0.250000
vt -2.828920 0.416667
vt 0.220399 0.500000
vt -2.828920 0.500000
vt -2.828920 0.333333
vt 0.220399 0.416667
vt -2.828920 0.250000
vt 0.220399 0.333333
vt 0.220399 0.250000
vt 0.223399 0.416667
vt 0.607931 0.500000
vt 0.223399 0.500000
vt 0.223399 0.333333
vt 0.607931 0.416667
vt 0.223399 0.250000
vt 0.607931 0.333333
vt 0.607931 0.250000
vt 0.610932 0.416667
vt 6.000000 0.500000
vt 0.610932 0.500000
vt 0.610932 0.333333
vt 6.000000 0.416667
vt 0.610932 0.250000
vt 6.000000 0.333333
vt -6.000000 0.166667
vt -5.052404 0.250000
vt -6.000000 0.250000
vt -6.000000 0.083333
vt -5.052404 0.166667
vt -6.000000 0.000000
vt -5.052404 0.083333
vt -5.052404 0.000000
vt -5.049405 0.166667
vt 1.410332 0.250000
vt -5.049405 0.250000
vt -5.049405 0.083333
vt 1.410332 0.166667
vt -5.049405 0.000000
vt 1.410332 0.083333
vt 1.410332 0.000000
vt 1.413332 0.166667
vt 6.000000 0.250000
vt 1.413332 0.250000
vt 1.413332 0.083333
vt 6.000000 0.166667
vt 1.413332 0.000000
vt 6.000000 0.083333
vt 6.000000 0.000000
vt -6.000000 0.916666
vt -1.498232 1.000000
vt -6.000000 1.000000
vt -6.000000 0.833333
vt -1.498232 0.916666
vt -1.498232 0.833333
vt -1.498232 0.750000
vt -1.495232 0.916666
vt 3.935164 1.000000
vt -1.495232 1.000000
vt -1.495232 0.833333
vt 3.935164 0.916666
vt -1.495232 0.750000
vt 3.935164 0.833333
vt 3.935164 0.750000
vt 3.938164 0.916666
vt 6.000000 1.000000
vt 3.938164 1.000000
vt 3.938164 0.833333
vt 6.000000 0.916666
vt 3.938164 0.750000
vt 6.000000 0.833333
vt -6.000000 0.666667
vt -5.593525 0.750000
vt -6.000000 0.750000
vt -6.000000 0.583334
vt -5.593525 0.666667
vt -6.000000 0.500000
vt -5.593525 0.583334
vt -5.593525 0.500000
vt -5.590525 0.666667
vt 3.875784 0.750000
vt -5.590525 0.750000
vt -5.590525 0.583334
vt 3.875784 0.666667
vt -5.590525 0.500000
vt 3.875784 0.583334
vt 3.875784 0.500000
vt 3.878784 0.666667
vt 6.000000 0.750000
vt 3.878784 0.750000
vt 3.878784 0.583334
vt 6.000000 0.666667
vt 3.878784 0.500000
vt 6.000000 0.583334
vt 6.000000 0.500000
vt -6.000000 0.416667
vt -4.429488 0.500000
vt -6.000000 0.500000
vt -6.000000 0.333333
vt -4.429488 0.416667
vt -4.429488 0.333333
vt -4.429488 0.250000
vt -4.426487 0.416667
vt -2.762709 0.500000
vt -4.426487 0.500000
vt -4.426487 0.333333
vt -2.762709 0.416667
vt -4.426487 0.250000
vt -2.762709 0.333333
vt -2.762709 0.250000
vt -2.709821 0.416667
vt 5.100186 0.500000
vt -2.709821 0.500000
vt -2.709821 0.333333
vt 5.100186 0.416667
vt -2.709821 0.250000
vt 5.100186 0.333333
vt 5.100186 0.250000
vt 5.103186 0.416667
vt 6.000000 0.500000
vt 5.103186 0.500000
vt 5.103186 0.333333
vt 6.000000 0.416667
vt 5.103186 0.250000
vt 6.000000 0.333333
vt -6.000000 0.166667
vt -4.985587 0.250000
vt -6.000000 0.250000
vt -6.000000 0.083333
vt -4.985587 0.166667
vt -4.985587 0.083333
vt -4.985587 0.000000
vt -4.982587 0.166667
vt 1.894685 0.250000
vt -4.982587 0.250000
vt -4.982587 0.083333
vt 1.894685 0.166667
vt -4.982587 0.000000
vt 1.894685 0.083333
vt 1.894685 0.000000
vt 1.897685 0.166667
vt 6.000000 0.250000
vt 1.897685 0.250000
vt 1.897685 0.083333
vt 6.000000 0.166667
vt 1.897685 0.000000
vt 6.000000 0.083333
vt -6.000000 0.916667
vt 2.776533 1.000000
vt -6.000000 1.000000
vt -6.000000 0.833333
vt 2.776533 0.916667
vt -6.000000 0.750000
vt 2.776533 0.833333
vt 2.776533 0.750000
vt 2.779533 0.916667
vt 5.993553 1.000000
vt 2.779533 1.000000
vt 2.779533 0.833333
vt 5.993553 0.916667
vt 2.779533 0.750000
vt 5.993553 0.833333
vt 5.993553 0.750000
vt -6.000000 0.666667
vt -3.850754 0.750000
vt -6.000000 0.583333
vt -3.850754 0.666667
vt -6.000000 0.500000
vt -3.850754 0.583333
vt -3.850754 0.500000
vt -3.847754 0.666667
vt -0.117491 0.750000
vt -3.847754 0.750000
vt -3.847754 0.583333
vt -0.117491 0.666667
vt -3.847754 0.500000
vt -0.117491 0.583333
vt -0.117491 0.500000
vt -0.114491 0.666667
vt 0.332831 0.750000
vt -0.114491 0.750000
vt -0.114491 0.583333
vt 0.332831 0.666667
vt -0.114491 0.500000
vt 0.332831 0.583333
vt 0.332831 0.500000
vt 0.335831 0.666667
vt 3.074759 0.750000
vt 0.335831 0.750000
vt 0.335831 0.583333
vt 3.074759 0.666667
vt 0.335831 0.500000
vt 3.074759 0.583333
vt 3.074759 0.500000
vt 3.077759 0.666667
vt 3.077759 0.750000
vt 3.077759 0.583333
vt 6.000000 0.666667
vt 3.077759 0.500000
vt 6.000000 0.583333
vt 6.000000 0.500000
vt -6.000000 0.416667
vt -5.346430 0.500000
vt -6.000000 0.500000
vt -6.000000 0.333333
vt -5.346430 0.416667
vt -5.346430 0.333333
vt -5.346430 0.250000
vt -5.343431 0.416667
vt -0.317536 0.500000
vt -5.343431 0.500000
vt -5.343431 0.333333
vt -0.317536 0.416667
vt -5.343431 0.250000
vt -0.317536 0.333333
vt -0.317536 0.250000
vt -0.314536 0.416667
vt 3.226829 0.500000
vt -0.314536 0.500000
vt -0.314536 0.333333
vt 3.226829 0.416667
vt -0.314536 0.250000
vt 3.226829 0.333333
vt 3.226829 0.250000
vt 3.229829 0.416667
vt 6.000000 0.500000
vt 3.229829 0.500000
vt 3.229829 0.333333
vt 6.000000 0.416667
vt 3.229829 0.250000
vt 6.000000 0.333333
vt -6.000000 0.166667
vt -3.205184 0.250000
vt -6.000000 0.250000
vt -6.000000 0.083333
vt -3.205184 0.166667
vt -6.000000 0.000000
vt -3.205184 0.083333
vt -3.205184 0.000000
vt -3.202184 0.166667
vt -2.411743 0.250000
vt -3.202184 0.250000
vt -3.202184 0.083333
vt -2.411743 0.166667
vt -3.202184 0.000000
vt -2.411743 0.083333
vt -2.411743 0.000000
vt -2.408743 0.166667
vt 1.023144 0.250000
vt -2.408743 0.250000
vt -2.408743 0.083333
vt 1.023144 0.166667
vt -2.408743 0.000000
vt 1.023144 0.083333
vt 1.023144 0.000000
vt 1.026144 0.166667
vt 6.000000 0.250000
vt 1.026144 0.250000
vt 1.026144 0.083333
vt 6.000000 0.166667
vt 1.026144 0.000000
vt 6.000000 0.083333
vt 6.000000 0.000000
vt -6.000000 0.916667
vt -0.322316 1.000000
vt -6.000000 1.000000
vt -6.000000 0.833333
vt -0.322316 0.916667
vt -0.322316 0.833333
vt -0.322316 0.750000
vt -0.319316 0.916667
vt 2.802727 1.000000
vt -0.319316 1.000000
vt -0.319316 0.833333
vt 2.802727 0.916667
vt -0.319316 0.750000
vt 2.802727 0.833333
vt 2.802727 0.750000
vt 2.805727 0.916667
vt 4.341470 1.000000
vt 2.805727 1.000000
vt 2.805727 0.833333
vt 4.341470 0.916667
vt 2.805727 0.750000
vt 4.341470 0.833333
vt 4.341470 0.750000
vt 4.344470 0.916667
vt 6.000000 1.000000
vt 4.344470 1.000000
vt 4.344470 0.833333
vt 6.000000 0.916667
vt 4.344470 0.750000
vt 6.000000 0.833333
vt -6.000000 0.666667
vt -2.658744 0.750000
vt -6.000000 0.750000
vt -6.000000 0.583333
vt -2.658744 0.666667
vt -6.000000 0.500000
vt -2.658744 0.583333
vt -2.658744 0.500000
vt -2.655744 0.666667
vt -1.296747 0.750000
vt -2.655744 0.750000
vt -2.655744 0.583333
vt -1.296747 0.666667
vt -2.655744 0.500000
vt -1.296747 0.583333
vt -1.296747 0.500000
vt -1.293747 0.666667
vt 2.259106 0.750000
vt -1.293747 0.750000
vt -1.293747 0.583333
vt 2.259106 0.666667
vt -1.293747 0.500000
vt 2.259106 0.583333
vt 2.259106 0.500000
vt 2.262106 0.666667
vt 6.000000 0.750000
vt 2.262106 0.750000
vt 2.262106 0.583333
vt 6.000000 0.666667
vt 2.262106 0.500000
vt 6.000000 0.583333
vt 6.000000 0.500000
vt -6.000000 0.416667
vt -4.736502 0.500000
vt -6.000000 0.500000
vt -6.000000 0.333333
vt -4.736502 0.416667
vt -4.736502 0.333333
vt -4.736502 0.250000
vt -4.733502 0.416667
vt -2.692394 0.500000
vt -4.733502 0.500000
vt -4.733502 0.333333
vt -2.692394 0.416667
vt -4.733502 0.250000
vt -2.692394 0.333333
vt -2.692394 0.250000
vt -2.689394 0.416667
vt -2.403811 0.500000
vt -2.689394 0.500000
vt -2.689394 0.333333
vt -2.403811 0.416667
vt -2.689394 0.250000
vt -2.403811 0.333333
vt -2.403811 0.250000
vt -2.400810 0.416667
vt -1.702976 0.500000
vt -2.400810 0.500000
vt -2.400810 0.333333
vt -1.702976 0.416667
vt -2.400810 0.250000
vt -1.702976 0.333333
vt -1.702976 0.250000
vt -1.699976 0.416667
vt 6.000000 0.500000
vt -1.699976 0.500000
vt -1.699976 0.333333
vt 6.000000 0.416667
vt -1.699976 0.250000
vt 6.000000 0.333333
vt -4.372433 0.250000
vt -4.372433 0.166667
vt -4.372433 0.083333
vt -4.372433 0.000000
vt -4.369433 0.166667
vt -3.223589 0.250000
vt -4.369433 0.250000
vt -4.369433 0.083333
vt -3.223589 0.166667
vt -4.369433 0.000000
vt -3.223589 0.083333
vt -3.223589 0.000000
vt -3.220589 0.166667
vt 2.865892 0.250000
vt -3.220589 0.250000
vt -3.220589 0.083333
vt 2.865892 0.166667
vt -3.220589 0.000000
vt 2.865892 0.083333
vt 2.865892 0.000000
vt 2.868892 0.166667
vt 2.868892 0.250000
vt 2.868892 0.083333
vt 2.868892 0.000000
vt -5.946277 0.916667
vt 1.505550 1.000000
vt -5.946277 1.000000
vt -5.946277 0.833333
vt 1.505550 0.916667
vt -5.946277 0.750000
vt 1.505550 0.833333
vt 1.505550 0.750000
vt 1.508550 0.916667
vt 4.182507 1.000000
vt 1.508550 1.000000
vt 1.508550 0.833333
vt 4.182507 0.916667
vt 1.508550 0.750000
vt 4.182507 0.833333
vt 4.182507 0.750000
vt 4.185507 0.916667
vt 6.000000 1.000000
vt 4.185507 1.000000
vt 4.185507 0.833333
vt 6.000000 0.916667
vt 4.185507 0.750000
vt 6.000000 0.833333
vt 6.000000 0.750000
vt -6.000000 0.666667
vt -4.231208 0.750000
vt -6.000000 0.750000
vt -6.000000 0.583333
vt -4.231208 0.666667
vt -6.000000 0.500000
vt -4.231208 0.583333
vt -4.231208 0.500000
vt -4.228208 0.666667
vt 0.548033 0.750000
vt -4.228208 0.750000
vt -4.228208 0.583333
vt 0.548033 0.666667
vt -4.228208 0.500000
vt 0.548033 0.583333
vt 0.548033 0.500000
vt 0.551033 0.666667
vt 0.924527 0.750000
vt 0.551033 0.750000
vt 0.551033 0.583333
vt 0.924527 0.666667
vt 0.551033 0.500000
vt 0.924527 0.583333
vt 0.924527 0.500000
vt 1.022838 0.666667
vt 6.000000 0.750000
vt 1.022838 0.750000
vt 1.022838 0.583333
vt 6.000000 0.666667
vt 1.022838 0.500000
vt 6.000000 0.583333
vt 6.000000 0.500000
vt -2.937267 0.500000
vt -2.937267 0.416667
vt -2.937267 0.333333
vt -2.937267 0.250000
vt -2.934267 0.416667
vt 4.673480 0.500000
vt -2.934267 0.500000
vt -2.934267 0.333333
vt 4.673480 0.416667
vt -2.934267 0.250000
vt 4.673480 0.333333
vt 4.673480 0.250000
vt 4.676479 0.416667
vt 4.676479 0.500000
vt 4.676479 0.333333
vt 4.676479 0.250000
vt -5.006622 0.250000
vt -5.006622 0.166667
vt -5.006622 0.083333
vt -5.006622 0.000000
vt -5.003622 0.166667
vt 0.424845 0.250000
vt -5.003622 0.250000
vt -5.003622 0.083333
vt 0.424845 0.166667
vt -5.003622 0.000000
vt 0.424845 0.083333
vt 0.424845 0.000000
vt 0.427845 0.166667
vt 0.427845 0.250000
vt 0.427845 0.083333
vt 0.427845 0.000000
vt -6.000000 0.916667
vt -3.614381 1.000000
vt -6.000000 1.000000
vt -6.000000 0.833333
vt -3.614381 0.916667
vt -6.000000 0.750000
vt -3.614381 0.833333
vt -3.614381 0.750000
vt -3.611381 0.916667
vt 0.608756 1.000000
vt -3.611381 1.000000
vt -3.611381 0.833333
vt 0.608756 0.916667
vt -3.611381 0.750000
vt 0.608756 0.833333
vt 0.608756 0.750000
vt 0.611756 0.916667
vt 4.586355 1.000000
vt 0.611756 1.000000
vt 0.611756 0.833333
vt 4.586355 0.916667
vt 0.611756 0.750000
vt 4.586355 0.833333
vt 4.586355 0.750000
vt 4.589355 0.916667
vt 4.993203 1.000000
vt 4.589355 1.000000
vt 4.589355 0.833333
vt 4.993203 0.916667
vt 4.589355 0.750000
vt 4.993203 0.833333
vt 4.993203 0.750000
vt 4.996202 0.916667
vt 6.000000 1.000000
vt 4.996202 1.000000
vt 4.996202 0.833333
vt 6.000000 0.916667
vt 4.996202 0.750000
vt 6.000000 0.833333
vt 6.000000 0.750000
vt -6.000000 0.666667
vt -5.634688 0.750000
vt -6.000000 0.750000
vt -6.000000 0.583333
vt -5.634688 0.666667
vt -5.634688 0.583333
vt -5.634688 0.500000
vt -5.631689 0.666667
vt -2.991045 0.750000
vt -5.631689 0.750000
vt -5.631689 0.583333
vt -2.991045 0.666667
vt -5.631689 0.500000
vt -2.991045 0.583333
vt -2.991045 0.500000
vt -2.988045 0.666667
vt 3.017339 0.750000
vt -2.988045 0.750000
vt -2.988045 0.583333
vt 3.017339 0.666667
vt -2.988045 0.500000
vt 3.017339 0.583333
vt 3.017339 0.500000
vt 3.020339 0.666667
vt 6.000000 0.750000
vt 3.020339 0.750000
vt 3.020339 0.583333
vt 6.000000 0.666667
vt 3.020339 0.500000
vt 6.000000 0.583333
vt -2.363490 0.500000
vt -2.363490 0.416667
vt -2.363490 0.333333
vt -2.363490 0.250000
vt -2.360490 0.416667
vt 5.798373 0.500000
vt -2.360490 0.500000
vt -2.360490 0.333333
vt 5.798373 0.416667
vt -2.360490 0.250000
vt 5.798373 0.333333
vt 5.798373 0.250000
vt 5.801373 0.416667
vt 5.801373 0.500000
vt 5.801373 0.333333
vt 5.801373 0.250000
vt -1.904492 0.250000
vt -1.904492 0.166667
vt -1.904492 0.083333
vt -1.904492 0.000000
vt -1.901493 0.166667
vt -0.897827 0.250000
vt -1.901493 0.250000
vt -1.901493 0.083333
vt -0.897827 0.166667
vt -1.901493 0.000000
vt -0.897827 0.083333
vt -0.897827 0.000000
vt -0.894827 0.166667
vt -0.894827 0.250000
vt -0.894827 0.083333
vt -0.894827 0.000000
vt -6.000000 0.916667
vt -5.826756 1.000000
vt -6.000000 1.000000
vt -6.000000 0.833333
vt -5.826756 0.916667
vt -5.826756 0.833333
vt -5.826756 0.750000
vt -5.823756 0.916667
vt -4.937862 1.000000
vt -5.823756 1.000000
vt -5.823756 0.833333
vt -4.937862 0.916667
vt -5.823756 0.750000
vt -4.937862 0.833333
vt -4.937862 0.750000
vt -4.934863 0.916667
vt 0.161828 1.000000
vt -4.934863 1.000000
vt -4.934863 0.833333
vt 0.161828 0.916667
vt -4.934863 0.750000
vt 0.161828 0.833333
vt 0.161828 0.750000
vt 0.164828 0.916667
vt 4.437708 1.000000
vt 0.164828 1.000000
vt 0.164828 0.833333
vt 4.437708 0.916667
vt 0.164828 0.750000
vt 4.437708 0.833333
vt 4.437708 0.750000
vt 4.440708 0.916667
vt 6.000000 1.000000
vt 4.440708 1.000000
vt 4.440708 0.833333
vt 6.000000 0.916667
vt 4.440708 0.750000
vt 6.000000 0.833333
vt 6.000000 0.750000
vt -5.728292 0.750000
vt -6.000000 0.583333
vt -5.728292 0.666667
vt -5.728292 0.583333
vt -5.728292 0.500000
vt -5.725292 0.666667
vt -5.043990 0.750000
vt -5.725292 0.750000
vt -5.725292 0.583333
vt -5.043990 0.666667
vt -5.725292 0.500000
vt -5.043990 0.583333
vt -5.043990 0.500000
vt -5.040990 0.666667
vt 0.579196 0.750000
vt -5.040990 0.750000
vt -5.040990 0.583333
vt 0.579196 0.666667
vt -5.040990 0.500000
vt 0.579196 0.583333
vt 0.579196 0.500000
vt 0.582196 0.666667
vt 4.896983 0.750000
vt 0.582196 0.750000
vt 0.582196 0.583333
vt 4.896983 0.666667
vt 0.582196 0.500000
vt 4.896983 0.583333
vt 4.896983 0.500000
vt 4.899983 0.666667
vt 4.899983 0.750000
vt 4.899983 0.583333
vt 4.899983 0.500000
vt 6.000000 0.583333
vt -5.746314 0.500000
vt -5.746314 0.416667
vt -5.746314 0.333333
vt -5.746314 0.250000
vt -5.743314 0.416667
vt -4.689256 0.500000
vt -5.743314 0.500000
vt -5.743314 0.333333
vt -4.689256 0.416667
vt -5.743314 0.250000
vt -4.689256 0.333333
vt -4.689256 0.250000
vt -4.686256 0.416667
vt -3.837428 0.500000
vt -4.686256 0.500000
vt -4.686256 0.333333
vt -3.837428 0.416667
vt -4.686256 0.250000
vt -3.837428 0.333333
vt -3.837428 0.250000
vt -3.834428 0.416667
vt -1.716780 0.500000
vt -3.834428 0.500000
vt -3.834428 0.333333
vt -1.716780 0.416667
vt -3.834428 0.250000
vt -1.716780 0.333333
vt -1.716780 0.250000
vt -1.713780 0.416667
vt -1.713780 0.500000
vt -1.713780 0.333333
vt -1.713780 0.250000
vt -4.371130 0.250000
vt -4.371130 0.166667
vt -4.371130 0.083333
vt -4.371130 0.000000
vt -4.368130 0.166667
vt -3.991550 0.250000
vt -4.368130 0.250000
vt -4.368130 0.083333
vt -3.991550 0.166667
vt -4.368130 0.000000
vt -3.991550 0.083333
vt -3.991550 0.000000
vt -3.988550 0.166667
vt 0.791560 0.250000
vt -3.988550 0.250000
vt -3.988550 0.083333
vt 0.791560 0.166667
vt -3.988550 0.000000
vt 0.791560 0.083333
vt 0.791560 0.000000
vt 0.794560 0.166667
vt 0.794560 0.250000
vt 0.794560 0.083333
vt 0.794560 0.000000
vt -5.128114 1.000000
vt -6.000000 1.000000
vt -5.128114 0.916667
vt -5.128114 0.833333
vt -5.128114 0.750000
vt -5.125113 0.916667
vt -4.482652 1.000000
vt -5.125113 1.000000
vt -5.125113 0.833333
vt -4.482652 0.916667
vt -5.125113 0.750000
vt -4.482652 0.833333
vt -4.482652 0.750000
vt -4.479652 0.916667
vt -2.248352 1.000000
vt -4.479652 1.000000
vt -4.479652 0.833333
vt -2.248352 0.916667
vt -4.479652 0.750000
vt -2.248352 0.833333
vt -2.248352 0.750000
vt -2.245352 0.916667
vt 0.696597 1.000000
vt -2.245352 1.000000
vt -2.245352 0.833333
vt 0.696597 0.916667
vt -2.245352 0.750000
vt 0.696597 0.833333
vt 0.696597 0.750000
vt 0.699597 0.916667
vt 6.000000 1.000000
vt 0.699597 1.000000
vt 0.699597 0.833333
vt 6.000000 0.916667
vt 0.699597 0.750000
vt 6.000000 0.833333
vt -6.000000 0.666667
vt 0.737083 0.750000
vt -6.000000 0.750000
vt 0.737083 0.666667
vt 0.737083 0.583333
vt 0.737083 0.500000
vt 0.740083 0.666667
vt 2.647792 0.750000
vt 0.740083 0.750000
vt 0.740083 0.583333
vt 2.647792 0.666667
vt 0.740083 0.500000
vt 2.647792 0.583333
vt 2.647792 0.500000
vt 2.650792 0.666667
vt 5.880067 0.750000
vt 2.650792 0.750000
vt 2.650792 0.583333
vt 5.880067 0.666667
vt 2.650792 0.500000
vt 5.880067 0.583333
vt 5.880067 0.500000
vt -5.374766 0.500000
vt -5.374766 0.416667
vt -5.374766 0.333333
vt -5.374766 0.250000
vt -5.371766 0.416667
vt -1.269115 0.500000
vt -5.371766 0.500000
vt -5.371766 0.333333
vt -1.269115 0.416667
vt -5.371766 0.250000
vt -1.269115 0.333333
vt -1.269115 0.250000
vt -1.266115 0.416667
vt 0.432086 0.500000
vt -1.266115 0.500000
vt -1.266115 0.333333
vt 0.432086 0.416667
vt -1.266115 0.250000
vt 0.432086 0.333333
vt 0.432086 0.250000
vt 0.435086 0.416667
vt 2.706611 0.500000
vt 0.435086 0.500000
vt 0.435086 0.333333
vt 2.706611 0.416667
vt 0.435086 0.250000
vt 2.706611 0.333333
vt 2.706611 0.250000
vt 2.709611 0.416667
vt 2.709611 0.500000
vt 2.709611 0.333333
vt 2.709611 0.250000
vt -0.558304 0.250000
vt -0.558304 0.166667
vt -0.558304 0.083333
vt -0.558304 0.000000
vt -0.555304 0.166667
vt -0.236507 0.250000
vt -0.555304 0.250000
vt -0.555304 0.083333
vt -0.236507 0.166667
vt -0.555304 0.000000
vt -0.236507 0.083333
vt -0.236507 0.000000
vt -0.233507 0.166667
vt 4.713579 0.250000
vt -0.233507 0.250000
vt -0.233507 0.083333
vt 4.713579 0.166667
vt -0.233507 0.000000
vt 4.713579 0.083333
vt 4.713579 0.000000
vt 4.716579 0.166667
vt 5.493979 0.250000
vt 4.716579 0.250000
vt 4.716579 0.083333
vt 5.493979 0.166667
vt 4.716579 0.000000
vt 5.493979 0.083333
vt 5.493979 0.000000
vt 5.496979 0.166667
vt 5.496979 0.250000
vt 5.496979 0.083333
vt 5.496979 0.000000
vt -6.000000 0.916667
vt -2.945089 1.000000
vt -6.000000 1.000000
vt -2.945089 0.916667
vt -2.945089 0.833333
vt -2.945089 0.750000
vt -2.942089 0.916667
vt -1.454277 1.000000
vt -2.942089 1.000000
vt -2.942089 0.833333
vt -1.454277 0.916667
vt -2.942089 0.750000
vt -1.454277 0.833333
vt -1.454277 0.750000
vt -1.451277 0.916667
vt 3.797879 1.000000
vt -1.451277 1.000000
vt -1.451277 0.833333
vt 3.797879 0.916667
vt -1.451277 0.750000
vt 3.797879 0.833333
vt 3.797879 0.750000
vt 3.800879 0.916667
vt 6.000000 1.000000
vt 3.800879 1.000000
vt 3.800879 0.833333
vt 6.000000 0.916667
vt 3.800879 0.750000
vt -6.000000 0.666667
vt -1.789341 0.750000
vt -6.000000 0.583333
vt -1.789341 0.666667
vt -1.789341 0.583333
vt -1.789341 0.500000
vt -1.786341 0.666667
vt 0.726143 0.750000
vt -1.786341 0.750000
vt -1.786341 0.583333
vt 0.726143 0.666667
vt -1.786341 0.500000
vt 0.726143 0.583333
vt 0.726143 0.500000
vt 0.729143 0.666667
vt 0.729143 0.750000
vt 0.729143 0.583333
vt 6.000000 0.666667
vt 0.729143 0.500000
vt 6.000000 0.583333
vt -4.265141 0.500000
vt -4.265141 0.416667
vt -4.265141 0.333333
vt -4.265141 0.250000
vt -4.262141 0.416667
vt 1.447168 0.500000
vt -4.262141 0.500000
vt -4.262141 0.333333
vt 1.447168 0.416667
vt -4.262141 0.250000
vt 1.447168 0.333333
vt 1.447168 0.250000
vt 1.450168 0.416667
vt 1.450168 0.500000
vt 1.450168 0.333333
vt 1.450168 0.250000
vt -5.130623 0.250000
vt -5.130623 0.166667
vt -5.130623 0.083333
vt -5.130623 0.000000
vt -5.127623 0.166667
vt 0.351062 0.250000
vt -5.127623 0.250000
vt -5.127623 0.083333
vt 0.351062 0.166667
vt -5.127623 0.000000
vt 0.351062 0.083333
vt 0.351062 0.000000
vt 0.354062 0.166667
vt 3.370382 0.250000
vt 0.354062 0.250000
vt 0.354062 0.083333
vt 3.370382 0.166667
vt 0.354062 0.000000
vt 3.370382 0.083333
vt 3.370382 0.000000
vt 3.373382 0.166667
vt 3.373382 0.250000
vt 3.373382 0.083333
vt 3.373382 0.000000
vt -6.000000 0.916667
vt -4.720581 1.000000
vt -6.000000 1.000000
vt -6.000000 0.833333
vt -4.720581 0.916667
vt -4.720581 0.833333
vt -4.720581 0.750000
vt -4.717581 0.916667
vt -0.842911 1.000000
vt -4.717581 1.000000
vt -4.717581 0.833333
vt -0.842911 0.916667
vt -4.717581 0.750000
vt -0.842911 0.833333
vt -0.842911 0.750000
vt -0.839911 0.916667
vt 6.000000 1.000000
vt -0.839911 1.000000
vt -0.839911 0.833333
vt 6.000000 0.916667
vt -0.839911 0.750000
vt 6.000000 0.833333
vt -5.755460 0.750000
vt -6.000000 0.750000
vt -5.755460 0.666667
vt -5.755460 0.583333
vt -5.755460 0.500000
vt -5.676870 0.666667
vt 4.277523 0.750000
vt -5.676870 0.750000
vt -5.676870 0.583333
vt 4.277523 0.666667
vt -5.676870 0.500000
vt 4.277523 0.583333
vt 4.277523 0.500000
vt 4.280523 0.666667
vt 4.617283 0.750000
vt 4.280523 0.750000
vt 4.280523 0.583333
vt 4.617283 0.666667
vt 4.280523 0.500000
vt 4.617283 0.583333
vt 4.617283 0.500000
vt 4.620283 0.666667
vt 6.000000 0.750000
vt 4.620283 0.750000
vt 4.620283 0.583333
vt 4.620283 0.500000
vt -6.000000 0.416667
vt -2.663853 0.500000
vt -6.000000 0.500000
vt -6.000000 0.333333
vt -2.663853 0.416667
vt -2.663853 0.333333
vt -2.663853 0.250000
vt -2.660853 0.416667
vt 0.327665 0.500000
vt -2.660853 0.500000
vt -2.660853 0.333333
vt 0.327665 0.416667
vt -2.660853 0.250000
vt 0.327665 0.333333
vt 0.327665 0.250000
vt 0.330665 0.416667
vt 5.164975 0.500000
vt 0.330665 0.500000
vt 0.330665 0.333333
vt 5.164975 0.416667
vt 0.330665 0.250000
vt 5.164975 0.333333
vt 5.164975 0.250000
vt 5.167975 0.416667
vt 6.000000 0.500000
vt 5.167975 0.500000
vt 5.167975 0.333333
vt 6.000000 0.416667
vt 5.167975 0.250000
vt 6.000000 0.333333
vt -4.735460 0.250000
vt -4.735460 0.166667
vt -4.735460 0.083333
vt -4.735460 0.000000
vt -4.732460 0.166667
vt -4.362446 0.250000
vt -4.732460 0.250000
vt -4.732460 0.083333
vt -4.362446 0.166667
vt -4.732460 0.000000
vt -4.362446 0.083333
vt -4.362446 0.000000
vt -4.359446 0.166667
vt 1.909295 0.250000
vt -4.359446 0.250000
vt -4.359446 0.083333
vt 1.909295 0.166667
vt -4.359446 0.000000
vt 1.909295 0.083333
vt 1.909295 0.000000
vt 1.912295 0.166667
vt 3.630266 0.250000
vt 1.912295 0.250000
vt 1.912295 0.083333
vt 3.630266 0.166667
vt 1.912295 0.000000
vt 3.630266 0.083333
vt 3.630266 0.000000
vt 3.633266 0.166667
vt 3.633266 0.250000
vt 3.633266 0.083333
vt 3.633266 0.000000
vt -6.000000 0.916667
vt 2.057219 1.000000
vt -6.000000 1.000000
vt -6.000000 0.833333
vt 2.057219 0.916667
vt -6.000000 0.750000
vt 2.057219 0.833333
vt 2.057219 0.750000
vt 2.060219 0.916667
vt 5.014721 1.000000
vt 2.060219 1.000000
vt 2.060219 0.833333
vt 5.014721 0.916667
vt 2.060219 0.750000
vt 5.014721 0.833333
vt 5.014721 0.750000
vt 5.017721 0.916667
vt 6.000000 1.000000
vt 5.017721 1.000000
vt 5.017721 0.833333
vt 6.000000 0.916667
vt 5.017721 0.750000
vt 6.000000 0.833333
vt 6.000000 0.750000
vt -3.921880 0.750000
vt -3.921880 0.666667
vt -3.921880 0.583333
vt -3.921880 0.500000
vt -3.918880 0.666667
vt -1.786301 0.750000
vt -3.918880 0.750000
vt -3.918880 0.583333
vt -1.786301 0.666667
vt -3.918880 0.500000
vt -1.786301 0.583333
vt -1.786301 0.500000
vt -1.783301 0.666667
vt 5.575637 0.750000
vt -1.783301 0.750000
vt -1.783301 0.583333
vt 5.575637 0.666667
vt -1.783301 0.500000
vt 5.575637 0.583333
vt 5.575637 0.500000
vt 5.578637 0.666667
vt 5.578637 0.750000
vt 5.578637 0.583333
vt 5.578637 0.500000
vt -6.000000 0.416667
vt 0.623565 0.500000
vt -6.000000 0.500000
vt -6.000000 0.333333
vt 0.623565 0.416667
vt 0.623565 0.333333
vt 0.623565 0.250000
vt 0.626565 0.416667
vt 1.916240 0.500000
vt 0.626565 0.500000
vt 0.626565 0.333333
vt 1.916240 0.416667
vt 0.626565 0.250000
vt 1.916240 0.333333
vt 1.916240 0.250000
vt 1.919240 0.416667
vt 3.264325 0.500000
vt 1.919240 0.500000
vt 1.919240 0.333333
vt 3.264325 0.416667
vt 1.919240 0.250000
vt 3.264325 0.333333
vt 3.264325 0.250000
vt 3.267325 0.416667
vt 3.991274 0.500000
vt 3.267325 0.500000
vt 3.267325 0.333333
vt 3.991274 0.416667
vt 3.267325 0.250000
vt 3.991274 0.333333
vt 3.991274 0.250000
vt 3.994274 0.416667
vt 3.994274 0.500000
vt 3.994274 0.333333
vt 3.994274 0.250000
vt -1.963212 0.250000
vt -1.963212 0.166667
vt -1.963212 0.083333
vt -1.963212 0.000000
vt -1.960212 0.166667
vt -1.753572 0.250000
vt -1.960212 0.250000
vt -1.960212 0.083333
vt -1.753572 0.166667
vt -1.960212 0.000000
vt -1.753572 0.083333
vt -1.753572 0.000000
vt -1.750572 0.166667
vt -0.533092 0.250000
vt -1.750572 0.250000
vt -1.750572 0.083333
vt -0.533092 0.166667
vt -1.750572 0.000000
vt -0.533092 0.083333
vt -0.533092 0.000000
vt -0.530092 0.166667
vt 5.818668 0.250000
vt -0.530092 0.250000
vt -0.530092 0.083333
vt 5.818668 0.166667
vt -0.530092 0.000000
vt 5.818668 0.083333
vt 5.818668 0.000000
vt 5.821668 0.166667
vt 5.821668 0.250000
vt 5.821668 0.083333
vt 5.821668 0.000000
vt -6.000000 0.916666
vt -0.545983 1.000000
vt -6.000000 1.000000
vt -6.000000 0.833333
vt -0.545983 0.916666
vt -0.545983 0.833333
vt -0.545983 0.750000
vt -0.542983 0.916666
vt 0.007222 1.000000
vt -0.542983 1.000000
vt -0.542983 0.833333
vt 0.007222 0.916666
vt -0.542983 0.750000
vt 0.007222 0.833333
vt 0.007222 0.750000
vt 0.010222 0.916666
vt 0.329590 1.000000
vt 0.010222 1.000000
vt 0.010222 0.833333
vt 0.329590 0.916666
vt 0.010222 0.750000
vt 0.329590 0.833333
vt 0.329590 0.750000
vt 0.332590 0.916666
vt 4.985320 1.000000
vt 0.332590 1.000000
vt 0.332590 0.833333
vt 4.985320 0.916666
vt 0.332590 0.750000
vt 4.985320 0.833333
vt 4.985320 0.750000
vt 4.988320 0.916666
vt 6.000000 1.000000
vt 4.988320 1.000000
vt 4.988320 0.833333
vt 6.000000 0.916666
vt 4.988320 0.750000
vt 6.000000 0.833333
vt -2.161754 0.750000
vt -6.000000 0.750000
vt -6.000000 0.583334
vt -2.161754 0.666667
vt -2.161754 0.583334
vt -2.161754 0.500000
vt -2.158754 0.666667
vt 3.567009 0.750000
vt -2.158754 0.750000
vt -2.158754 0.583334
vt 3.567009 0.666667
vt -2.158754 0.500000
vt 3.567009 0.583334
vt 3.567009 0.500000
vt 3.570009 0.666667
vt 6.000000 0.750000
vt 3.570009 0.750000
vt 3.570009 0.583334
vt 3.570009 0.500000
vt 6.000000 0.583334
vt -3.329985 0.500000
vt -3.329985 0.416667
vt -3.329985 0.333333
vt -3.329985 0.250000
vt -3.326985 0.416667
vt -1.688329 0.500000
vt -3.326985 0.500000
vt -3.326985 0.333333
vt -1.688329 0.416667
vt -3.326985 0.250000
vt -1.688329 0.333333
vt -1.688329 0.250000
vt -1.685329 0.416667
vt 3.749084 0.500000
vt -1.685329 0.500000
vt -1.685329 0.333333
vt 3.749084 0.416667
vt -1.685329 0.250000
vt 3.749084 0.333333
vt 3.749084 0.250000
vt 3.752084 0.416667
vt 4.393782 0.500000
vt 3.752084 0.500000
vt 3.752084 0.333333
vt 4.393782 0.416667
vt 3.752084 0.250000
vt 4.393782 0.333333
vt 4.393782 0.250000
vt 4.396782 0.416667
vt 4.396782 0.500000
vt 4.396782 0.333333
vt 4.396782 0.250000
vt 3.675640 0.250000
vt 3.675640 0.166667
vt 3.675640 0.083333
vt 3.675640 0.000000
vt 3.678640 0.166667
vt 4.236786 0.250000
vt 3.678640 0.250000
vt 3.678640 0.083333
vt 4.236786 0.166667
vt 3.678640 0.000000
vt 4.236786 0.083333
vt 4.236786 0.000000
vt 4.239786 0.166667
vt 4.239786 0.250000
vt 4.239786 0.083333
vt 4.239786 0.000000
vt -6.000000 0.916666
vt -1.011412 1.000000
vt -6.000000 1.000000
vt -6.000000 0.833333
vt -1.011412 0.916666
vt -6.000000 0.750000
vt -1.011412 0.833333
vt -1.011412 0.750000
vt -0.870625 0.916666
vt 4.648643 1.000000
vt -0.870625 1.000000
vt -0.870625 0.833333
vt 4.648643 0.916666
vt -0.870625 0.750000
vt 4.648643 0.833333
vt 4.648643 0.750000
vt 4.651643 0.916666
vt 5.338890 1.000000
vt 4.651643 1.000000
vt 4.651643 0.833333
vt 5.338890 0.916666
vt 4.651643 0.750000
vt 5.338890 0.833333
vt 5.338890 0.750000
vt 5.341890 0.916666
vt 6.000000 1.000000
vt 5.341890 1.000000
vt 5.341890 0.833333
vt 6.000000 0.916666
vt 5.341890 0.750000
vt 6.000000 0.833333
vt 6.000000 0.750000
vt -6.000000 0.666667
vt -1.592754 0.750000
vt -6.000000 0.750000
vt -6.000000 0.583333
vt -1.592754 0.666667
vt -1.592754 0.583333
vt -1.592754 0.500000
vt -1.589754 0.666667
vt 0.798631 0.750000
vt -1.589754 0.750000
vt -1.589754 0.583333
vt 0.798631 0.666667
vt -1.589754 0.500000
vt 0.798631 0.583333
vt 0.798631 0.500000
vt 0.801631 0.666667
vt 6.000000 0.750000
vt 0.801631 0.750000
vt 0.801631 0.583333
vt 6.000000 0.666667
vt 0.801631 0.500000
vt 6.000000 0.583333
vt -4.768499 0.500000
vt -4.768499 0.416667
vt -4.768499 0.333333
vt -4.768499 0.250000
vt -4.765500 0.416667
vt -1.467328 0.500000
vt -4.765500 0.500000
vt -4.765500 0.333333
vt -1.467328 0.416667
vt -4.765500 0.250000
vt -1.467328 0.333333
vt -1.467328 0.250000
vt -1.464328 0.416667
vt 1.350407 0.500000
vt -1.464328 0.500000
vt -1.464328 0.333333
vt 1.350407 0.416667
vt -1.464328 0.250000
vt 1.350407 0.333333
vt 1.350407 0.250000
vt 1.353408 0.416667
vt 4.292822 0.500000
vt 1.353408 0.500000
vt 1.353408 0.333333
vt 4.292822 0.416667
vt 1.353408 0.250000
vt 4.292822 0.333333
vt 4.292822 0.250000
vt 4.295822 0.416667
vt 4.295822 0.500000
vt 4.295822 0.333333
vt 4.295822 0.250000
vt -6.000000 0.166667
vt 0.406068 0.250000
vt -6.000000 0.083333
vt 0.406068 0.166667
vt -6.000000 0.000000
vt 0.406068 0.083333
vt 0.406068 0.000000
vt 0.409068 0.166667
vt 1.162093 0.250000
vt 0.409068 0.250000
vt 0.409068 0.083333
vt 1.162093 0.166667
vt 0.409068 0.000000
vt 1.162093 0.083333
vt 1.162093 0.000000
vt 1.165093 0.166667
vt 1.165093 0.250000
vt 1.165093 0.083333
vt 6.000000 0.166667
vt 1.165093 0.000000
vt 6.000000 0.083333
vt 6.000000 0.000000
vt -6.000000 0.916667
vt -0.791848 1.000000
vt -6.000000 1.000000
vt -6.000000 0.833334
vt -0.791848 0.916667
vt -6.000000 0.750000
vt -0.791848 0.833334
vt -0.791848 0.750000
vt -0.788848 0.916667
vt 0.508587 1.000000
vt -0.788848 1.000000
vt -0.788848 0.833334
vt 0.508587 0.916667
vt -0.788848 0.750000
vt 0.508587 0.833334
vt 0.508587 0.750000
vt 0.511587 0.916667
vt 1.381247 1.000000
vt 0.511587 1.000000
vt 0.511587 0.833334
vt 1.381247 0.916667
vt 0.511587 0.750000
vt 1.381247 0.833334
vt 1.381247 0.750000
vt 1.384247 0.916667
vt 6.000000 1.000000
vt 1.384247 1.000000
vt 1.384247 0.833334
vt 6.000000 0.916667
vt 1.384247 0.750000
vt 6.000000 0.833334
vt 6.000000 0.750000
vt -2.605825 0.750000
vt -6.000000 0.750000
vt -6.000000 0.583333
vt -2.605825 0.666667
vt -2.605825 0.583333
vt -2.605825 0.500000
vt -2.602825 0.666667
vt -2.330292 0.750000
vt -2.602825 0.750000
vt -2.602825 0.583333
vt -2.330292 0.666667
vt -2.602825 0.500000
vt -2.330292 0.583333
vt -2.330292 0.500000
vt -2.327291 0.666667
vt 3.221150 0.750000
vt -2.327291 0.750000
vt -2.327291 0.583333
vt 3.221150 0.666667
vt -2.327291 0.500000
vt 3.221150 0.583333
vt 3.221150 0.500000
vt 3.224150 0.666667
vt 6.000000 0.750000
vt 3.224150 0.750000
vt 3.224150 0.583333
vt 3.224150 0.500000
vt 6.000000 0.583333
vt 0.240498 0.500000
vt 0.240498 0.416667
vt 0.240498 0.333333
vt 0.240498 0.250000
vt 0.243498 0.416667
vt 0.647297 0.500000
vt 0.243498 0.500000
vt 0.243498 0.333333
vt 0.647297 0.416667
vt 0.243498 0.250000
vt 0.647297 0.333333
vt 0.647297 0.250000
vt 0.650297 0.416667
vt 5.938337 0.500000
vt 0.650297 0.500000
vt 0.650297 0.333333
vt 5.938337 0.416667
vt 0.650297 0.250000
vt 5.938337 0.333333
vt 5.938337 0.250000
vt -6.000000 0.166666
vt -5.094725 0.250000
vt -6.000000 0.250000
vt -6.000000 0.083333
vt -5.094725 0.166666
vt -5.094725 0.083333
vt -5.094725 0.000000
vt -5.091725 0.166666
vt -1.465139 0.250000
vt -5.091725 0.250000
vt -5.091725 0.083333
vt -1.465139 0.166666
vt -5.091725 0.000000
vt -1.465139 0.083333
vt -1.465139 0.000000
vt -1.462139 0.166666
vt 5.592649 0.250000
vt -1.462139 0.250000
vt -1.462139 0.083333
vt 5.592649 0.166666
vt -1.462139 0.000000
vt 5.592649 0.083333
vt 5.592649 0.000000
vt 5.595649 0.166666
vt 6.000000 0.250000
vt 5.595649 0.250000
vt 5.595649 0.083333
vt 6.000000 0.166666
vt 5.595649 0.000000
vt 6.000000 0.083333
vt -6.000000 0.916667
vt -4.680592 1.000000
vt -6.000000 1.000000
vt -6.000000 0.833334
vt -4.680592 0.916667
vt -6.000000 0.750000
vt -4.680592 0.833334
vt -4.680592 0.750000
vt -4.677591 0.916667
vt 4.366693 1.000000
vt -4.677591 1.000000
vt -4.677591 0.833334
vt 4.366693 0.916667
vt -4.677591 0.750000
vt 4.366693 0.833334
vt 4.366693 0.750000
vt 4.369694 0.916667
vt 6.000000 1.000000
vt 4.369694 1.000000
vt 4.369694 0.833334
vt 6.000000 0.916667
vt 4.369694 0.750000
vt 6.000000 0.833334
vt 6.000000 0.750000
vt -4.067734 0.750000
vt -4.067734 0.666667
vt -4.067734 0.583333
vt -4.067734 0.500000
vt -4.064734 0.666667
vt -2.400449 0.750000
vt -4.064734 0.750000
vt -4.064734 0.583333
vt -2.400449 0.666667
vt -4.064734 0.500000
vt -2.400449 0.583333
vt -2.400449 0.500000
vt -2.397449 0.666667
vt -1.433581 0.750000
vt -2.397449 0.750000
vt -2.397449 0.583333
vt -1.433581 0.666667
vt -2.397449 0.500000
vt -1.433581 0.583333
vt -1.433581 0.500000
vt -1.430581 0.666667
vt 1.523756 0.750000
vt -1.430581 0.750000
vt -1.430581 0.583333
vt 1.523756 0.666667
vt -1.430581 0.500000
vt 1.523756 0.583333
vt 1.523756 0.500000
vt 1.526756 0.666667
vt 1.526756 0.750000
vt 1.526756 0.583333
vt 1.526756 0.500000
f 3/1/1 2/2/1 1/3/1
f 10/2/2 11/1/2 9/3/2
f 5/4/3 4/5/3 3/1/3
f 12/5/2 13/4/2 11/1/2
f 7/6/4 6/7/4 5/4/4
f 14/7/2 15/6/2 13/4/2
f 2/2/5 9/3/5 1/3/5
f 7/6/6 16/8/6 8/8/6
f 9/3/7 3/1/7 1/3/7
f 4/5/8 10/2/8 2/2/8
f 11/1/7 5/4/7 3/1/7
f 14/7/8 4/5/8 6/7/8
f 5/4/7 15/6/7 7/6/7
f 16/8/8 6/7/8 8/8/8
f 19/9/1 18/10/1 17/11/1
f 26/10/2 27/9/2 25/11/2
f 21/12/3 20/13/3 19/9/3
f 28/13/2 29/12/2 27/9/2
f 23/14/4 22/15/4 21/12/4
f 30/15/2 31/14/2 29/12/2
f 18/10/5 25/11/5 17/11/5
f 23/14/6 32/16/6 24/16/6
f 25/11/7 19/9/7 17/11/7
f 20/13/8 26/10/8 18/10/8
f 27/9/7 21/12/7 19/9/7
f 30/15/8 20/13/8 22/15/8
f 21/12/7 31/14/7 23/14/7
f 32/16/8 22/15/8 24/16/8
f 35/17/1 34/18/1 33/19/1
f 42/18/2 43/17/2 41/19/2
f 37/20/3 36/21/3 35/17/3
f 44/21/2 45/20/2 43/17/2
f 39/22/4 38/23/4 37/20/4
f 46/23/2 47/22/2 45/20/2
f 34/18/5 41/19/5 33/19/5
f 39/22/6 48/24/6 40/24/6
f 41/19/7 35/17/7 33/19/7
f 36/21/8 42/18/8 34/18/8
f 43/17/7 37/20/7 35/17/7
f 46/23/8 36/21/8 38/23/8
f 37/20/7 47/22/7 39/22/7
f 48/24/8 38/23/8 40/24/8
f 51/25/1 50/26/1 49/27/1
f 58/26/2 59/25/2 57/27/2
f 53/28/3 52/29/3 51/25/3
f 60/29/2 61/28/2 59/25/2
f 55/30/4 54/31/4 53/28/4
f 62/31/2 63/30/2 61/28/2
f 50/26/5 57/27/5 49/27/5
f 55/30/6 64/32/6 56/32/6
f 57/27/7 51/25/7 49/27/7
f 52/29/8 58/26/8 50/26/8
f 59/25/7 53/28/7 51/25/7
f 62/31/8 52/29/8 54/31/8
f 53/28/7 63/30/7 55/30/7
f 64/32/8 54/31/8 56/32/8
f 67/33/1 66/34/1 65/35/1
f 74/34/2 75/33/2 73/35/2
f 69/36/3 68/37/3 67/33/3
f 76/37/2 77/36/2 75/33/2
f 71/38/4 70/39/4 69/36/4
f 78/39/2 79/38/2 77/36/2
f 66/34/5 73/35/5 65/35/5
f 71/38/6 80/40/6 72/40/6
f 73/35/7 67/33/7 65/35/7
f 68/37/8 74/34/8 66/34/8
f 75/33/7 69/36/7 67/33/7
f 78/39/8 68/37/8 70/39/8
f 69/36/7 79/38/7 71/38/7
f 80/40/8 70/39/8 72/40/8
f 83/41/1 82/42/1 81/43/1
f 90/42/2 91/41/2 89/43/2
f 85/44/3 84/45/3 83/41/3
f 92/45/2 93/44/2 91/41/2
f 87/46/4 86/47/4 85/44/4
f 94/47/2 95/46/2 93/44/2
f 82/42/5 89/43/5 81/43/5
f 87/46/6 96/48/6 88/48/6
f 89/43/7 83/41/7 81/43/7
f 84/45/8 90/42/8 82/42/8
f 91/41/7 85/44/7 83/41/7
f 94/47/8 84/45/8 86/47/8
f 85/44/7 95/46/7 87/46/7
f 96/48/8 86/47/8 88/48/8
f 99/49/1 98/50/1 97/51/1
f 106/50/2 107/49/2 105/51/2
f 101/52/3 100/53/3 99/49/3
f 108/53/2 109/52/2 107/49/2
f 103/54/4 102/55/4 101/52/4
f 110/55/2 111/54/2 109/52/2
f 98/50/5 105/51/5 97/51/5
f 103/54/6 112/56/6 104/56/6
f 105/51/7 99/49/7 97/51/7
f 100/53/8 106/50/8 98/50/8
f 107/49/7 101/52/7 99/49/7
f 110/55/8 100/53/8 102/55/8
f 101/52/7 111/54/7 103/54/7
f 112/56/8 102/55/8 104/56/8
f 115/57/1 114/58/1 113/59/1
f 122/58/2 123/57/2 121/59/2
f 117/60/3 116/61/3 115/57/3
f 124/61/2 125/60/2 123/57/2
f 119/62/4 118/63/4 117/60/4
f 126/63/2 127/62/2 125/60/2
f 114/58/5 121/59/5 113/59/5
f 119/62/6 128/64/6 120/64/6
f 121/59/7 115/57/7 113/59/7
f 116/61/8 122/58/8 114/58/8
f 123/57/7 117/60/7 115/57/7
f 126/63/8 116/61/8 118/63/8
f 117/60/7 127/62/7 119/62/7
f 128/64/8 118/63/8 120/64/8
f 131/65/1 130/66/1 129/67/1
f 138/66/2 139/65/2 137/67/2
f 133/68/3 132/69/3 131/65/3
f 140/69/2 141/68/2 139/65/2
f 135/70/4 134/71/4 133/68/4
f 142/71/2 143/70/2 141/68/2
f 130/66/5 137/67/5 129/67/5
f 135/70/6 144/72/6 136/72/6
f 137/67/7 131/65/7 129/67/7
f 132/69/8 138/66/8 130/66/8
f 139/65/7 133/68/7 131/65/7
f 142/71/8 132/69/8 134/71/8
f 133/68/7 143/70/7 135/70/7
f 144/72/8 134/71/8 136/72/8
f 147/73/1 146/74/1 145/75/1
f 154/74/2 155/73/2 153/75/2
f 149/76/3 148/77/3 147/73/3
f 156/77/2 157/76/2 155/73/2
f 151/78/4 150/79/4 149/76/4
f 158/79/2 159/78/2 157/76/2
f 146/74/5 153/75/5 145/75/5
f 151/78/6 160/80/6 152/80/6
f 153/75/7 147/73/7 145/75/7
f 148/77/8 154/74/8 146/74/8
f 155/73/7 149/76/7 147/73/7
f 158/79/8 148/77/8 150/79/8
f 149/76/7 159/78/7 151/78/7
f 160/80/8 150/79/8 152/80/8
f 163/81/1 162/82/1 161/83/1
f 170/82/2 171/81/2 169/83/2
f 165/84/3 164/85/3 163/81/3
f 172/85/2 173/84/2 171/81/2
f 167/86/4 166/87/4 165/84/4
f 174/87/2 175/86/2 173/84/2
f 162/82/5 169/83/5 161/83/5
f 167/86/6 176/88/6 168/88/6
f 169/83/7 163/81/7 161/83/7
f 164/85/8 170/82/8 162/82/8
f 171/81/7 165/84/7 163/81/7
f 174/87/8 164/85/8 166/87/8
f 165/84/7 175/86/7 167/86/7
f 176/88/8 166/87/8 168/88/8
f 179/89/1 178/90/1 177/91/1
f 186/90/2 187/89/2 185/91/2
f 181/92/3 180/93/3 179/89/3
f 188/93/2 189/92/2 187/89/2
f 183/94/4 182/95/4 181/92/4
f 190/95/2 191/94/2 189/92/2
f 178/90/5 185/91/5 177/91/5
f 183/94/6 192/96/6 184/96/6
f 185/91/7 179/89/7 177/91/7
f 180/93/8 186/90/8 178/90/8
f 187/89/7 181/92/7 179/89/7
f 190/95/8 180/93/8 182/95/8
f 181/92/7 191/94/7 183/94/7
f 192/96/8 182/95/8 184/96/8
f 195/97/1 194/98/1 193/99/1
f 202/98/2 203/97/2 201/99/2
f 197/100/3 196/101/3 195/97/3
f 204/101/2 205/100/2 203/97/2
f 199/102/4 198/103/4 197/100/4
f 206/103/2 207/102/2 205/100/2
f 194/98/5 201/99/5 193/99/5
f 199/102/6 208/104/6 200/104/6
f 201/99/7 195/97/7 193/99/7
f 196/101/8 202/98/8 194/98/8
f 203/97/7 197/100/7 195/97/7
f 206/103/8 196/101/8 198/103/8
f 197/100/7 207/102/7 199/102/7
f 208/104/8 198/103/8 200/104/8
f 211/105/1 210/106/1 209/107/1
f 218/106/2 219/105/2 217/107/2
f 213/108/3 212/109/3 211/105/3
f 220/109/2 221/108/2 219/105/2
f 215/110/4 214/111/4 213/108/4
f 222/111/2 223/110/2 221/108/2
f 210/106/5 217/107/5 209/107/5
f 215/110/6 224/112/6 216/112/6
f 217/107/7 211/105/7 209/107/7
f 212/109/8 218/106/8 210/106/8
f 219/105/7 213/108/7 211/105/7
f 222/111/8 212/109/8 214/111/8
f 213/108/7 223/110/7 215/110/7
f 224/112/8 214/111/8 216/112/8
f 227/113/1 226/114/1 225/115/1
f 234/114/2 235/113/2 233/115/2
f 229/116/3 228/117/3 227/113/3
f 236/117/2 237/116/2 235/113/2
f 231/118/4 230/119/4 229/116/4
f 238/119/2 239/118/2 237/116/2
f 226/114/5 233/115/5 225/115/5
f 231/118/6 240/120/6 232/120/6
f 233/115/7 227/113/7 225/115/7
f 228/117/8 234/114/8 226/114/8
f 235/113/7 229/116/7 227/113/7
f 238/119/8 228/117/8 230/119/8
f 229/116/7 239/118/7 231/118/7
f 240/120/8 230/119/8 232/120/8
f 243/121/1 242/122/1 241/123/1
f 250/122/2 251/121/2 249/123/2
f 245/124/3 244/125/3 243/121/3
f 252/125/2 253/124/2 251/121/2
f 247/126/4 246/127/4 245/124/4
f 254/127/2 255/126/2 253/124/2
f 242/122/5 249/123/5 241/123/5
f 247/126/6 256/128/6 248/128/6
f 249/123/7 243/121/7 241/123/7
f 244/125/8 250/122/8 242/122/8
f 251/121/7 245/124/7 243/121/7
f 254/127/8 244/125/8 246/127/8
f 245/124/7 255/126/7 247/126/7
f 256/128/8 246/127/8 248/128/8
f 259/129/1 258/130/1 257/131/1
f 266/130/2 267/129/2 265/131/2
f 261/132/3 260/133/3 259/129/3
f 268/133/2 269/132/2 267/129/2
f 263/134/4 262/135/4 261/132/4
f 270/135/2 271/134/2 269/132/2
f 258/130/5 265/131/5 257/131/5
f 263/134/6 272/136/6 264/136/6
f 265/131/7 259/129/7 257/131/7
f 260/133/8 266/130/8 258/130/8
f 267/129/7 261/132/7 259/129/7
f 270/135/8 260/133/8 262/135/8
f 261/132/7 271/134/7 263/134/7
f 272/136/8 262/135/8 264/136/8
f 275/137/1 274/138/1 273/139/1
f 282/138/2 283/137/2 281/139/2
f 277/140/3 276/141/3 275/137/3
f 284/141/2 285/140/2 283/137/2
f 279/142/4 278/143/4 277/140/4
f 286/143/2 287/142/2 285/140/2
f 274/138/5 281/139/5 273/139/5
f 279/142/6 288/144/6 280/144/6
f 281/139/7 275/137/7 273/139/7
f 276/141/8 282/138/8 274/138/8
f 283/137/7 277/140/7 275/137/7
f 286/143/8 276/141/8 278/143/8
f 277/140/7 287/142/7 279/142/7
f 288/144/8 278/143/8 280/144/8
f 291/145/1 290/146/1 289/147/1
f 298/146/2 299/145/2 297/147/2
f 293/148/3 292/149/3 291/145/3
f 300/149/2 301/148/2 299/145/2
f 295/150/4 294/151/4 293/148/4
f 302/151/2 303/150/2 301/148/2
f 290/146/5 297/147/5 289/147/5
f 295/150/6 304/152/6 296/152/6
f 297/147/7 291/145/7 289/147/7
f 292/149/8 298/146/8 290/146/8
f 299/145/7 293/148/7 291/145/7
f 302/151/8 292/149/8 294/151/8
f 293/148/7 303/150/7 295/150/7
f 304/152/8 294/151/8 296/152/8
f 307/153/1 306/154/1 305/155/1
f 314/154/2 315/153/2 313/155/2
f 309/156/3 308/157/3 307/153/3
f 316/157/2 317/156/2 315/153/2
f 311/158/4 310/159/4 309/156/4
f 318/159/2 319/158/2 317/156/2
f 306/154/5 313/155/5 305/155/5
f 311/158/6 320/160/6 312/160/6
f 313/155/7 307/153/7 305/155/7
f 308/157/8 314/154/8 306/154/8
f 315/153/7 309/156/7 307/153/7
f 318/159/8 308/157/8 310/159/8
f 309/156/7 319/158/7 311/158/7
f 320/160/8 310/159/8 312/160/8
f 323/161/1 322/162/1 321/163/1
f 330/162/2 331/161/2 329/163/2
f 325/164/3 324/165/3 323/161/3
f 332/165/2 333/164/2 331/161/2
f 327/166/4 326/167/4 325/164/4
f 334/167/2 335/166/2 333/164/2
f 322/162/5 329/163/5 321/163/5
f 327/166/6 336/168/6 328/168/6
f 329/163/7 323/161/7 321/163/7
f 324/165/8 330/162/8 322/162/8
f 331/161/7 325/164/7 323/161/7
f 334/167/8 324/165/8 326/167/8
f 325/164/7 335/166/7 327/166/7
f 336/168/8 326/167/8 328/168/8
f 339/169/1 338/170/1 337/171/1
f 346/170/2 347/169/2 345/171/2
f 341/172/3 340/173/3 339/169/3
f 348/173/2 349/172/2 347/169/2
f 343/83/4 342/174/4 341/172/4
f 350/174/2 351/83/2 349/172/2
f 338/170/5 345/171/5 337/171/5
f 343/83/6 352/175/6 344/175/6
f 345/171/7 339/169/7 337/171/7
f 340/173/8 346/170/8 338/170/8
f 347/169/7 341/172/7 339/169/7
f 350/174/8 340/173/8 342/174/8
f 341/172/7 351/83/7 343/83/7
f 352/175/8 342/174/8 344/175/8
f 355/176/1 354/177/1 353/178/1
f 362/177/2 363/176/2 361/178/2
f 357/179/3 356/180/3 355/176/3
f 364/180/2 365/179/2 363/176/2
f 359/181/4 358/182/4 357/179/4
f 366/182/2 367/181/2 365/179/2
f 354/177/5 361/178/5 353/178/5
f 359/181/6 368/183/6 360/183/6
f 361/178/7 355/176/7 353/178/7
f 356/180/8 362/177/8 354/177/8
f 363/176/7 357/179/7 355/176/7
f 366/182/8 356/180/8 358/182/8
f 357/179/7 367/181/7 359/181/7
f 368/183/8 358/182/8 360/183/8
f 371/184/1 370/185/1 369/186/1
f 378/185/2 379/184/2 377/186/2
f 373/187/3 372/188/3 371/184/3
f 380/188/2 381/187/2 379/184/2
f 375/189/4 374/190/4 373/187/4
f 382/190/2 383/189/2 381/187/2
f 370/185/5 377/186/5 369/186/5
f 375/189/6 384/98/6 376/98/6
f 377/186/7 371/184/7 369/186/7
f 372/188/8 378/185/8 370/185/8
f 379/184/7 373/187/7 371/184/7
f 382/190/8 372/188/8 374/190/8
f 373/187/7 383/189/7 375/189/7
f 384/98/8 374/190/8 376/98/8
f 387/191/1 386/192/1 385/193/1
f 394/192/2 395/191/2 393/193/2
f 389/194/3 388/195/3 387/191/3
f 396/195/2 397/194/2 395/191/2
f 391/196/4 390/197/4 389/194/4
f 398/197/2 399/196/2 397/194/2
f 386/192/5 393/193/5 385/193/5
f 391/196/6 400/198/6 392/198/6
f 393/193/7 387/191/7 385/193/7
f 388/195/8 394/192/8 386/192/8
f 395/191/7 389/194/7 387/191/7
f 398/197/8 388/195/8 390/197/8
f 389/194/7 399/196/7 391/196/7
f 400/198/8 390/197/8 392/198/8
f 403/199/1 402/200/1 401/201/1
f 410/200/2 411/199/2 409/201/2
f 405/202/3 404/203/3 403/199/3
f 412/203/2 413/202/2 411/199/2
f 407/204/4 406/205/4 405/202/4
f 414/205/2 415/204/2 413/202/2
f 402/200/5 409/201/5 401/201/5
f 407/204/6 416/206/6 408/206/6
f 409/201/7 403/199/7 401/201/7
f 404/203/8 410/200/8 402/200/8
f 411/199/7 405/202/7 403/199/7
f 414/205/8 404/203/8 406/205/8
f 405/202/7 415/204/7 407/204/7
f 416/206/8 406/205/8 408/206/8
f 419/207/1 418/208/1 417/209/1
f 426/208/2 427/207/2 425/209/2
f 421/210/3 420/211/3 419/207/3
f 428/211/2 429/210/2 427/207/2
f 423/212/4 422/213/4 421/210/4
f 430/213/2 431/212/2 429/210/2
f 418/208/5 425/209/5 417/209/5
f 423/212/6 432/214/6 424/214/6
f 425/209/7 419/207/7 417/209/7
f 420/211/8 426/208/8 418/208/8
f 427/207/7 421/210/7 419/207/7
f 430/213/8 420/211/8 422/213/8
f 421/210/7 431/212/7 423/212/7
f 432/214/8 422/213/8 424/214/8
f 435/215/1 434/216/1 433/217/1
f 442/216/2 443/215/2 441/217/2
f 437/218/3 436/219/3 435/215/3
f 444/219/2 445/218/2 443/215/2
f 439/220/4 438/221/4 437/218/4
f 446/221/2 447/220/2 445/218/2
f 434/216/5 441/217/5 433/217/5
f 439/220/6 448/222/6 440/222/6
f 441/217/7 435/215/7 433/217/7
f 436/219/8 442/216/8 434/216/8
f 443/215/7 437/218/7 435/215/7
f 446/221/8 436/219/8 438/221/8
f 437/218/7 447/220/7 439/220/7
f 448/222/8 438/221/8 440/222/8
f 451/223/1 450/224/1 449/225/1
f 458/224/2 459/223/2 457/225/2
f 453/226/3 452/227/3 451/223/3
f 460/227/2 461/226/2 459/223/2
f 455/228/4 454/229/4 453/226/4
f 462/229/2 463/228/2 461/226/2
f 450/224/5 457/225/5 449/225/5
f 455/228/6 464/230/6 456/230/6
f 457/225/7 451/223/7 449/225/7
f 452/227/8 458/224/8 450/224/8
f 459/223/7 453/226/7 451/223/7
f 462/229/8 452/227/8 454/229/8
f 453/226/7 463/228/7 455/228/7
f 464/230/8 454/229/8 456/230/8
f 467/231/1 466/232/1 465/233/1
f 474/232/2 475/231/2 473/233/2
f 469/234/3 468/235/3 467/231/3
f 476/235/2 477/234/2 475/231/2
f 471/236/4 470/237/4 469/234/4
f 478/237/2 479/236/2 477/234/2
f 466/232/5 473/233/5 465/233/5
f 471/236/6 480/238/6 472/238/6
f 473/233/7 467/231/7 465/233/7
f 468/235/8 474/232/8 466/232/8
f 475/231/7 469/234/7 467/231/7
f 478/237/8 468/235/8 470/237/8
f 469/234/7 479/236/7 471/236/7
f 480/238/8 470/237/8 472/238/8
f 483/239/1 482/240/1 481/241/1
f 490/240/2 491/239/2 489/241/2
f 485/242/3 484/243/3 483/239/3
f 492/243/2 493/242/2 491/239/2
f 487/244/4 486/245/4 485/242/4
f 494/245/2 495/244/2 493/242/2
f 482/240/5 489/241/5 481/241/5
f 487/244/6 496/246/6 488/246/6
f 489/241/7 483/239/7 481/241/7
f 484/243/8 490/240/8 482/240/8
f 491/239/7 485/242/7 483/239/7
f 494/245/8 484/243/8 486/245/8
f 485/242/7 495/244/7 487/244/7
f 496/246/8 486/245/8 488/246/8
f 499/247/1 498/248/1 497/249/1
f 506/248/2 507/247/2 505/249/2
f 501/250/3 500/251/3 499/247/3
f 508/251/2 509/250/2 507/247/2
f 503/252/4 502/253/4 501/250/4
f 510/253/2 511/252/2 509/250/2
f 498/248/5 505/249/5 497/249/5
f 503/252/6 512/254/6 504/254/6
f 505/249/7 499/247/7 497/249/7
f 500/251/8 506/248/8 498/248/8
f 507/247/7 501/250/7 499/247/7
f 510/253/8 500/251/8 502/253/8
f 501/250/7 511/252/7 503/252/7
f 512/254/8 502/253/8 504/254/8
f 515/255/1 514/256/1 513/257/1
f 522/256/2 523/255/2 521/257/2
f 517/258/3 516/259/3 515/255/3
f 524/259/2 525/258/2 523/255/2
f 519/260/4 518/261/4 517/258/4
f 526/261/2 527/260/2 525/258/2
f 514/256/5 521/257/5 513/257/5
f 519/260/6 528/262/6 520/262/6
f 521/257/7 515/255/7 513/257/7
f 516/259/8 522/256/8 514/256/8
f 523/255/7 517/258/7 515/255/7
f 526/261/8 516/259/8 518/261/8
f 517/258/7 527/260/7 519/260/7
f 528/262/8 518/261/8 520/262/8
f 531/263/1 530/264/1 529/265/1
f 538/264/2 539/263/2 537/265/2
f 533/266/3 532/267/3 531/263/3
f 540/267/2 541/266/2 539/263/2
f 535/268/4 534/269/4 533/266/4
f 542/269/2 543/268/2 541/266/2
f 530/264/5 537/265/5 529/265/5
f 535/268/6 544/270/6 536/270/6
f 537/265/7 531/263/7 529/265/7
f 532/267/8 538/264/8 530/264/8
f 539/263/7 533/266/7 531/263/7
f 542/269/8 532/267/8 534/269/8
f 533/266/7 543/268/7 535/268/7
f 544/270/8 534/269/8 536/270/8
f 547/271/1 546/272/1 545/273/1
f 554/272/2 555/271/2 553/273/2
f 549/274/3 548/275/3 547/271/3
f 556/275/2 557/274/2 555/271/2
f 551/276/4 550/277/4 549/274/4
f 558/277/2 559/276/2 557/274/2
f 546/272/5 553/273/5 545/273/5
f 551/276/6 560/278/6 552/278/6
f 553/273/7 547/271/7 545/273/7
f 548/275/8 554/272/8 546/272/8
f 555/271/7 549/274/7 547/271/7
f 558/277/8 548/275/8 550/277/8
f 549/274/7 559/276/7 551/276/7
f 560/278/8 550/277/8 552/278/8
f 563/279/1 562/280/1 561/281/1
f 570/280/2 571/279/2 569/281/2
f 565/282/3 564/283/3 563/279/3
f 572/283/2 573/282/2 571/279/2
f 567/284/4 566/285/4 565/282/4
f 574/285/2 575/284/2 573/282/2
f 562/280/5 569/281/5 561/281/5
f 567/284/6 576/286/6 568/286/6
f 569/281/7 563/279/7 561/281/7
f 564/283/8 570/280/8 562/280/8
f 571/279/7 565/282/7 563/279/7
f 574/285/8 564/283/8 566/285/8
f 565/282/7 575/284/7 567/284/7
f 576/286/8 566/285/8 568/286/8
f 579/287/1 578/288/1 577/289/1
f 586/288/2 587/287/2 585/289/2
f 581/290/3 580/291/3 579/287/3
f 588/291/2 589/290/2 587/287/2
f 583/292/4 582/293/4 581/290/4
f 590/293/2 591/292/2 589/290/2
f 578/288/5 585/289/5 577/289/5
f 583/292/6 592/294/6 584/294/6
f 585/289/7 579/287/7 577/289/7
f 580/291/8 586/288/8 578/288/8
f 587/287/7 581/290/7 579/287/7
f 590/293/8 580/291/8 582/293/8
f 581/290/7 591/292/7 583/292/7
f 592/294/8 582/293/8 584/294/8
f 595/295/1 594/296/1 593/297/1
f 602/296/2 603/295/2 601/297/2
f 597/298/3 596/299/3 595/295/3
f 604/299/2 605/298/2 603/295/2
f 599/300/4 598/301/4 597/298/4
f 606/301/2 607/300/2 605/298/2
f 594/296/5 601/297/5 593/297/5
f 599/300/6 608/302/6 600/302/6
f 601/297/7 595/295/7 593/297/7
f 596/299/8 602/296/8 594/296/8
f 603/295/7 597/298/7 595/295/7
f 606/301/8 596/299/8 598/301/8
f 597/298/7 607/300/7 599/300/7
f 608/302/8 598/301/8 600/302/8
f 611/303/1 610/304/1 609/305/1
f 618/304/2 619/303/2 617/305/2
f 613/306/3 612/307/3 611/303/3
f 620/307/2 621/306/2 619/303/2
f 615/308/4 614/309/4 613/306/4
f 622/309/2 623/308/2 621/306/2
f 610/304/5 617/305/5 609/305/5
f 615/308/6 624/208/6 616/208/6
f 617/305/7 611/303/7 609/305/7
f 612/307/8 618/304/8 610/304/8
f 619/303/7 613/306/7 611/303/7
f 622/309/8 612/307/8 614/309/8
f 613/306/7 623/308/7 615/308/7
f 624/208/8 614/309/8 616/208/8
f 627/310/1 626/311/1 625/312/1
f 634/311/2 635/310/2 633/312/2
f 629/313/3 628/314/3 627/310/3
f 636/314/2 637/313/2 635/310/2
f 631/315/4 630/316/4 629/313/4
f 638/316/2 639/315/2 637/313/2
f 626/311/5 633/312/5 625/312/5
f 631/315/6 640/317/6 632/317/6
f 633/312/7 627/310/7 625/312/7
f 628/314/8 634/311/8 626/311/8
f 635/310/7 629/313/7 627/310/7
f 638/316/8 628/314/8 630/316/8
f 629/313/7 639/315/7 631/315/7
f 640/317/8 630/316/8 632/317/8
f 643/318/1 642/319/1 641/320/1
f 650/319/2 651/318/2 649/320/2
f 645/321/3 644/322/3 643/318/3
f 652/322/2 653/321/2 651/318/2
f 647/323/4 646/324/4 645/321/4
f 654/324/2 655/323/2 653/321/2
f 642/319/5 649/320/5 641/320/5
f 647/323/6 656/325/6 648/325/6
f 649/320/7 643/318/7 641/320/7
f 644/322/8 650/319/8 642/319/8
f 651/318/7 645/321/7 643/318/7
f 654/324/8 644/322/8 646/324/8
f 645/321/7 655/323/7 647/323/7
f 656/325/8 646/324/8 648/325/8
f 659/326/1 658/327/1 657/328/1
f 666/327/2 667/326/2 665/328/2
f 661/329/3 660/330/3 659/326/3
f 668/330/2 669/329/2 667/326/2
f 663/331/4 662/332/4 661/329/4
f 670/332/2 671/331/2 669/329/2
f 658/327/5 665/328/5 657/328/5
f 663/331/6 672/333/6 664/333/6
f 665/328/7 659/326/7 657/328/7
f 660/330/8 666/327/8 658/327/8
f 667/326/7 661/329/7 659/326/7
f 670/332/8 660/330/8 662/332/8
f 661/329/7 671/331/7 663/331/7
f 672/333/8 662/332/8 664/333/8
f 675/334/1 674/335/1 673/336/1
f 682/335/2 683/334/2 681/336/2
f 677/337/3 676/338/3 675/334/3
f 684/338/2 685/337/2 683/334/2
f 679/147/4 678/339/4 677/337/4
f 686/339/2 687/147/2 685/337/2
f 674/335/5 681/336/5 673/336/5
f 679/147/6 688/340/6 680/340/6
f 681/336/7 675/334/7 673/336/7
f 676/338/8 682/335/8 674/335/8
f 683/334/7 677/337/7 675/334/7
f 686/339/8 676/338/8 678/339/8
f 677/337/7 687/147/7 679/147/7
f 688/340/8 678/339/8 680/340/8
f 691/341/1 690/342/1 689/343/1
f 698/342/2 699/341/2 697/343/2
f 693/344/3 692/345/3 691/341/3
f 700/345/2 701/344/2 699/341/2
f 695/346/4 694/347/4 693/344/4
f 702/347/2 703/346/2 701/344/2
f 690/342/5 697/343/5 689/343/5
f 695/346/6 704/348/6 696/348/6
f 697/343/7 691/341/7 689/343/7
f 692/345/8 698/342/8 690/342/8
f 699/341/7 693/344/7 691/341/7
f 702/347/8 692/345/8 694/347/8
f 693/344/7 703/346/7 695/346/7
f 704/348/8 694/347/8 696/348/8
f 707/349/1 706/350/1 705/351/1
f 714/350/2 715/349/2 713/351/2
f 709/352/3 708/353/3 707/349/3
f 716/353/2 717/352/2 715/349/2
f 711/354/4 710/355/4 709/352/4
f 718/355/2 719/354/2 717/352/2
f 706/350/5 713/351/5 705/351/5
f 711/354/6 720/162/6 712/162/6
f 713/351/7 707/349/7 705/351/7
f 708/353/8 714/350/8 706/350/8
f 715/349/7 709/352/7 707/349/7
f 718/355/8 708/353/8 710/355/8
f 709/352/7 719/354/7 711/354/7
f 720/162/8 710/355/8 712/162/8
f 723/356/1 722/357/1 721/358/1
f 730/357/2 731/356/2 729/358/2
f 725/359/3 724/360/3 723/356/3
f 732/360/2 733/359/2 731/356/2
f 727/361/4 726/362/4 725/359/4
f 734/362/2 735/361/2 733/359/2
f 722/357/5 729/358/5 721/358/5
f 727/361/6 736/363/6 728/363/6
f 729/358/7 723/356/7 721/358/7
f 724/360/8 730/357/8 722/357/8
f 731/356/7 725/359/7 723/356/7
f 734/362/8 724/360/8 726/362/8
f 725/359/7 735/361/7 727/361/7
f 736/363/8 726/362/8 728/363/8
f 739/364/1 738/365/1 737/366/1
f 746/365/2 747/364/2 745/366/2
f 741/367/3 740/368/3 739/364/3
f 748/368/2 749/367/2 747/364/2
f 743/369/4 742/370/4 741/367/4
f 750/370/2 751/369/2 749/367/2
f 738/365/5 745/366/5 737/366/5
f 743/369/6 752/371/6 744/371/6
f 745/366/7 739/364/7 737/366/7
f 740/368/8 746/365/8 738/365/8
f 747/364/7 741/367/7 739/364/7
f 750/370/8 740/368/8 742/370/8
f 741/367/7 751/369/7 743/369/7
f 752/371/8 742/370/8 744/371/8
f 755/372/1 754/373/1 753/374/1
f 762/373/2 763/372/2 761/374/2
f 757/375/3 756/376/3 755/372/3
f 764/376/2 765/375/2 763/372/2
f 759/377/4 758/378/4 757/375/4
f 766/378/2 767/377/2 765/375/2
f 754/373/5 761/374/5 753/374/5
f 759/377/6 768/379/6 760/379/6
f 761/374/7 755/372/7 753/374/7
f 756/376/8 762/373/8 754/373/8
f 763/372/7 757/375/7 755/372/7
f 766/378/8 756/376/8 758/378/8
f 757/375/7 767/377/7 759/377/7
f 768/379/8 758/378/8 760/379/8
f 771/380/1 770/381/1 769/382/1
f 778/381/2 779/380/2 777/382/2
f 773/383/3 772/384/3 771/380/3
f 780/384/2 781/383/2 779/380/2
f 775/312/4 774/385/4 773/383/4
f 782/385/2 783/312/2 781/383/2
f 770/381/5 777/382/5 769/382/5
f 775/312/6 784/386/6 776/386/6
f 777/382/7 771/380/7 769/382/7
f 772/384/8 778/381/8 770/381/8
f 779/380/7 773/383/7 771/380/7
f 782/385/8 772/384/8 774/385/8
f 773/383/7 783/312/7 775/312/7
f 784/386/8 774/385/8 776/386/8
f 787/387/1 786/388/1 785/389/1
f 794/388/2 795/387/2 793/389/2
f 789/390/3 788/391/3 787/387/3
f 796/391/2 797/390/2 795/387/2
f 791/392/4 790/393/4 789/390/4
f 798/393/2 799/392/2 797/390/2
f 786/388/5 793/389/5 785/389/5
f 791/392/6 800/394/6 792/394/6
f 793/389/7 787/387/7 785/389/7
f 788/391/8 794/388/8 786/388/8
f 795/387/7 789/390/7 787/387/7
f 798/393/8 788/391/8 790/393/8
f 789/390/7 799/392/7 791/392/7
f 800/394/8 790/393/8 792/394/8
f 803/395/1 802/396/1 801/397/1
f 810/396/2 811/395/2 809/397/2
f 805/398/3 804/399/3 803/395/3
f 812/399/2 813/398/2 811/395/2
f 807/400/4 806/401/4 805/398/4
f 814/401/2 815/400/2 813/398/2
f 802/396/5 809/397/5 801/397/5
f 807/400/6 816/402/6 808/402/6
f 809/397/7 803/395/7 801/397/7
f 804/399/8 810/396/8 802/396/8
f 811/395/7 805/398/7 803/395/7
f 814/401/8 804/399/8 806/401/8
f 805/398/7 815/400/7 807/400/7
f 816/402/8 806/401/8 808/402/8
f 819/403/1 818/404/1 817/405/1
f 826/404/2 827/403/2 825/405/2
f 821/406/3 820/407/3 819/403/3
f 828/407/2 829/406/2 827/403/2
f 823/408/4 822/409/4 821/406/4
f 830/409/2 831/408/2 829/406/2
f 818/404/5 825/405/5 817/405/5
f 823/408/6 832/327/6 824/327/6
f 825/405/7 819/403/7 817/405/7
f 820/407/8 826/404/8 818/404/8
f 827/403/7 821/406/7 819/403/7
f 830/409/8 820/407/8 822/409/8
f 821/406/7 831/408/7 823/408/7
f 832/327/8 822/409/8 824/327/8
f 835/410/1 834/411/1 833/412/1
f 842/411/2 843/410/2 841/412/2
f 837/413/3 836/414/3 835/410/3
f 844/414/2 845/413/2 843/410/2
f 839/315/4 838/415/4 837/413/4
f 846/415/2 847/315/2 845/413/2
f 834/411/5 841/412/5 833/412/5
f 839/315/6 848/416/6 840/416/6
f 841/412/7 835/410/7 833/412/7
f 836/414/8 842/411/8 834/411/8
f 843/410/7 837/413/7 835/410/7
f 846/415/8 836/414/8 838/415/8
f 837/413/7 847/315/7 839/315/7
f 848/416/8 838/415/8 840/416/8
f 851/417/1 850/418/1 849/419/1
f 858/418/2 859/417/2 857/419/2
f 853/420/3 852/421/3 851/417/3
f 860/421/2 861/420/2 859/417/2
f 855/422/4 854/423/4 853/420/4
f 862/423/2 863/422/2 861/420/2
f 850/418/5 857/419/5 849/419/5
f 855/422/6 864/424/6 856/424/6
f 857/419/7 851/417/7 849/419/7
f 852/421/8 858/418/8 850/418/8
f 859/417/7 853/420/7 851/417/7
f 862/423/8 852/421/8 854/423/8
f 853/420/7 863/422/7 855/422/7
f 864/424/8 854/423/8 856/424/8
f 867/425/1 866/426/1 865/427/1
f 874/426/2 875/425/2 873/427/2
f 869/428/3 868/429/3 867/425/3
f 876/429/2 877/428/2 875/425/2
f 871/430/4 870/431/4 869/428/4
f 878/431/2 879/430/2 877/428/2
f 866/426/5 873/427/5 865/427/5
f 871/430/6 880/333/6 872/333/6
f 873/427/7 867/425/7 865/427/7
f 868/429/8 874/426/8 866/426/8
f 875/425/7 869/428/7 867/425/7
f 878/431/8 868/429/8 870/431/8
f 869/428/7 879/430/7 871/430/7
f 880/333/8 870/431/8 872/333/8
f 883/432/1 882/433/1 881/434/1
f 890/433/2 891/432/2 889/434/2
f 885/435/3 884/436/3 883/432/3
f 892/436/2 893/435/2 891/432/2
f 887/437/4 886/438/4 885/435/4
f 894/438/2 895/437/2 893/435/2
f 882/433/5 889/434/5 881/434/5
f 887/437/6 896/439/6 888/439/6
f 889/434/7 883/432/7 881/434/7
f 884/436/8 890/433/8 882/433/8
f 891/432/7 885/435/7 883/432/7
f 894/438/8 884/436/8 886/438/8
f 885/435/7 895/437/7 887/437/7
f 896/439/8 886/438/8 888/439/8
f 899/440/1 898/441/1 897/442/1
f 906/441/2 907/440/2 905/442/2
f 901/443/3 900/444/3 899/440/3
f 908/444/2 909/443/2 907/440/2
f 903/445/4 902/446/4 901/443/4
f 910/446/2 911/445/2 909/443/2
f 898/441/5 905/442/5 897/442/5
f 903/445/6 912/447/6 904/447/6
f 905/442/7 899/440/7 897/442/7
f 900/444/8 906/441/8 898/441/8
f 907/440/7 901/443/7 899/440/7
f 910/446/8 900/444/8 902/446/8
f 901/443/7 911/445/7 903/445/7
f 912/447/8 902/446/8 904/447/8
f 915/448/1 914/449/1 913/110/1
f 922/449/2 923/448/2 921/110/2
f 917/450/3 916/451/3 915/448/3
f 924/451/2 925/450/2 923/448/2
f 919/452/4 918/453/4 917/450/4
f 926/453/2 927/452/2 925/450/2
f 914/449/5 921/110/5 913/110/5
f 919/452/6 928/454/6 920/454/6
f 921/110/7 915/448/7 913/110/7
f 916/451/8 922/449/8 914/449/8
f 923/448/7 917/450/7 915/448/7
f 926/453/8 916/451/8 918/453/8
f 917/450/7 927/452/7 919/452/7
f 928/454/8 918/453/8 920/454/8
f 931/455/1 930/456/1 929/457/1
f 938/456/2 939/455/2 937/457/2
f 933/458/3 932/459/3 931/455/3
f 940/459/2 941/458/2 939/455/2
f 935/460/4 934/461/4 933/458/4
f 942/461/2 943/460/2 941/458/2
f 930/456/5 937/457/5 929/457/5
f 935/460/6 944/462/6 936/462/6
f 937/457/7 931/455/7 929/457/7
f 932/459/8 938/456/8 930/456/8
f 939/455/7 933/458/7 931/455/7
f 942/461/8 932/459/8 934/461/8
f 933/458/7 943/460/7 935/460/7
f 944/462/8 934/461/8 936/462/8
f 947/463/1 946/464/1 945/465/1
f 954/464/2 955/463/2 953/465/2
f 949/466/3 948/467/3 947/463/3
f 956/467/2 957/466/2 955/463/2
f 951/468/4 950/469/4 949/466/4
f 958/469/2 959/468/2 957/466/2
f 946/464/5 953/465/5 945/465/5
f 951/468/6 960/470/6 952/470/6
f 953/465/7 947/463/7 945/465/7
f 948/467/8 954/464/8 946/464/8
f 955/463/7 949/466/7 947/463/7
f 958/469/8 948/467/8 950/469/8
f 949/466/7 959/468/7 951/468/7
f 960/470/8 950/469/8 952/470/8
f 963/471/1 962/472/1 961/473/1
f 970/472/2 971/471/2 969/473/2
f 965/474/3 964/475/3 963/471/3
f 972/475/2 973/474/2 971/471/2
f 967/476/4 966/477/4 965/474/4
f 974/477/2 975/476/2 973/474/2
f 962/472/5 969/473/5 961/473/5
f 967/476/6 976/478/6 968/478/6
f 969/473/7 963/471/7 961/473/7
f 964/475/8 970/472/8 962/472/8
f 971/471/7 965/474/7 963/471/7
f 974/477/8 964/475/8 966/477/8
f 965/474/7 975/476/7 967/476/7
f 976/478/8 966/477/8 968/478/8
f 979/479/1 978/144/1 977/480/1
f 986/144/2 987/479/2 985/480/2
f 981/481/3 980/482/3 979/479/3
f 988/482/2 989/481/2 987/479/2
f 983/483/4 982/484/4 981/481/4
f 990/484/2 991/483/2 989/481/2
f 978/144/5 985/480/5 977/480/5
f 983/483/6 992/485/6 984/485/6
f 985/480/7 979/479/7 977/480/7
f 980/482/8 986/144/8 978/144/8
f 987/479/7 981/481/7 979/479/7
f 990/484/8 980/482/8 982/484/8
f 981/481/7 991/483/7 983/483/7
f 992/485/8 982/484/8 984/485/8
f 995/486/1 994/487/1 993/488/1
f 1002/487/2 1003/486/2 1001/488/2
f 997/489/3 996/490/3 995/486/3
f 1004/490/2 1005/489/2 1003/486/2
f 999/412/4 998/491/4 997/489/4
f 1006/491/2 1007/412/2 1005/489/2
f 994/487/5 1001/488/5 993/488/5
f 999/412/6 1008/492/6 1000/492/6
f 1001/488/7 995/486/7 993/488/7
f 996/490/8 1002/487/8 994/487/8
f 1003/486/7 997/489/7 995/486/7
f 1006/491/8 996/490/8 998/491/8
f 997/489/7 1007/412/7 999/412/7
f 1008/492/8 998/491/8 1000/492/8
f 1011/493/1 1010/494/1 1009/495/1
f 1018/494/2 1019/493/2 1017/495/2
f 1013/496/3 1012/497/3 1011/493/3
f 1020/497/2 1021/496/2 1019/493/2
f 1015/498/4 1014/499/4 1013/496/4
f 1022/499/2 1023/498/2 1021/496/2
f 1010/494/5 1017/495/5 1009/495/5
f 1015/498/6 1024/500/6 1016/500/6
f 1017/495/7 1011/493/7 1009/495/7
f 1012/497/8 1018/494/8 1010/494/8
f 1019/493/7 1013/496/7 1011/493/7
f 1022/499/8 1012/497/8 1014/499/8
f 1013/496/7 1023/498/7 1015/498/7
f 1024/500/8 1014/499/8 1016/500/8
f 1027/501/1 1026/502/1 1025/503/1
f 1034/502/2 1035/501/2 1033/503/2
f 1029/504/3 1028/505/3 1027/501/3
f 1036/505/2 1037/504/2 1035/501/2
f 1031/506/4 1030/507/4 1029/504/4
f 1038/507/2 1039/506/2 1037/504/2
f 1026/502/5 1033/503/5 1025/503/5
f 1031/506/6 1040/508/6 1032/508/6
f 1033/503/7 1027/501/7 1025/503/7
f 1028/505/8 1034/502/8 1026/502/8
f 1035/501/7 1029/504/7 1027/501/7
f 1038/507/8 1028/505/8 1030/507/8
f 1029/504/7 1039/506/7 1031/506/7
f 1040/508/8 1030/507/8 1032/508/8
f 1043/509/1 1042/510/1 1041/511/1
f 1050/510/2 1051/509/2 1049/511/2
f 1045/512/3 1044/513/3 1043/509/3
f 1052/513/2 1053/512/2 1051/509/2
f 1047/514/4 1046/515/4 1045/512/4
f 1054/515/2 1055/514/2 1053/512/2
f 1042/510/5 1049/511/5 1041/511/5
f 1047/514/6 1056/426/6 1048/426/6
f 1049/511/7 1043/509/7 1041/511/7
f 1044/513/8 1050/510/8 1042/510/8
f 1051/509/7 1045/512/7 1043/509/7
f 1054/515/8 1044/513/8 1046/515/8
f 1045/512/7 1055/514/7 1047/514/7
f 1056/426/8 1046/515/8 1048/426/8
f 1059/516/1 1058/517/1 1057/518/1
f 1066/517/2 1067/516/2 1065/518/2
f 1061/519/3 1060/520/3 1059/516/3
f 1068/520/2 1069/519/2 1067/516/2
f 1063/521/4 1062/522/4 1061/519/4
f 1070/522/2 1071/521/2 1069/519/2
f 1058/517/5 1065/518/5 1057/518/5
f 1063/521/6 1072/523/6 1064/523/6
f 1065/518/7 1059/516/7 1057/518/7
f 1060/520/8 1066/517/8 1058/517/8
f 1067/516/7 1061/519/7 1059/516/7
f 1070/522/8 1060/520/8 1062/522/8
f 1061/519/7 1071/521/7 1063/521/7
f 1072/523/8 1062/522/8 1064/523/8
f 1075/524/1 1074/525/1 1073/526/1
f 1082/525/2 1083/524/2 1081/526/2
f 1077/527/3 1076/528/3 1075/524/3
f 1084/528/2 1085/527/2 1083/524/2
f 1079/529/4 1078/530/4 1077/527/4
f 1086/530/2 1087/529/2 1085/527/2
f 1074/525/5 1081/526/5 1073/526/5
f 1079/529/6 1088/531/6 1080/531/6
f 1081/526/7 1075/524/7 1073/526/7
f 1076/528/8 1082/525/8 1074/525/8
f 1083/524/7 1077/527/7 1075/524/7
f 1086/530/8 1076/528/8 1078/530/8
f 1077/527/7 1087/529/7 1079/529/7
f 1088/531/8 1078/530/8 1080/531/8
f 1091/532/1 1090/533/1 1089/534/1
f 1098/533/2 1099/532/2 1097/534/2
f 1093/535/3 1092/536/3 1091/532/3
f 1100/536/2 1101/535/2 1099/532/2
f 1095/537/4 1094/538/4 1093/535/4
f 1102/538/2 1103/537/2 1101/535/2
f 1090/533/5 1097/534/5 1089/534/5
f 1095/537/6 1104/539/6 1096/539/6
f 1097/534/7 1091/532/7 1089/534/7
f 1092/536/8 1098/533/8 1090/533/8
f 1099/532/7 1093/535/7 1091/532/7
f 1102/538/8 1092/536/8 1094/538/8
f 1093/535/7 1103/537/7 1095/537/7
f 1104/539/8 1094/538/8 1096/539/8
f 1107/540/1 1106/541/1 1105/542/1
f 1114/541/2 1115/540/2 1113/542/2
f 1109/543/3 1108/544/3 1107/540/3
f 1116/544/2 1117/543/2 1115/540/2
f 1111/545/4 1110/546/4 1109/543/4
f 1118/546/2 1119/545/2 1117/543/2
f 1106/541/5 1113/542/5 1105/542/5
f 1111/545/6 1120/547/6 1112/547/6
f 1113/542/7 1107/540/7 1105/542/7
f 1108/544/8 1114/541/8 1106/541/8
f 1115/540/7 1109/543/7 1107/540/7
f 1118/546/8 1108/544/8 1110/546/8
f 1109/543/7 1119/545/7 1111/545/7
f 1120/547/8 1110/546/8 1112/547/8
f 1123/548/1 1122/549/1 1121/550/1
f 1130/549/2 1131/548/2 1129/550/2
f 1125/551/3 1124/552/3 1123/548/3
f 1132/552/2 1133/551/2 1131/548/2
f 1127/6/4 1126/553/4 1125/551/4
f 1134/553/2 1135/6/2 1133/551/2
f 1122/549/5 1129/550/5 1121/550/5
f 1127/6/6 1136/554/6 1128/554/6
f 1129/550/7 1123/548/7 1121/550/7
f 1124/552/8 1130/549/8 1122/549/8
f 1131/548/7 1125/551/7 1123/548/7
f 1134/553/8 1124/552/8 1126/553/8
f 1125/551/7 1135/6/7 1127/6/7
f 1136/554/8 1126/553/8 1128/554/8
f 1139/555/1 1138/556/1 1137/557/1
f 1146/556/2 1147/555/2 1145/557/2
f 1141/558/3 1140/559/3 1139/555/3
f 1148/559/2 1149/558/2 1147/555/2
f 1143/560/4 1142/561/4 1141/558/4
f 1150/561/2 1151/560/2 1149/558/2
f 1138/556/5 1145/557/5 1137/557/5
f 1143/560/6 1152/562/6 1144/562/6
f 1145/557/7 1139/555/7 1137/557/7
f 1140/559/8 1146/556/8 1138/556/8
f 1147/555/7 1141/558/7 1139/555/7
f 1150/561/8 1140/559/8 1142/561/8
f 1141/558/7 1151/560/7 1143/560/7
f 1152/562/8 1142/561/8 1144/562/8
f 1155/563/1 1154/564/1 1153/565/1
f 1162/564/2 1163/563/2 1161/565/2
f 1157/566/3 1156/567/3 1155/563/3
f 1164/567/2 1165/566/2 1163/563/2
f 1159/568/4 1158/569/4 1157/566/4
f 1166/569/2 1167/568/2 1165/566/2
f 1154/564/5 1161/565/5 1153/565/5
f 1159/568/6 1168/570/6 1160/570/6
f 1161/565/7 1155/563/7 1153/565/7
f 1156/567/8 1162/564/8 1154/564/8
f 1163/563/7 1157/566/7 1155/563/7
f 1166/569/8 1156/567/8 1158/569/8
f 1157/566/7 1167/568/7 1159/568/7
f 1168/570/8 1158/569/8 1160/570/8
f 1171/571/1 1170/572/1 1169/573/1
f 1178/572/2 1179/571/2 1177/573/2
f 1173/574/3 1172/575/3 1171/571/3
f 1180/575/2 1181/574/2 1179/571/2
f 1175/576/4 1174/577/4 1173/574/4
f 1182/577/2 1183/576/2 1181/574/2
f 1170/572/5 1177/573/5 1169/573/5
f 1175/576/6 1184/32/6 1176/32/6
f 1177/573/7 1171/571/7 1169/573/7
f 1172/575/8 1178/572/8 1170/572/8
f 1179/571/7 1173/574/7 1171/571/7
f 1182/577/8 1172/575/8 1174/577/8
f 1173/574/7 1183/576/7 1175/576/7
f 1184/32/8 1174/577/8 1176/32/8
f 1187/578/1 1186/579/1 1185/580/1
f 1194/579/2 1195/578/2 1193/580/2
f 1189/581/3 1188/582/3 1187/578/3
f 1196/582/2 1197/581/2 1195/578/2
f 1191/583/4 1190/584/4 1189/581/4
f 1198/584/2 1199/583/2 1197/581/2
f 1186/579/5 1193/580/5 1185/580/5
f 1191/583/6 1200/585/6 1192/585/6
f 1193/580/7 1187/578/7 1185/580/7
f 1188/582/8 1194/579/8 1186/579/8
f 1195/578/7 1189/581/7 1187/578/7
f 1198/584/8 1188/582/8 1190/584/8
f 1189/581/7 1199/583/7 1191/583/7
f 1200/585/8 1190/584/8 1192/585/8
f 1203/586/1 1202/587/1 1201/588/1
f 1210/587/2 1211/586/2 1209/588/2
f 1205/589/3 1204/590/3 1203/586/3
f 1212/590/2 1213/589/2 1211/586/2
f 1207/591/4 1206/592/4 1205/589/4
f 1214/592/2 1215/591/2 1213/589/2
f 1202/587/5 1209/588/5 1201/588/5
f 1207/591/6 1216/593/6 1208/593/6
f 1209/588/7 1203/586/7 1201/588/7
f 1204/590/8 1210/587/8 1202/587/8
f 1211/586/7 1205/589/7 1203/586/7
f 1214/592/8 1204/590/8 1206/592/8
f 1205/589/7 1215/591/7 1207/591/7
f 1216/593/8 1206/592/8 1208/593/8
f 1219/594/1 1218/595/1 1217/596/1
f 1226/595/2 1227/594/2 1225/596/2
f 1221/597/3 1220/598/3 1219/594/3
f 1228/598/2 1229/597/2 1227/594/2
f 1223/599/4 1222/600/4 1221/597/4
f 1230/600/2 1231/599/2 1229/597/2
f 1218/595/5 1225/596/5 1217/596/5
f 1223/599/6 1232/601/6 1224/601/6
f 1225/596/7 1219/594/7 1217/596/7
f 1220/598/8 1226/595/8 1218/595/8
f 1227/594/7 1221/597/7 1219/594/7
f 1230/600/8 1220/598/8 1222/600/8
f 1221/597/7 1231/599/7 1223/599/7
f 1232/601/8 1222/600/8 1224/601/8
f 1235/602/1 1234/603/1 1233/604/1
f 1242/603/2 1243/602/2 1241/604/2
f 1237/605/3 1236/606/3 1235/602/3
f 1244/606/2 1245/605/2 1243/602/2
f 1239/607/4 1238/608/4 1237/605/4
f 1246/608/2 1247/607/2 1245/605/2
f 1234/603/5 1241/604/5 1233/604/5
f 1239/607/6 1248/609/6 1240/609/6
f 1241/604/7 1235/602/7 1233/604/7
f 1236/606/8 1242/603/8 1234/603/8
f 1243/602/7 1237/605/7 1235/602/7
f 1246/608/8 1236/606/8 1238/608/8
f 1237/605/7 1247/607/7 1239/607/7
f 1248/609/8 1238/608/8 1240/609/8
f 1251/610/1 1250/611/1 1249/612/1
f 1258/611/2 1259/610/2 1257/612/2
f 1253/613/3 1252/614/3 1251/610/3
f 1260/614/2 1261/613/2 1259/610/2
f 1255/518/4 1254/615/4 1253/613/4
f 1262/615/2 1263/518/2 1261/613/2
f 1250/611/5 1257/612/5 1249/612/5
f 1255/518/6 1264/616/6 1256/616/6
f 1257/612/7 1251/610/7 1249/612/7
f 1252/614/8 1258/611/8 1250/611/8
f 1259/610/7 1253/613/7 1251/610/7
f 1262/615/8 1252/614/8 1254/615/8
f 1253/613/7 1263/518/7 1255/518/7
f 1264/616/8 1254/615/8 1256/616/8
f 1267/617/1 1266/618/1 1265/619/1
f 1274/618/2 1275/617/2 1273/619/2
f 1269/620/3 1268/621/3 1267/617/3
f 1276/621/2 1277/620/2 1275/617/2
f 1271/622/4 1270/623/4 1269/620/4
f 1278/623/2 1279/622/2 1277/620/2
f 1266/618/5 1273/619/5 1265/619/5
f 1271/622/6 1280/624/6 1272/624/6
f 1273/619/7 1267/617/7 1265/619/7
f 1268/621/8 1274/618/8 1266/618/8
f 1275/617/7 1269/620/7 1267/617/7
f 1278/623/8 1268/621/8 1270/623/8
f 1269/620/7 1279/622/7 1271/622/7
f 1280/624/8 1270/623/8 1272/624/8
f 1283/625/1 1282/626/1 1281/627/1
f 1290/626/2 1291/625/2 1289/627/2
f 1285/628/3 1284/629/3 1283/625/3
f 1292/629/2 1293/628/2 1291/625/2
f 1287/630/4 1286/631/4 1285/628/4
f 1294/631/2 1295/630/2 1293/628/2
f 1282/626/5 1289/627/5 1281/627/5
f 1287/630/6 1296/632/6 1288/632/6
f 1289/627/7 1283/625/7 1281/627/7
f 1284/629/8 1290/626/8 1282/626/8
f 1291/625/7 1285/628/7 1283/625/7
f 1294/631/8 1284/629/8 1286/631/8
f 1285/628/7 1295/630/7 1287/630/7
f 1296/632/8 1286/631/8 1288/632/8
f 1299/633/1 1298/634/1 1297/635/1
f 1306/634/2 1307/633/2 1305/635/2
f 1301/636/3 1300/637/3 1299/633/3
f 1308/637/2 1309/636/2 1307/633/2
f 1303/638/4 1302/639/4 1301/636/4
f 1310/639/2 1311/638/2 1309/636/2
f 1298/634/5 1305/635/5 1297/635/5
f 1303/638/6 1312/640/6 1304/640/6
f 1305/635/7 1299/633/7 1297/635/7
f 1300/637/8 1306/634/8 1298/634/8
f 1307/633/7 1301/636/7 1299/633/7
f 1310/639/8 1300/637/8 1302/639/8
f 1301/636/7 1311/638/7 1303/638/7
f 1312/640/8 1302/639/8 1304/640/8
f 1315/641/1 1314/642/1 1313/643/1
f 1322/642/2 1323/641/2 1321/643/2
f 1317/644/3 1316/645/3 1315/641/3
f 1324/645/2 1325/644/2 1323/641/2
f 1319/646/4 1318/647/4 1317/644/4
f 1326/647/2 1327/646/2 1325/644/2
f 1314/642/5 1321/643/5 1313/643/5
f 1319/646/6 1328/541/6 1320/541/6
f 1321/643/7 1315/641/7 1313/643/7
f 1316/645/8 1322/642/8 1314/642/8
f 1323/641/7 1317/644/7 1315/641/7
f 1326/647/8 1316/645/8 1318/647/8
f 1317/644/7 1327/646/7 1319/646/7
f 1328/541/8 1318/647/8 1320/541/8
f 1331/81/1 1330/648/1 1329/83/1
f 1338/648/2 1339/81/2 1337/83/2
f 1333/84/3 1332/649/3 1331/81/3
f 1340/649/2 1341/84/2 1339/81/2
f 1335/86/4 1334/650/4 1333/84/4
f 1342/650/2 1343/86/2 1341/84/2
f 1330/648/5 1337/83/5 1329/83/5
f 1335/86/6 1344/651/6 1336/651/6
f 1337/83/7 1331/81/7 1329/83/7
f 1332/649/8 1338/648/8 1330/648/8
f 1339/81/7 1333/84/7 1331/81/7
f 1342/650/8 1332/649/8 1334/650/8
f 1333/84/7 1343/86/7 1335/86/7
f 1344/651/8 1334/650/8 1336/651/8
f 1347/652/1 1346/653/1 1345/654/1
f 1354/653/2 1355/652/2 1353/654/2
f 1349/655/3 1348/656/3 1347/652/3
f 1356/656/2 1357/655/2 1355/652/2
f 1351/657/4 1350/658/4 1349/655/4
f 1358/658/2 1359/657/2 1357/655/2
f 1346/653/5 1353/654/5 1345/654/5
f 1351/657/6 1360/659/6 1352/659/6
f 1353/654/7 1347/652/7 1345/654/7
f 1348/656/8 1354/653/8 1346/653/8
f 1355/652/7 1349/655/7 1347/652/7
f 1358/658/8 1348/656/8 1350/658/8
f 1349/655/7 1359/657/7 1351/657/7
f 1360/659/8 1350/658/8 1352/659/8
f 1363/660/1 1362/661/1 1361/662/1
f 1370/661/2 1371/660/2 1369/662/2
f 1365/663/3 1364/664/3 1363/660/3
f 1372/664/2 1373/663/2 1371/660/2
f 1367/665/4 1366/666/4 1365/663/4
f 1374/666/2 1375/665/2 1373/663/2
f 1362/661/5 1369/662/5 1361/662/5
f 1367/665/6 1376/667/6 1368/667/6
f 1369/662/7 1363/660/7 1361/662/7
f 1364/664/8 1370/661/8 1362/661/8
f 1371/660/7 1365/663/7 1363/660/7
f 1374/666/8 1364/664/8 1366/666/8
f 1365/663/7 1375/665/7 1367/665/7
f 1376/667/8 1366/666/8 1368/667/8
f 1379/668/1 1378/98/1 1377/669/1
f 1386/98/2 1387/668/2 1385/669/2
f 1381/670/3 1380/101/3 1379/668/3
f 1388/101/2 1389/670/2 1387/668/2
f 1383/671/4 1382/103/4 1381/670/4
f 1390/103/2 1391/671/2 1389/670/2
f 1378/98/5 1385/669/5 1377/669/5
f 1383/671/6 1392/104/6 1384/104/6
f 1385/669/7 1379/668/7 1377/669/7
f 1380/101/8 1386/98/8 1378/98/8
f 1387/668/7 1381/670/7 1379/668/7
f 1390/103/8 1380/101/8 1382/103/8
f 1381/670/7 1391/671/7 1383/671/7
f 1392/104/8 1382/103/8 1384/104/8
f 1395/672/1 1394/673/1 1393/674/1
f 1402/673/2 1403/672/2 1401/674/2
f 1397/675/3 1396/676/3 1395/672/3
f 1404/676/2 1405/675/2 1403/672/2
f 1399/677/4 1398/678/4 1397/675/4
f 1406/678/2 1407/677/2 1405/675/2
f 1394/673/5 1401/674/5 1393/674/5
f 1399/677/6 1408/679/6 1400/679/6
f 1401/674/7 1395/672/7 1393/674/7
f 1396/676/8 1402/673/8 1394/673/8
f 1403/672/7 1397/675/7 1395/672/7
f 1406/678/8 1396/676/8 1398/678/8
f 1397/675/7 1407/677/7 1399/677/7
f 1408/679/8 1398/678/8 1400/679/8
f 1411/680/1 1410/681/1 1409/682/1
f 1418/681/2 1419/680/2 1417/682/2
f 1413/683/3 1412/684/3 1411/680/3
f 1420/684/2 1421/683/2 1419/680/2
f 1415/685/4 1414/686/4 1413/683/4
f 1422/686/2 1423/685/2 1421/683/2
f 1410/681/5 1417/682/5 1409/682/5
f 1415/685/6 1424/687/6 1416/687/6
f 1417/682/7 1411/680/7 1409/682/7
f 1412/684/8 1418/681/8 1410/681/8
f 1419/680/7 1413/683/7 1411/680/7
f 1422/686/8 1412/684/8 1414/686/8
f 1413/683/7 1423/685/7 1415/685/7
f 1424/687/8 1414/686/8 1416/687/8
f 1427/688/1 1426/689/1 1425/690/1
f 1434/689/2 1435/688/2 1433/690/2
f 1429/691/3 1428/692/3 1427/688/3
f 1436/692/2 1437/691/2 1435/688/2
f 1431/693/4 1430/694/4 1429/691/4
f 1438/694/2 1439/693/2 1437/691/2
f 1426/689/5 1433/690/5 1425/690/5
f 1431/693/6 1440/695/6 1432/695/6
f 1433/690/7 1427/688/7 1425/690/7
f 1428/692/8 1434/689/8 1426/689/8
f 1435/688/7 1429/691/7 1427/688/7
f 1438/694/8 1428/692/8 1430/694/8
f 1429/691/7 1439/693/7 1431/693/7
f 1440/695/8 1430/694/8 1432/695/8
f 1443/696/1 1442/697/1 1441/698/1
f 1450/697/2 1451/696/2 1449/698/2
f 1445/699/3 1444/700/3 1443/696/3
f 1452/700/2 1453/699/2 1451/696/2
f 1447/701/4 1446/702/4 1445/699/4
f 1454/702/2 1455/701/2 1453/699/2
f 1442/697/5 1449/698/5 1441/698/5
f 1447/701/6 1456/703/6 1448/703/6
f 1449/698/7 1443/696/7 1441/698/7
f 1444/700/8 1450/697/8 1442/697/8
f 1451/696/7 1445/699/7 1443/696/7
f 1454/702/8 1444/700/8 1446/702/8
f 1445/699/7 1455/701/7 1447/701/7
f 1456/703/8 1446/702/8 1448/703/8
f 1459/704/1 1458/705/1 1457/706/1
f 1466/705/2 1467/704/2 1465/706/2
f 1461/707/3 1460/708/3 1459/704/3
f 1468/708/2 1469/707/2 1467/704/2
f 1463/709/4 1462/710/4 1461/707/4
f 1470/710/2 1471/709/2 1469/707/2
f 1458/705/5 1465/706/5 1457/706/5
f 1463/709/6 1472/711/6 1464/711/6
f 1465/706/7 1459/704/7 1457/706/7
f 1460/708/8 1466/705/8 1458/705/8
f 1467/704/7 1461/707/7 1459/704/7
f 1470/710/8 1460/708/8 1462/710/8
f 1461/707/7 1471/709/7 1463/709/7
f 1472/711/8 1462/710/8 1464/711/8
f 1475/712/1 1474/713/1 1473/714/1
f 1482/713/2 1483/712/2 1481/714/2
f 1477/715/3 1476/716/3 1475/712/3
f 1484/716/2 1485/715/2 1483/712/2
f 1479/717/4 1478/718/4 1477/715/4
f 1486/718/2 1487/717/2 1485/715/2
f 1474/713/5 1481/714/5 1473/714/5
f 1479/717/6 1488/719/6 1480/719/6
f 1481/714/7 1475/712/7 1473/714/7
f 1476/716/8 1482/713/8 1474/713/8
f 1483/712/7 1477/715/7 1475/712/7
f 1486/718/8 1476/716/8 1478/718/8
f 1477/715/7 1487/717/7 1479/717/7
f 1488/719/8 1478/718/8 1480/719/8
f 1491/720/1 1490/721/1 1489/722/1
f 1498/721/2 1499/720/2 1497/722/2
f 1493/723/3 1492/724/3 1491/720/3
f 1500/724/2 1501/723/2 1499/720/2
f 1495/725/4 1494/726/4 1493/723/4
f 1502/726/2 1503/725/2 1501/723/2
f 1490/721/5 1497/722/5 1489/722/5
f 1495/725/6 1504/727/6 1496/727/6
f 1497/722/7 1491/720/7 1489/722/7
f 1492/724/8 1498/721/8 1490/721/8
f 1499/720/7 1493/723/7 1491/720/7
f 1502/726/8 1492/724/8 1494/726/8
f 1493/723/7 1503/725/7 1495/725/7
f 1504/727/8 1494/726/8 1496/727/8
f 1507/486/1 1506/728/1 1505/583/1
f 1514/728/2 1515/486/2 1513/583/2
f 1509/383/3 1508/729/3 1507/486/3
f 1516/729/2 1517/383/2 1515/486/2
f 1511/312/4 1510/730/4 1509/383/4
f 1518/730/2 1519/312/2 1517/383/2
f 1506/728/5 1513/583/5 1505/583/5
f 1511/312/6 1520/731/6 1512/731/6
f 1513/583/7 1507/486/7 1505/583/7
f 1508/729/8 1514/728/8 1506/728/8
f 1515/486/7 1509/383/7 1507/486/7
f 1518/730/8 1508/729/8 1510/730/8
f 1509/383/7 1519/312/7 1511/312/7
f 1520/731/8 1510/730/8 1512/731/8
f 1523/732/1 1522/733/1 1521/734/1
f 1530/733/2 1531/732/2 1529/734/2
f 1525/735/3 1524/736/3 1523/732/3
f 1532/736/2 1533/735/2 1531/732/2
f 1527/737/4 1526/738/4 1525/735/4
f 1534/738/2 1535/737/2 1533/735/2
f 1522/733/5 1529/734/5 1521/734/5
f 1527/737/6 1536/739/6 1528/739/6
f 1529/734/7 1523/732/7 1521/734/7
f 1524/736/8 1530/733/8 1522/733/8
f 1531/732/7 1525/735/7 1523/732/7
f 1534/738/8 1524/736/8 1526/738/8
f 1525/735/7 1535/737/7 1527/737/7
f 1536/739/8 1526/738/8 1528/739/8
f 1539/740/1 1538/609/1 1537/741/1
f 1546/609/2 1547/740/2 1545/741/2
f 1541/742/3 1540/513/3 1539/740/3
f 1548/513/2 1549/742/2 1547/740/2
f 1543/743/4 1542/409/4 1541/742/4
f 1550/409/2 1551/743/2 1549/742/2
f 1538/609/5 1545/741/5 1537/741/5
f 1543/743/6 1552/327/6 1544/327/6
f 1545/741/7 1539/740/7 1537/741/7
f 1540/513/8 1546/609/8 1538/609/8
f 1547/740/7 1541/742/7 1539/740/7
f 1550/409/8 1540/513/8 1542/409/8
f 1541/742/7 1551/743/7 1543/743/7
f 1552/327/8 1542/409/8 1544/327/8
f 1555/191/1 1554/744/1 1553/193/1
f 1562/744/2 1563/191/2 1561/193/2
f 1557/194/3 1556/745/3 1555/191/3
f 1564/745/2 1565/194/2 1563/191/2
f 1559/196/4 1558/746/4 1557/194/4
f 1566/746/2 1567/196/2 1565/194/2
f 1554/744/5 1561/193/5 1553/193/5
f 1559/196/6 1568/747/6 1560/747/6
f 1561/193/7 1555/191/7 1553/193/7
f 1556/745/8 1562/744/8 1554/744/8
f 1563/191/7 1557/194/7 1555/191/7
f 1566/746/8 1556/745/8 1558/746/8
f 1557/194/7 1567/196/7 1559/196/7
f 1568/747/8 1558/746/8 1560/747/8
f 1571/748/1 1570/749/1 1569/750/1
f 1578/749/2 1579/748/2 1577/750/2
f 1573/751/3 1572/752/3 1571/748/3
f 1580/752/2 1581/751/2 1579/748/2
f 1575/753/4 1574/754/4 1573/751/4
f 1582/754/2 1583/753/2 1581/751/2
f 1570/749/5 1577/750/5 1569/750/5
f 1575/753/6 1584/755/6 1576/755/6
f 1577/750/7 1571/748/7 1569/750/7
f 1572/752/8 1578/749/8 1570/749/8
f 1579/748/7 1573/751/7 1571/748/7
f 1582/754/8 1572/752/8 1574/754/8
f 1573/751/7 1583/753/7 1575/753/7
f 1584/755/8 1574/754/8 1576/755/8
f 1587/756/1 1586/208/1 1585/757/1
f 1594/208/2 1595/756/2 1593/757/2
f 1589/758/3 1588/211/3 1587/756/3
f 1596/211/2 1597/758/2 1595/756/2
f 1591/759/4 1590/213/4 1589/758/4
f 1598/213/2 1599/759/2 1597/758/2
f 1586/208/5 1593/757/5 1585/757/5
f 1591/759/6 1600/214/6 1592/214/6
f 1593/757/7 1587/756/7 1585/757/7
f 1588/211/8 1594/208/8 1586/208/8
f 1595/756/7 1589/758/7 1587/756/7
f 1598/213/8 1588/211/8 1590/213/8
f 1589/758/7 1599/759/7 1591/759/7
f 1600/214/8 1590/213/8 1592/214/8
f 1603/760/1 1602/761/1 1601/762/1
f 1610/761/2 1611/760/2 1609/762/2
f 1605/763/3 1604/764/3 1603/760/3
f 1612/764/2 1613/763/2 1611/760/2
f 1607/765/4 1606/766/4 1605/763/4
f 1614/766/2 1615/765/2 1613/763/2
f 1602/761/5 1609/762/5 1601/762/5
f 1607/765/6 1616/767/6 1608/767/6
f 1609/762/7 1603/760/7 1601/762/7
f 1604/764/8 1610/761/8 1602/761/8
f 1611/760/7 1605/763/7 1603/760/7
f 1614/766/8 1604/764/8 1606/766/8
f 1605/763/7 1615/765/7 1607/765/7
f 1616/767/8 1606/766/8 1608/767/8
f 1619/768/1 1618/769/1 1617/770/1
f 1626/769/2 1627/768/2 1625/770/2
f 1621/771/3 1620/772/3 1619/768/3
f 1628/772/2 1629/771/2 1627/768/2
f 1623/773/4 1622/774/4 1621/771/4
f 1630/774/2 1631/773/2 1629/771/2
f 1618/769/5 1625/770/5 1617/770/5
f 1623/773/6 1632/775/6 1624/775/6
f 1625/770/7 1619/768/7 1617/770/7
f 1620/772/8 1626/769/8 1618/769/8
f 1627/768/7 1621/771/7 1619/768/7
f 1630/774/8 1620/772/8 1622/774/8
f 1621/771/7 1631/773/7 1623/773/7
f 1632/775/8 1622/774/8 1624/775/8
f 1635/776/1 1634/777/1 1633/778/1
f 1642/777/2 1643/776/2 1641/778/2
f 1637/779/3 1636/780/3 1635/776/3
f 1644/780/2 1645/779/2 1643/776/2
f 1639/781/4 1638/782/4 1637/779/4
f 1646/782/2 1647/781/2 1645/779/2
f 1634/777/5 1641/778/5 1633/778/5
f 1639/781/6 1648/783/6 1640/783/6
f 1641/778/7 1635/776/7 1633/778/7
f 1636/780/8 1642/777/8 1634/777/8
f 1643/776/7 1637/779/7 1635/776/7
f 1646/782/8 1636/780/8 1638/782/8
f 1637/779/7 1647/781/7 1639/781/7
f 1648/783/8 1638/782/8 1640/783/8
f 1651/784/1 1650/785/1 1649/786/1
f 1658/785/2 1659/784/2 1657/786/2
f 1653/787/3 1652/788/3 1651/784/3
f 1660/788/2 1661/787/2 1659/784/2
f 1655/789/4 1654/790/4 1653/787/4
f 1662/790/2 1663/789/2 1661/787/2
f 1650/785/5 1657/786/5 1649/786/5
f 1655/789/6 1664/791/6 1656/791/6
f 1657/786/7 1651/784/7 1649/786/7
f 1652/788/8 1658/785/8 1650/785/8
f 1659/784/7 1653/787/7 1651/784/7
f 1662/790/8 1652/788/8 1654/790/8
f 1653/787/7 1663/789/7 1655/789/7
f 1664/791/8 1654/790/8 1656/791/8
f 1667/792/1 1666/793/1 1665/794/1
f 1674/793/2 1675/792/2 1673/794/2
f 1669/795/3 1668/796/3 1667/792/3
f 1676/796/2 1677/795/2 1675/792/2
f 1671/797/4 1670/798/4 1669/795/4
f 1678/798/2 1679/797/2 1677/795/2
f 1666/793/5 1673/794/5 1665/794/5
f 1671/797/6 1680/799/6 1672/799/6
f 1673/794/7 1667/792/7 1665/794/7
f 1668/796/8 1674/793/8 1666/793/8
f 1675/792/7 1669/795/7 1667/792/7
f 1678/798/8 1668/796/8 1670/798/8
f 1669/795/7 1679/797/7 1671/797/7
f 1680/799/8 1670/798/8 1672/799/8
f 1683/800/1 1682/801/1 1681/802/1
f 1690/801/2 1691/800/2 1689/802/2
f 1685/803/3 1684/804/3 1683/800/3
f 1692/804/2 1693/803/2 1691/800/2
f 1687/488/4 1686/805/4 1685/803/4
f 1694/805/2 1695/488/2 1693/803/2
f 1682/801/5 1689/802/5 1681/802/5
f 1687/488/6 1696/806/6 1688/806/6
f 1689/802/7 1683/800/7 1681/802/7
f 1684/804/8 1690/801/8 1682/801/8
f 1691/800/7 1685/803/7 1683/800/7
f 1694/805/8 1684/804/8 1686/805/8
f 1685/803/7 1695/488/7 1687/488/7
f 1696/806/8 1686/805/8 1688/806/8
f 1699/807/1 1698/808/1 1697/809/1
f 1706/808/2 1707/807/2 1705/809/2
f 1701/810/3 1700/811/3 1699/807/3
f 1708/811/2 1709/810/2 1707/807/2
f 1703/812/4 1702/813/4 1701/810/4
f 1710/813/2 1711/812/2 1709/810/2
f 1698/808/5 1705/809/5 1697/809/5
f 1703/812/6 1712/814/6 1704/814/6
f 1705/809/7 1699/807/7 1697/809/7
f 1700/811/8 1706/808/8 1698/808/8
f 1707/807/7 1701/810/7 1699/807/7
f 1710/813/8 1700/811/8 1702/813/8
f 1701/810/7 1711/812/7 1703/812/7
f 1712/814/8 1702/813/8 1704/814/8
f 1715/815/1 1714/816/1 1713/817/1
f 1722/816/2 1723/815/2 1721/817/2
f 1717/818/3 1716/819/3 1715/815/3
f 1724/819/2 1725/818/2 1723/815/2
f 1719/820/4 1718/821/4 1717/818/4
f 1726/821/2 1727/820/2 1725/818/2
f 1714/816/5 1721/817/5 1713/817/5
f 1719/820/6 1728/822/6 1720/822/6
f 1721/817/7 1715/815/7 1713/817/7
f 1716/819/8 1722/816/8 1714/816/8
f 1723/815/7 1717/818/7 1715/815/7
f 1726/821/8 1716/819/8 1718/821/8
f 1717/818/7 1727/820/7 1719/820/7
f 1728/822/8 1718/821/8 1720/822/8
f 1731/823/1 1730/824/1 1729/825/1
f 1738/824/2 1739/823/2 1737/825/2
f 1733/826/3 1732/827/3 1731/823/3
f 1740/827/2 1741/826/2 1739/823/2
f 1735/828/4 1734/829/4 1733/826/4
f 1742/829/2 1743/828/2 1741/826/2
f 1730/824/5 1737/825/5 1729/825/5
f 1735/828/6 1744/510/6 1736/510/6
f 1737/825/7 1731/823/7 1729/825/7
f 1732/827/8 1738/824/8 1730/824/8
f 1739/823/7 1733/826/7 1731/823/7
f 1742/829/8 1732/827/8 1734/829/8
f 1733/826/7 1743/828/7 1735/828/7
f 1744/510/8 1734/829/8 1736/510/8
f 1747/610/1 1746/830/1 1745/701/1
f 1754/830/2 1755/610/2 1753/701/2
f 1749/489/3 1748/831/3 1747/610/3
f 1756/831/2 1757/489/2 1755/610/2
f 1751/312/4 1750/832/4 1749/489/4
f 1758/832/2 1759/312/2 1757/489/2
f 1746/830/5 1753/701/5 1745/701/5
f 1751/312/6 1760/833/6 1752/833/6
f 1753/701/7 1747/610/7 1745/701/7
f 1748/831/8 1754/830/8 1746/830/8
f 1755/610/7 1749/489/7 1747/610/7
f 1758/832/8 1748/831/8 1750/832/8
f 1749/489/7 1759/312/7 1751/312/7
f 1760/833/8 1750/832/8 1752/833/8
f 1763/834/1 1762/835/1 1761/836/1
f 1770/835/2 1771/834/2 1769/836/2
f 1765/837/3 1764/838/3 1763/834/3
f 1772/838/2 1773/837/2 1771/834/2
f 1767/839/4 1766/840/4 1765/837/4
f 1774/840/2 1775/839/2 1773/837/2
f 1762/835/5 1769/836/5 1761/836/5
f 1767/839/6 1776/841/6 1768/841/6
f 1769/836/7 1763/834/7 1761/836/7
f 1764/838/8 1770/835/8 1762/835/8
f 1771/834/7 1765/837/7 1763/834/7
f 1774/840/8 1764/838/8 1766/840/8
f 1765/837/7 1775/839/7 1767/839/7
f 1776/841/8 1766/840/8 1768/841/8
f 1779/842/1 1778/727/1 1777/843/1
f 1786/727/2 1787/842/2 1785/843/2
f 1781/844/3 1780/645/3 1779/842/3
f 1788/645/2 1789/844/2 1787/842/2
f 1783/845/4 1782/515/4 1781/844/4
f 1790/515/2 1791/845/2 1789/844/2
f 1778/727/5 1785/843/5 1777/843/5
f 1783/845/6 1792/327/6 1784/327/6
f 1785/843/7 1779/842/7 1777/843/7
f 1780/645/8 1786/727/8 1778/727/8
f 1787/842/7 1781/844/7 1779/842/7
f 1790/515/8 1780/645/8 1782/515/8
f 1781/844/7 1791/845/7 1783/845/7
f 1792/327/8 1782/515/8 1784/327/8
f 1795/191/1 1794/846/1 1793/312/1
f 1802/846/2 1803/191/2 1801/312/2
f 1797/84/3 1796/847/3 1795/191/3
f 1804/847/2 1805/84/2 1803/191/2
f 1799/196/4 1798/848/4 1797/84/4
f 1806/848/2 1807/196/2 1805/84/2
f 1794/846/5 1801/312/5 1793/312/5
f 1799/196/6 1808/849/6 1800/849/6
f 1801/312/7 1795/191/7 1793/312/7
f 1796/847/8 1802/846/8 1794/846/8
f 1803/191/7 1797/84/7 1795/191/7
f 1806/848/8 1796/847/8 1798/848/8
f 1797/84/7 1807/196/7 1799/196/7
f 1808/849/8 1798/848/8 1800/849/8
f 1811/850/1 1810/851/1 1809/852/1
f 1818/851/2 1819/850/2 1817/852/2
f 1813/853/3 1812/854/3 1811/850/3
f 1820/854/2 1821/853/2 1819/850/2
f 1815/855/4 1814/856/4 1813/853/4
f 1822/856/2 1823/855/2 1821/853/2
f 1810/851/5 1817/852/5 1809/852/5
f 1815/855/6 1824/857/6 1816/857/6
f 1817/852/7 1811/850/7 1809/852/7
f 1812/854/8 1818/851/8 1810/851/8
f 1819/850/7 1813/853/7 1811/850/7
f 1822/856/8 1812/854/8 1814/856/8
f 1813/853/7 1823/855/7 1815/855/7
f 1824/857/8 1814/856/8 1816/857/8
f 1827/858/1 1826/327/1 1825/859/1
f 1834/327/2 1835/858/2 1833/859/2
f 1829/860/3 1828/211/3 1827/858/3
f 1836/211/2 1837/860/2 1835/858/2
f 1831/861/4 1830/103/4 1829/860/4
f 1838/103/2 1839/861/2 1837/860/2
f 1826/327/5 1833/859/5 1825/859/5
f 1831/861/6 1840/214/6 1832/214/6
f 1833/859/7 1827/858/7 1825/859/7
f 1828/211/8 1834/327/8 1826/327/8
f 1835/858/7 1829/860/7 1827/858/7
f 1838/103/8 1828/211/8 1830/103/8
f 1829/860/7 1839/861/7 1831/861/7
f 1840/214/8 1830/103/8 1832/214/8
f 1843/862/1 1842/863/1 1841/864/1
f 1850/863/2 1851/862/2 1849/864/2
f 1845/865/3 1844/866/3 1843/862/3
f 1852/866/2 1853/865/2 1851/862/2
f 1847/437/4 1846/867/4 1845/865/4
f 1854/867/2 1855/437/2 1853/865/2
f 1842/863/5 1849/864/5 1841/864/5
f 1847/437/6 1856/868/6 1848/868/6
f 1849/864/7 1843/862/7 1841/864/7
f 1844/866/8 1850/863/8 1842/863/8
f 1851/862/7 1845/865/7 1843/862/7
f 1854/867/8 1844/866/8 1846/867/8
f 1845/865/7 1855/437/7 1847/437/7
f 1856/868/8 1846/867/8 1848/868/8
f 1859/869/1 1858/870/1 1857/871/1
f 1866/870/2 1867/869/2 1865/871/2
f 1861/872/3 1860/873/3 1859/869/3
f 1868/873/2 1869/872/2 1867/869/2
f 1863/874/4 1862/875/4 1861/872/4
f 1870/875/2 1871/874/2 1869/872/2
f 1858/870/5 1865/871/5 1857/871/5
f 1863/874/6 1872/876/6 1864/876/6
f 1865/871/7 1859/869/7 1857/871/7
f 1860/873/8 1866/870/8 1858/870/8
f 1867/869/7 1861/872/7 1859/869/7
f 1870/875/8 1860/873/8 1862/875/8
f 1861/872/7 1871/874/7 1863/874/7
f 1872/876/8 1862/875/8 1864/876/8
f 1875/877/1 1874/878/1 1873/879/1
f 1882/878/2 1883/877/2 1881/879/2
f 1877/880/3 1876/881/3 1875/877/3
f 1884/881/2 1885/880/2 1883/877/2
f 1879/882/4 1878/883/4 1877/880/4
f 1886/883/2 1887/882/2 1885/880/2
f 1874/878/5 1881/879/5 1873/879/5
f 1879/882/6 1888/884/6 1880/884/6
f 1881/879/7 1875/877/7 1873/879/7
f 1876/881/8 1882/878/8 1874/878/8
f 1883/877/7 1877/880/7 1875/877/7
f 1886/883/8 1876/881/8 1878/883/8
f 1877/880/7 1887/882/7 1879/882/7
f 1888/884/8 1878/883/8 1880/884/8
f 1891/885/1 1890/886/1 1889/887/1
f 1898/886/2 1899/885/2 1897/887/2
f 1893/888/3 1892/889/3 1891/885/3
f 1900/889/2 1901/888/2 1899/885/2
f 1895/890/4 1894/891/4 1893/888/4
f 1902/891/2 1903/890/2 1901/888/2
f 1890/886/5 1897/887/5 1889/887/5
f 1895/890/6 1904/892/6 1896/892/6
f 1897/887/7 1891/885/7 1889/887/7
f 1892/889/8 1898/886/8 1890/886/8
f 1899/885/7 1893/888/7 1891/885/7
f 1902/891/8 1892/889/8 1894/891/8
f 1893/888/7 1903/890/7 1895/890/7
f 1904/892/8 1894/891/8 1896/892/8
f 1907/893/1 1906/894/1 1905/895/1
f 1914/894/2 1915/893/2 1913/895/2
f 1909/896/3 1908/897/3 1907/893/3
f 1916/897/2 1917/896/2 1915/893/2
f 1911/898/4 1910/899/4 1909/896/4
f 1918/899/2 1919/898/2 1917/896/2
f 1906/894/5 1913/895/5 1905/895/5
f 1911/898/6 1920/900/6 1912/900/6
f 1913/895/7 1907/893/7 1905/895/7
f 1908/897/8 1914/894/8 1906/894/8
f 1915/893/7 1909/896/7 1907/893/7
f 1918/899/8 1908/897/8 1910/899/8
f 1909/896/7 1919/898/7 1911/898/7
f 1920/900/8 1910/899/8 1912/900/8
f 1923/800/1 1922/901/1 1921/437/1
f 1930/901/2 1931/800/2 1929/437/2
f 1925/902/3 1924/903/3 1923/800/3
f 1932/903/2 1933/902/2 1931/800/2
f 1927/701/4 1926/904/4 1925/902/4
f 1934/904/2 1935/701/2 1933/902/2
f 1922/901/5 1929/437/5 1921/437/5
f 1927/701/6 1936/905/6 1928/905/6
f 1929/437/7 1923/800/7 1921/437/7
f 1924/903/8 1930/901/8 1922/901/8
f 1931/800/7 1925/902/7 1923/800/7
f 1934/904/8 1924/903/8 1926/904/8
f 1925/902/7 1935/701/7 1927/701/7
f 1936/905/8 1926/904/8 1928/905/8
f 1939/906/1 1938/907/1 1937/908/1
f 1946/907/2 1947/906/2 1945/908/2
f 1941/909/3 1940/910/3 1939/906/3
f 1948/910/2 1949/909/2 1947/906/2
f 1943/911/4 1942/912/4 1941/909/4
f 1950/912/2 1951/911/2 1949/909/2
f 1938/907/5 1945/908/5 1937/908/5
f 1943/911/6 1952/913/6 1944/913/6
f 1945/908/7 1939/906/7 1937/908/7
f 1940/910/8 1946/907/8 1938/907/8
f 1947/906/7 1941/909/7 1939/906/7
f 1950/912/8 1940/910/8 1942/912/8
f 1941/909/7 1951/911/7 1943/911/7
f 1952/913/8 1942/912/8 1944/913/8
f 1955/914/1 1954/915/1 1953/916/1
f 1962/915/2 1963/914/2 1961/916/2
f 1957/917/3 1956/918/3 1955/914/3
f 1964/918/2 1965/917/2 1963/914/2
f 1959/919/4 1958/920/4 1957/917/4
f 1966/920/2 1967/919/2 1965/917/2
f 1954/915/5 1961/916/5 1953/916/5
f 1959/919/6 1968/921/6 1960/921/6
f 1961/916/7 1955/914/7 1953/916/7
f 1956/918/8 1962/915/8 1954/915/8
f 1963/914/7 1957/917/7 1955/914/7
f 1966/920/8 1956/918/8 1958/920/8
f 1957/917/7 1967/919/7 1959/919/7
f 1968/921/8 1958/920/8 1960/921/8
f 1971/922/1 1970/923/1 1969/924/1
f 1978/923/2 1979/922/2 1977/924/2
f 1973/925/3 1972/926/3 1971/922/3
f 1980/926/2 1981/925/2 1979/922/2
f 1975/927/4 1974/928/4 1973/925/4
f 1982/928/2 1983/927/2 1981/925/2
f 1970/923/5 1977/924/5 1969/924/5
f 1975/927/6 1984/929/6 1976/929/6
f 1977/924/7 1971/922/7 1969/924/7
f 1972/926/8 1978/923/8 1970/923/8
f 1979/922/7 1973/925/7 1971/922/7
f 1982/928/8 1972/926/8 1974/928/8
f 1973/925/7 1983/927/7 1975/927/7
f 1984/929/8 1974/928/8 1976/929/8
f 1987/930/1 1986/900/1 1985/931/1
f 1994/900/2 1995/930/2 1993/931/2
f 1989/932/3 1988/827/3 1987/930/3
f 1996/827/2 1997/932/2 1995/930/2
f 1991/933/4 1990/934/4 1989/932/4
f 1998/934/2 1999/933/2 1997/932/2
f 1986/900/5 1993/931/5 1985/931/5
f 1991/933/6 2000/727/6 1992/727/6
f 1993/931/7 1987/930/7 1985/931/7
f 1988/827/8 1994/900/8 1986/900/8
f 1995/930/7 1989/932/7 1987/930/7
f 1998/934/8 1988/827/8 1990/934/8
f 1989/932/7 1999/933/7 1991/933/7
f 2000/727/8 1990/934/8 1992/727/8
f 2003/610/1 2002/935/1 2001/701/1
f 2010/935/2 2011/610/2 2009/701/2
f 2005/489/3 2004/936/3 2003/610/3
f 2012/936/2 2013/489/2 2011/610/2
f 2007/312/4 2006/937/4 2005/489/4
f 2014/937/2 2015/312/2 2013/489/2
f 2002/935/5 2009/701/5 2001/701/5
f 2007/312/6 2016/938/6 2008/938/6
f 2009/701/7 2003/610/7 2001/701/7
f 2004/936/8 2010/935/8 2002/935/8
f 2011/610/7 2005/489/7 2003/610/7
f 2014/937/8 2004/936/8 2006/937/8
f 2005/489/7 2015/312/7 2007/312/7
f 2016/938/8 2006/937/8 2008/938/8
f 2019/939/1 2018/940/1 2017/941/1
f 2026/940/2 2027/939/2 2025/941/2
f 2021/942/3 2020/943/3 2019/939/3
f 2028/943/2 2029/942/2 2027/939/2
f 2023/944/4 2022/945/4 2021/942/4
f 2030/945/2 2031/944/2 2029/942/2
f 2018/940/5 2025/941/5 2017/941/5
f 2023/944/6 2032/946/6 2024/946/6
f 2025/941/7 2019/939/7 2017/941/7
f 2020/943/8 2026/940/8 2018/940/8
f 2027/939/7 2021/942/7 2019/939/7
f 2030/945/8 2020/943/8 2022/945/8
f 2021/942/7 2031/944/7 2023/944/7
f 2032/946/8 2022/945/8 2024/946/8
f 2035/947/1 2034/948/1 2033/949/1
f 2042/948/2 2043/947/2 2041/949/2
f 2037/950/3 2036/951/3 2035/947/3
f 2044/951/2 2045/950/2 2043/947/2
f 2039/952/4 2038/953/4 2037/950/4
f 2046/953/2 2047/952/2 2045/950/2
f 2034/948/5 2041/949/5 2033/949/5
f 2039/952/6 2048/954/6 2040/954/6
f 2041/949/7 2035/947/7 2033/949/7
f 2036/951/8 2042/948/8 2034/948/8
f 2043/947/7 2037/950/7 2035/947/7
f 2046/953/8 2036/951/8 2038/953/8
f 2037/950/7 2047/952/7 2039/952/7
f 2048/954/8 2038/953/8 2040/954/8
f 2051/955/1 2050/956/1 2049/957/1
f 2058/956/2 2059/955/2 2057/957/2
f 2053/958/3 2052/959/3 2051/955/3
f 2060/959/2 2061/958/2 2059/955/2
f 2055/960/4 2054/961/4 2053/958/4
f 2062/961/2 2063/960/2 2061/958/2
f 2050/956/5 2057/957/5 2049/957/5
f 2055/960/6 2064/962/6 2056/962/6
f 2057/957/7 2051/955/7 2049/957/7
f 2052/959/8 2058/956/8 2050/956/8
f 2059/955/7 2053/958/7 2051/955/7
f 2062/961/8 2052/959/8 2054/961/8
f 2053/958/7 2063/960/7 2055/960/7
f 2064/962/8 2054/961/8 2056/962/8
f 2067/963/1 2066/727/1 2065/964/1
f 2074/727/2 2075/963/2 2073/964/2
f 2069/965/3 2068/645/3 2067/963/3
f 2076/645/2 2077/965/2 2075/963/2
f 2071/966/4 2070/515/4 2069/965/4
f 2078/515/2 2079/966/2 2077/965/2
f 2066/727/5 2073/964/5 2065/964/5
f 2071/966/6 2080/327/6 2072/327/6
f 2073/964/7 2067/963/7 2065/964/7
f 2068/645/8 2074/727/8 2066/727/8
f 2075/963/7 2069/965/7 2067/963/7
f 2078/515/8 2068/645/8 2070/515/8
f 2069/965/7 2079/966/7 2071/966/7
f 2080/327/8 2070/515/8 2072/327/8
f 2083/191/1 2082/967/1 2081/312/1
f 2090/967/2 2091/191/2 2089/312/2
f 2085/84/3 2084/968/3 2083/191/3
f 2092/968/2 2093/84/2 2091/191/2
f 2087/196/4 2086/969/4 2085/84/4
f 2094/969/2 2095/196/2 2093/84/2
f 2082/967/5 2089/312/5 2081/312/5
f 2087/196/6 2096/970/6 2088/970/6
f 2089/312/7 2083/191/7 2081/312/7
f 2084/968/8 2090/967/8 2082/967/8
f 2091/191/7 2085/84/7 2083/191/7
f 2094/969/8 2084/968/8 2086/969/8
f 2085/84/7 2095/196/7 2087/196/7
f 2096/970/8 2086/969/8 2088/970/8
f 2099/971/1 2098/972/1 2097/973/1
f 2106/972/2 2107/971/2 2105/973/2
f 2101/974/3 2100/975/3 2099/971/3
f 2108/975/2 2109/974/2 2107/971/2
f 2103/976/4 2102/977/4 2101/974/4
f 2110/977/2 2111/976/2 2109/974/2
f 2098/972/5 2105/973/5 2097/973/5
f 2103/976/6 2112/978/6 2104/978/6
f 2105/973/7 2099/971/7 2097/973/7
f 2100/975/8 2106/972/8 2098/972/8
f 2107/971/7 2101/974/7 2099/971/7
f 2110/977/8 2100/975/8 2102/977/8
f 2101/974/7 2111/976/7 2103/976/7
f 2112/978/8 2102/977/8 2104/978/8
f 2115/979/1 2114/980/1 2113/981/1
f 2122/980/2 2123/979/2 2121/981/2
f 2117/982/3 2116/983/3 2115/979/3
f 2124/983/2 2125/982/2 2123/979/2
f 2119/984/4 2118/985/4 2117/982/4
f 2126/985/2 2127/984/2 2125/982/2
f 2114/980/5 2121/981/5 2113/981/5
f 2119/984/6 2128/986/6 2120/986/6
f 2121/981/7 2115/979/7 2113/981/7
f 2116/983/8 2122/980/8 2114/980/8
f 2123/979/7 2117/982/7 2115/979/7
f 2126/985/8 2116/983/8 2118/985/8
f 2117/982/7 2127/984/7 2119/984/7
f 2128/986/8 2118/985/8 2120/986/8
f 2131/987/1 2130/327/1 2129/988/1
f 2138/327/2 2139/987/2 2137/988/2
f 2133/989/3 2132/211/3 2131/987/3
f 2140/211/2 2141/989/2 2139/987/2
f 2135/990/4 2134/103/4 2133/989/4
f 2142/103/2 2143/990/2 2141/989/2
f 2130/327/5 2137/988/5 2129/988/5
f 2135/990/6 2144/214/6 2136/214/6
f 2137/988/7 2131/987/7 2129/988/7
f 2132/211/8 2138/327/8 2130/327/8
f 2139/987/7 2133/989/7 2131/987/7
f 2142/103/8 2132/211/8 2134/103/8
f 2133/989/7 2143/990/7 2135/990/7
f 2144/214/8 2134/103/8 2136/214/8
f 2147/432/1 2146/991/1 2145/992/1
f 2154/991/2 2155/432/2 2153/992/2
f 2149/435/3 2148/993/3 2147/432/3
f 2156/993/2 2157/435/2 2155/432/2
f 2151/437/4 2150/994/4 2149/435/4
f 2158/994/2 2159/437/2 2157/435/2
f 2146/991/5 2153/992/5 2145/992/5
f 2151/437/6 2160/995/6 2152/995/6
f 2153/992/7 2147/432/7 2145/992/7
f 2148/993/8 2154/991/8 2146/991/8
f 2155/432/7 2149/435/7 2147/432/7
f 2158/994/8 2148/993/8 2150/994/8
f 2149/435/7 2159/437/7 2151/437/7
f 2160/995/8 2150/994/8 2152/995/8
f 2163/996/1 2162/997/1 2161/998/1
f 2170/997/2 2171/996/2 2169/998/2
f 2165/999/3 2164/1000/3 2163/996/3
f 2172/1000/2 2173/999/2 2171/996/2
f 2167/1001/4 2166/1002/4 2165/999/4
f 2174/1002/2 2175/1001/2 2173/999/2
f 2162/997/5 2169/998/5 2161/998/5
f 2167/1001/6 2176/1003/6 2168/1003/6
f 2169/998/7 2163/996/7 2161/998/7
f 2164/1000/8 2170/997/8 2162/997/8
f 2171/996/7 2165/999/7 2163/996/7
f 2174/1002/8 2164/1000/8 2166/1002/8
f 2165/999/7 2175/1001/7 2167/1001/7
f 2176/1003/8 2166/1002/8 2168/1003/8
f 2179/1004/1 2178/1005/1 2177/1006/1
f 2186/1005/2 2187/1004/2 2185/1006/2
f 2181/1007/3 2180/1008/3 2179/1004/3
f 2188/1008/2 2189/1007/2 2187/1004/2
f 2183/1009/4 2182/1010/4 2181/1007/4
f 2190/1010/2 2191/1009/2 2189/1007/2
f 2178/1005/5 2185/1006/5 2177/1006/5
f 2183/1009/6 2192/1011/6 2184/1011/6
f 2185/1006/7 2179/1004/7 2177/1006/7
f 2180/1008/8 2186/1005/8 2178/1005/8
f 2187/1004/7 2181/1007/7 2179/1004/7
f 2190/1010/8 2180/1008/8 2182/1010/8
f 2181/1007/7 2191/1009/7 2183/1009/7
f 2192/1011/8 2182/1010/8 2184/1011/8
f 2195/1012/1 2194/1013/1 2193/1014/1
f 2202/1013/2 2203/1012/2 2201/1014/2
f 2197/1015/3 2196/1016/3 2195/1012/3
f 2204/1016/2 2205/1015/2 2203/1012/2
f 2199/1017/4 2198/1018/4 2197/1015/4
f 2206/1018/2 2207/1017/2 2205/1015/2
f 2194/1013/5 2201/1014/5 2193/1014/5
f 2199/1017/6 2208/1019/6 2200/1019/6
f 2201/1014/7 2195/1012/7 2193/1014/7
f 2196/1016/8 2202/1013/8 2194/1013/8
f 2203/1012/7 2197/1015/7 2195/1012/7
f 2206/1018/8 2196/1016/8 2198/1018/8
f 2197/1015/7 2207/1017/7 2199/1017/7
f 2208/1019/8 2198/1018/8 2200/1019/8
f 2211/1020/1 2210/1021/1 2209/1022/1
f 2218/1021/2 2219/1020/2 2217/1022/2
f 2213/1023/3 2212/1024/3 2211/1020/3
f 2220/1024/2 2221/1023/2 2219/1020/2
f 2215/1025/4 2214/1026/4 2213/1023/4
f 2222/1026/2 2223/1025/2 2221/1023/2
f 2210/1021/5 2217/1022/5 2209/1022/5
f 2215/1025/6 2224/900/6 2216/900/6
f 2217/1022/7 2211/1020/7 2209/1022/7
f 2212/1024/8 2218/1021/8 2210/1021/8
f 2219/1020/7 2213/1023/7 2211/1020/7
f 2222/1026/8 2212/1024/8 2214/1026/8
f 2213/1023/7 2223/1025/7 2215/1025/7
f 2224/900/8 2214/1026/8 2216/900/8
f 2227/1027/1 2226/1028/1 2225/1029/1
f 2234/1028/2 2235/1027/2 2233/1029/2
f 2229/902/3 2228/1030/3 2227/1027/3
f 2236/1030/2 2237/902/2 2235/1027/2
f 2231/701/4 2230/1031/4 2229/902/4
f 2238/1031/2 2239/701/2 2237/902/2
f 2226/1028/5 2233/1029/5 2225/1029/5
f 2231/701/6 2240/1032/6 2232/1032/6
f 2233/1029/7 2227/1027/7 2225/1029/7
f 2228/1030/8 2234/1028/8 2226/1028/8
f 2235/1027/7 2229/902/7 2227/1027/7
f 2238/1031/8 2228/1030/8 2230/1031/8
f 2229/902/7 2239/701/7 2231/701/7
f 2240/1032/8 2230/1031/8 2232/1032/8
f 2243/1033/1 2242/1034/1 2241/1035/1
f 2250/1034/2 2251/1033/2 2249/1035/2
f 2245/1036/3 2244/1037/3 2243/1033/3
f 2252/1037/2 2253/1036/2 2251/1033/2
f 2247/1038/4 2246/1039/4 2245/1036/4
f 2254/1039/2 2255/1038/2 2253/1036/2
f 2242/1034/5 2249/1035/5 2241/1035/5
f 2247/1038/6 2256/1040/6 2248/1040/6
f 2249/1035/7 2243/1033/7 2241/1035/7
f 2244/1037/8 2250/1034/8 2242/1034/8
f 2251/1033/7 2245/1036/7 2243/1033/7
f 2254/1039/8 2244/1037/8 2246/1039/8
f 2245/1036/7 2255/1038/7 2247/1038/7
f 2256/1040/8 2246/1039/8 2248/1040/8
f 2259/1041/1 2258/1042/1 2257/1043/1
f 2266/1042/2 2267/1041/2 2265/1043/2
f 2261/1044/3 2260/1045/3 2259/1041/3
f 2268/1045/2 2269/1044/2 2267/1041/2
f 2263/1046/4 2262/1047/4 2261/1044/4
f 2270/1047/2 2271/1046/2 2269/1044/2
f 2258/1042/5 2265/1043/5 2257/1043/5
f 2263/1046/6 2272/1048/6 2264/1048/6
f 2265/1043/7 2259/1041/7 2257/1043/7
f 2260/1045/8 2266/1042/8 2258/1042/8
f 2267/1041/7 2261/1044/7 2259/1041/7
f 2270/1047/8 2260/1045/8 2262/1047/8
f 2261/1044/7 2271/1046/7 2263/1046/7
f 2272/1048/8 2262/1047/8 2264/1048/8
f 2275/486/1 2274/1049/1 2273/488/1
f 2282/1049/2 2283/486/2 2281/488/2
f 2277/489/3 2276/1050/3 2275/486/3
f 2284/1050/2 2285/489/2 2283/486/2
f 2279/412/4 2278/1051/4 2277/489/4
f 2286/1051/2 2287/412/2 2285/489/2
f 2274/1049/5 2281/488/5 2273/488/5
f 2279/412/6 2288/1052/6 2280/1052/6
f 2281/488/7 2275/486/7 2273/488/7
f 2276/1050/8 2282/1049/8 2274/1049/8
f 2283/486/7 2277/489/7 2275/486/7
f 2286/1051/8 2276/1050/8 2278/1051/8
f 2277/489/7 2287/412/7 2279/412/7
f 2288/1052/8 2278/1051/8 2280/1052/8
f 2291/1053/1 2290/1054/1 2289/1055/1
f 2298/1054/2 2299/1053/2 2297/1055/2
f 2293/1056/3 2292/1057/3 2291/1053/3
f 2300/1057/2 2301/1056/2 2299/1053/2
f 2295/1058/4 2294/1059/4 2293/1056/4
f 2302/1059/2 2303/1058/2 2301/1056/2
f 2290/1054/5 2297/1055/5 2289/1055/5
f 2295/1058/6 2304/1060/6 2296/1060/6
f 2297/1055/7 2291/1053/7 2289/1055/7
f 2292/1057/8 2298/1054/8 2290/1054/8
f 2299/1053/7 2293/1056/7 2291/1053/7
f 2302/1059/8 2292/1057/8 2294/1059/8
f 2293/1056/7 2303/1058/7 2295/1058/7
f 2304/1060/8 2294/1059/8 2296/1060/8
f 2307/1061/1 2306/1062/1 2305/1063/1
f 2314/1062/2 2315/1061/2 2313/1063/2
f 2309/1064/3 2308/1065/3 2307/1061/3
f 2316/1065/2 2317/1064/2 2315/1061/2
f 2311/1066/4 2310/1067/4 2309/1064/4
f 2318/1067/2 2319/1066/2 2317/1064/2
f 2306/1062/5 2313/1063/5 2305/1063/5
f 2311/1066/6 2320/1068/6 2312/1068/6
f 2313/1063/7 2307/1061/7 2305/1063/7
f 2308/1065/8 2314/1062/8 2306/1062/8
f 2315/1061/7 2309/1064/7 2307/1061/7
f 2318/1067/8 2308/1065/8 2310/1067/8
f 2309/1064/7 2319/1066/7 2311/1066/7
f 2320/1068/8 2310/1067/8 2312/1068/8
f 2323/1069/1 2322/1070/1 2321/1071/1
f 2330/1070/2 2331/1069/2 2329/1071/2
f 2325/1072/3 2324/1073/3 2323/1069/3
f 2332/1073/2 2333/1072/2 2331/1069/2
f 2327/1074/4 2326/1075/4 2325/1072/4
f 2334/1075/2 2335/1074/2 2333/1072/2
f 2322/1070/5 2329/1071/5 2321/1071/5
f 2327/1074/6 2336/1076/6 2328/1076/6
f 2329/1071/7 2323/1069/7 2321/1071/7
f 2324/1073/8 2330/1070/8 2322/1070/8
f 2331/1069/7 2325/1072/7 2323/1069/7
f 2334/1075/8 2324/1073/8 2326/1075/8
f 2325/1072/7 2335/1074/7 2327/1074/7
f 2336/1076/8 2326/1075/8 2328/1076/8
f 2339/1077/1 2338/510/1 2337/1078/1
f 2346/510/2 2347/1077/2 2345/1078/2
f 2341/1079/3 2340/513/3 2339/1077/3
f 2348/513/2 2349/1079/2 2347/1077/2
f 2343/1080/4 2342/515/4 2341/1079/4
f 2350/515/2 2351/1080/2 2349/1079/2
f 2338/510/5 2345/1078/5 2337/1078/5
f 2343/1080/6 2352/426/6 2344/426/6
f 2345/1078/7 2339/1077/7 2337/1078/7
f 2340/513/8 2346/510/8 2338/510/8
f 2347/1077/7 2341/1079/7 2339/1077/7
f 2350/515/8 2340/513/8 2342/515/8
f 2341/1079/7 2351/1080/7 2343/1080/7
f 2352/426/8 2342/515/8 2344/426/8
f 2355/310/1 2354/1081/1 2353/312/1
f 2362/1081/2 2363/310/2 2361/312/2
f 2357/194/3 2356/1082/3 2355/310/3
f 2364/1082/2 2365/194/2 2363/310/2
f 2359/196/4 2358/1083/4 2357/194/4
f 2366/1083/2 2367/196/2 2365/194/2
f 2354/1081/5 2361/312/5 2353/312/5
f 2359/196/6 2368/1084/6 2360/1084/6
f 2361/312/7 2355/310/7 2353/312/7
f 2356/1082/8 2362/1081/8 2354/1081/8
f 2363/310/7 2357/194/7 2355/310/7
f 2366/1083/8 2356/1082/8 2358/1083/8
f 2357/194/7 2367/196/7 2359/196/7
f 2368/1084/8 2358/1083/8 2360/1084/8
f 2371/1085/1 2370/1086/1 2369/1087/1
f 2378/1086/2 2379/1085/2 2377/1087/2
f 2373/1088/3 2372/1089/3 2371/1085/3
f 2380/1089/2 2381/1088/2 2379/1085/2
f 2375/1090/4 2374/1091/4 2373/1088/4
f 2382/1091/2 2383/1090/2 2381/1088/2
f 2370/1086/5 2377/1087/5 2369/1087/5
f 2375/1090/6 2384/1092/6 2376/1092/6
f 2377/1087/7 2371/1085/7 2369/1087/7
f 2372/1089/8 2378/1086/8 2370/1086/8
f 2379/1085/7 2373/1088/7 2371/1085/7
f 2382/1091/8 2372/1089/8 2374/1091/8
f 2373/1088/7 2383/1090/7 2375/1090/7
f 2384/1092/8 2374/1091/8 2376/1092/8
f 2387/1093/1 2386/1094/1 2385/1095/1
f 2394/1094/2 2395/1093/2 2393/1095/2
f 2389/1096/3 2388/1097/3 2387/1093/3
f 2396/1097/2 2397/1096/2 2395/1093/2
f 2391/1098/4 2390/1099/4 2389/1096/4
f 2398/1099/2 2399/1098/2 2397/1096/2
f 2386/1094/5 2393/1095/5 2385/1095/5
f 2391/1098/6 2400/1100/6 2392/1100/6
f 2393/1095/7 2387/1093/7 2385/1095/7
f 2388/1097/8 2394/1094/8 2386/1094/8
f 2395/1093/7 2389/1096/7 2387/1093/7
f 2398/1099/8 2388/1097/8 2390/1099/8
f 2389/1096/7 2399/1098/7 2391/1098/7
f 2400/1100/8 2390/1099/8 2392/1100/8
f 2403/1101/1 2402/1102/1 2401/1103/1
f 2410/1102/2 2411/1101/2 2409/1103/2
f 2405/1104/3 2404/1105/3 2403/1101/3
f 2412/1105/2 2413/1104/2 2411/1101/2
f 2407/1106/4 2406/1107/4 2405/1104/4
f 2414/1107/2 2415/1106/2 2413/1104/2
f 2402/1102/5 2409/1103/5 2401/1103/5
f 2407/1106/6 2416/1108/6 2408/1108/6
f 2409/1103/7 2403/1101/7 2401/1103/7
f 2404/1105/8 2410/1102/8 2402/1102/8
f 2411/1101/7 2405/1104/7 2403/1101/7
f 2414/1107/8 2404/1105/8 2406/1107/8
f 2405/1104/7 2415/1106/7 2407/1106/7
f 2416/1108/8 2406/1107/8 2408/1108/8
f 2419/1109/1 2418/327/1 2417/1110/1
f 2426/327/2 2427/1109/2 2425/1110/2
f 2421/1111/3 2420/330/3 2419/1109/3
f 2428/330/2 2429/1111/2 2427/1109/2
f 2423/1112/4 2422/213/4 2421/1111/4
f 2430/213/2 2431/1112/2 2429/1111/2
f 2418/327/5 2425/1110/5 2417/1110/5
f 2423/1112/6 2432/214/6 2424/214/6
f 2425/1110/7 2419/1109/7 2417/1110/7
f 2420/330/8 2426/327/8 2418/327/8
f 2427/1109/7 2421/1111/7 2419/1109/7
f 2430/213/8 2420/330/8 2422/213/8
f 2421/1111/7 2431/1112/7 2423/1112/7
f 2432/214/8 2422/213/8 2424/214/8
f 2435/1113/1 2434/1114/1 2433/1115/1
f 2442/1114/2 2443/1113/2 2441/1115/2
f 2437/551/3 2436/1116/3 2435/1113/3
f 2444/1116/2 2445/551/2 2443/1113/2
f 2439/6/4 2438/1117/4 2437/551/4
f 2446/1117/2 2447/6/2 2445/551/2
f 2434/1114/5 2441/1115/5 2433/1115/5
f 2439/6/6 2448/1118/6 2440/1118/6
f 2441/1115/7 2435/1113/7 2433/1115/7
f 2436/1116/8 2442/1114/8 2434/1114/8
f 2443/1113/7 2437/551/7 2435/1113/7
f 2446/1117/8 2436/1116/8 2438/1117/8
f 2437/551/7 2447/6/7 2439/6/7
f 2448/1118/8 2438/1117/8 2440/1118/8
f 2451/1119/1 2450/1120/1 2449/1121/1
f 2458/1120/2 2459/1119/2 2457/1121/2
f 2453/1122/3 2452/1123/3 2451/1119/3
f 2460/1123/2 2461/1122/2 2459/1119/2
f 2455/1124/4 2454/1125/4 2453/1122/4
f 2462/1125/2 2463/1124/2 2461/1122/2
f 2450/1120/5 2457/1121/5 2449/1121/5
f 2455/1124/6 2464/1126/6 2456/1126/6
f 2457/1121/7 2451/1119/7 2449/1121/7
f 2452/1123/8 2458/1120/8 2450/1120/8
f 2459/1119/7 2453/1122/7 2451/1119/7
f 2462/1125/8 2452/1123/8 2454/1125/8
f 2453/1122/7 2463/1124/7 2455/1124/7
f 2464/1126/8 2454/1125/8 2456/1126/8
f 2467/1127/1 2466/1128/1 2465/1129/1
f 2474/1128/2 2475/1127/2 2473/1129/2
f 2469/1130/3 2468/1131/3 2467/1127/3
f 2476/1131/2 2477/1130/2 2475/1127/2
f 2471/1132/4 2470/1133/4 2469/1130/4
f 2478/1133/2 2479/1132/2 2477/1130/2
f 2466/1128/5 2473/1129/5 2465/1129/5
f 2471/1132/6 2480/1134/6 2472/1134/6
f 2473/1129/7 2467/1127/7 2465/1129/7
f 2468/1131/8 2474/1128/8 2466/1128/8
f 2475/1127/7 2469/1130/7 2467/1127/7
f 2478/1133/8 2468/1131/8 2470/1133/8
f 2469/1130/7 2479/1132/7 2471/1132/7
f 2480/1134/8 2470/1133/8 2472/1134/8
f 2483/1135/1 2482/1136/1 2481/1137/1
f 2490/1136/2 2491/1135/2 2489/1137/2
f 2485/1138/3 2484/1139/3 2483/1135/3
f 2492/1139/2 2493/1138/2 2491/1135/2
f 2487/1140/4 2486/577/4 2485/1138/4
f 2494/577/2 2495/1140/2 2493/1138/2
f 2482/1136/5 2489/1137/5 2481/1137/5
f 2487/1140/6 2496/32/6 2488/32/6
f 2489/1137/7 2483/1135/7 2481/1137/7
f 2484/1139/8 2490/1136/8 2482/1136/8
f 2491/1135/7 2485/1138/7 2483/1135/7
f 2494/577/8 2484/1139/8 2486/577/8
f 2485/1138/7 2495/1140/7 2487/1140/7
f 2496/32/8 2486/577/8 2488/32/8
f 2499/1141/1 2498/1142/1 2497/765/1
f 2506/1142/2 2507/1141/2 2505/765/2
f 2501/1143/3 2500/1144/3 2499/1141/3
f 2508/1144/2 2509/1143/2 2507/1141/2
f 2503/583/4 2502/1145/4 2501/1143/4
f 2510/1145/2 2511/583/2 2509/1143/2
f 2498/1142/5 2505/765/5 2497/765/5
f 2503/583/6 2512/1146/6 2504/1146/6
f 2505/765/7 2499/1141/7 2497/765/7
f 2500/1144/8 2506/1142/8 2498/1142/8
f 2507/1141/7 2501/1143/7 2499/1141/7
f 2510/1145/8 2500/1144/8 2502/1145/8
f 2501/1143/7 2511/583/7 2503/583/7
f 2512/1146/8 2502/1145/8 2504/1146/8
f 2515/1147/1 2514/1148/1 2513/1149/1
f 2522/1148/2 2523/1147/2 2521/1149/2
f 2517/1150/3 2516/1151/3 2515/1147/3
f 2524/1151/2 2525/1150/2 2523/1147/2
f 2519/1152/4 2518/1153/4 2517/1150/4
f 2526/1153/2 2527/1152/2 2525/1150/2
f 2514/1148/5 2521/1149/5 2513/1149/5
f 2519/1152/6 2528/1154/6 2520/1154/6
f 2521/1149/7 2515/1147/7 2513/1149/7
f 2516/1151/8 2522/1148/8 2514/1148/8
f 2523/1147/7 2517/1150/7 2515/1147/7
f 2526/1153/8 2516/1151/8 2518/1153/8
f 2517/1150/7 2527/1152/7 2519/1152/7
f 2528/1154/8 2518/1153/8 2520/1154/8
f 2531/1155/1 2530/799/1 2529/1156/1
f 2538/799/2 2539/1155/2 2537/1156/2
f 2533/1157/3 2532/1158/3 2531/1155/3
f 2540/1158/2 2541/1157/2 2539/1155/2
f 2535/1159/4 2534/1160/4 2533/1157/4
f 2542/1160/2 2543/1159/2 2541/1157/2
f 2530/799/5 2537/1156/5 2529/1156/5
f 2535/1159/6 2544/609/6 2536/609/6
f 2537/1156/7 2531/1155/7 2529/1156/7
f 2532/1158/8 2538/799/8 2530/799/8
f 2539/1155/7 2533/1157/7 2531/1155/7
f 2542/1160/8 2532/1158/8 2534/1160/8
f 2533/1157/7 2543/1159/7 2535/1159/7
f 2544/609/8 2534/1160/8 2536/609/8
f 2547/610/1 2546/1161/1 2545/612/1
f 2554/1161/2 2555/610/2 2553/612/2
f 2549/613/3 2548/1162/3 2547/610/3
f 2556/1162/2 2557/613/2 2555/610/2
f 2551/518/4 2550/1163/4 2549/613/4
f 2558/1163/2 2559/518/2 2557/613/2
f 2546/1161/5 2553/612/5 2545/612/5
f 2551/518/6 2560/1164/6 2552/1164/6
f 2553/612/7 2547/610/7 2545/612/7
f 2548/1162/8 2554/1161/8 2546/1161/8
f 2555/610/7 2549/613/7 2547/610/7
f 2558/1163/8 2548/1162/8 2550/1163/8
f 2549/613/7 2559/518/7 2551/518/7
f 2560/1164/8 2550/1163/8 2552/1164/8
f 2563/1165/1 2562/1166/1 2561/1167/1
f 2570/1166/2 2571/1165/2 2569/1167/2
f 2565/1168/3 2564/1169/3 2563/1165/3
f 2572/1169/2 2573/1168/2 2571/1165/2
f 2567/1170/4 2566/1171/4 2565/1168/4
f 2574/1171/2 2575/1170/2 2573/1168/2
f 2562/1166/5 2569/1167/5 2561/1167/5
f 2567/1170/6 2576/1172/6 2568/1172/6
f 2569/1167/7 2563/1165/7 2561/1167/7
f 2564/1169/8 2570/1166/8 2562/1166/8
f 2571/1165/7 2565/1168/7 2563/1165/7
f 2574/1171/8 2564/1169/8 2566/1171/8
f 2565/1168/7 2575/1170/7 2567/1170/7
f 2576/1172/8 2566/1171/8 2568/1172/8
f 2579/1173/1 2578/642/1 2577/1174/1
f 2586/642/2 2587/1173/2 2585/1174/2
f 2581/1175/3 2580/645/3 2579/1173/3
f 2588/645/2 2589/1175/2 2587/1173/2
f 2583/1176/4 2582/647/4 2581/1175/4
f 2590/647/2 2591/1176/2 2589/1175/2
f 2578/642/5 2585/1174/5 2577/1174/5
f 2583/1176/6 2592/541/6 2584/541/6
f 2585/1174/7 2579/1173/7 2577/1174/7
f 2580/645/8 2586/642/8 2578/642/8
f 2587/1173/7 2581/1175/7 2579/1173/7
f 2590/647/8 2580/645/8 2582/647/8
f 2581/1175/7 2591/1176/7 2583/1176/7
f 2592/541/8 2582/647/8 2584/541/8
f 2595/81/1 2594/1177/1 2593/83/1
f 2602/1177/2 2603/81/2 2601/83/2
f 2597/84/3 2596/1178/3 2595/81/3
f 2604/1178/2 2605/84/2 2603/81/2
f 2599/86/4 2598/1179/4 2597/84/4
f 2606/1179/2 2607/86/2 2605/84/2
f 2594/1177/5 2601/83/5 2593/83/5
f 2599/86/6 2608/1180/6 2600/1180/6
f 2601/83/7 2595/81/7 2593/83/7
f 2596/1178/8 2602/1177/8 2594/1177/8
f 2603/81/7 2597/84/7 2595/81/7
f 2606/1179/8 2596/1178/8 2598/1179/8
f 2597/84/7 2607/86/7 2599/86/7
f 2608/1180/8 2598/1179/8 2600/1180/8
f 2611/1181/1 2610/1182/1 2609/1183/1
f 2618/1182/2 2619/1181/2 2617/1183/2
f 2613/1184/3 2612/1185/3 2611/1181/3
f 2620/1185/2 2621/1184/2 2619/1181/2
f 2615/1186/4 2614/1187/4 2613/1184/4
f 2622/1187/2 2623/1186/2 2621/1184/2
f 2610/1182/5 2617/1183/5 2609/1183/5
f 2615/1186/6 2624/1188/6 2616/1188/6
f 2617/1183/7 2611/1181/7 2609/1183/7
f 2612/1185/8 2618/1182/8 2610/1182/8
f 2619/1181/7 2613/1184/7 2611/1181/7
f 2622/1187/8 2612/1185/8 2614/1187/8
f 2613/1184/7 2623/1186/7 2615/1186/7
f 2624/1188/8 2614/1187/8 2616/1188/8
f 2627/1189/1 2626/1190/1 2625/1191/1
f 2634/1190/2 2635/1189/2 2633/1191/2
f 2629/1192/3 2628/1193/3 2627/1189/3
f 2636/1193/2 2637/1192/2 2635/1189/2
f 2631/1194/4 2630/1195/4 2629/1192/4
f 2638/1195/2 2639/1194/2 2637/1192/2
f 2626/1190/5 2633/1191/5 2625/1191/5
f 2631/1194/6 2640/1196/6 2632/1196/6
f 2633/1191/7 2627/1189/7 2625/1191/7
f 2628/1193/8 2634/1190/8 2626/1190/8
f 2635/1189/7 2629/1192/7 2627/1189/7
f 2638/1195/8 2628/1193/8 2630/1195/8
f 2629/1192/7 2639/1194/7 2631/1194/7
f 2640/1196/8 2630/1195/8 2632/1196/8
f 2643/1197/1 2642/98/1 2641/1198/1
f 2650/98/2 2651/1197/2 2649/1198/2
f 2645/1199/3 2644/101/3 2643/1197/3
f 2652/101/2 2653/1199/2 2651/1197/2
f 2647/1200/4 2646/103/4 2645/1199/4
f 2654/103/2 2655/1200/2 2653/1199/2
f 2642/98/5 2649/1198/5 2641/1198/5
f 2647/1200/6 2656/104/6 2648/104/6
f 2649/1198/7 2643/1197/7 2641/1198/7
f 2644/101/8 2650/98/8 2642/98/8
f 2651/1197/7 2645/1199/7 2643/1197/7
f 2654/103/8 2644/101/8 2646/103/8
f 2645/1199/7 2655/1200/7 2647/1200/7
f 2656/104/8 2646/103/8 2648/104/8
f 2659/1201/1 2658/1202/1 2657/1203/1
f 2666/1202/2 2667/1201/2 2665/1203/2
f 2661/1204/3 2660/1205/3 2659/1201/3
f 2668/1205/2 2669/1204/2 2667/1201/2
f 2663/110/4 2662/1206/4 2661/1204/4
f 2670/1206/2 2671/110/2 2669/1204/2
f 2658/1202/5 2665/1203/5 2657/1203/5
f 2663/110/6 2672/1207/6 2664/1207/6
f 2665/1203/7 2659/1201/7 2657/1203/7
f 2660/1205/8 2666/1202/8 2658/1202/8
f 2667/1201/7 2661/1204/7 2659/1201/7
f 2670/1206/8 2660/1205/8 2662/1206/8
f 2661/1204/7 2671/110/7 2663/110/7
f 2672/1207/8 2662/1206/8 2664/1207/8
f 2675/1208/1 2674/1209/1 2673/1210/1
f 2682/1209/2 2683/1208/2 2681/1210/2
f 2677/1211/3 2676/1212/3 2675/1208/3
f 2684/1212/2 2685/1211/2 2683/1208/2
f 2679/1213/4 2678/1214/4 2677/1211/4
f 2686/1214/2 2687/1213/2 2685/1211/2
f 2674/1209/5 2681/1210/5 2673/1210/5
f 2679/1213/6 2688/1215/6 2680/1215/6
f 2681/1210/7 2675/1208/7 2673/1210/7
f 2676/1212/8 2682/1209/8 2674/1209/8
f 2683/1208/7 2677/1211/7 2675/1208/7
f 2686/1214/8 2676/1212/8 2678/1214/8
f 2677/1211/7 2687/1213/7 2679/1213/7
f 2688/1215/8 2678/1214/8 2680/1215/8
f 2691/1216/1 2690/1217/1 2689/1218/1
f 2698/1217/2 2699/1216/2 2697/1218/2
f 2693/1219/3 2692/1220/3 2691/1216/3
f 2700/1220/2 2701/1219/2 2699/1216/2
f 2695/1221/4 2694/1222/4 2693/1219/4
f 2702/1222/2 2703/1221/2 2701/1219/2
f 2690/1217/5 2697/1218/5 2689/1218/5
f 2695/1221/6 2704/144/6 2696/144/6
f 2697/1218/7 2691/1216/7 2689/1218/7
f 2692/1220/8 2698/1217/8 2690/1217/8
f 2699/1216/7 2693/1219/7 2691/1216/7
f 2702/1222/8 2692/1220/8 2694/1222/8
f 2693/1219/7 2703/1221/7 2695/1221/7
f 2704/144/8 2694/1222/8 2696/144/8
f 2707/696/1 2706/1223/1 2705/1224/1
f 2714/1223/2 2715/696/2 2713/1224/2
f 2709/902/3 2708/1225/3 2707/696/3
f 2716/1225/2 2717/902/2 2715/696/2
f 2711/701/4 2710/1226/4 2709/902/4
f 2718/1226/2 2719/701/2 2717/902/2
f 2706/1223/5 2713/1224/5 2705/1224/5
f 2711/701/6 2720/1227/6 2712/1227/6
f 2713/1224/7 2707/696/7 2705/1224/7
f 2708/1225/8 2714/1223/8 2706/1223/8
f 2715/696/7 2709/902/7 2707/696/7
f 2718/1226/8 2708/1225/8 2710/1226/8
f 2709/902/7 2719/701/7 2711/701/7
f 2720/1227/8 2710/1226/8 2712/1227/8
f 2723/1228/1 2722/1229/1 2721/1230/1
f 2730/1229/2 2731/1228/2 2729/1230/2
f 2725/1231/3 2724/1232/3 2723/1228/3
f 2732/1232/2 2733/1231/2 2731/1228/2
f 2727/1233/4 2726/1234/4 2725/1231/4
f 2734/1234/2 2735/1233/2 2733/1231/2
f 2722/1229/5 2729/1230/5 2721/1230/5
f 2727/1233/6 2736/1235/6 2728/1235/6
f 2729/1230/7 2723/1228/7 2721/1230/7
f 2724/1232/8 2730/1229/8 2722/1229/8
f 2731/1228/7 2725/1231/7 2723/1228/7
f 2734/1234/8 2724/1232/8 2726/1234/8
f 2725/1231/7 2735/1233/7 2727/1233/7
f 2736/1235/8 2726/1234/8 2728/1235/8
f 2739/1236/1 2738/1237/1 2737/1238/1
f 2746/1237/2 2747/1236/2 2745/1238/2
f 2741/1239/3 2740/1240/3 2739/1236/3
f 2748/1240/2 2749/1239/2 2747/1236/2
f 2743/1241/4 2742/1242/4 2741/1239/4
f 2750/1242/2 2751/1241/2 2749/1239/2
f 2738/1237/5 2745/1238/5 2737/1238/5
f 2743/1241/6 2752/1243/6 2744/1243/6
f 2745/1238/7 2739/1236/7 2737/1238/7
f 2740/1240/8 2746/1237/8 2738/1237/8
f 2747/1236/7 2741/1239/7 2739/1236/7
f 2750/1242/8 2740/1240/8 2742/1242/8
f 2741/1239/7 2751/1241/7 2743/1241/7
f 2752/1243/8 2742/1242/8 2744/1243/8
f 2755/1244/1 2754/1245/1 2753/1246/1
f 2762/1245/2 2763/1244/2 2761/1246/2
f 2757/1247/3 2756/724/3 2755/1244/3
f 2764/724/2 2765/1247/2 2763/1244/2
f 2759/1248/4 2758/934/4 2757/1247/4
f 2766/934/2 2767/1248/2 2765/1247/2
f 2754/1245/5 2761/1246/5 2753/1246/5
f 2759/1248/6 2768/727/6 2760/727/6
f 2761/1246/7 2755/1244/7 2753/1246/7
f 2756/724/8 2762/1245/8 2754/1245/8
f 2763/1244/7 2757/1247/7 2755/1244/7
f 2766/934/8 2756/724/8 2758/934/8
f 2757/1247/7 2767/1248/7 2759/1248/7
f 2768/727/8 2758/934/8 2760/727/8
f 2771/1249/1 2770/1250/1 2769/1251/1
f 2778/1250/2 2779/1249/2 2777/1251/2
f 2773/1252/3 2772/1253/3 2771/1249/3
f 2780/1253/2 2781/1252/2 2779/1249/2
f 2775/83/4 2774/1254/4 2773/1252/4
f 2782/1254/2 2783/83/2 2781/1252/2
f 2770/1250/5 2777/1251/5 2769/1251/5
f 2775/83/6 2784/1255/6 2776/1255/6
f 2777/1251/7 2771/1249/7 2769/1251/7
f 2772/1253/8 2778/1250/8 2770/1250/8
f 2779/1249/7 2773/1252/7 2771/1249/7
f 2782/1254/8 2772/1253/8 2774/1254/8
f 2773/1252/7 2783/83/7 2775/83/7
f 2784/1255/8 2774/1254/8 2776/1255/8
f 2787/1256/1 2786/1257/1 2785/1258/1
f 2794/1257/2 2795/1256/2 2793/1258/2
f 2789/1259/3 2788/1260/3 2787/1256/3
f 2796/1260/2 2797/1259/2 2795/1256/2
f 2791/1261/4 2790/1262/4 2789/1259/4
f 2798/1262/2 2799/1261/2 2797/1259/2
f 2786/1257/5 2793/1258/5 2785/1258/5
f 2791/1261/6 2800/1263/6 2792/1263/6
f 2793/1258/7 2787/1256/7 2785/1258/7
f 2788/1260/8 2794/1257/8 2786/1257/8
f 2795/1256/7 2789/1259/7 2787/1256/7
f 2798/1262/8 2788/1260/8 2790/1262/8
f 2789/1259/7 2799/1261/7 2791/1261/7
f 2800/1263/8 2790/1262/8 2792/1263/8
f 2803/1264/1 2802/1265/1 2801/1266/1
f 2810/1265/2 2811/1264/2 2809/1266/2
f 2805/1267/3 2804/1268/3 2803/1264/3
f 2812/1268/2 2813/1267/2 2811/1264/2
f 2807/1269/4 2806/1270/4 2805/1267/4
f 2814/1270/2 2815/1269/2 2813/1267/2
f 2802/1265/5 2809/1266/5 2801/1266/5
f 2807/1269/6 2816/1271/6 2808/1271/6
f 2809/1266/7 2803/1264/7 2801/1266/7
f 2804/1268/8 2810/1265/8 2802/1265/8
f 2811/1264/7 2805/1267/7 2803/1264/7
f 2814/1270/8 2804/1268/8 2806/1270/8
f 2805/1267/7 2815/1269/7 2807/1269/7
f 2816/1271/8 2806/1270/8 2808/1271/8
f 2819/1272/1 2818/1273/1 2817/1274/1
f 2826/1273/2 2827/1272/2 2825/1274/2
f 2821/1275/3 2820/1276/3 2819/1272/3
f 2828/1276/2 2829/1275/2 2827/1272/2
f 2823/1277/4 2822/1278/4 2821/1275/4
f 2830/1278/2 2831/1277/2 2829/1275/2
f 2818/1273/5 2825/1274/5 2817/1274/5
f 2823/1277/6 2832/98/6 2824/98/6
f 2825/1274/7 2819/1272/7 2817/1274/7
f 2820/1276/8 2826/1273/8 2818/1273/8
f 2827/1272/7 2821/1275/7 2819/1272/7
f 2830/1278/8 2820/1276/8 2822/1278/8
f 2821/1275/7 2831/1277/7 2823/1277/7
f 2832/98/8 2822/1278/8 2824/98/8
f 2835/191/1 2834/1279/1 2833/193/1
f 2842/1279/2 2843/191/2 2841/193/2
f 2837/194/3 2836/1280/3 2835/191/3
f 2844/1280/2 2845/194/2 2843/191/2
f 2839/196/4 2838/1281/4 2837/194/4
f 2846/1281/2 2847/196/2 2845/194/2
f 2834/1279/5 2841/193/5 2833/193/5
f 2839/196/6 2848/1282/6 2840/1282/6
f 2841/193/7 2835/191/7 2833/193/7
f 2836/1280/8 2842/1279/8 2834/1279/8
f 2843/191/7 2837/194/7 2835/191/7
f 2846/1281/8 2836/1280/8 2838/1281/8
f 2837/194/7 2847/196/7 2839/196/7
f 2848/1282/8 2838/1281/8 2840/1282/8
f 2851/1283/1 2850/1284/1 2849/1285/1
f 2858/1284/2 2859/1283/2 2857/1285/2
f 2853/1286/3 2852/1287/3 2851/1283/3
f 2860/1287/2 2861/1286/2 2859/1283/2
f 2855/1288/4 2854/1289/4 2853/1286/4
f 2862/1289/2 2863/1288/2 2861/1286/2
f 2850/1284/5 2857/1285/5 2849/1285/5
f 2855/1288/6 2864/1290/6 2856/1290/6
f 2857/1285/7 2851/1283/7 2849/1285/7
f 2852/1287/8 2858/1284/8 2850/1284/8
f 2859/1283/7 2853/1286/7 2851/1283/7
f 2862/1289/8 2852/1287/8 2854/1289/8
f 2853/1286/7 2863/1288/7 2855/1288/7
f 2864/1290/8 2854/1289/8 2856/1290/8
f 2867/1291/1 2866/1292/1 2865/1293/1
f 2874/1292/2 2875/1291/2 2873/1293/2
f 2869/1294/3 2868/1295/3 2867/1291/3
f 2876/1295/2 2877/1294/2 2875/1291/2
f 2871/1296/4 2870/1297/4 2869/1294/4
f 2878/1297/2 2879/1296/2 2877/1294/2
f 2866/1292/5 2873/1293/5 2865/1293/5
f 2871/1296/6 2880/1298/6 2872/1298/6
f 2873/1293/7 2867/1291/7 2865/1293/7
f 2868/1295/8 2874/1292/8 2866/1292/8
f 2875/1291/7 2869/1294/7 2867/1291/7
f 2878/1297/8 2868/1295/8 2870/1297/8
f 2869/1294/7 2879/1296/7 2871/1296/7
f 2880/1298/8 2870/1297/8 2872/1298/8
f 2883/1299/1 2882/1300/1 2881/1301/1
f 2890/1300/2 2891/1299/2 2889/1301/2
f 2885/1302/3 2884/1303/3 2883/1299/3
f 2892/1303/2 2893/1302/2 2891/1299/2
f 2887/1304/4 2886/1305/4 2885/1302/4
f 2894/1305/2 2895/1304/2 2893/1302/2
f 2882/1300/5 2889/1301/5 2881/1301/5
f 2887/1304/6 2896/1306/6 2888/1306/6
f 2889/1301/7 2883/1299/7 2881/1301/7
f 2884/1303/8 2890/1300/8 2882/1300/8
f 2891/1299/7 2885/1302/7 2883/1299/7
f 2894/1305/8 2884/1303/8 2886/1305/8
f 2885/1302/7 2895/1304/7 2887/1304/7
f 2896/1306/8 2886/1305/8 2888/1306/8
f 2899/1307/1 2898/208/1 2897/1308/1
f 2906/208/2 2907/1307/2 2905/1308/2
f 2901/1309/3 2900/211/3 2899/1307/3
f 2908/211/2 2909/1309/2 2907/1307/2
f 2903/1310/4 2902/213/4 2901/1309/4
f 2910/213/2 2911/1310/2 2909/1309/2
f 2898/208/5 2905/1308/5 2897/1308/5
f 2903/1310/6 2912/214/6 2904/214/6
f 2905/1308/7 2899/1307/7 2897/1308/7
f 2900/211/8 2906/208/8 2898/208/8
f 2907/1307/7 2901/1309/7 2899/1307/7
f 2910/213/8 2900/211/8 2902/213/8
f 2901/1309/7 2911/1310/7 2903/1310/7
f 2912/214/8 2902/213/8 2904/214/8
f 2915/1311/1 2914/1312/1 2913/1313/1
f 2922/1312/2 2923/1311/2 2921/1313/2
f 2917/1314/3 2916/1315/3 2915/1311/3
f 2924/1315/2 2925/1314/2 2923/1311/2
f 2919/1316/4 2918/1317/4 2917/1314/4
f 2926/1317/2 2927/1316/2 2925/1314/2
f 2914/1312/5 2921/1313/5 2913/1313/5
f 2919/1316/6 2928/1318/6 2920/1318/6
f 2921/1313/7 2915/1311/7 2913/1313/7
f 2916/1315/8 2922/1312/8 2914/1312/8
f 2923/1311/7 2917/1314/7 2915/1311/7
f 2926/1317/8 2916/1315/8 2918/1317/8
f 2917/1314/7 2927/1316/7 2919/1316/7
f 2928/1318/8 2918/1317/8 2920/1318/8
f 2931/1319/1 2930/1320/1 2929/1321/1
f 2938/1320/2 2939/1319/2 2937/1321/2
f 2933/1322/3 2932/1323/3 2931/1319/3
f 2940/1323/2 2941/1322/2 2939/1319/2
f 2935/1324/4 2934/1325/4 2933/1322/4
f 2942/1325/2 2943/1324/2 2941/1322/2
f 2930/1320/5 2937/1321/5 2929/1321/5
f 2935/1324/6 2944/1326/6 2936/1326/6
f 2937/1321/7 2931/1319/7 2929/1321/7
f 2932/1323/8 2938/1320/8 2930/1320/8
f 2939/1319/7 2933/1322/7 2931/1319/7
f 2942/1325/8 2932/1323/8 2934/1325/8
f 2933/1322/7 2943/1324/7 2935/1324/7
f 2944/1326/8 2934/1325/8 2936/1326/8
f 2947/1327/1 2946/1328/1 2945/1329/1
f 2954/1328/2 2955/1327/2 2953/1329/2
f 2949/1330/3 2948/1331/3 2947/1327/3
f 2956/1331/2 2957/1330/2 2955/1327/2
f 2951/1332/4 2950/1333/4 2949/1330/4
f 2958/1333/2 2959/1332/2 2957/1330/2
f 2946/1328/5 2953/1329/5 2945/1329/5
f 2951/1332/6 2960/1334/6 2952/1334/6
f 2953/1329/7 2947/1327/7 2945/1329/7
f 2948/1331/8 2954/1328/8 2946/1328/8
f 2955/1327/7 2949/1330/7 2947/1327/7
f 2958/1333/8 2948/1331/8 2950/1333/8
f 2949/1330/7 2959/1332/7 2951/1332/7
f 2960/1334/8 2950/1333/8 2952/1334/8
f 2963/800/1 2962/1335/1 2961/437/1
f 2970/1335/2 2971/800/2 2969/437/2
f 2965/1143/3 2964/1336/3 2963/800/3
f 2972/1336/2 2973/1143/2 2971/800/2
f 2967/612/4 2966/1337/4 2965/1143/4
f 2974/1337/2 2975/612/2 2973/1143/2
f 2962/1335/5 2969/437/5 2961/437/5
f 2967/612/6 2976/1338/6 2968/1338/6
f 2969/437/7 2963/800/7 2961/437/7
f 2964/1336/8 2970/1335/8 2962/1335/8
f 2971/800/7 2965/1143/7 2963/800/7
f 2974/1337/8 2964/1336/8 2966/1337/8
f 2965/1143/7 2975/612/7 2967/612/7
f 2976/1338/8 2966/1337/8 2968/1338/8
f 2979/1339/1 2978/1340/1 2977/1341/1
f 2986/1340/2 2987/1339/2 2985/1341/2
f 2981/1342/3 2980/1343/3 2979/1339/3
f 2988/1343/2 2989/1342/2 2987/1339/2
f 2983/1344/4 2982/1345/4 2981/1342/4
f 2990/1345/2 2991/1344/2 2989/1342/2
f 2978/1340/5 2985/1341/5 2977/1341/5
f 2983/1344/6 2992/1346/6 2984/1346/6
f 2985/1341/7 2979/1339/7 2977/1341/7
f 2980/1343/8 2986/1340/8 2978/1340/8
f 2987/1339/7 2981/1342/7 2979/1339/7
f 2990/1345/8 2980/1343/8 2982/1345/8
f 2981/1342/7 2991/1344/7 2983/1344/7
f 2992/1346/8 2982/1345/8 2984/1346/8
f 2995/1347/1 2994/1348/1 2993/1349/1
f 3002/1348/2 3003/1347/2 3001/1349/2
f 2997/1350/3 2996/1351/3 2995/1347/3
f 3004/1351/2 3005/1350/2 3003/1347/2
f 2999/1352/4 2998/1353/4 2997/1350/4
f 3006/1353/2 3007/1352/2 3005/1350/2
f 2994/1348/5 3001/1349/5 2993/1349/5
f 2999/1352/6 3008/1354/6 3000/1354/6
f 3001/1349/7 2995/1347/7 2993/1349/7
f 2996/1351/8 3002/1348/8 2994/1348/8
f 3003/1347/7 2997/1350/7 2995/1347/7
f 3006/1353/8 2996/1351/8 2998/1353/8
f 2997/1350/7 3007/1352/7 2999/1352/7
f 3008/1354/8 2998/1353/8 3000/1354/8
f 3011/1355/1 3010/900/1 3009/1356/1
f 3018/900/2 3019/1355/2 3017/1356/2
f 3013/1357/3 3012/827/3 3011/1355/3
f 3020/827/2 3021/1357/2 3019/1355/2
f 3015/1358/4 3014/1160/4 3013/1357/4
f 3022/1160/2 3023/1358/2 3021/1357/2
f 3010/900/5 3017/1356/5 3009/1356/5
f 3015/1358/6 3024/642/6 3016/642/6
f 3017/1356/7 3011/1355/7 3009/1356/7
f 3012/827/8 3018/900/8 3010/900/8
f 3019/1355/7 3013/1357/7 3011/1355/7
f 3022/1160/8 3012/827/8 3014/1160/8
f 3013/1357/7 3023/1358/7 3015/1358/7
f 3024/642/8 3014/1160/8 3016/642/8
f 3027/1359/1 3026/1360/1 3025/1361/1
f 3034/1360/2 3035/1359/2 3033/1361/2
f 3029/1362/3 3028/1363/3 3027/1359/3
f 3036/1363/2 3037/1362/2 3035/1359/2
f 3031/193/4 3030/1364/4 3029/1362/4
f 3038/1364/2 3039/193/2 3037/1362/2
f 3026/1360/5 3033/1361/5 3025/1361/5
f 3031/193/6 3040/1365/6 3032/1365/6
f 3033/1361/7 3027/1359/7 3025/1361/7
f 3028/1363/8 3034/1360/8 3026/1360/8
f 3035/1359/7 3029/1362/7 3027/1359/7
f 3038/1364/8 3028/1363/8 3030/1364/8
f 3029/1362/7 3039/193/7 3031/193/7
f 3040/1365/8 3030/1364/8 3032/1365/8
f 3043/1366/1 3042/1367/1 3041/1368/1
f 3050/1367/2 3051/1366/2 3049/1368/2
f 3045/1369/3 3044/1370/3 3043/1366/3
f 3052/1370/2 3053/1369/2 3051/1366/2
f 3047/1371/4 3046/1372/4 3045/1369/4
f 3054/1372/2 3055/1371/2 3053/1369/2
f 3042/1367/5 3049/1368/5 3041/1368/5
f 3047/1371/6 3056/1373/6 3048/1373/6
f 3049/1368/7 3043/1366/7 3041/1368/7
f 3044/1370/8 3050/1367/8 3042/1367/8
f 3051/1366/7 3045/1369/7 3043/1366/7
f 3054/1372/8 3044/1370/8 3046/1372/8
f 3045/1369/7 3055/1371/7 3047/1371/7
f 3056/1373/8 3046/1372/8 3048/1373/8
f 3059/1374/1 3058/1375/1 3057/1376/1
f 3066/1375/2 3067/1374/2 3065/1376/2
f 3061/1377/3 3060/1378/3 3059/1374/3
f 3068/1378/2 3069/1377/2 3067/1374/2
f 3063/1379/4 3062/1380/4 3061/1377/4
f 3070/1380/2 3071/1379/2 3069/1377/2
f 3058/1375/5 3065/1376/5 3057/1376/5
f 3063/1379/6 3072/1381/6 3064/1381/6
f 3065/1376/7 3059/1374/7 3057/1376/7
f 3060/1378/8 3066/1375/8 3058/1375/8
f 3067/1374/7 3061/1377/7 3059/1374/7
f 3070/1380/8 3060/1378/8 3062/1380/8
f 3061/1377/7 3071/1379/7 3063/1379/7
f 3072/1381/8 3062/1380/8 3064/1381/8
f 3075/1382/1 3074/1383/1 3073/1384/1
f 3082/1383/2 3083/1382/2 3081/1384/2
f 3077/1385/3 3076/1386/3 3075/1382/3
f 3084/1386/2 3085/1385/2 3083/1382/2
f 3079/1387/4 3078/1388/4 3077/1385/4
f 3086/1388/2 3087/1387/2 3085/1385/2
f 3074/1383/5 3081/1384/5 3073/1384/5
f 3079/1387/6 3088/1389/6 3080/1389/6
f 3081/1384/7 3075/1382/7 3073/1384/7
f 3076/1386/8 3082/1383/8 3074/1383/8
f 3083/1382/7 3077/1385/7 3075/1382/7
f 3086/1388/8 3076/1386/8 3078/1388/8
f 3077/1385/7 3087/1387/7 3079/1387/7
f 3088/1389/8 3078/1388/8 3080/1389/8
f 3091/1390/1 3090/304/1 3089/1391/1
f 3098/304/2 3099/1390/2 3097/1391/2
f 3093/1392/3 3092/307/3 3091/1390/3
f 3100/307/2 3101/1392/2 3099/1390/2
f 3095/1393/4 3094/309/4 3093/1392/4
f 3102/309/2 3103/1393/2 3101/1392/2
f 3090/304/5 3097/1391/5 3089/1391/5
f 3095/1393/6 3104/208/6 3096/208/6
f 3097/1391/7 3091/1390/7 3089/1391/7
f 3092/307/8 3098/304/8 3090/304/8
f 3099/1390/7 3093/1392/7 3091/1390/7
f 3102/309/8 3092/307/8 3094/309/8
f 3093/1392/7 3103/1393/7 3095/1393/7
f 3104/208/8 3094/309/8 3096/208/8
f 3107/310/1 3106/1394/1 3105/312/1
f 3114/1394/2 3115/310/2 3113/312/2
f 3109/313/3 3108/1395/3 3107/310/3
f 3116/1395/2 3117/313/2 3115/310/2
f 3111/315/4 3110/1396/4 3109/313/4
f 3118/1396/2 3119/315/2 3117/313/2
f 3106/1394/5 3113/312/5 3105/312/5
f 3111/315/6 3120/1397/6 3112/1397/6
f 3113/312/7 3107/310/7 3105/312/7
f 3108/1395/8 3114/1394/8 3106/1394/8
f 3115/310/7 3109/313/7 3107/310/7
f 3118/1396/8 3108/1395/8 3110/1396/8
f 3109/313/7 3119/315/7 3111/315/7
f 3120/1397/8 3110/1396/8 3112/1397/8
f 3123/1398/1 3122/1399/1 3121/1400/1
f 3130/1399/2 3131/1398/2 3129/1400/2
f 3125/1401/3 3124/1402/3 3123/1398/3
f 3132/1402/2 3133/1401/2 3131/1398/2
f 3127/1403/4 3126/1404/4 3125/1401/4
f 3134/1404/2 3135/1403/2 3133/1401/2
f 3122/1399/5 3129/1400/5 3121/1400/5
f 3127/1403/6 3136/1405/6 3128/1405/6
f 3129/1400/7 3123/1398/7 3121/1400/7
f 3124/1402/8 3130/1399/8 3122/1399/8
f 3131/1398/7 3125/1401/7 3123/1398/7
f 3134/1404/8 3124/1402/8 3126/1404/8
f 3125/1401/7 3135/1403/7 3127/1403/7
f 3136/1405/8 3126/1404/8 3128/1405/8
f 3139/1406/1 3138/1407/1 3137/1408/1
f 3146/1407/2 3147/1406/2 3145/1408/2
f 3141/1409/3 3140/1410/3 3139/1406/3
f 3148/1410/2 3149/1409/2 3147/1406/2
f 3143/1411/4 3142/1412/4 3141/1409/4
f 3150/1412/2 3151/1411/2 3149/1409/2
f 3138/1407/5 3145/1408/5 3137/1408/5
f 3143/1411/6 3152/1413/6 3144/1413/6
f 3145/1408/7 3139/1406/7 3137/1408/7
f 3140/1410/8 3146/1407/8 3138/1407/8
f 3147/1406/7 3141/1409/7 3139/1406/7
f 3150/1412/8 3140/1410/8 3142/1412/8
f 3141/1409/7 3151/1411/7 3143/1411/7
f 3152/1413/8 3142/1412/8 3144/1413/8
f 3155/1414/1 3154/1415/1 3153/1416/1
f 3162/1415/2 3163/1414/2 3161/1416/2
f 3157/1417/3 3156/1418/3 3155/1414/3
f 3164/1418/2 3165/1417/2 3163/1414/2
f 3159/1419/4 3158/1420/4 3157/1417/4
f 3166/1420/2 3167/1419/2 3165/1417/2
f 3154/1415/5 3161/1416/5 3153/1416/5
f 3159/1419/6 3168/1421/6 3160/1421/6
f 3161/1416/7 3155/1414/7 3153/1416/7
f 3156/1418/8 3162/1415/8 3154/1415/8
f 3163/1414/7 3157/1417/7 3155/1414/7
f 3166/1420/8 3156/1418/8 3158/1420/8
f 3157/1417/7 3167/1419/7 3159/1419/7
f 3168/1421/8 3158/1420/8 3160/1421/8
f 3171/1422/1 3170/327/1 3169/1423/1
f 3178/327/2 3179/1422/2 3177/1423/2
f 3173/1424/3 3172/330/3 3171/1422/3
f 3180/330/2 3181/1424/2 3179/1422/2
f 3175/1425/4 3174/332/4 3173/1424/4
f 3182/332/2 3183/1425/2 3181/1424/2
f 3170/327/5 3177/1423/5 3169/1423/5
f 3175/1425/6 3184/333/6 3176/333/6
f 3177/1423/7 3171/1422/7 3169/1423/7
f 3172/330/8 3178/327/8 3170/327/8
f 3179/1422/7 3173/1424/7 3171/1422/7
f 3182/332/8 3172/330/8 3174/332/8
f 3173/1424/7 3183/1425/7 3175/1425/7
f 3184/333/8 3174/332/8 3176/333/8
f 3187/1426/1 3186/1427/1 3185/1428/1
f 3194/1427/2 3195/1426/2 3193/1428/2
f 3189/1429/3 3188/1430/3 3187/1426/3
f 3196/1430/2 3197/1429/2 3195/1426/2
f 3191/147/4 3190/1431/4 3189/1429/4
f 3198/1431/2 3199/147/2 3197/1429/2
f 3186/1427/5 3193/1428/5 3185/1428/5
f 3191/147/6 3200/1432/6 3192/1432/6
f 3193/1428/7 3187/1426/7 3185/1428/7
f 3188/1430/8 3194/1427/8 3186/1427/8
f 3195/1426/7 3189/1429/7 3187/1426/7
f 3198/1431/8 3188/1430/8 3190/1431/8
f 3189/1429/7 3199/147/7 3191/147/7
f 3200/1432/8 3190/1431/8 3192/1432/8
f 3203/1433/1 3202/1434/1 3201/1435/1
f 3210/1434/2 3211/1433/2 3209/1435/2
f 3205/1436/3 3204/1437/3 3203/1433/3
f 3212/1437/2 3213/1436/2 3211/1433/2
f 3207/1438/4 3206/1439/4 3205/1436/4
f 3214/1439/2 3215/1438/2 3213/1436/2
f 3202/1434/5 3209/1435/5 3201/1435/5
f 3207/1438/6 3216/1440/6 3208/1440/6
f 3209/1435/7 3203/1433/7 3201/1435/7
f 3204/1437/8 3210/1434/8 3202/1434/8
f 3211/1433/7 3205/1436/7 3203/1433/7
f 3214/1439/8 3204/1437/8 3206/1439/8
f 3205/1436/7 3215/1438/7 3207/1438/7
f 3216/1440/8 3206/1439/8 3208/1440/8
f 3219/1441/1 3218/1442/1 3217/1443/1
f 3226/1442/2 3227/1441/2 3225/1443/2
f 3221/1444/3 3220/1445/3 3219/1441/3
f 3228/1445/2 3229/1444/2 3227/1441/2
f 3223/1446/4 3222/1447/4 3221/1444/4
f 3230/1447/2 3231/1446/2 3229/1444/2
f 3218/1442/5 3225/1443/5 3217/1443/5
f 3223/1446/6 3232/1448/6 3224/1448/6
f 3225/1443/7 3219/1441/7 3217/1443/7
f 3220/1445/8 3226/1442/8 3218/1442/8
f 3227/1441/7 3221/1444/7 3219/1441/7
f 3230/1447/8 3220/1445/8 3222/1447/8
f 3221/1444/7 3231/1446/7 3223/1446/7
f 3232/1448/8 3222/1447/8 3224/1448/8
f 3235/1449/1 3234/1450/1 3233/1451/1
f 3242/1450/2 3243/1449/2 3241/1451/2
f 3237/1452/3 3236/1453/3 3235/1449/3
f 3244/1453/2 3245/1452/2 3243/1449/2
f 3239/1454/4 3238/1455/4 3237/1452/4
f 3246/1455/2 3247/1454/2 3245/1452/2
f 3234/1450/5 3241/1451/5 3233/1451/5
f 3239/1454/6 3248/1456/6 3240/1456/6
f 3241/1451/7 3235/1449/7 3233/1451/7
f 3236/1453/8 3242/1450/8 3234/1450/8
f 3243/1449/7 3237/1452/7 3235/1449/7
f 3246/1455/8 3236/1453/8 3238/1455/8
f 3237/1452/7 3247/1454/7 3239/1454/7
f 3248/1456/8 3238/1455/8 3240/1456/8
f 3251/1457/1 3250/1458/1 3249/1459/1
f 3258/1458/2 3259/1457/2 3257/1459/2
f 3253/1460/3 3252/1461/3 3251/1457/3
f 3260/1461/2 3261/1460/2 3259/1457/2
f 3255/1462/4 3254/1463/4 3253/1460/4
f 3262/1463/2 3263/1462/2 3261/1460/2
f 3250/1458/5 3257/1459/5 3249/1459/5
f 3255/1462/6 3264/162/6 3256/162/6
f 3257/1459/7 3251/1457/7 3249/1459/7
f 3252/1461/8 3258/1458/8 3250/1458/8
f 3259/1457/7 3253/1460/7 3251/1457/7
f 3262/1463/8 3252/1461/8 3254/1463/8
f 3253/1460/7 3263/1462/7 3255/1462/7
f 3264/162/8 3254/1463/8 3256/162/8
f 3267/356/1 3266/1464/1 3265/1465/1
f 3274/1464/2 3275/356/2 3273/1465/2
f 3269/1466/3 3268/1467/3 3267/356/3
f 3276/1467/2 3277/1466/2 3275/356/2
f 3271/361/4 3270/1468/4 3269/1466/4
f 3278/1468/2 3279/361/2 3277/1466/2
f 3266/1464/5 3273/1465/5 3265/1465/5
f 3271/361/6 3280/1469/6 3272/1469/6
f 3273/1465/7 3267/356/7 3265/1465/7
f 3268/1467/8 3274/1464/8 3266/1464/8
f 3275/356/7 3269/1466/7 3267/356/7
f 3278/1468/8 3268/1467/8 3270/1468/8
f 3269/1466/7 3279/361/7 3271/361/7
f 3280/1469/8 3270/1468/8 3272/1469/8
f 3283/1470/1 3282/1471/1 3281/1472/1
f 3290/1471/2 3291/1470/2 3289/1472/2
f 3285/1473/3 3284/1474/3 3283/1470/3
f 3292/1474/2 3293/1473/2 3291/1470/2
f 3287/1475/4 3286/1476/4 3285/1473/4
f 3294/1476/2 3295/1475/2 3293/1473/2
f 3282/1471/5 3289/1472/5 3281/1472/5
f 3287/1475/6 3296/1477/6 3288/1477/6
f 3289/1472/7 3283/1470/7 3281/1472/7
f 3284/1474/8 3290/1471/8 3282/1471/8
f 3291/1470/7 3285/1473/7 3283/1470/7
f 3294/1476/8 3284/1474/8 3286/1476/8
f 3285/1473/7 3295/1475/7 3287/1475/7
f 3296/1477/8 3286/1476/8 3288/1477/8
f 3299/1478/1 3298/1479/1 3297/1480/1
f 3306/1479/2 3307/1478/2 3305/1480/2
f 3301/1481/3 3300/376/3 3299/1478/3
f 3308/376/2 3309/1481/2 3307/1478/2
f 3303/1482/4 3302/1483/4 3301/1481/4
f 3310/1483/2 3311/1482/2 3309/1481/2
f 3298/1479/5 3305/1480/5 3297/1480/5
f 3303/1482/6 3312/379/6 3304/379/6
f 3305/1480/7 3299/1478/7 3297/1480/7
f 3300/376/8 3306/1479/8 3298/1479/8
f 3307/1478/7 3301/1481/7 3299/1478/7
f 3310/1483/8 3300/376/8 3302/1483/8
f 3301/1481/7 3311/1482/7 3303/1482/7
f 3312/379/8 3302/1483/8 3304/379/8
f 3315/380/1 3314/1484/1 3313/382/1
f 3322/1484/2 3323/380/2 3321/382/2
f 3317/383/3 3316/1485/3 3315/380/3
f 3324/1485/2 3325/383/2 3323/380/2
f 3319/312/4 3318/1486/4 3317/383/4
f 3326/1486/2 3327/312/2 3325/383/2
f 3314/1484/5 3321/382/5 3313/382/5
f 3319/312/6 3328/1487/6 3320/1487/6
f 3321/382/7 3315/380/7 3313/382/7
f 3316/1485/8 3322/1484/8 3314/1484/8
f 3323/380/7 3317/383/7 3315/380/7
f 3326/1486/8 3316/1485/8 3318/1486/8
f 3317/383/7 3327/312/7 3319/312/7
f 3328/1487/8 3318/1486/8 3320/1487/8
f 3331/1488/1 3330/1489/1 3329/1490/1
f 3338/1489/2 3339/1488/2 3337/1490/2
f 3333/1491/3 3332/1492/3 3331/1488/3
f 3340/1492/2 3341/1491/2 3339/1488/2
f 3335/1493/4 3334/1494/4 3333/1491/4
f 3342/1494/2 3343/1493/2 3341/1491/2
f 3330/1489/5 3337/1490/5 3329/1490/5
f 3335/1493/6 3344/1495/6 3336/1495/6
f 3337/1490/7 3331/1488/7 3329/1490/7
f 3332/1492/8 3338/1489/8 3330/1489/8
f 3339/1488/7 3333/1491/7 3331/1488/7
f 3342/1494/8 3332/1492/8 3334/1494/8
f 3333/1491/7 3343/1493/7 3335/1493/7
f 3344/1495/8 3334/1494/8 3336/1495/8
f 3347/1496/1 3346/1497/1 3345/1498/1
f 3354/1497/2 3355/1496/2 3353/1498/2
f 3349/1499/3 3348/1500/3 3347/1496/3
f 3356/1500/2 3357/1499/2 3355/1496/2
f 3351/1501/4 3350/1502/4 3349/1499/4
f 3358/1502/2 3359/1501/2 3357/1499/2
f 3346/1497/5 3353/1498/5 3345/1498/5
f 3351/1501/6 3360/1503/6 3352/1503/6
f 3353/1498/7 3347/1496/7 3345/1498/7
f 3348/1500/8 3354/1497/8 3346/1497/8
f 3355/1496/7 3349/1499/7 3347/1496/7
f 3358/1502/8 3348/1500/8 3350/1502/8
f 3349/1499/7 3359/1501/7 3351/1501/7
f 3360/1503/8 3350/1502/8 3352/1503/8
f 3363/1504/1 3362/1505/1 3361/1506/1
f 3370/1505/2 3371/1504/2 3369/1506/2
f 3365/1507/3 3364/1508/3 3363/1504/3
f 3372/1508/2 3373/1507/2 3371/1504/2
f 3367/1509/4 3366/1510/4 3365/1507/4
f 3374/1510/2 3375/1509/2 3373/1507/2
f 3362/1505/5 3369/1506/5 3361/1506/5
f 3367/1509/6 3376/1511/6 3368/1511/6
f 3369/1506/7 3363/1504/7 3361/1506/7
f 3364/1508/8 3370/1505/8 3362/1505/8
f 3371/1504/7 3365/1507/7 3363/1504/7
f 3374/1510/8 3364/1508/8 3366/1510/8
f 3365/1507/7 3375/1509/7 3367/1509/7
f 3376/1511/8 3366/1510/8 3368/1511/8
f 3379/1512/1 3378/404/1 3377/1513/1
f 3386/404/2 3387/1512/2 3385/1513/2
f 3381/1514/3 3380/407/3 3379/1512/3
f 3388/407/2 3389/1514/2 3387/1512/2
f 3383/1515/4 3382/409/4 3381/1514/4
f 3390/409/2 3391/1515/2 3389/1514/2
f 3378/404/5 3385/1513/5 3377/1513/5
f 3383/1515/6 3392/327/6 3384/327/6
f 3385/1513/7 3379/1512/7 3377/1513/7
f 3380/407/8 3386/404/8 3378/404/8
f 3387/1512/7 3381/1514/7 3379/1512/7
f 3390/409/8 3380/407/8 3382/409/8
f 3381/1514/7 3391/1515/7 3383/1515/7
f 3392/327/8 3382/409/8 3384/327/8
f 3395/410/1 3394/1516/1 3393/412/1
f 3402/1516/2 3403/410/2 3401/412/2
f 3397/413/3 3396/1517/3 3395/410/3
f 3404/1517/2 3405/413/2 3403/410/2
f 3399/315/4 3398/1518/4 3397/413/4
f 3406/1518/2 3407/315/2 3405/413/2
f 3394/1516/5 3401/412/5 3393/412/5
f 3399/315/6 3408/1519/6 3400/1519/6
f 3401/412/7 3395/410/7 3393/412/7
f 3396/1517/8 3402/1516/8 3394/1516/8
f 3403/410/7 3397/413/7 3395/410/7
f 3406/1518/8 3396/1517/8 3398/1518/8
f 3397/413/7 3407/315/7 3399/315/7
f 3408/1519/8 3398/1518/8 3400/1519/8
f 3411/1520/1 3410/1521/1 3409/1522/1
f 3418/1521/2 3419/1520/2 3417/1522/2
f 3413/1523/3 3412/1524/3 3411/1520/3
f 3420/1524/2 3421/1523/2 3419/1520/2
f 3415/1525/4 3414/1526/4 3413/1523/4
f 3422/1526/2 3423/1525/2 3421/1523/2
f 3410/1521/5 3417/1522/5 3409/1522/5
f 3415/1525/6 3424/1527/6 3416/1527/6
f 3417/1522/7 3411/1520/7 3409/1522/7
f 3412/1524/8 3418/1521/8 3410/1521/8
f 3419/1520/7 3413/1523/7 3411/1520/7
f 3422/1526/8 3412/1524/8 3414/1526/8
f 3413/1523/7 3423/1525/7 3415/1525/7
f 3424/1527/8 3414/1526/8 3416/1527/8
f 3427/1528/1 3426/426/1 3425/1529/1
f 3434/426/2 3435/1528/2 3433/1529/2
f 3429/1530/3 3428/429/3 3427/1528/3
f 3436/429/2 3437/1530/2 3435/1528/2
f 3431/1531/4 3430/431/4 3429/1530/4
f 3438/431/2 3439/1531/2 3437/1530/2
f 3426/426/5 3433/1529/5 3425/1529/5
f 3431/1531/6 3440/333/6 3432/333/6
f 3433/1529/7 3427/1528/7 3425/1529/7
f 3428/429/8 3434/426/8 3426/426/8
f 3435/1528/7 3429/1530/7 3427/1528/7
f 3438/431/8 3428/429/8 3430/431/8
f 3429/1530/7 3439/1531/7 3431/1531/7
f 3440/333/8 3430/431/8 3432/333/8
f 3443/1532/1 3442/1533/1 3441/1534/1
f 3450/1533/2 3451/1532/2 3449/1534/2
f 3445/1535/3 3444/1536/3 3443/1532/3
f 3452/1536/2 3453/1535/2 3451/1532/2
f 3447/1537/4 3446/1538/4 3445/1535/4
f 3454/1538/2 3455/1537/2 3453/1535/2
f 3442/1533/5 3449/1534/5 3441/1534/5
f 3447/1537/6 3456/1539/6 3448/1539/6
f 3449/1534/7 3443/1532/7 3441/1534/7
f 3444/1536/8 3450/1533/8 3442/1533/8
f 3451/1532/7 3445/1535/7 3443/1532/7
f 3454/1538/8 3444/1536/8 3446/1538/8
f 3445/1535/7 3455/1537/7 3447/1537/7
f 3456/1539/8 3446/1538/8 3448/1539/8
f 3459/1540/1 3458/1541/1 3457/1542/1
f 3466/1541/2 3467/1540/2 3465/1542/2
f 3461/1543/3 3460/1544/3 3459/1540/3
f 3468/1544/2 3469/1543/2 3467/1540/2
f 3463/1545/4 3462/1546/4 3461/1543/4
f 3470/1546/2 3471/1545/2 3469/1543/2
f 3458/1541/5 3465/1542/5 3457/1542/5
f 3463/1545/6 3472/1547/6 3464/1547/6
f 3465/1542/7 3459/1540/7 3457/1542/7
f 3460/1544/8 3466/1541/8 3458/1541/8
f 3467/1540/7 3461/1543/7 3459/1540/7
f 3470/1546/8 3460/1544/8 3462/1546/8
f 3461/1543/7 3471/1545/7 3463/1545/7
f 3472/1547/8 3462/1546/8 3464/1547/8
f 3475/1548/1 3474/1549/1 3473/1550/1
f 3482/1549/2 3483/1548/2 3481/1550/2
f 3477/1551/3 3476/1552/3 3475/1548/3
f 3484/1552/2 3485/1551/2 3483/1548/2
f 3479/1553/4 3478/1554/4 3477/1551/4
f 3486/1554/2 3487/1553/2 3485/1551/2
f 3474/1549/5 3481/1550/5 3473/1550/5
f 3479/1553/6 3488/1555/6 3480/1555/6
f 3481/1550/7 3475/1548/7 3473/1550/7
f 3476/1552/8 3482/1549/8 3474/1549/8
f 3483/1548/7 3477/1551/7 3475/1548/7
f 3486/1554/8 3476/1552/8 3478/1554/8
f 3477/1551/7 3487/1553/7 3479/1553/7
f 3488/1555/8 3478/1554/8 3480/1555/8
f 3491/1556/1 3490/1557/1 3489/1558/1
f 3498/1557/2 3499/1556/2 3497/1558/2
f 3493/1559/3 3492/1560/3 3491/1556/3
f 3500/1560/2 3501/1559/2 3499/1556/2
f 3495/1561/4 3494/1562/4 3493/1559/4
f 3502/1562/2 3503/1561/2 3501/1559/2
f 3490/1557/5 3497/1558/5 3489/1558/5
f 3495/1561/6 3504/1563/6 3496/1563/6
f 3497/1558/7 3491/1556/7 3489/1558/7
f 3492/1560/8 3498/1557/8 3490/1557/8
f 3499/1556/7 3493/1559/7 3491/1556/7
f 3502/1562/8 3492/1560/8 3494/1562/8
f 3493/1559/7 3503/1561/7 3495/1561/7
f 3504/1563/8 3494/1562/8 3496/1563/8
f 3507/1564/1 3506/1565/1 3505/1566/1
f 3514/1565/2 3515/1564/2 3513/1566/2
f 3509/1567/3 3508/1568/3 3507/1564/3
f 3516/1568/2 3517/1567/2 3515/1564/2
f 3511/452/4 3510/1569/4 3509/1567/4
f 3518/1569/2 3519/452/2 3517/1567/2
f 3506/1565/5 3513/1566/5 3505/1566/5
f 3511/452/6 3520/1570/6 3512/1570/6
f 3513/1566/7 3507/1564/7 3505/1566/7
f 3508/1568/8 3514/1565/8 3506/1565/8
f 3515/1564/7 3509/1567/7 3507/1564/7
f 3518/1569/8 3508/1568/8 3510/1569/8
f 3509/1567/7 3519/452/7 3511/452/7
f 3520/1570/8 3510/1569/8 3512/1570/8
f 3523/1571/1 3522/1572/1 3521/1573/1
f 3530/1572/2 3531/1571/2 3529/1573/2
f 3525/1574/3 3524/1575/3 3523/1571/3
f 3532/1575/2 3533/1574/2 3531/1571/2
f 3527/1576/4 3526/1577/4 3525/1574/4
f 3534/1577/2 3535/1576/2 3533/1574/2
f 3522/1572/5 3529/1573/5 3521/1573/5
f 3527/1576/6 3536/1578/6 3528/1578/6
f 3529/1573/7 3523/1571/7 3521/1573/7
f 3524/1575/8 3530/1572/8 3522/1572/8
f 3531/1571/7 3525/1574/7 3523/1571/7
f 3534/1577/8 3524/1575/8 3526/1577/8
f 3525/1574/7 3535/1576/7 3527/1576/7
f 3536/1578/8 3526/1577/8 3528/1578/8
f 3539/1579/1 3538/1580/1 3537/1581/1
f 3546/1580/2 3547/1579/2 3545/1581/2
f 3541/1582/3 3540/1583/3 3539/1579/3
f 3548/1583/2 3549/1582/2 3547/1579/2
f 3543/1584/4 3542/1585/4 3541/1582/4
f 3550/1585/2 3551/1584/2 3549/1582/2
f 3538/1580/5 3545/1581/5 3537/1581/5
f 3543/1584/6 3552/485/6 3544/485/6
f 3545/1581/7 3539/1579/7 3537/1581/7
f 3540/1583/8 3546/1580/8 3538/1580/8
f 3547/1579/7 3541/1582/7 3539/1579/7
f 3550/1585/8 3540/1583/8 3542/1585/8
f 3541/1582/7 3551/1584/7 3543/1584/7
f 3552/485/8 3542/1585/8 3544/485/8
f 3555/486/1 3554/1586/1 3553/488/1
f 3562/1586/2 3563/486/2 3561/488/2
f 3557/489/3 3556/1587/3 3555/486/3
f 3564/1587/2 3565/489/2 3563/486/2
f 3559/412/4 3558/1588/4 3557/489/4
f 3566/1588/2 3567/412/2 3565/489/2
f 3554/1586/5 3561/488/5 3553/488/5
f 3559/412/6 3568/1589/6 3560/1589/6
f 3561/488/7 3555/486/7 3553/488/7
f 3556/1587/8 3562/1586/8 3554/1586/8
f 3563/486/7 3557/489/7 3555/486/7
f 3566/1588/8 3556/1587/8 3558/1588/8
f 3557/489/7 3567/412/7 3559/412/7
f 3568/1589/8 3558/1588/8 3560/1589/8
f 3571/1590/1 3570/1591/1 3569/1592/1
f 3578/1591/2 3579/1590/2 3577/1592/2
f 3573/1593/3 3572/1594/3 3571/1590/3
f 3580/1594/2 3581/1593/2 3579/1590/2
f 3575/1595/4 3574/1596/4 3573/1593/4
f 3582/1596/2 3583/1595/2 3581/1593/2
f 3570/1591/5 3577/1592/5 3569/1592/5
f 3575/1595/6 3584/1597/6 3576/1597/6
f 3577/1592/7 3571/1590/7 3569/1592/7
f 3572/1594/8 3578/1591/8 3570/1591/8
f 3579/1590/7 3573/1593/7 3571/1590/7
f 3582/1596/8 3572/1594/8 3574/1596/8
f 3573/1593/7 3583/1595/7 3575/1595/7
f 3584/1597/8 3574/1596/8 3576/1597/8
f 3587/1598/1 3586/1599/1 3585/1600/1
f 3594/1599/2 3595/1598/2 3593/1600/2
f 3589/1601/3 3588/1602/3 3587/1598/3
f 3596/1602/2 3597/1601/2 3595/1598/2
f 3591/1603/4 3590/1604/4 3589/1601/4
f 3598/1604/2 3599/1603/2 3597/1601/2
f 3586/1599/5 3593/1600/5 3585/1600/5
f 3591/1603/6 3600/1605/6 3592/1605/6
f 3593/1600/7 3587/1598/7 3585/1600/7
f 3588/1602/8 3594/1599/8 3586/1599/8
f 3595/1598/7 3589/1601/7 3587/1598/7
f 3598/1604/8 3588/1602/8 3590/1604/8
f 3589/1601/7 3599/1603/7 3591/1603/7
f 3600/1605/8 3590/1604/8 3592/1605/8
f 3603/1606/1 3602/1607/1 3601/1608/1
f 3610/1607/2 3611/1606/2 3609/1608/2
f 3605/1609/3 3604/1610/3 3603/1606/3
f 3612/1610/2 3613/1609/2 3611/1606/2
f 3607/1611/4 3606/1612/4 3605/1609/4
f 3614/1612/2 3615/1611/2 3613/1609/2
f 3602/1607/5 3609/1608/5 3601/1608/5
f 3607/1611/6 3616/1613/6 3608/1613/6
f 3609/1608/7 3603/1606/7 3601/1608/7
f 3604/1610/8 3610/1607/8 3602/1607/8
f 3611/1606/7 3605/1609/7 3603/1606/7
f 3614/1612/8 3604/1610/8 3606/1612/8
f 3605/1609/7 3615/1611/7 3607/1611/7
f 3616/1613/8 3606/1612/8 3608/1613/8
f 3619/1614/1 3618/510/1 3617/1615/1
f 3626/510/2 3627/1614/2 3625/1615/2
f 3621/1616/3 3620/513/3 3619/1614/3
f 3628/513/2 3629/1616/2 3627/1614/2
f 3623/1617/4 3622/515/4 3621/1616/4
f 3630/515/2 3631/1617/2 3629/1616/2
f 3618/510/5 3625/1615/5 3617/1615/5
f 3623/1617/6 3632/426/6 3624/426/6
f 3625/1615/7 3619/1614/7 3617/1615/7
f 3620/513/8 3626/510/8 3618/510/8
f 3627/1614/7 3621/1616/7 3619/1614/7
f 3630/515/8 3620/513/8 3622/515/8
f 3621/1616/7 3631/1617/7 3623/1617/7
f 3632/426/8 3622/515/8 3624/426/8
f 3635/1618/1 3634/1619/1 3633/518/1
f 3642/1619/2 3643/1618/2 3641/518/2
f 3637/1620/3 3636/1621/3 3635/1618/3
f 3644/1621/2 3645/1620/2 3643/1618/2
f 3639/1622/4 3638/1623/4 3637/1620/4
f 3646/1623/2 3647/1622/2 3645/1620/2
f 3634/1619/5 3641/518/5 3633/518/5
f 3639/1622/6 3648/1624/6 3640/1624/6
f 3641/518/7 3635/1618/7 3633/518/7
f 3636/1621/8 3642/1619/8 3634/1619/8
f 3643/1618/7 3637/1620/7 3635/1618/7
f 3646/1623/8 3636/1621/8 3638/1623/8
f 3637/1620/7 3647/1622/7 3639/1622/7
f 3648/1624/8 3638/1623/8 3640/1624/8
f 3651/1625/1 3650/1626/1 3649/1627/1
f 3658/1626/2 3659/1625/2 3657/1627/2
f 3653/1628/3 3652/1629/3 3651/1625/3
f 3660/1629/2 3661/1628/2 3659/1625/2
f 3655/1630/4 3654/1631/4 3653/1628/4
f 3662/1631/2 3663/1630/2 3661/1628/2
f 3650/1626/5 3657/1627/5 3649/1627/5
f 3655/1630/6 3664/1632/6 3656/1632/6
f 3657/1627/7 3651/1625/7 3649/1627/7
f 3652/1629/8 3658/1626/8 3650/1626/8
f 3659/1625/7 3653/1628/7 3651/1625/7
f 3662/1631/8 3652/1629/8 3654/1631/8
f 3653/1628/7 3663/1630/7 3655/1630/7
f 3664/1632/8 3654/1631/8 3656/1632/8
f 3667/1633/1 3666/541/1 3665/1634/1
f 3674/541/2 3675/1633/2 3673/1634/2
f 3669/1635/3 3668/1636/3 3667/1633/3
f 3676/1636/2 3677/1635/2 3675/1633/2
f 3671/1637/4 3670/1638/4 3669/1635/4
f 3678/1638/2 3679/1637/2 3677/1635/2
f 3666/541/5 3673/1634/5 3665/1634/5
f 3671/1637/6 3680/1639/6 3672/1639/6
f 3673/1634/7 3667/1633/7 3665/1634/7
f 3668/1636/8 3674/541/8 3666/541/8
f 3675/1633/7 3669/1635/7 3667/1633/7
f 3678/1638/8 3668/1636/8 3670/1638/8
f 3669/1635/7 3679/1637/7 3671/1637/7
f 3680/1639/8 3670/1638/8 3672/1639/8
f 3683/1640/1 3682/1641/1 3681/1642/1
f 3690/1641/2 3691/1640/2 3689/1642/2
f 3685/1643/3 3684/1644/3 3683/1640/3
f 3692/1644/2 3693/1643/2 3691/1640/2
f 3687/1645/4 3686/1646/4 3685/1643/4
f 3694/1646/2 3695/1645/2 3693/1643/2
f 3682/1641/5 3689/1642/5 3681/1642/5
f 3687/1645/6 3696/1647/6 3688/1647/6
f 3689/1642/7 3683/1640/7 3681/1642/7
f 3684/1644/8 3690/1641/8 3682/1641/8
f 3691/1640/7 3685/1643/7 3683/1640/7
f 3694/1646/8 3684/1644/8 3686/1646/8
f 3685/1643/7 3695/1645/7 3687/1645/7
f 3696/1647/8 3686/1646/8 3688/1647/8
f 3699/1648/1 3698/1649/1 3697/1650/1
f 3706/1649/2 3707/1648/2 3705/1650/2
f 3701/1651/3 3700/1652/3 3699/1648/3
f 3708/1652/2 3709/1651/2 3707/1648/2
f 3703/1653/4 3702/1654/4 3701/1651/4
f 3710/1654/2 3711/1653/2 3709/1651/2
f 3698/1649/5 3705/1650/5 3697/1650/5
f 3703/1653/6 3712/1655/6 3704/1655/6
f 3705/1650/7 3699/1648/7 3697/1650/7
f 3700/1652/8 3706/1649/8 3698/1649/8
f 3707/1648/7 3701/1651/7 3699/1648/7
f 3710/1654/8 3700/1652/8 3702/1654/8
f 3701/1651/7 3711/1653/7 3703/1653/7
f 3712/1655/8 3702/1654/8 3704/1655/8
f 3715/1656/1 3714/1657/1 3713/1658/1
f 3722/1657/2 3723/1656/2 3721/1658/2
f 3717/1659/3 3716/1660/3 3715/1656/3
f 3724/1660/2 3725/1659/2 3723/1656/2
f 3719/1661/4 3718/1662/4 3717/1659/4
f 3726/1662/2 3727/1661/2 3725/1659/2
f 3714/1657/5 3721/1658/5 3713/1658/5
f 3719/1661/6 3728/1663/6 3720/1663/6
f 3721/1658/7 3715/1656/7 3713/1658/7
f 3716/1660/8 3722/1657/8 3714/1657/8
f 3723/1656/7 3717/1659/7 3715/1656/7
f 3726/1662/8 3716/1660/8 3718/1662/8
f 3717/1659/7 3727/1661/7 3719/1661/7
f 3728/1663/8 3718/1662/8 3720/1663/8
f 3731/1664/1 3730/1665/1 3729/1666/1
f 3738/1665/2 3739/1664/2 3737/1666/2
f 3733/1667/3 3732/1668/3 3731/1664/3
f 3740/1668/2 3741/1667/2 3739/1664/2
f 3735/1669/4 3734/1670/4 3733/1667/4
f 3742/1670/2 3743/1669/2 3741/1667/2
f 3730/1665/5 3737/1666/5 3729/1666/5
f 3735/1669/6 3744/1671/6 3736/1671/6
f 3737/1666/7 3731/1664/7 3729/1666/7
f 3732/1668/8 3738/1665/8 3730/1665/8
f 3739/1664/7 3733/1667/7 3731/1664/7
f 3742/1670/8 3732/1668/8 3734/1670/8
f 3733/1667/7 3743/1669/7 3735/1669/7
f 3744/1671/8 3734/1670/8 3736/1671/8
f 3747/578/1 3746/1672/1 3745/1673/1
f 3754/1672/2 3755/578/2 3753/1673/2
f 3749/1674/3 3748/1675/3 3747/578/3
f 3756/1675/2 3757/1674/2 3755/578/2
f 3751/583/4 3750/1676/4 3749/1674/4
f 3758/1676/2 3759/583/2 3757/1674/2
f 3746/1672/5 3753/1673/5 3745/1673/5
f 3751/583/6 3760/1677/6 3752/1677/6
f 3753/1673/7 3747/578/7 3745/1673/7
f 3748/1675/8 3754/1672/8 3746/1672/8
f 3755/578/7 3749/1674/7 3747/578/7
f 3758/1676/8 3748/1675/8 3750/1676/8
f 3749/1674/7 3759/583/7 3751/583/7
f 3760/1677/8 3750/1676/8 3752/1677/8
f 3763/1678/1 3762/1679/1 3761/1680/1
f 3770/1679/2 3771/1678/2 3769/1680/2
f 3765/1681/3 3764/1682/3 3763/1678/3
f 3772/1682/2 3773/1681/2 3771/1678/2
f 3767/1683/4 3766/1684/4 3765/1681/4
f 3774/1684/2 3775/1683/2 3773/1681/2
f 3762/1679/5 3769/1680/5 3761/1680/5
f 3767/1683/6 3776/1685/6 3768/1685/6
f 3769/1680/7 3763/1678/7 3761/1680/7
f 3764/1682/8 3770/1679/8 3762/1679/8
f 3771/1678/7 3765/1681/7 3763/1678/7
f 3774/1684/8 3764/1682/8 3766/1684/8
f 3765/1681/7 3775/1683/7 3767/1683/7
f 3776/1685/8 3766/1684/8 3768/1685/8
f 3779/1686/1 3778/1687/1 3777/1688/1
f 3786/1687/2 3787/1686/2 3785/1688/2
f 3781/1689/3 3780/1690/3 3779/1686/3
f 3788/1690/2 3789/1689/2 3787/1686/2
f 3783/1691/4 3782/1692/4 3781/1689/4
f 3790/1692/2 3791/1691/2 3789/1689/2
f 3778/1687/5 3785/1688/5 3777/1688/5
f 3783/1691/6 3792/1693/6 3784/1693/6
f 3785/1688/7 3779/1686/7 3777/1688/7
f 3780/1690/8 3786/1687/8 3778/1687/8
f 3787/1686/7 3781/1689/7 3779/1686/7
f 3790/1692/8 3780/1690/8 3782/1692/8
f 3781/1689/7 3791/1691/7 3783/1691/7
f 3792/1693/8 3782/1692/8 3784/1693/8
f 3795/1694/1 3794/1695/1 3793/1696/1
f 3802/1695/2 3803/1694/2 3801/1696/2
f 3797/1697/3 3796/606/3 3795/1694/3
f 3804/606/2 3805/1697/2 3803/1694/2
f 3799/1698/4 3798/1699/4 3797/1697/4
f 3806/1699/2 3807/1698/2 3805/1697/2
f 3794/1695/5 3801/1696/5 3793/1696/5
f 3799/1698/6 3808/609/6 3800/609/6
f 3801/1696/7 3795/1694/7 3793/1696/7
f 3796/606/8 3802/1695/8 3794/1695/8
f 3803/1694/7 3797/1697/7 3795/1694/7
f 3806/1699/8 3796/606/8 3798/1699/8
f 3797/1697/7 3807/1698/7 3799/1698/7
f 3808/609/8 3798/1699/8 3800/609/8
f 3811/610/1 3810/1700/1 3809/612/1
f 3818/1700/2 3819/610/2 3817/612/2
f 3813/613/3 3812/1701/3 3811/610/3
f 3820/1701/2 3821/613/2 3819/610/2
f 3815/518/4 3814/1702/4 3813/613/4
f 3822/1702/2 3823/518/2 3821/613/2
f 3810/1700/5 3817/612/5 3809/612/5
f 3815/518/6 3824/1703/6 3816/1703/6
f 3817/612/7 3811/610/7 3809/612/7
f 3812/1701/8 3818/1700/8 3810/1700/8
f 3819/610/7 3813/613/7 3811/610/7
f 3822/1702/8 3812/1701/8 3814/1702/8
f 3813/613/7 3823/518/7 3815/518/7
f 3824/1703/8 3814/1702/8 3816/1703/8
f 3827/1704/1 3826/1705/1 3825/1706/1
f 3834/1705/2 3835/1704/2 3833/1706/2
f 3829/1707/3 3828/1708/3 3827/1704/3
f 3836/1708/2 3837/1707/2 3835/1704/2
f 3831/1709/4 3830/1710/4 3829/1707/4
f 3838/1710/2 3839/1709/2 3837/1707/2
f 3826/1705/5 3833/1706/5 3825/1706/5
f 3831/1709/6 3840/1711/6 3832/1711/6
f 3833/1706/7 3827/1704/7 3825/1706/7
f 3828/1708/8 3834/1705/8 3826/1705/8
f 3835/1704/7 3829/1707/7 3827/1704/7
f 3838/1710/8 3828/1708/8 3830/1710/8
f 3829/1707/7 3839/1709/7 3831/1709/7
f 3840/1711/8 3830/1710/8 3832/1711/8
f 3843/1712/1 3842/1713/1 3841/1714/1
f 3850/1713/2 3851/1712/2 3849/1714/2
f 3845/1715/3 3844/1716/3 3843/1712/3
f 3852/1716/2 3853/1715/2 3851/1712/2
f 3847/1717/4 3846/1718/4 3845/1715/4
f 3854/1718/2 3855/1717/2 3853/1715/2
f 3842/1713/5 3849/1714/5 3841/1714/5
f 3847/1717/6 3856/1719/6 3848/1719/6
f 3849/1714/7 3843/1712/7 3841/1714/7
f 3844/1716/8 3850/1713/8 3842/1713/8
f 3851/1712/7 3845/1715/7 3843/1712/7
f 3854/1718/8 3844/1716/8 3846/1718/8
f 3845/1715/7 3855/1717/7 3847/1717/7
f 3856/1719/8 3846/1718/8 3848/1719/8
f 3859/1720/1 3858/1721/1 3857/1722/1
f 3866/1721/2 3867/1720/2 3865/1722/2
f 3861/1723/3 3860/1724/3 3859/1720/3
f 3868/1724/2 3869/1723/2 3867/1720/2
f 3863/1622/4 3862/1725/4 3861/1723/4
f 3870/1725/2 3871/1622/2 3869/1723/2
f 3858/1721/5 3865/1722/5 3857/1722/5
f 3863/1622/6 3872/1726/6 3864/1726/6
f 3865/1722/7 3859/1720/7 3857/1722/7
f 3860/1724/8 3866/1721/8 3858/1721/8
f 3867/1720/7 3861/1723/7 3859/1720/7
f 3870/1725/8 3860/1724/8 3862/1725/8
f 3861/1723/7 3871/1622/7 3863/1622/7
f 3872/1726/8 3862/1725/8 3864/1726/8
f 3875/1727/1 3874/1728/1 3873/1729/1
f 3882/1728/2 3883/1727/2 3881/1729/2
f 3877/1730/3 3876/1731/3 3875/1727/3
f 3884/1731/2 3885/1730/2 3883/1727/2
f 3879/1732/4 3878/1733/4 3877/1730/4
f 3886/1733/2 3887/1732/2 3885/1730/2
f 3874/1728/5 3881/1729/5 3873/1729/5
f 3879/1732/6 3888/1734/6 3880/1734/6
f 3881/1729/7 3875/1727/7 3873/1729/7
f 3876/1731/8 3882/1728/8 3874/1728/8
f 3883/1727/7 3877/1730/7 3875/1727/7
f 3886/1733/8 3876/1731/8 3878/1733/8
f 3877/1730/7 3887/1732/7 3879/1732/7
f 3888/1734/8 3878/1733/8 3880/1734/8
f 3891/1735/1 3890/1736/1 3889/1737/1
f 3898/1736/2 3899/1735/2 3897/1737/2
f 3893/1738/3 3892/1739/3 3891/1735/3
f 3900/1739/2 3901/1738/2 3899/1735/2
f 3895/1740/4 3894/1741/4 3893/1738/4
f 3902/1741/2 3903/1740/2 3901/1738/2
f 3890/1736/5 3897/1737/5 3889/1737/5
f 3895/1740/6 3904/1742/6 3896/1742/6
f 3897/1737/7 3891/1735/7 3889/1737/7
f 3892/1739/8 3898/1736/8 3890/1736/8
f 3899/1735/7 3893/1738/7 3891/1735/7
f 3902/1741/8 3892/1739/8 3894/1741/8
f 3893/1738/7 3903/1740/7 3895/1740/7
f 3904/1742/8 3894/1741/8 3896/1742/8
f 3907/1743/1 3906/1744/1 3905/1745/1
f 3914/1744/2 3915/1743/2 3913/1745/2
f 3909/1746/3 3908/1747/3 3907/1743/3
f 3916/1747/2 3917/1746/2 3915/1743/2
f 3911/1748/4 3910/1749/4 3909/1746/4
f 3918/1749/2 3919/1748/2 3917/1746/2
f 3906/1744/5 3913/1745/5 3905/1745/5
f 3911/1748/6 3920/1639/6 3912/1639/6
f 3913/1745/7 3907/1743/7 3905/1745/7
f 3908/1747/8 3914/1744/8 3906/1744/8
f 3915/1743/7 3909/1746/7 3907/1743/7
f 3918/1749/8 3908/1747/8 3910/1749/8
f 3909/1746/7 3919/1748/7 3911/1748/7
f 3920/1639/8 3910/1749/8 3912/1639/8
f 3923/1750/1 3922/1751/1 3921/1752/1
f 3930/1751/2 3931/1750/2 3929/1752/2
f 3925/1753/3 3924/1754/3 3923/1750/3
f 3932/1754/2 3933/1753/2 3931/1750/2
f 3927/1755/4 3926/1756/4 3925/1753/4
f 3934/1756/2 3935/1755/2 3933/1753/2
f 3922/1751/5 3929/1752/5 3921/1752/5
f 3927/1755/6 3936/1757/6 3928/1757/6
f 3929/1752/7 3923/1750/7 3921/1752/7
f 3924/1754/8 3930/1751/8 3922/1751/8
f 3931/1750/7 3925/1753/7 3923/1750/7
f 3934/1756/8 3924/1754/8 3926/1756/8
f 3925/1753/7 3935/1755/7 3927/1755/7
f 3936/1757/8 3926/1756/8 3928/1757/8
f 3939/1758/1 3938/1759/1 3937/1760/1
f 3946/1759/2 3947/1758/2 3945/1760/2
f 3941/1761/3 3940/1762/3 3939/1758/3
f 3948/1762/2 3949/1761/2 3947/1758/2
f 3943/1763/4 3942/1764/4 3941/1761/4
f 3950/1764/2 3951/1763/2 3949/1761/2
f 3938/1759/5 3945/1760/5 3937/1760/5
f 3943/1763/6 3952/1765/6 3944/1765/6
f 3945/1760/7 3939/1758/7 3937/1760/7
f 3940/1762/8 3946/1759/8 3938/1759/8
f 3947/1758/7 3941/1761/7 3939/1758/7
f 3950/1764/8 3940/1762/8 3942/1764/8
f 3941/1761/7 3951/1763/7 3943/1763/7
f 3952/1765/8 3942/1764/8 3944/1765/8
f 3955/1766/1 3954/1767/1 3953/1768/1
f 3962/1767/2 3963/1766/2 3961/1768/2
f 3957/1769/3 3956/1770/3 3955/1766/3
f 3964/1770/2 3965/1769/2 3963/1766/2
f 3959/1771/4 3958/1772/4 3957/1769/4
f 3966/1772/2 3967/1771/2 3965/1769/2
f 3954/1767/5 3961/1768/5 3953/1768/5
f 3959/1771/6 3968/1773/6 3960/1773/6
f 3961/1768/7 3955/1766/7 3953/1768/7
f 3956/1770/8 3962/1767/8 3954/1767/8
f 3963/1766/7 3957/1769/7 3955/1766/7
f 3966/1772/8 3956/1770/8 3958/1772/8
f 3957/1769/7 3967/1771/7 3959/1771/7
f 3968/1773/8 3958/1772/8 3960/1773/8
f 3971/696/1 3970/1774/1 3969/1224/1
f 3978/1774/2 3979/696/2 3977/1224/2
f 3973/902/3 3972/1775/3 3971/696/3
f 3980/1775/2 3981/902/2 3979/696/2
f 3975/701/4 3974/1776/4 3973/902/4
f 3982/1776/2 3983/701/2 3981/902/2
f 3970/1774/5 3977/1224/5 3969/1224/5
f 3975/701/6 3984/1777/6 3976/1777/6
f 3977/1224/7 3971/696/7 3969/1224/7
f 3972/1775/8 3978/1774/8 3970/1774/8
f 3979/696/7 3973/902/7 3971/696/7
f 3982/1776/8 3972/1775/8 3974/1776/8
f 3973/902/7 3983/701/7 3975/701/7
f 3984/1777/8 3974/1776/8 3976/1777/8
f 3987/1778/1 3986/1779/1 3985/1780/1
f 3994/1779/2 3995/1778/2 3993/1780/2
f 3989/1781/3 3988/1782/3 3987/1778/3
f 3996/1782/2 3997/1781/2 3995/1778/2
f 3991/1783/4 3990/1784/4 3989/1781/4
f 3998/1784/2 3999/1783/2 3997/1781/2
f 3986/1779/5 3993/1780/5 3985/1780/5
f 3991/1783/6 4000/1785/6 3992/1785/6
f 3993/1780/7 3987/1778/7 3985/1780/7
f 3988/1782/8 3994/1779/8 3986/1779/8
f 3995/1778/7 3989/1781/7 3987/1778/7
f 3998/1784/8 3988/1782/8 3990/1784/8
f 3989/1781/7 3999/1783/7 3991/1783/7
f 4000/1785/8 3990/1784/8 3992/1785/8
f 4003/1786/1 4002/1787/1 4001/1788/1
f 4010/1787/2 4011/1786/2 4009/1788/2
f 4005/1789/3 4004/1790/3 4003/1786/3
f 4012/1790/2 4013/1789/2 4011/1786/2
f 4007/1791/4 4006/1792/4 4005/1789/4
f 4014/1792/2 4015/1791/2 4013/1789/2
f 4002/1787/5 4009/1788/5 4001/1788/5
f 4007/1791/6 4016/1793/6 4008/1793/6
f 4009/1788/7 4003/1786/7 4001/1788/7
f 4004/1790/8 4010/1787/8 4002/1787/8
f 4011/1786/7 4005/1789/7 4003/1786/7
f 4014/1792/8 4004/1790/8 4006/1792/8
f 4005/1789/7 4015/1791/7 4007/1791/7
f 4016/1793/8 4006/1792/8 4008/1793/8
f 4019/1794/1 4018/1795/1 4017/1796/1
f 4026/1795/2 4027/1794/2 4025/1796/2
f 4021/1797/3 4020/1798/3 4019/1794/3
f 4028/1798/2 4029/1797/2 4027/1794/2
f 4023/1799/4 4022/1800/4 4021/1797/4
f 4030/1800/2 4031/1799/2 4029/1797/2
f 4018/1795/5 4025/1796/5 4017/1796/5
f 4023/1799/6 4032/1801/6 4024/1801/6
f 4025/1796/7 4019/1794/7 4017/1796/7
f 4020/1798/8 4026/1795/8 4018/1795/8
f 4027/1794/7 4021/1797/7 4019/1794/7
f 4030/1800/8 4020/1798/8 4022/1800/8
f 4021/1797/7 4031/1799/7 4023/1799/7
f 4032/1801/8 4022/1800/8 4024/1801/8
f 4035/1802/1 4034/1245/1 4033/1803/1
f 4042/1245/2 4043/1802/2 4041/1803/2
f 4037/1804/3 4036/724/3 4035/1802/3
f 4044/724/2 4045/1804/2 4043/1802/2
f 4039/1805/4 4038/934/4 4037/1804/4
f 4046/934/2 4047/1805/2 4045/1804/2
f 4034/1245/5 4041/1803/5 4033/1803/5
f 4039/1805/6 4048/727/6 4040/727/6
f 4041/1803/7 4035/1802/7 4033/1803/7
f 4036/724/8 4042/1245/8 4034/1245/8
f 4043/1802/7 4037/1804/7 4035/1802/7
f 4046/934/8 4036/724/8 4038/934/8
f 4037/1804/7 4047/1805/7 4039/1805/7
f 4048/727/8 4038/934/8 4040/727/8
f 3/1/1 4/5/1 2/2/1
f 10/2/2 12/5/2 11/1/2
f 5/4/3 6/7/3 4/5/3
f 12/5/2 14/7/2 13/4/2
f 7/6/4 8/8/4 6/7/4
f 14/7/2 16/8/2 15/6/2
f 2/2/5 10/2/5 9/3/5
f 7/6/6 15/6/6 16/8/6
f 9/3/7 11/1/7 3/1/7
f 4/5/8 12/5/8 10/2/8
f 11/1/7 13/4/7 5/4/7
f 14/7/8 12/5/8 4/5/8
f 5/4/7 13/4/7 15/6/7
f 16/8/8 14/7/8 6/7/8
f 19/9/1 20/13/1 18/10/1
f 26/10/2 28/13/2 27/9/2
f 21/12/3 22/15/3 20/13/3
f 28/13/2 30/15/2 29/12/2
f 23/14/4 24/16/4 22/15/4
f 30/15/2 32/16/2 31/14/2
f 18/10/5 26/10/5 25/11/5
f 23/14/6 31/14/6 32/16/6
f 25/11/7 27/9/7 19/9/7
f 20/13/8 28/13/8 26/10/8
f 27/9/7 29/12/7 21/12/7
f 30/15/8 28/13/8 20/13/8
f 21/12/7 29/12/7 31/14/7
f 32/16/8 30/15/8 22/15/8
f 35/17/1 36/21/1 34/18/1
f 42/18/2 44/21/2 43/17/2
f 37/20/3 38/23/3 36/21/3
f 44/21/2 46/23/2 45/20/2
f 39/22/4 40/24/4 38/23/4
f 46/23/2 48/24/2 47/22/2
f 34/18/5 42/18/5 41/19/5
f 39/22/6 47/22/6 48/24/6
f 41/19/7 43/17/7 35/17/7
f 36/21/8 44/21/8 42/18/8
f 43/17/7 45/20/7 37/20/7
f 46/23/8 44/21/8 36/21/8
f 37/20/7 45/20/7 47/22/7
f 48/24/8 46/23/8 38/23/8
f 51/25/1 52/29/1 50/26/1
f 58/26/2 60/29/2 59/25/2
f 53/28/3 54/31/3 52/29/3
f 60/29/2 62/31/2 61/28/2
f 55/30/4 56/32/4 54/31/4
f 62/31/2 64/32/2 63/30/2
f 50/26/5 58/26/5 57/27/5
f 55/30/6 63/30/6 64/32/6
f 57/27/7 59/25/7 51/25/7
f 52/29/8 60/29/8 58/26/8
f 59/25/7 61/28/7 53/28/7
f 62/31/8 60/29/8 52/29/8
f 53/28/7 61/28/7 63/30/7
f 64/32/8 62/31/8 54/31/8
f 67/33/1 68/37/1 66/34/1
f 74/34/2 76/37/2 75/33/2
f 69/36/3 70/39/3 68/37/3
f 76/37/2 78/39/2 77/36/2
f 71/38/4 72/40/4 70/39/4
f 78/39/2 80/40/2 79/38/2
f 66/34/5 74/34/5 73/35/5
f 71/38/6 79/38/6 80/40/6
f 73/35/7 75/33/7 67/33/7
f 68/37/8 76/37/8 74/34/8
f 75/33/7 77/36/7 69/36/7
f 78/39/8 76/37/8 68/37/8
f 69/36/7 77/36/7 79/38/7
f 80/40/8 78/39/8 70/39/8
f 83/41/1 84/45/1 82/42/1
f 90/42/2 92/45/2 91/41/2
f 85/44/3 86/47/3 84/45/3
f 92/45/2 94/47/2 93/44/2
f 87/46/4 88/48/4 86/47/4
f 94/47/2 96/48/2 95/46/2
f 82/42/5 90/42/5 89/43/5
f 87/46/6 95/46/6 96/48/6
f 89/43/7 91/41/7 83/41/7
f 84/45/8 92/45/8 90/42/8
f 91/41/7 93/44/7 85/44/7
f 94/47/8 92/45/8 84/45/8
f 85/44/7 93/44/7 95/46/7
f 96/48/8 94/47/8 86/47/8
f 99/49/1 100/53/1 98/50/1
f 106/50/2 108/53/2 107/49/2
f 101/52/3 102/55/3 100/53/3
f 108/53/2 110/55/2 109/52/2
f 103/54/4 104/56/4 102/55/4
f 110/55/2 112/56/2 111/54/2
f 98/50/5 106/50/5 105/51/5
f 103/54/6 111/54/6 112/56/6
f 105/51/7 107/49/7 99/49/7
f 100/53/8 108/53/8 106/50/8
f 107/49/7 109/52/7 101/52/7
f 110/55/8 108/53/8 100/53/8
f 101/52/7 109/52/7 111/54/7
f 112/56/8 110/55/8 102/55/8
f 115/57/1 116/61/1 114/58/1
f 122/58/2 124/61/2 123/57/2
f 117/60/3 118/63/3 116/61/3
f 124/61/2 126/63/2 125/60/2
f 119/62/4 120/64/4 118/63/4
f 126/63/2 128/64/2 127/62/2
f 114/58/5 122/58/5 121/59/5
f 119/62/6 127/62/6 128/64/6
f 121/59/7 123/57/7 115/57/7
f 116/61/8 124/61/8 122/58/8
f 123/57/7 125/60/7 117/60/7
f 126/63/8 124/61/8 116/61/8
f 117/60/7 125/60/7 127/62/7
f 128/64/8 126/63/8 118/63/8
f 131/65/1 132/69/1 130/66/1
f 138/66/2 140/69/2 139/65/2
f 133/68/3 134/71/3 132/69/3
f 140/69/2 142/71/2 141/68/2
f 135/70/4 136/72/4 134/71/4
f 142/71/2 144/72/2 143/70/2
f 130/66/5 138/66/5 137/67/5
f 135/70/6 143/70/6 144/72/6
f 137/67/7 139/65/7 131/65/7
f 132/69/8 140/69/8 138/66/8
f 139/65/7 141/68/7 133/68/7
f 142/71/8 140/69/8 132/69/8
f 133/68/7 141/68/7 143/70/7
f 144/72/8 142/71/8 134/71/8
f 147/73/1 148/77/1 146/74/1
f 154/74/2 156/77/2 155/73/2
f 149/76/3 150/79/3 148/77/3
f 156/77/2 158/79/2 157/76/2
f 151/78/4 152/80/4 150/79/4
f 158/79/2 160/80/2 159/78/2
f 146/74/5 154/74/5 153/75/5
f 151/78/6 159/78/6 160/80/6
f 153/75/7 155/73/7 147/73/7
f 148/77/8 156/77/8 154/74/8
f 155/73/7 157/76/7 149/76/7
f 158/79/8 156/77/8 148/77/8
f 149/76/7 157/76/7 159/78/7
f 160/80/8 158/79/8 150/79/8
f 163/81/1 164/85/1 162/82/1
f 170/82/2 172/85/2 171/81/2
f 165/84/3 166/87/3 164/85/3
f 172/85/2 174/87/2 173/84/2
f 167/86/4 168/88/4 166/87/4
f 174/87/2 176/88/2 175/86/2
f 162/82/5 170/82/5 169/83/5
f 167/86/6 175/86/6 176/88/6
f 169/83/7 171/81/7 163/81/7
f 164/85/8 172/85/8 170/82/8
f 171/81/7 173/84/7 165/84/7
f 174/87/8 172/85/8 164/85/8
f 165/84/7 173/84/7 175/86/7
f 176/88/8 174/87/8 166/87/8
f 179/89/1 180/93/1 178/90/1
f 186/90/2 188/93/2 187/89/2
f 181/92/3 182/95/3 180/93/3
f 188/93/2 190/95/2 189/92/2
f 183/94/4 184/96/4 182/95/4
f 190/95/2 192/96/2 191/94/2
f 178/90/5 186/90/5 185/91/5
f 183/94/6 191/94/6 192/96/6
f 185/91/7 187/89/7 179/89/7
f 180/93/8 188/93/8 186/90/8
f 187/89/7 189/92/7 181/92/7
f 190/95/8 188/93/8 180/93/8
f 181/92/7 189/92/7 191/94/7
f 192/96/8 190/95/8 182/95/8
f 195/97/1 196/101/1 194/98/1
f 202/98/2 204/101/2 203/97/2
f 197/100/3 198/103/3 196/101/3
f 204/101/2 206/103/2 205/100/2
f 199/102/4 200/104/4 198/103/4
f 206/103/2 208/104/2 207/102/2
f 194/98/5 202/98/5 201/99/5
f 199/102/6 207/102/6 208/104/6
f 201/99/7 203/97/7 195/97/7
f 196/101/8 204/101/8 202/98/8
f 203/97/7 205/100/7 197/100/7
f 206/103/8 204/101/8 196/101/8
f 197/100/7 205/100/7 207/102/7
f 208/104/8 206/103/8 198/103/8
f 211/105/1 212/109/1 210/106/1
f 218/106/2 220/109/2 219/105/2
f 213/108/3 214/111/3 212/109/3
f 220/109/2 222/111/2 221/108/2
f 215/110/4 216/112/4 214/111/4
f 222/111/2 224/112/2 223/110/2
f 210/106/5 218/106/5 217/107/5
f 215/110/6 223/110/6 224/112/6
f 217/107/7 219/105/7 211/105/7
f 212/109/8 220/109/8 218/106/8
f 219/105/7 221/108/7 213/108/7
f 222/111/8 220/109/8 212/109/8
f 213/108/7 221/108/7 223/110/7
f 224/112/8 222/111/8 214/111/8
f 227/113/1 228/117/1 226/114/1
f 234/114/2 236/117/2 235/113/2
f 229/116/3 230/119/3 228/117/3
f 236/117/2 238/119/2 237/116/2
f 231/118/4 232/120/4 230/119/4
f 238/119/2 240/120/2 239/118/2
f 226/114/5 234/114/5 233/115/5
f 231/118/6 239/118/6 240/120/6
f 233/115/7 235/113/7 227/113/7
f 228/117/8 236/117/8 234/114/8
f 235/113/7 237/116/7 229/116/7
f 238/119/8 236/117/8 228/117/8
f 229/116/7 237/116/7 239/118/7
f 240/120/8 238/119/8 230/119/8
f 243/121/1 244/125/1 242/122/1
f 250/122/2 252/125/2 251/121/2
f 245/124/3 246/127/3 244/125/3
f 252/125/2 254/127/2 253/124/2
f 247/126/4 248/128/4 246/127/4
f 254/127/2 256/128/2 255/126/2
f 242/122/5 250/122/5 249/123/5
f 247/126/6 255/126/6 256/128/6
f 249/123/7 251/121/7 243/121/7
f 244/125/8 252/125/8 250/122/8
f 251/121/7 253/124/7 245/124/7
f 254/127/8 252/125/8 244/125/8
f 245/124/7 253/124/7 255/126/7
f 256/128/8 254/127/8 246/127/8
f 259/129/1 260/133/1 258/130/1
f 266/130/2 268/133/2 267/129/2
f 261/132/3 262/135/3 260/133/3
f 268/133/2 270/135/2 269/132/2
f 263/134/4 264/136/4 262/135/4
f 270/135/2 272/136/2 271/134/2
f 258/130/5 266/130/5 265/131/5
f 263/134/6 271/134/6 272/136/6
f 265/131/7 267/129/7 259/129/7
f 260/133/8 268/133/8 266/130/8
f 267/129/7 269/132/7 261/132/7
f 270/135/8 268/133/8 260/133/8
f 261/132/7 269/132/7 271/134/7
f 272/136/8 270/135/8 262/135/8
f 275/137/1 276/141/1 274/138/1
f 282/138/2 284/141/2 283/137/2
f 277/140/3 278/143/3 276/141/3
f 284/141/2 286/143/2 285/140/2
f 279/142/4 280/144/4 278/143/4
f 286/143/2 288/144/2 287/142/2
f 274/138/5 282/138/5 281/139/5
f 279/142/6 287/142/6 288/144/6
f 281/139/7 283/137/7 275/137/7
f 276/141/8 284/141/8 282/138/8
f 283/137/7 285/140/7 277/140/7
f 286/143/8 284/141/8 276/141/8
f 277/140/7 285/140/7 287/142/7
f 288/144/8 286/143/8 278/143/8
f 291/145/1 292/149/1 290/146/1
f 298/146/2 300/149/2 299/145/2
f 293/148/3 294/151/3 292/149/3
f 300/149/2 302/151/2 301/148/2
f 295/150/4 296/152/4 294/151/4
f 302/151/2 304/152/2 303/150/2
f 290/146/5 298/146/5 297/147/5
f 295/150/6 303/150/6 304/152/6
f 297/147/7 299/145/7 291/145/7
f 292/149/8 300/149/8 298/146/8
f 299/145/7 301/148/7 293/148/7
f 302/151/8 300/149/8 292/149/8
f 293/148/7 301/148/7 303/150/7
f 304/152/8 302/151/8 294/151/8
f 307/153/1 308/157/1 306/154/1
f 314/154/2 316/157/2 315/153/2
f 309/156/3 310/159/3 308/157/3
f 316/157/2 318/159/2 317/156/2
f 311/158/4 312/160/4 310/159/4
f 318/159/2 320/160/2 319/158/2
f 306/154/5 314/154/5 313/155/5
f 311/158/6 319/158/6 320/160/6
f 313/155/7 315/153/7 307/153/7
f 308/157/8 316/157/8 314/154/8
f 315/153/7 317/156/7 309/156/7
f 318/159/8 316/157/8 308/157/8
f 309/156/7 317/156/7 319/158/7
f 320/160/8 318/159/8 310/159/8
f 323/161/1 324/165/1 322/162/1
f 330/162/2 332/165/2 331/161/2
f 325/164/3 326/167/3 324/165/3
f 332/165/2 334/167/2 333/164/2
f 327/166/4 328/168/4 326/167/4
f 334/167/2 336/168/2 335/166/2
f 322/162/5 330/162/5 329/163/5
f 327/166/6 335/166/6 336/168/6
f 329/163/7 331/161/7 323/161/7
f 324/165/8 332/165/8 330/162/8
f 331/161/7 333/164/7 325/164/7
f 334/167/8 332/165/8 324/165/8
f 325/164/7 333/164/7 335/166/7
f 336/168/8 334/167/8 326/167/8
f 339/169/1 340/173/1 338/170/1
f 346/170/2 348/173/2 347/169/2
f 341/172/3 342/174/3 340/173/3
f 348/173/2 350/174/2 349/172/2
f 343/83/4 344/175/4 342/174/4
f 350/174/2 352/175/2 351/83/2
f 338/170/5 346/170/5 345/171/5
f 343/83/6 351/83/6 352/175/6
f 345/171/7 347/169/7 339/169/7
f 340/173/8 348/173/8 346/170/8
f 347/169/7 349/172/7 341/172/7
f 350/174/8 348/173/8 340/173/8
f 341/172/7 349/172/7 351/83/7
f 352/175/8 350/174/8 342/174/8
f 355/176/1 356/180/1 354/177/1
f 362/177/2 364/180/2 363/176/2
f 357/179/3 358/182/3 356/180/3
f 364/180/2 366/182/2 365/179/2
f 359/181/4 360/183/4 358/182/4
f 366/182/2 368/183/2 367/181/2
f 354/177/5 362/177/5 361/178/5
f 359/181/6 367/181/6 368/183/6
f 361/178/7 363/176/7 355/176/7
f 356/180/8 364/180/8 362/177/8
f 363/176/7 365/179/7 357/179/7
f 366/182/8 364/180/8 356/180/8
f 357/179/7 365/179/7 367/181/7
f 368/183/8 366/182/8 358/182/8
f 371/184/1 372/188/1 370/185/1
f 378/185/2 380/188/2 379/184/2
f 373/187/3 374/190/3 372/188/3
f 380/188/2 382/190/2 381/187/2
f 375/189/4 376/98/4 374/190/4
f 382/190/2 384/98/2 383/189/2
f 370/185/5 378/185/5 377/186/5
f 375/189/6 383/189/6 384/98/6
f 377/186/7 379/184/7 371/184/7
f 372/188/8 380/188/8 378/185/8
f 379/184/7 381/187/7 373/187/7
f 382/190/8 380/188/8 372/188/8
f 373/187/7 381/187/7 383/189/7
f 384/98/8 382/190/8 374/190/8
f 387/191/1 388/195/1 386/192/1
f 394/192/2 396/195/2 395/191/2
f 389/194/3 390/197/3 388/195/3
f 396/195/2 398/197/2 397/194/2
f 391/196/4 392/198/4 390/197/4
f 398/197/2 400/198/2 399/196/2
f 386/192/5 394/192/5 393/193/5
f 391/196/6 399/196/6 400/198/6
f 393/193/7 395/191/7 387/191/7
f 388/195/8 396/195/8 394/192/8
f 395/191/7 397/194/7 389/194/7
f 398/197/8 396/195/8 388/195/8
f 389/194/7 397/194/7 399/196/7
f 400/198/8 398/197/8 390/197/8
f 403/199/1 404/203/1 402/200/1
f 410/200/2 412/203/2 411/199/2
f 405/202/3 406/205/3 404/203/3
f 412/203/2 414/205/2 413/202/2
f 407/204/4 408/206/4 406/205/4
f 414/205/2 416/206/2 415/204/2
f 402/200/5 410/200/5 409/201/5
f 407/204/6 415/204/6 416/206/6
f 409/201/7 411/199/7 403/199/7
f 404/203/8 412/203/8 410/200/8
f 411/199/7 413/202/7 405/202/7
f 414/205/8 412/203/8 404/203/8
f 405/202/7 413/202/7 415/204/7
f 416/206/8 414/205/8 406/205/8
f 419/207/1 420/211/1 418/208/1
f 426/208/2 428/211/2 427/207/2
f 421/210/3 422/213/3 420/211/3
f 428/211/2 430/213/2 429/210/2
f 423/212/4 424/214/4 422/213/4
f 430/213/2 432/214/2 431/212/2
f 418/208/5 426/208/5 425/209/5
f 423/212/6 431/212/6 432/214/6
f 425/209/7 427/207/7 419/207/7
f 420/211/8 428/211/8 426/208/8
f 427/207/7 429/210/7 421/210/7
f 430/213/8 428/211/8 420/211/8
f 421/210/7 429/210/7 431/212/7
f 432/214/8 430/213/8 422/213/8
f 435/215/1 436/219/1 434/216/1
f 442/216/2 444/219/2 443/215/2
f 437/218/3 438/221/3 436/219/3
f 444/219/2 446/221/2 445/218/2
f 439/220/4 440/222/4 438/221/4
f 446/221/2 448/222/2 447/220/2
f 434/216/5 442/216/5 441/217/5
f 439/220/6 447/220/6 448/222/6
f 441/217/7 443/215/7 435/215/7
f 436/219/8 444/219/8 442/216/8
f 443/215/7 445/218/7 437/218/7
f 446/221/8 444/219/8 436/219/8
f 437/218/7 445/218/7 447/220/7
f 448/222/8 446/221/8 438/221/8
f 451/223/1 452/227/1 450/224/1
f 458/224/2 460/227/2 459/223/2
f 453/226/3 454/229/3 452/227/3
f 460/227/2 462/229/2 461/226/2
f 455/228/4 456/230/4 454/229/4
f 462/229/2 464/230/2 463/228/2
f 450/224/5 458/224/5 457/225/5
f 455/228/6 463/228/6 464/230/6
f 457/225/7 459/223/7 451/223/7
f 452/227/8 460/227/8 458/224/8
f 459/223/7 461/226/7 453/226/7
f 462/229/8 460/227/8 452/227/8
f 453/226/7 461/226/7 463/228/7
f 464/230/8 462/229/8 454/229/8
f 467/231/1 468/235/1 466/232/1
f 474/232/2 476/235/2 475/231/2
f 469/234/3 470/237/3 468/235/3
f 476/235/2 478/237/2 477/234/2
f 471/236/4 472/238/4 470/237/4
f 478/237/2 480/238/2 479/236/2
f 466/232/5 474/232/5 473/233/5
f 471/236/6 479/236/6 480/238/6
f 473/233/7 475/231/7 467/231/7
f 468/235/8 476/235/8 474/232/8
f 475/231/7 477/234/7 469/234/7
f 478/237/8 476/235/8 468/235/8
f 469/234/7 477/234/7 479/236/7
f 480/238/8 478/237/8 470/237/8
f 483/239/1 484/243/1 482/240/1
f 490/240/2 492/243/2 491/239/2
f 485/242/3 486/245/3 484/243/3
f 492/243/2 494/245/2 493/242/2
f 487/244/4 488/246/4 486/245/4
f 494/245/2 496/246/2 495/244/2
f 482/240/5 490/240/5 489/241/5
f 487/244/6 495/244/6 496/246/6
f 489/241/7 491/239/7 483/239/7
f 484/243/8 492/243/8 490/240/8
f 491/239/7 493/242/7 485/242/7
f 494/245/8 492/243/8 484/243/8
f 485/242/7 493/242/7 495/244/7
f 496/246/8 494/245/8 486/245/8
f 499/247/1 500/251/1 498/248/1
f 506/248/2 508/251/2 507/247/2
f 501/250/3 502/253/3 500/251/3
f 508/251/2 510/253/2 509/250/2
f 503/252/4 504/254/4 502/253/4
f 510/253/2 512/254/2 511/252/2
f 498/248/5 506/248/5 505/249/5
f 503/252/6 511/252/6 512/254/6
f 505/249/7 507/247/7 499/247/7
f 500/251/8 508/251/8 506/248/8
f 507/247/7 509/250/7 501/250/7
f 510/253/8 508/251/8 500/251/8
f 501/250/7 509/250/7 511/252/7
f 512/254/8 510/253/8 502/253/8
f 515/255/1 516/259/1 514/256/1
f 522/256/2 524/259/2 523/255/2
f 517/258/3 518/261/3 516/259/3
f 524/259/2 526/261/2 525/258/2
f 519/260/4 520/262/4 518/261/4
f 526/261/2 528/262/2 527/260/2
f 514/256/5 522/256/5 521/257/5
f 519/260/6 527/260/6 528/262/6
f 521/257/7 523/255/7 515/255/7
f 516/259/8 524/259/8 522/256/8
f 523/255/7 525/258/7 517/258/7
f 526/261/8 524/259/8 516/259/8
f 517/258/7 525/258/7 527/260/7
f 528/262/8 526/261/8 518/261/8
f 531/263/1 532/267/1 530/264/1
f 538/264/2 540/267/2 539/263/2
f 533/266/3 534/269/3 532/267/3
f 540/267/2 542/269/2 541/266/2
f 535/268/4 536/270/4 534/269/4
f 542/269/2 544/270/2 543/268/2
f 530/264/5 538/264/5 537/265/5
f 535/268/6 543/268/6 544/270/6
f 537/265/7 539/263/7 531/263/7
f 532/267/8 540/267/8 538/264/8
f 539/263/7 541/266/7 533/266/7
f 542/269/8 540/267/8 532/267/8
f 533/266/7 541/266/7 543/268/7
f 544/270/8 542/269/8 534/269/8
f 547/271/1 548/275/1 546/272/1
f 554/272/2 556/275/2 555/271/2
f 549/274/3 550/277/3 548/275/3
f 556/275/2 558/277/2 557/274/2
f 551/276/4 552/278/4 550/277/4
f 558/277/2 560/278/2 559/276/2
f 546/272/5 554/272/5 553/273/5
f 551/276/6 559/276/6 560/278/6
f 553/273/7 555/271/7 547/271/7
f 548/275/8 556/275/8 554/272/8
f 555/271/7 557/274/7 549/274/7
f 558/277/8 556/275/8 548/275/8
f 549/274/7 557/274/7 559/276/7
f 560/278/8 558/277/8 550/277/8
f 563/279/1 564/283/1 562/280/1
f 570/280/2 572/283/2 571/279/2
f 565/282/3 566/285/3 564/283/3
f 572/283/2 574/285/2 573/282/2
f 567/284/4 568/286/4 566/285/4
f 574/285/2 576/286/2 575/284/2
f 562/280/5 570/280/5 569/281/5
f 567/284/6 575/284/6 576/286/6
f 569/281/7 571/279/7 563/279/7
f 564/283/8 572/283/8 570/280/8
f 571/279/7 573/282/7 565/282/7
f 574/285/8 572/283/8 564/283/8
f 565/282/7 573/282/7 575/284/7
f 576/286/8 574/285/8 566/285/8
f 579/287/1 580/291/1 578/288/1
f 586/288/2 588/291/2 587/287/2
f 581/290/3 582/293/3 580/291/3
f 588/291/2 590/293/2 589/290/2
f 583/292/4 584/294/4 582/293/4
f 590/293/2 592/294/2 591/292/2
f 578/288/5 586/288/5 585/289/5
f 583/292/6 591/292/6 592/294/6
f 585/289/7 587/287/7 579/287/7
f 580/291/8 588/291/8 586/288/8
f 587/287/7 589/290/7 581/290/7
f 590/293/8 588/291/8 580/291/8
f 581/290/7 589/290/7 591/292/7
f 592/294/8 590/293/8 582/293/8
f 595/295/1 596/299/1 594/296/1
f 602/296/2 604/299/2 603/295/2
f 597/298/3 598/301/3 596/299/3
f 604/299/2 606/301/2 605/298/2
f 599/300/4 600/302/4 598/301/4
f 606/301/2 608/302/2 607/300/2
f 594/296/5 602/296/5 601/297/5
f 599/300/6 607/300/6 608/302/6
f 601/297/7 603/295/7 595/295/7
f 596/299/8 604/299/8 602/296/8
f 603/295/7 605/298/7 597/298/7
f 606/301/8 604/299/8 596/299/8
f 597/298/7 605/298/7 607/300/7
f 608/302/8 606/301/8 598/301/8
f 611/303/1 612/307/1 610/304/1
f 618/304/2 620/307/2 619/303/2
f 613/306/3 614/309/3 612/307/3
f 620/307/2 622/309/2 621/306/2
f 615/308/4 616/208/4 614/309/4
f 622/309/2 624/208/2 623/308/2
f 610/304/5 618/304/5 617/305/5
f 615/308/6 623/308/6 624/208/6
f 617/305/7 619/303/7 611/303/7
f 612/307/8 620/307/8 618/304/8
f 619/303/7 621/306/7 613/306/7
f 622/309/8 620/307/8 612/307/8
f 613/306/7 621/306/7 623/308/7
f 624/208/8 622/309/8 614/309/8
f 627/310/1 628/314/1 626/311/1
f 634/311/2 636/314/2 635/310/2
f 629/313/3 630/316/3 628/314/3
f 636/314/2 638/316/2 637/313/2
f 631/315/4 632/317/4 630/316/4
f 638/316/2 640/317/2 639/315/2
f 626/311/5 634/311/5 633/312/5
f 631/315/6 639/315/6 640/317/6
f 633/312/7 635/310/7 627/310/7
f 628/314/8 636/314/8 634/311/8
f 635/310/7 637/313/7 629/313/7
f 638/316/8 636/314/8 628/314/8
f 629/313/7 637/313/7 639/315/7
f 640/317/8 638/316/8 630/316/8
f 643/318/1 644/322/1 642/319/1
f 650/319/2 652/322/2 651/318/2
f 645/321/3 646/324/3 644/322/3
f 652/322/2 654/324/2 653/321/2
f 647/323/4 648/325/4 646/324/4
f 654/324/2 656/325/2 655/323/2
f 642/319/5 650/319/5 649/320/5
f 647/323/6 655/323/6 656/325/6
f 649/320/7 651/318/7 643/318/7
f 644/322/8 652/322/8 650/319/8
f 651/318/7 653/321/7 645/321/7
f 654/324/8 652/322/8 644/322/8
f 645/321/7 653/321/7 655/323/7
f 656/325/8 654/324/8 646/324/8
f 659/326/1 660/330/1 658/327/1
f 666/327/2 668/330/2 667/326/2
f 661/329/3 662/332/3 660/330/3
f 668/330/2 670/332/2 669/329/2
f 663/331/4 664/333/4 662/332/4
f 670/332/2 672/333/2 671/331/2
f 658/327/5 666/327/5 665/328/5
f 663/331/6 671/331/6 672/333/6
f 665/328/7 667/326/7 659/326/7
f 660/330/8 668/330/8 666/327/8
f 667/326/7 669/329/7 661/329/7
f 670/332/8 668/330/8 660/330/8
f 661/329/7 669/329/7 671/331/7
f 672/333/8 670/332/8 662/332/8
f 675/334/1 676/338/1 674/335/1
f 682/335/2 684/338/2 683/334/2
f 677/337/3 678/339/3 676/338/3
f 684/338/2 686/339/2 685/337/2
f 679/147/4 680/340/4 678/339/4
f 686/339/2 688/340/2 687/147/2
f 674/335/5 682/335/5 681/336/5
f 679/147/6 687/147/6 688/340/6
f 681/336/7 683/334/7 675/334/7
f 676/338/8 684/338/8 682/335/8
f 683/334/7 685/337/7 677/337/7
f 686/339/8 684/338/8 676/338/8
f 677/337/7 685/337/7 687/147/7
f 688/340/8 686/339/8 678/339/8
f 691/341/1 692/345/1 690/342/1
f 698/342/2 700/345/2 699/341/2
f 693/344/3 694/347/3 692/345/3
f 700/345/2 702/347/2 701/344/2
f 695/346/4 696/348/4 694/347/4
f 702/347/2 704/348/2 703/346/2
f 690/342/5 698/342/5 697/343/5
f 695/346/6 703/346/6 704/348/6
f 697/343/7 699/341/7 691/341/7
f 692/345/8 700/345/8 698/342/8
f 699/341/7 701/344/7 693/344/7
f 702/347/8 700/345/8 692/345/8
f 693/344/7 701/344/7 703/346/7
f 704/348/8 702/347/8 694/347/8
f 707/349/1 708/353/1 706/350/1
f 714/350/2 716/353/2 715/349/2
f 709/352/3 710/355/3 708/353/3
f 716/353/2 718/355/2 717/352/2
f 711/354/4 712/162/4 710/355/4
f 718/355/2 720/162/2 719/354/2
f 706/350/5 714/350/5 713/351/5
f 711/354/6 719/354/6 720/162/6
f 713/351/7 715/349/7 707/349/7
f 708/353/8 716/353/8 714/350/8
f 715/349/7 717/352/7 709/352/7
f 718/355/8 716/353/8 708/353/8
f 709/352/7 717/352/7 719/354/7
f 720/162/8 718/355/8 710/355/8
f 723/356/1 724/360/1 722/357/1
f 730/357/2 732/360/2 731/356/2
f 725/359/3 726/362/3 724/360/3
f 732/360/2 734/362/2 733/359/2
f 727/361/4 728/363/4 726/362/4
f 734/362/2 736/363/2 735/361/2
f 722/357/5 730/357/5 729/358/5
f 727/361/6 735/361/6 736/363/6
f 729/358/7 731/356/7 723/356/7
f 724/360/8 732/360/8 730/357/8
f 731/356/7 733/359/7 725/359/7
f 734/362/8 732/360/8 724/360/8
f 725/359/7 733/359/7 735/361/7
f 736/363/8 734/362/8 726/362/8
f 739/364/1 740/368/1 738/365/1
f 746/365/2 748/368/2 747/364/2
f 741/367/3 742/370/3 740/368/3
f 748/368/2 750/370/2 749/367/2
f 743/369/4 744/371/4 742/370/4
f 750/370/2 752/371/2 751/369/2
f 738/365/5 746/365/5 745/366/5
f 743/369/6 751/369/6 752/371/6
f 745/366/7 747/364/7 739/364/7
f 740/368/8 748/368/8 746/365/8
f 747/364/7 749/367/7 741/367/7
f 750/370/8 748/368/8 740/368/8
f 741/367/7 749/367/7 751/369/7
f 752/371/8 750/370/8 742/370/8
f 755/372/1 756/376/1 754/373/1
f 762/373/2 764/376/2 763/372/2
f 757/375/3 758/378/3 756/376/3
f 764/376/2 766/378/2 765/375/2
f 759/377/4 760/379/4 758/378/4
f 766/378/2 768/379/2 767/377/2
f 754/373/5 762/373/5 761/374/5
f 759/377/6 767/377/6 768/379/6
f 761/374/7 763/372/7 755/372/7
f 756/376/8 764/376/8 762/373/8
f 763/372/7 765/375/7 757/375/7
f 766/378/8 764/376/8 756/376/8
f 757/375/7 765/375/7 767/377/7
f 768/379/8 766/378/8 758/378/8
f 771/380/1 772/384/1 770/381/1
f 778/381/2 780/384/2 779/380/2
f 773/383/3 774/385/3 772/384/3
f 780/384/2 782/385/2 781/383/2
f 775/312/4 776/386/4 774/385/4
f 782/385/2 784/386/2 783/312/2
f 770/381/5 778/381/5 777/382/5
f 775/312/6 783/312/6 784/386/6
f 777/382/7 779/380/7 771/380/7
f 772/384/8 780/384/8 778/381/8
f 779/380/7 781/383/7 773/383/7
f 782/385/8 780/384/8 772/384/8
f 773/383/7 781/383/7 783/312/7
f 784/386/8 782/385/8 774/385/8
f 787/387/1 788/391/1 786/388/1
f 794/388/2 796/391/2 795/387/2
f 789/390/3 790/393/3 788/391/3
f 796/391/2 798/393/2 797/390/2
f 791/392/4 792/394/4 790/393/4
f 798/393/2 800/394/2 799/392/2
f 786/388/5 794/388/5 793/389/5
f 791/392/6 799/392/6 800/394/6
f 793/389/7 795/387/7 787/387/7
f 788/391/8 796/391/8 794/388/8
f 795/387/7 797/390/7 789/390/7
f 798/393/8 796/391/8 788/391/8
f 789/390/7 797/390/7 799/392/7
f 800/394/8 798/393/8 790/393/8
f 803/395/1 804/399/1 802/396/1
f 810/396/2 812/399/2 811/395/2
f 805/398/3 806/401/3 804/399/3
f 812/399/2 814/401/2 813/398/2
f 807/400/4 808/402/4 806/401/4
f 814/401/2 816/402/2 815/400/2
f 802/396/5 810/396/5 809/397/5
f 807/400/6 815/400/6 816/402/6
f 809/397/7 811/395/7 803/395/7
f 804/399/8 812/399/8 810/396/8
f 811/395/7 813/398/7 805/398/7
f 814/401/8 812/399/8 804/399/8
f 805/398/7 813/398/7 815/400/7
f 816/402/8 814/401/8 806/401/8
f 819/403/1 820/407/1 818/404/1
f 826/404/2 828/407/2 827/403/2
f 821/406/3 822/409/3 820/407/3
f 828/407/2 830/409/2 829/406/2
f 823/408/4 824/327/4 822/409/4
f 830/409/2 832/327/2 831/408/2
f 818/404/5 826/404/5 825/405/5
f 823/408/6 831/408/6 832/327/6
f 825/405/7 827/403/7 819/403/7
f 820/407/8 828/407/8 826/404/8
f 827/403/7 829/406/7 821/406/7
f 830/409/8 828/407/8 820/407/8
f 821/406/7 829/406/7 831/408/7
f 832/327/8 830/409/8 822/409/8
f 835/410/1 836/414/1 834/411/1
f 842/411/2 844/414/2 843/410/2
f 837/413/3 838/415/3 836/414/3
f 844/414/2 846/415/2 845/413/2
f 839/315/4 840/416/4 838/415/4
f 846/415/2 848/416/2 847/315/2
f 834/411/5 842/411/5 841/412/5
f 839/315/6 847/315/6 848/416/6
f 841/412/7 843/410/7 835/410/7
f 836/414/8 844/414/8 842/411/8
f 843/410/7 845/413/7 837/413/7
f 846/415/8 844/414/8 836/414/8
f 837/413/7 845/413/7 847/315/7
f 848/416/8 846/415/8 838/415/8
f 851/417/1 852/421/1 850/418/1
f 858/418/2 860/421/2 859/417/2
f 853/420/3 854/423/3 852/421/3
f 860/421/2 862/423/2 861/420/2
f 855/422/4 856/424/4 854/423/4
f 862/423/2 864/424/2 863/422/2
f 850/418/5 858/418/5 857/419/5
f 855/422/6 863/422/6 864/424/6
f 857/419/7 859/417/7 851/417/7
f 852/421/8 860/421/8 858/418/8
f 859/417/7 861/420/7 853/420/7
f 862/423/8 860/421/8 852/421/8
f 853/420/7 861/420/7 863/422/7
f 864/424/8 862/423/8 854/423/8
f 867/425/1 868/429/1 866/426/1
f 874/426/2 876/429/2 875/425/2
f 869/428/3 870/431/3 868/429/3
f 876/429/2 878/431/2 877/428/2
f 871/430/4 872/333/4 870/431/4
f 878/431/2 880/333/2 879/430/2
f 866/426/5 874/426/5 873/427/5
f 871/430/6 879/430/6 880/333/6
f 873/427/7 875/425/7 867/425/7
f 868/429/8 876/429/8 874/426/8
f 875/425/7 877/428/7 869/428/7
f 878/431/8 876/429/8 868/429/8
f 869/428/7 877/428/7 879/430/7
f 880/333/8 878/431/8 870/431/8
f 883/432/1 884/436/1 882/433/1
f 890/433/2 892/436/2 891/432/2
f 885/435/3 886/438/3 884/436/3
f 892/436/2 894/438/2 893/435/2
f 887/437/4 888/439/4 886/438/4
f 894/438/2 896/439/2 895/437/2
f 882/433/5 890/433/5 889/434/5
f 887/437/6 895/437/6 896/439/6
f 889/434/7 891/432/7 883/432/7
f 884/436/8 892/436/8 890/433/8
f 891/432/7 893/435/7 885/435/7
f 894/438/8 892/436/8 884/436/8
f 885/435/7 893/435/7 895/437/7
f 896/439/8 894/438/8 886/438/8
f 899/440/1 900/444/1 898/441/1
f 906/441/2 908/444/2 907/440/2
f 901/443/3 902/446/3 900/444/3
f 908/444/2 910/446/2 909/443/2
f 903/445/4 904/447/4 902/446/4
f 910/446/2 912/447/2 911/445/2
f 898/441/5 906/441/5 905/442/5
f 903/445/6 911/445/6 912/447/6
f 905/442/7 907/440/7 899/440/7
f 900/444/8 908/444/8 906/441/8
f 907/440/7 909/443/7 901/443/7
f 910/446/8 908/444/8 900/444/8
f 901/443/7 909/443/7 911/445/7
f 912/447/8 910/446/8 902/446/8
f 915/448/1 916/451/1 914/449/1
f 922/449/2 924/451/2 923/448/2
f 917/450/3 918/453/3 916/451/3
f 924/451/2 926/453/2 925/450/2
f 919/452/4 920/454/4 918/453/4
f 926/453/2 928/454/2 927/452/2
f 914/449/5 922/449/5 921/110/5
f 919/452/6 927/452/6 928/454/6
f 921/110/7 923/448/7 915/448/7
f 916/451/8 924/451/8 922/449/8
f 923/448/7 925/450/7 917/450/7
f 926/453/8 924/451/8 916/451/8
f 917/450/7 925/450/7 927/452/7
f 928/454/8 926/453/8 918/453/8
f 931/455/1 932/459/1 930/456/1
f 938/456/2 940/459/2 939/455/2
f 933/458/3 934/461/3 932/459/3
f 940/459/2 942/461/2 941/458/2
f 935/460/4 936/462/4 934/461/4
f 942/461/2 944/462/2 943/460/2
f 930/456/5 938/456/5 937/457/5
f 935/460/6 943/460/6 944/462/6
f 937/457/7 939/455/7 931/455/7
f 932/459/8 940/459/8 938/456/8
f 939/455/7 941/458/7 933/458/7
f 942/461/8 940/459/8 932/459/8
f 933/458/7 941/458/7 943/460/7
f 944/462/8 942/461/8 934/461/8
f 947/463/1 948/467/1 946/464/1
f 954/464/2 956/467/2 955/463/2
f 949/466/3 950/469/3 948/467/3
f 956/467/2 958/469/2 957/466/2
f 951/468/4 952/470/4 950/469/4
f 958/469/2 960/470/2 959/468/2
f 946/464/5 954/464/5 953/465/5
f 951/468/6 959/468/6 960/470/6
f 953/465/7 955/463/7 947/463/7
f 948/467/8 956/467/8 954/464/8
f 955/463/7 957/466/7 949/466/7
f 958/469/8 956/467/8 948/467/8
f 949/466/7 957/466/7 959/468/7
f 960/470/8 958/469/8 950/469/8
f 963/471/1 964/475/1 962/472/1
f 970/472/2 972/475/2 971/471/2
f 965/474/3 966/477/3 964/475/3
f 972/475/2 974/477/2 973/474/2
f 967/476/4 968/478/4 966/477/4
f 974/477/2 976/478/2 975/476/2
f 962/472/5 970/472/5 969/473/5
f 967/476/6 975/476/6 976/478/6
f 969/473/7 971/471/7 963/471/7
f 964/475/8 972/475/8 970/472/8
f 971/471/7 973/474/7 965/474/7
f 974/477/8 972/475/8 964/475/8
f 965/474/7 973/474/7 975/476/7
f 976/478/8 974/477/8 966/477/8
f 979/479/1 980/482/1 978/144/1
f 986/144/2 988/482/2 987/479/2
f 981/481/3 982/484/3 980/482/3
f 988/482/2 990/484/2 989/481/2
f 983/483/4 984/485/4 982/484/4
f 990/484/2 992/485/2 991/483/2
f 978/144/5 986/144/5 985/480/5
f 983/483/6 991/483/6 992/485/6
f 985/480/7 987/479/7 979/479/7
f 980/482/8 988/482/8 986/144/8
f 987/479/7 989/481/7 981/481/7
f 990/484/8 988/482/8 980/482/8
f 981/481/7 989/481/7 991/483/7
f 992/485/8 990/484/8 982/484/8
f 995/486/1 996/490/1 994/487/1
f 1002/487/2 1004/490/2 1003/486/2
f 997/489/3 998/491/3 996/490/3
f 1004/490/2 1006/491/2 1005/489/2
f 999/412/4 1000/492/4 998/491/4
f 1006/491/2 1008/492/2 1007/412/2
f 994/487/5 1002/487/5 1001/488/5
f 999/412/6 1007/412/6 1008/492/6
f 1001/488/7 1003/486/7 995/486/7
f 996/490/8 1004/490/8 1002/487/8
f 1003/486/7 1005/489/7 997/489/7
f 1006/491/8 1004/490/8 996/490/8
f 997/489/7 1005/489/7 1007/412/7
f 1008/492/8 1006/491/8 998/491/8
f 1011/493/1 1012/497/1 1010/494/1
f 1018/494/2 1020/497/2 1019/493/2
f 1013/496/3 1014/499/3 1012/497/3
f 1020/497/2 1022/499/2 1021/496/2
f 1015/498/4 1016/500/4 1014/499/4
f 1022/499/2 1024/500/2 1023/498/2
f 1010/494/5 1018/494/5 1017/495/5
f 1015/498/6 1023/498/6 1024/500/6
f 1017/495/7 1019/493/7 1011/493/7
f 1012/497/8 1020/497/8 1018/494/8
f 1019/493/7 1021/496/7 1013/496/7
f 1022/499/8 1020/497/8 1012/497/8
f 1013/496/7 1021/496/7 1023/498/7
f 1024/500/8 1022/499/8 1014/499/8
f 1027/501/1 1028/505/1 1026/502/1
f 1034/502/2 1036/505/2 1035/501/2
f 1029/504/3 1030/507/3 1028/505/3
f 1036/505/2 1038/507/2 1037/504/2
f 1031/506/4 1032/508/4 1030/507/4
f 1038/507/2 1040/508/2 1039/506/2
f 1026/502/5 1034/502/5 1033/503/5
f 1031/506/6 1039/506/6 1040/508/6
f 1033/503/7 1035/501/7 1027/501/7
f 1028/505/8 1036/505/8 1034/502/8
f 1035/501/7 1037/504/7 1029/504/7
f 1038/507/8 1036/505/8 1028/505/8
f 1029/504/7 1037/504/7 1039/506/7
f 1040/508/8 1038/507/8 1030/507/8
f 1043/509/1 1044/513/1 1042/510/1
f 1050/510/2 1052/513/2 1051/509/2
f 1045/512/3 1046/515/3 1044/513/3
f 1052/513/2 1054/515/2 1053/512/2
f 1047/514/4 1048/426/4 1046/515/4
f 1054/515/2 1056/426/2 1055/514/2
f 1042/510/5 1050/510/5 1049/511/5
f 1047/514/6 1055/514/6 1056/426/6
f 1049/511/7 1051/509/7 1043/509/7
f 1044/513/8 1052/513/8 1050/510/8
f 1051/509/7 1053/512/7 1045/512/7
f 1054/515/8 1052/513/8 1044/513/8
f 1045/512/7 1053/512/7 1055/514/7
f 1056/426/8 1054/515/8 1046/515/8
f 1059/516/1 1060/520/1 1058/517/1
f 1066/517/2 1068/520/2 1067/516/2
f 1061/519/3 1062/522/3 1060/520/3
f 1068/520/2 1070/522/2 1069/519/2
f 1063/521/4 1064/523/4 1062/522/4
f 1070/522/2 1072/523/2 1071/521/2
f 1058/517/5 1066/517/5 1065/518/5
f 1063/521/6 1071/521/6 1072/523/6
f 1065/518/7 1067/516/7 1059/516/7
f 1060/520/8 1068/520/8 1066/517/8
f 1067/516/7 1069/519/7 1061/519/7
f 1070/522/8 1068/520/8 1060/520/8
f 1061/519/7 1069/519/7 1071/521/7
f 1072/523/8 1070/522/8 1062/522/8
f 1075/524/1 1076/528/1 1074/525/1
f 1082/525/2 1084/528/2 1083/524/2
f 1077/527/3 1078/530/3 1076/528/3
f 1084/528/2 1086/530/2 1085/527/2
f 1079/529/4 1080/531/4 1078/530/4
f 1086/530/2 1088/531/2 1087/529/2
f 1074/525/5 1082/525/5 1081/526/5
f 1079/529/6 1087/529/6 1088/531/6
f 1081/526/7 1083/524/7 1075/524/7
f 1076/528/8 1084/528/8 1082/525/8
f 1083/524/7 1085/527/7 1077/527/7
f 1086/530/8 1084/528/8 1076/528/8
f 1077/527/7 1085/527/7 1087/529/7
f 1088/531/8 1086/530/8 1078/530/8
f 1091/532/1 1092/536/1 1090/533/1
f 1098/533/2 1100/536/2 1099/532/2
f 1093/535/3 1094/538/3 1092/536/3
f 1100/536/2 1102/538/2 1101/535/2
f 1095/537/4 1096/539/4 1094/538/4
f 1102/538/2 1104/539/2 1103/537/2
f 1090/533/5 1098/533/5 1097/534/5
f 1095/537/6 1103/537/6 1104/539/6
f 1097/534/7 1099/532/7 1091/532/7
f 1092/536/8 1100/536/8 1098/533/8
f 1099/532/7 1101/535/7 1093/535/7
f 1102/538/8 1100/536/8 1092/536/8
f 1093/535/7 1101/535/7 1103/537/7
f 1104/539/8 1102/538/8 1094/538/8
f 1107/540/1 1108/544/1 1106/541/1
f 1114/541/2 1116/544/2 1115/540/2
f 1109/543/3 1110/546/3 1108/544/3
f 1116/544/2 1118/546/2 1117/543/2
f 1111/545/4 1112/547/4 1110/546/4
f 1118/546/2 1120/547/2 1119/545/2
f 1106/541/5 1114/541/5 1113/542/5
f 1111/545/6 1119/545/6 1120/547/6
f 1113/542/7 1115/540/7 1107/540/7
f 1108/544/8 1116/544/8 1114/541/8
f 1115/540/7 1117/543/7 1109/543/7
f 1118/546/8 1116/544/8 1108/544/8
f 1109/543/7 1117/543/7 1119/545/7
f 1120/547/8 1118/546/8 1110/546/8
f 1123/548/1 1124/552/1 1122/549/1
f 1130/549/2 1132/552/2 1131/548/2
f 1125/551/3 1126/553/3 1124/552/3
f 1132/552/2 1134/553/2 1133/551/2
f 1127/6/4 1128/554/4 1126/553/4
f 1134/553/2 1136/554/2 1135/6/2
f 1122/549/5 1130/549/5 1129/550/5
f 1127/6/6 1135/6/6 1136/554/6
f 1129/550/7 1131/548/7 1123/548/7
f 1124/552/8 1132/552/8 1130/549/8
f 1131/548/7 1133/551/7 1125/551/7
f 1134/553/8 1132/552/8 1124/552/8
f 1125/551/7 1133/551/7 1135/6/7
f 1136/554/8 1134/553/8 1126/553/8
f 1139/555/1 1140/559/1 1138/556/1
f 1146/556/2 1148/559/2 1147/555/2
f 1141/558/3 1142/561/3 1140/559/3
f 1148/559/2 1150/561/2 1149/558/2
f 1143/560/4 1144/562/4 1142/561/4
f 1150/561/2 1152/562/2 1151/560/2
f 1138/556/5 1146/556/5 1145/557/5
f 1143/560/6 1151/560/6 1152/562/6
f 1145/557/7 1147/555/7 1139/555/7
f 1140/559/8 1148/559/8 1146/556/8
f 1147/555/7 1149/558/7 1141/558/7
f 1150/561/8 1148/559/8 1140/559/8
f 1141/558/7 1149/558/7 1151/560/7
f 1152/562/8 1150/561/8 1142/561/8
f 1155/563/1 1156/567/1 1154/564/1
f 1162/564/2 1164/567/2 1163/563/2
f 1157/566/3 1158/569/3 1156/567/3
f 1164/567/2 1166/569/2 1165/566/2
f 1159/568/4 1160/570/4 1158/569/4
f 1166/569/2 1168/570/2 1167/568/2
f 1154/564/5 1162/564/5 1161/565/5
f 1159/568/6 1167/568/6 1168/570/6
f 1161/565/7 1163/563/7 1155/563/7
f 1156/567/8 1164/567/8 1162/564/8
f 1163/563/7 1165/566/7 1157/566/7
f 1166/569/8 1164/567/8 1156/567/8
f 1157/566/7 1165/566/7 1167/568/7
f 1168/570/8 1166/569/8 1158/569/8
f 1171/571/1 1172/575/1 1170/572/1
f 1178/572/2 1180/575/2 1179/571/2
f 1173/574/3 1174/577/3 1172/575/3
f 1180/575/2 1182/577/2 1181/574/2
f 1175/576/4 1176/32/4 1174/577/4
f 1182/577/2 1184/32/2 1183/576/2
f 1170/572/5 1178/572/5 1177/573/5
f 1175/576/6 1183/576/6 1184/32/6
f 1177/573/7 1179/571/7 1171/571/7
f 1172/575/8 1180/575/8 1178/572/8
f 1179/571/7 1181/574/7 1173/574/7
f 1182/577/8 1180/575/8 1172/575/8
f 1173/574/7 1181/574/7 1183/576/7
f 1184/32/8 1182/577/8 1174/577/8
f 1187/578/1 1188/582/1 1186/579/1
f 1194/579/2 1196/582/2 1195/578/2
f 1189/581/3 1190/584/3 1188/582/3
f 1196/582/2 1198/584/2 1197/581/2
f 1191/583/4 1192/585/4 1190/584/4
f 1198/584/2 1200/585/2 1199/583/2
f 1186/579/5 1194/579/5 1193/580/5
f 1191/583/6 1199/583/6 1200/585/6
f 1193/580/7 1195/578/7 1187/578/7
f 1188/582/8 1196/582/8 1194/579/8
f 1195/578/7 1197/581/7 1189/581/7
f 1198/584/8 1196/582/8 1188/582/8
f 1189/581/7 1197/581/7 1199/583/7
f 1200/585/8 1198/584/8 1190/584/8
f 1203/586/1 1204/590/1 1202/587/1
f 1210/587/2 1212/590/2 1211/586/2
f 1205/589/3 1206/592/3 1204/590/3
f 1212/590/2 1214/592/2 1213/589/2
f 1207/591/4 1208/593/4 1206/592/4
f 1214/592/2 1216/593/2 1215/591/2
f 1202/587/5 1210/587/5 1209/588/5
f 1207/591/6 1215/591/6 1216/593/6
f 1209/588/7 1211/586/7 1203/586/7
f 1204/590/8 1212/590/8 1210/587/8
f 1211/586/7 1213/589/7 1205/589/7
f 1214/592/8 1212/590/8 1204/590/8
f 1205/589/7 1213/589/7 1215/591/7
f 1216/593/8 1214/592/8 1206/592/8
f 1219/594/1 1220/598/1 1218/595/1
f 1226/595/2 1228/598/2 1227/594/2
f 1221/597/3 1222/600/3 1220/598/3
f 1228/598/2 1230/600/2 1229/597/2
f 1223/599/4 1224/601/4 1222/600/4
f 1230/600/2 1232/601/2 1231/599/2
f 1218/595/5 1226/595/5 1225/596/5
f 1223/599/6 1231/599/6 1232/601/6
f 1225/596/7 1227/594/7 1219/594/7
f 1220/598/8 1228/598/8 1226/595/8
f 1227/594/7 1229/597/7 1221/597/7
f 1230/600/8 1228/598/8 1220/598/8
f 1221/597/7 1229/597/7 1231/599/7
f 1232/601/8 1230/600/8 1222/600/8
f 1235/602/1 1236/606/1 1234/603/1
f 1242/603/2 1244/606/2 1243/602/2
f 1237/605/3 1238/608/3 1236/606/3
f 1244/606/2 1246/608/2 1245/605/2
f 1239/607/4 1240/609/4 1238/608/4
f 1246/608/2 1248/609/2 1247/607/2
f 1234/603/5 1242/603/5 1241/604/5
f 1239/607/6 1247/607/6 1248/609/6
f 1241/604/7 1243/602/7 1235/602/7
f 1236/606/8 1244/606/8 1242/603/8
f 1243/602/7 1245/605/7 1237/605/7
f 1246/608/8 1244/606/8 1236/606/8
f 1237/605/7 1245/605/7 1247/607/7
f 1248/609/8 1246/608/8 1238/608/8
f 1251/610/1 1252/614/1 1250/611/1
f 1258/611/2 1260/614/2 1259/610/2
f 1253/613/3 1254/615/3 1252/614/3
f 1260/614/2 1262/615/2 1261/613/2
f 1255/518/4 1256/616/4 1254/615/4
f 1262/615/2 1264/616/2 1263/518/2
f 1250/611/5 1258/611/5 1257/612/5
f 1255/518/6 1263/518/6 1264/616/6
f 1257/612/7 1259/610/7 1251/610/7
f 1252/614/8 1260/614/8 1258/611/8
f 1259/610/7 1261/613/7 1253/613/7
f 1262/615/8 1260/614/8 1252/614/8
f 1253/613/7 1261/613/7 1263/518/7
f 1264/616/8 1262/615/8 1254/615/8
f 1267/617/1 1268/621/1 1266/618/1
f 1274/618/2 1276/621/2 1275/617/2
f 1269/620/3 1270/623/3 1268/621/3
f 1276/621/2 1278/623/2 1277/620/2
f 1271/622/4 1272/624/4 1270/623/4
f 1278/623/2 1280/624/2 1279/622/2
f 1266/618/5 1274/618/5 1273/619/5
f 1271/622/6 1279/622/6 1280/624/6
f 1273/619/7 1275/617/7 1267/617/7
f 1268/621/8 1276/621/8 1274/618/8
f 1275/617/7 1277/620/7 1269/620/7
f 1278/623/8 1276/621/8 1268/621/8
f 1269/620/7 1277/620/7 1279/622/7
f 1280/624/8 1278/623/8 1270/623/8
f 1283/625/1 1284/629/1 1282/626/1
f 1290/626/2 1292/629/2 1291/625/2
f 1285/628/3 1286/631/3 1284/629/3
f 1292/629/2 1294/631/2 1293/628/2
f 1287/630/4 1288/632/4 1286/631/4
f 1294/631/2 1296/632/2 1295/630/2
f 1282/626/5 1290/626/5 1289/627/5
f 1287/630/6 1295/630/6 1296/632/6
f 1289/627/7 1291/625/7 1283/625/7
f 1284/629/8 1292/629/8 1290/626/8
f 1291/625/7 1293/628/7 1285/628/7
f 1294/631/8 1292/629/8 1284/629/8
f 1285/628/7 1293/628/7 1295/630/7
f 1296/632/8 1294/631/8 1286/631/8
f 1299/633/1 1300/637/1 1298/634/1
f 1306/634/2 1308/637/2 1307/633/2
f 1301/636/3 1302/639/3 1300/637/3
f 1308/637/2 1310/639/2 1309/636/2
f 1303/638/4 1304/640/4 1302/639/4
f 1310/639/2 1312/640/2 1311/638/2
f 1298/634/5 1306/634/5 1305/635/5
f 1303/638/6 1311/638/6 1312/640/6
f 1305/635/7 1307/633/7 1299/633/7
f 1300/637/8 1308/637/8 1306/634/8
f 1307/633/7 1309/636/7 1301/636/7
f 1310/639/8 1308/637/8 1300/637/8
f 1301/636/7 1309/636/7 1311/638/7
f 1312/640/8 1310/639/8 1302/639/8
f 1315/641/1 1316/645/1 1314/642/1
f 1322/642/2 1324/645/2 1323/641/2
f 1317/644/3 1318/647/3 1316/645/3
f 1324/645/2 1326/647/2 1325/644/2
f 1319/646/4 1320/541/4 1318/647/4
f 1326/647/2 1328/541/2 1327/646/2
f 1314/642/5 1322/642/5 1321/643/5
f 1319/646/6 1327/646/6 1328/541/6
f 1321/643/7 1323/641/7 1315/641/7
f 1316/645/8 1324/645/8 1322/642/8
f 1323/641/7 1325/644/7 1317/644/7
f 1326/647/8 1324/645/8 1316/645/8
f 1317/644/7 1325/644/7 1327/646/7
f 1328/541/8 1326/647/8 1318/647/8
f 1331/81/1 1332/649/1 1330/648/1
f 1338/648/2 1340/649/2 1339/81/2
f 1333/84/3 1334/650/3 1332/649/3
f 1340/649/2 1342/650/2 1341/84/2
f 1335/86/4 1336/651/4 1334/650/4
f 1342/650/2 1344/651/2 1343/86/2
f 1330/648/5 1338/648/5 1337/83/5
f 1335/86/6 1343/86/6 1344/651/6
f 1337/83/7 1339/81/7 1331/81/7
f 1332/649/8 1340/649/8 1338/648/8
f 1339/81/7 1341/84/7 1333/84/7
f 1342/650/8 1340/649/8 1332/649/8
f 1333/84/7 1341/84/7 1343/86/7
f 1344/651/8 1342/650/8 1334/650/8
f 1347/652/1 1348/656/1 1346/653/1
f 1354/653/2 1356/656/2 1355/652/2
f 1349/655/3 1350/658/3 1348/656/3
f 1356/656/2 1358/658/2 1357/655/2
f 1351/657/4 1352/659/4 1350/658/4
f 1358/658/2 1360/659/2 1359/657/2
f 1346/653/5 1354/653/5 1353/654/5
f 1351/657/6 1359/657/6 1360/659/6
f 1353/654/7 1355/652/7 1347/652/7
f 1348/656/8 1356/656/8 1354/653/8
f 1355/652/7 1357/655/7 1349/655/7
f 1358/658/8 1356/656/8 1348/656/8
f 1349/655/7 1357/655/7 1359/657/7
f 1360/659/8 1358/658/8 1350/658/8
f 1363/660/1 1364/664/1 1362/661/1
f 1370/661/2 1372/664/2 1371/660/2
f 1365/663/3 1366/666/3 1364/664/3
f 1372/664/2 1374/666/2 1373/663/2
f 1367/665/4 1368/667/4 1366/666/4
f 1374/666/2 1376/667/2 1375/665/2
f 1362/661/5 1370/661/5 1369/662/5
f 1367/665/6 1375/665/6 1376/667/6
f 1369/662/7 1371/660/7 1363/660/7
f 1364/664/8 1372/664/8 1370/661/8
f 1371/660/7 1373/663/7 1365/663/7
f 1374/666/8 1372/664/8 1364/664/8
f 1365/663/7 1373/663/7 1375/665/7
f 1376/667/8 1374/666/8 1366/666/8
f 1379/668/1 1380/101/1 1378/98/1
f 1386/98/2 1388/101/2 1387/668/2
f 1381/670/3 1382/103/3 1380/101/3
f 1388/101/2 1390/103/2 1389/670/2
f 1383/671/4 1384/104/4 1382/103/4
f 1390/103/2 1392/104/2 1391/671/2
f 1378/98/5 1386/98/5 1385/669/5
f 1383/671/6 1391/671/6 1392/104/6
f 1385/669/7 1387/668/7 1379/668/7
f 1380/101/8 1388/101/8 1386/98/8
f 1387/668/7 1389/670/7 1381/670/7
f 1390/103/8 1388/101/8 1380/101/8
f 1381/670/7 1389/670/7 1391/671/7
f 1392/104/8 1390/103/8 1382/103/8
f 1395/672/1 1396/676/1 1394/673/1
f 1402/673/2 1404/676/2 1403/672/2
f 1397/675/3 1398/678/3 1396/676/3
f 1404/676/2 1406/678/2 1405/675/2
f 1399/677/4 1400/679/4 1398/678/4
f 1406/678/2 1408/679/2 1407/677/2
f 1394/673/5 1402/673/5 1401/674/5
f 1399/677/6 1407/677/6 1408/679/6
f 1401/674/7 1403/672/7 1395/672/7
f 1396/676/8 1404/676/8 1402/673/8
f 1403/672/7 1405/675/7 1397/675/7
f 1406/678/8 1404/676/8 1396/676/8
f 1397/675/7 1405/675/7 1407/677/7
f 1408/679/8 1406/678/8 1398/678/8
f 1411/680/1 1412/684/1 1410/681/1
f 1418/681/2 1420/684/2 1419/680/2
f 1413/683/3 1414/686/3 1412/684/3
f 1420/684/2 1422/686/2 1421/683/2
f 1415/685/4 1416/687/4 1414/686/4
f 1422/686/2 1424/687/2 1423/685/2
f 1410/681/5 1418/681/5 1417/682/5
f 1415/685/6 1423/685/6 1424/687/6
f 1417/682/7 1419/680/7 1411/680/7
f 1412/684/8 1420/684/8 1418/681/8
f 1419/680/7 1421/683/7 1413/683/7
f 1422/686/8 1420/684/8 1412/684/8
f 1413/683/7 1421/683/7 1423/685/7
f 1424/687/8 1422/686/8 1414/686/8
f 1427/688/1 1428/692/1 1426/689/1
f 1434/689/2 1436/692/2 1435/688/2
f 1429/691/3 1430/694/3 1428/692/3
f 1436/692/2 1438/694/2 1437/691/2
f 1431/693/4 1432/695/4 1430/694/4
f 1438/694/2 1440/695/2 1439/693/2
f 1426/689/5 1434/689/5 1433/690/5
f 1431/693/6 1439/693/6 1440/695/6
f 1433/690/7 1435/688/7 1427/688/7
f 1428/692/8 1436/692/8 1434/689/8
f 1435/688/7 1437/691/7 1429/691/7
f 1438/694/8 1436/692/8 1428/692/8
f 1429/691/7 1437/691/7 1439/693/7
f 1440/695/8 1438/694/8 1430/694/8
f 1443/696/1 1444/700/1 1442/697/1
f 1450/697/2 1452/700/2 1451/696/2
f 1445/699/3 1446/702/3 1444/700/3
f 1452/700/2 1454/702/2 1453/699/2
f 1447/701/4 1448/703/4 1446/702/4
f 1454/702/2 1456/703/2 1455/701/2
f 1442/697/5 1450/697/5 1449/698/5
f 1447/701/6 1455/701/6 1456/703/6
f 1449/698/7 1451/696/7 1443/696/7
f 1444/700/8 1452/700/8 1450/697/8
f 1451/696/7 1453/699/7 1445/699/7
f 1454/702/8 1452/700/8 1444/700/8
f 1445/699/7 1453/699/7 1455/701/7
f 1456/703/8 1454/702/8 1446/702/8
f 1459/704/1 1460/708/1 1458/705/1
f 1466/705/2 1468/708/2 1467/704/2
f 1461/707/3 1462/710/3 1460/708/3
f 1468/708/2 1470/710/2 1469/707/2
f 1463/709/4 1464/711/4 1462/710/4
f 1470/710/2 1472/711/2 1471/709/2
f 1458/705/5 1466/705/5 1465/706/5
f 1463/709/6 1471/709/6 1472/711/6
f 1465/706/7 1467/704/7 1459/704/7
f 1460/708/8 1468/708/8 1466/705/8
f 1467/704/7 1469/707/7 1461/707/7
f 1470/710/8 1468/708/8 1460/708/8
f 1461/707/7 1469/707/7 1471/709/7
f 1472/711/8 1470/710/8 1462/710/8
f 1475/712/1 1476/716/1 1474/713/1
f 1482/713/2 1484/716/2 1483/712/2
f 1477/715/3 1478/718/3 1476/716/3
f 1484/716/2 1486/718/2 1485/715/2
f 1479/717/4 1480/719/4 1478/718/4
f 1486/718/2 1488/719/2 1487/717/2
f 1474/713/5 1482/713/5 1481/714/5
f 1479/717/6 1487/717/6 1488/719/6
f 1481/714/7 1483/712/7 1475/712/7
f 1476/716/8 1484/716/8 1482/713/8
f 1483/712/7 1485/715/7 1477/715/7
f 1486/718/8 1484/716/8 1476/716/8
f 1477/715/7 1485/715/7 1487/717/7
f 1488/719/8 1486/718/8 1478/718/8
f 1491/720/1 1492/724/1 1490/721/1
f 1498/721/2 1500/724/2 1499/720/2
f 1493/723/3 1494/726/3 1492/724/3
f 1500/724/2 1502/726/2 1501/723/2
f 1495/725/4 1496/727/4 1494/726/4
f 1502/726/2 1504/727/2 1503/725/2
f 1490/721/5 1498/721/5 1497/722/5
f 1495/725/6 1503/725/6 1504/727/6
f 1497/722/7 1499/720/7 1491/720/7
f 1492/724/8 1500/724/8 1498/721/8
f 1499/720/7 1501/723/7 1493/723/7
f 1502/726/8 1500/724/8 1492/724/8
f 1493/723/7 1501/723/7 1503/725/7
f 1504/727/8 1502/726/8 1494/726/8
f 1507/486/1 1508/729/1 1506/728/1
f 1514/728/2 1516/729/2 1515/486/2
f 1509/383/3 1510/730/3 1508/729/3
f 1516/729/2 1518/730/2 1517/383/2
f 1511/312/4 1512/731/4 1510/730/4
f 1518/730/2 1520/731/2 1519/312/2
f 1506/728/5 1514/728/5 1513/583/5
f 1511/312/6 1519/312/6 1520/731/6
f 1513/583/7 1515/486/7 1507/486/7
f 1508/729/8 1516/729/8 1514/728/8
f 1515/486/7 1517/383/7 1509/383/7
f 1518/730/8 1516/729/8 1508/729/8
f 1509/383/7 1517/383/7 1519/312/7
f 1520/731/8 1518/730/8 1510/730/8
f 1523/732/1 1524/736/1 1522/733/1
f 1530/733/2 1532/736/2 1531/732/2
f 1525/735/3 1526/738/3 1524/736/3
f 1532/736/2 1534/738/2 1533/735/2
f 1527/737/4 1528/739/4 1526/738/4
f 1534/738/2 1536/739/2 1535/737/2
f 1522/733/5 1530/733/5 1529/734/5
f 1527/737/6 1535/737/6 1536/739/6
f 1529/734/7 1531/732/7 1523/732/7
f 1524/736/8 1532/736/8 1530/733/8
f 1531/732/7 1533/735/7 1525/735/7
f 1534/738/8 1532/736/8 1524/736/8
f 1525/735/7 1533/735/7 1535/737/7
f 1536/739/8 1534/738/8 1526/738/8
f 1539/740/1 1540/513/1 1538/609/1
f 1546/609/2 1548/513/2 1547/740/2
f 1541/742/3 1542/409/3 1540/513/3
f 1548/513/2 1550/409/2 1549/742/2
f 1543/743/4 1544/327/4 1542/409/4
f 1550/409/2 1552/327/2 1551/743/2
f 1538/609/5 1546/609/5 1545/741/5
f 1543/743/6 1551/743/6 1552/327/6
f 1545/741/7 1547/740/7 1539/740/7
f 1540/513/8 1548/513/8 1546/609/8
f 1547/740/7 1549/742/7 1541/742/7
f 1550/409/8 1548/513/8 1540/513/8
f 1541/742/7 1549/742/7 1551/743/7
f 1552/327/8 1550/409/8 1542/409/8
f 1555/191/1 1556/745/1 1554/744/1
f 1562/744/2 1564/745/2 1563/191/2
f 1557/194/3 1558/746/3 1556/745/3
f 1564/745/2 1566/746/2 1565/194/2
f 1559/196/4 1560/747/4 1558/746/4
f 1566/746/2 1568/747/2 1567/196/2
f 1554/744/5 1562/744/5 1561/193/5
f 1559/196/6 1567/196/6 1568/747/6
f 1561/193/7 1563/191/7 1555/191/7
f 1556/745/8 1564/745/8 1562/744/8
f 1563/191/7 1565/194/7 1557/194/7
f 1566/746/8 1564/745/8 1556/745/8
f 1557/194/7 1565/194/7 1567/196/7
f 1568/747/8 1566/746/8 1558/746/8
f 1571/748/1 1572/752/1 1570/749/1
f 1578/749/2 1580/752/2 1579/748/2
f 1573/751/3 1574/754/3 1572/752/3
f 1580/752/2 1582/754/2 1581/751/2
f 1575/753/4 1576/755/4 1574/754/4
f 1582/754/2 1584/755/2 1583/753/2
f 1570/749/5 1578/749/5 1577/750/5
f 1575/753/6 1583/753/6 1584/755/6
f 1577/750/7 1579/748/7 1571/748/7
f 1572/752/8 1580/752/8 1578/749/8
f 1579/748/7 1581/751/7 1573/751/7
f 1582/754/8 1580/752/8 1572/752/8
f 1573/751/7 1581/751/7 1583/753/7
f 1584/755/8 1582/754/8 1574/754/8
f 1587/756/1 1588/211/1 1586/208/1
f 1594/208/2 1596/211/2 1595/756/2
f 1589/758/3 1590/213/3 1588/211/3
f 1596/211/2 1598/213/2 1597/758/2
f 1591/759/4 1592/214/4 1590/213/4
f 1598/213/2 1600/214/2 1599/759/2
f 1586/208/5 1594/208/5 1593/757/5
f 1591/759/6 1599/759/6 1600/214/6
f 1593/757/7 1595/756/7 1587/756/7
f 1588/211/8 1596/211/8 1594/208/8
f 1595/756/7 1597/758/7 1589/758/7
f 1598/213/8 1596/211/8 1588/211/8
f 1589/758/7 1597/758/7 1599/759/7
f 1600/214/8 1598/213/8 1590/213/8
f 1603/760/1 1604/764/1 1602/761/1
f 1610/761/2 1612/764/2 1611/760/2
f 1605/763/3 1606/766/3 1604/764/3
f 1612/764/2 1614/766/2 1613/763/2
f 1607/765/4 1608/767/4 1606/766/4
f 1614/766/2 1616/767/2 1615/765/2
f 1602/761/5 1610/761/5 1609/762/5
f 1607/765/6 1615/765/6 1616/767/6
f 1609/762/7 1611/760/7 1603/760/7
f 1604/764/8 1612/764/8 1610/761/8
f 1611/760/7 1613/763/7 1605/763/7
f 1614/766/8 1612/764/8 1604/764/8
f 1605/763/7 1613/763/7 1615/765/7
f 1616/767/8 1614/766/8 1606/766/8
f 1619/768/1 1620/772/1 1618/769/1
f 1626/769/2 1628/772/2 1627/768/2
f 1621/771/3 1622/774/3 1620/772/3
f 1628/772/2 1630/774/2 1629/771/2
f 1623/773/4 1624/775/4 1622/774/4
f 1630/774/2 1632/775/2 1631/773/2
f 1618/769/5 1626/769/5 1625/770/5
f 1623/773/6 1631/773/6 1632/775/6
f 1625/770/7 1627/768/7 1619/768/7
f 1620/772/8 1628/772/8 1626/769/8
f 1627/768/7 1629/771/7 1621/771/7
f 1630/774/8 1628/772/8 1620/772/8
f 1621/771/7 1629/771/7 1631/773/7
f 1632/775/8 1630/774/8 1622/774/8
f 1635/776/1 1636/780/1 1634/777/1
f 1642/777/2 1644/780/2 1643/776/2
f 1637/779/3 1638/782/3 1636/780/3
f 1644/780/2 1646/782/2 1645/779/2
f 1639/781/4 1640/783/4 1638/782/4
f 1646/782/2 1648/783/2 1647/781/2
f 1634/777/5 1642/777/5 1641/778/5
f 1639/781/6 1647/781/6 1648/783/6
f 1641/778/7 1643/776/7 1635/776/7
f 1636/780/8 1644/780/8 1642/777/8
f 1643/776/7 1645/779/7 1637/779/7
f 1646/782/8 1644/780/8 1636/780/8
f 1637/779/7 1645/779/7 1647/781/7
f 1648/783/8 1646/782/8 1638/782/8
f 1651/784/1 1652/788/1 1650/785/1
f 1658/785/2 1660/788/2 1659/784/2
f 1653/787/3 1654/790/3 1652/788/3
f 1660/788/2 1662/790/2 1661/787/2
f 1655/789/4 1656/791/4 1654/790/4
f 1662/790/2 1664/791/2 1663/789/2
f 1650/785/5 1658/785/5 1657/786/5
f 1655/789/6 1663/789/6 1664/791/6
f 1657/786/7 1659/784/7 1651/784/7
f 1652/788/8 1660/788/8 1658/785/8
f 1659/784/7 1661/787/7 1653/787/7
f 1662/790/8 1660/788/8 1652/788/8
f 1653/787/7 1661/787/7 1663/789/7
f 1664/791/8 1662/790/8 1654/790/8
f 1667/792/1 1668/796/1 1666/793/1
f 1674/793/2 1676/796/2 1675/792/2
f 1669/795/3 1670/798/3 1668/796/3
f 1676/796/2 1678/798/2 1677/795/2
f 1671/797/4 1672/799/4 1670/798/4
f 1678/798/2 1680/799/2 1679/797/2
f 1666/793/5 1674/793/5 1673/794/5
f 1671/797/6 1679/797/6 1680/799/6
f 1673/794/7 1675/792/7 1667/792/7
f 1668/796/8 1676/796/8 1674/793/8
f 1675/792/7 1677/795/7 1669/795/7
f 1678/798/8 1676/796/8 1668/796/8
f 1669/795/7 1677/795/7 1679/797/7
f 1680/799/8 1678/798/8 1670/798/8
f 1683/800/1 1684/804/1 1682/801/1
f 1690/801/2 1692/804/2 1691/800/2
f 1685/803/3 1686/805/3 1684/804/3
f 1692/804/2 1694/805/2 1693/803/2
f 1687/488/4 1688/806/4 1686/805/4
f 1694/805/2 1696/806/2 1695/488/2
f 1682/801/5 1690/801/5 1689/802/5
f 1687/488/6 1695/488/6 1696/806/6
f 1689/802/7 1691/800/7 1683/800/7
f 1684/804/8 1692/804/8 1690/801/8
f 1691/800/7 1693/803/7 1685/803/7
f 1694/805/8 1692/804/8 1684/804/8
f 1685/803/7 1693/803/7 1695/488/7
f 1696/806/8 1694/805/8 1686/805/8
f 1699/807/1 1700/811/1 1698/808/1
f 1706/808/2 1708/811/2 1707/807/2
f 1701/810/3 1702/813/3 1700/811/3
f 1708/811/2 1710/813/2 1709/810/2
f 1703/812/4 1704/814/4 1702/813/4
f 1710/813/2 1712/814/2 1711/812/2
f 1698/808/5 1706/808/5 1705/809/5
f 1703/812/6 1711/812/6 1712/814/6
f 1705/809/7 1707/807/7 1699/807/7
f 1700/811/8 1708/811/8 1706/808/8
f 1707/807/7 1709/810/7 1701/810/7
f 1710/813/8 1708/811/8 1700/811/8
f 1701/810/7 1709/810/7 1711/812/7
f 1712/814/8 1710/813/8 1702/813/8
f 1715/815/1 1716/819/1 1714/816/1
f 1722/816/2 1724/819/2 1723/815/2
f 1717/818/3 1718/821/3 1716/819/3
f 1724/819/2 1726/821/2 1725/818/2
f 1719/820/4 1720/822/4 1718/821/4
f 1726/821/2 1728/822/2 1727/820/2
f 1714/816/5 1722/816/5 1721/817/5
f 1719/820/6 1727/820/6 1728/822/6
f 1721/817/7 1723/815/7 1715/815/7
f 1716/819/8 1724/819/8 1722/816/8
f 1723/815/7 1725/818/7 1717/818/7
f 1726/821/8 1724/819/8 1716/819/8
f 1717/818/7 1725/818/7 1727/820/7
f 1728/822/8 1726/821/8 1718/821/8
f 1731/823/1 1732/827/1 1730/824/1
f 1738/824/2 1740/827/2 1739/823/2
f 1733/826/3 1734/829/3 1732/827/3
f 1740/827/2 1742/829/2 1741/826/2
f 1735/828/4 1736/510/4 1734/829/4
f 1742/829/2 1744/510/2 1743/828/2
f 1730/824/5 1738/824/5 1737/825/5
f 1735/828/6 1743/828/6 1744/510/6
f 1737/825/7 1739/823/7 1731/823/7
f 1732/827/8 1740/827/8 1738/824/8
f 1739/823/7 1741/826/7 1733/826/7
f 1742/829/8 1740/827/8 1732/827/8
f 1733/826/7 1741/826/7 1743/828/7
f 1744/510/8 1742/829/8 1734/829/8
f 1747/610/1 1748/831/1 1746/830/1
f 1754/830/2 1756/831/2 1755/610/2
f 1749/489/3 1750/832/3 1748/831/3
f 1756/831/2 1758/832/2 1757/489/2
f 1751/312/4 1752/833/4 1750/832/4
f 1758/832/2 1760/833/2 1759/312/2
f 1746/830/5 1754/830/5 1753/701/5
f 1751/312/6 1759/312/6 1760/833/6
f 1753/701/7 1755/610/7 1747/610/7
f 1748/831/8 1756/831/8 1754/830/8
f 1755/610/7 1757/489/7 1749/489/7
f 1758/832/8 1756/831/8 1748/831/8
f 1749/489/7 1757/489/7 1759/312/7
f 1760/833/8 1758/832/8 1750/832/8
f 1763/834/1 1764/838/1 1762/835/1
f 1770/835/2 1772/838/2 1771/834/2
f 1765/837/3 1766/840/3 1764/838/3
f 1772/838/2 1774/840/2 1773/837/2
f 1767/839/4 1768/841/4 1766/840/4
f 1774/840/2 1776/841/2 1775/839/2
f 1762/835/5 1770/835/5 1769/836/5
f 1767/839/6 1775/839/6 1776/841/6
f 1769/836/7 1771/834/7 1763/834/7
f 1764/838/8 1772/838/8 1770/835/8
f 1771/834/7 1773/837/7 1765/837/7
f 1774/840/8 1772/838/8 1764/838/8
f 1765/837/7 1773/837/7 1775/839/7
f 1776/841/8 1774/840/8 1766/840/8
f 1779/842/1 1780/645/1 1778/727/1
f 1786/727/2 1788/645/2 1787/842/2
f 1781/844/3 1782/515/3 1780/645/3
f 1788/645/2 1790/515/2 1789/844/2
f 1783/845/4 1784/327/4 1782/515/4
f 1790/515/2 1792/327/2 1791/845/2
f 1778/727/5 1786/727/5 1785/843/5
f 1783/845/6 1791/845/6 1792/327/6
f 1785/843/7 1787/842/7 1779/842/7
f 1780/645/8 1788/645/8 1786/727/8
f 1787/842/7 1789/844/7 1781/844/7
f 1790/515/8 1788/645/8 1780/645/8
f 1781/844/7 1789/844/7 1791/845/7
f 1792/327/8 1790/515/8 1782/515/8
f 1795/191/1 1796/847/1 1794/846/1
f 1802/846/2 1804/847/2 1803/191/2
f 1797/84/3 1798/848/3 1796/847/3
f 1804/847/2 1806/848/2 1805/84/2
f 1799/196/4 1800/849/4 1798/848/4
f 1806/848/2 1808/849/2 1807/196/2
f 1794/846/5 1802/846/5 1801/312/5
f 1799/196/6 1807/196/6 1808/849/6
f 1801/312/7 1803/191/7 1795/191/7
f 1796/847/8 1804/847/8 1802/846/8
f 1803/191/7 1805/84/7 1797/84/7
f 1806/848/8 1804/847/8 1796/847/8
f 1797/84/7 1805/84/7 1807/196/7
f 1808/849/8 1806/848/8 1798/848/8
f 1811/850/1 1812/854/1 1810/851/1
f 1818/851/2 1820/854/2 1819/850/2
f 1813/853/3 1814/856/3 1812/854/3
f 1820/854/2 1822/856/2 1821/853/2
f 1815/855/4 1816/857/4 1814/856/4
f 1822/856/2 1824/857/2 1823/855/2
f 1810/851/5 1818/851/5 1817/852/5
f 1815/855/6 1823/855/6 1824/857/6
f 1817/852/7 1819/850/7 1811/850/7
f 1812/854/8 1820/854/8 1818/851/8
f 1819/850/7 1821/853/7 1813/853/7
f 1822/856/8 1820/854/8 1812/854/8
f 1813/853/7 1821/853/7 1823/855/7
f 1824/857/8 1822/856/8 1814/856/8
f 1827/858/1 1828/211/1 1826/327/1
f 1834/327/2 1836/211/2 1835/858/2
f 1829/860/3 1830/103/3 1828/211/3
f 1836/211/2 1838/103/2 1837/860/2
f 1831/861/4 1832/214/4 1830/103/4
f 1838/103/2 1840/214/2 1839/861/2
f 1826/327/5 1834/327/5 1833/859/5
f 1831/861/6 1839/861/6 1840/214/6
f 1833/859/7 1835/858/7 1827/858/7
f 1828/211/8 1836/211/8 1834/327/8
f 1835/858/7 1837/860/7 1829/860/7
f 1838/103/8 1836/211/8 1828/211/8
f 1829/860/7 1837/860/7 1839/861/7
f 1840/214/8 1838/103/8 1830/103/8
f 1843/862/1 1844/866/1 1842/863/1
f 1850/863/2 1852/866/2 1851/862/2
f 1845/865/3 1846/867/3 1844/866/3
f 1852/866/2 1854/867/2 1853/865/2
f 1847/437/4 1848/868/4 1846/867/4
f 1854/867/2 1856/868/2 1855/437/2
f 1842/863/5 1850/863/5 1849/864/5
f 1847/437/6 1855/437/6 1856/868/6
f 1849/864/7 1851/862/7 1843/862/7
f 1844/866/8 1852/866/8 1850/863/8
f 1851/862/7 1853/865/7 1845/865/7
f 1854/867/8 1852/866/8 1844/866/8
f 1845/865/7 1853/865/7 1855/437/7
f 1856/868/8 1854/867/8 1846/867/8
f 1859/869/1 1860/873/1 1858/870/1
f 1866/870/2 1868/873/2 1867/869/2
f 1861/872/3 1862/875/3 1860/873/3
f 1868/873/2 1870/875/2 1869/872/2
f 1863/874/4 1864/876/4 1862/875/4
f 1870/875/2 1872/876/2 1871/874/2
f 1858/870/5 1866/870/5 1865/871/5
f 1863/874/6 1871/874/6 1872/876/6
f 1865/871/7 1867/869/7 1859/869/7
f 1860/873/8 1868/873/8 1866/870/8
f 1867/869/7 1869/872/7 1861/872/7
f 1870/875/8 1868/873/8 1860/873/8
f 1861/872/7 1869/872/7 1871/874/7
f 1872/876/8 1870/875/8 1862/875/8
f 1875/877/1 1876/881/1 1874/878/1
f 1882/878/2 1884/881/2 1883/877/2
f 1877/880/3 1878/883/3 1876/881/3
f 1884/881/2 1886/883/2 1885/880/2
f 1879/882/4 1880/884/4 1878/883/4
f 1886/883/2 1888/884/2 1887/882/2
f 1874/878/5 1882/878/5 1881/879/5
f 1879/882/6 1887/882/6 1888/884/6
f 1881/879/7 1883/877/7 1875/877/7
f 1876/881/8 1884/881/8 1882/878/8
f 1883/877/7 1885/880/7 1877/880/7
f 1886/883/8 1884/881/8 1876/881/8
f 1877/880/7 1885/880/7 1887/882/7
f 1888/884/8 1886/883/8 1878/883/8
f 1891/885/1 1892/889/1 1890/886/1
f 1898/886/2 1900/889/2 1899/885/2
f 1893/888/3 1894/891/3 1892/889/3
f 1900/889/2 1902/891/2 1901/888/2
f 1895/890/4 1896/892/4 1894/891/4
f 1902/891/2 1904/892/2 1903/890/2
f 1890/886/5 1898/886/5 1897/887/5
f 1895/890/6 1903/890/6 1904/892/6
f 1897/887/7 1899/885/7 1891/885/7
f 1892/889/8 1900/889/8 1898/886/8
f 1899/885/7 1901/888/7 1893/888/7
f 1902/891/8 1900/889/8 1892/889/8
f 1893/888/7 1901/888/7 1903/890/7
f 1904/892/8 1902/891/8 1894/891/8
f 1907/893/1 1908/897/1 1906/894/1
f 1914/894/2 1916/897/2 1915/893/2
f 1909/896/3 1910/899/3 1908/897/3
f 1916/897/2 1918/899/2 1917/896/2
f 1911/898/4 1912/900/4 1910/899/4
f 1918/899/2 1920/900/2 1919/898/2
f 1906/894/5 1914/894/5 1913/895/5
f 1911/898/6 1919/898/6 1920/900/6
f 1913/895/7 1915/893/7 1907/893/7
f 1908/897/8 1916/897/8 1914/894/8
f 1915/893/7 1917/896/7 1909/896/7
f 1918/899/8 1916/897/8 1908/897/8
f 1909/896/7 1917/896/7 1919/898/7
f 1920/900/8 1918/899/8 1910/899/8
f 1923/800/1 1924/903/1 1922/901/1
f 1930/901/2 1932/903/2 1931/800/2
f 1925/902/3 1926/904/3 1924/903/3
f 1932/903/2 1934/904/2 1933/902/2
f 1927/701/4 1928/905/4 1926/904/4
f 1934/904/2 1936/905/2 1935/701/2
f 1922/901/5 1930/901/5 1929/437/5
f 1927/701/6 1935/701/6 1936/905/6
f 1929/437/7 1931/800/7 1923/800/7
f 1924/903/8 1932/903/8 1930/901/8
f 1931/800/7 1933/902/7 1925/902/7
f 1934/904/8 1932/903/8 1924/903/8
f 1925/902/7 1933/902/7 1935/701/7
f 1936/905/8 1934/904/8 1926/904/8
f 1939/906/1 1940/910/1 1938/907/1
f 1946/907/2 1948/910/2 1947/906/2
f 1941/909/3 1942/912/3 1940/910/3
f 1948/910/2 1950/912/2 1949/909/2
f 1943/911/4 1944/913/4 1942/912/4
f 1950/912/2 1952/913/2 1951/911/2
f 1938/907/5 1946/907/5 1945/908/5
f 1943/911/6 1951/911/6 1952/913/6
f 1945/908/7 1947/906/7 1939/906/7
f 1940/910/8 1948/910/8 1946/907/8
f 1947/906/7 1949/909/7 1941/909/7
f 1950/912/8 1948/910/8 1940/910/8
f 1941/909/7 1949/909/7 1951/911/7
f 1952/913/8 1950/912/8 1942/912/8
f 1955/914/1 1956/918/1 1954/915/1
f 1962/915/2 1964/918/2 1963/914/2
f 1957/917/3 1958/920/3 1956/918/3
f 1964/918/2 1966/920/2 1965/917/2
f 1959/919/4 1960/921/4 1958/920/4
f 1966/920/2 1968/921/2 1967/919/2
f 1954/915/5 1962/915/5 1961/916/5
f 1959/919/6 1967/919/6 1968/921/6
f 1961/916/7 1963/914/7 1955/914/7
f 1956/918/8 1964/918/8 1962/915/8
f 1963/914/7 1965/917/7 1957/917/7
f 1966/920/8 1964/918/8 1956/918/8
f 1957/917/7 1965/917/7 1967/919/7
f 1968/921/8 1966/920/8 1958/920/8
f 1971/922/1 1972/926/1 1970/923/1
f 1978/923/2 1980/926/2 1979/922/2
f 1973/925/3 1974/928/3 1972/926/3
f 1980/926/2 1982/928/2 1981/925/2
f 1975/927/4 1976/929/4 1974/928/4
f 1982/928/2 1984/929/2 1983/927/2
f 1970/923/5 1978/923/5 1977/924/5
f 1975/927/6 1983/927/6 1984/929/6
f 1977/924/7 1979/922/7 1971/922/7
f 1972/926/8 1980/926/8 1978/923/8
f 1979/922/7 1981/925/7 1973/925/7
f 1982/928/8 1980/926/8 1972/926/8
f 1973/925/7 1981/925/7 1983/927/7
f 1984/929/8 1982/928/8 1974/928/8
f 1987/930/1 1988/827/1 1986/900/1
f 1994/900/2 1996/827/2 1995/930/2
f 1989/932/3 1990/934/3 1988/827/3
f 1996/827/2 1998/934/2 1997/932/2
f 1991/933/4 1992/727/4 1990/934/4
f 1998/934/2 2000/727/2 1999/933/2
f 1986/900/5 1994/900/5 1993/931/5
f 1991/933/6 1999/933/6 2000/727/6
f 1993/931/7 1995/930/7 1987/930/7
f 1988/827/8 1996/827/8 1994/900/8
f 1995/930/7 1997/932/7 1989/932/7
f 1998/934/8 1996/827/8 1988/827/8
f 1989/932/7 1997/932/7 1999/933/7
f 2000/727/8 1998/934/8 1990/934/8
f 2003/610/1 2004/936/1 2002/935/1
f 2010/935/2 2012/936/2 2011/610/2
f 2005/489/3 2006/937/3 2004/936/3
f 2012/936/2 2014/937/2 2013/489/2
f 2007/312/4 2008/938/4 2006/937/4
f 2014/937/2 2016/938/2 2015/312/2
f 2002/935/5 2010/935/5 2009/701/5
f 2007/312/6 2015/312/6 2016/938/6
f 2009/701/7 2011/610/7 2003/610/7
f 2004/936/8 2012/936/8 2010/935/8
f 2011/610/7 2013/489/7 2005/489/7
f 2014/937/8 2012/936/8 2004/936/8
f 2005/489/7 2013/489/7 2015/312/7
f 2016/938/8 2014/937/8 2006/937/8
f 2019/939/1 2020/943/1 2018/940/1
f 2026/940/2 2028/943/2 2027/939/2
f 2021/942/3 2022/945/3 2020/943/3
f 2028/943/2 2030/945/2 2029/942/2
f 2023/944/4 2024/946/4 2022/945/4
f 2030/945/2 2032/946/2 2031/944/2
f 2018/940/5 2026/940/5 2025/941/5
f 2023/944/6 2031/944/6 2032/946/6
f 2025/941/7 2027/939/7 2019/939/7
f 2020/943/8 2028/943/8 2026/940/8
f 2027/939/7 2029/942/7 2021/942/7
f 2030/945/8 2028/943/8 2020/943/8
f 2021/942/7 2029/942/7 2031/944/7
f 2032/946/8 2030/945/8 2022/945/8
f 2035/947/1 2036/951/1 2034/948/1
f 2042/948/2 2044/951/2 2043/947/2
f 2037/950/3 2038/953/3 2036/951/3
f 2044/951/2 2046/953/2 2045/950/2
f 2039/952/4 2040/954/4 2038/953/4
f 2046/953/2 2048/954/2 2047/952/2
f 2034/948/5 2042/948/5 2041/949/5
f 2039/952/6 2047/952/6 2048/954/6
f 2041/949/7 2043/947/7 2035/947/7
f 2036/951/8 2044/951/8 2042/948/8
f 2043/947/7 2045/950/7 2037/950/7
f 2046/953/8 2044/951/8 2036/951/8
f 2037/950/7 2045/950/7 2047/952/7
f 2048/954/8 2046/953/8 2038/953/8
f 2051/955/1 2052/959/1 2050/956/1
f 2058/956/2 2060/959/2 2059/955/2
f 2053/958/3 2054/961/3 2052/959/3
f 2060/959/2 2062/961/2 2061/958/2
f 2055/960/4 2056/962/4 2054/961/4
f 2062/961/2 2064/962/2 2063/960/2
f 2050/956/5 2058/956/5 2057/957/5
f 2055/960/6 2063/960/6 2064/962/6
f 2057/957/7 2059/955/7 2051/955/7
f 2052/959/8 2060/959/8 2058/956/8
f 2059/955/7 2061/958/7 2053/958/7
f 2062/961/8 2060/959/8 2052/959/8
f 2053/958/7 2061/958/7 2063/960/7
f 2064/962/8 2062/961/8 2054/961/8
f 2067/963/1 2068/645/1 2066/727/1
f 2074/727/2 2076/645/2 2075/963/2
f 2069/965/3 2070/515/3 2068/645/3
f 2076/645/2 2078/515/2 2077/965/2
f 2071/966/4 2072/327/4 2070/515/4
f 2078/515/2 2080/327/2 2079/966/2
f 2066/727/5 2074/727/5 2073/964/5
f 2071/966/6 2079/966/6 2080/327/6
f 2073/964/7 2075/963/7 2067/963/7
f 2068/645/8 2076/645/8 2074/727/8
f 2075/963/7 2077/965/7 2069/965/7
f 2078/515/8 2076/645/8 2068/645/8
f 2069/965/7 2077/965/7 2079/966/7
f 2080/327/8 2078/515/8 2070/515/8
f 2083/191/1 2084/968/1 2082/967/1
f 2090/967/2 2092/968/2 2091/191/2
f 2085/84/3 2086/969/3 2084/968/3
f 2092/968/2 2094/969/2 2093/84/2
f 2087/196/4 2088/970/4 2086/969/4
f 2094/969/2 2096/970/2 2095/196/2
f 2082/967/5 2090/967/5 2089/312/5
f 2087/196/6 2095/196/6 2096/970/6
f 2089/312/7 2091/191/7 2083/191/7
f 2084/968/8 2092/968/8 2090/967/8
f 2091/191/7 2093/84/7 2085/84/7
f 2094/969/8 2092/968/8 2084/968/8
f 2085/84/7 2093/84/7 2095/196/7
f 2096/970/8 2094/969/8 2086/969/8
f 2099/971/1 2100/975/1 2098/972/1
f 2106/972/2 2108/975/2 2107/971/2
f 2101/974/3 2102/977/3 2100/975/3
f 2108/975/2 2110/977/2 2109/974/2
f 2103/976/4 2104/978/4 2102/977/4
f 2110/977/2 2112/978/2 2111/976/2
f 2098/972/5 2106/972/5 2105/973/5
f 2103/976/6 2111/976/6 2112/978/6
f 2105/973/7 2107/971/7 2099/971/7
f 2100/975/8 2108/975/8 2106/972/8
f 2107/971/7 2109/974/7 2101/974/7
f 2110/977/8 2108/975/8 2100/975/8
f 2101/974/7 2109/974/7 2111/976/7
f 2112/978/8 2110/977/8 2102/977/8
f 2115/979/1 2116/983/1 2114/980/1
f 2122/980/2 2124/983/2 2123/979/2
f 2117/982/3 2118/985/3 2116/983/3
f 2124/983/2 2126/985/2 2125/982/2
f 2119/984/4 2120/986/4 2118/985/4
f 2126/985/2 2128/986/2 2127/984/2
f 2114/980/5 2122/980/5 2121/981/5
f 2119/984/6 2127/984/6 2128/986/6
f 2121/981/7 2123/979/7 2115/979/7
f 2116/983/8 2124/983/8 2122/980/8
f 2123/979/7 2125/982/7 2117/982/7
f 2126/985/8 2124/983/8 2116/983/8
f 2117/982/7 2125/982/7 2127/984/7
f 2128/986/8 2126/985/8 2118/985/8
f 2131/987/1 2132/211/1 2130/327/1
f 2138/327/2 2140/211/2 2139/987/2
f 2133/989/3 2134/103/3 2132/211/3
f 2140/211/2 2142/103/2 2141/989/2
f 2135/990/4 2136/214/4 2134/103/4
f 2142/103/2 2144/214/2 2143/990/2
f 2130/327/5 2138/327/5 2137/988/5
f 2135/990/6 2143/990/6 2144/214/6
f 2137/988/7 2139/987/7 2131/987/7
f 2132/211/8 2140/211/8 2138/327/8
f 2139/987/7 2141/989/7 2133/989/7
f 2142/103/8 2140/211/8 2132/211/8
f 2133/989/7 2141/989/7 2143/990/7
f 2144/214/8 2142/103/8 2134/103/8
f 2147/432/1 2148/993/1 2146/991/1
f 2154/991/2 2156/993/2 2155/432/2
f 2149/435/3 2150/994/3 2148/993/3
f 2156/993/2 2158/994/2 2157/435/2
f 2151/437/4 2152/995/4 2150/994/4
f 2158/994/2 2160/995/2 2159/437/2
f 2146/991/5 2154/991/5 2153/992/5
f 2151/437/6 2159/437/6 2160/995/6
f 2153/992/7 2155/432/7 2147/432/7
f 2148/993/8 2156/993/8 2154/991/8
f 2155/432/7 2157/435/7 2149/435/7
f 2158/994/8 2156/993/8 2148/993/8
f 2149/435/7 2157/435/7 2159/437/7
f 2160/995/8 2158/994/8 2150/994/8
f 2163/996/1 2164/1000/1 2162/997/1
f 2170/997/2 2172/1000/2 2171/996/2
f 2165/999/3 2166/1002/3 2164/1000/3
f 2172/1000/2 2174/1002/2 2173/999/2
f 2167/1001/4 2168/1003/4 2166/1002/4
f 2174/1002/2 2176/1003/2 2175/1001/2
f 2162/997/5 2170/997/5 2169/998/5
f 2167/1001/6 2175/1001/6 2176/1003/6
f 2169/998/7 2171/996/7 2163/996/7
f 2164/1000/8 2172/1000/8 2170/997/8
f 2171/996/7 2173/999/7 2165/999/7
f 2174/1002/8 2172/1000/8 2164/1000/8
f 2165/999/7 2173/999/7 2175/1001/7
f 2176/1003/8 2174/1002/8 2166/1002/8
f 2179/1004/1 2180/1008/1 2178/1005/1
f 2186/1005/2 2188/1008/2 2187/1004/2
f 2181/1007/3 2182/1010/3 2180/1008/3
f 2188/1008/2 2190/1010/2 2189/1007/2
f 2183/1009/4 2184/1011/4 2182/1010/4
f 2190/1010/2 2192/1011/2 2191/1009/2
f 2178/1005/5 2186/1005/5 2185/1006/5
f 2183/1009/6 2191/1009/6 2192/1011/6
f 2185/1006/7 2187/1004/7 2179/1004/7
f 2180/1008/8 2188/1008/8 2186/1005/8
f 2187/1004/7 2189/1007/7 2181/1007/7
f 2190/1010/8 2188/1008/8 2180/1008/8
f 2181/1007/7 2189/1007/7 2191/1009/7
f 2192/1011/8 2190/1010/8 2182/1010/8
f 2195/1012/1 2196/1016/1 2194/1013/1
f 2202/1013/2 2204/1016/2 2203/1012/2
f 2197/1015/3 2198/1018/3 2196/1016/3
f 2204/1016/2 2206/1018/2 2205/1015/2
f 2199/1017/4 2200/1019/4 2198/1018/4
f 2206/1018/2 2208/1019/2 2207/1017/2
f 2194/1013/5 2202/1013/5 2201/1014/5
f 2199/1017/6 2207/1017/6 2208/1019/6
f 2201/1014/7 2203/1012/7 2195/1012/7
f 2196/1016/8 2204/1016/8 2202/1013/8
f 2203/1012/7 2205/1015/7 2197/1015/7
f 2206/1018/8 2204/1016/8 2196/1016/8
f 2197/1015/7 2205/1015/7 2207/1017/7
f 2208/1019/8 2206/1018/8 2198/1018/8
f 2211/1020/1 2212/1024/1 2210/1021/1
f 2218/1021/2 2220/1024/2 2219/1020/2
f 2213/1023/3 2214/1026/3 2212/1024/3
f 2220/1024/2 2222/1026/2 2221/1023/2
f 2215/1025/4 2216/900/4 2214/1026/4
f 2222/1026/2 2224/900/2 2223/1025/2
f 2210/1021/5 2218/1021/5 2217/1022/5
f 2215/1025/6 2223/1025/6 2224/900/6
f 2217/1022/7 2219/1020/7 2211/1020/7
f 2212/1024/8 2220/1024/8 2218/1021/8
f 2219/1020/7 2221/1023/7 2213/1023/7
f 2222/1026/8 2220/1024/8 2212/1024/8
f 2213/1023/7 2221/1023/7 2223/1025/7
f 2224/900/8 2222/1026/8 2214/1026/8
f 2227/1027/1 2228/1030/1 2226/1028/1
f 2234/1028/2 2236/1030/2 2235/1027/2
f 2229/902/3 2230/1031/3 2228/1030/3
f 2236/1030/2 2238/1031/2 2237/902/2
f 2231/701/4 2232/1032/4 2230/1031/4
f 2238/1031/2 2240/1032/2 2239/701/2
f 2226/1028/5 2234/1028/5 2233/1029/5
f 2231/701/6 2239/701/6 2240/1032/6
f 2233/1029/7 2235/1027/7 2227/1027/7
f 2228/1030/8 2236/1030/8 2234/1028/8
f 2235/1027/7 2237/902/7 2229/902/7
f 2238/1031/8 2236/1030/8 2228/1030/8
f 2229/902/7 2237/902/7 2239/701/7
f 2240/1032/8 2238/1031/8 2230/1031/8
f 2243/1033/1 2244/1037/1 2242/1034/1
f 2250/1034/2 2252/1037/2 2251/1033/2
f 2245/1036/3 2246/1039/3 2244/1037/3
f 2252/1037/2 2254/1039/2 2253/1036/2
f 2247/1038/4 2248/1040/4 2246/1039/4
f 2254/1039/2 2256/1040/2 2255/1038/2
f 2242/1034/5 2250/1034/5 2249/1035/5
f 2247/1038/6 2255/1038/6 2256/1040/6
f 2249/1035/7 2251/1033/7 2243/1033/7
f 2244/1037/8 2252/1037/8 2250/1034/8
f 2251/1033/7 2253/1036/7 2245/1036/7
f 2254/1039/8 2252/1037/8 2244/1037/8
f 2245/1036/7 2253/1036/7 2255/1038/7
f 2256/1040/8 2254/1039/8 2246/1039/8
f 2259/1041/1 2260/1045/1 2258/1042/1
f 2266/1042/2 2268/1045/2 2267/1041/2
f 2261/1044/3 2262/1047/3 2260/1045/3
f 2268/1045/2 2270/1047/2 2269/1044/2
f 2263/1046/4 2264/1048/4 2262/1047/4
f 2270/1047/2 2272/1048/2 2271/1046/2
f 2258/1042/5 2266/1042/5 2265/1043/5
f 2263/1046/6 2271/1046/6 2272/1048/6
f 2265/1043/7 2267/1041/7 2259/1041/7
f 2260/1045/8 2268/1045/8 2266/1042/8
f 2267/1041/7 2269/1044/7 2261/1044/7
f 2270/1047/8 2268/1045/8 2260/1045/8
f 2261/1044/7 2269/1044/7 2271/1046/7
f 2272/1048/8 2270/1047/8 2262/1047/8
f 2275/486/1 2276/1050/1 2274/1049/1
f 2282/1049/2 2284/1050/2 2283/486/2
f 2277/489/3 2278/1051/3 2276/1050/3
f 2284/1050/2 2286/1051/2 2285/489/2
f 2279/412/4 2280/1052/4 2278/1051/4
f 2286/1051/2 2288/1052/2 2287/412/2
f 2274/1049/5 2282/1049/5 2281/488/5
f 2279/412/6 2287/412/6 2288/1052/6
f 2281/488/7 2283/486/7 2275/486/7
f 2276/1050/8 2284/1050/8 2282/1049/8
f 2283/486/7 2285/489/7 2277/489/7
f 2286/1051/8 2284/1050/8 2276/1050/8
f 2277/489/7 2285/489/7 2287/412/7
f 2288/1052/8 2286/1051/8 2278/1051/8
f 2291/1053/1 2292/1057/1 2290/1054/1
f 2298/1054/2 2300/1057/2 2299/1053/2
f 2293/1056/3 2294/1059/3 2292/1057/3
f 2300/1057/2 2302/1059/2 2301/1056/2
f 2295/1058/4 2296/1060/4 2294/1059/4
f 2302/1059/2 2304/1060/2 2303/1058/2
f 2290/1054/5 2298/1054/5 2297/1055/5
f 2295/1058/6 2303/1058/6 2304/1060/6
f 2297/1055/7 2299/1053/7 2291/1053/7
f 2292/1057/8 2300/1057/8 2298/1054/8
f 2299/1053/7 2301/1056/7 2293/1056/7
f 2302/1059/8 2300/1057/8 2292/1057/8
f 2293/1056/7 2301/1056/7 2303/1058/7
f 2304/1060/8 2302/1059/8 2294/1059/8
f 2307/1061/1 2308/1065/1 2306/1062/1
f 2314/1062/2 2316/1065/2 2315/1061/2
f 2309/1064/3 2310/1067/3 2308/1065/3
f 2316/1065/2 2318/1067/2 2317/1064/2
f 2311/1066/4 2312/1068/4 2310/1067/4
f 2318/1067/2 2320/1068/2 2319/1066/2
f 2306/1062/5 2314/1062/5 2313/1063/5
f 2311/1066/6 2319/1066/6 2320/1068/6
f 2313/1063/7 2315/1061/7 2307/1061/7
f 2308/1065/8 2316/1065/8 2314/1062/8
f 2315/1061/7 2317/1064/7 2309/1064/7
f 2318/1067/8 2316/1065/8 2308/1065/8
f 2309/1064/7 2317/1064/7 2319/1066/7
f 2320/1068/8 2318/1067/8 2310/1067/8
f 2323/1069/1 2324/1073/1 2322/1070/1
f 2330/1070/2 2332/1073/2 2331/1069/2
f 2325/1072/3 2326/1075/3 2324/1073/3
f 2332/1073/2 2334/1075/2 2333/1072/2
f 2327/1074/4 2328/1076/4 2326/1075/4
f 2334/1075/2 2336/1076/2 2335/1074/2
f 2322/1070/5 2330/1070/5 2329/1071/5
f 2327/1074/6 2335/1074/6 2336/1076/6
f 2329/1071/7 2331/1069/7 2323/1069/7
f 2324/1073/8 2332/1073/8 2330/1070/8
f 2331/1069/7 2333/1072/7 2325/1072/7
f 2334/1075/8 2332/1073/8 2324/1073/8
f 2325/1072/7 2333/1072/7 2335/1074/7
f 2336/1076/8 2334/1075/8 2326/1075/8
f 2339/1077/1 2340/513/1 2338/510/1
f 2346/510/2 2348/513/2 2347/1077/2
f 2341/1079/3 2342/515/3 2340/513/3
f 2348/513/2 2350/515/2 2349/1079/2
f 2343/1080/4 2344/426/4 2342/515/4
f 2350/515/2 2352/426/2 2351/1080/2
f 2338/510/5 2346/510/5 2345/1078/5
f 2343/1080/6 2351/1080/6 2352/426/6
f 2345/1078/7 2347/1077/7 2339/1077/7
f 2340/513/8 2348/513/8 2346/510/8
f 2347/1077/7 2349/1079/7 2341/1079/7
f 2350/515/8 2348/513/8 2340/513/8
f 2341/1079/7 2349/1079/7 2351/1080/7
f 2352/426/8 2350/515/8 2342/515/8
f 2355/310/1 2356/1082/1 2354/1081/1
f 2362/1081/2 2364/1082/2 2363/310/2
f 2357/194/3 2358/1083/3 2356/1082/3
f 2364/1082/2 2366/1083/2 2365/194/2
f 2359/196/4 2360/1084/4 2358/1083/4
f 2366/1083/2 2368/1084/2 2367/196/2
f 2354/1081/5 2362/1081/5 2361/312/5
f 2359/196/6 2367/196/6 2368/1084/6
f 2361/312/7 2363/310/7 2355/310/7
f 2356/1082/8 2364/1082/8 2362/1081/8
f 2363/310/7 2365/194/7 2357/194/7
f 2366/1083/8 2364/1082/8 2356/1082/8
f 2357/194/7 2365/194/7 2367/196/7
f 2368/1084/8 2366/1083/8 2358/1083/8
f 2371/1085/1 2372/1089/1 2370/1086/1
f 2378/1086/2 2380/1089/2 2379/1085/2
f 2373/1088/3 2374/1091/3 2372/1089/3
f 2380/1089/2 2382/1091/2 2381/1088/2
f 2375/1090/4 2376/1092/4 2374/1091/4
f 2382/1091/2 2384/1092/2 2383/1090/2
f 2370/1086/5 2378/1086/5 2377/1087/5
f 2375/1090/6 2383/1090/6 2384/1092/6
f 2377/1087/7 2379/1085/7 2371/1085/7
f 2372/1089/8 2380/1089/8 2378/1086/8
f 2379/1085/7 2381/1088/7 2373/1088/7
f 2382/1091/8 2380/1089/8 2372/1089/8
f 2373/1088/7 2381/1088/7 2383/1090/7
f 2384/1092/8 2382/1091/8 2374/1091/8
f 2387/1093/1 2388/1097/1 2386/1094/1
f 2394/1094/2 2396/1097/2 2395/1093/2
f 2389/1096/3 2390/1099/3 2388/1097/3
f 2396/1097/2 2398/1099/2 2397/1096/2
f 2391/1098/4 2392/1100/4 2390/1099/4
f 2398/1099/2 2400/1100/2 2399/1098/2
f 2386/1094/5 2394/1094/5 2393/1095/5
f 2391/1098/6 2399/1098/6 2400/1100/6
f 2393/1095/7 2395/1093/7 2387/1093/7
f 2388/1097/8 2396/1097/8 2394/1094/8
f 2395/1093/7 2397/1096/7 2389/1096/7
f 2398/1099/8 2396/1097/8 2388/1097/8
f 2389/1096/7 2397/1096/7 2399/1098/7
f 2400/1100/8 2398/1099/8 2390/1099/8
f 2403/1101/1 2404/1105/1 2402/1102/1
f 2410/1102/2 2412/1105/2 2411/1101/2
f 2405/1104/3 2406/1107/3 2404/1105/3
f 2412/1105/2 2414/1107/2 2413/1104/2
f 2407/1106/4 2408/1108/4 2406/1107/4
f 2414/1107/2 2416/1108/2 2415/1106/2
f 2402/1102/5 2410/1102/5 2409/1103/5
f 2407/1106/6 2415/1106/6 2416/1108/6
f 2409/1103/7 2411/1101/7 2403/1101/7
f 2404/1105/8 2412/1105/8 2410/1102/8
f 2411/1101/7 2413/1104/7 2405/1104/7
f 2414/1107/8 2412/1105/8 2404/1105/8
f 2405/1104/7 2413/1104/7 2415/1106/7
f 2416/1108/8 2414/1107/8 2406/1107/8
f 2419/1109/1 2420/330/1 2418/327/1
f 2426/327/2 2428/330/2 2427/1109/2
f 2421/1111/3 2422/213/3 2420/330/3
f 2428/330/2 2430/213/2 2429/1111/2
f 2423/1112/4 2424/214/4 2422/213/4
f 2430/213/2 2432/214/2 2431/1112/2
f 2418/327/5 2426/327/5 2425/1110/5
f 2423/1112/6 2431/1112/6 2432/214/6
f 2425/1110/7 2427/1109/7 2419/1109/7
f 2420/330/8 2428/330/8 2426/327/8
f 2427/1109/7 2429/1111/7 2421/1111/7
f 2430/213/8 2428/330/8 2420/330/8
f 2421/1111/7 2429/1111/7 2431/1112/7
f 2432/214/8 2430/213/8 2422/213/8
f 2435/1113/1 2436/1116/1 2434/1114/1
f 2442/1114/2 2444/1116/2 2443/1113/2
f 2437/551/3 2438/1117/3 2436/1116/3
f 2444/1116/2 2446/1117/2 2445/551/2
f 2439/6/4 2440/1118/4 2438/1117/4
f 2446/1117/2 2448/1118/2 2447/6/2
f 2434/1114/5 2442/1114/5 2441/1115/5
f 2439/6/6 2447/6/6 2448/1118/6
f 2441/1115/7 2443/1113/7 2435/1113/7
f 2436/1116/8 2444/1116/8 2442/1114/8
f 2443/1113/7 2445/551/7 2437/551/7
f 2446/1117/8 2444/1116/8 2436/1116/8
f 2437/551/7 2445/551/7 2447/6/7
f 2448/1118/8 2446/1117/8 2438/1117/8
f 2451/1119/1 2452/1123/1 2450/1120/1
f 2458/1120/2 2460/1123/2 2459/1119/2
f 2453/1122/3 2454/1125/3 2452/1123/3
f 2460/1123/2 2462/1125/2 2461/1122/2
f 2455/1124/4 2456/1126/4 2454/1125/4
f 2462/1125/2 2464/1126/2 2463/1124/2
f 2450/1120/5 2458/1120/5 2457/1121/5
f 2455/1124/6 2463/1124/6 2464/1126/6
f 2457/1121/7 2459/1119/7 2451/1119/7
f 2452/1123/8 2460/1123/8 2458/1120/8
f 2459/1119/7 2461/1122/7 2453/1122/7
f 2462/1125/8 2460/1123/8 2452/1123/8
f 2453/1122/7 2461/1122/7 2463/1124/7
f 2464/1126/8 2462/1125/8 2454/1125/8
f 2467/1127/1 2468/1131/1 2466/1128/1
f 2474/1128/2 2476/1131/2 2475/1127/2
f 2469/1130/3 2470/1133/3 2468/1131/3
f 2476/1131/2 2478/1133/2 2477/1130/2
f 2471/1132/4 2472/1134/4 2470/1133/4
f 2478/1133/2 2480/1134/2 2479/1132/2
f 2466/1128/5 2474/1128/5 2473/1129/5
f 2471/1132/6 2479/1132/6 2480/1134/6
f 2473/1129/7 2475/1127/7 2467/1127/7
f 2468/1131/8 2476/1131/8 2474/1128/8
f 2475/1127/7 2477/1130/7 2469/1130/7
f 2478/1133/8 2476/1131/8 2468/1131/8
f 2469/1130/7 2477/1130/7 2479/1132/7
f 2480/1134/8 2478/1133/8 2470/1133/8
f 2483/1135/1 2484/1139/1 2482/1136/1
f 2490/1136/2 2492/1139/2 2491/1135/2
f 2485/1138/3 2486/577/3 2484/1139/3
f 2492/1139/2 2494/577/2 2493/1138/2
f 2487/1140/4 2488/32/4 2486/577/4
f 2494/577/2 2496/32/2 2495/1140/2
f 2482/1136/5 2490/1136/5 2489/1137/5
f 2487/1140/6 2495/1140/6 2496/32/6
f 2489/1137/7 2491/1135/7 2483/1135/7
f 2484/1139/8 2492/1139/8 2490/1136/8
f 2491/1135/7 2493/1138/7 2485/1138/7
f 2494/577/8 2492/1139/8 2484/1139/8
f 2485/1138/7 2493/1138/7 2495/1140/7
f 2496/32/8 2494/577/8 2486/577/8
f 2499/1141/1 2500/1144/1 2498/1142/1
f 2506/1142/2 2508/1144/2 2507/1141/2
f 2501/1143/3 2502/1145/3 2500/1144/3
f 2508/1144/2 2510/1145/2 2509/1143/2
f 2503/583/4 2504/1146/4 2502/1145/4
f 2510/1145/2 2512/1146/2 2511/583/2
f 2498/1142/5 2506/1142/5 2505/765/5
f 2503/583/6 2511/583/6 2512/1146/6
f 2505/765/7 2507/1141/7 2499/1141/7
f 2500/1144/8 2508/1144/8 2506/1142/8
f 2507/1141/7 2509/1143/7 2501/1143/7
f 2510/1145/8 2508/1144/8 2500/1144/8
f 2501/1143/7 2509/1143/7 2511/583/7
f 2512/1146/8 2510/1145/8 2502/1145/8
f 2515/1147/1 2516/1151/1 2514/1148/1
f 2522/1148/2 2524/1151/2 2523/1147/2
f 2517/1150/3 2518/1153/3 2516/1151/3
f 2524/1151/2 2526/1153/2 2525/1150/2
f 2519/1152/4 2520/1154/4 2518/1153/4
f 2526/1153/2 2528/1154/2 2527/1152/2
f 2514/1148/5 2522/1148/5 2521/1149/5
f 2519/1152/6 2527/1152/6 2528/1154/6
f 2521/1149/7 2523/1147/7 2515/1147/7
f 2516/1151/8 2524/1151/8 2522/1148/8
f 2523/1147/7 2525/1150/7 2517/1150/7
f 2526/1153/8 2524/1151/8 2516/1151/8
f 2517/1150/7 2525/1150/7 2527/1152/7
f 2528/1154/8 2526/1153/8 2518/1153/8
f 2531/1155/1 2532/1158/1 2530/799/1
f 2538/799/2 2540/1158/2 2539/1155/2
f 2533/1157/3 2534/1160/3 2532/1158/3
f 2540/1158/2 2542/1160/2 2541/1157/2
f 2535/1159/4 2536/609/4 2534/1160/4
f 2542/1160/2 2544/609/2 2543/1159/2
f 2530/799/5 2538/799/5 2537/1156/5
f 2535/1159/6 2543/1159/6 2544/609/6
f 2537/1156/7 2539/1155/7 2531/1155/7
f 2532/1158/8 2540/1158/8 2538/799/8
f 2539/1155/7 2541/1157/7 2533/1157/7
f 2542/1160/8 2540/1158/8 2532/1158/8
f 2533/1157/7 2541/1157/7 2543/1159/7
f 2544/609/8 2542/1160/8 2534/1160/8
f 2547/610/1 2548/1162/1 2546/1161/1
f 2554/1161/2 2556/1162/2 2555/610/2
f 2549/613/3 2550/1163/3 2548/1162/3
f 2556/1162/2 2558/1163/2 2557/613/2
f 2551/518/4 2552/1164/4 2550/1163/4
f 2558/1163/2 2560/1164/2 2559/518/2
f 2546/1161/5 2554/1161/5 2553/612/5
f 2551/518/6 2559/518/6 2560/1164/6
f 2553/612/7 2555/610/7 2547/610/7
f 2548/1162/8 2556/1162/8 2554/1161/8
f 2555/610/7 2557/613/7 2549/613/7
f 2558/1163/8 2556/1162/8 2548/1162/8
f 2549/613/7 2557/613/7 2559/518/7
f 2560/1164/8 2558/1163/8 2550/1163/8
f 2563/1165/1 2564/1169/1 2562/1166/1
f 2570/1166/2 2572/1169/2 2571/1165/2
f 2565/1168/3 2566/1171/3 2564/1169/3
f 2572/1169/2 2574/1171/2 2573/1168/2
f 2567/1170/4 2568/1172/4 2566/1171/4
f 2574/1171/2 2576/1172/2 2575/1170/2
f 2562/1166/5 2570/1166/5 2569/1167/5
f 2567/1170/6 2575/1170/6 2576/1172/6
f 2569/1167/7 2571/1165/7 2563/1165/7
f 2564/1169/8 2572/1169/8 2570/1166/8
f 2571/1165/7 2573/1168/7 2565/1168/7
f 2574/1171/8 2572/1169/8 2564/1169/8
f 2565/1168/7 2573/1168/7 2575/1170/7
f 2576/1172/8 2574/1171/8 2566/1171/8
f 2579/1173/1 2580/645/1 2578/642/1
f 2586/642/2 2588/645/2 2587/1173/2
f 2581/1175/3 2582/647/3 2580/645/3
f 2588/645/2 2590/647/2 2589/1175/2
f 2583/1176/4 2584/541/4 2582/647/4
f 2590/647/2 2592/541/2 2591/1176/2
f 2578/642/5 2586/642/5 2585/1174/5
f 2583/1176/6 2591/1176/6 2592/541/6
f 2585/1174/7 2587/1173/7 2579/1173/7
f 2580/645/8 2588/645/8 2586/642/8
f 2587/1173/7 2589/1175/7 2581/1175/7
f 2590/647/8 2588/645/8 2580/645/8
f 2581/1175/7 2589/1175/7 2591/1176/7
f 2592/541/8 2590/647/8 2582/647/8
f 2595/81/1 2596/1178/1 2594/1177/1
f 2602/1177/2 2604/1178/2 2603/81/2
f 2597/84/3 2598/1179/3 2596/1178/3
f 2604/1178/2 2606/1179/2 2605/84/2
f 2599/86/4 2600/1180/4 2598/1179/4
f 2606/1179/2 2608/1180/2 2607/86/2
f 2594/1177/5 2602/1177/5 2601/83/5
f 2599/86/6 2607/86/6 2608/1180/6
f 2601/83/7 2603/81/7 2595/81/7
f 2596/1178/8 2604/1178/8 2602/1177/8
f 2603/81/7 2605/84/7 2597/84/7
f 2606/1179/8 2604/1178/8 2596/1178/8
f 2597/84/7 2605/84/7 2607/86/7
f 2608/1180/8 2606/1179/8 2598/1179/8
f 2611/1181/1 2612/1185/1 2610/1182/1
f 2618/1182/2 2620/1185/2 2619/1181/2
f 2613/1184/3 2614/1187/3 2612/1185/3
f 2620/1185/2 2622/1187/2 2621/1184/2
f 2615/1186/4 2616/1188/4 2614/1187/4
f 2622/1187/2 2624/1188/2 2623/1186/2
f 2610/1182/5 2618/1182/5 2617/1183/5
f 2615/1186/6 2623/1186/6 2624/1188/6
f 2617/1183/7 2619/1181/7 2611/1181/7
f 2612/1185/8 2620/1185/8 2618/1182/8
f 2619/1181/7 2621/1184/7 2613/1184/7
f 2622/1187/8 2620/1185/8 2612/1185/8
f 2613/1184/7 2621/1184/7 2623/1186/7
f 2624/1188/8 2622/1187/8 2614/1187/8
f 2627/1189/1 2628/1193/1 2626/1190/1
f 2634/1190/2 2636/1193/2 2635/1189/2
f 2629/1192/3 2630/1195/3 2628/1193/3
f 2636/1193/2 2638/1195/2 2637/1192/2
f 2631/1194/4 2632/1196/4 2630/1195/4
f 2638/1195/2 2640/1196/2 2639/1194/2
f 2626/1190/5 2634/1190/5 2633/1191/5
f 2631/1194/6 2639/1194/6 2640/1196/6
f 2633/1191/7 2635/1189/7 2627/1189/7
f 2628/1193/8 2636/1193/8 2634/1190/8
f 2635/1189/7 2637/1192/7 2629/1192/7
f 2638/1195/8 2636/1193/8 2628/1193/8
f 2629/1192/7 2637/1192/7 2639/1194/7
f 2640/1196/8 2638/1195/8 2630/1195/8
f 2643/1197/1 2644/101/1 2642/98/1
f 2650/98/2 2652/101/2 2651/1197/2
f 2645/1199/3 2646/103/3 2644/101/3
f 2652/101/2 2654/103/2 2653/1199/2
f 2647/1200/4 2648/104/4 2646/103/4
f 2654/103/2 2656/104/2 2655/1200/2
f 2642/98/5 2650/98/5 2649/1198/5
f 2647/1200/6 2655/1200/6 2656/104/6
f 2649/1198/7 2651/1197/7 2643/1197/7
f 2644/101/8 2652/101/8 2650/98/8
f 2651/1197/7 2653/1199/7 2645/1199/7
f 2654/103/8 2652/101/8 2644/101/8
f 2645/1199/7 2653/1199/7 2655/1200/7
f 2656/104/8 2654/103/8 2646/103/8
f 2659/1201/1 2660/1205/1 2658/1202/1
f 2666/1202/2 2668/1205/2 2667/1201/2
f 2661/1204/3 2662/1206/3 2660/1205/3
f 2668/1205/2 2670/1206/2 2669/1204/2
f 2663/110/4 2664/1207/4 2662/1206/4
f 2670/1206/2 2672/1207/2 2671/110/2
f 2658/1202/5 2666/1202/5 2665/1203/5
f 2663/110/6 2671/110/6 2672/1207/6
f 2665/1203/7 2667/1201/7 2659/1201/7
f 2660/1205/8 2668/1205/8 2666/1202/8
f 2667/1201/7 2669/1204/7 2661/1204/7
f 2670/1206/8 2668/1205/8 2660/1205/8
f 2661/1204/7 2669/1204/7 2671/110/7
f 2672/1207/8 2670/1206/8 2662/1206/8
f 2675/1208/1 2676/1212/1 2674/1209/1
f 2682/1209/2 2684/1212/2 2683/1208/2
f 2677/1211/3 2678/1214/3 2676/1212/3
f 2684/1212/2 2686/1214/2 2685/1211/2
f 2679/1213/4 2680/1215/4 2678/1214/4
f 2686/1214/2 2688/1215/2 2687/1213/2
f 2674/1209/5 2682/1209/5 2681/1210/5
f 2679/1213/6 2687/1213/6 2688/1215/6
f 2681/1210/7 2683/1208/7 2675/1208/7
f 2676/1212/8 2684/1212/8 2682/1209/8
f 2683/1208/7 2685/1211/7 2677/1211/7
f 2686/1214/8 2684/1212/8 2676/1212/8
f 2677/1211/7 2685/1211/7 2687/1213/7
f 2688/1215/8 2686/1214/8 2678/1214/8
f 2691/1216/1 2692/1220/1 2690/1217/1
f 2698/1217/2 2700/1220/2 2699/1216/2
f 2693/1219/3 2694/1222/3 2692/1220/3
f 2700/1220/2 2702/1222/2 2701/1219/2
f 2695/1221/4 2696/144/4 2694/1222/4
f 2702/1222/2 2704/144/2 2703/1221/2
f 2690/1217/5 2698/1217/5 2697/1218/5
f 2695/1221/6 2703/1221/6 2704/144/6
f 2697/1218/7 2699/1216/7 2691/1216/7
f 2692/1220/8 2700/1220/8 2698/1217/8
f 2699/1216/7 2701/1219/7 2693/1219/7
f 2702/1222/8 2700/1220/8 2692/1220/8
f 2693/1219/7 2701/1219/7 2703/1221/7
f 2704/144/8 2702/1222/8 2694/1222/8
f 2707/696/1 2708/1225/1 2706/1223/1
f 2714/1223/2 2716/1225/2 2715/696/2
f 2709/902/3 2710/1226/3 2708/1225/3
f 2716/1225/2 2718/1226/2 2717/902/2
f 2711/701/4 2712/1227/4 2710/1226/4
f 2718/1226/2 2720/1227/2 2719/701/2
f 2706/1223/5 2714/1223/5 2713/1224/5
f 2711/701/6 2719/701/6 2720/1227/6
f 2713/1224/7 2715/696/7 2707/696/7
f 2708/1225/8 2716/1225/8 2714/1223/8
f 2715/696/7 2717/902/7 2709/902/7
f 2718/1226/8 2716/1225/8 2708/1225/8
f 2709/902/7 2717/902/7 2719/701/7
f 2720/1227/8 2718/1226/8 2710/1226/8
f 2723/1228/1 2724/1232/1 2722/1229/1
f 2730/1229/2 2732/1232/2 2731/1228/2
f 2725/1231/3 2726/1234/3 2724/1232/3
f 2732/1232/2 2734/1234/2 2733/1231/2
f 2727/1233/4 2728/1235/4 2726/1234/4
f 2734/1234/2 2736/1235/2 2735/1233/2
f 2722/1229/5 2730/1229/5 2729/1230/5
f 2727/1233/6 2735/1233/6 2736/1235/6
f 2729/1230/7 2731/1228/7 2723/1228/7
f 2724/1232/8 2732/1232/8 2730/1229/8
f 2731/1228/7 2733/1231/7 2725/1231/7
f 2734/1234/8 2732/1232/8 2724/1232/8
f 2725/1231/7 2733/1231/7 2735/1233/7
f 2736/1235/8 2734/1234/8 2726/1234/8
f 2739/1236/1 2740/1240/1 2738/1237/1
f 2746/1237/2 2748/1240/2 2747/1236/2
f 2741/1239/3 2742/1242/3 2740/1240/3
f 2748/1240/2 2750/1242/2 2749/1239/2
f 2743/1241/4 2744/1243/4 2742/1242/4
f 2750/1242/2 2752/1243/2 2751/1241/2
f 2738/1237/5 2746/1237/5 2745/1238/5
f 2743/1241/6 2751/1241/6 2752/1243/6
f 2745/1238/7 2747/1236/7 2739/1236/7
f 2740/1240/8 2748/1240/8 2746/1237/8
f 2747/1236/7 2749/1239/7 2741/1239/7
f 2750/1242/8 2748/1240/8 2740/1240/8
f 2741/1239/7 2749/1239/7 2751/1241/7
f 2752/1243/8 2750/1242/8 2742/1242/8
f 2755/1244/1 2756/724/1 2754/1245/1
f 2762/1245/2 2764/724/2 2763/1244/2
f 2757/1247/3 2758/934/3 2756/724/3
f 2764/724/2 2766/934/2 2765/1247/2
f 2759/1248/4 2760/727/4 2758/934/4
f 2766/934/2 2768/727/2 2767/1248/2
f 2754/1245/5 2762/1245/5 2761/1246/5
f 2759/1248/6 2767/1248/6 2768/727/6
f 2761/1246/7 2763/1244/7 2755/1244/7
f 2756/724/8 2764/724/8 2762/1245/8
f 2763/1244/7 2765/1247/7 2757/1247/7
f 2766/934/8 2764/724/8 2756/724/8
f 2757/1247/7 2765/1247/7 2767/1248/7
f 2768/727/8 2766/934/8 2758/934/8
f 2771/1249/1 2772/1253/1 2770/1250/1
f 2778/1250/2 2780/1253/2 2779/1249/2
f 2773/1252/3 2774/1254/3 2772/1253/3
f 2780/1253/2 2782/1254/2 2781/1252/2
f 2775/83/4 2776/1255/4 2774/1254/4
f 2782/1254/2 2784/1255/2 2783/83/2
f 2770/1250/5 2778/1250/5 2777/1251/5
f 2775/83/6 2783/83/6 2784/1255/6
f 2777/1251/7 2779/1249/7 2771/1249/7
f 2772/1253/8 2780/1253/8 2778/1250/8
f 2779/1249/7 2781/1252/7 2773/1252/7
f 2782/1254/8 2780/1253/8 2772/1253/8
f 2773/1252/7 2781/1252/7 2783/83/7
f 2784/1255/8 2782/1254/8 2774/1254/8
f 2787/1256/1 2788/1260/1 2786/1257/1
f 2794/1257/2 2796/1260/2 2795/1256/2
f 2789/1259/3 2790/1262/3 2788/1260/3
f 2796/1260/2 2798/1262/2 2797/1259/2
f 2791/1261/4 2792/1263/4 2790/1262/4
f 2798/1262/2 2800/1263/2 2799/1261/2
f 2786/1257/5 2794/1257/5 2793/1258/5
f 2791/1261/6 2799/1261/6 2800/1263/6
f 2793/1258/7 2795/1256/7 2787/1256/7
f 2788/1260/8 2796/1260/8 2794/1257/8
f 2795/1256/7 2797/1259/7 2789/1259/7
f 2798/1262/8 2796/1260/8 2788/1260/8
f 2789/1259/7 2797/1259/7 2799/1261/7
f 2800/1263/8 2798/1262/8 2790/1262/8
f 2803/1264/1 2804/1268/1 2802/1265/1
f 2810/1265/2 2812/1268/2 2811/1264/2
f 2805/1267/3 2806/1270/3 2804/1268/3
f 2812/1268/2 2814/1270/2 2813/1267/2
f 2807/1269/4 2808/1271/4 2806/1270/4
f 2814/1270/2 2816/1271/2 2815/1269/2
f 2802/1265/5 2810/1265/5 2809/1266/5
f 2807/1269/6 2815/1269/6 2816/1271/6
f 2809/1266/7 2811/1264/7 2803/1264/7
f 2804/1268/8 2812/1268/8 2810/1265/8
f 2811/1264/7 2813/1267/7 2805/1267/7
f 2814/1270/8 2812/1268/8 2804/1268/8
f 2805/1267/7 2813/1267/7 2815/1269/7
f 2816/1271/8 2814/1270/8 2806/1270/8
f 2819/1272/1 2820/1276/1 2818/1273/1
f 2826/1273/2 2828/1276/2 2827/1272/2
f 2821/1275/3 2822/1278/3 2820/1276/3
f 2828/1276/2 2830/1278/2 2829/1275/2
f 2823/1277/4 2824/98/4 2822/1278/4
f 2830/1278/2 2832/98/2 2831/1277/2
f 2818/1273/5 2826/1273/5 2825/1274/5
f 2823/1277/6 2831/1277/6 2832/98/6
f 2825/1274/7 2827/1272/7 2819/1272/7
f 2820/1276/8 2828/1276/8 2826/1273/8
f 2827/1272/7 2829/1275/7 2821/1275/7
f 2830/1278/8 2828/1276/8 2820/1276/8
f 2821/1275/7 2829/1275/7 2831/1277/7
f 2832/98/8 2830/1278/8 2822/1278/8
f 2835/191/1 2836/1280/1 2834/1279/1
f 2842/1279/2 2844/1280/2 2843/191/2
f 2837/194/3 2838/1281/3 2836/1280/3
f 2844/1280/2 2846/1281/2 2845/194/2
f 2839/196/4 2840/1282/4 2838/1281/4
f 2846/1281/2 2848/1282/2 2847/196/2
f 2834/1279/5 2842/1279/5 2841/193/5
f 2839/196/6 2847/196/6 2848/1282/6
f 2841/193/7 2843/191/7 2835/191/7
f 2836/1280/8 2844/1280/8 2842/1279/8
f 2843/191/7 2845/194/7 2837/194/7
f 2846/1281/8 2844/1280/8 2836/1280/8
f 2837/194/7 2845/194/7 2847/196/7
f 2848/1282/8 2846/1281/8 2838/1281/8
f 2851/1283/1 2852/1287/1 2850/1284/1
f 2858/1284/2 2860/1287/2 2859/1283/2
f 2853/1286/3 2854/1289/3 2852/1287/3
f 2860/1287/2 2862/1289/2 2861/1286/2
f 2855/1288/4 2856/1290/4 2854/1289/4
f 2862/1289/2 2864/1290/2 2863/1288/2
f 2850/1284/5 2858/1284/5 2857/1285/5
f 2855/1288/6 2863/1288/6 2864/1290/6
f 2857/1285/7 2859/1283/7 2851/1283/7
f 2852/1287/8 2860/1287/8 2858/1284/8
f 2859/1283/7 2861/1286/7 2853/1286/7
f 2862/1289/8 2860/1287/8 2852/1287/8
f 2853/1286/7 2861/1286/7 2863/1288/7
f 2864/1290/8 2862/1289/8 2854/1289/8
f 2867/1291/1 2868/1295/1 2866/1292/1
f 2874/1292/2 2876/1295/2 2875/1291/2
f 2869/1294/3 2870/1297/3 2868/1295/3
f 2876/1295/2 2878/1297/2 2877/1294/2
f 2871/1296/4 2872/1298/4 2870/1297/4
f 2878/1297/2 2880/1298/2 2879/1296/2
f 2866/1292/5 2874/1292/5 2873/1293/5
f 2871/1296/6 2879/1296/6 2880/1298/6
f 2873/1293/7 2875/1291/7 2867/1291/7
f 2868/1295/8 2876/1295/8 2874/1292/8
f 2875/1291/7 2877/1294/7 2869/1294/7
f 2878/1297/8 2876/1295/8 2868/1295/8
f 2869/1294/7 2877/1294/7 2879/1296/7
f 2880/1298/8 2878/1297/8 2870/1297/8
f 2883/1299/1 2884/1303/1 2882/1300/1
f 2890/1300/2 2892/1303/2 2891/1299/2
f 2885/1302/3 2886/1305/3 2884/1303/3
f 2892/1303/2 2894/1305/2 2893/1302/2
f 2887/1304/4 2888/1306/4 2886/1305/4
f 2894/1305/2 2896/1306/2 2895/1304/2
f 2882/1300/5 2890/1300/5 2889/1301/5
f 2887/1304/6 2895/1304/6 2896/1306/6
f 2889/1301/7 2891/1299/7 2883/1299/7
f 2884/1303/8 2892/1303/8 2890/1300/8
f 2891/1299/7 2893/1302/7 2885/1302/7
f 2894/1305/8 2892/1303/8 2884/1303/8
f 2885/1302/7 2893/1302/7 2895/1304/7
f 2896/1306/8 2894/1305/8 2886/1305/8
f 2899/1307/1 2900/211/1 2898/208/1
f 2906/208/2 2908/211/2 2907/1307/2
f 2901/1309/3 2902/213/3 2900/211/3
f 2908/211/2 2910/213/2 2909/1309/2
f 2903/1310/4 2904/214/4 2902/213/4
f 2910/213/2 2912/214/2 2911/1310/2
f 2898/208/5 2906/208/5 2905/1308/5
f 2903/1310/6 2911/1310/6 2912/214/6
f 2905/1308/7 2907/1307/7 2899/1307/7
f 2900/211/8 2908/211/8 2906/208/8
f 2907/1307/7 2909/1309/7 2901/1309/7
f 2910/213/8 2908/211/8 2900/211/8
f 2901/1309/7 2909/1309/7 2911/1310/7
f 2912/214/8 2910/213/8 2902/213/8
f 2915/1311/1 2916/1315/1 2914/1312/1
f 2922/1312/2 2924/1315/2 2923/1311/2
f 2917/1314/3 2918/1317/3 2916/1315/3
f 2924/1315/2 2926/1317/2 2925/1314/2
f 2919/1316/4 2920/1318/4 2918/1317/4
f 2926/1317/2 2928/1318/2 2927/1316/2
f 2914/1312/5 2922/1312/5 2921/1313/5
f 2919/1316/6 2927/1316/6 2928/1318/6
f 2921/1313/7 2923/1311/7 2915/1311/7
f 2916/1315/8 2924/1315/8 2922/1312/8
f 2923/1311/7 2925/1314/7 2917/1314/7
f 2926/1317/8 2924/1315/8 2916/1315/8
f 2917/1314/7 2925/1314/7 2927/1316/7
f 2928/1318/8 2926/1317/8 2918/1317/8
f 2931/1319/1 2932/1323/1 2930/1320/1
f 2938/1320/2 2940/1323/2 2939/1319/2
f 2933/1322/3 2934/1325/3 2932/1323/3
f 2940/1323/2 2942/1325/2 2941/1322/2
f 2935/1324/4 2936/1326/4 2934/1325/4
f 2942/1325/2 2944/1326/2 2943/1324/2
f 2930/1320/5 2938/1320/5 2937/1321/5
f 2935/1324/6 2943/1324/6 2944/1326/6
f 2937/1321/7 2939/1319/7 2931/1319/7
f 2932/1323/8 2940/1323/8 2938/1320/8
f 2939/1319/7 2941/1322/7 2933/1322/7
f 2942/1325/8 2940/1323/8 2932/1323/8
f 2933/1322/7 2941/1322/7 2943/1324/7
f 2944/1326/8 2942/1325/8 2934/1325/8
f 2947/1327/1 2948/1331/1 2946/1328/1
f 2954/1328/2 2956/1331/2 2955/1327/2
f 2949/1330/3 2950/1333/3 2948/1331/3
f 2956/1331/2 2958/1333/2 2957/1330/2
f 2951/1332/4 2952/1334/4 2950/1333/4
f 2958/1333/2 2960/1334/2 2959/1332/2
f 2946/1328/5 2954/1328/5 2953/1329/5
f 2951/1332/6 2959/1332/6 2960/1334/6
f 2953/1329/7 2955/1327/7 2947/1327/7
f 2948/1331/8 2956/1331/8 2954/1328/8
f 2955/1327/7 2957/1330/7 2949/1330/7
f 2958/1333/8 2956/1331/8 2948/1331/8
f 2949/1330/7 2957/1330/7 2959/1332/7
f 2960/1334/8 2958/1333/8 2950/1333/8
f 2963/800/1 2964/1336/1 2962/1335/1
f 2970/1335/2 2972/1336/2 2971/800/2
f 2965/1143/3 2966/1337/3 2964/1336/3
f 2972/1336/2 2974/1337/2 2973/1143/2
f 2967/612/4 2968/1338/4 2966/1337/4
f 2974/1337/2 2976/1338/2 2975/612/2
f 2962/1335/5 2970/1335/5 2969/437/5
f 2967/612/6 2975/612/6 2976/1338/6
f 2969/437/7 2971/800/7 2963/800/7
f 2964/1336/8 2972/1336/8 2970/1335/8
f 2971/800/7 2973/1143/7 2965/1143/7
f 2974/1337/8 2972/1336/8 2964/1336/8
f 2965/1143/7 2973/1143/7 2975/612/7
f 2976/1338/8 2974/1337/8 2966/1337/8
f 2979/1339/1 2980/1343/1 2978/1340/1
f 2986/1340/2 2988/1343/2 2987/1339/2
f 2981/1342/3 2982/1345/3 2980/1343/3
f 2988/1343/2 2990/1345/2 2989/1342/2
f 2983/1344/4 2984/1346/4 2982/1345/4
f 2990/1345/2 2992/1346/2 2991/1344/2
f 2978/1340/5 2986/1340/5 2985/1341/5
f 2983/1344/6 2991/1344/6 2992/1346/6
f 2985/1341/7 2987/1339/7 2979/1339/7
f 2980/1343/8 2988/1343/8 2986/1340/8
f 2987/1339/7 2989/1342/7 2981/1342/7
f 2990/1345/8 2988/1343/8 2980/1343/8
f 2981/1342/7 2989/1342/7 2991/1344/7
f 2992/1346/8 2990/1345/8 2982/1345/8
f 2995/1347/1 2996/1351/1 2994/1348/1
f 3002/1348/2 3004/1351/2 3003/1347/2
f 2997/1350/3 2998/1353/3 2996/1351/3
f 3004/1351/2 3006/1353/2 3005/1350/2
f 2999/1352/4 3000/1354/4 2998/1353/4
f 3006/1353/2 3008/1354/2 3007/1352/2
f 2994/1348/5 3002/1348/5 3001/1349/5
f 2999/1352/6 3007/1352/6 3008/1354/6
f 3001/1349/7 3003/1347/7 2995/1347/7
f 2996/1351/8 3004/1351/8 3002/1348/8
f 3003/1347/7 3005/1350/7 2997/1350/7
f 3006/1353/8 3004/1351/8 2996/1351/8
f 2997/1350/7 3005/1350/7 3007/1352/7
f 3008/1354/8 3006/1353/8 2998/1353/8
f 3011/1355/1 3012/827/1 3010/900/1
f 3018/900/2 3020/827/2 3019/1355/2
f 3013/1357/3 3014/1160/3 3012/827/3
f 3020/827/2 3022/1160/2 3021/1357/2
f 3015/1358/4 3016/642/4 3014/1160/4
f 3022/1160/2 3024/642/2 3023/1358/2
f 3010/900/5 3018/900/5 3017/1356/5
f 3015/1358/6 3023/1358/6 3024/642/6
f 3017/1356/7 3019/1355/7 3011/1355/7
f 3012/827/8 3020/827/8 3018/900/8
f 3019/1355/7 3021/1357/7 3013/1357/7
f 3022/1160/8 3020/827/8 3012/827/8
f 3013/1357/7 3021/1357/7 3023/1358/7
f 3024/642/8 3022/1160/8 3014/1160/8
f 3027/1359/1 3028/1363/1 3026/1360/1
f 3034/1360/2 3036/1363/2 3035/1359/2
f 3029/1362/3 3030/1364/3 3028/1363/3
f 3036/1363/2 3038/1364/2 3037/1362/2
f 3031/193/4 3032/1365/4 3030/1364/4
f 3038/1364/2 3040/1365/2 3039/193/2
f 3026/1360/5 3034/1360/5 3033/1361/5
f 3031/193/6 3039/193/6 3040/1365/6
f 3033/1361/7 3035/1359/7 3027/1359/7
f 3028/1363/8 3036/1363/8 3034/1360/8
f 3035/1359/7 3037/1362/7 3029/1362/7
f 3038/1364/8 3036/1363/8 3028/1363/8
f 3029/1362/7 3037/1362/7 3039/193/7
f 3040/1365/8 3038/1364/8 3030/1364/8
f 3043/1366/1 3044/1370/1 3042/1367/1
f 3050/1367/2 3052/1370/2 3051/1366/2
f 3045/1369/3 3046/1372/3 3044/1370/3
f 3052/1370/2 3054/1372/2 3053/1369/2
f 3047/1371/4 3048/1373/4 3046/1372/4
f 3054/1372/2 3056/1373/2 3055/1371/2
f 3042/1367/5 3050/1367/5 3049/1368/5
f 3047/1371/6 3055/1371/6 3056/1373/6
f 3049/1368/7 3051/1366/7 3043/1366/7
f 3044/1370/8 3052/1370/8 3050/1367/8
f 3051/1366/7 3053/1369/7 3045/1369/7
f 3054/1372/8 3052/1370/8 3044/1370/8
f 3045/1369/7 3053/1369/7 3055/1371/7
f 3056/1373/8 3054/1372/8 3046/1372/8
f 3059/1374/1 3060/1378/1 3058/1375/1
f 3066/1375/2 3068/1378/2 3067/1374/2
f 3061/1377/3 3062/1380/3 3060/1378/3
f 3068/1378/2 3070/1380/2 3069/1377/2
f 3063/1379/4 3064/1381/4 3062/1380/4
f 3070/1380/2 3072/1381/2 3071/1379/2
f 3058/1375/5 3066/1375/5 3065/1376/5
f 3063/1379/6 3071/1379/6 3072/1381/6
f 3065/1376/7 3067/1374/7 3059/1374/7
f 3060/1378/8 3068/1378/8 3066/1375/8
f 3067/1374/7 3069/1377/7 3061/1377/7
f 3070/1380/8 3068/1378/8 3060/1378/8
f 3061/1377/7 3069/1377/7 3071/1379/7
f 3072/1381/8 3070/1380/8 3062/1380/8
f 3075/1382/1 3076/1386/1 3074/1383/1
f 3082/1383/2 3084/1386/2 3083/1382/2
f 3077/1385/3 3078/1388/3 3076/1386/3
f 3084/1386/2 3086/1388/2 3085/1385/2
f 3079/1387/4 3080/1389/4 3078/1388/4
f 3086/1388/2 3088/1389/2 3087/1387/2
f 3074/1383/5 3082/1383/5 3081/1384/5
f 3079/1387/6 3087/1387/6 3088/1389/6
f 3081/1384/7 3083/1382/7 3075/1382/7
f 3076/1386/8 3084/1386/8 3082/1383/8
f 3083/1382/7 3085/1385/7 3077/1385/7
f 3086/1388/8 3084/1386/8 3076/1386/8
f 3077/1385/7 3085/1385/7 3087/1387/7
f 3088/1389/8 3086/1388/8 3078/1388/8
f 3091/1390/1 3092/307/1 3090/304/1
f 3098/304/2 3100/307/2 3099/1390/2
f 3093/1392/3 3094/309/3 3092/307/3
f 3100/307/2 3102/309/2 3101/1392/2
f 3095/1393/4 3096/208/4 3094/309/4
f 3102/309/2 3104/208/2 3103/1393/2
f 3090/304/5 3098/304/5 3097/1391/5
f 3095/1393/6 3103/1393/6 3104/208/6
f 3097/1391/7 3099/1390/7 3091/1390/7
f 3092/307/8 3100/307/8 3098/304/8
f 3099/1390/7 3101/1392/7 3093/1392/7
f 3102/309/8 3100/307/8 3092/307/8
f 3093/1392/7 3101/1392/7 3103/1393/7
f 3104/208/8 3102/309/8 3094/309/8
f 3107/310/1 3108/1395/1 3106/1394/1
f 3114/1394/2 3116/1395/2 3115/310/2
f 3109/313/3 3110/1396/3 3108/1395/3
f 3116/1395/2 3118/1396/2 3117/313/2
f 3111/315/4 3112/1397/4 3110/1396/4
f 3118/1396/2 3120/1397/2 3119/315/2
f 3106/1394/5 3114/1394/5 3113/312/5
f 3111/315/6 3119/315/6 3120/1397/6
f 3113/312/7 3115/310/7 3107/310/7
f 3108/1395/8 3116/1395/8 3114/1394/8
f 3115/310/7 3117/313/7 3109/313/7
f 3118/1396/8 3116/1395/8 3108/1395/8
f 3109/313/7 3117/313/7 3119/315/7
f 3120/1397/8 3118/1396/8 3110/1396/8
f 3123/1398/1 3124/1402/1 3122/1399/1
f 3130/1399/2 3132/1402/2 3131/1398/2
f 3125/1401/3 3126/1404/3 3124/1402/3
f 3132/1402/2 3134/1404/2 3133/1401/2
f 3127/1403/4 3128/1405/4 3126/1404/4
f 3134/1404/2 3136/1405/2 3135/1403/2
f 3122/1399/5 3130/1399/5 3129/1400/5
f 3127/1403/6 3135/1403/6 3136/1405/6
f 3129/1400/7 3131/1398/7 3123/1398/7
f 3124/1402/8 3132/1402/8 3130/1399/8
f 3131/1398/7 3133/1401/7 3125/1401/7
f 3134/1404/8 3132/1402/8 3124/1402/8
f 3125/1401/7 3133/1401/7 3135/1403/7
f 3136/1405/8 3134/1404/8 3126/1404/8
f 3139/1406/1 3140/1410/1 3138/1407/1
f 3146/1407/2 3148/1410/2 3147/1406/2
f 3141/1409/3 3142/1412/3 3140/1410/3
f 3148/1410/2 3150/1412/2 3149/1409/2
f 3143/1411/4 3144/1413/4 3142/1412/4
f 3150/1412/2 3152/1413/2 3151/1411/2
f 3138/1407/5 3146/1407/5 3145/1408/5
f 3143/1411/6 3151/1411/6 3152/1413/6
f 3145/1408/7 3147/1406/7 3139/1406/7
f 3140/1410/8 3148/1410/8 3146/1407/8
f 3147/1406/7 3149/1409/7 3141/1409/7
f 3150/1412/8 3148/1410/8 3140/1410/8
f 3141/1409/7 3149/1409/7 3151/1411/7
f 3152/1413/8 3150/1412/8 3142/1412/8
f 3155/1414/1 3156/1418/1 3154/1415/1
f 3162/1415/2 3164/1418/2 3163/1414/2
f 3157/1417/3 3158/1420/3 3156/1418/3
f 3164/1418/2 3166/1420/2 3165/1417/2
f 3159/1419/4 3160/1421/4 3158/1420/4
f 3166/1420/2 3168/1421/2 3167/1419/2
f 3154/1415/5 3162/1415/5 3161/1416/5
f 3159/1419/6 3167/1419/6 3168/1421/6
f 3161/1416/7 3163/1414/7 3155/1414/7
f 3156/1418/8 3164/1418/8 3162/1415/8
f 3163/1414/7 3165/1417/7 3157/1417/7
f 3166/1420/8 3164/1418/8 3156/1418/8
f 3157/1417/7 3165/1417/7 3167/1419/7
f 3168/1421/8 3166/1420/8 3158/1420/8
f 3171/1422/1 3172/330/1 3170/327/1
f 3178/327/2 3180/330/2 3179/1422/2
f 3173/1424/3 3174/332/3 3172/330/3
f 3180/330/2 3182/332/2 3181/1424/2
f 3175/1425/4 3176/333/4 3174/332/4
f 3182/332/2 3184/333/2 3183/1425/2
f 3170/327/5 3178/327/5 3177/1423/5
f 3175/1425/6 3183/1425/6 3184/333/6
f 3177/1423/7 3179/1422/7 3171/1422/7
f 3172/330/8 3180/330/8 3178/327/8
f 3179/1422/7 3181/1424/7 3173/1424/7
f 3182/332/8 3180/330/8 3172/330/8
f 3173/1424/7 3181/1424/7 3183/1425/7
f 3184/333/8 3182/332/8 3174/332/8
f 3187/1426/1 3188/1430/1 3186/1427/1
f 3194/1427/2 3196/1430/2 3195/1426/2
f 3189/1429/3 3190/1431/3 3188/1430/3
f 3196/1430/2 3198/1431/2 3197/1429/2
f 3191/147/4 3192/1432/4 3190/1431/4
f 3198/1431/2 3200/1432/2 3199/147/2
f 3186/1427/5 3194/1427/5 3193/1428/5
f 3191/147/6 3199/147/6 3200/1432/6
f 3193/1428/7 3195/1426/7 3187/1426/7
f 3188/1430/8 3196/1430/8 3194/1427/8
f 3195/1426/7 3197/1429/7 3189/1429/7
f 3198/1431/8 3196/1430/8 3188/1430/8
f 3189/1429/7 3197/1429/7 3199/147/7
f 3200/1432/8 3198/1431/8 3190/1431/8
f 3203/1433/1 3204/1437/1 3202/1434/1
f 3210/1434/2 3212/1437/2 3211/1433/2
f 3205/1436/3 3206/1439/3 3204/1437/3
f 3212/1437/2 3214/1439/2 3213/1436/2
f 3207/1438/4 3208/1440/4 3206/1439/4
f 3214/1439/2 3216/1440/2 3215/1438/2
f 3202/1434/5 3210/1434/5 3209/1435/5
f 3207/1438/6 3215/1438/6 3216/1440/6
f 3209/1435/7 3211/1433/7 3203/1433/7
f 3204/1437/8 3212/1437/8 3210/1434/8
f 3211/1433/7 3213/1436/7 3205/1436/7
f 3214/1439/8 3212/1437/8 3204/1437/8
f 3205/1436/7 3213/1436/7 3215/1438/7
f 3216/1440/8 3214/1439/8 3206/1439/8
f 3219/1441/1 3220/1445/1 3218/1442/1
f 3226/1442/2 3228/1445/2 3227/1441/2
f 3221/1444/3 3222/1447/3 3220/1445/3
f 3228/1445/2 3230/1447/2 3229/1444/2
f 3223/1446/4 3224/1448/4 3222/1447/4
f 3230/1447/2 3232/1448/2 3231/1446/2
f 3218/1442/5 3226/1442/5 3225/1443/5
f 3223/1446/6 3231/1446/6 3232/1448/6
f 3225/1443/7 3227/1441/7 3219/1441/7
f 3220/1445/8 3228/1445/8 3226/1442/8
f 3227/1441/7 3229/1444/7 3221/1444/7
f 3230/1447/8 3228/1445/8 3220/1445/8
f 3221/1444/7 3229/1444/7 3231/1446/7
f 3232/1448/8 3230/1447/8 3222/1447/8
f 3235/1449/1 3236/1453/1 3234/1450/1
f 3242/1450/2 3244/1453/2 3243/1449/2
f 3237/1452/3 3238/1455/3 3236/1453/3
f 3244/1453/2 3246/1455/2 3245/1452/2
f 3239/1454/4 3240/1456/4 3238/1455/4
f 3246/1455/2 3248/1456/2 3247/1454/2
f 3234/1450/5 3242/1450/5 3241/1451/5
f 3239/1454/6 3247/1454/6 3248/1456/6
f 3241/1451/7 3243/1449/7 3235/1449/7
f 3236/1453/8 3244/1453/8 3242/1450/8
f 3243/1449/7 3245/1452/7 3237/1452/7
f 3246/1455/8 3244/1453/8 3236/1453/8
f 3237/1452/7 3245/1452/7 3247/1454/7
f 3248/1456/8 3246/1455/8 3238/1455/8
f 3251/1457/1 3252/1461/1 3250/1458/1
f 3258/1458/2 3260/1461/2 3259/1457/2
f 3253/1460/3 3254/1463/3 3252/1461/3
f 3260/1461/2 3262/1463/2 3261/1460/2
f 3255/1462/4 3256/162/4 3254/1463/4
f 3262/1463/2 3264/162/2 3263/1462/2
f 3250/1458/5 3258/1458/5 3257/1459/5
f 3255/1462/6 3263/1462/6 3264/162/6
f 3257/1459/7 3259/1457/7 3251/1457/7
f 3252/1461/8 3260/1461/8 3258/1458/8
f 3259/1457/7 3261/1460/7 3253/1460/7
f 3262/1463/8 3260/1461/8 3252/1461/8
f 3253/1460/7 3261/1460/7 3263/1462/7
f 3264/162/8 3262/1463/8 3254/1463/8
f 3267/356/1 3268/1467/1 3266/1464/1
f 3274/1464/2 3276/1467/2 3275/356/2
f 3269/1466/3 3270/1468/3 3268/1467/3
f 3276/1467/2 3278/1468/2 3277/1466/2
f 3271/361/4 3272/1469/4 3270/1468/4
f 3278/1468/2 3280/1469/2 3279/361/2
f 3266/1464/5 3274/1464/5 3273/1465/5
f 3271/361/6 3279/361/6 3280/1469/6
f 3273/1465/7 3275/356/7 3267/356/7
f 3268/1467/8 3276/1467/8 3274/1464/8
f 3275/356/7 3277/1466/7 3269/1466/7
f 3278/1468/8 3276/1467/8 3268/1467/8
f 3269/1466/7 3277/1466/7 3279/361/7
f 3280/1469/8 3278/1468/8 3270/1468/8
f 3283/1470/1 3284/1474/1 3282/1471/1
f 3290/1471/2 3292/1474/2 3291/1470/2
f 3285/1473/3 3286/1476/3 3284/1474/3
f 3292/1474/2 3294/1476/2 3293/1473/2
f 3287/1475/4 3288/1477/4 3286/1476/4
f 3294/1476/2 3296/1477/2 3295/1475/2
f 3282/1471/5 3290/1471/5 3289/1472/5
f 3287/1475/6 3295/1475/6 3296/1477/6
f 3289/1472/7 3291/1470/7 3283/1470/7
f 3284/1474/8 3292/1474/8 3290/1471/8
f 3291/1470/7 3293/1473/7 3285/1473/7
f 3294/1476/8 3292/1474/8 3284/1474/8
f 3285/1473/7 3293/1473/7 3295/1475/7
f 3296/1477/8 3294/1476/8 3286/1476/8
f 3299/1478/1 3300/376/1 3298/1479/1
f 3306/1479/2 3308/376/2 3307/1478/2
f 3301/1481/3 3302/1483/3 3300/376/3
f 3308/376/2 3310/1483/2 3309/1481/2
f 3303/1482/4 3304/379/4 3302/1483/4
f 3310/1483/2 3312/379/2 3311/1482/2
f 3298/1479/5 3306/1479/5 3305/1480/5
f 3303/1482/6 3311/1482/6 3312/379/6
f 3305/1480/7 3307/1478/7 3299/1478/7
f 3300/376/8 3308/376/8 3306/1479/8
f 3307/1478/7 3309/1481/7 3301/1481/7
f 3310/1483/8 3308/376/8 3300/376/8
f 3301/1481/7 3309/1481/7 3311/1482/7
f 3312/379/8 3310/1483/8 3302/1483/8
f 3315/380/1 3316/1485/1 3314/1484/1
f 3322/1484/2 3324/1485/2 3323/380/2
f 3317/383/3 3318/1486/3 3316/1485/3
f 3324/1485/2 3326/1486/2 3325/383/2
f 3319/312/4 3320/1487/4 3318/1486/4
f 3326/1486/2 3328/1487/2 3327/312/2
f 3314/1484/5 3322/1484/5 3321/382/5
f 3319/312/6 3327/312/6 3328/1487/6
f 3321/382/7 3323/380/7 3315/380/7
f 3316/1485/8 3324/1485/8 3322/1484/8
f 3323/380/7 3325/383/7 3317/383/7
f 3326/1486/8 3324/1485/8 3316/1485/8
f 3317/383/7 3325/383/7 3327/312/7
f 3328/1487/8 3326/1486/8 3318/1486/8
f 3331/1488/1 3332/1492/1 3330/1489/1
f 3338/1489/2 3340/1492/2 3339/1488/2
f 3333/1491/3 3334/1494/3 3332/1492/3
f 3340/1492/2 3342/1494/2 3341/1491/2
f 3335/1493/4 3336/1495/4 3334/1494/4
f 3342/1494/2 3344/1495/2 3343/1493/2
f 3330/1489/5 3338/1489/5 3337/1490/5
f 3335/1493/6 3343/1493/6 3344/1495/6
f 3337/1490/7 3339/1488/7 3331/1488/7
f 3332/1492/8 3340/1492/8 3338/1489/8
f 3339/1488/7 3341/1491/7 3333/1491/7
f 3342/1494/8 3340/1492/8 3332/1492/8
f 3333/1491/7 3341/1491/7 3343/1493/7
f 3344/1495/8 3342/1494/8 3334/1494/8
f 3347/1496/1 3348/1500/1 3346/1497/1
f 3354/1497/2 3356/1500/2 3355/1496/2
f 3349/1499/3 3350/1502/3 3348/1500/3
f 3356/1500/2 3358/1502/2 3357/1499/2
f 3351/1501/4 3352/1503/4 3350/1502/4
f 3358/1502/2 3360/1503/2 3359/1501/2
f 3346/1497/5 3354/1497/5 3353/1498/5
f 3351/1501/6 3359/1501/6 3360/1503/6
f 3353/1498/7 3355/1496/7 3347/1496/7
f 3348/1500/8 3356/1500/8 3354/1497/8
f 3355/1496/7 3357/1499/7 3349/1499/7
f 3358/1502/8 3356/1500/8 3348/1500/8
f 3349/1499/7 3357/1499/7 3359/1501/7
f 3360/1503/8 3358/1502/8 3350/1502/8
f 3363/1504/1 3364/1508/1 3362/1505/1
f 3370/1505/2 3372/1508/2 3371/1504/2
f 3365/1507/3 3366/1510/3 3364/1508/3
f 3372/1508/2 3374/1510/2 3373/1507/2
f 3367/1509/4 3368/1511/4 3366/1510/4
f 3374/1510/2 3376/1511/2 3375/1509/2
f 3362/1505/5 3370/1505/5 3369/1506/5
f 3367/1509/6 3375/1509/6 3376/1511/6
f 3369/1506/7 3371/1504/7 3363/1504/7
f 3364/1508/8 3372/1508/8 3370/1505/8
f 3371/1504/7 3373/1507/7 3365/1507/7
f 3374/1510/8 3372/1508/8 3364/1508/8
f 3365/1507/7 3373/1507/7 3375/1509/7
f 3376/1511/8 3374/1510/8 3366/1510/8
f 3379/1512/1 3380/407/1 3378/404/1
f 3386/404/2 3388/407/2 3387/1512/2
f 3381/1514/3 3382/409/3 3380/407/3
f 3388/407/2 3390/409/2 3389/1514/2
f 3383/1515/4 3384/327/4 3382/409/4
f 3390/409/2 3392/327/2 3391/1515/2
f 3378/404/5 3386/404/5 3385/1513/5
f 3383/1515/6 3391/1515/6 3392/327/6
f 3385/1513/7 3387/1512/7 3379/1512/7
f 3380/407/8 3388/407/8 3386/404/8
f 3387/1512/7 3389/1514/7 3381/1514/7
f 3390/409/8 3388/407/8 3380/407/8
f 3381/1514/7 3389/1514/7 3391/1515/7
f 3392/327/8 3390/409/8 3382/409/8
f 3395/410/1 3396/1517/1 3394/1516/1
f 3402/1516/2 3404/1517/2 3403/410/2
f 3397/413/3 3398/1518/3 3396/1517/3
f 3404/1517/2 3406/1518/2 3405/413/2
f 3399/315/4 3400/1519/4 3398/1518/4
f 3406/1518/2 3408/1519/2 3407/315/2
f 3394/1516/5 3402/1516/5 3401/412/5
f 3399/315/6 3407/315/6 3408/1519/6
f 3401/412/7 3403/410/7 3395/410/7
f 3396/1517/8 3404/1517/8 3402/1516/8
f 3403/410/7 3405/413/7 3397/413/7
f 3406/1518/8 3404/1517/8 3396/1517/8
f 3397/413/7 3405/413/7 3407/315/7
f 3408/1519/8 3406/1518/8 3398/1518/8
f 3411/1520/1 3412/1524/1 3410/1521/1
f 3418/1521/2 3420/1524/2 3419/1520/2
f 3413/1523/3 3414/1526/3 3412/1524/3
f 3420/1524/2 3422/1526/2 3421/1523/2
f 3415/1525/4 3416/1527/4 3414/1526/4
f 3422/1526/2 3424/1527/2 3423/1525/2
f 3410/1521/5 3418/1521/5 3417/1522/5
f 3415/1525/6 3423/1525/6 3424/1527/6
f 3417/1522/7 3419/1520/7 3411/1520/7
f 3412/1524/8 3420/1524/8 3418/1521/8
f 3419/1520/7 3421/1523/7 3413/1523/7
f 3422/1526/8 3420/1524/8 3412/1524/8
f 3413/1523/7 3421/1523/7 3423/1525/7
f 3424/1527/8 3422/1526/8 3414/1526/8
f 3427/1528/1 3428/429/1 3426/426/1
f 3434/426/2 3436/429/2 3435/1528/2
f 3429/1530/3 3430/431/3 3428/429/3
f 3436/429/2 3438/431/2 3437/1530/2
f 3431/1531/4 3432/333/4 3430/431/4
f 3438/431/2 3440/333/2 3439/1531/2
f 3426/426/5 3434/426/5 3433/1529/5
f 3431/1531/6 3439/1531/6 3440/333/6
f 3433/1529/7 3435/1528/7 3427/1528/7
f 3428/429/8 3436/429/8 3434/426/8
f 3435/1528/7 3437/1530/7 3429/1530/7
f 3438/431/8 3436/429/8 3428/429/8
f 3429/1530/7 3437/1530/7 3439/1531/7
f 3440/333/8 3438/431/8 3430/431/8
f 3443/1532/1 3444/1536/1 3442/1533/1
f 3450/1533/2 3452/1536/2 3451/1532/2
f 3445/1535/3 3446/1538/3 3444/1536/3
f 3452/1536/2 3454/1538/2 3453/1535/2
f 3447/1537/4 3448/1539/4 3446/1538/4
f 3454/1538/2 3456/1539/2 3455/1537/2
f 3442/1533/5 3450/1533/5 3449/1534/5
f 3447/1537/6 3455/1537/6 3456/1539/6
f 3449/1534/7 3451/1532/7 3443/1532/7
f 3444/1536/8 3452/1536/8 3450/1533/8
f 3451/1532/7 3453/1535/7 3445/1535/7
f 3454/1538/8 3452/1536/8 3444/1536/8
f 3445/1535/7 3453/1535/7 3455/1537/7
f 3456/1539/8 3454/1538/8 3446/1538/8
f 3459/1540/1 3460/1544/1 3458/1541/1
f 3466/1541/2 3468/1544/2 3467/1540/2
f 3461/1543/3 3462/1546/3 3460/1544/3
f 3468/1544/2 3470/1546/2 3469/1543/2
f 3463/1545/4 3464/1547/4 3462/1546/4
f 3470/1546/2 3472/1547/2 3471/1545/2
f 3458/1541/5 3466/1541/5 3465/1542/5
f 3463/1545/6 3471/1545/6 3472/1547/6
f 3465/1542/7 3467/1540/7 3459/1540/7
f 3460/1544/8 3468/1544/8 3466/1541/8
f 3467/1540/7 3469/1543/7 3461/1543/7
f 3470/1546/8 3468/1544/8 3460/1544/8
f 3461/1543/7 3469/1543/7 3471/1545/7
f 3472/1547/8 3470/1546/8 3462/1546/8
f 3475/1548/1 3476/1552/1 3474/1549/1
f 3482/1549/2 3484/1552/2 3483/1548/2
f 3477/1551/3 3478/1554/3 3476/1552/3
f 3484/1552/2 3486/1554/2 3485/1551/2
f 3479/1553/4 3480/1555/4 3478/1554/4
f 3486/1554/2 3488/1555/2 3487/1553/2
f 3474/1549/5 3482/1549/5 3481/1550/5
f 3479/1553/6 3487/1553/6 3488/1555/6
f 3481/1550/7 3483/1548/7 3475/1548/7
f 3476/1552/8 3484/1552/8 3482/1549/8
f 3483/1548/7 3485/1551/7 3477/1551/7
f 3486/1554/8 3484/1552/8 3476/1552/8
f 3477/1551/7 3485/1551/7 3487/1553/7
f 3488/1555/8 3486/1554/8 3478/1554/8
f 3491/1556/1 3492/1560/1 3490/1557/1
f 3498/1557/2 3500/1560/2 3499/1556/2
f 3493/1559/3 3494/1562/3 3492/1560/3
f 3500/1560/2 3502/1562/2 3501/1559/2
f 3495/1561/4 3496/1563/4 3494/1562/4
f 3502/1562/2 3504/1563/2 3503/1561/2
f 3490/1557/5 3498/1557/5 3497/1558/5
f 3495/1561/6 3503/1561/6 3504/1563/6
f 3497/1558/7 3499/1556/7 3491/1556/7
f 3492/1560/8 3500/1560/8 3498/1557/8
f 3499/1556/7 3501/1559/7 3493/1559/7
f 3502/1562/8 3500/1560/8 3492/1560/8
f 3493/1559/7 3501/1559/7 3503/1561/7
f 3504/1563/8 3502/1562/8 3494/1562/8
f 3507/1564/1 3508/1568/1 3506/1565/1
f 3514/1565/2 3516/1568/2 3515/1564/2
f 3509/1567/3 3510/1569/3 3508/1568/3
f 3516/1568/2 3518/1569/2 3517/1567/2
f 3511/452/4 3512/1570/4 3510/1569/4
f 3518/1569/2 3520/1570/2 3519/452/2
f 3506/1565/5 3514/1565/5 3513/1566/5
f 3511/452/6 3519/452/6 3520/1570/6
f 3513/1566/7 3515/1564/7 3507/1564/7
f 3508/1568/8 3516/1568/8 3514/1565/8
f 3515/1564/7 3517/1567/7 3509/1567/7
f 3518/1569/8 3516/1568/8 3508/1568/8
f 3509/1567/7 3517/1567/7 3519/452/7
f 3520/1570/8 3518/1569/8 3510/1569/8
f 3523/1571/1 3524/1575/1 3522/1572/1
f 3530/1572/2 3532/1575/2 3531/1571/2
f 3525/1574/3 3526/1577/3 3524/1575/3
f 3532/1575/2 3534/1577/2 3533/1574/2
f 3527/1576/4 3528/1578/4 3526/1577/4
f 3534/1577/2 3536/1578/2 3535/1576/2
f 3522/1572/5 3530/1572/5 3529/1573/5
f 3527/1576/6 3535/1576/6 3536/1578/6
f 3529/1573/7 3531/1571/7 3523/1571/7
f 3524/1575/8 3532/1575/8 3530/1572/8
f 3531/1571/7 3533/1574/7 3525/1574/7
f 3534/1577/8 3532/1575/8 3524/1575/8
f 3525/1574/7 3533/1574/7 3535/1576/7
f 3536/1578/8 3534/1577/8 3526/1577/8
f 3539/1579/1 3540/1583/1 3538/1580/1
f 3546/1580/2 3548/1583/2 3547/1579/2
f 3541/1582/3 3542/1585/3 3540/1583/3
f 3548/1583/2 3550/1585/2 3549/1582/2
f 3543/1584/4 3544/485/4 3542/1585/4
f 3550/1585/2 3552/485/2 3551/1584/2
f 3538/1580/5 3546/1580/5 3545/1581/5
f 3543/1584/6 3551/1584/6 3552/485/6
f 3545/1581/7 3547/1579/7 3539/1579/7
f 3540/1583/8 3548/1583/8 3546/1580/8
f 3547/1579/7 3549/1582/7 3541/1582/7
f 3550/1585/8 3548/1583/8 3540/1583/8
f 3541/1582/7 3549/1582/7 3551/1584/7
f 3552/485/8 3550/1585/8 3542/1585/8
f 3555/486/1 3556/1587/1 3554/1586/1
f 3562/1586/2 3564/1587/2 3563/486/2
f 3557/489/3 3558/1588/3 3556/1587/3
f 3564/1587/2 3566/1588/2 3565/489/2
f 3559/412/4 3560/1589/4 3558/1588/4
f 3566/1588/2 3568/1589/2 3567/412/2
f 3554/1586/5 3562/1586/5 3561/488/5
f 3559/412/6 3567/412/6 3568/1589/6
f 3561/488/7 3563/486/7 3555/486/7
f 3556/1587/8 3564/1587/8 3562/1586/8
f 3563/486/7 3565/489/7 3557/489/7
f 3566/1588/8 3564/1587/8 3556/1587/8
f 3557/489/7 3565/489/7 3567/412/7
f 3568/1589/8 3566/1588/8 3558/1588/8
f 3571/1590/1 3572/1594/1 3570/1591/1
f 3578/1591/2 3580/1594/2 3579/1590/2
f 3573/1593/3 3574/1596/3 3572/1594/3
f 3580/1594/2 3582/1596/2 3581/1593/2
f 3575/1595/4 3576/1597/4 3574/1596/4
f 3582/1596/2 3584/1597/2 3583/1595/2
f 3570/1591/5 3578/1591/5 3577/1592/5
f 3575/1595/6 3583/1595/6 3584/1597/6
f 3577/1592/7 3579/1590/7 3571/1590/7
f 3572/1594/8 3580/1594/8 3578/1591/8
f 3579/1590/7 3581/1593/7 3573/1593/7
f 3582/1596/8 3580/1594/8 3572/1594/8
f 3573/1593/7 3581/1593/7 3583/1595/7
f 3584/1597/8 3582/1596/8 3574/1596/8
f 3587/1598/1 3588/1602/1 3586/1599/1
f 3594/1599/2 3596/1602/2 3595/1598/2
f 3589/1601/3 3590/1604/3 3588/1602/3
f 3596/1602/2 3598/1604/2 3597/1601/2
f 3591/1603/4 3592/1605/4 3590/1604/4
f 3598/1604/2 3600/1605/2 3599/1603/2
f 3586/1599/5 3594/1599/5 3593/1600/5
f 3591/1603/6 3599/1603/6 3600/1605/6
f 3593/1600/7 3595/1598/7 3587/1598/7
f 3588/1602/8 3596/1602/8 3594/1599/8
f 3595/1598/7 3597/1601/7 3589/1601/7
f 3598/1604/8 3596/1602/8 3588/1602/8
f 3589/1601/7 3597/1601/7 3599/1603/7
f 3600/1605/8 3598/1604/8 3590/1604/8
f 3603/1606/1 3604/1610/1 3602/1607/1
f 3610/1607/2 3612/1610/2 3611/1606/2
f 3605/1609/3 3606/1612/3 3604/1610/3
f 3612/1610/2 3614/1612/2 3613/1609/2
f 3607/1611/4 3608/1613/4 3606/1612/4
f 3614/1612/2 3616/1613/2 3615/1611/2
f 3602/1607/5 3610/1607/5 3609/1608/5
f 3607/1611/6 3615/1611/6 3616/1613/6
f 3609/1608/7 3611/1606/7 3603/1606/7
f 3604/1610/8 3612/1610/8 3610/1607/8
f 3611/1606/7 3613/1609/7 3605/1609/7
f 3614/1612/8 3612/1610/8 3604/1610/8
f 3605/1609/7 3613/1609/7 3615/1611/7
f 3616/1613/8 3614/1612/8 3606/1612/8
f 3619/1614/1 3620/513/1 3618/510/1
f 3626/510/2 3628/513/2 3627/1614/2
f 3621/1616/3 3622/515/3 3620/513/3
f 3628/513/2 3630/515/2 3629/1616/2
f 3623/1617/4 3624/426/4 3622/515/4
f 3630/515/2 3632/426/2 3631/1617/2
f 3618/510/5 3626/510/5 3625/1615/5
f 3623/1617/6 3631/1617/6 3632/426/6
f 3625/1615/7 3627/1614/7 3619/1614/7
f 3620/513/8 3628/513/8 3626/510/8
f 3627/1614/7 3629/1616/7 3621/1616/7
f 3630/515/8 3628/513/8 3620/513/8
f 3621/1616/7 3629/1616/7 3631/1617/7
f 3632/426/8 3630/515/8 3622/515/8
f 3635/1618/1 3636/1621/1 3634/1619/1
f 3642/1619/2 3644/1621/2 3643/1618/2
f 3637/1620/3 3638/1623/3 3636/1621/3
f 3644/1621/2 3646/1623/2 3645/1620/2
f 3639/1622/4 3640/1624/4 3638/1623/4
f 3646/1623/2 3648/1624/2 3647/1622/2
f 3634/1619/5 3642/1619/5 3641/518/5
f 3639/1622/6 3647/1622/6 3648/1624/6
f 3641/518/7 3643/1618/7 3635/1618/7
f 3636/1621/8 3644/1621/8 3642/1619/8
f 3643/1618/7 3645/1620/7 3637/1620/7
f 3646/1623/8 3644/1621/8 3636/1621/8
f 3637/1620/7 3645/1620/7 3647/1622/7
f 3648/1624/8 3646/1623/8 3638/1623/8
f 3651/1625/1 3652/1629/1 3650/1626/1
f 3658/1626/2 3660/1629/2 3659/1625/2
f 3653/1628/3 3654/1631/3 3652/1629/3
f 3660/1629/2 3662/1631/2 3661/1628/2
f 3655/1630/4 3656/1632/4 3654/1631/4
f 3662/1631/2 3664/1632/2 3663/1630/2
f 3650/1626/5 3658/1626/5 3657/1627/5
f 3655/1630/6 3663/1630/6 3664/1632/6
f 3657/1627/7 3659/1625/7 3651/1625/7
f 3652/1629/8 3660/1629/8 3658/1626/8
f 3659/1625/7 3661/1628/7 3653/1628/7
f 3662/1631/8 3660/1629/8 3652/1629/8
f 3653/1628/7 3661/1628/7 3663/1630/7
f 3664/1632/8 3662/1631/8 3654/1631/8
f 3667/1633/1 3668/1636/1 3666/541/1
f 3674/541/2 3676/1636/2 3675/1633/2
f 3669/1635/3 3670/1638/3 3668/1636/3
f 3676/1636/2 3678/1638/2 3677/1635/2
f 3671/1637/4 3672/1639/4 3670/1638/4
f 3678/1638/2 3680/1639/2 3679/1637/2
f 3666/541/5 3674/541/5 3673/1634/5
f 3671/1637/6 3679/1637/6 3680/1639/6
f 3673/1634/7 3675/1633/7 3667/1633/7
f 3668/1636/8 3676/1636/8 3674/541/8
f 3675/1633/7 3677/1635/7 3669/1635/7
f 3678/1638/8 3676/1636/8 3668/1636/8
f 3669/1635/7 3677/1635/7 3679/1637/7
f 3680/1639/8 3678/1638/8 3670/1638/8
f 3683/1640/1 3684/1644/1 3682/1641/1
f 3690/1641/2 3692/1644/2 3691/1640/2
f 3685/1643/3 3686/1646/3 3684/1644/3
f 3692/1644/2 3694/1646/2 3693/1643/2
f 3687/1645/4 3688/1647/4 3686/1646/4
f 3694/1646/2 3696/1647/2 3695/1645/2
f 3682/1641/5 3690/1641/5 3689/1642/5
f 3687/1645/6 3695/1645/6 3696/1647/6
f 3689/1642/7 3691/1640/7 3683/1640/7
f 3684/1644/8 3692/1644/8 3690/1641/8
f 3691/1640/7 3693/1643/7 3685/1643/7
f 3694/1646/8 3692/1644/8 3684/1644/8
f 3685/1643/7 3693/1643/7 3695/1645/7
f 3696/1647/8 3694/1646/8 3686/1646/8
f 3699/1648/1 3700/1652/1 3698/1649/1
f 3706/1649/2 3708/1652/2 3707/1648/2
f 3701/1651/3 3702/1654/3 3700/1652/3
f 3708/1652/2 3710/1654/2 3709/1651/2
f 3703/1653/4 3704/1655/4 3702/1654/4
f 3710/1654/2 3712/1655/2 3711/1653/2
f 3698/1649/5 3706/1649/5 3705/1650/5
f 3703/1653/6 3711/1653/6 3712/1655/6
f 3705/1650/7 3707/1648/7 3699/1648/7
f 3700/1652/8 3708/1652/8 3706/1649/8
f 3707/1648/7 3709/1651/7 3701/1651/7
f 3710/1654/8 3708/1652/8 3700/1652/8
f 3701/1651/7 3709/1651/7 3711/1653/7
f 3712/1655/8 3710/1654/8 3702/1654/8
f 3715/1656/1 3716/1660/1 3714/1657/1
f 3722/1657/2 3724/1660/2 3723/1656/2
f 3717/1659/3 3718/1662/3 3716/1660/3
f 3724/1660/2 3726/1662/2 3725/1659/2
f 3719/1661/4 3720/1663/4 3718/1662/4
f 3726/1662/2 3728/1663/2 3727/1661/2
f 3714/1657/5 3722/1657/5 3721/1658/5
f 3719/1661/6 3727/1661/6 3728/1663/6
f 3721/1658/7 3723/1656/7 3715/1656/7
f 3716/1660/8 3724/1660/8 3722/1657/8
f 3723/1656/7 3725/1659/7 3717/1659/7
f 3726/1662/8 3724/1660/8 3716/1660/8
f 3717/1659/7 3725/1659/7 3727/1661/7
f 3728/1663/8 3726/1662/8 3718/1662/8
f 3731/1664/1 3732/1668/1 3730/1665/1
f 3738/1665/2 3740/1668/2 3739/1664/2
f 3733/1667/3 3734/1670/3 3732/1668/3
f 3740/1668/2 3742/1670/2 3741/1667/2
f 3735/1669/4 3736/1671/4 3734/1670/4
f 3742/1670/2 3744/1671/2 3743/1669/2
f 3730/1665/5 3738/1665/5 3737/1666/5
f 3735/1669/6 3743/1669/6 3744/1671/6
f 3737/1666/7 3739/1664/7 3731/1664/7
f 3732/1668/8 3740/1668/8 3738/1665/8
f 3739/1664/7 3741/1667/7 3733/1667/7
f 3742/1670/8 3740/1668/8 3732/1668/8
f 3733/1667/7 3741/1667/7 3743/1669/7
f 3744/1671/8 3742/1670/8 3734/1670/8
f 3747/578/1 3748/1675/1 3746/1672/1
f 3754/1672/2 3756/1675/2 3755/578/2
f 3749/1674/3 3750/1676/3 3748/1675/3
f 3756/1675/2 3758/1676/2 3757/1674/2
f 3751/583/4 3752/1677/4 3750/1676/4
f 3758/1676/2 3760/1677/2 3759/583/2
f 3746/1672/5 3754/1672/5 3753/1673/5
f 3751/583/6 3759/583/6 3760/1677/6
f 3753/1673/7 3755/578/7 3747/578/7
f 3748/1675/8 3756/1675/8 3754/1672/8
f 3755/578/7 3757/1674/7 3749/1674/7
f 3758/1676/8 3756/1675/8 3748/1675/8
f 3749/1674/7 3757/1674/7 3759/583/7
f 3760/1677/8 3758/1676/8 3750/1676/8
f 3763/1678/1 3764/1682/1 3762/1679/1
f 3770/1679/2 3772/1682/2 3771/1678/2
f 3765/1681/3 3766/1684/3 3764/1682/3
f 3772/1682/2 3774/1684/2 3773/1681/2
f 3767/1683/4 3768/1685/4 3766/1684/4
f 3774/1684/2 3776/1685/2 3775/1683/2
f 3762/1679/5 3770/1679/5 3769/1680/5
f 3767/1683/6 3775/1683/6 3776/1685/6
f 3769/1680/7 3771/1678/7 3763/1678/7
f 3764/1682/8 3772/1682/8 3770/1679/8
f 3771/1678/7 3773/1681/7 3765/1681/7
f 3774/1684/8 3772/1682/8 3764/1682/8
f 3765/1681/7 3773/1681/7 3775/1683/7
f 3776/1685/8 3774/1684/8 3766/1684/8
f 3779/1686/1 3780/1690/1 3778/1687/1
f 3786/1687/2 3788/1690/2 3787/1686/2
f 3781/1689/3 3782/1692/3 3780/1690/3
f 3788/1690/2 3790/1692/2 3789/1689/2
f 3783/1691/4 3784/1693/4 3782/1692/4
f 3790/1692/2 3792/1693/2 3791/1691/2
f 3778/1687/5 3786/1687/5 3785/1688/5
f 3783/1691/6 3791/1691/6 3792/1693/6
f 3785/1688/7 3787/1686/7 3779/1686/7
f 3780/1690/8 3788/1690/8 3786/1687/8
f 3787/1686/7 3789/1689/7 3781/1689/7
f 3790/1692/8 3788/1690/8 3780/1690/8
f 3781/1689/7 3789/1689/7 3791/1691/7
f 3792/1693/8 3790/1692/8 3782/1692/8
f 3795/1694/1 3796/606/1 3794/1695/1
f 3802/1695/2 3804/606/2 3803/1694/2
f 3797/1697/3 3798/1699/3 3796/606/3
f 3804/606/2 3806/1699/2 3805/1697/2
f 3799/1698/4 3800/609/4 3798/1699/4
f 3806/1699/2 3808/609/2 3807/1698/2
f 3794/1695/5 3802/1695/5 3801/1696/5
f 3799/1698/6 3807/1698/6 3808/609/6
f 3801/1696/7 3803/1694/7 3795/1694/7
f 3796/606/8 3804/606/8 3802/1695/8
f 3803/1694/7 3805/1697/7 3797/1697/7
f 3806/1699/8 3804/606/8 3796/606/8
f 3797/1697/7 3805/1697/7 3807/1698/7
f 3808/609/8 3806/1699/8 3798/1699/8
f 3811/610/1 3812/1701/1 3810/1700/1
f 3818/1700/2 3820/1701/2 3819/610/2
f 3813/613/3 3814/1702/3 3812/1701/3
f 3820/1701/2 3822/1702/2 3821/613/2
f 3815/518/4 3816/1703/4 3814/1702/4
f 3822/1702/2 3824/1703/2 3823/518/2
f 3810/1700/5 3818/1700/5 3817/612/5
f 3815/518/6 3823/518/6 3824/1703/6
f 3817/612/7 3819/610/7 3811/610/7
f 3812/1701/8 3820/1701/8 3818/1700/8
f 3819/610/7 3821/613/7 3813/613/7
f 3822/1702/8 3820/1701/8 3812/1701/8
f 3813/613/7 3821/613/7 3823/518/7
f 3824/1703/8 3822/1702/8 3814/1702/8
f 3827/1704/1 3828/1708/1 3826/1705/1
f 3834/1705/2 3836/1708/2 3835/1704/2
f 3829/1707/3 3830/1710/3 3828/1708/3
f 3836/1708/2 3838/1710/2 3837/1707/2
f 3831/1709/4 3832/1711/4 3830/1710/4
f 3838/1710/2 3840/1711/2 3839/1709/2
f 3826/1705/5 3834/1705/5 3833/1706/5
f 3831/1709/6 3839/1709/6 3840/1711/6
f 3833/1706/7 3835/1704/7 3827/1704/7
f 3828/1708/8 3836/1708/8 3834/1705/8
f 3835/1704/7 3837/1707/7 3829/1707/7
f 3838/1710/8 3836/1708/8 3828/1708/8
f 3829/1707/7 3837/1707/7 3839/1709/7
f 3840/1711/8 3838/1710/8 3830/1710/8
f 3843/1712/1 3844/1716/1 3842/1713/1
f 3850/1713/2 3852/1716/2 3851/1712/2
f 3845/1715/3 3846/1718/3 3844/1716/3
f 3852/1716/2 3854/1718/2 3853/1715/2
f 3847/1717/4 3848/1719/4 3846/1718/4
f 3854/1718/2 3856/1719/2 3855/1717/2
f 3842/1713/5 3850/1713/5 3849/1714/5
f 3847/1717/6 3855/1717/6 3856/1719/6
f 3849/1714/7 3851/1712/7 3843/1712/7
f 3844/1716/8 3852/1716/8 3850/1713/8
f 3851/1712/7 3853/1715/7 3845/1715/7
f 3854/1718/8 3852/1716/8 3844/1716/8
f 3845/1715/7 3853/1715/7 3855/1717/7
f 3856/1719/8 3854/1718/8 3846/1718/8
f 3859/1720/1 3860/1724/1 3858/1721/1
f 3866/1721/2 3868/1724/2 3867/1720/2
f 3861/1723/3 3862/1725/3 3860/1724/3
f 3868/1724/2 3870/1725/2 3869/1723/2
f 3863/1622/4 3864/1726/4 3862/1725/4
f 3870/1725/2 3872/1726/2 3871/1622/2
f 3858/1721/5 3866/1721/5 3865/1722/5
f 3863/1622/6 3871/1622/6 3872/1726/6
f 3865/1722/7 3867/1720/7 3859/1720/7
f 3860/1724/8 3868/1724/8 3866/1721/8
f 3867/1720/7 3869/1723/7 3861/1723/7
f 3870/1725/8 3868/1724/8 3860/1724/8
f 3861/1723/7 3869/1723/7 3871/1622/7
f 3872/1726/8 3870/1725/8 3862/1725/8
f 3875/1727/1 3876/1731/1 3874/1728/1
f 3882/1728/2 3884/1731/2 3883/1727/2
f 3877/1730/3 3878/1733/3 3876/1731/3
f 3884/1731/2 3886/1733/2 3885/1730/2
f 3879/1732/4 3880/1734/4 3878/1733/4
f 3886/1733/2 3888/1734/2 3887/1732/2
f 3874/1728/5 3882/1728/5 3881/1729/5
f 3879/1732/6 3887/1732/6 3888/1734/6
f 3881/1729/7 3883/1727/7 3875/1727/7
f 3876/1731/8 3884/1731/8 3882/1728/8
f 3883/1727/7 3885/1730/7 3877/1730/7
f 3886/1733/8 3884/1731/8 3876/1731/8
f 3877/1730/7 3885/1730/7 3887/1732/7
f 3888/1734/8 3886/1733/8 3878/1733/8
f 3891/1735/1 3892/1739/1 3890/1736/1
f 3898/1736/2 3900/1739/2 3899/1735/2
f 3893/1738/3 3894/1741/3 3892/1739/3
f 3900/1739/2 3902/1741/2 3901/1738/2
f 3895/1740/4 3896/1742/4 3894/1741/4
f 3902/1741/2 3904/1742/2 3903/1740/2
f 3890/1736/5 3898/1736/5 3897/1737/5
f 3895/1740/6 3903/1740/6 3904/1742/6
f 3897/1737/7 3899/1735/7 3891/1735/7
f 3892/1739/8 3900/1739/8 3898/1736/8
f 3899/1735/7 3901/1738/7 3893/1738/7
f 3902/1741/8 3900/1739/8 3892/1739/8
f 3893/1738/7 3901/1738/7 3903/1740/7
f 3904/1742/8 3902/1741/8 3894/1741/8
f 3907/1743/1 3908/1747/1 3906/1744/1
f 3914/1744/2 3916/1747/2 3915/1743/2
f 3909/1746/3 3910/1749/3 3908/1747/3
f 3916/1747/2 3918/1749/2 3917/1746/2
f 3911/1748/4 3912/1639/4 3910/1749/4
f 3918/1749/2 3920/1639/2 3919/1748/2
f 3906/1744/5 3914/1744/5 3913/1745/5
f 3911/1748/6 3919/1748/6 3920/1639/6
f 3913/1745/7 3915/1743/7 3907/1743/7
f 3908/1747/8 3916/1747/8 3914/1744/8
f 3915/1743/7 3917/1746/7 3909/1746/7
f 3918/1749/8 3916/1747/8 3908/1747/8
f 3909/1746/7 3917/1746/7 3919/1748/7
f 3920/1639/8 3918/1749/8 3910/1749/8
f 3923/1750/1 3924/1754/1 3922/1751/1
f 3930/1751/2 3932/1754/2 3931/1750/2
f 3925/1753/3 3926/1756/3 3924/1754/3
f 3932/1754/2 3934/1756/2 3933/1753/2
f 3927/1755/4 3928/1757/4 3926/1756/4
f 3934/1756/2 3936/1757/2 3935/1755/2
f 3922/1751/5 3930/1751/5 3929/1752/5
f 3927/1755/6 3935/1755/6 3936/1757/6
f 3929/1752/7 3931/1750/7 3923/1750/7
f 3924/1754/8 3932/1754/8 3930/1751/8
f 3931/1750/7 3933/1753/7 3925/1753/7
f 3934/1756/8 3932/1754/8 3924/1754/8
f 3925/1753/7 3933/1753/7 3935/1755/7
f 3936/1757/8 3934/1756/8 3926/1756/8
f 3939/1758/1 3940/1762/1 3938/1759/1
f 3946/1759/2 3948/1762/2 3947/1758/2
f 3941/1761/3 3942/1764/3 3940/1762/3
f 3948/1762/2 3950/1764/2 3949/1761/2
f 3943/1763/4 3944/1765/4 3942/1764/4
f 3950/1764/2 3952/1765/2 3951/1763/2
f 3938/1759/5 3946/1759/5 3945/1760/5
f 3943/1763/6 3951/1763/6 3952/1765/6
f 3945/1760/7 3947/1758/7 3939/1758/7
f 3940/1762/8 3948/1762/8 3946/1759/8
f 3947/1758/7 3949/1761/7 3941/1761/7
f 3950/1764/8 3948/1762/8 3940/1762/8
f 3941/1761/7 3949/1761/7 3951/1763/7
f 3952/1765/8 3950/1764/8 3942/1764/8
f 3955/1766/1 3956/1770/1 3954/1767/1
f 3962/1767/2 3964/1770/2 3963/1766/2
f 3957/1769/3 3958/1772/3 3956/1770/3
f 3964/1770/2 3966/1772/2 3965/1769/2
f 3959/1771/4 3960/1773/4 3958/1772/4
f 3966/1772/2 3968/1773/2 3967/1771/2
f 3954/1767/5 3962/1767/5 3961/1768/5
f 3959/1771/6 3967/1771/6 3968/1773/6
f 3961/1768/7 3963/1766/7 3955/1766/7
f 3956/1770/8 3964/1770/8 3962/1767/8
f 3963/1766/7 3965/1769/7 3957/1769/7
f 3966/1772/8 3964/1770/8 3956/1770/8
f 3957/1769/7 3965/1769/7 3967/1771/7
f 3968/1773/8 3966/1772/8 3958/1772/8
f 3971/696/1 3972/1775/1 3970/1774/1
f 3978/1774/2 3980/1775/2 3979/696/2
f 3973/902/3 3974/1776/3 3972/1775/3
f 3980/1775/2 3982/1776/2 3981/902/2
f 3975/701/4 3976/1777/4 3974/1776/4
f 3982/1776/2 3984/1777/2 3983/701/2
f 3970/1774/5 3978/1774/5 3977/1224/5
f 3975/701/6 3983/701/6 3984/1777/6
f 3977/1224/7 3979/696/7 3971/696/7
f 3972/1775/8 3980/1775/8 3978/1774/8
f 3979/696/7 3981/902/7 3973/902/7
f 3982/1776/8 3980/1775/8 3972/1775/8
f 3973/902/7 3981/902/7 3983/701/7
f 3984/1777/8 3982/1776/8 3974/1776/8
f 3987/1778/1 3988/1782/1 3986/1779/1
f 3994/1779/2 3996/1782/2 3995/1778/2
f 3989/1781/3 3990/1784/3 3988/1782/3
f 3996/1782/2 3998/1784/2 3997/1781/2
f 3991/1783/4 3992/1785/4 3990/1784/4
f 3998/1784/2 4000/1785/2 3999/1783/2
f 3986/1779/5 3994/1779/5 3993/1780/5
f 3991/1783/6 3999/1783/6 4000/1785/6
f 3993/1780/7 3995/1778/7 3987/1778/7
f 3988/1782/8 3996/1782/8 3994/1779/8
f 3995/1778/7 3997/1781/7 3989/1781/7
f 3998/1784/8 3996/1782/8 3988/1782/8
f 3989/1781/7 3997/1781/7 3999/1783/7
f 4000/1785/8 3998/1784/8 3990/1784/8
f 4003/1786/1 4004/1790/1 4002/1787/1
f 4010/1787/2 4012/1790/2 4011/1786/2
f 4005/1789/3 4006/1792/3 4004/1790/3
f 4012/1790/2 4014/1792/2 4013/1789/2
f 4007/1791/4 4008/1793/4 4006/1792/4
f 4014/1792/2 4016/1793/2 4015/1791/2
f 4002/1787/5 4010/1787/5 4009/1788/5
f 4007/1791/6 4015/1791/6 4016/1793/6
f 4009/1788/7 4011/1786/7 4003/1786/7
f 4004/1790/8 4012/1790/8 4010/1787/8
f 4011/1786/7 4013/1789/7 4005/1789/7
f 4014/1792/8 4012/1790/8 4004/1790/8
f 4005/1789/7 4013/1789/7 4015/1791/7
f 4016/1793/8 4014/1792/8 4006/1792/8
f 4019/1794/1 4020/1798/1 4018/1795/1
f 4026/1795/2 4028/1798/2 4027/1794/2
f 4021/1797/3 4022/1800/3 4020/1798/3
f 4028/1798/2 4030/1800/2 4029/1797/2
f 4023/1799/4 4024/1801/4 4022/1800/4
f 4030/1800/2 4032/1801/2 4031/1799/2
f 4018/1795/5 4026/1795/5 4025/1796/5
f 4023/1799/6 4031/1799/6 4032/1801/6
f 4025/1796/7 4027/1794/7 4019/1794/7
f 4020/1798/8 4028/1798/8 4026/1795/8
f 4027/1794/7 4029/1797/7 4021/1797/7
f 4030/1800/8 4028/1798/8 4020/1798/8
f 4021/1797/7 4029/1797/7 4031/1799/7
f 4032/1801/8 4030/1800/8 4022/1800/8
f 4035/1802/1 4036/724/1 4034/1245/1
f 4042/1245/2 4044/724/2 4043/1802/2
f 4037/1804/3 4038/934/3 4036/724/3
f 4044/724/2 4046/934/2 4045/1804/2
f 4039/1805/4 4040/727/4 4038/934/4
f 4046/934/2 4048/727/2 4047/1805/2
f 4034/1245/5 4042/1245/5 4041/1803/5
f 4039/1805/6 4047/1805/6 4048/727/6
f 4041/1803/7 4043/1802/7 4035/1802/7
f 4036/724/8 4044/724/8 4042/1245/8
f 4043/1802/7 4045/1804/7 4037/1804/7
f 4046/934/8 4044/724/8 4036/724/8
f 4037/1804/7 4045/1804/7 4047/1805/7
f 4048/727/8 4046/934/8 4038/934/8
